ID,DATE,Month,Day of week,Crash Time,Crash Severity,Number of Vehicles,Total Nonfatal Injuries,Total Fatal Injuries,Manner of Collision,Vehicle Action Prior to Crash,Vehicle Travel Directions,Road Surface Condition,Ambient Light,Weather Condition,PRCP,SNOW,TMAX,TMIN,Ice,Longtitute,Latitute
1,1/1/2002,January,Tuesday,12:00,0,2,0,0,Rear-end,V1: Turning left / V2: Travelling straight ahead,V1: N  / V2: N,Dry,Daylight,Clear,0,0,36,13,TRUE,41.94861042,-71.27758702
2,1/2/2002,January,Wednesday,4:26,1,2,0,0,Angle,V1: Turning left / V2: Travelling straight ahead,V1: W  / V2: E,Dry,Dusk,Clear,0,0,39,19,TRUE,41.93268269,-71.29622047
3,1/2/2002,January,Wednesday,5:10,1,1,0,0,Angle,V1: Slowing or stopped in traffic,V1: W,Wet,Dark - lighted roadway,Rain,0,0,39,19,TRUE,41.9483337,-71.27794679
4,1/2/2002,January,Wednesday,7:20,2,1,1,0,Single vehicle crash,V1: Travelling straight ahead,V1: N,Dry,Daylight,Clear,0,0,39,19,TRUE,41.93122867,-71.26031614
5,1/2/2002,January,Wednesday,11:10,0,1,0,0,Single vehicle crash,V1: Backing,V1: W,Dry,Daylight,Clear,0,0,39,19,TRUE,41.93821835,-71.29107975
6,1/2/2002,January,Wednesday,11:55,1,1,0,0,Single vehicle crash,V1: Travelling straight ahead,V1: S,Dry,Daylight,Rain,0,0,39,19,TRUE,34.24438675,-73.6513909
7,1/2/2002,January,Wednesday,17:55,2,2,1,0,Rear-end,V1: Travelling straight ahead / V2: Travelling straight ahead,V1: S  / V2: 0,Dry,Dark - lighted roadway,Clear,0,0,39,19,TRUE,34.24438675,-73.6513909
8,1/2/2002,January,Wednesday,20:00,0,1,0,0,Rear-end,V1: Travelling straight ahead,V1: N,Dry,Dark - roadway not lighted,Clear,0,0,39,19,TRUE,34.24438675,-73.6513909
9,1/3/2002,January,Thursday,9:35,2,1,2,0,Single vehicle crash,V1: Travelling straight ahead,V1: N,Dry,Daylight,Clear,0,0,38,22,TRUE,41.9226456,-71.29240368
10,1/3/2002,January,Thursday,16:37,0,2,0,0,Angle,V1: Entering traffic lane / V2: Slowing or stopped in traffic,V1: N  / V2: N,Dry,Dusk,Clear,0,0,38,22,TRUE,41.94313451,-71.27152156
11,1/3/2002,January,Thursday,18:30,0,2,0,0,Single vehicle crash,V1: Travelling straight ahead / V2: Turning left,V1: W  / V2: 0,Dry,Dark - lighted roadway,Clear,0,0,38,22,TRUE,34.24438675,-73.6513909
12,1/4/2002,January,Friday,8:20,1,2,0,0,Rear-end,V1: Slowing or stopped in traffic / V2: Slowing or stopped in traffic,V1: E  / V2: E,Dry,Daylight,Clear,0,0,36,16,TRUE,41.91035947,-71.36314658
13,1/4/2002,January,Friday,8:56,1,2,0,0,Angle,V1: Entering traffic lane / V2: Travelling straight ahead,V1: E  / V2: S,Dry,Daylight,Clear,0,0,36,16,TRUE,41.94625923,-71.28694634
14,1/4/2002,January,Friday,9:03,1,2,0,0,Rear-end,V1: Slowing or stopped in traffic / V2: Travelling straight ahead,V1: N  / V2: N,Dry,Daylight,Clear,0,0,36,16,TRUE,41.94666472,-71.28742757
15,1/4/2002,January,Friday,12:24,0,2,0,0,Angle,V1: Turning left / V2: Travelling straight ahead,V1: W  / V2: S,Dry,Daylight,Clear,0,0,36,16,TRUE,34.24438675,-73.6513909
16,1/4/2002,January,Friday,12:26,2,2,1,0,Rear-end,V1: Slowing or stopped in traffic / V2: Travelling straight ahead,V1: W  / V2: W,Dry,Daylight,Clear,0,0,36,16,TRUE,41.94586371,-71.28073807
17,1/4/2002,January,Friday,14:20,1,2,0,0,Angle,V1: Travelling straight ahead / V2: Turning left,V1: S  / V2: N,Dry,Daylight,Clear,0,0,36,16,TRUE,41.91568377,-71.35895878
18,1/4/2002,January,Friday,18:30,0,3,0,0,Rear-end,V1: Turning left / V2: 0 / V3: Travelling straight ahead,V1: S  / V3: S,Dry,Dark - lighted roadway,Clear,0,0,36,16,TRUE,34.24438675,-73.6513909
19,1/5/2002,January,Saturday,11:54,0,2,0,0,Angle,V1: Turning right / V2: Travelling straight ahead,V1: N  / V2: W,Dry,Dark - lighted roadway,Clear,0,0,43,26,TRUE,41.95076301,-71.27397064
20,1/5/2002,January,Saturday,17:01,0,2,0,0,"Sideswipe, same direction",V1: Changing lanes / V2: Travelling straight ahead,V1: N  / V2: N,Dry,Dark - lighted roadway,Clear,0,0,43,26,TRUE,41.90998013,-71.35802082
21,1/6/2002,January,Sunday,14:37,1,2,0,0,0,V1: Slowing or stopped in traffic / V2: Travelling straight ahead,V1: N  / V2: N,Wet,Daylight,Cloudy/Rain,0.49,0,46,28,TRUE,41.92698472,-71.35514936
22,1/6/2002,January,Sunday,16:30,1,2,0,0,Rear-end,V1: Slowing or stopped in traffic / V2: 0,V1: N  / V2: 0,Dry,Dark - lighted roadway,Cloudy,0.49,0,46,28,TRUE,41.93623387,-71.28481203
23,1/7/2002,January,Monday,11:07,1,2,0,0,Rear-end,V1: Slowing or stopped in traffic / V2: 0,V1: S  / V2: 0,Wet,Daylight,Cloudy/Rain,0.36,2.8,48,28,TRUE,41.94471837,-71.28286054
24,1/7/2002,January,Monday,14:14,2,2,1,0,Rear-end,V1: Travelling straight ahead / V2: Slowing or stopped in traffic,V1: W  / V2: W,Wet,Daylight,Rain,0.36,2.8,48,28,TRUE,41.94290043,-71.28636176
25,1/7/2002,January,Monday,17:30,2,2,1,0,"Sideswipe, same direction",V1: Travelling straight ahead / V2: Travelling straight ahead,V1: S  / V2: S,Ice,Dark - 0 roadway lighting,Snow,0.36,2.8,48,28,TRUE,41.93727492,-71.31707458
26,1/7/2002,January,Monday,18:06,1,2,0,0,Angle,V1: Changing lanes / V2: Overtaking/passing,V1: S  / V2: S,Snow,Dark - lighted roadway,Snow,0.36,2.8,48,28,TRUE,34.24438675,-73.6513909
27,1/7/2002,January,Monday,20:30,1,1,0,0,Single vehicle crash,V1: Travelling straight ahead,V1: W,Snow,Dark - lighted roadway,Snow,0.36,2.8,48,28,TRUE,41.94396388,-71.30988659
28,1/7/2002,January,Monday,22:34,0,1,0,0,Single vehicle crash,V1: Travelling straight ahead,V1: S,Wet,Dark - lighted roadway,Rain,0.36,2.8,48,28,TRUE,41.92117688,-71.29679853
29,1/8/2002,January,Tuesday,0:22,1,1,0,0,Single vehicle crash,V1: Travelling straight ahead,V1: W,Snow,Dark - lighted roadway,Snow,0.01,0.1,36,19,TRUE,42.02619387,-71.23822749
30,1/8/2002,January,Tuesday,9:00,2,1,1,0,Single vehicle crash,V1: Travelling straight ahead,V1: S,Wet,Daylight,Snow,0.01,0.1,36,19,TRUE,41.97324084,-71.29531631
31,1/8/2002,January,Tuesday,9:54,1,2,0,0,Rear-end,V1: Slowing or stopped in traffic / V2: Slowing or stopped in traffic,V1: S  / V2: N,Slush,Daylight,Clear,0.01,0.1,36,19,TRUE,41.89972564,-71.35520786
32,1/8/2002,January,Tuesday,14:45,0,2,0,0,Angle,V1: Slowing or stopped in traffic / V2: Travelling straight ahead,V1: W  / V2: N,"Sand, mud, dirt, oil, gravel",Daylight,Clear,0.01,0.1,36,19,TRUE,41.95484304,-71.28856385
33,1/8/2002,January,Tuesday,14:57,0,2,0,0,Angle,V1: Travelling straight ahead / V2: Travelling straight ahead,V1: E  / V2: N,Dry,Daylight,Clear,0.01,0.1,36,19,TRUE,41.93269195,-71.32821357
34,1/8/2002,January,Tuesday,15:34,0,2,0,0,Angle,V1: Turning left / V2: Travelling straight ahead,V1: S  / V2: E,Dry,Daylight,Clear,0.01,0.1,36,19,TRUE,41.93406554,-71.30574057
35,1/9/2002,January,Wednesday,5:10,1,2,0,0,Rear-end,V1: Slowing or stopped in traffic / V2: Travelling straight ahead,V1: S  / V2: S,Wet,Dark - lighted roadway,Rain,0.01,0,40,27,TRUE,41.97324084,-71.29531631
36,1/9/2002,January,Wednesday,6:49,1,2,0,0,"Sideswipe, opposite direction",V1: Travelling straight ahead / V2: Travelling straight ahead,V1: S  / V2: N,"Sand, mud, dirt, oil, gravel",Dawn,Clear,0.01,0,40,27,TRUE,41.9351538,-71.27720242
37,1/9/2002,January,Wednesday,7:15,2,2,1,0,Rear-end,V1: Travelling straight ahead / V2: Slowing or stopped in traffic,V1: W  / V2: W,Dry,Daylight,Cloudy,0.01,0,40,27,TRUE,41.9348634,-71.29887283
38,1/9/2002,January,Wednesday,12:05,1,2,0,0,Angle,V1: Turning left / V2: Travelling straight ahead,V1: S  / V2: N,Dry,Daylight,Cloudy,0.01,0,40,27,TRUE,41.92508738,-71.35628348
39,1/9/2002,January,Wednesday,15:30,1,2,0,0,"Sideswipe, opposite direction",V1: Turning left / V2: Travelling straight ahead,V1: S  / V2: W,Dry,Daylight,Clear,0.01,0,40,27,TRUE,34.24438675,-73.6513909
40,1/9/2002,January,Wednesday,16:25,1,2,0,0,Angle,V1: Travelling straight ahead / V2: Travelling straight ahead,V1: S  / V2: W,Wet,Dusk,Cloudy,0.01,0,40,27,TRUE,41.94121777,-71.2768631
41,1/9/2002,January,Wednesday,16:50,0,1,0,0,0,V1: Slowing or stopped in traffic,V1: W,Dry,Dusk,Clear,0.01,0,40,27,TRUE,41.9483337,-71.27794679
42,1/9/2002,January,Wednesday,17:00,1,2,0,0,Angle,V1: Turning right / V2: Travelling straight ahead,V1: N  / V2: N,Wet,Dark - lighted roadway,Rain,0.01,0,40,27,TRUE,41.92953132,-71.29739254
43,1/11/2002,January,Friday,5:00,2,2,3,0,Rear-end,V1: Travelling straight ahead / V2: Travelling straight ahead,V1: S  / V2: S,Dry,Dark - roadway not lighted,Cloudy,0.27,0,40,34,FALSE,41.93309921,-71.3205767
44,1/11/2002,January,Friday,5:05,2,2,1,0,Rear-end,V1: Travelling straight ahead / V2: Travelling straight ahead,V1: S  / V2: S,Dry,Dark - roadway not lighted,Clear,0.27,0,40,34,FALSE,42.23425284,-71.19279745
45,1/11/2002,January,Friday,10:11,1,3,0,0,Rear-end,V1: Travelling straight ahead / V2: Parked / V3: Parked,V1: W  / V2: 0 / V3: 0,Ice,Dark - lighted roadway,Cloudy,0.27,0,40,34,FALSE,41.94066438,-71.28948653
46,1/11/2002,January,Friday,13:03,1,2,0,0,Angle,V1: Turning left / V2: Travelling straight ahead,V1: S  / V2: W,Wet,Daylight,Rain,0.27,0,40,34,FALSE,41.96939377,-71.29355357
47,1/11/2002,January,Friday,16:00,0,2,0,0,Rear-end,V1: Slowing or stopped in traffic / V2: 0,V1: W  / V2: 0,Wet,Daylight,Cloudy,0.27,0,40,34,FALSE,41.92014284,-71.35719783
48,1/11/2002,January,Friday,19:40,2,1,1,0,Single vehicle crash,V1: Turning left,V1: N,Ice,Dark - lighted roadway,Cloudy,0.27,0,40,34,FALSE,41.93519151,-71.32895367
49,1/12/2002,January,Saturday,9:50,1,2,0,0,Angle,V1: Slowing or stopped in traffic / V2: Travelling straight ahead,V1: N  / V2: E,Wet,Daylight,Cloudy,0,0,44,31,TRUE,41.93524005,-71.27513601
50,1/12/2002,January,Saturday,13:45,1,1,0,0,Single vehicle crash,V1: 0,V1: N,Dry,Daylight,Cloudy,0,0,44,31,TRUE,41.92142113,-71.26233552
51,1/12/2002,January,Saturday,19:40,2,2,1,0,Rear-end,V1: Slowing or stopped in traffic / V2: Backing,V1: N  / V2: S,Wet,Dark - lighted roadway,Clear,0,0,44,31,TRUE,41.94470433,-71.2812252
52,1/13/2002,January,Sunday,5:36,2,1,1,0,Single vehicle crash,V1: Travelling straight ahead,V1: E,Wet,Dark - lighted roadway,Rain,1,1.2,40,30,TRUE,41.93150481,-71.33366365
53,1/13/2002,January,Sunday,7:30,2,1,1,0,Single vehicle crash,V1: Travelling straight ahead,V1: N,Wet,Dawn,Snow,1,1.2,40,30,TRUE,34.24438675,-73.6513909
54,1/13/2002,January,Sunday,11:15,1,1,0,0,Rear-end,V1: Travelling straight ahead,V1: 0,Dry,Daylight,Snow,1,1.2,40,30,TRUE,41.92449492,-71.32136924
55,1/13/2002,January,Sunday,12:00,0,2,0,0,"Sideswipe, opposite direction",V1: Travelling straight ahead / V2: Travelling straight ahead,V1: S  / V2: N,Slush,Daylight,Cloudy/Rain,1,1.2,40,30,TRUE,41.92045419,-71.35830053
56,1/13/2002,January,Sunday,12:52,0,2,0,0,Single vehicle crash,V1: Overtaking/passing / V2: Turning left,V1: N  / V2: N,0,Daylight,Cloudy/Rain,1,1.2,40,30,TRUE,41.90565961,-71.35666402
57,1/13/2002,January,Sunday,13:26,0,2,0,0,Rear-end,V1: Travelling straight ahead / V2: Slowing or stopped in traffic,V1: N  / V2: N,Slush,Daylight,Rain,1,1.2,40,30,TRUE,41.90565961,-71.35666401
58,1/14/2002,January,Monday,3:45,2,2,1,0,Rear-end,V1: Turning right / V2: 0,V1: 0 / V2: 0,Dry,Daylight,Clear,0,0,40,29,TRUE,41.94249096,-71.24965614
59,1/14/2002,January,Monday,14:30,0,2,0,0,Angle,V1: Entering traffic lane / V2: Travelling straight ahead,V1: E  / V2: S,Dry,Daylight,Clear,0,0,40,29,TRUE,41.96643836,-71.29074265
60,1/14/2002,January,Monday,14:50,1,2,0,0,0,V1: Backing / V2: Travelling straight ahead,V1: E  / V2: E,Wet,Daylight,Clear,0,0,40,29,TRUE,34.24438675,-73.6513909
61,1/14/2002,January,Monday,17:15,1,2,0,0,Angle,V1: Turning left / V2: Travelling straight ahead,V1: N  / V2: S,Dry,Dark - lighted roadway,Clear,0,0,40,29,TRUE,41.91035947,-71.36314658
62,1/15/2002,January,Tuesday,7:40,0,2,0,0,"Sideswipe, same direction",V1: Travelling straight ahead / V2: Slowing or stopped in traffic,V1: S  / V2: S,Dry,Daylight,Clear,0.15,0,37,32,TRUE,41.93505312,-71.29860583
63,1/15/2002,January,Tuesday,12:03,2,2,1,0,Rear-end,V1: Slowing or stopped in traffic / V2: Travelling straight ahead,V1: N  / V2: N,Dry,Daylight,Clear,0.15,0,37,32,TRUE,34.24438675,-73.6513909
64,1/15/2002,January,Tuesday,17:21,1,2,0,0,Angle,V1: Travelling straight ahead / V2: Turning left,V1: N  / V2: W,Wet,Dark - lighted roadway,Clear,0.15,0,37,32,TRUE,41.95568257,-71.28823954
65,1/15/2002,January,Tuesday,18:00,2,3,1,0,Rear-end,V1: Travelling straight ahead / V2: Slowing or stopped in traffic / V3: Slowing or stopped in traffic,V1: S  / V2: S  / V3: S,Wet,Dark - lighted roadway,Clear,0.15,0,37,32,TRUE,41.93947481,-71.29115342
66,1/15/2002,January,Tuesday,19:01,2,2,2,0,Rear-end,V1: Turning right / V2: Travelling straight ahead,V1: E  / V2: S,Dry,Dark - lighted roadway,Cloudy,0.15,0,37,32,TRUE,41.89903243,-71.355186
67,1/16/2002,January,Wednesday,10:20,1,2,0,0,Angle,V1: Slowing or stopped in traffic / V2: Travelling straight ahead,V1: N  / V2: W,Dry,Daylight,Clear,0,0,42,30,TRUE,41.94430701,-71.30913523
68,1/16/2002,January,Wednesday,11:50,0,2,0,0,Rear-end,V1: Travelling straight ahead / V2: Travelling straight ahead,V1: N  / V2: N,Dry,Daylight,Fog,0,0,42,30,TRUE,41.91619723,-71.35885587
69,1/16/2002,January,Wednesday,13:20,0,2,0,0,Angle,V1: Entering traffic lane / V2: Travelling straight ahead,V1: W  / V2: N,Dry,Daylight,Clear,0,0,42,30,TRUE,41.91982212,-71.35857678
70,1/17/2002,January,Thursday,8:50,1,2,0,0,Angle,V1: Other / V2: Travelling straight ahead,V1: N  / V2: E,Snow,Daylight,Snow,0.06,0.9,43,28,TRUE,41.912574,-71.27389624
71,1/17/2002,January,Thursday,14:45,0,2,0,0,Angle,V1: Turning left / V2: Travelling straight ahead,V1: E  / V2: E,Dry,Daylight,Clear,0.06,0.9,43,28,TRUE,41.9348634,-71.29887283
72,1/17/2002,January,Thursday,19:10,0,1,0,0,Rear-end,V1: Slowing or stopped in traffic,V1: N,Wet,Dark - lighted roadway,Clear,0.06,0.9,43,28,TRUE,41.91982212,-71.35857678
73,1/17/2002,January,Thursday,19:30,0,2,0,0,"Sideswipe, same direction",V1: Turning left / V2: Turning right,V1: N  / V2: N,Dry,Dark - lighted roadway,Clear,0.06,0.9,43,28,TRUE,41.91982212,-71.35857678
74,1/17/2002,January,Thursday,20:45,2,2,1,0,Angle,V1: Backing / V2: Travelling straight ahead,V1: E  / V2: 0,Dry,Dark - roadway not lighted,Clear,0.06,0.9,43,28,TRUE,41.90655598,-71.37530131
75,1/18/2002,January,Friday,10:30,1,2,0,0,Rear-end,V1: Slowing or stopped in traffic / V2: Slowing or stopped in traffic,V1: S  / V2: 0,Dry,Daylight,Clear,0,0,38,25,TRUE,34.24438675,-73.6513909
76,1/18/2002,January,Friday,12:26,1,2,0,0,0,V1: Travelling straight ahead / V2: Travelling straight ahead,V1: S  / V2: E,Dry,Daylight,Clear,0,0,38,25,TRUE,41.92241545,-71.31336866
77,1/18/2002,January,Friday,18:00,2,2,1,0,0,V1: Travelling straight ahead / V2: Entering traffic lane,V1: 0 / V2: 0,Dry,Dark - lighted roadway,Clear,0,0,38,25,TRUE,34.24438675,-73.6513909
78,1/18/2002,January,Friday,18:00,2,2,1,0,Rear-end,V1: Slowing or stopped in traffic / V2: Travelling straight ahead,V1: N  / V2: N,Dry,Dark - roadway not lighted,Clear,0,0,38,25,TRUE,42.02658345,-71.25652908
79,1/18/2002,January,Friday,21:10,1,1,0,0,Single vehicle crash,V1: Travelling straight ahead,V1: N,Snow,Dark - lighted roadway,Snow,0,0,38,25,TRUE,41.96280858,-71.28846286
80,1/18/2002,January,Friday,23:40,2,1,1,0,0,V1: Travelling straight ahead,V1: S,Dry,Dark - roadway not lighted,Clear,0,0,38,25,TRUE,41.93409055,-71.31679409
81,1/19/2002,January,Saturday,15:30,2,2,1,0,Rear-end,V1: Entering traffic lane / V2: Slowing or stopped in traffic,V1: E  / V2: E,Dry,Daylight,Cloudy,0.26,3.1,29,20,TRUE,41.89903243,-71.355186
82,1/19/2002,January,Saturday,17:45,0,2,0,0,Angle,V1: Slowing or stopped in traffic / V2: Travelling straight ahead,V1: W  / V2: N,Snow,Dawn,Snow,0.26,3.1,29,20,TRUE,41.9128314,-71.36189012
83,1/19/2002,January,Saturday,18:45,0,1,0,0,Single vehicle crash,V1: Travelling straight ahead,V1: S,Snow,Dark - roadway not lighted,Snow,0.26,3.1,29,20,TRUE,41.92583732,-71.22412616
84,1/19/2002,January,Saturday,23:00,0,1,0,0,Rear-end,V1: Travelling straight ahead,V1: S,Snow,Dark - 0 roadway lighting,Snow,0.26,3.1,29,20,TRUE,41.95234013,-71.29601132
85,1/20/2002,January,Sunday,0:09,1,2,0,0,"Sideswipe, opposite direction",V1: Travelling straight ahead / V2: Travelling straight ahead,V1: S  / V2: N,Snow,Dark - lighted roadway,Snow,0.16,1.6,39,19,TRUE,41.92960655,-71.30261899
86,1/20/2002,January,Sunday,2:00,2,1,1,0,Single vehicle crash,V1: Travelling straight ahead,V1: N,Snow,Dark - lighted roadway,Snow,0.16,1.6,39,19,TRUE,34.24438675,-73.6513909
87,1/20/2002,January,Sunday,5:00,0,2,0,0,0,V1: Backing / V2: Parked,V1: 0 / V2: 0,Snow,Dark - roadway not lighted,Snow,0.16,1.6,39,19,TRUE,34.24438675,-73.6513909
88,1/20/2002,January,Sunday,16:42,0,2,0,0,Rear-end,V1: 0 / V2: 0,V1: 0 / V2: 0,Wet,Daylight,Cloudy,0.16,1.6,39,19,TRUE,41.93623387,-71.28481203
89,1/20/2002,January,Sunday,16:42,2,2,1,0,Rear-end,V1: Slowing or stopped in traffic / V2: Slowing or stopped in traffic,V1: S  / V2: S,Wet,Daylight,Cloudy,0.16,1.6,39,19,TRUE,41.93623387,-71.28481203
90,1/20/2002,January,Sunday,21:00,2,2,1,0,Angle,V1: Making U-turn / V2: Travelling straight ahead,V1: N  / V2: N,Wet,Dark - lighted roadway,Clear,0.16,1.6,39,19,TRUE,34.24438675,-73.6513909
91,1/21/2002,January,Monday,7:35,2,2,1,0,Angle,V1: Travelling straight ahead / V2: Travelling straight ahead,V1: W  / V2: W,Ice,Dark - lighted roadway,Rain,0.31,0,35,18,TRUE,41.93358571,-71.32352844
92,1/21/2002,January,Monday,13:05,1,2,0,0,Rear-end,V1: Travelling straight ahead / V2: Slowing or stopped in traffic,V1: 0 / V2: 0,0,Daylight,Clear,0.31,0,35,18,TRUE,41.9295561,-71.3026714
93,1/21/2002,January,Monday,14:30,1,2,0,0,Angle,V1: Entering traffic lane / V2: 0,V1: S  / V2: W,Wet,Daylight,Rain,0.31,0,35,18,TRUE,41.93549621,-71.27895129
94,1/21/2002,January,Monday,15:17,1,1,0,0,0,V1: Travelling straight ahead,V1: E,Ice,Daylight,Rain,0.31,0,35,18,TRUE,34.24438675,-73.6513909
95,1/21/2002,January,Monday,15:47,1,2,0,0,Angle,V1: Travelling straight ahead / V2: Travelling straight ahead,V1: W  / V2: W,Wet,Dusk,Cloudy/Rain,0.31,0,35,18,TRUE,41.93405012,-71.31579284
96,1/21/2002,January,Monday,18:48,2,1,1,0,Single vehicle crash,V1: Travelling straight ahead,V1: 0,Ice,Dark - roadway not lighted,Rain,0.31,0,35,18,TRUE,41.92472661,-71.25971871
97,1/21/2002,January,Monday,18:55,0,1,0,0,Single vehicle crash,V1: Travelling straight ahead,V1: E,Ice,Dark - lighted roadway,Rain,0.31,0,35,18,TRUE,41.92014284,-71.35719783
98,1/22/2002,January,Tuesday,12:00,1,2,0,0,Angle,V1: Entering traffic lane / V2: 0,V1: S  / V2: W,Dry,Daylight,Cloudy,0,0,45,25,TRUE,41.91982212,-71.35857678
99,1/22/2002,January,Tuesday,13:20,2,2,1,0,0,V1: Turning left / V2: Travelling straight ahead,V1: E  / V2: W,Dry,Daylight,Clear,0,0,45,25,TRUE,41.95395992,-71.28274651
100,1/22/2002,January,Tuesday,13:20,1,2,0,0,Angle,V1: Turning left / V2: Travelling straight ahead,V1: W  / V2: S,Dry,Daylight,Clear,0,0,45,25,TRUE,41.95395992,-71.28274651
101,1/22/2002,January,Tuesday,14:05,1,2,0,0,Rear-end,V1: Travelling straight ahead / V2: Slowing or stopped in traffic,V1: N  / V2: N,Dry,Daylight,Clear,0,0,45,25,TRUE,34.24438675,-73.6513909
102,1/23/2002,January,Wednesday,10:34,2,3,3,0,Angle,V1: Other / V2: Travelling straight ahead / V3: Slowing or stopped in traffic,V1: S  / V2: W  / V3: E,Dry,Daylight,Clear,0,0,52,25,TRUE,34.24438675,-73.6513909
103,1/23/2002,January,Wednesday,14:47,0,2,0,0,Angle,V1: Travelling straight ahead / V2: Travelling straight ahead,V1: S  / V2: E,Wet,Daylight,Cloudy,0,0,52,25,TRUE,41.93102622,-71.31343932
104,1/23/2002,January,Wednesday,19:04,2,1,1,0,0,V1: Slowing or stopped in traffic,V1: W,Dry,Dark - lighted roadway,Clear,0,0,52,25,TRUE,41.94292045,-71.27681606
105,1/23/2002,January,Wednesday,20:47,2,2,1,0,Angle,V1: Travelling straight ahead / V2: Turning left,V1: S  / V2: N,Wet,Dark - lighted roadway,Cloudy,0,0,52,25,TRUE,41.91194929,-71.36233897
106,1/25/2002,January,Friday,9:10,0,2,0,0,Rear-end,V1: 0 / V2: 0,V1: 0 / V2: 0,Dry,Daylight,Clear,0,0,46,29,TRUE,41.92508738,-71.35628348
107,1/25/2002,January,Friday,9:22,2,2,2,0,Angle,V1: Entering traffic lane / V2: Travelling straight ahead,V1: W  / V2: N,Dry,Daylight,Clear,0,0,46,29,TRUE,41.93742983,-71.26519759
108,1/25/2002,January,Friday,15:03,2,2,1,0,Rear-end,V1: Entering traffic lane / V2: Travelling straight ahead,V1: N  / V2: N,Dry,Daylight,Clear,0,0,46,29,TRUE,41.90242714,-71.35558229
109,1/26/2002,January,Saturday,12:09,2,2,1,0,Angle,V1: Making U-turn / V2: Travelling straight ahead,V1: N  / V2: N,Dry,Daylight,Clear,0,0,53,33,FALSE,41.90559203,-71.35664821
110,1/26/2002,January,Saturday,12:10,0,2,0,0,Angle,V1: Travelling straight ahead / V2: Travelling straight ahead,V1: W  / V2: S,Dry,Daylight,Cloudy,0,0,53,33,FALSE,41.91406937,-71.36126683
111,1/26/2002,January,Saturday,17:08,2,2,1,0,Rear-end,V1: Entering traffic lane / V2: Entering traffic lane,V1: N  / V2: N,Dry,Dusk,Clear,0,0,53,33,FALSE,41.90158429,-71.35565633
112,1/27/2002,January,Sunday,9:00,2,1,1,0,Single vehicle crash,V1: Travelling straight ahead,V1: 0,Snow,Daylight,Snow,0,0,58,25,TRUE,41.93724671,-71.2561877
113,1/27/2002,January,Sunday,13:10,2,2,2,0,Single vehicle crash,V1: Travelling straight ahead / V2: Travelling straight ahead,V1: N  / V2: N,Dry,Daylight,Clear,0,0,58,25,TRUE,41.93107195,-71.35297446
114,1/27/2002,January,Sunday,16:11,2,1,1,0,0,V1: Travelling straight ahead,V1: S,Dry,Daylight,Clear,0,0,58,25,TRUE,34.24438675,-73.6513909
115,1/27/2002,January,Sunday,20:57,1,2,0,0,Angle,V1: Backing / V2: Travelling straight ahead,V1: N  / V2: 0,Dry,Dark - 0 roadway lighting,Clear,0,0,58,25,TRUE,41.93868299,-71.24422052
116,1/28/2002,January,Monday,15:50,2,2,2,0,Rear-end,V1: Travelling straight ahead / V2: Slowing or stopped in traffic,V1: S  / V2: 0,Dry,Daylight,Clear,0,0,59,25,TRUE,41.89733197,-71.36979234
117,1/28/2002,January,Monday,21:00,1,2,0,0,"Sideswipe, opposite direction",V1: Travelling straight ahead / V2: Travelling straight ahead,V1: E  / V2: W,Dry,Dark - lighted roadway,Clear,0,0,59,25,TRUE,41.93152244,-71.29127014
118,1/29/2002,January,Tuesday,12:10,0,2,0,0,Angle,V1: 0 / V2: Parked,V1: 0 / V2: W,Dry,Daylight,Clear,0,0,70,31,TRUE,34.24438675,-73.6513909
119,1/30/2002,January,Wednesday,1:50,2,1,1,0,Single vehicle crash,V1: Other,V1: N,Wet,Dark - lighted roadway,Rain,0.17,0,52,34,FALSE,41.95517492,-71.30396871
120,1/30/2002,January,Wednesday,14:15,1,2,0,0,"Sideswipe, same direction",V1: Travelling straight ahead / V2: Slowing or stopped in traffic,V1: S  / V2: S,Wet,Daylight,Cloudy,0.17,0,52,34,FALSE,41.91265287,-71.30986999
121,1/30/2002,January,Wednesday,15:20,1,2,0,0,Angle,V1: Turning left / V2: Travelling straight ahead,V1: N  / V2: S,Wet,Daylight,Cloudy/Rain,0.17,0,52,34,FALSE,41.90957074,-71.36355008
122,1/30/2002,January,Wednesday,15:30,0,2,0,0,"Sideswipe, same direction",V1: Turning right / V2: Turning right,V1: N  / V2: N,Dry,Daylight,Cloudy,0.17,0,52,34,FALSE,41.89908372,-71.35507854
123,1/30/2002,January,Wednesday,19:05,1,2,0,0,Angle,V1: Travelling straight ahead / V2: Turning left,V1: W  / V2: E,Dry,Dark - lighted roadway,Clear,0.17,0,52,34,FALSE,41.95076301,-71.27397064
124,1/30/2002,January,Wednesday,20:00,1,2,0,0,Angle,V1: Turning left / V2: Travelling straight ahead,V1: E  / V2: W,Dry,Dark - lighted roadway,Cloudy,0.17,0,52,34,FALSE,34.24438675,-73.6513909
125,1/30/2002,January,Wednesday,22:40,0,2,0,0,Angle,V1: Turning left / V2: Travelling straight ahead,V1: W  / V2: S,Dry,Dark - lighted roadway,Cloudy,0.17,0,52,34,FALSE,41.97001836,-71.2913735
126,1/30/2002,January,Wednesday,22:40,2,2,1,0,Angle,V1: Turning left / V2: Travelling straight ahead,V1: N  / V2: E,Dry,Dark - lighted roadway,Cloudy,0.17,0,52,34,FALSE,34.24438675,-73.6513909
127,1/31/2002,January,Thursday,5:20,0,2,0,0,"Sideswipe, same direction",V1: Travelling straight ahead / V2: Turning right,V1: S  / V2: S,Wet,Dark - lighted roadway,Rain,0.16,0.2,34,31,TRUE,41.89903243,-71.355186