ID,DATE,Month,Day of week,Crash Time,Crash Severity,Number of Vehicles,Total Nonfatal Injuries,Total Fatal Injuries,Manner of Collision,Vehicle Action Prior to Crash,Vehicle Travel Directions,Road Surface Condition,Ambient Light,Weather Condition,PRCP,SNOW,TMAX,TMIN,Ice,Longtitute,Latitute
128,1/31/2002,January,Thursday,7:46,1,2,0,0,Angle,V1: Travelling straight ahead / V2: Travelling straight ahead,V1: N  / V2: E,Dry,Daylight,Cloudy,0.16,0.2,34,31,TRUE,34.24438675,-73.6513909
129,1/31/2002,January,Thursday,15:17,1,1,1,0,Single vehicle crash,V1: Slowing or stopped in traffic,V1: E,Wet,Daylight,Rain,0.16,0.2,34,31,TRUE,41.95675091,-71.28790192
130,1/31/2002,January,Thursday,16:50,1,2,0,0,Rear-end,V1: Travelling straight ahead / V2: Slowing or stopped in traffic,V1: S  / V2: S,Wet,Dusk,Rain,0.16,0.2,34,31,TRUE,41.95026372,-71.2985466
131,1/31/2002,January,Thursday,17:20,0,2,0,0,"Sideswipe, same direction",V1: Travelling straight ahead / V2: Turning right,V1: S  / V2: S,Wet,Dark - lighted roadway,Rain,0.16,0.2,34,31,TRUE,41.89903243,-71.355186
132,2/1/2002,February,Friday,8:22,1,2,0,0,Angle,V1: Backing / V2: Travelling straight ahead,V1: S  / V2: W,Wet,Daylight,Rain,0.25,0,38,32,TRUE,41.93996104,-71.2724871
133,2/1/2002,February,Friday,9:00,1,2,0,0,"Sideswipe, opposite direction",V1: Turning left / V2: Turning left,V1: S  / V2: N,Wet,Daylight,Rain,0.25,0,38,32,TRUE,41.92508738,-71.35628348
134,2/1/2002,February,Friday,9:06,1,2,0,0,Angle,V1: Turning left / V2: Travelling straight ahead,V1: S  / V2: S,Wet,Daylight,Rain,0.25,0,38,32,TRUE,41.92508738,-71.35628348
135,2/1/2002,February,Friday,10:34,1,2,0,0,Angle,V1: Turning right / V2: Travelling straight ahead,V1: N  / V2: 0,Wet,Daylight,Rain,0.25,0,38,32,TRUE,41.94519466,-71.28103716
136,2/1/2002,February,Friday,16:56,0,2,0,0,Angle,V1: Slowing or stopped in traffic / V2: Slowing or stopped in traffic,V1: W  / V2: S,Wet,Dusk,Rain,0.25,0,38,32,TRUE,41.93601097,-71.28269451
137,2/1/2002,February,Friday,18:28,0,2,0,0,Angle,V1: Turning left / V2: Travelling straight ahead,V1: N  / V2: W,Wet,Dark - lighted roadway,Rain,0.25,0,38,32,TRUE,41.95077804,-71.27393366
138,2/2/2002,February,Saturday,9:45,2,2,1,0,Angle,V1: Travelling straight ahead / V2: Travelling straight ahead,V1: E  / V2: W,Dry,Dark - lighted roadway,Clear,0,0,37,18,TRUE,34.24438675,-73.6513909
139,2/2/2002,February,Saturday,17:10,0,1,0,0,Single vehicle crash,V1: Travelling straight ahead,V1: E,"Sand, mud, dirt, oil, gravel",Daylight,Clear,0,0,37,18,TRUE,34.24438675,-73.6513909
140,2/3/2002,February,Sunday,11:55,1,3,0,0,Rear-end,V1: Slowing or stopped in traffic / V2: Travelling straight ahead / V3: Travelling straight ahead,V1: N  / V2: N  / V3: N,Dry,Daylight,Clear,0,0,38,12,TRUE,41.91724364,-71.33234803
141,2/3/2002,February,Sunday,15:50,1,2,0,0,Angle,V1: Travelling straight ahead / V2: Turning left,V1: S  / V2: S,Dry,Daylight,Cloudy,0,0,38,12,TRUE,41.95180679,-71.2898592
142,2/4/2002,February,Monday,7:25,0,2,0,0,Rear-end,V1: Travelling straight ahead / V2: 0,V1: S  / V2: 0,Dry,Dark - 0 roadway lighting,Clear,0,0,43,21,TRUE,34.24438675,-73.6513909
143,2/4/2002,February,Monday,12:35,1,1,0,0,Single vehicle crash,V1: Travelling straight ahead,V1: S,Dry,Daylight,Clear,0,0,43,21,TRUE,34.24438675,-73.6513909
144,2/4/2002,February,Monday,13:10,2,2,1,0,0,V1: Slowing or stopped in traffic / V2: Travelling straight ahead,V1: N  / V2: N,Dry,Daylight,Clear,0,0,43,21,TRUE,41.89972564,-71.35520786
145,2/4/2002,February,Monday,13:20,2,2,1,0,Angle,V1: Travelling straight ahead / V2: Travelling straight ahead,V1: N  / V2: W,Dry,Daylight,Clear,0,0,43,21,TRUE,41.94121777,-71.2768631
146,2/5/2002,February,Tuesday,0:00,0,2,0,0,Rear-end,V1: Slowing or stopped in traffic / V2: Travelling straight ahead,V1: E  / V2: E,Dry,Dark - lighted roadway,Clear,0,0,32,18,TRUE,41.95076301,-71.27397064
147,2/5/2002,February,Tuesday,7:35,1,2,0,0,Angle,V1: Travelling straight ahead / V2: Travelling straight ahead,V1: S  / V2: W,Dry,Dawn,Clear,0,0,32,18,TRUE,41.93400167,-71.31333075
148,2/5/2002,February,Tuesday,8:21,1,2,0,0,Rear-end,V1: Slowing or stopped in traffic / V2: Slowing or stopped in traffic,V1: W  / V2: W,Dry,Daylight,Clear,0,0,32,18,TRUE,41.93397921,-71.30659863
149,2/5/2002,February,Tuesday,17:17,1,2,0,0,Angle,V1: Travelling straight ahead / V2: 0,V1: N  / V2: 0,Dry,Dusk,Clear,0,0,32,18,TRUE,41.9370756,-71.28238678
150,2/5/2002,February,Tuesday,19:53,0,3,0,0,Angle,V1: Slowing or stopped in traffic / V2: Travelling straight ahead / V3: Travelling straight ahead,V1: N  / V2: S  / V3: E,Dry,Dark - lighted roadway,Clear,0,0,32,18,TRUE,41.93623387,-71.28481203
151,2/6/2002,February,Wednesday,7:54,1,2,0,0,Angle,V1: Entering traffic lane / V2: Travelling straight ahead,V1: E  / V2: S,Dry,Daylight,Clear,0,0,41,17,TRUE,41.95026372,-71.2985466
152,2/6/2002,February,Wednesday,8:25,2,2,2,0,Angle,V1: Turning left / V2: Travelling straight ahead,V1: S  / V2: W,Dry,Daylight,Clear,0,0,41,17,TRUE,41.93406554,-71.30574057
153,2/6/2002,February,Wednesday,11:40,0,2,0,0,Rear-end,V1: Slowing or stopped in traffic / V2: Travelling straight ahead,V1: W  / V2: W,Dry,Daylight,Clear,0,0,41,17,TRUE,41.93268269,-71.29622047
154,2/6/2002,February,Wednesday,16:11,0,2,0,0,Rear-end,V1: Travelling straight ahead / V2: Turning left,V1: N  / V2: N,Dry,Daylight,Clear,0,0,41,17,TRUE,41.92734177,-71.2850606
155,2/7/2002,February,Thursday,6:33,1,2,0,0,Angle,V1: Travelling straight ahead / V2: Travelling straight ahead,V1: S  / V2: E,Dry,Dawn,Clear,0,0,44,21,TRUE,41.90474145,-71.31772514
156,2/7/2002,February,Thursday,11:30,2,2,1,0,Rear-end,V1: Travelling straight ahead / V2: Travelling straight ahead,V1: E  / V2: E,Dry,Daylight,Cloudy,0,0,44,21,TRUE,41.94466165,-71.28343076
157,2/8/2002,February,Friday,8:29,2,2,1,0,Angle,V1: Turning left / V2: Travelling straight ahead,V1: E  / V2: S,Dry,Daylight,Clear,0,0,50,25,TRUE,41.93269195,-71.32821357
158,2/8/2002,February,Friday,19:15,2,3,1,0,Rear-end,V1: Slowing or stopped in traffic / V2: Slowing or stopped in traffic / V3: 0,V1: N  / V2: N  / V3: 0,Dry,Dawn,Clear,0,0,50,25,TRUE,41.956426,-71.30313034
159,2/9/2002,February,Saturday,10:30,1,2,0,0,Angle,V1: Turning left / V2: Travelling straight ahead,V1: W  / V2: S,Dry,Daylight,Clear,0,0,42,19,TRUE,41.9412121,-71.28297598
160,2/9/2002,February,Saturday,11:30,1,2,0,0,Rear-end,V1: Slowing or stopped in traffic / V2: Slowing or stopped in traffic,V1: 0 / V2: 0,Dry,Daylight,Clear,0,0,42,19,TRUE,41.89968132,-71.35531736
161,2/9/2002,February,Saturday,12:05,1,2,0,0,Angle,V1: Entering traffic lane / V2: Travelling straight ahead,V1: W  / V2: N,Dry,Daylight,Clear,0,0,42,19,TRUE,41.91562886,-71.36047108
162,2/9/2002,February,Saturday,14:35,1,2,0,0,Angle,V1: Turning left / V2: Travelling straight ahead,V1: E  / V2: S,Dry,Daylight,Cloudy,0,0,42,19,TRUE,41.91230639,-71.36215607
163,2/9/2002,February,Saturday,21:55,2,3,3,0,Rear-end,V1: Travelling straight ahead / V2: Slowing or stopped in traffic / V3: Slowing or stopped in traffic,V1: N  / V2: N  / V3: N,Dry,Dark - lighted roadway,Clear,0,0,42,19,TRUE,41.91982212,-71.35857678
164,2/10/2002,February,Sunday,22:00,1,1,0,0,Single vehicle crash,V1: Travelling straight ahead,V1: S,Wet,Dark - lighted roadway,Cloudy/Rain,0.12,0,55,14,TRUE,41.90238589,-71.35672422
165,2/11/2002,February,Monday,13:10,1,3,0,0,Rear-end,V1: Travelling straight ahead / V2: Slowing or stopped in traffic / V3: Slowing or stopped in traffic,V1: N  / V2: N  / V3: N,Wet,Daylight,Cloudy/Rain,0.67,1.1,55,13,TRUE,41.91035947,-71.36314658
166,2/11/2002,February,Monday,16:09,2,2,1,0,Rear-end,V1: Slowing or stopped in traffic / V2: Travelling straight ahead,V1: S  / V2: S,Dry,Daylight,Cloudy,0.67,1.1,55,13,TRUE,41.9148212,-71.25770714
167,2/11/2002,February,Monday,20:50,0,2,0,0,Rear-end,V1: 0 / V2: Travelling straight ahead,V1: S  / V2: S,Dry,Dark - lighted roadway,Clear,0.67,1.1,55,13,TRUE,41.90261606,-71.35590689
168,2/12/2002,February,Tuesday,11:27,1,2,0,0,Angle,V1: Entering traffic lane / V2: Travelling straight ahead,V1: E  / V2: W,Dry,Daylight,Cloudy,0,0,41,10,TRUE,41.94787472,-71.27854544
169,2/12/2002,February,Tuesday,12:07,2,1,1,0,Single vehicle crash,V1: Travelling straight ahead,V1: N,Dry,Daylight,Cloudy,0,0,41,10,TRUE,41.84680625,-71.3304213
170,2/13/2002,February,Wednesday,9:23,0,1,0,0,Single vehicle crash,V1: Travelling straight ahead,V1: E,Dry,Daylight,Cloudy,0,0,41,19,TRUE,41.94450501,-71.28411703
171,2/13/2002,February,Wednesday,14:05,1,2,0,0,0,V1: Travelling straight ahead / V2: 0,V1: S  / V2: 0,Dry,Daylight,Clear,0,0,41,19,TRUE,41.90307932,-71.35602316
172,2/13/2002,February,Wednesday,21:20,0,2,0,0,"Sideswipe, opposite direction",V1: Travelling straight ahead / V2: Travelling straight ahead,V1: W  / V2: S,Dry,Dark - lighted roadway,Clear,0,0,41,19,TRUE,41.93503657,-71.2848971
173,2/14/2002,February,Thursday,6:45,0,1,0,0,0,V1: Travelling straight ahead,V1: N,Dry,Daylight,Clear,0,0,35,12,TRUE,34.24438675,-73.6513909
174,2/14/2002,February,Thursday,11:00,1,2,0,0,Angle,V1: Turning left / V2: Slowing or stopped in traffic,V1: W  / V2: N,Dry,Daylight,Clear,0,0,35,12,TRUE,41.89618753,-71.37039513
175,2/14/2002,February,Thursday,13:40,2,2,1,0,Rear-end,V1: Slowing or stopped in traffic / V2: Travelling straight ahead,V1: S  / V2: S,Dry,Daylight,Clear,0,0,35,12,TRUE,41.90231125,-71.35597671
176,2/14/2002,February,Thursday,13:40,2,2,1,0,Rear-end,V1: Slowing or stopped in traffic / V2: Travelling straight ahead,V1: S  / V2: S,Dry,Daylight,Clear,0,0,35,12,TRUE,34.24438675,-73.6513909
177,2/14/2002,February,Thursday,13:41,1,2,0,0,0,V1: Travelling straight ahead / V2: Slowing or stopped in traffic,V1: N  / V2: N,Dry,Daylight,Clear,0,0,35,12,TRUE,41.92508738,-71.35628348
178,2/14/2002,February,Thursday,17:00,0,2,0,0,Rear-to-rear,V1: Backing / V2: Backing,V1: W  / V2: E,Dry,Daylight,Clear,0,0,35,12,TRUE,34.24438675,-73.6513909
179,2/15/2002,February,Friday,4:25,2,2,2,0,Rear-end,V1: Parked / V2: Travelling straight ahead,V1: 0 / V2: N,Dry,Dark - roadway not lighted,Clear,0,0,47,29,TRUE,41.90123433,-71.35965199
180,2/15/2002,February,Friday,12:00,1,2,0,0,Angle,V1: Backing / V2: Travelling straight ahead,V1: N  / V2: S,Dry,Daylight,Clear,0,0,47,29,TRUE,41.94234382,-71.27289652
181,2/15/2002,February,Friday,12:00,1,1,0,0,Single vehicle crash,V1: Travelling straight ahead,V1: E,Dry,Daylight,Clear,0,0,47,29,TRUE,41.90428532,-71.30229657
182,2/15/2002,February,Friday,13:55,1,2,0,0,Angle,V1: Travelling straight ahead / V2: Travelling straight ahead,V1: W  / V2: S,Dry,Daylight,Cloudy,0,0,47,29,TRUE,41.91802439,-71.3593539
183,2/15/2002,February,Friday,15:15,2,2,2,0,Rear-end,V1: Travelling straight ahead / V2: Slowing or stopped in traffic,V1: S  / V2: S,Dry,Daylight,Clear,0,0,47,29,TRUE,41.93742983,-71.26519759
184,2/15/2002,February,Friday,18:23,2,2,2,0,Rear-end,V1: Slowing or stopped in traffic / V2: Travelling straight ahead,V1: N  / V2: N,Dry,Dark - lighted roadway,Clear,0,0,47,29,TRUE,34.24438675,-73.6513909
185,2/16/2002,February,Saturday,13:45,0,2,0,0,Angle,V1: Slowing or stopped in traffic / V2: Travelling straight ahead,V1: W  / V2: N,Dry,Daylight,Clear,0,0,57,29,TRUE,41.91553973,-71.36051813
186,2/16/2002,February,Saturday,14:10,1,2,0,0,Rear-end,V1: Turning right / V2: Travelling straight ahead,V1: W  / V2: W,Dry,Daylight,Clear,0,0,57,29,TRUE,41.93405012,-71.31579284
187,2/16/2002,February,Saturday,14:10,1,2,0,0,Rear-end,V1: Turning right / V2: 0,V1: E  / V2: E,Dry,Daylight,Clear,0,0,57,29,TRUE,41.93405012,-71.31579284
188,2/16/2002,February,Saturday,17:18,0,2,0,0,Angle,V1: Travelling straight ahead / V2: Travelling straight ahead,V1: 0 / V2: 0,Dry,Dusk,Clear,0,0,57,29,TRUE,41.93409346,-71.29982899
189,2/19/2002,February,Tuesday,13:39,0,2,0,0,Rear-end,V1: Turning right / V2: Turning right,V1: N  / V2: N,Dry,0,Clear,0,0,54,20,TRUE,41.89858966,-71.35502581
190,2/19/2002,February,Tuesday,17:43,0,2,0,0,Angle,V1: Slowing or stopped in traffic / V2: Turning left,V1: E  / V2: W,Dry,Dark - lighted roadway,Cloudy,0,0,54,20,TRUE,41.91649569,-71.30362942
191,2/20/2002,February,Wednesday,5:06,2,3,3,0,Angle,V1: Turning left / V2: Travelling straight ahead / V3: Travelling straight ahead,V1: S  / V2: W  / V3: S,Dry,Dusk,Cloudy,0,0,55,27,TRUE,41.93269195,-71.32821357
192,2/20/2002,February,Wednesday,10:00,1,2,0,0,Angle,V1: Turning left / V2: Travelling straight ahead,V1: E  / V2: N,Dry,Daylight,Clear,0,0,55,27,TRUE,41.92508738,-71.35628348
193,2/20/2002,February,Wednesday,12:00,1,2,0,0,Single vehicle crash,V1: Slowing or stopped in traffic / V2: Travelling straight ahead,V1: W  / V2: N,Dry,Daylight,Clear,0,0,55,27,TRUE,41.95484304,-71.28856385
194,2/20/2002,February,Wednesday,12:45,2,2,1,0,Angle,V1: Entering traffic lane / V2: 0,V1: E  / V2: E,Dry,Daylight,Clear,0,0,55,27,TRUE,41.93396377,-71.31987069
195,2/20/2002,February,Wednesday,12:50,1,2,0,0,Angle,V1: Entering traffic lane / V2: Turning right,V1: W  / V2: S,Dry,Daylight,Clear,0,0,55,27,TRUE,41.9110765,-71.36278231
196,2/20/2002,February,Wednesday,16:45,2,2,1,0,Angle,V1: Turning left / V2: Travelling straight ahead,V1: W  / V2: S,Dry,Daylight,Cloudy,0,0,55,27,TRUE,41.90697288,-71.36488171
197,2/20/2002,February,Wednesday,18:05,1,2,0,0,Rear-end,V1: Travelling straight ahead / V2: Travelling straight ahead,V1: N  / V2: N,Dry,Dark - lighted roadway,Clear,0,0,55,27,TRUE,41.93376807,-71.30031418
198,2/20/2002,February,Wednesday,19:06,1,2,0,0,Angle,V1: Turning left / V2: Travelling straight ahead,V1: W  / V2: N,Dry,Dark - lighted roadway,Clear,0,0,55,27,TRUE,41.90682772,-71.35704387
199,2/21/2002,February,Thursday,8:43,1,2,0,0,Angle,V1: Travelling straight ahead / V2: Turning left,V1: E  / V2: S,Wet,Daylight,Fog,0.47,0,55,47,FALSE,41.95428602,-71.28497548
200,2/21/2002,February,Thursday,18:05,1,2,0,0,Rear-end,V1: Travelling straight ahead / V2: 0,V1: N  / V2: W,Wet,Dark - lighted roadway,Cloudy/Rain,0.47,0,55,47,FALSE,41.93376807,-71.30031418
201,2/21/2002,February,Thursday,18:10,1,2,0,0,Angle,V1: Turning left / V2: Travelling straight ahead,V1: S  / V2: N,Other,Dark - lighted roadway,Clear,0.47,0,55,47,FALSE,41.93269195,-71.32821357
202,2/23/2002,February,Saturday,6:30,1,1,0,0,Single vehicle crash,V1: Travelling straight ahead,V1: 0,"Sand, mud, dirt, oil, gravel",Dawn,Clear,0,0,46,25,TRUE,41.93596765,-71.24837773
203,2/23/2002,February,Saturday,16:00,0,2,0,0,Rear-end,V1: Travelling straight ahead / V2: 0,V1: E  / V2: E,Dry,Daylight,Clear,0,0,46,25,TRUE,34.24438675,-73.6513909
204,2/23/2002,February,Saturday,19:40,2,2,3,0,Angle,V1: Turning left / V2: Travelling straight ahead,V1: W  / V2: 0,Dry,Dark - lighted roadway,Clear,0,0,46,25,TRUE,41.90682772,-71.35704387
205,2/24/2002,February,Sunday,14:52,1,2,0,0,Rear-end,V1: Slowing or stopped in traffic / V2: Slowing or stopped in traffic,V1: N  / V2: N,Dry,Daylight,Clear,0,0,44,23,TRUE,41.93058727,-71.35318659
206,2/24/2002,February,Sunday,15:37,2,1,1,0,Single vehicle crash,V1: Travelling straight ahead,V1: S,Dry,Daylight,Clear,0,0,44,23,TRUE,41.9148258,-71.36088324
207,2/24/2002,February,Sunday,16:55,0,2,0,0,Rear-end,V1: Travelling straight ahead / V2: Slowing or stopped in traffic,V1: N  / V2: N,Dry,Daylight,Clear,0,0,44,23,TRUE,34.24438675,-73.6513909
208,2/25/2002,February,Monday,7:49,2,2,1,0,Angle,V1: Travelling straight ahead / V2: Travelling straight ahead,V1: E  / V2: 0,Dry,Daylight,Clear,0,0,49,24,TRUE,41.91174562,-71.26073559
209,2/25/2002,February,Monday,15:15,2,2,2,0,Rear-end,V1: Slowing or stopped in traffic / V2: Travelling straight ahead,V1: S  / V2: S,Dry,Daylight,Clear,0,0,49,24,TRUE,34.24438675,-73.6513909
210,2/26/2002,February,Tuesday,15:00,2,2,2,0,Angle,V1: Entering traffic lane / V2: Travelling straight ahead,V1: W  / V2: S,Dry,Daylight,Clear,0,0,61,40,FALSE,41.9404815,-71.28139686
211,2/26/2002,February,Tuesday,15:30,2,1,1,0,0,V1: Travelling straight ahead,V1: S,Dry,Daylight,Clear,0,0,61,40,FALSE,41.92244908,-71.29276435
212,2/27/2002,February,Wednesday,9:50,1,2,0,0,Angle,V1: Turning left / V2: Turning left,V1: W  / V2: 0,Wet,Dark - lighted roadway,Rain,0.52,1.2,58,27,TRUE,41.95180679,-71.2898592
213,2/28/2002,February,Thursday,6:27,2,2,1,0,Rear-end,V1: Entering traffic lane / V2: Travelling straight ahead,V1: N  / V2: N,Wet,Daylight,Clear,0,0,38,23,TRUE,41.91653724,-71.36001753
214,2/28/2002,February,Thursday,8:55,0,2,0,0,"Sideswipe, opposite direction",V1: Travelling straight ahead / V2: Travelling straight ahead,V1: N  / V2: S,Dry,Daylight,Clear,0,0,38,23,TRUE,41.94932398,-71.30404434
215,2/28/2002,February,Thursday,12:35,0,2,0,0,Angle,V1: Travelling straight ahead / V2: Travelling straight ahead,V1: E  / V2: S,Dry,Daylight,Clear,0,0,38,23,TRUE,41.93623387,-71.28481203
216,2/28/2002,February,Thursday,15:45,1,2,0,0,Angle,V1: Turning left / V2: Travelling straight ahead,V1: E  / V2: S,Dry,Daylight,Clear,0,0,38,23,TRUE,41.91982212,-71.35857678
217,3/1/2002,March,Friday,6:15,1,2,0,0,Angle,V1: Slowing or stopped in traffic / V2: Travelling straight ahead,V1: E  / V2: N,Wet,0,Cloudy/Rain,0,0,46,17,TRUE,41.89618753,-71.37039513
218,3/1/2002,March,Friday,10:05,2,2,1,0,Rear-end,V1: Travelling straight ahead / V2: Slowing or stopped in traffic,V1: W  / V2: W,Dry,Daylight,Clear,0,0,46,17,TRUE,41.9529782,-71.26869452
219,3/1/2002,March,Friday,10:48,1,2,0,0,Angle,V1: Travelling straight ahead / V2: Travelling straight ahead,V1: W  / V2: N,Dry,Daylight,Clear,0,0,46,17,TRUE,41.94121777,-71.2768631
220,3/1/2002,March,Friday,19:30,0,2,0,0,Angle,V1: Slowing or stopped in traffic / V2: Travelling straight ahead,V1: N  / V2: W,Dry,Dark - lighted roadway,Clear,0,0,46,17,TRUE,41.91035947,-71.36314658
221,3/1/2002,March,Friday,19:30,1,2,0,0,0,V1: Slowing or stopped in traffic / V2: Travelling straight ahead,V1: E  / V2: N,Dry,Dark - lighted roadway,Clear,0,0,46,17,TRUE,41.91035947,-71.36314658
222,3/1/2002,March,Friday,19:50,0,3,0,0,0,V1: Entering traffic lane / V2: Travelling straight ahead / V3: Travelling straight ahead,V1: S  / V2: S  / V3: S,Dry,Dark - roadway not lighted,Clear,0,0,46,17,TRUE,41.89841145,-71.37009489
223,3/2/2002,March,Saturday,11:25,1,2,0,0,0,V1: Travelling straight ahead / V2: Travelling straight ahead,V1: E  / V2: E,Dry,Daylight,Clear,0.01,0,47,20,TRUE,41.93409173,-71.31894301
224,3/2/2002,March,Saturday,15:00,1,2,0,0,Rear-end,V1: Travelling straight ahead / V2: Travelling straight ahead,V1: W  / V2: W,Dry,Daylight,Clear,0.01,0,47,20,TRUE,41.93365798,-71.32924077
225,3/2/2002,March,Saturday,16:30,1,2,0,0,Rear-end,V1: Travelling straight ahead / V2: Turning left,V1: W  / V2: W,Dry,Daylight,Clear,0.01,0,47,20,TRUE,41.90173327,-71.37015433
226,3/2/2002,March,Saturday,19:30,1,2,0,0,Rear-end,V1: Travelling straight ahead / V2: Slowing or stopped in traffic,V1: W  / V2: W,Dry,Dark - lighted roadway,Cloudy,0.01,0,47,20,TRUE,41.90293426,-71.35611971
227,3/2/2002,March,Saturday,19:50,1,3,0,0,Rear-end,V1: Travelling straight ahead / V2: Entering traffic lane / V3: 0,V1: S  / V2: S  / V3: S,Dry,Dark - roadway not lighted,Cloudy,0.01,0,47,20,TRUE,34.24438675,-73.6513909
228,3/3/2002,March,Sunday,4:04,0,1,0,0,Single vehicle crash,V1: Travelling straight ahead,V1: W,Wet,Dark - lighted roadway,Rain,1.02,0,59,40,FALSE,34.24438675,-73.6513909
229,3/3/2002,March,Sunday,4:04,1,1,0,0,Single vehicle crash,V1: Travelling straight ahead,V1: E,Wet,Dark - lighted roadway,Fog,1.02,0,59,40,FALSE,41.9120435,-71.26363395
230,3/3/2002,March,Sunday,5:50,2,4,1,0,"Sideswipe, same direction",V1: Travelling straight ahead / V2: 0 / V3: Travelling straight ahead / V4: Travelling straight ahead,V1: N  / V2: N  / V3: 0 / V4: 0,Wet,Dark - 0 roadway lighting,Rain,1.02,0,59,40,FALSE,41.93040677,-71.32187253
231,3/3/2002,March,Sunday,5:55,0,4,0,0,"Sideswipe, same direction",V1: Travelling straight ahead / V2: Overtaking/passing / V3: Travelling straight ahead / V4: Travelling straight ahead,V1: N  / V2: N  / V3: N  / V4: N,Wet,Dawn,Cloudy/Rain,1.02,0,59,40,FALSE,41.93040677,-71.32187253
232,3/3/2002,March,Sunday,13:11,1,2,0,0,Rear-end,V1: Travelling straight ahead / V2: Slowing or stopped in traffic,V1: W  / V2: W,Wet,Daylight,Cloudy,1.02,0,59,40,FALSE,41.93400167,-71.31333075
233,3/3/2002,March,Sunday,19:00,1,2,0,0,Angle,V1: Slowing or stopped in traffic / V2: Overtaking/passing,V1: E  / V2: S,Dry,0,Clear,1.02,0,59,40,FALSE,41.91315602,-71.25837966
234,3/4/2002,March,Monday,17:00,1,2,0,0,Rear-end,V1: Entering traffic lane / V2: Entering traffic lane,V1: S  / V2: S,Dry,Daylight,Cloudy,0,0,45,23,TRUE,41.90074884,-71.36125537
235,3/5/2002,March,Tuesday,8:30,1,2,0,0,Angle,V1: Travelling straight ahead / V2: Travelling straight ahead,V1: 0 / V2: 0,Dry,Daylight,Clear,0,0,35,18,TRUE,41.89858966,-71.35502581
236,3/6/2002,March,Wednesday,10:00,1,1,0,0,Single vehicle crash,V1: Turning left,V1: N,Dry,Dark - lighted roadway,Clear,0,0,54,22,TRUE,34.24438675,-73.6513909
237,3/6/2002,March,Wednesday,14:06,1,2,0,0,Angle,V1: Travelling straight ahead / V2: Turning right,V1: E  / V2: E,Dry,Daylight,Clear,0,0,54,22,TRUE,41.92416457,-71.35104162
238,3/7/2002,March,Thursday,6:10,2,2,1,0,Head-on,V1: Slowing or stopped in traffic / V2: Overtaking/passing,V1: E  / V2: S,Dry,Daylight,Cloudy,0,0,61,30,TRUE,34.24438675,-73.6513909
239,3/7/2002,March,Thursday,18:55,0,2,0,0,Rear-end,V1: Travelling straight ahead / V2: Slowing or stopped in traffic,V1: S  / V2: S,Dry,Dark - lighted roadway,Clear,0,0,61,30,TRUE,41.90857957,-71.36406078
240,3/8/2002,March,Friday,14:23,1,2,0,0,Rear-end,V1: Slowing or stopped in traffic / V2: Travelling straight ahead,V1: W  / V2: W,Dry,Daylight,Cloudy,0,0,47,35,FALSE,41.92614915,-71.34628794
241,3/8/2002,March,Friday,14:47,1,2,0,0,0,V1: Backing / V2: Travelling straight ahead,V1: N  / V2: E,"Sand, mud, dirt, oil, gravel",Daylight,Clear,0,0,47,35,FALSE,41.95454815,-71.28668345
242,3/8/2002,March,Friday,17:12,2,2,1,0,Angle,V1: Travelling straight ahead / V2: Travelling straight ahead,V1: N  / V2: W,Dry,Daylight,Clear,0,0,47,35,FALSE,41.91866603,-71.35907451
243,3/9/2002,March,Saturday,13:05,1,2,0,0,Rear-end,V1: Entering traffic lane / V2: Entering traffic lane,V1: S  / V2: S,Dry,Daylight,Clear,0,0,67,41,FALSE,41.90074884,-71.36125537
244,3/9/2002,March,Saturday,15:30,2,2,1,0,Rear-end,V1: Slowing or stopped in traffic / V2: Slowing or stopped in traffic,V1: N  / V2: N,Dry,Daylight,Clear,0,0,67,41,FALSE,41.89858966,-71.35502581
245,3/9/2002,March,Saturday,16:48,1,2,0,0,Angle,V1: Changing lanes / V2: Travelling straight ahead,V1: S  / V2: S,Dry,Daylight,Cloudy,0,0,67,41,FALSE,41.90998013,-71.35802082
246,3/10/2002,March,Sunday,3:25,2,2,1,0,Angle,V1: Travelling straight ahead / V2: Travelling straight ahead,V1: N  / V2: W,Dry,Daylight,Clear,0.33,0,60,27,TRUE,41.90697288,-71.36488171
247,3/10/2002,March,Sunday,12:30,0,2,0,0,Rear-end,V1: Travelling straight ahead / V2: Travelling straight ahead,V1: N  / V2: W,Dry,Daylight,Clear,0.33,0,60,27,TRUE,34.24438675,-73.6513909
248,3/10/2002,March,Sunday,13:40,1,2,0,0,Rear-end,V1: Slowing or stopped in traffic / V2: Travelling straight ahead,V1: E  / V2: E,Dry,Daylight,Cloudy,0.33,0,60,27,TRUE,41.93505312,-71.29860583
249,3/10/2002,March,Sunday,14:27,1,2,0,0,Angle,V1: Turning right / V2: Turning left,V1: N  / V2: S,Dry,Daylight,Clear,0.33,0,60,27,TRUE,34.24438675,-73.6513909
250,3/11/2002,March,Monday,1:32,2,1,1,0,Single vehicle crash,V1: Travelling straight ahead,V1: N,Dry,Dark - lighted roadway,Clear,0,0,42,24,TRUE,41.89631025,-71.38076723
251,3/11/2002,March,Monday,14:30,2,2,1,0,Angle,V1: Turning left / V2: Travelling straight ahead,V1: E  / V2: S,Dry,Daylight,Clear,0,0,42,24,TRUE,41.9442992,-71.28411915
252,3/11/2002,March,Monday,19:32,1,2,0,0,Angle,V1: Travelling straight ahead / V2: 0,V1: S  / V2: 0,Dry,Dark - lighted roadway,Clear,0,0,42,24,TRUE,41.9590626,-71.30194545