ID,DATE,Month,Day of week,Crash Time,Crash Severity,Number of Vehicles,Total Nonfatal Injuries,Total Fatal Injuries,Manner of Collision,Vehicle Action Prior to Crash,Vehicle Travel Directions,Road Surface Condition,Ambient Light,Weather Condition,PRCP,SNOW,TMAX,TMIN,Ice,Longtitute,Latitute
253,3/11/2002,March,Monday,21:30,2,2,3,0,Angle,V1: Turning left / V2: Travelling straight ahead,V1: W  / V2: S,Dry,Dark - lighted roadway,Clear,0,0,42,24,TRUE,41.89784423,-71.36952863
254,3/12/2002,March,Tuesday,16:20,1,2,0,0,Single vehicle crash,V1: Turning right / V2: Travelling straight ahead,V1: S  / V2: S,Dry,Daylight,Cloudy,0,0,47,26,TRUE,41.89858966,-71.35502581
255,3/12/2002,March,Tuesday,21:11,0,2,0,0,"Sideswipe, opposite direction",V1: Other / V2: Travelling straight ahead,V1: S  / V2: N,Dry,Dark - lighted roadway,Cloudy,0,0,47,26,TRUE,41.89858966,-71.35502581
256,3/13/2002,March,Wednesday,10:20,1,2,0,0,Rear-end,V1: Travelling straight ahead / V2: 0,V1: S  / V2: 0,Dry,Daylight,Cloudy,0,0,65,36,FALSE,41.89903243,-71.355186
257,3/13/2002,March,Wednesday,14:52,1,2,0,0,Angle,V1: Turning left / V2: Travelling straight ahead,V1: W  / V2: S,Wet,Daylight,Rain,0,0,65,36,FALSE,41.96712418,-71.29097941
258,3/13/2002,March,Wednesday,18:00,1,2,0,0,Angle,V1: Travelling straight ahead / V2: Travelling straight ahead,V1: S  / V2: W,Wet,Dark - lighted roadway,Cloudy/Rain,0,0,65,36,FALSE,41.91982212,-71.35857678
259,3/14/2002,March,Thursday,7:05,2,2,1,0,Angle,V1: Entering traffic lane / V2: Slowing or stopped in traffic,V1: W  / V2: N,Dry,Daylight,Clear,0,0,59,30,TRUE,41.91958715,-71.35867862
260,3/14/2002,March,Thursday,19:53,1,2,0,0,Angle,V1: Backing / V2: Parked,V1: S  / V2: 0,Dry,Dark - lighted roadway,Clear,0,0,59,30,TRUE,41.81181073,-71.33842569
261,3/15/2002,March,Friday,11:40,0,2,0,0,Rear-end,V1: Slowing or stopped in traffic / V2: Turning right,V1: E  / V2: E,Dry,Daylight,Cloudy,0,0,54,30,TRUE,34.24438675,-73.6513909
262,3/15/2002,March,Friday,12:11,2,2,2,0,Angle,V1: Entering traffic lane / V2: Travelling straight ahead,V1: S  / V2: W,Dry,Daylight,Clear,0,0,54,30,TRUE,41.94757814,-71.27890389
263,3/15/2002,March,Friday,14:52,1,2,0,0,Rear-end,V1: Travelling straight ahead / V2: Slowing or stopped in traffic,V1: S  / V2: S,Dry,Daylight,Clear,0,0,54,30,TRUE,41.95401985,-71.28889809
264,3/15/2002,March,Friday,16:43,0,2,0,0,Angle,V1: Turning left / V2: Travelling straight ahead,V1: N  / V2: S,Dry,Dusk,Cloudy,0,0,54,30,TRUE,41.95076302,-71.27397064
265,3/15/2002,March,Friday,19:47,2,3,2,0,Angle,V1: Turning left / V2: Travelling straight ahead / V3: Slowing or stopped in traffic,V1: S  / V2: N  / V3: W,Wet,Dark - lighted roadway,Cloudy,0,0,54,30,TRUE,41.92508738,-71.35628348
266,3/16/2002,March,Saturday,2:50,1,2,0,0,Rear-end,V1: Travelling straight ahead / V2: Travelling straight ahead,V1: S  / V2: S,Dry,Dark - roadway not lighted,Fog,0.2,0,49,31,TRUE,41.91056608,-71.33957667
267,3/16/2002,March,Saturday,6:45,1,3,0,0,Rear-end,V1: Travelling straight ahead / V2: Travelling straight ahead / V3: Travelling straight ahead,V1: W  / V2: W  / V3: W,Wet,Daylight,Rain,0.2,0,49,31,TRUE,41.9589661,-71.30200935
268,3/16/2002,March,Saturday,12:25,1,2,0,0,Rear-end,V1: Slowing or stopped in traffic / V2: Slowing or stopped in traffic,V1: N  / V2: N,Dry,Daylight,Cloudy,0.2,0,49,31,TRUE,41.90242714,-71.35558229
269,3/16/2002,March,Saturday,18:34,1,2,0,0,Rear-end,V1: Travelling straight ahead / V2: Turning left,V1: S  / V2: S,Dry,0,Cloudy,0.2,0,49,31,TRUE,41.90682772,-71.35704387
270,3/17/2002,March,Sunday,2:00,2,1,4,0,Single vehicle crash,V1: Travelling straight ahead,V1: N,Dry,Dark - lighted roadway,Clear,0,0,44,23,TRUE,34.24438675,-73.6513909
271,3/17/2002,March,Sunday,6:43,1,1,0,0,Single vehicle crash,V1: Turning right,V1: W,Dry,Daylight,Clear,0,0,44,23,TRUE,34.24438675,-73.6513909
272,3/17/2002,March,Sunday,13:30,1,2,0,0,Rear-end,V1: Travelling straight ahead / V2: Travelling straight ahead,V1: S  / V2: S,Dry,Daylight,Clear,0,0,44,23,TRUE,41.92644259,-71.35554103
273,3/18/2002,March,Monday,9:26,1,1,1,0,Angle,V1: Travelling straight ahead,V1: N,Dry,Daylight,Clear,0.26,2.6,34,31,TRUE,41.94430004,-71.28137659
274,3/18/2002,March,Monday,14:04,1,2,0,0,0,V1: Turning left / V2: Travelling straight ahead,V1: N  / V2: E,Wet,Daylight,Snow,0.26,2.6,34,31,TRUE,41.94430701,-71.30913523
275,3/18/2002,March,Monday,16:44,1,2,0,0,Rear-end,V1: Backing / V2: Slowing or stopped in traffic,V1: S  / V2: N,Wet,Daylight,Snow,0.26,2.6,34,31,TRUE,41.90930355,-71.35781776
276,3/18/2002,March,Monday,18:55,1,2,0,0,Rear-end,V1: Turning left / V2: Travelling straight ahead,V1: W  / V2: W,Slush,Dark - lighted roadway,Snow,0.26,2.6,34,31,TRUE,34.24438675,-73.6513909
277,3/18/2002,March,Monday,19:48,1,1,0,0,Head-on,V1: Travelling straight ahead,V1: N,Wet,Dark - roadway not lighted,Snow,0.26,2.6,34,31,TRUE,41.92944163,-71.32263603
278,3/19/2002,March,Tuesday,13:45,1,1,0,0,Single vehicle crash,V1: Turning left,V1: W,Wet,Daylight,Rain,0.08,0,38,29,TRUE,41.96585879,-71.29370191
279,3/19/2002,March,Tuesday,16:10,1,2,0,0,Angle,V1: Travelling straight ahead / V2: Travelling straight ahead,V1: S  / V2: E,Wet,Daylight,Rain,0.08,0,38,29,TRUE,41.94292045,-71.27681606
280,3/19/2002,March,Tuesday,17:10,0,2,0,0,Rear-end,V1: Slowing or stopped in traffic / V2: Slowing or stopped in traffic,V1: S  / V2: S,Wet,Dusk,Rain,0.08,0,38,29,TRUE,41.91777527,-71.35946356
281,3/20/2002,March,Wednesday,1:48,0,1,0,0,Single vehicle crash,V1: Travelling straight ahead,V1: E,Wet,Dark - roadway not lighted,Cloudy/Rain,0.78,2.1,39,29,TRUE,41.92659683,-71.24938192
282,3/20/2002,March,Wednesday,6:45,2,2,2,0,Angle,V1: Travelling straight ahead / V2: Travelling straight ahead,V1: E  / V2: W,Dry,Daylight,Cloudy,0.78,2.1,39,29,TRUE,41.95260019,-71.26981156
283,3/20/2002,March,Wednesday,14:18,1,2,0,0,Rear-end,V1: Slowing or stopped in traffic / V2: Travelling straight ahead,V1: E  / V2: E,Wet,Daylight,Snow,0.78,2.1,39,29,TRUE,41.93397921,-71.30659863
284,3/20/2002,March,Wednesday,17:45,2,1,1,0,Single vehicle crash,V1: Travelling straight ahead,V1: N,Ice,Dark - lighted roadway,Snow,0.78,2.1,39,29,TRUE,41.92453407,-71.31017091
285,3/20/2002,March,Wednesday,17:45,1,2,0,0,Rear-end,V1: Travelling straight ahead / V2: Travelling straight ahead,V1: E  / V2: W,Wet,Dark - lighted roadway,Snow,0.78,2.1,39,29,TRUE,34.24438675,-73.6513909
286,3/20/2002,March,Wednesday,17:55,2,1,1,0,Single vehicle crash,V1: Travelling straight ahead,V1: S,Ice,Daylight,Snow,0.78,2.1,39,29,TRUE,34.24438675,-73.6513909
287,3/20/2002,March,Wednesday,18:36,0,2,0,0,"Sideswipe, same direction",V1: 0 / V2: 0,V1: 0 / V2: 0,Snow,Dark - lighted roadway,Snow,0.78,2.1,39,29,TRUE,41.94430004,-71.28137659
288,3/21/2002,March,Thursday,0:00,2,2,1,0,Head-on,V1: Turning left / V2: Travelling straight ahead,V1: E  / V2: N,Dry,Daylight,Clear,0,0,55,32,TRUE,41.92508738,-71.35628348
289,3/21/2002,March,Thursday,5:31,1,2,0,0,Angle,V1: Travelling straight ahead / V2: Travelling straight ahead,V1: W  / V2: E,Ice,Dawn,Clear,0,0,55,32,TRUE,41.93397914,-71.31141368
290,3/21/2002,March,Thursday,5:35,2,1,1,0,Single vehicle crash,V1: Travelling straight ahead,V1: N,Ice,Dawn,Clear,0,0,55,32,TRUE,41.91047274,-71.32852026
291,3/21/2002,March,Thursday,6:30,1,2,0,0,"Sideswipe, opposite direction",V1: Travelling straight ahead / V2: Travelling straight ahead,V1: 0 / V2: 0,Ice,Daylight,Cloudy,0,0,55,32,TRUE,41.94701106,-71.2760815
292,3/21/2002,March,Thursday,9:30,1,2,0,0,Angle,V1: Entering traffic lane / V2: Travelling straight ahead,V1: S  / V2: E,Dry,Daylight,Clear,0,0,55,32,TRUE,41.93585833,-71.27194106
293,3/21/2002,March,Thursday,15:32,2,2,1,0,Rear-end,V1: Slowing or stopped in traffic / V2: Travelling straight ahead,V1: N  / V2: N,Dry,Daylight,Clear,0,0,55,32,TRUE,41.95263042,-71.2895305
294,3/22/2002,March,Friday,14:45,2,2,1,0,0,V1: Travelling straight ahead / V2: 0,V1: 0 / V2: 0,Dry,Daylight,Clear,0,0,36,18,TRUE,41.90539202,-71.35660145
295,3/22/2002,March,Friday,15:00,1,2,0,0,Rear-end,V1: Slowing or stopped in traffic / V2: Travelling straight ahead,V1: W  / V2: W,Dry,Daylight,Clear,0,0,36,18,TRUE,41.93365798,-71.32924077
296,3/23/2002,March,Saturday,8:42,2,1,1,0,Single vehicle crash,V1: Travelling straight ahead,V1: W,Dry,Daylight,Clear,0,0,41,24,TRUE,41.94101671,-71.26500743
297,3/23/2002,March,Saturday,12:00,1,1,0,0,Single vehicle crash,V1: Travelling straight ahead,V1: S,Dry,Dark - lighted roadway,Clear,0,0,41,24,TRUE,41.92706266,-71.29830355
298,3/23/2002,March,Saturday,18:15,1,2,0,0,Rear-end,V1: Travelling straight ahead / V2: Slowing or stopped in traffic,V1: N  / V2: N,Dry,Dark - lighted roadway,Clear,0,0,41,24,TRUE,41.93058727,-71.35318659
299,3/24/2002,March,Sunday,12:20,1,2,0,0,Angle,V1: Turning left / V2: 0,V1: N  / V2: S,Dry,Daylight,Cloudy,0,0,54,27,TRUE,41.90086769,-71.36799095
300,3/24/2002,March,Sunday,13:10,1,2,0,0,Angle,V1: Turning left / V2: Travelling straight ahead,V1: E  / V2: N,Dry,Daylight,Cloudy,0,0,54,27,TRUE,41.94814937,-71.27767447
301,3/24/2002,March,Sunday,15:00,1,2,0,0,Rear-end,V1: Travelling straight ahead / V2: Travelling straight ahead,V1: N  / V2: W,Dry,Daylight,Clear,0,0,54,27,TRUE,41.94512722,-71.28855145
302,3/25/2002,March,Monday,9:50,1,1,0,0,0,V1: Travelling straight ahead,V1: N,0,Daylight,Cloudy,0,0,46,32,TRUE,41.97384935,-71.29473994
303,3/25/2002,March,Monday,10:51,1,2,0,0,Rear-end,V1: Entering traffic lane / V2: Entering traffic lane,V1: W  / V2: W,Dry,Daylight,Clear,0,0,46,32,TRUE,34.24438675,-73.6513909
304,3/25/2002,March,Monday,12:59,2,2,1,0,Angle,V1: Travelling straight ahead / V2: Turning left,V1: E  / V2: N,Dry,Daylight,Clear,0,0,46,32,TRUE,41.9120082,-71.2587778
305,3/25/2002,March,Monday,13:55,0,2,0,0,"Sideswipe, same direction",V1: Travelling straight ahead / V2: Parked,V1: E  / V2: 0,Dry,Daylight,Cloudy,0,0,46,32,TRUE,41.94774809,-71.28390704
306,3/25/2002,March,Monday,21:10,0,2,0,0,Angle,V1: Travelling straight ahead / V2: Travelling straight ahead,V1: W  / V2: N,Dry,Dark - lighted roadway,Clear,0,0,46,32,TRUE,41.93623387,-71.28481203
307,3/26/2002,March,Tuesday,7:17,2,1,1,0,Single vehicle crash,V1: Travelling straight ahead,V1: W,Wet,Dark - lighted roadway,Rain,0.79,0,55,32,TRUE,41.92378101,-71.3163665
308,3/27/2002,March,Wednesday,5:40,2,2,1,0,Angle,V1: Turning left / V2: Travelling straight ahead,V1: S  / V2: W,Dry,Dusk,Clear,0.65,0,57,35,FALSE,41.93405012,-71.31579284
309,3/27/2002,March,Wednesday,16:30,1,3,0,0,Rear-end,V1: Slowing or stopped in traffic / V2: Travelling straight ahead / V3: Slowing or stopped in traffic,V1: S  / V2: S  / V3: S,Dry,Daylight,Cloudy,0.65,0,57,35,FALSE,34.24438675,-73.6513909
310,3/28/2002,March,Thursday,7:10,2,2,1,0,Rear-end,V1: Travelling straight ahead / V2: Slowing or stopped in traffic,V1: E  / V2: E,Dry,Daylight,Clear,0,0,56,31,TRUE,41.93387874,-71.31911048
311,3/28/2002,March,Thursday,12:45,1,2,0,0,Rear-end,V1: Slowing or stopped in traffic / V2: Slowing or stopped in traffic,V1: E  / V2: E,Dry,Daylight,Clear,0,0,56,31,TRUE,41.94245198,-71.28698244
312,3/28/2002,March,Thursday,13:30,1,1,0,0,Single vehicle crash,V1: Turning right,V1: S,Dry,Daylight,Clear,0,0,56,31,TRUE,41.90242499,-71.35655152
313,3/28/2002,March,Thursday,18:06,2,1,1,0,Single vehicle crash,V1: Travelling straight ahead,V1: N,Dry,Dusk,Clear,0,0,56,31,TRUE,41.91912518,-71.33085312
314,3/28/2002,March,Thursday,20:25,1,2,0,0,Angle,V1: Slowing or stopped in traffic / V2: Travelling straight ahead,V1: W  / V2: S,Dry,Dark - lighted roadway,Clear,0,0,56,31,TRUE,41.92508738,-71.35628348
315,3/28/2002,March,Thursday,23:55,1,1,0,0,Single vehicle crash,V1: Travelling straight ahead,V1: S,Dry,Dark - lighted roadway,Clear,0,0,56,31,TRUE,41.92374611,-71.31686008
316,3/29/2002,March,Friday,15:00,1,2,0,0,Angle,V1: Turning left / V2: Turning left,V1: E  / V2: E,Dry,Daylight,Clear,0,0,58,28,TRUE,41.94430004,-71.28137659
317,3/29/2002,March,Friday,15:10,1,2,0,0,Rear-end,V1: Travelling straight ahead / V2: Travelling straight ahead,V1: W  / V2: W,Dry,Daylight,Clear,0,0,58,28,TRUE,41.94861042,-71.27758702
318,3/29/2002,March,Friday,17:00,1,2,0,0,Rear-end,V1: Travelling straight ahead / V2: Slowing or stopped in traffic,V1: N  / V2: N,Dry,Daylight,Clear,0,0,58,28,TRUE,41.92430537,-71.35662807
319,3/29/2002,March,Friday,19:57,0,2,0,0,Rear-end,V1: Travelling straight ahead / V2: Parked,V1: W  / V2: W,Dry,Dark - roadway not lighted,Clear,0,0,58,28,TRUE,41.94793182,-71.29179631
320,3/30/2002,March,Saturday,12:25,1,2,0,0,Rear-end,V1: Slowing or stopped in traffic / V2: Slowing or stopped in traffic,V1: N  / V2: N,Dry,Daylight,Cloudy,0.11,0,63,42,FALSE,41.91619723,-71.35885587
321,3/30/2002,March,Saturday,13:30,0,2,0,0,Rear-end,V1: Travelling straight ahead / V2: Slowing or stopped in traffic,V1: N  / V2: N,Dry,Daylight,Cloudy,0.11,0,63,42,FALSE,41.90733594,-71.36469166
322,3/30/2002,March,Saturday,14:00,2,2,1,0,Rear-end,V1: Travelling straight ahead / V2: Slowing or stopped in traffic,V1: N  / V2: N,Dry,Daylight,Cloudy,0.11,0,63,42,FALSE,41.89858966,-71.35502581
323,3/31/2002,March,Sunday,12:45,2,2,2,0,Angle,V1: Slowing or stopped in traffic / V2: Travelling straight ahead,V1: N  / V2: E,Dry,Daylight,Clear,0.25,0,63,40,FALSE,41.94519466,-71.28103716
324,4/1/2002,April,Monday,5:45,1,4,0,0,"Sideswipe, same direction",V1: Changing lanes / V2: Travelling straight ahead / V3: 0 / V4: 0,V1: S  / V2: S  / V3: 0 / V4: 0,Dry,Dusk,Clear,1.02,0,62,41,FALSE,34.24438675,-73.6513909
325,4/1/2002,April,Monday,10:57,2,2,1,0,Angle,V1: Travelling straight ahead / V2: Slowing or stopped in traffic,V1: E  / V2: N,Wet,Daylight,Cloudy,1.02,0,62,41,FALSE,34.24438675,-73.6513909
326,4/1/2002,April,Monday,17:47,2,4,2,0,Rear-end,V1: Slowing or stopped in traffic / V2: Slowing or stopped in traffic / V3: Travelling straight ahead / V4: Changing lanes,V1: S  / V2: S  / V3: S  / V4: S,Dry,Daylight,Clear,1.02,0,62,41,FALSE,41.91653724,-71.36001753
327,4/2/2002,April,Tuesday,10:00,1,2,0,0,Single vehicle crash,V1: Entering traffic lane / V2: Entering traffic lane,V1: N  / V2: N,Dry,Daylight,Clear,0,0,60,35,FALSE,41.956426,-71.30313034
328,4/2/2002,April,Tuesday,15:00,2,2,2,0,Angle,V1: Travelling straight ahead / V2: Turning left,V1: W  / V2: E,Dry,Daylight,Clear,0,0,60,35,FALSE,41.95234013,-71.29601132
329,4/2/2002,April,Tuesday,15:40,2,1,1,0,Single vehicle crash,V1: Travelling straight ahead,V1: N,Dry,Daylight,Clear,0,0,60,35,FALSE,41.94803252,-71.24737373
330,4/3/2002,April,Wednesday,6:53,2,2,1,0,Rear-end,V1: Travelling straight ahead / V2: Slowing or stopped in traffic,V1: N  / V2: N,Dry,Daylight,Cloudy,0.1,0,61,39,FALSE,41.94710482,-71.28778011
331,4/3/2002,April,Wednesday,20:15,0,2,0,0,Angle,V1: Parked / V2: Backing,V1: 0 / V2: 0,Wet,Dark - lighted roadway,Cloudy/Rain,0.1,0,61,39,FALSE,41.93842208,-71.28378826
332,4/4/2002,April,Thursday,18:20,1,2,0,0,Head-on,V1: Slowing or stopped in traffic / V2: Travelling straight ahead,V1: S  / V2: N,Dry,Daylight,Clear,0,0,52,32,TRUE,41.89733197,-71.36979234
333,4/4/2002,April,Thursday,18:20,2,4,4,0,Rear-end,V1: Turning left / V2: Travelling straight ahead / V3: Travelling straight ahead / V4: Travelling straight ahead,V1: W  / V2: N  / V3: N  / V4: S,Dry,Dusk,Clear,0,0,52,32,TRUE,41.89733197,-71.36979234
334,4/5/2002,April,Friday,6:11,1,2,0,0,Rear-end,V1: Travelling straight ahead / V2: Slowing or stopped in traffic,V1: E  / V2: E,Dry,Daylight,Clear,0,0,47,26,TRUE,34.24438675,-73.6513909
335,4/5/2002,April,Friday,8:21,2,3,2,0,Rear-end,V1: Travelling straight ahead / V2: Travelling straight ahead / V3: Travelling straight ahead,V1: 0 / V2: 0 / V3: N,Dry,Daylight,Clear,0,0,47,26,TRUE,41.9317308,-71.28510924
336,4/5/2002,April,Friday,17:00,1,2,0,0,Angle,V1: Turning right / V2: Travelling straight ahead,V1: E  / V2: S,Dry,Dusk,Cloudy,0,0,47,26,TRUE,41.92900797,-71.28446457
337,4/6/2002,April,Saturday,0:21,2,1,1,0,Single vehicle crash,V1: Other,V1: N,Dry,Dark - lighted roadway,Cloudy,0,0,49,29,TRUE,41.90927914,-71.380907
338,4/6/2002,April,Saturday,0:52,1,1,0,0,Single vehicle crash,V1: Travelling straight ahead,V1: S,Dry,Dark - lighted roadway,Clear,0,0,49,29,TRUE,41.94460027,-71.28419008
339,4/6/2002,April,Saturday,9:15,1,2,0,0,Angle,V1: Travelling straight ahead / V2: Travelling straight ahead,V1: E  / V2: N,Dry,Daylight,Clear,0,0,49,29,TRUE,41.93268269,-71.29622047
340,4/6/2002,April,Saturday,12:21,0,1,0,0,Single vehicle crash,V1: Turning right,V1: N,0,Dark - roadway not lighted,Clear,0,0,49,29,TRUE,41.90927914,-71.380907
341,4/6/2002,April,Saturday,16:34,1,2,0,0,Rear-end,V1: Slowing or stopped in traffic / V2: Slowing or stopped in traffic,V1: S  / V2: S,Dry,Daylight,Cloudy,0,0,49,29,TRUE,41.90261606,-71.35590689
342,4/6/2002,April,Saturday,21:50,2,1,1,0,Single vehicle crash,V1: Slowing or stopped in traffic,V1: S,Dry,Dark - roadway not lighted,Clear,0,0,49,29,TRUE,41.97160726,-71.29499542
343,4/7/2002,April,Sunday,18:10,0,2,0,0,Rear-end,V1: Turning left / V2: Travelling straight ahead,V1: N  / V2: N,Dry,Daylight,Clear,0,0,48,25,TRUE,41.92508738,-71.35628348
344,4/8/2002,April,Monday,8:51,1,1,0,0,Single vehicle crash,V1: Turning right,V1: S,Dry,Daylight,Cloudy,0,0,55,38,FALSE,41.94466875,-71.28335786
345,4/8/2002,April,Monday,11:50,1,2,0,0,Angle,V1: Turning left / V2: Slowing or stopped in traffic,V1: E  / V2: W,Dry,Daylight,Cloudy,0,0,55,38,FALSE,41.94466875,-71.28335786
346,4/8/2002,April,Monday,14:45,1,2,0,0,Angle,V1: Travelling straight ahead / V2: Travelling straight ahead,V1: W  / V2: S,Dry,Daylight,Clear,0,0,55,38,FALSE,41.93405012,-71.31579284
347,4/8/2002,April,Monday,16:35,0,2,0,0,Angle,V1: Entering traffic lane / V2: Travelling straight ahead,V1: E  / V2: S,Dry,Daylight,Cloudy,0,0,55,38,FALSE,41.94757814,-71.27890389
348,4/8/2002,April,Monday,17:15,1,2,0,0,Angle,V1: Turning left / V2: Travelling straight ahead,V1: N  / V2: S,Dry,Daylight,Clear,0,0,55,38,FALSE,41.97001836,-71.2913735
349,4/9/2002,April,Tuesday,15:10,1,2,0,0,Angle,V1: Travelling straight ahead / V2: Turning left,V1: S  / V2: W,Dry,Daylight,Clear,0,0,68,48,FALSE,41.92508738,-71.35628348
350,4/9/2002,April,Tuesday,17:40,0,3,0,0,Angle,V1: Turning left / V2: Travelling straight ahead / V3: Slowing or stopped in traffic,V1: W  / V2: N  / V3: E,Dry,Daylight,Clear,0,0,68,48,FALSE,41.95484304,-71.28856385
351,4/10/2002,April,Wednesday,9:00,2,2,1,0,"Sideswipe, same direction",V1: Travelling straight ahead / V2: Changing lanes,V1: N  / V2: N,Dry,Daylight,Clear,0.07,0,69,42,FALSE,41.90504572,-71.34733189
352,4/10/2002,April,Wednesday,16:20,0,1,0,0,Single vehicle crash,V1: Travelling straight ahead,V1: S,Dry,Daylight,Clear,0.07,0,69,42,FALSE,41.93232974,-71.3009387
353,4/10/2002,April,Wednesday,16:41,2,1,1,0,Angle,V1: Travelling straight ahead,V1: S,Dry,Daylight,Clear,0.07,0,69,42,FALSE,34.24438675,-73.6513909
354,4/11/2002,April,Thursday,12:11,1,2,0,0,0,V1: Travelling straight ahead / V2: Entering traffic lane,V1: S  / V2: 0,Dry,Daylight,Clear,0,0,56,36,FALSE,34.24438675,-73.6513909
355,4/11/2002,April,Thursday,14:33,1,2,0,0,Angle,V1: Turning left / V2: Travelling straight ahead,V1: N  / V2: N,Dry,Daylight,Clear,0,0,56,36,FALSE,41.90565961,-71.35666401
356,4/11/2002,April,Thursday,17:13,1,2,0,0,"Sideswipe, opposite direction",V1: Travelling straight ahead / V2: Travelling straight ahead,V1: E  / V2: W,Dry,Daylight,Clear,0,0,56,36,FALSE,34.24438675,-73.6513909
357,4/12/2002,April,Friday,7:20,2,1,1,0,Angle,V1: Entering traffic lane,V1: N,Dry,Daylight,Clear,0,0,65,31,TRUE,41.9483337,-71.27794679
358,4/12/2002,April,Friday,16:10,1,2,0,0,Rear-end,V1: Travelling straight ahead / V2: Slowing or stopped in traffic,V1: N  / V2: N,Dry,Daylight,Clear,0,0,65,31,TRUE,41.90565961,-71.35666401
359,4/12/2002,April,Friday,17:15,0,3,0,0,Rear-end,V1: Travelling straight ahead / V2: Travelling straight ahead / V3: Travelling straight ahead,V1: S  / V2: S  / V3: S,Dry,Daylight,Cloudy,0,0,65,31,TRUE,41.92644259,-71.35554103
360,4/13/2002,April,Saturday,1:51,1,2,0,0,"Sideswipe, opposite direction",V1: Entering traffic lane / V2: Travelling straight ahead,V1: S  / V2: N,Dry,Daylight,Clear,0,0,75,53,FALSE,34.24438675,-73.6513909
361,4/13/2002,April,Saturday,15:11,1,2,0,0,Rear-end,V1: Slowing or stopped in traffic / V2: Slowing or stopped in traffic,V1: 0 / V2: 0,Dry,Dawn,Rain,0,0,75,53,FALSE,41.89903243,-71.355186
362,4/14/2002,April,Sunday,14:00,2,1,2,0,Single vehicle crash,V1: Travelling straight ahead,V1: 0,Dry,Daylight,Clear,0.03,0,79,55,FALSE,34.24438675,-73.6513909
363,4/14/2002,April,Sunday,16:44,2,1,1,0,Single vehicle crash,V1: Travelling straight ahead,V1: E,Dry,Daylight,Cloudy,0.03,0,79,55,FALSE,34.24438675,-73.6513909
364,4/15/2002,April,Monday,7:30,1,2,0,0,Rear-end,V1: Travelling straight ahead / V2: Travelling straight ahead,V1: E  / V2: E,Dry,Dusk,Clear,0.06,0,70,49,FALSE,41.93874704,-71.29215576
365,4/15/2002,April,Monday,13:07,1,2,0,0,Angle,V1: Entering traffic lane / V2: Travelling straight ahead,V1: E  / V2: N,Dry,Daylight,Cloudy,0.06,0,70,49,FALSE,41.90964751,-71.36351027
366,4/15/2002,April,Monday,23:22,2,1,1,0,Single vehicle crash,V1: Travelling straight ahead,V1: S,Dry,Dark - lighted roadway,Cloudy,0.06,0,70,49,FALSE,41.92220092,-71.33876671
367,4/16/2002,April,Tuesday,4:55,2,2,1,0,Rear-end,V1: Travelling straight ahead / V2: Travelling straight ahead,V1: N  / V2: N,Dry,Dark - roadway not lighted,Fog,0,0,86,48,FALSE,34.24438675,-73.6513909
368,4/16/2002,April,Tuesday,7:09,1,2,0,0,Angle,V1: Travelling straight ahead / V2: Travelling straight ahead,V1: N  / V2: W,Dry,Daylight,Fog,0,0,86,48,FALSE,41.92241545,-71.31336866
369,4/16/2002,April,Tuesday,17:50,0,2,0,0,Angle,V1: Backing / V2: Backing,V1: E  / V2: E,Dry,Daylight,Clear,0,0,86,48,FALSE,41.93579179,-71.26812281
370,4/16/2002,April,Tuesday,18:50,0,2,0,0,Single vehicle crash,V1: Travelling straight ahead / V2: Parked,V1: N  / V2: 0,Dry,Daylight,Clear,0,0,86,48,FALSE,34.24438675,-73.6513909
371,4/16/2002,April,Tuesday,20:49,1,2,0,0,Angle,V1: Changing lanes / V2: Travelling straight ahead,V1: S  / V2: S,Dry,Dark - lighted roadway,Clear,0,0,86,48,FALSE,34.24438675,-73.6513909
372,4/17/2002,April,Wednesday,11:30,1,2,0,0,Angle,V1: Travelling straight ahead / V2: Turning right,V1: N  / V2: W,Dry,Daylight,Clear,0,0,96,55,FALSE,41.95484304,-71.28856385
373,4/17/2002,April,Wednesday,12:00,2,1,1,0,Single vehicle crash,V1: Travelling straight ahead,V1: 0,Dry,Daylight,Clear,0,0,96,55,FALSE,41.92969804,-71.32243362
374,4/17/2002,April,Wednesday,12:46,2,2,1,0,Rear-end,V1: Slowing or stopped in traffic / V2: Travelling straight ahead,V1: W  / V2: W,Dry,Daylight,Clear,0,0,96,55,FALSE,34.24438675,-73.6513909
375,4/18/2002,April,Thursday,14:04,2,2,1,0,"Sideswipe, same direction",V1: Turning right / V2: Travelling straight ahead,V1: N  / V2: N,Dry,Daylight,Clear,0.01,0,85,48,FALSE,41.90565961,-71.35666401
376,4/18/2002,April,Thursday,14:10,2,2,1,0,Single vehicle crash,V1: Turning left / V2: Travelling straight ahead,V1: S  / V2: S,Dry,Daylight,Clear,0.01,0,85,48,FALSE,41.90780683,-71.37023176
377,4/18/2002,April,Thursday,16:59,1,2,0,0,Angle,V1: Travelling straight ahead / V2: Turning right,V1: N  / V2: N,Dry,Daylight,Clear,0.01,0,85,48,FALSE,41.90500517,-71.33616438
378,4/18/2002,April,Thursday,18:20,1,2,0,0,Rear-end,V1: Travelling straight ahead / V2: Travelling straight ahead,V1: E  / V2: W,Dry,Daylight,Clear,0.01,0,85,48,FALSE,34.24438675,-73.6513909
379,4/19/2002,April,Friday,9:30,2,2,1,0,Angle,V1: Turning left / V2: Overtaking/passing,V1: W  / V2: W,Dry,Daylight,Cloudy,0,0,80,47,FALSE,41.95428602,-71.28497548
380,4/19/2002,April,Friday,16:40,2,2,1,0,Rear-end,V1: Turning left / V2: Travelling straight ahead,V1: S  / V2: N,Wet,Daylight,Rain,0,0,80,47,FALSE,34.24438675,-73.6513909