ID,DATE,Month,Day of week,Crash Time,Crash Severity,Number of Vehicles,Total Nonfatal Injuries,Total Fatal Injuries,Manner of Collision,Vehicle Action Prior to Crash,Vehicle Travel Directions,Road Surface Condition,Ambient Light,Weather Condition,PRCP,SNOW,TMAX,TMIN,Ice,Longtitute,Latitute
381,4/19/2002,April,Friday,16:40,2,2,1,0,Angle,V1: Travelling straight ahead / V2: Slowing or stopped in traffic,V1: E  / V2: N,Wet,Daylight,Cloudy,0,0,80,47,FALSE,41.95026372,-71.2985466
382,4/19/2002,April,Friday,17:15,1,2,0,0,Angle,V1: 0 / V2: Travelling straight ahead,V1: N  / V2: E,Wet,Daylight,Rain,0,0,80,47,FALSE,41.89669874,-71.36724513
383,4/19/2002,April,Friday,17:40,0,2,0,0,Single vehicle crash,V1: Travelling straight ahead / V2: Other,V1: 0 / V2: S,Dry,Daylight,Cloudy,0,0,80,47,FALSE,41.91130764,-71.35852373
384,4/20/2002,April,Saturday,11:29,2,2,1,0,Rear-end,V1: Slowing or stopped in traffic / V2: Travelling straight ahead,V1: N  / V2: N,Dry,Daylight,Clear,0.03,0,72,46,FALSE,41.89903243,-71.355186
385,4/20/2002,April,Saturday,16:00,2,2,3,0,Angle,V1: Travelling straight ahead / V2: Turning left,V1: S  / V2: N,Wet,Daylight,Rain,0.03,0,72,46,FALSE,41.91619723,-71.35885587
386,4/20/2002,April,Saturday,19:47,2,2,3,0,Angle,V1: Turning left / V2: Travelling straight ahead,V1: N  / V2: E,Dry,Dark - lighted roadway,Cloudy,0.03,0,72,46,FALSE,41.91711015,-71.37372238
387,4/21/2002,April,Sunday,15:45,1,2,0,0,Rear-end,V1: Slowing or stopped in traffic / V2: Slowing or stopped in traffic,V1: N  / V2: N,Dry,Daylight,Cloudy,0,0,60,43,FALSE,41.92001474,-71.35778862
388,4/21/2002,April,Sunday,16:54,1,2,0,0,Single vehicle crash,V1: Turning left / V2: Overtaking/passing,V1: N  / V2: E,Dry,Daylight,Clear,0,0,60,43,FALSE,41.93505312,-71.29860583
389,4/22/2002,April,Monday,6:45,2,2,2,0,Rear-end,V1: Travelling straight ahead / V2: Slowing or stopped in traffic,V1: W  / V2: W,Dry,Daylight,Cloudy,0.23,0,44,37,FALSE,41.95428602,-71.28497548
390,4/22/2002,April,Monday,7:37,1,2,0,0,Rear-end,V1: Backing / V2: Slowing or stopped in traffic,V1: S  / V2: S,Wet,Daylight,Rain,0.23,0,44,37,FALSE,34.24438675,-73.6513909
391,4/22/2002,April,Monday,14:05,1,2,0,0,Rear-end,V1: Travelling straight ahead / V2: Slowing or stopped in traffic,V1: S  / V2: S,Wet,Daylight,Cloudy/Rain,0.23,0,44,37,FALSE,34.24438675,-73.6513909
392,4/22/2002,April,Monday,16:04,1,2,0,0,"Sideswipe, opposite direction",V1: Travelling straight ahead / V2: Travelling straight ahead,V1: E  / V2: W,Wet,Daylight,Rain,0.23,0,44,37,FALSE,34.24438675,-73.6513909
393,4/22/2002,April,Monday,18:07,1,1,0,0,Single vehicle crash,V1: Turning left,V1: N,Wet,Daylight,Rain,0.23,0,44,37,FALSE,41.93874704,-71.29215576
394,4/22/2002,April,Monday,18:45,2,2,3,0,Head-on,V1: Travelling straight ahead / V2: Travelling straight ahead,V1: S  / V2: N,Wet,Daylight,Cloudy/Rain,0.23,0,44,37,FALSE,41.92698054,-71.34520677
395,4/23/2002,April,Tuesday,3:30,2,1,1,0,Single vehicle crash,V1: Travelling straight ahead,V1: S,Wet,Dark - roadway not lighted,Cloudy/Rain,0.01,0,46,35,FALSE,41.91778196,-71.33340982
396,4/23/2002,April,Tuesday,3:50,1,2,0,0,Rear-end,V1: Travelling straight ahead / V2: Slowing or stopped in traffic,V1: E  / V2: E,Dry,Daylight,Clear,0.01,0,46,35,FALSE,34.24438675,-73.6513909
397,4/23/2002,April,Tuesday,6:30,2,2,2,0,Angle,V1: Travelling straight ahead / V2: Travelling straight ahead,V1: N  / V2: N,Wet,Daylight,Cloudy,0.01,0,46,35,FALSE,41.97570793,-71.29451489
398,4/23/2002,April,Tuesday,14:40,1,2,0,0,Angle,V1: Turning left / V2: Travelling straight ahead,V1: S  / V2: S,Dry,Daylight,Cloudy,0.01,0,46,35,FALSE,41.93409346,-71.29982899
399,4/23/2002,April,Tuesday,15:30,2,3,1,0,Rear-end,V1: Travelling straight ahead / V2: Travelling straight ahead / V3: Travelling straight ahead,V1: S  / V2: 0 / V3: S,Dry,Daylight,Cloudy,0.01,0,46,35,FALSE,41.9589661,-71.30200935
400,4/23/2002,April,Tuesday,17:20,2,2,1,0,Angle,V1: Travelling straight ahead / V2: Travelling straight ahead,V1: N  / V2: E,Dry,Daylight,Cloudy,0.01,0,46,35,FALSE,41.91711015,-71.37372238
401,4/24/2002,April,Wednesday,19:45,1,2,0,0,Rear-end,V1: Slowing or stopped in traffic / V2: Slowing or stopped in traffic,V1: N  / V2: N,Dry,Daylight,Clear,0,0,59,30,TRUE,41.92946161,-71.32262026
402,4/25/2002,April,Thursday,10:50,1,3,0,0,Rear-end,V1: Slowing or stopped in traffic / V2: Slowing or stopped in traffic / V3: Travelling straight ahead,V1: E  / V2: E  / V3: E,Dry,Daylight,Clear,0.82,0,57,33,FALSE,41.95375439,-71.26561207
403,4/25/2002,April,Thursday,14:30,0,2,0,0,"Sideswipe, same direction",V1: Turning right / V2: Travelling straight ahead,V1: N  / V2: N,Dry,Daylight,Cloudy,0.82,0,57,33,FALSE,41.91035947,-71.36314658
404,4/25/2002,April,Thursday,15:20,1,3,0,0,Angle,V1: Slowing or stopped in traffic / V2: Travelling straight ahead / V3: Slowing or stopped in traffic,V1: S  / V2: W  / V3: E,Dry,Daylight,Cloudy,0.82,0,57,33,FALSE,41.94007226,-71.29032337
405,4/26/2002,April,Friday,0:53,1,2,0,0,Angle,V1: Turning left / V2: Turning left,V1: S  / V2: 0,Wet,Dark - roadway not lighted,Cloudy/Rain,0,0,54,32,TRUE,41.90998013,-71.35802082
406,4/26/2002,April,Friday,3:01,2,1,1,0,Single vehicle crash,V1: Travelling straight ahead,V1: W,Dry,Dark - lighted roadway,Cloudy,0,0,54,32,TRUE,41.9544204,-71.24661252
407,4/26/2002,April,Friday,6:25,2,1,1,0,0,V1: Travelling straight ahead,V1: N,Wet,Dawn,Cloudy/Rain,0,0,54,32,TRUE,34.24438675,-73.6513909
408,4/26/2002,April,Friday,6:34,1,1,0,0,Single vehicle crash,V1: Travelling straight ahead,V1: N,Dry,Daylight,Clear,0,0,54,32,TRUE,41.90111807,-71.34339822
409,4/26/2002,April,Friday,15:40,1,2,0,0,Rear-end,V1: Slowing or stopped in traffic / V2: Travelling straight ahead,V1: S  / V2: S,Dry,Daylight,Cloudy,0,0,54,32,TRUE,41.90882151,-71.3639387
410,4/26/2002,April,Friday,18:15,2,1,1,0,0,V1: Slowing or stopped in traffic,V1: S,Dry,Daylight,Clear,0,0,54,32,TRUE,41.94579296,-71.28361247
411,4/26/2002,April,Friday,20:25,0,3,0,0,Head-on,V1: Travelling straight ahead / V2: Parked / V3: Parked,V1: S  / V2: 0 / V3: 0,Dry,Dark - roadway not lighted,Clear,0,0,54,32,TRUE,41.93687242,-71.2785744
412,4/27/2002,April,Saturday,7:00,1,1,0,0,Single vehicle crash,V1: Travelling straight ahead,V1: N,Dry,Daylight,Clear,0,0,62,29,TRUE,41.92969804,-71.32243362
413,4/27/2002,April,Saturday,15:35,2,2,1,0,Angle,V1: Travelling straight ahead / V2: Slowing or stopped in traffic,V1: N  / V2: E,Dry,Daylight,Clear,0,0,62,29,TRUE,41.93830895,-71.28203041
414,4/27/2002,April,Saturday,22:19,0,2,0,0,0,V1: Parked / V2: Changing lanes,V1: 0 / V2: E,Dry,Dark - lighted roadway,Cloudy,0,0,62,29,TRUE,41.93450428,-71.30360771
415,4/28/2002,April,Sunday,11:27,1,2,0,0,Angle,V1: Slowing or stopped in traffic / V2: Slowing or stopped in traffic,V1: S  / V2: W,Wet,Daylight,Rain,0.46,0,54,40,FALSE,41.95484304,-71.28856385
416,4/28/2002,April,Sunday,12:45,1,2,0,0,Angle,V1: Turning left / V2: Travelling straight ahead,V1: E  / V2: W,Wet,Daylight,Rain,0.46,0,54,40,FALSE,41.93405012,-71.31579284
417,4/28/2002,April,Sunday,16:00,2,2,1,0,Rear-end,V1: Travelling straight ahead / V2: Turning left,V1: N  / V2: N,Wet,Daylight,Cloudy/Rain,0.46,0,54,40,FALSE,41.91619723,-71.35885587
418,4/29/2002,April,Monday,12:30,2,2,1,0,Rear-end,V1: Slowing or stopped in traffic / V2: Slowing or stopped in traffic,V1: E  / V2: E,Dry,Daylight,Cloudy,0.13,0,45,34,FALSE,41.91982212,-71.35857678
419,4/29/2002,April,Monday,17:51,1,2,0,0,"Sideswipe, same direction",V1: Slowing or stopped in traffic / V2: Slowing or stopped in traffic,V1: W  / V2: W,Wet,Daylight,Cloudy,0.13,0,45,34,FALSE,41.95076301,-71.27397064
420,4/30/2002,April,Tuesday,22:47,2,2,1,0,Rear-end,V1: Travelling straight ahead / V2: Travelling straight ahead,V1: S  / V2: S,Dry,Dark - roadway not lighted,Clear,0.04,0,55,36,FALSE,34.24438675,-73.6513909
421,5/1/2002,May,Wednesday,12:17,1,2,0,0,Angle,V1: Travelling straight ahead / V2: Entering traffic lane,V1: W  / V2: E,Dry,Daylight,Clear,0,0,62,39,FALSE,41.94863015,-71.27756145
422,5/1/2002,May,Wednesday,18:42,2,2,2,0,Angle,V1: Travelling straight ahead / V2: Travelling straight ahead,V1: E  / V2: S,Dry,Daylight,Clear,0,0,62,39,FALSE,41.93475753,-71.27903355
423,5/1/2002,May,Wednesday,22:00,0,2,0,0,Angle,V1: Turning left / V2: Travelling straight ahead,V1: W  / V2: N,Dry,Dark - lighted roadway,Clear,0,0,62,39,FALSE,41.90682772,-71.35704387
424,5/2/2002,May,Thursday,7:38,1,2,0,0,Rear-end,V1: Slowing or stopped in traffic / V2: Slowing or stopped in traffic,V1: N  / V2: N,Wet,Daylight,Rain,0.64,0,50,38,FALSE,41.92148225,-71.29575048
425,5/2/2002,May,Thursday,14:30,0,2,0,0,Rear-end,V1: Slowing or stopped in traffic / V2: Travelling straight ahead,V1: N  / V2: N,Wet,Daylight,Cloudy/Rain,0.64,0,50,38,FALSE,41.92508738,-71.35628348
426,5/2/2002,May,Thursday,15:23,2,2,1,0,Angle,V1: Turning left / V2: Travelling straight ahead,V1: E  / V2: S,Wet,Daylight,Cloudy/Rain,0.64,0,50,38,FALSE,41.90857957,-71.36406078
427,5/2/2002,May,Thursday,15:57,2,2,1,0,Rear-end,V1: Slowing or stopped in traffic / V2: Slowing or stopped in traffic,V1: N  / V2: N,Wet,Daylight,Rain,0.64,0,50,38,FALSE,41.90796653,-71.35739499
428,5/2/2002,May,Thursday,17:12,1,2,0,0,Angle,V1: Turning left / V2: Travelling straight ahead,V1: 0 / V2: S,Wet,Daylight,Rain,0.64,0,50,38,FALSE,41.95180679,-71.2898592
429,5/2/2002,May,Thursday,23:08,1,2,0,0,Rear-end,V1: Slowing or stopped in traffic / V2: Slowing or stopped in traffic,V1: W  / V2: W,Wet,Dark - lighted roadway,Rain,0.64,0,50,38,FALSE,41.92614915,-71.34628794
430,5/3/2002,May,Friday,0:06,2,2,1,0,Rear-end,V1: Travelling straight ahead / V2: Parked,V1: W  / V2: W,Wet,Dark - lighted roadway,Rain,0,0,59,45,FALSE,41.90168645,-71.34227839
431,5/3/2002,May,Friday,13:52,2,2,1,0,Rear-end,V1: Slowing or stopped in traffic / V2: Travelling straight ahead,V1: S  / V2: S,Dry,Daylight,Clear,0,0,59,45,FALSE,41.90360134,-71.33791253
432,5/3/2002,May,Friday,16:43,1,2,0,0,Rear-end,V1: Travelling straight ahead / V2: Slowing or stopped in traffic,V1: 0 / V2: S,Dry,Daylight,Clear,0,0,59,45,FALSE,34.24438675,-73.6513909
433,5/3/2002,May,Friday,17:59,2,2,1,0,Angle,V1: Turning left / V2: Travelling straight ahead,V1: N  / V2: W,Dry,Daylight,Clear,0,0,59,45,FALSE,41.95451461,-71.24992613
434,5/4/2002,May,Saturday,13:10,1,2,0,0,Rear-end,V1: Travelling straight ahead / V2: Turning left,V1: N  / V2: N,Dry,Daylight,Clear,0,0,70,41,FALSE,41.94548184,-71.28559201
435,5/4/2002,May,Saturday,16:07,2,2,2,0,Angle,V1: Travelling straight ahead / V2: Travelling straight ahead,V1: E  / V2: N,Dry,Daylight,Clear,0,0,70,41,FALSE,41.93830895,-71.28203041
436,5/4/2002,May,Saturday,16:15,2,2,3,0,Rear-end,V1: Travelling straight ahead / V2: Slowing or stopped in traffic,V1: S  / V2: S,Dry,Daylight,Clear,0,0,70,41,FALSE,34.24438675,-73.6513909
437,5/6/2002,May,Monday,9:00,0,2,0,0,Angle,V1: Turning right / V2: Travelling straight ahead,V1: N  / V2: N,Dry,Daylight,Clear,0,0,75,46,FALSE,41.9676467,-71.29116001
438,5/6/2002,May,Monday,16:00,1,2,0,0,Rear-end,V1: Backing / V2: Parked,V1: S  / V2: E,Dry,Daylight,Clear,0,0,75,46,FALSE,34.24438675,-73.6513909
439,5/6/2002,May,Monday,19:00,1,1,0,0,0,V1: Travelling straight ahead,V1: E,Dry,Daylight,Cloudy,0,0,75,46,FALSE,34.24438675,-73.6513909
440,5/6/2002,May,Monday,21:57,2,2,2,0,Rear-end,V1: Slowing or stopped in traffic / V2: Slowing or stopped in traffic,V1: S  / V2: S,Dry,Dark - lighted roadway,Clear,0,0,75,46,FALSE,41.9370756,-71.28238678
441,5/7/2002,May,Tuesday,13:40,1,2,0,0,Rear-end,V1: Slowing or stopped in traffic / V2: Travelling straight ahead,V1: N  / V2: N,Dry,Daylight,Clear,0,0,74,53,FALSE,41.90964751,-71.36351027
442,5/7/2002,May,Tuesday,14:45,1,2,0,0,Rear-end,V1: Travelling straight ahead / V2: Slowing or stopped in traffic,V1: W  / V2: W,Dry,Daylight,Clear,0,0,74,53,FALSE,34.24438675,-73.6513909
443,5/7/2002,May,Tuesday,15:24,1,2,0,0,Rear-end,V1: Travelling straight ahead / V2: Travelling straight ahead,V1: N  / V2: N,Dry,Daylight,Clear,0,0,74,53,FALSE,41.94450501,-71.28411703
444,5/8/2002,May,Wednesday,12:20,0,2,0,0,Rear-end,V1: Travelling straight ahead / V2: Slowing or stopped in traffic,V1: N  / V2: N,Dry,Daylight,Clear,0,0,69,49,FALSE,41.90231125,-71.35597671
445,5/8/2002,May,Wednesday,14:12,1,2,0,0,Rear-end,V1: Travelling straight ahead / V2: Slowing or stopped in traffic,V1: S  / V2: S,Dry,Daylight,Clear,0,0,69,49,FALSE,41.93358571,-71.32352844
446,5/8/2002,May,Wednesday,14:50,1,2,0,0,Rear-end,V1: Slowing or stopped in traffic / V2: Slowing or stopped in traffic,V1: E  / V2: E,Dry,Daylight,Clear,0,0,69,49,FALSE,41.93399765,-71.3164087
447,5/9/2002,May,Thursday,0:50,1,1,0,0,Single vehicle crash,V1: Travelling straight ahead,V1: N,Dry,Dark - roadway not lighted,Clear,0,0,59,47,FALSE,41.90324995,-71.35285025
448,5/9/2002,May,Thursday,12:25,2,2,3,0,Angle,V1: 0 / V2: 0,V1: 0 / V2: 0,Dry,Daylight,Cloudy,0,0,59,47,FALSE,41.93806227,-71.29125944
449,5/9/2002,May,Thursday,13:02,1,1,0,0,Single vehicle crash,V1: Turning right,V1: S,Dry,Daylight,Cloudy,0,0,59,47,FALSE,41.94466875,-71.28335786
450,5/9/2002,May,Thursday,15:46,1,2,0,0,Rear-end,V1: Slowing or stopped in traffic / V2: Travelling straight ahead,V1: E  / V2: S,Dry,Daylight,Cloudy,0,0,59,47,FALSE,34.24438675,-73.6513909
451,5/10/2002,May,Friday,0:10,2,1,1,0,Single vehicle crash,V1: Travelling straight ahead,V1: S,Wet,Dark - lighted roadway,Rain,0.53,0,79,53,FALSE,34.24438675,-73.6513909
452,5/10/2002,May,Friday,4:50,1,2,0,0,Angle,V1: Turning left / V2: Travelling straight ahead,V1: 0 / V2: N,Dry,Daylight,Clear,0.53,0,79,53,FALSE,41.94231024,-71.28253433
453,5/10/2002,May,Friday,8:13,1,2,0,0,"Sideswipe, same direction",V1: Changing lanes / V2: Travelling straight ahead,V1: N  / V2: N,Dry,Daylight,Clear,0.53,0,79,53,FALSE,41.90930355,-71.35781776
454,5/10/2002,May,Friday,8:15,2,2,1,0,Rear-end,V1: Slowing or stopped in traffic / V2: Entering traffic lane,V1: E  / V2: E,Dry,Daylight,Clear,0.53,0,79,53,FALSE,41.93397835,-71.31876624
455,5/10/2002,May,Friday,9:45,1,2,0,0,Rear-end,V1: Slowing or stopped in traffic / V2: Slowing or stopped in traffic,V1: W  / V2: W,Dry,Daylight,Clear,0.53,0,79,53,FALSE,34.24438675,-73.6513909
456,5/10/2002,May,Friday,14:00,1,2,0,0,Rear-end,V1: Travelling straight ahead / V2: Slowing or stopped in traffic,V1: E  / V2: E,Dry,Daylight,Clear,0.53,0,79,53,FALSE,34.24438675,-73.6513909
457,5/11/2002,May,Saturday,10:50,0,1,0,0,Single vehicle crash,V1: Travelling straight ahead,V1: S,Dry,Daylight,Clear,0,0,69,48,FALSE,34.24438675,-73.6513909
458,5/12/2002,May,Sunday,11:30,0,2,0,0,Angle,V1: Travelling straight ahead / V2: Turning left,V1: W  / V2: E,Dry,Daylight,Clear,0.42,0,58,46,FALSE,41.92387717,-71.35158914
459,5/12/2002,May,Sunday,16:40,0,2,0,0,"Sideswipe, opposite direction",V1: Travelling straight ahead / V2: Travelling straight ahead,V1: S  / V2: N,Dry,Daylight,Clear,0.42,0,58,46,FALSE,34.24438675,-73.6513909
460,5/13/2002,May,Monday,3:52,2,2,2,0,Angle,V1: Other / V2: Turning left,V1: E  / V2: E,Wet,Daylight,Rain,1.79,0,48,43,FALSE,34.24438675,-73.6513909
461,5/13/2002,May,Monday,11:47,1,2,0,0,Angle,V1: Turning right / V2: Travelling straight ahead,V1: N  / V2: N,Wet,Daylight,Cloudy,1.79,0,48,43,FALSE,41.90964751,-71.36351027
462,5/13/2002,May,Monday,11:50,1,2,0,0,"Sideswipe, opposite direction",V1: Turning left / V2: Travelling straight ahead,V1: E  / V2: S,"Water (standing, moving)",Daylight,Rain,1.79,0,48,43,FALSE,41.95180679,-71.2898592
463,5/13/2002,May,Monday,14:35,0,2,0,0,Rear-end,V1: Turning left / V2: Travelling straight ahead,V1: N  / V2: N,Wet,Daylight,Rain,1.79,0,48,43,FALSE,41.91649569,-71.30362942
464,5/13/2002,May,Monday,16:10,0,2,0,0,Angle,V1: Turning left / V2: Travelling straight ahead,V1: E  / V2: S,Wet,Daylight,Rain,1.79,0,48,43,FALSE,41.92387717,-71.35158914
465,5/14/2002,May,Tuesday,7:05,1,2,0,0,Rear-end,V1: Travelling straight ahead / V2: Slowing or stopped in traffic,V1: E  / V2: E,Wet,Daylight,Rain,0.54,0,64,43,FALSE,41.922297,-71.35424206
466,5/14/2002,May,Tuesday,15:57,1,2,0,0,Angle,V1: Turning left / V2: Travelling straight ahead,V1: E  / V2: S,Dry,Daylight,Cloudy,0.54,0,64,43,FALSE,41.94683059,-71.28375978
467,5/15/2002,May,Wednesday,7:27,1,2,0,0,Rear-end,V1: Travelling straight ahead / V2: 0,V1: W  / V2: W,Dry,Daylight,Clear,0,0,61,42,FALSE,41.93786245,-71.26567694
468,5/15/2002,May,Wednesday,20:49,2,2,1,0,Rear-end,V1: Parked / V2: Travelling straight ahead,V1: E  / V2: E,Dry,Dark - lighted roadway,Clear,0,0,61,42,FALSE,41.94612877,-71.27715097
469,5/16/2002,May,Thursday,15:17,1,2,0,0,Angle,V1: Changing lanes / V2: Turning right,V1: S  / V2: W,Dry,Daylight,Clear,0,0,79,42,FALSE,34.24438675,-73.6513909
470,5/16/2002,May,Thursday,15:45,0,1,0,0,Rear-end,V1: Parked,V1: 0,"Sand, mud, dirt, oil, gravel",Daylight,Clear,0,0,79,42,FALSE,41.93744084,-71.3218779
471,5/16/2002,May,Thursday,18:05,0,1,0,0,Single vehicle crash,V1: Travelling straight ahead,V1: S,Dry,Daylight,Clear,0,0,79,42,FALSE,41.94951619,-71.28420819
472,5/17/2002,May,Friday,2:15,2,1,1,0,Single vehicle crash,V1: Travelling straight ahead,V1: 0,Dry,Dark - roadway not lighted,Clear,0.04,0,76,53,FALSE,41.95517492,-71.30396871
473,5/17/2002,May,Friday,14:00,1,2,0,0,Rear-end,V1: Travelling straight ahead / V2: Slowing or stopped in traffic,V1: W  / V2: W,Dry,Daylight,Clear,0.04,0,76,53,FALSE,41.93623387,-71.28481203
474,5/17/2002,May,Friday,19:29,1,1,0,0,Single vehicle crash,V1: Travelling straight ahead,V1: N,Dry,Daylight,Cloudy,0.04,0,76,53,FALSE,41.94495215,-71.2846593
475,5/18/2002,May,Saturday,1:10,1,2,0,0,Angle,V1: Turning left / V2: Travelling straight ahead,V1: 0 / V2: 0,Wet,Daylight,Cloudy,1.43,0,53,37,FALSE,41.92031935,-71.22862282
476,5/18/2002,May,Saturday,1:50,2,1,3,0,Single vehicle crash,V1: Travelling straight ahead,V1: S,Wet,Dark - roadway not lighted,Cloudy/Rain,1.43,0,53,37,FALSE,34.24438675,-73.6513909
477,5/18/2002,May,Saturday,10:20,0,2,0,0,Angle,V1: Travelling straight ahead / V2: Turning left,V1: 0 / V2: 0,Wet,Daylight,Rain,1.43,0,53,37,FALSE,41.92387717,-71.35158914
478,5/18/2002,May,Saturday,10:43,1,2,0,0,Angle,V1: Turning left / V2: Travelling straight ahead,V1: E  / V2: N,Wet,Daylight,Rain,1.43,0,53,37,FALSE,41.90964751,-71.36351027
479,5/18/2002,May,Saturday,12:51,2,1,1,0,Single vehicle crash,V1: Travelling straight ahead,V1: E,Wet,Daylight,Cloudy/Rain,1.43,0,53,37,FALSE,41.93583828,-71.27281559
480,5/18/2002,May,Saturday,15:21,1,2,0,0,Angle,V1: Travelling straight ahead / V2: Travelling straight ahead,V1: N  / V2: E,Wet,Daylight,Rain,1.43,0,53,37,FALSE,41.93807284,-71.27834941
481,5/18/2002,May,Saturday,17:46,2,1,2,0,Single vehicle crash,V1: Travelling straight ahead,V1: W,Wet,Daylight,Cloudy,1.43,0,53,37,FALSE,41.94535736,-71.28960873
482,5/19/2002,May,Sunday,11:52,1,2,0,0,Rear-end,V1: Slowing or stopped in traffic / V2: Travelling straight ahead,V1: S  / V2: S,Dry,Daylight,Clear,0,0,62,34,FALSE,41.90257689,-71.3560405
483,5/19/2002,May,Sunday,20:00,2,1,1,0,Single vehicle crash,V1: Travelling straight ahead,V1: S,Dry,Daylight,Clear,0,0,62,34,FALSE,41.90569855,-71.34665727
484,5/20/2002,May,Monday,6:51,2,1,1,0,Single vehicle crash,V1: Travelling straight ahead,V1: S,Dry,Daylight,Clear,0,0,59,36,FALSE,41.92906748,-71.2246876
485,5/20/2002,May,Monday,8:34,1,2,0,0,Rear-end,V1: Travelling straight ahead / V2: Turning left,V1: E  / V2: E,Dry,Daylight,Clear,0,0,59,36,FALSE,41.95412511,-71.26145837
486,5/20/2002,May,Monday,14:02,2,2,1,0,Rear-end,V1: Entering traffic lane / V2: Slowing or stopped in traffic,V1: S  / V2: S,Dry,Daylight,Cloudy,0,0,59,36,FALSE,41.90261606,-71.35590689
487,5/20/2002,May,Monday,14:51,0,2,0,0,Rear-end,V1: Travelling straight ahead / V2: Travelling straight ahead,V1: S  / V2: E,Dry,Daylight,Clear,0,0,59,36,FALSE,34.24438675,-73.6513909
488,5/20/2002,May,Monday,19:05,0,2,0,0,Angle,V1: Travelling straight ahead / V2: Travelling straight ahead,V1: N  / V2: W,Dry,Daylight,Clear,0,0,59,36,FALSE,41.94470433,-71.2812252
489,5/21/2002,May,Tuesday,13:45,2,2,1,0,Rear-end,V1: Travelling straight ahead / V2: Slowing or stopped in traffic,V1: N  / V2: N,Dry,Daylight,Clear,0.01,0,64,34,FALSE,41.96712418,-71.29097941
490,5/21/2002,May,Tuesday,14:00,1,2,0,0,Rear-end,V1: Travelling straight ahead / V2: Slowing or stopped in traffic,V1: W  / V2: W,Dry,Daylight,Clear,0.01,0,64,34,FALSE,41.9483337,-71.27794679
491,5/21/2002,May,Tuesday,15:00,1,2,0,0,Rear-end,V1: Travelling straight ahead / V2: Slowing or stopped in traffic,V1: E  / V2: E,Dry,Daylight,Clear,0.01,0,64,34,FALSE,34.24438675,-73.6513909
492,5/21/2002,May,Tuesday,15:35,1,2,0,0,Rear-end,V1: Travelling straight ahead / V2: Slowing or stopped in traffic,V1: S  / V2: S,Dry,Daylight,Clear,0.01,0,64,34,FALSE,34.24438675,-73.6513909
493,5/21/2002,May,Tuesday,16:45,0,2,0,0,Angle,V1: Turning left / V2: Travelling straight ahead,V1: N  / V2: S,Dry,Daylight,Clear,0.01,0,64,34,FALSE,34.24438675,-73.6513909
494,5/23/2002,May,Thursday,12:00,1,1,0,0,Single vehicle crash,V1: Backing,V1: N,Dry,Daylight,Clear,0,0,76,41,FALSE,41.92982228,-71.29572299
495,5/23/2002,May,Thursday,17:40,2,2,1,0,Rear-end,V1: Travelling straight ahead / V2: Slowing or stopped in traffic,V1: S  / V2: 0,Dry,Daylight,Clear,0,0,76,41,FALSE,41.97051377,-71.29571663
496,5/23/2002,May,Thursday,22:56,1,2,0,0,Single vehicle crash,V1: Travelling straight ahead / V2: Parked,V1: W  / V2: 0,Dry,Dark - lighted roadway,Clear,0,0,76,41,FALSE,41.91956286,-71.257761
497,5/24/2002,May,Friday,7:13,1,2,0,0,Angle,V1: Turning left / V2: Travelling straight ahead,V1: S  / V2: E,Dry,Daylight,Clear,0,0,87,46,FALSE,34.24438675,-73.6513909
498,5/24/2002,May,Friday,12:00,1,2,0,0,Angle,V1: Backing / V2: Travelling straight ahead,V1: N  / V2: S,Wet,Dark - lighted roadway,Rain,0,0,87,46,FALSE,34.24438675,-73.6513909
499,5/24/2002,May,Friday,16:45,1,1,0,0,Single vehicle crash,V1: Travelling straight ahead,V1: W,Dry,Daylight,Clear,0,0,87,46,FALSE,41.92650868,-71.35580204
500,5/25/2002,May,Saturday,10:29,2,2,1,0,Angle,V1: Travelling straight ahead / V2: Slowing or stopped in traffic,V1: W  / V2: N,Dry,Daylight,Clear,0,0,65,46,FALSE,34.24438675,-73.6513909
501,5/25/2002,May,Saturday,10:30,1,2,0,0,Rear-end,V1: Slowing or stopped in traffic / V2: Slowing or stopped in traffic,V1: E  / V2: E,Dry,Daylight,Clear,0,0,65,46,FALSE,34.24438675,-73.6513909
502,5/25/2002,May,Saturday,22:18,1,3,0,0,Rear-end,V1: Travelling straight ahead / V2: Slowing or stopped in traffic / V3: Slowing or stopped in traffic,V1: S  / V2: S  / V3: S,Dry,Dark - lighted roadway,Cloudy,0,0,65,46,FALSE,41.91982212,-71.35857678
503,5/26/2002,May,Sunday,18:06,2,2,2,0,Rear-end,V1: Travelling straight ahead / V2: Slowing or stopped in traffic,V1: N  / V2: N,Dry,Daylight,Cloudy,0,0,66,44,FALSE,41.91463957,-71.35904891
504,5/26/2002,May,Sunday,19:12,2,2,1,0,Rear-end,V1: Travelling straight ahead / V2: Travelling straight ahead,V1: E  / V2: E,Wet,Daylight,Rain,0,0,66,44,FALSE,41.93405012,-71.31579284
505,5/27/2002,May,Monday,12:10,2,2,1,0,Rear-to-rear,V1: Travelling straight ahead / V2: Travelling straight ahead,V1: N  / V2: N,Dry,Daylight,Clear,0.04,0,80,55,FALSE,41.92521765,-71.28783389
506,5/27/2002,May,Monday,14:22,0,2,0,0,Angle,V1: Travelling straight ahead / V2: Travelling straight ahead,V1: E  / V2: S,Dry,Daylight,Clear,0.04,0,80,55,FALSE,41.94470433,-71.2812252
507,5/27/2002,May,Monday,17:40,1,1,0,0,Single vehicle crash,V1: Travelling straight ahead,V1: N,Dry,Daylight,Clear,0.04,0,80,55,FALSE,41.89889624,-71.34632647
508,5/27/2002,May,Monday,21:10,1,1,0,0,Single vehicle crash,V1: Travelling straight ahead,V1: W,Dry,Dark - lighted roadway,Clear,0.04,0,80,55,FALSE,41.90467649,-71.32396108
509,5/28/2002,May,Tuesday,0:51,1,1,0,0,Single vehicle crash,V1: Making U-turn,V1: E,Dry,Dark - lighted roadway,Clear,0.26,0,76,59,FALSE,41.94922019,-71.27680992