ID,DATE,Month,Day of week,Crash Time,Crash Severity,Number of Vehicles,Total Nonfatal Injuries,Total Fatal Injuries,Manner of Collision,Vehicle Action Prior to Crash,Vehicle Travel Directions,Road Surface Condition,Ambient Light,Weather Condition,PRCP,SNOW,TMAX,TMIN,Ice,Longtitute,Latitute
510,5/28/2002,May,Tuesday,6:51,1,2,0,0,Angle,V1: Entering traffic lane / V2: Travelling straight ahead,V1: W  / V2: S,Dry,Daylight,Clear,0.26,0,76,59,FALSE,41.93840858,-71.28352591
511,5/28/2002,May,Tuesday,9:00,1,2,0,0,Rear-end,V1: Slowing or stopped in traffic / V2: Travelling straight ahead,V1: S  / V2: S,Dry,Daylight,Cloudy,0.26,0,76,59,FALSE,41.9550406,-71.28848654
512,5/28/2002,May,Tuesday,12:48,2,2,2,0,Rear-end,V1: Slowing or stopped in traffic / V2: Travelling straight ahead,V1: E  / V2: E,Wet,Daylight,Cloudy,0.26,0,76,59,FALSE,41.95287787,-71.26899686
513,5/29/2002,May,Wednesday,17:01,2,2,1,0,"Sideswipe, same direction",V1: Slowing or stopped in traffic / V2: Travelling straight ahead,V1: N  / V2: N,Dry,Daylight,Clear,0,0,78,59,FALSE,41.90630452,-71.3171196
514,5/30/2002,May,Thursday,3:55,2,2,1,0,Rear-end,V1: Slowing or stopped in traffic / V2: Travelling straight ahead,V1: S  / V2: S,Dry,Dark - roadway not lighted,Fog,0,0,80,58,FALSE,41.95908916,-71.301928
515,5/30/2002,May,Thursday,12:50,2,2,1,0,Angle,V1: Travelling straight ahead / V2: Travelling straight ahead,V1: E  / V2: S,Dry,Daylight,Clear,0,0,80,58,FALSE,41.90588782,-71.37669559
516,5/30/2002,May,Thursday,13:15,2,2,1,0,"Sideswipe, opposite direction",V1: Travelling straight ahead / V2: Travelling straight ahead,V1: E  / V2: W,Dry,Daylight,Clear,0,0,80,58,FALSE,34.24438675,-73.6513909
517,5/30/2002,May,Thursday,18:25,1,2,0,0,"Sideswipe, same direction",V1: Turning right / V2: Overtaking/passing,V1: N  / V2: N,Dry,Daylight,Clear,0,0,80,58,FALSE,41.93623387,-71.28481203
518,5/31/2002,May,Friday,11:20,1,2,0,0,Rear-end,V1: Travelling straight ahead / V2: Travelling straight ahead,V1: E  / V2: E,Wet,Dark - lighted roadway,Rain,0.47,0,79,62,FALSE,41.94344652,-71.28559566
519,5/31/2002,May,Friday,13:50,1,2,0,0,Rear-end,V1: Travelling straight ahead / V2: Changing lanes,V1: S  / V2: S,Dry,Daylight,Clear,0.47,0,79,62,FALSE,34.24438675,-73.6513909
520,5/31/2002,May,Friday,16:50,1,3,0,0,Angle,V1: Turning left / V2: Travelling straight ahead / V3: Slowing or stopped in traffic,V1: S  / V2: N  / V3: W,Dry,Daylight,Cloudy,0.47,0,79,62,FALSE,41.95484304,-71.28856385
521,5/31/2002,May,Friday,18:58,2,2,1,0,Rear-end,V1: Travelling straight ahead / V2: Travelling straight ahead,V1: W  / V2: N,Dry,Dusk,Cloudy,0.47,0,79,62,FALSE,41.91802439,-71.3593539
522,5/31/2002,May,Friday,19:37,2,2,1,0,Rear-end,V1: Slowing or stopped in traffic / V2: Travelling straight ahead,V1: S  / V2: S,Wet,Dusk,Cloudy/Rain,0.47,0,79,62,FALSE,34.24438675,-73.6513909
523,6/1/2002,June,Saturday,9:24,2,2,1,0,Angle,V1: Travelling straight ahead / V2: Travelling straight ahead,V1: W  / V2: W,Dry,Daylight,Clear,0,0,86,60,FALSE,34.24438675,-73.6513909
524,6/1/2002,June,Saturday,14:40,2,2,1,0,Angle,V1: Travelling straight ahead / V2: Turning left,V1: N  / V2: S,Dry,Daylight,Clear,0,0,86,60,FALSE,41.93846875,-71.28469502
525,6/2/2002,June,Sunday,12:45,2,2,1,0,Rear-end,V1: Slowing or stopped in traffic / V2: Slowing or stopped in traffic,V1: E  / V2: E,Dry,Daylight,Clear,0,0,77,51,FALSE,41.95130281,-71.27263126
526,6/2/2002,June,Sunday,13:00,2,2,2,0,Rear-end,V1: Travelling straight ahead / V2: Travelling straight ahead,V1: E  / V2: E,Dry,Daylight,Cloudy,0,0,77,51,FALSE,41.93397764,-71.31903245
527,6/2/2002,June,Sunday,13:15,1,2,0,0,Angle,V1: Entering traffic lane / V2: Travelling straight ahead,V1: N  / V2: S,Dry,Daylight,Clear,0,0,77,51,FALSE,41.90582226,-71.36546869
528,6/2/2002,June,Sunday,14:21,2,2,2,0,Rear-end,V1: Turning left / V2: Travelling straight ahead,V1: E  / V2: W,Dry,Daylight,Cloudy,0,0,77,51,FALSE,41.93623387,-71.28481203
529,6/2/2002,June,Sunday,22:33,1,2,0,0,Rear-end,V1: Slowing or stopped in traffic / V2: 0,V1: E  / V2: 0,Dry,Dark - 0 roadway lighting,Clear,0,0,77,51,FALSE,41.89804027,-71.37674712
530,6/3/2002,June,Monday,6:00,0,2,0,0,Head-on,V1: Travelling straight ahead / V2: Parked,V1: W  / V2: 0,Dry,Dawn,Clear,0,0,73,45,FALSE,34.24438675,-73.6513909
531,6/3/2002,June,Monday,13:15,1,2,0,0,Rear-end,V1: Travelling straight ahead / V2: Slowing or stopped in traffic,V1: W  / V2: W,Dry,Daylight,Clear,0,0,73,45,FALSE,41.92241545,-71.31336866
532,6/4/2002,June,Tuesday,1:10,2,3,1,0,Angle,V1: Parked / V2: Overtaking/passing / V3: 0,V1: 0 / V2: 0 / V3: 0,Dry,Daylight,Clear,0,0,74,42,FALSE,41.95316011,-71.26809412
533,6/4/2002,June,Tuesday,12:15,1,2,0,0,"Sideswipe, same direction",V1: Travelling straight ahead / V2: Parked,V1: N  / V2: 0,Dry,Daylight,Clear,0,0,74,42,FALSE,34.24438675,-73.6513909
534,6/4/2002,June,Tuesday,12:40,2,1,1,0,Single vehicle crash,V1: Travelling straight ahead,V1: S,Dry,Daylight,Clear,0,0,74,42,FALSE,41.9435148,-71.3084826
535,6/4/2002,June,Tuesday,13:31,0,2,0,0,Angle,V1: Parked / V2: Travelling straight ahead,V1: 0 / V2: N,Dry,Daylight,Clear,0,0,74,42,FALSE,41.92009938,-71.35745712
536,6/4/2002,June,Tuesday,19:50,2,2,1,0,Rear-end,V1: Slowing or stopped in traffic / V2: Travelling straight ahead,V1: N  / V2: N,Dry,Dusk,Clear,0,0,74,42,FALSE,34.24438675,-73.6513909
537,6/5/2002,June,Wednesday,13:46,1,2,0,0,"Sideswipe, same direction",V1: Changing lanes / V2: Travelling straight ahead,V1: N  / V2: N,Wet,Daylight,Cloudy/Rain,0.09,0,73,57,FALSE,41.91802439,-71.3593539
538,6/5/2002,June,Wednesday,18:02,1,3,0,0,Rear-end,V1: Travelling straight ahead / V2: Slowing or stopped in traffic / V3: Slowing or stopped in traffic,V1: S  / V2: S  / V3: S,Wet,Daylight,Cloudy/Rain,0.09,0,73,57,FALSE,41.93623387,-71.28481203
539,6/6/2002,June,Thursday,2:40,1,2,0,0,Angle,V1: Travelling straight ahead / V2: Travelling straight ahead,V1: S  / V2: N,Wet,Daylight,Rain,1.77,0,70,52,FALSE,34.24438675,-73.6513909
540,6/6/2002,June,Thursday,3:15,1,1,0,0,Single vehicle crash,V1: Travelling straight ahead,V1: E,Wet,Dark - lighted roadway,Cloudy/Rain,1.77,0,70,52,FALSE,41.93572085,-71.32783777
541,6/6/2002,June,Thursday,5:20,1,2,0,0,Angle,V1: Travelling straight ahead / V2: Travelling straight ahead,V1: E  / V2: N,Wet,Daylight,Cloudy/Rain,1.77,0,70,52,FALSE,41.93808003,-71.27597724
542,6/6/2002,June,Thursday,16:40,1,3,0,0,Rear-end,V1: Travelling straight ahead / V2: Travelling straight ahead / V3: Turning right,V1: N  / V2: N  / V3: N,Wet,Daylight,Rain,1.77,0,70,52,FALSE,41.94245198,-71.28698244
543,6/6/2002,June,Thursday,19:52,1,2,0,0,Rear-end,V1: Slowing or stopped in traffic / V2: Travelling straight ahead,V1: W  / V2: W,Wet,Dusk,Rain,1.77,0,70,52,FALSE,34.24438675,-73.6513909
544,6/7/2002,June,Friday,7:30,1,1,0,0,Single vehicle crash,V1: Travelling straight ahead,V1: N,Wet,Daylight,Cloudy/Rain,0.91,0,56,43,FALSE,41.94413491,-71.27260127
545,6/7/2002,June,Friday,9:39,1,2,0,0,Rear-end,V1: Slowing or stopped in traffic / V2: Travelling straight ahead,V1: E  / V2: E,Wet,Daylight,Rain,0.91,0,56,43,FALSE,41.94344652,-71.28559566
546,6/7/2002,June,Friday,11:12,2,2,1,0,Angle,V1: Turning left / V2: Slowing or stopped in traffic,V1: N  / V2: S,Wet,Daylight,Cloudy/Rain,0.91,0,56,43,FALSE,41.89631025,-71.38076723
547,6/7/2002,June,Friday,11:50,2,2,1,0,Angle,V1: Turning left / V2: Travelling straight ahead,V1: W  / V2: N,Wet,Daylight,Cloudy/Rain,0.91,0,56,43,FALSE,41.91562886,-71.36047108
548,6/7/2002,June,Friday,12:00,1,2,0,0,Rear-end,V1: Turning left / V2: Travelling straight ahead,V1: E  / V2: E,Wet,Daylight,Rain,0.91,0,56,43,FALSE,34.24438675,-73.6513909
549,6/7/2002,June,Friday,13:25,1,2,0,0,Angle,V1: Travelling straight ahead / V2: Travelling straight ahead,V1: W  / V2: E,Wet,Daylight,Cloudy/Rain,0.91,0,56,43,FALSE,34.24438675,-73.6513909
550,6/7/2002,June,Friday,22:39,0,2,0,0,Angle,V1: Turning left / V2: Travelling straight ahead,V1: W  / V2: E,Dry,Dark - lighted roadway,Clear,0.91,0,56,43,FALSE,41.91982212,-71.35857678
551,6/8/2002,June,Saturday,11:12,0,1,0,0,Single vehicle crash,V1: Parked,V1: E,Dry,Daylight,Clear,0,0,72,40,FALSE,41.91759964,-71.35972818
552,6/8/2002,June,Saturday,12:10,2,1,1,0,Single vehicle crash,V1: Travelling straight ahead,V1: S,Dry,Daylight,Clear,0,0,72,40,FALSE,34.24438675,-73.6513909
553,6/8/2002,June,Saturday,12:17,2,2,2,0,Angle,V1: Travelling straight ahead / V2: 0,V1: N  / V2: 0,Dry,Dark - lighted roadway,Clear,0,0,72,40,FALSE,41.92114945,-71.29689074
554,6/8/2002,June,Saturday,14:40,1,2,0,0,Angle,V1: Turning left / V2: Travelling straight ahead,V1: N  / V2: S,Dry,Daylight,Clear,0,0,72,40,FALSE,41.94450501,-71.28411703
555,6/8/2002,June,Saturday,21:10,2,2,1,0,Angle,V1: Travelling straight ahead / V2: Travelling straight ahead,V1: N  / V2: N,Wet,Dark - roadway not lighted,Clear,0,0,72,40,FALSE,41.92969804,-71.32243362
556,6/9/2002,June,Sunday,2:30,2,1,1,0,Single vehicle crash,V1: Travelling straight ahead,V1: N,Dry,Dark - roadway not lighted,Clear,0,0,82,48,FALSE,34.24438675,-73.6513909
557,6/9/2002,June,Sunday,15:07,1,3,0,0,Rear-end,V1: Slowing or stopped in traffic / V2: Slowing or stopped in traffic / V3: Slowing or stopped in traffic,V1: S  / V2: S  / V3: S,Dry,Daylight,Clear,0,0,82,48,FALSE,34.24438675,-73.6513909
558,6/10/2002,June,Monday,16:13,1,2,0,0,Rear-end,V1: Slowing or stopped in traffic / V2: Travelling straight ahead,V1: 0 / V2: 0,Dry,Daylight,Clear,0,0,78,56,FALSE,41.94519466,-71.28103716
559,6/10/2002,June,Monday,17:20,1,2,0,0,Angle,V1: Travelling straight ahead / V2: 0,V1: N  / V2: W,Dry,Daylight,Clear,0,0,78,56,FALSE,41.89733197,-71.36979234
560,6/11/2002,June,Tuesday,12:48,1,2,0,0,Rear-end,V1: Travelling straight ahead / V2: Slowing or stopped in traffic,V1: W  / V2: W,Dry,Daylight,Clear,0,0,87,55,FALSE,41.9120082,-71.2587778
561,6/11/2002,June,Tuesday,14:46,2,3,1,0,Rear-end,V1: Travelling straight ahead / V2: Travelling straight ahead / V3: Travelling straight ahead,V1: 0 / V2: 0 / V3: 0,Dry,Daylight,Clear,0,0,87,55,FALSE,41.96021054,-71.28783809
562,6/11/2002,June,Tuesday,15:12,2,2,1,0,Angle,V1: Turning left / V2: Travelling straight ahead,V1: S  / V2: N,Dry,Daylight,Clear,0,0,87,55,FALSE,41.92508738,-71.35628348
563,6/11/2002,June,Tuesday,16:00,2,3,2,0,Rear-end,V1: Travelling straight ahead / V2: Slowing or stopped in traffic / V3: Slowing or stopped in traffic,V1: E  / V2: E  / V3: E,Dry,Daylight,Clear,0,0,87,55,FALSE,41.92885029,-71.33906641
564,6/11/2002,June,Tuesday,19:30,1,2,0,0,Rear-end,V1: Slowing or stopped in traffic / V2: Travelling straight ahead,V1: W  / V2: W,Dry,Daylight,Clear,0,0,87,55,FALSE,41.93150481,-71.33366365
565,6/12/2002,June,Wednesday,7:15,2,2,1,0,Rear-end,V1: Travelling straight ahead / V2: Travelling straight ahead,V1: N  / V2: N,Dry,Daylight,Clear,0.02,0,57,50,FALSE,41.95888043,-71.30148598
566,6/12/2002,June,Wednesday,7:35,1,2,0,0,Rear-end,V1: Travelling straight ahead / V2: Travelling straight ahead,V1: N  / V2: N,Dry,Daylight,Cloudy,0.02,0,57,50,FALSE,41.94219953,-71.26997543
567,6/12/2002,June,Wednesday,8:05,1,2,0,0,Rear-end,V1: Slowing or stopped in traffic / V2: Travelling straight ahead,V1: N  / V2: N,Dry,Daylight,Clear,0.02,0,57,50,FALSE,41.9551108,-71.30465266
568,6/12/2002,June,Wednesday,8:15,1,2,0,0,Rear-end,V1: Slowing or stopped in traffic / V2: Travelling straight ahead,V1: N  / V2: N,Dry,Daylight,Clear,0.02,0,57,50,FALSE,41.92969804,-71.32243362
569,6/12/2002,June,Wednesday,15:30,1,2,0,0,Rear-end,V1: Travelling straight ahead / V2: Slowing or stopped in traffic,V1: W  / V2: W,Wet,Daylight,Cloudy/Rain,0.02,0,57,50,FALSE,34.24438675,-73.6513909
570,6/12/2002,June,Wednesday,18:01,2,2,1,0,Rear-end,V1: Travelling straight ahead / V2: 0,V1: S  / V2: S,Wet,Daylight,Rain,0.02,0,57,50,FALSE,41.92271654,-71.29227505
571,6/12/2002,June,Wednesday,18:10,1,2,0,0,"Sideswipe, same direction",V1: Turning left / V2: Slowing or stopped in traffic,V1: N  / V2: W,Wet,Daylight,Cloudy,0.02,0,57,50,FALSE,34.24438675,-73.6513909
572,6/13/2002,June,Thursday,7:55,1,2,0,0,Angle,V1: Travelling straight ahead / V2: Turning left,V1: S  / V2: N,Dry,Daylight,Clear,0.01,0,64,50,FALSE,41.93376807,-71.30031418
573,6/13/2002,June,Thursday,11:55,1,3,0,0,Rear-end,V1: Travelling straight ahead / V2: 0 / V3: Slowing or stopped in traffic,V1: S  / V2: S  / V3: S,Dry,Daylight,Clear,0.01,0,64,50,FALSE,41.96889358,-71.2914873
574,6/13/2002,June,Thursday,18:00,2,3,1,0,Rear-end,V1: Slowing or stopped in traffic / V2: Slowing or stopped in traffic / V3: Travelling straight ahead,V1: S  / V2: S  / V3: S,Dry,Daylight,Clear,0.01,0,64,50,FALSE,41.97051377,-71.29571663
575,6/14/2002,June,Friday,12:40,2,2,1,0,Angle,V1: Travelling straight ahead / V2: Travelling straight ahead,V1: N  / V2: S,Wet,Daylight,Cloudy,0.08,0,64,52,FALSE,41.92913729,-71.35380452
576,6/14/2002,June,Friday,12:50,1,2,0,0,Rear-end,V1: Travelling straight ahead / V2: Slowing or stopped in traffic,V1: N  / V2: N,Wet,Daylight,Cloudy/Rain,0.08,0,64,52,FALSE,41.92982927,-71.35349399
577,6/14/2002,June,Friday,15:30,1,2,0,0,Rear-end,V1: Slowing or stopped in traffic / V2: Travelling straight ahead,V1: S  / V2: 0,Dry,Daylight,Cloudy,0.08,0,64,52,FALSE,41.97296747,-71.29534829
578,6/14/2002,June,Friday,16:00,0,2,0,0,Angle,V1: Travelling straight ahead / V2: Turning left,V1: N  / V2: W,Wet,Daylight,Cloudy/Rain,0.08,0,64,52,FALSE,41.90682772,-71.35704387
579,6/14/2002,June,Friday,19:28,2,2,1,0,Angle,V1: Turning left / V2: Travelling straight ahead,V1: W  / V2: 0,Wet,Dusk,Cloudy,0.08,0,64,52,FALSE,41.89733197,-71.36979234
580,6/14/2002,June,Friday,21:45,2,2,1,0,Angle,V1: Turning left / V2: Travelling straight ahead,V1: W  / V2: S,Wet,Dark - lighted roadway,Cloudy,0.08,0,64,52,FALSE,41.91007321,-71.36329247
581,6/15/2002,June,Saturday,5:26,1,2,0,0,Angle,V1: Other / V2: Travelling straight ahead,V1: S  / V2: N,Wet,Daylight,Cloudy/Rain,0.59,0,56,49,FALSE,34.24438675,-73.6513909
582,6/15/2002,June,Saturday,13:22,2,2,1,0,Rear-end,V1: Slowing or stopped in traffic / V2: Travelling straight ahead,V1: S  / V2: S,Wet,Daylight,Cloudy/Rain,0.59,0,56,49,FALSE,41.92203787,-71.29388695
583,6/15/2002,June,Saturday,13:46,1,2,0,0,"Sideswipe, same direction",V1: Travelling straight ahead / V2: Travelling straight ahead,V1: N  / V2: N,Dry,Daylight,Cloudy,0.59,0,56,49,FALSE,41.91956103,-71.35868991
584,6/15/2002,June,Saturday,13:55,1,2,0,0,Angle,V1: Travelling straight ahead / V2: Travelling straight ahead,V1: W  / V2: S,Dry,Daylight,Cloudy,0.59,0,56,49,FALSE,41.91802439,-71.3593539
585,6/15/2002,June,Saturday,16:50,1,2,0,0,0,V1: Turning right / V2: Turning right,V1: E  / V2: E,Dry,Daylight,Clear,0.59,0,56,49,FALSE,34.24438675,-73.6513909
586,6/15/2002,June,Saturday,21:55,1,2,0,0,Angle,V1: Turning left / V2: Travelling straight ahead,V1: W  / V2: S,Dry,Dark - lighted roadway,Cloudy,0.59,0,56,49,FALSE,34.24438675,-73.6513909
587,6/16/2002,June,Sunday,1:05,2,1,1,0,Single vehicle crash,V1: Travelling straight ahead,V1: E,Dry,Dark - lighted roadway,Cloudy,0.07,0,69,48,FALSE,41.91870574,-71.3624851
588,6/16/2002,June,Sunday,2:23,2,1,2,0,Single vehicle crash,V1: Travelling straight ahead,V1: W,Dry,Dark - lighted roadway,Cloudy,0.07,0,69,48,FALSE,41.92271995,-71.35367233
589,6/16/2002,June,Sunday,12:30,0,2,0,0,Angle,V1: Travelling straight ahead / V2: Turning right,V1: N  / V2: W,Dry,Daylight,Cloudy,0.07,0,69,48,FALSE,41.94231024,-71.28253433
590,6/16/2002,June,Sunday,18:45,2,2,1,0,Rear-end,V1: Travelling straight ahead / V2: Travelling straight ahead,V1: W  / V2: W,Wet,Daylight,Cloudy/Rain,0.07,0,69,48,FALSE,34.24438675,-73.6513909
591,6/17/2002,June,Monday,10:23,0,2,0,0,Rear-end,V1: Slowing or stopped in traffic / V2: Slowing or stopped in traffic,V1: W  / V2: W,Dry,Daylight,Clear,0,0,79,49,FALSE,41.93393836,-71.3077318
592,6/17/2002,June,Monday,16:15,1,2,0,0,Angle,V1: Turning right / V2: Travelling straight ahead,V1: E  / V2: E,Dry,Daylight,Clear,0,0,79,49,FALSE,34.24438675,-73.6513909
593,6/17/2002,June,Monday,21:03,1,2,0,0,Angle,V1: Travelling straight ahead / V2: Turning left,V1: N  / V2: 0,Dry,Dark - lighted roadway,Cloudy,0,0,79,49,FALSE,41.92508738,-71.35628348
594,6/18/2002,June,Tuesday,7:35,1,2,0,0,Rear-end,V1: Turning right / V2: Turning right,V1: S  / V2: S,Dry,Daylight,Clear,0,0,80,52,FALSE,34.24438675,-73.6513909
595,6/18/2002,June,Tuesday,7:40,1,2,0,0,Single vehicle crash,V1: Travelling straight ahead / V2: 0,V1: N  / V2: 0,Dry,Daylight,Clear,0,0,80,52,FALSE,34.24438675,-73.6513909
596,6/18/2002,June,Tuesday,11:15,1,1,0,0,Single vehicle crash,V1: Turning right,V1: E,Dry,Daylight,Clear,0,0,80,52,FALSE,41.94470433,-71.2812252
597,6/18/2002,June,Tuesday,15:07,1,2,0,0,Angle,V1: Turning left / V2: Travelling straight ahead,V1: S  / V2: N,Dry,Daylight,Clear,0,0,80,52,FALSE,34.24438675,-73.6513909
598,6/18/2002,June,Tuesday,15:30,1,3,0,0,Rear-end,V1: Slowing or stopped in traffic / V2: Slowing or stopped in traffic / V3: Travelling straight ahead,V1: S  / V2: S  / V3: 0,Dry,Daylight,Clear,0,0,80,52,FALSE,41.96654006,-71.29712145
599,6/18/2002,June,Tuesday,17:02,1,1,0,0,Single vehicle crash,V1: Slowing or stopped in traffic,V1: N,Dry,Daylight,Clear,0,0,80,52,FALSE,34.24438675,-73.6513909
600,6/18/2002,June,Tuesday,22:30,2,1,1,0,Single vehicle crash,V1: Travelling straight ahead,V1: N,Dry,Dark - roadway not lighted,Clear,0,0,80,52,FALSE,41.90223058,-71.35625816
601,6/19/2002,June,Wednesday,16:05,0,1,0,0,Single vehicle crash,V1: Turning right,V1: S,Dry,Daylight,Clear,0,0,78,54,FALSE,41.93920171,-71.29154003
602,6/20/2002,June,Thursday,15:20,1,2,0,0,Angle,V1: Entering traffic lane / V2: 0,V1: 0 / V2: 0,Dry,Daylight,Clear,0,0,82,52,FALSE,34.24438675,-73.6513909
603,6/20/2002,June,Thursday,15:42,1,2,0,0,Angle,V1: Travelling straight ahead / V2: Travelling straight ahead,V1: S  / V2: E,Dry,Daylight,Cloudy,0,0,82,52,FALSE,41.93584988,-71.28143838
604,6/20/2002,June,Thursday,16:15,2,3,2,0,Rear-end,V1: Slowing or stopped in traffic / V2: Slowing or stopped in traffic / V3: Travelling straight ahead,V1: W  / V2: W  / V3: W,Dry,Daylight,Clear,0,0,82,52,FALSE,41.91711015,-71.37372238
605,6/20/2002,June,Thursday,16:20,0,2,0,0,Rear-end,V1: Travelling straight ahead / V2: Slowing or stopped in traffic,V1: S  / V2: S,Dry,Daylight,Clear,0,0,82,52,FALSE,41.94807744,-71.28859126
606,6/21/2002,June,Friday,7:50,2,1,1,0,Single vehicle crash,V1: Turning left,V1: E,Dry,Daylight,Clear,0,0,82,54,FALSE,34.24438675,-73.6513909
607,6/21/2002,June,Friday,13:50,1,2,0,0,Angle,V1: Travelling straight ahead / V2: Travelling straight ahead,V1: S  / V2: S,Dry,Daylight,Clear,0,0,82,54,FALSE,34.24438675,-73.6513909
608,6/21/2002,June,Friday,15:53,1,3,0,0,Rear-end,V1: Slowing or stopped in traffic / V2: Slowing or stopped in traffic / V3: Travelling straight ahead,V1: E  / V2: E  / V3: E,Dry,Daylight,Clear,0,0,82,54,FALSE,41.95180679,-71.2898592
609,6/21/2002,June,Friday,16:30,2,2,1,0,0,V1: Slowing or stopped in traffic / V2: Travelling straight ahead,V1: N  / V2: N,Dry,Daylight,Clear,0,0,82,54,FALSE,41.94444966,-71.2795884
610,6/22/2002,June,Saturday,12:55,2,2,1,0,Rear-end,V1: Changing lanes / V2: Changing lanes,V1: N  / V2: N,Dry,Dark - lighted roadway,Clear,0,0,87,60,FALSE,41.91337209,-71.36161888
611,6/22/2002,June,Saturday,16:34,2,3,1,0,Angle,V1: Travelling straight ahead / V2: Parked / V3: Parked,V1: S  / V2: 0 / V3: 0,Dry,Daylight,Cloudy,0,0,87,60,FALSE,41.91745445,-71.33925896
612,6/22/2002,June,Saturday,19:07,2,2,1,0,Rear-end,V1: Travelling straight ahead / V2: Travelling straight ahead,V1: E  / V2: E,Dry,Daylight,Clear,0,0,87,60,FALSE,41.91004721,-71.36512871
613,6/23/2002,June,Sunday,18:50,1,2,0,0,Angle,V1: Entering traffic lane / V2: Travelling straight ahead,V1: E  / V2: N,Dry,Daylight,Cloudy,0.11,0,84,61,FALSE,41.94430701,-71.30913523
614,6/24/2002,June,Monday,12:01,1,2,0,0,Angle,V1: Overtaking/passing / V2: Turning left,V1: S  / V2: S,Dry,Daylight,Clear,0,0,88,56,FALSE,41.92387717,-71.35158914
615,6/24/2002,June,Monday,12:30,1,2,0,0,"Sideswipe, same direction",V1: Travelling straight ahead / V2: Parked,V1: S  / V2: 0,Dry,Daylight,Clear,0,0,88,56,FALSE,34.24438675,-73.6513909
616,6/24/2002,June,Monday,22:13,0,2,0,0,Angle,V1: Slowing or stopped in traffic / V2: Travelling straight ahead,V1: W  / V2: N,Dry,Dark - lighted roadway,Clear,0,0,88,56,FALSE,41.95484304,-71.28856385
617,6/25/2002,June,Tuesday,6:42,1,2,0,0,"Sideswipe, opposite direction",V1: Travelling straight ahead / V2: Travelling straight ahead,V1: E  / V2: W,Dry,Daylight,Clear,0,0,84,51,FALSE,41.94499936,-71.27954521
618,6/25/2002,June,Tuesday,12:07,0,2,0,0,Angle,V1: Turning left / V2: Travelling straight ahead,V1: S  / V2: W,Dry,Daylight,Clear,0,0,84,51,FALSE,41.91044592,-71.28309302
619,6/25/2002,June,Tuesday,13:15,2,2,1,0,Single vehicle crash,V1: Travelling straight ahead / V2: Travelling straight ahead,V1: E  / V2: E,Dry,Daylight,Clear,0,0,84,51,FALSE,41.94466875,-71.28335786
620,6/26/2002,June,Wednesday,3:35,1,2,0,0,Angle,V1: Turning left / V2: Travelling straight ahead,V1: E  / V2: S,Dry,Daylight,Clear,0.08,0,93,62,FALSE,41.91982212,-71.35857678
621,6/26/2002,June,Wednesday,12:22,1,2,0,0,Angle,V1: Travelling straight ahead / V2: Travelling straight ahead,V1: S  / V2: E,Dry,Daylight,Clear,0.08,0,93,62,FALSE,41.93623387,-71.28481203
622,6/26/2002,June,Wednesday,13:30,2,2,2,0,Rear-end,V1: Changing lanes / V2: Travelling straight ahead,V1: S  / V2: S,Dry,Daylight,Clear,0.08,0,93,62,FALSE,41.91532464,-71.33546626
623,6/26/2002,June,Wednesday,18:40,2,2,2,0,Angle,V1: Travelling straight ahead / V2: Travelling straight ahead,V1: E  / V2: S,Dry,Daylight,Cloudy,0.08,0,93,62,FALSE,41.94121777,-71.2768631
624,6/27/2002,June,Thursday,3:42,1,2,0,0,Rear-end,V1: Travelling straight ahead / V2: Turning left,V1: N  / V2: N,Dry,Daylight,Clear,0,0,93,71,FALSE,41.9396344,-71.26732859
625,6/27/2002,June,Thursday,7:15,2,2,1,0,Rear-end,V1: Travelling straight ahead / V2: Slowing or stopped in traffic,V1: W  / V2: W,Dry,Daylight,Cloudy,0,0,93,71,FALSE,34.24438675,-73.6513909
626,6/27/2002,June,Thursday,7:29,1,2,0,0,Angle,V1: Turning left / V2: Leaving traffic lane,V1: N  / V2: W,Dry,Daylight,Clear,0,0,93,71,FALSE,41.95076301,-71.27397064
627,6/27/2002,June,Thursday,15:16,2,3,2,0,Head-on,V1: Travelling straight ahead / V2: Travelling straight ahead / V3: Travelling straight ahead,V1: W  / V2: E  / V3: E,Dry,Daylight,Clear,0,0,93,71,FALSE,34.24438675,-73.6513909
628,6/27/2002,June,Thursday,23:00,2,1,1,0,Single vehicle crash,V1: Turning right,V1: N,Dry,Dark - lighted roadway,Cloudy,0,0,93,71,FALSE,41.92969804,-71.32243362
629,6/28/2002,June,Friday,15:37,1,2,0,0,Rear-end,V1: Travelling straight ahead / V2: Turning left,V1: N  / V2: N,Dry,Daylight,Clear,0.08,0,87,69,FALSE,34.24438675,-73.6513909
630,6/29/2002,June,Saturday,12:50,2,2,1,0,Single vehicle crash,V1: Turning left / V2: Travelling straight ahead,V1: 0 / V2: S,Dry,Daylight,Clear,0,0,85,62,FALSE,41.91193931,-71.35877489
631,6/29/2002,June,Saturday,15:30,1,2,0,0,0,V1: Backing / V2: Parked,V1: S  / V2: 0,Dry,Daylight,Clear,0,0,85,62,FALSE,34.24438675,-73.6513909
632,6/29/2002,June,Saturday,22:30,2,2,3,0,Angle,V1: Travelling straight ahead / V2: Turning left,V1: S  / V2: E,Dry,Dark - lighted roadway,Clear,0,0,85,62,FALSE,41.91619723,-71.35885587
633,6/30/2002,June,Sunday,1:10,1,2,0,0,Rear-to-rear,V1: Backing / V2: Parked,V1: W  / V2: 0,Dry,Dark - roadway not lighted,Cloudy,0,0,85,61,FALSE,41.92784404,-71.35260579
634,6/30/2002,June,Sunday,12:30,2,2,1,0,Angle,V1: Travelling straight ahead / V2: Travelling straight ahead,V1: S  / V2: S,Dry,Daylight,Clear,0,0,85,61,FALSE,41.97187417,-71.29547945