ID,DATE,Month,Day of week,Crash Time,Crash Severity,Number of Vehicles,Total Nonfatal Injuries,Total Fatal Injuries,Manner of Collision,Vehicle Action Prior to Crash,Vehicle Travel Directions,Road Surface Condition,Ambient Light,Weather Condition,PRCP,SNOW,TMAX,TMIN,Ice,Longtitute,Latitute
635,6/30/2002,June,Sunday,15:08,2,2,1,0,Head-on,V1: Travelling straight ahead / V2: Travelling straight ahead,V1: E  / V2: W,Dry,Daylight,Clear,0,0,85,61,FALSE,34.24438675,-73.6513909
636,6/30/2002,June,Sunday,15:15,2,2,1,0,Rear-end,V1: Slowing or stopped in traffic / V2: Travelling straight ahead,V1: S  / V2: S,Dry,Daylight,Clear,0,0,85,61,FALSE,34.24438675,-73.6513909
637,6/30/2002,June,Sunday,15:20,1,3,0,0,Angle,V1: Turning left / V2: Travelling straight ahead / V3: Parked,V1: E  / V2: N  / V3: 0,Dry,Daylight,Clear,0,0,85,61,FALSE,41.92508738,-71.35628348
638,6/30/2002,June,Sunday,16:50,1,2,0,0,"Sideswipe, same direction",V1: Travelling straight ahead / V2: Travelling straight ahead,V1: S  / V2: S,Dry,Daylight,Clear,0,0,85,61,FALSE,34.24438675,-73.6513909
639,7/1/2002,July,Monday,8:43,1,1,0,0,Single vehicle crash,V1: 0,V1: S,Dry,Daylight,Clear,0,0,92,64,FALSE,41.90926538,-71.28615843
640,7/3/2002,July,Wednesday,9:36,1,1,0,0,Single vehicle crash,V1: Turning right,V1: S,Dry,Daylight,Clear,0,0,100,77,FALSE,41.95076301,-71.27397064
641,7/4/2002,July,Thursday,8:30,1,2,0,0,"Sideswipe, same direction",V1: Parked / V2: Travelling straight ahead,V1: 0 / V2: S,Dry,Dark - lighted roadway,Clear,0,0,100,74,FALSE,34.24438675,-73.6513909
642,7/4/2002,July,Thursday,15:08,2,2,1,0,"Sideswipe, opposite direction",V1: Turning left / V2: Travelling straight ahead,V1: S  / V2: E,Dry,Daylight,Clear,0,0,100,74,FALSE,34.24438675,-73.6513909
643,7/5/2002,July,Friday,13:50,1,1,0,0,Rear-end,V1: Backing,V1: E,Dry,Daylight,Clear,0,0,85,66,FALSE,34.24438675,-73.6513909
644,7/5/2002,July,Friday,15:10,2,2,1,0,Angle,V1: Travelling straight ahead / V2: Travelling straight ahead,V1: S  / V2: S,Dry,Daylight,Clear,0,0,85,66,FALSE,41.90238589,-71.35672422
645,7/5/2002,July,Friday,16:40,2,2,3,0,Angle,V1: Turning left / V2: Travelling straight ahead,V1: W  / V2: E,Dry,Daylight,Clear,0,0,85,66,FALSE,41.9121826,-71.36123066
646,7/5/2002,July,Friday,17:49,2,3,1,0,Rear-end,V1: Travelling straight ahead / V2: Slowing or stopped in traffic / V3: Slowing or stopped in traffic,V1: S  / V2: S  / V3: S,Dry,Daylight,Clear,0,0,85,66,FALSE,34.24438675,-73.6513909
647,7/5/2002,July,Friday,23:00,0,2,0,0,Rear-end,V1: Backing / V2: Parked,V1: S  / V2: 0,Dry,Dark - 0 roadway lighting,Clear,0,0,85,66,FALSE,34.24438675,-73.6513909
648,7/6/2002,July,Saturday,11:57,1,2,0,0,Single vehicle crash,V1: Travelling straight ahead / V2: Travelling straight ahead,V1: E  / V2: W,Dry,Daylight,Clear,0,0,85,61,FALSE,41.89619176,-71.36648988
649,7/7/2002,July,Sunday,17:45,1,2,0,0,Angle,V1: Turning right / V2: Travelling straight ahead,V1: E  / V2: E,Dry,Daylight,Clear,0,0,78,63,FALSE,41.9121826,-71.36123066
650,7/7/2002,July,Sunday,18:13,0,2,0,0,Angle,V1: Changing lanes / V2: Travelling straight ahead,V1: N  / V2: N,Dry,Daylight,Cloudy,0,0,78,63,FALSE,34.24438675,-73.6513909
651,7/8/2002,July,Monday,4:15,2,2,2,0,Angle,V1: Travelling straight ahead / V2: Travelling straight ahead,V1: S  / V2: N,Dry,Daylight,Clear,0,0,93,60,FALSE,41.90796653,-71.35739499
652,7/8/2002,July,Monday,12:00,1,2,0,0,Rear-end,V1: Turning left / V2: Slowing or stopped in traffic,V1: S  / V2: S,Dry,Daylight,Clear,0,0,93,60,FALSE,41.93405012,-71.31579284
653,7/8/2002,July,Monday,17:50,2,3,2,0,Rear-end,V1: Travelling straight ahead / V2: Travelling straight ahead / V3: Travelling straight ahead,V1: S  / V2: S  / V3: S,Dry,Daylight,Clear,0,0,93,60,FALSE,41.97324084,-71.29531631
654,7/8/2002,July,Monday,18:30,2,6,3,0,Rear-to-rear,V1: Slowing or stopped in traffic / V2: Slowing or stopped in traffic / V3: Slowing or stopped in traffic / V4: Slowing or stopped in traffic / V5: Slowing or stopped in traffic / V6: Travelling straight ahead,V1: S  / V2: S  / V3: S  / V4: S  / V5: S  / V6: S,Dry,Daylight,Clear,0,0,93,60,FALSE,41.9589661,-71.30200935
655,7/9/2002,July,Tuesday,12:30,1,2,0,0,Head-on,V1: Travelling straight ahead / V2: Turning left,V1: W  / V2: S,Dry,Daylight,Clear,0.57,0,92,68,FALSE,41.9483337,-71.27794679
656,7/9/2002,July,Tuesday,12:33,1,2,0,0,Angle,V1: Travelling straight ahead / V2: Turning left,V1: W  / V2: N,Dry,Daylight,Cloudy,0.57,0,92,68,FALSE,41.9483337,-71.27794679
657,7/9/2002,July,Tuesday,18:00,2,4,1,0,Rear-end,V1: Travelling straight ahead / V2: Travelling straight ahead / V3: Travelling straight ahead / V4: Travelling straight ahead,V1: S  / V2: S  / V3: S  / V4: 0,Dry,Daylight,Clear,0.57,0,92,68,FALSE,41.97187417,-71.29547945
658,7/9/2002,July,Tuesday,22:15,1,2,0,0,Angle,V1: Changing lanes / V2: Travelling straight ahead,V1: N  / V2: N,Wet,Dark - lighted roadway,Rain,0.57,0,92,68,FALSE,34.24438675,-73.6513909
659,7/10/2002,July,Wednesday,18:50,1,4,0,0,Rear-end,V1: Travelling straight ahead / V2: Travelling straight ahead / V3: Travelling straight ahead / V4: Travelling straight ahead,V1: E  / V2: E  / V3: E  / V4: W,Dry,Daylight,Clear,0.01,0,81,61,FALSE,41.95130281,-71.27263126
660,7/10/2002,July,Wednesday,21:01,1,2,0,0,Angle,V1: Turning left / V2: Travelling straight ahead,V1: E  / V2: S,Dry,Dark - lighted roadway,Clear,0.01,0,81,61,FALSE,41.91982212,-71.35857678
661,7/11/2002,July,Thursday,6:02,2,1,1,0,Single vehicle crash,V1: Travelling straight ahead,V1: E,Dry,Daylight,Clear,0,0,76,52,FALSE,41.9297227,-71.30250126
662,7/11/2002,July,Thursday,8:00,2,2,1,0,Angle,V1: Travelling straight ahead / V2: Travelling straight ahead,V1: N  / V2: N,Dry,Daylight,Clear,0,0,76,52,FALSE,41.92969804,-71.32243362
663,7/11/2002,July,Thursday,9:17,2,1,1,0,Single vehicle crash,V1: Travelling straight ahead,V1: N,Dry,Daylight,Clear,0,0,76,52,FALSE,34.24438675,-73.6513909
664,7/11/2002,July,Thursday,15:00,2,2,1,0,Angle,V1: Entering traffic lane / V2: Travelling straight ahead,V1: E  / V2: S,Dry,Daylight,Clear,0,0,76,52,FALSE,41.94121777,-71.2768631
665,7/12/2002,July,Friday,8:25,1,2,0,0,Rear-end,V1: Travelling straight ahead / V2: Travelling straight ahead,V1: N  / V2: N,Dry,Daylight,Clear,0,0,83,49,FALSE,41.94217059,-71.28456247
666,7/12/2002,July,Friday,18:55,2,2,3,0,Angle,V1: Making U-turn / V2: Travelling straight ahead,V1: N  / V2: N,Dry,Daylight,Clear,0,0,83,49,FALSE,34.24438675,-73.6513909
667,7/13/2002,July,Saturday,1:20,2,2,2,0,Rear-end,V1: Slowing or stopped in traffic / V2: Slowing or stopped in traffic,V1: S  / V2: 0,Dry,Daylight,Clear,0,0,85,58,FALSE,34.24438675,-73.6513909
668,7/13/2002,July,Saturday,8:30,1,2,0,0,Rear-end,V1: Slowing or stopped in traffic / V2: Travelling straight ahead,V1: E  / V2: W,Dry,Daylight,Clear,0,0,85,58,FALSE,41.9348634,-71.29887284
669,7/13/2002,July,Saturday,12:38,1,1,0,0,Single vehicle crash,V1: Travelling straight ahead,V1: W,Dry,Daylight,Clear,0,0,85,58,FALSE,41.92330966,-71.25171541
670,7/14/2002,July,Sunday,2:15,2,1,2,0,Single vehicle crash,V1: Travelling straight ahead,V1: N,Dry,Dark - roadway not lighted,Clear,0,0,85,63,FALSE,34.24438675,-73.6513909
671,7/14/2002,July,Sunday,2:47,1,2,0,0,Rear-end,V1: Travelling straight ahead / V2: Slowing or stopped in traffic,V1: N  / V2: N,Dry,Dark - lighted roadway,Clear,0,0,85,63,FALSE,34.24438675,-73.6513909
672,7/14/2002,July,Sunday,15:49,1,2,0,0,0,V1: Parked / V2: Parked,V1: 0 / V2: 0,Dry,Daylight,Clear,0,0,85,63,FALSE,41.96894925,-71.30302527
673,7/15/2002,July,Monday,9:40,1,2,0,0,Angle,V1: Turning left / V2: Travelling straight ahead,V1: E  / V2: W,Dry,Daylight,Clear,0,0,88,65,FALSE,41.91982212,-71.35857678
674,7/15/2002,July,Monday,12:00,1,2,0,0,Angle,V1: Travelling straight ahead / V2: Backing,V1: 0 / V2: 0,Dry,Daylight,Clear,0,0,88,65,FALSE,34.24438675,-73.6513909
675,7/15/2002,July,Monday,13:15,2,2,1,0,Angle,V1: Travelling straight ahead / V2: Travelling straight ahead,V1: E  / V2: S,Dry,Daylight,Clear,0,0,88,65,FALSE,41.93503657,-71.2848971
676,7/15/2002,July,Monday,22:20,2,1,1,0,Single vehicle crash,V1: Travelling straight ahead,V1: N,Dry,Dark - lighted roadway,Clear,0,0,88,65,FALSE,41.95517492,-71.30396871
677,7/17/2002,July,Wednesday,17:05,1,2,0,0,Rear-end,V1: 0 / V2: Slowing or stopped in traffic,V1: S  / V2: S,Dry,Daylight,Clear,0,0,85,53,FALSE,41.90231125,-71.35597671
678,7/17/2002,July,Wednesday,19:02,0,2,0,0,"Sideswipe, same direction",V1: Travelling straight ahead / V2: Travelling straight ahead,V1: W  / V2: W,Dry,Daylight,Clear,0,0,85,53,FALSE,41.91277883,-71.30919863
679,7/18/2002,July,Thursday,6:54,1,3,0,0,Rear-to-rear,V1: Travelling straight ahead / V2: Slowing or stopped in traffic / V3: Slowing or stopped in traffic,V1: S  / V2: S  / V3: S,Dry,Daylight,Clear,0,0,95,70,FALSE,34.24438675,-73.6513909
680,7/18/2002,July,Thursday,13:39,0,2,0,0,Rear-end,V1: Travelling straight ahead / V2: Backing,V1: N  / V2: N,Dry,Daylight,Clear,0,0,95,70,FALSE,41.94217059,-71.28456247
681,7/19/2002,July,Friday,12:19,1,2,0,0,Angle,V1: Travelling straight ahead / V2: Entering traffic lane,V1: W  / V2: E,Dry,Daylight,Cloudy,0.11,0,85,65,FALSE,41.93380475,-71.30025949
682,7/19/2002,July,Friday,14:54,2,2,2,0,Rear-end,V1: Slowing or stopped in traffic / V2: Slowing or stopped in traffic,V1: S  / V2: S,Dry,Daylight,Clear,0.11,0,85,65,FALSE,41.92558863,-71.35605912
683,7/19/2002,July,Friday,20:00,0,2,0,0,Angle,V1: Turning left / V2: Slowing or stopped in traffic,V1: E  / V2: S,Wet,Dusk,Rain,0.11,0,85,65,FALSE,41.93623387,-71.28481203
684,7/19/2002,July,Friday,21:05,1,2,0,0,Rear-end,V1: Travelling straight ahead / V2: Turning left,V1: N  / V2: N,Wet,Dark - lighted roadway,Rain,0.11,0,85,65,FALSE,41.90697288,-71.36488171
685,7/19/2002,July,Friday,22:15,1,1,0,0,Single vehicle crash,V1: Travelling straight ahead,V1: S,Wet,Dark - lighted roadway,Rain,0.11,0,85,65,FALSE,34.24438675,-73.6513909
686,7/20/2002,July,Saturday,11:22,2,2,1,0,Rear-end,V1: Slowing or stopped in traffic / V2: Slowing or stopped in traffic,V1: N  / V2: N,Dry,Daylight,Cloudy,0,0,74,58,FALSE,41.90231125,-71.35597671
687,7/20/2002,July,Saturday,13:05,1,2,0,0,Angle,V1: Entering traffic lane / V2: Travelling straight ahead,V1: W  / V2: W,Dry,Daylight,Clear,0,0,74,58,FALSE,34.24438675,-73.6513909
688,7/20/2002,July,Saturday,13:55,2,2,3,0,Angle,V1: Travelling straight ahead / V2: Turning left,V1: N  / V2: W,Dry,Daylight,Cloudy,0,0,74,58,FALSE,41.89733197,-71.36979234
689,7/20/2002,July,Saturday,14:36,1,1,0,0,Single vehicle crash,V1: Travelling straight ahead,V1: E,Dry,Dark - lighted roadway,Cloudy,0,0,74,58,FALSE,41.93988403,-71.27138935
690,7/21/2002,July,Sunday,4:25,1,1,0,0,Single vehicle crash,V1: Turning right,V1: E,Dry,Dark - lighted roadway,Clear,0,0,83,55,FALSE,34.24438675,-73.6513909
691,7/21/2002,July,Sunday,12:30,1,2,0,0,Angle,V1: Travelling straight ahead / V2: Turning left,V1: N  / V2: W,Dry,Daylight,Clear,0,0,83,55,FALSE,41.91194929,-71.36233897
692,7/21/2002,July,Sunday,14:21,2,2,3,0,Rear-end,V1: Travelling straight ahead / V2: Slowing or stopped in traffic,V1: N  / V2: N,Dry,Daylight,Clear,0,0,83,55,FALSE,41.90653297,-71.36511207
693,7/21/2002,July,Sunday,16:55,1,2,0,0,0,V1: Travelling straight ahead / V2: 0,V1: E  / V2: 0,Dry,Daylight,Clear,0,0,83,55,FALSE,41.94431902,-71.27435681
694,7/21/2002,July,Sunday,21:15,2,2,1,0,Rear-end,V1: Slowing or stopped in traffic / V2: Travelling straight ahead,V1: S  / V2: S,Dry,Dark - roadway not lighted,Clear,0,0,83,55,FALSE,34.24438675,-73.6513909
695,7/22/2002,July,Monday,10:05,1,2,0,0,Angle,V1: Turning right / V2: Travelling straight ahead,V1: N  / V2: 0,Dry,Daylight,Clear,0,0,85,64,FALSE,34.24438675,-73.6513909
696,7/22/2002,July,Monday,10:35,1,2,0,0,Rear-end,V1: Backing / V2: 0,V1: N  / V2: N,Dry,Daylight,Clear,0,0,85,64,FALSE,34.24438675,-73.6513909
697,7/22/2002,July,Monday,12:48,1,2,0,0,Rear-end,V1: Travelling straight ahead / V2: 0,V1: W  / V2: 0,Dry,Daylight,Clear,0,0,85,64,FALSE,41.94586371,-71.28073807
698,7/22/2002,July,Monday,14:15,0,2,0,0,Angle,V1: Turning left / V2: Travelling straight ahead,V1: N  / V2: 0,Dry,Daylight,Clear,0,0,85,64,FALSE,41.95090291,-71.27362644
699,7/22/2002,July,Monday,15:18,2,2,4,0,Rear-end,V1: Travelling straight ahead / V2: Slowing or stopped in traffic,V1: E  / V2: E,Dry,Daylight,Clear,0,0,85,64,FALSE,34.24438675,-73.6513909
700,7/23/2002,July,Tuesday,13:38,1,2,0,0,Angle,V1: Entering traffic lane / V2: Changing lanes,V1: N  / V2: E,Dry,Daylight,Clear,0.31,0,94,71,FALSE,34.24438675,-73.6513909
701,7/23/2002,July,Tuesday,16:11,1,1,0,0,Single vehicle crash,V1: Travelling straight ahead,V1: S,Dry,Daylight,Clear,0.31,0,94,71,FALSE,34.24438675,-73.6513909
702,7/23/2002,July,Tuesday,18:10,2,2,2,0,Rear-end,V1: Slowing or stopped in traffic / V2: Slowing or stopped in traffic,V1: W  / V2: W,Wet,Dusk,Cloudy/Rain,0.31,0,94,71,FALSE,41.92136863,-71.25853224
703,7/23/2002,July,Tuesday,18:44,2,2,1,0,"Sideswipe, opposite direction",V1: Travelling straight ahead / V2: Travelling straight ahead,V1: N  / V2: S,Wet,Dusk,Rain,0.31,0,94,71,FALSE,41.92102148,-71.29732104
704,7/23/2002,July,Tuesday,19:07,2,2,1,0,Head-on,V1: Changing lanes / V2: Travelling straight ahead,V1: N  / V2: E,Dry,Daylight,Cloudy/Rain,0.31,0,94,71,FALSE,41.90086769,-71.36799095
705,7/23/2002,July,Tuesday,20:00,1,2,0,0,Angle,V1: Travelling straight ahead / V2: Parked,V1: S  / V2: S,Dry,Dusk,Clear,0.31,0,94,71,FALSE,41.90034457,-71.36742539
706,7/23/2002,July,Tuesday,23:10,1,2,0,0,Angle,V1: Turning right / V2: Turning left,V1: S  / V2: E,Wet,Dark - lighted roadway,Cloudy,0.31,0,94,71,FALSE,41.89566787,-71.37579116
707,7/24/2002,July,Wednesday,3:50,2,1,1,0,Single vehicle crash,V1: Other,V1: N,Dry,Dark - roadway not lighted,Clear,0.03,0,72,52,FALSE,41.95517492,-71.30396871
708,7/24/2002,July,Wednesday,8:18,2,2,2,0,Angle,V1: Travelling straight ahead / V2: Turning left,V1: N  / V2: E,Dry,Daylight,Cloudy,0.03,0,72,52,FALSE,41.94495215,-71.2846593
709,7/24/2002,July,Wednesday,11:46,0,2,0,0,Angle,V1: Entering traffic lane / V2: Travelling straight ahead,V1: S  / V2: 0,Dry,Daylight,Clear,0.03,0,72,52,FALSE,41.9348634,-71.29887283
710,7/24/2002,July,Wednesday,17:37,1,2,0,0,Rear-end,V1: Slowing or stopped in traffic / V2: Travelling straight ahead,V1: S  / V2: S,Dry,Daylight,Clear,0.03,0,72,52,FALSE,41.89903243,-71.355186
711,7/24/2002,July,Wednesday,20:03,0,3,0,0,Rear-end,V1: Travelling straight ahead / V2: Slowing or stopped in traffic / V3: Slowing or stopped in traffic,V1: S  / V2: S  / V3: S,Dry,Dusk,Clear,0.03,0,72,52,FALSE,34.24438675,-73.6513909
712,7/25/2002,July,Thursday,19:56,1,3,0,0,Rear-end,V1: Travelling straight ahead / V2: Slowing or stopped in traffic / V3: Slowing or stopped in traffic,V1: S  / V2: S  / V3: S,Dry,Daylight,Clear,0,0,77,49,FALSE,41.95484304,-71.28856385
713,7/25/2002,July,Thursday,19:56,1,1,0,0,Rear-end,V1: Travelling straight ahead,V1: S,Dry,Daylight,Clear,0,0,77,49,FALSE,41.95454642,-71.29189461
714,7/26/2002,July,Friday,1:29,2,1,1,0,Single vehicle crash,V1: Travelling straight ahead,V1: E,Dry,Dark - lighted roadway,Clear,0,0,76,50,FALSE,41.93925885,-71.30784654
715,7/27/2002,July,Saturday,1:30,1,1,0,0,Head-on,V1: Travelling straight ahead,V1: S,Dry,Dark - lighted roadway,Cloudy,0,0,72,58,FALSE,41.93474915,-71.29385254
716,7/27/2002,July,Saturday,11:58,2,2,1,0,Rear-end,V1: Travelling straight ahead / V2: Slowing or stopped in traffic,V1: N  / V2: N,Dry,Daylight,Cloudy,0,0,72,58,FALSE,34.24438675,-73.6513909
717,7/28/2002,July,Sunday,2:00,1,2,0,0,Rear-end,V1: Turning left / V2: 0,V1: 0 / V2: 0,Dry,Daylight,Clear,1.37,0,81,65,FALSE,34.24438675,-73.6513909
718,7/28/2002,July,Sunday,4:45,1,1,0,0,Single vehicle crash,V1: Travelling straight ahead,V1: W,Dry,Dawn,Cloudy,1.37,0,81,65,FALSE,41.93509213,-71.27689108
719,7/28/2002,July,Sunday,17:40,2,3,2,0,Rear-end,V1: Travelling straight ahead / V2: Travelling straight ahead / V3: Travelling straight ahead,V1: N  / V2: N  / V3: N,Dry,Daylight,Cloudy,1.37,0,81,65,FALSE,34.24438675,-73.6513909
720,7/29/2002,July,Monday,16:28,2,2,1,0,Angle,V1: Turning left / V2: Travelling straight ahead,V1: S  / V2: W,Dry,Daylight,Cloudy,0.01,0,94,71,FALSE,41.94798222,-71.28126953
721,7/29/2002,July,Monday,23:05,1,2,0,0,Angle,V1: Travelling straight ahead / V2: Travelling straight ahead,V1: S  / V2: S,Dry,Dark - roadway not lighted,Clear,0.01,0,94,71,FALSE,41.90892071,-71.34142753
722,7/30/2002,July,Tuesday,23:30,1,2,0,0,Rear-end,V1: Slowing or stopped in traffic / V2: Travelling straight ahead,V1: S  / V2: S,Dry,Dark - lighted roadway,Clear,0,0,95,69,FALSE,34.24438675,-73.6513909
723,7/31/2002,July,Wednesday,12:21,1,2,0,0,Angle,V1: Travelling straight ahead / V2: Turning right,V1: W  / V2: 0,Dry,Daylight,Clear,0,0,94,66,FALSE,41.95403361,-71.25957192
724,7/31/2002,July,Wednesday,18:08,1,3,0,0,Rear-end,V1: Travelling straight ahead / V2: Slowing or stopped in traffic / V3: Turning left,V1: W  / V2: W  / V3: W,Dry,Daylight,Cloudy,0,0,94,66,FALSE,41.93269195,-71.32821357
725,8/1/2002,August,Thursday,9:20,1,2,0,0,"Sideswipe, same direction",V1: Travelling straight ahead / V2: Travelling straight ahead,V1: S  / V2: S,Dry,Daylight,Clear,0,0,93,67,FALSE,34.24438675,-73.6513909
726,8/1/2002,August,Thursday,11:40,1,2,0,0,Angle,V1: Travelling straight ahead / V2: Changing lanes,V1: N  / V2: N,Dry,Daylight,Clear,0,0,93,67,FALSE,41.91982212,-71.35857678
727,8/1/2002,August,Thursday,17:13,2,2,1,0,Rear-end,V1: Travelling straight ahead / V2: Slowing or stopped in traffic,V1: N  / V2: N,Dry,Daylight,Clear,0,0,93,67,FALSE,41.90998013,-71.35802082
728,8/1/2002,August,Thursday,19:57,1,2,0,0,Rear-end,V1: Travelling straight ahead / V2: Slowing or stopped in traffic,V1: N  / V2: N,Dry,Daylight,Clear,0,0,93,67,FALSE,41.91062135,-71.35825199
729,8/1/2002,August,Thursday,22:45,1,1,0,0,0,V1: Travelling straight ahead,V1: S,Dry,Dark - roadway not lighted,Clear,0,0,93,67,FALSE,34.24438675,-73.6513909
730,8/2/2002,August,Friday,9:45,1,2,0,0,"Sideswipe, opposite direction",V1: 0 / V2: 0,V1: S  / V2: N,Dry,Daylight,Clear,0.2,0,89,67,FALSE,34.24438675,-73.6513909
731,8/2/2002,August,Friday,13:31,2,2,1,0,Angle,V1: Entering traffic lane / V2: Travelling straight ahead,V1: S  / V2: S,Dry,Daylight,Clear,0.2,0,89,67,FALSE,41.90882151,-71.3639387
732,8/2/2002,August,Friday,16:26,1,2,0,0,Rear-end,V1: Slowing or stopped in traffic / V2: Travelling straight ahead,V1: S  / V2: S,Wet,Daylight,Rain,0.2,0,89,67,FALSE,41.92508738,-71.35628348
733,8/2/2002,August,Friday,18:43,2,2,1,0,Rear-end,V1: Travelling straight ahead / V2: Slowing or stopped in traffic,V1: S  / V2: S,Wet,Dusk,Rain,0.2,0,89,67,FALSE,41.90998013,-71.35802082
734,8/2/2002,August,Friday,19:08,1,4,0,0,Angle,V1: Changing lanes / V2: Travelling straight ahead / V3: Travelling straight ahead / V4: Travelling straight ahead,V1: N  / V2: N  / V3: N  / V4: N,Wet,Dusk,Rain,0.2,0,89,67,FALSE,34.24438675,-73.6513909
735,8/2/2002,August,Friday,19:10,1,2,0,0,"Sideswipe, same direction",V1: Turning left / V2: Turning left,V1: S  / V2: S,Wet,Dawn,Rain,0.2,0,89,67,FALSE,34.24438675,-73.6513909
736,8/3/2002,August,Saturday,17:12,1,2,0,0,Angle,V1: Travelling straight ahead / V2: Turning left,V1: S  / V2: E,Dry,Daylight,Cloudy,0,0,94,66,FALSE,41.95437986,-71.25499915
737,8/4/2002,August,Sunday,12:50,0,2,0,0,Rear-end,V1: Slowing or stopped in traffic / V2: Entering traffic lane,V1: N  / V2: N,Dry,Daylight,Clear,0,0,93,68,FALSE,41.90235094,-71.35584139
738,8/5/2002,August,Monday,12:35,2,1,2,0,Single vehicle crash,V1: Travelling straight ahead,V1: W,Dry,Daylight,Clear,0,0,93,74,FALSE,41.95461445,-71.28712555
739,8/5/2002,August,Monday,18:03,2,2,1,0,Angle,V1: Turning left / V2: Travelling straight ahead,V1: W  / V2: N,Dry,Daylight,Clear,0,0,93,74,FALSE,34.24438675,-73.6513909
740,8/5/2002,August,Monday,19:30,1,2,0,0,Rear-end,V1: Slowing or stopped in traffic / V2: Slowing or stopped in traffic,V1: N  / V2: N,Dry,Daylight,Clear,0,0,93,74,FALSE,41.90231125,-71.35597671
741,8/5/2002,August,Monday,20:50,1,2,0,0,0,V1: Making U-turn / V2: Travelling straight ahead,V1: 0 / V2: W,Dry,Dusk,Rain,0,0,93,74,FALSE,41.93358571,-71.32352844
742,8/6/2002,August,Tuesday,15:24,0,2,0,0,Rear-end,V1: Travelling straight ahead / V2: Slowing or stopped in traffic,V1: W  / V2: W,Dry,Daylight,Clear,0,0,76,60,FALSE,41.94586371,-71.28073807
743,8/6/2002,August,Tuesday,17:30,1,2,0,0,Rear-end,V1: Slowing or stopped in traffic / V2: Travelling straight ahead,V1: S  / V2: S,Dry,Daylight,Clear,0,0,76,60,FALSE,34.24438675,-73.6513909
744,8/6/2002,August,Tuesday,17:30,1,2,0,0,Rear-end,V1: Slowing or stopped in traffic / V2: Travelling straight ahead,V1: S  / V2: S,Dry,Daylight,Clear,0,0,76,60,FALSE,34.24438675,-73.6513909
745,8/7/2002,August,Wednesday,2:01,2,1,2,0,Single vehicle crash,V1: Travelling straight ahead,V1: W,Dry,Dark - lighted roadway,Clear,0,0,79,57,FALSE,41.9401608,-71.30261184
746,8/7/2002,August,Wednesday,3:24,1,1,0,0,Single vehicle crash,V1: Travelling straight ahead,V1: S,Dry,Dark - lighted roadway,Clear,0,0,79,57,FALSE,41.95021516,-71.30579407
747,8/7/2002,August,Wednesday,5:45,1,3,0,0,Rear-end,V1: Slowing or stopped in traffic / V2: Slowing or stopped in traffic / V3: 0,V1: S  / V2: S  / V3: 0,Dry,Daylight,Clear,0,0,79,57,FALSE,34.24438675,-73.6513909
748,8/7/2002,August,Wednesday,9:26,1,2,0,0,Angle,V1: Turning right / V2: Travelling straight ahead,V1: E  / V2: S,Dry,Daylight,Clear,0,0,79,57,FALSE,41.94058326,-71.28312094
749,8/7/2002,August,Wednesday,15:21,2,2,1,0,Angle,V1: Travelling straight ahead / V2: Changing lanes,V1: N  / V2: W,Dry,Daylight,Clear,0,0,79,57,FALSE,41.94133847,-71.29038176
750,8/7/2002,August,Wednesday,18:10,2,2,1,0,Rear-end,V1: Travelling straight ahead / V2: Slowing or stopped in traffic,V1: S  / V2: S,Dry,Daylight,Clear,0,0,79,57,FALSE,41.91982212,-71.35857678
751,8/8/2002,August,Thursday,7:06,2,2,1,0,Angle,V1: Travelling straight ahead / V2: Travelling straight ahead,V1: N  / V2: W,Dry,Daylight,Clear,0,0,82,54,FALSE,41.94470433,-71.2812252
752,8/8/2002,August,Thursday,9:00,2,1,1,0,Single vehicle crash,V1: Leaving traffic lane,V1: S,Dry,Daylight,Clear,0,0,82,54,FALSE,34.24438675,-73.6513909
753,8/8/2002,August,Thursday,10:30,0,1,0,0,Single vehicle crash,V1: Travelling straight ahead,V1: S,Dry,Daylight,Clear,0,0,82,54,FALSE,34.24438675,-73.6513909
754,8/8/2002,August,Thursday,16:40,0,2,0,0,Rear-end,V1: Slowing or stopped in traffic / V2: Slowing or stopped in traffic,V1: S  / V2: S,Dry,Daylight,Clear,0,0,82,54,FALSE,41.94450501,-71.28411703
755,8/9/2002,August,Friday,12:58,1,2,0,0,Angle,V1: Travelling straight ahead / V2: Travelling straight ahead,V1: S  / V2: S,Dry,Daylight,Clear,0,0,84,56,FALSE,41.93096417,-71.35302241
756,8/10/2002,August,Saturday,3:00,1,2,0,0,Angle,V1: Travelling straight ahead / V2: Travelling straight ahead,V1: N  / V2: N,Dry,Dark - roadway not lighted,Clear,0,0,90,56,FALSE,41.89856245,-71.36866491
757,8/10/2002,August,Saturday,10:10,2,2,1,0,Angle,V1: Travelling straight ahead / V2: Travelling straight ahead,V1: S  / V2: W,Dry,Daylight,Clear,0,0,90,56,FALSE,41.93830895,-71.28203041
758,8/10/2002,August,Saturday,11:20,2,1,1,0,"Sideswipe, same direction",V1: Slowing or stopped in traffic,V1: W,Dry,Daylight,Clear,0,0,90,56,FALSE,41.93393836,-71.3077318
759,8/10/2002,August,Saturday,12:10,1,2,0,0,Rear-end,V1: Slowing or stopped in traffic / V2: Slowing or stopped in traffic,V1: S  / V2: S,Dry,Daylight,Clear,0,0,90,56,FALSE,41.90257689,-71.3560405
760,8/11/2002,August,Sunday,16:46,2,3,2,0,Angle,V1: Travelling straight ahead / V2: Slowing or stopped in traffic / V3: Travelling straight ahead,V1: S  / V2: E  / V3: W,Dry,Daylight,Clear,0,0,91,64,FALSE,41.92508738,-71.35628348
761,8/12/2002,August,Monday,12:10,0,2,0,0,Angle,V1: Travelling straight ahead / V2: Turning left,V1: S  / V2: N,Dry,Daylight,Clear,0,0,95,66,FALSE,41.93840858,-71.28352591