ID,DATE,Month,Day of week,Crash Time,Crash Severity,Number of Vehicles,Total Nonfatal Injuries,Total Fatal Injuries,Manner of Collision,Vehicle Action Prior to Crash,Vehicle Travel Directions,Road Surface Condition,Ambient Light,Weather Condition,PRCP,SNOW,TMAX,TMIN,Ice,Longtitute,Latitute
762,8/13/2002,August,Tuesday,14:40,1,2,0,0,Angle,V1: Turning left / V2: Travelling straight ahead,V1: S  / V2: W,Dry,Daylight,Clear,0,0,99,67,FALSE,41.94696934,-71.27969405
763,8/13/2002,August,Tuesday,15:05,1,4,0,0,Rear-end,V1: Slowing or stopped in traffic / V2: Slowing or stopped in traffic / V3: Slowing or stopped in traffic / V4: Slowing or stopped in traffic,V1: S  / V2: S  / V3: S  / V4: S,"Sand, mud, dirt, oil, gravel",Daylight,Clear,0,0,99,67,FALSE,34.24438675,-73.6513909
764,8/13/2002,August,Tuesday,15:05,2,4,1,0,Rear-end,V1: Slowing or stopped in traffic / V2: Travelling straight ahead / V3: Slowing or stopped in traffic / V4: Slowing or stopped in traffic,V1: S  / V2: S  / V3: S  / V4: S,Dry,Daylight,Clear,0,0,99,67,FALSE,41.92434046,-71.31048124
765,8/14/2002,August,Wednesday,7:49,2,2,1,0,Rear-end,V1: Travelling straight ahead / V2: Slowing or stopped in traffic,V1: N  / V2: N,Dry,Daylight,Clear,0,0,100,71,FALSE,34.24438675,-73.6513909
766,8/15/2002,August,Thursday,14:20,1,2,0,0,Rear-end,V1: Travelling straight ahead / V2: Slowing or stopped in traffic,V1: N  / V2: N,Dry,Daylight,Clear,0,0,90,71,FALSE,41.92508738,-71.35628348
767,8/15/2002,August,Thursday,15:05,2,3,2,0,Rear-end,V1: Slowing or stopped in traffic / V2: Slowing or stopped in traffic / V3: Travelling straight ahead,V1: W  / V2: W  / V3: W,Dry,Daylight,Clear,0,0,90,71,FALSE,41.95358311,-71.26631062
768,8/15/2002,August,Thursday,17:00,0,2,0,0,Rear-end,V1: Backing / V2: Slowing or stopped in traffic,V1: S  / V2: N,Dry,Daylight,Clear,0,0,90,71,FALSE,41.93692353,-71.281137
769,8/16/2002,August,Friday,8:00,1,1,0,0,Single vehicle crash,V1: Turning left,V1: S,Dry,Daylight,Clear,0,0,92,75,FALSE,34.24438675,-73.6513909
770,8/16/2002,August,Friday,17:01,1,2,0,0,Angle,V1: Turning left / V2: Travelling straight ahead,V1: E  / V2: 0,Dry,Daylight,Clear,0,0,92,75,FALSE,41.94666472,-71.28742757
771,8/16/2002,August,Friday,17:30,0,2,0,0,Rear-end,V1: Travelling straight ahead / V2: Slowing or stopped in traffic,V1: S  / V2: 0,Dry,Daylight,Clear,0,0,92,75,FALSE,41.90231125,-71.35597671
772,8/16/2002,August,Friday,23:50,0,1,0,0,Single vehicle crash,V1: Turning left,V1: N,Dry,Dark - lighted roadway,Clear,0,0,92,75,FALSE,41.92734177,-71.2850606
773,8/17/2002,August,Saturday,22:22,2,2,3,0,Angle,V1: Turning left / V2: Travelling straight ahead,V1: N  / V2: S,Dry,Dark - lighted roadway,Clear,0,0,98,72,FALSE,41.90930355,-71.35781776
774,8/19/2002,August,Monday,8:30,1,2,0,0,Rear-end,V1: Travelling straight ahead / V2: Slowing or stopped in traffic,V1: N  / V2: N,Dry,Daylight,Clear,0,0,96,71,FALSE,34.24438675,-73.6513909
775,8/19/2002,August,Monday,14:00,1,2,0,0,Angle,V1: Turning left / V2: Travelling straight ahead,V1: E  / V2: W,Dry,Daylight,Clear,0,0,96,71,FALSE,41.92014284,-71.35719783
776,8/19/2002,August,Monday,18:44,1,2,0,0,Angle,V1: Turning left / V2: Travelling straight ahead,V1: N  / V2: S,Dry,Daylight,Clear,0,0,96,71,FALSE,34.24438675,-73.6513909
777,8/20/2002,August,Tuesday,0:01,2,1,1,0,Single vehicle crash,V1: Turning left,V1: S,Wet,Daylight,Rain,0.66,0,77,60,FALSE,41.93874704,-71.29215576
778,8/20/2002,August,Tuesday,8:30,1,2,0,0,"Sideswipe, opposite direction",V1: Slowing or stopped in traffic / V2: Other,V1: N  / V2: S,Wet,Daylight,Rain,0.66,0,77,60,FALSE,34.24438675,-73.6513909
779,8/20/2002,August,Tuesday,9:50,0,1,0,0,Single vehicle crash,V1: Travelling straight ahead,V1: S,Wet,Daylight,Rain,0.66,0,77,60,FALSE,34.24438675,-73.6513909
780,8/20/2002,August,Tuesday,12:23,1,2,0,0,Rear-end,V1: Travelling straight ahead / V2: Slowing or stopped in traffic,V1: E  / V2: E,Dry,Daylight,Clear,0.66,0,77,60,FALSE,41.94435039,-71.2790185
781,8/20/2002,August,Tuesday,13:40,0,2,0,0,Angle,V1: Entering traffic lane / V2: Travelling straight ahead,V1: S  / V2: W,Dry,Daylight,Cloudy,0.66,0,77,60,FALSE,34.24438675,-73.6513909
782,8/21/2002,August,Wednesday,11:44,1,2,0,0,Rear-end,V1: Travelling straight ahead / V2: Slowing or stopped in traffic,V1: S  / V2: S,Dry,Daylight,Clear,0,0,84,60,FALSE,41.9483337,-71.27794679
783,8/22/2002,August,Thursday,8:10,0,2,0,0,Rear-end,V1: Overtaking/passing / V2: Backing,V1: S  / V2: S,Dry,Daylight,Clear,0.2,0,84,56,FALSE,34.24438675,-73.6513909
784,8/22/2002,August,Thursday,10:40,2,2,1,0,Rear-end,V1: Travelling straight ahead / V2: Travelling straight ahead,V1: W  / V2: W,Dry,Daylight,Clear,0.2,0,84,56,FALSE,41.90856169,-71.37043904
785,8/22/2002,August,Thursday,16:52,1,2,0,0,Rear-end,V1: Travelling straight ahead / V2: Travelling straight ahead,V1: S  / V2: N,Dry,Daylight,Cloudy,0.2,0,84,56,FALSE,41.93976913,-71.29072872
786,8/22/2002,August,Thursday,17:15,1,2,0,0,Rear-end,V1: Slowing or stopped in traffic / V2: Slowing or stopped in traffic,V1: N  / V2: N,Dry,Daylight,Cloudy,0.2,0,84,56,FALSE,41.91619723,-71.35885587
787,8/22/2002,August,Thursday,21:09,2,1,1,0,Single vehicle crash,V1: Leaving traffic lane,V1: N,Wet,Dark - roadway not lighted,Rain,0.2,0,84,56,FALSE,34.24438675,-73.6513909
788,8/23/2002,August,Friday,15:57,1,2,0,0,Angle,V1: Travelling straight ahead / V2: Backing,V1: S  / V2: N,Dry,Daylight,Clear,0.02,0,69,53,FALSE,41.94517634,-71.2834954
789,8/23/2002,August,Friday,19:55,0,1,0,0,0,V1: 0,V1: 0,Dry,Dark - lighted roadway,Clear,0.02,0,69,53,FALSE,34.24438675,-73.6513909
790,8/23/2002,August,Friday,21:35,0,2,0,0,Rear-end,V1: Travelling straight ahead / V2: Travelling straight ahead,V1: E  / V2: E,Dry,Dark - roadway not lighted,Clear,0.02,0,69,53,FALSE,34.24438675,-73.6513909
791,8/24/2002,August,Saturday,1:20,1,2,0,0,Rear-end,V1: Travelling straight ahead / V2: Slowing or stopped in traffic,V1: E  / V2: E,Dry,Dark - lighted roadway,Cloudy,0.22,0,71,53,FALSE,41.94245198,-71.28698244
792,8/24/2002,August,Saturday,11:03,2,2,1,0,Rear-end,V1: Travelling straight ahead / V2: Slowing or stopped in traffic,V1: S  / V2: S,Dry,Daylight,Cloudy,0.22,0,71,53,FALSE,34.24438675,-73.6513909
793,8/24/2002,August,Saturday,13:55,1,2,0,0,Angle,V1: Travelling straight ahead / V2: Slowing or stopped in traffic,V1: S  / V2: W,Dry,Daylight,Clear,0.22,0,71,53,FALSE,41.93493296,-71.282776
794,8/24/2002,August,Saturday,22:25,1,2,0,0,"Sideswipe, same direction",V1: Travelling straight ahead / V2: Travelling straight ahead,V1: S  / V2: S,Wet,Dark - lighted roadway,Rain,0.22,0,71,53,FALSE,41.92644259,-71.35554103
795,8/25/2002,August,Sunday,2:25,2,2,3,0,Angle,V1: Travelling straight ahead / V2: Travelling straight ahead,V1: E  / V2: N,Wet,Dark - lighted roadway,Cloudy/Rain,0.01,0,83,57,FALSE,41.94444966,-71.2795884
796,8/25/2002,August,Sunday,12:08,0,2,0,0,Rear-end,V1: Travelling straight ahead / V2: Parked,V1: S  / V2: 0,Wet,Dark - lighted roadway,Cloudy/Rain,0.01,0,83,57,FALSE,34.24438675,-73.6513909
797,8/25/2002,August,Sunday,14:00,1,2,0,0,0,V1: Travelling straight ahead / V2: Travelling straight ahead,V1: E  / V2: S,Dry,Daylight,Clear,0.01,0,83,57,FALSE,41.90086769,-71.36799095
798,8/27/2002,August,Tuesday,11:50,1,2,0,0,Rear-end,V1: Travelling straight ahead / V2: Travelling straight ahead,V1: N  / V2: N,Dry,Daylight,Clear,0,0,80,60,FALSE,41.94450501,-71.28411703
799,8/27/2002,August,Tuesday,15:00,2,2,1,0,Angle,V1: Travelling straight ahead / V2: Travelling straight ahead,V1: N  / V2: W,Dry,Daylight,Clear,0,0,80,60,FALSE,34.24438675,-73.6513909
800,8/27/2002,August,Tuesday,16:32,1,1,0,0,Single vehicle crash,V1: Travelling straight ahead,V1: E,Dry,Daylight,Cloudy,0,0,80,60,FALSE,34.24438675,-73.6513909
801,8/27/2002,August,Tuesday,17:45,1,2,0,0,Rear-end,V1: Travelling straight ahead / V2: Travelling straight ahead,V1: E  / V2: E,Dry,Daylight,Clear,0,0,80,60,FALSE,34.24438675,-73.6513909
802,8/28/2002,August,Wednesday,6:53,0,2,0,0,Rear-end,V1: Travelling straight ahead / V2: Entering traffic lane,V1: W  / V2: W,Dry,Daylight,Clear,0,0,72,57,FALSE,34.24438675,-73.6513909
803,8/28/2002,August,Wednesday,9:00,1,2,0,0,Rear-end,V1: Slowing or stopped in traffic / V2: Slowing or stopped in traffic,V1: E  / V2: E,Dry,Daylight,Clear,0,0,72,57,FALSE,41.92446027,-71.28906707
804,8/29/2002,August,Thursday,11:50,1,1,0,0,Single vehicle crash,V1: Slowing or stopped in traffic,V1: N,Wet,Daylight,Cloudy/Rain,0.47,0,65,61,FALSE,41.94140605,-71.28436439
805,8/29/2002,August,Thursday,14:25,1,2,0,0,Rear-end,V1: Slowing or stopped in traffic / V2: Slowing or stopped in traffic,V1: S  / V2: S,Wet,Daylight,Cloudy/Rain,0.47,0,65,61,FALSE,34.24438675,-73.6513909
806,8/29/2002,August,Thursday,15:30,1,2,0,0,Rear-end,V1: Slowing or stopped in traffic / V2: Travelling straight ahead,V1: S  / V2: S,Wet,Daylight,Rain,0.47,0,65,61,FALSE,34.24438675,-73.6513909
807,8/29/2002,August,Thursday,17:03,1,2,0,0,Angle,V1: Travelling straight ahead / V2: Turning left,V1: N  / V2: W,Wet,Daylight,Rain,0.47,0,65,61,FALSE,34.24438675,-73.6513909
808,8/30/2002,August,Friday,10:55,2,2,1,0,Angle,V1: Travelling straight ahead / V2: Turning left,V1: E  / V2: W,0,Daylight,Cloudy,0,0,70,57,FALSE,41.95411929,-71.24479296
809,8/30/2002,August,Friday,11:20,1,2,0,0,Angle,V1: Turning left / V2: Travelling straight ahead,V1: N  / V2: E,Dry,Daylight,Cloudy,0,0,70,57,FALSE,41.94245198,-71.28698244
810,8/30/2002,August,Friday,11:24,1,2,0,0,Angle,V1: Travelling straight ahead / V2: Slowing or stopped in traffic,V1: W  / V2: S,Dry,Daylight,Cloudy,0,0,70,57,FALSE,41.94757814,-71.27890389
811,8/30/2002,August,Friday,16:42,1,2,0,0,Rear-end,V1: Travelling straight ahead / V2: Slowing or stopped in traffic,V1: W  / V2: W,Dry,Daylight,Cloudy,0,0,70,57,FALSE,34.24438675,-73.6513909
812,8/31/2002,August,Saturday,11:10,1,2,0,0,0,V1: Slowing or stopped in traffic / V2: Parked,V1: E  / V2: 0,Dry,Daylight,Clear,0,0,70,49,FALSE,41.94043073,-71.28056505
813,8/31/2002,August,Saturday,11:37,2,2,1,0,Rear-end,V1: Travelling straight ahead / V2: Turning left,V1: N  / V2: 0,Dry,Dark - lighted roadway,Clear,0,0,70,49,FALSE,41.93713919,-71.28476639
814,8/31/2002,August,Saturday,15:00,1,2,0,0,Rear-end,V1: Slowing or stopped in traffic / V2: Travelling straight ahead,V1: N  / V2: N,Dry,Daylight,Clear,0,0,70,49,FALSE,41.90231125,-71.35597671
815,9/1/2002,September,Sunday,10:40,1,2,0,0,0,V1: Parked / V2: Travelling straight ahead,V1: 0 / V2: E,Dry,Daylight,Clear,0,0,70,49,FALSE,41.95120567,-71.27287433
816,9/1/2002,September,Sunday,13:00,1,2,0,0,"Sideswipe, same direction",V1: Travelling straight ahead / V2: Changing lanes,V1: N  / V2: N,Dry,Daylight,Clear,0,0,70,49,FALSE,41.90067433,-71.36809021
817,9/1/2002,September,Sunday,13:04,2,1,1,0,Single vehicle crash,V1: Travelling straight ahead,V1: 0,Dry,Daylight,Clear,0,0,70,49,FALSE,41.91245039,-71.2241466
818,9/1/2002,September,Sunday,16:00,1,3,0,0,Rear-end,V1: Travelling straight ahead / V2: Slowing or stopped in traffic / V3: Slowing or stopped in traffic,V1: E  / V2: E  / V3: E,Dry,Daylight,Cloudy,0,0,70,49,FALSE,34.24438675,-73.6513909
819,9/1/2002,September,Sunday,17:45,2,2,2,0,Rear-end,V1: Travelling straight ahead / V2: Travelling straight ahead,V1: S  / V2: S,Dry,Daylight,Cloudy,0,0,70,49,FALSE,34.24438675,-73.6513909
820,9/2/2002,September,Monday,10:50,1,2,0,0,Angle,V1: Travelling straight ahead / V2: Turning left,V1: N  / V2: S,Wet,Daylight,Rain,0.98,0,69,59,FALSE,41.9110765,-71.36278231
821,9/3/2002,September,Tuesday,1:55,1,1,0,0,Single vehicle crash,V1: Turning right,V1: N,Wet,Dark - roadway not lighted,Cloudy/Rain,0.37,0,72,62,FALSE,41.95523487,-71.30316882
822,9/3/2002,September,Tuesday,5:55,1,2,0,0,Angle,V1: Travelling straight ahead / V2: Travelling straight ahead,V1: E  / V2: S,Wet,Dawn,Cloudy,0.37,0,72,62,FALSE,41.93874704,-71.29215576
823,9/3/2002,September,Tuesday,11:58,2,2,2,0,Angle,V1: Turning left / V2: Travelling straight ahead,V1: E  / V2: S,Wet,Daylight,Rain,0.37,0,72,62,FALSE,41.93624398,-71.26400311
824,9/3/2002,September,Tuesday,15:35,2,2,2,0,Rear-end,V1: Entering traffic lane / V2: Travelling straight ahead,V1: 0 / V2: 0,Dry,Daylight,Cloudy,0.37,0,72,62,FALSE,41.89903243,-71.355186
825,9/3/2002,September,Tuesday,20:44,0,3,0,0,Angle,V1: Travelling straight ahead / V2: Slowing or stopped in traffic / V3: Travelling straight ahead,V1: E  / V2: W  / V3: N,Dry,Dark - lighted roadway,Clear,0.37,0,72,62,FALSE,41.92508738,-71.35628348
826,9/4/2002,September,Wednesday,4:40,2,1,1,0,Single vehicle crash,V1: Turning left,V1: E,Dry,Daylight,Clear,0.14,0,85,63,FALSE,41.95076301,-71.27397064
827,9/4/2002,September,Wednesday,6:54,2,2,1,0,Angle,V1: Travelling straight ahead / V2: Travelling straight ahead,V1: W  / V2: E,Wet,Daylight,Rain,0.14,0,85,63,FALSE,34.24438675,-73.6513909
828,9/4/2002,September,Wednesday,7:15,0,3,0,0,Rear-end,V1: 0 / V2: 0 / V3: Travelling straight ahead,V1: 0 / V2: E  / V3: E,Wet,Daylight,Rain,0.14,0,85,63,FALSE,41.9365932,-71.29539949
829,9/5/2002,September,Thursday,0:43,2,2,1,0,Rear-end,V1: Travelling straight ahead / V2: Travelling straight ahead,V1: S  / V2: S,Dry,Dark - roadway not lighted,Clear,0,0,79,55,FALSE,34.24438675,-73.6513909
830,9/5/2002,September,Thursday,8:46,1,2,0,0,Rear-end,V1: Travelling straight ahead / V2: Slowing or stopped in traffic,V1: E  / V2: E,Dry,Daylight,Clear,0,0,79,55,FALSE,41.9483337,-71.27794679
831,9/5/2002,September,Thursday,9:19,1,2,0,0,Angle,V1: Travelling straight ahead / V2: Travelling straight ahead,V1: N  / V2: E,Dry,Daylight,Clear,0,0,79,55,FALSE,41.94330896,-71.27265641
832,9/5/2002,September,Thursday,12:49,1,1,0,0,Single vehicle crash,V1: Turning right,V1: W,Dry,Daylight,Clear,0,0,79,55,FALSE,41.91861345,-71.29973155
833,9/5/2002,September,Thursday,18:20,2,2,2,0,Rear-end,V1: Travelling straight ahead / V2: Travelling straight ahead,V1: 0 / V2: 0,Dry,Daylight,Clear,0,0,79,55,FALSE,41.92982927,-71.35349399
834,9/6/2002,September,Friday,7:35,2,2,1,0,Rear-end,V1: Slowing or stopped in traffic / V2: Slowing or stopped in traffic,V1: E  / V2: E,Dry,Daylight,Clear,0,0,80,47,FALSE,41.93397764,-71.31903245
835,9/6/2002,September,Friday,21:07,2,2,1,0,Rear-end,V1: Entering traffic lane / V2: Slowing or stopped in traffic,V1: N  / V2: N,Dry,Dark - lighted roadway,Clear,0,0,80,47,FALSE,34.24438675,-73.6513909
836,9/7/2002,September,Saturday,11:21,1,2,0,0,Rear-end,V1: Slowing or stopped in traffic / V2: Travelling straight ahead,V1: S  / V2: S,Dry,Daylight,Clear,0,0,86,49,FALSE,34.24438675,-73.6513909
837,9/7/2002,September,Saturday,13:00,2,6,1,0,"Sideswipe, same direction",V1: Travelling straight ahead / V2: 0 / V3: Travelling straight ahead / V4: 0 / V5: 0 / V6: Travelling straight ahead,V1: N  / V2: 0 / V3: N  / V4: 0 / V5: 0 / V6: N,Dry,Daylight,Clear,0,0,86,49,FALSE,34.24438675,-73.6513909
838,9/7/2002,September,Saturday,13:40,1,2,0,0,Angle,V1: Turning left / V2: Travelling straight ahead,V1: E  / V2: N,Dry,Daylight,Clear,0,0,86,49,FALSE,34.24438675,-73.6513909
839,9/8/2002,September,Sunday,8:24,1,2,0,0,Rear-end,V1: Travelling straight ahead / V2: Turning right,V1: N  / V2: N,Dry,Daylight,Clear,0,0,87,58,FALSE,41.93742983,-71.26519759
840,9/8/2002,September,Sunday,16:22,2,2,3,0,Angle,V1: Travelling straight ahead / V2: Travelling straight ahead,V1: E  / V2: S,Dry,Daylight,Cloudy,0,0,87,58,FALSE,41.94121777,-71.2768631
841,9/8/2002,September,Sunday,18:07,2,1,1,0,Single vehicle crash,V1: Travelling straight ahead,V1: 0,Dry,Daylight,Cloudy,0,0,87,58,FALSE,41.94396167,-71.27662963
842,9/8/2002,September,Sunday,18:39,1,2,0,0,Rear-end,V1: Travelling straight ahead / V2: Slowing or stopped in traffic,V1: W  / V2: W,Dry,Daylight,Clear,0,0,87,58,FALSE,34.24438675,-73.6513909
843,9/9/2002,September,Monday,6:45,1,2,0,0,"Sideswipe, opposite direction",V1: Travelling straight ahead / V2: Travelling straight ahead,V1: 0 / V2: 0,Dry,Daylight,Clear,0,0,94,60,FALSE,41.92182373,-71.23910657
844,9/9/2002,September,Monday,10:09,0,2,0,0,Angle,V1: Travelling straight ahead / V2: Turning left,V1: S  / V2: E,Dry,Daylight,Clear,0,0,94,60,FALSE,41.91982212,-71.35857678
845,9/9/2002,September,Monday,12:34,1,2,0,0,Rear-end,V1: Travelling straight ahead / V2: Slowing or stopped in traffic,V1: W  / V2: W,Dry,Daylight,Cloudy,0,0,94,60,FALSE,41.94235699,-71.28711505
846,9/9/2002,September,Monday,19:52,2,3,2,0,Angle,V1: Turning left / V2: Travelling straight ahead / V3: Slowing or stopped in traffic,V1: S  / V2: N  / V3: W,Dry,Dark - lighted roadway,Clear,0,0,94,60,FALSE,41.92508738,-71.35628348
847,9/10/2002,September,Tuesday,15:52,1,2,0,0,Angle,V1: Travelling straight ahead / V2: 0,V1: E  / V2: S,Dry,Daylight,Clear,0,0,88,63,FALSE,41.93830895,-71.28203041
848,9/10/2002,September,Tuesday,16:25,2,1,1,0,0,V1: Travelling straight ahead,V1: S,Dry,Daylight,Clear,0,0,88,63,FALSE,34.24438675,-73.6513909
849,9/12/2002,September,Thursday,6:35,2,2,2,0,Angle,V1: Turning left / V2: Travelling straight ahead,V1: E  / V2: W,Dry,Daylight,Clear,0,0,73,47,FALSE,41.93403344,-71.31573641
850,9/12/2002,September,Thursday,7:20,2,2,2,0,Rear-end,V1: Slowing or stopped in traffic / V2: Slowing or stopped in traffic,V1: E  / V2: E,Dry,Daylight,Clear,0,0,73,47,FALSE,41.93608923,-71.296466
851,9/12/2002,September,Thursday,7:20,2,2,1,0,Rear-end,V1: Travelling straight ahead / V2: Slowing or stopped in traffic,V1: E  / V2: E,Dry,Daylight,Clear,0,0,73,47,FALSE,41.93608923,-71.296466
852,9/12/2002,September,Thursday,9:30,1,2,0,0,Rear-end,V1: Slowing or stopped in traffic / V2: Slowing or stopped in traffic,V1: N  / V2: N,Dry,Daylight,Clear,0,0,73,47,FALSE,34.24438675,-73.6513909
853,9/12/2002,September,Thursday,15:48,1,4,0,0,Rear-end,V1: Slowing or stopped in traffic / V2: 0 / V3: Travelling straight ahead / V4: Travelling straight ahead,V1: E  / V2: E  / V3: E  / V4: E,Dry,Daylight,Clear,0,0,73,47,FALSE,41.93399729,-71.31294601
854,9/12/2002,September,Thursday,22:25,0,1,0,0,Single vehicle crash,V1: Travelling straight ahead,V1: S,Dry,Dark - roadway not lighted,Clear,0,0,73,47,FALSE,34.24438675,-73.6513909
855,9/13/2002,September,Friday,13:56,1,2,0,0,Angle,V1: Travelling straight ahead / V2: Slowing or stopped in traffic,V1: W  / V2: E,Dry,Daylight,Clear,0,0,82,47,FALSE,41.93421769,-71.2996754
856,9/13/2002,September,Friday,22:59,1,3,0,0,"Sideswipe, same direction",V1: 0 / V2: Slowing or stopped in traffic / V3: Slowing or stopped in traffic,V1: N  / V2: 0 / V3: 0,Dry,Dark - lighted roadway,Clear,0,0,82,47,FALSE,41.94574442,-71.28910698
857,9/14/2002,September,Saturday,2:44,2,2,2,0,Rear-end,V1: Travelling straight ahead / V2: Travelling straight ahead,V1: N  / V2: N,Dry,Dark - roadway not lighted,Clear,0,0,83,56,FALSE,34.24438675,-73.6513909
858,9/14/2002,September,Saturday,16:47,2,2,1,0,Angle,V1: Travelling straight ahead / V2: Travelling straight ahead,V1: S  / V2: E,Dry,Daylight,Clear,0,0,83,56,FALSE,41.94121777,-71.2768631
859,9/14/2002,September,Saturday,19:57,1,1,0,0,Single vehicle crash,V1: Travelling straight ahead,V1: W,Dry,Dark - lighted roadway,Clear,0,0,83,56,FALSE,41.89749762,-71.37501774
860,9/14/2002,September,Saturday,20:56,0,4,0,0,Rear-end,V1: Travelling straight ahead / V2: Slowing or stopped in traffic / V3: Slowing or stopped in traffic / V4: Slowing or stopped in traffic,V1: S  / V2: S  / V3: S  / V4: S,Dry,Dark - lighted roadway,Clear,0,0,83,56,FALSE,41.90964751,-71.36351027
861,9/16/2002,September,Monday,7:45,1,1,0,0,Single vehicle crash,V1: Travelling straight ahead,V1: S,Wet,Daylight,Rain,2.04,0,75,60,FALSE,34.24438675,-73.6513909
862,9/16/2002,September,Monday,8:15,1,2,0,0,Rear-end,V1: Slowing or stopped in traffic / V2: Slowing or stopped in traffic,V1: N  / V2: N,Wet,Daylight,Rain,2.04,0,75,60,FALSE,41.90998013,-71.35802082
863,9/16/2002,September,Monday,12:34,1,2,0,0,Angle,V1: Turning left / V2: Travelling straight ahead,V1: E  / V2: S,Dry,Daylight,Cloudy/Rain,2.04,0,75,60,FALSE,41.92644259,-71.35554103
864,9/16/2002,September,Monday,15:25,2,2,1,0,Angle,V1: Entering traffic lane / V2: Leaving traffic lane,V1: N  / V2: E,Wet,Daylight,Cloudy/Rain,2.04,0,75,60,FALSE,41.92111112,-71.35572735
865,9/16/2002,September,Monday,16:14,0,3,0,0,Rear-end,V1: Travelling straight ahead / V2: Slowing or stopped in traffic / V3: Slowing or stopped in traffic,V1: E  / V2: E  / V3: E,Wet,Daylight,Rain,2.04,0,75,60,FALSE,34.24438675,-73.6513909
866,9/16/2002,September,Monday,16:38,1,3,0,0,Angle,V1: Travelling straight ahead / V2: Travelling straight ahead / V3: Slowing or stopped in traffic,V1: E  / V2: N  / V3: W,Dry,Daylight,Clear,2.04,0,75,60,FALSE,41.93830895,-71.28203041
867,9/16/2002,September,Monday,18:44,0,2,0,0,Angle,V1: Travelling straight ahead / V2: Parked,V1: N  / V2: 0,Dry,Daylight,Clear,2.04,0,75,60,FALSE,41.94529271,-71.27594166
868,9/16/2002,September,Monday,21:54,2,2,1,0,Rear-end,V1: Travelling straight ahead / V2: Slowing or stopped in traffic,V1: S  / V2: S,Wet,Dark - lighted roadway,Rain,2.04,0,75,60,FALSE,41.91758766,-71.35954517
869,9/17/2002,September,Tuesday,16:04,2,2,4,0,Rear-end,V1: Travelling straight ahead / V2: Slowing or stopped in traffic,V1: E  / V2: E,Dry,Daylight,Clear,0.02,0,77,58,FALSE,34.24438675,-73.6513909
870,9/17/2002,September,Tuesday,16:56,2,2,2,0,Rear-end,V1: Slowing or stopped in traffic / V2: Travelling straight ahead,V1: S  / V2: S,Dry,Daylight,Clear,0.02,0,77,58,FALSE,34.24438675,-73.6513909
871,9/18/2002,September,Wednesday,14:20,2,2,2,0,Rear-end,V1: Travelling straight ahead / V2: Slowing or stopped in traffic,V1: W  / V2: W,Dry,Daylight,Clear,0,0,78,53,FALSE,41.93874704,-71.29215576
872,9/19/2002,September,Thursday,1:44,1,1,0,0,Single vehicle crash,V1: Travelling straight ahead,V1: W,Dry,Dark - lighted roadway,Clear,0,0,79,53,FALSE,41.94441837,-71.27940945
873,9/19/2002,September,Thursday,6:45,1,2,0,0,Rear-end,V1: Travelling straight ahead / V2: Turning left,V1: E  / V2: E,Dry,Daylight,Clear,0,0,79,53,FALSE,41.93401501,-71.31496153
874,9/20/2002,September,Friday,8:30,0,2,0,0,Rear-end,V1: Travelling straight ahead / V2: Travelling straight ahead,V1: E  / V2: E,Dry,Dark - lighted roadway,Clear,0,0,77,54,FALSE,41.9483337,-71.27794679
875,9/21/2002,September,Saturday,12:00,1,1,0,0,Single vehicle crash,V1: Travelling straight ahead,V1: 0,Dry,Daylight,Clear,0,0,81,63,FALSE,41.94140605,-71.28436439
876,9/21/2002,September,Saturday,12:50,2,2,1,0,Rear-end,V1: Travelling straight ahead / V2: Travelling straight ahead,V1: S  / V2: S,Dry,0,Clear,0,0,81,63,FALSE,41.90257689,-71.3560405
877,9/21/2002,September,Saturday,13:05,1,2,0,0,Rear-end,V1: Travelling straight ahead / V2: Slowing or stopped in traffic,V1: W  / V2: W,Dry,Daylight,Clear,0,0,81,63,FALSE,34.24438675,-73.6513909
878,9/21/2002,September,Saturday,13:06,1,2,0,0,Rear-end,V1: Travelling straight ahead / V2: Slowing or stopped in traffic,V1: 0 / V2: 0,Dry,Daylight,Clear,0,0,81,63,FALSE,41.92558863,-71.35605912
879,9/21/2002,September,Saturday,17:56,1,2,0,0,"Sideswipe, same direction",V1: Travelling straight ahead / V2: Changing lanes,V1: 0 / V2: 0,Dry,Daylight,Cloudy/Rain,0,0,81,63,FALSE,41.94430004,-71.28137659
880,9/22/2002,September,Sunday,13:30,1,2,0,0,Rear-end,V1: Travelling straight ahead / V2: Slowing or stopped in traffic,V1: N  / V2: N,Dry,Daylight,Clear,0.21,0,82,65,FALSE,34.24438675,-73.6513909
881,9/22/2002,September,Sunday,14:10,1,2,0,0,Angle,V1: Turning left / V2: Travelling straight ahead,V1: E  / V2: W,Dry,Daylight,Clear,0.21,0,82,65,FALSE,41.91863208,-71.25282288
882,9/22/2002,September,Sunday,14:30,1,2,0,0,"Sideswipe, same direction",V1: Travelling straight ahead / V2: Travelling straight ahead,V1: E  / V2: E,Dry,Daylight,Rain,0.21,0,82,65,FALSE,41.94430004,-71.28137659