ID,DATE,Month,Day of week,Crash Time,Crash Severity,Number of Vehicles,Total Nonfatal Injuries,Total Fatal Injuries,Manner of Collision,Vehicle Action Prior to Crash,Vehicle Travel Directions,Road Surface Condition,Ambient Light,Weather Condition,PRCP,SNOW,TMAX,TMIN,Ice,Longtitute,Latitute
883,9/22/2002,September,Sunday,21:25,1,2,0,0,Rear-end,V1: Turning left / V2: Travelling straight ahead,V1: E  / V2: E,Wet,Dark - roadway not lighted,Rain,0.21,0,82,65,FALSE,34.24438675,-73.6513909
884,9/23/2002,September,Monday,1:32,0,1,0,0,Single vehicle crash,V1: Travelling straight ahead,V1: N,Wet,Dark - lighted roadway,Rain,0.92,0,79,64,FALSE,41.9059166,-71.33479143
885,9/23/2002,September,Monday,5:27,2,2,2,0,Single vehicle crash,V1: Travelling straight ahead / V2: Parked,V1: W  / V2: 0,Wet,Dark - lighted roadway,Rain,0.92,0,79,64,FALSE,41.95441017,-71.24653098
886,9/23/2002,September,Monday,12:30,2,2,3,0,Head-on,V1: Leaving traffic lane / V2: Travelling straight ahead,V1: N  / V2: S,Dry,Daylight,Cloudy,0.92,0,79,64,FALSE,34.24438675,-73.6513909
887,9/23/2002,September,Monday,12:39,0,1,0,0,Single vehicle crash,V1: Travelling straight ahead,V1: S,Dry,Daylight,Clear,0.92,0,79,64,FALSE,34.24438675,-73.6513909
888,9/24/2002,September,Tuesday,14:40,2,1,1,0,Single vehicle crash,V1: Turning left,V1: E,Dry,Daylight,Clear,0,0,65,59,FALSE,41.89880429,-71.37713636
889,9/24/2002,September,Tuesday,17:28,2,2,1,0,Rear-end,V1: Travelling straight ahead / V2: Slowing or stopped in traffic,V1: N  / V2: N,Dry,Daylight,Cloudy,0,0,65,59,FALSE,34.24438675,-73.6513909
890,9/25/2002,September,Wednesday,15:35,1,2,0,0,Angle,V1: Entering traffic lane / V2: Travelling straight ahead,V1: N  / V2: E,Dry,Daylight,Clear,0,0,71,55,FALSE,34.24438675,-73.6513909
891,9/26/2002,September,Thursday,2:01,2,1,1,0,Single vehicle crash,V1: Travelling straight ahead,V1: E,Dry,Dark - lighted roadway,Clear,0.37,0,66,55,FALSE,41.92315069,-71.31388052
892,9/26/2002,September,Thursday,14:50,1,2,0,0,Rear-end,V1: Travelling straight ahead / V2: Turning right,V1: E  / V2: N,Wet,Dawn,Rain,0.37,0,66,55,FALSE,41.94896349,-71.27713653
893,9/26/2002,September,Thursday,18:10,1,2,0,0,Rear-end,V1: Slowing or stopped in traffic / V2: Slowing or stopped in traffic,V1: E  / V2: E,Wet,Dusk,Cloudy/Rain,0.37,0,66,55,FALSE,41.91982212,-71.35857678
894,9/26/2002,September,Thursday,23:42,1,1,0,0,Single vehicle crash,V1: Travelling straight ahead,V1: N,Wet,Dark - lighted roadway,Cloudy/Rain,0.37,0,66,55,FALSE,34.24438675,-73.6513909
895,9/27/2002,September,Friday,12:30,1,2,0,0,Head-on,V1: Travelling straight ahead / V2: Travelling straight ahead,V1: E  / V2: W,Wet,Daylight,Rain,0.49,0,73,58,FALSE,34.24438675,-73.6513909
896,9/27/2002,September,Friday,14:52,1,2,0,0,0,V1: Travelling straight ahead / V2: Travelling straight ahead,V1: N  / V2: N,Wet,Daylight,Rain,0.49,0,73,58,FALSE,41.92521765,-71.28783389
897,9/27/2002,September,Friday,15:47,2,3,1,0,Angle,V1: Turning left / V2: Slowing or stopped in traffic / V3: Travelling straight ahead,V1: S  / V2: S  / V3: S,Wet,Daylight,Rain,0.49,0,73,58,FALSE,41.91092941,-71.31445189
898,9/27/2002,September,Friday,21:24,0,2,0,0,Angle,V1: Travelling straight ahead / V2: Travelling straight ahead,V1: S  / V2: E,Wet,Dark - lighted roadway,Cloudy,0.49,0,73,58,FALSE,41.90500517,-71.33616438
899,9/28/2002,September,Saturday,11:27,1,2,0,0,Angle,V1: Turning left / V2: Turning left,V1: N  / V2: E,Dry,Daylight,Clear,0.09,0,74,51,FALSE,41.95180679,-71.2898592
900,9/28/2002,September,Saturday,16:02,1,2,0,0,Rear-to-rear,V1: Backing / V2: Parked,V1: 0 / V2: 0,Dry,Daylight,Clear,0.09,0,74,51,FALSE,34.24438675,-73.6513909
901,9/29/2002,September,Sunday,13:40,1,2,0,0,Rear-end,V1: Travelling straight ahead / V2: Travelling straight ahead,V1: E  / V2: E,Dry,Daylight,Clear,0,0,68,44,FALSE,34.24438675,-73.6513909
902,9/29/2002,September,Sunday,17:25,2,2,1,0,"Sideswipe, same direction",V1: Travelling straight ahead / V2: Travelling straight ahead,V1: W  / V2: W,Dry,Daylight,Cloudy,0,0,68,44,FALSE,41.93358571,-71.32352844
903,9/30/2002,September,Monday,6:45,1,2,0,0,Rear-to-rear,V1: Backing / V2: Travelling straight ahead,V1: N  / V2: E,Dry,Dawn,Cloudy,0,0,70,44,FALSE,41.91638172,-71.30385227
904,9/30/2002,September,Monday,7:20,0,2,0,0,"Sideswipe, same direction",V1: Entering traffic lane / V2: Travelling straight ahead,V1: W  / V2: W,Dry,Daylight,Clear,0,0,70,44,FALSE,34.24438675,-73.6513909
905,9/30/2002,September,Monday,15:30,1,2,0,0,Angle,V1: Travelling straight ahead / V2: Travelling straight ahead,V1: W  / V2: N,Dry,Daylight,Clear,0,0,70,44,FALSE,34.24438675,-73.6513909
906,9/30/2002,September,Monday,20:53,3,2,0,1,Head-on,V1: Turning right / V2: Travelling straight ahead,V1: W  / V2: E,Dry,Dark - lighted roadway,Clear,0,0,70,44,FALSE,41.9156364,-71.32216122
907,10/1/2002,October,Tuesday,13:25,1,2,0,0,Rear-end,V1: Slowing or stopped in traffic / V2: Travelling straight ahead,V1: W  / V2: W,Dry,Daylight,Clear,0,0,81,58,FALSE,34.24438675,-73.6513909
908,10/1/2002,October,Tuesday,16:00,1,2,0,0,"Sideswipe, same direction",V1: Travelling straight ahead / V2: Turning left,V1: N  / V2: E,Dry,Daylight,Clear,0,0,81,58,FALSE,41.91982212,-71.35857678
909,10/1/2002,October,Tuesday,18:45,2,2,2,0,Angle,V1: Turning left / V2: Travelling straight ahead,V1: E  / V2: N,Dry,Dusk,Clear,0,0,81,58,FALSE,41.91653724,-71.36001753
910,10/2/2002,October,Wednesday,0:25,2,1,1,0,Single vehicle crash,V1: Travelling straight ahead,V1: N,Dry,Dark - lighted roadway,Clear,0.02,0,87,64,FALSE,41.95902159,-71.28770659
911,10/2/2002,October,Wednesday,9:20,1,3,0,0,Angle,V1: Travelling straight ahead / V2: Travelling straight ahead / V3: Travelling straight ahead,V1: S  / V2: S  / V3: S,Dry,Daylight,Clear,0.02,0,87,64,FALSE,34.24438675,-73.6513909
912,10/3/2002,October,Thursday,11:46,1,2,0,0,Rear-end,V1: Turning right / V2: Travelling straight ahead,V1: E  / V2: E,Dry,Daylight,Cloudy,0,0,74,54,FALSE,41.91328143,-71.36244729
913,10/3/2002,October,Thursday,17:15,1,1,0,0,Angle,V1: Parked,V1: 0,0,Other,Clear,0,0,74,54,FALSE,34.24438675,-73.6513909
914,10/3/2002,October,Thursday,19:00,2,2,1,0,Angle,V1: Travelling straight ahead / V2: Slowing or stopped in traffic,V1: 0 / V2: N,Dry,Dark - lighted roadway,Clear,0,0,74,54,FALSE,41.90086769,-71.36799095
915,10/4/2002,October,Friday,16:11,1,2,0,0,"Sideswipe, same direction",V1: Travelling straight ahead / V2: Slowing or stopped in traffic,V1: N  / V2: N,Dry,Daylight,Clear,0,0,68,48,FALSE,41.94495215,-71.2846593
916,10/5/2002,October,Saturday,23:24,1,2,0,0,"Sideswipe, same direction",V1: Overtaking/passing / V2: Overtaking/passing,V1: S  / V2: S,Dry,Dark - roadway not lighted,Cloudy,0.07,0,84,57,FALSE,34.24438675,-73.6513909
917,10/6/2002,October,Sunday,12:15,1,4,0,0,Rear-end,V1: Travelling straight ahead / V2: Slowing or stopped in traffic / V3: Slowing or stopped in traffic / V4: Slowing or stopped in traffic,V1: W  / V2: W  / V3: W  / V4: W,Dry,Daylight,Cloudy,0,0,65,42,FALSE,41.93269195,-71.32821357
918,10/6/2002,October,Sunday,12:15,1,2,0,0,Angle,V1: Turning left / V2: Travelling straight ahead,V1: 0 / V2: 0,Dry,Daylight,Cloudy,0,0,65,42,FALSE,41.93840858,-71.28352591
919,10/6/2002,October,Sunday,14:44,2,2,1,0,Angle,V1: Turning left / V2: Travelling straight ahead,V1: S  / V2: S,Dry,Daylight,Clear,0,0,65,42,FALSE,41.91562886,-71.36047108
920,10/7/2002,October,Monday,7:20,2,3,2,0,Rear-end,V1: Travelling straight ahead / V2: Slowing or stopped in traffic / V3: Slowing or stopped in traffic,V1: W  / V2: W  / V3: W,Dry,Dark - lighted roadway,Cloudy,0.02,0,71,50,FALSE,34.24438675,-73.6513909
921,10/7/2002,October,Monday,10:00,1,2,0,0,Single vehicle crash,V1: Turning left / V2: Travelling straight ahead,V1: E  / V2: S,Dry,Dark - lighted roadway,Clear,0.02,0,71,50,FALSE,41.96419273,-71.28929449
922,10/8/2002,October,Tuesday,6:56,1,2,0,0,Rear-end,V1: Travelling straight ahead / V2: Travelling straight ahead,V1: N  / V2: N,Dry,Daylight,Clear,0,0,62,41,FALSE,41.96712418,-71.29097941
923,10/8/2002,October,Tuesday,11:07,1,2,0,0,Rear-end,V1: Slowing or stopped in traffic / V2: Travelling straight ahead,V1: W  / V2: W,Dry,Daylight,Clear,0,0,62,41,FALSE,41.92675288,-71.34334435
924,10/8/2002,October,Tuesday,19:28,2,2,1,0,Angle,V1: Travelling straight ahead / V2: Entering traffic lane,V1: E  / V2: W,Dry,Dark - lighted roadway,Clear,0,0,62,41,FALSE,34.24438675,-73.6513909
925,10/9/2002,October,Wednesday,8:10,1,2,0,0,Angle,V1: Travelling straight ahead / V2: Turning right,V1: S  / V2: S,Dry,Daylight,Clear,0,0,59,37,FALSE,41.91044592,-71.28309302
926,10/9/2002,October,Wednesday,9:50,1,2,0,0,Angle,V1: Travelling straight ahead / V2: Entering traffic lane,V1: S  / V2: E,Dry,Daylight,Cloudy,0,0,59,37,FALSE,41.9472108,-71.28786501
927,10/9/2002,October,Wednesday,12:25,1,2,0,0,Rear-end,V1: Travelling straight ahead / V2: Slowing or stopped in traffic,V1: N  / V2: N,Dry,Daylight,Cloudy,0,0,59,37,FALSE,34.24438675,-73.6513909
928,10/10/2002,October,Thursday,6:55,1,2,0,0,Angle,V1: Backing / V2: Travelling straight ahead,V1: S  / V2: S,Dry,Daylight,Clear,0,0,65,44,FALSE,34.24438675,-73.6513909
929,10/10/2002,October,Thursday,8:04,1,2,0,0,Angle,V1: Travelling straight ahead / V2: Travelling straight ahead,V1: 0 / V2: 0,Dry,Daylight,Clear,0,0,65,44,FALSE,41.94274018,-71.28432859
930,10/10/2002,October,Thursday,15:00,0,2,0,0,Rear-end,V1: Backing / V2: Slowing or stopped in traffic,V1: E  / V2: W,Dry,Daylight,Clear,0,0,65,44,FALSE,41.96712418,-71.29097941
931,10/10/2002,October,Thursday,15:00,1,2,0,0,Angle,V1: Travelling straight ahead / V2: Travelling straight ahead,V1: W  / V2: S,Dry,Daylight,Clear,0,0,65,44,FALSE,41.94330896,-71.27265641
932,10/11/2002,October,Friday,0:45,1,1,0,0,Single vehicle crash,V1: Travelling straight ahead,V1: N,Dry,Dark - roadway not lighted,Cloudy,0.18,0,58,50,FALSE,34.24438675,-73.6513909
933,10/11/2002,October,Friday,3:19,1,1,0,0,Single vehicle crash,V1: Turning right,V1: W,Wet,Dark - lighted roadway,Rain,0.18,0,58,50,FALSE,41.95024863,-71.29858162
934,10/11/2002,October,Friday,6:50,1,2,0,0,Rear-end,V1: Travelling straight ahead / V2: Slowing or stopped in traffic,V1: S  / V2: S,Wet,Daylight,Cloudy/Rain,0.18,0,58,50,FALSE,34.24438675,-73.6513909
935,10/11/2002,October,Friday,12:50,0,2,0,0,Angle,V1: Travelling straight ahead / V2: Entering traffic lane,V1: E  / V2: N,Wet,Daylight,Rain,0.18,0,58,50,FALSE,41.94231024,-71.28253433
936,10/11/2002,October,Friday,14:00,0,2,0,0,Rear-end,V1: Travelling straight ahead / V2: Travelling straight ahead,V1: S  / V2: S,Dry,Daylight,Clear,0.18,0,58,50,FALSE,34.24438675,-73.6513909
937,10/11/2002,October,Friday,14:20,1,2,0,0,Rear-end,V1: Travelling straight ahead / V2: Slowing or stopped in traffic,V1: E  / V2: E,Wet,Daylight,Rain,0.18,0,58,50,FALSE,41.95076301,-71.27397064
938,10/11/2002,October,Friday,14:50,0,1,0,0,Single vehicle crash,V1: Travelling straight ahead,V1: N,Wet,Daylight,Rain,0.18,0,58,50,FALSE,41.92374611,-71.31686008
939,10/11/2002,October,Friday,14:54,2,4,1,0,Rear-end,V1: Slowing or stopped in traffic / V2: Slowing or stopped in traffic / V3: Travelling straight ahead / V4: Travelling straight ahead,V1: S  / V2: S  / V3: S  / V4: 0,Wet,Daylight,Rain,0.18,0,58,50,FALSE,41.90500517,-71.33616438
940,10/11/2002,October,Friday,18:04,1,2,0,0,Angle,V1: Turning left / V2: Travelling straight ahead,V1: S  / V2: N,Wet,Daylight,Rain,0.18,0,58,50,FALSE,41.9472108,-71.28786501
941,10/11/2002,October,Friday,18:10,1,2,0,0,Angle,V1: Turning left / V2: Travelling straight ahead,V1: W  / V2: N,Wet,Dusk,Rain,0.18,0,58,50,FALSE,41.9472108,-71.28786501
942,10/11/2002,October,Friday,21:15,1,2,0,0,Angle,V1: Turning left / V2: Travelling straight ahead,V1: N  / V2: E,Wet,Dark - lighted roadway,Rain,0.18,0,58,50,FALSE,41.89867838,-71.34654981
943,10/12/2002,October,Saturday,0:00,1,1,0,0,Single vehicle crash,V1: 0,V1: N,Dry,Daylight,Cloudy,0.26,0,58,55,FALSE,41.93394514,-71.32930978
944,10/12/2002,October,Saturday,9:20,2,2,1,0,Angle,V1: Travelling straight ahead / V2: Travelling straight ahead,V1: S  / V2: W,Wet,Daylight,Rain,0.26,0,58,55,FALSE,41.93623387,-71.28481203
945,10/12/2002,October,Saturday,10:50,1,2,0,0,Angle,V1: Turning left / V2: Travelling straight ahead,V1: N  / V2: 0,Wet,0,Rain,0.26,0,58,55,FALSE,41.93405012,-71.31579284
946,10/12/2002,October,Saturday,13:15,1,1,0,0,Single vehicle crash,V1: Travelling straight ahead,V1: N,Wet,Daylight,Rain,0.26,0,58,55,FALSE,41.9369072,-71.24856333
947,10/12/2002,October,Saturday,14:27,1,2,0,0,Rear-end,V1: Travelling straight ahead / V2: Slowing or stopped in traffic,V1: E  / V2: E,Wet,Daylight,Rain,0.26,0,58,55,FALSE,41.92550469,-71.34786233
948,10/12/2002,October,Saturday,17:25,1,4,0,0,Angle,V1: Turning left / V2: Travelling straight ahead / V3: Parked / V4: Slowing or stopped in traffic,V1: W  / V2: W  / V3: 0 / V4: 0,Wet,Daylight,Rain,0.26,0,58,55,FALSE,41.9374227,-71.29402673
949,10/12/2002,October,Saturday,19:04,1,2,0,0,Angle,V1: Entering traffic lane / V2: Travelling straight ahead,V1: E  / V2: S,Wet,Dark - lighted roadway,Rain,0.26,0,58,55,FALSE,41.90813779,-71.36428192
950,10/12/2002,October,Saturday,19:22,2,2,1,0,Rear-end,V1: Changing lanes / V2: Travelling straight ahead,V1: N  / V2: N,Wet,Dark - lighted roadway,Rain,0.26,0,58,55,FALSE,34.24438675,-73.6513909
951,10/13/2002,October,Sunday,4:06,1,1,0,0,Single vehicle crash,V1: Turning right,V1: N,Wet,Dark - roadway not lighted,Rain,0.21,0,59,56,FALSE,41.95517494,-71.30396847
952,10/13/2002,October,Sunday,5:30,1,2,0,0,Rear-end,V1: Travelling straight ahead / V2: Turning right,V1: E  / V2: E,Wet,Daylight,Rain,0.21,0,59,56,FALSE,41.95361737,-71.26617091
953,10/13/2002,October,Sunday,9:10,1,2,0,0,Angle,V1: Slowing or stopped in traffic / V2: Travelling straight ahead,V1: N  / V2: 0,Wet,Daylight,Rain,0.21,0,59,56,FALSE,41.93493296,-71.282776
954,10/13/2002,October,Sunday,14:20,1,2,0,0,Rear-end,V1: Travelling straight ahead / V2: Travelling straight ahead,V1: S  / V2: S,Wet,Daylight,Cloudy/Rain,0.21,0,59,56,FALSE,41.89903243,-71.355186
955,10/14/2002,October,Monday,7:14,0,1,0,0,Single vehicle crash,V1: Travelling straight ahead,V1: S,Dry,Daylight,Clear,0,0,56,33,FALSE,34.24438675,-73.6513909
956,10/14/2002,October,Monday,10:00,1,2,0,0,Angle,V1: Turning left / V2: Turning left,V1: N  / V2: S,Dry,Daylight,Clear,0,0,56,33,FALSE,41.91982212,-71.35857678
957,10/14/2002,October,Monday,11:23,1,1,0,0,Single vehicle crash,V1: Travelling straight ahead,V1: W,Dry,Dark - lighted roadway,Clear,0,0,56,33,FALSE,41.93864645,-71.25824522
958,10/14/2002,October,Monday,14:03,1,2,0,0,Angle,V1: Turning right / V2: Travelling straight ahead,V1: N  / V2: E,Dry,Daylight,Clear,0,0,56,33,FALSE,41.94087812,-71.27241863
959,10/14/2002,October,Monday,17:00,2,2,1,0,Angle,V1: Slowing or stopped in traffic / V2: Travelling straight ahead,V1: E  / V2: W,Dry,Daylight,Clear,0,0,56,33,FALSE,41.94292045,-71.27681606
960,10/15/2002,October,Tuesday,14:37,1,2,0,0,Angle,V1: Turning left / V2: Travelling straight ahead,V1: N  / V2: W,Dry,Daylight,Clear,0,0,56,29,TRUE,41.92978353,-71.2905899
961,10/15/2002,October,Tuesday,16:50,2,2,1,0,Angle,V1: Travelling straight ahead / V2: Travelling straight ahead,V1: E  / V2: S,Dry,Daylight,Cloudy,0,0,56,29,TRUE,41.91982212,-71.35857678
962,10/16/2002,October,Wednesday,8:55,1,1,0,0,Angle,V1: Travelling straight ahead,V1: S,Wet,Dark - lighted roadway,Rain,1.01,0,64,44,FALSE,41.94872235,-71.28913727
963,10/16/2002,October,Wednesday,10:08,2,2,2,0,Rear-end,V1: Slowing or stopped in traffic / V2: Slowing or stopped in traffic,V1: S  / V2: S,Wet,Daylight,Cloudy/Rain,1.01,0,64,44,FALSE,41.91653724,-71.36001753
964,10/16/2002,October,Wednesday,11:50,2,1,1,0,Single vehicle crash,V1: Travelling straight ahead,V1: W,Wet,Daylight,Rain,1.01,0,64,44,FALSE,41.95450134,-71.25353789
965,10/16/2002,October,Wednesday,17:00,2,2,1,0,Rear-end,V1: Travelling straight ahead / V2: Travelling straight ahead,V1: S  / V2: S,Wet,Daylight,Rain,1.01,0,64,44,FALSE,41.96712418,-71.29097941
966,10/16/2002,October,Wednesday,17:30,1,2,0,0,Angle,V1: Travelling straight ahead / V2: Travelling straight ahead,V1: S  / V2: S,Wet,Daylight,Rain,1.01,0,64,44,FALSE,41.95433338,-71.29671015
967,10/16/2002,October,Wednesday,18:49,1,3,0,0,Rear-end,V1: Slowing or stopped in traffic / V2: Travelling straight ahead / V3: Travelling straight ahead,V1: E  / V2: E  / V3: E,Wet,Dark - lighted roadway,Rain,1.01,0,64,44,FALSE,34.24438675,-73.6513909
968,10/16/2002,October,Wednesday,20:06,2,3,1,0,Single vehicle crash,V1: Turning left / V2: Travelling straight ahead / V3: Travelling straight ahead,V1: S  / V2: S  / V3: S,Snow,Dark - lighted roadway,Rain,1.01,0,64,44,FALSE,41.91337209,-71.36161888
969,10/16/2002,October,Wednesday,22:52,2,1,2,0,Rear-end,V1: Travelling straight ahead,V1: E,Wet,Dark - lighted roadway,Clear,1.01,0,64,44,FALSE,34.24438675,-73.6513909
970,10/17/2002,October,Thursday,9:39,2,2,1,0,"Sideswipe, same direction",V1: Overtaking/passing / V2: Slowing or stopped in traffic,V1: N  / V2: N,Dry,Daylight,Clear,0,0,67,44,FALSE,34.24438675,-73.6513909
971,10/17/2002,October,Thursday,11:56,1,2,0,0,Angle,V1: Travelling straight ahead / V2: Travelling straight ahead,V1: 0 / V2: 0,Dry,Daylight,Clear,0,0,67,44,FALSE,41.94217059,-71.28456247
972,10/17/2002,October,Thursday,15:55,1,4,0,0,Rear-end,V1: Travelling straight ahead / V2: Slowing or stopped in traffic / V3: Slowing or stopped in traffic / V4: Slowing or stopped in traffic,V1: W  / V2: W  / V3: W  / V4: W,Dry,Daylight,Cloudy,0,0,67,44,FALSE,41.95287787,-71.26899686
973,10/18/2002,October,Friday,1:56,1,2,0,0,Rear-end,V1: Backing / V2: Slowing or stopped in traffic,V1: E  / V2: E,Dry,Daylight,Clear,0,0,56,36,FALSE,34.24438675,-73.6513909
974,10/18/2002,October,Friday,7:20,2,2,1,0,Rear-end,V1: Travelling straight ahead / V2: Slowing or stopped in traffic,V1: N  / V2: N,Dry,Daylight,Clear,0,0,56,36,FALSE,41.94330896,-71.27265641
975,10/18/2002,October,Friday,10:21,1,2,0,0,Angle,V1: Turning left / V2: Travelling straight ahead,V1: E  / V2: W,Dry,Daylight,Clear,0,0,56,36,FALSE,41.91954079,-71.25775248
976,10/18/2002,October,Friday,15:03,1,2,0,0,Angle,V1: Turning right / V2: Travelling straight ahead,V1: N  / V2: S,Dry,Daylight,Clear,0,0,56,36,FALSE,41.93676851,-71.27982469
977,10/19/2002,October,Saturday,20:00,0,2,0,0,Head-on,V1: Turning left / V2: Travelling straight ahead,V1: N  / V2: S,Dry,Dark - lighted roadway,Cloudy,0,0,62,32,TRUE,34.24438675,-73.6513909
978,10/20/2002,October,Sunday,0:01,1,2,0,0,Rear-end,V1: Slowing or stopped in traffic / V2: Slowing or stopped in traffic,V1: S  / V2: S,Dry,Daylight,Clear,0,0,60,38,FALSE,34.24438675,-73.6513909
979,10/20/2002,October,Sunday,18:18,0,3,0,0,"Sideswipe, same direction",V1: Changing lanes / V2: Travelling straight ahead / V3: Travelling straight ahead,V1: S  / V2: S  / V3: S,Dry,Dark - roadway not lighted,Clear,0,0,60,38,FALSE,34.24438675,-73.6513909
980,10/21/2002,October,Monday,7:11,0,1,0,0,Single vehicle crash,V1: Travelling straight ahead,V1: N,Dry,Daylight,Clear,0,0,56,30,TRUE,41.91275666,-71.23594437
981,10/21/2002,October,Monday,14:11,1,2,0,0,Rear-end,V1: Slowing or stopped in traffic / V2: Slowing or stopped in traffic,V1: N  / V2: N,Dry,Daylight,Clear,0,0,56,30,TRUE,41.90086769,-71.36799095
982,10/21/2002,October,Monday,16:56,1,2,0,0,Angle,V1: Turning left / V2: Travelling straight ahead,V1: W  / V2: E,Dry,Daylight,Clear,0,0,56,30,TRUE,41.93360888,-71.32332002
983,10/22/2002,October,Tuesday,14:14,1,2,0,0,Rear-end,V1: Slowing or stopped in traffic / V2: Travelling straight ahead,V1: W  / V2: W,Dry,Daylight,Clear,0,0,55,28,TRUE,34.24438675,-73.6513909
984,10/22/2002,October,Tuesday,16:16,2,2,3,0,Angle,V1: Travelling straight ahead / V2: Travelling straight ahead,V1: W  / V2: S,Dry,Daylight,Clear,0,0,55,28,TRUE,34.24438675,-73.6513909
985,10/22/2002,October,Tuesday,18:35,2,2,1,0,Angle,V1: Travelling straight ahead / V2: Turning left,V1: E  / V2: W,Dry,Dark - lighted roadway,Clear,0,0,55,28,TRUE,41.94955733,-71.27636671
986,10/22/2002,October,Tuesday,18:56,2,1,2,0,Single vehicle crash,V1: Travelling straight ahead,V1: S,Dry,Dark - roadway not lighted,Clear,0,0,55,28,TRUE,34.24438675,-73.6513909
987,10/23/2002,October,Wednesday,15:49,1,2,0,0,Angle,V1: Slowing or stopped in traffic / V2: Travelling straight ahead,V1: S  / V2: N,Dry,Daylight,Clear,0.27,0,47,31,TRUE,41.94172858,-71.2694315
988,10/23/2002,October,Wednesday,19:45,2,2,2,0,Rear-end,V1: Travelling straight ahead / V2: Slowing or stopped in traffic,V1: W  / V2: W,Dry,Dark - lighted roadway,Cloudy,0.27,0,47,31,TRUE,34.24438675,-73.6513909
989,10/24/2002,October,Thursday,11:34,1,2,0,0,Rear-end,V1: Slowing or stopped in traffic / V2: Slowing or stopped in traffic,V1: W  / V2: W,Wet,Daylight,Rain,0,0,52,28,TRUE,34.24438675,-73.6513909
990,10/24/2002,October,Thursday,15:15,1,2,0,0,Angle,V1: Slowing or stopped in traffic / V2: Entering traffic lane,V1: E  / V2: E,Dry,Daylight,Clear,0,0,52,28,TRUE,34.24438675,-73.6513909
991,10/24/2002,October,Thursday,16:20,1,2,0,0,Rear-end,V1: Travelling straight ahead / V2: Turning left,V1: E  / V2: E,Dry,Daylight,Clear,0,0,52,28,TRUE,34.24438675,-73.6513909
992,10/24/2002,October,Thursday,16:30,2,1,1,0,Single vehicle crash,V1: Travelling straight ahead,V1: W,Dry,Daylight,Clear,0,0,52,28,TRUE,41.93584015,-71.27084407
993,10/24/2002,October,Thursday,17:30,1,2,0,0,Angle,V1: Entering traffic lane / V2: Travelling straight ahead,V1: W  / V2: N,Dry,Dusk,Clear,0,0,52,28,TRUE,41.90964751,-71.36351027
994,10/24/2002,October,Thursday,17:45,0,2,0,0,Angle,V1: Turning right / V2: Travelling straight ahead,V1: S  / V2: W,Dry,Dusk,Clear,0,0,52,28,TRUE,34.24438675,-73.6513909
995,10/25/2002,October,Friday,5:40,1,2,0,0,Angle,V1: Travelling straight ahead / V2: Travelling straight ahead,V1: N  / V2: N,Dry,Dark - roadway not lighted,Clear,0,0,53,28,TRUE,34.24438675,-73.6513909
996,10/25/2002,October,Friday,6:39,2,1,1,0,Single vehicle crash,V1: Travelling straight ahead,V1: N,Dry,Daylight,Clear,0,0,53,28,TRUE,34.24438675,-73.6513909
997,10/25/2002,October,Friday,17:35,2,2,1,0,Rear-end,V1: Turning right / V2: Travelling straight ahead,V1: E  / V2: E,Dry,Dusk,Clear,0,0,53,28,TRUE,34.24438675,-73.6513909
998,10/25/2002,October,Friday,19:26,1,2,0,0,Rear-end,V1: 0 / V2: 0,V1: S  / V2: 0,Dry,Dark - lighted roadway,Clear,0,0,53,28,TRUE,41.93957018,-71.28331414
999,10/26/2002,October,Saturday,3:36,1,2,0,0,Angle,V1: Travelling straight ahead / V2: Travelling straight ahead,V1: 0 / V2: 0,Wet,Daylight,Cloudy/Rain,1.43,0,53,36,FALSE,34.24438675,-73.6513909
1000,10/26/2002,October,Saturday,8:45,2,2,1,0,Angle,V1: Travelling straight ahead / V2: Turning left,V1: 0 / V2: 0,Wet,Daylight,Rain,1.43,0,53,36,FALSE,41.93405012,-71.31579284
1001,10/26/2002,October,Saturday,10:06,2,2,1,0,Angle,V1: Entering traffic lane / V2: Travelling straight ahead,V1: E  / V2: S,Wet,Daylight,Rain,1.43,0,53,36,FALSE,41.94499193,-71.27949099
1002,10/26/2002,October,Saturday,13:53,2,1,1,0,Single vehicle crash,V1: Travelling straight ahead,V1: S,Wet,Daylight,Cloudy/Rain,1.43,0,53,36,FALSE,41.89870928,-71.36909739
1003,10/26/2002,October,Saturday,13:53,0,1,0,0,Single vehicle crash,V1: Travelling straight ahead,V1: S,Wet,Daylight,Cloudy/Rain,1.43,0,53,36,FALSE,34.24438675,-73.6513909
1004,10/26/2002,October,Saturday,17:31,2,2,2,0,Angle,V1: Travelling straight ahead / V2: Turning right,V1: S  / V2: W,Wet,Dusk,Rain,1.43,0,53,36,FALSE,41.90697288,-71.36488171
1005,10/26/2002,October,Saturday,18:03,2,2,2,0,Head-on,V1: Other / V2: Travelling straight ahead,V1: S  / V2: N,Wet,Dusk,Rain,1.43,0,53,36,FALSE,34.24438675,-73.6513909