ID,DATE,Month,Day of week,Crash Time,Crash Severity,Number of Vehicles,Total Nonfatal Injuries,Total Fatal Injuries,Manner of Collision,Vehicle Action Prior to Crash,Vehicle Travel Directions,Road Surface Condition,Ambient Light,Weather Condition,PRCP,SNOW,TMAX,TMIN,Ice,Longtitute,Latitute
1006,10/27/2002,October,Sunday,10:35,1,2,0,0,Single vehicle crash,V1: Travelling straight ahead / V2: Changing lanes,V1: N  / V2: N,Dry,Daylight,Clear,0,0,60,38,FALSE,34.24438675,-73.6513909
1007,10/28/2002,October,Monday,7:05,1,2,0,0,Rear-end,V1: Travelling straight ahead / V2: Travelling straight ahead,V1: W  / V2: W,Dry,Daylight,Clear,0,0,55,33,FALSE,34.24438675,-73.6513909
1008,10/28/2002,October,Monday,9:31,2,2,1,0,Rear-end,V1: Travelling straight ahead / V2: Parked,V1: 0 / V2: E,Dry,Daylight,Clear,0,0,55,33,FALSE,41.9539631,-71.28276821
1009,10/28/2002,October,Monday,12:10,1,2,0,0,Angle,V1: Slowing or stopped in traffic / V2: Travelling straight ahead,V1: N  / V2: 0,Dry,Daylight,Clear,0,0,55,33,FALSE,41.95180679,-71.2898592
1010,10/28/2002,October,Monday,14:46,2,2,1,0,Angle,V1: Travelling straight ahead / V2: Travelling straight ahead,V1: E  / V2: S,Dry,Daylight,Clear,0,0,55,33,FALSE,34.24438675,-73.6513909
1011,10/28/2002,October,Monday,18:24,0,2,0,0,"Sideswipe, same direction",V1: Travelling straight ahead / V2: Parked,V1: S  / V2: 0,Dry,Dark - lighted roadway,Clear,0,0,55,33,FALSE,41.94292045,-71.27681605
1012,10/29/2002,October,Tuesday,7:06,0,3,0,0,Rear-end,V1: Slowing or stopped in traffic / V2: Slowing or stopped in traffic / V3: Travelling straight ahead,V1: N  / V2: N  / V3: N,Dry,Daylight,Clear,0,0,46,29,TRUE,34.24438675,-73.6513909
1013,10/29/2002,October,Tuesday,16:08,1,2,0,0,"Sideswipe, opposite direction",V1: Entering traffic lane / V2: Slowing or stopped in traffic,V1: W  / V2: N,Dry,Daylight,Cloudy,0,0,46,29,TRUE,34.24438675,-73.6513909
1014,10/30/2002,October,Wednesday,21:00,1,2,0,0,"Sideswipe, same direction",V1: Travelling straight ahead / V2: Changing lanes,V1: N  / V2: N,Dry,Dark - roadway not lighted,Clear,0,0,43,31,TRUE,34.24438675,-73.6513909
1015,10/31/2002,October,Thursday,6:00,1,3,0,0,Rear-end,V1: Slowing or stopped in traffic / V2: Travelling straight ahead / V3: Travelling straight ahead,V1: S  / V2: S  / V3: 0,Dry,Dark - roadway not lighted,Clear,0,0,51,29,TRUE,41.99618811,-71.29216746
1016,10/31/2002,October,Thursday,7:18,1,1,0,0,Single vehicle crash,V1: Travelling straight ahead,V1: E,Dry,Daylight,Clear,0,0,51,29,TRUE,34.24438675,-73.6513909
1017,10/31/2002,October,Thursday,13:30,0,2,0,0,Angle,V1: Turning right / V2: Travelling straight ahead,V1: N  / V2: N,Dry,Daylight,Clear,0,0,51,29,TRUE,41.91194929,-71.36233897
1018,10/31/2002,October,Thursday,14:30,1,2,0,0,Angle,V1: Travelling straight ahead / V2: Making U-turn,V1: E  / V2: S,Dry,Daylight,Clear,0,0,51,29,TRUE,41.90156182,-71.36972569
1019,10/31/2002,October,Thursday,15:30,2,1,4,0,Single vehicle crash,V1: 0,V1: N,Dry,Dusk,Clear,0,0,51,29,TRUE,34.24438675,-73.6513909
1020,10/31/2002,October,Thursday,22:00,1,2,0,0,Rear-end,V1: Travelling straight ahead / V2: Travelling straight ahead,V1: S  / V2: S,Dry,Dark - lighted roadway,Clear,0,0,51,29,TRUE,34.24438675,-73.6513909
1021,11/1/2002,November,Friday,1:35,1,1,0,0,Single vehicle crash,V1: Travelling straight ahead,V1: E,Dry,Dark - lighted roadway,Clear,0,0,54,32,TRUE,41.93152244,-71.29127014
1022,11/1/2002,November,Friday,6:51,1,2,0,0,Rear-end,V1: Slowing or stopped in traffic / V2: Slowing or stopped in traffic,V1: S  / V2: S,Dry,Daylight,Clear,0,0,54,32,TRUE,41.94728506,-71.27929104
1023,11/2/2002,November,Saturday,9:30,2,3,3,0,Rear-end,V1: Slowing or stopped in traffic / V2: Slowing or stopped in traffic / V3: Travelling straight ahead,V1: S  / V2: S  / V3: S,Dry,Daylight,Clear,0,0,42,24,TRUE,41.92456592,-71.35651274
1024,11/2/2002,November,Saturday,12:34,1,2,0,0,Rear-end,V1: Slowing or stopped in traffic / V2: Slowing or stopped in traffic,V1: N  / V2: N,Dry,Daylight,Clear,0,0,42,24,TRUE,41.90231125,-71.35597671
1025,11/2/2002,November,Saturday,14:17,1,2,0,0,Angle,V1: Entering traffic lane / V2: Travelling straight ahead,V1: E  / V2: S,Dry,Daylight,Clear,0,0,42,24,TRUE,41.91225342,-71.36218321
1026,11/2/2002,November,Saturday,16:50,1,2,0,0,Rear-end,V1: Travelling straight ahead / V2: Slowing or stopped in traffic,V1: S  / V2: N,Dry,Dark - roadway not lighted,Clear,0,0,42,24,TRUE,34.24438675,-73.6513909
1027,11/2/2002,November,Saturday,17:10,1,2,0,0,Rear-end,V1: Entering traffic lane / V2: Entering traffic lane,V1: S  / V2: N,Dry,Dark - lighted roadway,Clear,0,0,42,24,TRUE,41.90235094,-71.35584139
1028,11/3/2002,November,Sunday,12:11,1,2,0,0,Angle,V1: Entering traffic lane / V2: Travelling straight ahead,V1: E  / V2: E,Dry,Daylight,Clear,0,0,44,24,TRUE,41.95076301,-71.27397064
1029,11/3/2002,November,Sunday,13:09,1,2,0,0,Rear-end,V1: Slowing or stopped in traffic / V2: Travelling straight ahead,V1: N  / V2: N,Dry,Daylight,Clear,0,0,44,24,TRUE,34.24438675,-73.6513909
1030,11/3/2002,November,Sunday,21:29,2,1,1,0,Single vehicle crash,V1: Travelling straight ahead,V1: N,Dry,Dark - roadway not lighted,Cloudy,0,0,44,24,TRUE,34.24438675,-73.6513909
1031,11/4/2002,November,Monday,8:50,2,2,1,0,Rear-end,V1: Slowing or stopped in traffic / V2: Travelling straight ahead,V1: W  / V2: W,Dry,Daylight,Clear,0.04,0,51,25,TRUE,41.9483337,-71.27794679
1032,11/4/2002,November,Monday,9:18,0,1,0,0,Single vehicle crash,V1: Backing,V1: S,Dry,Daylight,Clear,0.04,0,51,25,TRUE,41.92508738,-71.35628348
1033,11/4/2002,November,Monday,16:07,1,2,0,0,Angle,V1: Travelling straight ahead / V2: Turning left,V1: N  / V2: S,Wet,Daylight,Rain,0.04,0,51,25,TRUE,41.94450501,-71.28411703
1034,11/4/2002,November,Monday,17:06,1,2,0,0,Rear-end,V1: Travelling straight ahead / V2: Slowing or stopped in traffic,V1: S  / V2: S,Wet,Dark - lighted roadway,Rain,0.04,0,51,25,TRUE,41.89669427,-71.37011584
1035,11/5/2002,November,Tuesday,6:38,2,2,1,0,Angle,V1: Turning left / V2: Travelling straight ahead,V1: S  / V2: W,Wet,Daylight,Cloudy,0,0,49,29,TRUE,34.24438675,-73.6513909
1036,11/5/2002,November,Tuesday,6:57,1,2,0,0,Angle,V1: Turning left / V2: Travelling straight ahead,V1: E  / V2: N,Dry,Daylight,Clear,0,0,49,29,TRUE,41.94845803,-71.30212015
1037,11/5/2002,November,Tuesday,7:15,0,2,0,0,Rear-end,V1: Travelling straight ahead / V2: Travelling straight ahead,V1: E  / V2: E,Dry,Daylight,Clear,0,0,49,29,TRUE,34.24438675,-73.6513909
1038,11/5/2002,November,Tuesday,13:35,1,2,0,0,Rear-end,V1: Slowing or stopped in traffic / V2: Travelling straight ahead,V1: N  / V2: N,Dry,Daylight,Clear,0,0,49,29,TRUE,41.89903243,-71.355186
1039,11/5/2002,November,Tuesday,16:20,0,1,0,0,Single vehicle crash,V1: Travelling straight ahead,V1: 0,Dry,Dusk,Clear,0,0,49,29,TRUE,41.92841044,-71.27669752
1040,11/6/2002,November,Wednesday,13:38,1,2,0,0,Rear-end,V1: Travelling straight ahead / V2: Turning left,V1: N  / V2: E,Wet,Daylight,Cloudy,0.6,0,50,38,FALSE,41.92508738,-71.35628348
1041,11/6/2002,November,Wednesday,13:54,2,2,2,0,Rear-end,V1: Travelling straight ahead / V2: Slowing or stopped in traffic,V1: S  / V2: S,Wet,Daylight,Cloudy,0.6,0,50,38,FALSE,41.94198224,-71.27048539
1042,11/6/2002,November,Wednesday,15:22,2,1,1,0,Single vehicle crash,V1: Turning left,V1: E,Wet,Daylight,Rain,0.6,0,50,38,FALSE,41.95437986,-71.25499915
1043,11/6/2002,November,Wednesday,15:33,1,2,0,0,Angle,V1: Travelling straight ahead / V2: Entering traffic lane,V1: S  / V2: S,Wet,Daylight,Cloudy/Rain,0.6,0,50,38,FALSE,41.90930355,-71.35781776
1044,11/6/2002,November,Wednesday,20:30,2,2,1,0,Angle,V1: Entering traffic lane / V2: Travelling straight ahead,V1: S  / V2: W,Wet,Dark - lighted roadway,Rain,0.6,0,50,38,FALSE,41.92416457,-71.35104162
1045,11/6/2002,November,Wednesday,23:06,1,1,0,0,Single vehicle crash,V1: Turning left,V1: W,0,Dark - lighted roadway,Rain,0.6,0,50,38,FALSE,41.89947309,-71.35794409
1046,11/7/2002,November,Thursday,6:50,1,2,0,0,Rear-end,V1: Travelling straight ahead / V2: 0,V1: E  / V2: E,Wet,Dawn,Cloudy,0.02,0,46,24,TRUE,34.24438675,-73.6513909
1047,11/7/2002,November,Thursday,13:05,1,2,0,0,Angle,V1: Travelling straight ahead / V2: Travelling straight ahead,V1: N  / V2: W,Dry,Daylight,Clear,0.02,0,46,24,TRUE,41.94396167,-71.27662963
1048,11/7/2002,November,Thursday,17:41,2,2,1,0,Angle,V1: Entering traffic lane / V2: Travelling straight ahead,V1: S  / V2: W,Dry,Dark - lighted roadway,Clear,0.02,0,46,24,TRUE,34.24438675,-73.6513909
1049,11/8/2002,November,Friday,1:50,1,1,0,0,Single vehicle crash,V1: Travelling straight ahead,V1: S,Dry,Dark - roadway not lighted,Clear,0,0,58,26,TRUE,41.95545359,-71.30436114
1050,11/8/2002,November,Friday,11:20,1,2,0,0,Angle,V1: Turning left / V2: Travelling straight ahead,V1: E  / V2: W,Dry,Daylight,Clear,0,0,58,26,TRUE,41.93623387,-71.28481203
1051,11/8/2002,November,Friday,13:15,0,2,0,0,Angle,V1: Turning left / V2: Travelling straight ahead,V1: E  / V2: N,Dry,Daylight,Clear,0,0,58,26,TRUE,41.95568257,-71.28823954
1052,11/8/2002,November,Friday,14:20,1,2,0,0,"Sideswipe, opposite direction",V1: Travelling straight ahead / V2: Travelling straight ahead,V1: W  / V2: E,Dry,Daylight,Clear,0,0,58,26,TRUE,34.24438675,-73.6513909
1053,11/8/2002,November,Friday,15:00,1,2,0,0,Rear-end,V1: Slowing or stopped in traffic / V2: Travelling straight ahead,V1: 0 / V2: 0,Dry,Daylight,Clear,0,0,58,26,TRUE,41.93393836,-71.3077318
1054,11/8/2002,November,Friday,16:00,1,2,0,0,Rear-end,V1: Travelling straight ahead / V2: Slowing or stopped in traffic,V1: 0 / V2: 0,Dry,Daylight,Clear,0,0,58,26,TRUE,41.90971335,-71.36025332
1055,11/8/2002,November,Friday,18:35,0,1,0,0,Single vehicle crash,V1: Travelling straight ahead,V1: E,Dry,Dark - lighted roadway,Clear,0,0,58,26,TRUE,41.95450448,-71.24937485
1056,11/9/2002,November,Saturday,11:15,2,2,3,0,Rear-end,V1: Travelling straight ahead / V2: Travelling straight ahead,V1: N  / V2: N,Dry,Daylight,Clear,0,0,61,45,FALSE,41.95253139,-71.28956818
1057,11/9/2002,November,Saturday,12:11,1,1,0,0,Single vehicle crash,V1: Slowing or stopped in traffic,V1: E,Dry,Dark - lighted roadway,Clear,0,0,61,45,FALSE,41.91711015,-71.37372238
1058,11/10/2002,November,Sunday,1:15,1,1,0,0,Single vehicle crash,V1: Slowing or stopped in traffic,V1: N,"Sand, mud, dirt, oil, gravel",Dark - lighted roadway,Cloudy,0.24,0,69,53,FALSE,34.24438675,-73.6513909
1059,11/10/2002,November,Sunday,3:33,2,1,1,0,Single vehicle crash,V1: Travelling straight ahead,V1: W,Wet,Dark - lighted roadway,Cloudy,0.24,0,69,53,FALSE,34.24438675,-73.6513909
1060,11/10/2002,November,Sunday,11:35,1,2,0,0,Angle,V1: Travelling straight ahead / V2: Travelling straight ahead,V1: S  / V2: E,Dry,Daylight,Cloudy,0.24,0,69,53,FALSE,41.93623387,-71.28481203
1061,11/10/2002,November,Sunday,14:21,1,2,0,0,Angle,V1: Slowing or stopped in traffic / V2: Travelling straight ahead,V1: W  / V2: E,Wet,Daylight,Cloudy/Rain,0.24,0,69,53,FALSE,34.24438675,-73.6513909
1062,11/10/2002,November,Sunday,15:10,1,2,0,0,Angle,V1: Travelling straight ahead / V2: Turning left,V1: W  / V2: E,Wet,Daylight,Cloudy/Rain,0.24,0,69,53,FALSE,41.95234013,-71.29601132
1063,11/10/2002,November,Sunday,21:30,1,1,0,0,"Sideswipe, same direction",V1: Slowing or stopped in traffic,V1: N,Wet,Dark - lighted roadway,Cloudy,0.24,0,69,53,FALSE,41.94390523,-71.27628639
1064,11/10/2002,November,Sunday,22:45,1,2,0,0,"Sideswipe, same direction",V1: Travelling straight ahead / V2: Travelling straight ahead,V1: W  / V2: W,Wet,Dark - lighted roadway,Rain,0.24,0,69,53,FALSE,41.93505312,-71.29860583
1065,11/11/2002,November,Monday,2:29,0,1,0,0,Single vehicle crash,V1: Travelling straight ahead,V1: S,Wet,Dark - lighted roadway,Rain,0.26,0,67,58,FALSE,34.24438675,-73.6513909
1066,11/11/2002,November,Monday,6:35,0,2,0,0,Rear-end,V1: Travelling straight ahead / V2: Turning left,V1: W  / V2: W,Wet,Dark - lighted roadway,Cloudy/Rain,0.26,0,67,58,FALSE,34.24438675,-73.6513909
1067,11/11/2002,November,Monday,17:09,1,3,0,0,Rear-end,V1: Travelling straight ahead / V2: Slowing or stopped in traffic / V3: 0,V1: W  / V2: W  / V3: 0,Wet,Dark - lighted roadway,Cloudy,0.26,0,67,58,FALSE,34.24438675,-73.6513909
1068,11/11/2002,November,Monday,17:45,1,4,0,0,Rear-end,V1: Slowing or stopped in traffic / V2: Slowing or stopped in traffic / V3: Slowing or stopped in traffic / V4: Slowing or stopped in traffic,V1: S  / V2: S  / V3: S  / V4: S,Dry,Dark - lighted roadway,Cloudy,0.26,0,67,58,FALSE,41.92644259,-71.35554103
1069,11/11/2002,November,Monday,18:54,1,2,0,0,Rear-end,V1: Slowing or stopped in traffic / V2: Slowing or stopped in traffic,V1: N  / V2: N,Wet,Dark - lighted roadway,Cloudy,0.26,0,67,58,FALSE,41.94666472,-71.28742757
1070,11/11/2002,November,Monday,23:23,1,1,0,0,Single vehicle crash,V1: 0,V1: S,Wet,Dark - lighted roadway,Cloudy,0.26,0,67,58,FALSE,41.93991612,-71.27248148
1071,11/12/2002,November,Tuesday,7:00,1,2,0,0,Angle,V1: Travelling straight ahead / V2: Travelling straight ahead,V1: W  / V2: N,Wet,Daylight,Clear,0.73,0,59,47,FALSE,41.93806227,-71.29125944
1072,11/12/2002,November,Tuesday,7:05,0,2,0,0,Angle,V1: Travelling straight ahead / V2: Turning left,V1: N  / V2: 0,Wet,Dark - lighted roadway,Rain,0.73,0,59,47,FALSE,34.24438675,-73.6513909
1073,11/12/2002,November,Tuesday,7:54,1,2,0,0,"Sideswipe, same direction",V1: Overtaking/passing / V2: Travelling straight ahead,V1: W  / V2: W,Dry,Daylight,Clear,0.73,0,59,47,FALSE,41.95451461,-71.24992613
1074,11/12/2002,November,Tuesday,13:05,1,2,0,0,Angle,V1: Entering traffic lane / V2: Travelling straight ahead,V1: W  / V2: N,Dry,Daylight,Clear,0.73,0,59,47,FALSE,41.94396167,-71.27662963
1075,11/13/2002,November,Wednesday,1:27,1,1,0,0,"Sideswipe, same direction",V1: Travelling straight ahead,V1: S,Wet,Dark - lighted roadway,Cloudy/Rain,0.86,0,48,43,FALSE,41.93730836,-71.29418541
1076,11/14/2002,November,Thursday,6:18,1,3,0,0,Angle,V1: Travelling straight ahead / V2: Travelling straight ahead / V3: Travelling straight ahead,V1: N  / V2: 0 / V3: N,Dry,Dawn,Clear,0,0,53,34,FALSE,34.24438675,-73.6513909
1077,11/14/2002,November,Thursday,8:30,2,1,1,0,Single vehicle crash,V1: Travelling straight ahead,V1: N,Dry,Daylight,Clear,0,0,53,34,FALSE,34.24438675,-73.6513909
1078,11/14/2002,November,Thursday,23:48,1,1,0,0,Single vehicle crash,V1: Travelling straight ahead,V1: N,Dry,Dark - lighted roadway,Clear,0,0,53,34,FALSE,41.92933365,-71.24493209
1079,11/15/2002,November,Friday,8:10,1,2,0,0,Angle,V1: Turning left / V2: Travelling straight ahead,V1: S  / V2: W,Dry,Daylight,Clear,0,0,63,43,FALSE,41.91723587,-71.37241026
1080,11/15/2002,November,Friday,14:43,1,2,0,0,Rear-end,V1: Slowing or stopped in traffic / V2: Travelling straight ahead,V1: E  / V2: E,Wet,Daylight,Clear,0,0,63,43,FALSE,34.24438675,-73.6513909
1081,11/15/2002,November,Friday,16:05,1,2,0,0,Angle,V1: Turning left / V2: Travelling straight ahead,V1: E  / V2: S,Dry,Daylight,Cloudy,0,0,63,43,FALSE,41.95819153,-71.29650333
1082,11/15/2002,November,Friday,17:22,1,2,0,0,Rear-end,V1: Slowing or stopped in traffic / V2: Changing lanes,V1: N  / V2: N,Dry,Dark - lighted roadway,Clear,0,0,63,43,FALSE,41.92644259,-71.35554103
1083,11/16/2002,November,Saturday,13:11,1,2,0,0,Rear-end,V1: Slowing or stopped in traffic / V2: Travelling straight ahead,V1: E  / V2: E,Wet,Daylight,Rain,0.76,0,45,37,FALSE,41.94066438,-71.28948653
1084,11/16/2002,November,Saturday,14:25,2,2,1,0,Rear-end,V1: Slowing or stopped in traffic / V2: Slowing or stopped in traffic,V1: E  / V2: E,Wet,Daylight,Cloudy/Rain,0.76,0,45,37,FALSE,41.93269195,-71.32821357
1085,11/16/2002,November,Saturday,20:12,1,2,0,0,Angle,V1: Travelling straight ahead / V2: Entering traffic lane,V1: N  / V2: W,Wet,Dark - lighted roadway,Rain,0.76,0,45,37,FALSE,41.90857957,-71.36406078
1086,11/16/2002,November,Saturday,20:21,2,2,1,0,Angle,V1: Turning left / V2: Travelling straight ahead,V1: W  / V2: S,Wet,Dark - lighted roadway,Cloudy/Rain,0.76,0,45,37,FALSE,41.93623387,-71.28481203
1087,11/16/2002,November,Saturday,23:55,1,2,0,0,Rear-end,V1: Travelling straight ahead / V2: Slowing or stopped in traffic,V1: E  / V2: E,Wet,Dark - lighted roadway,Cloudy/Rain,0.76,0,45,37,FALSE,41.93505312,-71.29860583
1088,11/17/2002,November,Sunday,0:59,1,2,0,0,Angle,V1: Travelling straight ahead / V2: Travelling straight ahead,V1: E  / V2: S,Wet,Dark - lighted roadway,Rain,1.51,0,46,35,FALSE,41.89618753,-71.37039513
1089,11/17/2002,November,Sunday,5:45,1,1,0,0,Single vehicle crash,V1: Travelling straight ahead,V1: N,Wet,Dark - roadway not lighted,Rain,1.51,0,46,35,FALSE,34.24438675,-73.6513909
1090,11/17/2002,November,Sunday,23:12,2,1,1,0,Single vehicle crash,V1: Travelling straight ahead,V1: N,Wet,Dark - lighted roadway,Cloudy/Rain,1.51,0,46,35,FALSE,34.24438675,-73.6513909
1091,11/18/2002,November,Monday,19:54,1,2,0,0,Rear-end,V1: Slowing or stopped in traffic / V2: Slowing or stopped in traffic,V1: S  / V2: S,Dry,Dark - lighted roadway,Clear,0.2,0,43,34,FALSE,41.92644259,-71.35554103
1092,11/18/2002,November,Monday,20:03,1,2,0,0,Rear-end,V1: Travelling straight ahead / V2: Travelling straight ahead,V1: S  / V2: S,Dry,Dark - roadway not lighted,Clear,0.2,0,43,34,FALSE,34.24438675,-73.6513909
1093,11/20/2002,November,Wednesday,12:20,0,2,0,0,Rear-end,V1: Travelling straight ahead / V2: Slowing or stopped in traffic,V1: E  / V2: E,Dry,Daylight,Clear,0,0,57,29,TRUE,34.24438675,-73.6513909
1094,11/21/2002,November,Thursday,9:00,1,1,0,0,Single vehicle crash,V1: Travelling straight ahead,V1: E,Dry,Daylight,Fog,0.02,0,53,30,TRUE,34.24438675,-73.6513909
1095,11/21/2002,November,Thursday,22:57,0,2,0,0,Angle,V1: Turning left / V2: Travelling straight ahead,V1: E  / V2: N,Wet,Dark - lighted roadway,Rain,0.02,0,53,30,TRUE,41.91649569,-71.30362942
1096,11/22/2002,November,Friday,10:10,1,2,0,0,"Sideswipe, same direction",V1: Changing lanes / V2: Travelling straight ahead,V1: S  / V2: S,Wet,Daylight,Cloudy/Rain,0.74,0,49,43,FALSE,41.93096417,-71.35302241
1097,11/22/2002,November,Friday,10:37,1,2,0,0,Angle,V1: Turning left / V2: Travelling straight ahead,V1: N  / V2: S,Wet,Daylight,Rain,0.74,0,49,43,FALSE,41.95180679,-71.2898592
1098,11/22/2002,November,Friday,11:47,2,2,1,0,Rear-end,V1: Slowing or stopped in traffic / V2: Slowing or stopped in traffic,V1: W  / V2: W,Wet,Daylight,Cloudy/Rain,0.74,0,49,43,FALSE,41.96971671,-71.29174641
1099,11/22/2002,November,Friday,13:07,1,2,0,0,Rear-end,V1: Travelling straight ahead / V2: Parked,V1: E  / V2: 0,Wet,Daylight,Cloudy,0.74,0,49,43,FALSE,41.94324061,-71.27805451
1100,11/22/2002,November,Friday,14:15,1,2,0,0,Single vehicle crash,V1: Turning left / V2: Travelling straight ahead,V1: W  / V2: W,Slush,Daylight,Cloudy,0.74,0,49,43,FALSE,34.24438675,-73.6513909
1101,11/22/2002,November,Friday,15:00,1,2,0,0,Rear-end,V1: Travelling straight ahead / V2: Slowing or stopped in traffic,V1: W  / V2: W,Wet,Daylight,Rain,0.74,0,49,43,FALSE,41.94955733,-71.27636671
1102,11/22/2002,November,Friday,15:02,0,2,0,0,Rear-end,V1: Travelling straight ahead / V2: Slowing or stopped in traffic,V1: S  / V2: W,Wet,Daylight,Cloudy/Rain,0.74,0,49,43,FALSE,34.24438675,-73.6513909
1103,11/22/2002,November,Friday,16:20,1,2,0,0,Angle,V1: Turning left / V2: Travelling straight ahead,V1: 0 / V2: 0,Wet,Daylight,Rain,0.74,0,49,43,FALSE,41.94928318,-71.28964082
1104,11/22/2002,November,Friday,22:25,0,2,0,0,Angle,V1: 0 / V2: 0,V1: S  / V2: S,Wet,Dark - roadway not lighted,Rain,0.74,0,49,43,FALSE,41.93568724,-71.26315493
1105,11/23/2002,November,Saturday,1:49,1,1,0,0,Single vehicle crash,V1: Travelling straight ahead,V1: E,Wet,Dark - lighted roadway,Cloudy,0,0,45,33,FALSE,41.92675288,-71.34334435
1106,11/23/2002,November,Saturday,9:40,0,2,0,0,Angle,V1: Turning left / V2: Travelling straight ahead,V1: W  / V2: E,Dry,Dark - lighted roadway,Clear,0,0,45,33,FALSE,34.24438675,-73.6513909
1107,11/23/2002,November,Saturday,11:15,1,2,0,0,Rear-end,V1: Overtaking/passing / V2: Travelling straight ahead,V1: S  / V2: S,Dry,Daylight,Clear,0,0,45,33,FALSE,41.93843051,-71.29261954
1108,11/23/2002,November,Saturday,13:26,1,3,0,0,Rear-end,V1: Travelling straight ahead / V2: Slowing or stopped in traffic / V3: Slowing or stopped in traffic,V1: N  / V2: N  / V3: N,Dry,Daylight,Cloudy,0,0,45,33,FALSE,41.92299535,-71.35720066
1109,11/23/2002,November,Saturday,17:05,0,2,0,0,Rear-end,V1: Travelling straight ahead / V2: Parked,V1: W  / V2: 0,Dry,Dark - roadway not lighted,Clear,0,0,45,33,FALSE,34.24438675,-73.6513909
1110,11/24/2002,November,Sunday,20:02,0,2,0,0,Angle,V1: Turning left / V2: Travelling straight ahead,V1: W  / V2: E,Dry,Dark - lighted roadway,Clear,0,0,48,31,TRUE,34.24438675,-73.6513909
1111,11/25/2002,November,Monday,14:27,0,2,0,0,Angle,V1: 0 / V2: Entering traffic lane,V1: 0 / V2: S,Dry,Daylight,Cloudy,0,0,51,32,TRUE,34.24438675,-73.6513909
1112,11/25/2002,November,Monday,21:39,2,1,1,0,Single vehicle crash,V1: Turning left,V1: S,Dry,Dark - lighted roadway,Cloudy,0,0,51,32,TRUE,41.94292045,-71.27681606
1113,11/26/2002,November,Tuesday,12:44,1,2,0,0,Angle,V1: Travelling straight ahead / V2: Travelling straight ahead,V1: W  / V2: S,Wet,Daylight,Cloudy/Rain,0,0,47,35,FALSE,41.94330896,-71.27265641
1114,11/26/2002,November,Tuesday,17:00,1,2,0,0,Head-on,V1: Travelling straight ahead / V2: Turning left,V1: W  / V2: E,Slush,Dark - lighted roadway,Clear,0,0,47,35,FALSE,41.91982212,-71.35857678
1115,11/27/2002,November,Wednesday,9:50,1,2,0,0,Angle,V1: 0 / V2: 0,V1: 0 / V2: 0,Snow,Daylight,Snow,0.41,5.1,37,18,TRUE,41.90979848,-71.31542649
1116,11/27/2002,November,Wednesday,14:17,0,2,0,0,Rear-end,V1: Slowing or stopped in traffic / V2: Travelling straight ahead,V1: 0 / V2: W,Wet,Daylight,Cloudy,0.41,5.1,37,18,TRUE,41.92241545,-71.31336866
1117,11/27/2002,November,Wednesday,22:55,2,2,1,0,Angle,V1: Turning left / V2: Travelling straight ahead,V1: E  / V2: S,Snow,Dark - roadway not lighted,Cloudy,0.41,5.1,37,18,TRUE,34.24438675,-73.6513909
1118,11/29/2002,November,Friday,8:30,1,1,0,0,Angle,V1: 0,V1: E,Snow,Dark - lighted roadway,Snow,0.06,0.3,37,19,TRUE,41.91463957,-71.35904891
1119,11/29/2002,November,Friday,16:40,1,2,0,0,Angle,V1: Turning left / V2: Travelling straight ahead,V1: S  / V2: N,Dry,Dark - lighted roadway,Cloudy,0.06,0.3,37,19,TRUE,34.24438675,-73.6513909
1120,11/29/2002,November,Friday,18:00,1,2,0,0,Rear-end,V1: Travelling straight ahead / V2: Travelling straight ahead,V1: W  / V2: E,Snow,Dark - lighted roadway,Snow,0.06,0.3,37,19,TRUE,34.24438675,-73.6513909
1121,11/29/2002,November,Friday,18:30,1,1,0,0,Single vehicle crash,V1: Travelling straight ahead,V1: E,Snow,Dark - lighted roadway,Snow,0.06,0.3,37,19,TRUE,34.24438675,-73.6513909
1122,11/29/2002,November,Friday,21:56,1,2,0,0,Angle,V1: Travelling straight ahead / V2: Travelling straight ahead,V1: S  / V2: N,Ice,Dark - lighted roadway,Cloudy,0.06,0.3,37,19,TRUE,41.9241569,-71.35198615
1123,11/29/2002,November,Friday,22:12,1,1,0,0,Angle,V1: Turning left,V1: E,Snow,Dark - lighted roadway,Snow,0.06,0.3,37,19,TRUE,41.93525581,-71.27772654
1124,11/30/2002,November,Saturday,10:50,2,2,1,0,Angle,V1: Slowing or stopped in traffic / V2: Travelling straight ahead,V1: W  / V2: S,Wet,Daylight,Clear,0,0,48,34,FALSE,41.9370756,-71.28238678
1125,11/30/2002,November,Saturday,15:30,1,2,0,0,Single vehicle crash,V1: Turning left / V2: Travelling straight ahead,V1: E  / V2: S,Dry,Daylight,Cloudy,0,0,48,34,FALSE,41.89618753,-71.37039513
1126,11/30/2002,November,Saturday,16:40,1,1,0,0,Single vehicle crash,V1: Travelling straight ahead,V1: E,Wet,Dark - lighted roadway,Cloudy,0,0,48,34,FALSE,41.9339771,-71.311271
1127,12/1/2002,December,Sunday,7:37,2,1,2,0,Single vehicle crash,V1: Changing lanes,V1: S,Dry,Daylight,Clear,0,0,37,24,TRUE,41.92508738,-71.35628348