ID,DATE,Month,Day of week,Crash Time,Crash Severity,Number of Vehicles,Total Nonfatal Injuries,Total Fatal Injuries,Manner of Collision,Vehicle Action Prior to Crash,Vehicle Travel Directions,Road Surface Condition,Ambient Light,Weather Condition,PRCP,SNOW,TMAX,TMIN,Ice,Longtitute,Latitute
1128,12/1/2002,December,Sunday,13:00,1,2,0,0,Rear-end,V1: Slowing or stopped in traffic / V2: Travelling straight ahead,V1: S  / V2: S,Dry,Daylight,Clear,0,0,37,24,TRUE,34.24438675,-73.6513909
1129,12/2/2002,December,Monday,10:20,0,2,0,0,0,V1: Travelling straight ahead / V2: Travelling straight ahead,V1: N  / V2: S,Dry,Daylight,Clear,0.1,1.5,38,23,TRUE,34.24438675,-73.6513909
1130,12/2/2002,December,Monday,16:39,1,2,0,0,Rear-end,V1: Travelling straight ahead / V2: Travelling straight ahead,V1: S  / V2: S,Dry,Dark - roadway not lighted,Clear,0.1,1.5,38,23,TRUE,34.24438675,-73.6513909
1131,12/2/2002,December,Monday,17:08,1,2,0,0,Angle,V1: Slowing or stopped in traffic / V2: Travelling straight ahead,V1: 0 / V2: S,Dry,Dusk,Cloudy,0.1,1.5,38,23,TRUE,41.94757814,-71.27890389
1132,12/2/2002,December,Monday,18:20,0,2,0,0,Angle,V1: Overtaking/passing / V2: Slowing or stopped in traffic,V1: E  / V2: E,Dry,Dark - lighted roadway,Cloudy,0.1,1.5,38,23,TRUE,41.92474743,-71.34966832
1133,12/3/2002,December,Tuesday,5:30,1,1,0,0,Single vehicle crash,V1: Travelling straight ahead,V1: N,0,Dark - lighted roadway,Clear,0.09,1.3,30,16,TRUE,41.93269195,-71.32821357
1134,12/3/2002,December,Tuesday,7:14,1,2,0,0,Rear-end,V1: Slowing or stopped in traffic / V2: Travelling straight ahead,V1: N  / V2: N,Snow,Daylight,Cloudy,0.09,1.3,30,16,TRUE,41.96643836,-71.29074265
1135,12/3/2002,December,Tuesday,14:43,1,2,0,0,Angle,V1: Travelling straight ahead / V2: Making U-turn,V1: E  / V2: E,Ice,Daylight,Clear,0.09,1.3,30,16,TRUE,41.91753369,-71.22669418
1136,12/3/2002,December,Tuesday,17:15,2,2,1,0,Angle,V1: Turning left / V2: Travelling straight ahead,V1: N  / V2: S,Dry,Dark - roadway not lighted,Clear,0.09,1.3,30,16,TRUE,41.93524005,-71.27513601
1137,12/4/2002,December,Wednesday,7:27,0,2,0,0,Rear-end,V1: Entering traffic lane / V2: Slowing or stopped in traffic,V1: S  / V2: S,Dry,Daylight,Clear,0,0,32,12,TRUE,41.90231125,-71.35597671
1138,12/4/2002,December,Wednesday,19:53,1,2,0,0,Angle,V1: Slowing or stopped in traffic / V2: Travelling straight ahead,V1: S  / V2: W,Dry,Dark - lighted roadway,Clear,0,0,32,12,TRUE,41.93304448,-71.28634923
1139,12/5/2002,December,Thursday,13:39,1,1,0,0,Single vehicle crash,V1: Travelling straight ahead,V1: S,Snow,Daylight,Snow,0.26,4.9,26,18,TRUE,41.92595248,-71.34677138
1140,12/5/2002,December,Thursday,14:00,1,1,0,0,Single vehicle crash,V1: Travelling straight ahead,V1: N,Snow,Daylight,Snow,0.26,4.9,26,18,TRUE,34.24438675,-73.6513909
1141,12/5/2002,December,Thursday,15:00,1,2,0,0,Rear-end,V1: Slowing or stopped in traffic / V2: Slowing or stopped in traffic,V1: E  / V2: E,Snow,Daylight,Snow,0.26,4.9,26,18,TRUE,41.92378101,-71.3163665
1142,12/5/2002,December,Thursday,15:56,1,1,0,0,Single vehicle crash,V1: Travelling straight ahead,V1: S,Snow,Daylight,Snow,0.26,4.9,26,18,TRUE,41.95819153,-71.29650333
1143,12/5/2002,December,Thursday,16:00,1,1,0,0,Single vehicle crash,V1: Travelling straight ahead,V1: E,Snow,Dusk,Snow,0.26,4.9,26,18,TRUE,34.24438675,-73.6513909
1144,12/5/2002,December,Thursday,16:38,1,1,0,0,Single vehicle crash,V1: Travelling straight ahead,V1: W,Snow,Dark - lighted roadway,Snow,0.26,4.9,26,18,TRUE,41.95021516,-71.30579407
1145,12/5/2002,December,Thursday,16:39,1,1,0,0,"Sideswipe, opposite direction",V1: Travelling straight ahead,V1: W,Snow,Dark - lighted roadway,Snow,0.26,4.9,26,18,TRUE,41.95387522,-71.28217251
1146,12/5/2002,December,Thursday,16:45,2,2,1,0,Angle,V1: Slowing or stopped in traffic / V2: Travelling straight ahead,V1: N  / V2: E,Snow,Dark - lighted roadway,Snow,0.26,4.9,26,18,TRUE,41.90500517,-71.33616438
1147,12/5/2002,December,Thursday,22:11,0,2,0,0,"Sideswipe, same direction",V1: Travelling straight ahead / V2: Parked,V1: W  / V2: 0,Snow,Dark - roadway not lighted,Snow,0.26,4.9,26,18,TRUE,34.24438675,-73.6513909
1148,12/6/2002,December,Friday,3:30,1,1,0,0,Single vehicle crash,V1: Travelling straight ahead,V1: E,Wet,Daylight,Clear,0.06,1.1,33,14,TRUE,34.24438675,-73.6513909
1149,12/6/2002,December,Friday,7:40,2,2,1,0,Rear-end,V1: Travelling straight ahead / V2: Travelling straight ahead,V1: N  / V2: W,Snow,Daylight,Snow,0.06,1.1,33,14,TRUE,41.96629437,-71.29611848
1150,12/6/2002,December,Friday,14:40,1,2,0,0,Angle,V1: Entering traffic lane / V2: 0,V1: S  / V2: W,Wet,Daylight,Clear,0.06,1.1,33,14,TRUE,41.9348634,-71.29887283
1151,12/6/2002,December,Friday,19:30,1,2,0,0,Rear-end,V1: Slowing or stopped in traffic / V2: Slowing or stopped in traffic,V1: N  / V2: N,Dry,Dark - lighted roadway,Clear,0.06,1.1,33,14,TRUE,34.24438675,-73.6513909
1152,12/7/2002,December,Saturday,12:04,1,2,0,0,0,V1: Travelling straight ahead / V2: Turning left,V1: N  / V2: S,Dry,Daylight,Clear,0,0,38,5,TRUE,41.93269195,-71.32821357
1153,12/7/2002,December,Saturday,15:30,1,2,0,0,Rear-end,V1: Travelling straight ahead / V2: Slowing or stopped in traffic,V1: N  / V2: N,Dry,Daylight,Clear,0,0,38,5,TRUE,34.24438675,-73.6513909
1154,12/8/2002,December,Sunday,11:26,0,2,0,0,Angle,V1: Entering traffic lane / V2: 0,V1: W  / V2: N,Dry,Daylight,Clear,0,0,42,26,TRUE,34.24438675,-73.6513909
1155,12/8/2002,December,Sunday,16:35,2,2,1,0,Angle,V1: Turning left / V2: Travelling straight ahead,V1: W  / V2: N,Ice,Dark - lighted roadway,Cloudy,0,0,42,26,TRUE,41.93676556,-71.24918472
1156,12/9/2002,December,Monday,8:34,0,2,0,0,Rear-end,V1: Backing / V2: Other,V1: W  / V2: W,Dry,Daylight,Clear,0,0,29,11,TRUE,41.94188971,-71.28096806
1157,12/9/2002,December,Monday,16:22,1,2,0,0,Angle,V1: Turning left / V2: Travelling straight ahead,V1: S  / V2: N,Dry,Daylight,Clear,0,0,29,11,TRUE,41.95437986,-71.25499915
1158,12/10/2002,December,Tuesday,12:38,1,2,0,0,Angle,V1: Turning left / V2: Travelling straight ahead,V1: E  / V2: W,Dry,Daylight,Clear,0,0,40,18,TRUE,41.91982212,-71.35857678
1159,12/11/2002,December,Wednesday,7:58,1,2,0,0,Rear-end,V1: Travelling straight ahead / V2: Slowing or stopped in traffic,V1: W  / V2: 0,"Sand, mud, dirt, oil, gravel",Daylight,Cloudy,0.62,0,42,17,TRUE,41.94964008,-71.30006257
1160,12/11/2002,December,Wednesday,15:40,0,2,0,0,Angle,V1: Slowing or stopped in traffic / V2: Turning left,V1: N  / V2: S,Wet,Daylight,Cloudy,0.62,0,42,17,TRUE,41.93401957,-71.28036831
1161,12/11/2002,December,Wednesday,17:12,0,2,0,0,Rear-end,V1: Travelling straight ahead / V2: Travelling straight ahead,V1: S  / V2: S,Wet,Dark - lighted roadway,Cloudy,0.62,0,42,17,TRUE,34.24438675,-73.6513909
1162,12/12/2002,December,Thursday,11:56,2,1,1,0,Single vehicle crash,V1: 0,V1: 0,Wet,Daylight,Clear,0.58,0,41,30,TRUE,41.91523026,-71.28239667
1163,12/12/2002,December,Thursday,13:55,1,2,0,0,Angle,V1: Travelling straight ahead / V2: Travelling straight ahead,V1: N  / V2: W,Wet,Daylight,Cloudy,0.58,0,41,30,TRUE,41.9472108,-71.28786501
1164,12/12/2002,December,Thursday,16:45,1,2,0,0,Angle,V1: Turning left / V2: Slowing or stopped in traffic,V1: W  / V2: E,Wet,Dark - lighted roadway,Cloudy,0.58,0,41,30,TRUE,41.91619723,-71.35885587
1165,12/12/2002,December,Thursday,18:13,0,2,0,0,Angle,V1: Travelling straight ahead / V2: Slowing or stopped in traffic,V1: S  / V2: E,Wet,Dark - lighted roadway,Rain,0.58,0,41,30,TRUE,41.94213878,-71.28262423
1166,12/12/2002,December,Thursday,18:43,1,2,0,0,Rear-end,V1: Travelling straight ahead / V2: Travelling straight ahead,V1: N  / V2: N,Wet,Dark - roadway not lighted,Clear,0.58,0,41,30,TRUE,34.24438675,-73.6513909
1167,12/12/2002,December,Thursday,19:40,2,2,1,0,Angle,V1: Slowing or stopped in traffic / V2: Travelling straight ahead,V1: E  / V2: N,Wet,Dark - lighted roadway,Clear,0.58,0,41,30,TRUE,41.93946861,-71.28168616
1168,12/13/2002,December,Friday,7:03,2,2,2,0,Angle,V1: Other / V2: Travelling straight ahead,V1: E  / V2: W,Ice,Daylight,Clear,0.09,0,45,27,TRUE,41.89621148,-71.37675028
1169,12/13/2002,December,Friday,9:36,1,2,0,0,Angle,V1: Travelling straight ahead / V2: Turning left,V1: S  / V2: N,Wet,Daylight,Clear,0.09,0,45,27,TRUE,41.90086769,-71.36799095
1170,12/13/2002,December,Friday,17:10,0,2,0,0,Rear-end,V1: Turning left / V2: Travelling straight ahead,V1: E  / V2: W,Dry,Dark - roadway not lighted,Cloudy,0.09,0,45,27,TRUE,34.24438675,-73.6513909
1171,12/14/2002,December,Saturday,9:30,1,3,0,0,Rear-end,V1: Travelling straight ahead / V2: Travelling straight ahead / V3: 0,V1: W  / V2: S  / V3: 0,Wet,Daylight,Rain,1.77,0,47,36,FALSE,41.93493296,-71.282776
1172,12/14/2002,December,Saturday,16:45,2,2,1,0,Angle,V1: Slowing or stopped in traffic / V2: Travelling straight ahead,V1: 0 / V2: 0,Snow,Dark - lighted roadway,Snow,1.77,0,47,36,FALSE,41.90500517,-71.33616438
1173,12/14/2002,December,Saturday,18:00,2,2,1,0,Angle,V1: Turning left / V2: Travelling straight ahead,V1: W  / V2: S,Wet,Dark - lighted roadway,Cloudy/Rain,1.77,0,47,36,FALSE,41.91194929,-71.36233897
1174,12/14/2002,December,Saturday,19:30,1,2,0,0,Angle,V1: Turning left / V2: Travelling straight ahead,V1: S  / V2: E,Wet,Dark - lighted roadway,Cloudy/Rain,1.77,0,47,36,FALSE,41.92014284,-71.35719783
1175,12/15/2002,December,Sunday,17:23,1,2,0,0,Angle,V1: Turning right / V2: Travelling straight ahead,V1: S  / V2: S,Dry,Dark - lighted roadway,Clear,0,0,47,35,FALSE,41.89903243,-71.355186
1176,12/15/2002,December,Sunday,19:01,1,1,0,0,Single vehicle crash,V1: Travelling straight ahead,V1: 0,Dry,Dark - lighted roadway,Clear,0,0,47,35,FALSE,41.93269195,-71.32821357
1177,12/15/2002,December,Sunday,22:22,2,2,3,0,Rear-end,V1: Travelling straight ahead / V2: Slowing or stopped in traffic,V1: W  / V2: W,Dry,Dark - roadway not lighted,Cloudy,0,0,47,35,FALSE,41.93393836,-71.3077318
1178,12/16/2002,December,Monday,8:30,1,1,0,0,Single vehicle crash,V1: Travelling straight ahead,V1: E,Snow,Daylight,Snow,0.38,2,35,25,TRUE,41.95415757,-71.24502681
1179,12/16/2002,December,Monday,17:30,1,2,0,0,Angle,V1: Turning left / V2: Travelling straight ahead,V1: E  / V2: N,Wet,Dark - lighted roadway,Cloudy,0.38,2,35,25,TRUE,41.92508738,-71.35628348
1180,12/16/2002,December,Monday,22:30,1,1,0,0,Single vehicle crash,V1: Travelling straight ahead,V1: S,Wet,Dark - lighted roadway,Cloudy,0.38,2,35,25,TRUE,41.90682772,-71.35704387
1181,12/17/2002,December,Tuesday,0:00,2,1,1,0,Single vehicle crash,V1: Travelling straight ahead,V1: S,Dry,Dark - lighted roadway,Clear,0,0,28,16,TRUE,41.97392997,-71.27570603
1182,12/17/2002,December,Tuesday,13:49,0,2,0,0,Head-on,V1: 0 / V2: 0,V1: E  / V2: W,Dry,Daylight,Clear,0,0,28,16,TRUE,34.24438675,-73.6513909
1183,12/17/2002,December,Tuesday,17:22,0,2,0,0,Angle,V1: Turning left / V2: Travelling straight ahead,V1: W  / V2: 0,Dry,Dark - roadway not lighted,Clear,0,0,28,16,TRUE,34.24438675,-73.6513909
1184,12/17/2002,December,Tuesday,18:13,1,2,0,0,Rear-end,V1: Travelling straight ahead / V2: Travelling straight ahead,V1: S  / V2: S,Dry,Dark - lighted roadway,Clear,0,0,28,16,TRUE,34.24438675,-73.6513909
1185,12/18/2002,December,Wednesday,7:55,0,2,0,0,Angle,V1: Turning left / V2: Travelling straight ahead,V1: N  / V2: S,Dry,Dark - lighted roadway,Clear,0,0,40,13,TRUE,34.24438675,-73.6513909
1186,12/18/2002,December,Wednesday,12:32,1,2,0,0,Angle,V1: 0 / V2: 0,V1: W  / V2: S,Dry,Daylight,Clear,0,0,40,13,TRUE,41.95428602,-71.28497548
1187,12/18/2002,December,Wednesday,15:48,2,2,1,0,Angle,V1: Entering traffic lane / V2: 0,V1: W  / V2: S,Dry,Daylight,Clear,0,0,40,13,TRUE,41.9370756,-71.28238678
1188,12/19/2002,December,Thursday,6:43,2,2,1,0,Angle,V1: Travelling straight ahead / V2: Travelling straight ahead,V1: E  / V2: N,Dry,Dawn,Cloudy,0,0,46,13,TRUE,41.91982212,-71.35857678
1189,12/19/2002,December,Thursday,12:45,0,2,0,0,Rear-end,V1: Slowing or stopped in traffic / V2: Slowing or stopped in traffic,V1: S  / V2: S,Dry,Daylight,Clear,0,0,46,13,TRUE,34.24438675,-73.6513909
1190,12/19/2002,December,Thursday,16:45,1,2,0,0,Angle,V1: Travelling straight ahead / V2: Other,V1: W  / V2: 0,Dry,Dark - lighted roadway,Cloudy,0,0,46,13,TRUE,41.94461748,-71.28068624
1191,12/19/2002,December,Thursday,17:31,2,2,1,0,Rear-end,V1: Entering traffic lane / V2: Travelling straight ahead,V1: 0 / V2: 0,Wet,Dark - lighted roadway,Cloudy,0,0,46,13,TRUE,41.90376957,-71.36650837
1192,12/19/2002,December,Thursday,20:22,1,2,0,0,Angle,V1: Turning left / V2: Travelling straight ahead,V1: E  / V2: W,Wet,Dark - lighted roadway,Cloudy,0,0,46,13,TRUE,41.90335939,-71.33068812
1193,12/19/2002,December,Thursday,20:47,1,1,0,0,Single vehicle crash,V1: Travelling straight ahead,V1: S,Wet,Dark - 0 roadway lighting,Cloudy,0,0,46,13,TRUE,41.90755039,-71.359885
1194,12/19/2002,December,Thursday,21:04,2,2,1,0,Angle,V1: Entering traffic lane / V2: Travelling straight ahead,V1: E  / V2: S,Wet,Dark - lighted roadway,Rain,0,0,46,13,TRUE,34.24438675,-73.6513909
1195,12/19/2002,December,Thursday,21:14,2,2,1,0,Angle,V1: Travelling straight ahead / V2: Backing,V1: N  / V2: E,Wet,Dark - roadway not lighted,Cloudy,0,0,46,13,TRUE,41.91847294,-71.31788266
1196,12/20/2002,December,Friday,16:28,0,2,0,0,Rear-end,V1: Slowing or stopped in traffic / V2: Slowing or stopped in traffic,V1: N  / V2: N,Wet,Dark - roadway not lighted,Rain,1.23,0,61,40,FALSE,41.90235094,-71.35584139
1197,12/21/2002,December,Saturday,11:50,1,2,0,0,Rear-end,V1: Travelling straight ahead / V2: Travelling straight ahead,V1: W  / V2: W,Dry,Daylight,Clear,0,0,47,33,FALSE,41.92474743,-71.34966832
1198,12/21/2002,December,Saturday,20:53,1,2,0,0,Angle,V1: Travelling straight ahead / V2: Turning left,V1: E  / V2: W,Dry,Dark - lighted roadway,Clear,0,0,47,33,FALSE,41.91982212,-71.35857678
1199,12/21/2002,December,Saturday,23:56,2,2,1,0,Angle,V1: Travelling straight ahead / V2: Travelling straight ahead,V1: N  / V2: W,Dry,Dark - lighted roadway,Clear,0,0,47,33,FALSE,41.93623387,-71.28481203
1200,12/22/2002,December,Sunday,19:00,1,1,0,0,Single vehicle crash,V1: Travelling straight ahead,V1: N,Dry,Dark - lighted roadway,Clear,0,0,52,32,TRUE,41.94413491,-71.27260127
1201,12/23/2002,December,Monday,12:42,1,2,0,0,Rear-end,V1: Slowing or stopped in traffic / V2: Slowing or stopped in traffic,V1: S  / V2: S,Dry,Daylight,Cloudy,0,0,44,31,TRUE,41.96712418,-71.29097941
1202,12/23/2002,December,Monday,17:00,0,1,0,0,0,V1: Travelling straight ahead,V1: N,Dry,Dark - lighted roadway,Clear,0,0,44,31,TRUE,41.90500517,-71.33616438
1203,12/24/2002,December,Tuesday,13:50,1,2,0,0,Rear-end,V1: Slowing or stopped in traffic / V2: Travelling straight ahead,V1: N  / V2: N,Dry,Daylight,Clear,0,0,41,28,TRUE,34.24438675,-73.6513909
1204,12/24/2002,December,Tuesday,15:28,1,2,0,0,"Sideswipe, opposite direction",V1: Travelling straight ahead / V2: Travelling straight ahead,V1: S  / V2: N,Dry,Daylight,Clear,0,0,41,28,TRUE,41.94517634,-71.2834954
1205,12/25/2002,December,Wednesday,16:50,1,1,0,0,Single vehicle crash,V1: Travelling straight ahead,V1: N,Snow,Dark - lighted roadway,Snow,1.18,1.5,38,27,TRUE,34.24438675,-73.6513909
1206,12/25/2002,December,Wednesday,17:15,1,1,0,0,Single vehicle crash,V1: Travelling straight ahead,V1: W,Snow,Dark - lighted roadway,Snow,1.18,1.5,38,27,TRUE,34.24438675,-73.6513909
1207,12/25/2002,December,Wednesday,18:04,2,2,2,0,Angle,V1: Travelling straight ahead / V2: Travelling straight ahead,V1: N  / V2: S,Snow,Dark - lighted roadway,Snow,1.18,1.5,38,27,TRUE,34.24438675,-73.6513909
1208,12/25/2002,December,Wednesday,20:30,1,1,0,0,Single vehicle crash,V1: Travelling straight ahead,V1: W,Snow,Dark - lighted roadway,Snow,1.18,1.5,38,27,TRUE,41.9527334,-71.29440119
1209,12/26/2002,December,Thursday,8:14,1,2,0,0,Angle,V1: Slowing or stopped in traffic / V2: Travelling straight ahead,V1: W  / V2: N,Ice,Daylight,Cloudy,0.09,1.3,37,24,TRUE,34.24438675,-73.6513909
1210,12/26/2002,December,Thursday,9:40,1,2,0,0,"Sideswipe, same direction",V1: Travelling straight ahead / V2: Travelling straight ahead,V1: E  / V2: W,Ice,Daylight,Clear,0.09,1.3,37,24,TRUE,41.95484304,-71.28856385
1211,12/26/2002,December,Thursday,14:25,1,2,0,0,Angle,V1: Turning left / V2: Travelling straight ahead,V1: S  / V2: N,Slush,Daylight,Cloudy,0.09,1.3,37,24,TRUE,41.92508738,-71.35628348
1212,12/26/2002,December,Thursday,14:45,2,2,2,0,Rear-end,V1: Slowing or stopped in traffic / V2: Slowing or stopped in traffic,V1: N  / V2: N,Wet,Daylight,Clear,0.09,1.3,37,24,TRUE,41.92982927,-71.35349399
1213,12/26/2002,December,Thursday,19:40,1,1,0,0,Single vehicle crash,V1: Other,V1: S,Dry,Dark - roadway not lighted,Clear,0.09,1.3,37,24,TRUE,34.24438675,-73.6513909
1214,12/27/2002,December,Friday,8:20,0,2,0,0,Rear-end,V1: Travelling straight ahead / V2: Travelling straight ahead,V1: S  / V2: S,Dry,Daylight,Clear,0,0,37,18,TRUE,34.24438675,-73.6513909
1215,12/27/2002,December,Friday,9:44,0,1,0,0,0,V1: Turning left,V1: E,Dry,Daylight,Clear,0,0,37,18,TRUE,41.94274018,-71.28432859
1216,12/27/2002,December,Friday,19:43,2,2,1,0,Angle,V1: Travelling straight ahead / V2: Travelling straight ahead,V1: W  / V2: E,Dry,Dark - lighted roadway,Clear,0,0,37,18,TRUE,41.94430004,-71.28137659
1217,12/28/2002,December,Saturday,16:19,1,2,0,0,Rear-end,V1: Travelling straight ahead / V2: Travelling straight ahead,V1: N  / V2: N,Wet,Dusk,Clear,0,0,37,19,TRUE,41.92809659,-71.35436768
1218,12/29/2002,December,Sunday,15:05,2,2,1,0,Rear-end,V1: Slowing or stopped in traffic / V2: Travelling straight ahead,V1: S  / V2: S,Dry,Daylight,Clear,0,0,42,22,TRUE,41.90998013,-71.35802082
1219,12/30/2002,December,Monday,9:44,2,2,1,0,Angle,V1: Entering traffic lane / V2: Travelling straight ahead,V1: E  / V2: S,Dry,Daylight,Clear,0.01,0.1,35,20,TRUE,34.24438675,-73.6513909
1220,12/31/2002,December,Tuesday,6:01,2,1,1,0,Single vehicle crash,V1: Travelling straight ahead,V1: N,Ice,Dark - lighted roadway,Rain,0.1,0.2,42,28,TRUE,41.93610193,-71.34108271
1221,12/31/2002,December,Tuesday,10:00,2,2,1,0,Angle,V1: Turning left / V2: Travelling straight ahead,V1: E  / V2: W,Wet,Daylight,Rain,0.1,0.2,42,28,TRUE,41.95030551,-71.27493524
1222,12/31/2002,December,Tuesday,10:29,1,2,0,0,Rear-end,V1: Slowing or stopped in traffic / V2: Slowing or stopped in traffic,V1: E  / V2: E,Wet,Daylight,Rain,0.1,0.2,42,28,TRUE,34.24438675,-73.6513909
1223,12/31/2002,December,Tuesday,10:31,1,2,0,0,"Sideswipe, opposite direction",V1: Travelling straight ahead / V2: Travelling straight ahead,V1: N  / V2: S,Wet,Daylight,Cloudy,0.1,0.2,42,28,TRUE,34.24438675,-73.6513909
1224,12/31/2002,December,Tuesday,11:43,1,2,0,0,Angle,V1: Slowing or stopped in traffic / V2: Travelling straight ahead,V1: W  / V2: E,Wet,Daylight,Cloudy/Rain,0.1,0.2,42,28,TRUE,41.94007226,-71.29032337
1225,12/31/2002,December,Tuesday,13:00,2,1,1,0,0,V1: Travelling straight ahead,V1: S,Wet,Daylight,Cloudy,0.1,0.2,42,28,TRUE,34.24438675,-73.6513909
1226,12/31/2002,December,Tuesday,14:55,1,2,0,0,Rear-end,V1: Slowing or stopped in traffic / V2: Slowing or stopped in traffic,V1: S  / V2: S,Dry,Daylight,Clear,0.1,0.2,42,28,TRUE,41.90964751,-71.36351027
1227,12/31/2002,December,Tuesday,17:17,2,1,1,0,0,V1: Other,V1: W,Wet,Dark - lighted roadway,Fog,0.1,0.2,42,28,TRUE,34.24438675,-73.6513909
1228,1/1/2003,January,Wednesday,1:34,1,1,0,0,Single vehicle crash,V1: Travelling straight ahead,V1: N,Wet,Dark - lighted roadway,Cloudy,0.51,0,42,35,FALSE,41.90628791,-71.36524022
1229,1/1/2003,January,Wednesday,15:45,2,2,1,0,Rear-end,V1: Travelling straight ahead / V2: Slowing or stopped in traffic,V1: N  / V2: N,Wet,Daylight,Cloudy/Rain,0.51,0,42,35,FALSE,41.91568377,-71.35895878
1230,1/2/2003,January,Thursday,12:01,2,2,2,0,Angle,V1: Travelling straight ahead / V2: Travelling straight ahead,V1: E  / V2: N,Dry,Daylight,Cloudy,0.12,0.2,38,23,TRUE,41.95428602,-71.28497548
1231,1/3/2003,January,Friday,18:06,1,2,0,0,"Sideswipe, opposite direction",V1: 0 / V2: 0,V1: 0 / V2: 0,Dry,Dark - lighted roadway,Clear,0.78,0,37,26,TRUE,41.89733197,-71.36979234
1232,1/3/2003,January,Friday,22:30,2,1,1,0,Single vehicle crash,V1: Travelling straight ahead,V1: S,Snow,Dark - lighted roadway,Snow,0.78,0,37,26,TRUE,41.89818387,-71.37076345
1233,1/4/2003,January,Saturday,2:05,1,1,0,0,Single vehicle crash,V1: Travelling straight ahead,V1: W,Slush,Dark - lighted roadway,Rain,0.04,0.2,36,22,TRUE,41.93803058,-71.24506473
1234,1/4/2003,January,Saturday,12:01,2,1,1,0,Single vehicle crash,V1: Travelling straight ahead,V1: E,Slush,Dark - lighted roadway,Rain,0.04,0.2,36,22,TRUE,41.95428602,-71.28497548
1235,1/5/2003,January,Sunday,18:30,1,2,0,0,Rear-end,V1: Slowing or stopped in traffic / V2: Travelling straight ahead,V1: N  / V2: N,Dry,Dark - lighted roadway,Clear,0.04,0.3,36,22,TRUE,41.9242615,-71.35664748
1236,1/6/2003,January,Monday,2:12,1,1,0,0,0,V1: Travelling straight ahead,V1: W,Slush,Daylight,Snow,0.18,1.7,30,24,TRUE,34.24438675,-73.6513909
1237,1/6/2003,January,Monday,2:34,1,2,0,0,Angle,V1: Travelling straight ahead / V2: Travelling straight ahead,V1: N  / V2: S,Snow,Daylight,Snow,0.18,1.7,30,24,TRUE,41.93880712,-71.25865847
1238,1/6/2003,January,Monday,13:28,2,1,2,0,Single vehicle crash,V1: Travelling straight ahead,V1: N,Snow,Daylight,Snow,0.18,1.7,30,24,TRUE,41.93576806,-71.26690196
1239,1/6/2003,January,Monday,13:41,1,2,0,0,"Sideswipe, opposite direction",V1: Turning right / V2: Turning left,V1: W  / V2: E,Snow,Daylight,Snow,0.18,1.7,30,24,TRUE,41.90929539,-71.28604214
1240,1/6/2003,January,Monday,14:10,1,2,0,0,Rear-end,V1: Slowing or stopped in traffic / V2: Slowing or stopped in traffic,V1: S  / V2: S,Snow,Daylight,Snow,0.18,1.7,30,24,TRUE,41.93449704,-71.31941206
1241,1/6/2003,January,Monday,14:18,1,1,0,0,Single vehicle crash,V1: Turning left,V1: N,Snow,Daylight,Snow,0.18,1.7,30,24,TRUE,34.24438675,-73.6513909
1242,1/6/2003,January,Monday,14:25,1,1,0,0,Single vehicle crash,V1: Turning left,V1: W,Snow,Daylight,Snow,0.18,1.7,30,24,TRUE,41.90760516,-71.32064791
1243,1/6/2003,January,Monday,15:40,1,2,0,0,Rear-end,V1: Slowing or stopped in traffic / V2: Slowing or stopped in traffic,V1: S  / V2: S,Wet,Daylight,Snow,0.18,1.7,30,24,TRUE,34.24438675,-73.6513909
1244,1/6/2003,January,Monday,16:15,1,2,0,0,Angle,V1: Slowing or stopped in traffic / V2: 0,V1: 0 / V2: 0,Ice,Daylight,Snow,0.18,1.7,30,24,TRUE,41.93708146,-71.25539175
1245,1/6/2003,January,Monday,16:44,1,2,0,0,"Sideswipe, opposite direction",V1: 0 / V2: 0,V1: N  / V2: S,Snow,Dark - lighted roadway,Snow,0.18,1.7,30,24,TRUE,41.89951037,-71.35762293
1246,1/6/2003,January,Monday,18:15,0,2,0,0,Rear-end,V1: Travelling straight ahead / V2: Turning right,V1: E  / V2: E,Snow,Dark - lighted roadway,Snow,0.18,1.7,30,24,TRUE,41.9156364,-71.32216122
1247,1/6/2003,January,Monday,21:00,1,1,0,0,Head-on,V1: Travelling straight ahead,V1: N,Snow,Dark - lighted roadway,Snow,0.18,1.7,30,24,TRUE,41.8999154,-71.37419735
1248,1/7/2003,January,Tuesday,7:02,1,2,0,0,Rear-end,V1: Travelling straight ahead / V2: Travelling straight ahead,V1: E  / V2: N,Dry,Daylight,Clear,0.02,0.7,30,17,TRUE,41.9404815,-71.28139686
1249,1/7/2003,January,Tuesday,7:56,2,2,1,0,Angle,V1: Changing lanes / V2: 0,V1: W  / V2: W,Dry,Daylight,Clear,0.02,0.7,30,17,TRUE,34.24438675,-73.6513909
1250,1/7/2003,January,Tuesday,9:45,1,2,0,0,Angle,V1: Slowing or stopped in traffic / V2: Turning left,V1: E  / V2: N,Wet,Daylight,Cloudy,0.02,0.7,30,17,TRUE,41.93524005,-71.27513601
1251,1/7/2003,January,Tuesday,17:55,1,2,0,0,Angle,V1: Travelling straight ahead / V2: Turning left,V1: S  / V2: E,Dry,Dark - lighted roadway,Clear,0.02,0.7,30,17,TRUE,41.92387717,-71.35158914
1252,1/7/2003,January,Tuesday,21:44,1,1,0,0,Rear-end,V1: Travelling straight ahead,V1: S,Wet,Dark - lighted roadway,Cloudy,0.02,0.7,30,17,TRUE,41.91982212,-71.35857678