ID,DATE,Month,Day of week,Crash Time,Crash Severity,Number of Vehicles,Total Nonfatal Injuries,Total Fatal Injuries,Manner of Collision,Vehicle Action Prior to Crash,Vehicle Travel Directions,Road Surface Condition,Ambient Light,Weather Condition,PRCP,SNOW,TMAX,TMIN,Ice,Longtitute,Latitute
1253,1/8/2003,January,Wednesday,14:21,2,1,1,0,Single vehicle crash,V1: Travelling straight ahead,V1: W,Dry,Daylight,Clear,0.06,1,39,17,TRUE,34.24438675,-73.6513909
1254,1/8/2003,January,Wednesday,16:30,1,2,0,0,Angle,V1: Travelling straight ahead / V2: Travelling straight ahead,V1: E  / V2: N,Wet,Dusk,Clear,0.06,1,39,17,TRUE,41.94495215,-71.2846593
1255,1/8/2003,January,Wednesday,17:29,0,1,0,0,Single vehicle crash,V1: Travelling straight ahead,V1: N,Wet,Dark - lighted roadway,Cloudy,0.06,1,39,17,TRUE,34.24438675,-73.6513909
1256,1/8/2003,January,Wednesday,21:05,2,2,1,0,Rear-end,V1: Travelling straight ahead / V2: Slowing or stopped in traffic,V1: W  / V2: W,Wet,Dark - lighted roadway,Cloudy,0.06,1,39,17,TRUE,41.93874704,-71.29215576
1257,1/8/2003,January,Wednesday,21:30,1,2,0,0,Angle,V1: Entering traffic lane / V2: Changing lanes,V1: S  / V2: S,Dry,Dark - roadway not lighted,Clear,0.06,1,39,17,TRUE,34.24438675,-73.6513909
1258,1/9/2003,January,Thursday,15:15,1,2,0,0,Angle,V1: Travelling straight ahead / V2: Turning left,V1: E  / V2: S,Dry,Daylight,Clear,0,0.1,44,30,TRUE,34.24438675,-73.6513909
1259,1/10/2003,January,Friday,8:46,2,3,3,0,Rear-end,V1: Slowing or stopped in traffic / V2: Slowing or stopped in traffic / V3: Travelling straight ahead,V1: S  / V2: S  / V3: S,Wet,Daylight,Cloudy,0,0,40,21,TRUE,41.93423426,-71.2849601
1260,1/10/2003,January,Friday,14:12,1,2,0,0,Angle,V1: Turning left / V2: Travelling straight ahead,V1: W  / V2: E,Dry,Daylight,Clear,0,0,40,21,TRUE,41.93525581,-71.27772654
1261,1/10/2003,January,Friday,15:30,2,1,1,0,Single vehicle crash,V1: Travelling straight ahead,V1: S,Dry,Daylight,Clear,0,0,40,21,TRUE,41.9509458,-71.27235677
1262,1/10/2003,January,Friday,16:16,1,2,0,0,Angle,V1: Slowing or stopped in traffic / V2: Travelling straight ahead,V1: N  / V2: 0,Dry,Daylight,Clear,0,0,40,21,TRUE,34.24438675,-73.6513909
1263,1/10/2003,January,Friday,17:00,1,1,0,0,Single vehicle crash,V1: Turning left,V1: S,Wet,Dark - lighted roadway,Clear,0,0,40,21,TRUE,41.94379074,-71.29407807
1264,1/10/2003,January,Friday,23:00,1,1,0,0,Angle,V1: Travelling straight ahead,V1: S,Ice,Dark - lighted roadway,Clear,0,0,40,21,TRUE,41.93968066,-71.28329307
1265,1/11/2003,January,Saturday,5:25,1,2,0,0,Angle,V1: Turning left / V2: Travelling straight ahead,V1: S  / V2: S,Dry,Dark - lighted roadway,Clear,0,0,31,20,TRUE,41.95451461,-71.24992613
1266,1/11/2003,January,Saturday,10:30,1,2,0,0,Rear-end,V1: Travelling straight ahead / V2: Travelling straight ahead,V1: N  / V2: N,Dry,Daylight,Clear,0,0,31,20,TRUE,34.24438675,-73.6513909
1267,1/11/2003,January,Saturday,21:00,1,2,0,0,0,V1: Parked / V2: 0,V1: 0 / V2: 0,Dry,0,Clear,0,0,31,20,TRUE,41.90544378,-71.35661355
1268,1/12/2003,January,Sunday,15:40,1,2,0,0,"Sideswipe, opposite direction",V1: Turning left / V2: Travelling straight ahead,V1: W  / V2: N,Dry,Daylight,Clear,0,0,37,22,TRUE,34.24438675,-73.6513909
1269,1/13/2003,January,Monday,16:10,2,2,1,0,Angle,V1: Travelling straight ahead / V2: Travelling straight ahead,V1: W  / V2: N,Dry,Daylight,Clear,0,0,38,17,TRUE,41.94396167,-71.27662963
1270,1/13/2003,January,Monday,17:01,2,2,1,0,Rear-end,V1: Other / V2: Slowing or stopped in traffic,V1: N  / V2: N,Dry,Dark - lighted roadway,Clear,0,0,38,17,TRUE,41.90261606,-71.35590689
1271,1/14/2003,January,Tuesday,8:11,1,2,0,0,Angle,V1: Travelling straight ahead / V2: Turning left,V1: N  / V2: S,Dry,Daylight,Clear,0,0,27,12,TRUE,34.24438675,-73.6513909
1272,1/14/2003,January,Tuesday,11:15,1,3,0,0,Rear-end,V1: Slowing or stopped in traffic / V2: Slowing or stopped in traffic / V3: Slowing or stopped in traffic,V1: N  / V2: N  / V3: N,Dry,Daylight,Clear,0,0,27,12,TRUE,41.90235094,-71.35584139
1273,1/14/2003,January,Tuesday,16:07,2,3,2,0,Rear-end,V1: Travelling straight ahead / V2: Slowing or stopped in traffic / V3: Slowing or stopped in traffic,V1: S  / V2: S  / V3: S,Dry,Daylight,Clear,0,0,27,12,TRUE,41.97001836,-71.2913735
1274,1/15/2003,January,Wednesday,9:05,1,2,0,0,Angle,V1: Turning left / V2: Travelling straight ahead,V1: N  / V2: E,Dry,Daylight,Clear,0,0,28,12,TRUE,34.24438675,-73.6513909
1275,1/16/2003,January,Thursday,12:05,2,2,2,0,Angle,V1: Travelling straight ahead / V2: 0,V1: N  / V2: W,Dry,Daylight,Clear,0,0,30,16,TRUE,41.92623573,-71.35568233
1276,1/17/2003,January,Friday,5:20,1,1,0,0,Single vehicle crash,V1: Travelling straight ahead,V1: N,Snow,Dark - lighted roadway,Snow,0.07,0.9,30,11,TRUE,34.24438675,-73.6513909
1277,1/17/2003,January,Friday,6:23,0,1,0,0,Single vehicle crash,V1: Travelling straight ahead,V1: N,Snow,Dark - lighted roadway,Snow,0.07,0.9,30,11,TRUE,41.9258349,-71.32170108
1278,1/17/2003,January,Friday,6:23,2,2,1,0,Angle,V1: Slowing or stopped in traffic / V2: Travelling straight ahead,V1: E  / V2: S,Ice,Dusk,Snow,0.07,0.9,30,11,TRUE,41.95180679,-71.2898592
1279,1/17/2003,January,Friday,10:42,1,2,0,0,Angle,V1: Travelling straight ahead / V2: Travelling straight ahead,V1: W  / V2: S,Wet,Daylight,Clear,0.07,0.9,30,11,TRUE,41.94121777,-71.2768631
1280,1/17/2003,January,Friday,13:30,2,1,1,0,Angle,V1: Slowing or stopped in traffic,V1: N,Wet,Daylight,Clear,0.07,0.9,30,11,TRUE,41.94519466,-71.28103716
1281,1/17/2003,January,Friday,17:57,2,2,1,0,Angle,V1: Travelling straight ahead / V2: Turning left,V1: N  / V2: W,Dry,Dark - lighted roadway,Clear,0.07,0.9,30,11,TRUE,41.91194929,-71.36233897
1282,1/18/2003,January,Saturday,1:12,2,1,1,0,Single vehicle crash,V1: Travelling straight ahead,V1: N,"Sand, mud, dirt, oil, gravel",Dark - lighted roadway,Clear,0,0,20,0,TRUE,41.96542249,-71.29014403
1283,1/18/2003,January,Saturday,12:27,2,2,1,0,Angle,V1: Travelling straight ahead / V2: Entering traffic lane,V1: E  / V2: N,Dry,Daylight,Clear,0,0,20,0,TRUE,34.24438675,-73.6513909
1284,1/19/2003,January,Sunday,18:31,1,1,0,0,Single vehicle crash,V1: Travelling straight ahead,V1: E,Snow,Dark - lighted roadway,Cloudy,0,0,26,0,TRUE,41.93790551,-71.26318368
1285,1/20/2003,January,Monday,9:35,1,2,0,0,Angle,V1: Turning left / V2: Travelling straight ahead,V1: N  / V2: W,Dry,Daylight,Clear,0,0,32,14,TRUE,41.93405012,-71.31579284
1286,1/20/2003,January,Monday,18:53,2,1,1,0,Single vehicle crash,V1: Travelling straight ahead,V1: N,Dry,Dark - lighted roadway,Clear,0,0,32,14,TRUE,41.94880398,-71.29130243
1287,1/21/2003,January,Tuesday,7:09,1,2,0,0,Angle,V1: Travelling straight ahead / V2: Travelling straight ahead,V1: N  / V2: E,Dry,Daylight,Clear,0,0,21,9,TRUE,41.95428602,-71.28497548
1288,1/21/2003,January,Tuesday,9:30,1,2,0,0,Angle,V1: Travelling straight ahead / V2: Turning right,V1: N  / V2: N,Dry,Daylight,Clear,0,0,21,9,TRUE,41.94874048,-71.2891538
1289,1/21/2003,January,Tuesday,14:52,2,2,1,0,Rear-end,V1: Travelling straight ahead / V2: Slowing or stopped in traffic,V1: W  / V2: W,Dry,Daylight,Clear,0,0,21,9,TRUE,34.24438675,-73.6513909
1290,1/22/2003,January,Wednesday,10:01,1,2,0,0,"Sideswipe, same direction",V1: Travelling straight ahead / V2: Travelling straight ahead,V1: S  / V2: S,Dry,Daylight,Clear,0,0,18,5,TRUE,41.91664051,-71.35996773
1291,1/22/2003,January,Wednesday,13:40,2,2,2,0,Angle,V1: Turning left / V2: Travelling straight ahead,V1: N  / V2: S,Dry,Daylight,Clear,0,0,18,5,TRUE,41.90086769,-71.36799095
1292,1/23/2003,January,Thursday,9:10,2,1,1,0,Single vehicle crash,V1: Travelling straight ahead,V1: S,Dry,Dark - lighted roadway,Cloudy,0,0,16,2,TRUE,34.24438675,-73.6513909
1293,1/23/2003,January,Thursday,15:58,0,2,0,0,Rear-end,V1: Travelling straight ahead / V2: Travelling straight ahead,V1: E  / V2: E,Dry,Daylight,Cloudy,0,0,16,2,TRUE,41.93393712,-71.30754805
1294,1/24/2003,January,Friday,8:07,1,2,0,0,Angle,V1: Turning left / V2: Travelling straight ahead,V1: S  / V2: N,Dry,Daylight,Clear,0,0,28,5,TRUE,41.90998013,-71.35802082
1295,1/24/2003,January,Friday,13:52,2,2,2,0,Angle,V1: Turning left / V2: Travelling straight ahead,V1: S  / V2: E,Dry,Daylight,Clear,0,0,28,5,TRUE,41.95428602,-71.28497548
1296,1/24/2003,January,Friday,14:09,1,2,0,0,Rear-end,V1: Travelling straight ahead / V2: Travelling straight ahead,V1: 0 / V2: 0,Dry,Daylight,Clear,0,0,28,5,TRUE,41.91193931,-71.35877489
1297,1/24/2003,January,Friday,15:55,0,2,0,0,Angle,V1: Turning left / V2: Travelling straight ahead,V1: S  / V2: N,Dry,Daylight,Clear,0,0,28,5,TRUE,34.24438675,-73.6513909
1298,1/25/2003,January,Saturday,14:04,2,2,1,0,Angle,V1: Turning left / V2: Travelling straight ahead,V1: S  / V2: N,Dry,Daylight,Clear,0,0,31,6,TRUE,41.92876565,-71.35398701
1299,1/25/2003,January,Saturday,14:15,2,4,3,0,Rear-end,V1: Travelling straight ahead / V2: Changing lanes / V3: Other / V4: Other,V1: S  / V2: S  / V3: 0 / V4: 0,Dry,Daylight,Clear,0,0,31,6,TRUE,41.91844212,-71.33286115
1300,1/25/2003,January,Saturday,22:00,1,2,0,0,Angle,V1: Entering traffic lane / V2: 0,V1: S  / V2: 0,Dry,Dark - roadway not lighted,Clear,0,0,31,6,TRUE,34.24438675,-73.6513909
1301,1/27/2003,January,Monday,3:06,1,2,0,0,Rear-end,V1: Entering traffic lane / V2: Entering traffic lane,V1: N  / V2: N,Dry,Daylight,Clear,0.02,0.4,28,3,TRUE,34.24438675,-73.6513909
1302,1/27/2003,January,Monday,6:12,1,1,0,0,Single vehicle crash,V1: Travelling straight ahead,V1: E,Snow,Dark - lighted roadway,Snow,0.02,0.4,28,3,TRUE,41.93715264,-71.25593622
1303,1/27/2003,January,Monday,6:50,2,2,2,0,Rear-end,V1: Travelling straight ahead / V2: Slowing or stopped in traffic,V1: S  / V2: S,Wet,Dawn,Snow,0.02,0.4,28,3,TRUE,41.95484304,-71.28856385
1304,1/27/2003,January,Monday,15:07,1,2,0,0,Angle,V1: Turning left / V2: Travelling straight ahead,V1: 0 / V2: 0,Dry,Daylight,Clear,0.02,0.4,28,3,TRUE,41.92387717,-71.35158914
1305,1/27/2003,January,Monday,15:10,1,2,0,0,Rear-end,V1: Travelling straight ahead / V2: Travelling straight ahead,V1: E  / V2: E,Dry,Daylight,Clear,0.02,0.4,28,3,TRUE,34.24438675,-73.6513909
1306,1/28/2003,January,Tuesday,9:19,1,2,0,0,Angle,V1: Travelling straight ahead / V2: Turning right,V1: E  / V2: N,Dry,Daylight,Clear,0,0,23,-2,TRUE,41.94121777,-71.2768631
1307,1/28/2003,January,Tuesday,13:00,1,1,0,0,Single vehicle crash,V1: Backing,V1: N,Dry,Daylight,Clear,0,0,23,-2,TRUE,41.9363092,-71.19379464
1308,1/29/2003,January,Wednesday,4:45,2,1,1,0,Single vehicle crash,V1: Travelling straight ahead,V1: N,Wet,Dusk,Snow,0.03,0.8,27,17,TRUE,41.92478243,-71.25976746
1309,1/29/2003,January,Wednesday,5:35,1,2,0,0,Rear-end,V1: Travelling straight ahead / V2: Travelling straight ahead,V1: S  / V2: S,Snow,Dark - lighted roadway,Snow,0.03,0.8,27,17,TRUE,41.9348634,-71.29887283
1310,1/29/2003,January,Wednesday,7:57,2,1,1,0,Single vehicle crash,V1: Travelling straight ahead,V1: 0,Dry,Daylight,Clear,0.03,0.8,27,17,TRUE,41.95376893,-71.2655519
1311,1/29/2003,January,Wednesday,13:30,0,2,0,0,Angle,V1: Travelling straight ahead / V2: Travelling straight ahead,V1: N  / V2: E,Wet,Daylight,Snow,0.03,0.8,27,17,TRUE,41.94444966,-71.2795884
1312,1/30/2003,January,Thursday,1:40,0,1,0,0,Single vehicle crash,V1: 0,V1: 0,Wet,Dark - lighted roadway,Clear,0,0,34,12,TRUE,34.24438675,-73.6513909
1313,1/30/2003,January,Thursday,7:25,1,2,0,0,Angle,V1: Travelling straight ahead / V2: Travelling straight ahead,V1: S  / V2: N,Wet,Daylight,Clear,0,0,34,12,TRUE,41.91402282,-71.35905109
1314,1/30/2003,January,Thursday,12:10,2,2,1,0,Rear-end,V1: Travelling straight ahead / V2: Travelling straight ahead,V1: N  / V2: N,Wet,Daylight,Clear,0,0,34,12,TRUE,34.24438675,-73.6513909
1315,1/30/2003,January,Thursday,12:10,2,2,1,0,Rear-end,V1: Slowing or stopped in traffic / V2: Travelling straight ahead,V1: N  / V2: N,Wet,Daylight,Clear,0,0,34,12,TRUE,34.24438675,-73.6513909
1316,1/30/2003,January,Thursday,17:40,1,2,0,0,Angle,V1: Slowing or stopped in traffic / V2: Travelling straight ahead,V1: N  / V2: S,Wet,Dark - lighted roadway,Cloudy,0,0,34,12,TRUE,41.93840858,-71.28352591
1317,1/31/2003,January,Friday,0:01,1,2,0,0,Angle,V1: Travelling straight ahead / V2: Turning left,V1: N  / V2: W,Wet,Daylight,Snow,0.05,0,38,28,TRUE,41.95279587,-71.26925506
1318,1/31/2003,January,Friday,10:00,1,2,0,0,Rear-end,V1: Changing lanes / V2: Slowing or stopped in traffic,V1: S  / V2: S,Wet,Daylight,Cloudy,0.05,0,38,28,TRUE,41.90854118,-71.35757538
1319,1/31/2003,January,Friday,19:22,2,3,3,0,Rear-end,V1: Travelling straight ahead / V2: Slowing or stopped in traffic / V3: Slowing or stopped in traffic,V1: S  / V2: S  / V3: 0,Wet,Dark - lighted roadway,Cloudy/Rain,0.05,0,38,28,TRUE,34.24438675,-73.6513909
1320,1/31/2003,January,Friday,20:55,2,2,1,0,Angle,V1: Travelling straight ahead / V2: Other,V1: S  / V2: N,Wet,Dark - roadway not lighted,Cloudy,0.05,0,38,28,TRUE,41.89841145,-71.37009489
1321,1/31/2003,January,Friday,21:30,1,2,0,0,Rear-end,V1: Travelling straight ahead / V2: Travelling straight ahead,V1: S  / V2: S,Wet,Dark - lighted roadway,Rain,0.05,0,38,28,TRUE,41.90238589,-71.35672422
1322,2/1/2003,February,Saturday,4:40,2,2,2,0,0,V1: Entering traffic lane / V2: Travelling straight ahead,V1: W  / V2: E,Dry,Daylight,Clear,0.18,0,34,31,TRUE,41.95271314,-71.26950617
1323,2/1/2003,February,Saturday,6:44,2,1,1,0,Single vehicle crash,V1: Travelling straight ahead,V1: N,"Sand, mud, dirt, oil, gravel",Daylight,Cloudy,0.18,0,34,31,TRUE,41.92574856,-71.34157655
1324,2/1/2003,February,Saturday,8:15,2,2,2,0,Angle,V1: Slowing or stopped in traffic / V2: Travelling straight ahead,V1: W  / V2: S,Ice,Daylight,Cloudy,0.18,0,34,31,TRUE,41.94683059,-71.28375978
1325,2/1/2003,February,Saturday,22:33,1,2,0,0,Angle,V1: Slowing or stopped in traffic / V2: Travelling straight ahead,V1: W  / V2: N,Ice,Dark - lighted roadway,Rain,0.18,0,34,31,TRUE,41.91130764,-71.35852373
1326,2/1/2003,February,Saturday,23:10,1,1,0,0,Single vehicle crash,V1: Travelling straight ahead,V1: S,Snow,Dark - lighted roadway,Snow,0.18,0,34,31,TRUE,41.96419273,-71.28929449
1327,2/2/2003,February,Sunday,0:28,2,1,1,0,Single vehicle crash,V1: Travelling straight ahead,V1: W,Slush,Dark - lighted roadway,Snow,0.42,0.7,38,32,TRUE,41.92472661,-71.25971871
1328,2/2/2003,February,Sunday,1:20,1,1,0,0,Single vehicle crash,V1: Travelling straight ahead,V1: 0,Slush,Dark - lighted roadway,Snow,0.42,0.7,38,32,TRUE,41.95614389,-71.30940321
1329,2/2/2003,February,Sunday,1:22,1,1,0,0,Single vehicle crash,V1: Travelling straight ahead,V1: S,Snow,Dark - lighted roadway,Snow,0.42,0.7,38,32,TRUE,41.92229163,-71.25894904
1330,2/2/2003,February,Sunday,3:49,2,1,2,0,Single vehicle crash,V1: Travelling straight ahead,V1: E,Ice,Dark - lighted roadway,Snow,0.42,0.7,38,32,TRUE,34.24438675,-73.6513909
1331,2/2/2003,February,Sunday,7:26,2,1,1,0,Single vehicle crash,V1: Travelling straight ahead,V1: E,Snow,Dawn,Snow,0.42,0.7,38,32,TRUE,41.91708111,-71.37401272
1332,2/2/2003,February,Sunday,9:40,1,2,0,0,Rear-end,V1: Backing / V2: Slowing or stopped in traffic,V1: S  / V2: S,Snow,Daylight,Snow,0.42,0.7,38,32,TRUE,41.95358311,-71.26631062
1333,2/3/2003,February,Monday,13:00,1,2,0,0,Rear-end,V1: Turning left / V2: Travelling straight ahead,V1: W  / V2: N,Wet,Daylight,Cloudy,0,0,39,34,FALSE,41.90682772,-71.35704387
1334,2/3/2003,February,Monday,17:19,1,2,0,0,Rear-end,V1: Slowing or stopped in traffic / V2: Travelling straight ahead,V1: W  / V2: W,Dry,Dark - lighted roadway,Clear,0,0,39,34,FALSE,41.94466875,-71.28335786
1335,2/3/2003,February,Monday,20:05,1,2,0,0,Angle,V1: Slowing or stopped in traffic / V2: Travelling straight ahead,V1: W  / V2: N,Wet,Dark - lighted roadway,Clear,0,0,39,34,FALSE,41.9472108,-71.28786501
1336,2/4/2003,February,Tuesday,6:39,1,2,0,0,"Sideswipe, same direction",V1: Other / V2: Slowing or stopped in traffic,V1: S  / V2: E,Dry,Daylight,Clear,0.16,0,51,36,FALSE,41.9341568,-71.29974961
1337,2/4/2003,February,Tuesday,17:29,0,2,0,0,Rear-end,V1: Slowing or stopped in traffic / V2: Slowing or stopped in traffic,V1: E  / V2: E,Wet,Dusk,Rain,0.16,0,51,36,FALSE,41.93661356,-71.28894683
1338,2/5/2003,February,Wednesday,7:28,2,2,2,0,Rear-end,V1: Travelling straight ahead / V2: Slowing or stopped in traffic,V1: N  / V2: N,Dry,Daylight,Clear,0,0,38,20,TRUE,41.95180679,-71.2898592
1339,2/6/2003,February,Thursday,6:40,1,2,0,0,Angle,V1: Travelling straight ahead / V2: Travelling straight ahead,V1: N  / V2: N,Dry,Dark - lighted roadway,Clear,0,0,32,16,TRUE,34.24438675,-73.6513909
1340,2/6/2003,February,Thursday,6:44,1,2,0,0,Rear-end,V1: Travelling straight ahead / V2: Parked,V1: E  / V2: 0,Dry,Daylight,Clear,0,0,32,16,TRUE,41.94110439,-71.29291136
1341,2/7/2003,February,Friday,2:10,0,2,0,0,Rear-end,V1: Slowing or stopped in traffic / V2: Slowing or stopped in traffic,V1: N  / V2: N,Dry,Daylight,Snow,0.59,12.1,27,20,TRUE,34.24438675,-73.6513909
1342,2/7/2003,February,Friday,7:45,0,2,0,0,Angle,V1: Travelling straight ahead / V2: Travelling straight ahead,V1: N  / V2: N,Snow,Daylight,Snow,0.59,12.1,27,20,TRUE,41.90253164,-71.35519963
1343,2/7/2003,February,Friday,7:51,2,1,1,0,Single vehicle crash,V1: Travelling straight ahead,V1: S,Snow,Daylight,Snow,0.59,12.1,27,20,TRUE,34.24438675,-73.6513909
1344,2/7/2003,February,Friday,8:00,2,2,1,0,Rear-end,V1: Slowing or stopped in traffic / V2: Travelling straight ahead,V1: W  / V2: W,Snow,Daylight,Snow,0.59,12.1,27,20,TRUE,34.24438675,-73.6513909
1345,2/7/2003,February,Friday,8:05,1,2,0,0,Angle,V1: Travelling straight ahead / V2: Slowing or stopped in traffic,V1: W  / V2: S,Snow,Daylight,Snow,0.59,12.1,27,20,TRUE,34.24438675,-73.6513909
1346,2/7/2003,February,Friday,8:15,1,2,0,0,Angle,V1: Travelling straight ahead / V2: Turning left,V1: S  / V2: E,Snow,Daylight,Snow,0.59,12.1,27,20,TRUE,41.92449492,-71.32136924
1347,2/7/2003,February,Friday,9:49,1,1,0,0,Single vehicle crash,V1: Travelling straight ahead,V1: N,Snow,Daylight,Snow,0.59,12.1,27,20,TRUE,41.957056,-71.29620333
1348,2/7/2003,February,Friday,10:35,1,2,0,0,Rear-end,V1: Travelling straight ahead / V2: Travelling straight ahead,V1: S  / V2: S,Snow,Daylight,Snow,0.59,12.1,27,20,TRUE,41.92014284,-71.35719783
1349,2/7/2003,February,Friday,11:10,0,1,0,0,Single vehicle crash,V1: Travelling straight ahead,V1: S,Snow,Daylight,Snow,0.59,12.1,27,20,TRUE,41.91844212,-71.33286115
1350,2/7/2003,February,Friday,12:14,1,2,0,0,Head-on,V1: Travelling straight ahead / V2: Travelling straight ahead,V1: W  / V2: 0,Snow,Daylight,Snow,0.59,12.1,27,20,TRUE,41.95329818,-71.27835521
1351,2/7/2003,February,Friday,12:30,0,2,0,0,Angle,V1: Travelling straight ahead / V2: Travelling straight ahead,V1: N  / V2: N,Snow,Daylight,Snow,0.59,12.1,27,20,TRUE,41.90270587,-71.35470049
1352,2/7/2003,February,Friday,12:38,1,2,0,0,Angle,V1: Travelling straight ahead / V2: Travelling straight ahead,V1: E  / V2: S,Snow,Daylight,Snow,0.59,12.1,27,20,TRUE,41.91562886,-71.36047108
1353,2/7/2003,February,Friday,13:00,1,2,0,0,Angle,V1: Entering traffic lane / V2: Travelling straight ahead,V1: W  / V2: S,Snow,Daylight,Snow,0.59,12.1,27,20,TRUE,41.93503657,-71.2848971
1354,2/7/2003,February,Friday,14:09,1,2,0,0,Head-on,V1: Turning right / V2: Slowing or stopped in traffic,V1: S  / V2: N,Snow,Daylight,Snow,0.59,12.1,27,20,TRUE,41.90212897,-71.37116189
1355,2/7/2003,February,Friday,20:51,2,2,1,0,Angle,V1: Travelling straight ahead / V2: Travelling straight ahead,V1: W  / V2: S,Slush,Dark - lighted roadway,Cloudy,0.59,12.1,27,20,TRUE,41.92014284,-71.35719783
1356,2/8/2003,February,Saturday,14:01,1,2,0,0,Rear-end,V1: Travelling straight ahead / V2: Slowing or stopped in traffic,V1: W  / V2: 0,Wet,Daylight,Clear,0,0,30,8,TRUE,41.92743176,-71.34188419
1357,2/8/2003,February,Saturday,14:08,1,2,0,0,Angle,V1: Turning left / V2: Travelling straight ahead,V1: S  / V2: N,Dry,Daylight,Cloudy,0,0,30,8,TRUE,34.24438675,-73.6513909
1358,2/8/2003,February,Saturday,21:46,1,2,0,0,Rear-end,V1: Travelling straight ahead / V2: Travelling straight ahead,V1: W  / V2: W,Dry,Dark - lighted roadway,Clear,0,0,30,8,TRUE,41.89867838,-71.34654981
1359,2/9/2003,February,Sunday,10:56,2,2,6,0,Head-on,V1: Travelling straight ahead / V2: Travelling straight ahead,V1: S  / V2: N,Dry,Daylight,Clear,0,0,38,12,TRUE,41.93511728,-71.31575243
1360,2/9/2003,February,Sunday,15:27,1,2,0,0,Angle,V1: Turning left / V2: Turning left,V1: E  / V2: S,Dry,Daylight,Clear,0,0,38,12,TRUE,41.94234382,-71.27289652
1361,2/10/2003,February,Monday,7:06,1,2,0,0,Angle,V1: Entering traffic lane / V2: Travelling straight ahead,V1: N  / V2: E,Other,Daylight,Snow,0.15,2.4,38,18,TRUE,41.9405869,-71.29142338
1362,2/10/2003,February,Monday,17:02,1,2,0,0,Rear-end,V1: Slowing or stopped in traffic / V2: Travelling straight ahead,V1: S  / V2: S,Slush,Dusk,Snow,0.15,2.4,38,18,TRUE,41.92644259,-71.35554103
1363,2/10/2003,February,Monday,17:40,0,1,0,0,Single vehicle crash,V1: Slowing or stopped in traffic,V1: E,Snow,Dark - roadway not lighted,Snow,0.15,2.4,38,18,TRUE,41.91251262,-71.26704155
1364,2/10/2003,February,Monday,17:50,1,2,0,0,"Sideswipe, same direction",V1: Parked / V2: Slowing or stopped in traffic,V1: 0 / V2: 0,Snow,Dark - lighted roadway,Snow,0.15,2.4,38,18,TRUE,41.89824642,-71.34717765
1365,2/10/2003,February,Monday,18:00,1,1,0,0,Single vehicle crash,V1: Travelling straight ahead,V1: N,Snow,Dark - lighted roadway,Snow,0.15,2.4,38,18,TRUE,41.90979848,-71.31542649
1366,2/10/2003,February,Monday,18:26,1,2,0,0,Rear-end,V1: Slowing or stopped in traffic / V2: Travelling straight ahead,V1: S  / V2: S,Ice,Dark - lighted roadway,Snow,0.15,2.4,38,18,TRUE,41.94651916,-71.28983215
1367,2/10/2003,February,Monday,18:32,2,1,1,0,Single vehicle crash,V1: Travelling straight ahead,V1: E,Snow,Dark - lighted roadway,Snow,0.15,2.4,38,18,TRUE,41.91234905,-71.26795681
1368,2/10/2003,February,Monday,18:51,1,2,0,0,Angle,V1: Travelling straight ahead / V2: Travelling straight ahead,V1: S  / V2: N,Ice,Dark - lighted roadway,Snow,0.15,2.4,38,18,TRUE,41.94394038,-71.27250408
1369,2/10/2003,February,Monday,20:00,0,1,0,0,Single vehicle crash,V1: Travelling straight ahead,V1: E,Snow,Dark - roadway not lighted,Snow,0.15,2.4,38,18,TRUE,41.92962752,-71.2905145
1370,2/11/2003,February,Tuesday,1:39,2,2,1,0,Angle,V1: Travelling straight ahead / V2: Travelling straight ahead,V1: S  / V2: W,Snow,Dark - roadway not lighted,Snow,0.01,0.1,29,15,TRUE,41.9370756,-71.28238678
1371,2/11/2003,February,Tuesday,7:07,1,1,0,0,Single vehicle crash,V1: Travelling straight ahead,V1: 0,Snow,Daylight,Cloudy,0.01,0.1,29,15,TRUE,41.92154418,-71.24015197
1372,2/11/2003,February,Tuesday,8:45,1,2,0,0,Rear-end,V1: Overtaking/passing / V2: Slowing or stopped in traffic,V1: S  / V2: S,Snow,Daylight,Clear,0.01,0.1,29,15,TRUE,41.90500517,-71.33616438
1373,2/11/2003,February,Tuesday,10:33,1,2,0,0,"Sideswipe, opposite direction",V1: Travelling straight ahead / V2: Turning right,V1: W  / V2: E,Wet,Daylight,Clear,0.01,0.1,29,15,TRUE,41.93290929,-71.24714973
1374,2/11/2003,February,Tuesday,13:45,2,2,1,0,Angle,V1: Slowing or stopped in traffic / V2: Travelling straight ahead,V1: N  / V2: E,Dry,Daylight,Clear,0.01,0.1,29,15,TRUE,41.94121777,-71.2768631
1375,2/11/2003,February,Tuesday,16:13,1,2,0,0,Angle,V1: Travelling straight ahead / V2: Travelling straight ahead,V1: E  / V2: N,Ice,Daylight,Clear,0.01,0.1,29,15,TRUE,41.94499193,-71.27949099
1376,2/11/2003,February,Tuesday,16:30,1,2,0,0,Angle,V1: Turning left / V2: Travelling straight ahead,V1: S  / V2: W,Dry,Daylight,Cloudy,0.01,0.1,29,15,TRUE,41.92387717,-71.35158914
1377,2/12/2003,February,Wednesday,5:48,1,2,0,0,Rear-end,V1: Travelling straight ahead / V2: Parked,V1: W  / V2: 0,Dry,Dark - lighted roadway,Cloudy,0.03,0.6,33,11,TRUE,41.89959996,-71.37913674
1378,2/12/2003,February,Wednesday,7:01,1,2,0,0,Rear-end,V1: Slowing or stopped in traffic / V2: Slowing or stopped in traffic,V1: S  / V2: S,Wet,Dawn,Snow,0.03,0.6,33,11,TRUE,41.93524005,-71.27513601