ID,DATE,Month,Day of week,Crash Time,Crash Severity,Number of Vehicles,Total Nonfatal Injuries,Total Fatal Injuries,Manner of Collision,Vehicle Action Prior to Crash,Vehicle Travel Directions,Road Surface Condition,Ambient Light,Weather Condition,PRCP,SNOW,TMAX,TMIN,Ice,Longtitute,Latitute
1379,2/12/2003,February,Wednesday,13:00,1,2,0,0,Angle,V1: Entering traffic lane / V2: Turning right,V1: W  / V2: N,Dry,Daylight,Clear,0.03,0.6,33,11,TRUE,41.93524005,-71.27513601
1380,2/13/2003,February,Thursday,9:13,1,2,0,0,Angle,V1: Turning right / V2: Slowing or stopped in traffic,V1: S  / V2: E,Dry,Daylight,Clear,0,0,21,-1,TRUE,41.92508738,-71.35628348
1381,2/13/2003,February,Thursday,11:40,2,2,1,0,Angle,V1: Turning left / V2: Travelling straight ahead,V1: N  / V2: S,Dry,Daylight,Clear,0,0,21,-1,TRUE,34.24438675,-73.6513909
1382,2/13/2003,February,Thursday,16:18,1,2,0,0,Rear-end,V1: Backing / V2: Parked,V1: 0 / V2: 0,Dry,Daylight,Clear,0,0,21,-1,TRUE,41.94460365,-71.28387987
1383,2/14/2003,February,Friday,12:00,2,2,1,0,Angle,V1: Entering traffic lane / V2: Travelling straight ahead,V1: W  / V2: E,Dry,Daylight,Clear,0,0,23,0,TRUE,41.94817843,-71.27814947
1384,2/14/2003,February,Friday,12:59,1,2,0,0,Angle,V1: Travelling straight ahead / V2: Travelling straight ahead,V1: W  / V2: S,Dry,Daylight,Clear,0,0,23,0,TRUE,41.93601097,-71.28269451
1385,2/14/2003,February,Friday,13:57,2,1,1,0,Single vehicle crash,V1: Travelling straight ahead,V1: N,Dry,Daylight,Clear,0,0,23,0,TRUE,34.24438675,-73.6513909
1386,2/14/2003,February,Friday,15:26,1,2,0,0,"Sideswipe, same direction",V1: Turning right / V2: Parked,V1: S  / V2: 0,Dry,Daylight,Clear,0,0,23,0,TRUE,41.94450501,-71.28411703
1387,2/14/2003,February,Friday,16:46,2,2,1,0,Rear-end,V1: Travelling straight ahead / V2: Slowing or stopped in traffic,V1: 0 / V2: 0,Dry,Daylight,Clear,0,0,23,0,TRUE,34.24438675,-73.6513909
1388,2/14/2003,February,Friday,16:58,1,2,0,0,Rear-end,V1: Slowing or stopped in traffic / V2: Slowing or stopped in traffic,V1: S  / V2: S,Dry,Dusk,Cloudy,0,0,23,0,TRUE,41.92644259,-71.35554103
1389,2/14/2003,February,Friday,18:01,1,2,0,0,Rear-end,V1: Slowing or stopped in traffic / V2: Travelling straight ahead,V1: S  / V2: S,Dry,Dark - roadway not lighted,Clear,0,0,23,0,TRUE,41.9589661,-71.30200935
1390,2/14/2003,February,Friday,19:54,1,2,0,0,Angle,V1: Turning left / V2: Travelling straight ahead,V1: W  / V2: S,Dry,Dark - lighted roadway,Cloudy,0,0,23,0,TRUE,34.24438675,-73.6513909
1391,2/14/2003,February,Friday,20:12,2,1,1,0,Head-on,V1: Travelling straight ahead,V1: S,Dry,Dark - lighted roadway,Clear,0,0,23,0,TRUE,34.24438675,-73.6513909
1392,2/15/2003,February,Saturday,17:05,2,2,1,0,Angle,V1: Travelling straight ahead / V2: Travelling straight ahead,V1: N  / V2: N,Dry,Daylight,Clear,0,0,18,3,TRUE,34.24438675,-73.6513909
1393,2/16/2003,February,Sunday,3:00,1,2,0,0,0,V1: Travelling straight ahead / V2: Travelling straight ahead,V1: S  / V2: S,Dry,Dark - roadway not lighted,Clear,0,0,15,0,TRUE,34.24438675,-73.6513909
1394,2/16/2003,February,Sunday,15:17,2,2,3,0,Angle,V1: Travelling straight ahead / V2: Travelling straight ahead,V1: W  / V2: N,Dry,Daylight,Clear,0,0,15,0,TRUE,41.9370756,-71.28238678
1395,2/17/2003,February,Monday,8:20,2,3,2,0,Head-on,V1: Travelling straight ahead / V2: Travelling straight ahead / V3: Entering traffic lane,V1: E  / V2: E  / V3: S,Snow,Daylight,Snow,1.28,15.7,27,14,TRUE,41.95403392,-71.2643723
1396,2/17/2003,February,Monday,8:29,1,1,0,0,Angle,V1: Travelling straight ahead,V1: N,Snow,Daylight,Snow,1.28,15.7,27,14,TRUE,41.95180679,-71.2898592
1397,2/17/2003,February,Monday,8:55,1,1,0,0,Single vehicle crash,V1: Slowing or stopped in traffic,V1: S,Snow,Daylight,Snow,1.28,15.7,27,14,TRUE,41.91044592,-71.28309302
1398,2/17/2003,February,Monday,11:35,1,2,0,0,Rear-end,V1: Slowing or stopped in traffic / V2: Travelling straight ahead,V1: N  / V2: N,Snow,Daylight,Snow,1.28,15.7,27,14,TRUE,41.92969804,-71.32243362
1399,2/17/2003,February,Monday,14:00,1,2,0,0,Angle,V1: Travelling straight ahead / V2: Travelling straight ahead,V1: E  / V2: W,Snow,Daylight,Snow,1.28,15.7,27,14,TRUE,41.89903243,-71.355186
1400,2/17/2003,February,Monday,16:45,1,2,0,0,Angle,V1: Travelling straight ahead / V2: Turning left,V1: N  / V2: E,Snow,Daylight,Snow,1.28,15.7,27,14,TRUE,41.91329854,-71.30797099
1401,2/19/2003,February,Wednesday,9:48,1,2,0,0,Angle,V1: Travelling straight ahead / V2: Slowing or stopped in traffic,V1: W  / V2: W,Snow,Daylight,Snow,0,0,40,16,TRUE,41.92675288,-71.34334435
1402,2/19/2003,February,Wednesday,10:38,2,3,2,0,Rear-end,V1: Slowing or stopped in traffic / V2: Slowing or stopped in traffic / V3: Travelling straight ahead,V1: W  / V2: 0 / V3: W,Wet,Daylight,Clear,0,0,40,16,TRUE,41.93393836,-71.3077318
1403,2/19/2003,February,Wednesday,13:25,0,1,0,0,Single vehicle crash,V1: Travelling straight ahead,V1: N,Dry,Daylight,Clear,0,0,40,16,TRUE,41.95801487,-71.28762649
1404,2/19/2003,February,Wednesday,16:00,2,2,1,0,Rear-end,V1: Slowing or stopped in traffic / V2: Slowing or stopped in traffic,V1: E  / V2: E,Wet,Daylight,Clear,0,0,40,16,TRUE,41.93624398,-71.26400311
1405,2/20/2003,February,Thursday,7:01,1,1,0,0,Angle,V1: Travelling straight ahead,V1: W,Ice,Daylight,Clear,0,0,52,26,TRUE,41.9317298,-71.3012081
1406,2/20/2003,February,Thursday,8:27,1,3,0,0,Rear-end,V1: Travelling straight ahead / V2: Travelling straight ahead / V3: Travelling straight ahead,V1: S  / V2: S  / V3: S,Snow,Daylight,Clear,0,0,52,26,TRUE,41.93389076,-71.34178118
1407,2/20/2003,February,Thursday,9:16,1,2,0,0,0,V1: Entering traffic lane / V2: Travelling straight ahead,V1: W  / V2: S,Wet,Daylight,Cloudy,0,0,52,26,TRUE,41.91902322,-71.35778764
1408,2/20/2003,February,Thursday,9:57,1,2,0,0,Angle,V1: Travelling straight ahead / V2: Turning left,V1: W  / V2: S,Dry,Daylight,Clear,0,0,52,26,TRUE,41.94757814,-71.27890389
1409,2/20/2003,February,Thursday,13:00,1,2,0,0,Angle,V1: Travelling straight ahead / V2: Entering traffic lane,V1: W  / V2: S,Wet,Daylight,Clear,0,0,52,26,TRUE,41.94344652,-71.28559566
1410,2/20/2003,February,Thursday,15:06,1,2,0,0,Angle,V1: Slowing or stopped in traffic / V2: Turning left,V1: E  / V2: N,Wet,Daylight,Cloudy,0,0,52,26,TRUE,41.91902322,-71.35778764
1411,2/20/2003,February,Thursday,16:54,2,2,3,0,Rear-end,V1: Travelling straight ahead / V2: Travelling straight ahead,V1: W  / V2: W,Wet,Daylight,Clear,0,0,52,26,TRUE,41.91982212,-71.35857678
1412,2/20/2003,February,Thursday,19:43,1,1,0,0,Single vehicle crash,V1: Travelling straight ahead,V1: N,Ice,Dark - roadway not lighted,Clear,0,0,52,26,TRUE,41.90460321,-71.32429942
1413,2/20/2003,February,Thursday,20:04,1,2,0,0,Rear-end,V1: Travelling straight ahead / V2: Slowing or stopped in traffic,V1: E  / V2: E,Wet,Dark - lighted roadway,Cloudy,0,0,52,26,TRUE,41.94066438,-71.28948653
1414,2/21/2003,February,Friday,17:28,0,2,0,0,Angle,V1: Turning left / V2: Turning left,V1: W  / V2: S,Wet,Dusk,Clear,0,0,54,22,TRUE,41.94274018,-71.28432859
1415,2/23/2003,February,Sunday,1:36,2,2,1,0,Angle,V1: Travelling straight ahead / V2: Travelling straight ahead,V1: N  / V2: N,Wet,Dark - roadway not lighted,Cloudy,0.56,0,39,26,TRUE,41.90223058,-71.35625816
1416,2/23/2003,February,Sunday,15:50,1,1,0,0,Angle,V1: Travelling straight ahead,V1: N,Wet,Daylight,Cloudy,0.56,0,39,26,TRUE,34.24438675,-73.6513909
1417,2/23/2003,February,Sunday,21:04,1,2,0,0,Rear-end,V1: Travelling straight ahead / V2: Slowing or stopped in traffic,V1: W  / V2: W,Dry,Dark - lighted roadway,Clear,0.56,0,39,26,TRUE,41.93393836,-71.3077318
1418,2/24/2003,February,Monday,8:00,1,2,0,0,Angle,V1: Turning left / V2: Travelling straight ahead,V1: N  / V2: W,Dry,Daylight,Clear,0,0,37,22,TRUE,34.24438675,-73.6513909
1419,2/24/2003,February,Monday,12:10,1,1,0,0,Single vehicle crash,V1: Travelling straight ahead,V1: S,Dry,Dark - roadway not lighted,Clear,0,0,37,22,TRUE,41.91782027,-71.23223394
1420,2/24/2003,February,Monday,16:15,2,4,1,0,Rear-end,V1: Travelling straight ahead / V2: Slowing or stopped in traffic / V3: Slowing or stopped in traffic / V4: Slowing or stopped in traffic,V1: S  / V2: S  / V3: S  / V4: 0,Wet,Daylight,Cloudy,0,0,37,22,TRUE,41.92644259,-71.35554103
1421,2/24/2003,February,Monday,20:30,1,2,0,0,Rear-end,V1: Travelling straight ahead / V2: 0,V1: S  / V2: S,Dry,Dark - roadway not lighted,Clear,0,0,37,22,TRUE,41.93309921,-71.3205767
1422,2/25/2003,February,Tuesday,14:17,1,2,0,0,Head-on,V1: Turning left / V2: Travelling straight ahead,V1: N  / V2: S,Dry,Daylight,Clear,0,0,29,12,TRUE,41.95484304,-71.28856385
1423,2/25/2003,February,Tuesday,15:39,1,2,0,0,Rear-end,V1: Travelling straight ahead / V2: Travelling straight ahead,V1: W  / V2: S,Dry,Daylight,Clear,0,0,29,12,TRUE,41.94231024,-71.28253433
1424,2/25/2003,February,Tuesday,15:48,1,2,0,0,"Sideswipe, same direction",V1: Parked / V2: Travelling straight ahead,V1: 0 / V2: S,Dry,0,Clear,0,0,29,12,TRUE,34.24438675,-73.6513909
1425,2/25/2003,February,Tuesday,16:15,0,2,0,0,Angle,V1: Backing / V2: Slowing or stopped in traffic,V1: N  / V2: E,Dry,Daylight,Clear,0,0,29,12,TRUE,41.91731178,-71.37501147
1426,2/26/2003,February,Wednesday,11:41,1,1,0,0,Single vehicle crash,V1: Turning right,V1: E,Dry,Daylight,Clear,0,0,24,4,TRUE,41.93920171,-71.29154003
1427,2/26/2003,February,Wednesday,13:01,1,1,0,0,Single vehicle crash,V1: Backing,V1: 0,Dry,Daylight,Clear,0,0,24,4,TRUE,41.92795603,-71.34505756
1428,2/26/2003,February,Wednesday,16:30,1,2,0,0,Angle,V1: 0 / V2: 0,V1: N  / V2: E,Dry,Daylight,Clear,0,0,24,4,TRUE,41.94955733,-71.27636671
1429,2/27/2003,February,Thursday,17:20,0,2,0,0,Angle,V1: Slowing or stopped in traffic / V2: Backing,V1: N  / V2: E,Dry,Dark - lighted roadway,Clear,0,0,37,2,TRUE,41.90214972,-71.36961801
1430,2/27/2003,February,Thursday,18:26,2,2,1,0,Angle,V1: Travelling straight ahead / V2: Turning left,V1: N  / V2: W,Dry,Dark - lighted roadway,Clear,0,0,37,2,TRUE,41.95451461,-71.24992613
1431,2/28/2003,February,Friday,12:26,1,2,0,0,Angle,V1: Travelling straight ahead / V2: Travelling straight ahead,V1: N  / V2: N,Dry,Daylight,Cloudy,0,0,32,16,TRUE,41.94487212,-71.28341297
1432,3/1/2003,March,Saturday,10:00,1,2,0,0,Angle,V1: 0 / V2: 0,V1: S  / V2: S,Dry,Daylight,Clear,0.05,1,40,11,TRUE,41.92449568,-71.25952172
1433,3/1/2003,March,Saturday,11:40,1,2,0,0,Angle,V1: 0 / V2: 0,V1: E  / V2: S,Dry,Daylight,Clear,0.05,1,40,11,TRUE,41.90697288,-71.36488171
1434,3/1/2003,March,Saturday,17:20,1,3,0,0,Rear-end,V1: Slowing or stopped in traffic / V2: Slowing or stopped in traffic / V3: Slowing or stopped in traffic,V1: S  / V2: S  / V3: S,Dry,Daylight,Cloudy,0.05,1,40,11,TRUE,41.92644259,-71.35554103
1435,3/1/2003,March,Saturday,17:20,2,3,4,0,Rear-end,V1: Slowing or stopped in traffic / V2: Slowing or stopped in traffic / V3: Slowing or stopped in traffic,V1: S  / V2: S  / V3: S,Dry,Daylight,Cloudy,0.05,1,40,11,TRUE,41.92644259,-71.35554103
1436,3/1/2003,March,Saturday,22:00,1,2,0,0,Rear-end,V1: Travelling straight ahead / V2: Parked,V1: E  / V2: E,Snow,Dark - roadway not lighted,Snow,0.05,1,40,11,TRUE,34.24438675,-73.6513909
1437,3/2/2003,March,Sunday,0:17,1,1,0,0,Single vehicle crash,V1: Travelling straight ahead,V1: N,Snow,Dark - roadway not lighted,Snow,1.39,0,47,31,TRUE,41.93527575,-71.26252304
1438,3/2/2003,March,Sunday,7:31,2,1,1,0,Single vehicle crash,V1: Travelling straight ahead,V1: S,Ice,Daylight,Clear,1.39,0,47,31,TRUE,41.92147684,-71.22919165
1439,3/2/2003,March,Sunday,11:00,0,2,0,0,Angle,V1: Turning left / V2: 0,V1: W  / V2: 0,Wet,Dark - 0 roadway lighting,Rain,1.39,0,47,31,TRUE,41.94161856,-71.27925093
1440,3/3/2003,March,Monday,0:34,1,1,0,0,Single vehicle crash,V1: Travelling straight ahead,V1: W,Ice,Dark - lighted roadway,Cloudy,0,0,35,7,TRUE,41.9033179,-71.33123812
1441,3/3/2003,March,Monday,15:54,1,2,0,0,Rear-end,V1: Overtaking/passing / V2: Travelling straight ahead,V1: S  / V2: S,Dry,Daylight,Clear,0,0,35,7,TRUE,41.95801487,-71.28762649
1442,3/3/2003,March,Monday,17:52,2,2,2,0,Rear-end,V1: Slowing or stopped in traffic / V2: Slowing or stopped in traffic,V1: N  / V2: N,Dry,Dark - lighted roadway,Clear,0,0,35,7,TRUE,34.24438675,-73.6513909
1443,3/3/2003,March,Monday,21:38,2,2,1,0,Angle,V1: Travelling straight ahead / V2: Travelling straight ahead,V1: N  / V2: W,Dry,Dark - lighted roadway,Cloudy,0,0,35,7,TRUE,41.92014284,-71.35719783
1444,3/4/2003,March,Tuesday,10:02,2,1,1,0,0,V1: Backing,V1: W,Dry,Daylight,Clear,0,0,34,3,TRUE,41.92850939,-71.27790967
1445,3/4/2003,March,Tuesday,18:08,2,1,1,0,0,V1: Turning left,V1: E,Dry,Dark - 0 roadway lighting,Clear,0,0,34,3,TRUE,41.93623387,-71.28481203
1446,3/6/2003,March,Thursday,2:26,2,1,1,0,Angle,V1: Travelling straight ahead,V1: W,Ice,Dark - lighted roadway,Cloudy,0.52,7,40,13,TRUE,41.93256714,-71.32885362
1447,3/6/2003,March,Thursday,5:15,1,1,0,0,Single vehicle crash,V1: Travelling straight ahead,V1: W,Ice,Dawn,Clear,0.52,7,40,13,TRUE,34.24438675,-73.6513909
1448,3/6/2003,March,Thursday,7:07,1,1,0,0,Single vehicle crash,V1: Travelling straight ahead,V1: W,Dry,Daylight,Cloudy,0.52,7,40,13,TRUE,34.24438675,-73.6513909
1449,3/6/2003,March,Thursday,7:30,2,1,1,0,Single vehicle crash,V1: Travelling straight ahead,V1: S,Ice,Daylight,Cloudy,0.52,7,40,13,TRUE,41.9769553,-71.27777802
1450,3/6/2003,March,Thursday,8:26,2,1,1,0,Single vehicle crash,V1: Travelling straight ahead,V1: S,Ice,Daylight,Cloudy,0.52,7,40,13,TRUE,41.95195286,-71.28460099
1451,3/6/2003,March,Thursday,11:00,2,2,1,0,Angle,V1: Travelling straight ahead / V2: Travelling straight ahead,V1: N  / V2: N,Wet,Daylight,Cloudy,0.52,7,40,13,TRUE,41.93327411,-71.3204314
1452,3/6/2003,March,Thursday,11:20,1,2,0,0,Angle,V1: Slowing or stopped in traffic / V2: Turning right,V1: E  / V2: 0,Snow,Daylight,Snow,0.52,7,40,13,TRUE,41.90498112,-71.31911009
1453,3/6/2003,March,Thursday,11:20,2,3,1,0,Rear-end,V1: Slowing or stopped in traffic / V2: Slowing or stopped in traffic / V3: Slowing or stopped in traffic,V1: N  / V2: N  / V3: N,Snow,Daylight,Snow,0.52,7,40,13,TRUE,41.92969804,-71.32243362
1454,3/6/2003,March,Thursday,11:39,1,1,0,0,Single vehicle crash,V1: 0,V1: W,Snow,Dark - lighted roadway,Clear,0.52,7,40,13,TRUE,41.89867838,-71.34654981
1455,3/6/2003,March,Thursday,11:50,1,2,0,0,Head-on,V1: Slowing or stopped in traffic / V2: Turning right,V1: S  / V2: S,Snow,Daylight,Snow,0.52,7,40,13,TRUE,41.95180679,-71.2898592
1456,3/6/2003,March,Thursday,11:52,2,2,2,0,Head-on,V1: Leaving traffic lane / V2: Travelling straight ahead,V1: N  / V2: S,Snow,Daylight,Snow,0.52,7,40,13,TRUE,41.96495942,-71.28974962
1457,3/6/2003,March,Thursday,12:17,1,2,0,0,Angle,V1: Travelling straight ahead / V2: Turning left,V1: E  / V2: W,Snow,Daylight,Snow,0.52,7,40,13,TRUE,34.24438675,-73.6513909
1458,3/6/2003,March,Thursday,12:34,1,2,0,0,Rear-end,V1: Travelling straight ahead / V2: Travelling straight ahead,V1: N  / V2: N,Snow,Daylight,Snow,0.52,7,40,13,TRUE,34.24438675,-73.6513909
1459,3/6/2003,March,Thursday,13:30,2,2,1,0,Head-on,V1: Leaving traffic lane / V2: Travelling straight ahead,V1: W  / V2: E,Snow,Daylight,Snow,0.52,7,40,13,TRUE,41.95323385,-71.27790491
1460,3/6/2003,March,Thursday,18:30,1,2,0,0,"Sideswipe, same direction",V1: Parked / V2: Travelling straight ahead,V1: W  / V2: W,Snow,Dark - roadway not lighted,Snow,0.52,7,40,13,TRUE,41.96204594,-71.28935396
1461,3/6/2003,March,Thursday,21:13,0,2,0,0,Angle,V1: Entering traffic lane / V2: 0,V1: S  / V2: E,Snow,Dark - roadway not lighted,Snow,0.52,7,40,13,TRUE,41.93105788,-71.28653129
1462,3/7/2003,March,Friday,12:28,0,2,0,0,Angle,V1: Entering traffic lane / V2: Travelling straight ahead,V1: E  / V2: S,Wet,Daylight,Clear,0,0,32,3,TRUE,41.90644128,-71.36516002
1463,3/7/2003,March,Friday,13:46,1,2,0,0,Rear-end,V1: Slowing or stopped in traffic / V2: Slowing or stopped in traffic,V1: S  / V2: S,Wet,Daylight,Clear,0,0,32,3,TRUE,41.92666149,-71.35538793
1464,3/7/2003,March,Friday,21:35,2,3,4,0,Rear-end,V1: Slowing or stopped in traffic / V2: Travelling straight ahead / V3: 0,V1: N  / V2: N  / V3: 0,Dry,Dark - lighted roadway,Cloudy,0,0,32,3,TRUE,34.24438675,-73.6513909
1465,3/8/2003,March,Saturday,7:57,1,1,0,0,Single vehicle crash,V1: Travelling straight ahead,V1: N,Wet,Daylight,Clear,0,0,48,24,TRUE,34.24438675,-73.6513909
1466,3/8/2003,March,Saturday,12:30,1,2,0,0,Angle,V1: Travelling straight ahead / V2: Other,V1: 0 / V2: 0,Snow,Daylight,Snow,0,0,48,24,TRUE,41.92644259,-71.35554103
1467,3/8/2003,March,Saturday,15:45,1,2,0,0,Angle,V1: Turning left / V2: Travelling straight ahead,V1: S  / V2: N,Dry,Daylight,Clear,0,0,48,24,TRUE,41.95568257,-71.28823954
1468,3/8/2003,March,Saturday,15:49,1,2,0,0,Rear-end,V1: Travelling straight ahead / V2: Travelling straight ahead,V1: S  / V2: N,Dry,Daylight,Clear,0,0,48,24,TRUE,41.91982212,-71.35857678
1469,3/8/2003,March,Saturday,16:15,1,2,0,0,Rear-end,V1: Travelling straight ahead / V2: Travelling straight ahead,V1: N  / V2: N,Dry,Daylight,Clear,0,0,48,24,TRUE,41.91482581,-71.36088324
1470,3/8/2003,March,Saturday,20:30,1,2,0,0,Angle,V1: Turning left / V2: Travelling straight ahead,V1: N  / V2: W,Dry,Dark - lighted roadway,Clear,0,0,48,24,TRUE,41.91982212,-71.35857678
1471,3/8/2003,March,Saturday,21:00,2,1,1,0,Single vehicle crash,V1: Travelling straight ahead,V1: N,Dry,Dark - lighted roadway,Clear,0,0,48,24,TRUE,41.90086769,-71.36799095
1472,3/9/2003,March,Sunday,22:00,1,2,0,0,Rear-end,V1: Turning left / V2: Travelling straight ahead,V1: W  / V2: 0,Dry,Dark - lighted roadway,Clear,0,0,51,19,TRUE,34.24438675,-73.6513909
1473,3/10/2003,March,Monday,9:08,0,1,0,0,Single vehicle crash,V1: Travelling straight ahead,V1: N,Dry,Daylight,Clear,0,0,27,12,TRUE,41.90247427,-71.35536633
1474,3/10/2003,March,Monday,10:07,1,2,0,0,Angle,V1: Backing / V2: Travelling straight ahead,V1: S  / V2: E,Dry,Daylight,Clear,0,0,27,12,TRUE,34.24438675,-73.6513909
1475,3/10/2003,March,Monday,12:35,1,2,0,0,Rear-end,V1: 0 / V2: 0,V1: E  / V2: E,Wet,Daylight,Clear,0,0,27,12,TRUE,41.89903243,-71.355186
1476,3/10/2003,March,Monday,15:41,1,2,0,0,Angle,V1: Backing / V2: Travelling straight ahead,V1: S  / V2: E,Dry,Daylight,Clear,0,0,27,12,TRUE,41.94642021,-71.28787406
1477,3/11/2003,March,Tuesday,15:48,1,2,0,0,Angle,V1: Travelling straight ahead / V2: Travelling straight ahead,V1: S  / V2: S,Dry,Daylight,Clear,0,0,37,13,TRUE,41.93604557,-71.28268541
1478,3/11/2003,March,Tuesday,17:01,2,2,3,0,Angle,V1: Turning left / V2: Travelling straight ahead,V1: S  / V2: N,Dry,Daylight,Clear,0,0,37,13,TRUE,41.90998013,-71.35802082
1479,3/12/2003,March,Wednesday,7:15,0,1,0,0,Angle,V1: Travelling straight ahead,V1: N,Dry,Daylight,Clear,0,0,54,31,TRUE,34.24438675,-73.6513909
1480,3/13/2003,March,Thursday,2:26,1,2,0,0,Angle,V1: Travelling straight ahead / V2: Travelling straight ahead,V1: W  / V2: E,Slush,Daylight,Snow,0.26,2.4,37,23,TRUE,41.92345805,-71.3141427
1481,3/13/2003,March,Thursday,13:00,1,2,0,0,Rear-end,V1: Entering traffic lane / V2: Travelling straight ahead,V1: N  / V2: S,Snow,Daylight,Snow,0.26,2.4,37,23,TRUE,41.94666472,-71.28742757
1482,3/13/2003,March,Thursday,15:32,0,2,0,0,Rear-end,V1: Slowing or stopped in traffic / V2: Slowing or stopped in traffic,V1: W  / V2: W,Snow,Daylight,Snow,0.26,2.4,37,23,TRUE,34.24438675,-73.6513909
1483,3/13/2003,March,Thursday,16:41,1,3,0,0,Rear-end,V1: Slowing or stopped in traffic / V2: Slowing or stopped in traffic / V3: Travelling straight ahead,V1: W  / V2: W  / V3: W,Snow,Daylight,Snow,0.26,2.4,37,23,TRUE,41.95287787,-71.26899686
1484,3/13/2003,March,Thursday,17:10,1,2,0,0,Rear-end,V1: Travelling straight ahead / V2: Slowing or stopped in traffic,V1: E  / V2: E,Snow,Daylight,Snow,0.26,2.4,37,23,TRUE,34.24438675,-73.6513909
1485,3/13/2003,March,Thursday,17:15,1,2,0,0,Rear-end,V1: Travelling straight ahead / V2: Slowing or stopped in traffic,V1: S  / V2: S,Snow,Daylight,Snow,0.26,2.4,37,23,TRUE,41.90820426,-71.36424864
1486,3/13/2003,March,Thursday,17:17,1,2,0,0,Angle,V1: Turning left / V2: Travelling straight ahead,V1: E  / V2: N,Snow,Daylight,Snow,0.26,2.4,37,23,TRUE,41.90298629,-71.36691077
1487,3/13/2003,March,Thursday,17:34,2,1,1,0,Single vehicle crash,V1: Travelling straight ahead,V1: E,Snow,Dusk,Snow,0.26,2.4,37,23,TRUE,41.9156364,-71.32216122
1488,3/13/2003,March,Thursday,17:34,1,1,0,0,Single vehicle crash,V1: Travelling straight ahead,V1: S,Snow,Daylight,Snow,0.26,2.4,37,23,TRUE,41.92614181,-71.32172647
1489,3/13/2003,March,Thursday,18:03,2,3,1,0,"Sideswipe, opposite direction",V1: Travelling straight ahead / V2: Travelling straight ahead / V3: Slowing or stopped in traffic,V1: S  / V2: N  / V3: N,Snow,Dark - lighted roadway,Snow,0.26,2.4,37,23,TRUE,41.94398374,-71.27251219
1490,3/14/2003,March,Friday,1:15,1,2,0,0,Rear-end,V1: Slowing or stopped in traffic / V2: Slowing or stopped in traffic,V1: W  / V2: W,Dry,Daylight,Clear,0,0,32,14,TRUE,34.24438675,-73.6513909
1491,3/14/2003,March,Friday,14:29,1,2,0,0,Angle,V1: Travelling straight ahead / V2: Making U-turn,V1: W  / V2: S,Dry,Daylight,Clear,0,0,32,14,TRUE,41.90971335,-71.36025333
1492,3/16/2003,March,Sunday,0:40,1,1,0,0,Single vehicle crash,V1: Overtaking/passing,V1: E,Dry,Dark - lighted roadway,Cloudy,0,0,65,29,TRUE,41.95056228,-71.29802508
1493,3/16/2003,March,Sunday,0:59,0,1,0,0,Angle,V1: Travelling straight ahead,V1: N,Ice,Dark - 0 roadway lighting,Clear,0,0,65,29,TRUE,41.93610193,-71.34108271
1494,3/16/2003,March,Sunday,3:20,0,1,0,0,Single vehicle crash,V1: Travelling straight ahead,V1: S,Dry,Dark - roadway not lighted,Fog,0,0,65,29,TRUE,42.21429574,-71.15228468
1495,3/17/2003,March,Monday,1:47,1,1,0,0,Single vehicle crash,V1: Turning right,V1: E,Dry,Dark - lighted roadway,Clear,0,0,73,34,FALSE,41.94245198,-71.28698244
1496,3/19/2003,March,Wednesday,17:03,0,2,0,0,Angle,V1: Overtaking/passing / V2: Travelling straight ahead,V1: E  / V2: W,Dry,Daylight,Clear,0,0,39,24,TRUE,41.92059498,-71.35639922
1497,3/20/2003,March,Thursday,13:50,2,2,1,0,Angle,V1: Slowing or stopped in traffic / V2: Slowing or stopped in traffic,V1: N  / V2: E,Dry,Daylight,Clear,0.06,0,48,19,TRUE,41.93601097,-71.28269451
1498,3/21/2003,March,Friday,0:44,2,1,2,0,0,V1: Travelling straight ahead,V1: 0,Wet,Dark - lighted roadway,Cloudy/Rain,0.77,0,58,46,FALSE,34.24438675,-73.6513909
1499,3/21/2003,March,Friday,6:11,0,1,0,0,Single vehicle crash,V1: Travelling straight ahead,V1: 0,Wet,Daylight,Cloudy/Rain,0.77,0,58,46,FALSE,41.89854171,-71.34669508
1500,3/21/2003,March,Friday,7:14,2,2,1,0,Single vehicle crash,V1: Travelling straight ahead / V2: 0,V1: S  / V2: S,Wet,Daylight,Cloudy,0.77,0,58,46,FALSE,41.91982212,-71.35857678
1501,3/21/2003,March,Friday,16:17,2,2,2,0,Angle,V1: Turning left / V2: Travelling straight ahead,V1: S  / V2: N,Dry,Daylight,Cloudy,0.77,0,58,46,FALSE,41.92508738,-71.35628348
1502,3/21/2003,March,Friday,17:12,2,2,1,0,Rear-end,V1: Slowing or stopped in traffic / V2: Travelling straight ahead,V1: S  / V2: S,Dry,Daylight,Clear,0.77,0,58,46,FALSE,41.90325436,-71.31889204
1503,3/21/2003,March,Friday,18:59,1,2,0,0,Angle,V1: Turning left / V2: Travelling straight ahead,V1: S  / V2: S,Dry,Dark - lighted roadway,Cloudy,0.77,0,58,46,FALSE,34.24438675,-73.6513909
1504,3/22/2003,March,Saturday,1:12,1,2,0,0,Single vehicle crash,V1: Travelling straight ahead / V2: Parked,V1: N  / V2: 0,Wet,Dark - lighted roadway,Fog,0,0,61,46,FALSE,41.91337163,-71.3079045
1505,3/22/2003,March,Saturday,1:57,1,2,0,0,Angle,V1: Turning right / V2: Travelling straight ahead,V1: E  / V2: S,Dry,Daylight,Clear,0,0,61,46,FALSE,41.93306281,-71.28502226
1506,3/23/2003,March,Sunday,0:25,2,1,2,0,Single vehicle crash,V1: Travelling straight ahead,V1: W,Dry,Dark - lighted roadway,Clear,0,0,56,33,FALSE,41.97499131,-71.27635074