ID,DATE,Month,Day of week,Crash Time,Crash Severity,Number of Vehicles,Total Nonfatal Injuries,Total Fatal Injuries,Manner of Collision,Vehicle Action Prior to Crash,Vehicle Travel Directions,Road Surface Condition,Ambient Light,Weather Condition,PRCP,SNOW,TMAX,TMIN,Ice,Longtitute,Latitute
1507,3/23/2003,March,Sunday,3:17,1,1,0,0,Single vehicle crash,V1: Travelling straight ahead,V1: W,Dry,Dark - lighted roadway,Clear,0,0,56,33,FALSE,41.93863221,-71.26107308
1508,3/23/2003,March,Sunday,9:30,1,2,0,0,Angle,V1: Turning left / V2: Travelling straight ahead,V1: E  / V2: N,Dry,Daylight,Clear,0,0,56,33,FALSE,41.9092031,-71.2947782
1509,3/23/2003,March,Sunday,15:45,1,2,0,0,Rear-end,V1: Slowing or stopped in traffic / V2: Slowing or stopped in traffic,V1: N  / V2: 0,Dry,Daylight,Cloudy,0,0,56,33,FALSE,41.92014284,-71.35719783
1510,3/24/2003,March,Monday,11:55,1,2,0,0,Angle,V1: Overtaking/passing / V2: Turning right,V1: N  / V2: N,Dry,Daylight,Clear,0,0,58,30,TRUE,34.24438675,-73.6513909
1511,3/25/2003,March,Tuesday,9:06,1,2,0,0,Rear-end,V1: Travelling straight ahead / V2: Slowing or stopped in traffic,V1: S  / V2: S,Dry,Daylight,Clear,0,0,49,33,FALSE,41.92508738,-71.35628348
1512,3/26/2003,March,Wednesday,18:02,1,2,0,0,Angle,V1: Changing lanes / V2: Travelling straight ahead,V1: S  / V2: 0,Dry,Dusk,Clear,0.08,0,64,40,FALSE,41.89903243,-71.355186
1513,3/26/2003,March,Wednesday,23:10,1,1,0,0,Single vehicle crash,V1: Travelling straight ahead,V1: S,Wet,Dark - roadway not lighted,Rain,0.08,0,64,40,FALSE,41.90682772,-71.35704387
1514,3/27/2003,March,Thursday,1:08,1,1,0,0,Single vehicle crash,V1: Travelling straight ahead,V1: N,Wet,Dark - lighted roadway,Rain,0.01,0,62,36,FALSE,34.24438675,-73.6513909
1515,3/27/2003,March,Thursday,6:45,1,2,0,0,Rear-end,V1: Travelling straight ahead / V2: Parked,V1: E  / V2: 0,Dry,Dawn,Clear,0.01,0,62,36,FALSE,41.93713942,-71.29258476
1516,3/27/2003,March,Thursday,10:37,1,1,0,0,Single vehicle crash,V1: Travelling straight ahead,V1: 0,Dry,Dark - lighted roadway,Clear,0.01,0,62,36,FALSE,41.96344228,-71.28889975
1517,3/28/2003,March,Friday,17:30,2,2,1,0,Rear-end,V1: Other / V2: Entering traffic lane,V1: N  / V2: N,Dry,Daylight,Clear,0,0,63,30,TRUE,34.24438675,-73.6513909
1518,3/29/2003,March,Saturday,0:12,1,1,0,0,Single vehicle crash,V1: Travelling straight ahead,V1: W,Dry,Dark - lighted roadway,Clear,0.55,0,67,44,FALSE,41.90498112,-71.31911009
1519,3/29/2003,March,Saturday,0:56,0,2,0,0,Rear-end,V1: Travelling straight ahead / V2: Travelling straight ahead,V1: N  / V2: N,Dry,Dark - lighted roadway,Clear,0.55,0,67,44,FALSE,41.89618753,-71.37039513
1520,3/29/2003,March,Saturday,3:30,1,2,0,0,"Sideswipe, opposite direction",V1: Travelling straight ahead / V2: Turning left,V1: N  / V2: S,Dry,Daylight,Clear,0.55,0,67,44,FALSE,41.90998013,-71.35802082
1521,3/29/2003,March,Saturday,9:54,1,2,0,0,Rear-end,V1: Slowing or stopped in traffic / V2: Travelling straight ahead,V1: W  / V2: W,Dry,Daylight,Clear,0.55,0,67,44,FALSE,41.9483337,-71.27794679
1522,3/29/2003,March,Saturday,13:00,1,2,0,0,Angle,V1: Turning left / V2: Travelling straight ahead,V1: E  / V2: S,Wet,Daylight,Cloudy/Rain,0.55,0,67,44,FALSE,41.9240397,-71.35674635
1523,3/30/2003,March,Sunday,1:52,2,1,1,0,Single vehicle crash,V1: Slowing or stopped in traffic,V1: W,Wet,Dark - lighted roadway,Cloudy/Rain,1.62,0,55,33,FALSE,41.93352412,-71.3238863
1524,3/31/2003,March,Monday,6:42,2,2,1,0,Angle,V1: Travelling straight ahead / V2: Travelling straight ahead,V1: W  / V2: E,Ice,Daylight,Cloudy,0.02,0.6,42,29,TRUE,34.24438675,-73.6513909
1525,4/1/2003,April,Tuesday,16:00,2,4,1,0,Rear-end,V1: Travelling straight ahead / V2: Slowing or stopped in traffic / V3: Slowing or stopped in traffic / V4: Slowing or stopped in traffic,V1: E  / V2: E  / V3: E  / V4: E,0,Daylight,Snow,0.02,0,44,24,TRUE,34.24438675,-73.6513909
1526,4/2/2003,April,Wednesday,10:37,2,2,1,0,Angle,V1: Turning left / V2: Travelling straight ahead,V1: S  / V2: N,Dry,Daylight,Clear,0.13,0,57,29,TRUE,41.90647647,-71.31818383
1527,4/2/2003,April,Wednesday,15:41,0,1,0,0,0,V1: Travelling straight ahead,V1: E,Wet,Daylight,Rain,0.13,0,57,29,TRUE,41.91839334,-71.36319695
1528,4/2/2003,April,Wednesday,15:57,2,2,1,0,Angle,V1: Travelling straight ahead / V2: Entering traffic lane,V1: N  / V2: S,Wet,Daylight,Cloudy/Rain,0.13,0,57,29,TRUE,41.91553973,-71.36051813
1529,4/2/2003,April,Wednesday,16:10,2,2,1,0,Angle,V1: Travelling straight ahead / V2: Travelling straight ahead,V1: W  / V2: S,Wet,Daylight,Cloudy/Rain,0.13,0,57,29,TRUE,41.94683059,-71.28375978
1530,4/2/2003,April,Wednesday,16:32,1,2,0,0,"Sideswipe, opposite direction",V1: Travelling straight ahead / V2: Travelling straight ahead,V1: E  / V2: S,Wet,Daylight,Rain,0.13,0,57,29,TRUE,41.94683059,-71.28375978
1531,4/4/2003,April,Friday,8:00,1,2,0,0,Angle,V1: Turning right / V2: Turning left,V1: S  / V2: S,Wet,Dark - lighted roadway,Cloudy/Rain,0.35,0.4,36,30,TRUE,34.24438675,-73.6513909
1532,4/4/2003,April,Friday,15:48,1,2,0,0,Angle,V1: Entering traffic lane / V2: Travelling straight ahead,V1: N  / V2: N,Wet,Daylight,Cloudy/Rain,0.35,0.4,36,30,TRUE,41.95641427,-71.28800402
1533,4/4/2003,April,Friday,18:30,1,4,0,0,Rear-end,V1: Travelling straight ahead / V2: Slowing or stopped in traffic / V3: Slowing or stopped in traffic / V4: Slowing or stopped in traffic,V1: S  / V2: S  / V3: S  / V4: 0,Wet,Dark - lighted roadway,Cloudy/Rain,0.35,0.4,36,30,TRUE,41.92633454,-71.34480984
1534,4/4/2003,April,Friday,19:10,2,2,1,0,Head-on,V1: Turning left / V2: Travelling straight ahead,V1: N  / V2: S,Wet,Dark - lighted roadway,Rain,0.35,0.4,36,30,TRUE,41.89618753,-71.37039513
1535,4/4/2003,April,Friday,22:32,1,2,0,0,Angle,V1: Slowing or stopped in traffic / V2: Entering traffic lane,V1: S  / V2: E,Wet,Dark - lighted roadway,Cloudy,0.35,0.4,36,30,TRUE,41.9483337,-71.27794679
1536,4/5/2003,April,Saturday,1:45,1,2,0,0,Rear-end,V1: Slowing or stopped in traffic / V2: 0,V1: N  / V2: 0,Wet,Dark - lighted roadway,Cloudy/Rain,0.12,0,36,29,TRUE,41.94499193,-71.27949099
1537,4/5/2003,April,Saturday,2:16,0,1,0,0,Single vehicle crash,V1: 0,V1: 0,Wet,Dark - roadway not lighted,Cloudy/Rain,0.12,0,36,29,TRUE,41.93569616,-71.31309198
1538,4/5/2003,April,Saturday,13:58,1,2,0,0,Rear-end,V1: Slowing or stopped in traffic / V2: Slowing or stopped in traffic,V1: E  / V2: E,Wet,Daylight,Rain,0.12,0,36,29,TRUE,41.97001836,-71.2913735
1539,4/5/2003,April,Saturday,15:11,1,3,0,0,Angle,V1: Turning left / V2: Travelling straight ahead / V3: Slowing or stopped in traffic,V1: W  / V2: E  / V3: N,Wet,Daylight,Cloudy/Rain,0.12,0,36,29,TRUE,41.93505312,-71.29860583
1540,4/5/2003,April,Saturday,17:00,2,2,1,0,Rear-end,V1: Travelling straight ahead / V2: Travelling straight ahead,V1: S  / V2: S,Dry,Daylight,Clear,0.12,0,36,29,TRUE,34.24438675,-73.6513909
1541,4/5/2003,April,Saturday,17:50,1,2,0,0,Rear-end,V1: Travelling straight ahead / V2: Turning left,V1: S  / V2: 0,Wet,Dusk,Rain,0.12,0,36,29,TRUE,34.24438675,-73.6513909
1542,4/7/2003,April,Monday,9:11,2,2,2,0,Rear-end,V1: Travelling straight ahead / V2: Slowing or stopped in traffic,V1: N  / V2: N,Dry,Daylight,Clear,0.21,2.1,37,28,TRUE,41.89618753,-71.37039513
1543,4/8/2003,April,Tuesday,6:58,1,1,0,0,Single vehicle crash,V1: Travelling straight ahead,V1: E,Slush,Daylight,Snow,0.35,0,35,28,TRUE,41.94141882,-71.30759395
1544,4/8/2003,April,Tuesday,7:42,2,1,1,0,Single vehicle crash,V1: Travelling straight ahead,V1: W,Snow,Daylight,Snow,0.35,0,35,28,TRUE,41.96629437,-71.29611848
1545,4/9/2003,April,Wednesday,10:00,1,2,0,0,Rear-end,V1: Entering traffic lane / V2: Slowing or stopped in traffic,V1: E  / V2: E,Wet,Daylight,Rain,0.25,0,37,33,FALSE,41.93397764,-71.31903245
1546,4/9/2003,April,Wednesday,19:04,1,2,0,0,Rear-end,V1: Travelling straight ahead / V2: Travelling straight ahead,V1: S  / V2: S,Wet,Dusk,Rain,0.25,0,37,33,FALSE,41.91003412,-71.35803702
1547,4/10/2003,April,Thursday,8:06,1,2,0,0,Angle,V1: Entering traffic lane / V2: Travelling straight ahead,V1: E  / V2: E,Dry,Daylight,Clear,0,0,51,28,TRUE,41.9340231,-71.2999339
1548,4/10/2003,April,Thursday,13:10,2,3,1,0,Single vehicle crash,V1: Travelling straight ahead / V2: Parked / V3: Parked,V1: S  / V2: 0 / V3: 0,Dry,Daylight,Clear,0,0,51,28,TRUE,41.91277883,-71.30919863
1549,4/10/2003,April,Thursday,15:23,1,3,0,0,Rear-end,V1: Turning left / V2: Travelling straight ahead / V3: Slowing or stopped in traffic,V1: S  / V2: N  / V3: E,Dry,Daylight,Clear,0,0,51,28,TRUE,41.92508738,-71.35628348
1550,4/10/2003,April,Thursday,17:30,2,2,1,0,Rear-end,V1: Travelling straight ahead / V2: Travelling straight ahead,V1: 0 / V2: 0,Dry,Daylight,Clear,0,0,51,28,TRUE,34.24438675,-73.6513909
1551,4/10/2003,April,Thursday,20:30,1,2,0,0,Angle,V1: Turning left / V2: Travelling straight ahead,V1: N  / V2: W,Dry,Dark - lighted roadway,Clear,0,0,51,28,TRUE,41.91982212,-71.35857678
1552,4/11/2003,April,Friday,7:48,0,2,0,0,Angle,V1: Turning left / V2: Travelling straight ahead,V1: W  / V2: N,Dry,Daylight,Cloudy,1.77,0,43,30,TRUE,41.93508565,-71.28489304
1553,4/11/2003,April,Friday,12:15,1,2,0,0,Angle,V1: Turning right / V2: Travelling straight ahead,V1: W  / V2: S,Wet,Daylight,Cloudy/Rain,1.77,0,43,30,TRUE,41.94292045,-71.27681606
1554,4/11/2003,April,Friday,13:29,2,2,1,0,Rear-end,V1: Travelling straight ahead / V2: Slowing or stopped in traffic,V1: E  / V2: E,Wet,Daylight,Cloudy/Rain,1.77,0,43,30,TRUE,41.92588452,-71.34693099
1555,4/11/2003,April,Friday,15:20,1,2,0,0,Angle,V1: Turning left / V2: Travelling straight ahead,V1: W  / V2: N,Wet,Daylight,Cloudy/Rain,1.77,0,43,30,TRUE,34.24438675,-73.6513909
1556,4/11/2003,April,Friday,22:10,1,2,0,0,Head-on,V1: Backing / V2: Travelling straight ahead,V1: W  / V2: S,Wet,Dark - roadway not lighted,Cloudy/Rain,1.77,0,43,30,TRUE,41.91745445,-71.33925896
1557,4/12/2003,April,Saturday,14:45,1,1,0,0,Single vehicle crash,V1: Travelling straight ahead,V1: E,Dry,Daylight,Clear,0.46,0,59,39,FALSE,34.24438675,-73.6513909
1558,4/13/2003,April,Sunday,4:35,1,1,0,0,Single vehicle crash,V1: Leaving traffic lane,V1: E,Dry,Dark - roadway not lighted,Clear,0,0,59,32,TRUE,34.24438675,-73.6513909
1559,4/13/2003,April,Sunday,13:37,2,3,2,0,Angle,V1: Turning left / V2: Travelling straight ahead / V3: Slowing or stopped in traffic,V1: E  / V2: N  / V3: W,Dry,Daylight,Clear,0,0,59,32,TRUE,41.92508738,-71.35628348
1560,4/13/2003,April,Sunday,14:46,2,2,2,0,Rear-end,V1: Changing lanes / V2: Turning right,V1: W  / V2: W,Dry,Daylight,Clear,0,0,59,32,TRUE,41.94799946,-71.27838308
1561,4/14/2003,April,Monday,7:42,1,2,0,0,Rear-end,V1: Slowing or stopped in traffic / V2: Slowing or stopped in traffic,V1: S  / V2: S,Dry,Daylight,Clear,0,0,60,27,TRUE,34.24438675,-73.6513909
1562,4/14/2003,April,Monday,9:45,1,2,0,0,"Sideswipe, same direction",V1: Travelling straight ahead / V2: Travelling straight ahead,V1: W  / V2: W,Dry,Daylight,Clear,0,0,60,27,TRUE,41.94509099,-71.28021408
1563,4/14/2003,April,Monday,10:04,1,2,0,0,"Sideswipe, same direction",V1: Turning right / V2: Slowing or stopped in traffic,V1: S  / V2: S,Dry,Daylight,Clear,0,0,60,27,TRUE,41.95076301,-71.27397064
1564,4/14/2003,April,Monday,16:38,2,2,2,0,Angle,V1: Turning left / V2: Travelling straight ahead,V1: S  / V2: W,Dry,Daylight,Clear,0,0,60,27,TRUE,41.90365077,-71.37739508
1565,4/14/2003,April,Monday,19:57,1,2,0,0,"Sideswipe, opposite direction",V1: Travelling straight ahead / V2: Travelling straight ahead,V1: E  / V2: N,Dry,Dark - lighted roadway,Clear,0,0,60,27,TRUE,34.24438675,-73.6513909
1566,4/14/2003,April,Monday,20:26,2,3,1,0,Angle,V1: Turning right / V2: Travelling straight ahead / V3: Slowing or stopped in traffic,V1: N  / V2: N  / V3: N,Dry,Dark - lighted roadway,Clear,0,0,60,27,TRUE,41.91325585,-71.3590575
1567,4/16/2003,April,Wednesday,0:31,1,1,0,0,0,V1: Backing,V1: S,Dry,Dark - lighted roadway,Clear,0,0,89,39,FALSE,34.24438675,-73.6513909
1568,4/16/2003,April,Wednesday,11:14,2,3,2,0,Angle,V1: Travelling straight ahead / V2: Turning left / V3: Slowing or stopped in traffic,V1: S  / V2: E  / V3: N,Dry,Daylight,Clear,0,0,89,39,FALSE,41.90086769,-71.36799095
1569,4/16/2003,April,Wednesday,16:11,2,1,1,0,Single vehicle crash,V1: Travelling straight ahead,V1: S,Dry,Daylight,Cloudy,0,0,89,39,FALSE,34.24438675,-73.6513909
1570,4/16/2003,April,Wednesday,18:50,0,1,0,0,Single vehicle crash,V1: Turning right,V1: N,Dry,Daylight,Clear,0,0,89,39,FALSE,41.91816133,-71.25763887
1571,4/17/2003,April,Thursday,14:53,2,2,2,0,Rear-end,V1: Travelling straight ahead / V2: Slowing or stopped in traffic,V1: N  / V2: N,Dry,Daylight,Clear,0,0,40,27,TRUE,41.93624398,-71.26400311
1572,4/17/2003,April,Thursday,17:30,1,2,0,0,Angle,V1: Turning right / V2: Travelling straight ahead,V1: E  / V2: E,Dry,Daylight,Clear,0,0,40,27,TRUE,34.24438675,-73.6513909
1573,4/17/2003,April,Thursday,17:30,1,2,0,0,Rear-end,V1: Slowing or stopped in traffic / V2: Slowing or stopped in traffic,V1: S  / V2: S,Dry,Daylight,Clear,0,0,40,27,TRUE,41.92644259,-71.35554103
1574,4/17/2003,April,Thursday,18:35,1,2,0,0,Rear-end,V1: Travelling straight ahead / V2: Slowing or stopped in traffic,V1: N  / V2: S,Dry,Daylight,Clear,0,0,40,27,TRUE,41.90969822,-71.32109745
1575,4/18/2003,April,Friday,12:07,1,2,0,0,Rear-end,V1: Slowing or stopped in traffic / V2: Slowing or stopped in traffic,V1: S  / V2: S,Dry,Daylight,Clear,0,0,51,27,TRUE,41.94938896,-71.34579414
1576,4/18/2003,April,Friday,14:50,2,2,2,0,Rear-end,V1: Travelling straight ahead / V2: Slowing or stopped in traffic,V1: 0 / V2: 0,Dry,Daylight,Clear,0,0,51,27,TRUE,41.91035947,-71.36314658
1577,4/18/2003,April,Friday,18:07,1,2,0,0,0,V1: Entering traffic lane / V2: Travelling straight ahead,V1: W  / V2: N,Dry,Daylight,Clear,0,0,51,27,TRUE,41.91340256,-71.36160362
1578,4/19/2003,April,Saturday,0:23,1,3,0,0,Angle,V1: Travelling straight ahead / V2: Changing lanes / V3: Travelling straight ahead,V1: S  / V2: S  / V3: S,Dry,Dark - roadway not lighted,Clear,0,0,56,33,FALSE,34.24438675,-73.6513909
1579,4/19/2003,April,Saturday,9:57,1,1,0,0,Head-on,V1: Travelling straight ahead,V1: W,Dry,Daylight,Clear,0,0,56,33,FALSE,41.93438347,-71.26169886
1580,4/20/2003,April,Sunday,11:23,1,2,0,0,Angle,V1: 0 / V2: 0,V1: S  / V2: N,Dry,Dark - lighted roadway,Cloudy,0,0,62,35,FALSE,34.24438675,-73.6513909
1581,4/20/2003,April,Sunday,12:38,2,2,1,0,Rear-end,V1: Entering traffic lane / V2: Slowing or stopped in traffic,V1: E  / V2: E,Dry,Daylight,Clear,0,0,62,35,FALSE,41.93397764,-71.31903245
1582,4/21/2003,April,Monday,5:10,1,2,0,0,Angle,V1: Travelling straight ahead / V2: Travelling straight ahead,V1: E  / V2: N,Dry,Daylight,Clear,0.03,0,68,34,FALSE,41.94121777,-71.2768631
1583,4/21/2003,April,Monday,9:25,2,2,1,0,Angle,V1: Travelling straight ahead / V2: Travelling straight ahead,V1: S  / V2: W,Dry,Daylight,Clear,0.03,0,68,34,FALSE,41.94396167,-71.27662963
1584,4/22/2003,April,Tuesday,6:05,0,2,0,0,Angle,V1: Travelling straight ahead / V2: Travelling straight ahead,V1: E  / V2: S,Wet,Daylight,Cloudy/Rain,1.09,0,50,43,FALSE,41.94757814,-71.27890389
1585,4/22/2003,April,Tuesday,7:44,2,2,1,0,Rear-end,V1: Travelling straight ahead / V2: Travelling straight ahead,V1: W  / V2: W,Wet,Daylight,Cloudy/Rain,1.09,0,50,43,FALSE,41.92014284,-71.35719783
1586,4/22/2003,April,Tuesday,14:12,1,2,0,0,Angle,V1: Travelling straight ahead / V2: Travelling straight ahead,V1: W  / V2: N,Dry,Daylight,Cloudy,1.09,0,50,43,FALSE,41.94201587,-71.2912461
1587,4/22/2003,April,Tuesday,14:27,1,2,0,0,Angle,V1: Travelling straight ahead / V2: Making U-turn,V1: S  / V2: 0,Wet,Daylight,Cloudy/Rain,1.09,0,50,43,FALSE,34.24438675,-73.6513909
1588,4/22/2003,April,Tuesday,15:29,2,2,1,0,Rear-end,V1: Other / V2: Slowing or stopped in traffic,V1: S  / V2: S,Wet,Daylight,Cloudy/Rain,1.09,0,50,43,FALSE,34.24438675,-73.6513909
1589,4/22/2003,April,Tuesday,17:30,1,2,0,0,Rear-end,V1: Travelling straight ahead / V2: Slowing or stopped in traffic,V1: E  / V2: E,Wet,Daylight,Cloudy/Rain,1.09,0,50,43,FALSE,41.92610344,-71.3464186
1590,4/24/2003,April,Thursday,1:27,2,1,1,0,Single vehicle crash,V1: 0,V1: E,Dry,Dark - lighted roadway,Cloudy,0,0,52,31,TRUE,41.89870026,-71.34652765
1591,4/24/2003,April,Thursday,15:40,1,2,0,0,Rear-end,V1: Slowing or stopped in traffic / V2: Slowing or stopped in traffic,V1: S  / V2: S,Dry,Daylight,Clear,0,0,52,31,TRUE,34.24438675,-73.6513909
1592,4/25/2003,April,Friday,6:15,1,2,0,0,Rear-end,V1: Travelling straight ahead / V2: Slowing or stopped in traffic,V1: S  / V2: S,Dry,Daylight,Clear,0,0,63,28,TRUE,41.90133283,-71.35571978
1593,4/25/2003,April,Friday,8:10,2,2,1,0,Angle,V1: Slowing or stopped in traffic / V2: Travelling straight ahead,V1: S  / V2: N,Dry,Daylight,Clear,0,0,63,28,TRUE,34.24438675,-73.6513909
1594,4/25/2003,April,Friday,9:38,2,2,2,0,Head-on,V1: Travelling straight ahead / V2: Travelling straight ahead,V1: E  / V2: N,Dry,Daylight,Clear,0,0,63,28,TRUE,34.24438675,-73.6513909
1595,4/25/2003,April,Friday,12:13,2,2,1,0,Single vehicle crash,V1: Entering traffic lane / V2: Travelling straight ahead,V1: N  / V2: E,Dry,Daylight,Clear,0,0,63,28,TRUE,41.95023136,-71.2750899
1596,4/25/2003,April,Friday,13:52,1,2,0,0,Rear-end,V1: Slowing or stopped in traffic / V2: Slowing or stopped in traffic,V1: S  / V2: S,Dry,Daylight,Clear,0,0,63,28,TRUE,41.92692586,-71.3551928
1597,4/25/2003,April,Friday,16:15,1,2,0,0,Rear-end,V1: Travelling straight ahead / V2: Slowing or stopped in traffic,V1: S  / V2: S,Dry,Daylight,Clear,0,0,63,28,TRUE,34.24438675,-73.6513909
1598,4/25/2003,April,Friday,17:17,0,2,0,0,Rear-end,V1: Slowing or stopped in traffic / V2: Slowing or stopped in traffic,V1: S  / V2: S,Dry,Daylight,Clear,0,0,63,28,TRUE,41.90261606,-71.35590689
1599,4/25/2003,April,Friday,17:57,2,2,1,0,Angle,V1: Turning left / V2: Travelling straight ahead,V1: W  / V2: S,Dry,Daylight,Clear,0,0,63,28,TRUE,41.9120082,-71.2587778
1600,4/26/2003,April,Saturday,14:25,1,2,0,0,Angle,V1: Turning left / V2: Travelling straight ahead,V1: W  / V2: N,Wet,Daylight,Cloudy/Rain,1.05,0,52,45,FALSE,41.89618753,-71.37039513
1601,4/26/2003,April,Saturday,17:15,2,2,1,0,Rear-end,V1: Slowing or stopped in traffic / V2: Slowing or stopped in traffic,V1: S  / V2: S,Wet,Daylight,Rain,1.05,0,52,45,FALSE,41.90500517,-71.33616438
1602,4/27/2003,April,Sunday,5:39,1,1,0,0,Single vehicle crash,V1: Travelling straight ahead,V1: S,Wet,Dawn,Cloudy,0,0,69,42,FALSE,41.95427957,-71.24573825
1603,4/28/2003,April,Monday,13:36,2,1,1,0,Single vehicle crash,V1: Overtaking/passing,V1: 0,Dry,Daylight,Clear,0,0,77,38,FALSE,41.91405591,-71.36127365
1604,4/28/2003,April,Monday,16:50,1,2,0,0,Angle,V1: Turning left / V2: Travelling straight ahead,V1: N  / V2: S,Dry,Daylight,Clear,0,0,77,38,FALSE,41.93608923,-71.296466
1605,4/29/2003,April,Tuesday,0:51,1,1,0,0,Single vehicle crash,V1: Travelling straight ahead,V1: S,Dry,Dark - lighted roadway,Clear,0,0,83,49,FALSE,41.95437986,-71.25499915
1606,4/30/2003,April,Wednesday,1:57,1,2,0,0,Angle,V1: Travelling straight ahead / V2: Turning right,V1: W  / V2: W,Dry,Daylight,Clear,0,0,68,45,FALSE,41.93150481,-71.33366365
1607,4/30/2003,April,Wednesday,3:15,1,2,0,0,Rear-end,V1: Travelling straight ahead / V2: Travelling straight ahead,V1: W  / V2: W,Dry,Daylight,Clear,0,0,68,45,FALSE,34.24438675,-73.6513909
1608,4/30/2003,April,Wednesday,7:26,1,2,0,0,Angle,V1: Entering traffic lane / V2: Travelling straight ahead,V1: N  / V2: E,Dry,Daylight,Clear,0,0,68,45,FALSE,34.24438675,-73.6513909
1609,5/1/2003,May,Thursday,12:41,1,2,0,0,Angle,V1: Entering traffic lane / V2: Entering traffic lane,V1: W  / V2: S,Wet,Daylight,Rain,0.12,0,61,44,FALSE,41.94807744,-71.28859126
1610,5/1/2003,May,Thursday,12:50,2,2,1,0,Rear-end,V1: Slowing or stopped in traffic / V2: Slowing or stopped in traffic,V1: S  / V2: S,Wet,Daylight,Rain,0.12,0,61,44,FALSE,41.9483337,-71.27794679
1611,5/2/2003,May,Friday,11:55,1,2,0,0,"Sideswipe, same direction",V1: Turning right / V2: Turning right,V1: 0 / V2: 0,Dry,Daylight,Clear,0.02,0,73,46,FALSE,41.94450501,-71.28411703
1612,5/2/2003,May,Friday,13:07,1,1,0,0,Angle,V1: Parked,V1: 0,Dry,Daylight,Cloudy,0.02,0,73,46,FALSE,41.89858966,-71.35502581
1613,5/2/2003,May,Friday,17:20,2,2,1,0,Rear-end,V1: Slowing or stopped in traffic / V2: Slowing or stopped in traffic,V1: W  / V2: W,Dry,Daylight,Clear,0.02,0,73,46,FALSE,41.95405308,-71.25671561
1614,5/2/2003,May,Friday,18:50,2,2,1,0,Rear-end,V1: Slowing or stopped in traffic / V2: Slowing or stopped in traffic,V1: W  / V2: W,Dry,Daylight,Clear,0.02,0,73,46,FALSE,41.95479597,-71.28827427
1615,5/3/2003,May,Saturday,2:45,1,2,0,0,Rear-end,V1: Travelling straight ahead / V2: Slowing or stopped in traffic,V1: N  / V2: N,Dry,Daylight,Clear,0,0,65,42,FALSE,41.91982212,-71.35857678
1616,5/3/2003,May,Saturday,17:40,0,1,0,0,0,V1: Travelling straight ahead,V1: S,Dry,Daylight,Clear,0,0,65,42,FALSE,34.24438675,-73.6513909
1617,5/4/2003,May,Sunday,8:47,1,2,0,0,Angle,V1: Travelling straight ahead / V2: Entering traffic lane,V1: N  / V2: E,Snow,Daylight,Clear,0,0,68,34,FALSE,41.94625923,-71.28694634
1618,5/4/2003,May,Sunday,12:35,2,2,1,0,Angle,V1: Travelling straight ahead / V2: Parked,V1: N  / V2: W,Dry,Daylight,Clear,0,0,68,34,FALSE,34.24438675,-73.6513909
1619,5/4/2003,May,Sunday,14:25,1,1,0,0,Angle,V1: Travelling straight ahead,V1: N,Dry,Daylight,Clear,0,0,68,34,FALSE,41.93975655,-71.28160392
1620,5/5/2003,May,Monday,1:15,1,1,0,0,Single vehicle crash,V1: Travelling straight ahead,V1: N,Dry,Dusk,Clear,0,0,68,50,FALSE,34.24438675,-73.6513909
1621,5/5/2003,May,Monday,8:03,2,2,2,0,Rear-end,V1: Changing lanes / V2: Travelling straight ahead,V1: N  / V2: N,Dry,Daylight,Clear,0,0,68,50,FALSE,34.24438675,-73.6513909
1622,5/5/2003,May,Monday,8:44,1,2,0,0,Angle,V1: Travelling straight ahead / V2: Travelling straight ahead,V1: N  / V2: E,Dry,Daylight,Clear,0,0,68,50,FALSE,41.94121777,-71.2768631
1623,5/5/2003,May,Monday,12:15,2,2,1,0,Angle,V1: Turning right / V2: Travelling straight ahead,V1: E  / V2: S,Dry,Daylight,Clear,0,0,68,50,FALSE,41.93306281,-71.28502226
1624,5/6/2003,May,Tuesday,8:37,0,2,0,0,Angle,V1: Entering traffic lane / V2: Travelling straight ahead,V1: S  / V2: S,Dry,Daylight,Cloudy,0.06,0,56,45,FALSE,41.91752432,-71.35957217
1625,5/6/2003,May,Tuesday,16:40,1,2,0,0,Angle,V1: Travelling straight ahead / V2: Travelling straight ahead,V1: E  / V2: W,Wet,Daylight,Rain,0.06,0,56,45,FALSE,41.92387717,-71.35158914
1626,5/6/2003,May,Tuesday,17:00,2,1,1,0,0,V1: Travelling straight ahead,V1: E,0,Daylight,Rain,0.06,0,56,45,FALSE,41.94191488,-71.28774208
1627,5/6/2003,May,Tuesday,17:10,0,2,0,0,Rear-end,V1: Other / V2: Other,V1: S  / V2: S,Wet,Daylight,Rain,0.06,0,56,45,FALSE,41.90231125,-71.35597671
1628,5/7/2003,May,Wednesday,7:22,1,2,0,0,Rear-end,V1: Backing / V2: Slowing or stopped in traffic,V1: 0 / V2: 0,Dry,Daylight,Clear,0,0,79,54,FALSE,41.92913729,-71.35380452
1629,5/7/2003,May,Wednesday,16:05,0,2,0,0,Rear-end,V1: Travelling straight ahead / V2: Travelling straight ahead,V1: S  / V2: S,Dry,Daylight,Clear,0,0,79,54,FALSE,34.24438675,-73.6513909
1630,5/7/2003,May,Wednesday,16:48,1,2,0,0,Rear-end,V1: Slowing or stopped in traffic / V2: Slowing or stopped in traffic,V1: S  / V2: S,Dry,Daylight,Cloudy,0,0,79,54,FALSE,41.95234013,-71.29601132
1631,5/9/2003,May,Friday,7:15,0,2,0,0,0,V1: Slowing or stopped in traffic / V2: Slowing or stopped in traffic,V1: W  / V2: 0,Dry,Daylight,Clear,0.06,0,70,44,FALSE,41.93623387,-71.28481203
1632,5/9/2003,May,Friday,9:30,1,2,0,0,Angle,V1: Travelling straight ahead / V2: Slowing or stopped in traffic,V1: W  / V2: S,Dry,Daylight,Clear,0.06,0,70,44,FALSE,41.94757814,-71.27890389
1633,5/9/2003,May,Friday,12:10,1,2,0,0,"Sideswipe, opposite direction",V1: Travelling straight ahead / V2: Parked,V1: N  / V2: S,Dry,Daylight,Clear,0.06,0,70,44,FALSE,41.91246938,-71.35893828