ID,DATE,Month,Day of week,Crash Time,Crash Severity,Number of Vehicles,Total Nonfatal Injuries,Total Fatal Injuries,Manner of Collision,Vehicle Action Prior to Crash,Vehicle Travel Directions,Road Surface Condition,Ambient Light,Weather Condition,PRCP,SNOW,TMAX,TMIN,Ice,Longtitute,Latitute
1634,5/9/2003,May,Friday,13:00,1,2,0,0,Angle,V1: Travelling straight ahead / V2: Turning left,V1: N  / V2: S,Dry,Daylight,Clear,0.06,0,70,44,FALSE,41.94430701,-71.30913523
1635,5/9/2003,May,Friday,16:10,2,2,1,0,Rear-end,V1: Travelling straight ahead / V2: Travelling straight ahead,V1: S  / V2: S,Dry,Daylight,Clear,0.06,0,70,44,FALSE,41.96892557,-71.29149051
1636,5/10/2003,May,Saturday,11:38,1,2,0,0,Head-on,V1: Turning left / V2: Turning left,V1: 0 / V2: 0,Dry,Daylight,Clear,0,0,75,39,FALSE,41.91653724,-71.36001753
1637,5/10/2003,May,Saturday,12:06,1,2,0,0,Rear-end,V1: Travelling straight ahead / V2: Slowing or stopped in traffic,V1: N  / V2: 0,Other,Daylight,Clear,0,0,75,39,FALSE,41.93848118,-71.26637841
1638,5/12/2003,May,Monday,7:18,1,2,0,0,Angle,V1: Turning left / V2: Turning left,V1: W  / V2: S,Dry,Daylight,Cloudy,0.17,0,62,44,FALSE,41.95484304,-71.28856385
1639,5/12/2003,May,Monday,16:02,2,1,1,0,Single vehicle crash,V1: Travelling straight ahead,V1: W,Dry,Daylight,Cloudy,0.17,0,62,44,FALSE,41.93152507,-71.33361566
1640,5/12/2003,May,Monday,18:05,1,2,0,0,Rear-end,V1: Turning right / V2: Turning right,V1: E  / V2: E,Dry,Daylight,Cloudy,0.17,0,62,44,FALSE,41.89903243,-71.355186
1641,5/13/2003,May,Tuesday,8:38,0,1,0,0,Single vehicle crash,V1: Making U-turn,V1: 0,Dry,Daylight,Clear,0.01,0,64,48,FALSE,41.94955224,-71.29365998
1642,5/13/2003,May,Tuesday,13:52,1,1,0,0,Head-on,V1: Travelling straight ahead,V1: 0,Dry,Daylight,Clear,0.01,0,64,48,FALSE,41.92908359,-71.3031829
1643,5/13/2003,May,Tuesday,16:37,1,2,0,0,Angle,V1: Travelling straight ahead / V2: Turning left,V1: W  / V2: W,Wet,Daylight,Rain,0.01,0,64,48,FALSE,41.95320831,-71.27772617
1644,5/14/2003,May,Wednesday,8:47,1,2,0,0,Angle,V1: Entering traffic lane / V2: Travelling straight ahead,V1: E  / V2: N,Dry,Daylight,Clear,0.14,0,65,47,FALSE,41.94625923,-71.28694634
1645,5/14/2003,May,Wednesday,12:00,1,1,0,0,Single vehicle crash,V1: Parked,V1: S,Dry,Daylight,Clear,0.14,0,65,47,FALSE,41.93624398,-71.26400311
1646,5/14/2003,May,Wednesday,15:10,1,3,0,0,Rear-end,V1: Slowing or stopped in traffic / V2: Slowing or stopped in traffic / V3: Travelling straight ahead,V1: W  / V2: W  / V3: W,Wet,Daylight,Cloudy,0.14,0,65,47,FALSE,41.94007226,-71.29032337
1647,5/14/2003,May,Wednesday,20:54,1,2,0,0,Angle,V1: 0 / V2: Travelling straight ahead,V1: W  / V2: N,Wet,Dark - lighted roadway,Cloudy,0.14,0,65,47,FALSE,41.89733197,-71.36979234
1648,5/15/2003,May,Thursday,16:33,1,1,0,0,Single vehicle crash,V1: Travelling straight ahead,V1: E,Dry,Daylight,Clear,0,0,68,42,FALSE,34.24438675,-73.6513909
1649,5/15/2003,May,Thursday,16:52,1,2,0,0,Angle,V1: Travelling straight ahead / V2: Slowing or stopped in traffic,V1: N  / V2: W,Dry,Daylight,Cloudy,0,0,68,42,FALSE,41.95484304,-71.28856385
1650,5/15/2003,May,Thursday,18:32,1,2,0,0,Rear-end,V1: Slowing or stopped in traffic / V2: Slowing or stopped in traffic,V1: W  / V2: W,Dry,Daylight,Cloudy,0,0,68,42,FALSE,34.24438675,-73.6513909
1651,5/16/2003,May,Friday,18:43,2,2,2,0,Rear-end,V1: Slowing or stopped in traffic / V2: Travelling straight ahead,V1: W  / V2: W,Dry,Daylight,Cloudy,0,0,50,43,FALSE,41.93394395,-71.3084668
1652,5/17/2003,May,Saturday,3:10,1,1,0,0,Single vehicle crash,V1: Travelling straight ahead,V1: N,Dry,Dark - roadway not lighted,Clear,0,0,58,35,FALSE,41.93409173,-71.31894301
1653,5/17/2003,May,Saturday,9:03,1,2,0,0,Rear-end,V1: Slowing or stopped in traffic / V2: Travelling straight ahead,V1: E  / V2: E,Dry,Daylight,Cloudy,0,0,58,35,FALSE,41.94896349,-71.27713653
1654,5/17/2003,May,Saturday,19:11,1,3,0,0,Rear-end,V1: Travelling straight ahead / V2: Slowing or stopped in traffic / V3: Travelling straight ahead,V1: S  / V2: S  / V3: S,Dry,Daylight,Clear,0,0,58,35,FALSE,41.93623387,-71.28481203
1655,5/18/2003,May,Sunday,15:38,0,2,0,0,Rear-end,V1: Travelling straight ahead / V2: Slowing or stopped in traffic,V1: W  / V2: W,Dry,Daylight,Clear,0,0,72,30,TRUE,34.24438675,-73.6513909
1656,5/19/2003,May,Monday,7:16,1,2,0,0,Rear-end,V1: Slowing or stopped in traffic / V2: Slowing or stopped in traffic,V1: S  / V2: S,Dry,Daylight,Clear,0,0,84,38,FALSE,34.24438675,-73.6513909
1657,5/19/2003,May,Monday,9:20,2,2,2,0,Rear-end,V1: Travelling straight ahead / V2: Slowing or stopped in traffic,V1: S  / V2: S,Dry,Daylight,Clear,0,0,84,38,FALSE,34.24438675,-73.6513909
1658,5/19/2003,May,Monday,20:45,1,2,0,0,Angle,V1: Travelling straight ahead / V2: Turning left,V1: N  / V2: N,Dry,Dark - lighted roadway,Clear,0,0,84,38,FALSE,41.92508738,-71.35628348
1659,5/20/2003,May,Tuesday,12:00,2,2,2,0,Angle,V1: Turning left / V2: Travelling straight ahead,V1: N  / V2: S,Dry,Daylight,Clear,0,0,84,43,FALSE,41.91198911,-71.36231857
1660,5/21/2003,May,Wednesday,2:55,2,2,2,0,Angle,V1: Entering traffic lane / V2: Travelling straight ahead,V1: E  / V2: S,Wet,Daylight,Rain,0.24,0,74,48,FALSE,41.91032625,-71.36316351
1661,5/21/2003,May,Wednesday,14:35,2,2,2,0,Head-on,V1: Travelling straight ahead / V2: Turning left,V1: W  / V2: E,Wet,Daylight,Rain,0.24,0,74,48,FALSE,41.94808966,-71.28065954
1662,5/21/2003,May,Wednesday,14:50,1,2,0,0,Angle,V1: Turning left / V2: Slowing or stopped in traffic,V1: W  / V2: 0,Wet,Daylight,Rain,0.24,0,74,48,FALSE,41.93874704,-71.29215576
1663,5/21/2003,May,Wednesday,15:25,1,2,0,0,Rear-end,V1: Slowing or stopped in traffic / V2: Slowing or stopped in traffic,V1: W  / V2: W,Wet,Daylight,Cloudy/Rain,0.24,0,74,48,FALSE,41.94430004,-71.28137659
1664,5/21/2003,May,Wednesday,17:17,0,2,0,0,Rear-end,V1: Travelling straight ahead / V2: Slowing or stopped in traffic,V1: N  / V2: N,Wet,Daylight,Rain,0.24,0,74,48,FALSE,41.93492201,-71.26207016
1665,5/22/2003,May,Thursday,15:45,1,2,0,0,Angle,V1: Turning left / V2: Turning left,V1: E  / V2: N,Wet,Daylight,Cloudy,0.2,0,59,47,FALSE,34.24438675,-73.6513909
1666,5/22/2003,May,Thursday,16:20,0,3,0,0,Rear-end,V1: Travelling straight ahead / V2: Slowing or stopped in traffic / V3: Slowing or stopped in traffic,V1: S  / V2: S  / V3: 0,Wet,Daylight,Rain,0.2,0,59,47,FALSE,41.91315602,-71.25837966
1667,5/22/2003,May,Thursday,16:27,0,2,0,0,Rear-end,V1: Travelling straight ahead / V2: Travelling straight ahead,V1: S  / V2: 0,Dry,Daylight,Clear,0.2,0,59,47,FALSE,41.97001836,-71.2913735
1668,5/23/2003,May,Friday,7:34,1,3,0,0,Rear-end,V1: Slowing or stopped in traffic / V2: Slowing or stopped in traffic / V3: Travelling straight ahead,V1: N  / V2: N  / V3: N,Wet,Daylight,Cloudy/Rain,0.15,0,52,46,FALSE,34.24438675,-73.6513909
1669,5/23/2003,May,Friday,15:12,1,2,0,0,Angle,V1: Turning left / V2: Travelling straight ahead,V1: E  / V2: W,Wet,Daylight,Cloudy,0.15,0,52,46,FALSE,34.24438675,-73.6513909
1670,5/23/2003,May,Friday,17:45,1,2,0,0,Rear-end,V1: Slowing or stopped in traffic / V2: Travelling straight ahead,V1: E  / V2: E,Dry,Daylight,Cloudy,0.15,0,52,46,FALSE,41.91044592,-71.28309302
1671,5/23/2003,May,Friday,19:55,1,2,0,0,Rear-end,V1: Travelling straight ahead / V2: Slowing or stopped in traffic,V1: N  / V2: N,Wet,Dusk,Rain,0.15,0,52,46,FALSE,41.90125327,-71.36779456
1672,5/23/2003,May,Friday,22:20,1,1,0,0,Single vehicle crash,V1: Travelling straight ahead,V1: S,Wet,Dark - lighted roadway,Cloudy,0.15,0,52,46,FALSE,41.91902322,-71.35778764
1673,5/23/2003,May,Friday,22:35,2,2,1,0,Rear-end,V1: Travelling straight ahead / V2: Slowing or stopped in traffic,V1: W  / V2: W,Wet,Dark - lighted roadway,Cloudy/Rain,0.15,0,52,46,FALSE,41.93874704,-71.29215576
1674,5/24/2003,May,Saturday,16:40,2,2,1,0,Angle,V1: Turning left / V2: Travelling straight ahead,V1: 0 / V2: 0,Wet,Daylight,Rain,0.31,0,50,46,FALSE,41.95484304,-71.28856385
1675,5/24/2003,May,Saturday,17:33,1,2,0,0,Angle,V1: Entering traffic lane / V2: Travelling straight ahead,V1: E  / V2: S,Wet,Daylight,Rain,0.31,0,50,46,FALSE,41.93624398,-71.26400311
1676,5/25/2003,May,Sunday,10:50,1,2,0,0,Rear-end,V1: 0 / V2: 0,V1: W  / V2: W,Dry,Daylight,Cloudy,0.04,0,56,46,FALSE,34.24438675,-73.6513909
1677,5/25/2003,May,Sunday,21:15,2,3,1,0,Head-on,V1: Travelling straight ahead / V2: Travelling straight ahead / V3: Parked,V1: N  / V2: N  / V3: 0,Dry,Dark - lighted roadway,Cloudy,0.04,0,56,46,FALSE,41.91158043,-71.37245332
1678,5/26/2003,May,Monday,2:05,1,2,0,0,Rear-end,V1: Travelling straight ahead / V2: Slowing or stopped in traffic,V1: S  / V2: S,Wet,Daylight,Rain,1.63,0,53,45,FALSE,41.91035947,-71.36314658
1679,5/28/2003,May,Wednesday,11:39,1,2,0,0,Rear-end,V1: Travelling straight ahead / V2: Slowing or stopped in traffic,V1: S  / V2: S,Dry,Daylight,Cloudy,0,0,68,49,FALSE,41.93976913,-71.29072872
1680,5/29/2003,May,Thursday,6:00,1,2,0,0,Rear-end,V1: Turning right / V2: Turning right,V1: S  / V2: S,Dry,Daylight,Clear,0.01,0,77,51,FALSE,34.24438675,-73.6513909
1681,5/29/2003,May,Thursday,6:50,2,2,1,0,"Sideswipe, same direction",V1: 0 / V2: Travelling straight ahead,V1: 0 / V2: N,Dry,Daylight,Clear,0.01,0,77,51,FALSE,34.24438675,-73.6513909
1682,5/29/2003,May,Thursday,7:20,1,2,0,0,Angle,V1: Travelling straight ahead / V2: Travelling straight ahead,V1: S  / V2: 0,Dry,Daylight,Clear,0.01,0,77,51,FALSE,41.94470433,-71.2812252
1683,5/29/2003,May,Thursday,7:50,1,2,0,0,"Sideswipe, same direction",V1: Overtaking/passing / V2: Slowing or stopped in traffic,V1: W  / V2: W,Dry,Daylight,Cloudy,0.01,0,77,51,FALSE,34.24438675,-73.6513909
1684,5/29/2003,May,Thursday,8:15,1,2,0,0,Angle,V1: Travelling straight ahead / V2: Turning left,V1: N  / V2: 0,Dry,Daylight,Clear,0.01,0,77,51,FALSE,41.94817826,-71.27814969
1685,5/29/2003,May,Thursday,12:15,1,2,0,0,0,V1: Turning left / V2: Travelling straight ahead,V1: W  / V2: N,Dry,Daylight,Cloudy,0.01,0,77,51,FALSE,41.89733197,-71.36979234
1686,5/29/2003,May,Thursday,18:10,1,2,0,0,Angle,V1: Turning left / V2: Travelling straight ahead,V1: E  / V2: W,Dry,Daylight,Clear,0.01,0,77,51,FALSE,34.24438675,-73.6513909
1687,5/29/2003,May,Thursday,23:57,2,3,2,0,Angle,V1: Travelling straight ahead / V2: Travelling straight ahead / V3: Travelling straight ahead,V1: N  / V2: W  / V3: E,Dry,Dark - lighted roadway,Cloudy,0.01,0,77,51,FALSE,41.95428602,-71.28497548
1688,5/30/2003,May,Friday,3:52,2,1,1,0,Single vehicle crash,V1: Travelling straight ahead,V1: 0,Dry,Dark - roadway not lighted,Clear,0,0,78,52,FALSE,41.89687217,-71.37791835
1689,5/30/2003,May,Friday,6:55,1,2,0,0,Rear-end,V1: Turning right / V2: Travelling straight ahead,V1: N  / V2: N,Dry,Daylight,Clear,0,0,78,52,FALSE,41.92458141,-71.28884426
1690,5/30/2003,May,Friday,14:35,0,2,0,0,Angle,V1: Slowing or stopped in traffic / V2: Backing,V1: 0 / V2: 0,Dry,Daylight,Clear,0,0,78,52,FALSE,41.95366863,-71.26596184
1691,5/30/2003,May,Friday,21:30,1,2,0,0,Rear-end,V1: Travelling straight ahead / V2: Turning left,V1: N  / V2: N,0,Dark - lighted roadway,Clear,0,0,78,52,FALSE,41.91619723,-71.35885587
1692,5/31/2003,May,Saturday,6:00,0,2,0,0,0,V1: Parked / V2: Travelling straight ahead,V1: 0 / V2: N,Dry,Daylight,Clear,0.33,0,75,51,FALSE,34.24438675,-73.6513909
1693,5/31/2003,May,Saturday,11:58,1,2,0,0,Rear-end,V1: Changing lanes / V2: Slowing or stopped in traffic,V1: N  / V2: N,Dry,Daylight,Clear,0.33,0,75,51,FALSE,41.91978027,-71.35875175
1694,5/31/2003,May,Saturday,23:30,2,1,3,0,Single vehicle crash,V1: Travelling straight ahead,V1: W,Wet,Dark - lighted roadway,Cloudy,0.33,0,75,51,FALSE,34.24438675,-73.6513909
1695,6/1/2003,June,Sunday,3:04,0,1,0,0,Single vehicle crash,V1: Travelling straight ahead,V1: 0,Dry,Dark - lighted roadway,Clear,1.27,0,60,52,FALSE,34.24438675,-73.6513909
1696,6/1/2003,June,Sunday,9:17,1,2,0,0,Rear-end,V1: Travelling straight ahead / V2: Travelling straight ahead,V1: S  / V2: S,Wet,Daylight,Rain,1.27,0,60,52,FALSE,41.90998013,-71.35802082
1697,6/1/2003,June,Sunday,12:11,2,1,2,0,Single vehicle crash,V1: Travelling straight ahead,V1: N,Wet,Dark - lighted roadway,Rain,1.27,0,60,52,FALSE,41.93587477,-71.34112993
1698,6/1/2003,June,Sunday,15:55,2,3,1,0,Rear-end,V1: Slowing or stopped in traffic / V2: Slowing or stopped in traffic / V3: Travelling straight ahead,V1: N  / V2: N  / V3: N,Wet,Daylight,Cloudy/Rain,1.27,0,60,52,FALSE,41.92508738,-71.35628348
1699,6/1/2003,June,Sunday,17:37,1,2,0,0,Angle,V1: Travelling straight ahead / V2: Travelling straight ahead,V1: E  / V2: N,Wet,Daylight,Rain,1.27,0,60,52,FALSE,41.94470433,-71.2812252
1700,6/1/2003,June,Sunday,18:35,1,2,0,0,Angle,V1: Travelling straight ahead / V2: Travelling straight ahead,V1: E  / V2: N,Wet,Daylight,Clear,1.27,0,60,52,FALSE,41.94920419,-71.29260593
1701,6/2/2003,June,Monday,0:15,1,1,0,0,Single vehicle crash,V1: Travelling straight ahead,V1: 0,Dry,Dark - lighted roadway,Clear,0,0,73,49,FALSE,34.24438675,-73.6513909
1702,6/2/2003,June,Monday,10:00,1,1,0,0,Single vehicle crash,V1: Changing lanes,V1: S,Dry,Daylight,Clear,0,0,73,49,FALSE,34.24438675,-73.6513909
1703,6/2/2003,June,Monday,10:03,2,1,1,0,Single vehicle crash,V1: Travelling straight ahead,V1: S,Dry,Daylight,Clear,0,0,73,49,FALSE,41.91580674,-71.36037699
1704,6/2/2003,June,Monday,15:18,1,2,0,0,Angle,V1: Entering traffic lane / V2: Overtaking/passing,V1: E  / V2: S,Dry,Daylight,Clear,0,0,73,49,FALSE,41.93421769,-71.2996754
1705,6/2/2003,June,Monday,18:23,1,3,0,0,Angle,V1: Turning left / V2: Travelling straight ahead / V3: Slowing or stopped in traffic,V1: S  / V2: N  / V3: W,Dry,Daylight,Clear,0,0,73,49,FALSE,41.92508738,-71.35628348
1706,6/3/2003,June,Tuesday,8:30,1,2,0,0,Angle,V1: Turning left / V2: Travelling straight ahead,V1: E  / V2: W,Wet,Daylight,Rain,0,0,74,44,FALSE,34.24438675,-73.6513909
1707,6/3/2003,June,Tuesday,16:20,1,2,0,0,Angle,V1: Turning right / V2: Travelling straight ahead,V1: N  / V2: N,Dry,Daylight,Clear,0,0,74,44,FALSE,41.95484304,-71.28856385
1708,6/3/2003,June,Tuesday,18:57,1,2,0,0,Angle,V1: Turning left / V2: Travelling straight ahead,V1: N  / V2: N,Dry,Dusk,Clear,0,0,74,44,FALSE,41.90230457,-71.36725828
1709,6/4/2003,June,Wednesday,13:37,1,2,0,0,Angle,V1: Entering traffic lane / V2: Travelling straight ahead,V1: N  / V2: N,Wet,Daylight,Rain,0.15,0,60,53,FALSE,41.94556554,-71.28573766
1710,6/4/2003,June,Wednesday,16:10,1,2,0,0,Angle,V1: Travelling straight ahead / V2: Turning left,V1: N  / V2: 0,Dry,Daylight,Cloudy/Rain,0.15,0,60,53,FALSE,41.9483337,-71.27794679
1711,6/4/2003,June,Wednesday,19:52,1,2,0,0,Angle,V1: Turning right / V2: Slowing or stopped in traffic,V1: S  / V2: S,Dry,Dark - 0 roadway lighting,Clear,0.15,0,60,53,FALSE,41.94990799,-71.27157339
1712,6/4/2003,June,Wednesday,20:15,1,2,0,0,Angle,V1: Turning left / V2: Travelling straight ahead,V1: E  / V2: N,Dry,Dark - lighted roadway,Cloudy,0.15,0,60,53,FALSE,41.92508738,-71.35628348
1713,6/5/2003,June,Thursday,6:45,2,1,2,0,Single vehicle crash,V1: Travelling straight ahead,V1: N,Wet,Daylight,Cloudy/Rain,0.18,0,61,52,FALSE,34.24438675,-73.6513909
1714,6/5/2003,June,Thursday,13:16,2,2,1,0,Angle,V1: Turning left / V2: Travelling straight ahead,V1: E  / V2: S,Dry,Daylight,Cloudy,0.18,0,61,52,FALSE,34.24438675,-73.6513909
1715,6/6/2003,June,Friday,1:01,2,1,1,0,Single vehicle crash,V1: Travelling straight ahead,V1: N,Dry,Dark - lighted roadway,Cloudy,0,0,82,54,FALSE,41.9008145,-71.36801826
1716,6/6/2003,June,Friday,14:57,2,2,1,0,Angle,V1: Turning left / V2: Travelling straight ahead,V1: E  / V2: S,Dry,Daylight,Cloudy,0,0,82,54,FALSE,41.90998013,-71.35802082
1717,6/6/2003,June,Friday,17:39,2,1,1,0,Single vehicle crash,V1: Travelling straight ahead,V1: E,Dry,Daylight,Clear,0,0,82,54,FALSE,41.93601097,-71.28269451
1718,6/6/2003,June,Friday,18:35,2,1,1,0,Single vehicle crash,V1: Travelling straight ahead,V1: N,Dry,Daylight,Clear,0,0,82,54,FALSE,34.24438675,-73.6513909
1719,6/6/2003,June,Friday,20:07,1,2,0,0,Angle,V1: Overtaking/passing / V2: Turning left,V1: N  / V2: N,Dry,Dusk,Clear,0,0,82,54,FALSE,41.94417615,-71.27795432
1720,6/6/2003,June,Friday,22:46,1,2,0,0,Angle,V1: Travelling straight ahead / V2: Turning left,V1: W  / V2: 0,Dry,Dark - lighted roadway,Cloudy,0,0,82,54,FALSE,41.93398011,-71.31150783
1721,6/7/2003,June,Saturday,1:20,1,2,0,0,Rear-end,V1: Slowing or stopped in traffic / V2: Slowing or stopped in traffic,V1: S  / V2: S,Dry,Daylight,Clear,0.44,0,68,56,FALSE,34.24438675,-73.6513909
1722,6/7/2003,June,Saturday,10:48,1,2,0,0,Angle,V1: Turning left / V2: Travelling straight ahead,V1: 0 / V2: 0,Dry,Daylight,Cloudy,0.44,0,68,56,FALSE,41.92014284,-71.35719783
1723,6/7/2003,June,Saturday,11:33,1,2,0,0,Rear-end,V1: Travelling straight ahead / V2: Travelling straight ahead,V1: W  / V2: W,Dry,Daylight,Cloudy,0.44,0,68,56,FALSE,41.95263394,-71.2697203
1724,6/7/2003,June,Saturday,12:45,1,3,0,0,Rear-end,V1: Slowing or stopped in traffic / V2: Slowing or stopped in traffic / V3: Slowing or stopped in traffic,V1: W  / V2: W  / V3: W,Wet,Daylight,Cloudy/Rain,0.44,0,68,56,FALSE,41.92614915,-71.34628794
1725,6/7/2003,June,Saturday,13:19,1,2,0,0,Rear-end,V1: Entering traffic lane / V2: Entering traffic lane,V1: E  / V2: E,Dry,Daylight,Clear,0.44,0,68,56,FALSE,41.92969804,-71.32243362
1726,6/7/2003,June,Saturday,14:36,2,2,2,0,Angle,V1: Travelling straight ahead / V2: Travelling straight ahead,V1: N  / V2: 0,Wet,Daylight,Rain,0.44,0,68,56,FALSE,41.89733197,-71.36979234
1727,6/7/2003,June,Saturday,15:40,1,2,0,0,Rear-end,V1: 0 / V2: 0,V1: W  / V2: W,Wet,Daylight,Rain,0.44,0,68,56,FALSE,41.93409303,-71.31976539
1728,6/7/2003,June,Saturday,16:03,1,2,0,0,Rear-end,V1: Travelling straight ahead / V2: Slowing or stopped in traffic,V1: S  / V2: S,Wet,Daylight,Rain,0.44,0,68,56,FALSE,41.9008145,-71.36801826
1729,6/7/2003,June,Saturday,22:00,1,2,0,0,Angle,V1: Turning left / V2: Travelling straight ahead,V1: E  / V2: E,Wet,Dark - 0 roadway lighting,Rain,0.44,0,68,56,FALSE,41.94519466,-71.28103716
1730,6/8/2003,June,Sunday,2:36,1,2,0,0,Rear-end,V1: Travelling straight ahead / V2: Slowing or stopped in traffic,V1: N  / V2: N,Dry,Daylight,Cloudy,0,0,69,56,FALSE,34.24438675,-73.6513909
1731,6/9/2003,June,Monday,16:10,0,2,0,0,Angle,V1: Turning left / V2: Travelling straight ahead,V1: 0 / V2: 0,Dry,Daylight,Cloudy,0,0,70,56,FALSE,41.94757814,-71.27890389
1732,6/9/2003,June,Monday,21:35,1,2,0,0,Angle,V1: Travelling straight ahead / V2: Travelling straight ahead,V1: N  / V2: E,Dry,Dark - lighted roadway,Clear,0,0,70,56,FALSE,34.24438675,-73.6513909
1733,6/10/2003,June,Tuesday,2:38,1,2,0,0,Angle,V1: Travelling straight ahead / V2: Travelling straight ahead,V1: N  / V2: E,Dry,Daylight,Clear,0,0,82,55,FALSE,41.94396167,-71.27662963
1734,6/10/2003,June,Tuesday,17:30,1,2,0,0,"Sideswipe, same direction",V1: Travelling straight ahead / V2: Travelling straight ahead,V1: S  / V2: S,Dry,Daylight,Clear,0,0,82,55,FALSE,34.24438675,-73.6513909
1735,6/11/2003,June,Wednesday,7:55,2,2,1,0,Angle,V1: Turning left / V2: Travelling straight ahead,V1: N  / V2: W,Dry,Daylight,Clear,0,0,77,56,FALSE,41.95089424,-71.27364778
1736,6/11/2003,June,Wednesday,10:45,1,2,0,0,Angle,V1: Turning left / V2: Travelling straight ahead,V1: W  / V2: N,Dry,Daylight,Clear,0,0,77,56,FALSE,41.94274018,-71.28432859
1737,6/11/2003,June,Wednesday,12:14,1,2,0,0,Rear-end,V1: Travelling straight ahead / V2: Travelling straight ahead,V1: W  / V2: W,Dry,Daylight,Clear,0,0,77,56,FALSE,41.95287787,-71.26899686
1738,6/11/2003,June,Wednesday,21:51,1,2,0,0,Rear-end,V1: Travelling straight ahead / V2: Travelling straight ahead,V1: S  / V2: S,Dry,Dark - roadway not lighted,Cloudy,0,0,77,56,FALSE,41.95433338,-71.29671015
1739,6/12/2003,June,Thursday,7:41,1,2,0,0,Rear-end,V1: Travelling straight ahead / V2: Travelling straight ahead,V1: W  / V2: W,Dry,Daylight,Clear,0.2,0,73,60,FALSE,41.95418403,-71.28425302
1740,6/13/2003,June,Friday,8:30,1,2,0,0,Angle,V1: Turning left / V2: Slowing or stopped in traffic,V1: E  / V2: W,Dry,Daylight,Clear,0.44,0,61,56,FALSE,41.93441875,-71.30730117
1741,6/13/2003,June,Friday,13:53,2,2,2,0,Angle,V1: Travelling straight ahead / V2: Turning left,V1: S  / V2: E,Wet,Daylight,Cloudy/Rain,0.44,0,61,56,FALSE,41.91982212,-71.35857678
1742,6/13/2003,June,Friday,16:31,1,2,0,0,Angle,V1: Turning right / V2: Travelling straight ahead,V1: E  / V2: E,Wet,Daylight,Cloudy/Rain,0.44,0,61,56,FALSE,41.94757814,-71.27890389
1743,6/13/2003,June,Friday,16:35,0,2,0,0,Rear-end,V1: Travelling straight ahead / V2: Slowing or stopped in traffic,V1: W  / V2: W,Wet,Daylight,Rain,0.44,0,61,56,FALSE,41.89867838,-71.34654981
1744,6/13/2003,June,Friday,17:30,0,2,0,0,Rear-end,V1: Parked / V2: 0,V1: 0 / V2: 0,Dry,Daylight,Clear,0.44,0,61,56,FALSE,41.94133847,-71.29038176
1745,6/13/2003,June,Friday,17:40,1,2,0,0,Angle,V1: Turning left / V2: Travelling straight ahead,V1: E  / V2: S,Wet,Daylight,Rain,0.44,0,61,56,FALSE,34.24438675,-73.6513909
1746,6/13/2003,June,Friday,20:00,0,2,0,0,"Sideswipe, opposite direction",V1: Other / V2: Other,V1: S  / V2: N,Wet,Dark - lighted roadway,Rain,0.44,0,61,56,FALSE,34.24438675,-73.6513909
1747,6/13/2003,June,Friday,23:58,2,3,3,0,Rear-end,V1: Travelling straight ahead / V2: Turning left / V3: Parked,V1: E  / V2: 0 / V3: 0,Wet,Dark - lighted roadway,Rain,0.44,0,61,56,FALSE,41.93405012,-71.31579284
1748,6/14/2003,June,Saturday,3:00,1,2,0,0,Angle,V1: Travelling straight ahead / V2: 0,V1: N  / V2: 0,Dry,Daylight,Clear,0.32,0,79,55,FALSE,41.89903243,-71.355186
1749,6/14/2003,June,Saturday,18:05,0,2,0,0,Angle,V1: Travelling straight ahead / V2: Travelling straight ahead,V1: W  / V2: N,Dry,Daylight,Cloudy,0.32,0,79,55,FALSE,41.92241545,-71.31336866
1750,6/15/2003,June,Sunday,13:19,2,2,1,0,Rear-end,V1: Travelling straight ahead / V2: Slowing or stopped in traffic,V1: E  / V2: E,Dry,Daylight,Clear,0,0,81,55,FALSE,41.94399936,-71.28482056
1751,6/15/2003,June,Sunday,15:30,1,2,0,0,Rear-end,V1: Slowing or stopped in traffic / V2: Slowing or stopped in traffic,V1: E  / V2: N,Dry,Daylight,Clear,0,0,81,55,FALSE,41.93397764,-71.31903245
1752,6/15/2003,June,Sunday,15:45,2,2,2,0,Rear-end,V1: Travelling straight ahead / V2: Slowing or stopped in traffic,V1: E  / V2: E,Dry,Daylight,Clear,0,0,81,55,FALSE,41.95287787,-71.26899686
1753,6/16/2003,June,Monday,7:40,2,1,1,0,Single vehicle crash,V1: Travelling straight ahead,V1: E,Dry,Daylight,Cloudy,0,0,66,46,FALSE,34.24438675,-73.6513909
1754,6/17/2003,June,Tuesday,10:52,1,2,0,0,"Sideswipe, same direction",V1: Changing lanes / V2: Travelling straight ahead,V1: N  / V2: N,Dry,Daylight,Clear,0,0,73,46,FALSE,41.90998013,-71.35802082
1755,6/17/2003,June,Tuesday,19:50,0,1,0,0,Single vehicle crash,V1: Travelling straight ahead,V1: E,Dry,Daylight,Clear,0,0,73,46,FALSE,34.24438675,-73.6513909
1756,6/18/2003,June,Wednesday,6:20,2,3,1,0,Single vehicle crash,V1: Travelling straight ahead / V2: Travelling straight ahead / V3: Changing lanes,V1: N  / V2: N  / V3: N,Dry,Daylight,Cloudy,0.38,0,66,52,FALSE,34.24438675,-73.6513909
1757,6/18/2003,June,Wednesday,14:30,0,2,0,0,Angle,V1: Turning left / V2: Travelling straight ahead,V1: S  / V2: 0,Wet,Daylight,Cloudy/Rain,0.38,0,66,52,FALSE,41.90858125,-71.35758797
1758,6/18/2003,June,Wednesday,14:44,1,2,0,0,Rear-end,V1: Travelling straight ahead / V2: 0,V1: E  / V2: 0,Dry,Daylight,Clear,0.38,0,66,52,FALSE,34.24438675,-73.6513909
1759,6/18/2003,June,Wednesday,15:55,2,2,1,0,Rear-end,V1: Travelling straight ahead / V2: Slowing or stopped in traffic,V1: W  / V2: E,Wet,Daylight,Rain,0.38,0,66,52,FALSE,41.93920171,-71.29154003
1760,6/18/2003,June,Wednesday,16:00,2,2,1,0,Angle,V1: Turning left / V2: Travelling straight ahead,V1: S  / V2: W,Wet,Daylight,Cloudy/Rain,0.38,0,66,52,FALSE,41.93358571,-71.32352844