ID,DATE,Month,Day of week,Crash Time,Crash Severity,Number of Vehicles,Total Nonfatal Injuries,Total Fatal Injuries,Manner of Collision,Vehicle Action Prior to Crash,Vehicle Travel Directions,Road Surface Condition,Ambient Light,Weather Condition,PRCP,SNOW,TMAX,TMIN,Ice,Longtitute,Latitute
1761,6/18/2003,June,Wednesday,16:49,1,2,0,0,Angle,V1: Entering traffic lane / V2: Travelling straight ahead,V1: N  / V2: 0,Wet,Daylight,Rain,0.38,0,66,52,FALSE,41.93397764,-71.31903245
1762,6/19/2003,June,Thursday,6:45,1,2,0,0,Angle,V1: Slowing or stopped in traffic / V2: Travelling straight ahead,V1: 0 / V2: 0,Dry,Daylight,Clear,0.01,0,77,61,FALSE,41.94450501,-71.28411703
1763,6/19/2003,June,Thursday,14:09,1,2,0,0,Rear-end,V1: Travelling straight ahead / V2: Travelling straight ahead,V1: S  / V2: S,Dry,Daylight,Clear,0.01,0,77,61,FALSE,41.92644259,-71.35554103
1764,6/19/2003,June,Thursday,17:05,1,2,0,0,Angle,V1: Entering traffic lane / V2: Travelling straight ahead,V1: E  / V2: E,Dry,Daylight,Clear,0.01,0,77,61,FALSE,34.24438675,-73.6513909
1765,6/20/2003,June,Friday,16:32,1,2,0,0,Angle,V1: Turning left / V2: Travelling straight ahead,V1: E  / V2: N,Dry,Daylight,Clear,0,0,74,54,FALSE,41.90964751,-71.36351027
1766,6/20/2003,June,Friday,18:40,2,2,1,0,Rear-end,V1: Travelling straight ahead / V2: Slowing or stopped in traffic,V1: W  / V2: W,Dry,Daylight,Clear,0,0,74,54,FALSE,34.24438675,-73.6513909
1767,6/20/2003,June,Friday,18:52,1,2,0,0,Angle,V1: Backing / V2: Parked,V1: E  / V2: 0,Dry,Daylight,Clear,0,0,74,54,FALSE,41.94466356,-71.28097219
1768,6/21/2003,June,Saturday,13:48,2,2,1,0,Rear-end,V1: Entering traffic lane / V2: Slowing or stopped in traffic,V1: S  / V2: S,Dry,Daylight,Cloudy,0.38,0,68,53,FALSE,34.24438675,-73.6513909
1769,6/22/2003,June,Sunday,13:09,1,2,0,0,"Sideswipe, same direction",V1: Travelling straight ahead / V2: Travelling straight ahead,V1: N  / V2: S,Wet,Daylight,Cloudy/Rain,2.39,0,58,55,FALSE,41.91207713,-71.34154776
1770,6/22/2003,June,Sunday,14:08,2,2,3,0,Angle,V1: Turning left / V2: Travelling straight ahead,V1: E  / V2: S,Wet,Daylight,Cloudy/Rain,2.39,0,58,55,FALSE,34.24438675,-73.6513909
1771,6/22/2003,June,Sunday,18:47,2,1,1,0,Single vehicle crash,V1: Travelling straight ahead,V1: N,Wet,Daylight,Rain,2.39,0,58,55,FALSE,41.95545359,-71.30436114
1772,6/22/2003,June,Sunday,23:10,1,2,0,0,Rear-end,V1: Travelling straight ahead / V2: Turning right,V1: 0 / V2: 0,Wet,Dark - lighted roadway,Rain,2.39,0,58,55,FALSE,41.91982212,-71.35857678
1773,6/23/2003,June,Monday,10:43,1,2,0,0,Rear-end,V1: Travelling straight ahead / V2: Slowing or stopped in traffic,V1: E  / V2: 0,Dry,Daylight,Cloudy,0.03,0,76,56,FALSE,41.92631735,-71.34496263
1774,6/23/2003,June,Monday,17:34,1,1,0,0,Single vehicle crash,V1: Travelling straight ahead,V1: N,Dry,Daylight,Clear,0.03,0,76,56,FALSE,34.24438675,-73.6513909
1775,6/23/2003,June,Monday,21:05,0,2,0,0,Angle,V1: Turning left / V2: Travelling straight ahead,V1: W  / V2: E,Dry,Dark - lighted roadway,Clear,0.03,0,76,56,FALSE,41.9483337,-71.27794679
1776,6/24/2003,June,Tuesday,8:00,1,2,0,0,Angle,V1: Turning left / V2: Travelling straight ahead,V1: W  / V2: S,Dry,Daylight,Clear,0,0,89,58,FALSE,34.24438675,-73.6513909
1777,6/24/2003,June,Tuesday,9:51,2,2,1,0,Angle,V1: Entering traffic lane / V2: Travelling straight ahead,V1: W  / V2: N,Dry,Daylight,Clear,0,0,89,58,FALSE,41.93946861,-71.28168616
1778,6/24/2003,June,Tuesday,16:31,1,2,0,0,Rear-end,V1: Travelling straight ahead / V2: Slowing or stopped in traffic,V1: N  / V2: N,Dry,Daylight,Clear,0,0,89,58,FALSE,41.92913729,-71.35380452
1779,6/24/2003,June,Tuesday,17:27,0,2,0,0,Angle,V1: Overtaking/passing / V2: Entering traffic lane,V1: W  / V2: S,Dry,Daylight,Clear,0,0,89,58,FALSE,34.24438675,-73.6513909
1780,6/24/2003,June,Tuesday,19:30,2,2,1,0,Angle,V1: Travelling straight ahead / V2: Travelling straight ahead,V1: N  / V2: W,Dry,Daylight,Clear,0,0,89,58,FALSE,41.93808003,-71.27597724
1781,6/24/2003,June,Tuesday,19:49,0,2,0,0,Angle,V1: Travelling straight ahead / V2: Turning left,V1: W  / V2: E,Dry,Daylight,Clear,0,0,89,58,FALSE,34.24438675,-73.6513909
1782,6/24/2003,June,Tuesday,22:20,0,1,0,0,Single vehicle crash,V1: Travelling straight ahead,V1: N,Dry,Dark - lighted roadway,Clear,0,0,89,58,FALSE,41.91337209,-71.36161888
1783,6/25/2003,June,Wednesday,5:43,1,2,0,0,Angle,V1: Entering traffic lane / V2: Leaving traffic lane,V1: S  / V2: N,Dry,Daylight,Clear,0,0,96,62,FALSE,34.24438675,-73.6513909
1784,6/25/2003,June,Wednesday,6:16,2,2,1,0,Rear-end,V1: Travelling straight ahead / V2: Slowing or stopped in traffic,V1: N  / V2: N,Dry,Daylight,Clear,0,0,96,62,FALSE,41.92226308,-71.29318434
1785,6/25/2003,June,Wednesday,14:15,1,2,0,0,Angle,V1: Entering traffic lane / V2: Travelling straight ahead,V1: W  / V2: N,Dry,Daylight,Cloudy,0,0,96,62,FALSE,34.24438675,-73.6513909
1786,6/25/2003,June,Wednesday,14:35,2,2,1,0,Rear-end,V1: Travelling straight ahead / V2: Travelling straight ahead,V1: S  / V2: 0,Dry,Daylight,Clear,0,0,96,62,FALSE,41.93843051,-71.29261954
1787,6/25/2003,June,Wednesday,16:45,1,2,0,0,Angle,V1: Turning left / V2: Travelling straight ahead,V1: S  / V2: N,Dry,Daylight,Clear,0,0,96,62,FALSE,41.90628791,-71.36524022
1788,6/26/2003,June,Thursday,8:15,2,3,2,0,Angle,V1: Travelling straight ahead / V2: Travelling straight ahead / V3: Travelling straight ahead,V1: S  / V2: S  / V3: S,Dry,Daylight,Clear,0,0,92,70,FALSE,34.24438675,-73.6513909
1789,6/26/2003,June,Thursday,10:17,1,2,0,0,Rear-end,V1: Turning right / V2: Travelling straight ahead,V1: S  / V2: S,Dry,Daylight,Clear,0,0,92,70,FALSE,34.24438675,-73.6513909
1790,6/26/2003,June,Thursday,14:30,2,1,1,0,0,V1: Turning right,V1: S,Dry,Daylight,Clear,0,0,92,70,FALSE,34.24438675,-73.6513909
1791,6/26/2003,June,Thursday,15:12,2,2,1,0,Rear-end,V1: Turning left / V2: Travelling straight ahead,V1: E  / V2: E,Dry,Daylight,Clear,0,0,92,70,FALSE,41.95234013,-71.29601132
1792,6/27/2003,June,Friday,3:45,1,2,0,0,Rear-end,V1: Slowing or stopped in traffic / V2: Travelling straight ahead,V1: N  / V2: N,Dry,Daylight,Clear,0,0,93,70,FALSE,41.92675288,-71.34334435
1793,6/27/2003,June,Friday,14:15,1,2,0,0,Angle,V1: Turning left / V2: Travelling straight ahead,V1: S  / V2: N,Dry,Daylight,Clear,0,0,93,70,FALSE,41.92508738,-71.35628348
1794,6/27/2003,June,Friday,21:15,1,2,0,0,Angle,V1: Turning left / V2: Travelling straight ahead,V1: W  / V2: S,Dry,Dark - lighted roadway,Clear,0,0,93,70,FALSE,41.89618753,-71.37039513
1795,6/28/2003,June,Saturday,5:10,1,1,0,0,Single vehicle crash,V1: Travelling straight ahead,V1: S,Dry,Daylight,Clear,0,0,84,62,FALSE,41.95131716,-71.28994636
1796,6/28/2003,June,Saturday,6:30,0,1,0,0,Single vehicle crash,V1: Travelling straight ahead,V1: S,Dry,Dawn,Cloudy,0,0,84,62,FALSE,34.24438675,-73.6513909
1797,6/28/2003,June,Saturday,7:54,2,2,1,0,Rear-end,V1: Slowing or stopped in traffic / V2: Travelling straight ahead,V1: E  / V2: E,Dry,Daylight,Cloudy,0,0,84,62,FALSE,41.93447736,-71.29935299
1798,6/28/2003,June,Saturday,7:55,1,2,0,0,Angle,V1: Travelling straight ahead / V2: Travelling straight ahead,V1: S  / V2: S,Dry,Daylight,Cloudy,0,0,84,62,FALSE,34.24438675,-73.6513909
1799,6/28/2003,June,Saturday,10:30,1,1,0,0,Single vehicle crash,V1: Turning right,V1: S,Dry,Daylight,Clear,0,0,84,62,FALSE,41.94602252,-71.28364596
1800,6/29/2003,June,Sunday,11:37,1,1,0,0,Single vehicle crash,V1: Travelling straight ahead,V1: S,Dry,Daylight,Clear,0,0,82,61,FALSE,41.92574856,-71.34157655
1801,6/29/2003,June,Sunday,18:04,1,2,0,0,Rear-end,V1: Travelling straight ahead / V2: Slowing or stopped in traffic,V1: E  / V2: E,Dry,Daylight,Clear,0,0,82,61,FALSE,34.24438675,-73.6513909
1802,6/30/2003,June,Monday,15:06,2,2,2,0,Angle,V1: Turning left / V2: Travelling straight ahead,V1: W  / V2: W,Dry,Daylight,Cloudy,0.02,0,87,66,FALSE,34.24438675,-73.6513909
1803,6/30/2003,June,Monday,17:59,1,2,0,0,Rear-end,V1: Other / V2: Slowing or stopped in traffic,V1: N  / V2: N,Wet,Daylight,Rain,0.02,0,87,66,FALSE,41.91663991,-71.35873505
1804,6/30/2003,June,Monday,18:15,2,2,1,0,Angle,V1: Turning right / V2: Travelling straight ahead,V1: E  / V2: S,Dry,Daylight,Clear,0.02,0,87,66,FALSE,41.92190804,-71.29432797
1805,7/1/2003,July,Tuesday,13:53,2,1,1,0,Single vehicle crash,V1: Leaving traffic lane,V1: W,Dry,Daylight,Clear,0,0,85,58,FALSE,41.9544204,-71.24661252
1806,7/1/2003,July,Tuesday,14:31,1,2,0,0,Angle,V1: Turning left / V2: Travelling straight ahead,V1: S  / V2: S,Dry,Daylight,Clear,0,0,85,58,FALSE,34.24438675,-73.6513909
1807,7/1/2003,July,Tuesday,16:09,2,2,5,0,Head-on,V1: Travelling straight ahead / V2: Travelling straight ahead,V1: S  / V2: N,Dry,Daylight,Clear,0,0,85,58,FALSE,41.93122867,-71.26031614
1808,7/3/2003,July,Thursday,10:20,2,2,2,0,Angle,V1: Travelling straight ahead / V2: Travelling straight ahead,V1: W  / V2: 0,Dry,Daylight,Clear,0.13,0,79,65,FALSE,41.91562886,-71.36047108
1809,7/3/2003,July,Thursday,13:00,0,2,0,0,"Sideswipe, same direction",V1: Parked / V2: Slowing or stopped in traffic,V1: 0 / V2: 0,Dry,Daylight,Clear,0.13,0,79,65,FALSE,41.9436862,-71.27451348
1810,7/3/2003,July,Thursday,15:50,1,2,0,0,Rear-end,V1: Travelling straight ahead / V2: Turning left,V1: N  / V2: N,Wet,Daylight,Cloudy/Rain,0.13,0,79,65,FALSE,41.91325585,-71.3590575
1811,7/3/2003,July,Thursday,19:49,2,2,2,0,"Sideswipe, same direction",V1: Travelling straight ahead / V2: Travelling straight ahead,V1: N  / V2: N,Dry,Daylight,Clear,0.13,0,79,65,FALSE,41.91982212,-71.35857678
1812,7/3/2003,July,Thursday,22:58,2,2,1,0,Rear-end,V1: Travelling straight ahead / V2: Slowing or stopped in traffic,V1: N  / V2: N,Dry,Dark - lighted roadway,Clear,0.13,0,79,65,FALSE,34.24438675,-73.6513909
1813,7/3/2003,July,Thursday,23:00,2,2,1,0,Rear-end,V1: Other / V2: Travelling straight ahead,V1: N  / V2: N,Dry,Dark - roadway not lighted,Clear,0.13,0,79,65,FALSE,41.90231125,-71.35597671
1814,7/4/2003,July,Friday,11:45,1,2,0,0,Rear-end,V1: Travelling straight ahead / V2: Travelling straight ahead,V1: S  / V2: S,Wet,Daylight,Rain,0,0,89,67,FALSE,41.95316011,-71.26809412
1815,7/4/2003,July,Friday,12:37,2,2,1,0,Angle,V1: Turning left / V2: Travelling straight ahead,V1: N  / V2: W,Dry,Daylight,Clear,0,0,89,67,FALSE,41.91982212,-71.35857678
1816,7/5/2003,July,Saturday,18:40,2,1,2,0,Single vehicle crash,V1: Travelling straight ahead,V1: S,Dry,Daylight,Cloudy,0,0,95,66,FALSE,34.24438675,-73.6513909
1817,7/6/2003,July,Sunday,12:10,1,2,0,0,0,V1: Travelling straight ahead / V2: Entering traffic lane,V1: N  / V2: E,Dry,Daylight,Clear,0,0,92,71,FALSE,41.93503657,-71.2848971
1818,7/7/2003,July,Monday,12:01,1,2,0,0,Rear-end,V1: Travelling straight ahead / V2: Turning right,V1: S  / V2: S,Dry,Daylight,Clear,0,0,91,65,FALSE,41.91277883,-71.30919863
1819,7/7/2003,July,Monday,14:13,1,2,0,0,"Sideswipe, same direction",V1: Travelling straight ahead / V2: Travelling straight ahead,V1: S  / V2: S,Dry,Daylight,Clear,0,0,91,65,FALSE,34.24438675,-73.6513909
1820,7/7/2003,July,Monday,14:23,1,2,0,0,"Sideswipe, opposite direction",V1: Travelling straight ahead / V2: Travelling straight ahead,V1: N  / V2: 0,Dry,Daylight,Clear,0,0,91,65,FALSE,34.24438675,-73.6513909
1821,7/7/2003,July,Monday,16:30,2,1,1,0,Single vehicle crash,V1: Travelling straight ahead,V1: W,Dry,Daylight,Clear,0,0,91,65,FALSE,41.93558301,-71.29754455
1822,7/8/2003,July,Tuesday,9:45,0,1,0,0,Single vehicle crash,V1: Slowing or stopped in traffic,V1: W,Dry,Dark - roadway not lighted,Clear,0,0,91,70,FALSE,41.94845803,-71.30212015
1823,7/8/2003,July,Tuesday,10:00,1,2,0,0,Rear-end,V1: Travelling straight ahead / V2: Turning left,V1: 0 / V2: W,Dry,Dark - lighted roadway,Clear,0,0,91,70,FALSE,41.89867838,-71.34654981
1824,7/8/2003,July,Tuesday,11:20,2,1,1,0,0,V1: Slowing or stopped in traffic,V1: 0,Dry,Daylight,Clear,0,0,91,70,FALSE,41.9352799,-71.27484475
1825,7/9/2003,July,Wednesday,13:15,1,1,0,0,Single vehicle crash,V1: Travelling straight ahead,V1: E,Wet,Daylight,Cloudy/Rain,0.54,0,81,60,FALSE,41.94430701,-71.30913523
1826,7/9/2003,July,Wednesday,23:56,1,2,0,0,Angle,V1: Turning left / V2: Travelling straight ahead,V1: W  / V2: N,Dry,Dark - lighted roadway,Clear,0.54,0,81,60,FALSE,41.94121777,-71.2768631
1827,7/10/2003,July,Thursday,17:02,0,2,0,0,Angle,V1: Entering traffic lane / V2: 0,V1: W  / V2: W,Dry,Daylight,Clear,0,0,79,57,FALSE,41.94466356,-71.28097219
1828,7/12/2003,July,Saturday,1:23,1,2,0,0,Angle,V1: Leaving traffic lane / V2: Travelling straight ahead,V1: E  / V2: S,Dry,Dark - lighted roadway,Clear,0.01,0,85,59,FALSE,41.90964751,-71.36351027
1829,7/12/2003,July,Saturday,10:15,1,2,0,0,Angle,V1: Travelling straight ahead / V2: Travelling straight ahead,V1: N  / V2: E,Dry,Daylight,Clear,0.01,0,85,59,FALSE,41.94330896,-71.27265641
1830,7/12/2003,July,Saturday,15:03,2,2,1,0,Angle,V1: Travelling straight ahead / V2: Travelling straight ahead,V1: N  / V2: S,Dry,Daylight,Clear,0.01,0,85,59,FALSE,41.92110679,-71.29703417
1831,7/12/2003,July,Saturday,18:00,2,2,1,0,Angle,V1: Turning left / V2: Travelling straight ahead,V1: W  / V2: S,Dry,Daylight,Clear,0.01,0,85,59,FALSE,41.91325585,-71.3590575
1832,7/12/2003,July,Saturday,19:10,2,2,3,0,Angle,V1: Travelling straight ahead / V2: Travelling straight ahead,V1: S  / V2: E,Wet,Dark - lighted roadway,Cloudy,0.01,0,85,59,FALSE,41.94161856,-71.27925093
1833,7/13/2003,July,Sunday,12:40,1,2,0,0,Rear-end,V1: Travelling straight ahead / V2: Slowing or stopped in traffic,V1: E  / V2: E,Dry,Daylight,Clear,0,0,86,64,FALSE,34.24438675,-73.6513909
1834,7/13/2003,July,Sunday,14:20,1,1,0,0,Single vehicle crash,V1: Travelling straight ahead,V1: W,Dry,Daylight,Clear,0,0,86,64,FALSE,41.92154418,-71.24015197
1835,7/14/2003,July,Monday,3:30,2,2,2,0,"Sideswipe, same direction",V1: Travelling straight ahead / V2: Changing lanes,V1: S  / V2: S,Dry,Daylight,Clear,0,0,78,61,FALSE,41.96224908,-71.12327005
1836,7/14/2003,July,Monday,14:14,1,2,0,0,Angle,V1: Turning left / V2: Travelling straight ahead,V1: 0 / V2: 0,Dry,Daylight,Clear,0,0,78,61,FALSE,34.24438675,-73.6513909
1837,7/15/2003,July,Tuesday,13:07,1,2,0,0,Angle,V1: Turning left / V2: Travelling straight ahead,V1: W  / V2: S,Dry,Daylight,Clear,0,0,84,61,FALSE,34.24438675,-73.6513909
1838,7/16/2003,July,Wednesday,4:45,2,2,1,0,Rear-end,V1: Travelling straight ahead / V2: Travelling straight ahead,V1: S  / V2: E,Wet,Daylight,Rain,0.84,0,77,62,FALSE,34.24438675,-73.6513909
1839,7/16/2003,July,Wednesday,12:45,1,3,0,0,Angle,V1: Entering traffic lane / V2: Travelling straight ahead / V3: Travelling straight ahead,V1: E  / V2: S  / V3: N,Wet,Daylight,Rain,0.84,0,77,62,FALSE,41.90858125,-71.35758797
1840,7/16/2003,July,Wednesday,14:42,1,2,0,0,Angle,V1: Turning left / V2: Travelling straight ahead,V1: N  / V2: S,Wet,Daylight,Rain,0.84,0,77,62,FALSE,34.24438675,-73.6513909
1841,7/16/2003,July,Wednesday,16:57,2,1,1,0,0,V1: 0,V1: 0,Wet,Daylight,Rain,0.84,0,77,62,FALSE,41.94125081,-71.28114729
1842,7/17/2003,July,Thursday,12:05,1,2,0,0,Rear-end,V1: Slowing or stopped in traffic / V2: Travelling straight ahead,V1: E  / V2: W,Dry,Daylight,Clear,0,0,86,62,FALSE,34.24438675,-73.6513909
1843,7/17/2003,July,Thursday,15:47,0,2,0,0,Angle,V1: Other / V2: Travelling straight ahead,V1: E  / V2: N,Dry,Daylight,Clear,0,0,86,62,FALSE,41.94466356,-71.28097219
1844,7/17/2003,July,Thursday,16:26,2,4,2,0,Rear-end,V1: Travelling straight ahead / V2: Slowing or stopped in traffic / V3: Slowing or stopped in traffic / V4: Slowing or stopped in traffic,V1: W  / V2: W  / V3: W  / V4: W,Dry,Daylight,Cloudy,0,0,86,62,FALSE,34.24438675,-73.6513909
1845,7/17/2003,July,Thursday,18:00,0,2,0,0,Rear-end,V1: Travelling straight ahead / V2: Slowing or stopped in traffic,V1: S  / V2: S,Dry,Daylight,Clear,0,0,86,62,FALSE,41.92390779,-71.25932961
1846,7/18/2003,July,Friday,9:39,1,2,0,0,Rear-end,V1: Travelling straight ahead / V2: 0,V1: N  / V2: N,Dry,Daylight,Cloudy,0.16,0,86,62,FALSE,41.9110765,-71.36278231
1847,7/18/2003,July,Friday,12:13,1,2,0,0,Rear-end,V1: Travelling straight ahead / V2: 0,V1: W  / V2: W,Dry,Daylight,Clear,0.16,0,86,62,FALSE,41.92438417,-71.35310428
1848,7/18/2003,July,Friday,14:40,1,2,0,0,Rear-end,V1: 0 / V2: 0,V1: N  / V2: N,Wet,Daylight,Cloudy/Rain,0.16,0,86,62,FALSE,41.91982212,-71.35857678
1849,7/18/2003,July,Friday,14:40,2,1,1,0,Single vehicle crash,V1: Changing lanes,V1: S,Wet,Daylight,Cloudy,0.16,0,86,62,FALSE,34.24438675,-73.6513909
1850,7/18/2003,July,Friday,23:51,2,2,1,0,Angle,V1: Making U-turn / V2: Travelling straight ahead,V1: S  / V2: S,Dry,Dark - lighted roadway,Clear,0.16,0,86,62,FALSE,34.24438675,-73.6513909
1851,7/19/2003,July,Saturday,15:30,2,1,1,0,Rear-end,V1: 0,V1: 0,Dry,Daylight,Clear,0,0,83,64,FALSE,34.24438675,-73.6513909
1852,7/20/2003,July,Sunday,3:19,1,3,0,0,Rear-end,V1: Travelling straight ahead / V2: Slowing or stopped in traffic / V3: Slowing or stopped in traffic,V1: E  / V2: E  / V3: E,Dry,Daylight,Cloudy,0,0,84,57,FALSE,34.24438675,-73.6513909
1853,7/20/2003,July,Sunday,9:52,2,1,1,0,Single vehicle crash,V1: Travelling straight ahead,V1: 0,Dry,Daylight,Clear,0,0,84,57,FALSE,41.90927914,-71.380907
1854,7/20/2003,July,Sunday,10:20,1,2,0,0,"Sideswipe, same direction",V1: Parked / V2: Entering traffic lane,V1: 0 / V2: 0,Wet,Daylight,Cloudy/Rain,0,0,84,57,FALSE,41.94461898,-71.28380317
1855,7/20/2003,July,Sunday,11:52,1,1,0,0,Single vehicle crash,V1: Leaving traffic lane,V1: N,Dry,Daylight,Clear,0,0,84,57,FALSE,34.24438675,-73.6513909
1856,7/21/2003,July,Monday,10:47,2,2,1,0,Angle,V1: Turning left / V2: Travelling straight ahead,V1: N  / V2: S,Dry,Daylight,Clear,0,0,82,62,FALSE,34.24438675,-73.6513909
1857,7/22/2003,July,Tuesday,18:38,2,1,1,0,Single vehicle crash,V1: 0,V1: S,Wet,Daylight,Rain,0.47,0,84,72,FALSE,34.24438675,-73.6513909
1858,7/22/2003,July,Tuesday,20:10,2,2,1,0,0,V1: Slowing or stopped in traffic / V2: Turning right,V1: E  / V2: W,Wet,Dusk,Rain,0.47,0,84,72,FALSE,41.94450501,-71.28411703
1859,7/23/2003,July,Wednesday,13:55,1,2,0,0,"Sideswipe, same direction",V1: Travelling straight ahead / V2: Travelling straight ahead,V1: E  / V2: W,Dry,Daylight,Cloudy,0.55,0,83,69,FALSE,34.24438675,-73.6513909
1860,7/24/2003,July,Thursday,14:42,2,1,0,0,Single vehicle crash,V1: Travelling straight ahead,V1: W,Dry,Daylight,Cloudy,0.88,0,80,70,FALSE,41.91788984,-71.36564036
1861,7/24/2003,July,Thursday,20:20,2,2,1,0,Rear-end,V1: Slowing or stopped in traffic / V2: Slowing or stopped in traffic,V1: S  / V2: S,Dry,Dark - lighted roadway,Clear,0.88,0,80,70,FALSE,41.91982212,-71.35857678
1862,7/25/2003,July,Friday,15:35,1,2,0,0,Angle,V1: 0 / V2: 0,V1: S  / V2: S,Dry,Daylight,Clear,0,0,87,67,FALSE,41.89820481,-71.34725007
1863,7/26/2003,July,Saturday,2:48,2,1,1,0,Single vehicle crash,V1: Travelling straight ahead,V1: E,Dry,Dark - lighted roadway,Clear,0,0,88,61,FALSE,41.9438963,-71.27251152
1864,7/26/2003,July,Saturday,9:11,1,2,0,0,Rear-end,V1: Travelling straight ahead / V2: Slowing or stopped in traffic,V1: W  / V2: W,Dry,Daylight,Clear,0,0,88,61,FALSE,34.24438675,-73.6513909
1865,7/26/2003,July,Saturday,10:27,1,3,0,0,Rear-end,V1: Travelling straight ahead / V2: Travelling straight ahead / V3: Slowing or stopped in traffic,V1: W  / V2: W  / V3: W,Dry,Daylight,Clear,0,0,88,61,FALSE,34.24438675,-73.6513909
1866,7/26/2003,July,Saturday,13:55,2,3,1,0,Angle,V1: 0 / V2: 0 / V3: 0,V1: S  / V2: W  / V3: 0,Dry,Daylight,Clear,0,0,88,61,FALSE,41.89642653,-71.37125251
1867,7/26/2003,July,Saturday,22:30,1,2,0,0,Angle,V1: Backing / V2: Parked,V1: W  / V2: 0,Dry,Dark - roadway not lighted,Clear,0,0,88,61,FALSE,41.9064613,-71.37278946
1868,7/27/2003,July,Sunday,13:07,2,2,1,0,Angle,V1: Travelling straight ahead / V2: Travelling straight ahead,V1: N  / V2: E,Dry,Daylight,Clear,0,0,89,70,FALSE,41.95428602,-71.28497548
1869,7/28/2003,July,Monday,17:17,1,2,0,0,Rear-end,V1: Travelling straight ahead / V2: Turning left,V1: W  / V2: W,Wet,Daylight,Cloudy,0,0,86,69,FALSE,41.95329818,-71.27835521
1870,7/29/2003,July,Tuesday,6:58,1,2,0,0,Angle,V1: Turning left / V2: Travelling straight ahead,V1: N  / V2: E,Wet,Daylight,Cloudy,0.22,0,83,62,FALSE,41.95130281,-71.27263126
1871,7/29/2003,July,Tuesday,10:05,1,2,0,0,Rear-end,V1: Travelling straight ahead / V2: Travelling straight ahead,V1: N  / V2: N,Dry,Daylight,Clear,0.22,0,83,62,FALSE,34.24438675,-73.6513909
1872,7/29/2003,July,Tuesday,17:08,0,2,0,0,Rear-end,V1: Travelling straight ahead / V2: Slowing or stopped in traffic,V1: S  / V2: S,Dry,Daylight,Clear,0.22,0,83,62,FALSE,41.89870928,-71.36909739
1873,7/30/2003,July,Wednesday,18:16,2,2,2,0,Rear-end,V1: Travelling straight ahead / V2: Slowing or stopped in traffic,V1: W  / V2: E,Dry,Daylight,Cloudy,0,0,84,60,FALSE,41.8985467,-71.34668851
1874,8/1/2003,August,Friday,10:10,1,2,0,0,Angle,V1: Travelling straight ahead / V2: Turning left,V1: 0 / V2: 0,Wet,Daylight,Rain,1.07,0,76,62,FALSE,41.93428155,-71.29791325
1875,8/1/2003,August,Friday,12:19,0,2,0,0,"Sideswipe, same direction",V1: Backing / V2: Travelling straight ahead,V1: N  / V2: N,Wet,Daylight,Cloudy,1.07,0,76,62,FALSE,41.89721113,-71.36942089
1876,8/1/2003,August,Friday,16:01,1,2,0,0,Rear-end,V1: Travelling straight ahead / V2: Travelling straight ahead,V1: S  / V2: S,Dry,Daylight,Clear,1.07,0,76,62,FALSE,41.9396344,-71.26732859
1877,8/1/2003,August,Friday,18:31,1,2,0,0,Angle,V1: Turning left / V2: Travelling straight ahead,V1: W  / V2: S,Wet,Daylight,Rain,1.07,0,76,62,FALSE,41.9120082,-71.2587778
1878,8/1/2003,August,Friday,18:45,0,2,0,0,Rear-end,V1: 0 / V2: 0,V1: S  / V2: S,Wet,Daylight,Rain,1.07,0,76,62,FALSE,34.24438675,-73.6513909
1879,8/2/2003,August,Saturday,10:39,2,2,1,0,Angle,V1: Turning left / V2: Travelling straight ahead,V1: E  / V2: W,Dry,Daylight,Clear,0.19,0,81,64,FALSE,41.89711822,-71.36907575
1880,8/2/2003,August,Saturday,17:50,0,1,0,0,Single vehicle crash,V1: Travelling straight ahead,V1: 0,Wet,Daylight,Clear,0.19,0,81,64,FALSE,34.24438675,-73.6513909
1881,8/2/2003,August,Saturday,23:50,2,1,2,0,Single vehicle crash,V1: Travelling straight ahead,V1: W,Dry,Dark - lighted roadway,Clear,0.19,0,81,64,FALSE,41.93742983,-71.26519759
1882,8/3/2003,August,Sunday,13:09,2,2,3,0,Angle,V1: Turning left / V2: Travelling straight ahead,V1: W  / V2: E,Dry,Daylight,Clear,0,0,88,72,FALSE,41.90710382,-71.29849556
1883,8/4/2003,August,Monday,13:26,1,3,0,0,Rear-end,V1: Travelling straight ahead / V2: Slowing or stopped in traffic / V3: Slowing or stopped in traffic,V1: 0 / V2: 0 / V3: 0,Wet,Daylight,Cloudy,0.23,0,83,74,FALSE,41.93828583,-71.2928156
1884,8/4/2003,August,Monday,18:40,1,1,0,0,Angle,V1: Turning right,V1: S,Dry,Daylight,Cloudy,0.23,0,83,74,FALSE,41.90086769,-71.36799095
1885,8/4/2003,August,Monday,21:45,1,2,0,0,Angle,V1: Overtaking/passing / V2: Turning right,V1: W  / V2: 0,Dry,Dark - lighted roadway,Clear,0.23,0,83,74,FALSE,34.24438675,-73.6513909
1886,8/5/2003,August,Tuesday,12:20,2,2,1,0,Rear-end,V1: Travelling straight ahead / V2: Slowing or stopped in traffic,V1: S  / V2: S,Dry,Daylight,Cloudy,0.31,0,79,72,FALSE,41.92045419,-71.35830053
1887,8/7/2003,August,Thursday,7:25,2,2,1,0,Angle,V1: Changing lanes / V2: Travelling straight ahead,V1: S  / V2: S,Dry,Daylight,Cloudy,1.22,0,83,68,FALSE,34.24438675,-73.6513909
1888,8/7/2003,August,Thursday,7:40,1,2,0,0,"Sideswipe, same direction",V1: Travelling straight ahead / V2: Changing lanes,V1: N  / V2: N,Dry,Daylight,Clear,1.22,0,83,68,FALSE,34.24438675,-73.6513909
1889,8/7/2003,August,Thursday,8:31,1,2,0,0,Rear-end,V1: Travelling straight ahead / V2: Slowing or stopped in traffic,V1: W  / V2: 0,Dry,Daylight,Clear,1.22,0,83,68,FALSE,41.97001836,-71.2913735
1890,8/7/2003,August,Thursday,11:30,1,1,0,0,"Sideswipe, same direction",V1: Turning left,V1: S,Dry,Daylight,Cloudy,1.22,0,83,68,FALSE,41.91360772,-71.36150084