ID,DATE,Month,Day of week,Crash Time,Crash Severity,Number of Vehicles,Total Nonfatal Injuries,Total Fatal Injuries,Manner of Collision,Vehicle Action Prior to Crash,Vehicle Travel Directions,Road Surface Condition,Ambient Light,Weather Condition,PRCP,SNOW,TMAX,TMIN,Ice,Longtitute,Latitute
1891,8/7/2003,August,Thursday,22:45,2,1,1,0,Single vehicle crash,V1: Travelling straight ahead,V1: N,Wet,Dark - lighted roadway,Rain,1.22,0,83,68,FALSE,34.24438675,-73.6513909
1892,8/8/2003,August,Friday,14:03,1,2,0,0,Rear-end,V1: Travelling straight ahead / V2: Travelling straight ahead,V1: W  / V2: N,Wet,Daylight,Rain,3.21,0,82,68,FALSE,41.94121777,-71.2768631
1893,8/8/2003,August,Friday,14:48,1,2,0,0,Rear-end,V1: Travelling straight ahead / V2: Slowing or stopped in traffic,V1: N  / V2: N,Wet,Daylight,Clear,3.21,0,82,68,FALSE,41.94470433,-71.2812252
1894,8/9/2003,August,Saturday,10:17,1,2,0,0,"Sideswipe, same direction",V1: Entering traffic lane / V2: Travelling straight ahead,V1: N  / V2: N,Dry,Daylight,Clear,0.05,0,84,71,FALSE,34.24438675,-73.6513909
1895,8/9/2003,August,Saturday,10:58,0,2,0,0,Rear-end,V1: 0 / V2: 0,V1: 0 / V2: 0,Wet,Dark - 0 roadway lighting,Clear,0.05,0,84,71,FALSE,41.93924225,-71.27810624
1896,8/9/2003,August,Saturday,11:56,2,2,1,0,Rear-end,V1: Slowing or stopped in traffic / V2: Slowing or stopped in traffic,V1: S  / V2: S,Dry,Daylight,Clear,0.05,0,84,71,FALSE,41.94231024,-71.28253433
1897,8/9/2003,August,Saturday,12:26,1,2,0,0,Angle,V1: 0 / V2: 0,V1: N  / V2: E,Dry,Daylight,Clear,0.05,0,84,71,FALSE,41.93830895,-71.28203041
1898,8/10/2003,August,Sunday,10:50,1,2,0,0,Rear-end,V1: 0 / V2: 0,V1: S  / V2: S,Wet,Daylight,Cloudy,0.04,0,85,73,FALSE,41.94396388,-71.30988659
1899,8/10/2003,August,Sunday,12:34,1,2,0,0,Angle,V1: Turning left / V2: Travelling straight ahead,V1: W  / V2: E,Wet,Daylight,Cloudy/Rain,0.04,0,85,73,FALSE,41.91982212,-71.35857678
1900,8/10/2003,August,Sunday,15:15,1,2,0,0,Angle,V1: Backing / V2: Parked,V1: E  / V2: 0,Dry,Daylight,Clear,0.04,0,85,73,FALSE,34.24438675,-73.6513909
1901,8/10/2003,August,Sunday,15:15,1,2,0,0,Rear-to-rear,V1: Parked / V2: Backing,V1: 0 / V2: 0,Dry,Daylight,Clear,0.04,0,85,73,FALSE,34.24438675,-73.6513909
1902,8/11/2003,August,Monday,9:04,1,2,0,0,Rear-end,V1: Travelling straight ahead / V2: Slowing or stopped in traffic,V1: N  / V2: N,Dry,Daylight,Clear,0.53,0,84,72,FALSE,41.94928318,-71.28964082
1903,8/11/2003,August,Monday,12:03,2,2,2,0,Angle,V1: Travelling straight ahead / V2: Slowing or stopped in traffic,V1: 0 / V2: 0,Dry,Daylight,Cloudy,0.53,0,84,72,FALSE,41.89733197,-71.36979234
1904,8/11/2003,August,Monday,17:44,0,2,0,0,Angle,V1: Turning left / V2: Travelling straight ahead,V1: W  / V2: N,Dry,Daylight,Cloudy,0.53,0,84,72,FALSE,41.93732881,-71.28475709
1905,8/12/2003,August,Tuesday,5:38,1,1,0,0,Single vehicle crash,V1: Travelling straight ahead,V1: N,Wet,Dark - lighted roadway,Cloudy/Rain,0.03,0,88,72,FALSE,41.92670143,-71.32206333
1906,8/12/2003,August,Tuesday,17:23,2,2,1,0,Rear-end,V1: Travelling straight ahead / V2: Travelling straight ahead,V1: S  / V2: S,Dry,Daylight,Clear,0.03,0,88,72,FALSE,41.9492065,-71.28957437
1907,8/12/2003,August,Tuesday,18:20,1,1,0,0,Single vehicle crash,V1: Travelling straight ahead,V1: E,Dry,Daylight,Clear,0.03,0,88,72,FALSE,34.24438675,-73.6513909
1908,8/13/2003,August,Wednesday,17:20,0,3,0,0,Rear-end,V1: 0 / V2: 0 / V3: 0,V1: 0 / V2: 0 / V3: 0,Dry,Daylight,Clear,0,0,89,71,FALSE,41.94964008,-71.30006257
1909,8/13/2003,August,Wednesday,19:13,2,1,1,0,Single vehicle crash,V1: Travelling straight ahead,V1: E,Dry,Dusk,Clear,0,0,89,71,FALSE,41.92201844,-71.28711566
1910,8/13/2003,August,Wednesday,19:25,1,2,0,0,Rear-end,V1: Travelling straight ahead / V2: Travelling straight ahead,V1: E  / V2: E,Dry,Daylight,Clear,0,0,89,71,FALSE,34.24438675,-73.6513909
1911,8/14/2003,August,Thursday,1:22,0,2,0,0,"Sideswipe, same direction",V1: Overtaking/passing / V2: Slowing or stopped in traffic,V1: N  / V2: N,Dry,Daylight,Clear,0,0,90,65,FALSE,34.24438675,-73.6513909
1912,8/14/2003,August,Thursday,8:48,2,2,1,0,Angle,V1: Entering traffic lane / V2: Travelling straight ahead,V1: W  / V2: N,Dry,Daylight,Clear,0,0,90,65,FALSE,41.93806227,-71.29125944
1913,8/14/2003,August,Thursday,21:01,2,2,1,0,"Sideswipe, same direction",V1: Travelling straight ahead / V2: Parked,V1: W  / V2: 0,Dry,Dark - lighted roadway,Clear,0,0,90,65,FALSE,41.91582857,-71.36359843
1914,8/15/2003,August,Friday,9:58,1,1,0,0,0,V1: 0,V1: S,Dry,Daylight,Clear,0,0,89,65,FALSE,34.24438675,-73.6513909
1915,8/15/2003,August,Friday,10:36,1,2,0,0,"Sideswipe, same direction",V1: Overtaking/passing / V2: Travelling straight ahead,V1: 0 / V2: 0,Dry,Daylight,Clear,0,0,89,65,FALSE,41.95287787,-71.26899686
1916,8/15/2003,August,Friday,15:24,2,3,2,0,Single vehicle crash,V1: Travelling straight ahead / V2: Slowing or stopped in traffic / V3: Travelling straight ahead,V1: S  / V2: S  / V3: S,Dry,Daylight,Clear,0,0,89,65,FALSE,34.24438675,-73.6513909
1917,8/15/2003,August,Friday,18:20,1,2,0,0,Angle,V1: Turning left / V2: Travelling straight ahead,V1: E  / V2: E,Dry,Daylight,Clear,0,0,89,65,FALSE,41.93407394,-71.31634286
1918,8/16/2003,August,Saturday,12:56,1,2,0,0,Angle,V1: Turning left / V2: Travelling straight ahead,V1: W  / V2: E,Dry,Daylight,Clear,0.02,0,90,67,FALSE,41.93505312,-71.29860583
1919,8/16/2003,August,Saturday,16:15,1,2,0,0,Rear-end,V1: Travelling straight ahead / V2: Turning left,V1: N  / V2: S,Dry,Daylight,Clear,0.02,0,90,67,FALSE,41.90323412,-71.30453158
1920,8/16/2003,August,Saturday,16:15,1,2,0,0,Single vehicle crash,V1: Turning left / V2: Travelling straight ahead,V1: 0 / V2: 0,Dry,Daylight,Clear,0.02,0,90,67,FALSE,41.9030252,-71.30531114
1921,8/17/2003,August,Sunday,0:45,1,2,0,0,Angle,V1: Travelling straight ahead / V2: Travelling straight ahead,V1: 0 / V2: W,Dry,Dark - 0 roadway lighting,Clear,0.13,0,77,64,FALSE,41.95428602,-71.28497548
1922,8/18/2003,August,Monday,9:20,2,2,1,0,Angle,V1: Slowing or stopped in traffic / V2: Travelling straight ahead,V1: W  / V2: S,Dry,Daylight,Clear,0.06,0,78,62,FALSE,41.93269195,-71.32821357
1923,8/18/2003,August,Monday,12:35,2,2,1,0,Angle,V1: Travelling straight ahead / V2: Travelling straight ahead,V1: S  / V2: W,Dry,Daylight,Clear,0.06,0,78,62,FALSE,34.24438675,-73.6513909
1924,8/18/2003,August,Monday,13:23,1,2,0,0,"Sideswipe, same direction",V1: Turning right / V2: Travelling straight ahead,V1: S  / V2: N,Dry,Daylight,Cloudy,0.06,0,78,62,FALSE,34.24438675,-73.6513909
1925,8/18/2003,August,Monday,18:10,2,2,1,0,Rear-end,V1: Slowing or stopped in traffic / V2: Slowing or stopped in traffic,V1: W  / V2: W,Dry,Daylight,Cloudy,0.06,0,78,62,FALSE,34.24438675,-73.6513909
1926,8/18/2003,August,Monday,22:29,2,2,2,0,Angle,V1: Turning left / V2: Travelling straight ahead,V1: N  / V2: S,Dry,Dark - lighted roadway,Cloudy,0.06,0,78,62,FALSE,41.90964751,-71.36351027
1927,8/18/2003,August,Monday,22:34,0,2,0,0,"Sideswipe, opposite direction",V1: Changing lanes / V2: Changing lanes,V1: N  / V2: N,Dry,Daylight,Clear,0.06,0,78,62,FALSE,41.93096417,-71.35302241
1928,8/19/2003,August,Tuesday,12:28,1,2,0,0,"Sideswipe, opposite direction",V1: Slowing or stopped in traffic / V2: Travelling straight ahead,V1: W  / V2: N,Dry,Daylight,Clear,0,0,86,62,FALSE,41.94121777,-71.2768631
1929,8/19/2003,August,Tuesday,16:23,2,1,1,0,Single vehicle crash,V1: Travelling straight ahead,V1: W,Dry,Daylight,Clear,0,0,86,62,FALSE,41.93519151,-71.32895367
1930,8/19/2003,August,Tuesday,18:20,2,2,1,0,Rear-end,V1: Slowing or stopped in traffic / V2: Slowing or stopped in traffic,V1: W  / V2: W,Dry,Daylight,Clear,0,0,86,62,FALSE,34.24438675,-73.6513909
1931,8/20/2003,August,Wednesday,16:56,1,3,0,0,Rear-end,V1: Travelling straight ahead / V2: Travelling straight ahead / V3: Slowing or stopped in traffic,V1: E  / V2: E  / V3: E,Dry,Daylight,Clear,0,0,89,64,FALSE,41.95249286,-71.27008092
1932,8/20/2003,August,Wednesday,17:20,1,2,0,0,Angle,V1: Turning left / V2: Turning left,V1: N  / V2: W,Dry,Daylight,Clear,0,0,89,64,FALSE,41.90500517,-71.33616438
1933,8/21/2003,August,Thursday,5:15,0,2,0,0,Angle,V1: Slowing or stopped in traffic / V2: Travelling straight ahead,V1: S  / V2: 0,Dry,Daylight,Clear,0,0,91,66,FALSE,41.94201587,-71.2912461
1934,8/21/2003,August,Thursday,12:18,1,2,0,0,Head-on,V1: Turning left / V2: Travelling straight ahead,V1: W  / V2: E,Dry,Daylight,Clear,0,0,91,66,FALSE,41.93516632,-71.27567837
1935,8/21/2003,August,Thursday,18:14,1,2,0,0,Angle,V1: Entering traffic lane / V2: Travelling straight ahead,V1: W  / V2: N,Dry,Dusk,Cloudy,0,0,91,66,FALSE,41.91194929,-71.36233897
1936,8/22/2003,August,Friday,3:35,2,2,1,0,"Sideswipe, same direction",V1: Changing lanes / V2: Travelling straight ahead,V1: S  / V2: S,Dry,Dark - roadway not lighted,Cloudy,0,0,92,71,FALSE,41.90272719,-71.35550871
1937,8/22/2003,August,Friday,14:07,1,2,0,0,"Sideswipe, same direction",V1: Changing lanes / V2: Travelling straight ahead,V1: E  / V2: E,Dry,Daylight,Clear,0,0,92,71,FALSE,41.94466875,-71.28335786
1938,8/22/2003,August,Friday,19:18,2,3,1,0,Rear-end,V1: Slowing or stopped in traffic / V2: Slowing or stopped in traffic / V3: Slowing or stopped in traffic,V1: N  / V2: N  / V3: N,Dry,Dusk,Cloudy,0,0,92,71,FALSE,41.92495694,-71.35634048
1939,8/23/2003,August,Saturday,14:03,2,3,2,0,Rear-end,V1: Slowing or stopped in traffic / V2: Travelling straight ahead / V3: Travelling straight ahead,V1: S  / V2: S  / V3: S,Dry,Daylight,Clear,0,0,84,58,FALSE,41.92644259,-71.35554103
1940,8/24/2003,August,Sunday,16:19,1,2,0,0,"Sideswipe, same direction",V1: Changing lanes / V2: Travelling straight ahead,V1: N  / V2: N,Dry,Daylight,Clear,0,0,77,56,FALSE,41.90998013,-71.35802082
1941,8/24/2003,August,Sunday,19:18,2,2,3,0,Angle,V1: Turning left / V2: Travelling straight ahead,V1: E  / V2: W,Dry,Dusk,Clear,0,0,77,56,FALSE,34.24438675,-73.6513909
1942,8/24/2003,August,Sunday,21:40,2,2,4,0,Angle,V1: Turning left / V2: Travelling straight ahead,V1: W  / V2: S,Dry,Dark - lighted roadway,Clear,0,0,77,56,FALSE,41.90697288,-71.36488171
1943,8/25/2003,August,Monday,12:00,1,2,0,0,Angle,V1: Slowing or stopped in traffic / V2: Travelling straight ahead,V1: E  / V2: N,Dry,Daylight,Clear,0,0,82,56,FALSE,34.24438675,-73.6513909
1944,8/26/2003,August,Tuesday,17:30,1,3,0,0,Rear-end,V1: Slowing or stopped in traffic / V2: Travelling straight ahead / V3: 0,V1: S  / V2: S  / V3: 0,Dry,Daylight,Clear,0,0,86,62,FALSE,34.24438675,-73.6513909
1945,8/27/2003,August,Wednesday,10:10,1,2,0,0,Angle,V1: Entering traffic lane / V2: Travelling straight ahead,V1: N  / V2: E,Dry,Daylight,Clear,0,0,87,67,FALSE,41.94519466,-71.28103716
1946,8/27/2003,August,Wednesday,14:25,0,2,0,0,Rear-end,V1: Travelling straight ahead / V2: Travelling straight ahead,V1: N  / V2: N,Dry,Daylight,Clear,0,0,87,67,FALSE,41.93393836,-71.3077318
1947,8/27/2003,August,Wednesday,14:30,1,2,0,0,Single vehicle crash,V1: Travelling straight ahead / V2: Changing lanes,V1: S  / V2: S,Dry,Daylight,Clear,0,0,87,67,FALSE,41.90222636,-71.35723218
1948,8/27/2003,August,Wednesday,16:00,1,2,0,0,Angle,V1: Turning left / V2: Travelling straight ahead,V1: N  / V2: S,Dry,Daylight,Clear,0,0,87,67,FALSE,41.91568377,-71.35895878
1949,8/28/2003,August,Thursday,15:30,2,2,1,0,Angle,V1: Entering traffic lane / V2: Travelling straight ahead,V1: E  / V2: S,Dry,Daylight,Clear,0,0,79,55,FALSE,41.90667133,-71.36503971
1950,8/29/2003,August,Friday,15:40,2,2,1,0,0,V1: Travelling straight ahead / V2: Travelling straight ahead,V1: N  / V2: E,Dry,Daylight,Clear,0,0,80,50,FALSE,41.9370756,-71.28238678
1951,8/31/2003,August,Sunday,3:00,0,2,0,0,Rear-to-rear,V1: Parked / V2: Backing,V1: 0 / V2: 0,Dry,Dark - 0 roadway lighting,Clear,0,0,73,52,FALSE,41.90775769,-71.37339257
1952,8/31/2003,August,Sunday,15:55,1,2,0,0,Angle,V1: Travelling straight ahead / V2: Slowing or stopped in traffic,V1: S  / V2: N,Dry,Daylight,Clear,0,0,73,52,FALSE,34.24438675,-73.6513909
1953,8/31/2003,August,Sunday,15:55,1,3,0,0,Angle,V1: Turning left / V2: Travelling straight ahead / V3: Overtaking/passing,V1: E  / V2: S  / V3: N,Dry,Daylight,Clear,0,0,73,52,FALSE,34.24438675,-73.6513909
1954,9/1/2003,September,Monday,16:53,1,2,0,0,Rear-end,V1: Travelling straight ahead / V2: Slowing or stopped in traffic,V1: W  / V2: W,Wet,Daylight,Rain,0.08,0,69,54,FALSE,41.95410074,-71.26056496
1955,9/1/2003,September,Monday,17:46,2,1,1,0,Angle,V1: Entering traffic lane,V1: N,Wet,Daylight,Cloudy/Rain,0.08,0,69,54,FALSE,41.94160496,-71.27916734
1956,9/1/2003,September,Monday,22:16,1,1,0,0,Single vehicle crash,V1: Travelling straight ahead,V1: N,Dry,Dark - roadway not lighted,Cloudy,0.08,0,69,54,FALSE,41.90981173,-71.31541488
1957,9/2/2003,September,Tuesday,2:13,2,1,1,0,Single vehicle crash,V1: Travelling straight ahead,V1: E,Dry,Dark - lighted roadway,Clear,1.34,0,66,55,FALSE,34.24438675,-73.6513909
1958,9/2/2003,September,Tuesday,3:15,2,1,1,0,Single vehicle crash,V1: Travelling straight ahead,V1: S,Wet,Dark - lighted roadway,Rain,1.34,0,66,55,FALSE,34.24438675,-73.6513909
1959,9/2/2003,September,Tuesday,9:33,1,2,0,0,Rear-end,V1: Slowing or stopped in traffic / V2: Slowing or stopped in traffic,V1: S  / V2: S,Wet,Daylight,Rain,1.34,0,66,55,FALSE,41.92508738,-71.35628348
1960,9/2/2003,September,Tuesday,11:20,2,3,1,0,Rear-end,V1: Travelling straight ahead / V2: Travelling straight ahead / V3: Travelling straight ahead,V1: W  / V2: W  / V3: W,Wet,Daylight,Cloudy/Rain,1.34,0,66,55,FALSE,34.24438675,-73.6513909
1961,9/2/2003,September,Tuesday,15:39,1,2,0,0,Rear-end,V1: Turning right / V2: Slowing or stopped in traffic,V1: N  / V2: N,Dry,Daylight,Clear,1.34,0,66,55,FALSE,34.24438675,-73.6513909
1962,9/2/2003,September,Tuesday,21:07,1,2,0,0,Angle,V1: Turning right / V2: Travelling straight ahead,V1: N  / V2: N,Dry,Dark - lighted roadway,Cloudy,1.34,0,66,55,FALSE,41.91360772,-71.36150084
1963,9/3/2003,September,Wednesday,10:45,1,2,0,0,Angle,V1: Turning left / V2: Travelling straight ahead,V1: 0 / V2: 0,Dry,Daylight,Clear,0,0,73,57,FALSE,41.92387717,-71.35158914
1964,9/3/2003,September,Wednesday,17:26,2,2,2,0,Angle,V1: Entering traffic lane / V2: Travelling straight ahead,V1: E  / V2: N,Dry,Daylight,Cloudy,0,0,73,57,FALSE,41.93830895,-71.28203041
1965,9/3/2003,September,Wednesday,18:19,1,2,0,0,Angle,V1: Turning left / V2: Travelling straight ahead,V1: 0 / V2: N,Dry,Daylight,Cloudy,0,0,73,57,FALSE,41.92233829,-71.35748571
1966,9/3/2003,September,Wednesday,23:59,2,2,3,0,0,V1: Travelling straight ahead / V2: Travelling straight ahead,V1: N  / V2: N,Dry,Dark - roadway not lighted,Clear,0,0,73,57,FALSE,34.24438675,-73.6513909
1967,9/4/2003,September,Thursday,7:00,2,2,1,0,Angle,V1: Entering traffic lane / V2: Travelling straight ahead,V1: W  / V2: S,Wet,Daylight,Rain,0.52,0,78,62,FALSE,34.24438675,-73.6513909
1968,9/4/2003,September,Thursday,7:20,0,1,0,0,0,V1: Travelling straight ahead,V1: 0,Wet,Daylight,Rain,0.52,0,78,62,FALSE,34.24438675,-73.6513909
1969,9/4/2003,September,Thursday,11:51,1,2,0,0,Rear-end,V1: Slowing or stopped in traffic / V2: Slowing or stopped in traffic,V1: N  / V2: N,Dry,Daylight,Cloudy,0.52,0,78,62,FALSE,34.24438675,-73.6513909
1970,9/4/2003,September,Thursday,12:40,1,2,0,0,Rear-end,V1: 0 / V2: 0,V1: W  / V2: W,Dry,Daylight,Clear,0.52,0,78,62,FALSE,34.24438675,-73.6513909
1971,9/4/2003,September,Thursday,15:10,0,2,0,0,Rear-end,V1: Travelling straight ahead / V2: Travelling straight ahead,V1: E  / V2: E,Wet,Daylight,Cloudy,0.52,0,78,62,FALSE,41.94181982,-71.28787462
1972,9/4/2003,September,Thursday,17:18,2,2,1,0,Angle,V1: Turning left / V2: Travelling straight ahead,V1: S  / V2: W,Wet,Daylight,Cloudy/Rain,0.52,0,78,62,FALSE,41.91044592,-71.28309302
1973,9/5/2003,September,Friday,8:25,2,1,1,0,Angle,V1: Travelling straight ahead,V1: N,Dry,Daylight,Clear,0,0,81,59,FALSE,34.24438675,-73.6513909
1974,9/5/2003,September,Friday,21:35,2,2,2,0,Rear-end,V1: Travelling straight ahead / V2: Slowing or stopped in traffic,V1: S  / V2: S,Dry,Dark - lighted roadway,Clear,0,0,81,59,FALSE,34.24438675,-73.6513909
1975,9/5/2003,September,Friday,23:49,1,3,0,0,Rear-end,V1: Travelling straight ahead / V2: Travelling straight ahead / V3: Travelling straight ahead,V1: S  / V2: S  / V3: S,Dry,Dark - roadway not lighted,Clear,0,0,81,59,FALSE,34.24438675,-73.6513909
1976,9/6/2003,September,Saturday,7:46,1,2,0,0,Angle,V1: Entering traffic lane / V2: Travelling straight ahead,V1: E  / V2: E,Dry,Daylight,Cloudy,0,0,79,54,FALSE,41.90500517,-71.33616438
1977,9/6/2003,September,Saturday,10:49,2,2,2,0,Angle,V1: Travelling straight ahead / V2: Travelling straight ahead,V1: 0 / V2: 0,Dry,Daylight,Clear,0,0,79,54,FALSE,41.9370756,-71.28238678
1978,9/6/2003,September,Saturday,12:05,2,5,3,0,Rear-end,V1: Travelling straight ahead / V2: Travelling straight ahead / V3: Travelling straight ahead / V4: 0 / V5: Travelling straight ahead,V1: N  / V2: N  / V3: S  / V4: 0 / V5: N,Dry,Daylight,Clear,0,0,79,54,FALSE,41.90682772,-71.35704387
1979,9/6/2003,September,Saturday,12:50,2,1,1,0,Single vehicle crash,V1: Travelling straight ahead,V1: N,Dry,Daylight,Clear,0,0,79,54,FALSE,41.90208268,-71.35677246
1980,9/6/2003,September,Saturday,15:29,1,2,0,0,Rear-end,V1: Travelling straight ahead / V2: Travelling straight ahead,V1: S  / V2: S,Dry,Daylight,Clear,0,0,79,54,FALSE,41.91277883,-71.30919863
1981,9/7/2003,September,Sunday,4:04,0,4,0,0,"Sideswipe, same direction",V1: 0 / V2: Parked / V3: Parked / V4: Parked,V1: W  / V2: 0 / V3: 0 / V4: 0,Dry,Dark - lighted roadway,Clear,0,0,81,52,FALSE,41.94378666,-71.27555211
1982,9/7/2003,September,Sunday,10:04,1,2,0,0,Rear-end,V1: Travelling straight ahead / V2: Slowing or stopped in traffic,V1: N  / V2: N,Dry,Daylight,Clear,0,0,81,52,FALSE,41.89733197,-71.36979234
1983,9/7/2003,September,Sunday,11:08,2,2,3,0,Angle,V1: Travelling straight ahead / V2: Travelling straight ahead,V1: W  / V2: N,Dry,Daylight,Clear,0,0,81,52,FALSE,41.9404815,-71.28139686
1984,9/7/2003,September,Sunday,14:20,1,2,0,0,Rear-end,V1: Travelling straight ahead / V2: Slowing or stopped in traffic,V1: W  / V2: W,Dry,Daylight,Cloudy,0,0,81,52,FALSE,41.93393836,-71.3077318
1985,9/7/2003,September,Sunday,23:17,1,1,0,0,Single vehicle crash,V1: Travelling straight ahead,V1: W,Dry,Dark - lighted roadway,Clear,0,0,81,52,FALSE,34.24438675,-73.6513909
1986,9/8/2003,September,Monday,7:15,2,2,1,0,Rear-end,V1: Turning right / V2: Slowing or stopped in traffic,V1: E  / V2: E,Dry,Daylight,Cloudy,0,0,73,51,FALSE,41.93608923,-71.296466
1987,9/8/2003,September,Monday,9:03,1,2,0,0,Rear-end,V1: Slowing or stopped in traffic / V2: Slowing or stopped in traffic,V1: E  / V2: E,Dry,Daylight,Clear,0,0,73,51,FALSE,41.94466875,-71.28335786
1988,9/8/2003,September,Monday,10:12,1,2,0,0,Rear-end,V1: Travelling straight ahead / V2: Slowing or stopped in traffic,V1: S  / V2: S,Dry,Daylight,Clear,0,0,73,51,FALSE,41.91711015,-71.37372238
1989,9/8/2003,September,Monday,16:40,0,2,0,0,Rear-end,V1: 0 / V2: 0,V1: 0 / V2: 0,Dry,Daylight,Clear,0,0,73,51,FALSE,41.92240546,-71.28736593
1990,9/8/2003,September,Monday,18:00,1,1,0,0,Single vehicle crash,V1: Travelling straight ahead,V1: N,Dry,Daylight,Clear,0,0,73,51,FALSE,41.95892526,-71.30910841
1991,9/9/2003,September,Tuesday,9:25,1,2,0,0,Rear-end,V1: Travelling straight ahead / V2: Travelling straight ahead,V1: E  / V2: E,Dry,Daylight,Clear,0,0,68,44,FALSE,34.24438675,-73.6513909
1992,9/9/2003,September,Tuesday,14:15,1,2,0,0,Rear-end,V1: Slowing or stopped in traffic / V2: Slowing or stopped in traffic,V1: S  / V2: S,Dry,Daylight,Cloudy,0,0,68,44,FALSE,41.91035947,-71.36314658
1993,9/9/2003,September,Tuesday,17:30,1,2,0,0,Rear-end,V1: Travelling straight ahead / V2: Slowing or stopped in traffic,V1: 0 / V2: 0,Dry,Daylight,Clear,0,0,68,44,FALSE,41.89733197,-71.36979234
1994,9/10/2003,September,Wednesday,1:59,2,1,1,0,Single vehicle crash,V1: Turning right,V1: E,Dry,Dark - lighted roadway,Clear,0,0,76,41,FALSE,41.89618753,-71.37039513
1995,9/10/2003,September,Wednesday,7:06,2,2,1,0,Single vehicle crash,V1: Travelling straight ahead / V2: Slowing or stopped in traffic,V1: E  / V2: E,Dry,Daylight,Clear,0,0,76,41,FALSE,41.93409173,-71.31894301
1996,9/10/2003,September,Wednesday,12:00,1,2,0,0,0,V1: Slowing or stopped in traffic / V2: Overtaking/passing,V1: S  / V2: S,0,Daylight,Clear,0,0,76,41,FALSE,41.91562886,-71.36047108
1997,9/10/2003,September,Wednesday,14:30,1,2,0,0,Rear-end,V1: Travelling straight ahead / V2: Travelling straight ahead,V1: 0 / V2: 0,Dry,Daylight,Clear,0,0,76,41,FALSE,41.94548184,-71.28559201
1998,9/10/2003,September,Wednesday,16:35,0,1,0,0,Single vehicle crash,V1: Turning left,V1: N,Dry,Daylight,Clear,0,0,76,41,FALSE,34.24438675,-73.6513909
1999,9/11/2003,September,Thursday,7:42,1,2,0,0,Rear-end,V1: Entering traffic lane / V2: Entering traffic lane,V1: N  / V2: N,Dry,Daylight,Clear,0,0,77,54,FALSE,41.93397835,-71.31876623
2000,9/11/2003,September,Thursday,10:08,1,2,0,0,Angle,V1: Travelling straight ahead / V2: Turning left,V1: 0 / V2: 0,Dry,Daylight,Clear,0,0,77,54,FALSE,41.9483337,-71.27794679
2001,9/11/2003,September,Thursday,10:45,1,2,0,0,Rear-end,V1: Travelling straight ahead / V2: Travelling straight ahead,V1: N  / V2: N,Dry,Daylight,Clear,0,0,77,54,FALSE,41.90682772,-71.35704387
2002,9/11/2003,September,Thursday,11:17,1,2,0,0,Rear-end,V1: Travelling straight ahead / V2: Travelling straight ahead,V1: 0 / V2: 0,Dry,Daylight,Clear,0,0,77,54,FALSE,41.9483337,-71.27794679
2003,9/11/2003,September,Thursday,15:10,0,2,0,0,Rear-end,V1: Slowing or stopped in traffic / V2: Slowing or stopped in traffic,V1: E  / V2: E,Dry,Daylight,Clear,0,0,77,54,FALSE,34.24438675,-73.6513909
2004,9/11/2003,September,Thursday,16:26,1,2,0,0,Angle,V1: Turning left / V2: Travelling straight ahead,V1: S  / V2: W,Dry,Daylight,Clear,0,0,77,54,FALSE,41.92182373,-71.23910657
2005,9/11/2003,September,Thursday,17:47,1,2,0,0,Angle,V1: Turning left / V2: Travelling straight ahead,V1: S  / V2: 0,Dry,Daylight,Clear,0,0,77,54,FALSE,41.89733197,-71.36979234
2006,9/11/2003,September,Thursday,20:32,1,2,0,0,Angle,V1: Turning right / V2: Travelling straight ahead,V1: 0 / V2: 0,Dry,Dark - lighted roadway,Clear,0,0,77,54,FALSE,41.89618753,-71.37039513
2007,9/12/2003,September,Friday,11:18,1,2,0,0,Angle,V1: Travelling straight ahead / V2: Travelling straight ahead,V1: S  / V2: N,Dry,Daylight,Clear,0,0,72,55,FALSE,41.89733197,-71.36979234
2008,9/12/2003,September,Friday,14:25,1,2,0,0,Angle,V1: Entering traffic lane / V2: Travelling straight ahead,V1: S  / V2: W,Dry,Daylight,Clear,0,0,72,55,FALSE,41.94861042,-71.27758702
2009,9/13/2003,September,Saturday,3:45,1,2,0,0,Angle,V1: Turning left / V2: 0,V1: S  / V2: E,Dry,Daylight,Cloudy,0,0,80,55,FALSE,41.92387717,-71.35158914
2010,9/13/2003,September,Saturday,4:00,1,2,0,0,Rear-end,V1: Slowing or stopped in traffic / V2: Slowing or stopped in traffic,V1: S  / V2: S,Dry,Daylight,Cloudy,0,0,80,55,FALSE,41.90261606,-71.35590689
2011,9/13/2003,September,Saturday,7:52,2,1,1,0,Head-on,V1: Travelling straight ahead,V1: E,Dry,Daylight,Cloudy,0,0,80,55,FALSE,41.94475201,-71.24818949
2012,9/13/2003,September,Saturday,12:34,1,1,0,0,Single vehicle crash,V1: Travelling straight ahead,V1: E,Dry,Daylight,Clear,0,0,80,55,FALSE,41.91289093,-71.32096195
2013,9/13/2003,September,Saturday,16:40,1,1,0,0,Single vehicle crash,V1: Travelling straight ahead,V1: E,Dry,Daylight,Cloudy,0,0,80,55,FALSE,41.90310258,-71.30497528
2014,9/13/2003,September,Saturday,16:54,1,2,0,0,Angle,V1: Turning left / V2: Travelling straight ahead,V1: 0 / V2: S,Dry,Daylight,Cloudy,0,0,80,55,FALSE,41.91969161,-71.35863349
2015,9/14/2003,September,Sunday,17:53,2,2,1,0,Rear-end,V1: Travelling straight ahead / V2: Parked,V1: W  / V2: 0,Dry,Daylight,Clear,0,0,83,64,FALSE,41.90511884,-71.36790685