ID,DATE,Month,Day of week,Crash Time,Crash Severity,Number of Vehicles,Total Nonfatal Injuries,Total Fatal Injuries,Manner of Collision,Vehicle Action Prior to Crash,Vehicle Travel Directions,Road Surface Condition,Ambient Light,Weather Condition,PRCP,SNOW,TMAX,TMIN,Ice,Longtitute,Latitute
2016,9/15/2003,September,Monday,12:10,0,2,0,0,Rear-end,V1: Turning right / V2: 0,V1: W  / V2: 0,Dry,Daylight,Clear,0,0,82,62,FALSE,34.24438675,-73.6513909
2017,9/15/2003,September,Monday,16:33,2,1,1,0,Single vehicle crash,V1: Entering traffic lane,V1: W,Dry,Daylight,Clear,0,0,82,62,FALSE,41.93392895,-71.32206493
2018,9/16/2003,September,Tuesday,5:51,1,1,0,0,0,V1: Travelling straight ahead,V1: 0,Wet,Dark - lighted roadway,Rain,0.55,0,79,59,FALSE,41.93358571,-71.32352844
2019,9/16/2003,September,Tuesday,5:56,2,2,2,0,Head-on,V1: Travelling straight ahead / V2: Travelling straight ahead,V1: W  / V2: E,Wet,Dark - lighted roadway,Rain,0.55,0,79,59,FALSE,41.93505312,-71.29860583
2020,9/16/2003,September,Tuesday,7:10,1,2,0,0,Rear-end,V1: Travelling straight ahead / V2: Slowing or stopped in traffic,V1: E  / V2: E,Wet,Daylight,Cloudy/Rain,0.55,0,79,59,FALSE,41.93262247,-71.32856911
2021,9/16/2003,September,Tuesday,7:58,2,2,1,0,Rear-end,V1: Travelling straight ahead / V2: Slowing or stopped in traffic,V1: W  / V2: W,Wet,Daylight,Cloudy,0.55,0,79,59,FALSE,41.95298935,-71.26866093
2022,9/16/2003,September,Tuesday,8:25,1,2,0,0,Rear-end,V1: Slowing or stopped in traffic / V2: Slowing or stopped in traffic,V1: N  / V2: N,Wet,Daylight,Cloudy/Rain,0.55,0,79,59,FALSE,41.93320327,-71.28501638
2023,9/16/2003,September,Tuesday,16:52,1,2,0,0,Rear-end,V1: Travelling straight ahead / V2: Slowing or stopped in traffic,V1: N  / V2: 0,Dry,Daylight,Cloudy,0.55,0,79,59,FALSE,41.92508738,-71.35628348
2024,9/16/2003,September,Tuesday,18:20,0,2,0,0,Angle,V1: Turning left / V2: Slowing or stopped in traffic,V1: 0 / V2: 0,Dry,Daylight,Clear,0.55,0,79,59,FALSE,34.24438675,-73.6513909
2025,9/16/2003,September,Tuesday,22:56,1,1,0,0,Single vehicle crash,V1: Travelling straight ahead,V1: W,Dry,Dark - lighted roadway,Clear,0.55,0,79,59,FALSE,34.24438675,-73.6513909
2026,9/16/2003,September,Tuesday,22:58,1,1,0,0,Single vehicle crash,V1: Travelling straight ahead,V1: W,Dry,Dark - lighted roadway,Clear,0.55,0,79,59,FALSE,34.24438675,-73.6513909
2027,9/17/2003,September,Wednesday,7:00,2,2,1,0,Angle,V1: Travelling straight ahead / V2: Travelling straight ahead,V1: W  / V2: S,Dry,Daylight,Clear,0,0,77,53,FALSE,41.93830895,-71.28203041
2028,9/17/2003,September,Wednesday,15:00,1,2,0,0,"Sideswipe, opposite direction",V1: Travelling straight ahead / V2: Turning right,V1: N  / V2: 0,Dry,Daylight,Clear,0,0,77,53,FALSE,34.24438675,-73.6513909
2029,9/17/2003,September,Wednesday,17:00,2,2,1,0,Angle,V1: Turning left / V2: Slowing or stopped in traffic,V1: E  / V2: E,Dry,Daylight,Clear,0,0,77,53,FALSE,34.24438675,-73.6513909
2030,9/17/2003,September,Wednesday,17:43,1,2,0,0,Angle,V1: Turning left / V2: Travelling straight ahead,V1: N  / V2: S,Dry,Daylight,Cloudy,0,0,77,53,FALSE,41.90086769,-71.36799095
2031,9/18/2003,September,Thursday,14:44,1,2,0,0,Rear-end,V1: Slowing or stopped in traffic / V2: Backing,V1: W  / V2: W,Dry,Daylight,Clear,0,0,73,57,FALSE,41.94519466,-71.28103716
2032,9/18/2003,September,Thursday,18:25,2,3,1,0,Rear-end,V1: Changing lanes / V2: Slowing or stopped in traffic / V3: Slowing or stopped in traffic,V1: N  / V2: N  / V3: N,Dry,Daylight,Clear,0,0,73,57,FALSE,34.24438675,-73.6513909
2033,9/18/2003,September,Thursday,20:42,1,2,0,0,"Sideswipe, same direction",V1: Changing lanes / V2: Travelling straight ahead,V1: N  / V2: N,Dry,Dark - lighted roadway,Cloudy,0,0,73,57,FALSE,34.24438675,-73.6513909
2034,9/19/2003,September,Friday,7:04,1,2,0,0,Angle,V1: Changing lanes / V2: Turning right,V1: N  / V2: N,Wet,Daylight,Cloudy/Rain,0.47,0,74,63,FALSE,34.24438675,-73.6513909
2035,9/19/2003,September,Friday,9:14,1,2,0,0,Angle,V1: Turning right / V2: Travelling straight ahead,V1: E  / V2: N,Wet,Daylight,Rain,0.47,0,74,63,FALSE,41.91044592,-71.28309302
2036,9/19/2003,September,Friday,10:34,1,2,0,0,Angle,V1: Turning left / V2: Travelling straight ahead,V1: N  / V2: N,Wet,Daylight,Rain,0.47,0,74,63,FALSE,41.95076301,-71.27397064
2037,9/19/2003,September,Friday,23:46,2,3,2,0,Head-on,V1: Turning right / V2: Travelling straight ahead / V3: Travelling straight ahead,V1: N  / V2: E  / V3: W,Dry,Dark - lighted roadway,Clear,0.47,0,74,63,FALSE,41.9156364,-71.32216122
2038,9/20/2003,September,Saturday,0:25,1,2,0,0,Angle,V1: Travelling straight ahead / V2: Travelling straight ahead,V1: N  / V2: E,Wet,Dark - lighted roadway,Cloudy,0,0,85,64,FALSE,41.93269195,-71.32821357
2039,9/20/2003,September,Saturday,7:19,1,1,0,0,Angle,V1: Travelling straight ahead,V1: N,Dry,Daylight,Clear,0,0,85,64,FALSE,41.94430004,-71.28137659
2040,9/20/2003,September,Saturday,12:45,1,2,0,0,Angle,V1: Entering traffic lane / V2: Travelling straight ahead,V1: E  / V2: S,Dry,Daylight,Clear,0,0,85,64,FALSE,41.93306281,-71.28502226
2041,9/20/2003,September,Saturday,14:47,0,2,0,0,"Sideswipe, same direction",V1: Parked / V2: 0,V1: 0 / V2: 0,Dry,Dark - lighted roadway,Cloudy,0,0,85,64,FALSE,41.93711969,-71.28279443
2042,9/22/2003,September,Monday,15:09,2,2,1,0,Angle,V1: Travelling straight ahead / V2: Travelling straight ahead,V1: W  / V2: S,Dry,Daylight,Cloudy,0,0,75,53,FALSE,41.89733197,-71.36979234
2043,9/23/2003,September,Tuesday,6:40,1,2,0,0,"Sideswipe, same direction",V1: Overtaking/passing / V2: Slowing or stopped in traffic,V1: E  / V2: E,Dry,Daylight,Cloudy,0.17,0,74,57,FALSE,41.9374227,-71.29402673
2044,9/23/2003,September,Tuesday,13:00,1,1,0,0,Single vehicle crash,V1: Parked,V1: W,Dry,Daylight,Clear,0.17,0,74,57,FALSE,34.24438675,-73.6513909
2045,9/23/2003,September,Tuesday,14:51,1,2,0,0,Rear-end,V1: Travelling straight ahead / V2: Slowing or stopped in traffic,V1: E  / V2: E,Dry,Daylight,Clear,0.17,0,74,57,FALSE,34.24438675,-73.6513909
2046,9/23/2003,September,Tuesday,18:20,2,2,1,0,Rear-end,V1: Slowing or stopped in traffic / V2: Slowing or stopped in traffic,V1: S  / V2: S,Wet,Daylight,Cloudy,0.17,0,74,57,FALSE,34.24438675,-73.6513909
2047,9/24/2003,September,Wednesday,7:10,1,2,0,0,Rear-end,V1: Travelling straight ahead / V2: Travelling straight ahead,V1: N  / V2: N,Dry,Daylight,Clear,0,0,77,51,FALSE,34.24438675,-73.6513909
2048,9/24/2003,September,Wednesday,10:15,2,2,2,0,Angle,V1: Travelling straight ahead / V2: Travelling straight ahead,V1: E  / V2: E,Dry,Daylight,Clear,0,0,77,51,FALSE,41.94330896,-71.27265641
2049,9/24/2003,September,Wednesday,19:12,2,2,1,0,Rear-end,V1: Travelling straight ahead / V2: Slowing or stopped in traffic,V1: N  / V2: N,Dry,Dusk,Cloudy,0,0,77,51,FALSE,34.24438675,-73.6513909
2050,9/25/2003,September,Thursday,14:19,1,3,0,0,Rear-end,V1: Travelling straight ahead / V2: Slowing or stopped in traffic / V3: Slowing or stopped in traffic,V1: N  / V2: N  / V3: N,Dry,Daylight,Clear,0,0,77,51,FALSE,41.9396344,-71.26732859
2051,9/25/2003,September,Thursday,15:04,1,2,0,0,Angle,V1: Turning right / V2: Travelling straight ahead,V1: 0 / V2: 0,Dry,Daylight,Clear,0,0,77,51,FALSE,41.95568257,-71.28823954
2052,9/25/2003,September,Thursday,16:15,1,2,0,0,Rear-end,V1: Travelling straight ahead / V2: Travelling straight ahead,V1: S  / V2: W,Dry,Daylight,Clear,0,0,77,51,FALSE,41.93304448,-71.28634923
2053,9/26/2003,September,Friday,8:17,1,2,0,0,Rear-end,V1: Slowing or stopped in traffic / V2: Slowing or stopped in traffic,V1: 0 / V2: 0,Dry,Daylight,Clear,0,0,74,59,FALSE,41.9639532,-71.28917112
2054,9/26/2003,September,Friday,16:16,1,3,0,0,Rear-end,V1: Travelling straight ahead / V2: Slowing or stopped in traffic / V3: Slowing or stopped in traffic,V1: W  / V2: W  / V3: W,Dry,Daylight,Cloudy,0,0,74,59,FALSE,34.24438675,-73.6513909
2055,9/27/2003,September,Saturday,12:47,1,3,0,0,Rear-end,V1: Travelling straight ahead / V2: Travelling straight ahead / V3: Travelling straight ahead,V1: S  / V2: S  / V3: S,Dry,Daylight,Clear,0,0,82,60,FALSE,34.24438675,-73.6513909
2056,9/27/2003,September,Saturday,23:26,2,1,1,0,Single vehicle crash,V1: Travelling straight ahead,V1: N,Dry,Dark - lighted roadway,Cloudy,0,0,82,60,FALSE,41.90460321,-71.32429942
2057,9/28/2003,September,Sunday,14:35,1,2,0,0,Rear-end,V1: Travelling straight ahead / V2: Travelling straight ahead,V1: S  / V2: S,Wet,Daylight,Cloudy/Rain,0.32,0,74,64,FALSE,41.91982212,-71.35857678
2058,9/28/2003,September,Sunday,15:05,1,1,0,0,Rear-end,V1: Travelling straight ahead,V1: S,Wet,Daylight,Cloudy/Rain,0.32,0,74,64,FALSE,41.92014284,-71.35719783
2059,9/28/2003,September,Sunday,15:19,1,3,0,0,Rear-end,V1: Travelling straight ahead / V2: Travelling straight ahead / V3: Slowing or stopped in traffic,V1: W  / V2: W  / V3: S,Wet,Daylight,Cloudy/Rain,0.32,0,74,64,FALSE,41.92230442,-71.35423278
2060,9/28/2003,September,Sunday,15:42,1,2,0,0,Rear-end,V1: Travelling straight ahead / V2: Slowing or stopped in traffic,V1: S  / V2: E,Wet,Daylight,Cloudy/Rain,0.32,0,74,64,FALSE,41.92508738,-71.35628348
2061,9/29/2003,September,Monday,2:00,1,1,0,0,Single vehicle crash,V1: Travelling straight ahead,V1: S,0,Dark - roadway not lighted,Clear,0.04,0,73,47,FALSE,41.9030238,-71.35448079
2062,9/29/2003,September,Monday,7:53,2,2,2,0,Angle,V1: Turning left / V2: Travelling straight ahead,V1: E  / V2: N,Dry,Daylight,Clear,0.04,0,73,47,FALSE,34.24438675,-73.6513909
2063,9/29/2003,September,Monday,9:33,2,2,2,0,Angle,V1: Entering traffic lane / V2: Travelling straight ahead,V1: S  / V2: W,Dry,Daylight,Clear,0.04,0,73,47,FALSE,34.24438675,-73.6513909
2064,9/29/2003,September,Monday,10:37,2,2,1,0,Angle,V1: Travelling straight ahead / V2: Travelling straight ahead,V1: N  / V2: E,Dry,Daylight,Clear,0.04,0,73,47,FALSE,41.92241545,-71.31336866
2065,9/29/2003,September,Monday,11:01,1,2,0,0,Rear-end,V1: Backing / V2: Travelling straight ahead,V1: W  / V2: E,Dry,Daylight,Clear,0.04,0,73,47,FALSE,41.89733197,-71.36979234
2066,9/30/2003,September,Tuesday,21:24,1,2,0,0,Rear-end,V1: Travelling straight ahead / V2: Slowing or stopped in traffic,V1: S  / V2: S,Dry,Dark - lighted roadway,Cloudy,0,0,69,40,FALSE,41.92299535,-71.35720066
2067,10/1/2003,October,Wednesday,0:45,1,2,0,0,Rear-end,V1: Travelling straight ahead / V2: Travelling straight ahead,V1: S  / V2: S,Dry,Dark - roadway not lighted,Clear,0,0,66,39,FALSE,41.90589381,-71.34626096
2068,10/1/2003,October,Wednesday,20:58,1,2,0,0,Angle,V1: Travelling straight ahead / V2: Slowing or stopped in traffic,V1: S  / V2: S,Dry,Dark - lighted roadway,Cloudy,0,0,66,39,FALSE,41.91982212,-71.35857678
2069,10/2/2003,October,Thursday,5:09,2,1,1,0,Single vehicle crash,V1: Travelling straight ahead,V1: S,Wet,Dark - lighted roadway,Rain,0.04,0,65,38,FALSE,41.9202827,-71.30798058
2070,10/2/2003,October,Thursday,18:17,1,2,0,0,0,V1: Travelling straight ahead / V2: Turning left,V1: N  / V2: S,Dry,Daylight,Clear,0.04,0,65,38,FALSE,41.93830895,-71.28203041
2071,10/3/2003,October,Friday,16:30,1,2,0,0,Rear-to-rear,V1: Backing / V2: Backing,V1: 0 / V2: 0,Dry,Daylight,Clear,0,0,60,35,FALSE,34.24438675,-73.6513909
2072,10/3/2003,October,Friday,19:00,1,2,0,0,Angle,V1: Travelling straight ahead / V2: Turning right,V1: E  / V2: S,Dry,Dark - lighted roadway,Clear,0,0,60,35,FALSE,41.95441746,-71.25463983
2073,10/3/2003,October,Friday,19:32,1,2,0,0,Rear-end,V1: Slowing or stopped in traffic / V2: Slowing or stopped in traffic,V1: N  / V2: N,Dry,Dark - lighted roadway,Cloudy,0,0,60,35,FALSE,34.24438675,-73.6513909
2074,10/4/2003,October,Saturday,2:18,2,2,2,0,Rear-end,V1: Travelling straight ahead / V2: Travelling straight ahead,V1: S  / V2: S,Dry,Dark - roadway not lighted,Cloudy,0.1,0,62,37,FALSE,41.91056608,-71.33957667
2075,10/4/2003,October,Saturday,6:40,2,1,1,0,Single vehicle crash,V1: Leaving traffic lane,V1: S,Dry,Dawn,Clear,0.1,0,62,37,FALSE,41.90238589,-71.35672422
2076,10/4/2003,October,Saturday,13:30,1,2,0,0,Angle,V1: Turning right / V2: Turning right,V1: E  / V2: E,Wet,Daylight,Rain,0.1,0,62,37,FALSE,34.24438675,-73.6513909
2077,10/4/2003,October,Saturday,19:05,2,2,1,0,Angle,V1: Turning left / V2: Travelling straight ahead,V1: W  / V2: N,Wet,Dark - lighted roadway,Cloudy,0.1,0,62,37,FALSE,41.89733197,-71.36979234
2078,10/5/2003,October,Sunday,0:23,1,2,0,0,Rear-end,V1: Travelling straight ahead / V2: Slowing or stopped in traffic,V1: S  / V2: S,Dry,Dark - roadway not lighted,Clear,0,0,61,37,FALSE,41.91598308,-71.33491416
2079,10/5/2003,October,Sunday,15:23,1,2,0,0,"Sideswipe, same direction",V1: Travelling straight ahead / V2: 0,V1: N  / V2: 0,Dry,Daylight,Clear,0,0,61,37,FALSE,41.89733197,-71.36979234
2080,10/5/2003,October,Sunday,17:05,0,2,0,0,Rear-end,V1: Travelling straight ahead / V2: Slowing or stopped in traffic,V1: S  / V2: S,Dry,Daylight,Clear,0,0,61,37,FALSE,34.24438675,-73.6513909
2081,10/5/2003,October,Sunday,18:15,1,2,0,0,Rear-end,V1: Travelling straight ahead / V2: Travelling straight ahead,V1: W  / V2: W,Dry,Dusk,Clear,0,0,61,37,FALSE,41.93268269,-71.29622047
2082,10/6/2003,October,Monday,0:08,2,2,1,0,Head-on,V1: Turning right / V2: Slowing or stopped in traffic,V1: S  / V2: E,Dry,Dark - lighted roadway,Clear,0,0,61,32,TRUE,34.24438675,-73.6513909
2083,10/6/2003,October,Monday,4:30,1,2,0,0,Rear-to-rear,V1: Backing / V2: Backing,V1: S  / V2: N,Dry,Daylight,Clear,0,0,61,32,TRUE,34.24438675,-73.6513909
2084,10/6/2003,October,Monday,7:35,0,1,0,0,Single vehicle crash,V1: Backing,V1: E,Dry,Daylight,Clear,0,0,61,32,TRUE,34.24438675,-73.6513909
2085,10/6/2003,October,Monday,10:12,1,3,0,0,Rear-end,V1: Travelling straight ahead / V2: Travelling straight ahead / V3: Travelling straight ahead,V1: E  / V2: E  / V3: E,Dry,Daylight,Clear,0,0,61,32,TRUE,41.93874704,-71.29215576
2086,10/6/2003,October,Monday,14:20,0,2,0,0,Angle,V1: Travelling straight ahead / V2: Parked,V1: E  / V2: S,Dry,Daylight,Clear,0,0,61,32,TRUE,41.90743782,-71.36078469
2087,10/6/2003,October,Monday,15:15,0,2,0,0,Angle,V1: Turning left / V2: Travelling straight ahead,V1: E  / V2: W,Dry,Daylight,Clear,0,0,61,32,TRUE,34.24438675,-73.6513909
2088,10/6/2003,October,Monday,15:16,1,2,0,0,Rear-end,V1: Travelling straight ahead / V2: Travelling straight ahead,V1: W  / V2: W,Dry,Daylight,Clear,0,0,61,32,TRUE,41.93920171,-71.29154003
2089,10/6/2003,October,Monday,18:20,2,2,1,0,"Sideswipe, same direction",V1: Overtaking/passing / V2: Turning right,V1: S  / V2: S,Dry,Dusk,Clear,0,0,61,32,TRUE,41.9240397,-71.35674635
2090,10/6/2003,October,Monday,19:20,2,2,2,0,Rear-end,V1: Slowing or stopped in traffic / V2: Slowing or stopped in traffic,V1: S  / V2: S,Dry,Dark - lighted roadway,Cloudy,0,0,61,32,TRUE,41.91653724,-71.36001753
2091,10/6/2003,October,Monday,22:58,2,2,1,0,Angle,V1: 0 / V2: 0,V1: 0 / V2: 0,Dry,Dark - roadway not lighted,Clear,0,0,61,32,TRUE,41.90472193,-71.30153289
2092,10/8/2003,October,Wednesday,16:45,0,2,0,0,Angle,V1: Turning right / V2: 0,V1: W  / V2: N,Dry,Daylight,Clear,0,0,75,40,FALSE,41.94231024,-71.28253433
2093,10/9/2003,October,Thursday,3:10,0,1,0,0,Single vehicle crash,V1: Travelling straight ahead,V1: 0,Wet,Dark - roadway not lighted,Fog,0,0,75,51,FALSE,41.9399093,-71.25141726
2094,10/9/2003,October,Thursday,3:37,0,1,0,0,Single vehicle crash,V1: Travelling straight ahead,V1: E,Wet,Dark - lighted roadway,Fog,0,0,75,51,FALSE,41.9399093,-71.25141726
2095,10/9/2003,October,Thursday,9:00,1,2,0,0,Angle,V1: Travelling straight ahead / V2: Travelling straight ahead,V1: E  / V2: N,Dry,Daylight,Clear,0,0,75,51,FALSE,41.93505312,-71.29860583
2096,10/9/2003,October,Thursday,13:55,1,1,0,0,Single vehicle crash,V1: Travelling straight ahead,V1: E,Dry,Daylight,Clear,0,0,75,51,FALSE,41.95452378,-71.25066131
2097,10/9/2003,October,Thursday,16:10,2,2,2,0,Angle,V1: Turning left / V2: Travelling straight ahead,V1: N  / V2: S,Dry,Daylight,Clear,0,0,75,51,FALSE,41.93914023,-71.2762878
2098,10/9/2003,October,Thursday,19:10,2,2,2,0,Rear-end,V1: Slowing or stopped in traffic / V2: Entering traffic lane,V1: N  / V2: N,Dry,Dark - lighted roadway,Cloudy,0,0,75,51,FALSE,34.24438675,-73.6513909
2099,10/9/2003,October,Thursday,19:30,1,1,0,0,Single vehicle crash,V1: Travelling straight ahead,V1: E,Wet,Dark - lighted roadway,Cloudy,0,0,75,51,FALSE,34.24438675,-73.6513909
2100,10/10/2003,October,Friday,2:19,2,1,1,0,Single vehicle crash,V1: Travelling straight ahead,V1: E,Wet,Dark - lighted roadway,Fog,0.02,0,68,52,FALSE,41.92829403,-71.24609797
2101,10/10/2003,October,Friday,2:47,1,1,0,0,Single vehicle crash,V1: Travelling straight ahead,V1: S,Dry,Dark - lighted roadway,Cloudy,0.02,0,68,52,FALSE,41.92513675,-71.35626192
2102,10/10/2003,October,Friday,7:00,2,2,1,0,Angle,V1: Travelling straight ahead / V2: Travelling straight ahead,V1: W  / V2: E,Wet,Daylight,Rain,0.02,0,68,52,FALSE,34.24438675,-73.6513909
2103,10/10/2003,October,Friday,11:30,2,2,2,0,Angle,V1: Travelling straight ahead / V2: Turning left,V1: E  / V2: N,Dry,Daylight,Cloudy,0.02,0,68,52,FALSE,41.9483337,-71.27794679
2104,10/10/2003,October,Friday,16:54,2,2,1,0,Angle,V1: Travelling straight ahead / V2: Travelling straight ahead,V1: E  / V2: S,Dry,Daylight,Clear,0.02,0,68,52,FALSE,34.24438675,-73.6513909
2105,10/10/2003,October,Friday,17:23,2,2,1,0,Rear-end,V1: Slowing or stopped in traffic / V2: Travelling straight ahead,V1: N  / V2: N,Dry,Daylight,Clear,0.02,0,68,52,FALSE,41.90261606,-71.35590689
2106,10/10/2003,October,Friday,20:33,2,2,1,0,Rear-end,V1: Slowing or stopped in traffic / V2: Overtaking/passing,V1: N  / V2: N,Dry,Dark - lighted roadway,Clear,0.02,0,68,52,FALSE,41.92014284,-71.35719783
2107,10/10/2003,October,Friday,22:07,1,1,0,0,Single vehicle crash,V1: Travelling straight ahead,V1: E,Dry,Dark - lighted roadway,Clear,0.02,0,68,52,FALSE,41.90467649,-71.32396108
2108,10/11/2003,October,Saturday,20:00,2,2,1,0,Rear-end,V1: Slowing or stopped in traffic / V2: Slowing or stopped in traffic,V1: S  / V2: S,Dry,Dark - lighted roadway,Clear,0,0,66,51,FALSE,41.90231125,-71.35597671
2109,10/12/2003,October,Sunday,11:00,0,2,0,0,Angle,V1: Turning left / V2: Travelling straight ahead,V1: 0 / V2: W,Wet,Daylight,Cloudy/Rain,0.28,0,58,51,FALSE,41.94696934,-71.27969405
2110,10/12/2003,October,Sunday,12:28,2,3,4,0,Rear-end,V1: Travelling straight ahead / V2: Slowing or stopped in traffic / V3: Slowing or stopped in traffic,V1: W  / V2: W  / V3: W,Wet,Daylight,Cloudy/Rain,0.28,0,58,51,FALSE,41.92543824,-71.34802099
2111,10/12/2003,October,Sunday,14:19,2,2,1,0,Rear-end,V1: Travelling straight ahead / V2: Slowing or stopped in traffic,V1: S  / V2: S,Wet,Daylight,Rain,0.28,0,58,51,FALSE,41.92644259,-71.35554103
2112,10/12/2003,October,Sunday,15:30,0,2,0,0,Angle,V1: Turning left / V2: Travelling straight ahead,V1: N  / V2: S,Wet,Daylight,Cloudy/Rain,0.28,0,58,51,FALSE,41.93431274,-71.24972247
2113,10/12/2003,October,Sunday,19:09,0,2,0,0,0,V1: 0 / V2: 0,V1: W  / V2: W,Wet,Dark - roadway not lighted,Rain,0.28,0,58,51,FALSE,41.93358571,-71.32352844
2114,10/14/2003,October,Tuesday,0:39,0,2,0,0,"Sideswipe, same direction",V1: Parked / V2: 0,V1: 0 / V2: 0,Slush,Daylight,Clear,0,0,67,39,FALSE,41.94366923,-71.27943503
2115,10/14/2003,October,Tuesday,6:40,2,2,1,0,Rear-end,V1: Slowing or stopped in traffic / V2: Travelling straight ahead,V1: N  / V2: N,Dry,Dawn,Clear,0,0,67,39,FALSE,41.95517465,-71.30396867
2116,10/14/2003,October,Tuesday,7:36,1,2,0,0,Rear-end,V1: Travelling straight ahead / V2: Slowing or stopped in traffic,V1: N  / V2: N,Dry,Daylight,Clear,0,0,67,39,FALSE,41.96495942,-71.28974962
2117,10/14/2003,October,Tuesday,10:12,2,2,2,0,Rear-end,V1: Slowing or stopped in traffic / V2: Travelling straight ahead,V1: W  / V2: W,Dry,Dark - lighted roadway,Clear,0,0,67,39,FALSE,41.93269195,-71.32821357
2118,10/14/2003,October,Tuesday,14:02,2,3,1,0,Rear-end,V1: Travelling straight ahead / V2: Slowing or stopped in traffic / V3: Slowing or stopped in traffic,V1: N  / V2: N  / V3: N,Dry,Daylight,Clear,0,0,67,39,FALSE,34.24438675,-73.6513909
2119,10/14/2003,October,Tuesday,16:32,1,3,0,0,Rear-end,V1: Travelling straight ahead / V2: Slowing or stopped in traffic / V3: Slowing or stopped in traffic,V1: E  / V2: E  / V3: 0,Dry,Daylight,Clear,0,0,67,39,FALSE,34.24438675,-73.6513909
2120,10/15/2003,October,Wednesday,8:20,2,2,1,0,Rear-end,V1: Travelling straight ahead / V2: Slowing or stopped in traffic,V1: W  / V2: W,Wet,Daylight,Cloudy,1.98,0,64,50,FALSE,41.93405012,-71.31579284
2121,10/15/2003,October,Wednesday,13:17,1,2,0,0,Angle,V1: Turning left / V2: Travelling straight ahead,V1: S  / V2: S,Dry,Dusk,Cloudy,1.98,0,64,50,FALSE,41.90653297,-71.36511207
2122,10/16/2003,October,Thursday,9:30,1,2,0,0,Angle,V1: Changing lanes / V2: Slowing or stopped in traffic,V1: S  / V2: S,Dry,Daylight,Cloudy,0,0,64,42,FALSE,41.89841145,-71.37009489
2123,10/16/2003,October,Thursday,10:40,2,2,1,0,Angle,V1: Travelling straight ahead / V2: Making U-turn,V1: S  / V2: S,Dry,Daylight,Clear,0,0,64,42,FALSE,41.90796653,-71.35739499
2124,10/16/2003,October,Thursday,17:17,0,1,0,0,0,V1: Travelling straight ahead,V1: E,Dry,Daylight,Clear,0,0,64,42,FALSE,34.24438675,-73.6513909
2125,10/17/2003,October,Friday,9:00,2,2,1,0,Rear-end,V1: Slowing or stopped in traffic / V2: Travelling straight ahead,V1: 0 / V2: 0,Dry,Daylight,Clear,0.11,0,61,40,FALSE,41.89541252,-71.37076533
2126,10/17/2003,October,Friday,15:35,0,2,0,0,Rear-end,V1: Other / V2: Other,V1: N  / V2: N,Dry,Daylight,Clear,0.11,0,61,40,FALSE,41.92495694,-71.35634048
2127,10/17/2003,October,Friday,19:19,1,2,0,0,Angle,V1: Backing / V2: Parked,V1: E  / V2: 0,Wet,Dark - lighted roadway,Cloudy/Rain,0.11,0,61,40,FALSE,41.94665918,-71.28996628
2128,10/17/2003,October,Friday,23:10,2,1,1,0,Single vehicle crash,V1: Travelling straight ahead,V1: 0,Wet,Dark - lighted roadway,Rain,0.11,0,61,40,FALSE,34.24438675,-73.6513909
2129,10/18/2003,October,Saturday,0:03,1,1,0,0,Single vehicle crash,V1: Travelling straight ahead,V1: 0,Wet,Dark - lighted roadway,Cloudy/Rain,0.22,0,55,35,FALSE,41.94430004,-71.28137659
2130,10/18/2003,October,Saturday,0:17,2,2,3,0,Angle,V1: Travelling straight ahead / V2: Travelling straight ahead,V1: E  / V2: W,Wet,Dark - lighted roadway,Rain,0.22,0,55,35,FALSE,41.90925405,-71.29445491
2131,10/18/2003,October,Saturday,1:10,2,2,1,0,Rear-end,V1: Travelling straight ahead / V2: Travelling straight ahead,V1: S  / V2: S,Wet,Dark - roadway not lighted,Rain,0.22,0,55,35,FALSE,41.90238589,-71.35672422
2132,10/18/2003,October,Saturday,12:10,2,2,2,0,Angle,V1: Entering traffic lane / V2: Travelling straight ahead,V1: E  / V2: N,Dry,Daylight,Clear,0.22,0,55,35,FALSE,41.91035947,-71.36314658
2133,10/18/2003,October,Saturday,17:20,2,2,1,0,Rear-end,V1: Travelling straight ahead / V2: Travelling straight ahead,V1: E  / V2: E,Dry,Daylight,Clear,0.22,0,55,35,FALSE,34.24438675,-73.6513909
2134,10/19/2003,October,Sunday,1:55,2,1,2,0,Single vehicle crash,V1: Travelling straight ahead,V1: N,Dry,Dark - lighted roadway,Clear,0.29,0,42,31,TRUE,34.24438675,-73.6513909
2135,10/19/2003,October,Sunday,13:03,2,2,1,0,Rear-end,V1: Travelling straight ahead / V2: Slowing or stopped in traffic,V1: N  / V2: N,Wet,Daylight,Cloudy/Rain,0.29,0,42,31,TRUE,41.92614915,-71.34628794
2136,10/19/2003,October,Sunday,19:30,0,1,0,0,Single vehicle crash,V1: Turning left,V1: N,Wet,Dark - lighted roadway,Rain,0.29,0,42,31,TRUE,34.24438675,-73.6513909
2137,10/20/2003,October,Monday,7:05,1,2,0,0,"Sideswipe, opposite direction",V1: Travelling straight ahead / V2: Travelling straight ahead,V1: S  / V2: N,Dry,Daylight,Clear,0,0,56,28,TRUE,34.24438675,-73.6513909
2138,10/20/2003,October,Monday,7:20,2,1,1,0,Single vehicle crash,V1: Travelling straight ahead,V1: S,Ice,Daylight,Clear,0,0,56,28,TRUE,34.24438675,-73.6513909