ID,DATE,Month,Day of week,Crash Time,Crash Severity,Number of Vehicles,Total Nonfatal Injuries,Total Fatal Injuries,Manner of Collision,Vehicle Action Prior to Crash,Vehicle Travel Directions,Road Surface Condition,Ambient Light,Weather Condition,PRCP,SNOW,TMAX,TMIN,Ice,Longtitute,Latitute
2139,10/20/2003,October,Monday,7:30,2,2,1,0,Rear-end,V1: 0 / V2: Slowing or stopped in traffic,V1: 0 / V2: E,Dry,Daylight,Clear,0,0,56,28,TRUE,34.24438675,-73.6513909
2140,10/20/2003,October,Monday,16:30,2,2,1,0,Rear-end,V1: Slowing or stopped in traffic / V2: Travelling straight ahead,V1: S  / V2: S,Wet,Dark - roadway not lighted,Clear,0,0,56,28,TRUE,34.24438675,-73.6513909
2141,10/20/2003,October,Monday,19:28,1,2,0,0,"Sideswipe, same direction",V1: Slowing or stopped in traffic / V2: Travelling straight ahead,V1: W  / V2: W,Dry,Dark - lighted roadway,Clear,0,0,56,28,TRUE,41.90226339,-71.33980651
2142,10/21/2003,October,Tuesday,12:44,2,2,2,0,Angle,V1: Changing lanes / V2: Travelling straight ahead,V1: E  / V2: E,Wet,Dark - lighted roadway,Cloudy,0.09,0,67,44,FALSE,34.24438675,-73.6513909
2143,10/21/2003,October,Tuesday,15:30,1,2,0,0,Angle,V1: Turning left / V2: Travelling straight ahead,V1: N  / V2: S,Dry,Daylight,Clear,0.09,0,67,44,FALSE,41.91982212,-71.35857678
2144,10/21/2003,October,Tuesday,16:30,1,1,0,0,Single vehicle crash,V1: Turning right,V1: W,Dry,Daylight,Cloudy,0.09,0,67,44,FALSE,41.89951037,-71.35762293
2145,10/21/2003,October,Tuesday,17:30,1,2,0,0,Angle,V1: Turning left / V2: Travelling straight ahead,V1: 0 / V2: W,Dry,Dusk,Cloudy,0.09,0,67,44,FALSE,34.24438675,-73.6513909
2146,10/21/2003,October,Tuesday,20:24,1,2,0,0,Angle,V1: Turning right / V2: Travelling straight ahead,V1: E  / V2: S,Wet,Dark - lighted roadway,Cloudy,0.09,0,67,44,FALSE,34.24438675,-73.6513909
2147,10/22/2003,October,Wednesday,6:10,2,3,1,0,Rear-end,V1: Slowing or stopped in traffic / V2: Travelling straight ahead / V3: Slowing or stopped in traffic,V1: S  / V2: S  / V3: S,Dry,Dark - lighted roadway,Clear,0.05,0,52,38,FALSE,34.24438675,-73.6513909
2148,10/22/2003,October,Wednesday,7:50,1,2,0,0,Angle,V1: Turning left / V2: Travelling straight ahead,V1: E  / V2: S,Wet,Daylight,Rain,0.05,0,52,38,FALSE,34.24438675,-73.6513909
2149,10/22/2003,October,Wednesday,18:40,0,2,0,0,Angle,V1: Turning left / V2: Travelling straight ahead,V1: S  / V2: N,Dry,Dark - lighted roadway,Cloudy,0.05,0,52,38,FALSE,41.96145861,-71.28796262
2150,10/23/2003,October,Thursday,7:45,1,2,0,0,Rear-end,V1: Slowing or stopped in traffic / V2: Travelling straight ahead,V1: E  / V2: 0,Dry,Daylight,Clear,0.04,0,41,31,TRUE,41.93393836,-71.3077318
2151,10/23/2003,October,Thursday,13:20,1,2,0,0,Angle,V1: Turning left / V2: Travelling straight ahead,V1: W  / V2: N,Dry,Daylight,Cloudy,0.04,0,41,31,TRUE,41.90628791,-71.36524022
2152,10/23/2003,October,Thursday,17:17,1,2,0,0,Angle,V1: Travelling straight ahead / V2: Travelling straight ahead,V1: E  / V2: S,Wet,Daylight,Cloudy,0.04,0,41,31,TRUE,34.24438675,-73.6513909
2153,10/24/2003,October,Friday,6:29,2,1,1,0,Single vehicle crash,V1: Travelling straight ahead,V1: N,Dry,Dark - lighted roadway,Clear,0,0,47,27,TRUE,41.90230457,-71.36725828
2154,10/24/2003,October,Friday,17:00,1,2,0,0,Angle,V1: Entering traffic lane / V2: Travelling straight ahead,V1: E  / V2: S,Wet,Dark - lighted roadway,Cloudy/Rain,0,0,47,27,TRUE,34.24438675,-73.6513909
2155,10/24/2003,October,Friday,17:36,2,2,1,0,Angle,V1: Turning left / V2: Travelling straight ahead,V1: N  / V2: 0,Dry,Daylight,Clear,0,0,47,27,TRUE,41.92508738,-71.35628348
2156,10/25/2003,October,Saturday,2:25,1,1,0,0,Single vehicle crash,V1: Travelling straight ahead,V1: 0,Dry,Dark - lighted roadway,Clear,0,0,57,24,TRUE,41.89804027,-71.37674712
2157,10/25/2003,October,Saturday,10:22,2,1,1,0,Single vehicle crash,V1: Travelling straight ahead,V1: S,Dry,Dark - lighted roadway,Clear,0,0,57,24,TRUE,41.95139863,-71.28993046
2158,10/25/2003,October,Saturday,16:10,1,2,0,0,Rear-end,V1: Slowing or stopped in traffic / V2: Travelling straight ahead,V1: S  / V2: S,Dry,Daylight,Clear,0,0,57,24,TRUE,41.94964008,-71.30006257
2159,10/25/2003,October,Saturday,21:15,2,2,1,0,Head-on,V1: 0 / V2: 0,V1: 0 / V2: 0,Dry,Dark - lighted roadway,Clear,0,0,57,24,TRUE,34.24438675,-73.6513909
2160,10/26/2003,October,Sunday,3:30,1,2,0,0,Rear-end,V1: Slowing or stopped in traffic / V2: Slowing or stopped in traffic,V1: E  / V2: E,Wet,Daylight,Cloudy/Rain,0.06,0,62,44,FALSE,34.24438675,-73.6513909
2161,10/26/2003,October,Sunday,10:52,2,2,1,0,Rear-end,V1: Travelling straight ahead / V2: Slowing or stopped in traffic,V1: W  / V2: W,Wet,Daylight,Cloudy,0.06,0,62,44,FALSE,34.24438675,-73.6513909
2162,10/26/2003,October,Sunday,16:16,2,2,1,0,Angle,V1: Turning left / V2: Travelling straight ahead,V1: E  / V2: S,Wet,Dusk,Rain,0.06,0,62,44,FALSE,41.93306281,-71.28502226
2163,10/27/2003,October,Monday,2:34,1,2,0,0,Angle,V1: 0 / V2: 0,V1: 0 / V2: N,Wet,Daylight,Rain,1.39,0,67,56,FALSE,34.24438675,-73.6513909
2164,10/27/2003,October,Monday,5:52,2,2,1,0,Angle,V1: Travelling straight ahead / V2: Travelling straight ahead,V1: E  / V2: S,Wet,Dark - lighted roadway,Rain,1.39,0,67,56,FALSE,41.95076301,-71.27397064
2165,10/27/2003,October,Monday,7:03,1,2,0,0,Angle,V1: Travelling straight ahead / V2: Slowing or stopped in traffic,V1: S  / V2: 0,Wet,Daylight,Rain,1.39,0,67,56,FALSE,41.89618753,-71.37039513
2166,10/27/2003,October,Monday,7:54,2,2,1,0,Angle,V1: Entering traffic lane / V2: Travelling straight ahead,V1: E  / V2: S,Wet,Daylight,Cloudy,1.39,0,67,56,FALSE,41.94802805,-71.29333626
2167,10/27/2003,October,Monday,14:00,0,2,0,0,Angle,V1: Changing lanes / V2: Travelling straight ahead,V1: N  / V2: N,Wet,Daylight,Rain,1.39,0,67,56,FALSE,41.93441809,-71.31868737
2168,10/27/2003,October,Monday,15:40,1,2,0,0,Rear-end,V1: Travelling straight ahead / V2: Slowing or stopped in traffic,V1: N  / V2: N,Wet,Daylight,Rain,1.39,0,67,56,FALSE,41.94951903,-71.2898308
2169,10/27/2003,October,Monday,16:14,2,2,2,0,Head-on,V1: Other / V2: 0,V1: E  / V2: W,Wet,Dark - lighted roadway,Cloudy/Rain,1.39,0,67,56,FALSE,41.9126091,-71.27093992
2170,10/27/2003,October,Monday,18:37,1,2,0,0,Angle,V1: Turning left / V2: Slowing or stopped in traffic,V1: S  / V2: W,Wet,Dark - lighted roadway,Rain,1.39,0,67,56,FALSE,41.93505312,-71.29860583
2171,10/28/2003,October,Tuesday,17:00,2,1,1,0,Single vehicle crash,V1: Travelling straight ahead,V1: S,Dry,Dusk,Cloudy,0.07,0,62,46,FALSE,34.24438675,-73.6513909
2172,10/29/2003,October,Wednesday,7:29,1,2,0,0,Rear-end,V1: Travelling straight ahead / V2: Turning right,V1: N  / V2: N,Wet,Daylight,Cloudy/Rain,1.35,0,70,48,FALSE,34.24438675,-73.6513909
2173,10/29/2003,October,Wednesday,12:52,2,2,1,0,Angle,V1: Slowing or stopped in traffic / V2: Travelling straight ahead,V1: W  / V2: E,Wet,Daylight,Rain,1.35,0,70,48,FALSE,34.24438675,-73.6513909
2174,10/29/2003,October,Wednesday,15:35,1,1,0,0,Single vehicle crash,V1: Turning right,V1: N,Dry,Daylight,Clear,1.35,0,70,48,FALSE,34.24438675,-73.6513909
2175,10/29/2003,October,Wednesday,16:20,1,2,0,0,Angle,V1: Travelling straight ahead / V2: Travelling straight ahead,V1: N  / V2: E,Wet,Daylight,Cloudy,1.35,0,70,48,FALSE,41.94040539,-71.28014995
2176,10/29/2003,October,Wednesday,16:20,0,2,0,0,Rear-end,V1: Travelling straight ahead / V2: Turning left,V1: 0 / V2: 0,Wet,Daylight,Cloudy/Rain,1.35,0,70,48,FALSE,42.02542238,-71.22793871
2177,10/29/2003,October,Wednesday,16:28,1,2,0,0,Rear-end,V1: Travelling straight ahead / V2: Travelling straight ahead,V1: S  / V2: S,Wet,Daylight,Rain,1.35,0,70,48,FALSE,41.94391932,-71.28157027
2178,10/29/2003,October,Wednesday,18:40,2,2,1,0,Angle,V1: Travelling straight ahead / V2: Travelling straight ahead,V1: E  / V2: S,Dry,Dark - lighted roadway,Clear,1.35,0,70,48,FALSE,41.93946861,-71.28168616
2179,10/30/2003,October,Thursday,3:07,1,2,0,0,"Sideswipe, same direction",V1: Travelling straight ahead / V2: Overtaking/passing,V1: N  / V2: N,Dry,Daylight,Clear,0,0,60,38,FALSE,41.9120683,-71.37248406
2180,10/30/2003,October,Thursday,6:24,1,2,0,0,Rear-end,V1: 0 / V2: Slowing or stopped in traffic,V1: E  / V2: E,Dry,Dawn,Cloudy,0,0,60,38,FALSE,41.91982212,-71.35857678
2181,10/30/2003,October,Thursday,8:51,1,2,0,0,Angle,V1: Entering traffic lane / V2: Travelling straight ahead,V1: N  / V2: E,Dry,Daylight,Clear,0,0,60,38,FALSE,34.24438675,-73.6513909
2182,10/30/2003,October,Thursday,13:45,1,2,0,0,Angle,V1: Turning left / V2: 0,V1: W  / V2: S,Dry,Daylight,Clear,0,0,60,38,FALSE,41.9404815,-71.28139686
2183,10/30/2003,October,Thursday,15:00,0,2,0,0,Rear-end,V1: Other / V2: Other,V1: S  / V2: S,Dry,Daylight,Clear,0,0,60,38,FALSE,41.97324084,-71.29531631
2184,10/30/2003,October,Thursday,16:28,2,2,3,0,Rear-end,V1: Slowing or stopped in traffic / V2: Slowing or stopped in traffic,V1: S  / V2: S,Dry,Daylight,Clear,0,0,60,38,FALSE,34.24438675,-73.6513909
2185,10/30/2003,October,Thursday,18:15,2,1,2,0,Head-on,V1: Turning left,V1: W,Dry,Dark - lighted roadway,Clear,0,0,60,38,FALSE,34.24438675,-73.6513909
2186,10/30/2003,October,Thursday,21:50,0,1,0,0,Single vehicle crash,V1: Changing lanes,V1: S,Dry,Dark - lighted roadway,Clear,0,0,60,38,FALSE,34.24438675,-73.6513909
2187,10/31/2003,October,Friday,5:30,1,1,0,0,Single vehicle crash,V1: Travelling straight ahead,V1: N,Dry,Dawn,Clear,0,0,65,36,FALSE,34.24438675,-73.6513909
2188,10/31/2003,October,Friday,12:30,0,2,0,0,0,V1: Travelling straight ahead / V2: Parked,V1: N  / V2: E,Dry,Daylight,Clear,0,0,65,36,FALSE,41.91196635,-71.36616641
2189,10/31/2003,October,Friday,14:34,2,3,1,0,Angle,V1: Changing lanes / V2: Travelling straight ahead / V3: Slowing or stopped in traffic,V1: S  / V2: N  / V3: W,Dry,Daylight,Clear,0,0,65,36,FALSE,34.24438675,-73.6513909
2190,10/31/2003,October,Friday,17:23,2,2,1,0,Angle,V1: Travelling straight ahead / V2: Turning left,V1: N  / V2: W,Dry,Dark - lighted roadway,Clear,0,0,65,36,FALSE,41.89733197,-71.36979234
2191,10/31/2003,October,Friday,18:00,2,2,1,0,Rear-to-rear,V1: Slowing or stopped in traffic / V2: Travelling straight ahead,V1: S  / V2: S,Dry,Dark - lighted roadway,Clear,0,0,65,36,FALSE,34.24438675,-73.6513909
2192,11/1/2003,November,Saturday,12:00,1,2,0,0,Angle,V1: Turning left / V2: Travelling straight ahead,V1: N  / V2: E,Dry,Daylight,Clear,0,0,78,53,FALSE,41.95082863,-71.27380922
2193,11/1/2003,November,Saturday,18:14,0,1,0,0,Single vehicle crash,V1: Travelling straight ahead,V1: W,Dry,Dark - lighted roadway,Cloudy,0,0,78,53,FALSE,41.91679985,-71.37564668
2194,11/2/2003,November,Sunday,6:22,2,2,1,0,Angle,V1: Turning left / V2: Travelling straight ahead,V1: E  / V2: W,Wet,Daylight,Cloudy/Rain,0,0,67,53,FALSE,34.24438675,-73.6513909
2195,11/2/2003,November,Sunday,14:00,2,1,1,0,Single vehicle crash,V1: Travelling straight ahead,V1: N,Wet,Daylight,Cloudy,0,0,67,53,FALSE,41.95517492,-71.30396871
2196,11/2/2003,November,Sunday,15:45,2,1,1,0,Single vehicle crash,V1: Travelling straight ahead,V1: 0,Wet,Daylight,Rain,0,0,67,53,FALSE,41.94466875,-71.28335786
2197,11/2/2003,November,Sunday,21:20,1,1,0,0,Single vehicle crash,V1: Travelling straight ahead,V1: W,Dry,Dark - roadway not lighted,Clear,0,0,67,53,FALSE,41.93717248,-71.24743461
2198,11/3/2003,November,Monday,7:51,1,2,0,0,"Sideswipe, same direction",V1: Overtaking/passing / V2: Travelling straight ahead,V1: N  / V2: N,Dry,Daylight,Cloudy,0.04,0,77,53,FALSE,41.90042794,-71.34453343
2199,11/3/2003,November,Monday,8:15,2,2,1,0,Rear-end,V1: Travelling straight ahead / V2: 0,V1: N  / V2: N,Dry,Daylight,Cloudy,0.04,0,77,53,FALSE,41.95517465,-71.30396867
2200,11/3/2003,November,Monday,17:05,1,1,0,0,Single vehicle crash,V1: Travelling straight ahead,V1: N,Dry,Dark - lighted roadway,Clear,0.04,0,77,53,FALSE,34.24438675,-73.6513909
2201,11/4/2003,November,Tuesday,8:35,1,2,0,0,Angle,V1: Turning left / V2: Travelling straight ahead,V1: 0 / V2: N,Wet,Daylight,Rain,0.01,0,53,42,FALSE,41.93874704,-71.29215576
2202,11/4/2003,November,Tuesday,12:17,1,2,0,0,Angle,V1: Slowing or stopped in traffic / V2: Travelling straight ahead,V1: S  / V2: S,Dry,Daylight,Clear,0.01,0,53,42,FALSE,34.24438675,-73.6513909
2203,11/4/2003,November,Tuesday,17:15,0,1,0,0,Single vehicle crash,V1: Travelling straight ahead,V1: E,Dry,Dark - lighted roadway,Cloudy,0.01,0,53,42,FALSE,41.91044592,-71.28309302
2204,11/4/2003,November,Tuesday,17:18,1,2,0,0,Rear-end,V1: Slowing or stopped in traffic / V2: Travelling straight ahead,V1: N  / V2: N,Wet,Dark - lighted roadway,Rain,0.01,0,53,42,FALSE,41.91982212,-71.35857678
2205,11/4/2003,November,Tuesday,17:40,2,2,1,0,Angle,V1: Turning left / V2: Travelling straight ahead,V1: S  / V2: S,Wet,Dark - lighted roadway,Cloudy/Rain,0.01,0,53,42,FALSE,34.24438675,-73.6513909
2206,11/4/2003,November,Tuesday,19:00,1,1,0,0,0,V1: Travelling straight ahead,V1: S,Wet,Dark - lighted roadway,Rain,0.01,0,53,42,FALSE,41.94625923,-71.28694634
2207,11/4/2003,November,Tuesday,19:20,2,2,1,0,Angle,V1: Travelling straight ahead / V2: Travelling straight ahead,V1: W  / V2: S,Dry,Dark - lighted roadway,Clear,0.01,0,53,42,FALSE,41.94625923,-71.28694634
2208,11/4/2003,November,Tuesday,19:35,2,2,2,0,Angle,V1: Turning right / V2: Slowing or stopped in traffic,V1: S  / V2: E,Wet,Dark - lighted roadway,Rain,0.01,0,53,42,FALSE,34.24438675,-73.6513909
2209,11/4/2003,November,Tuesday,20:14,1,2,0,0,Angle,V1: Turning left / V2: Travelling straight ahead,V1: N  / V2: S,Wet,Daylight,Rain,0.01,0,53,42,FALSE,34.24438675,-73.6513909
2210,11/5/2003,November,Wednesday,5:30,2,2,1,0,Rear-end,V1: Travelling straight ahead / V2: Travelling straight ahead,V1: S  / V2: S,Dry,Dark - lighted roadway,Rain,0.39,0,53,43,FALSE,34.24438675,-73.6513909
2211,11/5/2003,November,Wednesday,6:00,1,2,0,0,"Sideswipe, same direction",V1: Entering traffic lane / V2: 0,V1: N  / V2: 0,Dry,Dawn,Cloudy,0.39,0,53,43,FALSE,41.93794079,-71.31588417
2212,11/5/2003,November,Wednesday,9:15,1,1,0,0,Single vehicle crash,V1: Travelling straight ahead,V1: N,Wet,Daylight,Cloudy/Rain,0.39,0,53,43,FALSE,41.95517492,-71.30396871
2213,11/5/2003,November,Wednesday,11:58,1,2,0,0,Rear-end,V1: Travelling straight ahead / V2: Slowing or stopped in traffic,V1: N  / V2: N,Dry,Daylight,Cloudy,0.39,0,53,43,FALSE,41.94245198,-71.28698244
2214,11/5/2003,November,Wednesday,16:20,0,2,0,0,Angle,V1: Turning left / V2: Travelling straight ahead,V1: N  / V2: E,Wet,Dark - lighted roadway,Rain,0.39,0,53,43,FALSE,41.91979283,-71.35869926
2215,11/5/2003,November,Wednesday,17:02,0,3,0,0,Rear-end,V1: Changing lanes / V2: Travelling straight ahead / V3: 0,V1: N  / V2: N  / V3: 0,Wet,Dark - lighted roadway,Rain,0.39,0,53,43,FALSE,41.90538488,-71.36569048
2216,11/5/2003,November,Wednesday,17:17,2,1,2,0,Single vehicle crash,V1: Slowing or stopped in traffic,V1: N,Wet,Dark - lighted roadway,Rain,0.39,0,53,43,FALSE,41.93503657,-71.2848971
2217,11/5/2003,November,Wednesday,22:35,1,1,0,0,Single vehicle crash,V1: Travelling straight ahead,V1: E,Wet,Dark - lighted roadway,Cloudy,0.39,0,53,43,FALSE,34.24438675,-73.6513909
2218,11/6/2003,November,Thursday,7:50,1,2,0,0,Angle,V1: Slowing or stopped in traffic / V2: Travelling straight ahead,V1: W  / V2: N,Wet,Daylight,Cloudy,0.06,0,59,45,FALSE,41.95484304,-71.28856385
2219,11/6/2003,November,Thursday,8:20,1,2,0,0,Rear-end,V1: Slowing or stopped in traffic / V2: Travelling straight ahead,V1: E  / V2: 0,Dry,Daylight,Cloudy,0.06,0,59,45,FALSE,34.24438675,-73.6513909
2220,11/6/2003,November,Thursday,14:47,1,2,0,0,Rear-end,V1: Entering traffic lane / V2: Entering traffic lane,V1: 0 / V2: 0,Dry,Daylight,Clear,0.06,0,59,45,FALSE,34.24438675,-73.6513909
2221,11/7/2003,November,Friday,11:40,1,2,0,0,Rear-end,V1: Travelling straight ahead / V2: Turning left,V1: N  / V2: S,Dry,Daylight,Clear,0,0,58,43,FALSE,41.93623387,-71.28481203
2222,11/7/2003,November,Friday,21:25,1,1,0,0,Single vehicle crash,V1: Travelling straight ahead,V1: N,Dry,Dark - lighted roadway,Cloudy,0,0,58,43,FALSE,41.90664543,-71.33680063
2223,11/10/2003,November,Monday,17:55,1,2,0,0,Rear-end,V1: Slowing or stopped in traffic / V2: Turning right,V1: E  / V2: S,Dry,Dark - lighted roadway,Clear,0,0,49,19,TRUE,34.24438675,-73.6513909
2224,11/11/2003,November,Tuesday,16:15,0,2,0,0,Angle,V1: Travelling straight ahead / V2: Travelling straight ahead,V1: S  / V2: N,Wet,Dusk,Cloudy/Rain,0.2,0,50,22,TRUE,34.24438675,-73.6513909
2225,11/11/2003,November,Tuesday,21:40,2,1,1,0,Single vehicle crash,V1: Travelling straight ahead,V1: N,Wet,Dark - lighted roadway,Rain,0.2,0,50,22,TRUE,34.24438675,-73.6513909
2226,11/12/2003,November,Wednesday,7:00,2,2,2,0,Single vehicle crash,V1: Travelling straight ahead / V2: Travelling straight ahead,V1: E  / V2: 0,Dry,Dark - lighted roadway,Clear,0.01,0,53,45,FALSE,41.94161856,-71.27925093
2227,11/12/2003,November,Wednesday,7:45,1,2,0,0,Angle,V1: Turning left / V2: Travelling straight ahead,V1: S  / V2: W,Dry,Daylight,Clear,0.01,0,53,45,FALSE,41.95428602,-71.28497548
2228,11/12/2003,November,Wednesday,10:45,2,2,2,0,0,V1: Travelling straight ahead / V2: Travelling straight ahead,V1: S  / V2: E,Wet,Daylight,Rain,0.01,0,53,45,FALSE,41.94121777,-71.2768631
2229,11/12/2003,November,Wednesday,10:53,2,3,1,0,Angle,V1: Slowing or stopped in traffic / V2: Travelling straight ahead / V3: Slowing or stopped in traffic,V1: N  / V2: W  / V3: S,Wet,Daylight,Rain,0.01,0,53,45,FALSE,41.95428602,-71.28497548
2230,11/13/2003,November,Thursday,7:00,1,2,0,0,Rear-end,V1: Travelling straight ahead / V2: Slowing or stopped in traffic,V1: E  / V2: E,Wet,Daylight,Rain,0.28,0,58,38,FALSE,41.93269195,-71.32821357
2231,11/13/2003,November,Thursday,7:59,2,3,1,0,Rear-end,V1: Travelling straight ahead / V2: Travelling straight ahead / V3: Travelling straight ahead,V1: N  / V2: N  / V3: N,Wet,Daylight,Rain,0.28,0,58,38,FALSE,41.96643836,-71.29074265
2232,11/14/2003,November,Friday,7:43,2,2,1,0,Rear-end,V1: Slowing or stopped in traffic / V2: Slowing or stopped in traffic,V1: W  / V2: W,Dry,Daylight,Clear,0,0,40,32,TRUE,34.24438675,-73.6513909
2233,11/14/2003,November,Friday,13:30,2,2,2,0,Angle,V1: Travelling straight ahead / V2: Travelling straight ahead,V1: N  / V2: S,Dry,Daylight,Clear,0,0,40,32,TRUE,41.95484304,-71.28856385
2234,11/14/2003,November,Friday,14:30,1,2,0,0,Angle,V1: Travelling straight ahead / V2: Parked,V1: 0 / V2: 0,Dry,Daylight,Clear,0,0,40,32,TRUE,41.91861345,-71.29973155
2235,11/14/2003,November,Friday,14:40,1,2,0,0,Angle,V1: Travelling straight ahead / V2: Travelling straight ahead,V1: N  / V2: W,Dry,Daylight,Clear,0,0,40,32,TRUE,41.94499193,-71.27949099
2236,11/14/2003,November,Friday,19:37,0,2,0,0,Angle,V1: Backing / V2: Turning left,V1: E  / V2: S,Dry,Dark - lighted roadway,Clear,0,0,40,32,TRUE,41.91139838,-71.2581808
2237,11/14/2003,November,Friday,22:04,2,3,4,0,Rear-end,V1: Slowing or stopped in traffic / V2: Slowing or stopped in traffic / V3: Travelling straight ahead,V1: N  / V2: N  / V3: N,Dry,Dark - lighted roadway,Clear,0,0,40,32,TRUE,41.92644259,-71.35554103
2238,11/15/2003,November,Saturday,0:22,2,2,2,0,Angle,V1: Turning right / V2: Travelling straight ahead,V1: S  / V2: S,Dry,Dark - lighted roadway,Clear,0,0,44,28,TRUE,41.91982212,-71.35857678
2239,11/15/2003,November,Saturday,11:00,0,2,0,0,0,V1: Travelling straight ahead / V2: 0,V1: 0 / V2: 0,Dry,Daylight,Clear,0,0,44,28,TRUE,41.94466875,-71.28335786
2240,11/15/2003,November,Saturday,13:00,2,2,1,0,Rear-end,V1: Travelling straight ahead / V2: Travelling straight ahead,V1: 0 / V2: E,Dry,Daylight,Clear,0,0,44,28,TRUE,34.24438675,-73.6513909
2241,11/15/2003,November,Saturday,13:14,2,1,1,0,Single vehicle crash,V1: Turning right,V1: S,Dry,Daylight,Clear,0,0,44,28,TRUE,41.90517154,-71.30089426
2242,11/16/2003,November,Sunday,11:06,2,1,1,0,Single vehicle crash,V1: Travelling straight ahead,V1: N,Dry,Daylight,Clear,0,0,49,23,TRUE,41.92888802,-71.35392692
2243,11/16/2003,November,Sunday,12:50,2,2,1,0,Rear-end,V1: Parked / V2: Travelling straight ahead,V1: S  / V2: S,Dry,Dark - roadway not lighted,Clear,0,0,49,23,TRUE,41.9051435,-71.3479248
2244,11/16/2003,November,Sunday,14:17,2,2,1,0,Rear-end,V1: Slowing or stopped in traffic / V2: Travelling straight ahead,V1: E  / V2: E,Dry,Daylight,Cloudy,0,0,49,23,TRUE,34.24438675,-73.6513909
2245,11/17/2003,November,Monday,13:55,2,1,1,0,Single vehicle crash,V1: Entering traffic lane,V1: S,Wet,Daylight,Cloudy,0.02,0,44,33,FALSE,41.95545359,-71.30436114
2246,11/17/2003,November,Monday,17:45,0,2,0,0,Angle,V1: Travelling straight ahead / V2: 0,V1: S  / V2: 0,Wet,Dark - lighted roadway,Cloudy,0.02,0,44,33,FALSE,41.94808966,-71.28065954
2247,11/18/2003,November,Tuesday,8:10,1,2,0,0,Angle,V1: Travelling straight ahead / V2: Travelling straight ahead,V1: N  / V2: N,Dry,Daylight,Clear,0,0,55,30,TRUE,41.94668845,-71.28744658
2248,11/18/2003,November,Tuesday,9:09,0,2,0,0,Single vehicle crash,V1: 0 / V2: 0,V1: S  / V2: S,Dry,Daylight,Clear,0,0,55,30,TRUE,34.24438675,-73.6513909
2249,11/18/2003,November,Tuesday,12:15,1,2,0,0,Angle,V1: Turning left / V2: Travelling straight ahead,V1: S  / V2: W,Dry,Daylight,Clear,0,0,55,30,TRUE,34.24438675,-73.6513909
2250,11/19/2003,November,Wednesday,23:32,1,1,0,0,Single vehicle crash,V1: Travelling straight ahead,V1: 0,Dry,Dark - lighted roadway,Clear,0,0,60,34,FALSE,34.24438675,-73.6513909
2251,11/20/2003,November,Thursday,12:53,2,2,2,0,Angle,V1: Travelling straight ahead / V2: Entering traffic lane,V1: S  / V2: E,Dry,Daylight,Clear,0.5,0,63,42,FALSE,41.92558863,-71.35605912
2252,11/21/2003,November,Friday,11:35,1,2,0,0,Rear-end,V1: Travelling straight ahead / V2: Slowing or stopped in traffic,V1: W  / V2: W,Dry,Daylight,Cloudy,0.99,0,48,40,FALSE,41.93358571,-71.32352844
2253,11/21/2003,November,Friday,16:30,1,1,0,0,Single vehicle crash,V1: Travelling straight ahead,V1: E,Dry,Dusk,Cloudy,0.99,0,48,40,FALSE,34.24438675,-73.6513909
2254,11/21/2003,November,Friday,19:40,1,2,0,0,"Sideswipe, same direction",V1: Travelling straight ahead / V2: Travelling straight ahead,V1: N  / V2: N,Dry,Dark - roadway not lighted,Clear,0.99,0,48,40,FALSE,41.90238808,-71.35571461
2255,11/22/2003,November,Saturday,9:44,1,1,0,0,Single vehicle crash,V1: Travelling straight ahead,V1: S,Dry,Daylight,Clear,0,0,53,32,TRUE,34.24438675,-73.6513909
2256,11/22/2003,November,Saturday,12:00,2,2,1,0,Rear-end,V1: Travelling straight ahead / V2: 0,V1: 0 / V2: 0,Dry,Daylight,Clear,0,0,53,32,TRUE,41.90796653,-71.35739499
2257,11/22/2003,November,Saturday,13:34,1,2,0,0,Rear-end,V1: Travelling straight ahead / V2: Travelling straight ahead,V1: N  / V2: N,Dry,Daylight,Clear,0,0,53,32,TRUE,41.92014284,-71.35719783
2258,11/22/2003,November,Saturday,15:30,1,2,0,0,Angle,V1: Travelling straight ahead / V2: Travelling straight ahead,V1: S  / V2: W,Dry,Daylight,Clear,0,0,53,32,TRUE,41.94121777,-71.2768631
2259,11/25/2003,November,Tuesday,16:39,1,2,0,0,Angle,V1: Entering traffic lane / V2: Travelling straight ahead,V1: N  / V2: 0,Dry,Dark - lighted roadway,Clear,0.14,0,48,27,TRUE,34.24438675,-73.6513909
2260,11/25/2003,November,Tuesday,17:45,1,2,0,0,Rear-end,V1: Slowing or stopped in traffic / V2: Travelling straight ahead,V1: 0 / V2: 0,Dry,Dusk,Clear,0.14,0,48,27,TRUE,34.24438675,-73.6513909
2261,11/25/2003,November,Tuesday,20:19,1,3,0,0,Rear-end,V1: Slowing or stopped in traffic / V2: Travelling straight ahead / V3: Travelling straight ahead,V1: S  / V2: S  / V3: S,Dry,Dark - lighted roadway,Clear,0.14,0,48,27,TRUE,41.92508738,-71.35628348
2262,11/26/2003,November,Wednesday,1:56,1,2,0,0,0,V1: Slowing or stopped in traffic / V2: Travelling straight ahead,V1: W  / V2: W,Dry,Daylight,Clear,0,0,47,24,TRUE,34.24438675,-73.6513909
2263,11/26/2003,November,Wednesday,5:37,2,2,1,0,Angle,V1: Overtaking/passing / V2: Slowing or stopped in traffic,V1: N  / V2: N,Dry,Dark - lighted roadway,Clear,0,0,47,24,TRUE,41.90630452,-71.3171196