ID,DATE,Month,Day of week,Crash Time,Crash Severity,Number of Vehicles,Total Nonfatal Injuries,Total Fatal Injuries,Manner of Collision,Vehicle Action Prior to Crash,Vehicle Travel Directions,Road Surface Condition,Ambient Light,Weather Condition,PRCP,SNOW,TMAX,TMIN,Ice,Longtitute,Latitute
2264,11/26/2003,November,Wednesday,13:56,1,2,0,0,Rear-end,V1: Travelling straight ahead / V2: Travelling straight ahead,V1: W  / V2: W,Dry,Daylight,Cloudy,0,0,47,24,TRUE,41.90930355,-71.35781776
2265,11/26/2003,November,Wednesday,14:16,0,1,0,0,Single vehicle crash,V1: 0,V1: 0,Dry,Daylight,Cloudy,0,0,47,24,TRUE,41.9348634,-71.29887283
2266,11/26/2003,November,Wednesday,18:00,1,1,0,0,Single vehicle crash,V1: Travelling straight ahead,V1: S,"Sand, mud, dirt, oil, gravel",Dark - roadway not lighted,Cloudy,0,0,47,24,TRUE,34.24438675,-73.6513909
2267,11/27/2003,November,Thursday,2:00,0,2,0,0,Rear-end,V1: Travelling straight ahead / V2: Parked,V1: E  / V2: 0,Dry,Dark - lighted roadway,Clear,0,0,54,31,TRUE,41.91914383,-71.30646488
2268,11/27/2003,November,Thursday,2:57,1,1,0,0,Single vehicle crash,V1: Travelling straight ahead,V1: 0,Dry,Dark - lighted roadway,Cloudy,0,0,54,31,TRUE,41.93300697,-71.3426434
2269,11/28/2003,November,Friday,3:00,1,1,0,0,Single vehicle crash,V1: Slowing or stopped in traffic,V1: N,Dry,Dark - lighted roadway,Fog,0.26,0,63,41,FALSE,34.24438675,-73.6513909
2270,11/28/2003,November,Friday,16:28,1,3,0,0,Rear-end,V1: Travelling straight ahead / V2: Travelling straight ahead / V3: Slowing or stopped in traffic,V1: 0 / V2: 0 / V3: 0,Wet,Dusk,Rain,0.26,0,63,41,FALSE,41.94007226,-71.29032337
2271,11/28/2003,November,Friday,19:20,1,2,0,0,Rear-end,V1: Travelling straight ahead / V2: Slowing or stopped in traffic,V1: S  / V2: S,Wet,Daylight,Rain,0.26,0,63,41,FALSE,41.92495694,-71.35634048
2272,11/28/2003,November,Friday,20:35,1,1,0,0,Single vehicle crash,V1: Travelling straight ahead,V1: N,Wet,Dark - lighted roadway,Rain,0.26,0,63,41,FALSE,41.96147296,-71.29724852
2273,11/29/2003,November,Saturday,0:24,2,1,1,0,Single vehicle crash,V1: Travelling straight ahead,V1: S,Wet,Dark - lighted roadway,Rain,0.1,0,64,37,FALSE,41.95450115,-71.24919108
2274,11/29/2003,November,Saturday,15:52,2,3,1,0,Rear-end,V1: Travelling straight ahead / V2: Travelling straight ahead / V3: Travelling straight ahead,V1: W  / V2: W  / V3: W,Dry,Daylight,Clear,0.1,0,64,37,FALSE,41.93409537,-71.31949424
2275,11/30/2003,November,Sunday,4:20,2,1,1,0,Single vehicle crash,V1: 0,V1: S,Dry,0,Clear,0,0,48,35,FALSE,41.9589661,-71.30200935
2276,12/1/2003,December,Monday,2:20,1,2,0,0,Angle,V1: Turning left / V2: Travelling straight ahead,V1: E  / V2: N,Dry,Daylight,Clear,0,0,51,31,TRUE,41.91982212,-71.35857678
2277,12/1/2003,December,Monday,5:40,1,1,0,0,Single vehicle crash,V1: Travelling straight ahead,V1: S,Dry,Dark - lighted roadway,Cloudy,0,0,51,31,TRUE,41.94949379,-71.28981309
2278,12/2/2003,December,Tuesday,7:15,2,2,1,0,Angle,V1: Travelling straight ahead / V2: Travelling straight ahead,V1: E  / V2: N,Dry,Daylight,Clear,0,0,37,15,TRUE,41.94530477,-71.27629365
2279,12/3/2003,December,Wednesday,11:36,1,2,0,0,Angle,V1: Travelling straight ahead / V2: Travelling straight ahead,V1: W  / V2: S,Dry,Daylight,Clear,0,0,30,13,TRUE,41.94430004,-71.28137659
2280,12/3/2003,December,Wednesday,23:14,2,1,1,0,Single vehicle crash,V1: Travelling straight ahead,V1: 0,Dry,Dark - lighted roadway,Clear,0,0,30,13,TRUE,41.91917873,-71.3610808
2281,12/3/2003,December,Wednesday,23:25,1,2,0,0,Angle,V1: Travelling straight ahead / V2: Travelling straight ahead,V1: N  / V2: S,Ice,Dark - lighted roadway,Clear,0,0,30,13,TRUE,34.24438675,-73.6513909
2282,12/5/2003,December,Friday,5:30,0,2,0,0,"Sideswipe, opposite direction",V1: Travelling straight ahead / V2: Parked,V1: 0 / V2: 0,Snow,Dark - lighted roadway,Snow,0.2,3.6,31,14,TRUE,41.91022175,-71.36439503
2283,12/5/2003,December,Friday,7:40,2,2,1,0,Rear-end,V1: Travelling straight ahead / V2: Slowing or stopped in traffic,V1: W  / V2: W,Dry,Daylight,Cloudy,0.2,3.6,31,14,TRUE,41.96982756,-71.29158341
2284,12/5/2003,December,Friday,9:05,2,1,1,0,Single vehicle crash,V1: Travelling straight ahead,V1: N,Dry,Daylight,Clear,0.2,3.6,31,14,TRUE,34.24438675,-73.6513909
2285,12/5/2003,December,Friday,9:10,1,2,0,0,"Sideswipe, same direction",V1: Travelling straight ahead / V2: Travelling straight ahead,V1: N  / V2: N,Dry,Daylight,Clear,0.2,3.6,31,14,TRUE,34.24438675,-73.6513909
2286,12/5/2003,December,Friday,10:10,2,2,1,0,Angle,V1: Travelling straight ahead / V2: Backing,V1: S  / V2: E,Dry,Daylight,Clear,0.2,3.6,31,14,TRUE,41.90804202,-71.37220475
2287,12/5/2003,December,Friday,17:50,0,2,0,0,Angle,V1: 0 / V2: 0,V1: W  / V2: S,Snow,Dark - lighted roadway,Snow,0.2,3.6,31,14,TRUE,41.91032625,-71.36316351
2288,12/5/2003,December,Friday,18:15,0,2,0,0,Rear-end,V1: Travelling straight ahead / V2: Travelling straight ahead,V1: S  / V2: S,Snow,Dark - roadway not lighted,Snow,0.2,3.6,31,14,TRUE,34.24438675,-73.6513909
2289,12/5/2003,December,Friday,19:40,1,2,0,0,Rear-end,V1: Travelling straight ahead / V2: Travelling straight ahead,V1: 0 / V2: 0,Snow,Dark - lighted roadway,Snow,0.2,3.6,31,14,TRUE,41.89943526,-71.34575851
2290,12/5/2003,December,Friday,20:00,0,2,0,0,Angle,V1: Other / V2: Other,V1: N  / V2: S,Snow,Dark - lighted roadway,Snow,0.2,3.6,31,14,TRUE,34.24438675,-73.6513909
2291,12/6/2003,December,Saturday,9:00,1,2,0,0,Angle,V1: Travelling straight ahead / V2: Backing,V1: W  / V2: S,Snow,Daylight,Snow,1.67,11.7,33,24,TRUE,41.94172858,-71.2694315
2292,12/6/2003,December,Saturday,12:00,0,2,0,0,0,V1: Parked / V2: Backing,V1: 0 / V2: 0,Snow,Daylight,Snow,1.67,11.7,33,24,TRUE,41.94245198,-71.28698244
2293,12/6/2003,December,Saturday,12:41,1,2,0,0,Angle,V1: Turning right / V2: Travelling straight ahead,V1: E  / V2: E,Snow,Daylight,Snow,1.67,11.7,33,24,TRUE,41.9483337,-71.27794679
2294,12/6/2003,December,Saturday,21:52,1,2,0,0,Angle,V1: Parked / V2: Travelling straight ahead,V1: 0 / V2: 0,Snow,Dark - roadway not lighted,Snow,1.67,11.7,33,24,TRUE,34.24438675,-73.6513909
2295,12/7/2003,December,Sunday,8:20,1,2,0,0,Angle,V1: Turning left / V2: Travelling straight ahead,V1: N  / V2: E,Snow,Daylight,Cloudy,0.72,10.6,28,24,TRUE,41.93045568,-71.33626964
2296,12/7/2003,December,Sunday,15:57,1,2,0,0,Head-on,V1: Travelling straight ahead / V2: Travelling straight ahead,V1: E  / V2: N,Snow,Daylight,Snow,0.72,10.6,28,24,TRUE,41.92373665,-71.31469692
2297,12/8/2003,December,Monday,4:44,1,2,0,0,Angle,V1: Turning left / V2: Overtaking/passing,V1: 0 / V2: 0,Dry,Daylight,Clear,0,0,34,17,TRUE,34.24438675,-73.6513909
2298,12/8/2003,December,Monday,12:40,1,2,0,0,Rear-end,V1: Slowing or stopped in traffic / V2: Travelling straight ahead,V1: E  / V2: E,Wet,Daylight,Clear,0,0,34,17,TRUE,41.93358571,-71.32352844
2299,12/8/2003,December,Monday,17:22,2,3,1,0,"Sideswipe, same direction",V1: Entering traffic lane / V2: Travelling straight ahead / V3: Travelling straight ahead,V1: W  / V2: N  / V3: S,Wet,Dark - lighted roadway,Clear,0,0,34,17,TRUE,41.90887985,-71.36390844
2300,12/9/2003,December,Tuesday,0:30,1,1,0,0,Single vehicle crash,V1: Travelling straight ahead,V1: N,Dry,Dark - roadway not lighted,Clear,0,0,37,13,TRUE,34.24438675,-73.6513909
2301,12/9/2003,December,Tuesday,15:00,2,2,1,0,Angle,V1: Entering traffic lane / V2: Travelling straight ahead,V1: N  / V2: E,Dry,Daylight,Clear,0,0,37,13,TRUE,41.89620779,-71.37038397
2302,12/9/2003,December,Tuesday,17:22,0,2,0,0,Angle,V1: Turning left / V2: Travelling straight ahead,V1: N  / V2: W,Wet,Dark - lighted roadway,Cloudy,0,0,37,13,TRUE,41.89618753,-71.37039513
2303,12/9/2003,December,Tuesday,22:40,1,2,0,0,Angle,V1: Turning right / V2: Turning left,V1: E  / V2: 0,Snow,Dark - lighted roadway,Clear,0,0,37,13,TRUE,41.89867838,-71.34654981
2304,12/10/2003,December,Wednesday,16:15,1,2,0,0,Angle,V1: Travelling straight ahead / V2: Turning left,V1: S  / V2: E,Wet,Daylight,Clear,0,0,41,28,TRUE,41.92031935,-71.22862282
2305,12/11/2003,December,Thursday,9:59,1,2,0,0,Angle,V1: Changing lanes / V2: Travelling straight ahead,V1: N  / V2: N,Wet,Daylight,Cloudy/Rain,0.97,0,52,34,FALSE,41.90086769,-71.36799095
2306,12/11/2003,December,Thursday,12:35,1,2,0,0,"Sideswipe, same direction",V1: Changing lanes / V2: Travelling straight ahead,V1: S  / V2: S,Wet,Daylight,Cloudy/Rain,0.97,0,52,34,FALSE,41.91035947,-71.36314658
2307,12/11/2003,December,Thursday,12:50,1,1,0,0,Single vehicle crash,V1: Travelling straight ahead,V1: S,Wet,Daylight,Cloudy/Rain,0.97,0,52,34,FALSE,34.24438675,-73.6513909
2308,12/11/2003,December,Thursday,13:10,1,2,0,0,Angle,V1: Travelling straight ahead / V2: Entering traffic lane,V1: 0 / V2: 0,Wet,Daylight,Fog,0.97,0,52,34,FALSE,41.95428602,-71.28497548
2309,12/11/2003,December,Thursday,15:10,1,2,0,0,Angle,V1: Travelling straight ahead / V2: Travelling straight ahead,V1: N  / V2: W,Wet,Daylight,Cloudy/Rain,0.97,0,52,34,FALSE,41.93304448,-71.28634923
2310,12/11/2003,December,Thursday,21:16,2,1,1,0,Single vehicle crash,V1: Travelling straight ahead,V1: S,Wet,Dark - roadway not lighted,Cloudy/Rain,0.97,0,52,34,FALSE,41.90272719,-71.35550871
2311,12/12/2003,December,Friday,11:51,2,2,1,0,0,V1: Travelling straight ahead / V2: Travelling straight ahead,V1: W  / V2: N,Dry,Daylight,Clear,0,0,42,28,TRUE,34.24438675,-73.6513909
2312,12/12/2003,December,Friday,17:00,1,2,0,0,Angle,V1: Turning right / V2: Travelling straight ahead,V1: 0 / V2: E,Wet,Dark - lighted roadway,Rain,0,0,42,28,TRUE,41.95451461,-71.24992613
2313,12/12/2003,December,Friday,17:45,0,2,0,0,Rear-end,V1: 0 / V2: Parked,V1: E  / V2: 0,Dry,Dark - lighted roadway,Clear,0,0,42,28,TRUE,34.24438675,-73.6513909
2314,12/13/2003,December,Saturday,8:30,1,1,0,0,Single vehicle crash,V1: Travelling straight ahead,V1: S,Dry,Daylight,Clear,0,0,33,15,TRUE,41.89841145,-71.37009489
2315,12/13/2003,December,Saturday,9:30,2,2,1,0,Rear-end,V1: 0 / V2: 0,V1: N  / V2: N,"Water (standing, moving)",Dark - lighted roadway,Cloudy,0,0,33,15,TRUE,41.89841145,-71.37009489
2316,12/13/2003,December,Saturday,10:10,1,2,0,0,Angle,V1: Turning left / V2: Travelling straight ahead,V1: 0 / V2: 0,Dry,Daylight,Clear,0,0,33,15,TRUE,41.91982212,-71.35857678
2317,12/13/2003,December,Saturday,11:45,2,2,2,0,0,V1: Slowing or stopped in traffic / V2: Travelling straight ahead,V1: N  / V2: N,0,Daylight,Clear,0,0,33,15,TRUE,34.24438675,-73.6513909
2318,12/13/2003,December,Saturday,12:30,0,2,0,0,Rear-end,V1: Travelling straight ahead / V2: Slowing or stopped in traffic,V1: E  / V2: E,Dry,Daylight,Cloudy,0,0,33,15,TRUE,41.93268269,-71.29622047
2319,12/13/2003,December,Saturday,13:45,1,2,0,0,Rear-end,V1: Travelling straight ahead / V2: Slowing or stopped in traffic,V1: N  / V2: N,Dry,Daylight,Clear,0,0,33,15,TRUE,41.90223058,-71.35625816
2320,12/13/2003,December,Saturday,16:00,1,2,0,0,Angle,V1: Turning left / V2: Turning left,V1: N  / V2: E,Dry,Dusk,Clear,0,0,33,15,TRUE,41.93624398,-71.26400311
2321,12/14/2003,December,Sunday,3:50,1,2,0,0,Angle,V1: Slowing or stopped in traffic / V2: 0,V1: W  / V2: W,Snow,Dark - lighted roadway,Snow,1.06,3.8,38,15,TRUE,41.91816133,-71.25763887
2322,12/14/2003,December,Sunday,7:40,0,2,0,0,Rear-end,V1: Travelling straight ahead / V2: Travelling straight ahead,V1: S  / V2: S,Snow,Dark - lighted roadway,Snow,1.06,3.8,38,15,TRUE,34.24438675,-73.6513909
2323,12/14/2003,December,Sunday,14:00,1,2,0,0,"Sideswipe, same direction",V1: Changing lanes / V2: 0,V1: S  / V2: S,Wet,Daylight,Snow,1.06,3.8,38,15,TRUE,41.89870928,-71.36909739
2324,12/14/2003,December,Sunday,15:44,2,2,2,0,Rear-end,V1: Travelling straight ahead / V2: Turning left,V1: S  / V2: S,Snow,Daylight,Snow,1.06,3.8,38,15,TRUE,41.90301511,-71.31918365
2325,12/14/2003,December,Sunday,15:58,1,1,0,0,Single vehicle crash,V1: Slowing or stopped in traffic,V1: E,Snow,Dark - lighted roadway,Snow,1.06,3.8,38,15,TRUE,41.93628409,-71.28608551
2326,12/14/2003,December,Sunday,16:21,2,2,1,0,Rear-end,V1: Other / V2: Slowing or stopped in traffic,V1: N  / V2: N,Snow,Dark - lighted roadway,Snow,1.06,3.8,38,15,TRUE,41.95484304,-71.28856385
2327,12/14/2003,December,Sunday,17:17,2,3,3,0,Angle,V1: Travelling straight ahead / V2: Travelling straight ahead / V3: Travelling straight ahead,V1: W  / V2: N  / V3: S,Snow,Dark - lighted roadway,Snow,1.06,3.8,38,15,TRUE,41.91816133,-71.25763887
2328,12/14/2003,December,Sunday,22:30,2,2,3,0,Angle,V1: Travelling straight ahead / V2: Travelling straight ahead,V1: N  / V2: N,Wet,Dark - lighted roadway,Snow,1.06,3.8,38,15,TRUE,34.24438675,-73.6513909
2329,12/15/2003,December,Monday,11:30,2,2,1,0,Angle,V1: Travelling straight ahead / V2: Entering traffic lane,V1: N  / V2: W,Wet,Daylight,Cloudy,0.6,0,41,28,TRUE,41.96712418,-71.29097941
2330,12/16/2003,December,Tuesday,7:40,0,2,0,0,Rear-end,V1: Travelling straight ahead / V2: Slowing or stopped in traffic,V1: 0 / V2: 0,Dry,Daylight,Clear,0,0,45,24,TRUE,41.93399765,-71.3164087
2331,12/16/2003,December,Tuesday,12:30,2,3,3,0,Rear-end,V1: Slowing or stopped in traffic / V2: Slowing or stopped in traffic / V3: Travelling straight ahead,V1: N  / V2: 0 / V3: N,Dry,Daylight,Clear,0,0,45,24,TRUE,41.91982212,-71.35857678
2332,12/16/2003,December,Tuesday,13:00,1,3,0,0,Rear-end,V1: Travelling straight ahead / V2: Slowing or stopped in traffic / V3: Slowing or stopped in traffic,V1: S  / V2: S  / V3: S,Dry,Daylight,Clear,0,0,45,24,TRUE,34.24438675,-73.6513909
2333,12/16/2003,December,Tuesday,18:20,0,2,0,0,Rear-end,V1: Travelling straight ahead / V2: Slowing or stopped in traffic,V1: N  / V2: N,Dry,Dark - lighted roadway,Cloudy,0,0,45,24,TRUE,41.92204832,-71.35761352
2334,12/17/2003,December,Wednesday,7:00,0,2,0,0,Angle,V1: 0 / V2: 0,V1: 0 / V2: 0,Wet,Daylight,Cloudy,0.64,0,55,27,TRUE,41.94021849,-71.30088421
2335,12/17/2003,December,Wednesday,8:14,1,2,0,0,Angle,V1: Turning left / V2: Travelling straight ahead,V1: N  / V2: E,Wet,Dark - lighted roadway,Rain,0.64,0,55,27,TRUE,41.94245198,-71.28698244
2336,12/17/2003,December,Wednesday,8:20,0,2,0,0,Angle,V1: Backing / V2: Slowing or stopped in traffic,V1: E  / V2: E,Dry,Daylight,Clear,0.64,0,55,27,TRUE,41.94499193,-71.27949099
2337,12/17/2003,December,Wednesday,14:30,2,2,1,0,Angle,V1: Travelling straight ahead / V2: Slowing or stopped in traffic,V1: S  / V2: W,Wet,Daylight,Cloudy/Rain,0.64,0,55,27,TRUE,41.93676851,-71.27982469
2338,12/17/2003,December,Wednesday,19:30,0,1,0,0,Single vehicle crash,V1: Travelling straight ahead,V1: N,Ice,Dark - lighted roadway,Rain,0.64,0,55,27,TRUE,41.89685502,-71.37310786
2339,12/17/2003,December,Wednesday,20:14,1,1,0,0,Angle,V1: Travelling straight ahead,V1: W,Wet,Dark - lighted roadway,Rain,0.64,0,55,27,TRUE,41.94245198,-71.28698244
2340,12/17/2003,December,Wednesday,23:08,1,1,0,0,0,V1: Travelling straight ahead,V1: E,Dry,Dark - lighted roadway,Clear,0.64,0,55,27,TRUE,34.24438675,-73.6513909
2341,12/18/2003,December,Thursday,2:35,1,2,0,0,0,V1: Travelling straight ahead / V2: 0,V1: S  / V2: 0,Dry,Daylight,Clear,0,0,41,31,TRUE,34.24438675,-73.6513909
2342,12/18/2003,December,Thursday,8:07,1,2,0,0,Angle,V1: Entering traffic lane / V2: Travelling straight ahead,V1: S  / V2: W,Dry,Daylight,Clear,0,0,41,31,TRUE,34.24438675,-73.6513909
2343,12/18/2003,December,Thursday,11:40,1,2,0,0,Rear-end,V1: Travelling straight ahead / V2: Slowing or stopped in traffic,V1: N  / V2: N,Dry,Daylight,Clear,0,0,41,31,TRUE,41.94495215,-71.2846593
2344,12/18/2003,December,Thursday,12:20,1,2,0,0,Angle,V1: Travelling straight ahead / V2: Travelling straight ahead,V1: N  / V2: E,Dry,Daylight,Clear,0,0,41,31,TRUE,41.94019537,-71.27660007
2345,12/18/2003,December,Thursday,21:30,2,3,1,0,Rear-end,V1: Travelling straight ahead / V2: Slowing or stopped in traffic / V3: Slowing or stopped in traffic,V1: S  / V2: S  / V3: S,Dry,Dark - lighted roadway,Clear,0,0,41,31,TRUE,41.91406937,-71.36126683
2346,12/19/2003,December,Friday,22:15,2,3,1,0,Rear-end,V1: Travelling straight ahead / V2: Slowing or stopped in traffic / V3: Slowing or stopped in traffic,V1: N  / V2: N  / V3: N,Dry,Dark - lighted roadway,Clear,0,0,41,26,TRUE,34.24438675,-73.6513909
2347,12/20/2003,December,Saturday,6:10,1,2,0,0,Angle,V1: Turning left / V2: Travelling straight ahead,V1: S  / V2: E,Dry,Dark - lighted roadway,Clear,0,0,42,21,TRUE,41.94430004,-71.28137659
2348,12/20/2003,December,Saturday,12:15,1,2,0,0,Angle,V1: Turning right / V2: Travelling straight ahead,V1: W  / V2: W,Dry,Daylight,Clear,0,0,42,21,TRUE,34.24438675,-73.6513909
2349,12/20/2003,December,Saturday,14:30,2,2,1,0,Rear-end,V1: 0 / V2: Travelling straight ahead,V1: N  / V2: 0,Dry,Daylight,Clear,0,0,42,21,TRUE,41.94906549,-71.34577577
2350,12/20/2003,December,Saturday,14:33,1,2,0,0,Angle,V1: 0 / V2: 0,V1: E  / V2: E,Dry,Daylight,Clear,0,0,42,21,TRUE,41.94460365,-71.28387987
2351,12/20/2003,December,Saturday,18:30,2,3,2,0,Angle,V1: Turning left / V2: Travelling straight ahead / V3: Slowing or stopped in traffic,V1: W  / V2: S  / V3: W,Dry,Dark - lighted roadway,Clear,0,0,42,21,TRUE,41.89858966,-71.35502581
2352,12/21/2003,December,Sunday,11:17,1,2,0,0,Rear-end,V1: Travelling straight ahead / V2: Slowing or stopped in traffic,V1: E  / V2: E,0,Daylight,Clear,0,0,35,18,TRUE,34.24438675,-73.6513909
2353,12/21/2003,December,Sunday,13:17,1,2,0,0,Rear-end,V1: Travelling straight ahead / V2: Turning right,V1: N  / V2: N,Dry,Daylight,Clear,0,0,35,18,TRUE,41.93503657,-71.2848971
2354,12/21/2003,December,Sunday,18:44,2,2,5,0,Rear-end,V1: Travelling straight ahead / V2: Travelling straight ahead,V1: N  / V2: N,Dry,Dark - roadway not lighted,Clear,0,0,35,18,TRUE,34.24438675,-73.6513909
2355,12/22/2003,December,Monday,1:38,2,2,1,0,Angle,V1: Entering traffic lane / V2: 0,V1: S  / V2: W,Dry,Daylight,Clear,0,0,54,29,TRUE,41.91982212,-71.35857678
2356,12/23/2003,December,Tuesday,11:50,1,2,0,0,"Sideswipe, same direction",V1: Overtaking/passing / V2: Slowing or stopped in traffic,V1: W  / V2: W,Dry,Daylight,Clear,0,0,54,37,FALSE,41.90500517,-71.33616438
2357,12/24/2003,December,Wednesday,11:27,1,2,0,0,Rear-end,V1: Slowing or stopped in traffic / V2: Travelling straight ahead,V1: E  / V2: E,Dry,Daylight,Clear,0.64,0,60,38,FALSE,41.91819965,-71.36378494
2358,12/24/2003,December,Wednesday,12:00,1,2,0,0,Rear-end,V1: Slowing or stopped in traffic / V2: Slowing or stopped in traffic,V1: N  / V2: N,Dry,Daylight,Clear,0.64,0,60,38,FALSE,41.93623387,-71.28481203
2359,12/24/2003,December,Wednesday,12:00,2,2,1,0,Rear-end,V1: Slowing or stopped in traffic / V2: Travelling straight ahead,V1: W  / V2: W,Dry,Daylight,Clear,0.64,0,60,38,FALSE,41.95263394,-71.2697203
2360,12/24/2003,December,Wednesday,12:00,1,1,0,0,Rear-end,V1: Travelling straight ahead,V1: W,Wet,Daylight,Rain,0.64,0,60,38,FALSE,41.93623387,-71.28481203
2361,12/24/2003,December,Wednesday,14:50,1,2,0,0,Angle,V1: Turning left / V2: Travelling straight ahead,V1: W  / V2: S,Wet,Daylight,Cloudy/Rain,0.64,0,60,38,FALSE,41.90697288,-71.36488171
2362,12/24/2003,December,Wednesday,23:24,2,1,1,0,Single vehicle crash,V1: Travelling straight ahead,V1: S,Dry,Dark - lighted roadway,Cloudy,0.64,0,60,38,FALSE,41.90680511,-71.3369393
2363,12/25/2003,December,Thursday,2:00,0,1,0,0,Single vehicle crash,V1: Travelling straight ahead,V1: E,Dry,Dark - lighted roadway,Clear,0.04,0,53,34,FALSE,34.24438675,-73.6513909
2364,12/26/2003,December,Friday,3:45,0,1,0,0,Single vehicle crash,V1: Travelling straight ahead,V1: N,Dry,Dusk,Clear,0,0,38,31,TRUE,41.94140605,-71.28436439
2365,12/26/2003,December,Friday,11:20,1,2,0,0,Angle,V1: Travelling straight ahead / V2: Overtaking/passing,V1: S  / V2: N,Dry,Daylight,Clear,0,0,38,31,TRUE,41.93201046,-71.24549097
2366,12/27/2003,December,Saturday,13:45,2,2,1,0,Angle,V1: Turning left / V2: Travelling straight ahead,V1: 0 / V2: S,Dry,Daylight,Clear,0,0,48,28,TRUE,41.9483337,-71.27794679
2367,12/27/2003,December,Saturday,16:00,2,1,1,0,Rear-end,V1: Slowing or stopped in traffic,V1: S,Dry,Daylight,Clear,0,0,48,28,TRUE,34.24438675,-73.6513909
2368,12/27/2003,December,Saturday,16:00,2,2,1,0,Rear-end,V1: Travelling straight ahead / V2: Entering traffic lane,V1: S  / V2: S,Dry,Daylight,Clear,0,0,48,28,TRUE,34.24438675,-73.6513909
2369,12/28/2003,December,Sunday,22:33,1,1,0,0,Single vehicle crash,V1: Travelling straight ahead,V1: N,Dry,Dark - lighted roadway,Clear,0,0,54,22,TRUE,41.93162706,-71.2603685
2370,12/29/2003,December,Monday,1:30,1,2,0,0,Rear-end,V1: 0 / V2: 0,V1: N  / V2: N,Dry,Daylight,Clear,0,0,56,28,TRUE,34.24438675,-73.6513909
2371,12/29/2003,December,Monday,11:35,2,2,2,0,Angle,V1: Entering traffic lane / V2: 0,V1: E  / V2: S,Dry,Daylight,Clear,0,0,56,28,TRUE,34.24438675,-73.6513909
2372,12/29/2003,December,Monday,12:50,2,2,1,0,Rear-end,V1: Slowing or stopped in traffic / V2: Travelling straight ahead,V1: N  / V2: S,Dry,Daylight,Clear,0,0,56,28,TRUE,41.97001836,-71.2913735
2373,12/29/2003,December,Monday,13:10,1,1,0,0,Single vehicle crash,V1: Travelling straight ahead,V1: N,Dry,Daylight,Clear,0,0,56,28,TRUE,41.95519878,-71.30395241
2374,12/30/2003,December,Tuesday,3:40,0,1,0,0,Single vehicle crash,V1: Travelling straight ahead,V1: N,Dry,Dark - roadway not lighted,Clear,0.03,0,55,37,FALSE,34.24438675,-73.6513909
2375,12/30/2003,December,Tuesday,17:33,2,2,2,0,Angle,V1: Turning left / V2: Travelling straight ahead,V1: W  / V2: S,Dry,Dark - lighted roadway,Clear,0.03,0,55,37,FALSE,41.90998013,-71.35802082
2376,12/30/2003,December,Tuesday,20:10,1,2,0,0,Rear-end,V1: Travelling straight ahead / V2: Slowing or stopped in traffic,V1: N  / V2: N,Dry,Daylight,Clear,0.03,0,55,37,FALSE,41.92508738,-71.35628348
2377,12/31/2003,December,Wednesday,14:40,1,2,0,0,"Sideswipe, same direction",V1: Travelling straight ahead / V2: Travelling straight ahead,V1: S  / V2: S,Dry,Daylight,Clear,0,0,46,35,FALSE,41.91982212,-71.35857678
2378,12/31/2003,December,Wednesday,17:56,2,2,2,0,Rear-end,V1: Travelling straight ahead / V2: Slowing or stopped in traffic,V1: S  / V2: S,Dry,Dark - lighted roadway,Clear,0,0,46,35,FALSE,41.89618753,-71.37039513
2379,12/31/2003,December,Wednesday,19:45,1,2,0,0,Angle,V1: Slowing or stopped in traffic / V2: Travelling straight ahead,V1: E  / V2: W,Dry,Dark - lighted roadway,Clear,0,0,46,35,FALSE,41.93405012,-71.31579284
2380,12/31/2003,December,Wednesday,20:34,2,2,1,0,Angle,V1: Turning left / V2: Travelling straight ahead,V1: E  / V2: S,Dry,Dark - lighted roadway,Clear,0,0,46,35,FALSE,41.91982212,-71.35857678
2381,1/1/2004,January,Thursday,2:30,0,1,0,0,Single vehicle crash,V1: Travelling straight ahead,V1: 0,Dry,Daylight,Clear,0,0,45,30,TRUE,41.89631025,-71.38076723
2382,1/1/2004,January,Thursday,12:00,2,3,3,0,Rear-end,V1: Travelling straight ahead / V2: Travelling straight ahead / V3: Travelling straight ahead,V1: W  / V2: W  / V3: S,0,Daylight,Clear,0,0,45,30,TRUE,34.24438675,-73.6513909
2383,1/1/2004,January,Thursday,12:00,0,1,0,0,Rear-end,V1: Travelling straight ahead,V1: 0,Dry,Dark - lighted roadway,Clear,0,0,45,30,TRUE,34.24438675,-73.6513909
2384,1/1/2004,January,Thursday,18:29,1,2,0,0,Angle,V1: Turning left / V2: Travelling straight ahead,V1: E  / V2: S,Dry,Dark - lighted roadway,Clear,0,0,45,30,TRUE,41.91562886,-71.36047108
2385,1/2/2004,January,Friday,9:45,1,2,0,0,Angle,V1: Travelling straight ahead / V2: Travelling straight ahead,V1: 0 / V2: 0,Snow,Daylight,Snow,0.13,0.7,35,24,TRUE,41.944759,-71.28813435
2386,1/2/2004,January,Friday,10:05,1,1,0,0,0,V1: Travelling straight ahead,V1: W,Snow,Daylight,Snow,0.13,0.7,35,24,TRUE,34.24438675,-73.6513909
2387,1/2/2004,January,Friday,10:10,1,1,0,0,Single vehicle crash,V1: Travelling straight ahead,V1: S,Snow,Daylight,Snow,0.13,0.7,35,24,TRUE,34.24438675,-73.6513909