ID,DATE,Month,Day of week,Crash Time,Crash Severity,Number of Vehicles,Total Nonfatal Injuries,Total Fatal Injuries,Manner of Collision,Vehicle Action Prior to Crash,Vehicle Travel Directions,Road Surface Condition,Ambient Light,Weather Condition,PRCP,SNOW,TMAX,TMIN,Ice,Longtitute,Latitute
2388,1/2/2004,January,Friday,10:30,1,1,0,0,Single vehicle crash,V1: Turning left,V1: E,Snow,Daylight,Cloudy,0.13,0.7,35,24,TRUE,34.24438675,-73.6513909
2389,1/2/2004,January,Friday,11:00,1,1,0,0,Single vehicle crash,V1: Travelling straight ahead,V1: E,Snow,Daylight,Snow,0.13,0.7,35,24,TRUE,41.96722901,-71.27299087
2390,1/2/2004,January,Friday,14:02,1,1,0,0,Single vehicle crash,V1: Backing,V1: S,Dry,Daylight,Clear,0.13,0.7,35,24,TRUE,41.93708041,-71.28243129
2391,1/2/2004,January,Friday,15:12,1,1,0,0,Single vehicle crash,V1: Travelling straight ahead,V1: N,Wet,Dusk,Cloudy/Rain,0.13,0.7,35,24,TRUE,41.93253119,-71.29870059
2392,1/2/2004,January,Friday,15:20,0,2,0,0,Angle,V1: Turning left / V2: Travelling straight ahead,V1: W  / V2: N,Wet,Daylight,Cloudy,0.13,0.7,35,24,TRUE,41.95401985,-71.28889809
2393,1/2/2004,January,Friday,20:33,1,2,0,0,"Sideswipe, same direction",V1: Changing lanes / V2: Travelling straight ahead,V1: N  / V2: N,Wet,Dark - lighted roadway,Cloudy,0.13,0.7,35,24,TRUE,41.92644259,-71.35554103
2394,1/3/2004,January,Saturday,12:09,0,2,0,0,Angle,V1: Travelling straight ahead / V2: Turning left,V1: E  / V2: N,Dry,Daylight,Clear,0.23,0,46,34,FALSE,41.93874704,-71.29215576
2395,1/3/2004,January,Saturday,16:45,2,2,1,0,Rear-end,V1: Slowing or stopped in traffic / V2: Slowing or stopped in traffic,V1: S  / V2: S,Dry,Dusk,Cloudy,0.23,0,46,34,FALSE,41.89618753,-71.37039513
2396,1/3/2004,January,Saturday,17:48,1,2,0,0,Rear-end,V1: Travelling straight ahead / V2: Slowing or stopped in traffic,V1: N  / V2: N,Wet,Dark - lighted roadway,Rain,0.23,0,46,34,FALSE,41.95641427,-71.28800402
2397,1/4/2004,January,Sunday,16:50,1,2,0,0,Angle,V1: Changing lanes / V2: Travelling straight ahead,V1: S  / V2: S,Wet,Dark - lighted roadway,Rain,0.29,0,50,35,FALSE,41.92644259,-71.35554103
2398,1/5/2004,January,Monday,7:40,1,2,0,0,Angle,V1: Entering traffic lane / V2: Travelling straight ahead,V1: S  / V2: W,Wet,0,Rain,0.62,0,36,33,FALSE,34.24438675,-73.6513909
2399,1/5/2004,January,Monday,14:36,1,2,0,0,Rear-to-rear,V1: Travelling straight ahead / V2: Slowing or stopped in traffic,V1: 0 / V2: 0,Dry,Daylight,Clear,0.62,0,36,33,FALSE,41.94396388,-71.30988659
2400,1/5/2004,January,Monday,16:55,2,1,1,0,Single vehicle crash,V1: Travelling straight ahead,V1: E,Dry,Dark - lighted roadway,Cloudy,0.62,0,36,33,FALSE,41.91982212,-71.35857678
2401,1/5/2004,January,Monday,21:50,2,2,2,0,Rear-end,V1: Slowing or stopped in traffic / V2: Slowing or stopped in traffic,V1: 0 / V2: 0,Wet,Dark - lighted roadway,Rain,0.62,0,36,33,FALSE,41.93269195,-71.32821357
2402,1/6/2004,January,Tuesday,7:55,2,2,1,0,Angle,V1: Turning left / V2: Turning left,V1: E  / V2: N,Dry,Daylight,Clear,0.01,0,37,20,TRUE,41.94666472,-71.28742757
2403,1/6/2004,January,Tuesday,11:10,2,1,1,0,Single vehicle crash,V1: Travelling straight ahead,V1: 0,Snow,Daylight,Snow,0.01,0,37,20,TRUE,41.95296396,-71.27694025
2404,1/6/2004,January,Tuesday,13:45,2,2,1,0,Rear-end,V1: Slowing or stopped in traffic / V2: Travelling straight ahead,V1: S  / V2: S,Dry,Daylight,Clear,0.01,0,37,20,TRUE,34.24438675,-73.6513909
2405,1/6/2004,January,Tuesday,14:37,1,2,0,0,Rear-end,V1: Travelling straight ahead / V2: Travelling straight ahead,V1: S  / V2: S,Dry,Daylight,Clear,0.01,0,37,20,TRUE,41.93090458,-71.35304892
2406,1/6/2004,January,Tuesday,19:03,2,2,2,0,Angle,V1: Turning left / V2: Travelling straight ahead,V1: N  / V2: S,Dry,Dark - lighted roadway,Clear,0.01,0,37,20,TRUE,34.24438675,-73.6513909
2407,1/7/2004,January,Wednesday,14:24,1,1,0,0,Angle,V1: Travelling straight ahead,V1: W,Dry,Daylight,Clear,0,0,24,15,TRUE,41.93409346,-71.29982899
2408,1/7/2004,January,Wednesday,19:18,0,2,0,0,Rear-end,V1: Other / V2: Other,V1: N  / V2: N,Dry,Dark - roadway not lighted,Clear,0,0,24,15,TRUE,34.24438675,-73.6513909
2409,1/8/2004,January,Thursday,6:55,2,2,1,0,Angle,V1: Turning left / V2: Travelling straight ahead,V1: W  / V2: N,Wet,Daylight,Cloudy,0,0,22,9,TRUE,41.91233046,-71.26877855
2410,1/8/2004,January,Thursday,10:47,1,2,0,0,Angle,V1: Entering traffic lane / V2: Travelling straight ahead,V1: W  / V2: W,Dry,Daylight,Clear,0,0,22,9,TRUE,41.9483337,-71.27794679
2411,1/8/2004,January,Thursday,21:00,1,2,0,0,Angle,V1: Turning left / V2: Travelling straight ahead,V1: S  / V2: N,Dry,Dark - lighted roadway,Clear,0,0,22,9,TRUE,41.96354274,-71.28896387
2412,1/9/2004,January,Friday,6:29,1,3,0,0,Rear-end,V1: Travelling straight ahead / V2: Travelling straight ahead / V3: 0,V1: N  / V2: 0 / V3: 0,Dry,Daylight,Clear,0,0,10,0,TRUE,34.24438675,-73.6513909
2413,1/9/2004,January,Friday,6:44,1,2,0,0,Rear-end,V1: Travelling straight ahead / V2: Slowing or stopped in traffic,V1: N  / V2: N,Dry,Daylight,Clear,0,0,10,0,TRUE,34.24438675,-73.6513909
2414,1/9/2004,January,Friday,16:00,1,2,0,0,Angle,V1: Travelling straight ahead / V2: Entering traffic lane,V1: N  / V2: W,Dry,Daylight,Clear,0,0,10,0,TRUE,41.90806549,-71.3643181
2415,1/9/2004,January,Friday,16:35,2,2,1,0,Rear-end,V1: Travelling straight ahead / V2: Slowing or stopped in traffic,V1: S  / V2: S,Dry,Dark - roadway not lighted,Cloudy,0,0,10,0,TRUE,41.96545423,-71.29769244
2416,1/9/2004,January,Friday,17:05,2,2,1,0,Rear-end,V1: Travelling straight ahead / V2: Slowing or stopped in traffic,V1: N  / V2: N,Dry,Dark - lighted roadway,Clear,0,0,10,0,TRUE,41.91337209,-71.36161888
2417,1/9/2004,January,Friday,18:22,1,2,0,0,Angle,V1: Travelling straight ahead / V2: 0,V1: S  / V2: 0,Dry,Dark - lighted roadway,Clear,0,0,10,0,TRUE,34.24438675,-73.6513909
2418,1/10/2004,January,Saturday,9:43,1,2,0,0,"Sideswipe, same direction",V1: Overtaking/passing / V2: Travelling straight ahead,V1: N  / V2: N,Dry,Daylight,Clear,0,0,14,-4,TRUE,41.95360839,-71.29687785
2419,1/10/2004,January,Saturday,18:45,1,2,0,0,Rear-end,V1: Slowing or stopped in traffic / V2: Slowing or stopped in traffic,V1: N  / V2: N,Dry,Dark - lighted roadway,Clear,0,0,14,-4,TRUE,34.24438675,-73.6513909
2420,1/10/2004,January,Saturday,19:11,1,2,0,0,Rear-end,V1: Travelling straight ahead / V2: Slowing or stopped in traffic,V1: 0 / V2: 0,Dry,Dark - roadway not lighted,Clear,0,0,14,-4,TRUE,41.93309921,-71.3205767
2421,1/11/2004,January,Sunday,10:00,1,2,0,0,Rear-end,V1: Turning left / V2: Travelling straight ahead,V1: W  / V2: S,Dry,Daylight,Clear,0,0,24,-2,TRUE,41.94236771,-71.28826723
2422,1/12/2004,January,Monday,4:50,2,6,1,0,Rear-end,V1: Travelling straight ahead / V2: Travelling straight ahead / V3: Travelling straight ahead / V4: Travelling straight ahead / V5: 0 / V6: 0,V1: N  / V2: N  / V3: N  / V4: N  / V5: 0 / V6: 0,Wet,Dark - roadway not lighted,Snow,0.08,1.1,32,23,TRUE,41.96712418,-71.29097941
2423,1/12/2004,January,Monday,7:14,2,2,1,0,Head-on,V1: Travelling straight ahead / V2: Travelling straight ahead,V1: N  / V2: S,Snow,Daylight,Cloudy,0.08,1.1,32,23,TRUE,41.90916792,-71.32113855
2424,1/12/2004,January,Monday,9:49,1,1,0,0,Single vehicle crash,V1: Travelling straight ahead,V1: S,Wet,Daylight,Snow,0.08,1.1,32,23,TRUE,41.95568257,-71.28823954
2425,1/13/2004,January,Tuesday,8:18,2,1,1,0,Single vehicle crash,V1: Travelling straight ahead,V1: W,Ice,Daylight,Cloudy,0,0,41,10,TRUE,34.24438675,-73.6513909
2426,1/13/2004,January,Tuesday,10:31,1,2,0,0,"Sideswipe, same direction",V1: Slowing or stopped in traffic / V2: Turning right,V1: 0 / V2: 0,Wet,Daylight,Cloudy,0,0,41,10,TRUE,41.94544889,-71.28553322
2427,1/13/2004,January,Tuesday,11:58,2,3,2,0,Rear-end,V1: Travelling straight ahead / V2: Slowing or stopped in traffic / V3: Slowing or stopped in traffic,V1: S  / V2: S  / V3: S,Wet,Daylight,Clear,0,0,41,10,TRUE,41.93624398,-71.26400311
2428,1/13/2004,January,Tuesday,19:30,2,1,1,0,Single vehicle crash,V1: Leaving traffic lane,V1: S,Dry,Dark - roadway not lighted,Cloudy,0,0,41,10,TRUE,41.90980378,-71.34038079
2429,1/14/2004,January,Wednesday,2:45,1,1,0,0,Single vehicle crash,V1: Travelling straight ahead,V1: 0,Dry,Dark - lighted roadway,Clear,0,0.1,10,-3,TRUE,41.89880429,-71.37713636
2430,1/14/2004,January,Wednesday,7:45,1,2,0,0,Rear-end,V1: Slowing or stopped in traffic / V2: Slowing or stopped in traffic,V1: 0 / V2: 0,Dry,0,Cloudy,0,0.1,10,-3,TRUE,41.96643836,-71.29074265
2431,1/14/2004,January,Wednesday,9:17,1,1,0,0,Single vehicle crash,V1: Travelling straight ahead,V1: S,Dry,Daylight,Clear,0,0.1,10,-3,TRUE,41.945416,-71.27766539
2432,1/14/2004,January,Wednesday,9:17,0,1,0,0,Single vehicle crash,V1: Travelling straight ahead,V1: E,Ice,Daylight,Cloudy,0,0.1,10,-3,TRUE,41.945416,-71.27766539
2433,1/14/2004,January,Wednesday,15:42,1,2,0,0,Rear-end,V1: 0 / V2: 0,V1: 0 / V2: 0,Dry,Daylight,Clear,0,0.1,10,-3,TRUE,41.93505312,-71.29860583
2434,1/14/2004,January,Wednesday,17:04,2,2,1,0,Rear-end,V1: Travelling straight ahead / V2: Slowing or stopped in traffic,V1: S  / V2: 0,Dry,Dark - lighted roadway,Cloudy,0,0.1,10,-3,TRUE,34.24438675,-73.6513909
2435,1/14/2004,January,Wednesday,18:20,1,2,0,0,Angle,V1: 0 / V2: 0,V1: S  / V2: S,Dry,Dark - lighted roadway,Clear,0,0.1,10,-3,TRUE,41.93409346,-71.29982899
2436,1/15/2004,January,Thursday,6:30,1,2,0,0,Rear-end,V1: Slowing or stopped in traffic / V2: Slowing or stopped in traffic,V1: W  / V2: W,Ice,Daylight,Snow,0.03,0.5,10,-7,TRUE,41.95484304,-71.28856385
2437,1/15/2004,January,Thursday,9:14,1,1,0,0,Single vehicle crash,V1: Travelling straight ahead,V1: E,Snow,Daylight,Snow,0.03,0.5,10,-7,TRUE,41.92666391,-71.30675246
2438,1/15/2004,January,Thursday,13:17,2,3,2,0,Angle,V1: Travelling straight ahead / V2: Travelling straight ahead / V3: Travelling straight ahead,V1: N  / V2: E  / V3: S,Dry,Daylight,Clear,0.03,0.5,10,-7,TRUE,34.24438675,-73.6513909
2439,1/15/2004,January,Thursday,14:47,1,2,0,0,Angle,V1: Turning left / V2: Travelling straight ahead,V1: W  / V2: E,Snow,Daylight,Clear,0.03,0.5,10,-7,TRUE,41.9483337,-71.27794679
2440,1/15/2004,January,Thursday,16:05,1,2,0,0,Angle,V1: Turning left / V2: Travelling straight ahead,V1: S  / V2: 0,Dry,Daylight,Clear,0.03,0.5,10,-7,TRUE,34.24438675,-73.6513909
2441,1/15/2004,January,Thursday,17:15,1,2,0,0,Rear-end,V1: 0 / V2: Slowing or stopped in traffic,V1: N  / V2: N,Dry,Dark - lighted roadway,Clear,0.03,0.5,10,-7,TRUE,41.89525861,-71.37084366
2442,1/15/2004,January,Thursday,19:10,1,2,0,0,Angle,V1: Turning left / V2: Travelling straight ahead,V1: E  / V2: W,Dry,Dark - lighted roadway,Cloudy,0.03,0.5,10,-7,TRUE,41.92508738,-71.35628348
2443,1/15/2004,January,Thursday,22:10,1,2,0,0,Single vehicle crash,V1: Travelling straight ahead / V2: Travelling straight ahead,V1: S  / V2: W,Dry,Dark - lighted roadway,Clear,0.03,0.5,10,-7,TRUE,41.94104078,-71.29346158
2444,1/16/2004,January,Friday,12:12,1,2,0,0,Angle,V1: Turning left / V2: Entering traffic lane,V1: W  / V2: N,Dry,Dark - lighted roadway,Clear,0,0,14,-8,TRUE,34.24438675,-73.6513909
2445,1/16/2004,January,Friday,12:37,1,3,0,0,Rear-end,V1: Travelling straight ahead / V2: Travelling straight ahead / V3: Travelling straight ahead,V1: W  / V2: W  / V3: W,Ice,Daylight,Clear,0,0,14,-8,TRUE,34.24438675,-73.6513909
2446,1/16/2004,January,Friday,13:35,1,2,0,0,Angle,V1: Entering traffic lane / V2: Travelling straight ahead,V1: E  / V2: E,Dry,Daylight,Clear,0,0,14,-8,TRUE,34.24438675,-73.6513909
2447,1/16/2004,January,Friday,14:10,1,2,0,0,Rear-end,V1: Travelling straight ahead / V2: Slowing or stopped in traffic,V1: W  / V2: W,Dry,Daylight,Clear,0,0,14,-8,TRUE,41.95298935,-71.26866093
2448,1/16/2004,January,Friday,14:56,2,2,1,0,Angle,V1: Travelling straight ahead / V2: Travelling straight ahead,V1: S  / V2: W,Dry,Daylight,Clear,0,0,14,-8,TRUE,41.94396167,-71.27662963
2449,1/16/2004,January,Friday,15:03,1,3,0,0,Angle,V1: Turning left / V2: Travelling straight ahead / V3: Slowing or stopped in traffic,V1: N  / V2: S  / V3: E,Dry,Daylight,Clear,0,0,14,-8,TRUE,34.24438675,-73.6513909
2450,1/16/2004,January,Friday,23:17,1,2,0,0,Angle,V1: Turning left / V2: Travelling straight ahead,V1: W  / V2: 0,Dry,Dark - lighted roadway,Clear,0,0,14,-8,TRUE,41.93874704,-71.29215576
2451,1/17/2004,January,Saturday,1:15,2,2,1,0,Angle,V1: Overtaking/passing / V2: Turning right,V1: 0 / V2: 0,Dry,Dark - lighted roadway,Clear,0,0,39,11,TRUE,41.94234382,-71.27289652
2452,1/17/2004,January,Saturday,3:20,2,1,1,0,Single vehicle crash,V1: Entering traffic lane,V1: S,Dry,Dark - roadway not lighted,Clear,0,0,39,11,TRUE,41.95509567,-71.30800616
2453,1/17/2004,January,Saturday,13:15,1,2,0,0,Angle,V1: Changing lanes / V2: Travelling straight ahead,V1: S  / V2: S,Dry,Daylight,Clear,0,0,39,11,TRUE,34.24438675,-73.6513909
2454,1/17/2004,January,Saturday,18:00,2,2,1,0,Rear-end,V1: Travelling straight ahead / V2: Slowing or stopped in traffic,V1: W  / V2: W,Dry,Dark - lighted roadway,Cloudy,0,0,39,11,TRUE,34.24438675,-73.6513909
2455,1/18/2004,January,Sunday,9:19,1,2,0,0,Angle,V1: Turning left / V2: Travelling straight ahead,V1: W  / V2: N,Snow,Daylight,Snow,0.29,2.3,33,25,TRUE,41.90964751,-71.36351027
2456,1/18/2004,January,Sunday,13:40,1,2,0,0,Angle,V1: Travelling straight ahead / V2: Slowing or stopped in traffic,V1: E  / V2: W,Snow,Daylight,Snow,0.29,2.3,33,25,TRUE,34.24438675,-73.6513909
2457,1/18/2004,January,Sunday,14:00,1,2,0,0,"Sideswipe, same direction",V1: Entering traffic lane / V2: Travelling straight ahead,V1: N  / V2: N,Snow,Daylight,Snow,0.29,2.3,33,25,TRUE,41.95797655,-71.3092162
2458,1/18/2004,January,Sunday,14:11,1,2,0,0,Angle,V1: Travelling straight ahead / V2: Travelling straight ahead,V1: N  / V2: S,Snow,Daylight,Snow,0.29,2.3,33,25,TRUE,34.24438675,-73.6513909
2459,1/18/2004,January,Sunday,14:16,1,2,0,0,Angle,V1: Travelling straight ahead / V2: Travelling straight ahead,V1: E  / V2: S,Snow,Daylight,Snow,0.29,2.3,33,25,TRUE,41.93503657,-71.2848971
2460,1/18/2004,January,Sunday,16:00,2,1,1,0,Single vehicle crash,V1: Travelling straight ahead,V1: S,Snow,Dusk,Snow,0.29,2.3,33,25,TRUE,41.92518838,-71.26009314
2461,1/18/2004,January,Sunday,16:58,1,1,0,0,0,V1: Travelling straight ahead,V1: N,Snow,Dark - lighted roadway,Snow,0.29,2.3,33,25,TRUE,41.93587477,-71.34112993
2462,1/18/2004,January,Sunday,18:00,1,1,0,0,Single vehicle crash,V1: Travelling straight ahead,V1: S,Snow,Dark - lighted roadway,Cloudy,0.29,2.3,33,25,TRUE,41.92387717,-71.35158914
2463,1/18/2004,January,Sunday,19:01,1,1,0,0,Single vehicle crash,V1: Travelling straight ahead,V1: W,Ice,Dark - lighted roadway,Snow,0.29,2.3,33,25,TRUE,41.90455619,-71.30179209
2464,1/18/2004,January,Sunday,19:09,2,1,1,0,Single vehicle crash,V1: Travelling straight ahead,V1: S,Slush,Dark - lighted roadway,Snow,0.29,2.3,33,25,TRUE,41.99798316,-71.21075616
2465,1/18/2004,January,Sunday,19:57,1,2,0,0,Angle,V1: Making U-turn / V2: Travelling straight ahead,V1: S  / V2: S,Snow,Dark - lighted roadway,Snow,0.29,2.3,33,25,TRUE,34.24438675,-73.6513909
2466,1/18/2004,January,Sunday,20:54,1,1,0,0,Single vehicle crash,V1: Travelling straight ahead,V1: S,Ice,Dark - lighted roadway,Snow,0.29,2.3,33,25,TRUE,41.93199282,-71.30931443
2467,1/18/2004,January,Sunday,22:11,2,1,1,0,Single vehicle crash,V1: Parked,V1: N,Snow,Dark - roadway not lighted,Snow,0.29,2.3,33,25,TRUE,34.24438675,-73.6513909
2468,1/19/2004,January,Monday,12:50,1,2,0,0,Angle,V1: Travelling straight ahead / V2: Turning right,V1: W  / V2: W,Wet,Daylight,Clear,0,0,27,14,TRUE,41.94757814,-71.27890389
2469,1/19/2004,January,Monday,12:51,2,1,3,0,Single vehicle crash,V1: Travelling straight ahead,V1: S,Slush,Daylight,Clear,0,0,27,14,TRUE,41.92338574,-71.24013706
2470,1/19/2004,January,Monday,13:01,1,1,0,0,Single vehicle crash,V1: Travelling straight ahead,V1: E,Snow,Daylight,Clear,0,0,27,14,TRUE,41.92006001,-71.25679435
2471,1/19/2004,January,Monday,17:50,0,2,0,0,Rear-end,V1: Travelling straight ahead / V2: Slowing or stopped in traffic,V1: N  / V2: N,Dry,Dark - roadway not lighted,Clear,0,0,27,14,TRUE,41.92502216,-71.35631198
2472,1/20/2004,January,Tuesday,10:20,1,2,0,0,Angle,V1: Turning left / V2: Travelling straight ahead,V1: S  / V2: N,Dry,Daylight,Clear,0,0,26,11,TRUE,41.91406937,-71.36126683
2473,1/20/2004,January,Tuesday,13:55,1,2,0,0,Rear-end,V1: Slowing or stopped in traffic / V2: Travelling straight ahead,V1: W  / V2: W,Dry,Daylight,Clear,0,0,26,11,TRUE,41.92387717,-71.35158914
2474,1/20/2004,January,Tuesday,15:45,2,2,1,0,Rear-end,V1: Travelling straight ahead / V2: Parked,V1: W  / V2: 0,Dry,Daylight,Clear,0,0,26,11,TRUE,41.92282682,-71.35350042
2475,1/20/2004,January,Tuesday,16:10,1,2,0,0,Rear-end,V1: Slowing or stopped in traffic / V2: Slowing or stopped in traffic,V1: N  / V2: N,Dry,Daylight,Clear,0,0,26,11,TRUE,41.90858125,-71.35758797
2476,1/20/2004,January,Tuesday,16:30,1,2,0,0,Rear-end,V1: Slowing or stopped in traffic / V2: Slowing or stopped in traffic,V1: S  / V2: S,Dry,Daylight,Clear,0,0,26,11,TRUE,34.24438675,-73.6513909
2477,1/20/2004,January,Tuesday,17:26,2,2,1,0,Rear-end,V1: Slowing or stopped in traffic / V2: Travelling straight ahead,V1: S  / V2: S,Dry,Dark - lighted roadway,Cloudy,0,0,26,11,TRUE,41.90231125,-71.35597671
2478,1/21/2004,January,Wednesday,8:50,1,2,0,0,Rear-end,V1: Travelling straight ahead / V2: Turning left,V1: 0 / V2: 0,Dry,Daylight,Clear,0,0,31,10,TRUE,41.92014284,-71.35719783
2479,1/21/2004,January,Wednesday,10:14,1,2,0,0,Angle,V1: Travelling straight ahead / V2: Turning left,V1: S  / V2: W,Dry,Dark - lighted roadway,Clear,0,0,31,10,TRUE,41.89541252,-71.37076533
2480,1/22/2004,January,Thursday,11:23,1,2,0,0,Angle,V1: Travelling straight ahead / V2: Turning left,V1: E  / V2: N,Dry,Daylight,Cloudy,0,0,35,9,TRUE,41.91982212,-71.35857678
2481,1/22/2004,January,Thursday,16:20,0,2,0,0,Angle,V1: Turning left / V2: Travelling straight ahead,V1: W  / V2: E,Dry,Daylight,Clear,0,0,35,9,TRUE,41.95076301,-71.27397064
2482,1/22/2004,January,Thursday,17:00,2,2,3,0,Angle,V1: Travelling straight ahead / V2: Turning left,V1: N  / V2: W,Wet,Dark - lighted roadway,Clear,0,0,35,9,TRUE,41.89733197,-71.36979234
2483,1/23/2004,January,Friday,1:26,1,1,0,0,Single vehicle crash,V1: Travelling straight ahead,V1: N,Snow,Dark - lighted roadway,Clear,0,0,21,9,TRUE,41.92906839,-71.22608603
2484,1/23/2004,January,Friday,8:01,2,2,1,0,Angle,V1: Turning left / V2: Travelling straight ahead,V1: 0 / V2: 0,Dry,Daylight,Clear,0,0,21,9,TRUE,41.93732881,-71.28475709
2485,1/23/2004,January,Friday,8:11,0,2,0,0,Angle,V1: Travelling straight ahead / V2: Turning left,V1: S  / V2: E,Dry,Daylight,Clear,0,0,21,9,TRUE,41.93503657,-71.2848971
2486,1/23/2004,January,Friday,18:40,0,2,0,0,Angle,V1: Travelling straight ahead / V2: Turning right,V1: N  / V2: N,Dry,Dark - lighted roadway,Clear,0,0,21,9,TRUE,41.95568257,-71.28823954
2487,1/23/2004,January,Friday,21:00,1,2,0,0,"Sideswipe, opposite direction",V1: Travelling straight ahead / V2: Turning left,V1: N  / V2: E,Dry,Dark - lighted roadway,Clear,0,0,21,9,TRUE,41.93623387,-71.28481203
2488,1/24/2004,January,Saturday,12:35,1,1,0,0,Single vehicle crash,V1: Travelling straight ahead,V1: 0,Dry,Daylight,Clear,0,0,19,4,TRUE,34.24438675,-73.6513909
2489,1/24/2004,January,Saturday,13:11,1,2,0,0,"Sideswipe, same direction",V1: Entering traffic lane / V2: Travelling straight ahead,V1: W  / V2: S,Dry,Daylight,Clear,0,0,19,4,TRUE,34.24438675,-73.6513909
2490,1/24/2004,January,Saturday,14:48,2,2,4,0,Angle,V1: Travelling straight ahead / V2: Turning left,V1: S  / V2: W,Dry,Daylight,Clear,0,0,19,4,TRUE,34.24438675,-73.6513909
2491,1/25/2004,January,Sunday,5:27,1,1,0,0,Single vehicle crash,V1: Travelling straight ahead,V1: 0,Dry,Dark - lighted roadway,Clear,0,0,16,-2,TRUE,34.24438675,-73.6513909
2492,1/26/2004,January,Monday,7:58,1,2,0,0,Rear-end,V1: Slowing or stopped in traffic / V2: Slowing or stopped in traffic,V1: E  / V2: E,Dry,Daylight,Clear,0,0,19,0,TRUE,41.97001836,-71.2913735
2493,1/26/2004,January,Monday,16:30,0,2,0,0,"Sideswipe, same direction",V1: Travelling straight ahead / V2: Parked,V1: W  / V2: 0,Dry,Daylight,Cloudy,0,0,19,0,TRUE,41.90223637,-71.34050485
2494,1/27/2004,January,Tuesday,10:45,2,1,1,0,Single vehicle crash,V1: Travelling straight ahead,V1: 0,Snow,Daylight,Snow,0,0,23,13,TRUE,34.24438675,-73.6513909
2495,1/28/2004,January,Wednesday,9:15,1,1,0,0,Single vehicle crash,V1: Travelling straight ahead,V1: W,Snow,Daylight,Snow,0.19,3.4,28,19,TRUE,41.92610344,-71.3464186
2496,1/28/2004,January,Wednesday,10:00,1,2,0,0,Angle,V1: Slowing or stopped in traffic / V2: Turning left,V1: E  / V2: W,Snow,Daylight,Snow,0.19,3.4,28,19,TRUE,41.95180679,-71.2898592
2497,1/28/2004,January,Wednesday,10:20,1,1,0,0,Single vehicle crash,V1: Travelling straight ahead,V1: E,Snow,Daylight,Snow,0.19,3.4,28,19,TRUE,34.24438675,-73.6513909
2498,1/28/2004,January,Wednesday,10:49,1,1,0,0,Single vehicle crash,V1: Travelling straight ahead,V1: E,Snow,Daylight,Snow,0.19,3.4,28,19,TRUE,41.9249424,-71.22644493
2499,1/28/2004,January,Wednesday,13:10,1,1,0,0,Single vehicle crash,V1: Travelling straight ahead,V1: W,Snow,Daylight,Snow,0.19,3.4,28,19,TRUE,34.24438675,-73.6513909
2500,1/28/2004,January,Wednesday,14:45,1,2,0,0,Rear-end,V1: Travelling straight ahead / V2: Travelling straight ahead,V1: N  / V2: N,Dry,Daylight,Clear,0.19,3.4,28,19,TRUE,34.24438675,-73.6513909
2501,1/28/2004,January,Wednesday,15:20,1,1,0,0,0,V1: Travelling straight ahead,V1: N,Snow,Daylight,Snow,0.19,3.4,28,19,TRUE,41.95148985,-71.27830834
2502,1/29/2004,January,Thursday,8:21,2,2,2,0,Angle,V1: Turning left / V2: Travelling straight ahead,V1: W  / V2: S,Wet,Daylight,Clear,0,0,28,16,TRUE,41.93023722,-71.28491217
2503,1/29/2004,January,Thursday,11:50,1,1,0,0,Single vehicle crash,V1: Travelling straight ahead,V1: N,Snow,Dusk,Clear,0,0,28,16,TRUE,41.90333466,-71.33087992
2504,1/29/2004,January,Thursday,14:00,2,1,1,0,Single vehicle crash,V1: Travelling straight ahead,V1: E,Wet,Daylight,Cloudy,0,0,28,16,TRUE,41.94806191,-71.28082073
2505,1/29/2004,January,Thursday,19:38,1,1,0,0,Single vehicle crash,V1: Travelling straight ahead,V1: N,Snow,Dark - lighted roadway,Clear,0,0,28,16,TRUE,41.91460916,-71.30653284
2506,1/30/2004,January,Friday,20:00,1,2,0,0,Angle,V1: Turning left / V2: Travelling straight ahead,V1: N  / V2: N,Dry,Dark - lighted roadway,Clear,0,0,26,12,TRUE,41.90086769,-71.36799095
2507,1/31/2004,January,Saturday,2:23,1,2,0,0,Rear-end,V1: Travelling straight ahead / V2: Slowing or stopped in traffic,V1: S  / V2: S,Dry,Daylight,Clear,0,0,28,11,TRUE,34.24438675,-73.6513909
2508,1/31/2004,January,Saturday,8:33,2,2,1,0,"Sideswipe, opposite direction",V1: Turning left / V2: Travelling straight ahead,V1: S  / V2: S,Dry,Daylight,Clear,0,0,28,11,TRUE,41.93624398,-71.26400311
2509,1/31/2004,January,Saturday,9:55,1,2,0,0,Angle,V1: Changing lanes / V2: Turning left,V1: S  / V2: 0,Dry,Dark - lighted roadway,Cloudy,0,0,28,11,TRUE,41.92508738,-71.35628348
2510,1/31/2004,January,Saturday,13:20,1,1,0,0,Rear-end,V1: Slowing or stopped in traffic,V1: S,Dry,Daylight,Clear,0,0,28,11,TRUE,41.91982212,-71.35857678
2511,2/1/2004,February,Sunday,1:10,2,2,3,0,Angle,V1: Slowing or stopped in traffic / V2: Travelling straight ahead,V1: W  / V2: N,"Sand, mud, dirt, oil, gravel",Dark - lighted roadway,Clear,0,0,34,10,TRUE,41.91360772,-71.36150084
2512,2/1/2004,February,Sunday,3:28,2,2,2,0,Single vehicle crash,V1: Travelling straight ahead / V2: Travelling straight ahead,V1: E  / V2: E,Dry,Dark - lighted roadway,Clear,0,0,34,10,TRUE,41.90945746,-71.2856063
2513,2/1/2004,February,Sunday,22:43,2,2,1,0,Rear-end,V1: Travelling straight ahead / V2: Slowing or stopped in traffic,V1: N  / V2: N,Dry,Dark - lighted roadway,Cloudy,0,0,34,10,TRUE,34.24438675,-73.6513909