ID,DATE,Month,Day of week,Crash Time,Crash Severity,Number of Vehicles,Total Nonfatal Injuries,Total Fatal Injuries,Manner of Collision,Vehicle Action Prior to Crash,Vehicle Travel Directions,Road Surface Condition,Ambient Light,Weather Condition,PRCP,SNOW,TMAX,TMIN,Ice,Longtitute,Latitute
2514,2/2/2004,February,Monday,1:26,2,1,1,0,Angle,V1: Travelling straight ahead,V1: E,Ice,Dark - lighted roadway,Clear,0,0,40,15,TRUE,41.93305364,-71.28710729
2515,2/2/2004,February,Monday,5:05,2,2,1,0,Angle,V1: Travelling straight ahead / V2: Travelling straight ahead,V1: W  / V2: N,Dry,Dark - lighted roadway,Cloudy,0,0,40,15,TRUE,41.93623387,-71.28481203
2516,2/2/2004,February,Monday,7:01,1,2,0,0,Rear-end,V1: Travelling straight ahead / V2: Slowing or stopped in traffic,V1: W  / V2: W,Dry,Daylight,Clear,0,0,40,15,TRUE,41.92675288,-71.34334435
2517,2/2/2004,February,Monday,7:33,2,2,1,0,Rear-end,V1: Travelling straight ahead / V2: Slowing or stopped in traffic,V1: S  / V2: S,Snow,Daylight,Clear,0,0,40,15,TRUE,34.24438675,-73.6513909
2518,2/2/2004,February,Monday,8:09,1,2,0,0,Angle,V1: Entering traffic lane / V2: Travelling straight ahead,V1: N  / V2: E,Wet,Daylight,Clear,0,0,40,15,TRUE,41.94213878,-71.28262423
2519,2/2/2004,February,Monday,9:12,2,2,1,0,Rear-end,V1: Travelling straight ahead / V2: Slowing or stopped in traffic,V1: S  / V2: S,0,Daylight,Clear,0,0,40,15,TRUE,41.92508738,-71.35628348
2520,2/2/2004,February,Monday,9:32,1,2,0,0,"Sideswipe, same direction",V1: Changing lanes / V2: Travelling straight ahead,V1: W  / V2: W,Wet,Daylight,Cloudy,0,0,40,15,TRUE,41.94896349,-71.27713653
2521,2/2/2004,February,Monday,19:14,2,2,3,0,Rear-end,V1: Entering traffic lane / V2: Entering traffic lane,V1: N  / V2: N,Dry,Dark - lighted roadway,Clear,0,0,40,15,TRUE,41.90235094,-71.35584139
2522,2/3/2004,February,Tuesday,7:11,1,2,0,0,Angle,V1: Entering traffic lane / V2: Travelling straight ahead,V1: E  / V2: S,Dry,Daylight,Clear,0.48,0,44,17,TRUE,41.95180679,-71.2898592
2523,2/3/2004,February,Tuesday,12:10,1,2,0,0,Angle,V1: Travelling straight ahead / V2: Entering traffic lane,V1: 0 / V2: 0,Wet,Daylight,Cloudy,0.48,0,44,17,TRUE,41.93924225,-71.27810624
2524,2/3/2004,February,Tuesday,17:48,0,1,0,0,Single vehicle crash,V1: Travelling straight ahead,V1: E,Wet,Dark - lighted roadway,Snow,0.48,0,44,17,TRUE,34.24438675,-73.6513909
2525,2/4/2004,February,Wednesday,1:40,1,2,0,0,"Sideswipe, same direction",V1: Changing lanes / V2: Travelling straight ahead,V1: E  / V2: E,0,Daylight,Clear,0,0,45,27,TRUE,41.95076301,-71.27397064
2526,2/4/2004,February,Wednesday,10:12,1,1,0,0,Single vehicle crash,V1: Turning right,V1: E,Dry,Daylight,Clear,0,0,45,27,TRUE,41.93732881,-71.28475709
2527,2/4/2004,February,Wednesday,18:30,0,2,0,0,Rear-end,V1: Travelling straight ahead / V2: Travelling straight ahead,V1: 0 / V2: S,Ice,Dusk,Clear,0,0,45,27,TRUE,34.24438675,-73.6513909
2528,2/4/2004,February,Wednesday,22:00,1,2,0,0,Angle,V1: Turning left / V2: Travelling straight ahead,V1: S  / V2: W,Dry,Daylight,Clear,0,0,45,27,TRUE,41.92387717,-71.35158914
2529,2/5/2004,February,Thursday,9:43,1,3,0,0,Rear-end,V1: Travelling straight ahead / V2: Travelling straight ahead / V3: Travelling straight ahead,V1: N  / V2: N  / V3: N,Dry,Daylight,Clear,0,0,39,23,TRUE,41.94450501,-71.28411703
2530,2/5/2004,February,Thursday,10:03,2,2,1,0,Rear-end,V1: Travelling straight ahead / V2: Turning left,V1: S  / V2: S,Dry,Daylight,Clear,0,0,39,23,TRUE,34.24438675,-73.6513909
2531,2/6/2004,February,Friday,0:01,1,1,0,0,Single vehicle crash,V1: Travelling straight ahead,V1: E,Ice,Daylight,Snow,1.11,1.3,33,26,TRUE,34.24438675,-73.6513909
2532,2/6/2004,February,Friday,7:20,2,2,1,0,Angle,V1: Slowing or stopped in traffic / V2: Travelling straight ahead,V1: W  / V2: N,Wet,Dark - lighted roadway,Rain,1.11,1.3,33,26,TRUE,41.93692353,-71.281137
2533,2/6/2004,February,Friday,11:00,2,1,1,0,Single vehicle crash,V1: Travelling straight ahead,V1: S,Snow,Daylight,Snow,1.11,1.3,33,26,TRUE,41.93050867,-71.22575927
2534,2/6/2004,February,Friday,11:00,0,2,0,0,"Sideswipe, same direction",V1: Travelling straight ahead / V2: 0,V1: N  / V2: 0,Snow,Daylight,Snow,1.11,1.3,33,26,TRUE,34.24438675,-73.6513909
2535,2/6/2004,February,Friday,11:10,2,1,1,0,Single vehicle crash,V1: Travelling straight ahead,V1: 0,Snow,Daylight,Snow,1.11,1.3,33,26,TRUE,41.95314082,-71.27746377
2536,2/6/2004,February,Friday,12:32,1,2,0,0,"Sideswipe, opposite direction",V1: Travelling straight ahead / V2: Travelling straight ahead,V1: W  / V2: E,Ice,Daylight,Snow,1.11,1.3,33,26,TRUE,41.94808966,-71.28065954
2537,2/6/2004,February,Friday,16:22,1,2,0,0,Angle,V1: Travelling straight ahead / V2: Travelling straight ahead,V1: S  / V2: S,Slush,Daylight,Snow,1.11,1.3,33,26,TRUE,41.95517972,-71.30390129
2538,2/6/2004,February,Friday,17:10,1,1,0,0,Single vehicle crash,V1: Travelling straight ahead,V1: W,Slush,Dark - lighted roadway,Rain,1.11,1.3,33,26,TRUE,34.24438675,-73.6513909
2539,2/7/2004,February,Saturday,3:00,1,1,0,0,Single vehicle crash,V1: Travelling straight ahead,V1: 0,Slush,Dark - roadway not lighted,Rain,0.12,0,43,27,TRUE,41.96206395,-71.28805376
2540,2/7/2004,February,Saturday,7:20,1,1,0,0,Single vehicle crash,V1: Slowing or stopped in traffic,V1: E,Ice,Daylight,Rain,0.12,0,43,27,TRUE,41.95287787,-71.26899686
2541,2/7/2004,February,Saturday,7:49,1,1,0,0,Single vehicle crash,V1: Travelling straight ahead,V1: E,Ice,Daylight,Rain,0.12,0,43,27,TRUE,41.93707699,-71.25548326
2542,2/7/2004,February,Saturday,18:58,1,4,0,0,Rear-end,V1: Slowing or stopped in traffic / V2: Travelling straight ahead / V3: Travelling straight ahead / V4: Travelling straight ahead,V1: S  / V2: S  / V3: S  / V4: S,Ice,Dark - lighted roadway,Clear,0.12,0,43,27,TRUE,41.89733197,-71.36979234
2543,2/8/2004,February,Sunday,1:50,2,2,1,0,Rear-end,V1: Travelling straight ahead / V2: Travelling straight ahead,V1: S  / V2: S,Dry,Dark - roadway not lighted,Clear,0,0,28,16,TRUE,41.90015882,-71.36325484
2544,2/8/2004,February,Sunday,16:59,2,2,1,0,Angle,V1: Entering traffic lane / V2: Travelling straight ahead,V1: N  / V2: N,Dry,Daylight,Clear,0,0,28,16,TRUE,34.24438675,-73.6513909
2545,2/8/2004,February,Sunday,17:20,2,1,2,0,0,V1: Travelling straight ahead,V1: S,Dry,Daylight,Clear,0,0,28,16,TRUE,34.24438675,-73.6513909
2546,2/8/2004,February,Sunday,18:30,2,2,1,0,Single vehicle crash,V1: Travelling straight ahead / V2: 0,V1: S  / V2: 0,Dry,Dark - roadway not lighted,Clear,0,0,28,16,TRUE,34.24438675,-73.6513909
2547,2/8/2004,February,Sunday,18:45,2,2,1,0,Rear-end,V1: Slowing or stopped in traffic / V2: 0,V1: S  / V2: S,Dry,Dark - lighted roadway,Clear,0,0,28,16,TRUE,41.89841145,-71.37009489
2548,2/9/2004,February,Monday,11:33,1,2,0,0,Angle,V1: Travelling straight ahead / V2: Entering traffic lane,V1: E  / V2: E,Dry,Daylight,Clear,0,0,42,23,TRUE,34.24438675,-73.6513909
2549,2/9/2004,February,Monday,23:37,1,2,0,0,Rear-end,V1: Travelling straight ahead / V2: Travelling straight ahead,V1: S  / V2: S,Dry,Daylight,Clear,0,0,42,23,TRUE,41.92644259,-71.35554103
2550,2/10/2004,February,Tuesday,9:00,1,2,0,0,Angle,V1: Travelling straight ahead / V2: Travelling straight ahead,V1: W  / V2: S,Dry,Daylight,Clear,0,0,49,31,TRUE,41.9370756,-71.28238678
2551,2/10/2004,February,Tuesday,9:41,1,2,0,0,Angle,V1: Travelling straight ahead / V2: Travelling straight ahead,V1: E  / V2: W,Dry,Daylight,Clear,0,0,49,31,TRUE,41.94396167,-71.27662963
2552,2/11/2004,February,Wednesday,18:30,1,1,0,0,Single vehicle crash,V1: 0,V1: N,Dry,Dark - lighted roadway,Clear,0,0,40,24,TRUE,41.91994191,-71.35389926
2553,2/12/2004,February,Thursday,9:16,1,2,0,0,Single vehicle crash,V1: Travelling straight ahead / V2: Travelling straight ahead,V1: N  / V2: N,Dry,Daylight,Clear,0,0,38,16,TRUE,41.94450501,-71.28411703
2554,2/12/2004,February,Thursday,14:38,2,2,1,0,"Sideswipe, same direction",V1: Turning left / V2: Travelling straight ahead,V1: E  / V2: W,Dry,Daylight,Clear,0,0,38,16,TRUE,41.9374227,-71.29402673
2555,2/12/2004,February,Thursday,15:56,1,2,0,0,Angle,V1: Travelling straight ahead / V2: Turning left,V1: E  / V2: 0,Dry,Dark - lighted roadway,Clear,0,0,38,16,TRUE,34.24438675,-73.6513909
2556,2/14/2004,February,Saturday,8:36,1,2,0,0,0,V1: Turning left / V2: Travelling straight ahead,V1: S  / V2: N,Dry,Daylight,Clear,0,0,44,28,TRUE,41.94274018,-71.28432859
2557,2/14/2004,February,Saturday,10:25,1,2,0,0,Rear-end,V1: Travelling straight ahead / V2: Travelling straight ahead,V1: N  / V2: N,Dry,Daylight,Clear,0,0,44,28,TRUE,34.24438675,-73.6513909
2558,2/16/2004,February,Monday,7:34,1,1,0,0,Single vehicle crash,V1: Travelling straight ahead,V1: E,Dry,Daylight,Clear,0,0,31,4,TRUE,34.24438675,-73.6513909
2559,2/16/2004,February,Monday,8:15,1,2,0,0,Angle,V1: Travelling straight ahead / V2: Travelling straight ahead,V1: S  / V2: S,Dry,Daylight,Clear,0,0,31,4,TRUE,34.24438675,-73.6513909
2560,2/16/2004,February,Monday,14:35,1,2,0,0,Rear-end,V1: Slowing or stopped in traffic / V2: Travelling straight ahead,V1: S  / V2: S,Dry,Daylight,Clear,0,0,31,4,TRUE,34.24438675,-73.6513909
2561,2/17/2004,February,Tuesday,10:35,2,2,2,0,Rear-end,V1: Travelling straight ahead / V2: Travelling straight ahead,V1: N  / V2: N,Dry,Daylight,Clear,0,0,34,11,TRUE,34.24438675,-73.6513909
2562,2/17/2004,February,Tuesday,12:01,2,2,2,0,"Sideswipe, same direction",V1: Entering traffic lane / V2: Travelling straight ahead,V1: E  / V2: N,Dry,Daylight,Clear,0,0,34,11,TRUE,41.91198822,-71.34059501
2563,2/18/2004,February,Wednesday,3:25,2,3,1,0,Angle,V1: Travelling straight ahead / V2: Travelling straight ahead / V3: Turning right,V1: N  / V2: W  / V3: S,Wet,Daylight,Snow,0.27,2.4,30,26,TRUE,41.93524005,-71.27513601
2564,2/18/2004,February,Wednesday,7:05,2,1,2,0,Single vehicle crash,V1: Travelling straight ahead,V1: N,Ice,Daylight,Snow,0.27,2.4,30,26,TRUE,41.92698054,-71.34520677
2565,2/19/2004,February,Thursday,4:50,1,2,0,0,0,V1: Travelling straight ahead / V2: Parked,V1: W  / V2: W,Dry,Daylight,Clear,0,0,42,20,TRUE,41.94563994,-71.27937153
2566,2/19/2004,February,Thursday,10:47,0,2,0,0,Angle,V1: Travelling straight ahead / V2: 0,V1: S  / V2: 0,Dry,Daylight,Clear,0,0,42,20,TRUE,41.93033311,-71.35328966
2567,2/19/2004,February,Thursday,20:35,0,2,0,0,Rear-end,V1: Slowing or stopped in traffic / V2: Slowing or stopped in traffic,V1: S  / V2: S,Dry,Dark - lighted roadway,Clear,0,0,42,20,TRUE,41.91982212,-71.35857678
2568,2/20/2004,February,Friday,9:24,2,2,1,0,Rear-end,V1: Travelling straight ahead / V2: Slowing or stopped in traffic,V1: S  / V2: S,Dry,Daylight,Clear,0,0,42,22,TRUE,41.95537022,-71.28835928
2569,2/20/2004,February,Friday,15:30,1,2,0,0,Angle,V1: Turning right / V2: Travelling straight ahead,V1: E  / V2: S,Dry,Daylight,Cloudy,0,0,42,22,TRUE,41.89903243,-71.355186
2570,2/20/2004,February,Friday,21:50,2,2,5,0,Angle,V1: Turning left / V2: Travelling straight ahead,V1: S  / V2: N,Dry,Dark - lighted roadway,Cloudy,0,0,42,22,TRUE,41.92508738,-71.35628348
2571,2/21/2004,February,Saturday,22:59,2,2,1,0,Rear-end,V1: Travelling straight ahead / V2: Travelling straight ahead,V1: W  / V2: N,Wet,Dark - lighted roadway,Cloudy/Rain,0.04,0,44,30,TRUE,41.93830895,-71.28203041
2572,2/22/2004,February,Sunday,13:13,1,2,0,0,Rear-end,V1: Entering traffic lane / V2: Slowing or stopped in traffic,V1: N  / V2: N,Dry,Daylight,Clear,0,0,45,31,TRUE,41.91231912,-71.358901
2573,2/22/2004,February,Sunday,13:30,2,2,3,0,Rear-end,V1: Slowing or stopped in traffic / V2: 0,V1: S  / V2: S,Dry,Daylight,Cloudy,0,0,45,31,TRUE,34.24438675,-73.6513909
2574,2/22/2004,February,Sunday,19:46,2,1,1,0,Single vehicle crash,V1: Travelling straight ahead,V1: S,Dry,Dark - roadway not lighted,Clear,0,0,45,31,TRUE,41.89841145,-71.37009489
2575,2/23/2004,February,Monday,3:18,2,2,2,0,Rear-end,V1: Travelling straight ahead / V2: Slowing or stopped in traffic,V1: S  / V2: S,Dry,Daylight,Clear,0,0,46,25,TRUE,41.96712418,-71.29097941
2576,2/23/2004,February,Monday,3:36,2,2,2,0,Rear-end,V1: Travelling straight ahead / V2: Slowing or stopped in traffic,V1: S  / V2: S,Dry,Daylight,Clear,0,0,46,25,TRUE,41.96712418,-71.29097941
2577,2/24/2004,February,Tuesday,13:05,1,2,0,0,Rear-end,V1: Travelling straight ahead / V2: Travelling straight ahead,V1: S  / V2: S,Dry,Daylight,Cloudy,0,0,39,21,TRUE,41.91699926,-71.35860964
2578,2/24/2004,February,Tuesday,14:12,2,2,1,0,Angle,V1: Travelling straight ahead / V2: Entering traffic lane,V1: N  / V2: W,Dry,Daylight,Clear,0,0,39,21,TRUE,41.8962524,-71.37035938
2579,2/24/2004,February,Tuesday,14:20,1,2,0,0,"Sideswipe, opposite direction",V1: Slowing or stopped in traffic / V2: Other,V1: W  / V2: E,Dry,Daylight,Cloudy,0,0,39,21,TRUE,34.24438675,-73.6513909
2580,2/25/2004,February,Wednesday,6:40,0,2,0,0,Angle,V1: Turning left / V2: Travelling straight ahead,V1: S  / V2: E,Dry,Daylight,Clear,0,0,43,22,TRUE,41.94252847,-71.28687698
2581,2/25/2004,February,Wednesday,7:43,1,2,0,0,Angle,V1: Entering traffic lane / V2: Travelling straight ahead,V1: N  / V2: N,Dry,Daylight,Clear,0,0,43,22,TRUE,41.93405012,-71.31579284
2582,2/25/2004,February,Wednesday,14:10,1,2,0,0,Angle,V1: Travelling straight ahead / V2: Travelling straight ahead,V1: W  / V2: S,Dry,Daylight,Clear,0,0,43,22,TRUE,41.93393836,-71.3077318
2583,2/25/2004,February,Wednesday,15:18,1,3,0,0,Angle,V1: Slowing or stopped in traffic / V2: Travelling straight ahead / V3: Slowing or stopped in traffic,V1: S  / V2: W  / V3: N,Dry,Daylight,Clear,0,0,43,22,TRUE,41.93976913,-71.29072872
2584,2/25/2004,February,Wednesday,15:30,2,3,3,0,Angle,V1: Turning left / V2: Travelling straight ahead / V3: Travelling straight ahead,V1: E  / V2: N  / V3: S,Dry,Daylight,Clear,0,0,43,22,TRUE,41.90325436,-71.31889204
2585,2/25/2004,February,Wednesday,16:06,1,2,0,0,Angle,V1: Travelling straight ahead / V2: Travelling straight ahead,V1: E  / V2: S,Dry,Daylight,Clear,0,0,43,22,TRUE,34.24438675,-73.6513909
2586,2/25/2004,February,Wednesday,20:35,1,2,0,0,Angle,V1: Entering traffic lane / V2: Travelling straight ahead,V1: N  / V2: W,Dry,Dark - lighted roadway,Clear,0,0,43,22,TRUE,41.95428602,-71.28497548
2587,2/26/2004,February,Thursday,16:35,0,2,0,0,Angle,V1: Turning left / V2: Travelling straight ahead,V1: W  / V2: N,Dry,Daylight,Clear,0,0,45,24,TRUE,41.89733197,-71.36979234
2588,2/27/2004,February,Friday,13:43,1,1,0,0,Single vehicle crash,V1: Travelling straight ahead,V1: N,Dry,Daylight,Clear,0,0,48,21,TRUE,41.92969804,-71.32243362
2589,2/27/2004,February,Friday,21:41,2,1,1,0,Single vehicle crash,V1: Travelling straight ahead,V1: W,Dry,Dark - lighted roadway,Clear,0,0,48,21,TRUE,41.93616691,-71.2840144
2590,2/28/2004,February,Saturday,3:40,1,1,0,0,Single vehicle crash,V1: Travelling straight ahead,V1: S,Dry,Dark - roadway not lighted,Clear,0,0,56,23,TRUE,41.93750876,-71.31688223
2591,2/28/2004,February,Saturday,7:45,2,2,1,0,Rear-end,V1: Travelling straight ahead / V2: Slowing or stopped in traffic,V1: W  / V2: W,Dry,Daylight,Clear,0,0,56,23,TRUE,41.93398011,-71.31150783
2592,2/28/2004,February,Saturday,12:09,1,2,0,0,"Sideswipe, opposite direction",V1: Travelling straight ahead / V2: Turning left,V1: E  / V2: W,Dry,Daylight,Clear,0,0,56,23,TRUE,41.93050018,-71.26033847
2593,2/29/2004,February,Sunday,17:03,2,3,1,0,Angle,V1: Turning left / V2: Travelling straight ahead / V3: Travelling straight ahead,V1: E  / V2: S  / V3: S,Dry,Daylight,Clear,0,0,55,24,TRUE,41.92644259,-71.35554103
2594,3/1/2004,March,Monday,10:55,2,1,1,0,Single vehicle crash,V1: Travelling straight ahead,V1: W,Dry,Daylight,Clear,0,0,61,31,TRUE,41.91234905,-71.26795681
2595,3/1/2004,March,Monday,14:30,1,2,0,0,Angle,V1: Entering traffic lane / V2: Travelling straight ahead,V1: E  / V2: 0,Dry,Daylight,Clear,0,0,61,31,TRUE,41.91982212,-71.35857678
2596,3/1/2004,March,Monday,15:41,1,2,0,0,Angle,V1: Entering traffic lane / V2: Travelling straight ahead,V1: W  / V2: S,Dry,Daylight,Clear,0,0,61,31,TRUE,41.93806227,-71.29125944
2597,3/1/2004,March,Monday,16:32,1,3,0,0,Rear-end,V1: Slowing or stopped in traffic / V2: Slowing or stopped in traffic / V3: Slowing or stopped in traffic,V1: W  / V2: W  / V3: W,Dry,Daylight,Cloudy,0,0,61,31,TRUE,41.95484304,-71.28856385
2598,3/2/2004,March,Tuesday,21:31,1,2,0,0,"Sideswipe, same direction",V1: Travelling straight ahead / V2: Travelling straight ahead,V1: S  / V2: S,Dry,Dark - roadway not lighted,Clear,0.06,0,60,38,FALSE,34.24438675,-73.6513909
2599,3/4/2004,March,Thursday,4:30,2,1,1,0,Head-on,V1: Travelling straight ahead,V1: N,Wet,Dark - lighted roadway,Rain,0.06,0,51,33,FALSE,41.90301511,-71.31918365
2600,3/4/2004,March,Thursday,6:20,1,2,0,0,Angle,V1: Turning left / V2: Travelling straight ahead,V1: N  / V2: S,Dry,Daylight,Cloudy,0.06,0,51,33,FALSE,41.91956103,-71.35868991
2601,3/4/2004,March,Thursday,8:44,1,2,0,0,Angle,V1: Entering traffic lane / V2: Travelling straight ahead,V1: S  / V2: W,Wet,Daylight,Rain,0.06,0,51,33,FALSE,41.94757814,-71.27890389
2602,3/4/2004,March,Thursday,14:30,1,2,0,0,Rear-end,V1: Slowing or stopped in traffic / V2: Travelling straight ahead,V1: 0 / V2: 0,Dry,Daylight,Clear,0.06,0,51,33,FALSE,41.90796653,-71.35739499
2603,3/4/2004,March,Thursday,23:08,1,1,0,0,Single vehicle crash,V1: Travelling straight ahead,V1: N,Dry,Dark - lighted roadway,Clear,0.06,0,51,33,FALSE,41.92926068,-71.35374746
2604,3/5/2004,March,Friday,11:59,1,2,0,0,Angle,V1: Slowing or stopped in traffic / V2: Travelling straight ahead,V1: W  / V2: S,Wet,Daylight,Cloudy,0.04,0,45,31,TRUE,41.94121777,-71.2768631
2605,3/5/2004,March,Friday,17:44,2,2,4,0,Angle,V1: Travelling straight ahead / V2: Travelling straight ahead,V1: N  / V2: N,Dry,Dark - roadway not lighted,Cloudy,0.04,0,45,31,TRUE,34.24438675,-73.6513909
2606,3/6/2004,March,Saturday,11:59,2,2,1,0,Rear-end,V1: Slowing or stopped in traffic / V2: Turning left,V1: N  / V2: N,Wet,Daylight,Cloudy/Rain,0.39,0,57,38,FALSE,34.24438675,-73.6513909
2607,3/7/2004,March,Sunday,13:25,1,2,0,0,Angle,V1: Travelling straight ahead / V2: Turning left,V1: 0 / V2: 0,Dry,Daylight,Clear,0,0,50,33,FALSE,41.93122867,-71.26031614
2608,3/7/2004,March,Sunday,16:23,1,2,0,0,Rear-end,V1: Travelling straight ahead / V2: Parked,V1: N  / V2: N,Dry,Daylight,Clear,0,0,50,33,FALSE,34.24438675,-73.6513909
2609,3/8/2004,March,Monday,12:42,1,2,0,0,Rear-end,V1: Slowing or stopped in traffic / V2: Slowing or stopped in traffic,V1: N  / V2: N,Wet,Daylight,Cloudy/Rain,0.22,2.3,35,27,TRUE,41.97001836,-71.2913735
2610,3/8/2004,March,Monday,14:09,0,2,0,0,Rear-end,V1: Travelling straight ahead / V2: Travelling straight ahead,V1: 0 / V2: 0,Wet,Daylight,Snow,0.22,2.3,35,27,TRUE,41.95410481,-71.26066754
2611,3/8/2004,March,Monday,15:15,0,2,0,0,Rear-end,V1: Travelling straight ahead / V2: Travelling straight ahead,V1: 0 / V2: 0,Wet,Daylight,Snow,0.22,2.3,35,27,TRUE,41.94861042,-71.27758702
2612,3/8/2004,March,Monday,16:15,1,2,0,0,Angle,V1: Travelling straight ahead / V2: Making U-turn,V1: E  / V2: W,Wet,Daylight,Snow,0.22,2.3,35,27,TRUE,41.92843423,-71.2769964
2613,3/8/2004,March,Monday,18:05,1,2,0,0,Rear-end,V1: Slowing or stopped in traffic / V2: Travelling straight ahead,V1: W  / V2: W,Wet,Dark - lighted roadway,Snow,0.22,2.3,35,27,TRUE,41.92614915,-71.34628794
2614,3/8/2004,March,Monday,21:50,1,1,0,0,Single vehicle crash,V1: Travelling straight ahead,V1: S,Wet,Dark - lighted roadway,Snow,0.22,2.3,35,27,TRUE,34.24438675,-73.6513909
2615,3/9/2004,March,Tuesday,7:40,1,1,0,0,Single vehicle crash,V1: Travelling straight ahead,V1: E,Ice,Daylight,Clear,0,0,35,24,TRUE,41.90336911,-71.30418617
2616,3/9/2004,March,Tuesday,10:22,1,2,0,0,Angle,V1: Entering traffic lane / V2: Turning left,V1: 0 / V2: 0,Wet,Daylight,Cloudy,0,0,35,24,TRUE,41.91982212,-71.35857678
2617,3/9/2004,March,Tuesday,17:30,1,2,0,0,Rear-end,V1: Slowing or stopped in traffic / V2: Travelling straight ahead,V1: S  / V2: S,Dry,Daylight,Cloudy,0,0,35,24,TRUE,41.96025957,-71.30113452
2618,3/9/2004,March,Tuesday,18:46,1,2,0,0,Rear-end,V1: Travelling straight ahead / V2: Slowing or stopped in traffic,V1: S  / V2: S,Wet,Dark - lighted roadway,Cloudy,0,0,35,24,TRUE,41.93423426,-71.2849601
2619,3/9/2004,March,Tuesday,19:31,1,2,0,0,Head-on,V1: Travelling straight ahead / V2: Travelling straight ahead,V1: 0 / V2: 0,Dry,Dark - lighted roadway,Clear,0,0,35,24,TRUE,41.94195701,-71.28768183
2620,3/10/2004,March,Wednesday,5:57,2,2,1,0,Angle,V1: Turning left / V2: Travelling straight ahead,V1: E  / V2: W,Wet,Daylight,Cloudy,0,0,42,20,TRUE,34.24438675,-73.6513909
2621,3/10/2004,March,Wednesday,13:25,1,2,0,0,Angle,V1: Turning left / V2: Travelling straight ahead,V1: W  / V2: 0,Dry,Daylight,Clear,0,0,42,20,TRUE,34.24438675,-73.6513909
2622,3/10/2004,March,Wednesday,16:29,1,2,0,0,Rear-end,V1: Travelling straight ahead / V2: Slowing or stopped in traffic,V1: S  / V2: S,Dry,Daylight,Cloudy,0,0,42,20,TRUE,41.93824088,-71.29287652
2623,3/11/2004,March,Thursday,15:15,1,2,0,0,Angle,V1: Turning right / V2: Travelling straight ahead,V1: N  / V2: E,Dry,Daylight,Clear,0,0,47,28,TRUE,41.93505312,-71.29860583
2624,3/11/2004,March,Thursday,22:43,1,1,0,0,Single vehicle crash,V1: 0,V1: 0,Dry,Dark - lighted roadway,Clear,0,0,47,28,TRUE,41.94757814,-71.27890389
2625,3/12/2004,March,Friday,13:46,0,2,0,0,Angle,V1: Turning right / V2: Travelling straight ahead,V1: W  / V2: W,Dry,Daylight,Clear,0.04,0.7,50,27,TRUE,41.93393836,-71.3077318
2626,3/12/2004,March,Friday,16:40,1,2,0,0,Angle,V1: Travelling straight ahead / V2: Turning left,V1: S  / V2: E,Wet,Daylight,Cloudy,0.04,0.7,50,27,TRUE,41.96643836,-71.29074265
2627,3/12/2004,March,Friday,17:10,0,1,0,0,Single vehicle crash,V1: Travelling straight ahead,V1: E,Dry,Daylight,Cloudy,0.04,0.7,50,27,TRUE,41.95305339,-71.27718856
2628,3/13/2004,March,Saturday,1:48,1,1,0,0,Single vehicle crash,V1: 0,V1: 0,Dry,Dark - lighted roadway,Clear,0,0,44,27,TRUE,41.89867838,-71.34654981
2629,3/13/2004,March,Saturday,12:21,1,2,0,0,Rear-end,V1: Slowing or stopped in traffic / V2: Travelling straight ahead,V1: E  / V2: E,Dry,Daylight,Clear,0,0,44,27,TRUE,41.96955464,-71.29224954
2630,3/13/2004,March,Saturday,13:30,2,2,1,0,Angle,V1: Turning left / V2: Travelling straight ahead,V1: S  / V2: W,Dry,Daylight,Clear,0,0,44,27,TRUE,41.91044592,-71.28309302
2631,3/13/2004,March,Saturday,15:00,2,1,1,0,Single vehicle crash,V1: Travelling straight ahead,V1: E,Dry,Daylight,Clear,0,0,44,27,TRUE,41.90920005,-71.28839026
2632,3/14/2004,March,Sunday,1:23,2,1,1,0,Single vehicle crash,V1: Travelling straight ahead,V1: N,Dry,Dark - roadway not lighted,Clear,0,0,41,19,TRUE,41.91414095,-71.33481324
2633,3/14/2004,March,Sunday,18:31,1,2,0,0,Angle,V1: Slowing or stopped in traffic / V2: Slowing or stopped in traffic,V1: W  / V2: W,Snow,Dark - roadway not lighted,Snow,0,0,41,19,TRUE,41.93248413,-71.3292804
2634,3/15/2004,March,Monday,12:50,1,2,0,0,Rear-end,V1: Travelling straight ahead / V2: Travelling straight ahead,V1: 0 / V2: 0,Dry,Daylight,Cloudy,0,0,55,34,FALSE,34.24438675,-73.6513909
2635,3/15/2004,March,Monday,14:15,1,2,0,0,Angle,V1: Travelling straight ahead / V2: Turning left,V1: N  / V2: W,Dry,Daylight,Clear,0,0,55,34,FALSE,34.24438675,-73.6513909
2636,3/16/2004,March,Tuesday,7:40,2,2,1,0,Angle,V1: Overtaking/passing / V2: Travelling straight ahead,V1: S  / V2: N,Snow,Dark - lighted roadway,Snow,0.39,4.2,39,27,TRUE,41.96082042,-71.29676295
2637,3/16/2004,March,Tuesday,17:00,2,1,0,0,Single vehicle crash,V1: 0,V1: 0,Snow,Daylight,Snow,0.39,4.2,39,27,TRUE,41.896603,-71.37116046
2638,3/16/2004,March,Tuesday,18:37,1,2,0,0,"Sideswipe, same direction",V1: Turning left / V2: Turning left,V1: N  / V2: N,Snow,Dark - lighted roadway,Snow,0.39,4.2,39,27,TRUE,34.24438675,-73.6513909
2639,3/16/2004,March,Tuesday,18:39,2,2,1,0,Angle,V1: Travelling straight ahead / V2: Travelling straight ahead,V1: E  / V2: W,Ice,Dark - lighted roadway,Snow,0.39,4.2,39,27,TRUE,41.91905703,-71.24492206