ID,DATE,Month,Day of week,Crash Time,Crash Severity,Number of Vehicles,Total Nonfatal Injuries,Total Fatal Injuries,Manner of Collision,Vehicle Action Prior to Crash,Vehicle Travel Directions,Road Surface Condition,Ambient Light,Weather Condition,PRCP,SNOW,TMAX,TMIN,Ice,Longtitute,Latitute
2640,3/17/2004,March,Wednesday,8:05,1,1,0,0,Single vehicle crash,V1: 0,V1: N,Snow,Daylight,Snow,0.4,4,29,24,TRUE,41.90331673,-71.33324009
2641,3/17/2004,March,Wednesday,12:46,1,2,0,0,Angle,V1: Travelling straight ahead / V2: Turning left,V1: S  / V2: W,Snow,Daylight,Snow,0.4,4,29,24,TRUE,41.93732881,-71.28475709
2642,3/17/2004,March,Wednesday,14:44,1,2,0,0,Rear-end,V1: Travelling straight ahead / V2: Slowing or stopped in traffic,V1: W  / V2: W,Wet,Daylight,Snow,0.4,4,29,24,TRUE,34.24438675,-73.6513909
2643,3/17/2004,March,Wednesday,21:15,1,1,0,0,Single vehicle crash,V1: Travelling straight ahead,V1: W,Snow,Dark - lighted roadway,Snow,0.4,4,29,24,TRUE,41.94077954,-71.30702562
2644,3/18/2004,March,Thursday,7:28,2,2,1,0,Rear-end,V1: Slowing or stopped in traffic / V2: Slowing or stopped in traffic,V1: S  / V2: S,Snow,Daylight,Snow,0.05,0.8,35,24,TRUE,41.97001836,-71.2913735
2645,3/18/2004,March,Thursday,8:08,1,2,0,0,Rear-end,V1: Travelling straight ahead / V2: Slowing or stopped in traffic,V1: E  / V2: E,Wet,Daylight,Snow,0.05,0.8,35,24,TRUE,41.94266173,-71.28390998
2646,3/18/2004,March,Thursday,14:37,1,2,0,0,Angle,V1: Entering traffic lane / V2: Travelling straight ahead,V1: N  / V2: E,Wet,Daylight,Cloudy,0.05,0.8,35,24,TRUE,34.24438675,-73.6513909
2647,3/18/2004,March,Thursday,15:02,1,2,0,0,Angle,V1: Entering traffic lane / V2: Travelling straight ahead,V1: S  / V2: E,Dry,Daylight,Cloudy,0.05,0.8,35,24,TRUE,41.94292045,-71.27681606
2648,3/18/2004,March,Thursday,15:49,1,2,0,0,Rear-end,V1: Backing / V2: Travelling straight ahead,V1: N  / V2: N,Dry,Daylight,Clear,0.05,0.8,35,24,TRUE,41.95076301,-71.27397064
2649,3/18/2004,March,Thursday,17:00,0,2,0,0,Angle,V1: Travelling straight ahead / V2: Travelling straight ahead,V1: S  / V2: E,Wet,Daylight,Cloudy,0.05,0.8,35,24,TRUE,41.97001836,-71.2913735
2650,3/19/2004,March,Friday,8:18,0,1,0,0,Single vehicle crash,V1: Travelling straight ahead,V1: S,Snow,Daylight,Snow,0.04,0.2,34,23,TRUE,34.24438675,-73.6513909
2651,3/19/2004,March,Friday,12:00,1,2,0,0,Angle,V1: Travelling straight ahead / V2: Entering traffic lane,V1: E  / V2: N,Wet,Daylight,Snow,0.04,0.2,34,23,TRUE,41.91982212,-71.35857678
2652,3/19/2004,March,Friday,13:15,2,2,1,0,Angle,V1: Travelling straight ahead / V2: Turning left,V1: N  / V2: 0,Wet,Daylight,Cloudy,0.04,0.2,34,23,TRUE,41.90086769,-71.36799095
2653,3/19/2004,March,Friday,14:19,1,2,0,0,Angle,V1: Travelling straight ahead / V2: Turning left,V1: W  / V2: S,Dry,Daylight,Clear,0.04,0.2,34,23,TRUE,41.93409346,-71.29982899
2654,3/19/2004,March,Friday,19:20,0,2,0,0,Rear-end,V1: Travelling straight ahead / V2: Slowing or stopped in traffic,V1: 0 / V2: 0,Dry,Dark - lighted roadway,Cloudy,0.04,0.2,34,23,TRUE,41.91194929,-71.36233897
2655,3/20/2004,March,Saturday,12:56,2,2,1,0,Rear-end,V1: Slowing or stopped in traffic / V2: Travelling straight ahead,V1: W  / V2: W,"Sand, mud, dirt, oil, gravel",Daylight,Cloudy,0.17,0,42,14,TRUE,41.92614915,-71.34628794
2656,3/21/2004,March,Sunday,14:10,2,2,1,0,Rear-end,V1: Travelling straight ahead / V2: Parked,V1: 0 / V2: 0,Dry,Daylight,Cloudy,0.39,0,50,29,TRUE,41.90634032,-71.37165055
2657,3/22/2004,March,Monday,13:42,0,2,0,0,"Sideswipe, opposite direction",V1: Turning left / V2: Travelling straight ahead,V1: N  / V2: S,Dry,Daylight,Clear,0,0,36,21,TRUE,41.90806976,-71.36431596
2658,3/22/2004,March,Monday,13:49,1,1,0,0,Angle,V1: Travelling straight ahead,V1: S,Dry,Daylight,Clear,0,0,36,21,TRUE,41.90806976,-71.36431596
2659,3/22/2004,March,Monday,21:05,0,2,0,0,Rear-end,V1: Travelling straight ahead / V2: Slowing or stopped in traffic,V1: S  / V2: S,Dry,Dark - lighted roadway,Clear,0,0,36,21,TRUE,34.24438675,-73.6513909
2660,3/23/2004,March,Tuesday,8:37,1,2,0,0,"Sideswipe, opposite direction",V1: Travelling straight ahead / V2: Backing,V1: N  / V2: S,Dry,Daylight,Clear,0,0,41,16,TRUE,41.94225012,-71.28673617
2661,3/23/2004,March,Tuesday,18:30,1,2,0,0,Angle,V1: Turning left / V2: Travelling straight ahead,V1: E  / V2: N,Dry,Dark - lighted roadway,Clear,0,0,41,16,TRUE,34.24438675,-73.6513909
2662,3/24/2004,March,Wednesday,5:15,1,2,0,0,Rear-end,V1: Slowing or stopped in traffic / V2: Slowing or stopped in traffic,V1: W  / V2: W,Dry,Daylight,Clear,0,0,55,27,TRUE,41.92446027,-71.28906707
2663,3/24/2004,March,Wednesday,15:34,1,2,0,0,Rear-end,V1: Travelling straight ahead / V2: Slowing or stopped in traffic,V1: N  / V2: N,Dry,Daylight,Clear,0,0,55,27,TRUE,34.24438675,-73.6513909
2664,3/24/2004,March,Wednesday,20:30,1,2,0,0,Angle,V1: Travelling straight ahead / V2: Travelling straight ahead,V1: E  / V2: S,Dry,Dark - lighted roadway,Clear,0,0,55,27,TRUE,41.89541252,-71.37076533
2665,3/25/2004,March,Thursday,15:44,2,2,1,0,Angle,V1: Travelling straight ahead / V2: Travelling straight ahead,V1: E  / V2: S,Dry,Daylight,Cloudy,0.02,0,52,39,FALSE,41.93924225,-71.27810624
2666,3/25/2004,March,Thursday,16:30,2,2,1,0,Angle,V1: Turning left / V2: Travelling straight ahead,V1: W  / V2: S,Dry,Daylight,Cloudy,0.02,0,52,39,FALSE,41.90998013,-71.35802082
2667,3/25/2004,March,Thursday,17:55,1,2,0,0,"Sideswipe, same direction",V1: Changing lanes / V2: Travelling straight ahead,V1: E  / V2: E,Wet,Dark - lighted roadway,Cloudy/Rain,0.02,0,52,39,FALSE,34.24438675,-73.6513909
2668,3/26/2004,March,Friday,7:36,2,2,2,0,Angle,V1: Turning right / V2: Turning right,V1: S  / V2: N,Dry,Daylight,Cloudy,0.01,0,65,45,FALSE,41.89618753,-71.37039513
2669,3/26/2004,March,Friday,9:37,1,2,0,0,"Sideswipe, opposite direction",V1: Travelling straight ahead / V2: Travelling straight ahead,V1: W  / V2: S,Wet,Daylight,Cloudy/Rain,0.01,0,65,45,FALSE,34.24438675,-73.6513909
2670,3/26/2004,March,Friday,16:15,1,2,0,0,Rear-end,V1: Travelling straight ahead / V2: Turning right,V1: S  / V2: 0,Dry,Daylight,Clear,0.01,0,65,45,FALSE,34.24438675,-73.6513909
2671,3/26/2004,March,Friday,16:17,1,2,0,0,Angle,V1: Travelling straight ahead / V2: Travelling straight ahead,V1: S  / V2: W,Dry,Daylight,Cloudy,0.01,0,65,45,FALSE,41.94396167,-71.27662963
2672,3/26/2004,March,Friday,17:35,2,2,1,0,Angle,V1: Travelling straight ahead / V2: Turning left,V1: S  / V2: S,Dry,Dusk,Clear,0.01,0,65,45,FALSE,41.90086769,-71.36799095
2673,3/27/2004,March,Saturday,11:56,2,3,1,0,Rear-end,V1: Travelling straight ahead / V2: Slowing or stopped in traffic / V3: Turning right,V1: S  / V2: S  / V3: S,Dry,Daylight,Clear,0.2,0,65,45,FALSE,41.90857957,-71.36406078
2674,3/28/2004,March,Sunday,11:52,1,2,0,0,Angle,V1: Travelling straight ahead / V2: Travelling straight ahead,V1: N  / V2: W,Dry,Daylight,Cloudy,0,0,45,29,TRUE,41.94574442,-71.28910698
2675,3/28/2004,March,Sunday,15:37,1,1,0,0,Single vehicle crash,V1: Travelling straight ahead,V1: W,Dry,Daylight,Cloudy,0,0,45,29,TRUE,41.95412262,-71.25636709
2676,3/29/2004,March,Monday,7:05,2,2,1,0,Single vehicle crash,V1: Travelling straight ahead / V2: Slowing or stopped in traffic,V1: E  / V2: E,Dry,0,Clear,0,0,47,29,TRUE,34.24438675,-73.6513909
2677,3/29/2004,March,Monday,14:20,1,1,0,0,Single vehicle crash,V1: Parked,V1: S,Dry,Daylight,Clear,0,0,47,29,TRUE,41.94863015,-71.27756145
2678,3/29/2004,March,Monday,19:50,2,1,1,0,Single vehicle crash,V1: Travelling straight ahead,V1: W,Dry,Dark - lighted roadway,Clear,0,0,47,29,TRUE,34.24438675,-73.6513909
2679,3/30/2004,March,Tuesday,6:02,1,1,0,0,Single vehicle crash,V1: Travelling straight ahead,V1: N,Dry,Daylight,Cloudy,0,0,47,31,TRUE,41.9167957,-71.35989406
2680,3/30/2004,March,Tuesday,7:48,1,2,0,0,"Sideswipe, same direction",V1: Travelling straight ahead / V2: Turning right,V1: W  / V2: E,Dry,Dark - lighted roadway,Cloudy,0,0,47,31,TRUE,41.94330896,-71.27265641
2681,3/30/2004,March,Tuesday,16:30,1,1,0,0,Single vehicle crash,V1: Travelling straight ahead,V1: S,Dry,Daylight,Clear,0,0,47,31,TRUE,34.24438675,-73.6513909
2682,3/30/2004,March,Tuesday,21:30,1,2,0,0,"Sideswipe, same direction",V1: Travelling straight ahead / V2: Travelling straight ahead,V1: S  / V2: S,Dry,Dark - lighted roadway,Clear,0,0,47,31,TRUE,34.24438675,-73.6513909
2683,3/31/2004,March,Wednesday,7:55,1,2,0,0,Angle,V1: Turning left / V2: Travelling straight ahead,V1: W  / V2: N,Dry,Daylight,Cloudy,0.85,0,42,37,FALSE,41.93294317,-71.30065777
2684,3/31/2004,March,Wednesday,9:05,1,2,0,0,Angle,V1: Turning left / V2: Travelling straight ahead,V1: W  / V2: N,Dry,Daylight,Clear,0.85,0,42,37,FALSE,41.93276047,-71.29660964
2685,3/31/2004,March,Wednesday,15:30,1,2,0,0,Rear-end,V1: Travelling straight ahead / V2: Slowing or stopped in traffic,V1: W  / V2: W,Snow,Daylight,Cloudy/Rain,0.85,0,42,37,FALSE,41.89867838,-71.34654981
2686,4/1/2004,April,Thursday,16:39,1,2,0,0,Angle,V1: Slowing or stopped in traffic / V2: Travelling straight ahead,V1: E  / V2: S,Wet,Dusk,Rain,2.35,0,45,38,FALSE,41.95180679,-71.2898592
2687,4/1/2004,April,Thursday,19:03,2,2,1,0,Angle,V1: Turning left / V2: Travelling straight ahead,V1: E  / V2: 0,Wet,Dark - lighted roadway,Rain,2.35,0,45,38,FALSE,41.94757814,-71.27890389
2688,4/2/2004,April,Friday,17:01,2,2,2,0,Rear-end,V1: Travelling straight ahead / V2: Slowing or stopped in traffic,V1: E  / V2: E,Dry,Daylight,Cloudy,0.03,0,42,37,FALSE,41.92574185,-71.35879501
2689,4/2/2004,April,Friday,17:22,1,2,0,0,"Sideswipe, same direction",V1: Turning right / V2: Turning right,V1: N  / V2: N,Dry,Daylight,Clear,0.03,0,42,37,FALSE,41.95279587,-71.26925506
2690,4/3/2004,April,Saturday,11:58,1,2,0,0,Rear-end,V1: Slowing or stopped in traffic / V2: Travelling straight ahead,V1: S  / V2: S,Wet,Daylight,Cloudy/Rain,0,0,41,37,FALSE,34.24438675,-73.6513909
2691,4/3/2004,April,Saturday,14:27,2,2,2,0,Rear-end,V1: Slowing or stopped in traffic / V2: Entering traffic lane,V1: N  / V2: N,Dry,Daylight,Cloudy,0,0,41,37,FALSE,34.24438675,-73.6513909
2692,4/3/2004,April,Saturday,15:26,1,2,0,0,Rear-end,V1: Changing lanes / V2: Travelling straight ahead,V1: S  / V2: S,Dry,Daylight,Cloudy,0,0,41,37,FALSE,41.95089424,-71.27364778
2693,4/4/2004,April,Sunday,13:19,1,2,0,0,Angle,V1: Turning left / V2: Travelling straight ahead,V1: N  / V2: S,Wet,Daylight,Cloudy/Rain,0.53,0,51,38,FALSE,41.91035947,-71.36314658
2694,4/5/2004,April,Monday,16:58,1,2,0,0,Rear-end,V1: Entering traffic lane / V2: Travelling straight ahead,V1: E  / V2: S,Dry,Daylight,Clear,0.07,0,44,29,TRUE,41.92644259,-71.35554103
2695,4/6/2004,April,Tuesday,10:04,1,2,0,0,Rear-end,V1: Travelling straight ahead / V2: Travelling straight ahead,V1: 0 / V2: N,Dry,Daylight,Clear,0,0,54,29,TRUE,34.24438675,-73.6513909
2696,4/6/2004,April,Tuesday,14:20,1,2,0,0,0,V1: Travelling straight ahead / V2: Travelling straight ahead,V1: E  / V2: E,Dry,Daylight,Clear,0,0,54,29,TRUE,34.24438675,-73.6513909
2697,4/7/2004,April,Wednesday,14:33,2,2,1,0,Angle,V1: Turning left / V2: Turning left,V1: 0 / V2: 0,Dry,Daylight,Cloudy,0,0,57,32,TRUE,41.90964751,-71.36351027
2698,4/8/2004,April,Thursday,7:50,0,2,0,0,"Sideswipe, same direction",V1: Overtaking/passing / V2: Slowing or stopped in traffic,V1: S  / V2: S,Dry,Daylight,Clear,0,0,59,31,TRUE,41.93431274,-71.24972247
2699,4/8/2004,April,Thursday,13:33,1,2,0,0,Rear-end,V1: Travelling straight ahead / V2: Travelling straight ahead,V1: W  / V2: E,Dry,Daylight,Clear,0,0,59,31,TRUE,41.93616136,-71.31573788
2700,4/9/2004,April,Friday,11:00,0,2,0,0,0,V1: Parked / V2: Travelling straight ahead,V1: 0 / V2: 0,Dry,Daylight,Clear,0,0,63,35,FALSE,34.24438675,-73.6513909
2701,4/9/2004,April,Friday,12:30,2,2,1,0,Angle,V1: Travelling straight ahead / V2: Entering traffic lane,V1: S  / V2: E,Dry,Daylight,Clear,0,0,63,35,FALSE,41.92298399,-71.3572054
2702,4/9/2004,April,Friday,19:00,1,2,0,0,Angle,V1: Travelling straight ahead / V2: Turning left,V1: E  / V2: E,Dry,Dusk,Cloudy,0,0,63,35,FALSE,41.9404815,-71.28139686
2703,4/9/2004,April,Friday,20:50,1,1,0,0,Single vehicle crash,V1: Travelling straight ahead,V1: S,Dry,Dark - roadway not lighted,Clear,0,0,63,35,FALSE,41.94669389,-71.31025422
2704,4/10/2004,April,Saturday,23:57,1,2,0,0,"Sideswipe, same direction",V1: Changing lanes / V2: Travelling straight ahead,V1: S  / V2: S,Dry,Dark - lighted roadway,Clear,0,0,60,31,TRUE,41.89896493,-71.3551696
2705,4/11/2004,April,Sunday,2:19,1,2,0,0,"Sideswipe, same direction",V1: Other / V2: Parked,V1: W  / V2: W,Dry,Daylight,Clear,0,0,53,32,TRUE,34.24438675,-73.6513909
2706,4/11/2004,April,Sunday,2:41,1,1,0,0,Single vehicle crash,V1: Travelling straight ahead,V1: E,Dry,Dark - roadway not lighted,Clear,0,0,53,32,TRUE,34.24438675,-73.6513909
2707,4/11/2004,April,Sunday,20:25,2,2,1,0,Angle,V1: Travelling straight ahead / V2: Travelling straight ahead,V1: N  / V2: N,Dry,Dark - roadway not lighted,Clear,0,0,53,32,TRUE,41.90247427,-71.35536633
2708,4/11/2004,April,Sunday,23:32,1,2,0,0,"Sideswipe, same direction",V1: 0 / V2: Changing lanes,V1: N  / V2: N,Dry,Dark - roadway not lighted,Cloudy,0,0,53,32,TRUE,41.90375473,-71.35114252
2709,4/12/2004,April,Monday,4:45,1,3,0,0,Rear-end,V1: Travelling straight ahead / V2: Travelling straight ahead / V3: Travelling straight ahead,V1: S  / V2: S  / V3: S,Dry,Daylight,Cloudy,0.14,0,55,39,FALSE,34.24438675,-73.6513909
2710,4/12/2004,April,Monday,6:47,1,2,0,0,Angle,V1: Turning left / V2: Travelling straight ahead,V1: N  / V2: W,Dry,Daylight,Clear,0.14,0,55,39,FALSE,34.24438675,-73.6513909
2711,4/12/2004,April,Monday,15:01,1,2,0,0,Rear-end,V1: Travelling straight ahead / V2: Travelling straight ahead,V1: E  / V2: E,Dry,Daylight,Clear,0.14,0,55,39,FALSE,41.93779791,-71.29348849
2712,4/12/2004,April,Monday,20:36,1,2,0,0,Rear-end,V1: Travelling straight ahead / V2: Slowing or stopped in traffic,V1: E  / V2: E,Wet,Dark - lighted roadway,Rain,0.14,0,55,39,FALSE,41.94234382,-71.27289652
2713,4/13/2004,April,Tuesday,22:12,1,2,0,0,Single vehicle crash,V1: Travelling straight ahead / V2: 0,V1: E  / V2: N,Wet,Dark - lighted roadway,Cloudy/Rain,2.48,0,60,40,FALSE,34.24438675,-73.6513909
2714,4/14/2004,April,Wednesday,7:03,1,2,0,0,Angle,V1: Turning left / V2: Travelling straight ahead,V1: E  / V2: N,Wet,Daylight,Rain,0.47,0,61,48,FALSE,41.94872235,-71.28913727
2715,4/14/2004,April,Wednesday,7:50,1,2,0,0,Rear-end,V1: Travelling straight ahead / V2: Slowing or stopped in traffic,V1: N  / V2: N,Wet,Daylight,Cloudy/Rain,0.47,0,61,48,FALSE,41.93409173,-71.31894301
2716,4/14/2004,April,Wednesday,13:00,1,2,0,0,Angle,V1: Travelling straight ahead / V2: Entering traffic lane,V1: S  / V2: E,Wet,Daylight,Rain,0.47,0,61,48,FALSE,41.92644259,-71.35554103
2717,4/15/2004,April,Thursday,15:02,2,4,1,0,Angle,V1: Entering traffic lane / V2: Travelling straight ahead / V3: Parked / V4: Parked,V1: 0 / V2: 0 / V3: 0 / V4: 0,Dry,Daylight,Clear,0.03,0,55,41,FALSE,41.93808003,-71.27597724
2718,4/16/2004,April,Friday,10:45,1,2,0,0,Angle,V1: Travelling straight ahead / V2: Travelling straight ahead,V1: S  / V2: S,Dry,Daylight,Clear,0,0,55,34,FALSE,41.90272719,-71.35550871
2719,4/16/2004,April,Friday,16:00,1,2,0,0,Rear-end,V1: Slowing or stopped in traffic / V2: Slowing or stopped in traffic,V1: N  / V2: S,Dry,Daylight,Clear,0,0,55,34,FALSE,41.90231125,-71.35597671
2720,4/16/2004,April,Friday,16:09,1,3,0,0,Rear-end,V1: Slowing or stopped in traffic / V2: Slowing or stopped in traffic / V3: Slowing or stopped in traffic,V1: S  / V2: S  / V3: S,Dry,Daylight,Clear,0,0,55,34,FALSE,41.90272719,-71.35550871
2721,4/17/2004,April,Saturday,9:05,1,2,0,0,Angle,V1: Travelling straight ahead / V2: Travelling straight ahead,V1: W  / V2: S,Dry,Daylight,Cloudy,0,0,72,30,TRUE,41.93601097,-71.28269451
2722,4/17/2004,April,Saturday,9:40,0,2,0,0,Rear-end,V1: Travelling straight ahead / V2: Travelling straight ahead,V1: N  / V2: N,Dry,Dark - lighted roadway,Clear,0,0,72,30,TRUE,41.94395483,-71.28036193
2723,4/17/2004,April,Saturday,14:06,1,2,0,0,Angle,V1: Entering traffic lane / V2: Travelling straight ahead,V1: E  / V2: N,Dry,Daylight,Clear,0,0,72,30,TRUE,41.91337209,-71.36161888
2724,4/18/2004,April,Sunday,10:30,1,1,0,0,Single vehicle crash,V1: Travelling straight ahead,V1: E,Dry,Dark - lighted roadway,Clear,0,0,66,43,FALSE,41.92315654,-71.2321847
2725,4/18/2004,April,Sunday,13:08,1,2,0,0,"Sideswipe, same direction",V1: Travelling straight ahead / V2: Parked,V1: N  / V2: 0,Dry,Daylight,Clear,0,0,66,43,FALSE,34.24438675,-73.6513909
2726,4/18/2004,April,Sunday,13:48,1,2,0,0,Rear-end,V1: Entering traffic lane / V2: Entering traffic lane,V1: 0 / V2: 0,Dry,Daylight,Clear,0,0,66,43,FALSE,41.90231125,-71.35597671
2727,4/19/2004,April,Monday,15:44,1,2,0,0,Angle,V1: Turning left / V2: Travelling straight ahead,V1: S  / V2: E,Dry,Daylight,Clear,0,0,78,45,FALSE,34.24438675,-73.6513909
2728,4/20/2004,April,Tuesday,17:01,1,1,0,0,Single vehicle crash,V1: Travelling straight ahead,V1: S,Dry,Daylight,Clear,0,0,71,43,FALSE,34.24438675,-73.6513909
2729,4/20/2004,April,Tuesday,17:57,1,3,0,0,Angle,V1: Travelling straight ahead / V2: Travelling straight ahead / V3: Travelling straight ahead,V1: E  / V2: N  / V3: S,Dry,Daylight,Clear,0,0,71,43,FALSE,41.93524005,-71.27513601
2730,4/21/2004,April,Wednesday,2:29,2,2,2,0,0,V1: Turning right / V2: Travelling straight ahead,V1: N  / V2: E,Dry,Daylight,Clear,0,0,62,37,FALSE,41.95287787,-71.26899686
2731,4/21/2004,April,Wednesday,13:25,1,2,0,0,Rear-end,V1: Travelling straight ahead / V2: Travelling straight ahead,V1: N  / V2: N,Dry,Daylight,Clear,0,0,62,37,FALSE,41.95523944,-71.3045054
2732,4/21/2004,April,Wednesday,21:55,2,2,2,0,Rear-end,V1: Travelling straight ahead / V2: Slowing or stopped in traffic,V1: S  / V2: S,Dry,Dark - lighted roadway,Clear,0,0,62,37,FALSE,41.89618753,-71.37039513
2733,4/21/2004,April,Wednesday,23:14,2,2,1,0,Head-on,V1: Other / V2: Other,V1: E  / V2: W,Dry,Dark - lighted roadway,Cloudy,0,0,62,37,FALSE,34.24438675,-73.6513909
2734,4/22/2004,April,Thursday,11:46,1,2,0,0,Rear-end,V1: Entering traffic lane / V2: Slowing or stopped in traffic,V1: S  / V2: S,Dry,Daylight,Clear,0,0,75,51,FALSE,41.89903243,-71.355186
2735,4/22/2004,April,Thursday,14:45,1,2,0,0,Rear-end,V1: Slowing or stopped in traffic / V2: Slowing or stopped in traffic,V1: S  / V2: S,Wet,Daylight,Cloudy,0,0,75,51,FALSE,41.90231125,-71.35597671
2736,4/23/2004,April,Friday,8:50,2,2,1,0,Rear-end,V1: Slowing or stopped in traffic / V2: Travelling straight ahead,V1: E  / V2: E,Snow,Dark - lighted roadway,Cloudy/Rain,0.47,0,62,41,FALSE,41.9446663,-71.28338301
2737,4/23/2004,April,Friday,18:04,1,2,0,0,Angle,V1: Turning left / V2: Travelling straight ahead,V1: S  / V2: W,Dry,Daylight,Cloudy,0.47,0,62,41,FALSE,41.94845803,-71.30212015
2738,4/23/2004,April,Friday,18:14,0,2,0,0,Angle,V1: Travelling straight ahead / V2: Travelling straight ahead,V1: S  / V2: S,Dry,Daylight,Cloudy,0.47,0,62,41,FALSE,41.93363156,-71.30076394
2739,4/23/2004,April,Friday,20:34,2,2,3,0,Angle,V1: Making U-turn / V2: Travelling straight ahead,V1: W  / V2: W,Dry,Dark - lighted roadway,Cloudy,0.47,0,62,41,FALSE,41.93359498,-71.32343741
2740,4/24/2004,April,Saturday,10:04,1,2,0,0,"Sideswipe, same direction",V1: Turning right / V2: Travelling straight ahead,V1: E  / V2: E,Dry,Daylight,Clear,0.14,0,68,39,FALSE,41.94621328,-71.28053154
2741,4/24/2004,April,Saturday,10:32,1,2,0,0,Rear-end,V1: Travelling straight ahead / V2: Travelling straight ahead,V1: E  / V2: E,Dry,Daylight,Clear,0.14,0,68,39,FALSE,41.90102695,-71.3115667
2742,4/24/2004,April,Saturday,12:35,2,2,1,0,"Sideswipe, same direction",V1: Changing lanes / V2: Travelling straight ahead,V1: S  / V2: S,Dry,Daylight,Clear,0.14,0,68,39,FALSE,34.24438675,-73.6513909
2743,4/24/2004,April,Saturday,13:45,2,3,1,0,Rear-end,V1: Travelling straight ahead / V2: Slowing or stopped in traffic / V3: Slowing or stopped in traffic,V1: S  / V2: S  / V3: S,Dry,Daylight,Clear,0.14,0,68,39,FALSE,41.92564382,-71.35603155
2744,4/24/2004,April,Saturday,16:30,1,2,0,0,Angle,V1: Changing lanes / V2: Travelling straight ahead,V1: N  / V2: N,Dry,Daylight,Clear,0.14,0,68,39,FALSE,41.92508738,-71.35628348
2745,4/24/2004,April,Saturday,17:58,2,5,4,0,Angle,V1: Travelling straight ahead / V2: Slowing or stopped in traffic / V3: Slowing or stopped in traffic / V4: Slowing or stopped in traffic / V5: Slowing or stopped in traffic,V1: E  / V2: E  / V3: E  / V4: E  / V5: W,Dry,Daylight,Clear,0.14,0,68,39,FALSE,41.91965473,-71.35927664
2746,4/24/2004,April,Saturday,22:14,2,2,4,0,Angle,V1: Travelling straight ahead / V2: Travelling straight ahead,V1: N  / V2: N,Dry,Dark - roadway not lighted,Cloudy,0.14,0,68,39,FALSE,34.24438675,-73.6513909
2747,4/25/2004,April,Sunday,5:00,2,1,1,0,Single vehicle crash,V1: Travelling straight ahead,V1: W,Dry,Dawn,Cloudy,0.03,0,55,36,FALSE,41.92675288,-71.34334435
2748,4/26/2004,April,Monday,13:00,1,2,0,0,Angle,V1: Travelling straight ahead / V2: Travelling straight ahead,V1: E  / V2: S,Wet,Daylight,Rain,0.88,0,54,40,FALSE,34.24438675,-73.6513909
2749,4/26/2004,April,Monday,15:10,0,1,0,0,Single vehicle crash,V1: Travelling straight ahead,V1: E,Wet,Daylight,Rain,0.88,0,54,40,FALSE,34.24438675,-73.6513909
2750,4/26/2004,April,Monday,17:30,1,2,0,0,Rear-end,V1: Slowing or stopped in traffic / V2: Slowing or stopped in traffic,V1: W  / V2: W,Wet,Daylight,Rain,0.88,0,54,40,FALSE,41.93269195,-71.32821357
2751,4/27/2004,April,Tuesday,8:58,1,2,0,0,Rear-end,V1: Parked / V2: Entering traffic lane,V1: 0 / V2: W,Wet,Daylight,Cloudy/Rain,0.21,0,71,48,FALSE,34.24438675,-73.6513909
2752,4/27/2004,April,Tuesday,12:10,1,1,0,0,Single vehicle crash,V1: Turning left,V1: 0,Wet,Dark - lighted roadway,Cloudy/Rain,0.21,0,71,48,FALSE,41.97001836,-71.2913735
2753,4/27/2004,April,Tuesday,14:11,1,2,0,0,Rear-end,V1: Travelling straight ahead / V2: Travelling straight ahead,V1: N  / V2: N,Dry,Daylight,Cloudy,0.21,0,71,48,FALSE,41.92446027,-71.28906707
2754,4/28/2004,April,Wednesday,14:52,2,2,3,0,Rear-end,V1: Travelling straight ahead / V2: Slowing or stopped in traffic,V1: N  / V2: N,Dry,Daylight,Clear,0.03,0,60,39,FALSE,41.9337527,-71.26139275
2755,4/28/2004,April,Wednesday,17:26,1,2,0,0,Rear-end,V1: Travelling straight ahead / V2: Slowing or stopped in traffic,V1: E  / V2: E,Dry,Daylight,Clear,0.03,0,60,39,FALSE,41.93394758,-71.30883429
2756,4/29/2004,April,Thursday,10:52,1,3,0,0,"Sideswipe, same direction",V1: Turning left / V2: Travelling straight ahead / V3: Parked,V1: 0 / V2: 0 / V3: 0,Dry,Daylight,Clear,0,0,68,36,FALSE,41.94574442,-71.28910698
2757,4/29/2004,April,Thursday,15:01,1,2,0,0,Rear-end,V1: Slowing or stopped in traffic / V2: Travelling straight ahead,V1: E  / V2: E,Dry,Daylight,Clear,0,0,68,36,FALSE,41.93393836,-71.3077318
2758,4/29/2004,April,Thursday,15:41,1,2,0,0,Angle,V1: Turning right / V2: Travelling straight ahead,V1: E  / V2: N,Dry,Daylight,Cloudy,0,0,68,36,FALSE,41.93505312,-71.29860583
2759,4/29/2004,April,Thursday,17:56,1,2,0,0,Angle,V1: Turning left / V2: Travelling straight ahead,V1: W  / V2: E,Dry,Daylight,Clear,0,0,68,36,FALSE,41.94306751,-71.28612737
2760,4/29/2004,April,Thursday,23:08,2,1,1,0,Single vehicle crash,V1: Travelling straight ahead,V1: S,Dry,Dark - roadway not lighted,Clear,0,0,68,36,FALSE,41.93285554,-71.32077908
2761,4/30/2004,April,Friday,5:37,1,2,0,0,Rear-end,V1: Slowing or stopped in traffic / V2: Slowing or stopped in traffic,V1: W  / V2: W,Dry,Daylight,Clear,0,0,78,50,FALSE,41.92014284,-71.35719783
2762,4/30/2004,April,Friday,9:20,2,2,2,0,Head-on,V1: Travelling straight ahead / V2: Travelling straight ahead,V1: E  / V2: W,Dry,Daylight,Clear,0,0,78,50,FALSE,41.90630464,-71.29940608