ID,DATE,Month,Day of week,Crash Time,Crash Severity,Number of Vehicles,Total Nonfatal Injuries,Total Fatal Injuries,Manner of Collision,Vehicle Action Prior to Crash,Vehicle Travel Directions,Road Surface Condition,Ambient Light,Weather Condition,PRCP,SNOW,TMAX,TMIN,Ice,Longtitute,Latitute
2763,4/30/2004,April,Friday,18:28,2,1,2,0,Single vehicle crash,V1: Travelling straight ahead,V1: S,Dry,Daylight,Clear,0,0,78,50,FALSE,34.24438675,-73.6513909
2764,5/1/2004,May,Saturday,9:40,0,2,0,0,Rear-end,V1: Travelling straight ahead / V2: Travelling straight ahead,V1: 0 / V2: 0,Dry,Daylight,Clear,0,0,76,49,FALSE,41.91861345,-71.29973155
2765,5/1/2004,May,Saturday,12:17,2,2,1,0,Rear-end,V1: Slowing or stopped in traffic / V2: Travelling straight ahead,V1: N  / V2: N,Dry,Daylight,Clear,0,0,76,49,FALSE,41.96495942,-71.28974962
2766,5/1/2004,May,Saturday,13:14,1,2,0,0,Angle,V1: Turning left / V2: Travelling straight ahead,V1: E  / V2: W,Dry,Daylight,Clear,0,0,76,49,FALSE,41.92614915,-71.34628794
2767,5/1/2004,May,Saturday,20:24,2,3,7,0,Rear-end,V1: Travelling straight ahead / V2: Slowing or stopped in traffic / V3: Slowing or stopped in traffic,V1: N  / V2: N  / V3: 0,Dry,Dark - lighted roadway,Clear,0,0,76,49,FALSE,41.90594717,-71.36540741
2768,5/1/2004,May,Saturday,22:15,1,2,0,0,Rear-end,V1: Travelling straight ahead / V2: Slowing or stopped in traffic,V1: S  / V2: S,Dry,Dark - roadway not lighted,Cloudy,0,0,76,49,FALSE,41.91325585,-71.3590575
2769,5/3/2004,May,Monday,14:19,1,2,0,0,Single vehicle crash,V1: Slowing or stopped in traffic / V2: Turning right,V1: N  / V2: S,Wet,Daylight,Cloudy/Rain,0.59,0,60,50,FALSE,41.95484304,-71.28856385
2770,5/3/2004,May,Monday,14:35,1,2,0,0,Angle,V1: Travelling straight ahead / V2: Turning left,V1: 0 / V2: 0,Wet,Daylight,Rain,0.59,0,60,50,FALSE,41.94140605,-71.28436439
2771,5/3/2004,May,Monday,14:39,1,1,0,0,Single vehicle crash,V1: Slowing or stopped in traffic,V1: E,Wet,Daylight,Rain,0.59,0,60,50,FALSE,41.89797007,-71.36398097
2772,5/3/2004,May,Monday,15:02,2,1,1,0,0,V1: Turning right,V1: S,Wet,Daylight,Cloudy/Rain,0.59,0,60,50,FALSE,41.94104078,-71.29346158
2773,5/4/2004,May,Tuesday,0:50,1,1,0,0,Single vehicle crash,V1: Travelling straight ahead,V1: S,Wet,Dark - roadway not lighted,Rain,0.19,0,60,38,FALSE,34.24438675,-73.6513909
2774,5/4/2004,May,Tuesday,1:17,1,1,0,0,0,V1: Backing,V1: E,Dry,Daylight,Clear,0.19,0,60,38,FALSE,41.94471262,-71.28292384
2775,5/4/2004,May,Tuesday,16:44,2,2,1,0,Angle,V1: Travelling straight ahead / V2: Travelling straight ahead,V1: W  / V2: S,Dry,Daylight,Clear,0.19,0,60,38,FALSE,41.94530477,-71.27629365
2776,5/6/2004,May,Thursday,17:50,2,1,1,0,Single vehicle crash,V1: Turning left,V1: E,Dry,Daylight,Clear,0,0,72,41,FALSE,41.92502909,-71.28811463
2777,5/6/2004,May,Thursday,20:10,2,2,1,0,0,V1: 0 / V2: 0,V1: 0 / V2: 0,Dry,Dark - lighted roadway,Clear,0,0,72,41,FALSE,41.94450501,-71.28411703
2778,5/7/2004,May,Friday,11:15,1,1,0,0,Single vehicle crash,V1: Travelling straight ahead,V1: 0,Dry,Daylight,Clear,0,0,87,52,FALSE,41.944651,-71.28354011
2779,5/7/2004,May,Friday,16:50,1,2,0,0,Rear-end,V1: Travelling straight ahead / V2: Travelling straight ahead,V1: S  / V2: S,Dry,Daylight,Clear,0,0,87,52,FALSE,41.95949687,-71.28775942
2780,5/7/2004,May,Friday,17:16,1,2,0,0,Rear-end,V1: Travelling straight ahead / V2: Travelling straight ahead,V1: N  / V2: N,Dry,Daylight,Clear,0,0,87,52,FALSE,34.24438675,-73.6513909
2781,5/7/2004,May,Friday,20:48,1,2,0,0,"Sideswipe, opposite direction",V1: Slowing or stopped in traffic / V2: Travelling straight ahead,V1: N  / V2: S,Dry,Dark - lighted roadway,Clear,0,0,87,52,FALSE,34.24438675,-73.6513909
2782,5/8/2004,May,Saturday,13:13,0,2,0,0,Rear-to-rear,V1: Parked / V2: 0,V1: 0 / V2: 0,Dry,Daylight,Clear,0,0,64,42,FALSE,34.24438675,-73.6513909
2783,5/9/2004,May,Sunday,1:32,2,1,1,0,Single vehicle crash,V1: Travelling straight ahead,V1: W,Dry,Daylight,Clear,0.32,0,58,44,FALSE,41.92166585,-71.25866267
2784,5/9/2004,May,Sunday,8:15,2,1,1,0,Single vehicle crash,V1: Travelling straight ahead,V1: N,Dry,Daylight,Clear,0.32,0,58,44,FALSE,34.24438675,-73.6513909
2785,5/9/2004,May,Sunday,15:18,2,2,1,0,Angle,V1: Turning left / V2: Travelling straight ahead,V1: E  / V2: S,Wet,Daylight,Cloudy,0.32,0,58,44,FALSE,34.24438675,-73.6513909
2786,5/9/2004,May,Sunday,17:30,1,2,0,0,"Sideswipe, opposite direction",V1: Turning left / V2: Travelling straight ahead,V1: E  / V2: W,Dry,Daylight,Cloudy,0.32,0,58,44,FALSE,41.91982212,-71.35857678
2787,5/9/2004,May,Sunday,22:19,2,2,4,0,Angle,V1: Travelling straight ahead / V2: Travelling straight ahead,V1: N  / V2: W,Dry,Dark - roadway not lighted,Cloudy,0.32,0,58,44,FALSE,41.89642653,-71.37125251
2788,5/10/2004,May,Monday,1:05,1,1,0,0,Single vehicle crash,V1: Travelling straight ahead,V1: N,Dry,Dark - roadway not lighted,Fog,0,0,73,42,FALSE,34.24438675,-73.6513909
2789,5/10/2004,May,Monday,20:25,1,1,0,0,Single vehicle crash,V1: Travelling straight ahead,V1: S,Dry,Dark - roadway not lighted,Clear,0,0,73,42,FALSE,41.90257689,-71.3560405
2790,5/10/2004,May,Monday,20:40,1,3,0,0,Rear-end,V1: Slowing or stopped in traffic / V2: Slowing or stopped in traffic / V3: Slowing or stopped in traffic,V1: S  / V2: S  / V3: 0,Dry,Dark - roadway not lighted,Cloudy,0,0,73,42,FALSE,34.24438675,-73.6513909
2791,5/10/2004,May,Monday,21:47,1,1,0,0,Single vehicle crash,V1: Travelling straight ahead,V1: W,Dry,Dark - lighted roadway,Clear,0,0,73,42,FALSE,41.9348634,-71.29887283
2792,5/11/2004,May,Tuesday,16:32,1,2,0,0,Angle,V1: Entering traffic lane / V2: Travelling straight ahead,V1: E  / V2: S,Dry,Daylight,Clear,0,0,88,54,FALSE,41.95082863,-71.27380922
2793,5/12/2004,May,Wednesday,20:10,1,2,0,0,Rear-end,V1: Turning left / V2: Travelling straight ahead,V1: N  / V2: S,Dry,Dark - lighted roadway,Clear,0,0,90,56,FALSE,41.90882151,-71.3639387
2794,5/12/2004,May,Wednesday,20:27,2,2,1,0,"Sideswipe, opposite direction",V1: Travelling straight ahead / V2: Travelling straight ahead,V1: N  / V2: S,Dry,Dark - lighted roadway,Clear,0,0,90,56,FALSE,41.91235264,-71.32621358
2795,5/13/2004,May,Thursday,9:29,2,1,1,0,Head-on,V1: Travelling straight ahead,V1: E,Dry,Daylight,Clear,0,0,71,46,FALSE,34.24438675,-73.6513909
2796,5/13/2004,May,Thursday,16:12,1,1,0,0,Single vehicle crash,V1: Travelling straight ahead,V1: N,Dry,Daylight,Clear,0,0,71,46,FALSE,41.91264486,-71.30991719
2797,5/13/2004,May,Thursday,16:19,1,2,0,0,Angle,V1: Turning left / V2: Travelling straight ahead,V1: N  / V2: S,Dry,Daylight,Cloudy,0,0,71,46,FALSE,34.24438675,-73.6513909
2798,5/13/2004,May,Thursday,17:43,2,1,1,0,Single vehicle crash,V1: Turning left,V1: N,"Sand, mud, dirt, oil, gravel",Daylight,Clear,0,0,71,46,FALSE,41.90538488,-71.36569048
2799,5/14/2004,May,Friday,9:02,1,2,0,0,Angle,V1: Slowing or stopped in traffic / V2: Travelling straight ahead,V1: E  / V2: N,Dry,Daylight,Cloudy,0,0,77,46,FALSE,41.93830895,-71.28203041
2800,5/14/2004,May,Friday,20:32,1,2,0,0,Angle,V1: Turning left / V2: Travelling straight ahead,V1: N  / V2: S,Dry,Dark - lighted roadway,Clear,0,0,77,46,FALSE,41.93269195,-71.32821357
2801,5/14/2004,May,Friday,23:29,2,2,2,0,Angle,V1: Travelling straight ahead / V2: Travelling straight ahead,V1: 0 / V2: 0,Dry,Dark - lighted roadway,Cloudy,0,0,77,46,FALSE,41.93150481,-71.33366365
2802,5/15/2004,May,Saturday,5:29,1,2,0,0,Rear-end,V1: Travelling straight ahead / V2: Slowing or stopped in traffic,V1: N  / V2: N,Dry,Daylight,Clear,0,0,88,58,FALSE,41.92508738,-71.35628348
2803,5/15/2004,May,Saturday,13:39,1,2,0,0,Angle,V1: Travelling straight ahead / V2: Travelling straight ahead,V1: W  / V2: N,Dry,Daylight,Clear,0,0,88,58,FALSE,41.9110765,-71.36278231
2804,5/15/2004,May,Saturday,15:05,1,2,0,0,Angle,V1: Travelling straight ahead / V2: Travelling straight ahead,V1: N  / V2: W,Dry,Daylight,Clear,0,0,88,58,FALSE,41.9110765,-71.36278231
2805,5/16/2004,May,Sunday,2:27,1,2,0,0,Rear-end,V1: Travelling straight ahead / V2: Slowing or stopped in traffic,V1: N  / V2: N,Wet,Daylight,Rain,0.07,0,72,51,FALSE,34.24438675,-73.6513909
2806,5/16/2004,May,Sunday,8:15,2,1,1,0,Single vehicle crash,V1: Travelling straight ahead,V1: N,Dry,Daylight,Cloudy,0.07,0,72,51,FALSE,41.9551108,-71.30465266
2807,5/16/2004,May,Sunday,16:25,1,3,0,0,Angle,V1: Travelling straight ahead / V2: Turning left / V3: 0,V1: E  / V2: W  / V3: 0,Dry,Daylight,Clear,0.07,0,72,51,FALSE,41.90230457,-71.36725828
2808,5/16/2004,May,Sunday,17:18,2,2,1,0,Angle,V1: Travelling straight ahead / V2: Turning left,V1: S  / V2: E,Dry,Daylight,Clear,0.07,0,72,51,FALSE,41.90998013,-71.35802082
2809,5/17/2004,May,Monday,7:59,2,2,3,0,Head-on,V1: Turning left / V2: Travelling straight ahead,V1: W  / V2: 0,Dry,Daylight,Cloudy,0,0,71,51,FALSE,41.93398011,-71.31150783
2810,5/17/2004,May,Monday,13:28,2,1,1,0,Single vehicle crash,V1: Travelling straight ahead,V1: W,Dry,Daylight,Clear,0,0,71,51,FALSE,41.94188971,-71.28096806
2811,5/17/2004,May,Monday,17:00,0,2,0,0,0,V1: Parked / V2: Backing,V1: 0 / V2: 0,Dry,0,Cloudy,0,0,71,51,FALSE,41.90265951,-71.37563148
2812,5/17/2004,May,Monday,18:05,1,2,0,0,"Sideswipe, same direction",V1: Turning left / V2: Overtaking/passing,V1: S  / V2: S,Dry,Daylight,Clear,0,0,71,51,FALSE,34.24438675,-73.6513909
2813,5/17/2004,May,Monday,20:52,1,2,0,0,Rear-end,V1: Travelling straight ahead / V2: Slowing or stopped in traffic,V1: S  / V2: S,Dry,Dark - lighted roadway,Clear,0,0,71,51,FALSE,41.89733197,-71.36979234
2814,5/18/2004,May,Tuesday,12:14,2,2,2,0,0,V1: Turning left / V2: Travelling straight ahead,V1: S  / V2: S,Dry,Daylight,Clear,0.06,0,71,53,FALSE,41.92430537,-71.35662807
2815,5/18/2004,May,Tuesday,16:10,1,2,0,0,Rear-end,V1: Travelling straight ahead / V2: Travelling straight ahead,V1: S  / V2: S,Dry,Daylight,Clear,0.06,0,71,53,FALSE,41.96495942,-71.28974962
2816,5/19/2004,May,Wednesday,8:22,1,2,0,0,Rear-end,V1: Travelling straight ahead / V2: Travelling straight ahead,V1: W  / V2: W,Wet,Daylight,Cloudy/Rain,0.07,0,74,47,FALSE,34.24438675,-73.6513909
2817,5/19/2004,May,Wednesday,12:22,1,2,0,0,Rear-end,V1: Travelling straight ahead / V2: Travelling straight ahead,V1: N  / V2: N,Dry,Daylight,Clear,0.07,0,74,47,FALSE,41.90998013,-71.35802082
2818,5/19/2004,May,Wednesday,16:04,1,2,0,0,Angle,V1: Travelling straight ahead / V2: Travelling straight ahead,V1: E  / V2: W,Dry,Daylight,Clear,0.07,0,74,47,FALSE,41.90500517,-71.33616438
2819,5/20/2004,May,Thursday,14:27,1,2,0,0,Angle,V1: Travelling straight ahead / V2: Turning left,V1: 0 / V2: E,Dry,Daylight,Clear,0,0,76,43,FALSE,41.89541252,-71.37076533
2820,5/20/2004,May,Thursday,16:26,1,2,0,0,Angle,V1: Leaving traffic lane / V2: Travelling straight ahead,V1: N  / V2: 0,Dry,Daylight,Cloudy,0,0,76,43,FALSE,41.95451461,-71.24992613
2821,5/20/2004,May,Thursday,17:07,1,3,0,0,Rear-end,V1: Travelling straight ahead / V2: Slowing or stopped in traffic / V3: Slowing or stopped in traffic,V1: E  / V2: E  / V3: E,Dry,Daylight,Clear,0,0,76,43,FALSE,41.9339788,-71.31138997
2822,5/21/2004,May,Friday,15:08,1,2,0,0,Rear-end,V1: Slowing or stopped in traffic / V2: Slowing or stopped in traffic,V1: E  / V2: E,Dry,Daylight,Clear,0.01,0,82,52,FALSE,41.92508738,-71.35628348
2823,5/22/2004,May,Saturday,8:00,1,2,0,0,Angle,V1: 0 / V2: 0,V1: W  / V2: E,Dry,Daylight,Cloudy,0,0,62,48,FALSE,41.94450501,-71.28411703
2824,5/23/2004,May,Sunday,5:00,2,1,1,0,Single vehicle crash,V1: Travelling straight ahead,V1: S,"Water (standing, moving)",Dawn,Cloudy/Rain,0.14,0,81,48,FALSE,41.90257796,-71.35603695
2825,5/23/2004,May,Sunday,15:00,1,2,0,0,Rear-end,V1: Slowing or stopped in traffic / V2: Slowing or stopped in traffic,V1: S  / V2: S,Dry,Daylight,Clear,0.14,0,81,48,FALSE,41.92508738,-71.35628348
2826,5/23/2004,May,Sunday,20:00,1,2,0,0,Angle,V1: Turning left / V2: Travelling straight ahead,V1: N  / V2: N,Wet,Dark - roadway not lighted,Rain,0.14,0,81,48,FALSE,34.24438675,-73.6513909
2827,5/23/2004,May,Sunday,21:57,1,2,0,0,Rear-end,V1: Slowing or stopped in traffic / V2: Slowing or stopped in traffic,V1: 0 / V2: 0,Wet,Dark - lighted roadway,Cloudy,0.14,0,81,48,FALSE,41.90682772,-71.35704387
2828,5/24/2004,May,Monday,9:20,1,1,0,0,Single vehicle crash,V1: Changing lanes,V1: N,Dry,Daylight,Cloudy,0,0,63,49,FALSE,34.24438675,-73.6513909
2829,5/24/2004,May,Monday,14:15,1,3,0,0,Rear-end,V1: Slowing or stopped in traffic / V2: Slowing or stopped in traffic / V3: Travelling straight ahead,V1: N  / V2: N  / V3: N,Dry,Daylight,Cloudy,0,0,63,49,FALSE,41.92446027,-71.28906707
2830,5/24/2004,May,Monday,21:43,2,3,6,0,Angle,V1: Travelling straight ahead / V2: Travelling straight ahead / V3: Travelling straight ahead,V1: S  / V2: N  / V3: S,Dry,Dark - roadway not lighted,Clear,0,0,63,49,FALSE,34.24438675,-73.6513909
2831,5/25/2004,May,Tuesday,4:50,2,2,2,0,Rear-end,V1: Turning left / V2: Travelling straight ahead,V1: N  / V2: W,Dry,Daylight,Cloudy,0,0,56,47,FALSE,41.96943481,-71.29290798
2832,5/26/2004,May,Wednesday,12:06,2,2,5,0,Angle,V1: Travelling straight ahead / V2: Travelling straight ahead,V1: S  / V2: W,Dry,Daylight,Cloudy,0.01,0,55,46,FALSE,41.90697288,-71.36488171
2833,5/26/2004,May,Wednesday,15:30,1,2,0,0,Rear-end,V1: Travelling straight ahead / V2: Travelling straight ahead,V1: W  / V2: W,Dry,Daylight,Clear,0.01,0,55,46,FALSE,41.93401006,-71.3141157
2834,5/27/2004,May,Thursday,8:20,2,2,1,0,Rear-end,V1: Slowing or stopped in traffic / V2: Travelling straight ahead,V1: N  / V2: N,Wet,Daylight,Cloudy,0.49,0,73,50,FALSE,34.24438675,-73.6513909
2835,5/27/2004,May,Thursday,13:57,1,2,0,0,Rear-end,V1: Turning left / V2: Travelling straight ahead,V1: E  / V2: N,Dry,Daylight,Clear,0.49,0,73,50,FALSE,41.92888802,-71.35392692
2836,5/27/2004,May,Thursday,15:03,1,2,0,0,Rear-end,V1: Slowing or stopped in traffic / V2: Travelling straight ahead,V1: S  / V2: S,Dry,Daylight,Clear,0.49,0,73,50,FALSE,41.90261606,-71.35590689
2837,5/27/2004,May,Thursday,16:59,2,2,2,0,Rear-end,V1: Slowing or stopped in traffic / V2: Travelling straight ahead,V1: S  / V2: S,Dry,Daylight,Clear,0.49,0,73,50,FALSE,41.95284145,-71.28942154
2838,5/28/2004,May,Friday,8:35,2,1,2,0,Single vehicle crash,V1: Travelling straight ahead,V1: 0,Dry,Dark - 0 roadway lighting,Cloudy,0.83,0,62,52,FALSE,34.24438675,-73.6513909
2839,5/28/2004,May,Friday,10:42,1,2,0,0,Angle,V1: Turning left / V2: Travelling straight ahead,V1: N  / V2: S,Wet,Daylight,Cloudy,0.83,0,62,52,FALSE,41.90827228,-71.36421459
2840,5/28/2004,May,Friday,14:08,2,4,1,0,Rear-end,V1: Travelling straight ahead / V2: Travelling straight ahead / V3: Travelling straight ahead / V4: Travelling straight ahead,V1: S  / V2: S  / V3: S  / V4: S,Wet,Daylight,Rain,0.83,0,62,52,FALSE,41.92644259,-71.35554103
2841,5/28/2004,May,Friday,16:20,1,2,0,0,Angle,V1: Turning left / V2: Travelling straight ahead,V1: S  / V2: W,Dry,Daylight,Cloudy,0.83,0,62,52,FALSE,41.92387717,-71.35158914
2842,5/28/2004,May,Friday,17:05,2,2,1,0,Angle,V1: Slowing or stopped in traffic / V2: Travelling straight ahead,V1: W  / V2: W,Dry,Daylight,Cloudy,0.83,0,62,52,FALSE,41.96985843,-71.2915471
2843,5/28/2004,May,Friday,21:45,2,1,3,0,Single vehicle crash,V1: Travelling straight ahead,V1: W,Dry,Dark - lighted roadway,Cloudy,0.83,0,62,52,FALSE,41.9487741,-71.24732085
2844,5/29/2004,May,Saturday,4:00,2,4,6,0,Rear-end,V1: Travelling straight ahead / V2: Travelling straight ahead / V3: Travelling straight ahead / V4: Changing lanes,V1: S  / V2: S  / V3: S  / V4: S,Dry,Daylight,Clear,0,0,64,48,FALSE,34.24438675,-73.6513909
2845,5/29/2004,May,Saturday,5:30,1,1,0,0,Single vehicle crash,V1: Travelling straight ahead,V1: S,Dry,Daylight,Clear,0,0,64,48,FALSE,41.9589661,-71.30200935
2846,5/29/2004,May,Saturday,6:00,1,2,0,0,Rear-end,V1: Parked / V2: Backing,V1: 0 / V2: E,Dry,Daylight,Clear,0,0,64,48,FALSE,41.93629685,-71.2826192
2847,5/29/2004,May,Saturday,11:10,2,2,1,0,Rear-end,V1: Slowing or stopped in traffic / V2: Slowing or stopped in traffic,V1: E  / V2: E,Dry,Daylight,Clear,0,0,64,48,FALSE,41.95130281,-71.27263126
2848,5/29/2004,May,Saturday,14:00,2,2,3,0,Angle,V1: Turning right / V2: Travelling straight ahead,V1: S  / V2: S,Dry,Daylight,Clear,0,0,64,48,FALSE,41.93195133,-71.32153648
2849,5/29/2004,May,Saturday,17:04,2,2,2,0,Rear-end,V1: Entering traffic lane / V2: Entering traffic lane,V1: 0 / V2: 0,Dry,Daylight,Clear,0,0,64,48,FALSE,41.93397835,-71.31876623
2850,5/30/2004,May,Sunday,1:14,0,1,0,0,Single vehicle crash,V1: 0,V1: 0,Dry,Dark - lighted roadway,Cloudy,0,0,72,44,FALSE,41.93742983,-71.26519759
2851,5/30/2004,May,Sunday,1:50,1,2,0,0,Angle,V1: Backing / V2: Parked,V1: 0 / V2: 0,Dry,Daylight,Clear,0,0,72,44,FALSE,41.94387991,-71.27613243
2852,5/30/2004,May,Sunday,11:30,1,2,0,0,Angle,V1: Travelling straight ahead / V2: Travelling straight ahead,V1: 0 / V2: 0,Dry,Daylight,Clear,0,0,72,44,FALSE,41.93830895,-71.28203041
2853,5/30/2004,May,Sunday,14:00,0,2,0,0,Rear-end,V1: Turning left / V2: Travelling straight ahead,V1: N  / V2: S,Dry,Daylight,Clear,0,0,72,44,FALSE,41.89541252,-71.37076533
2854,5/31/2004,May,Monday,1:23,1,1,0,0,Single vehicle crash,V1: Travelling straight ahead,V1: N,Dry,Dark - roadway not lighted,Clear,0,0,72,48,FALSE,41.90553192,-71.34618149
2855,5/31/2004,May,Monday,11:02,1,2,0,0,"Sideswipe, same direction",V1: Slowing or stopped in traffic / V2: Overtaking/passing,V1: N  / V2: N,Dry,Daylight,Clear,0,0,72,48,FALSE,41.96643836,-71.29074265
2856,5/31/2004,May,Monday,14:10,1,2,0,0,Angle,V1: Travelling straight ahead / V2: Turning left,V1: N  / V2: E,Dry,Daylight,Clear,0,0,72,48,FALSE,41.89733197,-71.36979234
2857,5/31/2004,May,Monday,17:00,1,1,0,0,Single vehicle crash,V1: Travelling straight ahead,V1: E,Dry,Daylight,Clear,0,0,72,48,FALSE,41.93519151,-71.32895367
2858,6/1/2004,June,Tuesday,9:30,1,2,0,0,Rear-end,V1: Slowing or stopped in traffic / V2: Travelling straight ahead,V1: 0 / V2: 0,Dry,Daylight,Cloudy,0.37,0,53,47,FALSE,41.90998013,-71.35802082
2859,6/2/2004,June,Wednesday,10:50,1,2,0,0,Angle,V1: Entering traffic lane / V2: Slowing or stopped in traffic,V1: S  / V2: W,Dry,Daylight,Cloudy,0.54,0,79,49,FALSE,41.94855134,-71.27766383
2860,6/2/2004,June,Wednesday,12:18,2,1,1,0,Single vehicle crash,V1: Slowing or stopped in traffic,V1: E,Wet,Daylight,Cloudy,0.54,0,79,49,FALSE,41.94533634,-71.27420574
2861,6/2/2004,June,Wednesday,15:52,1,2,0,0,Rear-end,V1: Slowing or stopped in traffic / V2: Travelling straight ahead,V1: S  / V2: S,Dry,Daylight,Clear,0.54,0,79,49,FALSE,41.97001836,-71.2913735
2862,6/2/2004,June,Wednesday,16:32,1,2,0,0,Single vehicle crash,V1: Slowing or stopped in traffic / V2: Turning left,V1: S  / V2: E,Dry,Daylight,Clear,0.54,0,79,49,FALSE,41.94861042,-71.27758702
2863,6/3/2004,June,Thursday,8:18,1,2,0,0,Angle,V1: Entering traffic lane / V2: Travelling straight ahead,V1: E  / V2: S,Dry,Daylight,Clear,0.15,0,76,51,FALSE,41.91982212,-71.35857678
2864,6/3/2004,June,Thursday,12:02,1,2,0,0,Angle,V1: Travelling straight ahead / V2: Travelling straight ahead,V1: E  / V2: E,Dry,Daylight,Clear,0.15,0,76,51,FALSE,41.94344652,-71.28559566
2865,6/3/2004,June,Thursday,17:46,1,2,0,0,Rear-end,V1: Slowing or stopped in traffic / V2: Travelling straight ahead,V1: S  / V2: S,Dry,Daylight,Clear,0.15,0,76,51,FALSE,41.9590626,-71.30194545
2866,6/3/2004,June,Thursday,18:45,1,3,0,0,Rear-end,V1: Travelling straight ahead / V2: Slowing or stopped in traffic / V3: Slowing or stopped in traffic,V1: E  / V2: E  / V3: E,Dry,Daylight,Clear,0.15,0,76,51,FALSE,41.92416457,-71.35104162
2867,6/4/2004,June,Friday,6:30,1,2,0,0,0,V1: Travelling straight ahead / V2: 0,V1: S  / V2: 0,Dry,Daylight,Clear,0,0,75,46,FALSE,41.95026372,-71.2985466
2868,6/4/2004,June,Friday,12:20,1,2,0,0,Angle,V1: Turning left / V2: Travelling straight ahead,V1: W  / V2: S,Dry,Daylight,Clear,0,0,75,46,FALSE,34.24438675,-73.6513909
2869,6/4/2004,June,Friday,14:45,1,3,0,0,Rear-end,V1: Slowing or stopped in traffic / V2: Slowing or stopped in traffic / V3: Travelling straight ahead,V1: N  / V2: N  / V3: N,Dry,Daylight,Clear,0,0,75,46,FALSE,41.96495942,-71.28974962
2870,6/4/2004,June,Friday,17:30,1,2,0,0,Rear-end,V1: Travelling straight ahead / V2: Slowing or stopped in traffic,V1: S  / V2: S,Dry,Daylight,Clear,0,0,75,46,FALSE,34.24438675,-73.6513909
2871,6/5/2004,June,Saturday,11:45,1,2,0,0,Angle,V1: Making U-turn / V2: Travelling straight ahead,V1: N  / V2: E,Dry,Daylight,Clear,0,0,70,48,FALSE,41.93397965,-71.31144934
2872,6/5/2004,June,Saturday,22:33,0,3,0,0,"Sideswipe, opposite direction",V1: Parked / V2: Parked / V3: 0,V1: 0 / V2: 0 / V3: 0,Dry,Dark - lighted roadway,Clear,0,0,70,48,FALSE,41.94231024,-71.28253433
2873,6/6/2004,June,Sunday,10:16,2,1,1,0,Single vehicle crash,V1: Slowing or stopped in traffic,V1: S,Wet,Daylight,Cloudy,0.28,0,56,50,FALSE,41.94911334,-71.27584252
2874,6/6/2004,June,Sunday,15:30,1,2,0,0,Rear-end,V1: Slowing or stopped in traffic / V2: Slowing or stopped in traffic,V1: S  / V2: S,Wet,Daylight,Cloudy/Rain,0.28,0,56,50,FALSE,41.89903243,-71.355186
2875,6/6/2004,June,Sunday,16:49,2,1,1,0,Single vehicle crash,V1: Entering traffic lane,V1: N,Wet,Daylight,Cloudy/Rain,0.28,0,56,50,FALSE,41.93397835,-71.31876624
2876,6/6/2004,June,Sunday,18:10,1,2,0,0,Rear-end,V1: Slowing or stopped in traffic / V2: Slowing or stopped in traffic,V1: S  / V2: 0,Wet,Daylight,Cloudy/Rain,0.28,0,56,50,FALSE,41.92014284,-71.35719783
2877,6/7/2004,June,Monday,16:15,1,3,0,0,Rear-end,V1: Travelling straight ahead / V2: Slowing or stopped in traffic / V3: Turning left,V1: N  / V2: N  / V3: N,Dry,Daylight,Clear,0,0,75,50,FALSE,41.94845803,-71.30212015
2878,6/7/2004,June,Monday,17:19,2,2,1,0,Rear-end,V1: Slowing or stopped in traffic / V2: Travelling straight ahead,V1: S  / V2: S,Dry,Daylight,Clear,0,0,75,50,FALSE,41.92014285,-71.35719783
2879,6/7/2004,June,Monday,17:41,2,2,1,0,Rear-end,V1: Slowing or stopped in traffic / V2: Travelling straight ahead,V1: 0 / V2: 0,Dry,Daylight,Clear,0,0,75,50,FALSE,34.24438675,-73.6513909
2880,6/7/2004,June,Monday,18:54,2,2,4,0,Rear-end,V1: Slowing or stopped in traffic / V2: Travelling straight ahead,V1: N  / V2: N,Dry,Daylight,Clear,0,0,75,50,FALSE,41.89972563,-71.35520786
2881,6/7/2004,June,Monday,20:16,2,1,1,0,Single vehicle crash,V1: Travelling straight ahead,V1: W,Dry,Dusk,Clear,0,0,75,50,FALSE,41.94446392,-71.28416576
2882,6/8/2004,June,Tuesday,9:35,1,2,0,0,Angle,V1: Travelling straight ahead / V2: Parked,V1: S  / V2: 0,Dry,Daylight,Clear,0,0,89,55,FALSE,41.94367122,-71.27451697
2883,6/9/2004,June,Wednesday,8:45,1,2,0,0,Rear-end,V1: Slowing or stopped in traffic / V2: Travelling straight ahead,V1: N  / V2: N,Dry,Daylight,Clear,0.13,0,94,63,FALSE,41.92104625,-71.25840149
2884,6/9/2004,June,Wednesday,9:52,2,3,1,0,"Sideswipe, opposite direction",V1: Entering traffic lane / V2: Travelling straight ahead / V3: Travelling straight ahead,V1: S  / V2: S  / V3: N,Dry,Daylight,Clear,0.13,0,94,63,FALSE,41.91568377,-71.35895878
2885,6/9/2004,June,Wednesday,10:22,1,2,0,0,Angle,V1: Turning left / V2: Travelling straight ahead,V1: N  / V2: S,Dry,Daylight,Clear,0.13,0,94,63,FALSE,41.90858125,-71.35758797
2886,6/9/2004,June,Wednesday,10:36,2,3,1,0,Rear-end,V1: Travelling straight ahead / V2: Slowing or stopped in traffic / V3: Slowing or stopped in traffic,V1: 0 / V2: 0 / V3: 0,Dry,Daylight,Clear,0.13,0,94,63,FALSE,41.9092754,-71.35780912
2887,6/10/2004,June,Thursday,16:02,2,2,1,0,Angle,V1: Backing / V2: Travelling straight ahead,V1: N  / V2: W,Dry,Daylight,Clear,0,0,72,54,FALSE,41.94379074,-71.29407807
2888,6/10/2004,June,Thursday,16:56,1,2,0,0,Rear-end,V1: Slowing or stopped in traffic / V2: Travelling straight ahead,V1: N  / V2: N,Dry,Daylight,Cloudy,0,0,72,54,FALSE,41.92913729,-71.35380452
2889,6/11/2004,June,Friday,8:31,1,1,0,0,Rear-end,V1: Slowing or stopped in traffic,V1: S,Dry,Daylight,Clear,0,0,74,46,FALSE,41.90583648,-71.35680335