ID,DATE,Month,Day of week,Crash Time,Crash Severity,Number of Vehicles,Total Nonfatal Injuries,Total Fatal Injuries,Manner of Collision,Vehicle Action Prior to Crash,Vehicle Travel Directions,Road Surface Condition,Ambient Light,Weather Condition,PRCP,SNOW,TMAX,TMIN,Ice,Longtitute,Latitute
2890,6/11/2004,June,Friday,9:56,1,1,0,0,Rear-end,V1: Travelling straight ahead,V1: 0,Dry,Daylight,Clear,0,0,74,46,FALSE,41.90583648,-71.35680335
2891,6/11/2004,June,Friday,15:05,2,2,1,0,Rear-end,V1: Travelling straight ahead / V2: Travelling straight ahead,V1: S  / V2: S,Dry,Daylight,Clear,0,0,74,46,FALSE,41.94528089,-71.28523352
2892,6/11/2004,June,Friday,15:35,1,2,0,0,Angle,V1: Turning left / V2: Travelling straight ahead,V1: W  / V2: N,Dry,Daylight,Clear,0,0,74,46,FALSE,41.91562886,-71.36047108
2893,6/12/2004,June,Saturday,13:20,2,2,2,0,Rear-end,V1: Travelling straight ahead / V2: Slowing or stopped in traffic,V1: N  / V2: N,Dry,Daylight,Clear,0,0,74,41,FALSE,41.94274018,-71.28432859
2894,6/12/2004,June,Saturday,13:34,2,2,1,0,Rear-end,V1: Travelling straight ahead / V2: Slowing or stopped in traffic,V1: N  / V2: N,Dry,Daylight,Clear,0,0,74,41,FALSE,34.24438675,-73.6513909
2895,6/12/2004,June,Saturday,15:45,2,3,3,0,Rear-end,V1: Travelling straight ahead / V2: Slowing or stopped in traffic / V3: Slowing or stopped in traffic,V1: N  / V2: N  / V3: N,Dry,Daylight,Clear,0,0,74,41,FALSE,41.92982927,-71.35349399
2896,6/12/2004,June,Saturday,20:00,1,2,0,0,Rear-end,V1: 0 / V2: 0,V1: N  / V2: N,Dry,Dusk,Clear,0,0,74,41,FALSE,41.9092754,-71.35780912
2897,6/13/2004,June,Sunday,3:00,2,2,1,0,Angle,V1: Travelling straight ahead / V2: Travelling straight ahead,V1: N  / V2: N,Dry,Dark - roadway not lighted,Clear,0,0,75,46,FALSE,41.92969804,-71.32243362
2898,6/13/2004,June,Sunday,6:45,0,2,0,0,"Sideswipe, same direction",V1: Parked / V2: Backing,V1: 0 / V2: S,Dry,Dusk,Clear,0,0,75,46,FALSE,34.24438675,-73.6513909
2899,6/13/2004,June,Sunday,12:35,1,2,0,0,Rear-end,V1: Travelling straight ahead / V2: Slowing or stopped in traffic,V1: W  / V2: W,Dry,Daylight,Clear,0,0,75,46,FALSE,41.9483337,-71.27794679
2900,6/14/2004,June,Monday,7:05,1,2,0,0,Angle,V1: Travelling straight ahead / V2: Travelling straight ahead,V1: W  / V2: 0,Dry,Daylight,Cloudy,0,0,71,55,FALSE,41.94201587,-71.2912461
2901,6/14/2004,June,Monday,17:35,1,2,0,0,Rear-end,V1: Turning left / V2: Slowing or stopped in traffic,V1: S  / V2: S,Dry,Daylight,Cloudy,0,0,71,55,FALSE,41.94758208,-71.27687472
2902,6/14/2004,June,Monday,18:25,1,2,0,0,Angle,V1: Turning left / V2: Travelling straight ahead,V1: 0 / V2: 0,Dry,Daylight,Cloudy,0,0,71,55,FALSE,41.89673888,-71.37009126
2903,6/15/2004,June,Tuesday,12:30,1,2,0,0,Rear-end,V1: Travelling straight ahead / V2: Travelling straight ahead,V1: W  / V2: W,Dry,Daylight,Clear,0,0,90,63,FALSE,41.93269195,-71.32821357
2904,6/15/2004,June,Tuesday,14:00,2,1,1,0,Single vehicle crash,V1: Travelling straight ahead,V1: S,Dry,Daylight,Clear,0,0,90,63,FALSE,41.93674307,-71.33019829
2905,6/15/2004,June,Tuesday,16:42,1,2,0,0,Angle,V1: Travelling straight ahead / V2: Entering traffic lane,V1: E  / V2: S,Dry,Daylight,Clear,0,0,90,63,FALSE,41.94458656,-71.27648461
2906,6/15/2004,June,Tuesday,18:40,1,2,0,0,Head-on,V1: Backing / V2: Slowing or stopped in traffic,V1: E  / V2: E,Dry,Daylight,Clear,0,0,90,63,FALSE,34.24438675,-73.6513909
2907,6/15/2004,June,Tuesday,21:37,1,2,0,0,Angle,V1: Entering traffic lane / V2: Travelling straight ahead,V1: E  / V2: W,Dry,Dark - lighted roadway,Clear,0,0,90,63,FALSE,41.90932796,-71.29368981
2908,6/16/2004,June,Wednesday,12:50,1,2,0,0,Angle,V1: Turning left / V2: Travelling straight ahead,V1: E  / V2: W,Dry,Daylight,Clear,0,0,90,64,FALSE,41.95077804,-71.27393366
2909,6/16/2004,June,Wednesday,16:25,2,3,1,0,Angle,V1: Turning left / V2: Travelling straight ahead / V3: Turning right,V1: N  / V2: S  / V3: E,Dry,Daylight,Cloudy,0,0,90,64,FALSE,41.90230457,-71.36725828
2910,6/16/2004,June,Wednesday,17:30,2,1,1,0,Single vehicle crash,V1: Travelling straight ahead,V1: S,Dry,Daylight,Clear,0,0,90,64,FALSE,41.9092031,-71.2947782
2911,6/16/2004,June,Wednesday,17:45,1,2,0,0,Angle,V1: Turning left / V2: Travelling straight ahead,V1: S  / V2: N,Dry,Daylight,Clear,0,0,90,64,FALSE,41.91194929,-71.36233897
2912,6/16/2004,June,Wednesday,21:03,2,1,1,0,Single vehicle crash,V1: Travelling straight ahead,V1: W,Dry,Dark - lighted roadway,Clear,0,0,90,64,FALSE,41.90219533,-71.34101623
2913,6/17/2004,June,Thursday,14:45,0,2,0,0,Rear-end,V1: Slowing or stopped in traffic / V2: Slowing or stopped in traffic,V1: S  / V2: S,Dry,Daylight,Clear,0.01,0,91,66,FALSE,41.89733197,-71.36979234
2914,6/17/2004,June,Thursday,15:35,1,2,0,0,Angle,V1: Entering traffic lane / V2: Travelling straight ahead,V1: S  / V2: W,Dry,Daylight,Clear,0.01,0,91,66,FALSE,34.24438675,-73.6513909
2915,6/17/2004,June,Thursday,16:00,2,3,1,0,Rear-end,V1: Slowing or stopped in traffic / V2: Slowing or stopped in traffic / V3: Slowing or stopped in traffic,V1: S  / V2: S  / V3: S,Dry,Daylight,Cloudy,0.01,0,91,66,FALSE,41.96264309,-71.2995301
2916,6/17/2004,June,Thursday,19:32,1,2,0,0,Head-on,V1: Turning left / V2: Travelling straight ahead,V1: N  / V2: S,Wet,Dark - lighted roadway,Rain,0.01,0,91,66,FALSE,34.24438675,-73.6513909
2917,6/17/2004,June,Thursday,22:24,2,2,1,0,Rear-end,V1: Making U-turn / V2: Travelling straight ahead,V1: 0 / V2: 0,Wet,Daylight,Cloudy/Rain,0.01,0,91,66,FALSE,41.91130764,-71.35852373
2918,6/18/2004,June,Friday,8:00,1,1,0,0,Single vehicle crash,V1: Travelling straight ahead,V1: W,Dry,Daylight,Cloudy,0,0,72,62,FALSE,34.24438675,-73.6513909
2919,6/18/2004,June,Friday,16:00,2,2,1,0,Rear-end,V1: Slowing or stopped in traffic / V2: 0,V1: 0 / V2: S,Dry,Daylight,Cloudy,0,0,72,62,FALSE,41.92517791,-71.35624394
2920,6/18/2004,June,Friday,16:00,0,2,0,0,Rear-end,V1: Travelling straight ahead / V2: Travelling straight ahead,V1: S  / V2: S,Dry,Daylight,Clear,0,0,72,62,FALSE,41.92765542,-71.35468206
2921,6/18/2004,June,Friday,18:55,2,3,2,0,Rear-end,V1: Slowing or stopped in traffic / V2: Slowing or stopped in traffic / V3: Travelling straight ahead,V1: S  / V2: S  / V3: S,Dry,Daylight,Clear,0,0,72,62,FALSE,41.96141622,-71.3003533
2922,6/19/2004,June,Saturday,13:00,2,1,1,0,"Sideswipe, same direction",V1: Travelling straight ahead,V1: N,Dry,Daylight,Clear,0.17,0,83,60,FALSE,41.89856245,-71.36866491
2923,6/19/2004,June,Saturday,18:57,1,2,0,0,Rear-end,V1: Travelling straight ahead / V2: 0,V1: S  / V2: 0,Dry,Daylight,Clear,0.17,0,83,60,FALSE,41.92582634,-71.35594437
2924,6/21/2004,June,Monday,7:52,1,2,0,0,Angle,V1: Entering traffic lane / V2: Travelling straight ahead,V1: W  / V2: W,Snow,Daylight,Cloudy,0,0,81,48,FALSE,41.91044592,-71.28309302
2925,6/21/2004,June,Monday,16:30,1,3,0,0,Rear-end,V1: Travelling straight ahead / V2: Slowing or stopped in traffic / V3: Slowing or stopped in traffic,V1: S  / V2: S  / V3: S,Dry,Daylight,Clear,0,0,81,48,FALSE,34.24438675,-73.6513909
2926,6/22/2004,June,Tuesday,6:25,1,2,0,0,Rear-end,V1: Slowing or stopped in traffic / V2: Slowing or stopped in traffic,V1: N  / V2: N,Dry,Daylight,Clear,0,0,75,57,FALSE,41.92446027,-71.28906707
2927,6/22/2004,June,Tuesday,12:00,2,1,1,0,Single vehicle crash,V1: Travelling straight ahead,V1: 0,Dry,Daylight,Clear,0,0,75,57,FALSE,34.24438675,-73.6513909
2928,6/22/2004,June,Tuesday,12:42,2,3,2,0,Rear-end,V1: Travelling straight ahead / V2: Slowing or stopped in traffic / V3: 0,V1: S  / V2: S  / V3: 0,Dry,Daylight,Clear,0,0,75,57,FALSE,34.24438675,-73.6513909
2929,6/22/2004,June,Tuesday,13:51,1,2,0,0,"Sideswipe, same direction",V1: Backing / V2: Parked,V1: W  / V2: W,Dry,Daylight,Clear,0,0,75,57,FALSE,41.9472108,-71.28786501
2930,6/22/2004,June,Tuesday,16:05,2,1,1,0,Single vehicle crash,V1: Travelling straight ahead,V1: W,Dry,Daylight,Cloudy,0,0,75,57,FALSE,41.91696013,-71.37494452
2931,6/22/2004,June,Tuesday,19:24,2,1,1,0,Single vehicle crash,V1: Entering traffic lane,V1: N,Dry,Daylight,Clear,0,0,75,57,FALSE,34.24438675,-73.6513909
2932,6/22/2004,June,Tuesday,22:30,3,1,2,1,Single vehicle crash,V1: Travelling straight ahead,V1: N,Dry,Dark - roadway not lighted,Clear,0,0,75,57,FALSE,34.24438675,-73.6513909
2933,6/23/2004,June,Wednesday,7:41,1,3,0,0,Angle,V1: Travelling straight ahead / V2: Travelling straight ahead / V3: Travelling straight ahead,V1: S  / V2: W  / V3: E,Dry,Daylight,Clear,0,0,86,65,FALSE,41.93524005,-71.27513601
2934,6/23/2004,June,Wednesday,8:35,1,2,0,0,Angle,V1: Travelling straight ahead / V2: Turning right,V1: W  / V2: S,Dry,Daylight,Clear,0,0,86,65,FALSE,41.93623387,-71.28481203
2935,6/23/2004,June,Wednesday,10:55,2,2,1,0,Rear-end,V1: Slowing or stopped in traffic / V2: Travelling straight ahead,V1: 0 / V2: 0,Dry,Daylight,Clear,0,0,86,65,FALSE,41.96643836,-71.29074265
2936,6/23/2004,June,Wednesday,14:32,1,1,0,0,Single vehicle crash,V1: Travelling straight ahead,V1: W,Dry,Daylight,Clear,0,0,86,65,FALSE,34.24438675,-73.6513909
2937,6/23/2004,June,Wednesday,18:15,1,1,0,0,Single vehicle crash,V1: Travelling straight ahead,V1: W,Dry,Daylight,Clear,0,0,86,65,FALSE,41.9404815,-71.28139686
2938,6/23/2004,June,Wednesday,18:57,2,2,1,0,Angle,V1: Leaving traffic lane / V2: Travelling straight ahead,V1: W  / V2: S,Dry,Daylight,Clear,0,0,86,65,FALSE,34.24438675,-73.6513909
2939,6/24/2004,June,Thursday,9:49,2,2,1,0,Head-on,V1: Travelling straight ahead / V2: Travelling straight ahead,V1: S  / V2: N,Dry,Dark - lighted roadway,Clear,0,0,85,53,FALSE,41.94140605,-71.28436439
2940,6/24/2004,June,Thursday,11:38,1,2,0,0,Rear-end,V1: Slowing or stopped in traffic / V2: Travelling straight ahead,V1: W  / V2: W,Dry,Daylight,Clear,0,0,85,53,FALSE,34.24438675,-73.6513909
2941,6/24/2004,June,Thursday,14:25,2,3,1,0,Angle,V1: Travelling straight ahead / V2: Travelling straight ahead / V3: Turning left,V1: S  / V2: E  / V3: W,Dry,Daylight,Clear,0,0,85,53,FALSE,41.90998013,-71.35802082
2942,6/25/2004,June,Friday,14:45,1,2,0,0,Single vehicle crash,V1: Turning right / V2: 0,V1: S  / V2: 0,Dry,Daylight,Clear,0,0,81,60,FALSE,41.93874704,-71.29215576
2943,6/25/2004,June,Friday,16:35,2,2,1,0,0,V1: Slowing or stopped in traffic / V2: Slowing or stopped in traffic,V1: S  / V2: S,Dry,Daylight,Cloudy,0,0,81,60,FALSE,41.89972563,-71.35520786
2944,6/25/2004,June,Friday,16:55,1,2,0,0,Rear-end,V1: Slowing or stopped in traffic / V2: Travelling straight ahead,V1: S  / V2: S,Dry,Daylight,Cloudy,0,0,81,60,FALSE,41.89968132,-71.35531736
2945,6/25/2004,June,Friday,17:30,2,2,1,0,Rear-end,V1: Slowing or stopped in traffic / V2: Travelling straight ahead,V1: N  / V2: N,Dry,Daylight,Clear,0,0,81,60,FALSE,41.92675288,-71.34334435
2946,6/25/2004,June,Friday,18:30,2,2,1,0,Rear-end,V1: 0 / V2: 0,V1: E  / V2: E,Dry,Daylight,Cloudy,0,0,81,60,FALSE,41.93397839,-71.31869273
2947,6/26/2004,June,Saturday,5:05,2,2,1,0,Rear-end,V1: Travelling straight ahead / V2: Parked,V1: N  / V2: 0,Dry,Dark - lighted roadway,Cloudy,0.03,0,80,59,FALSE,41.94078835,-71.28931391
2948,6/26/2004,June,Saturday,18:00,0,1,0,0,Single vehicle crash,V1: Entering traffic lane,V1: S,Wet,Daylight,Clear,0.03,0,80,59,FALSE,41.95499665,-71.30901102
2949,6/27/2004,June,Sunday,14:10,1,2,0,0,Head-on,V1: Travelling straight ahead / V2: Parked,V1: W  / V2: E,Dry,Daylight,Clear,0,0,78,56,FALSE,41.93470543,-71.27796283
2950,6/27/2004,June,Sunday,14:44,1,2,0,0,Rear-end,V1: Travelling straight ahead / V2: Slowing or stopped in traffic,V1: N  / V2: N,Dry,Daylight,Clear,0,0,78,56,FALSE,41.92431842,-71.35662229
2951,6/28/2004,June,Monday,16:21,2,2,1,0,Rear-end,V1: Slowing or stopped in traffic / V2: Travelling straight ahead,V1: S  / V2: N,Dry,Daylight,Cloudy,0,0,81,53,FALSE,41.90231125,-71.35597671
2952,6/28/2004,June,Monday,22:55,1,1,0,0,Single vehicle crash,V1: Turning right,V1: W,Dry,Dark - lighted roadway,Clear,0,0,81,53,FALSE,41.93791223,-71.27222085
2953,6/29/2004,June,Tuesday,5:44,2,2,1,0,Angle,V1: Travelling straight ahead / V2: 0,V1: N  / V2: 0,Wet,Daylight,Cloudy,0.11,0,79,58,FALSE,41.93423426,-71.2849601
2954,6/29/2004,June,Tuesday,16:43,1,2,0,0,Rear-end,V1: Turning right / V2: Turning right,V1: 0 / V2: 0,Dry,Daylight,Clear,0.11,0,79,58,FALSE,41.93657514,-71.34121791
2955,6/29/2004,June,Tuesday,17:07,2,2,3,0,Rear-end,V1: Travelling straight ahead / V2: 0,V1: S  / V2: S,Dry,Daylight,Clear,0.11,0,79,58,FALSE,41.94786099,-71.28840568
2956,6/30/2004,June,Wednesday,7:00,2,2,2,0,0,V1: Travelling straight ahead / V2: Turning left,V1: 0 / V2: 0,Dry,Daylight,Cloudy,0,0,84,58,FALSE,41.90672409,-71.36501212
2957,7/1/2004,July,Thursday,21:00,1,1,0,0,Single vehicle crash,V1: Travelling straight ahead,V1: N,Dry,Dark - roadway not lighted,Clear,0,0,86,57,FALSE,34.24438675,-73.6513909
2958,7/2/2004,July,Friday,13:02,1,2,0,0,Angle,V1: Entering traffic lane / V2: Travelling straight ahead,V1: W  / V2: S,Dry,Daylight,Clear,0.4,0,84,62,FALSE,41.92045419,-71.35830053
2959,7/2/2004,July,Friday,14:25,0,2,0,0,Rear-end,V1: Slowing or stopped in traffic / V2: Travelling straight ahead,V1: S  / V2: S,Dry,Daylight,Clear,0.4,0,84,62,FALSE,41.89903243,-71.355186
2960,7/2/2004,July,Friday,14:41,2,2,3,0,"Sideswipe, same direction",V1: Overtaking/passing / V2: Backing,V1: S  / V2: S,Dry,Daylight,Clear,0.4,0,84,62,FALSE,41.9314133,-71.29669186
2961,7/2/2004,July,Friday,15:46,1,2,0,0,"Sideswipe, same direction",V1: Changing lanes / V2: Travelling straight ahead,V1: S  / V2: S,Dry,Daylight,Clear,0.4,0,84,62,FALSE,41.9589661,-71.30200935
2962,7/2/2004,July,Friday,17:30,1,2,0,0,Rear-end,V1: 0 / V2: 0,V1: N  / V2: N,Dry,Daylight,Clear,0.4,0,84,62,FALSE,41.92241545,-71.31336866
2963,7/2/2004,July,Friday,18:20,2,2,1,0,Angle,V1: Turning left / V2: Travelling straight ahead,V1: E  / V2: S,Dry,Daylight,Cloudy,0.4,0,84,62,FALSE,41.94861042,-71.27758702
2964,7/2/2004,July,Friday,19:40,1,1,0,0,Angle,V1: Travelling straight ahead,V1: N,Dry,Daylight,Clear,0.4,0,84,62,FALSE,41.95517972,-71.30390129
2965,7/4/2004,July,Sunday,21:00,0,2,0,0,Rear-end,V1: Travelling straight ahead / V2: Travelling straight ahead,V1: W  / V2: W,Dry,Daylight,Clear,0,0,86,56,FALSE,41.93601097,-71.28269451
2966,7/5/2004,July,Monday,1:28,1,1,0,0,Single vehicle crash,V1: Travelling straight ahead,V1: N,Dry,Dark - roadway not lighted,Clear,0.81,0,71,64,FALSE,41.92740308,-71.22351294
2967,7/5/2004,July,Monday,18:05,1,1,0,0,Single vehicle crash,V1: 0,V1: S,Wet,Dusk,Cloudy/Rain,0.81,0,71,64,FALSE,41.95517972,-71.30390129
2968,7/5/2004,July,Monday,19:30,1,1,0,0,Single vehicle crash,V1: Travelling straight ahead,V1: W,Wet,Dusk,Cloudy/Rain,0.81,0,71,64,FALSE,41.92610344,-71.3464186
2969,7/6/2004,July,Tuesday,12:35,1,1,0,0,Single vehicle crash,V1: Travelling straight ahead,V1: N,Dry,Daylight,Clear,0,0,84,66,FALSE,41.94021916,-71.29063383
2970,7/7/2004,July,Wednesday,7:31,1,2,0,0,"Sideswipe, same direction",V1: Changing lanes / V2: Travelling straight ahead,V1: E  / V2: E,Dry,Daylight,Clear,0,0,85,64,FALSE,41.94466875,-71.28335786
2971,7/7/2004,July,Wednesday,9:30,1,1,0,0,Single vehicle crash,V1: Travelling straight ahead,V1: N,Dry,Daylight,Clear,0,0,85,64,FALSE,41.9368915,-71.34140846
2972,7/7/2004,July,Wednesday,17:23,2,2,1,0,Angle,V1: Turning left / V2: Travelling straight ahead,V1: S  / V2: N,Dry,Daylight,Clear,0,0,85,64,FALSE,41.90200485,-71.32049696
2973,7/8/2004,July,Thursday,15:37,2,2,2,0,Rear-end,V1: Slowing or stopped in traffic / V2: Travelling straight ahead,V1: S  / V2: S,Dry,Daylight,Cloudy,0,0,77,65,FALSE,41.94556554,-71.28573766
2974,7/8/2004,July,Thursday,18:55,1,2,0,0,Rear-end,V1: Travelling straight ahead / V2: Slowing or stopped in traffic,V1: S  / V2: S,Dry,Daylight,Clear,0,0,77,65,FALSE,41.92508738,-71.35628348
2975,7/9/2004,July,Friday,10:52,1,1,0,0,Single vehicle crash,V1: Backing,V1: E,Dry,Daylight,Clear,0,0,80,64,FALSE,41.94548184,-71.28559201
2976,7/9/2004,July,Friday,11:05,2,2,2,0,Rear-end,V1: Travelling straight ahead / V2: Slowing or stopped in traffic,V1: N  / V2: N,Dry,Daylight,Clear,0,0,80,64,FALSE,41.92982927,-71.35349399
2977,7/9/2004,July,Friday,20:20,2,1,1,0,Single vehicle crash,V1: Changing lanes,V1: N,Dry,Dark - roadway not lighted,Clear,0,0,80,64,FALSE,34.24438675,-73.6513909
2978,7/10/2004,July,Saturday,2:12,1,2,0,0,"Sideswipe, same direction",V1: Entering traffic lane / V2: Travelling straight ahead,V1: N  / V2: N,Dry,Daylight,Clear,0.12,0,84,56,FALSE,41.94519466,-71.28103716
2979,7/10/2004,July,Saturday,9:36,2,1,1,0,Single vehicle crash,V1: Travelling straight ahead,V1: W,Dry,Daylight,Clear,0.12,0,84,56,FALSE,41.95436778,-71.28547839
2980,7/10/2004,July,Saturday,12:59,1,2,0,0,Rear-end,V1: Travelling straight ahead / V2: Backing,V1: N  / V2: S,Dry,Daylight,Clear,0.12,0,84,56,FALSE,41.93569218,-71.28018883
2981,7/11/2004,July,Sunday,14:27,2,1,4,0,Single vehicle crash,V1: Travelling straight ahead,V1: S,Dry,Daylight,Clear,0.04,0,78,59,FALSE,34.24438675,-73.6513909
2982,7/11/2004,July,Sunday,15:31,1,2,0,0,"Sideswipe, opposite direction",V1: Travelling straight ahead / V2: Turning left,V1: E  / V2: N,Dry,Daylight,Clear,0.04,0,78,59,FALSE,41.91982212,-71.35857678
2983,7/12/2004,July,Monday,11:58,1,2,0,0,"Sideswipe, same direction",V1: Travelling straight ahead / V2: Turning right,V1: E  / V2: E,Dry,Daylight,Clear,0,0,77,57,FALSE,34.24438675,-73.6513909
2984,7/12/2004,July,Monday,12:55,2,1,1,0,Single vehicle crash,V1: Travelling straight ahead,V1: S,Dry,Daylight,Clear,0,0,77,57,FALSE,41.95358311,-71.26631062
2985,7/13/2004,July,Tuesday,9:02,1,2,0,0,Rear-end,V1: Slowing or stopped in traffic / V2: Travelling straight ahead,V1: E  / V2: E,Wet,Daylight,Rain,0.55,0,65,61,FALSE,41.92440339,-71.28901569
2986,7/13/2004,July,Tuesday,9:19,2,2,1,0,Angle,V1: Travelling straight ahead / V2: Travelling straight ahead,V1: S  / V2: N,Wet,Daylight,Cloudy/Rain,0.55,0,65,61,FALSE,41.94142899,-71.28438456
2987,7/13/2004,July,Tuesday,10:08,1,2,0,0,Angle,V1: Turning left / V2: Travelling straight ahead,V1: N  / V2: E,Wet,Daylight,Cloudy/Rain,0.55,0,65,61,FALSE,41.95067853,-71.27415115
2988,7/13/2004,July,Tuesday,16:19,2,2,2,0,Angle,V1: Turning left / V2: Travelling straight ahead,V1: N  / V2: S,Wet,Daylight,Rain,0.55,0,65,61,FALSE,41.95180679,-71.2898592
2989,7/13/2004,July,Tuesday,20:30,1,3,0,0,Angle,V1: Turning left / V2: Travelling straight ahead / V3: 0,V1: S  / V2: N  / V3: W,Wet,Dark - lighted roadway,Rain,0.55,0,65,61,FALSE,41.9472108,-71.28786501
2990,7/14/2004,July,Wednesday,14:47,1,1,0,0,Single vehicle crash,V1: Travelling straight ahead,V1: E,Dry,Daylight,Clear,0.1,0,66,62,FALSE,41.9426805,-71.2839705
2991,7/14/2004,July,Wednesday,15:55,1,2,0,0,Rear-end,V1: Travelling straight ahead / V2: Travelling straight ahead,V1: S  / V2: S,Dry,Daylight,Clear,0.1,0,66,62,FALSE,41.95413253,-71.26188566
2992,7/15/2004,July,Thursday,1:15,1,1,0,0,Single vehicle crash,V1: Travelling straight ahead,V1: E,Dry,Dark - lighted roadway,Clear,0,0,81,62,FALSE,41.93050018,-71.26033847
2993,7/15/2004,July,Thursday,12:54,2,1,1,0,Single vehicle crash,V1: Travelling straight ahead,V1: S,Dry,Daylight,Clear,0,0,81,62,FALSE,41.90470516,-71.32271586
2994,7/15/2004,July,Thursday,14:36,1,2,0,0,Rear-end,V1: Slowing or stopped in traffic / V2: Slowing or stopped in traffic,V1: N  / V2: N,Dry,Daylight,Cloudy,0,0,81,62,FALSE,41.90272719,-71.35550871
2995,7/15/2004,July,Thursday,16:30,1,3,0,0,Rear-end,V1: Travelling straight ahead / V2: Slowing or stopped in traffic / V3: Slowing or stopped in traffic,V1: S  / V2: S  / V3: S,Dry,Daylight,Clear,0,0,81,62,FALSE,41.92644259,-71.35554103
2996,7/15/2004,July,Thursday,19:24,2,2,1,0,Rear-end,V1: Turning left / V2: Travelling straight ahead,V1: E  / V2: S,Dry,Daylight,Cloudy,0,0,81,62,FALSE,41.90168645,-71.34227839
2997,7/15/2004,July,Thursday,21:17,2,2,1,0,Rear-end,V1: Slowing or stopped in traffic / V2: Travelling straight ahead,V1: S  / V2: S,Dry,Dark - lighted roadway,Clear,0,0,81,62,FALSE,41.94586371,-71.28073807
2998,7/16/2004,July,Friday,17:35,2,2,1,0,Head-on,V1: Travelling straight ahead / V2: Turning left,V1: W  / V2: S,Dry,Daylight,Clear,0,0,81,63,FALSE,41.93524005,-71.27513601
2999,7/16/2004,July,Friday,20:52,1,1,0,0,Single vehicle crash,V1: Parked,V1: N,Dry,Dark - lighted roadway,Clear,0,0,81,63,FALSE,41.94499001,-71.28111558
3000,7/17/2004,July,Saturday,9:30,1,1,0,0,Single vehicle crash,V1: Travelling straight ahead,V1: N,Dry,Daylight,Clear,0.02,0,87,63,FALSE,41.94994962,-71.30747982
3001,7/17/2004,July,Saturday,10:40,1,2,0,0,Angle,V1: Travelling straight ahead / V2: Turning left,V1: N  / V2: E,Dry,Daylight,Clear,0.02,0,87,63,FALSE,34.24438675,-73.6513909
3002,7/18/2004,July,Sunday,14:54,1,2,0,0,Angle,V1: Travelling straight ahead / V2: Travelling straight ahead,V1: S  / V2: S,Dry,Daylight,Clear,0.24,0,84,63,FALSE,41.91982212,-71.35857678
3003,7/19/2004,July,Monday,6:25,2,1,1,0,Single vehicle crash,V1: Travelling straight ahead,V1: 0,Wet,Daylight,Rain,0.49,0,77,66,FALSE,41.95154449,-71.29706534
3004,7/19/2004,July,Monday,11:25,1,2,0,0,Angle,V1: Entering traffic lane / V2: Travelling straight ahead,V1: S  / V2: S,Dry,Daylight,Cloudy,0.49,0,77,66,FALSE,41.91982212,-71.35857678
3005,7/20/2004,July,Tuesday,18:05,1,2,0,0,"Sideswipe, opposite direction",V1: Travelling straight ahead / V2: Turning left,V1: W  / V2: E,Dry,Daylight,Clear,0,0,89,68,FALSE,41.91982212,-71.35857678
3006,7/20/2004,July,Tuesday,19:40,1,2,0,0,Rear-end,V1: Travelling straight ahead / V2: Slowing or stopped in traffic,V1: S  / V2: S,Dry,Dusk,Clear,0,0,89,68,FALSE,41.90293426,-71.35611971
3007,7/20/2004,July,Tuesday,20:17,1,2,0,0,Angle,V1: Turning left / V2: Travelling straight ahead,V1: W  / V2: S,Dry,Dusk,Clear,0,0,89,68,FALSE,41.90500517,-71.33616438
3008,7/21/2004,July,Wednesday,17:16,1,2,0,0,Angle,V1: Travelling straight ahead / V2: Turning right,V1: S  / V2: E,Dry,Daylight,Clear,0,0,88,64,FALSE,41.95437986,-71.25499915
3009,7/22/2004,July,Thursday,1:05,2,1,1,0,Single vehicle crash,V1: Travelling straight ahead,V1: E,Dry,Dark - lighted roadway,Clear,0,0,87,65,FALSE,41.92631382,-71.34500631
3010,7/22/2004,July,Thursday,10:15,1,2,0,0,Rear-end,V1: Travelling straight ahead / V2: Slowing or stopped in traffic,V1: N  / V2: N,Dry,Daylight,Clear,0,0,87,65,FALSE,41.9172409,-71.25756221
3011,7/22/2004,July,Thursday,11:40,1,2,0,0,"Sideswipe, same direction",V1: Changing lanes / V2: Changing lanes,V1: E  / V2: E,Dry,Daylight,Clear,0,0,87,65,FALSE,41.91982212,-71.35857678
3012,7/22/2004,July,Thursday,12:15,2,1,1,0,Single vehicle crash,V1: Travelling straight ahead,V1: S,Dry,Daylight,Clear,0,0,87,65,FALSE,41.94300376,-71.28428657
3013,7/22/2004,July,Thursday,13:00,2,2,1,0,Rear-end,V1: Travelling straight ahead / V2: Slowing or stopped in traffic,V1: S  / V2: S,Dry,Daylight,Clear,0,0,87,65,FALSE,41.94922558,-71.2895909
3014,7/23/2004,July,Friday,11:00,1,2,0,0,Angle,V1: 0 / V2: 0,V1: 0 / V2: 0,Dry,Daylight,Clear,0,0,85,68,FALSE,41.94519466,-71.28103716
3015,7/23/2004,July,Friday,11:15,0,2,0,0,0,V1: Slowing or stopped in traffic / V2: Slowing or stopped in traffic,V1: E  / V2: E,Dry,Daylight,Clear,0,0,85,68,FALSE,34.24438675,-73.6513909
3016,7/24/2004,July,Saturday,1:37,2,1,1,0,Single vehicle crash,V1: Turning left,V1: N,Dry,Dark - lighted roadway,Clear,0.2,0,75,61,FALSE,41.91035947,-71.36314658
3017,7/24/2004,July,Saturday,13:29,2,2,1,0,Rear-end,V1: Slowing or stopped in traffic / V2: Slowing or stopped in traffic,V1: S  / V2: S,Dry,Daylight,Clear,0.2,0,75,61,FALSE,41.89673888,-71.37009126
3018,7/24/2004,July,Saturday,13:31,1,1,0,0,Single vehicle crash,V1: Travelling straight ahead,V1: N,Dry,Daylight,Clear,0.2,0,75,61,FALSE,41.94430004,-71.28137659
3019,7/25/2004,July,Sunday,1:45,1,2,0,0,Angle,V1: Turning left / V2: Travelling straight ahead,V1: S  / V2: W,Wet,Dark - lighted roadway,Cloudy,0,0,72,56,FALSE,41.93403344,-71.31573641