ID,DATE,Month,Day of week,Crash Time,Crash Severity,Number of Vehicles,Total Nonfatal Injuries,Total Fatal Injuries,Manner of Collision,Vehicle Action Prior to Crash,Vehicle Travel Directions,Road Surface Condition,Ambient Light,Weather Condition,PRCP,SNOW,TMAX,TMIN,Ice,Longtitute,Latitute
3020,7/26/2004,July,Monday,10:15,2,2,1,0,Angle,V1: Travelling straight ahead / V2: Travelling straight ahead,V1: S  / V2: S,Dry,Daylight,Clear,0,0,78,55,FALSE,41.90272719,-71.35550871
3021,7/26/2004,July,Monday,11:35,1,2,0,0,Rear-end,V1: Travelling straight ahead / V2: Travelling straight ahead,V1: N  / V2: N,Dry,Daylight,Clear,0,0,78,55,FALSE,41.91325585,-71.3590575
3022,7/26/2004,July,Monday,11:59,1,2,0,0,Angle,V1: Turning left / V2: Travelling straight ahead,V1: S  / V2: N,Dry,Daylight,Clear,0,0,78,55,FALSE,41.91653724,-71.36001753
3023,7/26/2004,July,Monday,12:52,1,1,0,0,Single vehicle crash,V1: Travelling straight ahead,V1: 0,Dry,Daylight,Clear,0,0,78,55,FALSE,41.94058326,-71.28312094
3024,7/27/2004,July,Tuesday,11:19,1,2,0,0,Angle,V1: Travelling straight ahead / V2: Travelling straight ahead,V1: W  / V2: N,Dry,Daylight,Clear,0.05,0,79,55,FALSE,41.92508738,-71.35628348
3025,7/27/2004,July,Tuesday,16:50,1,2,0,0,Angle,V1: Travelling straight ahead / V2: Travelling straight ahead,V1: 0 / V2: 0,Dry,Daylight,Clear,0.05,0,79,55,FALSE,41.94683059,-71.28375978
3026,7/27/2004,July,Tuesday,19:00,0,2,0,0,"Sideswipe, opposite direction",V1: Travelling straight ahead / V2: Travelling straight ahead,V1: 0 / V2: 0,Dry,0,Clear,0.05,0,79,55,FALSE,34.24438675,-73.6513909
3027,7/28/2004,July,Wednesday,5:55,2,1,1,0,Single vehicle crash,V1: Travelling straight ahead,V1: S,Wet,Daylight,Rain,0.38,0,65,60,FALSE,41.9469353,-71.28764432
3028,7/28/2004,July,Wednesday,7:16,1,2,0,0,Angle,V1: Entering traffic lane / V2: Travelling straight ahead,V1: S  / V2: E,Wet,Daylight,Rain,0.38,0,65,60,FALSE,41.94863015,-71.27756145
3029,7/28/2004,July,Wednesday,10:20,2,2,2,0,Rear-end,V1: 0 / V2: 0,V1: E  / V2: S,Dry,Daylight,Cloudy,0.38,0,65,60,FALSE,41.95428602,-71.28497548
3030,7/28/2004,July,Wednesday,11:10,1,2,0,0,Angle,V1: Turning left / V2: Travelling straight ahead,V1: W  / V2: E,Dry,Daylight,Clear,0.38,0,65,60,FALSE,41.93409346,-71.29982899
3031,7/28/2004,July,Wednesday,15:07,2,1,1,0,Single vehicle crash,V1: Turning right,V1: S,Dry,Daylight,Cloudy,0.38,0,65,60,FALSE,41.92045419,-71.35830053
3032,7/29/2004,July,Thursday,13:49,2,2,2,0,"Sideswipe, same direction",V1: Travelling straight ahead / V2: Travelling straight ahead,V1: E  / V2: E,Dry,Daylight,Clear,0.01,0,84,63,FALSE,41.94466875,-71.28335786
3033,7/29/2004,July,Thursday,19:00,1,2,0,0,Angle,V1: Travelling straight ahead / V2: Backing,V1: S  / V2: 0,Dry,Daylight,Clear,0.01,0,84,63,FALSE,41.93519151,-71.32895367
3034,7/30/2004,July,Friday,7:47,2,2,1,0,"Sideswipe, opposite direction",V1: Travelling straight ahead / V2: Turning left,V1: N  / V2: S,Dry,Dusk,Clear,0,0,86,62,FALSE,41.9483337,-71.27794679
3035,7/30/2004,July,Friday,12:15,1,2,0,0,Rear-end,V1: Slowing or stopped in traffic / V2: Travelling straight ahead,V1: 0 / V2: 0,Dry,Daylight,Clear,0,0,86,62,FALSE,41.89968132,-71.35531736
3036,7/30/2004,July,Friday,14:45,1,3,0,0,Rear-end,V1: 0 / V2: 0 / V3: 0,V1: 0 / V2: 0 / V3: 0,Dry,Daylight,Clear,0,0,86,62,FALSE,41.95076301,-71.27397064
3037,7/30/2004,July,Friday,15:45,1,2,0,0,Angle,V1: Travelling straight ahead / V2: Travelling straight ahead,V1: N  / V2: W,Dry,Daylight,Clear,0,0,86,62,FALSE,41.91165871,-71.36076096
3038,7/30/2004,July,Friday,22:00,1,2,0,0,Angle,V1: Turning left / V2: Travelling straight ahead,V1: E  / V2: N,Dry,Dark - lighted roadway,Clear,0,0,86,62,FALSE,41.92508738,-71.35628348
3039,7/31/2004,July,Saturday,1:01,2,1,1,0,Single vehicle crash,V1: Travelling straight ahead,V1: W,Dry,Dark - lighted roadway,Clear,0,0,87,72,FALSE,41.91248462,-71.27424949
3040,7/31/2004,July,Saturday,13:32,2,2,2,0,Angle,V1: Travelling straight ahead / V2: Turning left,V1: E  / V2: S,Dry,Daylight,Clear,0,0,87,72,FALSE,34.24438675,-73.6513909
3041,7/31/2004,July,Saturday,16:52,3,1,0,1,Single vehicle crash,V1: Travelling straight ahead,V1: W,Dry,Daylight,Cloudy,0,0,87,72,FALSE,41.93611478,-71.31013092
3042,8/1/2004,August,Sunday,1:09,1,1,0,0,Single vehicle crash,V1: Travelling straight ahead,V1: W,Dry,Dark - lighted roadway,Clear,0.03,0,83,71,FALSE,34.24438675,-73.6513909
3043,8/1/2004,August,Sunday,12:39,1,2,0,0,Rear-end,V1: Travelling straight ahead / V2: Slowing or stopped in traffic,V1: E  / V2: E,Wet,Daylight,Cloudy/Rain,0.03,0,83,71,FALSE,34.24438675,-73.6513909
3044,8/1/2004,August,Sunday,15:40,1,2,0,0,Rear-end,V1: Slowing or stopped in traffic / V2: Travelling straight ahead,V1: N  / V2: N,Wet,Daylight,Rain,0.03,0,83,71,FALSE,41.92982927,-71.35349399
3045,8/2/2004,August,Monday,14:50,1,2,0,0,Angle,V1: Turning left / V2: Travelling straight ahead,V1: S  / V2: N,Dry,Daylight,Clear,0,0,87,70,FALSE,41.92508738,-71.35628348
3046,8/2/2004,August,Monday,18:36,1,2,0,0,Angle,V1: Travelling straight ahead / V2: Turning left,V1: S  / V2: E,Wet,Dusk,Rain,0,0,87,70,FALSE,41.96643836,-71.29074265
3047,8/3/2004,August,Tuesday,16:57,2,1,1,0,Single vehicle crash,V1: Travelling straight ahead,V1: W,Dry,Daylight,Clear,0,0,87,69,FALSE,41.9483541,-71.30224001
3048,8/3/2004,August,Tuesday,17:17,2,2,2,0,Angle,V1: Travelling straight ahead / V2: Turning left,V1: E  / V2: 0,Dry,Daylight,Clear,0,0,87,69,FALSE,41.95428602,-71.28497548
3049,8/3/2004,August,Tuesday,20:03,2,2,1,0,Angle,V1: Travelling straight ahead / V2: Changing lanes,V1: S  / V2: S,Dry,Dusk,Clear,0,0,87,69,FALSE,41.9254418,-71.26022139
3050,8/3/2004,August,Tuesday,22:22,1,2,0,0,Single vehicle crash,V1: Travelling straight ahead / V2: Travelling straight ahead,V1: S  / V2: W,Dry,Dark - lighted roadway,Clear,0,0,87,69,FALSE,41.93601097,-71.28269451
3051,8/4/2004,August,Wednesday,13:12,1,2,0,0,Angle,V1: Turning left / V2: Travelling straight ahead,V1: N  / V2: S,Dry,Daylight,Clear,0.03,0,84,64,FALSE,41.90998013,-71.35802082
3052,8/4/2004,August,Wednesday,21:30,1,2,0,0,Angle,V1: Travelling straight ahead / V2: Turning right,V1: E  / V2: N,Dry,Dark - lighted roadway,Clear,0.03,0,84,64,FALSE,41.93505312,-71.29860583
3053,8/4/2004,August,Wednesday,22:30,1,3,0,0,Rear-end,V1: Slowing or stopped in traffic / V2: Travelling straight ahead / V3: Travelling straight ahead,V1: S  / V2: S  / V3: S,Dry,Dark - roadway not lighted,Cloudy,0.03,0,84,64,FALSE,41.90373308,-71.352091
3054,8/5/2004,August,Thursday,12:13,1,2,0,0,Angle,V1: Turning left / V2: Travelling straight ahead,V1: W  / V2: S,Dry,Daylight,Clear,0.79,0,74,58,FALSE,41.93623387,-71.28481203
3055,8/5/2004,August,Thursday,17:45,1,2,0,0,Rear-end,V1: Travelling straight ahead / V2: Turning left,V1: N  / V2: N,Dry,Daylight,Clear,0.79,0,74,58,FALSE,34.24438675,-73.6513909
3056,8/5/2004,August,Thursday,19:35,2,2,1,0,Rear-end,V1: Travelling straight ahead / V2: Slowing or stopped in traffic,V1: N  / V2: N,Dry,Daylight,Clear,0.79,0,74,58,FALSE,41.91193931,-71.35877489
3057,8/5/2004,August,Thursday,20:00,3,1,0,1,Single vehicle crash,V1: Leaving traffic lane,V1: N,Dry,Daylight,Cloudy,0.79,0,74,58,FALSE,41.92887177,-71.32308922
3058,8/6/2004,August,Friday,12:21,0,2,0,0,Angle,V1: Parked / V2: 0,V1: 0 / V2: 0,Dry,Dark - lighted roadway,Clear,0,0,74,57,FALSE,41.9011,-71.37452432
3059,8/6/2004,August,Friday,20:15,1,4,0,0,Rear-end,V1: Travelling straight ahead / V2: Slowing or stopped in traffic / V3: Slowing or stopped in traffic / V4: Slowing or stopped in traffic,V1: W  / V2: W  / V3: W  / V4: W,Dry,Daylight,Clear,0,0,74,57,FALSE,41.93601097,-71.28269451
3060,8/7/2004,August,Saturday,12:50,2,1,1,0,Single vehicle crash,V1: Travelling straight ahead,V1: N,Dry,Dark - roadway not lighted,Clear,0.01,0,76,51,FALSE,41.95517972,-71.30390129
3061,8/7/2004,August,Saturday,14:07,1,2,0,0,Rear-end,V1: Slowing or stopped in traffic / V2: Slowing or stopped in traffic,V1: N  / V2: N,Dry,Daylight,Clear,0.01,0,76,51,FALSE,34.24438675,-73.6513909
3062,8/7/2004,August,Saturday,16:18,2,3,1,0,Rear-end,V1: Slowing or stopped in traffic / V2: Travelling straight ahead / V3: Travelling straight ahead,V1: N  / V2: N  / V3: N,Dry,Daylight,Clear,0.01,0,76,51,FALSE,41.92888802,-71.35392692
3063,8/7/2004,August,Saturday,17:08,1,1,0,0,Single vehicle crash,V1: Other,V1: N,Wet,Daylight,Cloudy,0.01,0,76,51,FALSE,41.95517972,-71.30390129
3064,8/8/2004,August,Sunday,4:30,0,1,0,0,0,V1: Parked,V1: 0,Dry,Daylight,Clear,0,0,78,52,FALSE,34.24438675,-73.6513909
3065,8/8/2004,August,Sunday,10:00,1,2,0,0,Rear-end,V1: Travelling straight ahead / V2: Slowing or stopped in traffic,V1: S  / V2: S,Dry,Daylight,Clear,0,0,78,52,FALSE,41.95982401,-71.30143064
3066,8/8/2004,August,Sunday,11:27,2,2,2,0,Head-on,V1: Turning left / V2: Travelling straight ahead,V1: W  / V2: N,Dry,Daylight,Clear,0,0,78,52,FALSE,41.90200485,-71.32049696
3067,8/9/2004,August,Monday,10:20,1,2,0,0,Angle,V1: Entering traffic lane / V2: Travelling straight ahead,V1: 0 / V2: 0,Dry,Daylight,Clear,0,0,84,57,FALSE,41.93421769,-71.2996754
3068,8/9/2004,August,Monday,15:55,1,2,0,0,0,V1: Turning left / V2: Travelling straight ahead,V1: E  / V2: S,Dry,Daylight,Clear,0,0,84,57,FALSE,41.93421769,-71.2996754
3069,8/9/2004,August,Monday,17:40,1,3,0,0,Rear-end,V1: Slowing or stopped in traffic / V2: Travelling straight ahead / V3: Slowing or stopped in traffic,V1: N  / V2: N  / V3: N,Dry,Daylight,Clear,0,0,84,57,FALSE,34.24438675,-73.6513909
3070,8/10/2004,August,Tuesday,6:53,1,2,0,0,"Sideswipe, opposite direction",V1: Travelling straight ahead / V2: Travelling straight ahead,V1: 0 / V2: 0,Wet,Daylight,Clear,0,0,87,58,FALSE,41.89631025,-71.38076723
3071,8/10/2004,August,Tuesday,12:26,2,2,1,0,Angle,V1: Entering traffic lane / V2: Travelling straight ahead,V1: N  / V2: E,Dry,Daylight,Clear,0,0,87,58,FALSE,41.94753921,-71.2789557
3072,8/10/2004,August,Tuesday,14:40,1,2,0,0,Angle,V1: Travelling straight ahead / V2: Backing,V1: 0 / V2: 0,Dry,Daylight,Clear,0,0,87,58,FALSE,41.94282242,-71.28431548
3073,8/11/2004,August,Wednesday,7:10,2,1,1,0,Single vehicle crash,V1: Travelling straight ahead,V1: N,Dry,Daylight,Cloudy,0,0,83,69,FALSE,41.94510231,-71.28107252
3074,8/11/2004,August,Wednesday,12:46,1,2,0,0,Rear-end,V1: Travelling straight ahead / V2: Travelling straight ahead,V1: 0 / V2: 0,Dry,Daylight,Clear,0,0,83,69,FALSE,41.94430004,-71.28137659
3075,8/12/2004,August,Thursday,8:05,1,2,0,0,Angle,V1: Travelling straight ahead / V2: Travelling straight ahead,V1: S  / V2: W,Dry,Daylight,Clear,0.37,0,84,67,FALSE,41.9404815,-71.28139686
3076,8/12/2004,August,Thursday,12:45,1,1,0,0,Single vehicle crash,V1: Travelling straight ahead,V1: W,Dry,Daylight,Clear,0.37,0,84,67,FALSE,41.96267579,-71.29160942
3077,8/12/2004,August,Thursday,17:17,1,1,0,0,Single vehicle crash,V1: Turning left,V1: E,Wet,Dusk,Cloudy/Rain,0.37,0,84,67,FALSE,34.24438675,-73.6513909
3078,8/12/2004,August,Thursday,17:46,0,1,0,0,Single vehicle crash,V1: Slowing or stopped in traffic,V1: E,Wet,Daylight,Cloudy,0.37,0,84,67,FALSE,41.92044963,-71.35659174
3079,8/12/2004,August,Thursday,18:03,2,1,1,0,Single vehicle crash,V1: Travelling straight ahead,V1: N,Dry,Daylight,Clear,0.37,0,84,67,FALSE,34.24438675,-73.6513909
3080,8/12/2004,August,Thursday,18:32,1,2,0,0,Rear-end,V1: Travelling straight ahead / V2: Slowing or stopped in traffic,V1: 0 / V2: 0,Dry,Daylight,Cloudy,0.37,0,84,67,FALSE,41.92505261,-71.34894107
3081,8/12/2004,August,Thursday,20:36,1,2,0,0,Rear-end,V1: Travelling straight ahead / V2: Slowing or stopped in traffic,V1: N  / V2: N,Wet,Dark - lighted roadway,Cloudy,0.37,0,84,67,FALSE,41.91982212,-71.35857678
3082,8/13/2004,August,Friday,9:43,1,2,0,0,"Sideswipe, opposite direction",V1: Travelling straight ahead / V2: Travelling straight ahead,V1: N  / V2: S,Dry,Daylight,Cloudy,1.27,0,78,71,FALSE,41.89541252,-71.37076533
3083,8/13/2004,August,Friday,10:20,1,2,0,0,Rear-end,V1: Slowing or stopped in traffic / V2: Travelling straight ahead,V1: S  / V2: S,Dry,Daylight,Cloudy,1.27,0,78,71,FALSE,41.89951037,-71.35762293
3084,8/13/2004,August,Friday,11:20,1,2,0,0,Rear-end,V1: Travelling straight ahead / V2: Slowing or stopped in traffic,V1: W  / V2: W,Dry,Daylight,Clear,1.27,0,78,71,FALSE,41.93363156,-71.30076394
3085,8/13/2004,August,Friday,14:10,1,3,0,0,Rear-end,V1: Travelling straight ahead / V2: Travelling straight ahead / V3: Travelling straight ahead,V1: S  / V2: S  / V3: S,Dry,Daylight,Cloudy,1.27,0,78,71,FALSE,41.90682772,-71.35704387
3086,8/13/2004,August,Friday,15:24,2,2,1,0,Rear-end,V1: Slowing or stopped in traffic / V2: Travelling straight ahead,V1: S  / V2: S,Wet,Daylight,Cloudy,1.27,0,78,71,FALSE,41.95217485,-71.26027599
3087,8/13/2004,August,Friday,16:30,1,2,0,0,Rear-end,V1: Travelling straight ahead / V2: Travelling straight ahead,V1: N  / V2: 0,0,Daylight,Cloudy,1.27,0,78,71,FALSE,41.92014284,-71.35719783
3088,8/13/2004,August,Friday,16:35,1,2,0,0,Rear-end,V1: Slowing or stopped in traffic / V2: Travelling straight ahead,V1: W  / V2: W,Dry,Daylight,Cloudy,1.27,0,78,71,FALSE,41.92014284,-71.35719783
3089,8/13/2004,August,Friday,21:22,1,2,0,0,Rear-end,V1: Slowing or stopped in traffic / V2: Travelling straight ahead,V1: S  / V2: S,Wet,Dark - lighted roadway,Rain,1.27,0,78,71,FALSE,41.90261606,-71.35590689
3090,8/13/2004,August,Friday,23:42,2,2,3,0,Angle,V1: Travelling straight ahead / V2: Travelling straight ahead,V1: S  / V2: N,Dry,Dark - lighted roadway,Cloudy,1.27,0,78,71,FALSE,41.91325585,-71.3590575
3091,8/14/2004,August,Saturday,9:01,2,2,1,0,Angle,V1: Entering traffic lane / V2: Travelling straight ahead,V1: W  / V2: S,Dry,Daylight,Clear,0.02,0,85,67,FALSE,41.91325585,-71.3590575
3092,8/15/2004,August,Sunday,13:26,1,2,0,0,Angle,V1: Turning left / V2: Travelling straight ahead,V1: E  / V2: S,Dry,Daylight,Cloudy,1.91,0,71,62,FALSE,41.92299535,-71.35720066
3093,8/17/2004,August,Tuesday,10:30,1,1,0,0,Single vehicle crash,V1: Travelling straight ahead,V1: N,Dry,Daylight,Cloudy,0,0,73,59,FALSE,41.94140605,-71.28436439
3094,8/17/2004,August,Tuesday,12:52,1,3,0,0,Angle,V1: Turning left / V2: Travelling straight ahead / V3: Slowing or stopped in traffic,V1: W  / V2: E  / V3: N,Dry,Daylight,Clear,0,0,73,59,FALSE,41.93269195,-71.32821357
3095,8/18/2004,August,Wednesday,5:40,2,2,1,0,Angle,V1: Travelling straight ahead / V2: Travelling straight ahead,V1: N  / V2: E,Dry,Daylight,Clear,0,0,81,57,FALSE,41.93830895,-71.28203041
3096,8/18/2004,August,Wednesday,14:49,1,2,0,0,Rear-end,V1: Travelling straight ahead / V2: Travelling straight ahead,V1: E  / V2: E,Dry,Daylight,Cloudy,0,0,81,57,FALSE,34.24438675,-73.6513909
3097,8/19/2004,August,Thursday,14:28,1,2,0,0,Angle,V1: Travelling straight ahead / V2: Turning left,V1: N  / V2: N,Dry,Daylight,Cloudy,0,0,80,69,FALSE,41.90998013,-71.35802082
3098,8/19/2004,August,Thursday,21:48,1,2,0,0,Angle,V1: Travelling straight ahead / V2: Turning left,V1: N  / V2: S,Dry,Dark - lighted roadway,Cloudy,0,0,80,69,FALSE,41.91982212,-71.35857678
3099,8/20/2004,August,Friday,2:45,1,2,0,0,Angle,V1: Turning left / V2: Travelling straight ahead,V1: S  / V2: N,Dry,Daylight,Clear,0,0,88,69,FALSE,41.93923609,-71.3175535
3100,8/20/2004,August,Friday,3:41,2,2,1,0,Rear-end,V1: Travelling straight ahead / V2: Travelling straight ahead,V1: S  / V2: S,Dry,Dark - roadway not lighted,Clear,0,0,88,69,FALSE,41.9589661,-71.30200935
3101,8/20/2004,August,Friday,11:29,1,2,0,0,"Sideswipe, same direction",V1: Slowing or stopped in traffic / V2: 0,V1: E  / V2: 0,Dry,Daylight,Clear,0,0,88,69,FALSE,34.24438675,-73.6513909
3102,8/20/2004,August,Friday,12:00,2,2,2,0,Angle,V1: Turning left / V2: Travelling straight ahead,V1: E  / V2: W,Dry,Daylight,Clear,0,0,88,69,FALSE,34.24438675,-73.6513909
3103,8/20/2004,August,Friday,13:42,2,1,1,0,Single vehicle crash,V1: Changing lanes,V1: S,Dry,Daylight,Clear,0,0,88,69,FALSE,34.24438675,-73.6513909
3104,8/20/2004,August,Friday,14:09,1,3,0,0,"Sideswipe, same direction",V1: Overtaking/passing / V2: Parked / V3: 0,V1: W  / V2: W  / V3: 0,Dry,Daylight,Clear,0,0,88,69,FALSE,41.92917518,-71.28463555
3105,8/20/2004,August,Friday,19:02,1,2,0,0,Angle,V1: Turning left / V2: Travelling straight ahead,V1: E  / V2: N,Dry,Dusk,Clear,0,0,88,69,FALSE,41.89541252,-71.37076533
3106,8/21/2004,August,Saturday,15:18,1,2,0,0,Angle,V1: Travelling straight ahead / V2: Travelling straight ahead,V1: E  / V2: N,Dry,Daylight,Cloudy,0.37,0,77,61,FALSE,34.24438675,-73.6513909
3107,8/22/2004,August,Sunday,3:09,1,2,0,0,"Sideswipe, opposite direction",V1: 0 / V2: Parked,V1: W  / V2: 0,Dry,Dark - lighted roadway,Clear,0,0,75,52,FALSE,41.94148412,-71.27842914
3108,8/22/2004,August,Sunday,8:00,2,2,6,0,Angle,V1: Entering traffic lane / V2: Travelling straight ahead,V1: 0 / V2: 0,Dry,Daylight,Clear,0,0,75,52,FALSE,41.94379284,-71.27981397
3109,8/23/2004,August,Monday,16:28,2,2,1,0,Head-on,V1: Travelling straight ahead / V2: Travelling straight ahead,V1: S  / V2: N,Dry,Daylight,Clear,0,0,83,51,FALSE,34.24438675,-73.6513909
3110,8/25/2004,August,Wednesday,8:49,1,2,0,0,Rear-end,V1: Travelling straight ahead / V2: Travelling straight ahead,V1: W  / V2: W,Dry,Daylight,Clear,0,0,79,50,FALSE,41.93920171,-71.29154003
3111,8/25/2004,August,Wednesday,12:10,0,2,0,0,0,V1: Parked / V2: 0,V1: 0 / V2: 0,Dry,0,Clear,0,0,79,50,FALSE,41.94568618,-71.27967931
3112,8/25/2004,August,Wednesday,14:31,2,3,4,0,Angle,V1: Travelling straight ahead / V2: Turning left / V3: Slowing or stopped in traffic,V1: S  / V2: N  / V3: E,Dry,Daylight,Clear,0,0,79,50,FALSE,41.90998013,-71.35802082
3113,8/25/2004,August,Wednesday,14:59,1,2,0,0,Rear-end,V1: Travelling straight ahead / V2: Travelling straight ahead,V1: 0 / V2: 0,Dry,Daylight,Clear,0,0,79,50,FALSE,41.94444966,-71.2795884
3114,8/25/2004,August,Wednesday,15:55,1,2,0,0,Angle,V1: Turning left / V2: Travelling straight ahead,V1: N  / V2: S,Dry,Daylight,Clear,0,0,79,50,FALSE,41.94896349,-71.27713653
3115,8/25/2004,August,Wednesday,21:18,1,4,0,0,Rear-end,V1: Other / V2: Other / V3: Travelling straight ahead / V4: Travelling straight ahead,V1: N  / V2: N  / V3: N  / V4: N,Dry,Dark - roadway not lighted,Clear,0,0,79,50,FALSE,41.90247427,-71.35536633
3116,8/26/2004,August,Thursday,15:32,1,2,0,0,Angle,V1: Travelling straight ahead / V2: Turning left,V1: E  / V2: W,Dry,Daylight,Clear,0,0,80,47,FALSE,41.92241545,-71.31336866
3117,8/27/2004,August,Friday,7:35,1,2,0,0,Rear-end,V1: Slowing or stopped in traffic / V2: Travelling straight ahead,V1: W  / V2: W,Dry,Daylight,Cloudy,0,0,83,61,FALSE,34.24438675,-73.6513909
3118,8/27/2004,August,Friday,9:17,1,2,0,0,Head-on,V1: Travelling straight ahead / V2: Turning left,V1: W  / V2: N,Dry,Daylight,Clear,0,0,83,61,FALSE,41.94757814,-71.27890389
3119,8/28/2004,August,Saturday,2:33,2,1,2,0,Single vehicle crash,V1: Travelling straight ahead,V1: N,Dry,Dark - roadway not lighted,Clear,0,0,90,69,FALSE,41.96010347,-71.30065279
3120,8/29/2004,August,Sunday,14:15,0,1,0,0,Single vehicle crash,V1: Parked,V1: 0,Dry,Daylight,Clear,0,0,88,68,FALSE,41.94032815,-71.29086654
3121,8/29/2004,August,Sunday,16:48,2,2,6,0,Rear-end,V1: Travelling straight ahead / V2: Slowing or stopped in traffic,V1: S  / V2: S,Dry,Daylight,Clear,0,0,88,68,FALSE,41.91562886,-71.36047108
3122,8/30/2004,August,Monday,6:46,1,2,0,0,Rear-end,V1: Slowing or stopped in traffic / V2: Travelling straight ahead,V1: N  / V2: N,Dry,Daylight,Cloudy,0.11,0,88,72,FALSE,41.91982212,-71.35857678
3123,8/31/2004,August,Tuesday,17:53,0,2,0,0,"Sideswipe, same direction",V1: Parked / V2: 0,V1: 0 / V2: 0,Dry,Daylight,Clear,0.2,0,83,62,FALSE,41.94774809,-71.28390704
3124,9/1/2004,September,Wednesday,14:05,2,3,1,0,"Sideswipe, same direction",V1: Travelling straight ahead / V2: Entering traffic lane / V3: Travelling straight ahead,V1: S  / V2: S  / V3: S,Dry,Daylight,Clear,0,0,83,59,FALSE,41.95545359,-71.30436114
3125,9/1/2004,September,Wednesday,17:55,1,2,0,0,Rear-end,V1: Travelling straight ahead / V2: Slowing or stopped in traffic,V1: N  / V2: N,Dry,Daylight,Clear,0,0,83,59,FALSE,41.92298399,-71.3572054
3126,9/2/2004,September,Thursday,12:20,2,2,1,0,Rear-end,V1: Slowing or stopped in traffic / V2: Slowing or stopped in traffic,V1: 0 / V2: 0,Dry,Daylight,Clear,0,0,79,55,FALSE,41.90235094,-71.35584139
3127,9/3/2004,September,Friday,14:22,1,2,0,0,Angle,V1: Turning left / V2: Travelling straight ahead,V1: N  / V2: E,Dry,Daylight,Clear,0,0,80,51,FALSE,41.93505312,-71.29860583
3128,9/4/2004,September,Saturday,4:56,1,1,0,0,Single vehicle crash,V1: Leaving traffic lane,V1: E,Dry,Dark - lighted roadway,Clear,0,0,86,61,FALSE,41.92407379,-71.25127654
3129,9/6/2004,September,Monday,12:18,2,2,1,0,Rear-end,V1: Travelling straight ahead / V2: Travelling straight ahead,V1: S  / V2: S,Dry,Daylight,Clear,0,0,76,45,FALSE,41.92644259,-71.35554103
3130,9/7/2004,September,Tuesday,5:20,2,1,1,0,Single vehicle crash,V1: Travelling straight ahead,V1: 0,Dry,Daylight,Clear,0,0,82,57,FALSE,41.93939755,-71.28043305
3131,9/7/2004,September,Tuesday,15:11,1,2,0,0,"Sideswipe, same direction",V1: Backing / V2: Entering traffic lane,V1: W  / V2: E,Dry,Daylight,Clear,0,0,82,57,FALSE,41.9443871,-71.27488004
3132,9/7/2004,September,Tuesday,15:15,2,1,3,0,Single vehicle crash,V1: Travelling straight ahead,V1: S,Dry,Daylight,Clear,0,0,82,57,FALSE,34.24438675,-73.6513909
3133,9/8/2004,September,Wednesday,7:10,2,2,1,0,Rear-end,V1: Travelling straight ahead / V2: Travelling straight ahead,V1: E  / V2: 0,Wet,Daylight,Rain,0.16,0,82,69,FALSE,41.93874704,-71.29215576
3134,9/8/2004,September,Wednesday,13:16,1,2,0,0,"Sideswipe, opposite direction",V1: Travelling straight ahead / V2: Slowing or stopped in traffic,V1: E  / V2: W,Wet,Daylight,Cloudy,0.16,0,82,69,FALSE,41.9317298,-71.3012081
3135,9/8/2004,September,Wednesday,17:03,2,2,1,0,Angle,V1: 0 / V2: Travelling straight ahead,V1: S  / V2: N,Dry,Daylight,Cloudy,0.16,0,82,69,FALSE,41.91553973,-71.36051813
3136,9/9/2004,September,Thursday,1:23,1,2,0,0,"Sideswipe, same direction",V1: Changing lanes / V2: Travelling straight ahead,V1: 0 / V2: 0,Wet,Dark - lighted roadway,Cloudy,0.33,0,83,68,FALSE,41.93403344,-71.31573641
3137,9/9/2004,September,Thursday,4:37,1,2,0,0,Angle,V1: Travelling straight ahead / V2: Travelling straight ahead,V1: N  / V2: E,Dry,Daylight,Clear,0.33,0,83,68,FALSE,41.94470433,-71.2812252
3138,9/10/2004,September,Friday,16:50,1,3,0,0,"Sideswipe, same direction",V1: Turning right / V2: Parked / V3: Parked,V1: W  / V2: W  / V3: W,Dry,Daylight,Clear,0,0,79,57,FALSE,41.92014284,-71.35719783
3139,9/10/2004,September,Friday,16:50,1,2,0,0,Angle,V1: Changing lanes / V2: Travelling straight ahead,V1: S  / V2: S,Dry,Daylight,Clear,0,0,79,57,FALSE,41.92014284,-71.35719783
3140,9/10/2004,September,Friday,17:30,2,2,2,0,Rear-end,V1: Entering traffic lane / V2: Entering traffic lane,V1: S  / V2: S,Dry,Daylight,Clear,0,0,79,57,FALSE,41.90231125,-71.35597671
3141,9/11/2004,September,Saturday,16:52,2,2,1,0,Rear-end,V1: Slowing or stopped in traffic / V2: Travelling straight ahead,V1: N  / V2: N,Dry,Daylight,Clear,0,0,73,52,FALSE,41.9472108,-71.28786501
3142,9/11/2004,September,Saturday,18:25,2,2,1,0,Rear-end,V1: Slowing or stopped in traffic / V2: Travelling straight ahead,V1: E  / V2: E,Dry,Daylight,Clear,0,0,73,52,FALSE,41.94450501,-71.28411703
3143,9/11/2004,September,Saturday,19:45,2,2,1,0,Rear-end,V1: Travelling straight ahead / V2: Travelling straight ahead,V1: S  / V2: S,Dry,Dark - roadway not lighted,Clear,0,0,73,52,FALSE,41.9221265,-71.32977342
3144,9/12/2004,September,Sunday,16:54,2,2,3,0,Rear-end,V1: Travelling straight ahead / V2: Travelling straight ahead,V1: S  / V2: S,Dry,Daylight,Clear,0,0,80,47,FALSE,41.91656203,-71.30349949