ID,DATE,Month,Day of week,Crash Time,Crash Severity,Number of Vehicles,Total Nonfatal Injuries,Total Fatal Injuries,Manner of Collision,Vehicle Action Prior to Crash,Vehicle Travel Directions,Road Surface Condition,Ambient Light,Weather Condition,PRCP,SNOW,TMAX,TMIN,Ice,Longtitute,Latitute
3145,9/13/2004,September,Monday,1:29,1,2,0,0,"Sideswipe, opposite direction",V1: Travelling straight ahead / V2: Parked,V1: E  / V2: 0,Dry,Dark - lighted roadway,Clear,0,0,71,50,FALSE,41.9347788,-71.29685566
3146,9/13/2004,September,Monday,9:22,2,2,1,0,"Sideswipe, same direction",V1: Travelling straight ahead / V2: Travelling straight ahead,V1: N  / V2: N,Dry,Daylight,Clear,0,0,71,50,FALSE,34.24438675,-73.6513909
3147,9/14/2004,September,Tuesday,7:25,2,2,1,0,Rear-end,V1: Travelling straight ahead / V2: Slowing or stopped in traffic,V1: S  / V2: 0,Dry,Daylight,Clear,0,0,71,50,FALSE,41.90238589,-71.35672422
3148,9/14/2004,September,Tuesday,7:30,1,2,0,0,"Sideswipe, opposite direction",V1: Overtaking/passing / V2: Travelling straight ahead,V1: E  / V2: W,Dry,Daylight,Clear,0,0,71,50,FALSE,34.24438675,-73.6513909
3149,9/14/2004,September,Tuesday,8:59,2,2,1,0,Rear-end,V1: Travelling straight ahead / V2: Slowing or stopped in traffic,V1: W  / V2: W,Dry,Daylight,Clear,0,0,71,50,FALSE,41.92969804,-71.32243362
3150,9/14/2004,September,Tuesday,11:51,1,2,0,0,Rear-end,V1: Turning left / V2: Travelling straight ahead,V1: E  / V2: W,Dry,Daylight,Clear,0,0,71,50,FALSE,41.94928318,-71.28964082
3151,9/14/2004,September,Tuesday,17:33,1,2,0,0,Rear-end,V1: Slowing or stopped in traffic / V2: Travelling straight ahead,V1: S  / V2: S,Dry,Daylight,Clear,0,0,71,50,FALSE,41.9589661,-71.30200935
3152,9/14/2004,September,Tuesday,19:54,2,1,1,0,Single vehicle crash,V1: Overtaking/passing,V1: E,Dry,Dark - lighted roadway,Clear,0,0,71,50,FALSE,41.9341771,-71.29972487
3153,9/15/2004,September,Wednesday,11:50,2,2,2,0,Rear-end,V1: Travelling straight ahead / V2: Travelling straight ahead,V1: W  / V2: W,Dry,Daylight,Clear,0.03,0,73,46,FALSE,41.93624398,-71.26400311
3154,9/15/2004,September,Wednesday,12:10,2,1,1,0,Angle,V1: Slowing or stopped in traffic,V1: W,Dry,Daylight,Clear,0.03,0,73,46,FALSE,41.91653724,-71.36001753
3155,9/15/2004,September,Wednesday,12:54,1,2,0,0,Rear-end,V1: Slowing or stopped in traffic / V2: Travelling straight ahead,V1: N  / V2: N,Dry,Daylight,Clear,0.03,0,73,46,FALSE,41.90682772,-71.35704387
3156,9/15/2004,September,Wednesday,23:00,1,2,0,0,Angle,V1: Travelling straight ahead / V2: Travelling straight ahead,V1: 0 / V2: 0,Dry,Dark - roadway not lighted,Clear,0.03,0,73,46,FALSE,34.24438675,-73.6513909
3157,9/17/2004,September,Friday,19:40,1,2,0,0,Angle,V1: Changing lanes / V2: Entering traffic lane,V1: S  / V2: E,Dry,Dark - lighted roadway,Cloudy,0,0,81,67,FALSE,41.92298399,-71.3572054
3158,9/18/2004,September,Saturday,8:25,1,1,0,0,Single vehicle crash,V1: Travelling straight ahead,V1: N,Wet,Daylight,Cloudy/Rain,2.35,0,68,54,FALSE,41.95523487,-71.30316882
3159,9/18/2004,September,Saturday,12:30,1,2,0,0,Angle,V1: Turning left / V2: Travelling straight ahead,V1: W  / V2: N,Wet,Daylight,Cloudy/Rain,2.35,0,68,54,FALSE,41.90539202,-71.35660145
3160,9/18/2004,September,Saturday,14:40,1,2,0,0,Rear-end,V1: Travelling straight ahead / V2: Travelling straight ahead,V1: N  / V2: N,Wet,Daylight,Cloudy/Rain,2.35,0,68,54,FALSE,34.24438675,-73.6513909
3161,9/18/2004,September,Saturday,21:42,1,2,0,0,"Sideswipe, same direction",V1: Changing lanes / V2: Travelling straight ahead,V1: S  / V2: S,Wet,Daylight,Cloudy/Rain,2.35,0,68,54,FALSE,41.89903243,-71.355186
3162,9/19/2004,September,Sunday,14:10,2,1,1,0,Single vehicle crash,V1: Travelling straight ahead,V1: S,Dry,Daylight,Clear,0,0,62,45,FALSE,41.9589661,-71.30200935
3163,9/19/2004,September,Sunday,16:06,1,2,0,0,Rear-to-rear,V1: 0 / V2: Entering traffic lane,V1: 0 / V2: S,Dry,Daylight,Clear,0,0,62,45,FALSE,41.9341771,-71.29972487
3164,9/20/2004,September,Monday,10:20,1,1,0,0,Single vehicle crash,V1: Turning right,V1: S,Dry,Daylight,Clear,0,0,71,45,FALSE,41.9439573,-71.2841519
3165,9/21/2004,September,Tuesday,8:35,1,2,0,0,Rear-end,V1: Slowing or stopped in traffic / V2: Travelling straight ahead,V1: W  / V2: 0,Dry,Daylight,Clear,0,0,75,50,FALSE,34.24438675,-73.6513909
3166,9/21/2004,September,Tuesday,10:50,2,3,1,0,Angle,V1: Entering traffic lane / V2: Travelling straight ahead / V3: Travelling straight ahead,V1: S  / V2: W  / V3: S,Dry,Daylight,Clear,0,0,75,50,FALSE,41.93399729,-71.31294601
3167,9/21/2004,September,Tuesday,14:02,2,1,1,0,Single vehicle crash,V1: Turning left,V1: N,Dry,Daylight,Clear,0,0,75,50,FALSE,34.24438675,-73.6513909
3168,9/21/2004,September,Tuesday,16:10,1,2,0,0,Single vehicle crash,V1: Travelling straight ahead / V2: Turning left,V1: W  / V2: E,Dry,Daylight,Clear,0,0,75,50,FALSE,34.24438675,-73.6513909
3169,9/22/2004,September,Wednesday,7:06,2,2,1,0,Angle,V1: Turning left / V2: Travelling straight ahead,V1: W  / V2: N,Dry,Daylight,Clear,0,0,83,54,FALSE,41.93421769,-71.2996754
3170,9/22/2004,September,Wednesday,15:11,1,2,0,0,Angle,V1: Entering traffic lane / V2: Travelling straight ahead,V1: E  / V2: N,Dry,Daylight,Clear,0,0,83,54,FALSE,41.93865138,-71.292024
3171,9/23/2004,September,Thursday,15:28,1,2,0,0,Angle,V1: Travelling straight ahead / V2: Travelling straight ahead,V1: 0 / V2: 0,Dry,Daylight,Clear,0,0,76,54,FALSE,41.9370756,-71.28238678
3172,9/23/2004,September,Thursday,19:55,1,2,0,0,Angle,V1: Turning left / V2: Travelling straight ahead,V1: S  / V2: N,Dry,Dark - lighted roadway,Clear,0,0,76,54,FALSE,41.92508738,-71.35628348
3173,9/24/2004,September,Friday,17:45,1,3,0,0,Rear-end,V1: Travelling straight ahead / V2: Travelling straight ahead / V3: Travelling straight ahead,V1: N  / V2: N  / V3: N,Dry,Daylight,Clear,0,0,76,51,FALSE,41.95517492,-71.30396871
3174,9/25/2004,September,Saturday,4:22,2,1,1,0,Single vehicle crash,V1: Travelling straight ahead,V1: S,Dry,Dark - lighted roadway,Clear,0,0,76,53,FALSE,41.89841145,-71.37009489
3175,9/25/2004,September,Saturday,10:45,1,2,0,0,Angle,V1: Changing lanes / V2: Travelling straight ahead,V1: N  / V2: N,Dry,Daylight,Clear,0,0,76,53,FALSE,41.92508738,-71.35628348
3176,9/25/2004,September,Saturday,14:55,2,2,1,0,Rear-end,V1: Travelling straight ahead / V2: Travelling straight ahead,V1: N  / V2: N,Dry,Daylight,Clear,0,0,76,53,FALSE,41.90242714,-71.35558229
3177,9/25/2004,September,Saturday,19:01,1,2,0,0,Angle,V1: Turning right / V2: Overtaking/passing,V1: E  / V2: E,Dry,Dark - lighted roadway,Clear,0,0,76,53,FALSE,41.94233365,-71.27282428
3178,9/26/2004,September,Sunday,3:10,2,1,1,0,Head-on,V1: Travelling straight ahead,V1: E,Dry,Dark - lighted roadway,Clear,0,0,78,55,FALSE,41.95898141,-71.26972388
3179,9/26/2004,September,Sunday,12:00,1,1,0,0,Rear-end,V1: Travelling straight ahead,V1: N,0,Daylight,Clear,0,0,78,55,FALSE,41.90582226,-71.36546869
3180,9/26/2004,September,Sunday,12:08,1,2,0,0,Rear-end,V1: Travelling straight ahead / V2: Travelling straight ahead,V1: W  / V2: W,Dry,Daylight,Clear,0,0,78,55,FALSE,41.92060405,-71.30985433
3181,9/26/2004,September,Sunday,12:08,1,2,0,0,Rear-end,V1: Slowing or stopped in traffic / V2: Slowing or stopped in traffic,V1: E  / V2: E,Dry,Daylight,Clear,0,0,78,55,FALSE,41.95437986,-71.25499915
3182,9/26/2004,September,Sunday,15:00,1,2,0,0,Angle,V1: Travelling straight ahead / V2: 0,V1: N  / V2: 0,Dry,Daylight,Clear,0,0,78,55,FALSE,34.24438675,-73.6513909
3183,9/26/2004,September,Sunday,15:30,1,2,0,0,"Sideswipe, opposite direction",V1: Travelling straight ahead / V2: Turning left,V1: E  / V2: W,Dry,Daylight,Clear,0,0,78,55,FALSE,41.93363156,-71.30076394
3184,9/26/2004,September,Sunday,19:15,1,2,0,0,Angle,V1: Turning left / V2: Travelling straight ahead,V1: N  / V2: S,Dry,Dark - lighted roadway,Clear,0,0,78,55,FALSE,41.92508738,-71.35628348
3185,9/27/2004,September,Monday,7:45,1,3,0,0,Rear-end,V1: Travelling straight ahead / V2: Slowing or stopped in traffic / V3: Travelling straight ahead,V1: S  / V2: S  / V3: S,Dry,Daylight,Clear,0,0,77,52,FALSE,41.95517972,-71.30390129
3186,9/27/2004,September,Monday,13:14,1,2,0,0,Angle,V1: Backing / V2: Slowing or stopped in traffic,V1: N  / V2: S,Dry,Daylight,Clear,0,0,77,52,FALSE,41.89758492,-71.36966313
3187,9/27/2004,September,Monday,15:00,2,2,2,0,Rear-end,V1: 0 / V2: Travelling straight ahead,V1: N  / V2: 0,Dry,Daylight,Clear,0,0,77,52,FALSE,41.90248113,-71.3558735
3188,9/27/2004,September,Monday,15:25,2,2,1,0,0,V1: Slowing or stopped in traffic / V2: Travelling straight ahead,V1: E  / V2: N,Dry,Daylight,Clear,0,0,77,52,FALSE,41.93830895,-71.28203041
3189,9/28/2004,September,Tuesday,12:08,2,2,3,0,Angle,V1: Travelling straight ahead / V2: Entering traffic lane,V1: W  / V2: 0,Wet,Daylight,Rain,0.83,0,65,57,FALSE,41.91723587,-71.37241026
3190,9/28/2004,September,Tuesday,15:30,0,2,0,0,Rear-end,V1: Travelling straight ahead / V2: Travelling straight ahead,V1: N  / V2: N,Wet,Daylight,Rain,0.83,0,65,57,FALSE,34.24438675,-73.6513909
3191,9/28/2004,September,Tuesday,17:44,2,2,2,0,Head-on,V1: Travelling straight ahead / V2: Travelling straight ahead,V1: W  / V2: E,Wet,Dusk,Rain,0.83,0,65,57,FALSE,41.93505916,-71.27665617
3192,9/29/2004,September,Wednesday,8:48,1,2,0,0,Angle,V1: Travelling straight ahead / V2: Travelling straight ahead,V1: W  / V2: S,Wet,Daylight,Cloudy/Rain,1.68,0,61,47,FALSE,41.94121777,-71.2768631
3193,9/29/2004,September,Wednesday,9:38,1,2,0,0,Angle,V1: 0 / V2: 0,V1: W  / V2: N,Wet,Daylight,Cloudy/Rain,1.68,0,61,47,FALSE,41.9370756,-71.28238678
3194,9/29/2004,September,Wednesday,16:58,1,2,0,0,Angle,V1: Travelling straight ahead / V2: Travelling straight ahead,V1: S  / V2: W,Dry,Daylight,Cloudy,1.68,0,61,47,FALSE,41.93711096,-71.29262459
3195,9/29/2004,September,Wednesday,21:52,1,1,0,0,Single vehicle crash,V1: Travelling straight ahead,V1: E,Dry,Dark - lighted roadway,Clear,1.68,0,61,47,FALSE,34.24438675,-73.6513909
3196,9/30/2004,September,Thursday,13:04,1,2,0,0,Rear-end,V1: Travelling straight ahead / V2: Slowing or stopped in traffic,V1: N  / V2: N,Dry,Daylight,Clear,0.06,0,71,43,FALSE,41.94548184,-71.28559201
3197,9/30/2004,September,Thursday,16:00,2,1,1,0,Single vehicle crash,V1: Travelling straight ahead,V1: N,Dry,Daylight,Cloudy,0.06,0,71,43,FALSE,41.94545712,-71.28554792
3198,9/30/2004,September,Thursday,18:13,1,2,0,0,Rear-end,V1: Slowing or stopped in traffic / V2: Travelling straight ahead,V1: W  / V2: W,Dry,Dusk,Cloudy,0.06,0,71,43,FALSE,41.94132723,-71.28855484
3199,10/1/2004,October,Friday,10:52,2,2,1,0,Angle,V1: Making U-turn / V2: Travelling straight ahead,V1: W  / V2: W,Dry,Daylight,Clear,0,0,73,50,FALSE,41.95437986,-71.25499915
3200,10/1/2004,October,Friday,11:15,1,1,0,0,Single vehicle crash,V1: Travelling straight ahead,V1: N,Dry,Daylight,Clear,0,0,73,50,FALSE,41.91255534,-71.27060571
3201,10/1/2004,October,Friday,21:15,2,1,1,0,Single vehicle crash,V1: Travelling straight ahead,V1: S,Dry,Dark - lighted roadway,Clear,0,0,73,50,FALSE,41.92864209,-71.29573398
3202,10/3/2004,October,Sunday,14:09,2,2,1,0,Rear-end,V1: Turning left / V2: Travelling straight ahead,V1: N  / V2: N,Dry,Daylight,Clear,0,0,65,40,FALSE,41.93628409,-71.28608551
3203,10/3/2004,October,Sunday,16:40,2,1,1,0,Single vehicle crash,V1: Travelling straight ahead,V1: N,Dry,Daylight,Clear,0,0,65,40,FALSE,41.90017042,-71.36321676
3204,10/4/2004,October,Monday,11:45,2,2,1,0,Angle,V1: Travelling straight ahead / V2: Turning left,V1: S  / V2: W,Dry,Daylight,Clear,0,0,70,38,FALSE,41.90998013,-71.35802082
3205,10/4/2004,October,Monday,12:45,1,2,0,0,"Sideswipe, same direction",V1: Turning right / V2: Travelling straight ahead,V1: W  / V2: 0,Dry,Daylight,Clear,0,0,70,38,FALSE,41.95484304,-71.28856385
3206,10/4/2004,October,Monday,16:00,1,2,0,0,Rear-end,V1: Travelling straight ahead / V2: Slowing or stopped in traffic,V1: S  / V2: S,Dry,Daylight,Clear,0,0,70,38,FALSE,41.90261606,-71.35590689
3207,10/4/2004,October,Monday,20:49,1,2,0,0,Angle,V1: Travelling straight ahead / V2: Turning left,V1: S  / V2: N,Dry,Dark - lighted roadway,Clear,0,0,70,38,FALSE,41.91035947,-71.36314658
3208,10/5/2004,October,Tuesday,7:07,2,2,1,0,Rear-end,V1: Travelling straight ahead / V2: Slowing or stopped in traffic,V1: W  / V2: W,Dry,Daylight,Cloudy,0,0,60,35,FALSE,41.93397921,-71.30659863
3209,10/5/2004,October,Tuesday,8:00,1,2,0,0,Rear-end,V1: Travelling straight ahead / V2: Travelling straight ahead,V1: N  / V2: N,Dry,Dark - lighted roadway,Clear,0,0,60,35,FALSE,41.956426,-71.30313034
3210,10/5/2004,October,Tuesday,14:25,1,2,0,0,Angle,V1: Slowing or stopped in traffic / V2: Turning right,V1: 0 / V2: 0,Dry,Daylight,Clear,0,0,60,35,FALSE,41.94274018,-71.28432859
3211,10/5/2004,October,Tuesday,14:50,1,2,0,0,Single vehicle crash,V1: Turning left / V2: Travelling straight ahead,V1: 0 / V2: 0,Dry,Daylight,Clear,0,0,60,35,FALSE,41.93294317,-71.30065777
3212,10/5/2004,October,Tuesday,18:46,1,2,0,0,"Sideswipe, same direction",V1: Overtaking/passing / V2: Slowing or stopped in traffic,V1: S  / V2: S,Dry,Dark - lighted roadway,Clear,0,0,60,35,FALSE,41.92900797,-71.28446457
3213,10/6/2004,October,Wednesday,13:10,1,2,0,0,Rear-end,V1: Travelling straight ahead / V2: Travelling straight ahead,V1: 0 / V2: 0,Dry,Daylight,Clear,0,0,64,31,TRUE,41.93874704,-71.29215576
3214,10/6/2004,October,Wednesday,17:17,1,2,0,0,Angle,V1: Turning left / V2: Travelling straight ahead,V1: N  / V2: S,Dry,Daylight,Clear,0,0,64,31,TRUE,41.95076301,-71.27397064
3215,10/6/2004,October,Wednesday,17:36,1,2,0,0,Angle,V1: Entering traffic lane / V2: Travelling straight ahead,V1: N  / V2: E,Dry,Daylight,Cloudy,0,0,64,31,TRUE,41.95410074,-71.26056496
3216,10/7/2004,October,Thursday,16:00,1,2,0,0,"Sideswipe, opposite direction",V1: Slowing or stopped in traffic / V2: Slowing or stopped in traffic,V1: E  / V2: E,Dry,Daylight,Clear,0,0,75,39,FALSE,41.95287787,-71.26899686
3217,10/7/2004,October,Thursday,17:13,2,2,2,0,Angle,V1: Entering traffic lane / V2: Travelling straight ahead,V1: N  / V2: W,Dry,Daylight,Clear,0,0,75,39,FALSE,34.24438675,-73.6513909
3218,10/7/2004,October,Thursday,17:40,1,2,0,0,Angle,V1: Changing lanes / V2: Travelling straight ahead,V1: N  / V2: N,Dry,Dusk,Clear,0,0,75,39,FALSE,41.90998013,-71.35802082
3219,10/7/2004,October,Thursday,17:45,2,2,2,0,Angle,V1: Travelling straight ahead / V2: Entering traffic lane,V1: S  / V2: 0,Dry,Daylight,Clear,0,0,75,39,FALSE,41.94757814,-71.27890389
3220,10/7/2004,October,Thursday,20:00,2,2,1,0,Angle,V1: Turning left / V2: Travelling straight ahead,V1: E  / V2: S,Dry,Dark - lighted roadway,Clear,0,0,75,39,FALSE,41.90964751,-71.36351027
3221,10/8/2004,October,Friday,3:15,1,1,0,0,Single vehicle crash,V1: Other,V1: S,Dry,Daylight,Clear,0,0,76,46,FALSE,41.96386816,-71.29870195
3222,10/8/2004,October,Friday,7:15,1,2,0,0,Rear-end,V1: Slowing or stopped in traffic / V2: 0,V1: W  / V2: 0,Dry,Daylight,Clear,0,0,76,46,FALSE,41.93421769,-71.2996754
3223,10/8/2004,October,Friday,7:46,1,2,0,0,Angle,V1: Travelling straight ahead / V2: Travelling straight ahead,V1: N  / V2: E,Dry,Daylight,Cloudy,0,0,76,46,FALSE,41.94040539,-71.28014995
3224,10/8/2004,October,Friday,9:14,2,2,2,0,Angle,V1: Turning left / V2: Travelling straight ahead,V1: S  / V2: S,Dry,Daylight,Clear,0,0,76,46,FALSE,41.95949687,-71.28775942
3225,10/8/2004,October,Friday,11:51,1,2,0,0,Angle,V1: Turning left / V2: Travelling straight ahead,V1: S  / V2: S,Dry,Daylight,Clear,0,0,76,46,FALSE,41.91360772,-71.36150084
3226,10/8/2004,October,Friday,23:16,1,1,0,0,Single vehicle crash,V1: Travelling straight ahead,V1: S,Dry,Dark - lighted roadway,Clear,0,0,76,46,FALSE,41.9636975,-71.29767986
3227,10/9/2004,October,Saturday,9:45,2,2,1,0,"Sideswipe, same direction",V1: Changing lanes / V2: Travelling straight ahead,V1: N  / V2: N,Dry,Dark - roadway not lighted,Clear,0,0,73,48,FALSE,41.92969804,-71.32243362
3228,10/9/2004,October,Saturday,10:45,2,2,1,0,Angle,V1: Travelling straight ahead / V2: Turning left,V1: N  / V2: W,Dry,Daylight,Clear,0,0,73,48,FALSE,41.90500517,-71.33616438
3229,10/9/2004,October,Saturday,11:42,1,2,0,0,Rear-end,V1: Travelling straight ahead / V2: Travelling straight ahead,V1: N  / V2: N,Wet,Daylight,Cloudy/Rain,0,0,73,48,FALSE,34.24438675,-73.6513909
3230,10/9/2004,October,Saturday,14:35,1,2,0,0,"Sideswipe, same direction",V1: Slowing or stopped in traffic / V2: Parked,V1: N  / V2: 0,Dry,Daylight,Clear,0,0,73,48,FALSE,41.94487212,-71.28341297
3231,10/9/2004,October,Saturday,20:54,2,2,1,0,Rear-end,V1: Travelling straight ahead / V2: Parked,V1: W  / V2: 0,Dry,Dark - lighted roadway,Clear,0,0,73,48,FALSE,41.91940839,-71.30673206
3232,10/10/2004,October,Sunday,14:35,2,2,3,0,Angle,V1: Travelling straight ahead / V2: Travelling straight ahead,V1: E  / V2: S,Dry,Daylight,Clear,0,0,67,52,FALSE,41.95287787,-71.26899686
3233,10/10/2004,October,Sunday,23:34,1,2,0,0,"Sideswipe, same direction",V1: Travelling straight ahead / V2: Parked,V1: S  / V2: 0,Dry,Dark - lighted roadway,Clear,0,0,67,52,FALSE,41.95054507,-71.27984964
3234,10/11/2004,October,Monday,4:50,2,2,1,0,Rear-end,V1: Parked / V2: Travelling straight ahead,V1: N  / V2: N,Dry,Dark - lighted roadway,Clear,0,0,64,47,FALSE,34.24438675,-73.6513909
3235,10/11/2004,October,Monday,15:35,2,2,2,0,Angle,V1: Turning left / V2: Travelling straight ahead,V1: S  / V2: N,Dry,Daylight,Clear,0,0,64,47,FALSE,41.91982212,-71.35857678
3236,10/11/2004,October,Monday,16:14,1,2,0,0,Single vehicle crash,V1: Slowing or stopped in traffic / V2: Travelling straight ahead,V1: S  / V2: S,Dry,Daylight,Clear,0,0,64,47,FALSE,41.93809559,-71.28471692
3237,10/11/2004,October,Monday,16:30,0,2,0,0,0,V1: Travelling straight ahead / V2: Parked,V1: S  / V2: N,Dry,Dusk,Cloudy,0,0,64,47,FALSE,34.24438675,-73.6513909
3238,10/11/2004,October,Monday,16:38,2,2,2,0,Rear-end,V1: Slowing or stopped in traffic / V2: Travelling straight ahead,V1: S  / V2: S,Dry,Daylight,Clear,0,0,64,47,FALSE,41.91340256,-71.36160362
3239,10/11/2004,October,Monday,16:38,1,2,0,0,Rear-end,V1: Travelling straight ahead / V2: Slowing or stopped in traffic,V1: S  / V2: S,Dry,Daylight,Clear,0,0,64,47,FALSE,41.91340256,-71.36160362
3240,10/11/2004,October,Monday,17:53,1,2,0,0,"Sideswipe, same direction",V1: Slowing or stopped in traffic / V2: Turning right,V1: E  / V2: W,Dry,Daylight,Clear,0,0,64,47,FALSE,41.89903243,-71.355186
3241,10/12/2004,October,Tuesday,3:15,2,2,1,0,Rear-end,V1: Slowing or stopped in traffic / V2: 0,V1: N  / V2: N,Dry,Daylight,Clear,0.03,0,65,44,FALSE,41.93396377,-71.31987069
3242,10/13/2004,October,Wednesday,7:30,1,1,0,0,Single vehicle crash,V1: Travelling straight ahead,V1: E,Dry,Daylight,Clear,0,0,73,40,FALSE,41.9660887,-71.27204104
3243,10/13/2004,October,Wednesday,13:50,1,2,0,0,Angle,V1: Travelling straight ahead / V2: Travelling straight ahead,V1: S  / V2: W,Dry,Daylight,Clear,0,0,73,40,FALSE,41.94087812,-71.27241863
3244,10/13/2004,October,Wednesday,15:24,1,2,0,0,Angle,V1: Slowing or stopped in traffic / V2: Travelling straight ahead,V1: E  / V2: N,Dry,Daylight,Clear,0,0,73,40,FALSE,34.24438675,-73.6513909
3245,10/14/2004,October,Thursday,5:39,1,2,0,0,Rear-end,V1: Travelling straight ahead / V2: Slowing or stopped in traffic,V1: E  / V2: E,Dry,Dawn,Clear,0.1,0,60,42,FALSE,41.94450501,-71.28411703
3246,10/14/2004,October,Thursday,15:57,1,2,0,0,0,V1: Travelling straight ahead / V2: Travelling straight ahead,V1: N  / V2: E,Dry,Daylight,Clear,0.1,0,60,42,FALSE,41.94586371,-71.28073807
3247,10/15/2004,October,Friday,6:40,2,2,1,0,Angle,V1: Turning left / V2: Slowing or stopped in traffic,V1: N  / V2: W,Wet,Daylight,Rain,1.03,0,61,55,FALSE,41.93874704,-71.29215576
3248,10/15/2004,October,Friday,7:10,1,2,0,0,Angle,V1: Turning left / V2: Travelling straight ahead,V1: E  / V2: E,Wet,Daylight,Cloudy,1.03,0,61,55,FALSE,34.24438675,-73.6513909
3249,10/15/2004,October,Friday,9:38,1,2,0,0,Angle,V1: Entering traffic lane / V2: Travelling straight ahead,V1: N  / V2: N,Wet,Daylight,Rain,1.03,0,61,55,FALSE,41.91562886,-71.36047108
3250,10/15/2004,October,Friday,13:00,2,1,1,0,Single vehicle crash,V1: Travelling straight ahead,V1: S,Dry,Daylight,Cloudy,1.03,0,61,55,FALSE,41.90272719,-71.35550871
3251,10/16/2004,October,Saturday,10:00,1,1,0,0,0,V1: Travelling straight ahead,V1: S,Dry,Daylight,Clear,0.36,0,65,49,FALSE,41.93150481,-71.33366365
3252,10/16/2004,October,Saturday,16:15,1,2,0,0,"Sideswipe, opposite direction",V1: Travelling straight ahead / V2: Travelling straight ahead,V1: E  / V2: N,Dry,Daylight,Clear,0.36,0,65,49,FALSE,41.94172858,-71.2694315
3253,10/16/2004,October,Saturday,16:35,2,2,1,0,Rear-end,V1: Turning right / V2: Travelling straight ahead,V1: N  / V2: N,Dry,Daylight,Clear,0.36,0,65,49,FALSE,41.90630452,-71.3171196
3254,10/16/2004,October,Saturday,16:50,2,2,1,0,Angle,V1: Overtaking/passing / V2: Turning right,V1: E  / V2: E,Dry,Daylight,Clear,0.36,0,65,49,FALSE,41.95279587,-71.26925506
3255,10/16/2004,October,Saturday,20:30,1,1,0,0,Angle,V1: Travelling straight ahead,V1: E,Dry,Dark - lighted roadway,Cloudy,0.36,0,65,49,FALSE,41.94519466,-71.28103716
3256,10/18/2004,October,Monday,6:50,1,2,0,0,Angle,V1: Entering traffic lane / V2: Travelling straight ahead,V1: 0 / V2: 0,Dry,Daylight,Clear,0,0,61,38,FALSE,41.93503657,-71.2848971
3257,10/18/2004,October,Monday,15:05,2,1,1,0,Single vehicle crash,V1: Travelling straight ahead,V1: 0,Dry,Daylight,Clear,0,0,61,38,FALSE,34.24438675,-73.6513909
3258,10/18/2004,October,Monday,15:18,1,4,0,0,Rear-end,V1: Travelling straight ahead / V2: Slowing or stopped in traffic / V3: Slowing or stopped in traffic / V4: Travelling straight ahead,V1: E  / V2: E  / V3: E  / V4: W,Dry,Daylight,Cloudy,0,0,61,38,FALSE,41.94132723,-71.28855484
3259,10/19/2004,October,Tuesday,9:09,1,2,0,0,"Sideswipe, opposite direction",V1: Turning right / V2: Other,V1: S  / V2: N,Wet,Daylight,Cloudy/Rain,0.28,0,50,44,FALSE,41.94757815,-71.27890389
3260,10/19/2004,October,Tuesday,9:15,1,1,0,0,Single vehicle crash,V1: Travelling straight ahead,V1: N,Wet,Dark - roadway not lighted,Rain,0.28,0,50,44,FALSE,34.24438675,-73.6513909
3261,10/19/2004,October,Tuesday,12:21,0,2,0,0,Rear-end,V1: Entering traffic lane / V2: Entering traffic lane,V1: N  / V2: N,Wet,Daylight,Cloudy/Rain,0.28,0,50,44,FALSE,41.90231125,-71.35597671
3262,10/19/2004,October,Tuesday,12:44,0,2,0,0,Rear-end,V1: Travelling straight ahead / V2: Travelling straight ahead,V1: S  / V2: S,Dry,Daylight,Clear,0.28,0,50,44,FALSE,41.90697288,-71.36488171
3263,10/19/2004,October,Tuesday,14:15,0,2,0,0,0,V1: Parked / V2: 0,V1: 0 / V2: 0,Dry,Daylight,Clear,0.28,0,50,44,FALSE,41.94644511,-71.28032824
3264,10/19/2004,October,Tuesday,15:01,1,2,0,0,Angle,V1: Turning right / V2: Travelling straight ahead,V1: N  / V2: E,Dry,Daylight,Clear,0.28,0,50,44,FALSE,41.94172858,-71.2694315
3265,10/19/2004,October,Tuesday,18:55,1,2,0,0,Rear-end,V1: Slowing or stopped in traffic / V2: Travelling straight ahead,V1: S  / V2: S,Wet,Dark - lighted roadway,Cloudy/Rain,0.28,0,50,44,FALSE,34.24438675,-73.6513909
3266,10/20/2004,October,Wednesday,13:03,1,2,0,0,Angle,V1: Turning left / V2: Travelling straight ahead,V1: 0 / V2: 0,Dry,Daylight,Clear,0,0,54,44,FALSE,41.90697288,-71.36488171
3267,10/21/2004,October,Thursday,7:34,1,2,0,0,Rear-end,V1: Travelling straight ahead / V2: Travelling straight ahead,V1: E  / V2: E,Dry,Daylight,Cloudy,0,0,52,41,FALSE,41.93409173,-71.31894301
3268,10/21/2004,October,Thursday,12:48,2,2,1,0,Rear-end,V1: Travelling straight ahead / V2: Slowing or stopped in traffic,V1: N  / V2: N,Dry,Daylight,Clear,0,0,52,41,FALSE,41.90061139,-71.36812224
3269,10/21/2004,October,Thursday,21:46,1,2,0,0,Angle,V1: Turning left / V2: Travelling straight ahead,V1: N  / V2: S,Dry,Daylight,Cloudy,0,0,52,41,FALSE,41.90594717,-71.36540741