ID,DATE,Month,Day of week,Crash Time,Crash Severity,Number of Vehicles,Total Nonfatal Injuries,Total Fatal Injuries,Manner of Collision,Vehicle Action Prior to Crash,Vehicle Travel Directions,Road Surface Condition,Ambient Light,Weather Condition,PRCP,SNOW,TMAX,TMIN,Ice,Longtitute,Latitute
3270,10/22/2004,October,Friday,13:25,1,2,0,0,Angle,V1: Entering traffic lane / V2: Travelling straight ahead,V1: W  / V2: N,Wet,Daylight,Rain,0.12,0,50,44,FALSE,34.24438675,-73.6513909
3271,10/22/2004,October,Friday,14:55,1,2,0,0,Angle,V1: Turning left / V2: Travelling straight ahead,V1: W  / V2: E,Wet,Daylight,Cloudy,0.12,0,50,44,FALSE,41.91975935,-71.35883923
3272,10/22/2004,October,Friday,15:35,1,1,0,0,Single vehicle crash,V1: Slowing or stopped in traffic,V1: N,Wet,0,Rain,0.12,0,50,44,FALSE,41.95523487,-71.30316882
3273,10/23/2004,October,Saturday,2:30,2,1,1,0,Head-on,V1: Travelling straight ahead,V1: E,Dry,Dark - lighted roadway,Cloudy,0,0,50,43,FALSE,41.93874704,-71.29215576
3274,10/23/2004,October,Saturday,15:00,2,2,1,0,Angle,V1: Travelling straight ahead / V2: Travelling straight ahead,V1: S  / V2: W,Dry,Daylight,Clear,0,0,50,43,FALSE,41.94121777,-71.2768631
3275,10/23/2004,October,Saturday,15:45,1,2,0,0,"Sideswipe, same direction",V1: Travelling straight ahead / V2: Travelling straight ahead,V1: S  / V2: S,Dry,Daylight,Clear,0,0,50,43,FALSE,41.94430004,-71.28137659
3276,10/24/2004,October,Sunday,19:48,1,2,0,0,"Sideswipe, same direction",V1: Making U-turn / V2: 0,V1: S  / V2: S,Wet,Dark - lighted roadway,Cloudy/Rain,0.03,0,53,45,FALSE,41.90682772,-71.35704387
3277,10/24/2004,October,Sunday,20:45,1,2,0,0,Rear-end,V1: Slowing or stopped in traffic / V2: Slowing or stopped in traffic,V1: S  / V2: S,Dry,Dark - lighted roadway,Clear,0.03,0,53,45,FALSE,41.89841145,-71.37009489
3278,10/25/2004,October,Monday,10:00,2,2,1,0,Rear-end,V1: Slowing or stopped in traffic / V2: Slowing or stopped in traffic,V1: S  / V2: S,Dry,Dark - lighted roadway,Cloudy,0.02,0,53,44,FALSE,41.89541252,-71.37076533
3279,10/26/2004,October,Tuesday,9:11,1,2,0,0,Angle,V1: Backing / V2: Travelling straight ahead,V1: W  / V2: N,Dry,Daylight,Clear,0,0,56,36,FALSE,41.94110719,-71.29253847
3280,10/26/2004,October,Tuesday,11:58,1,2,0,0,Angle,V1: Overtaking/passing / V2: Turning left,V1: N  / V2: E,0,Daylight,Cloudy,0,0,56,36,FALSE,41.90630452,-71.3171196
3281,10/26/2004,October,Tuesday,15:29,0,2,0,0,"Sideswipe, same direction",V1: Parked / V2: Parked,V1: 0 / V2: 0,Dry,Daylight,Clear,0,0,56,36,FALSE,41.94242418,-71.2734518
3282,10/26/2004,October,Tuesday,17:01,1,2,0,0,Angle,V1: Entering traffic lane / V2: Travelling straight ahead,V1: W  / V2: W,Dry,Daylight,Clear,0,0,56,36,FALSE,41.94455676,-71.28030943
3283,10/27/2004,October,Wednesday,18:27,2,2,1,0,Angle,V1: Entering traffic lane / V2: Travelling straight ahead,V1: E  / V2: E,Dry,Dark - lighted roadway,Clear,0,0,59,37,FALSE,41.94519466,-71.28103716
3284,10/27/2004,October,Wednesday,18:37,0,3,0,0,"Sideswipe, opposite direction",V1: Turning left / V2: Slowing or stopped in traffic / V3: Slowing or stopped in traffic,V1: 0 / V2: 0 / V3: 0,Dry,Dark - lighted roadway,Clear,0,0,59,37,FALSE,34.24438675,-73.6513909
3285,10/29/2004,October,Friday,13:15,1,2,0,0,Angle,V1: Travelling straight ahead / V2: Entering traffic lane,V1: E  / V2: 0,Dry,Daylight,Clear,0,0,60,29,TRUE,34.24438675,-73.6513909
3286,10/29/2004,October,Friday,13:45,1,2,0,0,Rear-end,V1: Travelling straight ahead / V2: Slowing or stopped in traffic,V1: N  / V2: N,Dry,Daylight,Clear,0,0,60,29,TRUE,41.91325585,-71.3590575
3287,10/29/2004,October,Friday,18:50,1,2,0,0,Angle,V1: Entering traffic lane / V2: Travelling straight ahead,V1: E  / V2: S,Dry,Dark - lighted roadway,Cloudy,0,0,60,29,TRUE,41.90857957,-71.36406078
3288,10/29/2004,October,Friday,22:25,1,2,0,0,"Sideswipe, same direction",V1: Travelling straight ahead / V2: Slowing or stopped in traffic,V1: N  / V2: N,Dry,Dark - roadway not lighted,Clear,0,0,60,29,TRUE,41.90223058,-71.35625816
3289,10/30/2004,October,Saturday,7:25,1,2,0,0,Angle,V1: Turning left / V2: Travelling straight ahead,V1: S  / V2: N,Wet,Daylight,Rain,0.09,0,59,37,FALSE,41.92241545,-71.31336866
3290,10/30/2004,October,Saturday,10:00,1,2,0,0,Angle,V1: Travelling straight ahead / V2: Turning left,V1: S  / V2: E,Wet,Daylight,Cloudy,0.09,0,59,37,FALSE,41.91982212,-71.35857678
3291,10/30/2004,October,Saturday,11:12,1,1,0,0,Single vehicle crash,V1: Travelling straight ahead,V1: N,Wet,Daylight,Rain,0.09,0,59,37,FALSE,34.24438675,-73.6513909
3292,10/30/2004,October,Saturday,12:00,1,2,0,0,Rear-end,V1: Slowing or stopped in traffic / V2: Travelling straight ahead,V1: N  / V2: N,Wet,Daylight,Cloudy/Rain,0.09,0,59,37,FALSE,41.92508738,-71.35628348
3293,10/30/2004,October,Saturday,12:26,1,2,0,0,Rear-end,V1: Travelling straight ahead / V2: Travelling straight ahead,V1: 0 / V2: 0,Wet,Daylight,Rain,0.09,0,59,37,FALSE,41.92446027,-71.28906707
3294,10/30/2004,October,Saturday,16:10,2,2,1,0,Angle,V1: Travelling straight ahead / V2: Entering traffic lane,V1: S  / V2: W,Wet,Daylight,Cloudy/Rain,0.09,0,59,37,FALSE,41.90697288,-71.36488171
3295,10/30/2004,October,Saturday,16:24,2,3,2,0,Rear-end,V1: Travelling straight ahead / V2: Slowing or stopped in traffic / V3: Slowing or stopped in traffic,V1: S  / V2: S  / V3: S,Wet,Daylight,Rain,0.09,0,59,37,FALSE,41.92508738,-71.35628348
3296,10/30/2004,October,Saturday,17:42,1,2,0,0,Angle,V1: Travelling straight ahead / V2: Turning left,V1: W  / V2: S,Wet,Dark - lighted roadway,Cloudy/Rain,0.09,0,59,37,FALSE,41.93150481,-71.33366365
3297,10/30/2004,October,Saturday,22:02,2,1,3,0,Single vehicle crash,V1: Travelling straight ahead,V1: W,Wet,Dark - lighted roadway,Rain,0.09,0,59,37,FALSE,41.90168645,-71.34227839
3298,10/30/2004,October,Saturday,23:06,2,2,1,0,"Sideswipe, opposite direction",V1: Travelling straight ahead / V2: Travelling straight ahead,V1: E  / V2: W,Wet,Dark - lighted roadway,Cloudy/Rain,0.09,0,59,37,FALSE,41.9515834,-71.29702782
3299,10/31/2004,October,Sunday,15:40,1,1,0,0,Single vehicle crash,V1: Travelling straight ahead,V1: N,Dry,Daylight,Clear,0,0,72,58,FALSE,41.96378416,-71.29818357
3300,10/31/2004,October,Sunday,16:12,1,2,0,0,Angle,V1: 0 / V2: 0,V1: E  / V2: S,Dry,Daylight,Clear,0,0,72,58,FALSE,41.95180679,-71.2898592
3301,11/1/2004,November,Monday,9:29,1,2,0,0,"Sideswipe, same direction",V1: Travelling straight ahead / V2: Travelling straight ahead,V1: S  / V2: S,Dry,Daylight,Clear,0,0,60,39,FALSE,41.91337209,-71.36161888
3302,11/1/2004,November,Monday,12:31,2,2,1,0,Angle,V1: Entering traffic lane / V2: Travelling straight ahead,V1: W  / V2: S,Dry,Daylight,Clear,0,0,60,39,FALSE,41.90930355,-71.35781776
3303,11/1/2004,November,Monday,13:01,2,2,2,0,"Sideswipe, opposite direction",V1: Travelling straight ahead / V2: Travelling straight ahead,V1: E  / V2: W,Dry,Daylight,Clear,0,0,60,39,FALSE,41.91982212,-71.35857678
3304,11/1/2004,November,Monday,15:50,1,2,0,0,Angle,V1: Turning left / V2: Travelling straight ahead,V1: E  / V2: S,0,Daylight,Clear,0,0,60,39,FALSE,41.92644259,-71.35554103
3305,11/1/2004,November,Monday,16:40,2,2,3,0,Rear-end,V1: Slowing or stopped in traffic / V2: Travelling straight ahead,V1: N  / V2: S,Dry,Daylight,Clear,0,0,60,39,FALSE,41.90272719,-71.35550871
3306,11/2/2004,November,Tuesday,3:30,0,1,0,0,Single vehicle crash,V1: Travelling straight ahead,V1: N,Wet,Dark - roadway not lighted,Cloudy,0,0,55,33,FALSE,34.24438675,-73.6513909
3307,11/2/2004,November,Tuesday,6:55,1,1,0,0,"Sideswipe, same direction",V1: Slowing or stopped in traffic,V1: E,Dry,Dark - lighted roadway,Clear,0,0,55,33,FALSE,41.94365869,-71.27940271
3308,11/2/2004,November,Tuesday,7:28,2,4,3,0,Angle,V1: Changing lanes / V2: Travelling straight ahead / V3: Travelling straight ahead / V4: Travelling straight ahead,V1: S  / V2: S  / V3: S  / V4: S,Dry,Daylight,Clear,0,0,55,33,FALSE,41.9589661,-71.30200935
3309,11/2/2004,November,Tuesday,7:43,1,2,0,0,"Sideswipe, same direction",V1: Travelling straight ahead / V2: Travelling straight ahead,V1: N  / V2: N,Dry,Daylight,Clear,0,0,55,33,FALSE,41.95609798,-71.30392852
3310,11/2/2004,November,Tuesday,16:30,1,1,0,0,Single vehicle crash,V1: Travelling straight ahead,V1: 0,Dry,Dark - lighted roadway,Clear,0,0,55,33,FALSE,41.92241545,-71.31336866
3311,11/2/2004,November,Tuesday,16:32,1,2,0,0,Rear-end,V1: Slowing or stopped in traffic / V2: Travelling straight ahead,V1: E  / V2: 0,Dry,Daylight,Clear,0,0,55,33,FALSE,41.91044592,-71.28309302
3312,11/2/2004,November,Tuesday,17:00,1,1,0,0,Single vehicle crash,V1: Travelling straight ahead,V1: E,Dry,Dark - lighted roadway,Clear,0,0,55,33,FALSE,34.24438675,-73.6513909
3313,11/3/2004,November,Wednesday,6:26,2,2,1,0,Rear-end,V1: Travelling straight ahead / V2: Travelling straight ahead,V1: S  / V2: S,Dry,Daylight,Clear,0.02,0,56,36,FALSE,41.90238589,-71.35672422
3314,11/3/2004,November,Wednesday,7:14,1,2,0,0,"Sideswipe, same direction",V1: Overtaking/passing / V2: Slowing or stopped in traffic,V1: N  / V2: N,Wet,Dawn,Cloudy/Rain,0.02,0,56,36,FALSE,41.9374227,-71.29402673
3315,11/3/2004,November,Wednesday,9:32,1,2,0,0,Angle,V1: Turning left / V2: Travelling straight ahead,V1: 0 / V2: 0,Dry,Daylight,Clear,0.02,0,56,36,FALSE,41.90998013,-71.35802082
3316,11/3/2004,November,Wednesday,18:05,1,2,0,0,Angle,V1: Travelling straight ahead / V2: Other,V1: N  / V2: W,Dry,Dark - roadway not lighted,Clear,0.02,0,56,36,FALSE,41.93830895,-71.28203041
3317,11/3/2004,November,Wednesday,20:35,1,2,0,0,"Sideswipe, same direction",V1: Travelling straight ahead / V2: 0,V1: N  / V2: 0,Dry,Dark - roadway not lighted,Clear,0.02,0,56,36,FALSE,34.24438675,-73.6513909
3318,11/4/2004,November,Thursday,17:00,1,2,0,0,Angle,V1: Entering traffic lane / V2: Travelling straight ahead,V1: W  / V2: E,Dry,Dark - lighted roadway,Cloudy,0.87,0,49,27,TRUE,41.89846344,-71.34680188
3319,11/4/2004,November,Thursday,19:44,0,2,0,0,Single vehicle crash,V1: Travelling straight ahead / V2: Travelling straight ahead,V1: W  / V2: W,Wet,Dark - lighted roadway,Rain,0.87,0,49,27,TRUE,41.94470433,-71.2812252
3320,11/4/2004,November,Thursday,20:30,2,2,3,0,Angle,V1: Turning left / V2: Travelling straight ahead,V1: W  / V2: N,Wet,Dark - lighted roadway,Rain,0.87,0,49,27,TRUE,41.91866603,-71.35907451
3321,11/5/2004,November,Friday,2:20,0,2,0,0,Rear-end,V1: Travelling straight ahead / V2: 0,V1: S  / V2: S,Dry,Dark - lighted roadway,Clear,0.01,0,53,42,FALSE,34.24438675,-73.6513909
3322,11/6/2004,November,Saturday,2:15,1,1,0,0,Rear-end,V1: Turning right,V1: N,Dry,Dark - lighted roadway,Clear,0,0,57,40,FALSE,34.24438675,-73.6513909
3323,11/6/2004,November,Saturday,13:26,2,1,1,0,Single vehicle crash,V1: Travelling straight ahead,V1: N,Dry,Daylight,Clear,0,0,57,40,FALSE,41.93087449,-71.32621936
3324,11/6/2004,November,Saturday,13:45,1,2,0,0,Rear-end,V1: Backing / V2: Parked,V1: N  / V2: N,Dry,Daylight,Clear,0,0,57,40,FALSE,41.9340306,-71.31563875
3325,11/6/2004,November,Saturday,17:17,1,3,0,0,Rear-end,V1: Slowing or stopped in traffic / V2: Slowing or stopped in traffic / V3: Travelling straight ahead,V1: S  / V2: S  / V3: S,Dry,Dark - lighted roadway,Clear,0,0,57,40,FALSE,34.24438675,-73.6513909
3326,11/6/2004,November,Saturday,17:53,2,2,1,0,Angle,V1: Turning left / V2: Travelling straight ahead,V1: S  / V2: W,Dry,Dusk,Clear,0,0,57,40,FALSE,41.92387717,-71.35158914
3327,11/6/2004,November,Saturday,23:45,1,2,0,0,Angle,V1: 0 / V2: 0,V1: 0 / V2: 0,Other,Dark - lighted roadway,Clear,0,0,57,40,FALSE,41.94896282,-71.28411435
3328,11/7/2004,November,Sunday,8:41,2,2,2,0,Angle,V1: Travelling straight ahead / V2: Travelling straight ahead,V1: N  / V2: N,Dry,Daylight,Clear,0,0,65,37,FALSE,41.89568757,-71.37063395
3329,11/7/2004,November,Sunday,11:03,0,1,0,0,Single vehicle crash,V1: Travelling straight ahead,V1: W,Dry,Daylight,Clear,0,0,65,37,FALSE,41.93363156,-71.30076394
3330,11/8/2004,November,Monday,7:32,1,1,0,0,Single vehicle crash,V1: Travelling straight ahead,V1: S,Dry,Daylight,Clear,0,0,56,34,FALSE,41.94489778,-71.2845765
3331,11/8/2004,November,Monday,12:25,2,2,1,0,Rear-end,V1: Slowing or stopped in traffic / V2: Slowing or stopped in traffic,V1: E  / V2: E,Dry,Daylight,Clear,0,0,56,34,FALSE,41.93843051,-71.29261954
3332,11/8/2004,November,Monday,12:35,2,2,1,0,Angle,V1: Turning left / V2: Travelling straight ahead,V1: W  / V2: N,Dry,Daylight,Clear,0,0,56,34,FALSE,34.24438675,-73.6513909
3333,11/8/2004,November,Monday,21:22,1,2,0,0,"Sideswipe, opposite direction",V1: Changing lanes / V2: Travelling straight ahead,V1: E  / V2: W,Dry,Dark - lighted roadway,Cloudy,0,0,56,34,FALSE,41.93421769,-71.2996754
3334,11/9/2004,November,Tuesday,17:10,1,2,0,0,Rear-end,V1: Travelling straight ahead / V2: Travelling straight ahead,V1: S  / V2: S,Dry,Dark - roadway not lighted,Clear,0,0,41,25,TRUE,41.96837059,-71.29634569
3335,11/9/2004,November,Tuesday,17:15,1,3,0,0,Rear-end,V1: Slowing or stopped in traffic / V2: Slowing or stopped in traffic / V3: 0,V1: S  / V2: S  / V3: N,Dry,Dark - roadway not lighted,Clear,0,0,41,25,TRUE,41.96264309,-71.2995301
3336,11/10/2004,November,Wednesday,9:15,2,5,2,0,Rear-end,V1: Travelling straight ahead / V2: Overtaking/passing / V3: Travelling straight ahead / V4: Travelling straight ahead / V5: Travelling straight ahead,V1: W  / V2: W  / V3: E  / V4: E  / V5: E,Dry,Dark - lighted roadway,Clear,0,0,42,20,TRUE,41.92897115,-71.33888866
3337,11/10/2004,November,Wednesday,11:30,0,2,0,0,Angle,V1: Travelling straight ahead / V2: Turning left,V1: S  / V2: N,Dry,Daylight,Clear,0,0,42,20,TRUE,41.90086769,-71.36799095
3338,11/10/2004,November,Wednesday,13:00,2,1,1,0,0,V1: Turning right,V1: W,Dry,Daylight,Clear,0,0,42,20,TRUE,41.94466875,-71.28335786
3339,11/10/2004,November,Wednesday,18:00,1,2,0,0,Rear-end,V1: Turning right / V2: Travelling straight ahead,V1: N  / V2: N,Wet,Dusk,Cloudy/Rain,0,0,42,20,TRUE,41.89733197,-71.36979234
3340,11/10/2004,November,Wednesday,18:39,1,2,0,0,Angle,V1: Turning left / V2: Travelling straight ahead,V1: W  / V2: 0,Dry,Dark - lighted roadway,Clear,0,0,42,20,TRUE,41.93269195,-71.32821357
3341,11/10/2004,November,Wednesday,21:16,2,5,3,0,Angle,V1: Travelling straight ahead / V2: Travelling straight ahead / V3: Travelling straight ahead / V4: Travelling straight ahead / V5: Travelling straight ahead,V1: W  / V2: W  / V3: E  / V4: E  / V5: E,Dry,Dark - lighted roadway,Clear,0,0,42,20,TRUE,41.92897115,-71.33888866
3342,11/12/2004,November,Friday,12:14,1,2,0,0,Rear-end,V1: Travelling straight ahead / V2: Travelling straight ahead,V1: N  / V2: N,Wet,Daylight,Cloudy,0.59,1.1,43,32,TRUE,41.94450501,-71.28411703
3343,11/12/2004,November,Friday,12:30,1,2,0,0,Rear-end,V1: Entering traffic lane / V2: Travelling straight ahead,V1: N  / V2: N,Wet,Daylight,Rain,0.59,1.1,43,32,TRUE,41.92969804,-71.32243362
3344,11/12/2004,November,Friday,14:20,1,2,0,0,Angle,V1: Turning left / V2: Travelling straight ahead,V1: W  / V2: N,Wet,Daylight,Rain,0.59,1.1,43,32,TRUE,41.9515834,-71.29702782
3345,11/12/2004,November,Friday,15:31,1,2,0,0,Head-on,V1: Turning left / V2: Travelling straight ahead,V1: N  / V2: E,Wet,Daylight,Cloudy,0.59,1.1,43,32,TRUE,34.24438675,-73.6513909
3346,11/12/2004,November,Friday,17:22,1,2,0,0,Angle,V1: Turning right / V2: Travelling straight ahead,V1: W  / V2: W,Wet,Dark - roadway not lighted,Rain,0.59,1.1,43,32,TRUE,41.94172858,-71.2694315
3347,11/12/2004,November,Friday,21:10,1,2,0,0,Angle,V1: Travelling straight ahead / V2: Travelling straight ahead,V1: N  / V2: N,Wet,Dark - roadway not lighted,Clear,0.59,1.1,43,32,TRUE,41.90223058,-71.35625816
3348,11/12/2004,November,Friday,21:10,1,1,0,0,Angle,V1: Travelling straight ahead,V1: N,Wet,Dark - roadway not lighted,Clear,0.59,1.1,43,32,TRUE,41.95517972,-71.30390129
3349,11/12/2004,November,Friday,21:30,1,2,0,0,Head-on,V1: Travelling straight ahead / V2: Travelling straight ahead,V1: E  / V2: W,Snow,Dark - lighted roadway,Snow,0.59,1.1,43,32,TRUE,41.90920404,-71.28729537
3350,11/13/2004,November,Saturday,1:20,2,1,2,0,Single vehicle crash,V1: Travelling straight ahead,V1: S,Snow,Dark - lighted roadway,Snow,0.58,5.6,36,25,TRUE,41.94502003,-71.30756501
3351,11/13/2004,November,Saturday,1:20,1,2,0,0,Angle,V1: Travelling straight ahead / V2: Travelling straight ahead,V1: W  / V2: E,Snow,Dark - lighted roadway,Snow,0.58,5.6,36,25,TRUE,41.91608626,-71.37759037
3352,11/13/2004,November,Saturday,1:20,1,1,0,0,Single vehicle crash,V1: 0,V1: E,Snow,Dark - lighted roadway,Snow,0.58,5.6,36,25,TRUE,41.97001836,-71.2913735
3353,11/13/2004,November,Saturday,3:50,0,1,0,0,Single vehicle crash,V1: Travelling straight ahead,V1: N,Snow,Dark - lighted roadway,Snow,0.58,5.6,36,25,TRUE,41.95641427,-71.28800402
3354,11/13/2004,November,Saturday,5:37,1,1,0,0,Single vehicle crash,V1: Travelling straight ahead,V1: N,Snow,Dawn,Snow,0.58,5.6,36,25,TRUE,41.93218499,-71.24581048
3355,11/13/2004,November,Saturday,5:50,2,1,1,0,Single vehicle crash,V1: Travelling straight ahead,V1: W,Snow,Dark - lighted roadway,Snow,0.58,5.6,36,25,TRUE,41.93363156,-71.30076394
3356,11/13/2004,November,Saturday,6:14,1,2,0,0,Head-on,V1: Travelling straight ahead / V2: Travelling straight ahead,V1: N  / V2: S,Snow,Daylight,Snow,0.58,5.6,36,25,TRUE,41.92127462,-71.29646486
3357,11/13/2004,November,Saturday,7:04,1,2,0,0,Head-on,V1: Travelling straight ahead / V2: Travelling straight ahead,V1: S  / V2: N,Snow,Daylight,Snow,0.58,5.6,36,25,TRUE,41.90917767,-71.29488301
3358,11/13/2004,November,Saturday,8:20,1,1,0,0,Single vehicle crash,V1: Travelling straight ahead,V1: W,Snow,Daylight,Snow,0.58,5.6,36,25,TRUE,34.24438675,-73.6513909
3359,11/13/2004,November,Saturday,8:52,1,2,0,0,Angle,V1: Slowing or stopped in traffic / V2: Travelling straight ahead,V1: E  / V2: S,Snow,Daylight,Snow,0.58,5.6,36,25,TRUE,41.93623387,-71.28481203
3360,11/13/2004,November,Saturday,10:20,2,2,2,0,Rear-end,V1: Travelling straight ahead / V2: Turning right,V1: 0 / V2: 0,Snow,Daylight,Snow,0.58,5.6,36,25,TRUE,41.91783755,-71.35943615
3361,11/13/2004,November,Saturday,13:49,1,2,0,0,Angle,V1: Turning left / V2: Travelling straight ahead,V1: E  / V2: N,Wet,Daylight,Snow,0.58,5.6,36,25,TRUE,41.93601062,-71.28611445
3362,11/13/2004,November,Saturday,14:30,1,2,0,0,Angle,V1: Entering traffic lane / V2: Travelling straight ahead,V1: E  / V2: N,Wet,Daylight,Snow,0.58,5.6,36,25,TRUE,41.93503657,-71.2848971
3363,11/13/2004,November,Saturday,16:25,2,2,1,0,Rear-end,V1: Slowing or stopped in traffic / V2: Slowing or stopped in traffic,V1: S  / V2: S,Dry,Daylight,Cloudy,0.58,5.6,36,25,TRUE,41.92644259,-71.35554103
3364,11/13/2004,November,Saturday,18:40,1,2,0,0,Rear-end,V1: Turning left / V2: Turning left,V1: N  / V2: N,Wet,Dark - lighted roadway,Clear,0.58,5.6,36,25,TRUE,41.91982212,-71.35857678
3365,11/13/2004,November,Saturday,20:00,2,1,2,0,Single vehicle crash,V1: Slowing or stopped in traffic,V1: S,Snow,Dark - lighted roadway,Snow,0.58,5.6,36,25,TRUE,41.89736977,-71.36743275
3366,11/13/2004,November,Saturday,22:30,2,1,1,0,Single vehicle crash,V1: Turning left,V1: 0,Wet,Dark - lighted roadway,Clear,0.58,5.6,36,25,TRUE,34.24438675,-73.6513909
3367,11/14/2004,November,Sunday,5:15,1,2,0,0,0,V1: Slowing or stopped in traffic / V2: 0,V1: N  / V2: 0,Dry,Dark - lighted roadway,Clear,0,0,46,19,TRUE,41.93122867,-71.26031614
3368,11/14/2004,November,Sunday,11:40,1,2,0,0,Rear-end,V1: Travelling straight ahead / V2: Slowing or stopped in traffic,V1: N  / V2: N,Dry,Daylight,Clear,0,0,46,19,TRUE,41.90235094,-71.35584139
3369,11/15/2004,November,Monday,7:02,1,2,0,0,Angle,V1: Entering traffic lane / V2: Travelling straight ahead,V1: N  / V2: E,Wet,Dawn,Clear,0,0,55,26,TRUE,41.93525581,-71.27772654
3370,11/15/2004,November,Monday,13:22,1,1,0,0,Single vehicle crash,V1: Travelling straight ahead,V1: W,Dry,Daylight,Clear,0,0,55,26,TRUE,34.24438675,-73.6513909
3371,11/15/2004,November,Monday,14:20,1,2,0,0,Rear-end,V1: Travelling straight ahead / V2: Travelling straight ahead,V1: E  / V2: E,Dry,Daylight,Clear,0,0,55,26,TRUE,41.94066438,-71.28948653
3372,11/15/2004,November,Monday,14:55,2,2,3,0,Head-on,V1: Travelling straight ahead / V2: Entering traffic lane,V1: S  / V2: N,Dry,Daylight,Clear,0,0,55,26,TRUE,41.91069579,-71.31465344
3373,11/15/2004,November,Monday,19:06,2,2,2,0,Angle,V1: Turning left / V2: Travelling straight ahead,V1: E  / V2: N,Wet,Dark - lighted roadway,Clear,0,0,55,26,TRUE,41.92508738,-71.35628348
3374,11/15/2004,November,Monday,19:47,1,1,0,0,Single vehicle crash,V1: Travelling straight ahead,V1: W,Dry,Dark - lighted roadway,Clear,0,0,55,26,TRUE,41.89557415,-71.36512428
3375,11/16/2004,November,Tuesday,10:03,1,2,0,0,Angle,V1: 0 / V2: 0,V1: S  / V2: S,Dry,Daylight,Clear,0,0,47,28,TRUE,41.89903243,-71.355186
3376,11/16/2004,November,Tuesday,21:04,1,1,0,0,Single vehicle crash,V1: Travelling straight ahead,V1: S,Dry,Dark - lighted roadway,Clear,0,0,47,28,TRUE,41.91954079,-71.25775248
3377,11/17/2004,November,Wednesday,10:00,0,2,0,0,Head-on,V1: Travelling straight ahead / V2: Slowing or stopped in traffic,V1: N  / V2: S,Dry,Daylight,Clear,0,0,52,27,TRUE,41.94512722,-71.28855145
3378,11/17/2004,November,Wednesday,10:30,1,2,0,0,Angle,V1: Travelling straight ahead / V2: Travelling straight ahead,V1: S  / V2: E,Dry,Daylight,Clear,0,0,52,27,TRUE,41.93840858,-71.28352591
3379,11/17/2004,November,Wednesday,16:16,1,2,0,0,"Sideswipe, same direction",V1: Travelling straight ahead / V2: Overtaking/passing,V1: S  / V2: S,Dry,Daylight,Clear,0,0,52,27,TRUE,41.9589661,-71.30200935
3380,11/17/2004,November,Wednesday,17:09,1,1,0,0,Single vehicle crash,V1: Travelling straight ahead,V1: N,Dry,Dark - roadway not lighted,Clear,0,0,52,27,TRUE,41.97024716,-71.29523782
3381,11/17/2004,November,Wednesday,17:09,2,2,2,0,Angle,V1: Turning left / V2: Travelling straight ahead,V1: S  / V2: N,Dry,Dusk,Clear,0,0,52,27,TRUE,41.95484304,-71.28856385
3382,11/17/2004,November,Wednesday,17:45,1,2,0,0,Angle,V1: Turning right / V2: Travelling straight ahead,V1: E  / V2: E,Dry,Dark - lighted roadway,Clear,0,0,52,27,TRUE,41.95020722,-71.27513965
3383,11/18/2004,November,Thursday,10:46,1,2,0,0,"Sideswipe, same direction",V1: Turning right / V2: Travelling straight ahead,V1: W  / V2: W,Dry,Daylight,Cloudy,0,0,59,36,FALSE,41.95403392,-71.2643723
3384,11/18/2004,November,Thursday,14:40,1,2,0,0,Rear-end,V1: Slowing or stopped in traffic / V2: Slowing or stopped in traffic,V1: S  / V2: 0,Dry,Daylight,Cloudy,0,0,59,36,FALSE,41.96206395,-71.28805376
3385,11/18/2004,November,Thursday,20:35,0,1,0,0,Single vehicle crash,V1: Travelling straight ahead,V1: 0,Dry,Dark - lighted roadway,Clear,0,0,59,36,FALSE,41.95451461,-71.24992613
3386,11/19/2004,November,Friday,5:56,1,2,0,0,Rear-end,V1: Travelling straight ahead / V2: Slowing or stopped in traffic,V1: 0 / V2: 0,Wet,Dark - lighted roadway,Cloudy,0,0,65,34,FALSE,41.9164957,-71.30362942
3387,11/19/2004,November,Friday,7:22,1,2,0,0,Angle,V1: Travelling straight ahead / V2: Turning left,V1: W  / V2: E,Dry,Daylight,Clear,0,0,65,34,FALSE,41.89733197,-71.36979234
3388,11/19/2004,November,Friday,16:00,1,2,0,0,Angle,V1: Turning left / V2: Travelling straight ahead,V1: E  / V2: S,Dry,Daylight,Clear,0,0,65,34,FALSE,41.92644259,-71.35554103
3389,11/19/2004,November,Friday,18:15,1,2,0,0,Rear-end,V1: Slowing or stopped in traffic / V2: Travelling straight ahead,V1: N  / V2: N,Dry,Dark - lighted roadway,Clear,0,0,65,34,FALSE,41.94928318,-71.28964082
3390,11/19/2004,November,Friday,22:28,1,2,0,0,Angle,V1: Turning right / V2: Travelling straight ahead,V1: N  / V2: W,Dry,Dark - lighted roadway,Clear,0,0,65,34,FALSE,41.91982212,-71.35857678
3391,11/20/2004,November,Saturday,8:11,1,2,0,0,Angle,V1: Entering traffic lane / V2: Travelling straight ahead,V1: W  / V2: S,Dry,Daylight,Cloudy,0.19,0,49,30,TRUE,41.94683059,-71.28375978