ID,DATE,Month,Day of week,Crash Time,Crash Severity,Number of Vehicles,Total Nonfatal Injuries,Total Fatal Injuries,Manner of Collision,Vehicle Action Prior to Crash,Vehicle Travel Directions,Road Surface Condition,Ambient Light,Weather Condition,PRCP,SNOW,TMAX,TMIN,Ice,Longtitute,Latitute
3392,11/20/2004,November,Saturday,14:18,2,2,1,0,Single vehicle crash,V1: Travelling straight ahead / V2: Travelling straight ahead,V1: 0 / V2: 0,Dry,Dusk,Clear,0.19,0,49,30,TRUE,41.95180679,-71.2898592
3393,11/20/2004,November,Saturday,14:18,2,2,1,0,Rear-end,V1: Travelling straight ahead / V2: Slowing or stopped in traffic,V1: S  / V2: S,Dry,Daylight,Cloudy,0.19,0,49,30,TRUE,41.89733197,-71.36979234
3394,11/20/2004,November,Saturday,17:14,1,2,0,0,Angle,V1: Turning left / V2: Travelling straight ahead,V1: W  / V2: S,Dry,Dusk,Cloudy,0.19,0,49,30,TRUE,41.92298399,-71.3572054
3395,11/20/2004,November,Saturday,20:28,1,2,0,0,Rear-end,V1: Slowing or stopped in traffic / V2: Slowing or stopped in traffic,V1: E  / V2: S,Wet,Dark - lighted roadway,Rain,0.19,0,49,30,TRUE,41.93700721,-71.29460582
3396,11/20/2004,November,Saturday,21:10,2,2,4,0,Rear-end,V1: Travelling straight ahead / V2: Slowing or stopped in traffic,V1: S  / V2: S,Wet,0,Snow,0.19,0,49,30,TRUE,41.89618753,-71.37039513
3397,11/21/2004,November,Sunday,10:40,1,2,0,0,Angle,V1: Entering traffic lane / V2: Travelling straight ahead,V1: W  / V2: N,0,Daylight,Rain,0.23,0,45,40,FALSE,34.24438675,-73.6513909
3398,11/21/2004,November,Sunday,14:02,2,1,1,0,Single vehicle crash,V1: Travelling straight ahead,V1: W,Wet,Daylight,Cloudy/Rain,0.23,0,45,40,FALSE,41.93768467,-71.26414929
3399,11/22/2004,November,Monday,1:25,1,1,0,0,Single vehicle crash,V1: Turning right,V1: W,Dry,Dark - lighted roadway,Cloudy,0,0,52,33,FALSE,41.94757814,-71.27890389
3400,11/22/2004,November,Monday,7:56,1,2,0,0,Rear-end,V1: Travelling straight ahead / V2: Slowing or stopped in traffic,V1: E  / V2: E,Dry,Daylight,Cloudy,0,0,52,33,FALSE,41.9341021,-71.30369928
3401,11/22/2004,November,Monday,16:43,2,3,1,0,Rear-end,V1: Slowing or stopped in traffic / V2: Slowing or stopped in traffic / V3: Travelling straight ahead,V1: E  / V2: E  / V3: E,Dry,Dark - lighted roadway,Cloudy,0,0,52,33,FALSE,41.92241545,-71.31336866
3402,11/22/2004,November,Monday,17:59,2,2,1,0,Rear-end,V1: Slowing or stopped in traffic / V2: Travelling straight ahead,V1: N  / V2: N,Dry,Dark - lighted roadway,Clear,0,0,52,33,FALSE,41.9148515,-71.2576906
3403,11/23/2004,November,Tuesday,7:15,2,2,2,0,Angle,V1: Travelling straight ahead / V2: Travelling straight ahead,V1: N  / V2: N,Dry,Daylight,Clear,0,0,54,27,TRUE,41.89687583,-71.37788537
3404,11/23/2004,November,Tuesday,14:15,1,2,0,0,Angle,V1: Turning left / V2: Travelling straight ahead,V1: N  / V2: S,Dry,Daylight,Clear,0,0,54,27,TRUE,41.89733197,-71.36979234
3405,11/23/2004,November,Tuesday,14:55,1,2,0,0,Rear-end,V1: Travelling straight ahead / V2: Slowing or stopped in traffic,V1: S  / V2: S,Dry,Daylight,Clear,0,0,54,27,TRUE,41.94450046,-71.27306088
3406,11/23/2004,November,Tuesday,16:40,1,2,0,0,Angle,V1: Turning left / V2: Travelling straight ahead,V1: E  / V2: W,Dry,Dark - lighted roadway,Clear,0,0,54,27,TRUE,41.9348634,-71.29887283
3407,11/23/2004,November,Tuesday,17:18,1,2,0,0,Rear-end,V1: Travelling straight ahead / V2: Slowing or stopped in traffic,V1: S  / V2: S,Dry,Dark - lighted roadway,Clear,0,0,54,27,TRUE,41.91740411,-71.35962342
3408,11/24/2004,November,Wednesday,3:00,2,2,1,0,Rear-end,V1: Slowing or stopped in traffic / V2: Backing,V1: N  / V2: N,Wet,Daylight,Rain,0.34,0,58,31,TRUE,34.24438675,-73.6513909
3409,11/24/2004,November,Wednesday,7:43,1,1,0,0,Single vehicle crash,V1: Travelling straight ahead,V1: N,Dry,Daylight,Cloudy,0.34,0,58,31,TRUE,41.93770362,-71.29181511
3410,11/24/2004,November,Wednesday,13:00,1,2,0,0,Angle,V1: Turning right / V2: Travelling straight ahead,V1: S  / V2: W,Wet,Daylight,Cloudy/Rain,0.34,0,58,31,TRUE,41.93623387,-71.28481203
3411,11/24/2004,November,Wednesday,13:11,2,2,2,0,Single vehicle crash,V1: Travelling straight ahead / V2: Slowing or stopped in traffic,V1: N  / V2: N,Wet,Daylight,Cloudy/Rain,0.34,0,58,31,TRUE,41.91325585,-71.3590575
3412,11/24/2004,November,Wednesday,13:55,0,2,0,0,Angle,V1: Slowing or stopped in traffic / V2: Leaving traffic lane,V1: S  / V2: W,Wet,Daylight,Rain,0.34,0,58,31,TRUE,34.24438675,-73.6513909
3413,11/24/2004,November,Wednesday,16:15,1,2,0,0,Angle,V1: Turning left / V2: Travelling straight ahead,V1: E  / V2: W,Dry,Daylight,Clear,0.34,0,58,31,TRUE,41.92387717,-71.35158914
3414,11/24/2004,November,Wednesday,20:00,1,2,0,0,Rear-end,V1: Slowing or stopped in traffic / V2: Travelling straight ahead,V1: N  / V2: N,Dry,Dark - lighted roadway,Clear,0.34,0,58,31,TRUE,34.24438675,-73.6513909
3415,11/24/2004,November,Wednesday,20:55,2,2,1,0,Angle,V1: Turning left / V2: Travelling straight ahead,V1: S  / V2: N,Wet,Dark - lighted roadway,Rain,0.34,0,58,31,TRUE,41.91035947,-71.36314658
3416,11/25/2004,November,Thursday,17:30,0,2,0,0,Angle,V1: Parked / V2: Parked,V1: 0 / V2: 0,Wet,Dark - lighted roadway,Cloudy/Rain,0.53,0,60,38,FALSE,41.9415808,-71.27901878
3417,11/25/2004,November,Thursday,19:15,1,2,0,0,"Sideswipe, same direction",V1: Travelling straight ahead / V2: Turning left,V1: W  / V2: W,Wet,Dark - lighted roadway,Cloudy/Rain,0.53,0,60,38,FALSE,41.9120435,-71.26363395
3418,11/26/2004,November,Friday,6:06,1,2,0,0,"Sideswipe, same direction",V1: Travelling straight ahead / V2: Changing lanes,V1: N  / V2: N,Dry,Dark - lighted roadway,Clear,0,0,40,26,TRUE,34.24438675,-73.6513909
3419,11/26/2004,November,Friday,15:00,1,2,0,0,Angle,V1: Travelling straight ahead / V2: 0,V1: E  / V2: 0,Dry,Daylight,Clear,0,0,40,26,TRUE,34.24438675,-73.6513909
3420,11/26/2004,November,Friday,17:39,1,2,0,0,Rear-end,V1: Turning left / V2: Turning left,V1: S  / V2: N,Dry,Dark - lighted roadway,Cloudy,0,0,40,26,TRUE,41.92014284,-71.35719783
3421,11/27/2004,November,Saturday,8:45,1,2,0,0,Rear-end,V1: Slowing or stopped in traffic / V2: Travelling straight ahead,V1: S  / V2: S,Dry,Daylight,Clear,0,0,51,23,TRUE,41.90686743,-71.36493716
3422,11/28/2004,November,Sunday,23:54,1,2,0,0,Angle,V1: Turning left / V2: Travelling straight ahead,V1: N  / V2: W,Dry,Dark - lighted roadway,Clear,1.11,0,56,35,FALSE,41.95076301,-71.27397064
3423,11/29/2004,November,Monday,5:30,1,1,0,0,Single vehicle crash,V1: Travelling straight ahead,V1: 0,Dry,Dawn,Clear,0,0,51,31,TRUE,41.90500517,-71.33616438
3424,11/29/2004,November,Monday,10:52,1,2,0,0,Angle,V1: Turning left / V2: Turning left,V1: E  / V2: N,Dry,Daylight,Clear,0,0,51,31,TRUE,41.95180679,-71.2898592
3425,11/29/2004,November,Monday,11:15,2,1,1,0,Single vehicle crash,V1: Travelling straight ahead,V1: S,Dry,Daylight,Clear,0,0,51,31,TRUE,41.90171511,-71.35892165
3426,11/29/2004,November,Monday,13:30,1,2,0,0,Angle,V1: Travelling straight ahead / V2: Turning left,V1: S  / V2: E,Dry,Daylight,Clear,0,0,51,31,TRUE,41.91758766,-71.35954517
3427,11/30/2004,November,Tuesday,6:30,1,2,0,0,"Sideswipe, same direction",V1: Travelling straight ahead / V2: Changing lanes,V1: N  / V2: N,Wet,Daylight,Clear,0,0,50,30,TRUE,34.24438675,-73.6513909
3428,11/30/2004,November,Tuesday,13:55,1,2,0,0,"Sideswipe, same direction",V1: Turning left / V2: Turning right,V1: 0 / V2: 0,Dry,Daylight,Clear,0,0,50,30,TRUE,41.89618753,-71.37039513
3429,12/1/2004,December,Wednesday,11:39,2,2,1,0,Angle,V1: Entering traffic lane / V2: Travelling straight ahead,V1: W  / V2: W,Wet,Daylight,Snow,0.92,0,57,40,FALSE,41.94757814,-71.27890389
3430,12/1/2004,December,Wednesday,14:10,1,2,0,0,Angle,V1: Travelling straight ahead / V2: Turning left,V1: E  / V2: W,Wet,Daylight,Rain,0.92,0,57,40,FALSE,41.91982212,-71.35857678
3431,12/1/2004,December,Wednesday,14:27,1,1,0,0,Rear-end,V1: Travelling straight ahead,V1: E,Wet,Daylight,Cloudy/Rain,0.92,0,57,40,FALSE,34.24438675,-73.6513909
3432,12/1/2004,December,Wednesday,15:30,1,2,0,0,Angle,V1: Turning left / V2: Travelling straight ahead,V1: S  / V2: W,Dry,Daylight,Clear,0.92,0,57,40,FALSE,41.93421769,-71.2996754
3433,12/1/2004,December,Wednesday,16:00,1,2,0,0,"Sideswipe, opposite direction",V1: Travelling straight ahead / V2: Travelling straight ahead,V1: W  / V2: E,Dry,Daylight,Clear,0.92,0,57,40,FALSE,34.24438675,-73.6513909
3434,12/3/2004,December,Friday,4:28,2,2,1,0,Rear-end,V1: Travelling straight ahead / V2: Travelling straight ahead,V1: W  / V2: W,Dry,Dusk,Clear,0,0,48,25,TRUE,41.94344652,-71.28559566
3435,12/3/2004,December,Friday,14:31,1,1,0,0,Single vehicle crash,V1: Travelling straight ahead,V1: N,Dry,Daylight,Clear,0,0,48,25,TRUE,41.95957894,-71.28776823
3436,12/3/2004,December,Friday,17:00,1,2,0,0,Rear-end,V1: Travelling straight ahead / V2: Slowing or stopped in traffic,V1: S  / V2: S,Snow,Dark - lighted roadway,Cloudy,0,0,48,25,TRUE,41.89903243,-71.355186
3437,12/3/2004,December,Friday,18:04,1,2,0,0,Rear-end,V1: Slowing or stopped in traffic / V2: Travelling straight ahead,V1: N  / V2: N,Dry,Dark - lighted roadway,Clear,0,0,48,25,TRUE,41.95517972,-71.30390129
3438,12/4/2004,December,Saturday,11:56,1,2,0,0,Angle,V1: Overtaking/passing / V2: Turning left,V1: W  / V2: W,Dry,Daylight,Clear,0,0,40,25,TRUE,41.95130281,-71.27263126
3439,12/4/2004,December,Saturday,14:55,2,2,1,0,Angle,V1: Travelling straight ahead / V2: Turning left,V1: N  / V2: E,Dry,Daylight,Clear,0,0,40,25,TRUE,41.93623387,-71.28481203
3440,12/4/2004,December,Saturday,15:24,1,2,0,0,"Sideswipe, same direction",V1: Turning left / V2: Travelling straight ahead,V1: 0 / V2: S,Dry,Daylight,Clear,0,0,40,25,TRUE,34.24438675,-73.6513909
3441,12/6/2004,December,Monday,3:00,0,2,0,0,"Sideswipe, opposite direction",V1: Parked / V2: 0,V1: S  / V2: 0,Wet,Dark - roadway not lighted,Rain,0,0,34,22,TRUE,41.90383876,-71.37038794
3442,12/6/2004,December,Monday,7:30,1,2,0,0,Rear-end,V1: Slowing or stopped in traffic / V2: Travelling straight ahead,V1: S  / V2: S,Snow,Dark - lighted roadway,Snow,0,0,34,22,TRUE,41.93363156,-71.30076394
3443,12/7/2004,December,Tuesday,2:48,1,2,0,0,"Sideswipe, opposite direction",V1: Travelling straight ahead / V2: Travelling straight ahead,V1: 0 / V2: 0,Wet,Dark - lighted roadway,Rain,1.15,0,47,31,TRUE,34.24438675,-73.6513909
3444,12/7/2004,December,Tuesday,12:23,2,2,1,0,Rear-end,V1: Travelling straight ahead / V2: Travelling straight ahead,V1: S  / V2: S,Wet,Daylight,Cloudy/Rain,1.15,0,47,31,TRUE,41.94666472,-71.28742757
3445,12/7/2004,December,Tuesday,18:10,2,2,1,0,Rear-end,V1: Travelling straight ahead / V2: Slowing or stopped in traffic,V1: N  / V2: 0,Wet,Dark - lighted roadway,Rain,1.15,0,47,31,TRUE,41.94928318,-71.28964082
3446,12/8/2004,December,Wednesday,9:59,2,3,1,0,Rear-end,V1: Travelling straight ahead / V2: Slowing or stopped in traffic / V3: Slowing or stopped in traffic,V1: 0 / V2: 0 / V3: 0,Wet,Daylight,Clear,0.02,0,56,37,FALSE,41.92614915,-71.34628794
3447,12/8/2004,December,Wednesday,14:12,2,1,1,0,Single vehicle crash,V1: Turning left,V1: S,Dry,Daylight,Clear,0.02,0,56,37,FALSE,41.94104078,-71.29346158
3448,12/8/2004,December,Wednesday,17:52,1,2,0,0,"Sideswipe, same direction",V1: Overtaking/passing / V2: Turning right,V1: S  / V2: S,Dry,Dark - roadway not lighted,Clear,0.02,0,56,37,FALSE,41.90408926,-71.33759581
3449,12/8/2004,December,Wednesday,17:55,1,2,0,0,Angle,V1: Travelling straight ahead / V2: Travelling straight ahead,V1: S  / V2: S,Dry,Daylight,Clear,0.02,0,56,37,FALSE,41.93309921,-71.3205767
3450,12/8/2004,December,Wednesday,19:33,1,2,0,0,Angle,V1: Entering traffic lane / V2: Travelling straight ahead,V1: E  / V2: S,Dry,Dark - lighted roadway,Clear,0.02,0,56,37,FALSE,41.91982212,-71.35857678
3451,12/9/2004,December,Thursday,7:07,1,2,0,0,Rear-end,V1: Slowing or stopped in traffic / V2: Slowing or stopped in traffic,V1: N  / V2: N,Dry,Dawn,Clear,0,0,44,30,TRUE,41.93623387,-71.28481203
3452,12/9/2004,December,Thursday,15:24,1,2,0,0,Angle,V1: Travelling straight ahead / V2: Entering traffic lane,V1: 0 / V2: 0,Dry,Daylight,Clear,0,0,44,30,TRUE,34.24438675,-73.6513909
3453,12/9/2004,December,Thursday,16:30,1,2,0,0,Head-on,V1: Travelling straight ahead / V2: Turning right,V1: N  / V2: W,Dry,Dark - lighted roadway,Clear,0,0,44,30,TRUE,41.94519466,-71.28103716
3454,12/9/2004,December,Thursday,17:25,2,2,3,0,Angle,V1: Entering traffic lane / V2: Travelling straight ahead,V1: W  / V2: S,Wet,Dark - lighted roadway,Cloudy,0,0,44,30,TRUE,41.94861042,-71.27758702
3455,12/10/2004,December,Friday,7:12,1,2,0,0,Angle,V1: Slowing or stopped in traffic / V2: Travelling straight ahead,V1: N  / V2: W,Wet,Daylight,Rain,0.96,0,45,38,FALSE,34.24438675,-73.6513909
3456,12/10/2004,December,Friday,13:02,1,2,0,0,Rear-end,V1: Slowing or stopped in traffic / V2: Slowing or stopped in traffic,V1: S  / V2: S,Wet,Daylight,Cloudy/Rain,0.96,0,45,38,FALSE,41.94519743,-71.28508464
3457,12/10/2004,December,Friday,14:25,1,2,0,0,Rear-end,V1: Turning left / V2: Travelling straight ahead,V1: S  / V2: W,Wet,Daylight,Rain,0.96,0,45,38,FALSE,41.89677396,-71.3724629
3458,12/10/2004,December,Friday,17:02,2,2,1,0,Angle,V1: Travelling straight ahead / V2: Entering traffic lane,V1: N  / V2: W,Wet,Dark - lighted roadway,Rain,0.96,0,45,38,FALSE,41.91340256,-71.36160362
3459,12/10/2004,December,Friday,17:30,1,2,0,0,Rear-end,V1: Slowing or stopped in traffic / V2: Slowing or stopped in traffic,V1: S  / V2: S,Wet,Dark - roadway not lighted,Rain,0.96,0,45,38,FALSE,41.97324084,-71.29531631
3460,12/10/2004,December,Friday,17:33,1,2,0,0,Angle,V1: Turning left / V2: Travelling straight ahead,V1: N  / V2: S,Wet,Dark - lighted roadway,Rain,0.96,0,45,38,FALSE,41.90964751,-71.36351027
3461,12/10/2004,December,Friday,18:05,1,2,0,0,Angle,V1: Travelling straight ahead / V2: Travelling straight ahead,V1: S  / V2: W,Wet,Dark - lighted roadway,Rain,0.96,0,45,38,FALSE,41.93841554,-71.29263984
3462,12/10/2004,December,Friday,19:08,1,2,0,0,Angle,V1: Turning left / V2: Travelling straight ahead,V1: N  / V2: S,Wet,Dark - lighted roadway,Rain,0.96,0,45,38,FALSE,41.90964751,-71.36351027
3463,12/10/2004,December,Friday,22:10,2,2,1,0,Angle,V1: Travelling straight ahead / V2: Travelling straight ahead,V1: S  / V2: E,Wet,Dark - lighted roadway,Rain,0.96,0,45,38,FALSE,41.91982212,-71.35857678
3464,12/11/2004,December,Saturday,10:50,1,2,0,0,Rear-end,V1: Travelling straight ahead / V2: Slowing or stopped in traffic,V1: N  / V2: N,Dry,Daylight,Clear,0.09,0,50,42,FALSE,41.9365932,-71.29539949
3465,12/11/2004,December,Saturday,10:58,0,2,0,0,Single vehicle crash,V1: Travelling straight ahead / V2: Travelling straight ahead,V1: N  / V2: N,Dry,Daylight,Clear,0.09,0,50,42,FALSE,41.9365932,-71.29539949
3466,12/11/2004,December,Saturday,16:15,1,2,0,0,Rear-end,V1: Parked / V2: Travelling straight ahead,V1: N  / V2: N,Dry,Dark - roadway not lighted,Clear,0.09,0,50,42,FALSE,41.90223058,-71.35625816
3467,12/11/2004,December,Saturday,21:35,1,2,0,0,"Sideswipe, same direction",V1: Leaving traffic lane / V2: Entering traffic lane,V1: S  / V2: S,Dry,Dark - roadway not lighted,Clear,0.09,0,50,42,FALSE,41.93356559,-71.32018919
3468,12/13/2004,December,Monday,10:13,2,2,1,0,"Sideswipe, same direction",V1: Travelling straight ahead / V2: Travelling straight ahead,V1: E  / V2: E,Dry,Daylight,Cloudy,0.04,0,46,35,FALSE,34.24438675,-73.6513909
3469,12/14/2004,December,Tuesday,19:00,2,3,2,0,Rear-end,V1: Travelling straight ahead / V2: Slowing or stopped in traffic / V3: Slowing or stopped in traffic,V1: S  / V2: Reported but invalid / V3: S,Dry,Dark - lighted roadway,Clear,0,0,37,18,TRUE,41.90272719,-71.35550871
3470,12/15/2004,December,Wednesday,17:25,1,2,0,0,"Sideswipe, opposite direction",V1: Entering traffic lane / V2: Overtaking/passing,V1: N  / V2: S,Dry,Dark - lighted roadway,Clear,0,0,29,14,TRUE,34.24438675,-73.6513909
3471,12/16/2004,December,Thursday,3:35,0,2,0,0,0,V1: Travelling straight ahead / V2: Turning left,V1: W  / V2: S,Dry,Daylight,Clear,0,0,42,12,TRUE,41.94817826,-71.27814969
3472,12/16/2004,December,Thursday,5:00,1,2,0,0,Rear-end,V1: Leaving traffic lane / V2: Slowing or stopped in traffic,V1: N  / V2: N,Dry,Dark - roadway not lighted,Clear,0,0,42,12,TRUE,41.95517492,-71.30396871
3473,12/16/2004,December,Thursday,17:45,1,2,0,0,Rear-end,V1: Slowing or stopped in traffic / V2: Slowing or stopped in traffic,V1: S  / V2: S,Dry,Dark - lighted roadway,Clear,0,0,42,12,TRUE,41.9242615,-71.35664748
3474,12/17/2004,December,Friday,7:30,1,2,0,0,Rear-end,V1: Slowing or stopped in traffic / V2: Slowing or stopped in traffic,V1: N  / V2: N,Ice,Daylight,Snow,0,0,44,23,TRUE,34.24438675,-73.6513909
3475,12/17/2004,December,Friday,8:04,1,2,0,0,Angle,V1: 0 / V2: 0,V1: W  / V2: W,Ice,Daylight,Snow,0,0,44,23,TRUE,41.95274251,-71.29435721
3476,12/17/2004,December,Friday,8:21,2,2,1,0,Rear-end,V1: Slowing or stopped in traffic / V2: Slowing or stopped in traffic,V1: S  / V2: S,Snow,Daylight,Cloudy,0,0,44,23,TRUE,41.95278716,-71.29412635
3477,12/17/2004,December,Friday,8:22,1,1,0,0,Single vehicle crash,V1: Travelling straight ahead,V1: N,Ice,Daylight,Snow,0,0,44,23,TRUE,41.91988968,-71.30737066
3478,12/17/2004,December,Friday,8:44,1,2,0,0,Angle,V1: Turning left / V2: Travelling straight ahead,V1: W  / V2: N,Ice,Daylight,Snow,0,0,44,23,TRUE,34.24438675,-73.6513909
3479,12/17/2004,December,Friday,15:42,1,2,0,0,Rear-end,V1: Slowing or stopped in traffic / V2: Travelling straight ahead,V1: S  / V2: S,Dry,Daylight,Clear,0,0,44,23,TRUE,41.89841145,-71.37009489
3480,12/17/2004,December,Friday,17:30,1,2,0,0,Rear-end,V1: Travelling straight ahead / V2: Slowing or stopped in traffic,V1: N  / V2: N,Dry,Dusk,Clear,0,0,44,23,TRUE,41.90272719,-71.35550871
3481,12/18/2004,December,Saturday,18:45,1,2,0,0,Angle,V1: Backing / V2: Parked,V1: S  / V2: 0,Dry,Dark - lighted roadway,Clear,0,0,40,14,TRUE,41.90465254,-71.37247858
3482,12/19/2004,December,Sunday,0:15,2,1,1,0,Single vehicle crash,V1: Travelling straight ahead,V1: 0,Wet,Dark - 0 roadway lighting,Cloudy/Rain,0,0,44,28,TRUE,41.92017144,-71.24335487
3483,12/19/2004,December,Sunday,13:10,1,2,0,0,"Sideswipe, opposite direction",V1: Backing / V2: Parked,V1: N  / V2: 0,Dry,Daylight,Cloudy,0,0,44,28,TRUE,41.94475089,-71.27768168
3484,12/20/2004,December,Monday,8:15,1,2,0,0,Angle,V1: Travelling straight ahead / V2: Travelling straight ahead,V1: S  / V2: E,Wet,Daylight,Snow,0.12,1,35,5,TRUE,41.92014284,-71.35719783
3485,12/20/2004,December,Monday,8:34,1,2,0,0,Angle,V1: Travelling straight ahead / V2: Parked,V1: 0 / V2: 0,Ice,Daylight,Snow,0.12,1,35,5,TRUE,41.90796702,-71.37817309
3486,12/20/2004,December,Monday,10:21,1,2,0,0,Angle,V1: Turning left / V2: Travelling straight ahead,V1: N  / V2: W,Snow,Daylight,Snow,0.12,1,35,5,TRUE,34.24438675,-73.6513909
3487,12/20/2004,December,Monday,14:10,1,2,0,0,Rear-end,V1: Parked / V2: Travelling straight ahead,V1: 0 / V2: W,Snow,Daylight,Snow,0.12,1,35,5,TRUE,34.24438675,-73.6513909
3488,12/20/2004,December,Monday,14:50,1,2,0,0,Angle,V1: Travelling straight ahead / V2: Turning left,V1: S  / V2: 0,Snow,Daylight,Snow,0.12,1,35,5,TRUE,41.93421769,-71.2996754
3489,12/20/2004,December,Monday,15:00,1,3,0,0,Angle,V1: Slowing or stopped in traffic / V2: Slowing or stopped in traffic / V3: Turning left,V1: 0 / V2: 0 / V3: 0,Snow,Daylight,Snow,0.12,1,35,5,TRUE,41.90383316,-71.33772115
3490,12/20/2004,December,Monday,16:45,1,2,0,0,Single vehicle crash,V1: Travelling straight ahead / V2: Turning left,V1: S  / V2: E,Snow,Dark - lighted roadway,Snow,0.12,1,35,5,TRUE,41.92902304,-71.22464383
3491,12/20/2004,December,Monday,17:13,2,1,1,0,Single vehicle crash,V1: Travelling straight ahead,V1: S,Wet,Dusk,Cloudy,0.12,1,35,5,TRUE,41.93058727,-71.35318659
3492,12/21/2004,December,Tuesday,1:07,1,1,0,0,Single vehicle crash,V1: Travelling straight ahead,V1: W,Snow,Daylight,Snow,0,0,31,4,TRUE,41.96305817,-71.30018574
3493,12/21/2004,December,Tuesday,10:15,2,2,1,0,Angle,V1: Travelling straight ahead / V2: Travelling straight ahead,V1: E  / V2: N,Dry,Daylight,Clear,0,0,31,4,TRUE,41.93524005,-71.27513601
3494,12/21/2004,December,Tuesday,11:57,1,2,0,0,Angle,V1: Travelling straight ahead / V2: Turning left,V1: E  / V2: S,Wet,Daylight,Clear,0,0,31,4,TRUE,41.91950946,-71.35982948
3495,12/21/2004,December,Tuesday,17:15,1,2,0,0,Rear-end,V1: 0 / V2: 0,V1: 0 / V2: E,Dry,Dark - lighted roadway,Cloudy,0,0,31,4,TRUE,34.24438675,-73.6513909
3496,12/21/2004,December,Tuesday,20:16,1,1,0,0,Single vehicle crash,V1: Travelling straight ahead,V1: W,Ice,Dark - lighted roadway,Cloudy,0,0,31,4,TRUE,41.93658248,-71.27812208
3497,12/21/2004,December,Tuesday,20:45,1,2,0,0,Rear-end,V1: Travelling straight ahead / V2: Travelling straight ahead,V1: S  / V2: S,Dry,Dark - lighted roadway,Clear,0,0,31,4,TRUE,34.24438675,-73.6513909
3498,12/22/2004,December,Wednesday,12:00,2,3,1,0,0,V1: Travelling straight ahead / V2: Entering traffic lane / V3: 0,V1: S  / V2: 0 / V3: 0,Dry,Daylight,Clear,0,0,50,17,TRUE,41.90697288,-71.36488171
3499,12/22/2004,December,Wednesday,12:29,2,3,4,0,Angle,V1: Travelling straight ahead / V2: Travelling straight ahead / V3: Travelling straight ahead,V1: W  / V2: S  / V3: N,Wet,Daylight,Clear,0,0,50,17,TRUE,41.93946861,-71.28168616
3500,12/22/2004,December,Wednesday,17:00,1,2,0,0,0,V1: Slowing or stopped in traffic / V2: Backing,V1: N  / V2: S,Dry,Dusk,Clear,0,0,50,17,TRUE,41.93520613,-71.34137773
3501,12/22/2004,December,Wednesday,18:20,1,2,0,0,Rear-end,V1: Travelling straight ahead / V2: Travelling straight ahead,V1: E  / V2: E,Wet,Daylight,Clear,0,0,50,17,TRUE,34.24438675,-73.6513909
3502,12/23/2004,December,Thursday,14:00,1,2,0,0,Rear-end,V1: Slowing or stopped in traffic / V2: Travelling straight ahead,V1: N  / V2: N,Dry,Daylight,Clear,0.96,0,61,33,FALSE,41.90231125,-71.35597671
3503,12/23/2004,December,Thursday,18:11,2,3,2,0,Head-on,V1: Overtaking/passing / V2: Entering traffic lane / V3: Slowing or stopped in traffic,V1: W  / V2: E  / V3: W,Wet,Dark - lighted roadway,Rain,0.96,0,61,33,FALSE,41.95077804,-71.27393366
3504,12/23/2004,December,Thursday,18:30,1,1,0,0,Single vehicle crash,V1: Travelling straight ahead,V1: E,Wet,Dark - lighted roadway,Cloudy,0.96,0,61,33,FALSE,41.92512499,-71.34876857
3505,12/23/2004,December,Thursday,18:42,0,2,0,0,Rear-end,V1: Slowing or stopped in traffic / V2: Travelling straight ahead,V1: E  / V2: E,Wet,Dark - lighted roadway,Rain,0.96,0,61,33,FALSE,41.96712418,-71.29097941
3506,12/23/2004,December,Thursday,19:25,2,2,2,0,Angle,V1: Turning left / V2: Travelling straight ahead,V1: W  / V2: N,Wet,Dark - lighted roadway,Rain,0.96,0,61,33,FALSE,41.91095873,-71.362842
3507,12/23/2004,December,Thursday,20:23,1,2,0,0,Rear-end,V1: Travelling straight ahead / V2: Slowing or stopped in traffic,V1: N  / V2: N,Wet,Dark - lighted roadway,Rain,0.96,0,61,33,FALSE,41.90682772,-71.35704387
3508,12/23/2004,December,Thursday,22:20,1,2,0,0,Rear-end,V1: Slowing or stopped in traffic / V2: Entering traffic lane,V1: N  / V2: N,Wet,Dark - lighted roadway,Cloudy,0.96,0,61,33,FALSE,41.91982212,-71.35857678
3509,12/24/2004,December,Friday,2:10,2,1,2,0,Single vehicle crash,V1: Travelling straight ahead,V1: E,Wet,Dark - lighted roadway,Cloudy,0.01,0,53,25,TRUE,41.93004047,-71.2971886
3510,12/24/2004,December,Friday,16:00,1,2,0,0,Rear-end,V1: Slowing or stopped in traffic / V2: Travelling straight ahead,V1: N  / V2: N,Dry,Dusk,Cloudy,0.01,0,53,25,TRUE,41.90231125,-71.35597671
3511,12/24/2004,December,Friday,17:15,1,2,0,0,Angle,V1: Turning left / V2: Travelling straight ahead,V1: 0 / V2: S,Dry,Dark - lighted roadway,Cloudy,0.01,0,53,25,TRUE,41.92508738,-71.35628348
3512,12/24/2004,December,Friday,20:00,2,2,1,0,Rear-end,V1: Travelling straight ahead / V2: Slowing or stopped in traffic,V1: S  / V2: S,Dry,Dark - lighted roadway,Cloudy/Rain,0.01,0,53,25,TRUE,41.89618753,-71.37039513