ID,DATE,Month,Day of week,Crash Time,Crash Severity,Number of Vehicles,Total Nonfatal Injuries,Total Fatal Injuries,Manner of Collision,Vehicle Action Prior to Crash,Vehicle Travel Directions,Road Surface Condition,Ambient Light,Weather Condition,PRCP,SNOW,TMAX,TMIN,Ice,Longtitute,Latitute
3513,12/24/2004,December,Friday,22:26,1,2,0,0,"Sideswipe, same direction",V1: Parked / V2: Travelling straight ahead,V1: E  / V2: E,Dry,Dark - lighted roadway,Clear,0.01,0,53,25,TRUE,41.91239073,-71.31144323
3514,12/24/2004,December,Friday,23:59,2,1,1,0,Single vehicle crash,V1: Entering traffic lane,V1: S,Dry,Dark - lighted roadway,Clear,0.01,0,53,25,TRUE,41.90227953,-71.35706286
3515,12/25/2004,December,Saturday,15:28,1,1,0,0,Single vehicle crash,V1: Travelling straight ahead,V1: S,Dry,Daylight,Clear,0,0,34,16,TRUE,41.9589661,-71.30200935
3516,12/26/2004,December,Sunday,10:17,2,2,2,0,Rear-end,V1: Travelling straight ahead / V2: Turning left,V1: W  / V2: W,Wet,Daylight,Snow,0.98,9.2,32,20,TRUE,41.95329818,-71.27835521
3517,12/26/2004,December,Sunday,13:06,1,2,0,0,Angle,V1: Travelling straight ahead / V2: Turning left,V1: N  / V2: E,Snow,Daylight,Snow,0.98,9.2,32,20,TRUE,41.96545307,-71.27164578
3518,12/26/2004,December,Sunday,13:40,1,1,0,0,Single vehicle crash,V1: Travelling straight ahead,V1: 0,Snow,Daylight,Snow,0.98,9.2,32,20,TRUE,41.91351245,-71.25828472
3519,12/26/2004,December,Sunday,14:38,2,1,1,0,Single vehicle crash,V1: Travelling straight ahead,V1: W,Ice,Daylight,Snow,0.98,9.2,32,20,TRUE,41.92202265,-71.26037862
3520,12/26/2004,December,Sunday,16:35,1,1,0,0,Single vehicle crash,V1: Travelling straight ahead,V1: S,Snow,Dark - 0 roadway lighting,Snow,0.98,9.2,32,20,TRUE,41.92449492,-71.32136924
3521,12/26/2004,December,Sunday,17:30,1,2,0,0,Single vehicle crash,V1: Travelling straight ahead / V2: Travelling straight ahead,V1: S  / V2: S,Snow,Dawn,Snow,0.98,9.2,32,20,TRUE,41.89841145,-71.37009489
3522,12/26/2004,December,Sunday,18:23,1,2,0,0,Head-on,V1: Travelling straight ahead / V2: Travelling straight ahead,V1: W  / V2: 0,Snow,Dark - lighted roadway,Snow,0.98,9.2,32,20,TRUE,41.95332544,-71.27853536
3523,12/27/2004,December,Monday,6:02,2,2,1,0,Rear-end,V1: Parked / V2: Travelling straight ahead,V1: N  / V2: N,Snow,Dawn,Snow,0.09,2.1,26,10,TRUE,34.24438675,-73.6513909
3524,12/27/2004,December,Monday,12:00,1,2,0,0,Rear-end,V1: Slowing or stopped in traffic / V2: Backing,V1: E  / V2: W,Snow,Daylight,Clear,0.09,2.1,26,10,TRUE,41.90634032,-71.37165055
3525,12/27/2004,December,Monday,12:00,1,3,0,0,Angle,V1: Travelling straight ahead / V2: 0 / V3: Travelling straight ahead,V1: S  / V2: E  / V3: W,Dry,Daylight,Clear,0.09,2.1,26,10,TRUE,41.90697288,-71.36488171
3526,12/27/2004,December,Monday,12:22,2,2,1,0,Rear-end,V1: Travelling straight ahead / V2: 0,V1: W  / V2: 0,Wet,Daylight,Clear,0.09,2.1,26,10,TRUE,34.24438675,-73.6513909
3527,12/27/2004,December,Monday,12:50,1,2,0,0,Rear-end,V1: Travelling straight ahead / V2: Entering traffic lane,V1: S  / V2: 0,Wet,Daylight,Clear,0.09,2.1,26,10,TRUE,41.9582408,-71.26958483
3528,12/27/2004,December,Monday,14:32,1,2,0,0,"Sideswipe, same direction",V1: Turning right / V2: Travelling straight ahead,V1: W  / V2: S,Wet,Daylight,Clear,0.09,2.1,26,10,TRUE,41.94430004,-71.28137659
3529,12/28/2004,December,Tuesday,13:10,1,2,0,0,Angle,V1: Entering traffic lane / V2: Travelling straight ahead,V1: N  / V2: E,Snow,Daylight,Cloudy,0,0,29,4,TRUE,41.93401619,-71.31514528
3530,12/28/2004,December,Tuesday,15:55,1,2,0,0,Rear-end,V1: Slowing or stopped in traffic / V2: Travelling straight ahead,V1: S  / V2: S,Wet,Daylight,Cloudy,0,0,29,4,TRUE,41.90261606,-71.35590689
3531,12/28/2004,December,Tuesday,19:32,1,2,0,0,Rear-end,V1: Slowing or stopped in traffic / V2: Travelling straight ahead,V1: N  / V2: N,Dry,Dark - lighted roadway,Clear,0,0,29,4,TRUE,34.24438675,-73.6513909
3532,12/29/2004,December,Wednesday,15:40,1,2,0,0,Rear-end,V1: Slowing or stopped in traffic / V2: Travelling straight ahead,V1: N  / V2: N,Dry,Daylight,Cloudy,0,0,43,25,TRUE,41.90230457,-71.36725828
3533,12/29/2004,December,Wednesday,16:45,2,2,1,0,"Sideswipe, opposite direction",V1: Travelling straight ahead / V2: Backing,V1: S  / V2: E,Dry,Daylight,Clear,0,0,43,25,TRUE,41.91982212,-71.35857678
3534,12/30/2004,December,Thursday,9:46,1,2,0,0,"Sideswipe, same direction",V1: Entering traffic lane / V2: Travelling straight ahead,V1: W  / V2: W,Slush,Daylight,Cloudy,0,0,40,21,TRUE,41.94093041,-71.27504097
3535,12/30/2004,December,Thursday,13:45,0,2,0,0,Rear-end,V1: Travelling straight ahead / V2: Slowing or stopped in traffic,V1: N  / V2: N,Dry,Daylight,Clear,0,0,40,21,TRUE,41.90235094,-71.35584139
3536,12/30/2004,December,Thursday,18:35,1,2,0,0,"Sideswipe, same direction",V1: Travelling straight ahead / V2: Entering traffic lane,V1: N  / V2: N,Dry,Dark - roadway not lighted,Clear,0,0,40,21,TRUE,41.956426,-71.30313034
3537,12/30/2004,December,Thursday,18:44,1,3,0,0,Rear-to-rear,V1: Travelling straight ahead / V2: Travelling straight ahead / V3: Travelling straight ahead,V1: N  / V2: N  / V3: N,Dry,Dark - lighted roadway,Clear,0,0,40,21,TRUE,34.24438675,-73.6513909
3538,12/31/2004,December,Friday,1:07,1,2,0,0,Angle,V1: Turning left / V2: Travelling straight ahead,V1: S  / V2: W,Wet,Dark - lighted roadway,Cloudy,0,0,46,20,TRUE,34.24438675,-73.6513909
3539,12/31/2004,December,Friday,15:40,1,2,0,0,Rear-end,V1: Slowing or stopped in traffic / V2: Slowing or stopped in traffic,V1: S  / V2: S,Wet,Daylight,Clear,0,0,46,20,TRUE,41.9207847,-71.3572417
3540,12/31/2004,December,Friday,18:53,1,2,0,0,Rear-end,V1: Travelling straight ahead / V2: Travelling straight ahead,V1: S  / V2: S,Wet,Dark - lighted roadway,Clear,0,0,46,20,TRUE,34.24438675,-73.6513909
3541,1/1/2005,January,Saturday,7:26,2,1,1,0,Single vehicle crash,V1: Travelling straight ahead,V1: S,Wet,Dawn,Clear,0,0,54,29,TRUE,41.91236138,-71.26789848
3542,1/1/2005,January,Saturday,17:46,1,2,0,0,Angle,V1: Turning left / V2: Travelling straight ahead,V1: N  / V2: S,Wet,Dark - lighted roadway,Cloudy,0,0,54,29,TRUE,41.94861042,-71.27758702
3543,1/2/2005,January,Sunday,6:20,1,2,0,0,Rear-end,V1: Slowing or stopped in traffic / V2: Travelling straight ahead,V1: N  / V2: N,Wet,Dark - roadway not lighted,Rain,0.04,0,42,24,TRUE,41.9551108,-71.30465266
3544,1/2/2005,January,Sunday,15:30,2,2,1,0,Angle,V1: Travelling straight ahead / V2: Travelling straight ahead,V1: S  / V2: W,Dry,Daylight,Cloudy,0.04,0,42,24,TRUE,41.89936174,-71.37852324
3545,1/3/2005,January,Monday,17:46,2,4,1,0,Angle,V1: Turning left / V2: Travelling straight ahead / V3: Travelling straight ahead / V4: Travelling straight ahead,V1: S  / V2: N  / V3: S  / V4: S,Wet,Dark - lighted roadway,Rain,0.26,0,55,42,FALSE,41.91653724,-71.36001753
3546,1/3/2005,January,Monday,18:17,1,2,0,0,Angle,V1: Travelling straight ahead / V2: Travelling straight ahead,V1: N  / V2: E,Wet,Dark - 0 roadway lighting,Rain,0.26,0,55,42,FALSE,41.89936174,-71.37852324
3547,1/4/2005,January,Tuesday,13:53,1,2,0,0,"Sideswipe, opposite direction",V1: Travelling straight ahead / V2: Travelling straight ahead,V1: W  / V2: S,Dry,Daylight,Clear,0.45,0,45,38,FALSE,41.94104078,-71.29346158
3548,1/4/2005,January,Tuesday,18:21,2,1,1,0,Single vehicle crash,V1: Travelling straight ahead,V1: S,Wet,Dark - lighted roadway,Clear,0.45,0,45,38,FALSE,41.90566863,-71.30019516
3549,1/5/2005,January,Wednesday,0:54,1,2,0,0,Rear-end,V1: Travelling straight ahead / V2: Travelling straight ahead,V1: N  / V2: N,Wet,Daylight,Cloudy,0.2,1.9,38,27,TRUE,41.93976913,-71.29072872
3550,1/6/2005,January,Thursday,7:13,2,2,2,0,Angle,V1: Turning left / V2: Travelling straight ahead,V1: N  / V2: S,Snow,Dawn,Snow,0.7,4.5,34,24,TRUE,34.24438675,-73.6513909
3551,1/6/2005,January,Thursday,7:20,1,1,0,0,Single vehicle crash,V1: Travelling straight ahead,V1: N,Snow,Daylight,Snow,0.7,4.5,34,24,TRUE,41.96796847,-71.25752769
3552,1/6/2005,January,Thursday,10:18,2,2,1,0,Angle,V1: Travelling straight ahead / V2: Travelling straight ahead,V1: N  / V2: S,Ice,Daylight,Snow,0.7,4.5,34,24,TRUE,41.9527334,-71.29440119
3553,1/6/2005,January,Thursday,11:09,1,1,0,0,Single vehicle crash,V1: Travelling straight ahead,V1: S,Slush,Daylight,Snow,0.7,4.5,34,24,TRUE,41.91300851,-71.3405542
3554,1/7/2005,January,Friday,3:15,0,2,0,0,Rear-end,V1: Slowing or stopped in traffic / V2: Slowing or stopped in traffic,V1: E  / V2: E,Dry,Daylight,Clear,0,0,38,25,TRUE,41.89903243,-71.355186
3555,1/7/2005,January,Friday,13:52,1,1,0,0,Single vehicle crash,V1: Travelling straight ahead,V1: W,Wet,Daylight,Cloudy,0,0,38,25,TRUE,41.93739289,-71.3219893
3556,1/7/2005,January,Friday,14:08,1,2,0,0,Rear-end,V1: Travelling straight ahead / V2: Changing lanes,V1: S  / V2: S,Dry,Daylight,Clear,0,0,38,25,TRUE,34.24438675,-73.6513909
3557,1/7/2005,January,Friday,14:40,2,2,1,0,Rear-end,V1: Slowing or stopped in traffic / V2: Travelling straight ahead,V1: S  / V2: S,Wet,Daylight,Clear,0,0,38,25,TRUE,41.94732773,-71.28796118
3558,1/8/2005,January,Saturday,18:56,1,2,0,0,Rear-end,V1: Travelling straight ahead / V2: Turning left,V1: E  / V2: E,Snow,Dark - lighted roadway,Snow,0.84,0,33,25,TRUE,41.92001474,-71.35778862
3559,1/8/2005,January,Saturday,21:15,2,1,1,0,Single vehicle crash,V1: Travelling straight ahead,V1: N,Ice,Dark - lighted roadway,Clear,0.84,0,33,25,TRUE,41.95517972,-71.30390129
3560,1/9/2005,January,Sunday,1:25,0,2,0,0,Rear-end,V1: Slowing or stopped in traffic / V2: Slowing or stopped in traffic,V1: N  / V2: N,Dry,Daylight,Clear,0,0,33,25,TRUE,41.94245198,-71.28698244
3561,1/9/2005,January,Sunday,1:25,1,5,0,0,0,V1: Slowing or stopped in traffic / V2: Slowing or stopped in traffic / V3: Slowing or stopped in traffic / V4: Slowing or stopped in traffic / V5: Slowing or stopped in traffic,V1: W  / V2: 0 / V3: E  / V4: E  / V5: 0,Wet,Daylight,Clear,0,0,33,25,TRUE,41.94430004,-71.28137659
3562,1/9/2005,January,Sunday,18:05,2,3,3,0,Angle,V1: Travelling straight ahead / V2: Travelling straight ahead / V3: Travelling straight ahead,V1: S  / V2: S  / V3: S,Dry,Dark - lighted roadway,Cloudy,0,0,33,25,TRUE,41.90138084,-71.36773033
3563,1/10/2005,January,Monday,1:28,2,1,1,0,Single vehicle crash,V1: Travelling straight ahead,V1: S,Wet,Dark - lighted roadway,Cloudy,0,0,42,30,TRUE,41.90648053,-71.33665741
3564,1/10/2005,January,Monday,7:24,1,1,0,0,0,V1: Turning left,V1: W,Wet,Daylight,Cloudy,0,0,42,30,TRUE,41.94245198,-71.28698244
3565,1/10/2005,January,Monday,12:59,2,1,1,0,Single vehicle crash,V1: Leaving traffic lane,V1: S,Wet,Daylight,Cloudy,0,0,42,30,TRUE,41.9590626,-71.30194545
3566,1/10/2005,January,Monday,16:24,1,2,0,0,Angle,V1: Entering traffic lane / V2: Travelling straight ahead,V1: E  / V2: S,Wet,Dusk,Clear,0,0,42,30,TRUE,41.91035947,-71.36314658
3567,1/11/2005,January,Tuesday,2:31,2,1,2,0,Single vehicle crash,V1: Travelling straight ahead,V1: N,Snow,Dark - lighted roadway,Snow,0.14,1.5,35,28,TRUE,41.90318959,-71.30465327
3568,1/11/2005,January,Tuesday,4:00,1,1,0,0,Single vehicle crash,V1: Travelling straight ahead,V1: N,Snow,Dark - lighted roadway,Cloudy,0.14,1.5,35,28,TRUE,41.91682908,-71.36317762
3569,1/11/2005,January,Tuesday,8:16,1,1,0,0,Single vehicle crash,V1: Travelling straight ahead,V1: N,Dry,Daylight,Clear,0.14,1.5,35,28,TRUE,41.92248592,-71.25904
3570,1/11/2005,January,Tuesday,12:30,1,2,0,0,Angle,V1: Turning right / V2: Travelling straight ahead,V1: E  / V2: E,Dry,Daylight,Cloudy,0.14,1.5,35,28,TRUE,41.9483337,-71.27794679
3571,1/11/2005,January,Tuesday,17:00,1,2,0,0,Angle,V1: Entering traffic lane / V2: Travelling straight ahead,V1: S  / V2: E,Wet,Dusk,Snow,0.14,1.5,35,28,TRUE,34.24438675,-73.6513909
3572,1/11/2005,January,Tuesday,21:40,2,2,1,0,Head-on,V1: Turning left / V2: Travelling straight ahead,V1: N  / V2: S,Wet,Dark - lighted roadway,Snow,0.14,1.5,35,28,TRUE,41.90086769,-71.36799095
3573,1/11/2005,January,Tuesday,22:00,1,1,0,0,Single vehicle crash,V1: Travelling straight ahead,V1: N,Snow,Dark - roadway not lighted,Snow,0.14,1.5,35,28,TRUE,41.93405012,-71.31579284
3574,1/12/2005,January,Wednesday,11:38,1,2,0,0,Angle,V1: Turning left / V2: Travelling straight ahead,V1: N  / V2: S,Wet,Daylight,Snow,0.29,2.2,37,28,TRUE,41.91723587,-71.37241026
3575,1/12/2005,January,Wednesday,12:41,1,1,0,0,Single vehicle crash,V1: Travelling straight ahead,V1: N,Wet,Daylight,Snow,0.29,2.2,37,28,TRUE,41.92706002,-71.30611655
3576,1/12/2005,January,Wednesday,15:09,2,2,1,0,Rear-end,V1: Slowing or stopped in traffic / V2: Travelling straight ahead,V1: E  / V2: E,Wet,Daylight,Cloudy/Rain,0.29,2.2,37,28,TRUE,41.92804233,-71.30455481
3577,1/12/2005,January,Wednesday,16:45,2,3,1,0,Rear-end,V1: Travelling straight ahead / V2: Slowing or stopped in traffic / V3: Slowing or stopped in traffic,V1: N  / V2: N  / V3: N,Wet,Dark - lighted roadway,Cloudy/Rain,0.29,2.2,37,28,TRUE,41.92644259,-71.35554103
3578,1/13/2005,January,Thursday,17:10,1,2,0,0,Angle,V1: Turning right / V2: Slowing or stopped in traffic,V1: E  / V2: N,Wet,Dark - roadway not lighted,Fog,0,0,57,32,TRUE,41.89947309,-71.35794409
3579,1/13/2005,January,Thursday,18:15,1,2,0,0,Rear-end,V1: Travelling straight ahead / V2: Travelling straight ahead,V1: E  / V2: 0,Wet,Dark - lighted roadway,Fog,0,0,57,32,TRUE,34.24438675,-73.6513909
3580,1/14/2005,January,Friday,1:30,2,3,1,0,Angle,V1: Entering traffic lane / V2: Slowing or stopped in traffic / V3: Travelling straight ahead,V1: W  / V2: E  / V3: S,Dry,Daylight,Cloudy,0.71,0,60,32,TRUE,41.90697288,-71.36488171
3581,1/14/2005,January,Friday,6:59,1,2,0,0,Angle,V1: Travelling straight ahead / V2: Travelling straight ahead,V1: N  / V2: W,Wet,Dawn,Rain,0.71,0,60,32,TRUE,41.93996104,-71.2724871
3582,1/14/2005,January,Friday,11:49,2,2,1,0,Rear-end,V1: Slowing or stopped in traffic / V2: Slowing or stopped in traffic,V1: S  / V2: S,Wet,Daylight,Rain,0.71,0,60,32,TRUE,41.90257689,-71.3560405
3583,1/14/2005,January,Friday,17:28,2,2,1,0,Angle,V1: Turning left / V2: Travelling straight ahead,V1: N  / V2: S,Dry,Dark - lighted roadway,Cloudy,0.71,0,60,32,TRUE,41.90697288,-71.36488171
3584,1/14/2005,January,Friday,18:45,1,2,0,0,Angle,V1: Turning right / V2: Turning left,V1: 0 / V2: N,Wet,Dark - lighted roadway,Cloudy,0.71,0,60,32,TRUE,41.92508738,-71.35628348
3585,1/15/2005,January,Saturday,8:28,1,2,0,0,Angle,V1: Turning left / V2: Travelling straight ahead,V1: S  / V2: N,Dry,Daylight,Clear,0,0,32,22,TRUE,34.24438675,-73.6513909
3586,1/15/2005,January,Saturday,10:45,1,2,0,0,Angle,V1: Slowing or stopped in traffic / V2: Backing,V1: E  / V2: N,Dry,Daylight,Clear,0,0,32,22,TRUE,41.90882151,-71.3639387
3587,1/15/2005,January,Saturday,16:54,1,2,0,0,Rear-end,V1: Slowing or stopped in traffic / V2: Slowing or stopped in traffic,V1: E  / V2: E,Dry,Dark - lighted roadway,Cloudy,0,0,32,22,TRUE,41.94430004,-71.28137659
3588,1/16/2005,January,Sunday,3:46,2,1,1,0,"Sideswipe, opposite direction",V1: Travelling straight ahead,V1: E,Dry,Dark - lighted roadway,Clear,0.1,0.9,32,20,TRUE,41.93438347,-71.26169886
3589,1/16/2005,January,Sunday,8:40,0,1,0,0,Single vehicle crash,V1: Travelling straight ahead,V1: E,Snow,Dark - lighted roadway,Fog,0.1,0.9,32,20,TRUE,41.95391955,-71.28247029
3590,1/16/2005,January,Sunday,18:47,2,2,1,0,Rear-end,V1: Slowing or stopped in traffic / V2: Travelling straight ahead,V1: W  / V2: W,Ice,Dark - lighted roadway,Snow,0.1,0.9,32,20,TRUE,41.9483337,-71.27794679
3591,1/16/2005,January,Sunday,21:30,0,3,0,0,Rear-end,V1: Travelling straight ahead / V2: Travelling straight ahead / V3: Travelling straight ahead,V1: N  / V2: N  / V3: N,Snow,Dark - lighted roadway,Snow,0.1,0.9,32,20,TRUE,34.24438675,-73.6513909
3592,1/16/2005,January,Sunday,21:30,1,2,0,0,Rear-end,V1: Slowing or stopped in traffic / V2: Travelling straight ahead,V1: N  / V2: N,Ice,Dark - lighted roadway,Snow,0.1,0.9,32,20,TRUE,41.9483337,-71.27794679
3593,1/16/2005,January,Sunday,23:00,2,1,1,0,"Sideswipe, same direction",V1: Travelling straight ahead,V1: N,Snow,Dark - lighted roadway,Snow,0.1,0.9,32,20,TRUE,41.91251228,-71.26694297
3594,1/17/2005,January,Monday,6:50,2,2,1,0,Angle,V1: Travelling straight ahead / V2: Travelling straight ahead,V1: W  / V2: N,Dry,Dark - lighted roadway,Clear,0.05,0.7,28,12,TRUE,41.94104078,-71.29346158
3595,1/17/2005,January,Monday,18:46,1,2,0,0,Angle,V1: Travelling straight ahead / V2: 0,V1: W  / V2: 0,Ice,Dark - lighted roadway,Clear,0.05,0.7,28,12,TRUE,34.24438675,-73.6513909
3596,1/18/2005,January,Tuesday,7:30,1,2,0,0,0,V1: Slowing or stopped in traffic / V2: Slowing or stopped in traffic,V1: N  / V2: N,Dry,Daylight,Clear,0,0,14,2,TRUE,41.94450501,-71.28411703
3597,1/18/2005,January,Tuesday,11:53,1,2,0,0,Rear-end,V1: Travelling straight ahead / V2: Travelling straight ahead,V1: S  / V2: S,Dry,Daylight,Snow,0,0,14,2,TRUE,41.94245198,-71.28698244
3598,1/18/2005,January,Tuesday,12:03,1,2,0,0,Angle,V1: Turning right / V2: Turning right,V1: S  / V2: W,Dry,Daylight,Clear,0,0,14,2,TRUE,41.91234905,-71.26795681
3599,1/18/2005,January,Tuesday,21:05,1,3,0,0,Rear-end,V1: Travelling straight ahead / V2: Travelling straight ahead / V3: Travelling straight ahead,V1: E  / V2: E  / V3: 0,Dry,Dark - lighted roadway,Clear,0,0,14,2,TRUE,41.94245198,-71.28698244
3600,1/19/2005,January,Wednesday,7:16,2,2,2,0,Angle,V1: Turning left / V2: Travelling straight ahead,V1: S  / V2: W,Dry,Daylight,Clear,0.13,3.3,27,-2,TRUE,41.9348634,-71.29887283
3601,1/19/2005,January,Wednesday,12:59,1,1,0,0,"Sideswipe, opposite direction",V1: Turning right,V1: N,Snow,Daylight,Snow,0.13,3.3,27,-2,TRUE,41.9483337,-71.27794679
3602,1/19/2005,January,Wednesday,16:00,2,2,1,0,Angle,V1: Turning left / V2: Travelling straight ahead,V1: W  / V2: E,Wet,Daylight,Snow,0.13,3.3,27,-2,TRUE,41.90941911,-71.36738188
3603,1/19/2005,January,Wednesday,20:52,2,1,1,0,Single vehicle crash,V1: Travelling straight ahead,V1: E,Wet,Dark - lighted roadway,Snow,0.13,3.3,27,-2,TRUE,34.24438675,-73.6513909
3604,1/19/2005,January,Wednesday,21:14,1,1,0,0,Single vehicle crash,V1: Travelling straight ahead,V1: S,Snow,Dark - lighted roadway,Snow,0.13,3.3,27,-2,TRUE,41.91456201,-71.2578273
3605,1/20/2005,January,Thursday,0:33,1,1,0,0,Single vehicle crash,V1: Travelling straight ahead,V1: N,Dry,Dark - lighted roadway,Snow,0.05,0.9,30,15,TRUE,41.91233965,-71.31175203
3606,1/20/2005,January,Thursday,7:01,0,1,0,0,Single vehicle crash,V1: Travelling straight ahead,V1: S,Snow,Dawn,Clear,0.05,0.9,30,15,TRUE,41.91747831,-71.3052108
3607,1/20/2005,January,Thursday,8:40,1,2,0,0,Angle,V1: Travelling straight ahead / V2: Travelling straight ahead,V1: S  / V2: S,Snow,Daylight,Clear,0.05,0.9,30,15,TRUE,41.937923,-71.33128418
3608,1/20/2005,January,Thursday,8:45,1,2,0,0,Angle,V1: Travelling straight ahead / V2: Backing,V1: W  / V2: S,Snow,Daylight,Clear,0.05,0.9,30,15,TRUE,41.9125913,-71.27082923
3609,1/20/2005,January,Thursday,21:23,1,1,0,0,Single vehicle crash,V1: Travelling straight ahead,V1: W,Snow,Dark - lighted roadway,Clear,0.05,0.9,30,15,TRUE,41.91729698,-71.26712641
3610,1/20/2005,January,Thursday,21:56,1,1,0,0,Single vehicle crash,V1: Travelling straight ahead,V1: S,Ice,Dark - roadway not lighted,Clear,0.05,0.9,30,15,TRUE,34.24438675,-73.6513909
3611,1/21/2005,January,Friday,7:57,2,2,1,0,Angle,V1: Turning left / V2: Travelling straight ahead,V1: W  / V2: N,Dry,Daylight,Clear,0,0,15,-2,TRUE,41.89733197,-71.36979234
3612,1/21/2005,January,Friday,15:13,1,3,0,0,Angle,V1: Travelling straight ahead / V2: Travelling straight ahead / V3: Travelling straight ahead,V1: E  / V2: W  / V3: W,Dry,Daylight,Clear,0,0,15,-2,TRUE,34.24438675,-73.6513909
3613,1/21/2005,January,Friday,18:12,1,2,0,0,Head-on,V1: Turning left / V2: Turning left,V1: E  / V2: W,Dry,Dark - lighted roadway,Clear,0,0,15,-2,TRUE,41.94213878,-71.28262423
3614,1/22/2005,January,Saturday,14:33,1,2,0,0,Rear-to-rear,V1: Travelling straight ahead / V2: Slowing or stopped in traffic,V1: N  / V2: N,Dry,Daylight,Cloudy,0.68,8.3,26,-9,TRUE,41.92481608,-71.35640204
3615,1/22/2005,January,Saturday,14:49,2,2,1,0,Angle,V1: Entering traffic lane / V2: Travelling straight ahead,V1: S  / V2: W,Dry,Daylight,Clear,0.68,8.3,26,-9,TRUE,34.24438675,-73.6513909
3616,1/22/2005,January,Saturday,18:30,2,2,1,0,Angle,V1: Travelling straight ahead / V2: Travelling straight ahead,V1: N  / V2: N,Snow,Dark - roadway not lighted,Snow,0.68,8.3,26,-9,TRUE,41.92969804,-71.32243362
3617,1/22/2005,January,Saturday,20:53,1,2,0,0,Angle,V1: Travelling straight ahead / V2: Travelling straight ahead,V1: S  / V2: S,Snow,Dark - lighted roadway,Snow,0.68,8.3,26,-9,TRUE,41.90863472,-71.35760457
3618,1/23/2005,January,Sunday,4:00,2,2,1,0,Angle,V1: Turning left / V2: Travelling straight ahead,V1: W  / V2: W,Snow,Daylight,Snow,1.11,9.7,27,9,TRUE,41.95329527,-71.27833478
3619,1/23/2005,January,Sunday,4:30,1,1,0,0,Single vehicle crash,V1: 0,V1: N,Snow,Daylight,Snow,1.11,9.7,27,9,TRUE,41.93409173,-71.31894301
3620,1/23/2005,January,Sunday,9:05,1,2,0,0,Angle,V1: Slowing or stopped in traffic / V2: Travelling straight ahead,V1: W  / V2: S,Snow,Daylight,Cloudy,1.11,9.7,27,9,TRUE,41.91816133,-71.25763887
3621,1/23/2005,January,Sunday,9:15,1,2,0,0,Angle,V1: Turning right / V2: Travelling straight ahead,V1: S  / V2: S,Snow,Daylight,Snow,1.11,9.7,27,9,TRUE,41.93058727,-71.35318659
3622,1/23/2005,January,Sunday,11:53,1,1,0,0,Single vehicle crash,V1: Travelling straight ahead,V1: E,Snow,Daylight,Snow,1.11,9.7,27,9,TRUE,41.93519151,-71.32895367
3623,1/23/2005,January,Sunday,15:47,1,2,0,0,Angle,V1: Backing / V2: Travelling straight ahead,V1: W  / V2: N,Ice,Daylight,Snow,1.11,9.7,27,9,TRUE,41.94049862,-71.2845758
3624,1/23/2005,January,Sunday,18:15,0,2,0,0,0,V1: Parked / V2: Parked,V1: E  / V2: 0,Snow,Dark - lighted roadway,Snow,1.11,9.7,27,9,TRUE,41.92241545,-71.31336866
3625,1/24/2005,January,Monday,3:30,1,1,0,0,Single vehicle crash,V1: Travelling straight ahead,V1: W,Ice,Dark - lighted roadway,Clear,0,0,22,0,TRUE,34.24438675,-73.6513909
3626,1/24/2005,January,Monday,15:45,1,2,0,0,Single vehicle crash,V1: Travelling straight ahead / V2: Slowing or stopped in traffic,V1: S  / V2: S,Wet,Daylight,Clear,0,0,22,0,TRUE,34.24438675,-73.6513909
3627,1/24/2005,January,Monday,17:55,0,2,0,0,0,V1: Travelling straight ahead / V2: Travelling straight ahead,V1: W  / V2: N,Dry,Dark - lighted roadway,Snow,0,0,22,0,TRUE,41.92901601,-71.30326246
3628,1/25/2005,January,Tuesday,9:31,1,2,0,0,Rear-end,V1: Travelling straight ahead / V2: Travelling straight ahead,V1: N  / V2: E,Wet,Daylight,Clear,0,0,27,11,TRUE,41.92014284,-71.35719783
3629,1/25/2005,January,Tuesday,14:05,2,1,1,0,Single vehicle crash,V1: Turning right,V1: W,Wet,Daylight,Cloudy,0,0,27,11,TRUE,41.90537466,-71.35659739
3630,1/25/2005,January,Tuesday,16:28,1,2,0,0,Angle,V1: Entering traffic lane / V2: Travelling straight ahead,V1: S  / V2: W,Dry,Daylight,Clear,0,0,27,11,TRUE,41.94649144,-71.28774399
3631,1/25/2005,January,Tuesday,22:30,1,2,0,0,"Sideswipe, opposite direction",V1: Parked / V2: 0,V1: N  / V2: 0,Wet,Dark - lighted roadway,Clear,0,0,27,11,TRUE,41.89581483,-71.36860406
3632,1/26/2005,January,Wednesday,0:45,1,1,0,0,Single vehicle crash,V1: Leaving traffic lane,V1: N,Dry,Dark - roadway not lighted,Cloudy,0.25,3.7,29,16,TRUE,34.24438675,-73.6513909
3633,1/26/2005,January,Wednesday,7:59,1,2,0,0,Head-on,V1: Travelling straight ahead / V2: 0,V1: S  / V2: N,Snow,Daylight,Snow,0.25,3.7,29,16,TRUE,41.94758208,-71.27687472
3634,1/26/2005,January,Wednesday,8:32,1,2,0,0,Rear-end,V1: Travelling straight ahead / V2: Travelling straight ahead,V1: N  / V2: N,Snow,Daylight,Snow,0.25,3.7,29,16,TRUE,41.92809659,-71.35436768
3635,1/26/2005,January,Wednesday,12:30,1,1,0,0,Single vehicle crash,V1: Travelling straight ahead,V1: W,Snow,Daylight,Snow,0.25,3.7,29,16,TRUE,41.95305339,-71.27718856