ID,DATE,Month,Day of week,Crash Time,Crash Severity,Number of Vehicles,Total Nonfatal Injuries,Total Fatal Injuries,Manner of Collision,Vehicle Action Prior to Crash,Vehicle Travel Directions,Road Surface Condition,Ambient Light,Weather Condition,PRCP,SNOW,TMAX,TMIN,Ice,Longtitute,Latitute
3636,1/26/2005,January,Wednesday,12:45,1,2,0,0,Angle,V1: Travelling straight ahead / V2: Turning right,V1: 0 / V2: 0,Dry,Daylight,Clear,0.25,3.7,29,16,TRUE,41.94455651,-71.28030791
3637,1/26/2005,January,Wednesday,14:30,1,2,0,0,Angle,V1: Travelling straight ahead / V2: Backing,V1: N  / V2: 0,Wet,Daylight,Snow,0.25,3.7,29,16,TRUE,41.96599073,-71.29284213
3638,1/27/2005,January,Thursday,0:45,1,2,0,0,Angle,V1: Travelling straight ahead / V2: Slowing or stopped in traffic,V1: E  / V2: S,Slush,Dark - lighted roadway,Snow,0.02,0.4,17,3,TRUE,41.93401031,-71.31414519
3639,1/27/2005,January,Thursday,13:40,2,2,1,0,Angle,V1: Turning left / V2: Travelling straight ahead,V1: S  / V2: N,Wet,Daylight,Clear,0.02,0.4,17,3,TRUE,41.92508738,-71.35628348
3640,1/27/2005,January,Thursday,14:20,1,2,0,0,Rear-end,V1: Slowing or stopped in traffic / V2: Slowing or stopped in traffic,V1: E  / V2: N,Snow,Daylight,Clear,0.02,0.4,17,3,TRUE,41.94079942,-71.29536977
3641,1/27/2005,January,Thursday,15:35,1,2,0,0,Angle,V1: Turning right / V2: Turning left,V1: N  / V2: S,Dry,Daylight,Clear,0.02,0.4,17,3,TRUE,41.95428602,-71.28497548
3642,1/27/2005,January,Thursday,17:30,1,2,0,0,Rear-end,V1: Slowing or stopped in traffic / V2: Travelling straight ahead,V1: S  / V2: S,Snow,Dusk,Clear,0.02,0.4,17,3,TRUE,34.24438675,-73.6513909
3643,1/27/2005,January,Thursday,17:34,1,4,0,0,Rear-end,V1: Travelling straight ahead / V2: Slowing or stopped in traffic / V3: Slowing or stopped in traffic / V4: Slowing or stopped in traffic,V1: N  / V2: N  / V3: N  / V4: N,Ice,Dark - lighted roadway,Clear,0.02,0.4,17,3,TRUE,41.93568596,-71.28485488
3644,1/27/2005,January,Thursday,20:35,1,2,0,0,"Sideswipe, same direction",V1: Overtaking/passing / V2: Turning right,V1: N  / V2: N,Wet,Dark - lighted roadway,Clear,0.02,0.4,17,3,TRUE,41.89972563,-71.35520786
3645,1/28/2005,January,Friday,4:59,1,2,0,0,Angle,V1: Turning right / V2: Slowing or stopped in traffic,V1: W  / V2: S,Wet,Dusk,Cloudy,0,0,22,-1,TRUE,41.90588782,-71.37669559
3646,1/28/2005,January,Friday,7:10,2,2,1,0,Rear-end,V1: Slowing or stopped in traffic / V2: Travelling straight ahead,V1: E  / V2: E,Snow,Daylight,Snow,0,0,22,-1,TRUE,41.95412511,-71.26145837
3647,1/28/2005,January,Friday,7:38,2,1,1,0,Single vehicle crash,V1: Travelling straight ahead,V1: N,Dry,Daylight,Clear,0,0,22,-1,TRUE,41.92969804,-71.32243362
3648,1/28/2005,January,Friday,10:20,1,2,0,0,Rear-end,V1: Slowing or stopped in traffic / V2: Slowing or stopped in traffic,V1: W  / V2: W,Snow,Daylight,Clear,0,0,22,-1,TRUE,41.95410074,-71.26056496
3649,1/28/2005,January,Friday,16:15,0,2,0,0,Angle,V1: 0 / V2: 0,V1: 0 / V2: 0,Snow,Daylight,Snow,0,0,22,-1,TRUE,41.95329527,-71.27833478
3650,1/28/2005,January,Friday,19:40,1,2,0,0,Head-on,V1: Travelling straight ahead / V2: Parked,V1: N  / V2: 0,Snow,Dark - lighted roadway,Clear,0,0,22,-1,TRUE,41.90020869,-71.37404701
3651,1/28/2005,January,Friday,22:24,1,2,0,0,Rear-end,V1: Travelling straight ahead / V2: Travelling straight ahead,V1: 0 / V2: 0,Snow,Dark - roadway not lighted,Clear,0,0,22,-1,TRUE,41.90568969,-71.35038539
3652,1/29/2005,January,Saturday,8:35,1,1,0,0,Single vehicle crash,V1: Travelling straight ahead,V1: N,Dry,Daylight,Clear,0,0,37,-6,TRUE,34.24438675,-73.6513909
3653,1/30/2005,January,Sunday,12:21,1,2,0,0,"Sideswipe, same direction",V1: Travelling straight ahead / V2: Travelling straight ahead,V1: N  / V2: N,Dry,Daylight,Clear,0,0,39,19,TRUE,41.92298399,-71.3572054
3654,1/31/2005,January,Monday,3:15,1,2,0,0,Head-on,V1: 0 / V2: Travelling straight ahead,V1: 0 / V2: 0,Dry,Daylight,Clear,0,0,31,9,TRUE,41.91808173,-71.25152522
3655,1/31/2005,January,Monday,8:30,2,2,1,0,Rear-end,V1: Turning left / V2: 0,V1: N  / V2: N,Ice,Daylight,Clear,0,0,31,9,TRUE,41.93624398,-71.26400311
3656,1/31/2005,January,Monday,14:32,1,2,0,0,Rear-end,V1: Travelling straight ahead / V2: Turning right,V1: N  / V2: N,Dry,Daylight,Clear,0,0,31,9,TRUE,41.90926187,-71.3637103
3657,1/31/2005,January,Monday,19:45,2,2,1,0,Angle,V1: Turning right / V2: Travelling straight ahead,V1: W  / V2: N,Dry,Dark - lighted roadway,Clear,0,0,31,9,TRUE,41.89733197,-71.36979234
3658,2/1/2005,February,Tuesday,7:13,1,2,0,0,Single vehicle crash,V1: Turning left / V2: Travelling straight ahead,V1: S  / V2: W,Wet,Daylight,Clear,0,0,41,4,TRUE,41.9348634,-71.29887283
3659,2/1/2005,February,Tuesday,8:15,1,3,0,0,Angle,V1: Slowing or stopped in traffic / V2: Turning left / V3: Travelling straight ahead,V1: S  / V2: N  / V3: W,Dry,Daylight,Clear,0,0,41,4,TRUE,41.93405012,-71.31579284
3660,2/1/2005,February,Tuesday,8:20,1,3,0,0,Rear-end,V1: Slowing or stopped in traffic / V2: Slowing or stopped in traffic / V3: Travelling straight ahead,V1: W  / V2: 0 / V3: W,Dry,Daylight,Clear,0,0,41,4,TRUE,41.93398011,-71.31150783
3661,2/1/2005,February,Tuesday,12:00,1,2,0,0,Rear-end,V1: Slowing or stopped in traffic / V2: Travelling straight ahead,V1: W  / V2: W,0,Daylight,Clear,0,0,41,4,TRUE,41.92614915,-71.34628794
3662,2/1/2005,February,Tuesday,14:23,1,2,0,0,Rear-end,V1: 0 / V2: 0,V1: S  / V2: 0,Dry,Daylight,Clear,0,0,41,4,TRUE,41.90666307,-71.36183803
3663,2/1/2005,February,Tuesday,15:45,1,2,0,0,Angle,V1: Travelling straight ahead / V2: Turning left,V1: N  / V2: W,Dry,Daylight,Clear,0,0,41,4,TRUE,41.9404815,-71.28139686
3664,2/1/2005,February,Tuesday,21:29,1,2,0,0,"Sideswipe, same direction",V1: Entering traffic lane / V2: Travelling straight ahead,V1: E  / V2: E,Wet,Dark - lighted roadway,Clear,0,0,41,4,TRUE,41.94175248,-71.28009936
3665,2/2/2005,February,Wednesday,6:50,1,2,0,0,Angle,V1: Turning left / V2: Travelling straight ahead,V1: E  / V2: S,Dry,Daylight,Clear,0,0,39,6,TRUE,41.91649569,-71.30362942
3666,2/2/2005,February,Wednesday,7:55,1,1,0,0,Single vehicle crash,V1: Travelling straight ahead,V1: E,Snow,Daylight,Cloudy,0,0,39,6,TRUE,41.93397921,-71.30659863
3667,2/2/2005,February,Wednesday,8:00,1,2,0,0,Rear-end,V1: Travelling straight ahead / V2: Slowing or stopped in traffic,V1: E  / V2: E,Dry,Daylight,Clear,0,0,39,6,TRUE,41.94274018,-71.28432859
3668,2/2/2005,February,Wednesday,8:28,1,2,0,0,"Sideswipe, opposite direction",V1: Travelling straight ahead / V2: Travelling straight ahead,V1: W  / V2: E,Dry,Daylight,Clear,0,0,39,6,TRUE,34.24438675,-73.6513909
3669,2/2/2005,February,Wednesday,9:04,1,3,0,0,Rear-end,V1: Slowing or stopped in traffic / V2: Slowing or stopped in traffic / V3: Slowing or stopped in traffic,V1: E  / V2: E  / V3: E,Wet,Daylight,Clear,0,0,39,6,TRUE,34.24438675,-73.6513909
3670,2/2/2005,February,Wednesday,11:05,1,2,0,0,Rear-end,V1: Travelling straight ahead / V2: 0,V1: N  / V2: E,Wet,Daylight,Clear,0,0,39,6,TRUE,34.24438675,-73.6513909
3671,2/2/2005,February,Wednesday,11:49,2,2,1,0,Angle,V1: Turning left / V2: Travelling straight ahead,V1: N  / V2: S,Wet,Daylight,Clear,0,0,39,6,TRUE,41.93438347,-71.26169886
3672,2/2/2005,February,Wednesday,11:55,1,2,0,0,Angle,V1: Travelling straight ahead / V2: Travelling straight ahead,V1: S  / V2: E,Dry,Daylight,Clear,0,0,39,6,TRUE,41.90641838,-71.37557593
3673,2/2/2005,February,Wednesday,15:00,2,4,1,0,0,V1: Travelling straight ahead / V2: Travelling straight ahead / V3: Slowing or stopped in traffic / V4: Slowing or stopped in traffic,V1: W  / V2: N  / V3: E  / V4: E,Dry,Daylight,Clear,0,0,39,6,TRUE,41.94245198,-71.28698244
3674,2/2/2005,February,Wednesday,22:41,1,1,0,0,Single vehicle crash,V1: Turning left,V1: N,Wet,Dark - lighted roadway,Clear,0,0,39,6,TRUE,34.24438675,-73.6513909
3675,2/3/2005,February,Thursday,7:08,1,2,0,0,Angle,V1: Travelling straight ahead / V2: 0,V1: W  / V2: N,Snow,Daylight,Cloudy,0.28,0,37,19,TRUE,41.93806227,-71.29125944
3676,2/3/2005,February,Thursday,7:23,1,2,0,0,Head-on,V1: Overtaking/passing / V2: Travelling straight ahead,V1: N  / V2: S,Wet,Daylight,Cloudy,0.28,0,37,19,TRUE,34.24438675,-73.6513909
3677,2/3/2005,February,Thursday,7:47,1,2,0,0,Angle,V1: Turning left / V2: Travelling straight ahead,V1: W  / V2: N,Wet,Daylight,Cloudy,0.28,0,37,19,TRUE,41.94066438,-71.28948653
3678,2/3/2005,February,Thursday,7:47,2,2,1,0,"Sideswipe, same direction",V1: Travelling straight ahead / V2: Travelling straight ahead,V1: N  / V2: N,Wet,Daylight,Rain,0.28,0,37,19,TRUE,41.956426,-71.30313034
3679,2/3/2005,February,Thursday,14:44,1,2,0,0,Angle,V1: Travelling straight ahead / V2: Travelling straight ahead,V1: N  / V2: E,Wet,Daylight,Cloudy,0.28,0,37,19,TRUE,41.92716895,-71.29232069
3680,2/3/2005,February,Thursday,14:55,1,2,0,0,Angle,V1: Travelling straight ahead / V2: Travelling straight ahead,V1: W  / V2: E,Wet,Daylight,Rain,0.28,0,37,19,TRUE,41.93628409,-71.28608551
3681,2/3/2005,February,Thursday,16:24,1,2,0,0,Angle,V1: Travelling straight ahead / V2: Travelling straight ahead,V1: S  / V2: E,Wet,Daylight,Cloudy/Rain,0.28,0,37,19,TRUE,41.93475753,-71.27903355
3682,2/3/2005,February,Thursday,17:29,1,2,0,0,Rear-end,V1: Slowing or stopped in traffic / V2: Slowing or stopped in traffic,V1: N  / V2: N,Wet,Dark - lighted roadway,Rain,0.28,0,37,19,TRUE,34.24438675,-73.6513909
3683,2/3/2005,February,Thursday,18:02,1,2,0,0,Angle,V1: Changing lanes / V2: Travelling straight ahead,V1: N  / V2: N,Wet,Dark - lighted roadway,Rain,0.28,0,37,19,TRUE,41.91194929,-71.36233897
3684,2/3/2005,February,Thursday,18:31,1,2,0,0,Angle,V1: Entering traffic lane / V2: Travelling straight ahead,V1: S  / V2: N,Wet,Dark - lighted roadway,Rain,0.28,0,37,19,TRUE,41.91982212,-71.35857678
3685,2/4/2005,February,Friday,7:54,1,2,0,0,Angle,V1: Travelling straight ahead / V2: Travelling straight ahead,V1: W  / V2: W,Wet,Dawn,Cloudy,0.02,0,36,29,TRUE,41.94428875,-71.27864363
3686,2/4/2005,February,Friday,8:56,1,1,0,0,Single vehicle crash,V1: Travelling straight ahead,V1: N,Ice,Daylight,Cloudy,0.02,0,36,29,TRUE,41.91994191,-71.35389926
3687,2/4/2005,February,Friday,13:09,1,2,0,0,Angle,V1: Turning right / V2: Travelling straight ahead,V1: N  / V2: N,Wet,Daylight,Cloudy,0.02,0,36,29,TRUE,41.90964751,-71.36351027
3688,2/4/2005,February,Friday,16:30,1,2,0,0,Angle,V1: Turning left / V2: Slowing or stopped in traffic,V1: E  / V2: W,Wet,Daylight,Clear,0.02,0,36,29,TRUE,41.91653724,-71.36001753
3689,2/4/2005,February,Friday,23:00,1,1,0,0,Head-on,V1: Travelling straight ahead,V1: E,Ice,Dark - lighted roadway,Clear,0.02,0,36,29,TRUE,41.97881268,-71.27906438
3690,2/5/2005,February,Saturday,5:30,2,1,1,0,Single vehicle crash,V1: Entering traffic lane,V1: S,Ice,Dawn,Cloudy,0,0,51,27,TRUE,34.24438675,-73.6513909
3691,2/5/2005,February,Saturday,6:10,0,2,0,0,0,V1: Parked / V2: 0,V1: 0 / V2: 0,Ice,Dawn,Clear,0,0,51,27,TRUE,41.94497204,-71.2846925
3692,2/5/2005,February,Saturday,12:17,2,2,1,0,Angle,V1: Slowing or stopped in traffic / V2: 0,V1: E  / V2: 0,Dry,Daylight,Clear,0,0,51,27,TRUE,41.94512722,-71.28855145
3693,2/5/2005,February,Saturday,17:48,2,2,1,0,Angle,V1: Travelling straight ahead / V2: Entering traffic lane,V1: W  / V2: E,Dry,Dark - lighted roadway,Clear,0,0,51,27,TRUE,41.93411621,-71.29979908
3694,2/5/2005,February,Saturday,17:53,1,2,0,0,Angle,V1: Travelling straight ahead / V2: Turning left,V1: W  / V2: W,Dry,Dark - lighted roadway,Clear,0,0,51,27,TRUE,41.92014284,-71.35719783
3695,2/6/2005,February,Sunday,8:30,0,1,0,0,Single vehicle crash,V1: Turning left,V1: E,Ice,Dark - lighted roadway,Snow,0,0,44,25,TRUE,34.24438675,-73.6513909
3696,2/7/2005,February,Monday,8:38,1,1,0,0,Single vehicle crash,V1: Turning left,V1: E,Dry,Daylight,Clear,0,0,54,22,TRUE,41.94266173,-71.28390998
3697,2/7/2005,February,Monday,8:39,1,2,0,0,Rear-end,V1: Travelling straight ahead / V2: Travelling straight ahead,V1: E  / V2: E,Dry,Daylight,Clear,0,0,54,22,TRUE,41.94235466,-71.29077613
3698,2/7/2005,February,Monday,13:35,2,2,1,0,Angle,V1: Turning right / V2: Travelling straight ahead,V1: E  / V2: 0,Dry,Daylight,Clear,0,0,54,22,TRUE,41.94245198,-71.28698244
3699,2/7/2005,February,Monday,13:48,2,1,1,0,Single vehicle crash,V1: Leaving traffic lane,V1: S,Dry,Daylight,Clear,0,0,54,22,TRUE,34.24438675,-73.6513909
3700,2/7/2005,February,Monday,18:00,1,2,0,0,Rear-end,V1: Slowing or stopped in traffic / V2: Travelling straight ahead,V1: N  / V2: N,Dry,Dark - lighted roadway,Clear,0,0,54,22,TRUE,41.97001836,-71.2913735
3701,2/9/2005,February,Wednesday,7:45,2,2,1,0,Rear-end,V1: Slowing or stopped in traffic / V2: Travelling straight ahead,V1: S  / V2: S,Dry,Daylight,Clear,0.02,0,53,29,TRUE,34.24438675,-73.6513909
3702,2/9/2005,February,Wednesday,9:27,1,2,0,0,Angle,V1: Travelling straight ahead / V2: Travelling straight ahead,V1: E  / V2: N,Wet,Daylight,Cloudy,0.02,0,53,29,TRUE,34.24438675,-73.6513909
3703,2/9/2005,February,Wednesday,17:00,2,2,1,0,"Sideswipe, same direction",V1: Travelling straight ahead / V2: Changing lanes,V1: S  / V2: S,Dry,Dusk,Clear,0.02,0,53,29,TRUE,41.9589661,-71.30200935
3704,2/10/2005,February,Thursday,17:30,1,2,0,0,Angle,V1: Slowing or stopped in traffic / V2: 0,V1: 0 / V2: 0,Wet,Dark - lighted roadway,Snow,0.91,2.8,40,31,TRUE,34.24438675,-73.6513909
3705,2/11/2005,February,Friday,11:20,2,3,3,0,Rear-end,V1: Slowing or stopped in traffic / V2: Slowing or stopped in traffic / V3: Slowing or stopped in traffic,V1: S  / V2: S  / V3: S,Wet,Daylight,Clear,0.02,0.3,33,23,TRUE,41.94450501,-71.28411703
3706,2/11/2005,February,Friday,16:00,1,2,0,0,Rear-end,V1: Travelling straight ahead / V2: Travelling straight ahead,V1: S  / V2: S,Dry,Dusk,Clear,0.02,0.3,33,23,TRUE,41.90253082,-71.35619467
3707,2/11/2005,February,Friday,22:46,1,1,0,0,0,V1: Travelling straight ahead,V1: W,Ice,Dark - lighted roadway,Clear,0.02,0.3,33,23,TRUE,41.92055055,-71.30921219
3708,2/12/2005,February,Saturday,14:38,1,2,0,0,Rear-end,V1: Travelling straight ahead / V2: Entering traffic lane,V1: N  / V2: N,Dry,Daylight,Clear,0,0,39,23,TRUE,34.24438675,-73.6513909
3709,2/13/2005,February,Sunday,2:45,0,2,0,0,Angle,V1: Parked / V2: Backing,V1: 0 / V2: 0,Dry,Daylight,Clear,0,0,41,22,TRUE,41.94834061,-71.28676287
3710,2/13/2005,February,Sunday,10:10,2,2,3,0,Angle,V1: Travelling straight ahead / V2: Travelling straight ahead,V1: E  / V2: N,Dry,Daylight,Clear,0,0,41,22,TRUE,41.93365798,-71.32924077
3711,2/14/2005,February,Monday,7:23,1,2,0,0,Angle,V1: Parked / V2: Travelling straight ahead,V1: S  / V2: W,Dry,Daylight,Clear,0.14,0,40,16,TRUE,41.94817826,-71.27814969
3712,2/14/2005,February,Monday,7:37,1,2,0,0,Angle,V1: Turning right / V2: Travelling straight ahead,V1: W  / V2: W,Dry,Daylight,Clear,0.14,0,40,16,TRUE,41.89903243,-71.355186
3713,2/14/2005,February,Monday,8:36,1,2,0,0,Angle,V1: Turning left / V2: Travelling straight ahead,V1: N  / V2: E,Dry,Daylight,Clear,0.14,0,40,16,TRUE,41.96712418,-71.29097941
3714,2/14/2005,February,Monday,14:12,1,2,0,0,Rear-end,V1: Travelling straight ahead / V2: Slowing or stopped in traffic,V1: E  / V2: E,Dry,Daylight,Cloudy,0.14,0,40,16,TRUE,41.94104078,-71.29346158
3715,2/14/2005,February,Monday,17:26,2,2,1,0,Rear-end,V1: Travelling straight ahead / V2: Slowing or stopped in traffic,V1: S  / V2: S,Wet,Dusk,Snow,0.14,0,40,16,TRUE,41.91062135,-71.35825199
3716,2/15/2005,February,Tuesday,7:15,2,2,1,0,Rear-end,V1: Travelling straight ahead / V2: Slowing or stopped in traffic,V1: E  / V2: E,Wet,Daylight,Fog,0.71,0,53,30,TRUE,41.93421769,-71.2996754
3717,2/15/2005,February,Tuesday,14:20,1,2,0,0,Angle,V1: Entering traffic lane / V2: Travelling straight ahead,V1: S  / V2: W,Dry,Daylight,Cloudy,0.71,0,53,30,TRUE,41.94861042,-71.27758702
3718,2/16/2005,February,Wednesday,15:57,1,2,0,0,Angle,V1: Travelling straight ahead / V2: Turning left,V1: N  / V2: W,Dry,Daylight,Cloudy,0.29,0,53,31,TRUE,41.95130281,-71.27263126
3719,2/16/2005,February,Wednesday,20:12,2,2,1,0,Angle,V1: Travelling straight ahead / V2: Travelling straight ahead,V1: N  / V2: W,Dry,Dark - lighted roadway,Clear,0.29,0,53,31,TRUE,41.94121777,-71.2768631
3720,2/17/2005,February,Thursday,8:29,1,2,0,0,Rear-end,V1: Backing / V2: Travelling straight ahead,V1: W  / V2: S,Dry,Daylight,Clear,0,0,41,26,TRUE,41.94563994,-71.27937153
3721,2/17/2005,February,Thursday,9:26,1,2,0,0,Angle,V1: Turning right / V2: Turning left,V1: S  / V2: E,Dry,Daylight,Clear,0,0,41,26,TRUE,41.90679055,-71.36066143
3722,2/17/2005,February,Thursday,13:35,1,2,0,0,Rear-end,V1: Travelling straight ahead / V2: Slowing or stopped in traffic,V1: W  / V2: W,Dry,Daylight,Clear,0,0,41,26,TRUE,41.9483337,-71.27794679
3723,2/19/2005,February,Saturday,17:20,2,2,1,0,Angle,V1: Turning left / V2: Travelling straight ahead,V1: W  / V2: N,Dry,Dusk,Clear,0,0,29,12,TRUE,41.90964751,-71.36351027
3724,2/20/2005,February,Sunday,3:30,0,1,0,0,Single vehicle crash,V1: Travelling straight ahead,V1: S,Dry,Dark - lighted roadway,Clear,0,0,34,14,TRUE,41.9589661,-71.30200935
3725,2/20/2005,February,Sunday,16:54,2,2,2,0,Angle,V1: Travelling straight ahead / V2: Travelling straight ahead,V1: S  / V2: N,Dry,Daylight,Clear,0,0,34,14,TRUE,41.93711096,-71.29262459
3726,2/20/2005,February,Sunday,18:31,2,1,1,0,Single vehicle crash,V1: Travelling straight ahead,V1: E,Dry,Dark - lighted roadway,Clear,0,0,34,14,TRUE,41.95098462,-71.2976094
3727,2/21/2005,February,Monday,6:07,2,2,1,0,Head-on,V1: Travelling straight ahead / V2: Slowing or stopped in traffic,V1: W  / V2: E,Snow,Dark - lighted roadway,Snow,0.33,4.1,33,22,TRUE,41.9541428,-71.2624772
3728,2/21/2005,February,Monday,7:14,1,1,0,0,Single vehicle crash,V1: Travelling straight ahead,V1: S,Snow,Daylight,Snow,0.33,4.1,33,22,TRUE,41.91642603,-71.2837362
3729,2/21/2005,February,Monday,8:15,1,1,0,0,Single vehicle crash,V1: Travelling straight ahead,V1: N,Slush,Daylight,Snow,0.33,4.1,33,22,TRUE,41.92906851,-71.26051663
3730,2/21/2005,February,Monday,18:12,1,1,0,0,Single vehicle crash,V1: Slowing or stopped in traffic,V1: S,Slush,Dark - roadway not lighted,Snow,0.33,4.1,33,22,TRUE,41.93777592,-71.3151456
3731,2/21/2005,February,Monday,21:29,2,1,2,0,Single vehicle crash,V1: Travelling straight ahead,V1: W,Ice,Dark - roadway not lighted,Rain,0.33,4.1,33,22,TRUE,34.24438675,-73.6513909
3732,2/21/2005,February,Monday,23:45,1,1,0,0,Single vehicle crash,V1: Travelling straight ahead,V1: N,Ice,Dark - lighted roadway,Rain,0.33,4.1,33,22,TRUE,41.90500517,-71.33616438
3733,2/22/2005,February,Tuesday,7:20,2,2,1,0,Rear-end,V1: Slowing or stopped in traffic / V2: Travelling straight ahead,V1: N  / V2: N,Dry,Daylight,Clear,0,0,33,24,TRUE,41.92014284,-71.35719783
3734,2/22/2005,February,Tuesday,15:54,1,2,0,0,Angle,V1: Travelling straight ahead / V2: Travelling straight ahead,V1: N  / V2: E,Dry,Daylight,Cloudy,0,0,33,24,TRUE,41.9370756,-71.28238678
3735,2/22/2005,February,Tuesday,16:00,2,2,1,0,Angle,V1: Turning left / V2: Travelling straight ahead,V1: W  / V2: E,Dry,Daylight,Cloudy,0,0,33,24,TRUE,41.95454839,-71.25253266
3736,2/22/2005,February,Tuesday,18:57,2,3,2,0,0,V1: Travelling straight ahead / V2: Slowing or stopped in traffic / V3: Slowing or stopped in traffic,V1: E  / V2: E  / V3: E,Wet,Dark - lighted roadway,Clear,0,0,33,24,TRUE,41.92610344,-71.3464186
3737,2/23/2005,February,Wednesday,8:11,2,2,2,0,Angle,V1: Other / V2: Travelling straight ahead,V1: S  / V2: N,Wet,Daylight,Clear,0.02,0.4,40,23,TRUE,41.94402046,-71.3097606
3738,2/23/2005,February,Wednesday,9:06,1,2,0,0,Rear-end,V1: Travelling straight ahead / V2: Slowing or stopped in traffic,V1: S  / V2: S,Wet,Daylight,Clear,0.02,0.4,40,23,TRUE,41.89618753,-71.37039513
3739,2/24/2005,February,Thursday,8:00,0,2,0,0,0,V1: Parked / V2: 0,V1: 0 / V2: 0,Dry,Daylight,Clear,0.09,2,30,15,TRUE,34.24438675,-73.6513909
3740,2/24/2005,February,Thursday,11:35,2,2,2,0,Rear-end,V1: Travelling straight ahead / V2: Slowing or stopped in traffic,V1: N  / V2: N,Dry,Daylight,Clear,0.09,2,30,15,TRUE,34.24438675,-73.6513909
3741,2/24/2005,February,Thursday,21:08,1,2,0,0,Angle,V1: Slowing or stopped in traffic / V2: Turning left,V1: 0 / V2: 0,Snow,Dark - lighted roadway,Snow,0.09,2,30,15,TRUE,41.92026556,-71.2985583
3742,2/25/2005,February,Friday,6:20,2,1,1,0,Single vehicle crash,V1: Changing lanes,V1: N,Snow,Daylight,Snow,0.21,4.7,33,15,TRUE,34.24438675,-73.6513909
3743,2/25/2005,February,Friday,7:07,1,1,0,0,Single vehicle crash,V1: Travelling straight ahead,V1: E,Snow,Daylight,Snow,0.21,4.7,33,15,TRUE,41.90172918,-71.35796783
3744,2/25/2005,February,Friday,12:41,1,2,0,0,Angle,V1: Turning left / V2: Travelling straight ahead,V1: N  / V2: S,Dry,Daylight,Clear,0.21,4.7,33,15,TRUE,34.24438675,-73.6513909
3745,2/25/2005,February,Friday,17:37,1,1,0,0,Single vehicle crash,V1: Travelling straight ahead,V1: N,"Sand, mud, dirt, oil, gravel",Dusk,Cloudy,0.21,4.7,33,15,TRUE,41.92675288,-71.34334435
3746,2/25/2005,February,Friday,18:36,2,2,1,0,Angle,V1: Turning left / V2: Travelling straight ahead,V1: 0 / V2: W,Dry,Dark - lighted roadway,Clear,0.21,4.7,33,15,TRUE,41.95287787,-71.26899686
3747,2/25/2005,February,Friday,18:45,1,2,0,0,Angle,V1: 0 / V2: Turning left,V1: 0 / V2: E,Dry,Dark - lighted roadway,Clear,0.21,4.7,33,15,TRUE,41.93363156,-71.30076394
3748,2/27/2005,February,Sunday,10:58,1,2,0,0,Angle,V1: Travelling straight ahead / V2: Travelling straight ahead,V1: S  / V2: E,Dry,Daylight,Clear,0,0,36,17,TRUE,41.93528504,-71.29579463
3749,2/28/2005,February,Monday,11:01,2,2,1,0,Angle,V1: Turning left / V2: Travelling straight ahead,V1: W  / V2: N,Dry,Daylight,Clear,0.71,8,36,14,TRUE,41.9110765,-71.36278231
3750,2/28/2005,February,Monday,15:07,2,2,3,0,Angle,V1: Changing lanes / V2: Travelling straight ahead,V1: W  / V2: W,Dry,Daylight,Cloudy,0.71,8,36,14,TRUE,41.94467854,-71.28326691
3751,2/28/2005,February,Monday,22:17,1,1,0,0,Single vehicle crash,V1: Travelling straight ahead,V1: E,Snow,Dark - lighted roadway,Snow,0.71,8,36,14,TRUE,41.89804027,-71.37674712
3752,3/1/2005,March,Tuesday,11:45,2,2,1,0,Rear-end,V1: Travelling straight ahead / V2: Travelling straight ahead,V1: E  / V2: S,Snow,Daylight,Snow,0.22,3.3,31,25,TRUE,41.94066438,-71.28948653
3753,3/1/2005,March,Tuesday,13:01,1,2,0,0,"Sideswipe, same direction",V1: Turning left / V2: Travelling straight ahead,V1: S  / V2: W,Dry,Daylight,Clear,0.22,3.3,31,25,TRUE,41.9348634,-71.29887283
3754,3/1/2005,March,Tuesday,14:33,1,2,0,0,Rear-end,V1: Overtaking/passing / V2: Turning left,V1: S  / V2: S,Dry,Daylight,Cloudy,0.22,3.3,31,25,TRUE,34.24438675,-73.6513909
3755,3/1/2005,March,Tuesday,19:45,1,2,0,0,Angle,V1: Travelling straight ahead / V2: Travelling straight ahead,V1: 0 / V2: 0,Wet,Dark - lighted roadway,Snow,0.22,3.3,31,25,TRUE,41.94450501,-71.28411703
3756,3/2/2005,March,Wednesday,7:40,1,2,0,0,Rear-end,V1: Travelling straight ahead / V2: Travelling straight ahead,V1: N  / V2: N,Dry,Daylight,Clear,0,0,36,22,TRUE,41.92446027,-71.28906707
3757,3/2/2005,March,Wednesday,7:47,2,1,1,0,Single vehicle crash,V1: Slowing or stopped in traffic,V1: N,Wet,Daylight,Clear,0,0,36,22,TRUE,41.94106614,-71.31277502
3758,3/2/2005,March,Wednesday,13:33,1,2,0,0,Rear-end,V1: Travelling straight ahead / V2: Parked,V1: N  / V2: N,Dry,Daylight,Clear,0,0,36,22,TRUE,41.90965551,-71.31555178
3759,3/2/2005,March,Wednesday,15:15,2,2,1,0,Angle,V1: Entering traffic lane / V2: Changing lanes,V1: E  / V2: S,Dry,Daylight,Clear,0,0,36,22,TRUE,41.93421769,-71.2996754
3760,3/2/2005,March,Wednesday,15:42,1,2,0,0,Rear-end,V1: Travelling straight ahead / V2: Travelling straight ahead,V1: 0 / V2: 0,Dry,Daylight,Clear,0,0,36,22,TRUE,41.93628409,-71.28608551
3761,3/2/2005,March,Wednesday,18:15,2,2,1,0,Angle,V1: Turning left / V2: Travelling straight ahead,V1: W  / V2: S,Dry,Dark - lighted roadway,Clear,0,0,36,22,TRUE,34.24438675,-73.6513909