ID,DATE,Month,Day of week,Crash Time,Crash Severity,Number of Vehicles,Total Nonfatal Injuries,Total Fatal Injuries,Manner of Collision,Vehicle Action Prior to Crash,Vehicle Travel Directions,Road Surface Condition,Ambient Light,Weather Condition,PRCP,SNOW,TMAX,TMIN,Ice,Longtitute,Latitute
3762,3/3/2005,March,Thursday,7:55,1,2,0,0,Angle,V1: Entering traffic lane / V2: Travelling straight ahead,V1: E  / V2: E,0,Daylight,Clear,0,0,31,18,TRUE,41.91982212,-71.35857678
3763,3/3/2005,March,Thursday,16:49,1,2,0,0,Angle,V1: Turning left / V2: Overtaking/passing,V1: E  / V2: N,Dry,Daylight,Clear,0,0,31,18,TRUE,41.95180679,-71.2898592
3764,3/3/2005,March,Thursday,17:13,1,2,0,0,Angle,V1: Turning left / V2: Travelling straight ahead,V1: S  / V2: E,Dry,Daylight,Clear,0,0,31,18,TRUE,41.9508811,-71.27406425
3765,3/3/2005,March,Thursday,19:21,1,2,0,0,Angle,V1: Leaving traffic lane / V2: Travelling straight ahead,V1: 0 / V2: 0,Snow,Dark - lighted roadway,Snow,0,0,31,18,TRUE,41.9504774,-71.29811688
3766,3/5/2005,March,Saturday,0:29,2,1,3,0,Head-on,V1: Travelling straight ahead,V1: E,Dry,Dark - lighted roadway,Clear,0,0,42,15,TRUE,41.92014284,-71.35719783
3767,3/5/2005,March,Saturday,5:20,1,2,0,0,Angle,V1: Turning left / V2: Travelling straight ahead,V1: E  / V2: W,Dry,Dawn,Clear,0,0,42,15,TRUE,41.91982212,-71.35857678
3768,3/5/2005,March,Saturday,19:55,1,4,0,0,Rear-end,V1: Slowing or stopped in traffic / V2: Slowing or stopped in traffic / V3: Slowing or stopped in traffic / V4: Slowing or stopped in traffic,V1: S  / V2: S  / V3: S  / V4: S,Dry,Dark - lighted roadway,Cloudy,0,0,42,15,TRUE,41.92508738,-71.35628348
3769,3/6/2005,March,Sunday,12:04,1,2,0,0,Rear-end,V1: Travelling straight ahead / V2: Slowing or stopped in traffic,V1: E  / V2: E,Dry,Daylight,Cloudy,0,0,43,20,TRUE,34.24438675,-73.6513909
3770,3/7/2005,March,Monday,4:48,1,3,0,0,Rear-end,V1: Slowing or stopped in traffic / V2: 0 / V3: Travelling straight ahead,V1: 0 / V2: 0 / V3: 0,Dry,Daylight,Cloudy,0,0,49,32,TRUE,41.89758836,-71.36966138
3771,3/7/2005,March,Monday,7:20,1,2,0,0,Angle,V1: Entering traffic lane / V2: Travelling straight ahead,V1: 0 / V2: 0,Wet,Dawn,Clear,0,0,49,32,TRUE,41.93821188,-71.25002331
3772,3/7/2005,March,Monday,10:01,1,2,0,0,Rear-end,V1: Slowing or stopped in traffic / V2: Slowing or stopped in traffic,V1: E  / V2: E,Dry,Dark - lighted roadway,Cloudy,0,0,49,32,TRUE,41.89903243,-71.355186
3773,3/7/2005,March,Monday,15:07,2,2,1,0,Rear-end,V1: Travelling straight ahead / V2: Travelling straight ahead,V1: W  / V2: W,Dry,Daylight,Clear,0,0,49,32,TRUE,41.97001836,-71.2913735
3774,3/7/2005,March,Monday,18:22,2,2,4,0,0,V1: Turning right / V2: Travelling straight ahead,V1: W  / V2: S,Dry,Dark - lighted roadway,Clear,0,0,49,32,TRUE,41.90998013,-71.35802082
3775,3/7/2005,March,Monday,18:55,1,2,0,0,Angle,V1: Entering traffic lane / V2: Travelling straight ahead,V1: W  / V2: N,Dry,Dark - lighted roadway,Cloudy,0,0,49,32,TRUE,41.91562886,-71.36047108
3776,3/8/2005,March,Tuesday,7:10,1,2,0,0,Angle,V1: Slowing or stopped in traffic / V2: Slowing or stopped in traffic,V1: W  / V2: E,Snow,Dark - lighted roadway,Rain,1.08,3.2,44,15,TRUE,41.9504774,-71.29811688
3777,3/8/2005,March,Tuesday,11:24,2,2,1,0,Angle,V1: Turning left / V2: Travelling straight ahead,V1: N  / V2: S,Wet,Daylight,Rain,1.08,3.2,44,15,TRUE,41.90857957,-71.36406078
3778,3/8/2005,March,Tuesday,14:45,1,1,0,0,"Sideswipe, same direction",V1: Other,V1: E,Wet,Daylight,Cloudy/Rain,1.08,3.2,44,15,TRUE,34.24438675,-73.6513909
3779,3/8/2005,March,Tuesday,14:49,1,2,0,0,Angle,V1: Travelling straight ahead / V2: Travelling straight ahead,V1: S  / V2: S,Wet,Daylight,Cloudy/Rain,1.08,3.2,44,15,TRUE,41.95180679,-71.2898592
3780,3/8/2005,March,Tuesday,18:30,1,1,0,0,Single vehicle crash,V1: Travelling straight ahead,V1: N,Snow,Dark - lighted roadway,Snow,1.08,3.2,44,15,TRUE,41.92871038,-71.30363157
3781,3/9/2005,March,Wednesday,7:45,2,2,2,0,"Sideswipe, opposite direction",V1: Travelling straight ahead / V2: Travelling straight ahead,V1: N  / V2: S,Snow,Daylight,Clear,0,0,26,8,TRUE,41.92040526,-71.29848182
3782,3/9/2005,March,Wednesday,9:00,1,2,0,0,Rear-end,V1: Travelling straight ahead / V2: Travelling straight ahead,V1: S  / V2: S,Snow,Daylight,Clear,0,0,26,8,TRUE,41.97001836,-71.2913735
3783,3/9/2005,March,Wednesday,13:39,1,1,0,0,Single vehicle crash,V1: Travelling straight ahead,V1: E,0,Daylight,Clear,0,0,26,8,TRUE,41.92364065,-71.31448177
3784,3/9/2005,March,Wednesday,14:45,1,1,0,0,Single vehicle crash,V1: Travelling straight ahead,V1: S,Snow,Daylight,Clear,0,0,26,8,TRUE,41.9668008,-71.27262598
3785,3/9/2005,March,Wednesday,15:45,1,2,0,0,Angle,V1: Travelling straight ahead / V2: Turning left,V1: W  / V2: E,Dry,Daylight,Clear,0,0,26,8,TRUE,41.9348634,-71.29887283
3786,3/9/2005,March,Wednesday,17:30,2,3,1,0,Rear-end,V1: Slowing or stopped in traffic / V2: 0 / V3: 0,V1: S  / V2: S  / V3: 0,Wet,Daylight,Clear,0,0,26,8,TRUE,41.9589661,-71.30200935
3787,3/9/2005,March,Wednesday,18:28,1,1,0,0,Single vehicle crash,V1: Travelling straight ahead,V1: S,Dry,Dark - lighted roadway,Clear,0,0,26,8,TRUE,41.96587143,-71.27189074
3788,3/10/2005,March,Thursday,10:27,1,2,0,0,0,V1: 0 / V2: 0,V1: E  / V2: 0,0,Other,Clear,0,0,32,9,TRUE,34.24438675,-73.6513909
3789,3/10/2005,March,Thursday,17:00,1,3,0,0,Rear-end,V1: Slowing or stopped in traffic / V2: 0 / V3: 0,V1: W  / V2: W  / V3: W,Dry,Dusk,Clear,0,0,32,9,TRUE,34.24438675,-73.6513909
3790,3/10/2005,March,Thursday,17:07,1,2,0,0,Rear-end,V1: Slowing or stopped in traffic / V2: Travelling straight ahead,V1: S  / V2: S,Dry,Daylight,Clear,0,0,32,9,TRUE,41.89838674,-71.36925442
3791,3/10/2005,March,Thursday,18:01,1,2,0,0,Angle,V1: Travelling straight ahead / V2: Travelling straight ahead,V1: N  / V2: E,Dry,Dark - lighted roadway,Clear,0,0,32,9,TRUE,41.94430004,-71.28137659
3792,3/10/2005,March,Thursday,18:15,1,2,0,0,Angle,V1: Turning left / V2: 0,V1: N  / V2: S,0,Dark - roadway not lighted,Cloudy,0,0,32,9,TRUE,34.24438675,-73.6513909
3793,3/10/2005,March,Thursday,22:30,1,1,0,0,Single vehicle crash,V1: Travelling straight ahead,V1: N,Dry,Dark - roadway not lighted,Clear,0,0,32,9,TRUE,41.9551108,-71.30465266
3794,3/11/2005,March,Friday,12:40,1,2,0,0,Rear-end,V1: Slowing or stopped in traffic / V2: Travelling straight ahead,V1: N  / V2: N,"Sand, mud, dirt, oil, gravel",Daylight,Cloudy,0.11,1.6,32,10,TRUE,41.90998013,-71.35802082
3795,3/11/2005,March,Friday,18:00,1,2,0,0,Rear-end,V1: Travelling straight ahead / V2: Slowing or stopped in traffic,V1: E  / V2: E,Snow,Dark - lighted roadway,Snow,0.11,1.6,32,10,TRUE,41.93269195,-71.32821357
3796,3/11/2005,March,Friday,19:01,1,2,0,0,"Sideswipe, opposite direction",V1: Travelling straight ahead / V2: 0,V1: S  / V2: 0,Snow,Dark - roadway not lighted,Cloudy,0.11,1.6,32,10,TRUE,41.94396388,-71.30988659
3797,3/12/2005,March,Saturday,10:24,2,1,1,0,Single vehicle crash,V1: Travelling straight ahead,V1: N,Snow,Daylight,Snow,1.12,6.5,34,31,TRUE,41.93037639,-71.32572675
3798,3/12/2005,March,Saturday,11:57,1,1,0,0,Single vehicle crash,V1: Slowing or stopped in traffic,V1: W,Snow,Daylight,Snow,1.12,6.5,34,31,TRUE,41.9208589,-71.26290541
3799,3/12/2005,March,Saturday,13:00,1,1,0,0,Single vehicle crash,V1: Other,V1: N,Snow,Daylight,Snow,1.12,6.5,34,31,TRUE,41.94611779,-71.27624462
3800,3/12/2005,March,Saturday,16:40,1,2,0,0,Angle,V1: Travelling straight ahead / V2: Leaving traffic lane,V1: N  / V2: W,Snow,Daylight,Snow,1.12,6.5,34,31,TRUE,41.96926367,-71.2955242
3801,3/13/2005,March,Sunday,1:57,1,1,0,0,Single vehicle crash,V1: Travelling straight ahead,V1: W,Ice,Dark - lighted roadway,Snow,0,0,42,28,TRUE,41.90920887,-71.28650871
3802,3/13/2005,March,Sunday,6:50,1,2,0,0,Angle,V1: Turning left / V2: Travelling straight ahead,V1: N  / V2: E,Wet,Daylight,Cloudy,0,0,42,28,TRUE,41.92675288,-71.34334435
3803,3/13/2005,March,Sunday,16:15,2,2,1,0,Rear-end,V1: Slowing or stopped in traffic / V2: Travelling straight ahead,V1: S  / V2: S,Dry,Daylight,Clear,0,0,42,28,TRUE,41.90998013,-71.35802082
3804,3/14/2005,March,Monday,6:40,1,2,0,0,Angle,V1: Turning left / V2: 0,V1: N  / V2: W,Dry,Daylight,Clear,0,0,42,23,TRUE,41.89721113,-71.36942089
3805,3/14/2005,March,Monday,15:39,1,2,0,0,Rear-end,V1: Travelling straight ahead / V2: Slowing or stopped in traffic,V1: W  / V2: W,Dry,Daylight,Clear,0,0,42,23,TRUE,41.94034029,-71.27907033
3806,3/14/2005,March,Monday,17:17,2,2,4,0,Angle,V1: Turning left / V2: Travelling straight ahead,V1: N  / V2: S,Dry,Daylight,Clear,0,0,42,23,TRUE,34.24438675,-73.6513909
3807,3/15/2005,March,Tuesday,6:45,1,2,0,0,Rear-end,V1: Slowing or stopped in traffic / V2: Travelling straight ahead,V1: E  / V2: E,Dry,Dawn,Clear,0,0,47,27,TRUE,41.92969804,-71.32243362
3808,3/15/2005,March,Tuesday,6:50,2,1,1,0,Single vehicle crash,V1: Travelling straight ahead,V1: E,Dry,Daylight,Clear,0,0,47,27,TRUE,41.93525581,-71.27772654
3809,3/15/2005,March,Tuesday,17:43,1,2,0,0,Angle,V1: Turning left / V2: Travelling straight ahead,V1: W  / V2: N,Dry,Dusk,Cloudy,0,0,47,27,TRUE,41.90829683,-71.36420231
3810,3/16/2005,March,Wednesday,1:15,1,2,0,0,Single vehicle crash,V1: Backing / V2: Travelling straight ahead,V1: 0 / V2: 0,Dry,Daylight,Clear,0,0,46,28,TRUE,34.24438675,-73.6513909
3811,3/16/2005,March,Wednesday,4:05,1,2,0,0,"Sideswipe, same direction",V1: Travelling straight ahead / V2: Travelling straight ahead,V1: S  / V2: S,Dry,Daylight,Clear,0,0,46,28,TRUE,41.96386816,-71.29870195
3812,3/16/2005,March,Wednesday,9:29,1,2,0,0,Angle,V1: Turning left / V2: Travelling straight ahead,V1: W  / V2: S,Dry,Daylight,Clear,0,0,46,28,TRUE,41.95076301,-71.27397064
3813,3/16/2005,March,Wednesday,15:43,1,2,0,0,Rear-end,V1: Travelling straight ahead / V2: Slowing or stopped in traffic,V1: N  / V2: N,Dry,Daylight,Clear,0,0,46,28,TRUE,41.91982212,-71.35857678
3814,3/17/2005,March,Thursday,16:21,1,2,0,0,Angle,V1: Travelling straight ahead / V2: 0,V1: W  / V2: 0,Dry,Daylight,Clear,0,0,47,20,TRUE,41.91982212,-71.35857678
3815,3/17/2005,March,Thursday,22:45,1,2,0,0,Rear-end,V1: Travelling straight ahead / V2: Turning left,V1: S  / V2: S,Dry,Dark - roadway not lighted,Clear,0,0,47,20,TRUE,41.94171265,-71.28802407
3816,3/18/2005,March,Friday,10:24,1,2,0,0,Angle,V1: Turning left / V2: Travelling straight ahead,V1: W  / V2: N,Dry,Daylight,Clear,0,0,47,24,TRUE,41.90964751,-71.36351027
3817,3/18/2005,March,Friday,10:30,2,2,1,0,Angle,V1: Turning left / V2: Turning left,V1: S  / V2: S,Dry,Dark - lighted roadway,Clear,0,0,47,24,TRUE,34.24438675,-73.6513909
3818,3/18/2005,March,Friday,14:08,1,2,0,0,Rear-end,V1: Travelling straight ahead / V2: Slowing or stopped in traffic,V1: S  / V2: S,Dry,Daylight,Clear,0,0,47,24,TRUE,34.24438675,-73.6513909
3819,3/18/2005,March,Friday,15:54,1,2,0,0,Angle,V1: Travelling straight ahead / V2: Travelling straight ahead,V1: N  / V2: W,Dry,Daylight,Clear,0,0,47,24,TRUE,41.9370756,-71.28238678
3820,3/18/2005,March,Friday,22:00,2,2,1,0,Rear-end,V1: Travelling straight ahead / V2: Travelling straight ahead,V1: S  / V2: 0,Dry,Dark - lighted roadway,Clear,0,0,47,24,TRUE,41.97001836,-71.2913735
3821,3/19/2005,March,Saturday,4:00,1,2,0,0,Rear-end,V1: Travelling straight ahead / V2: Travelling straight ahead,V1: S  / V2: S,Dry,Dark - roadway not lighted,Clear,0,0,49,25,TRUE,34.24438675,-73.6513909
3822,3/19/2005,March,Saturday,12:55,1,2,0,0,"Sideswipe, opposite direction",V1: Travelling straight ahead / V2: Parked,V1: S  / V2: 0,Dry,Dark - lighted roadway,Clear,0,0,49,25,TRUE,41.93889087,-71.28057639
3823,3/20/2005,March,Sunday,4:30,1,2,0,0,"Sideswipe, same direction",V1: Travelling straight ahead / V2: Changing lanes,V1: S  / V2: S,Dry,Dark - roadway not lighted,Cloudy,0,0,50,21,TRUE,41.9589661,-71.30200935
3824,3/20/2005,March,Sunday,13:23,1,2,0,0,Angle,V1: Turning left / V2: Travelling straight ahead,V1: E  / V2: S,Dry,Daylight,Clear,0,0,50,21,TRUE,41.94111857,-71.28118889
3825,3/20/2005,March,Sunday,16:15,1,1,0,0,Single vehicle crash,V1: Travelling straight ahead,V1: W,Dry,Daylight,Clear,0,0,50,21,TRUE,41.9483337,-71.27794679
3826,3/20/2005,March,Sunday,20:05,2,1,1,0,Head-on,V1: Travelling straight ahead,V1: E,Dry,Dark - lighted roadway,Clear,0,0,50,21,TRUE,41.93623387,-71.28481203
3827,3/20/2005,March,Sunday,20:05,2,2,1,0,Head-on,V1: Slowing or stopped in traffic / V2: Slowing or stopped in traffic,V1: W  / V2: W,Dry,Dark - lighted roadway,Clear,0,0,50,21,TRUE,41.93623387,-71.28481203
3828,3/21/2005,March,Monday,8:50,1,2,0,0,Angle,V1: Travelling straight ahead / V2: Travelling straight ahead,V1: N  / V2: S,Wet,Daylight,Cloudy/Rain,0,0,43,26,TRUE,41.90538488,-71.36569048
3829,3/21/2005,March,Monday,16:23,1,3,0,0,"Sideswipe, same direction",V1: Overtaking/passing / V2: Travelling straight ahead / V3: Travelling straight ahead,V1: S  / V2: S  / V3: W,Dry,Daylight,Cloudy,0,0,43,26,TRUE,41.92508738,-71.35628348
3830,3/21/2005,March,Monday,18:27,1,2,0,0,Rear-end,V1: Slowing or stopped in traffic / V2: Slowing or stopped in traffic,V1: N  / V2: N,Dry,Dark - lighted roadway,Clear,0,0,43,26,TRUE,41.93409173,-71.31894301
3831,3/22/2005,March,Tuesday,15:25,1,2,0,0,Angle,V1: Turning right / V2: Travelling straight ahead,V1: S  / V2: S,Dry,Daylight,Clear,0,0,56,25,TRUE,41.90858125,-71.35758797
3832,3/22/2005,March,Tuesday,21:46,2,2,1,0,Rear-end,V1: Travelling straight ahead / V2: Slowing or stopped in traffic,V1: E  / V2: E,Dry,Dark - lighted roadway,Clear,0,0,56,25,TRUE,41.92463151,-71.34994946
3833,3/23/2005,March,Wednesday,15:00,1,2,0,0,Angle,V1: Travelling straight ahead / V2: Entering traffic lane,V1: N  / V2: W,Dry,Daylight,Cloudy,0.2,1.3,46,28,TRUE,34.24438675,-73.6513909
3834,3/23/2005,March,Wednesday,19:54,2,2,1,0,Angle,V1: Turning left / V2: Travelling straight ahead,V1: S  / V2: N,Wet,Dark - lighted roadway,Snow,0.2,1.3,46,28,TRUE,41.92809659,-71.35436768
3835,3/23/2005,March,Wednesday,23:39,1,1,0,0,Single vehicle crash,V1: Slowing or stopped in traffic,V1: N,Wet,Dark - roadway not lighted,Rain,0.2,1.3,46,28,TRUE,41.93397764,-71.31903245
3836,3/24/2005,March,Thursday,8:43,0,2,0,0,0,V1: Travelling straight ahead / V2: Other,V1: 0 / V2: 0,Wet,Daylight,Clear,0.33,2.4,39,27,TRUE,34.24438675,-73.6513909
3837,3/24/2005,March,Thursday,17:26,1,2,0,0,Angle,V1: Travelling straight ahead / V2: Slowing or stopped in traffic,V1: W  / V2: S,Dry,Daylight,Clear,0.33,2.4,39,27,TRUE,41.93304448,-71.28634923
3838,3/25/2005,March,Friday,2:38,1,1,0,0,Single vehicle crash,V1: Travelling straight ahead,V1: W,Snow,Dark - lighted roadway,Cloudy,0,0,53,26,TRUE,41.93405012,-71.31579284
3839,3/25/2005,March,Friday,4:30,2,2,1,0,Head-on,V1: Travelling straight ahead / V2: Turning left,V1: E  / V2: W,Dry,Daylight,Clear,0,0,53,26,TRUE,34.24438675,-73.6513909
3840,3/25/2005,March,Friday,12:07,1,2,0,0,Angle,V1: Turning left / V2: Travelling straight ahead,V1: 0 / V2: 0,Dry,Daylight,Clear,0,0,53,26,TRUE,41.91982212,-71.35857678
3841,3/25/2005,March,Friday,12:07,0,2,0,0,Angle,V1: Travelling straight ahead / V2: Turning left,V1: N  / V2: W,Dry,Daylight,Clear,0,0,53,26,TRUE,41.92298399,-71.3572054
3842,3/25/2005,March,Friday,13:45,2,2,1,0,Rear-end,V1: Slowing or stopped in traffic / V2: Turning right,V1: N  / V2: W,Dry,Daylight,Clear,0,0,53,26,TRUE,41.90964751,-71.36351027
3843,3/25/2005,March,Friday,19:15,1,2,0,0,Rear-end,V1: Slowing or stopped in traffic / V2: Slowing or stopped in traffic,V1: S  / V2: S,Dry,Dark - lighted roadway,Cloudy,0,0,53,26,TRUE,41.93623387,-71.28481203
3844,3/26/2005,March,Saturday,13:30,1,2,0,0,Angle,V1: Entering traffic lane / V2: Travelling straight ahead,V1: E  / V2: N,Dry,Daylight,Clear,0,0,47,23,TRUE,41.91194929,-71.36233897
3845,3/26/2005,March,Saturday,13:50,1,2,0,0,Angle,V1: Travelling straight ahead / V2: Turning left,V1: N  / V2: N,Dry,Daylight,Clear,0,0,47,23,TRUE,41.90857957,-71.36406078
3846,3/26/2005,March,Saturday,14:14,1,2,0,0,Rear-end,V1: Travelling straight ahead / V2: Slowing or stopped in traffic,V1: S  / V2: S,Dry,Daylight,Clear,0,0,47,23,TRUE,34.24438675,-73.6513909
3847,3/27/2005,March,Sunday,1:20,1,1,0,0,Single vehicle crash,V1: Travelling straight ahead,V1: E,Dry,Dark - roadway not lighted,Clear,0,0,51,22,TRUE,41.90904399,-71.30382931
3848,3/28/2005,March,Monday,7:16,1,2,0,0,Angle,V1: Entering traffic lane / V2: Travelling straight ahead,V1: W  / V2: S,Dry,Daylight,Clear,3.93,0,45,32,TRUE,41.94292045,-71.27681606
3849,3/28/2005,March,Monday,9:30,1,2,0,0,Angle,V1: Travelling straight ahead / V2: Travelling straight ahead,V1: 0 / V2: 0,Wet,Daylight,Rain,3.93,0,45,32,TRUE,41.94444966,-71.2795884
3850,3/29/2005,March,Tuesday,7:45,1,2,0,0,Rear-end,V1: Slowing or stopped in traffic / V2: Travelling straight ahead,V1: N  / V2: N,Dry,Daylight,Clear,0.29,0,49,40,FALSE,34.24438675,-73.6513909
3851,3/29/2005,March,Tuesday,13:12,2,1,1,0,Single vehicle crash,V1: Turning right,V1: 0,Dry,Daylight,Clear,0.29,0,49,40,FALSE,34.24438675,-73.6513909
3852,3/29/2005,March,Tuesday,23:58,2,2,1,0,Head-on,V1: Turning right / V2: Travelling straight ahead,V1: E  / V2: W,Dry,Dark - lighted roadway,Clear,0.29,0,49,40,FALSE,41.93620757,-71.28444619
3853,3/30/2005,March,Wednesday,7:10,1,2,0,0,Angle,V1: Travelling straight ahead / V2: Turning left,V1: E  / V2: N,Dry,Daylight,Clear,0,0,59,35,FALSE,41.93806227,-71.29125944
3854,3/30/2005,March,Wednesday,8:50,2,3,2,0,Angle,V1: Travelling straight ahead / V2: Travelling straight ahead / V3: Travelling straight ahead,V1: S  / V2: E  / V3: W,Dry,Daylight,Clear,0,0,59,35,FALSE,41.92508738,-71.35628348
3855,3/30/2005,March,Wednesday,12:00,1,2,0,0,Rear-end,V1: Travelling straight ahead / V2: Travelling straight ahead,V1: S  / V2: S,Dry,Daylight,Clear,0,0,59,35,FALSE,41.93750876,-71.31688223
3856,3/30/2005,March,Wednesday,17:43,1,2,0,0,"Sideswipe, same direction",V1: Entering traffic lane / V2: Travelling straight ahead,V1: N  / V2: N,Dry,Dusk,Cloudy,0,0,59,35,FALSE,41.91325585,-71.3590575
3857,3/31/2005,March,Thursday,13:19,1,1,0,0,Single vehicle crash,V1: Travelling straight ahead,V1: N,Dry,Daylight,Clear,0,0,54,29,TRUE,34.24438675,-73.6513909
3858,3/31/2005,March,Thursday,15:50,2,2,1,0,Rear-end,V1: Slowing or stopped in traffic / V2: Slowing or stopped in traffic,V1: S  / V2: S,Dry,Daylight,Clear,0,0,54,29,TRUE,34.24438675,-73.6513909
3859,4/1/2005,April,Friday,2:58,1,1,0,0,Single vehicle crash,V1: Travelling straight ahead,V1: W,Wet,Dark - lighted roadway,Rain,0.02,0,61,36,FALSE,41.91884243,-71.24971614
3860,4/2/2005,April,Saturday,3:12,1,1,0,0,Single vehicle crash,V1: Travelling straight ahead,V1: N,Wet,Dark - lighted roadway,Cloudy/Rain,1.2,0,55,37,FALSE,41.92014284,-71.35719783
3861,4/2/2005,April,Saturday,16:25,2,3,2,0,Angle,V1: Turning left / V2: Slowing or stopped in traffic / V3: Travelling straight ahead,V1: W  / V2: N  / V3: N,Dry,Daylight,Cloudy,1.2,0,55,37,FALSE,41.9110765,-71.36278231
3862,4/2/2005,April,Saturday,18:40,1,1,0,0,Angle,V1: Travelling straight ahead,V1: N,Dry,Dark - lighted roadway,Cloudy,1.2,0,55,37,FALSE,41.92913729,-71.35380452
3863,4/3/2005,April,Sunday,1:30,1,1,0,0,Single vehicle crash,V1: Travelling straight ahead,V1: 0,Wet,Dark - lighted roadway,Rain,0.57,0,55,40,FALSE,34.24438675,-73.6513909
3864,4/4/2005,April,Monday,4:35,1,2,0,0,Angle,V1: Turning left / V2: Travelling straight ahead,V1: W  / V2: E,Dry,Daylight,Clear,0.02,0,56,39,FALSE,34.24438675,-73.6513909
3865,4/4/2005,April,Monday,10:53,2,2,1,0,Head-on,V1: Turning left / V2: Travelling straight ahead,V1: E  / V2: W,Dry,Daylight,Clear,0.02,0,56,39,FALSE,41.94757814,-71.27890389
3866,4/4/2005,April,Monday,12:54,2,2,1,0,Rear-end,V1: Travelling straight ahead / V2: Slowing or stopped in traffic,V1: N  / V2: N,Dry,Daylight,Clear,0.02,0,56,39,FALSE,34.24438675,-73.6513909
3867,4/5/2005,April,Tuesday,7:03,2,2,2,0,Rear-end,V1: Travelling straight ahead / V2: Slowing or stopped in traffic,V1: N  / V2: N,Dry,Daylight,Clear,0,0,66,32,TRUE,41.91864081,-71.31756615
3868,4/5/2005,April,Tuesday,14:25,1,1,0,0,Single vehicle crash,V1: Travelling straight ahead,V1: W,Dry,Daylight,Clear,0,0,66,32,TRUE,41.94407335,-71.28471353
3869,4/5/2005,April,Tuesday,17:15,2,1,1,0,Single vehicle crash,V1: Travelling straight ahead,V1: S,Dry,Daylight,Clear,0,0,66,32,TRUE,34.24438675,-73.6513909
3870,4/5/2005,April,Tuesday,17:50,1,2,0,0,Rear-end,V1: Slowing or stopped in traffic / V2: Travelling straight ahead,V1: 0 / V2: 0,Dry,Daylight,Clear,0,0,66,32,TRUE,41.93623387,-71.28481203
3871,4/6/2005,April,Wednesday,15:10,2,2,1,0,Rear-end,V1: Travelling straight ahead / V2: Turning right,V1: N  / V2: N,Dry,Daylight,Clear,0,0,66,38,FALSE,41.92718572,-71.345177
3872,4/6/2005,April,Wednesday,15:45,1,2,0,0,Angle,V1: Entering traffic lane / V2: Travelling straight ahead,V1: S  / V2: S,Dry,Daylight,Clear,0,0,66,38,FALSE,41.93306281,-71.28502226
3873,4/6/2005,April,Wednesday,22:02,1,2,0,0,Angle,V1: Turning right / V2: Slowing or stopped in traffic,V1: N  / V2: W,Dry,Dark - lighted roadway,Clear,0,0,66,38,FALSE,41.92614915,-71.34628794
3874,4/7/2005,April,Thursday,7:45,2,1,1,0,Rear-end,V1: Slowing or stopped in traffic,V1: S,Dry,Daylight,Clear,0.19,0,71,41,FALSE,41.89903243,-71.355186
3875,4/7/2005,April,Thursday,10:39,1,2,0,0,"Sideswipe, same direction",V1: Leaving traffic lane / V2: Parked,V1: W  / V2: 0,Dry,Dark - 0 roadway lighting,Clear,0.19,0,71,41,FALSE,41.89581483,-71.36860406
3876,4/7/2005,April,Thursday,14:40,1,2,0,0,Rear-end,V1: Slowing or stopped in traffic / V2: Travelling straight ahead,V1: E  / V2: E,Dry,Daylight,Clear,0.19,0,71,41,FALSE,41.93269195,-71.32821357
3877,4/8/2005,April,Friday,8:00,2,2,2,0,Rear-end,V1: Slowing or stopped in traffic / V2: Travelling straight ahead,V1: N  / V2: N,Dry,Dusk,Clear,0.42,0,58,38,FALSE,41.90242499,-71.35655152
3878,4/8/2005,April,Friday,19:33,3,1,2,1,Single vehicle crash,V1: Changing lanes,V1: S,Dry,Dusk,Clear,0.42,0,58,38,FALSE,41.90223036,-71.35721945
3879,4/8/2005,April,Friday,20:23,2,2,4,0,Angle,V1: Turning left / V2: Travelling straight ahead,V1: E  / V2: N,Dry,Dark - lighted roadway,Clear,0.42,0,58,38,FALSE,41.91954079,-71.25775248
3880,4/8/2005,April,Friday,20:47,1,4,0,0,Angle,V1: Travelling straight ahead / V2: Travelling straight ahead / V3: Travelling straight ahead / V4: Travelling straight ahead,V1: S  / V2: S  / V3: S  / V4: S,Dry,Dark - roadway not lighted,Clear,0.42,0,58,38,FALSE,41.90272719,-71.35550871
3881,4/8/2005,April,Friday,20:50,1,3,0,0,Rear-end,V1: Slowing or stopped in traffic / V2: Slowing or stopped in traffic / V3: Travelling straight ahead,V1: S  / V2: S  / V3: S,Dry,Dark - roadway not lighted,Clear,0.42,0,58,38,FALSE,41.90272719,-71.35550871
3882,4/9/2005,April,Saturday,15:28,1,2,0,0,Angle,V1: Travelling straight ahead / V2: Travelling straight ahead,V1: E  / V2: S,Dry,Daylight,Clear,0,0,60,34,FALSE,41.93946861,-71.28168616
3883,4/10/2005,April,Sunday,13:43,2,2,1,0,Angle,V1: Travelling straight ahead / V2: Turning left,V1: S  / V2: S,Dry,Daylight,Clear,0,0,71,31,TRUE,41.91982212,-71.35857678
3884,4/10/2005,April,Sunday,14:00,1,2,0,0,Rear-end,V1: Entering traffic lane / V2: Entering traffic lane,V1: S  / V2: S,Dry,Daylight,Clear,0,0,71,31,TRUE,41.90223058,-71.35625816
3885,4/10/2005,April,Sunday,14:45,1,1,0,0,Single vehicle crash,V1: Travelling straight ahead,V1: S,Dry,Daylight,Clear,0,0,71,31,TRUE,41.90238589,-71.35672422
3886,4/10/2005,April,Sunday,18:19,1,2,0,0,Rear-end,V1: Travelling straight ahead / V2: Slowing or stopped in traffic,V1: E  / V2: E,Dry,Daylight,Cloudy,0,0,71,31,TRUE,41.92614915,-71.34628794
3887,4/11/2005,April,Monday,14:26,1,2,0,0,"Sideswipe, same direction",V1: Overtaking/passing / V2: 0,V1: S  / V2: S,Dry,Daylight,Clear,0,0,53,38,FALSE,41.94344652,-71.28559566
3888,4/11/2005,April,Monday,17:25,1,2,0,0,Rear-end,V1: Slowing or stopped in traffic / V2: Travelling straight ahead,V1: S  / V2: S,Dry,Daylight,Clear,0,0,53,38,FALSE,41.9589661,-71.30200935