ID,DATE,Month,Day of week,Crash Time,Crash Severity,Number of Vehicles,Total Nonfatal Injuries,Total Fatal Injuries,Manner of Collision,Vehicle Action Prior to Crash,Vehicle Travel Directions,Road Surface Condition,Ambient Light,Weather Condition,PRCP,SNOW,TMAX,TMIN,Ice,Longtitute,Latitute
3889,4/12/2005,April,Tuesday,16:15,2,2,3,0,Angle,V1: Travelling straight ahead / V2: Entering traffic lane,V1: S  / V2: E,Dry,Daylight,Cloudy,0,0,52,29,TRUE,41.9370756,-71.28238678
3890,4/14/2005,April,Thursday,2:34,1,4,0,0,Rear-end,V1: Slowing or stopped in traffic / V2: Slowing or stopped in traffic / V3: Slowing or stopped in traffic / V4: Travelling straight ahead,V1: E  / V2: E  / V3: E  / V4: E,Dry,Daylight,Clear,0,0,54,30,TRUE,41.96606247,-71.29238172
3891,4/14/2005,April,Thursday,8:10,2,2,1,0,Head-on,V1: Travelling straight ahead / V2: Travelling straight ahead,V1: S  / V2: N,Dry,Daylight,Clear,0,0,54,30,TRUE,34.24438675,-73.6513909
3892,4/14/2005,April,Thursday,14:08,1,2,0,0,Rear-end,V1: Travelling straight ahead / V2: Travelling straight ahead,V1: N  / V2: N,Dry,Daylight,Clear,0,0,54,30,TRUE,41.95949687,-71.28775942
3893,4/15/2005,April,Friday,7:15,1,3,0,0,Rear-end,V1: Slowing or stopped in traffic / V2: Travelling straight ahead / V3: Slowing or stopped in traffic,V1: S  / V2: S  / V3: S,Dry,Daylight,Clear,0,0,53,30,TRUE,41.93623387,-71.28481203
3894,4/15/2005,April,Friday,7:20,2,3,3,0,Rear-end,V1: Travelling straight ahead / V2: Slowing or stopped in traffic / V3: Slowing or stopped in traffic,V1: E  / V2: E  / V3: E,Dry,Daylight,Clear,0,0,53,30,TRUE,34.24438675,-73.6513909
3895,4/15/2005,April,Friday,8:10,1,2,0,0,Angle,V1: Travelling straight ahead / V2: 0,V1: W  / V2: 0,Dry,Daylight,Clear,0,0,53,30,TRUE,41.9317298,-71.3012081
3896,4/15/2005,April,Friday,14:00,1,2,0,0,Angle,V1: Travelling straight ahead / V2: Entering traffic lane,V1: S  / V2: N,Dry,Daylight,Clear,0,0,53,30,TRUE,41.96206395,-71.28805376
3897,4/15/2005,April,Friday,17:00,2,2,1,0,Rear-end,V1: Slowing or stopped in traffic / V2: Travelling straight ahead,V1: W  / V2: W,Dry,Daylight,Clear,0,0,53,30,TRUE,41.95329818,-71.27835521
3898,4/16/2005,April,Saturday,15:15,2,2,1,0,Angle,V1: Entering traffic lane / V2: Travelling straight ahead,V1: E  / V2: S,Dry,Daylight,Clear,0,0,58,27,TRUE,41.92242117,-71.25900962
3899,4/16/2005,April,Saturday,17:00,1,2,0,0,Rear-end,V1: Travelling straight ahead / V2: Slowing or stopped in traffic,V1: W  / V2: W,Dry,Daylight,Clear,0,0,58,27,TRUE,41.90500517,-71.33616438
3900,4/16/2005,April,Saturday,20:05,1,2,0,0,Angle,V1: Turning left / V2: Travelling straight ahead,V1: W  / V2: N,Dry,Dark - lighted roadway,Clear,0,0,58,27,TRUE,34.24438675,-73.6513909
3901,4/17/2005,April,Sunday,9:32,1,1,0,0,Single vehicle crash,V1: 0,V1: 0,Dry,Daylight,Clear,0,0,76,28,TRUE,41.90420087,-71.31961643
3902,4/17/2005,April,Sunday,10:10,2,2,1,0,0,V1: Turning left / V2: Travelling straight ahead,V1: S  / V2: W,Dry,Daylight,Clear,0,0,76,28,TRUE,41.93806227,-71.29125944
3903,4/17/2005,April,Sunday,14:40,0,2,0,0,Rear-end,V1: Travelling straight ahead / V2: Travelling straight ahead,V1: N  / V2: N,Dry,Daylight,Clear,0,0,76,28,TRUE,41.93269195,-71.32821357
3904,4/17/2005,April,Sunday,19:02,2,1,1,0,Single vehicle crash,V1: Travelling straight ahead,V1: W,Dry,Daylight,Clear,0,0,76,28,TRUE,41.93359498,-71.32343741
3905,4/18/2005,April,Monday,6:48,1,2,0,0,"Sideswipe, opposite direction",V1: Turning left / V2: Turning left,V1: W  / V2: E,Dry,Daylight,Clear,0,0,74,40,FALSE,41.94757814,-71.27890389
3906,4/18/2005,April,Monday,15:00,1,2,0,0,Rear-end,V1: Entering traffic lane / V2: Travelling straight ahead,V1: S  / V2: S,Dry,Daylight,Clear,0,0,74,40,FALSE,34.24438675,-73.6513909
3907,4/18/2005,April,Monday,15:20,2,2,2,0,Rear-end,V1: Travelling straight ahead / V2: Slowing or stopped in traffic,V1: S  / V2: S,Dry,Daylight,Clear,0,0,74,40,FALSE,34.24438675,-73.6513909
3908,4/19/2005,April,Tuesday,8:38,1,2,0,0,Head-on,V1: Turning left / V2: Travelling straight ahead,V1: N  / V2: S,Dry,Daylight,Clear,0,0,77,34,FALSE,41.93421769,-71.2996754
3909,4/19/2005,April,Tuesday,10:35,1,2,0,0,Angle,V1: 0 / V2: 0,V1: 0 / V2: 0,Dry,Daylight,Clear,0,0,77,34,FALSE,41.9431854,-71.28426061
3910,4/19/2005,April,Tuesday,14:35,1,2,0,0,Angle,V1: Travelling straight ahead / V2: Travelling straight ahead,V1: N  / V2: E,Dry,Daylight,Clear,0,0,77,34,FALSE,41.9348634,-71.29887283
3911,4/19/2005,April,Tuesday,14:45,1,2,0,0,Rear-end,V1: Travelling straight ahead / V2: Entering traffic lane,V1: S  / V2: S,Dry,Daylight,Clear,0,0,77,34,FALSE,34.24438675,-73.6513909
3912,4/19/2005,April,Tuesday,15:30,1,2,0,0,"Sideswipe, same direction",V1: Travelling straight ahead / V2: Travelling straight ahead,V1: E  / V2: 0,Dry,Daylight,Clear,0,0,77,34,FALSE,41.9208389,-71.35608087
3913,4/19/2005,April,Tuesday,17:03,1,3,0,0,Rear-end,V1: Travelling straight ahead / V2: Travelling straight ahead / V3: Travelling straight ahead,V1: E  / V2: E  / V3: E,Dry,Daylight,Clear,0,0,77,34,FALSE,41.93625444,-71.2961323
3914,4/20/2005,April,Wednesday,18:14,1,2,0,0,"Sideswipe, same direction",V1: Turning right / V2: Turning right,V1: W  / V2: W,Dry,Daylight,Clear,0.04,0,88,49,FALSE,41.92241545,-71.31336866
3915,4/20/2005,April,Wednesday,19:30,1,2,0,0,"Sideswipe, opposite direction",V1: Travelling straight ahead / V2: Travelling straight ahead,V1: E  / V2: N,Dry,Daylight,Clear,0.04,0,88,49,FALSE,41.93528504,-71.29579463
3916,4/21/2005,April,Thursday,8:43,1,2,0,0,Angle,V1: Entering traffic lane / V2: Travelling straight ahead,V1: N  / V2: E,Dry,Daylight,Clear,0.08,0,63,37,FALSE,41.93409346,-71.29982899
3917,4/21/2005,April,Thursday,10:45,0,2,0,0,Rear-end,V1: Slowing or stopped in traffic / V2: Travelling straight ahead,V1: E  / V2: 0,Dry,Daylight,Clear,0.08,0,63,37,FALSE,41.90235094,-71.35584139
3918,4/21/2005,April,Thursday,12:35,2,1,1,0,0,V1: Turning right,V1: E,Dry,Daylight,Clear,0.08,0,63,37,FALSE,41.94786099,-71.28840568
3919,4/21/2005,April,Thursday,14:21,1,2,0,0,Angle,V1: Turning left / V2: Travelling straight ahead,V1: S  / V2: N,Dry,Daylight,Clear,0.08,0,63,37,FALSE,41.94140605,-71.28436439
3920,4/21/2005,April,Thursday,18:07,1,3,0,0,Rear-end,V1: Travelling straight ahead / V2: Slowing or stopped in traffic / V3: Slowing or stopped in traffic,V1: N  / V2: N  / V3: N,Dry,Daylight,Clear,0.08,0,63,37,FALSE,41.92900797,-71.28446457
3921,4/21/2005,April,Thursday,18:35,1,2,0,0,"Sideswipe, same direction",V1: Overtaking/passing / V2: Turning right,V1: E  / V2: E,Dry,Daylight,Clear,0.08,0,63,37,FALSE,41.91246261,-71.27433648
3922,4/21/2005,April,Thursday,20:30,2,2,1,0,Rear-end,V1: Travelling straight ahead / V2: Slowing or stopped in traffic,V1: N  / V2: N,Dry,Dark - lighted roadway,Clear,0.08,0,63,37,FALSE,41.92120037,-71.35797439
3923,4/22/2005,April,Friday,2:20,1,1,0,0,0,V1: Entering traffic lane,V1: N,Dry,Daylight,Clear,0,0,60,31,TRUE,34.24438675,-73.6513909
3924,4/22/2005,April,Friday,4:30,1,1,0,0,0,V1: Slowing or stopped in traffic,V1: E,Dry,Daylight,Clear,0,0,60,31,TRUE,41.89841145,-71.37009489
3925,4/22/2005,April,Friday,15:48,2,2,1,0,"Sideswipe, opposite direction",V1: Travelling straight ahead / V2: Travelling straight ahead,V1: N  / V2: W,Dry,Daylight,Clear,0,0,60,31,TRUE,41.93524005,-71.27513601
3926,4/22/2005,April,Friday,18:56,1,2,0,0,Angle,V1: Turning left / V2: Travelling straight ahead,V1: N  / V2: S,Dry,Dusk,Cloudy,0,0,60,31,TRUE,41.90977921,-71.35796106
3927,4/23/2005,April,Saturday,20:53,1,2,0,0,Rear-end,V1: Travelling straight ahead / V2: Slowing or stopped in traffic,V1: S  / V2: S,Wet,Dark - lighted roadway,Cloudy,0.3,0,66,44,FALSE,41.92644259,-71.35554103
3928,4/24/2005,April,Sunday,5:10,1,2,0,0,0,V1: Slowing or stopped in traffic / V2: Travelling straight ahead,V1: S  / V2: S,Dry,Daylight,Clear,0.67,0,61,40,FALSE,34.24438675,-73.6513909
3929,4/24/2005,April,Sunday,6:10,2,1,1,0,Single vehicle crash,V1: Travelling straight ahead,V1: S,Wet,Dawn,Rain,0.67,0,61,40,FALSE,34.24438675,-73.6513909
3930,4/25/2005,April,Monday,9:00,1,2,0,0,Angle,V1: Travelling straight ahead / V2: Travelling straight ahead,V1: E  / V2: N,Wet,Daylight,Cloudy/Rain,0.1,0,51,41,FALSE,41.95448967,-71.2536831
3931,4/25/2005,April,Monday,16:00,1,1,0,0,Single vehicle crash,V1: Travelling straight ahead,V1: E,Dry,Daylight,Clear,0.1,0,51,41,FALSE,41.8992939,-71.37835241
3932,4/25/2005,April,Monday,20:52,1,2,0,0,"Sideswipe, opposite direction",V1: Travelling straight ahead / V2: Turning right,V1: E  / V2: W,Dry,Dark - lighted roadway,Cloudy,0.1,0,51,41,FALSE,41.93520868,-71.28488286
3933,4/26/2005,April,Tuesday,12:51,2,2,1,0,Head-on,V1: Travelling straight ahead / V2: Travelling straight ahead,V1: W  / V2: S,Dry,Daylight,Clear,0,0,68,36,FALSE,41.95026372,-71.2985466
3934,4/26/2005,April,Tuesday,15:36,1,2,0,0,Angle,V1: Turning left / V2: Travelling straight ahead,V1: W  / V2: S,Dry,Daylight,Clear,0,0,68,36,FALSE,41.95484304,-71.28856385
3935,4/26/2005,April,Tuesday,23:31,1,2,0,0,Angle,V1: Travelling straight ahead / V2: Travelling straight ahead,V1: W  / V2: S,Dry,Dark - lighted roadway,Clear,0,0,68,36,FALSE,41.90428277,-71.33495939
3936,4/27/2005,April,Wednesday,7:10,1,2,0,0,Rear-end,V1: Travelling straight ahead / V2: Slowing or stopped in traffic,V1: W  / V2: W,Wet,Daylight,Rain,0.67,0,56,51,FALSE,41.9341021,-71.30369928
3937,4/27/2005,April,Wednesday,11:50,1,1,0,0,Single vehicle crash,V1: Travelling straight ahead,V1: S,Wet,Daylight,Rain,0.67,0,56,51,FALSE,34.24438675,-73.6513909
3938,4/27/2005,April,Wednesday,14:22,1,3,0,0,Rear-end,V1: Travelling straight ahead / V2: Slowing or stopped in traffic / V3: Slowing or stopped in traffic,V1: N  / V2: N  / V3: N,Wet,Daylight,Rain,0.67,0,56,51,FALSE,34.24438675,-73.6513909
3939,4/28/2005,April,Thursday,0:10,1,2,0,0,Angle,V1: Turning left / V2: Travelling straight ahead,V1: S  / V2: S,Wet,Dark - lighted roadway,Cloudy/Rain,0.06,0,65,41,FALSE,41.90325436,-71.31889204
3940,4/28/2005,April,Thursday,17:00,1,2,0,0,0,V1: Travelling straight ahead / V2: Slowing or stopped in traffic,V1: E  / V2: 0,Dry,Daylight,Clear,0.06,0,65,41,FALSE,34.24438675,-73.6513909
3941,4/28/2005,April,Thursday,17:01,1,3,0,0,Single vehicle crash,V1: Travelling straight ahead / V2: Travelling straight ahead / V3: Travelling straight ahead,V1: S  / V2: S  / V3: S,Dry,Daylight,Clear,0.06,0,65,41,FALSE,34.24438675,-73.6513909
3942,4/29/2005,April,Friday,7:41,1,2,0,0,Rear-end,V1: Turning right / V2: Parked,V1: E  / V2: 0,Dry,Daylight,Clear,0,0,63,39,FALSE,41.95339081,-71.29196291
3943,4/29/2005,April,Friday,12:41,2,2,1,0,Rear-end,V1: Travelling straight ahead / V2: Slowing or stopped in traffic,V1: S  / V2: S,Dry,Daylight,Clear,0,0,63,39,FALSE,41.9207847,-71.3572417
3944,4/30/2005,April,Saturday,7:30,1,2,0,0,Angle,V1: Travelling straight ahead / V2: Travelling straight ahead,V1: S  / V2: W,Wet,Daylight,Cloudy/Rain,0.71,0,56,45,FALSE,41.94330896,-71.27265641
3945,4/30/2005,April,Saturday,8:15,2,2,1,0,Angle,V1: Turning left / V2: Travelling straight ahead,V1: S  / V2: N,Wet,Daylight,Cloudy,0.71,0,56,45,FALSE,41.90998013,-71.35802082
3946,4/30/2005,April,Saturday,13:15,0,2,0,0,Angle,V1: Parked / V2: 0,V1: 0 / V2: 0,Wet,Daylight,Rain,0.71,0,56,45,FALSE,41.93953685,-71.28332021
3947,5/1/2005,May,Sunday,11:51,1,2,0,0,Angle,V1: Travelling straight ahead / V2: 0,V1: 0 / V2: 0,Wet,Daylight,Rain,0.16,0,59,45,FALSE,41.95428602,-71.28497548
3948,5/1/2005,May,Sunday,14:38,2,2,2,0,Rear-end,V1: Travelling straight ahead / V2: Slowing or stopped in traffic,V1: S  / V2: S,Dry,Daylight,Cloudy,0.16,0,59,45,FALSE,41.89968132,-71.35531736
3949,5/2/2005,May,Monday,12:58,2,2,2,0,Rear-end,V1: Travelling straight ahead / V2: Turning left,V1: S  / V2: E,Dry,Daylight,Cloudy,0.06,0,64,37,FALSE,41.95819153,-71.29650333
3950,5/3/2005,May,Tuesday,14:52,2,3,2,0,Rear-end,V1: Travelling straight ahead / V2: Travelling straight ahead / V3: Travelling straight ahead,V1: E  / V2: E  / V3: E,Dry,Daylight,Clear,0,0,61,39,FALSE,34.24438675,-73.6513909
3951,5/3/2005,May,Tuesday,16:26,2,2,2,0,Rear-end,V1: Travelling straight ahead / V2: Travelling straight ahead,V1: S  / V2: S,Dry,Daylight,Clear,0,0,61,39,FALSE,41.96923741,-71.29606167
3952,5/3/2005,May,Tuesday,17:00,1,2,0,0,Rear-end,V1: Slowing or stopped in traffic / V2: Travelling straight ahead,V1: S  / V2: S,Dry,Daylight,Clear,0,0,61,39,FALSE,41.92508738,-71.35628348
3953,5/4/2005,May,Wednesday,18:45,1,2,0,0,Rear-to-rear,V1: 0 / V2: 0,V1: 0 / V2: 0,Dry,Daylight,Clear,0,0,60,39,FALSE,41.94470433,-71.2812252
3954,5/6/2005,May,Friday,5:45,1,3,0,0,Angle,V1: Turning right / V2: Travelling straight ahead / V3: Travelling straight ahead,V1: N  / V2: N  / V3: N,Dry,Daylight,Cloudy,0.15,0,55,36,FALSE,41.956426,-71.30313034
3955,5/6/2005,May,Friday,6:44,1,2,0,0,Rear-end,V1: Slowing or stopped in traffic / V2: Travelling straight ahead,V1: S  / V2: S,Dry,Daylight,Clear,0.15,0,55,36,FALSE,41.93393836,-71.3077318
3956,5/6/2005,May,Friday,16:22,1,1,0,0,Single vehicle crash,V1: Travelling straight ahead,V1: E,Dry,Daylight,Cloudy,0.15,0,55,36,FALSE,34.24438675,-73.6513909
3957,5/6/2005,May,Friday,23:00,1,1,0,0,Single vehicle crash,V1: Travelling straight ahead,V1: 0,Wet,Dark - lighted roadway,Cloudy/Rain,0.15,0,55,36,FALSE,41.93723012,-71.28375224
3958,5/7/2005,May,Saturday,8:15,2,2,3,0,Angle,V1: Travelling straight ahead / V2: Travelling straight ahead,V1: W  / V2: S,Wet,Dark - lighted roadway,Cloudy/Rain,0.92,0,46,40,FALSE,41.94845803,-71.30212015
3959,5/7/2005,May,Saturday,9:49,2,2,2,0,Angle,V1: Entering traffic lane / V2: Travelling straight ahead,V1: W  / V2: N,Wet,Daylight,Rain,0.92,0,46,40,FALSE,41.91553973,-71.36051813
3960,5/7/2005,May,Saturday,10:00,2,2,1,0,Angle,V1: Entering traffic lane / V2: Travelling straight ahead,V1: N  / V2: S,Wet,Daylight,Rain,0.92,0,46,40,FALSE,34.24438675,-73.6513909
3961,5/7/2005,May,Saturday,15:45,1,2,0,0,Rear-end,V1: Travelling straight ahead / V2: Slowing or stopped in traffic,V1: S  / V2: S,Wet,Daylight,Cloudy/Rain,0.92,0,46,40,FALSE,41.92644259,-71.35554103
3962,5/7/2005,May,Saturday,19:06,2,2,1,0,Angle,V1: Travelling straight ahead / V2: Turning left,V1: N  / V2: E,Wet,Daylight,Cloudy/Rain,0.92,0,46,40,FALSE,34.24438675,-73.6513909
3963,5/8/2005,May,Sunday,0:24,2,1,1,0,Single vehicle crash,V1: Travelling straight ahead,V1: 0,Wet,Dark - lighted roadway,Cloudy/Rain,0.04,0,50,41,FALSE,41.90500517,-71.33616438
3964,5/8/2005,May,Sunday,2:14,2,1,1,0,Single vehicle crash,V1: Travelling straight ahead,V1: S,Wet,Dark - lighted roadway,Rain,0.04,0,50,41,FALSE,41.90332332,-71.33159472
3965,5/10/2005,May,Tuesday,8:20,1,2,0,0,Rear-end,V1: Slowing or stopped in traffic / V2: Slowing or stopped in traffic,V1: E  / V2: S,Dry,Daylight,Clear,0,0,71,48,FALSE,41.93403731,-71.30601704
3966,5/11/2005,May,Wednesday,4:30,1,2,0,0,Rear-end,V1: Travelling straight ahead / V2: Slowing or stopped in traffic,V1: N  / V2: N,Dry,Dark - lighted roadway,Clear,0,0,72,44,FALSE,41.9443678,-71.28411844
3967,5/11/2005,May,Wednesday,7:38,1,3,0,0,"Sideswipe, same direction",V1: Travelling straight ahead / V2: Slowing or stopped in traffic / V3: Slowing or stopped in traffic,V1: N  / V2: N  / V3: 0,Dry,Daylight,Clear,0,0,72,44,FALSE,41.93397764,-71.31903245
3968,5/11/2005,May,Wednesday,8:53,1,2,0,0,Angle,V1: Turning left / V2: Travelling straight ahead,V1: E  / V2: N,Dry,Daylight,Clear,0,0,72,44,FALSE,41.93742983,-71.26519759
3969,5/11/2005,May,Wednesday,9:01,1,2,0,0,0,V1: Travelling straight ahead / V2: Travelling straight ahead,V1: S  / V2: S,Dry,Daylight,Cloudy,0,0,72,44,FALSE,41.94666472,-71.28742757
3970,5/11/2005,May,Wednesday,13:45,0,2,0,0,Angle,V1: Entering traffic lane / V2: Travelling straight ahead,V1: E  / V2: S,Dry,Daylight,Clear,0,0,72,44,FALSE,41.96643836,-71.29074265
3971,5/11/2005,May,Wednesday,14:18,1,2,0,0,Angle,V1: Turning left / V2: Turning left,V1: E  / V2: E,Dry,Daylight,Clear,0,0,72,44,FALSE,41.94344652,-71.28559566
3972,5/11/2005,May,Wednesday,20:53,1,2,0,0,Angle,V1: Entering traffic lane / V2: Travelling straight ahead,V1: S  / V2: W,Dry,Dark - lighted roadway,Cloudy,0,0,72,44,FALSE,34.24438675,-73.6513909
3973,5/12/2005,May,Thursday,8:10,0,2,0,0,"Sideswipe, opposite direction",V1: Travelling straight ahead / V2: Travelling straight ahead,V1: S  / V2: N,Dry,Daylight,Clear,0,0,64,42,FALSE,41.9224407,-71.35744057
3974,5/12/2005,May,Thursday,14:23,2,2,4,0,Rear-end,V1: Travelling straight ahead / V2: Slowing or stopped in traffic,V1: S  / V2: S,Dry,Daylight,Clear,0,0,64,42,FALSE,41.91562886,-71.36047108
3975,5/12/2005,May,Thursday,14:53,2,1,1,0,Single vehicle crash,V1: Travelling straight ahead,V1: W,Dry,Daylight,Clear,0,0,64,42,FALSE,41.94021849,-71.30088421
3976,5/13/2005,May,Friday,13:35,1,1,0,0,Rear-end,V1: Backing,V1: 0,Dry,Daylight,Clear,0,0,65,34,FALSE,41.93978547,-71.28463014
3977,5/13/2005,May,Friday,18:46,1,2,0,0,"Sideswipe, same direction",V1: Making U-turn / V2: Travelling straight ahead,V1: N  / V2: S,Dry,Daylight,Clear,0,0,65,34,FALSE,41.9179709,-71.30053263
3978,5/14/2005,May,Saturday,12:10,1,2,0,0,Angle,V1: Turning right / V2: Travelling straight ahead,V1: S  / V2: S,Wet,Daylight,Cloudy,0,0,64,43,FALSE,41.94756901,-71.27685721
3979,5/14/2005,May,Saturday,17:45,2,2,1,0,Angle,V1: Travelling straight ahead / V2: Travelling straight ahead,V1: S  / V2: W,Dry,Daylight,Clear,0,0,64,43,FALSE,41.93623387,-71.28481203
3980,5/14/2005,May,Saturday,19:15,2,1,3,0,Single vehicle crash,V1: Other,V1: S,Dry,Daylight,Clear,0,0,64,43,FALSE,41.90257689,-71.3560405
3981,5/15/2005,May,Sunday,18:45,3,1,0,1,Single vehicle crash,V1: Travelling straight ahead,V1: W,Dry,Daylight,Cloudy,0.05,0,66,44,FALSE,41.93820805,-71.2448316
3982,5/16/2005,May,Monday,9:01,1,2,0,0,"Sideswipe, same direction",V1: Turning right / V2: Parked,V1: N  / V2: N,Dry,Daylight,Cloudy,0.08,0,64,43,FALSE,41.91249235,-71.27015543
3983,5/16/2005,May,Monday,9:42,1,2,0,0,Angle,V1: Entering traffic lane / V2: Travelling straight ahead,V1: N  / V2: E,Dry,Daylight,Clear,0.08,0,64,43,FALSE,41.93014481,-71.29714681
3984,5/16/2005,May,Monday,11:54,2,2,1,0,Rear-end,V1: Travelling straight ahead / V2: Slowing or stopped in traffic,V1: S  / V2: 0,Dry,Daylight,Clear,0.08,0,64,43,FALSE,41.92954857,-71.33807203
3985,5/16/2005,May,Monday,16:53,1,2,0,0,Angle,V1: Travelling straight ahead / V2: Turning left,V1: N  / V2: W,Dry,Daylight,Clear,0.08,0,64,43,FALSE,41.91653724,-71.36001753
3986,5/17/2005,May,Tuesday,9:11,2,2,2,0,Angle,V1: Travelling straight ahead / V2: Slowing or stopped in traffic,V1: N  / V2: E,Dry,Daylight,Clear,0,0,67,48,FALSE,41.95180679,-71.2898592
3987,5/17/2005,May,Tuesday,10:35,1,2,0,0,Rear-end,V1: Travelling straight ahead / V2: Slowing or stopped in traffic,V1: S  / V2: S,Dry,Daylight,Clear,0,0,67,48,FALSE,41.93920171,-71.29154003
3988,5/17/2005,May,Tuesday,12:08,2,2,2,0,Angle,V1: Travelling straight ahead / V2: Entering traffic lane,V1: S  / V2: W,Dry,Daylight,Clear,0,0,67,48,FALSE,41.94625923,-71.28694634
3989,5/17/2005,May,Tuesday,13:39,2,2,1,0,Angle,V1: Entering traffic lane / V2: Travelling straight ahead,V1: 0 / V2: 0,Dry,Daylight,Clear,0,0,67,48,FALSE,34.24438675,-73.6513909
3990,5/18/2005,May,Wednesday,10:20,2,2,1,0,Rear-end,V1: Slowing or stopped in traffic / V2: Travelling straight ahead,V1: E  / V2: E,Dry,Daylight,Clear,0.05,0,60,46,FALSE,34.24438675,-73.6513909
3991,5/18/2005,May,Wednesday,12:45,1,3,0,0,Rear-end,V1: Travelling straight ahead / V2: Slowing or stopped in traffic / V3: Travelling straight ahead,V1: N  / V2: N  / V3: S,Dry,Daylight,Cloudy,0.05,0,60,46,FALSE,41.91193931,-71.35877489
3992,5/18/2005,May,Wednesday,13:03,1,2,0,0,Angle,V1: Travelling straight ahead / V2: Turning left,V1: S  / V2: W,Wet,Daylight,Rain,0.05,0,60,46,FALSE,41.94756901,-71.27685721
3993,5/18/2005,May,Wednesday,13:20,1,2,0,0,Angle,V1: Turning left / V2: Turning left,V1: S  / V2: E,Dry,Daylight,Cloudy,0.05,0,60,46,FALSE,41.91035947,-71.36314658
3994,5/18/2005,May,Wednesday,16:15,1,2,0,0,Angle,V1: Travelling straight ahead / V2: Travelling straight ahead,V1: N  / V2: N,Dry,Daylight,Clear,0.05,0,60,46,FALSE,34.24438675,-73.6513909
3995,5/19/2005,May,Thursday,0:44,1,2,0,0,Angle,V1: Turning left / V2: Travelling straight ahead,V1: S  / V2: N,Wet,Daylight,Clear,0.02,0,66,44,FALSE,41.94430701,-71.30913523
3996,5/19/2005,May,Thursday,6:40,1,2,0,0,Angle,V1: Travelling straight ahead / V2: Travelling straight ahead,V1: N  / V2: N,Dry,Daylight,Clear,0.02,0,66,44,FALSE,34.24438675,-73.6513909
3997,5/19/2005,May,Thursday,12:35,2,2,1,0,Rear-end,V1: Slowing or stopped in traffic / V2: Travelling straight ahead,V1: W  / V2: W,Dry,Daylight,Cloudy,0.02,0,66,44,FALSE,41.91711015,-71.37372238
3998,5/19/2005,May,Thursday,17:56,2,1,1,0,"Sideswipe, same direction",V1: 0,V1: E,Dry,Daylight,Clear,0.02,0,66,44,FALSE,41.90941911,-71.36738188
3999,5/20/2005,May,Friday,20:45,1,2,0,0,Angle,V1: Turning left / V2: Travelling straight ahead,V1: S  / V2: N,Dry,Dark - lighted roadway,Cloudy,0,0,66,42,FALSE,41.92508738,-71.35628348
4000,5/21/2005,May,Saturday,12:43,1,2,0,0,Rear-end,V1: Slowing or stopped in traffic / V2: Travelling straight ahead,V1: 0 / V2: 0,Dry,Daylight,Clear,0.04,0,54,41,FALSE,41.89787307,-71.36951365
4001,5/21/2005,May,Saturday,13:13,1,2,0,0,Angle,V1: Travelling straight ahead / V2: Turning left,V1: 0 / V2: 0,Dry,Daylight,Clear,0.04,0,54,41,FALSE,34.24438675,-73.6513909
4002,5/21/2005,May,Saturday,16:01,1,4,0,0,Rear-end,V1: Slowing or stopped in traffic / V2: Travelling straight ahead / V3: Slowing or stopped in traffic / V4: Travelling straight ahead,V1: S  / V2: S  / V3: S  / V4: S,Dry,Daylight,Cloudy,0.04,0,54,41,FALSE,34.24438675,-73.6513909
4003,5/22/2005,May,Sunday,11:01,1,2,0,0,Angle,V1: Entering traffic lane / V2: Travelling straight ahead,V1: S  / V2: E,Dry,Daylight,Clear,0.02,0,60,45,FALSE,41.93614012,-71.28373974
4004,5/22/2005,May,Sunday,11:39,1,3,0,0,Rear-end,V1: Slowing or stopped in traffic / V2: Slowing or stopped in traffic / V3: Slowing or stopped in traffic,V1: N  / V2: N  / V3: N,Dry,Daylight,Cloudy,0.02,0,60,45,FALSE,34.24438675,-73.6513909
4005,5/23/2005,May,Monday,7:54,1,2,0,0,"Sideswipe, opposite direction",V1: Turning left / V2: Travelling straight ahead,V1: S  / V2: N,Dry,Dark - lighted roadway,Snow,0.18,0,54,44,FALSE,41.92809659,-71.35436768
4006,5/23/2005,May,Monday,13:39,1,2,0,0,"Sideswipe, same direction",V1: Travelling straight ahead / V2: Travelling straight ahead,V1: N  / V2: N,Dry,Daylight,Clear,0.18,0,54,44,FALSE,41.92508738,-71.35628348
4007,5/23/2005,May,Monday,15:46,2,2,1,0,Rear-end,V1: Slowing or stopped in traffic / V2: Slowing or stopped in traffic,V1: S  / V2: S,Dry,Daylight,Cloudy,0.18,0,54,44,FALSE,34.24438675,-73.6513909
4008,5/23/2005,May,Monday,15:51,1,2,0,0,Single vehicle crash,V1: Entering traffic lane / V2: Travelling straight ahead,V1: N  / V2: E,Dry,Daylight,Clear,0.18,0,54,44,FALSE,34.24438675,-73.6513909
4009,5/23/2005,May,Monday,16:00,1,3,0,0,Angle,V1: Turning left / V2: Travelling straight ahead / V3: Slowing or stopped in traffic,V1: W  / V2: S  / V3: E,Dry,Daylight,Cloudy,0.18,0,54,44,FALSE,41.92508738,-71.35628348
4010,5/24/2005,May,Tuesday,7:04,1,2,0,0,Angle,V1: Turning left / V2: Travelling straight ahead,V1: N  / V2: E,Wet,Daylight,Cloudy/Rain,0.69,0,48,43,FALSE,34.24438675,-73.6513909
4011,5/24/2005,May,Tuesday,14:07,1,2,0,0,Rear-end,V1: Travelling straight ahead / V2: Travelling straight ahead,V1: N  / V2: N,Wet,Daylight,Cloudy/Rain,0.69,0,48,43,FALSE,41.9515834,-71.29702782
4012,5/24/2005,May,Tuesday,16:45,0,2,0,0,Angle,V1: Turning left / V2: Travelling straight ahead,V1: W  / V2: W,Dry,Daylight,Clear,0.69,0,48,43,FALSE,34.24438675,-73.6513909