ID,DATE,Month,Day of week,Crash Time,Crash Severity,Number of Vehicles,Total Nonfatal Injuries,Total Fatal Injuries,Manner of Collision,Vehicle Action Prior to Crash,Vehicle Travel Directions,Road Surface Condition,Ambient Light,Weather Condition,PRCP,SNOW,TMAX,TMIN,Ice,Longtitute,Latitute
4013,5/25/2005,May,Wednesday,6:40,2,2,2,0,Angle,V1: Turning left / V2: Travelling straight ahead,V1: N  / V2: W,0,Daylight,Cloudy/Rain,2.15,0,46,43,FALSE,34.24438675,-73.6513909
4014,5/25/2005,May,Wednesday,10:55,1,2,0,0,Angle,V1: Turning left / V2: Travelling straight ahead,V1: E  / V2: S,Wet,Daylight,Cloudy/Rain,2.15,0,46,43,FALSE,41.89618753,-71.37039513
4015,5/25/2005,May,Wednesday,12:20,1,2,0,0,Rear-end,V1: Slowing or stopped in traffic / V2: Slowing or stopped in traffic,V1: N  / V2: N,Wet,Daylight,Cloudy/Rain,2.15,0,46,43,FALSE,41.90857957,-71.36406078
4016,5/25/2005,May,Wednesday,13:15,1,3,0,0,Rear-end,V1: Travelling straight ahead / V2: Travelling straight ahead / V3: Slowing or stopped in traffic,V1: S  / V2: S  / V3: W,Wet,Daylight,Cloudy/Rain,2.15,0,46,43,FALSE,41.95287787,-71.26899686
4017,5/25/2005,May,Wednesday,20:04,1,1,0,0,Single vehicle crash,V1: Travelling straight ahead,V1: E,Wet,Dusk,Cloudy/Rain,2.15,0,46,43,FALSE,34.24438675,-73.6513909
4018,5/26/2005,May,Thursday,1:45,2,1,1,0,Single vehicle crash,V1: Travelling straight ahead,V1: N,Wet,Dark - lighted roadway,Rain,0.34,0,53,45,FALSE,34.24438675,-73.6513909
4019,5/26/2005,May,Thursday,10:49,1,2,0,0,Angle,V1: Turning left / V2: Turning left,V1: W  / V2: N,0,Daylight,Cloudy/Rain,0.34,0,53,45,FALSE,41.95279587,-71.26925506
4020,5/27/2005,May,Friday,15:05,1,2,0,0,Rear-end,V1: Travelling straight ahead / V2: Slowing or stopped in traffic,V1: S  / V2: S,Dry,Daylight,Clear,0.1,0,70,50,FALSE,41.95568257,-71.28823954
4021,5/27/2005,May,Friday,15:55,1,2,0,0,Rear-end,V1: Slowing or stopped in traffic / V2: Travelling straight ahead,V1: N  / V2: N,Dry,Daylight,Cloudy,0.1,0,70,50,FALSE,41.93816015,-71.29138823
4022,5/27/2005,May,Friday,18:46,1,2,0,0,Rear-end,V1: Turning left / V2: Travelling straight ahead,V1: S  / V2: S,Dry,Daylight,Clear,0.1,0,70,50,FALSE,41.91033499,-71.36385156
4023,5/28/2005,May,Saturday,7:20,1,1,0,0,Single vehicle crash,V1: Turning right,V1: S,Wet,Daylight,Clear,0.01,0,78,53,FALSE,41.95523487,-71.30316882
4024,5/28/2005,May,Saturday,15:27,2,2,1,0,Rear-end,V1: Travelling straight ahead / V2: Turning left,V1: N  / V2: N,Dry,Daylight,Cloudy,0.01,0,78,53,FALSE,41.93833167,-71.28470306
4025,5/29/2005,May,Sunday,17:57,1,2,0,0,Angle,V1: Turning left / V2: Travelling straight ahead,V1: S  / V2: W,Wet,Daylight,Cloudy/Rain,1.6,0,74,53,FALSE,34.24438675,-73.6513909
4026,5/30/2005,May,Monday,15:29,1,2,0,0,Rear-end,V1: Travelling straight ahead / V2: Slowing or stopped in traffic,V1: N  / V2: N,Dry,Daylight,Clear,0,0,79,49,FALSE,41.93870877,-71.29210305
4027,5/31/2005,May,Tuesday,7:40,1,2,0,0,"Sideswipe, same direction",V1: Turning right / V2: Slowing or stopped in traffic,V1: N  / V2: N,Dry,Daylight,Cloudy,0,0,64,50,FALSE,34.24438675,-73.6513909
4028,5/31/2005,May,Tuesday,11:55,1,2,0,0,Angle,V1: Turning left / V2: Travelling straight ahead,V1: W  / V2: N,Dry,Daylight,Cloudy,0,0,64,50,FALSE,41.95484304,-71.28856385
4029,6/1/2005,June,Wednesday,21:10,1,2,0,0,Angle,V1: Entering traffic lane / V2: Travelling straight ahead,V1: E  / V2: S,Dry,Dark - lighted roadway,Clear,0,0,71,49,FALSE,41.90858125,-71.35758797
4030,6/2/2005,June,Thursday,8:42,1,2,0,0,Rear-end,V1: Slowing or stopped in traffic / V2: Slowing or stopped in traffic,V1: N  / V2: N,Dry,Daylight,Clear,0,0,75,50,FALSE,41.93409058,-71.3199928
4031,6/2/2005,June,Thursday,12:55,2,2,1,0,Rear-end,V1: Travelling straight ahead / V2: Entering traffic lane,V1: N  / V2: 0,Dry,Daylight,Clear,0,0,75,50,FALSE,41.92431842,-71.35662229
4032,6/2/2005,June,Thursday,15:45,1,2,0,0,Angle,V1: Travelling straight ahead / V2: Travelling straight ahead,V1: S  / V2: E,Dry,Daylight,Clear,0,0,75,50,FALSE,41.93584988,-71.28143838
4033,6/2/2005,June,Thursday,17:25,0,2,0,0,Rear-end,V1: Travelling straight ahead / V2: Travelling straight ahead,V1: 0 / V2: 0,Dry,Daylight,Clear,0,0,75,50,FALSE,34.24438675,-73.6513909
4034,6/3/2005,June,Friday,16:54,2,3,1,0,Rear-end,V1: Slowing or stopped in traffic / V2: Slowing or stopped in traffic / V3: Travelling straight ahead,V1: N  / V2: N  / V3: N,Dry,Daylight,Cloudy,0,0,77,52,FALSE,41.94287643,-71.28430687
4035,6/3/2005,June,Friday,17:10,1,2,0,0,"Sideswipe, same direction",V1: Slowing or stopped in traffic / V2: Turning right,V1: W  / V2: N,Dry,Daylight,Clear,0,0,77,52,FALSE,41.9111535,-71.36274332
4036,6/4/2005,June,Saturday,0:10,1,1,0,0,Single vehicle crash,V1: Travelling straight ahead,V1: W,Dry,Dark - lighted roadway,Clear,0,0,87,55,FALSE,41.93225655,-71.31153384
4037,6/4/2005,June,Saturday,4:15,2,1,1,0,Single vehicle crash,V1: Travelling straight ahead,V1: N,Dry,Dark - lighted roadway,Clear,0,0,87,55,FALSE,41.90223058,-71.35625816
4038,6/4/2005,June,Saturday,16:10,1,2,0,0,Angle,V1: Turning left / V2: Travelling straight ahead,V1: E  / V2: N,Dry,Daylight,Clear,0,0,87,55,FALSE,41.92508738,-71.35628348
4039,6/5/2005,June,Sunday,3:40,1,2,0,0,Rear-end,V1: Parked / V2: Backing,V1: 0 / V2: N,Dry,Daylight,Clear,0,0,92,57,FALSE,41.94081671,-71.28003148
4040,6/5/2005,June,Sunday,14:48,1,2,0,0,Angle,V1: Travelling straight ahead / V2: Travelling straight ahead,V1: S  / V2: E,Dry,Daylight,Clear,0,0,92,57,FALSE,41.89618753,-71.37039513
4041,6/6/2005,June,Monday,9:23,1,2,0,0,"Sideswipe, opposite direction",V1: Leaving traffic lane / V2: Travelling straight ahead,V1: S  / V2: N,Dry,Daylight,Clear,0,0,81,54,FALSE,41.95026372,-71.2985466
4042,6/6/2005,June,Monday,11:00,1,2,0,0,Rear-end,V1: Parked / V2: Travelling straight ahead,V1: 0 / V2: S,Dry,Daylight,Clear,0,0,81,54,FALSE,41.9472108,-71.28786501
4043,6/6/2005,June,Monday,11:07,1,2,0,0,"Sideswipe, same direction",V1: Turning left / V2: Turning left,V1: N  / V2: N,Dry,Daylight,Clear,0,0,81,54,FALSE,41.94798222,-71.28126953
4044,6/6/2005,June,Monday,12:00,2,2,2,0,Rear-end,V1: Travelling straight ahead / V2: Slowing or stopped in traffic,V1: S  / V2: S,Dry,Daylight,Clear,0,0,81,54,FALSE,41.90557847,-71.35675335
4045,6/6/2005,June,Monday,12:15,1,2,0,0,Rear-end,V1: Travelling straight ahead / V2: 0,V1: 0 / V2: 0,Dry,Daylight,Clear,0,0,81,54,FALSE,41.94213878,-71.28262423
4046,6/7/2005,June,Tuesday,10:20,1,2,0,0,Angle,V1: Travelling straight ahead / V2: Turning left,V1: 0 / V2: 0,Dry,Daylight,Clear,0,0,87,61,FALSE,41.93624398,-71.26400311
4047,6/7/2005,June,Tuesday,12:05,2,2,1,0,Rear-end,V1: Travelling straight ahead / V2: Travelling straight ahead,V1: W  / V2: W,Dry,Daylight,Clear,0,0,87,61,FALSE,41.91711015,-71.37372238
4048,6/7/2005,June,Tuesday,17:56,1,1,0,0,Angle,V1: Travelling straight ahead,V1: N,Dry,Daylight,Clear,0,0,87,61,FALSE,41.94444966,-71.2795884
4049,6/7/2005,June,Tuesday,17:56,0,2,0,0,Head-on,V1: Travelling straight ahead / V2: 0,V1: W  / V2: N,Dry,Daylight,Clear,0,0,87,61,FALSE,41.94444966,-71.2795884
4050,6/7/2005,June,Tuesday,18:54,1,2,0,0,Rear-end,V1: Entering traffic lane / V2: Slowing or stopped in traffic,V1: N  / V2: N,Dry,Daylight,Clear,0,0,87,61,FALSE,41.92969804,-71.32243362
4051,6/7/2005,June,Tuesday,20:03,1,2,0,0,Angle,V1: Turning left / V2: Travelling straight ahead,V1: N  / V2: E,Dry,Dusk,Cloudy,0,0,87,61,FALSE,41.91995014,-71.35805295
4052,6/7/2005,June,Tuesday,23:50,2,2,2,0,Rear-end,V1: Travelling straight ahead / V2: Slowing or stopped in traffic,V1: E  / V2: E,Dry,Dark - lighted roadway,Clear,0,0,87,61,FALSE,41.92508738,-71.35628348
4053,6/8/2005,June,Wednesday,16:25,2,2,1,0,Rear-end,V1: Turning right / V2: Travelling straight ahead,V1: N  / V2: N,Dry,Daylight,Clear,0,0,91,60,FALSE,41.90964751,-71.36351027
4054,6/9/2005,June,Thursday,6:42,1,2,0,0,Rear-end,V1: Travelling straight ahead / V2: Travelling straight ahead,V1: N  / V2: N,Dry,Daylight,Clear,0,0,92,66,FALSE,34.24438675,-73.6513909
4055,6/9/2005,June,Thursday,7:58,0,2,0,0,Rear-end,V1: Slowing or stopped in traffic / V2: Travelling straight ahead,V1: N  / V2: N,Dry,Daylight,Clear,0,0,92,66,FALSE,41.95523487,-71.30316882
4056,6/9/2005,June,Thursday,12:00,2,2,1,0,Rear-end,V1: Travelling straight ahead / V2: Turning left,V1: E  / V2: E,Dry,Daylight,Clear,0,0,92,66,FALSE,41.93505312,-71.29860583
4057,6/9/2005,June,Thursday,13:46,1,2,0,0,Angle,V1: 0 / V2: 0,V1: N  / V2: N,Snow,Daylight,Clear,0,0,92,66,FALSE,41.91653724,-71.36001753
4058,6/9/2005,June,Thursday,16:40,1,2,0,0,Angle,V1: Turning right / V2: Travelling straight ahead,V1: E  / V2: E,Dry,Daylight,Clear,0,0,92,66,FALSE,41.93806827,-71.29311438
4059,6/9/2005,June,Thursday,17:48,1,2,0,0,"Sideswipe, opposite direction",V1: Travelling straight ahead / V2: Turning right,V1: N  / V2: S,Dry,Daylight,Clear,0,0,92,66,FALSE,41.94140605,-71.28436439
4060,6/9/2005,June,Thursday,18:35,0,1,0,0,Single vehicle crash,V1: Making U-turn,V1: W,Dry,Daylight,Clear,0,0,92,66,FALSE,41.9121826,-71.36123066
4061,6/10/2005,June,Friday,6:30,2,2,1,0,Rear-end,V1: Slowing or stopped in traffic / V2: Travelling straight ahead,V1: N  / V2: N,Dry,Daylight,Clear,0,0,82,65,FALSE,34.24438675,-73.6513909
4062,6/10/2005,June,Friday,7:21,2,2,1,0,Rear-end,V1: Travelling straight ahead / V2: Travelling straight ahead,V1: N  / V2: N,Dry,Daylight,Clear,0,0,82,65,FALSE,41.93397764,-71.31903245
4063,6/10/2005,June,Friday,7:55,0,2,0,0,Rear-end,V1: 0 / V2: 0,V1: 0 / V2: 0,Dry,Daylight,Clear,0,0,82,65,FALSE,34.24438675,-73.6513909
4064,6/10/2005,June,Friday,9:08,1,1,0,0,Single vehicle crash,V1: Travelling straight ahead,V1: S,Dry,Daylight,Clear,0,0,82,65,FALSE,34.24438675,-73.6513909
4065,6/10/2005,June,Friday,11:25,2,1,1,0,Single vehicle crash,V1: Travelling straight ahead,V1: N,Dry,Daylight,Clear,0,0,82,65,FALSE,41.95949687,-71.28775942
4066,6/10/2005,June,Friday,11:47,2,2,1,0,Angle,V1: Turning left / V2: Travelling straight ahead,V1: W  / V2: N,Dry,Daylight,Clear,0,0,82,65,FALSE,41.95949687,-71.28775942
4067,6/10/2005,June,Friday,17:21,1,2,0,0,Angle,V1: Travelling straight ahead / V2: Turning left,V1: E  / V2: S,Dry,Daylight,Clear,0,0,82,65,FALSE,41.93524005,-71.27513601
4068,6/10/2005,June,Friday,19:24,2,2,1,0,Angle,V1: Slowing or stopped in traffic / V2: Travelling straight ahead,V1: W  / V2: N,Dry,Daylight,Cloudy,0,0,82,65,FALSE,41.91482581,-71.36088324
4069,6/11/2005,June,Saturday,1:51,1,1,0,0,Single vehicle crash,V1: Travelling straight ahead,V1: E,Dry,Dark - lighted roadway,Clear,0,0,90,65,FALSE,41.94245198,-71.28698244
4070,6/11/2005,June,Saturday,9:49,2,2,3,0,Rear-end,V1: Entering traffic lane / V2: Entering traffic lane,V1: S  / V2: S,Dry,Daylight,Clear,0,0,90,65,FALSE,41.90238589,-71.35672422
4071,6/11/2005,June,Saturday,13:05,1,2,0,0,"Sideswipe, same direction",V1: Travelling straight ahead / V2: Travelling straight ahead,V1: S  / V2: S,Dry,Daylight,Clear,0,0,90,65,FALSE,41.90171511,-71.35892165
4072,6/11/2005,June,Saturday,15:05,1,2,0,0,Angle,V1: Turning left / V2: Travelling straight ahead,V1: E  / V2: S,Dry,Daylight,Clear,0,0,90,65,FALSE,41.90964751,-71.36351027
4073,6/11/2005,June,Saturday,21:11,2,2,1,0,Rear-end,V1: 0 / V2: 0,V1: 0 / V2: 0,Dry,Dusk,Clear,0,0,90,65,FALSE,41.92508738,-71.35628348
4074,6/12/2005,June,Sunday,2:09,1,1,0,0,Single vehicle crash,V1: Travelling straight ahead,V1: E,Dry,Dark - lighted roadway,Clear,0,0,89,66,FALSE,41.91696013,-71.37494452
4075,6/12/2005,June,Sunday,2:16,2,2,1,0,Head-on,V1: Travelling straight ahead / V2: Travelling straight ahead,V1: N  / V2: S,Dry,Daylight,Clear,0,0,89,66,FALSE,41.92091314,-71.28643722
4076,6/12/2005,June,Sunday,22:47,2,2,1,0,"Sideswipe, same direction",V1: Travelling straight ahead / V2: Travelling straight ahead,V1: N  / V2: N,Dry,Dark - lighted roadway,Clear,0,0,89,66,FALSE,41.89618753,-71.37039513
4077,6/13/2005,June,Monday,11:39,1,2,0,0,Rear-end,V1: Backing / V2: Slowing or stopped in traffic,V1: E  / V2: E,Dry,Daylight,Cloudy,0,0,94,72,FALSE,41.93624497,-71.30086222
4078,6/13/2005,June,Monday,17:10,1,2,0,0,"Sideswipe, opposite direction",V1: Overtaking/passing / V2: Turning right,V1: 0 / V2: 0,Dry,Daylight,Clear,0,0,94,72,FALSE,41.92901601,-71.30326246
4079,6/14/2005,June,Tuesday,6:40,1,1,0,0,Single vehicle crash,V1: Travelling straight ahead,V1: W,Dry,Daylight,Cloudy,0.05,0,87,55,FALSE,41.95130281,-71.27263126
4080,6/14/2005,June,Tuesday,9:22,1,2,0,0,Angle,V1: Travelling straight ahead / V2: Travelling straight ahead,V1: S  / V2: W,Dry,Daylight,Clear,0.05,0,87,55,FALSE,41.90697288,-71.36488171
4081,6/14/2005,June,Tuesday,11:41,2,1,1,0,Single vehicle crash,V1: Travelling straight ahead,V1: S,Dry,Daylight,Cloudy,0.05,0,87,55,FALSE,41.93807647,-71.27627518
4082,6/14/2005,June,Tuesday,14:30,1,1,0,0,0,V1: Travelling straight ahead,V1: 0,Dry,Daylight,Clear,0.05,0,87,55,FALSE,34.24438675,-73.6513909
4083,6/14/2005,June,Tuesday,15:14,1,1,0,0,Single vehicle crash,V1: Travelling straight ahead,V1: S,Wet,Daylight,Clear,0.05,0,87,55,FALSE,34.24438675,-73.6513909
4084,6/15/2005,June,Wednesday,8:09,1,2,0,0,Angle,V1: Travelling straight ahead / V2: Parked,V1: E  / V2: 0,Dry,Daylight,Clear,0,0,55,50,FALSE,34.24438675,-73.6513909
4085,6/15/2005,June,Wednesday,9:20,1,2,0,0,Angle,V1: Travelling straight ahead / V2: Travelling straight ahead,V1: N  / V2: E,Wet,Dawn,Cloudy,0,0,55,50,FALSE,41.94512722,-71.28855145
4086,6/15/2005,June,Wednesday,18:38,3,1,0,1,Single vehicle crash,V1: Changing lanes,V1: S,Dry,Daylight,Cloudy,0,0,55,50,FALSE,41.91458469,-71.35904767
4087,6/16/2005,June,Thursday,13:35,2,1,1,0,Single vehicle crash,V1: Turning left,V1: 0,Dry,Daylight,Cloudy,0.31,0,70,50,FALSE,41.93979738,-71.25132011
4088,6/16/2005,June,Thursday,16:10,1,2,0,0,Rear-end,V1: Slowing or stopped in traffic / V2: Slowing or stopped in traffic,V1: 0 / V2: 0,Dry,Daylight,Clear,0.31,0,70,50,FALSE,41.93397764,-71.31903245
4089,6/17/2005,June,Friday,14:50,1,2,0,0,Rear-end,V1: Travelling straight ahead / V2: Travelling straight ahead,V1: S  / V2: S,Dry,Daylight,Clear,0.07,0,77,53,FALSE,41.90261606,-71.35590689
4090,6/17/2005,June,Friday,21:16,2,2,4,0,"Sideswipe, opposite direction",V1: Travelling straight ahead / V2: Entering traffic lane,V1: E  / V2: W,Dry,Dark - lighted roadway,Clear,0.07,0,77,53,FALSE,41.93710588,-71.25576408
4091,6/18/2005,June,Saturday,0:45,1,1,0,0,Single vehicle crash,V1: Travelling straight ahead,V1: S,Dry,Dark - lighted roadway,Clear,0,0,71,52,FALSE,41.92695412,-71.32230364
4092,6/18/2005,June,Saturday,11:42,2,2,3,0,Rear-end,V1: Entering traffic lane / V2: Entering traffic lane,V1: N  / V2: N,Dry,Daylight,Cloudy,0,0,71,52,FALSE,41.90272719,-71.35550871
4093,6/18/2005,June,Saturday,13:05,1,2,0,0,Angle,V1: Travelling straight ahead / V2: Entering traffic lane,V1: W  / V2: 0,Dry,Daylight,Cloudy,0,0,71,52,FALSE,41.9340231,-71.2999339
4094,6/18/2005,June,Saturday,14:35,1,2,0,0,Rear-end,V1: Travelling straight ahead / V2: Turning left,V1: E  / V2: S,Dry,Daylight,Clear,0,0,71,52,FALSE,41.93269195,-71.32821357
4095,6/19/2005,June,Sunday,6:30,1,2,0,0,Rear-end,V1: Travelling straight ahead / V2: Parked,V1: E  / V2: 0,Dry,Daylight,Cloudy,0,0,66,48,FALSE,41.90721925,-71.35516767
4096,6/19/2005,June,Sunday,10:30,1,2,0,0,Angle,V1: Backing / V2: Travelling straight ahead,V1: W  / V2: N,Dry,Daylight,Clear,0,0,66,48,FALSE,41.90514235,-71.37113717
4097,6/20/2005,June,Monday,7:05,1,2,0,0,Rear-end,V1: Slowing or stopped in traffic / V2: Travelling straight ahead,V1: N  / V2: N,Dry,Daylight,Clear,0,0,78,45,FALSE,41.89903243,-71.355186
4098,6/20/2005,June,Monday,15:56,2,4,1,0,Rear-end,V1: Travelling straight ahead / V2: Slowing or stopped in traffic / V3: Slowing or stopped in traffic / V4: Slowing or stopped in traffic,V1: N  / V2: N  / V3: N  / V4: N,Dry,Daylight,Clear,0,0,78,45,FALSE,41.93742983,-71.26519759
4099,6/21/2005,June,Tuesday,7:33,2,3,4,0,Rear-end,V1: Travelling straight ahead / V2: Slowing or stopped in traffic / V3: Slowing or stopped in traffic,V1: E  / V2: E  / V3: E,Dry,Daylight,Clear,0,0,82,51,FALSE,41.94132723,-71.28855484
4100,6/21/2005,June,Tuesday,7:44,2,2,2,0,Angle,V1: Turning left / V2: Travelling straight ahead,V1: S  / V2: W,Dry,Daylight,Clear,0,0,82,51,FALSE,41.95234013,-71.29601132
4101,6/21/2005,June,Tuesday,10:25,2,2,1,0,Rear-end,V1: 0 / V2: Slowing or stopped in traffic,V1: 0 / V2: N,Dry,Daylight,Clear,0,0,82,51,FALSE,41.9092754,-71.35780912
4102,6/21/2005,June,Tuesday,11:07,2,2,1,0,Angle,V1: Travelling straight ahead / V2: Travelling straight ahead,V1: 0 / V2: 0,Dry,Daylight,Cloudy,0,0,82,51,FALSE,41.93840858,-71.28352591
4103,6/22/2005,June,Wednesday,4:32,2,2,1,0,Angle,V1: Travelling straight ahead / V2: Entering traffic lane,V1: E  / V2: N,Dry,Daylight,Cloudy,0.12,0,74,55,FALSE,41.9348634,-71.29887283
4104,6/23/2005,June,Thursday,13:42,1,2,0,0,Rear-end,V1: Travelling straight ahead / V2: Turning left,V1: W  / V2: 0,Dry,Daylight,Clear,0,0,79,49,FALSE,34.24438675,-73.6513909
4105,6/23/2005,June,Thursday,15:40,1,2,0,0,"Sideswipe, same direction",V1: Entering traffic lane / V2: Travelling straight ahead,V1: 0 / V2: 0,Dry,Daylight,Clear,0,0,79,49,FALSE,41.93729798,-71.27969279
4106,6/23/2005,June,Thursday,15:45,1,3,0,0,Angle,V1: Turning left / V2: Travelling straight ahead / V3: Travelling straight ahead,V1: E  / V2: S  / V3: N,Dry,Daylight,Clear,0,0,79,49,FALSE,41.90964751,-71.36351027
4107,6/24/2005,June,Friday,10:27,1,2,0,0,Angle,V1: Travelling straight ahead / V2: Changing lanes,V1: N  / V2: N,Dry,Daylight,Cloudy,0,0,86,55,FALSE,41.92508738,-71.35628348
4108,6/24/2005,June,Friday,14:59,1,2,0,0,Angle,V1: Travelling straight ahead / V2: Turning left,V1: N  / V2: E,Dry,Daylight,Clear,0,0,86,55,FALSE,41.90556433,-71.35664174
4109,6/24/2005,June,Friday,20:00,1,2,0,0,Rear-end,V1: Slowing or stopped in traffic / V2: Travelling straight ahead,V1: 0 / V2: 0,Dry,Dusk,Clear,0,0,86,55,FALSE,41.94883408,-71.28923919
4110,6/25/2005,June,Saturday,10:34,1,2,0,0,0,V1: Travelling straight ahead / V2: Travelling straight ahead,V1: N  / V2: N,Dry,Daylight,Clear,0,0,96,64,FALSE,41.97243025,-71.27496172
4111,6/25/2005,June,Saturday,10:36,2,3,6,0,Rear-end,V1: Travelling straight ahead / V2: 0 / V3: 0,V1: N  / V2: 0 / V3: 0,Dry,Daylight,Clear,0,0,96,64,FALSE,41.91619723,-71.35885587
4112,6/26/2005,June,Sunday,21:39,2,2,2,0,Angle,V1: Travelling straight ahead / V2: Travelling straight ahead,V1: S  / V2: N,Dry,Daylight,Clear,0,0,95,67,FALSE,41.92228492,-71.29311693
4113,6/26/2005,June,Sunday,22:44,2,1,1,0,Single vehicle crash,V1: Travelling straight ahead,V1: S,Dry,Dark - lighted roadway,Clear,0,0,95,67,FALSE,41.91562886,-71.36047108
4114,6/27/2005,June,Monday,8:29,1,1,0,0,Single vehicle crash,V1: Travelling straight ahead,V1: S,Dry,Daylight,Clear,0,0,90,67,FALSE,41.94744928,-71.29055291
4115,6/27/2005,June,Monday,9:05,1,2,0,0,Angle,V1: Travelling straight ahead / V2: Travelling straight ahead,V1: N  / V2: N,Dry,Daylight,Clear,0,0,90,67,FALSE,41.92241545,-71.31336866
4116,6/27/2005,June,Monday,12:53,2,1,1,0,Single vehicle crash,V1: Changing lanes,V1: S,Dry,Daylight,Clear,0,0,90,67,FALSE,41.90257689,-71.3560405
4117,6/27/2005,June,Monday,12:55,1,2,0,0,"Sideswipe, same direction",V1: Slowing or stopped in traffic / V2: Travelling straight ahead,V1: S  / V2: S,Dry,Daylight,Clear,0,0,90,67,FALSE,41.90482596,-71.34872331
4118,6/27/2005,June,Monday,16:38,2,2,1,0,0,V1: Travelling straight ahead / V2: Turning left,V1: S  / V2: W,Dry,Daylight,Clear,0,0,90,67,FALSE,41.91562886,-71.36047108
4119,6/27/2005,June,Monday,17:40,1,2,0,0,Angle,V1: Travelling straight ahead / V2: Changing lanes,V1: N  / V2: N,Dry,Daylight,Clear,0,0,90,67,FALSE,41.90247427,-71.35536633
4120,6/28/2005,June,Tuesday,6:45,1,2,0,0,Rear-end,V1: Slowing or stopped in traffic / V2: Travelling straight ahead,V1: S  / V2: S,Dry,Daylight,Clear,0,0,81,70,FALSE,41.95280502,-71.26922624
4121,6/28/2005,June,Tuesday,14:35,1,2,0,0,"Sideswipe, same direction",V1: Parked / V2: Turning left,V1: 0 / V2: 0,Dry,Daylight,Clear,0,0,81,70,FALSE,41.94324833,-71.27808048
4122,6/28/2005,June,Tuesday,18:00,0,2,0,0,Rear-end,V1: 0 / V2: 0,V1: E  / V2: E,Wet,Daylight,Clear,0,0,81,70,FALSE,41.94324833,-71.27808048
4123,6/29/2005,June,Wednesday,6:56,1,2,0,0,Rear-end,V1: Turning left / V2: Travelling straight ahead,V1: E  / V2: E,Dry,Daylight,Cloudy,0.06,0,88,70,FALSE,41.9341021,-71.30369928
4124,6/30/2005,June,Thursday,18:30,1,2,0,0,"Sideswipe, opposite direction",V1: Travelling straight ahead / V2: Travelling straight ahead,V1: E  / V2: W,Dry,Daylight,Clear,0,0,74,68,FALSE,41.922297,-71.35424206
4125,7/1/2005,July,Friday,5:52,1,2,0,0,Rear-end,V1: Travelling straight ahead / V2: Slowing or stopped in traffic,V1: S  / V2: S,Wet,Daylight,Cloudy,0.13,0,79,64,FALSE,41.91866603,-71.35907451
4126,7/1/2005,July,Friday,7:37,1,2,0,0,Rear-end,V1: Travelling straight ahead / V2: Slowing or stopped in traffic,V1: S  / V2: S,Wet,Daylight,Cloudy/Rain,0.13,0,79,64,FALSE,41.9472108,-71.28786501
4127,7/1/2005,July,Friday,11:40,2,2,1,0,Angle,V1: Travelling straight ahead / V2: Changing lanes,V1: S  / V2: S,Wet,Daylight,Cloudy,0.13,0,79,64,FALSE,41.89903243,-71.355186
4128,7/1/2005,July,Friday,12:44,1,2,0,0,"Sideswipe, same direction",V1: Travelling straight ahead / V2: Travelling straight ahead,V1: N  / V2: N,Dry,Daylight,Cloudy,0.13,0,79,64,FALSE,34.24438675,-73.6513909
4129,7/1/2005,July,Friday,14:24,1,2,0,0,Rear-end,V1: Travelling straight ahead / V2: Slowing or stopped in traffic,V1: S  / V2: S,Wet,Daylight,Cloudy,0.13,0,79,64,FALSE,41.92900797,-71.28446457
4130,7/1/2005,July,Friday,16:30,1,2,0,0,Angle,V1: Turning left / V2: Travelling straight ahead,V1: W  / V2: N,Dry,Daylight,Clear,0.13,0,79,64,FALSE,41.90964751,-71.36351027
4131,7/3/2005,July,Sunday,1:15,2,1,1,0,Single vehicle crash,V1: Travelling straight ahead,V1: N,Dry,Dark - roadway not lighted,Clear,0,0,80,54,FALSE,41.90247427,-71.35536633
4132,7/3/2005,July,Sunday,10:17,1,2,0,0,Angle,V1: Travelling straight ahead / V2: Turning left,V1: N  / V2: W,Dry,Daylight,Clear,0,0,80,54,FALSE,41.90556433,-71.35664174
4133,7/3/2005,July,Sunday,19:08,1,1,0,0,Single vehicle crash,V1: Turning left,V1: W,Dry,Daylight,Clear,0,0,80,54,FALSE,41.91325585,-71.3590575
4134,7/5/2005,July,Tuesday,10:16,2,2,3,0,Angle,V1: Turning left / V2: Travelling straight ahead,V1: W  / V2: N,Dry,Daylight,Clear,0,0,84,54,FALSE,41.91562886,-71.36047108
4135,7/5/2005,July,Tuesday,17:15,2,3,2,0,Rear-end,V1: Travelling straight ahead / V2: Slowing or stopped in traffic / V3: Slowing or stopped in traffic,V1: S  / V2: S  / V3: S,Dry,Daylight,Clear,0,0,84,54,FALSE,41.89903243,-71.355186
4136,7/5/2005,July,Tuesday,18:30,1,2,0,0,Rear-end,V1: Slowing or stopped in traffic / V2: Changing lanes,V1: N  / V2: N,Dry,Daylight,Cloudy,0,0,84,54,FALSE,41.90998013,-71.35802082
4137,7/6/2005,July,Wednesday,10:45,1,2,0,0,Angle,V1: Travelling straight ahead / V2: 0,V1: E  / V2: N,Wet,Daylight,Rain,0.4,0,73,59,FALSE,41.95428602,-71.28497548
4138,7/6/2005,July,Wednesday,11:30,2,1,1,0,Single vehicle crash,V1: Travelling straight ahead,V1: W,Wet,Daylight,Cloudy/Rain,0.4,0,73,59,FALSE,41.94444966,-71.2795884
4139,7/6/2005,July,Wednesday,13:16,1,2,0,0,Rear-end,V1: Travelling straight ahead / V2: Slowing or stopped in traffic,V1: S  / V2: S,Wet,Dusk,Cloudy/Rain,0.4,0,73,59,FALSE,41.92558863,-71.35605912
4140,7/6/2005,July,Wednesday,15:50,2,2,1,0,"Sideswipe, same direction",V1: Travelling straight ahead / V2: Travelling straight ahead,V1: S  / V2: S,Wet,Daylight,Cloudy/Rain,0.4,0,73,59,FALSE,41.89841145,-71.37009489
4141,7/6/2005,July,Wednesday,18:26,1,2,0,0,Rear-end,V1: Travelling straight ahead / V2: Slowing or stopped in traffic,V1: S  / V2: S,Wet,Dusk,Cloudy/Rain,0.4,0,73,59,FALSE,41.92558863,-71.35605912