ID,DATE,Month,Day of week,Crash Time,Crash Severity,Number of Vehicles,Total Nonfatal Injuries,Total Fatal Injuries,Manner of Collision,Vehicle Action Prior to Crash,Vehicle Travel Directions,Road Surface Condition,Ambient Light,Weather Condition,PRCP,SNOW,TMAX,TMIN,Ice,Longtitute,Latitute
4142,7/6/2005,July,Wednesday,21:05,1,2,0,0,"Sideswipe, same direction",V1: Travelling straight ahead / V2: Slowing or stopped in traffic,V1: S  / V2: S,Wet,Dark - lighted roadway,Cloudy,0.4,0,73,59,FALSE,41.91035947,-71.36314658
4143,7/6/2005,July,Wednesday,22:00,2,2,1,0,Rear-end,V1: Slowing or stopped in traffic / V2: Travelling straight ahead,V1: S  / V2: S,Wet,Dark - lighted roadway,Cloudy/Rain,0.4,0,73,59,FALSE,41.92644259,-71.35554103
4144,7/7/2005,July,Thursday,2:35,1,2,0,0,Angle,V1: Overtaking/passing / V2: Turning right,V1: N  / V2: N,Dry,Daylight,Cloudy,0.02,0,63,57,FALSE,41.90630452,-71.3171196
4145,7/7/2005,July,Thursday,16:30,2,2,1,0,Angle,V1: Travelling straight ahead / V2: Turning left,V1: S  / V2: E,Dry,Daylight,Cloudy,0.02,0,63,57,FALSE,41.90086769,-71.36799095
4146,7/7/2005,July,Thursday,23:32,2,2,1,0,Rear-end,V1: Travelling straight ahead / V2: Turning left,V1: W  / V2: W,Dry,Dark - lighted roadway,Cloudy,0.02,0,63,57,FALSE,41.94373207,-71.27520959
4147,7/8/2005,July,Friday,16:15,1,2,0,0,"Sideswipe, same direction",V1: Turning left / V2: Travelling straight ahead,V1: W  / V2: W,Wet,Dark - 0 roadway lighting,Cloudy/Rain,0.54,0,62,56,FALSE,41.93409173,-71.31894301
4148,7/8/2005,July,Friday,17:15,2,3,2,0,Angle,V1: Turning left / V2: Travelling straight ahead / V3: Slowing or stopped in traffic,V1: N  / V2: S  / V3: E,Wet,Daylight,Rain,0.54,0,62,56,FALSE,41.92508738,-71.35628348
4149,7/8/2005,July,Friday,18:53,0,2,0,0,Rear-end,V1: Travelling straight ahead / V2: Slowing or stopped in traffic,V1: S  / V2: S,Wet,Daylight,Cloudy/Rain,0.54,0,62,56,FALSE,41.89733197,-71.36979234
4150,7/9/2005,July,Saturday,6:38,1,2,0,0,Angle,V1: Travelling straight ahead / V2: Travelling straight ahead,V1: N  / V2: E,Wet,Daylight,Cloudy,0.26,0,81,55,FALSE,41.94188971,-71.28096806
4151,7/9/2005,July,Saturday,12:05,1,2,0,0,Angle,V1: Slowing or stopped in traffic / V2: Travelling straight ahead,V1: S  / V2: S,Dry,Daylight,Clear,0.26,0,81,55,FALSE,41.90682772,-71.35704387
4152,7/9/2005,July,Saturday,15:58,2,2,1,0,Angle,V1: Turning left / V2: Travelling straight ahead,V1: E  / V2: N,Dry,Daylight,Clear,0.26,0,81,55,FALSE,41.91816133,-71.25763887
4153,7/9/2005,July,Saturday,19:22,2,1,1,0,Single vehicle crash,V1: Travelling straight ahead,V1: E,Wet,Daylight,Cloudy,0.26,0,81,55,FALSE,41.93763281,-71.2643735
4154,7/10/2005,July,Sunday,1:21,1,1,0,0,Single vehicle crash,V1: Travelling straight ahead,V1: W,Dry,Dark - lighted roadway,Clear,0,0,91,62,FALSE,41.94196039,-71.262709
4155,7/10/2005,July,Sunday,3:56,1,1,0,0,Single vehicle crash,V1: Turning left,V1: N,Dry,Dark - lighted roadway,Clear,0,0,91,62,FALSE,41.94140605,-71.28436439
4156,7/10/2005,July,Sunday,14:15,1,2,0,0,Angle,V1: Turning left / V2: Turning left,V1: W  / V2: E,Dry,Daylight,Clear,0,0,91,62,FALSE,34.24438675,-73.6513909
4157,7/10/2005,July,Sunday,16:30,2,2,1,0,Angle,V1: Turning left / V2: Travelling straight ahead,V1: E  / V2: N,Dry,Daylight,Clear,0,0,91,62,FALSE,41.90697288,-71.36488171
4158,7/11/2005,July,Monday,9:40,1,1,0,0,Single vehicle crash,V1: Travelling straight ahead,V1: E,Dry,Daylight,Clear,0,0,93,68,FALSE,34.24438675,-73.6513909
4159,7/11/2005,July,Monday,10:00,1,2,0,0,Angle,V1: Backing / V2: Parked,V1: W  / V2: 0,Dry,Daylight,Clear,0,0,93,68,FALSE,34.24438675,-73.6513909
4160,7/11/2005,July,Monday,17:20,2,2,1,0,Angle,V1: Turning left / V2: Travelling straight ahead,V1: W  / V2: N,Dry,Daylight,Clear,0,0,93,68,FALSE,41.91732594,-71.35849002
4161,7/12/2005,July,Tuesday,16:41,2,1,1,0,0,V1: Turning right,V1: W,Dry,Daylight,Clear,0,0,82,62,FALSE,34.24438675,-73.6513909
4162,7/12/2005,July,Tuesday,17:28,1,2,0,0,Rear-end,V1: Slowing or stopped in traffic / V2: Travelling straight ahead,V1: S  / V2: S,Dry,Daylight,Clear,0,0,82,62,FALSE,41.91200821,-71.2587778
4163,7/13/2005,July,Wednesday,12:00,1,2,0,0,0,V1: Slowing or stopped in traffic / V2: 0,V1: S  / V2: S,Dry,Daylight,Clear,0,0,79,61,FALSE,41.90261606,-71.35590689
4164,7/13/2005,July,Wednesday,13:05,1,2,0,0,Angle,V1: Turning left / V2: Travelling straight ahead,V1: N  / V2: S,Dry,Dark - lighted roadway,Clear,0,0,79,61,FALSE,41.92508738,-71.35628348
4165,7/13/2005,July,Wednesday,16:29,2,2,2,0,Angle,V1: Travelling straight ahead / V2: Travelling straight ahead,V1: E  / V2: S,Dry,Daylight,Cloudy,0,0,79,61,FALSE,41.94683059,-71.28375978
4166,7/14/2005,July,Thursday,8:36,1,2,0,0,"Sideswipe, same direction",V1: Turning right / V2: Travelling straight ahead,V1: S  / V2: S,Dry,Daylight,Clear,0,0,86,65,FALSE,41.94258992,-71.2745601
4167,7/14/2005,July,Thursday,17:55,2,3,1,0,Rear-end,V1: Travelling straight ahead / V2: Slowing or stopped in traffic / V3: Slowing or stopped in traffic,V1: E  / V2: E  / V3: E,Dry,Daylight,Clear,0,0,86,65,FALSE,41.95388938,-71.26505004
4168,7/14/2005,July,Thursday,22:00,0,2,0,0,Angle,V1: Backing / V2: Parked,V1: 0 / V2: 0,Dry,Dark - 0 roadway lighting,Clear,0,0,86,65,FALSE,41.94568618,-71.27967931
4169,7/15/2005,July,Friday,11:25,1,2,0,0,Angle,V1: Travelling straight ahead / V2: Parked,V1: 0 / V2: 0,Dry,Daylight,Clear,0,0,87,69,FALSE,34.24438675,-73.6513909
4170,7/16/2005,July,Saturday,1:12,1,2,0,0,Angle,V1: Turning left / V2: Turning left,V1: E  / V2: N,Dry,Dark - lighted roadway,Clear,0,0,89,66,FALSE,41.90998013,-71.35802082
4171,7/16/2005,July,Saturday,20:20,2,2,1,0,Rear-end,V1: Travelling straight ahead / V2: Turning left,V1: W  / V2: 0,Dry,Dark - lighted roadway,Clear,0,0,89,66,FALSE,34.24438675,-73.6513909
4172,7/16/2005,July,Saturday,21:00,1,2,0,0,"Sideswipe, opposite direction",V1: Travelling straight ahead / V2: Travelling straight ahead,V1: E  / V2: W,Dry,Dark - lighted roadway,Clear,0,0,89,66,FALSE,41.92031935,-71.22862282
4173,7/17/2005,July,Sunday,16:10,1,2,0,0,0,V1: Travelling straight ahead / V2: Travelling straight ahead,V1: N  / V2: N,Dry,Daylight,Clear,0,0,84,67,FALSE,41.96926367,-71.2955242
4174,7/17/2005,July,Sunday,23:20,1,1,0,0,Single vehicle crash,V1: Travelling straight ahead,V1: 0,Dry,Dark - lighted roadway,Clear,0,0,84,67,FALSE,41.95029482,-71.29847513
4175,7/19/2005,July,Tuesday,7:25,1,3,0,0,Angle,V1: Travelling straight ahead / V2: Changing lanes / V3: Parked,V1: S  / V2: S  / V3: N,Dry,Daylight,Clear,0.22,0,95,73,FALSE,41.9589661,-71.30200935
4176,7/19/2005,July,Tuesday,8:15,2,1,1,0,Angle,V1: Turning right,V1: W,Dry,Daylight,Cloudy,0.22,0,95,73,FALSE,34.24438675,-73.6513909
4177,7/19/2005,July,Tuesday,10:23,1,2,0,0,Rear-end,V1: Slowing or stopped in traffic / V2: Slowing or stopped in traffic,V1: N  / V2: N,Dry,Daylight,Cloudy,0.22,0,95,73,FALSE,41.89618753,-71.37039513
4178,7/19/2005,July,Tuesday,20:00,1,2,0,0,Angle,V1: Travelling straight ahead / V2: 0,V1: N  / V2: N,Dry,Daylight,Clear,0.22,0,95,73,FALSE,41.95428602,-71.28497548
4179,7/20/2005,July,Wednesday,15:25,2,2,1,0,Rear-end,V1: Travelling straight ahead / V2: Slowing or stopped in traffic,V1: S  / V2: S,Dry,Daylight,Clear,0,0,93,70,FALSE,41.93623387,-71.28481203
4180,7/20/2005,July,Wednesday,16:18,1,2,0,0,Head-on,V1: Travelling straight ahead / V2: Turning left,V1: W  / V2: E,Dry,Daylight,Clear,0,0,93,70,FALSE,41.89618753,-71.37039513
4181,7/20/2005,July,Wednesday,21:26,1,2,0,0,Rear-end,V1: Travelling straight ahead / V2: Slowing or stopped in traffic,V1: S  / V2: S,Dry,Dark - lighted roadway,Clear,0,0,93,70,FALSE,41.95568257,-71.28823954
4182,7/21/2005,July,Thursday,12:28,2,1,1,0,Single vehicle crash,V1: Backing,V1: W,Dry,Daylight,Clear,0,0,90,67,FALSE,41.92045419,-71.35830053
4183,7/21/2005,July,Thursday,15:20,2,2,2,0,Angle,V1: Travelling straight ahead / V2: Turning left,V1: W  / V2: E,Dry,Daylight,Clear,0,0,90,67,FALSE,41.95287787,-71.26899686
4184,7/21/2005,July,Thursday,16:05,2,2,1,0,Head-on,V1: Turning left / V2: Travelling straight ahead,V1: W  / V2: E,Dry,Daylight,Clear,0,0,90,67,FALSE,41.95390971,-71.28240294
4185,7/21/2005,July,Thursday,21:24,1,2,0,0,Rear-end,V1: Slowing or stopped in traffic / V2: Changing lanes,V1: S  / V2: S,Dry,Dark - lighted roadway,Clear,0,0,90,67,FALSE,41.91095873,-71.362842
4186,7/21/2005,July,Thursday,22:44,1,1,0,0,Single vehicle crash,V1: Travelling straight ahead,V1: N,Dry,Dark - lighted roadway,Clear,0,0,90,67,FALSE,41.95902159,-71.28770659
4187,7/22/2005,July,Friday,9:15,1,4,0,0,Rear-end,V1: Slowing or stopped in traffic / V2: Travelling straight ahead / V3: 0 / V4: 0,V1: N  / V2: N  / V3: 0 / V4: 0,0,Daylight,Clear,0.14,0,95,65,FALSE,34.24438675,-73.6513909
4188,7/23/2005,July,Saturday,6:30,1,1,0,0,Single vehicle crash,V1: Leaving traffic lane,V1: Reported but invalid,Dry,Dawn,Clear,0,0,85,63,FALSE,41.93750876,-71.31688223
4189,7/23/2005,July,Saturday,11:03,1,1,0,0,Single vehicle crash,V1: Turning right,V1: S,Dry,Daylight,Cloudy,0,0,85,63,FALSE,41.89841145,-71.37009489
4190,7/23/2005,July,Saturday,15:26,1,2,0,0,"Sideswipe, opposite direction",V1: Turning left / V2: Turning left,V1: 0 / V2: 0,Dry,Daylight,Clear,0,0,85,63,FALSE,41.94845803,-71.30212015
4191,7/24/2005,July,Sunday,5:40,1,1,0,0,Single vehicle crash,V1: Travelling straight ahead,V1: E,Dry,Daylight,Clear,0,0,85,57,FALSE,41.89874404,-71.34648333
4192,7/24/2005,July,Sunday,15:50,2,2,1,0,Rear-end,V1: Travelling straight ahead / V2: Travelling straight ahead,V1: 0 / V2: 0,Dry,Daylight,Clear,0,0,85,57,FALSE,41.90630452,-71.3171196
4193,7/25/2005,July,Monday,13:22,1,2,0,0,Angle,V1: Turning left / V2: Travelling straight ahead,V1: W  / V2: N,Dry,Daylight,Cloudy,0,0,83,66,FALSE,41.89733197,-71.36979234
4194,7/25/2005,July,Monday,22:10,2,2,2,0,Angle,V1: Turning left / V2: Travelling straight ahead,V1: E  / V2: N,Dry,Dark - lighted roadway,Clear,0,0,83,66,FALSE,41.92508738,-71.35628348
4195,7/26/2005,July,Tuesday,1:30,0,3,0,0,0,V1: Changing lanes / V2: Travelling straight ahead / V3: Travelling straight ahead,V1: S  / V2: S  / V3: 0,Dry,Dark - roadway not lighted,Clear,0,0,97,66,FALSE,34.24438675,-73.6513909
4196,7/26/2005,July,Tuesday,16:10,1,2,0,0,Rear-end,V1: Slowing or stopped in traffic / V2: Travelling straight ahead,V1: S  / V2: S,Dry,Daylight,Clear,0,0,97,66,FALSE,41.93833167,-71.28470306
4197,7/26/2005,July,Tuesday,18:15,2,2,1,0,Angle,V1: Turning left / V2: Travelling straight ahead,V1: N  / V2: S,Dry,Daylight,Clear,0,0,97,66,FALSE,41.90086769,-71.36799095
4198,7/27/2005,July,Wednesday,14:31,2,1,1,0,Single vehicle crash,V1: Travelling straight ahead,V1: 0,Dry,Daylight,Clear,0,0,92,73,FALSE,41.90760516,-71.32064791
4199,7/27/2005,July,Wednesday,21:05,2,2,1,0,Angle,V1: Turning right / V2: Overtaking/passing,V1: S  / V2: S,Wet,Dark - lighted roadway,Cloudy/Rain,0,0,92,73,FALSE,41.93393836,-71.3077318
4200,7/28/2005,July,Thursday,2:53,0,2,0,0,Angle,V1: Travelling straight ahead / V2: Parked,V1: S  / V2: 0,Dry,Dark - lighted roadway,Clear,0,0,78,57,FALSE,41.94835469,-71.28183491
4201,7/28/2005,July,Thursday,12:52,1,3,0,0,Rear-end,V1: Slowing or stopped in traffic / V2: Slowing or stopped in traffic / V3: Travelling straight ahead,V1: N  / V2: N  / V3: N,Dry,Daylight,Clear,0,0,78,57,FALSE,34.24438675,-73.6513909
4202,7/28/2005,July,Thursday,13:47,1,2,0,0,Angle,V1: Travelling straight ahead / V2: Travelling straight ahead,V1: E  / V2: N,Dry,Daylight,Clear,0,0,78,57,FALSE,41.94683059,-71.28375978
4203,7/28/2005,July,Thursday,17:57,1,1,0,0,Single vehicle crash,V1: Turning left,V1: N,Dry,Daylight,Clear,0,0,78,57,FALSE,41.94245198,-71.28698244
4204,7/28/2005,July,Thursday,17:57,1,2,0,0,"Sideswipe, same direction",V1: Slowing or stopped in traffic / V2: Travelling straight ahead,V1: S  / V2: 0,Dry,Daylight,Clear,0,0,78,57,FALSE,41.94245198,-71.28698244
4205,7/28/2005,July,Thursday,19:02,2,2,1,0,Rear-end,V1: Slowing or stopped in traffic / V2: Slowing or stopped in traffic,V1: E  / V2: E,Dry,Daylight,Cloudy,0,0,78,57,FALSE,41.93269195,-71.32821357
4206,7/29/2005,July,Friday,12:15,1,2,0,0,Rear-end,V1: Slowing or stopped in traffic / V2: Travelling straight ahead,V1: N  / V2: N,Dry,Daylight,Clear,0,0,86,55,FALSE,34.24438675,-73.6513909
4207,7/29/2005,July,Friday,19:20,2,1,1,0,Single vehicle crash,V1: Travelling straight ahead,V1: E,Dry,Daylight,Clear,0,0,86,55,FALSE,41.93623387,-71.28481203
4208,7/30/2005,July,Saturday,11:54,1,4,0,0,Rear-end,V1: Travelling straight ahead / V2: Slowing or stopped in traffic / V3: Slowing or stopped in traffic / V4: Slowing or stopped in traffic,V1: S  / V2: S  / V3: S  / V4: S,Dry,Daylight,Cloudy,0,0,82,63,FALSE,34.24438675,-73.6513909
4209,7/31/2005,July,Sunday,3:27,1,1,0,0,Single vehicle crash,V1: Travelling straight ahead,V1: E,Dry,Dark - lighted roadway,Clear,0,0,76,61,FALSE,41.92489078,-71.22682306
4210,7/31/2005,July,Sunday,9:53,1,2,0,0,"Sideswipe, same direction",V1: Entering traffic lane / V2: Travelling straight ahead,V1: N  / V2: N,Dry,Daylight,Cloudy,0,0,76,61,FALSE,34.24438675,-73.6513909
4211,7/31/2005,July,Sunday,18:20,1,2,0,0,"Sideswipe, same direction",V1: Changing lanes / V2: Travelling straight ahead,V1: 0 / V2: 0,Dry,Daylight,Cloudy,0,0,76,61,FALSE,41.92901492,-71.35386461
4212,8/1/2005,August,Monday,7:40,1,1,0,0,Single vehicle crash,V1: Overtaking/passing,V1: N,Dry,Daylight,Clear,0,0,86,63,FALSE,41.94666472,-71.28742757
4213,8/1/2005,August,Monday,10:34,1,2,0,0,Rear-end,V1: Backing / V2: Slowing or stopped in traffic,V1: W  / V2: W,Dry,Daylight,Clear,0,0,86,63,FALSE,41.92241545,-71.31336866
4214,8/2/2005,August,Tuesday,11:58,1,2,0,0,Rear-end,V1: Travelling straight ahead / V2: Travelling straight ahead,V1: N  / V2: N,Dry,Daylight,Clear,0.03,0,93,65,FALSE,41.93409173,-71.31894301
4215,8/2/2005,August,Tuesday,13:13,1,1,0,0,Single vehicle crash,V1: Entering traffic lane,V1: W,Dry,Daylight,Clear,0.03,0,93,65,FALSE,34.24438675,-73.6513909
4216,8/2/2005,August,Tuesday,14:57,1,2,0,0,Rear-end,V1: Travelling straight ahead / V2: Slowing or stopped in traffic,V1: N  / V2: N,Dry,Daylight,Clear,0.03,0,93,65,FALSE,34.24438675,-73.6513909
4217,8/2/2005,August,Tuesday,18:19,1,2,0,0,Rear-end,V1: Travelling straight ahead / V2: Slowing or stopped in traffic,V1: S  / V2: S,Dry,Daylight,Clear,0.03,0,93,65,FALSE,34.24438675,-73.6513909
4218,8/3/2005,August,Wednesday,1:06,1,1,0,0,Single vehicle crash,V1: Travelling straight ahead,V1: E,Dry,Dark - lighted roadway,Clear,0,0,95,67,FALSE,41.93104644,-71.30152811
4219,8/3/2005,August,Wednesday,3:00,1,2,0,0,"Sideswipe, same direction",V1: Travelling straight ahead / V2: Slowing or stopped in traffic,V1: S  / V2: S,Dry,Daylight,Clear,0,0,95,67,FALSE,34.24438675,-73.6513909
4220,8/3/2005,August,Wednesday,12:05,2,1,1,0,0,V1: Travelling straight ahead,V1: S,Dry,Daylight,Clear,0,0,95,67,FALSE,41.94470433,-71.2812252
4221,8/3/2005,August,Wednesday,16:25,2,1,1,0,Single vehicle crash,V1: Travelling straight ahead,V1: N,Dry,Daylight,Clear,0,0,95,67,FALSE,41.92131564,-71.2963206
4222,8/3/2005,August,Wednesday,22:15,1,2,0,0,Rear-end,V1: Slowing or stopped in traffic / V2: Slowing or stopped in traffic,V1: N  / V2: N,Dry,Dark - lighted roadway,Clear,0,0,95,67,FALSE,41.91982212,-71.35857678
4223,8/3/2005,August,Wednesday,22:22,1,1,0,0,Single vehicle crash,V1: Travelling straight ahead,V1: E,Dry,Dark - lighted roadway,Clear,0,0,95,67,FALSE,41.93404553,-71.31575661
4224,8/4/2005,August,Thursday,3:41,1,2,0,0,"Sideswipe, opposite direction",V1: Slowing or stopped in traffic / V2: Travelling straight ahead,V1: E  / V2: W,Dry,Daylight,Clear,0,0,90,65,FALSE,41.93363156,-71.30076394
4225,8/4/2005,August,Thursday,16:30,2,2,1,0,Single vehicle crash,V1: Travelling straight ahead / V2: Parked,V1: S  / V2: 0,Dry,Daylight,Clear,0,0,90,65,FALSE,41.94625923,-71.28694634
4226,8/4/2005,August,Thursday,17:24,2,1,1,0,Single vehicle crash,V1: Travelling straight ahead,V1: S,Dry,Daylight,Clear,0,0,90,65,FALSE,41.90257689,-71.3560405
4227,8/4/2005,August,Thursday,17:50,1,2,0,0,Angle,V1: Travelling straight ahead / V2: Travelling straight ahead,V1: E  / V2: 0,Dry,Daylight,Clear,0,0,90,65,FALSE,34.24438675,-73.6513909
4228,8/4/2005,August,Thursday,20:45,1,1,0,0,"Sideswipe, same direction",V1: Turning right,V1: 0,Dry,Dark - lighted roadway,Clear,0,0,90,65,FALSE,41.9483337,-71.27794679
4229,8/5/2005,August,Friday,1:48,1,1,0,0,Single vehicle crash,V1: Turning left,V1: W,Dry,Dark - lighted roadway,Clear,0,0,99,71,FALSE,41.93409173,-71.31894301
4230,8/5/2005,August,Friday,17:19,1,2,0,0,Rear-end,V1: Travelling straight ahead / V2: Slowing or stopped in traffic,V1: 0 / V2: 0,Dry,Daylight,Cloudy,0,0,99,71,FALSE,41.93947481,-71.29115342
4231,8/5/2005,August,Friday,18:50,1,1,0,0,Single vehicle crash,V1: Travelling straight ahead,V1: S,Wet,Daylight,Cloudy,0,0,99,71,FALSE,34.24438675,-73.6513909
4232,8/7/2005,August,Sunday,15:55,2,1,2,0,Single vehicle crash,V1: Turning right,V1: W,"Sand, mud, dirt, oil, gravel",Daylight,Clear,0,0,86,61,FALSE,41.95281359,-71.29362391
4233,8/8/2005,August,Monday,10:20,2,2,1,0,Rear-end,V1: Slowing or stopped in traffic / V2: 0,V1: N  / V2: N,Dry,Daylight,Clear,0,0,93,67,FALSE,41.97001836,-71.2913735
4234,8/8/2005,August,Monday,11:14,1,2,0,0,Rear-end,V1: Travelling straight ahead / V2: Travelling straight ahead,V1: N  / V2: N,Dry,Daylight,Cloudy,0,0,93,67,FALSE,41.91402282,-71.35905109
4235,8/8/2005,August,Monday,22:00,1,2,0,0,Rear-end,V1: Travelling straight ahead / V2: Travelling straight ahead,V1: N  / V2: N,"Sand, mud, dirt, oil, gravel",Dark - lighted roadway,Clear,0,0,93,67,FALSE,34.24438675,-73.6513909
4236,8/8/2005,August,Monday,23:05,1,2,0,0,Angle,V1: Travelling straight ahead / V2: Travelling straight ahead,V1: W  / V2: S,Dry,Dark - lighted roadway,Clear,0,0,93,67,FALSE,41.92014284,-71.35719783
4237,8/10/2005,August,Wednesday,0:00,2,2,1,0,Angle,V1: Travelling straight ahead / V2: 0,V1: 0 / V2: 0,Dry,Dark - lighted roadway,Clear,0,0,90,70,FALSE,41.93525581,-71.27772654
4238,8/10/2005,August,Wednesday,12:13,1,2,0,0,Angle,V1: Slowing or stopped in traffic / V2: Turning left,V1: W  / V2: E,Dry,Daylight,Clear,0,0,90,70,FALSE,41.94234382,-71.27289652
4239,8/10/2005,August,Wednesday,14:00,0,2,0,0,Rear-to-rear,V1: Backing / V2: Parked,V1: 0 / V2: 0,Dry,Daylight,Clear,0,0,90,70,FALSE,34.24438675,-73.6513909
4240,8/10/2005,August,Wednesday,22:05,1,1,0,0,Single vehicle crash,V1: Travelling straight ahead,V1: E,Dry,Dark - lighted roadway,Clear,0,0,90,70,FALSE,41.92950189,-71.30272771
4241,8/10/2005,August,Wednesday,23:07,1,2,0,0,Angle,V1: Turning left / V2: Travelling straight ahead,V1: W  / V2: E,Dry,Dark - lighted roadway,Clear,0,0,90,70,FALSE,41.91982212,-71.35857678
4242,8/11/2005,August,Thursday,13:09,2,2,1,0,Rear-end,V1: Travelling straight ahead / V2: Slowing or stopped in traffic,V1: N  / V2: N,Dry,Daylight,Cloudy,0,0,95,69,FALSE,34.24438675,-73.6513909
4243,8/11/2005,August,Thursday,14:35,1,2,0,0,Angle,V1: Turning left / V2: Turning left,V1: N  / V2: N,Dry,Daylight,Clear,0,0,95,69,FALSE,41.92298399,-71.3572054
4244,8/11/2005,August,Thursday,16:15,1,2,0,0,Angle,V1: Turning left / V2: Travelling straight ahead,V1: W  / V2: N,Dry,Daylight,Clear,0,0,95,69,FALSE,34.24438675,-73.6513909
4245,8/11/2005,August,Thursday,17:03,1,2,0,0,Rear-end,V1: Slowing or stopped in traffic / V2: Travelling straight ahead,V1: E  / V2: E,Dry,Daylight,Clear,0,0,95,69,FALSE,34.24438675,-73.6513909
4246,8/11/2005,August,Thursday,18:03,1,2,0,0,Angle,V1: Turning left / V2: Travelling straight ahead,V1: N  / V2: S,Dry,Daylight,Clear,0,0,95,69,FALSE,41.91230639,-71.36215607
4247,8/12/2005,August,Friday,1:39,1,2,0,0,Rear-end,V1: Entering traffic lane / V2: Slowing or stopped in traffic,V1: W  / V2: W,Dry,Daylight,Clear,0,0,91,69,FALSE,41.97001836,-71.2913735
4248,8/12/2005,August,Friday,11:15,2,2,1,0,Rear-end,V1: Slowing or stopped in traffic / V2: Slowing or stopped in traffic,V1: N  / V2: 0,Dry,Daylight,Clear,0,0,91,69,FALSE,41.9472108,-71.28786501
4249,8/12/2005,August,Friday,11:39,1,2,0,0,Rear-end,V1: Travelling straight ahead / V2: Slowing or stopped in traffic,V1: S  / V2: S,Dry,Daylight,Clear,0,0,91,69,FALSE,41.91649569,-71.30362942
4250,8/12/2005,August,Friday,13:18,2,2,2,0,Angle,V1: Turning left / V2: Travelling straight ahead,V1: S  / V2: N,Dry,Daylight,Cloudy,0,0,91,69,FALSE,41.89733197,-71.36979234
4251,8/12/2005,August,Friday,19:40,1,2,0,0,Angle,V1: Turning right / V2: Slowing or stopped in traffic,V1: E  / V2: S,Dry,Dark - lighted roadway,Clear,0,0,91,69,FALSE,34.24438675,-73.6513909
4252,8/12/2005,August,Friday,22:04,1,1,0,0,Single vehicle crash,V1: Turning left,V1: E,Dry,Dark - lighted roadway,Cloudy,0,0,91,69,FALSE,34.24438675,-73.6513909
4253,8/13/2005,August,Saturday,9:20,1,2,0,0,Rear-end,V1: Travelling straight ahead / V2: Travelling straight ahead,V1: S  / V2: S,Dry,Daylight,Clear,0,0,98,75,FALSE,41.9365932,-71.29539949
4254,8/13/2005,August,Saturday,14:24,1,2,0,0,Rear-end,V1: Travelling straight ahead / V2: Travelling straight ahead,V1: 0 / V2: 0,Dry,Daylight,Clear,0,0,98,75,FALSE,34.24438675,-73.6513909
4255,8/13/2005,August,Saturday,16:01,2,3,4,0,Angle,V1: Turning left / V2: 0 / V3: Slowing or stopped in traffic,V1: N  / V2: S  / V3: N,Dry,Daylight,Clear,0,0,98,75,FALSE,41.92508738,-71.35628348
4256,8/14/2005,August,Sunday,3:30,1,1,0,0,Single vehicle crash,V1: Travelling straight ahead,V1: S,Dry,Dark - lighted roadway,Clear,0.65,0,95,68,FALSE,41.95437986,-71.25499915
4257,8/14/2005,August,Sunday,13:27,2,2,1,0,Rear-end,V1: Travelling straight ahead / V2: Slowing or stopped in traffic,V1: W  / V2: W,Dry,Daylight,Cloudy,0.65,0,95,68,FALSE,41.89860391,-71.36416943
4258,8/14/2005,August,Sunday,16:42,1,2,0,0,Angle,V1: Travelling straight ahead / V2: Travelling straight ahead,V1: S  / V2: E,Dry,Daylight,Cloudy,0.65,0,95,68,FALSE,41.95428602,-71.28497548
4259,8/14/2005,August,Sunday,17:41,1,2,0,0,Angle,V1: Travelling straight ahead / V2: Turning left,V1: N  / V2: S,Dry,Daylight,Cloudy,0.65,0,95,68,FALSE,34.24438675,-73.6513909
4260,8/16/2005,August,Tuesday,8:45,2,1,1,0,Single vehicle crash,V1: Travelling straight ahead,V1: W,Dry,Daylight,Cloudy,0,0,80,60,FALSE,41.91608626,-71.37759037
4261,8/16/2005,August,Tuesday,20:15,0,1,0,0,Single vehicle crash,V1: Turning right,V1: 0,Dry,Dark - lighted roadway,Clear,0,0,80,60,FALSE,34.24438675,-73.6513909
4262,8/17/2005,August,Wednesday,5:20,2,3,1,0,Rear-end,V1: Slowing or stopped in traffic / V2: Other / V3: Turning right,V1: S  / V2: S  / V3: S,Dry,Daylight,Clear,0,0,88,63,FALSE,34.24438675,-73.6513909
4263,8/17/2005,August,Wednesday,6:46,1,2,0,0,Rear-end,V1: Travelling straight ahead / V2: Travelling straight ahead,V1: E  / V2: E,Dry,Daylight,Clear,0,0,88,63,FALSE,41.93558301,-71.29754455
4264,8/17/2005,August,Wednesday,16:30,1,2,0,0,Angle,V1: Entering traffic lane / V2: Travelling straight ahead,V1: S  / V2: W,Dry,Daylight,Clear,0,0,88,63,FALSE,41.94757814,-71.27890389
4265,8/18/2005,August,Thursday,23:22,1,2,0,0,Rear-end,V1: Travelling straight ahead / V2: Travelling straight ahead,V1: S  / V2: S,Dry,Dark - roadway not lighted,Clear,0,0,81,56,FALSE,41.93309921,-71.3205767
4266,8/19/2005,August,Friday,16:50,1,2,0,0,Angle,V1: Travelling straight ahead / V2: Turning right,V1: S  / V2: S,Dry,Daylight,Clear,0,0,81,56,FALSE,34.24438675,-73.6513909
4267,8/19/2005,August,Friday,17:22,1,2,0,0,"Sideswipe, same direction",V1: Travelling straight ahead / V2: 0,V1: E  / V2: 0,Dry,Daylight,Clear,0,0,81,56,FALSE,34.24438675,-73.6513909
4268,8/19/2005,August,Friday,18:05,1,3,0,0,Rear-end,V1: Travelling straight ahead / V2: Travelling straight ahead / V3: Travelling straight ahead,V1: S  / V2: S  / V3: S,Dry,Dusk,Cloudy,0,0,81,56,FALSE,34.24438675,-73.6513909
4269,8/20/2005,August,Saturday,4:18,2,1,1,0,Single vehicle crash,V1: Travelling straight ahead,V1: S,Dry,Dark - roadway not lighted,Clear,0,0,88,61,FALSE,41.9589661,-71.30200935