ID,DATE,Month,Day of week,Crash Time,Crash Severity,Number of Vehicles,Total Nonfatal Injuries,Total Fatal Injuries,Manner of Collision,Vehicle Action Prior to Crash,Vehicle Travel Directions,Road Surface Condition,Ambient Light,Weather Condition,PRCP,SNOW,TMAX,TMIN,Ice,Longtitute,Latitute
4270,8/20/2005,August,Saturday,20:15,1,2,0,0,Angle,V1: Turning left / V2: Travelling straight ahead,V1: W  / V2: N,Dry,Dark - lighted roadway,Clear,0,0,88,61,FALSE,41.90964751,-71.36351027
4271,8/21/2005,August,Sunday,0:15,1,2,0,0,"Sideswipe, same direction",V1: Travelling straight ahead / V2: Parked,V1: E  / V2: 0,Dry,Dark - lighted roadway,Cloudy,0.08,0,89,69,FALSE,41.95395992,-71.28274651
4272,8/21/2005,August,Sunday,10:08,1,2,0,0,Angle,V1: Turning left / V2: Travelling straight ahead,V1: E  / V2: W,Dry,Daylight,Clear,0.08,0,89,69,FALSE,34.24438675,-73.6513909
4273,8/21/2005,August,Sunday,11:02,2,3,2,0,Rear-end,V1: Travelling straight ahead / V2: Parked / V3: Parked,V1: N  / V2: N  / V3: N,Dry,Daylight,Cloudy,0.08,0,89,69,FALSE,34.24438675,-73.6513909
4274,8/21/2005,August,Sunday,13:51,1,2,0,0,Angle,V1: Entering traffic lane / V2: Travelling straight ahead,V1: N  / V2: E,Dry,Daylight,Cloudy,0.08,0,89,69,FALSE,41.9515834,-71.29702782
4275,8/22/2005,August,Monday,9:54,1,2,0,0,Rear-end,V1: Travelling straight ahead / V2: Slowing or stopped in traffic,V1: S  / V2: S,Dry,Daylight,Clear,0,0,89,65,FALSE,41.94548184,-71.28559201
4276,8/22/2005,August,Monday,10:00,1,2,0,0,Rear-end,V1: Slowing or stopped in traffic / V2: Travelling straight ahead,V1: S  / V2: S,Dry,Daylight,Clear,0,0,89,65,FALSE,41.91982212,-71.35857678
4277,8/22/2005,August,Monday,11:40,2,2,1,0,Rear-end,V1: Travelling straight ahead / V2: Travelling straight ahead,V1: W  / V2: W,Dry,Daylight,Clear,0,0,89,65,FALSE,41.93358571,-71.32352844
4278,8/22/2005,August,Monday,21:15,1,2,0,0,"Sideswipe, same direction",V1: Travelling straight ahead / V2: Travelling straight ahead,V1: S  / V2: S,Dry,Dark - lighted roadway,Cloudy,0,0,89,65,FALSE,34.24438675,-73.6513909
4279,8/22/2005,August,Monday,22:15,0,2,0,0,Angle,V1: Travelling straight ahead / V2: 0,V1: S  / V2: 0,Dry,Dark - lighted roadway,Clear,0,0,89,65,FALSE,34.24438675,-73.6513909
4280,8/23/2005,August,Tuesday,8:15,2,2,2,0,Rear-end,V1: Travelling straight ahead / V2: Slowing or stopped in traffic,V1: E  / V2: E,Dry,Daylight,Cloudy,0,0,85,57,FALSE,41.93398176,-71.31841719
4281,8/23/2005,August,Tuesday,11:25,2,2,1,0,Angle,V1: Making U-turn / V2: Travelling straight ahead,V1: S  / V2: S,Dry,Daylight,Clear,0,0,85,57,FALSE,34.24438675,-73.6513909
4282,8/24/2005,August,Wednesday,8:37,1,1,0,0,Single vehicle crash,V1: Turning right,V1: N,Dry,Daylight,Clear,0.17,0,79,57,FALSE,41.95454642,-71.29189461
4283,8/24/2005,August,Wednesday,10:56,2,2,2,0,Rear-end,V1: Travelling straight ahead / V2: Slowing or stopped in traffic,V1: E  / V2: E,Dry,Daylight,Clear,0.17,0,79,57,FALSE,41.95358311,-71.26631062
4284,8/24/2005,August,Wednesday,16:12,1,1,0,0,Single vehicle crash,V1: Backing,V1: S,Dry,Daylight,Cloudy,0.17,0,79,57,FALSE,41.93919475,-71.28961842
4285,8/24/2005,August,Wednesday,20:28,1,2,0,0,Angle,V1: Travelling straight ahead / V2: Turning left,V1: N  / V2: E,Dry,Dark - lighted roadway,Cloudy,0.17,0,79,57,FALSE,41.92508738,-71.35628348
4286,8/25/2005,August,Thursday,0:04,2,2,2,0,Rear-end,V1: Travelling straight ahead / V2: Slowing or stopped in traffic,V1: N  / V2: N,Dry,Dark - lighted roadway,Clear,0,0,80,55,FALSE,41.90086769,-71.36799095
4287,8/25/2005,August,Thursday,2:30,1,2,0,0,Angle,V1: Slowing or stopped in traffic / V2: Slowing or stopped in traffic,V1: W  / V2: W,Dry,Daylight,Clear,0,0,80,55,FALSE,41.93393836,-71.3077318
4288,8/25/2005,August,Thursday,9:26,1,2,0,0,Angle,V1: Turning right / V2: Slowing or stopped in traffic,V1: E  / V2: W,Dry,Daylight,Clear,0,0,80,55,FALSE,41.90964751,-71.36351027
4289,8/25/2005,August,Thursday,15:14,2,2,1,0,Angle,V1: Travelling straight ahead / V2: Turning left,V1: W  / V2: E,Dry,Daylight,Clear,0,0,80,55,FALSE,41.9340641,-71.31606754
4290,8/25/2005,August,Thursday,17:30,1,2,0,0,Rear-end,V1: Slowing or stopped in traffic / V2: Travelling straight ahead,V1: 0 / V2: W,Dry,Daylight,Clear,0,0,80,55,FALSE,34.24438675,-73.6513909
4291,8/26/2005,August,Friday,7:52,2,2,1,0,"Sideswipe, opposite direction",V1: Turning right / V2: Overtaking/passing,V1: E  / V2: N,Dry,Daylight,Clear,0,0,86,54,FALSE,41.95180679,-71.2898592
4292,8/26/2005,August,Friday,17:10,2,2,1,0,Rear-end,V1: Travelling straight ahead / V2: Travelling straight ahead,V1: S  / V2: S,Dry,Daylight,Clear,0,0,86,54,FALSE,41.96019105,-71.3011811
4293,8/26/2005,August,Friday,18:06,2,1,1,0,Single vehicle crash,V1: Turning right,V1: 0,Dry,Daylight,Clear,0,0,86,54,FALSE,34.24438675,-73.6513909
4294,8/26/2005,August,Friday,18:30,1,1,0,0,Single vehicle crash,V1: Travelling straight ahead,V1: N,Dry,Daylight,Clear,0,0,86,54,FALSE,41.90731566,-71.37848321
4295,8/27/2005,August,Saturday,1:31,1,2,0,0,Rear-end,V1: Turning left / V2: Turning left,V1: W  / V2: W,Dry,Dark - lighted roadway,Clear,0,0,85,58,FALSE,41.91329854,-71.30797099
4296,8/27/2005,August,Saturday,5:00,1,2,0,0,Rear-end,V1: Slowing or stopped in traffic / V2: Travelling straight ahead,V1: W  / V2: W,Dry,Daylight,Clear,0,0,85,58,FALSE,41.91816133,-71.25763887
4297,8/27/2005,August,Saturday,8:28,1,2,0,0,Angle,V1: Travelling straight ahead / V2: Travelling straight ahead,V1: W  / V2: S,Dry,Daylight,Clear,0,0,85,58,FALSE,41.93692353,-71.281137
4298,8/27/2005,August,Saturday,9:37,2,1,1,0,Single vehicle crash,V1: Travelling straight ahead,V1: W,Dry,Daylight,Clear,0,0,85,58,FALSE,34.24438675,-73.6513909
4299,8/27/2005,August,Saturday,17:18,2,2,3,0,Angle,V1: Turning left / V2: Travelling straight ahead,V1: N  / V2: S,Dry,Daylight,Clear,0,0,85,58,FALSE,41.91619723,-71.35885587
4300,8/28/2005,August,Sunday,15:19,2,2,1,0,Rear-end,V1: Travelling straight ahead / V2: Travelling straight ahead,V1: S  / V2: S,Wet,Daylight,Cloudy/Rain,0,0,86,65,FALSE,41.92644259,-71.35554103
4301,8/29/2005,August,Monday,7:10,2,2,1,0,Rear-end,V1: Slowing or stopped in traffic / V2: Travelling straight ahead,V1: S  / V2: N,Snow,Dusk,Rain,0.52,0,85,71,FALSE,41.94548184,-71.28559201
4302,8/29/2005,August,Monday,15:37,1,2,0,0,Rear-end,V1: Slowing or stopped in traffic / V2: Slowing or stopped in traffic,V1: N  / V2: N,Wet,Daylight,Rain,0.52,0,85,71,FALSE,41.90231125,-71.35597671
4303,8/30/2005,August,Tuesday,4:30,1,2,0,0,Angle,V1: Travelling straight ahead / V2: Entering traffic lane,V1: 0 / V2: N,Wet,Daylight,Rain,3.26,0,74,70,FALSE,41.93397764,-71.31903245
4304,8/30/2005,August,Tuesday,11:26,1,2,0,0,Angle,V1: Travelling straight ahead / V2: Entering traffic lane,V1: S  / V2: E,Wet,Daylight,Rain,3.26,0,74,70,FALSE,34.24438675,-73.6513909
4305,8/30/2005,August,Tuesday,15:15,1,2,0,0,Rear-end,V1: Travelling straight ahead / V2: Entering traffic lane,V1: N  / V2: N,Dry,Daylight,Clear,3.26,0,74,70,FALSE,34.24438675,-73.6513909
4306,8/30/2005,August,Tuesday,16:20,1,2,0,0,"Sideswipe, opposite direction",V1: Travelling straight ahead / V2: Turning left,V1: S  / V2: N,Wet,Daylight,Rain,3.26,0,74,70,FALSE,41.91295686,-71.35935687
4307,8/31/2005,August,Wednesday,7:41,1,2,0,0,Angle,V1: Turning left / V2: Travelling straight ahead,V1: E  / V2: N,Wet,Daylight,Cloudy,0.05,0,82,73,FALSE,41.92508738,-71.35628348
4308,8/31/2005,August,Wednesday,16:44,0,1,0,0,Single vehicle crash,V1: 0,V1: 0,Wet,Daylight,Cloudy/Rain,0.05,0,82,73,FALSE,41.93833167,-71.28470306
4309,8/31/2005,August,Wednesday,18:03,1,2,0,0,Angle,V1: Turning left / V2: Travelling straight ahead,V1: N  / V2: S,Dry,Daylight,Cloudy,0.05,0,82,73,FALSE,41.91230639,-71.36215607
4310,8/31/2005,August,Wednesday,20:08,1,2,0,0,Angle,V1: Turning left / V2: Travelling straight ahead,V1: N  / V2: W,Wet,Dark - lighted roadway,Rain,0.05,0,82,73,FALSE,41.94757814,-71.27890389
4311,9/1/2005,September,Thursday,5:44,2,2,1,0,Rear-end,V1: Turning left / V2: Travelling straight ahead,V1: N  / V2: E,Dry,Dawn,Clear,0.11,0,87,63,FALSE,41.91866603,-71.35907451
4312,9/1/2005,September,Thursday,9:40,1,3,0,0,Rear-end,V1: Travelling straight ahead / V2: Slowing or stopped in traffic / V3: Turning left,V1: N  / V2: N  / V3: W,Dry,Daylight,Clear,0.11,0,87,63,FALSE,41.91035947,-71.36314658
4313,9/1/2005,September,Thursday,11:45,1,2,0,0,"Sideswipe, same direction",V1: Travelling straight ahead / V2: Travelling straight ahead,V1: S  / V2: S,Dry,Dark - lighted roadway,Clear,0.11,0,87,63,FALSE,34.24438675,-73.6513909
4314,9/1/2005,September,Thursday,12:00,2,2,1,0,Rear-end,V1: Travelling straight ahead / V2: Travelling straight ahead,V1: 0 / V2: 0,Dry,Daylight,Clear,0.11,0,87,63,FALSE,34.24438675,-73.6513909
4315,9/1/2005,September,Thursday,14:54,2,3,2,0,Angle,V1: Travelling straight ahead / V2: Travelling straight ahead / V3: Slowing or stopped in traffic,V1: E  / V2: S  / V3: N,Dry,Daylight,Clear,0.11,0,87,63,FALSE,41.92241545,-71.31336866
4316,9/1/2005,September,Thursday,20:48,1,3,0,0,Rear-end,V1: Slowing or stopped in traffic / V2: Slowing or stopped in traffic / V3: Travelling straight ahead,V1: S  / V2: S  / V3: S,Dry,Dark - lighted roadway,Clear,0.11,0,87,63,FALSE,41.89907388,-71.36783882
4317,9/2/2005,September,Friday,9:53,1,2,0,0,"Sideswipe, opposite direction",V1: Turning left / V2: Travelling straight ahead,V1: S  / V2: S,Dry,Daylight,Clear,0,0,87,59,FALSE,41.93421769,-71.2996754
4318,9/2/2005,September,Friday,14:39,2,2,2,0,Rear-end,V1: Slowing or stopped in traffic / V2: Slowing or stopped in traffic,V1: N  / V2: N,Dry,Daylight,Clear,0,0,87,59,FALSE,41.91982212,-71.35857678
4319,9/3/2005,September,Saturday,4:27,1,1,0,0,Single vehicle crash,V1: Travelling straight ahead,V1: E,Dry,Dark - lighted roadway,Clear,0,0,83,60,FALSE,41.92900797,-71.28446457
4320,9/3/2005,September,Saturday,9:30,1,2,0,0,Angle,V1: Slowing or stopped in traffic / V2: Turning left,V1: S  / V2: E,Dry,Daylight,Clear,0,0,83,60,FALSE,41.91982212,-71.35857678
4321,9/3/2005,September,Saturday,11:30,2,2,1,0,Angle,V1: Turning left / V2: Travelling straight ahead,V1: S  / V2: E,Dry,Daylight,Cloudy,0,0,83,60,FALSE,34.24438675,-73.6513909
4322,9/3/2005,September,Saturday,14:20,2,2,1,0,Angle,V1: Turning left / V2: Travelling straight ahead,V1: E  / V2: S,Dry,Daylight,Clear,0,0,83,60,FALSE,41.89758492,-71.36966313
4323,9/3/2005,September,Saturday,19:59,3,1,0,1,Single vehicle crash,V1: Travelling straight ahead,V1: E,Dry,Dark - lighted roadway,Clear,0,0,83,60,FALSE,41.90942867,-71.28567899
4324,9/4/2005,September,Sunday,12:00,0,2,0,0,0,V1: Slowing or stopped in traffic / V2: Travelling straight ahead,V1: E  / V2: E,Dry,Daylight,Clear,0,0,82,61,FALSE,34.24438675,-73.6513909
4325,9/4/2005,September,Sunday,13:08,2,2,1,0,Rear-end,V1: Travelling straight ahead / V2: Slowing or stopped in traffic,V1: S  / V2: S,Dry,Daylight,Clear,0,0,82,61,FALSE,34.24438675,-73.6513909
4326,9/5/2005,September,Monday,15:30,1,2,0,0,Angle,V1: Slowing or stopped in traffic / V2: Travelling straight ahead,V1: S  / V2: E,Dry,Daylight,Clear,0,0,76,53,FALSE,41.91982212,-71.35857678
4327,9/6/2005,September,Tuesday,13:25,2,2,1,0,0,V1: Travelling straight ahead / V2: 0,V1: S  / V2: E,Dry,Daylight,Clear,0,0,78,49,FALSE,41.92508738,-71.35628348
4328,9/7/2005,September,Wednesday,5:00,2,1,1,0,Single vehicle crash,V1: Leaving traffic lane,V1: S,Dry,Dark - roadway not lighted,Clear,0,0,83,51,FALSE,41.90272719,-71.35550871
4329,9/7/2005,September,Wednesday,8:30,2,4,2,0,Rear-end,V1: Slowing or stopped in traffic / V2: Slowing or stopped in traffic / V3: Slowing or stopped in traffic / V4: Travelling straight ahead,V1: N  / V2: N  / V3: N  / V4: N,Dry,Daylight,Clear,0,0,83,51,FALSE,41.956426,-71.30313034
4330,9/7/2005,September,Wednesday,9:45,1,2,0,0,Angle,V1: Travelling straight ahead / V2: Turning left,V1: E  / V2: N,Dry,Daylight,Clear,0,0,83,51,FALSE,34.24438675,-73.6513909
4331,9/7/2005,September,Wednesday,11:10,2,2,1,0,Rear-end,V1: Slowing or stopped in traffic / V2: Travelling straight ahead,V1: S  / V2: S,Dry,Dark - roadway not lighted,Clear,0,0,83,51,FALSE,34.24438675,-73.6513909
4332,9/8/2005,September,Thursday,1:09,2,2,1,0,Rear-end,V1: Travelling straight ahead / V2: Travelling straight ahead,V1: N  / V2: N,Dry,Daylight,Clear,0,0,85,56,FALSE,41.92851599,-71.3541083
4333,9/8/2005,September,Thursday,7:00,0,1,0,0,0,V1: Travelling straight ahead,V1: N,0,Daylight,Clear,0,0,85,56,FALSE,34.24438675,-73.6513909
4334,9/8/2005,September,Thursday,11:47,1,2,0,0,Angle,V1: Travelling straight ahead / V2: Backing,V1: S  / V2: W,Dry,Daylight,Clear,0,0,85,56,FALSE,41.93920256,-71.26702498
4335,9/8/2005,September,Thursday,13:36,1,2,0,0,Angle,V1: Entering traffic lane / V2: Travelling straight ahead,V1: N  / V2: N,Dry,Daylight,Cloudy,0,0,85,56,FALSE,41.91982212,-71.35857678
4336,9/8/2005,September,Thursday,15:28,2,2,1,0,Angle,V1: Turning left / V2: Travelling straight ahead,V1: E  / V2: S,Dry,Daylight,Clear,0,0,85,56,FALSE,41.90450042,-71.36614213
4337,9/8/2005,September,Thursday,22:35,1,1,0,0,Single vehicle crash,V1: Travelling straight ahead,V1: S,Dry,Dark - roadway not lighted,Clear,0,0,85,56,FALSE,41.95545359,-71.30436114
4338,9/9/2005,September,Friday,15:30,1,2,0,0,Head-on,V1: Turning left / V2: Turning left,V1: S  / V2: N,Dry,Daylight,Clear,0,0,73,58,FALSE,41.90964751,-71.36351027
4339,9/9/2005,September,Friday,16:30,2,3,1,0,Rear-end,V1: Slowing or stopped in traffic / V2: Slowing or stopped in traffic / V3: Travelling straight ahead,V1: N  / V2: N  / V3: N,Dry,0,Clear,0,0,73,58,FALSE,34.24438675,-73.6513909
4340,9/10/2005,September,Saturday,12:47,1,2,0,0,Angle,V1: Travelling straight ahead / V2: Travelling straight ahead,V1: N  / V2: W,Dry,Daylight,Clear,0,0,74,49,FALSE,41.94470433,-71.2812252
4341,9/10/2005,September,Saturday,22:19,2,1,1,0,Single vehicle crash,V1: Travelling straight ahead,V1: E,Dry,Dark - lighted roadway,Cloudy,0,0,74,49,FALSE,34.24438675,-73.6513909
4342,9/11/2005,September,Sunday,9:59,1,2,0,0,Angle,V1: Turning left / V2: Travelling straight ahead,V1: E  / V2: N,Dry,Daylight,Clear,0,0,76,46,FALSE,41.93840858,-71.28352591
4343,9/11/2005,September,Sunday,10:02,1,2,0,0,0,V1: 0 / V2: Parked,V1: 0 / V2: W,Dry,Dark - lighted roadway,Clear,0,0,76,46,FALSE,34.24438675,-73.6513909
4344,9/11/2005,September,Sunday,11:59,1,2,0,0,Angle,V1: Travelling straight ahead / V2: Turning left,V1: S  / V2: N,Dry,Daylight,Clear,0,0,76,46,FALSE,41.94951903,-71.2898308
4345,9/11/2005,September,Sunday,12:40,1,2,0,0,Angle,V1: Turning left / V2: Travelling straight ahead,V1: E  / V2: W,Dry,Daylight,Clear,0,0,76,46,FALSE,41.91982212,-71.35857678
4346,9/11/2005,September,Sunday,18:23,1,2,0,0,Rear-end,V1: Slowing or stopped in traffic / V2: Travelling straight ahead,V1: N  / V2: N,Dry,Daylight,Clear,0,0,76,46,FALSE,34.24438675,-73.6513909
4347,9/12/2005,September,Monday,7:20,1,2,0,0,Rear-end,V1: Travelling straight ahead / V2: Slowing or stopped in traffic,V1: N  / V2: N,Dry,Daylight,Clear,0,0,91,61,FALSE,41.92226308,-71.29318434
4348,9/12/2005,September,Monday,7:25,1,2,0,0,Angle,V1: Turning left / V2: Travelling straight ahead,V1: N  / V2: S,Dry,Daylight,Clear,0,0,91,61,FALSE,41.94213878,-71.28262423
4349,9/12/2005,September,Monday,7:59,2,4,1,0,Rear-end,V1: Travelling straight ahead / V2: Travelling straight ahead / V3: Slowing or stopped in traffic / V4: Slowing or stopped in traffic,V1: S  / V2: S  / V3: S  / V4: S,Dry,Daylight,Clear,0,0,91,61,FALSE,34.24438675,-73.6513909
4350,9/12/2005,September,Monday,16:50,1,2,0,0,Angle,V1: Backing / V2: Parked,V1: N  / V2: 0,Dry,Daylight,Clear,0,0,91,61,FALSE,41.94387991,-71.27613243
4351,9/13/2005,September,Tuesday,14:20,1,2,0,0,Angle,V1: Travelling straight ahead / V2: Changing lanes,V1: N  / V2: N,Dry,Daylight,Clear,0,0,89,63,FALSE,41.90261606,-71.35590689
4352,9/13/2005,September,Tuesday,14:52,2,2,2,0,Rear-end,V1: Travelling straight ahead / V2: Slowing or stopped in traffic,V1: N  / V2: N,Dry,Daylight,Clear,0,0,89,63,FALSE,41.9348634,-71.29887283
4353,9/13/2005,September,Tuesday,17:55,1,2,0,0,Angle,V1: Entering traffic lane / V2: Changing lanes,V1: S  / V2: S,Dry,Daylight,Clear,0,0,89,63,FALSE,41.9110765,-71.36278231
4354,9/14/2005,September,Wednesday,6:10,1,2,0,0,Rear-end,V1: Travelling straight ahead / V2: Travelling straight ahead,V1: S  / V2: S,Dry,Daylight,Clear,0,0,86,67,FALSE,41.96206395,-71.28805376
4355,9/14/2005,September,Wednesday,7:38,1,1,0,0,Single vehicle crash,V1: Travelling straight ahead,V1: E,Dry,Daylight,Cloudy,0,0,86,67,FALSE,41.90877097,-71.29582388
4356,9/14/2005,September,Wednesday,10:23,2,2,1,0,"Sideswipe, same direction",V1: Travelling straight ahead / V2: Parked,V1: W  / V2: W,Dry,Daylight,Clear,0,0,86,67,FALSE,41.92387717,-71.35158914
4357,9/15/2005,September,Thursday,12:40,2,1,1,0,Single vehicle crash,V1: Travelling straight ahead,V1: N,Dry,Dark - lighted roadway,Clear,2.52,0,77,68,FALSE,41.90719904,-71.3647629
4358,9/15/2005,September,Thursday,13:30,1,2,0,0,"Sideswipe, same direction",V1: Travelling straight ahead / V2: Travelling straight ahead,V1: S  / V2: S,Wet,Daylight,Cloudy/Rain,2.52,0,77,68,FALSE,41.92508738,-71.35628348
4359,9/15/2005,September,Thursday,14:00,2,2,1,0,Rear-end,V1: Travelling straight ahead / V2: Slowing or stopped in traffic,V1: E  / V2: E,Wet,Daylight,Cloudy/Rain,2.52,0,77,68,FALSE,41.93397921,-71.30659863
4360,9/15/2005,September,Thursday,14:03,0,1,0,0,Single vehicle crash,V1: Travelling straight ahead,V1: E,Wet,Daylight,Cloudy/Rain,2.52,0,77,68,FALSE,41.90343189,-71.37337588
4361,9/15/2005,September,Thursday,14:07,1,2,0,0,Rear-end,V1: Travelling straight ahead / V2: Slowing or stopped in traffic,V1: N  / V2: N,Wet,Daylight,Cloudy/Rain,2.52,0,77,68,FALSE,41.92299535,-71.35720066
4362,9/15/2005,September,Thursday,21:09,2,2,1,0,Rear-end,V1: Slowing or stopped in traffic / V2: Travelling straight ahead,V1: W  / V2: W,Wet,Dark - lighted roadway,Cloudy/Rain,2.52,0,77,68,FALSE,41.94470433,-71.2812252
4363,9/15/2005,September,Thursday,23:44,2,1,1,0,Single vehicle crash,V1: Travelling straight ahead,V1: W,Wet,Dark - roadway not lighted,Fog,2.52,0,77,68,FALSE,41.9685196,-71.27391662
4364,9/16/2005,September,Friday,11:34,1,2,0,0,Angle,V1: Turning left / V2: Travelling straight ahead,V1: W  / V2: W,Dry,Daylight,Clear,0.24,0,69,65,FALSE,41.93358571,-71.32352844
4365,9/16/2005,September,Friday,16:33,1,2,0,0,Angle,V1: Entering traffic lane / V2: Travelling straight ahead,V1: W  / V2: N,Dry,Daylight,Cloudy,0.24,0,69,65,FALSE,41.91562886,-71.36047108
4366,9/16/2005,September,Friday,18:25,1,4,0,0,Rear-end,V1: Slowing or stopped in traffic / V2: Slowing or stopped in traffic / V3: Slowing or stopped in traffic / V4: Travelling straight ahead,V1: S  / V2: S  / V3: S  / V4: S,Wet,Daylight,Cloudy/Rain,0.24,0,69,65,FALSE,34.24438675,-73.6513909
4367,9/16/2005,September,Friday,19:29,1,1,0,0,Single vehicle crash,V1: Travelling straight ahead,V1: N,Wet,Dark - lighted roadway,Cloudy/Rain,0.24,0,69,65,FALSE,41.91229907,-71.31199733
4368,9/16/2005,September,Friday,20:01,1,3,0,0,Rear-end,V1: Travelling straight ahead / V2: Slowing or stopped in traffic / V3: Slowing or stopped in traffic,V1: W  / V2: W  / V3: W,Wet,Dark - lighted roadway,Cloudy/Rain,0.24,0,69,65,FALSE,41.91723587,-71.37241026
4369,9/16/2005,September,Friday,20:34,1,2,0,0,Angle,V1: Turning left / V2: Travelling straight ahead,V1: N  / V2: N,Wet,Dark - lighted roadway,Cloudy,0.24,0,69,65,FALSE,41.90964751,-71.36351027
4370,9/17/2005,September,Saturday,6:45,1,3,0,0,Angle,V1: Travelling straight ahead / V2: Turning right / V3: Parked,V1: E  / V2: N  / V3: 0,Wet,Dark - lighted roadway,Cloudy/Rain,0.05,0,71,63,FALSE,41.9156364,-71.32216122
4371,9/17/2005,September,Saturday,12:20,1,2,0,0,Angle,V1: Turning right / V2: Travelling straight ahead,V1: 0 / V2: 0,Dry,Daylight,Clear,0.05,0,71,63,FALSE,41.937174,-71.28327789
4372,9/17/2005,September,Saturday,16:43,2,2,1,0,Angle,V1: Travelling straight ahead / V2: Turning left,V1: E  / V2: S,Dry,Daylight,Clear,0.05,0,71,63,FALSE,41.92387717,-71.35158914
4373,9/17/2005,September,Saturday,19:42,2,2,1,0,Angle,V1: Turning left / V2: 0,V1: E  / V2: 0,Wet,Dark - lighted roadway,Rain,0.05,0,71,63,FALSE,41.92508738,-71.35628348
4374,9/18/2005,September,Sunday,13:35,0,2,0,0,Rear-end,V1: Slowing or stopped in traffic / V2: Slowing or stopped in traffic,V1: N  / V2: N,Dry,Daylight,Clear,0,0,79,60,FALSE,41.92969804,-71.32243362
4375,9/20/2005,September,Tuesday,12:53,1,1,0,0,Single vehicle crash,V1: Travelling straight ahead,V1: S,Dry,Daylight,Cloudy,0.03,0,76,59,FALSE,34.24438675,-73.6513909
4376,9/20/2005,September,Tuesday,14:49,2,2,1,0,Angle,V1: Turning left / V2: Travelling straight ahead,V1: S  / V2: W,Dry,Daylight,Cloudy,0.03,0,76,59,FALSE,34.24438675,-73.6513909
4377,9/21/2005,September,Wednesday,7:00,1,2,0,0,0,V1: 0 / V2: 0,V1: 0 / V2: 0,Dry,Daylight,Clear,0,0,82,58,FALSE,34.24438675,-73.6513909
4378,9/21/2005,September,Wednesday,7:50,2,2,1,0,Rear-end,V1: Travelling straight ahead / V2: Slowing or stopped in traffic,V1: N  / V2: N,Dry,Daylight,Clear,0,0,82,58,FALSE,41.90474145,-71.31772514
4379,9/21/2005,September,Wednesday,9:53,1,1,0,0,"Sideswipe, same direction",V1: Backing,V1: E,Dry,Daylight,Clear,0,0,82,58,FALSE,41.89618753,-71.37039513
4380,9/21/2005,September,Wednesday,11:19,0,2,0,0,0,V1: Other / V2: 0,V1: 0 / V2: 0,0,Daylight,Clear,0,0,82,58,FALSE,34.24438675,-73.6513909
4381,9/21/2005,September,Wednesday,14:08,2,2,2,0,Rear-end,V1: Travelling straight ahead / V2: Slowing or stopped in traffic,V1: S  / V2: S,Dry,Daylight,Clear,0,0,82,58,FALSE,41.90964751,-71.36351027
4382,9/21/2005,September,Wednesday,21:10,2,2,1,0,"Sideswipe, opposite direction",V1: Turning left / V2: Travelling straight ahead,V1: N  / V2: S,Wet,Dark - lighted roadway,Rain,0,0,82,58,FALSE,41.95287787,-71.26899686
4383,9/22/2005,September,Thursday,11:21,1,2,0,0,Rear-end,V1: Travelling straight ahead / V2: Travelling straight ahead,V1: S  / V2: S,Dry,Daylight,Clear,0,0,85,53,FALSE,41.92246458,-71.23661861
4384,9/22/2005,September,Thursday,11:32,1,3,0,0,Rear-end,V1: Travelling straight ahead / V2: Other / V3: Travelling straight ahead,V1: N  / V2: N  / V3: N,Dry,Daylight,Clear,0,0,85,53,FALSE,41.92969804,-71.32243362
4385,9/23/2005,September,Friday,14:17,1,2,0,0,Rear-end,V1: Travelling straight ahead / V2: Travelling straight ahead,V1: S  / V2: S,Dry,Daylight,Clear,0,0,83,56,FALSE,41.93874704,-71.29215576
4386,9/23/2005,September,Friday,15:50,2,2,1,0,"Sideswipe, same direction",V1: Travelling straight ahead / V2: Travelling straight ahead,V1: N  / V2: N,Dry,Daylight,Clear,0,0,83,56,FALSE,34.24438675,-73.6513909
4387,9/23/2005,September,Friday,18:15,1,2,0,0,Rear-end,V1: Travelling straight ahead / V2: Slowing or stopped in traffic,V1: W  / V2: W,Dry,Daylight,Cloudy,0,0,83,56,FALSE,41.92675288,-71.34334435
4388,9/23/2005,September,Friday,22:15,1,2,0,0,Rear-end,V1: Travelling straight ahead / V2: Turning left,V1: N  / V2: 0,Dry,Dark - lighted roadway,Clear,0,0,83,56,FALSE,41.90739914,-71.36465928
4389,9/24/2005,September,Saturday,1:10,1,2,0,0,Single vehicle crash,V1: Travelling straight ahead / V2: Parked,V1: N  / V2: 0,Dry,Dark - lighted roadway,Clear,0,0,70,43,FALSE,41.92591155,-71.34686704
4390,9/24/2005,September,Saturday,19:45,2,2,1,0,Angle,V1: Other / V2: Travelling straight ahead,V1: E  / V2: N,Dry,Dark - lighted roadway,Clear,0,0,70,43,FALSE,41.90958354,-71.36354345
4391,9/25/2005,September,Sunday,7:18,1,2,0,0,Angle,V1: Travelling straight ahead / V2: Entering traffic lane,V1: W  / V2: W,Dry,Daylight,Clear,0,0,69,38,FALSE,41.91500865,-71.38061019
4392,9/27/2005,September,Tuesday,13:38,1,2,0,0,Rear-end,V1: Slowing or stopped in traffic / V2: Slowing or stopped in traffic,V1: N  / V2: N,Dry,Daylight,Clear,0.01,0,74,48,FALSE,41.90223058,-71.35625816