ID,DATE,Month,Day of week,Crash Time,Crash Severity,Number of Vehicles,Total Nonfatal Injuries,Total Fatal Injuries,Manner of Collision,Vehicle Action Prior to Crash,Vehicle Travel Directions,Road Surface Condition,Ambient Light,Weather Condition,PRCP,SNOW,TMAX,TMIN,Ice,Longtitute,Latitute
4393,9/27/2005,September,Tuesday,18:10,2,2,2,0,Angle,V1: Travelling straight ahead / V2: Travelling straight ahead,V1: S  / V2: W,Dry,Daylight,Clear,0.01,0,74,48,FALSE,41.92508738,-71.35628348
4394,9/27/2005,September,Tuesday,22:30,2,2,1,0,Rear-end,V1: Travelling straight ahead / V2: Slowing or stopped in traffic,V1: 0 / V2: 0,0,Dark - lighted roadway,Cloudy,0.01,0,74,48,FALSE,41.92644259,-71.35554103
4395,9/27/2005,September,Tuesday,22:50,0,1,0,0,Single vehicle crash,V1: Travelling straight ahead,V1: S,Dry,Dark - lighted roadway,Clear,0.01,0,74,48,FALSE,41.89841145,-71.37009489
4396,9/28/2005,September,Wednesday,12:18,1,2,0,0,"Sideswipe, same direction",V1: Turning right / V2: Travelling straight ahead,V1: S  / V2: S,Dry,Daylight,Clear,0,0,73,43,FALSE,41.89903243,-71.355186
4397,9/28/2005,September,Wednesday,12:20,1,2,0,0,Rear-end,V1: Slowing or stopped in traffic / V2: Slowing or stopped in traffic,V1: N  / V2: N,Dry,Daylight,Clear,0,0,73,43,FALSE,41.92014284,-71.35719783
4398,9/28/2005,September,Wednesday,14:42,2,1,1,0,Single vehicle crash,V1: Travelling straight ahead,V1: E,Dry,Daylight,Clear,0,0,73,43,FALSE,41.93506207,-71.27648336
4399,9/29/2005,September,Thursday,13:53,1,2,0,0,Rear-end,V1: Travelling straight ahead / V2: Travelling straight ahead,V1: S  / V2: S,Wet,Daylight,Cloudy/Rain,0.29,0,77,45,FALSE,34.24438675,-73.6513909
4400,9/29/2005,September,Thursday,14:10,1,1,0,0,Single vehicle crash,V1: Travelling straight ahead,V1: S,Wet,Daylight,Cloudy/Rain,0.29,0,77,45,FALSE,41.90927914,-71.380907
4401,9/29/2005,September,Thursday,17:20,1,3,0,0,Rear-to-rear,V1: Travelling straight ahead / V2: 0 / V3: Travelling straight ahead,V1: S  / V2: S  / V3: S,Wet,Daylight,Cloudy,0.29,0,77,45,FALSE,41.96552594,-71.29022684
4402,9/29/2005,September,Thursday,17:38,1,2,0,0,"Sideswipe, same direction",V1: Travelling straight ahead / V2: Turning left,V1: N  / V2: N,Dry,Daylight,Clear,0.29,0,77,45,FALSE,41.93846875,-71.28469502
4403,9/29/2005,September,Thursday,18:00,1,4,0,0,Rear-end,V1: Slowing or stopped in traffic / V2: Travelling straight ahead / V3: Slowing or stopped in traffic / V4: Travelling straight ahead,V1: S  / V2: S  / V3: S  / V4: S,Dry,Dark - 0 roadway lighting,Clear,0.29,0,77,45,FALSE,41.9589661,-71.30200935
4404,9/30/2005,September,Friday,6:52,2,2,1,0,Rear-end,V1: Slowing or stopped in traffic / V2: Travelling straight ahead,V1: E  / V2: E,Dry,Daylight,Clear,0,0,64,42,FALSE,41.93363156,-71.30076394
4405,9/30/2005,September,Friday,15:17,2,1,4,0,Single vehicle crash,V1: Travelling straight ahead,V1: W,Dry,Daylight,Clear,0,0,64,42,FALSE,41.91168686,-71.30447949
4406,9/30/2005,September,Friday,15:52,1,2,0,0,Rear-end,V1: Slowing or stopped in traffic / V2: Slowing or stopped in traffic,V1: S  / V2: S,Dry,Daylight,Clear,0,0,64,42,FALSE,41.90261606,-71.35590689
4407,9/30/2005,September,Friday,18:20,1,2,0,0,Angle,V1: Entering traffic lane / V2: Travelling straight ahead,V1: S  / V2: W,Dry,Daylight,Clear,0,0,64,42,FALSE,34.24438675,-73.6513909
4408,10/1/2005,October,Saturday,10:30,1,1,0,0,Single vehicle crash,V1: Travelling straight ahead,V1: S,Dry,Daylight,Clear,0,0,72,39,FALSE,41.90961352,-71.3635279
4409,10/1/2005,October,Saturday,13:25,1,3,0,0,Rear-end,V1: 0 / V2: 0 / V3: 0,V1: S  / V2: S  / V3: S,Dry,Daylight,Clear,0,0,72,39,FALSE,41.94462409,-71.28420835
4410,10/2/2005,October,Sunday,4:54,2,1,1,0,Single vehicle crash,V1: Travelling straight ahead,V1: E,Dry,Dark - lighted roadway,Clear,0,0,80,44,FALSE,41.94845803,-71.30212015
4411,10/2/2005,October,Sunday,19:30,2,2,3,0,Rear-end,V1: Changing lanes / V2: Travelling straight ahead,V1: S  / V2: 0,Dry,Dark - lighted roadway,Clear,0,0,80,44,FALSE,41.89903243,-71.355186
4412,10/3/2005,October,Monday,16:13,0,2,0,0,"Sideswipe, same direction",V1: Changing lanes / V2: Travelling straight ahead,V1: S  / V2: S,Dry,Daylight,Clear,0,0,75,46,FALSE,41.9078329,-71.3573533
4413,10/3/2005,October,Monday,16:17,2,1,1,0,Single vehicle crash,V1: Turning left,V1: N,Dry,Daylight,Clear,0,0,75,46,FALSE,41.90407213,-71.38059965
4414,10/3/2005,October,Monday,18:18,2,1,1,0,Single vehicle crash,V1: Travelling straight ahead,V1: 0,Dry,Daylight,Clear,0,0,75,46,FALSE,41.93199048,-71.3010933
4415,10/4/2005,October,Tuesday,7:21,1,2,0,0,Rear-end,V1: Travelling straight ahead / V2: Slowing or stopped in traffic,V1: N  / V2: N,Dry,Daylight,Clear,0,0,77,58,FALSE,41.93396137,-71.28497308
4416,10/4/2005,October,Tuesday,15:46,1,2,0,0,"Sideswipe, same direction",V1: Turning left / V2: Backing,V1: N  / V2: W,Dry,Daylight,Clear,0,0,77,58,FALSE,41.94344652,-71.28559566
4417,10/4/2005,October,Tuesday,16:25,1,1,0,0,Single vehicle crash,V1: Travelling straight ahead,V1: S,Dry,Daylight,Clear,0,0,77,58,FALSE,41.93852854,-71.2664321
4418,10/4/2005,October,Tuesday,17:20,1,2,0,0,Angle,V1: Travelling straight ahead / V2: Travelling straight ahead,V1: W  / V2: S,Dry,Daylight,Clear,0,0,77,58,FALSE,41.94774809,-71.28390704
4419,10/4/2005,October,Tuesday,19:51,1,1,0,0,Single vehicle crash,V1: Travelling straight ahead,V1: W,Dry,Dark - lighted roadway,Clear,0,0,77,58,FALSE,41.95389754,-71.28231968
4420,10/5/2005,October,Wednesday,8:37,1,2,0,0,Angle,V1: Backing / V2: Parked,V1: N  / V2: 0,Wet,Daylight,Cloudy/Rain,0,0,78,58,FALSE,41.96296947,-71.30026953
4421,10/5/2005,October,Wednesday,12:33,2,2,1,0,Rear-end,V1: Slowing or stopped in traffic / V2: 0,V1: N  / V2: N,Dry,Daylight,Clear,0,0,78,58,FALSE,41.92644259,-71.35554103
4422,10/6/2005,October,Thursday,6:40,1,2,0,0,Angle,V1: Travelling straight ahead / V2: Travelling straight ahead,V1: S  / V2: S,Dry,Dawn,Cloudy,0,0,80,65,FALSE,41.9589661,-71.30200935
4423,10/6/2005,October,Thursday,9:00,1,2,0,0,Angle,V1: Turning left / V2: Travelling straight ahead,V1: S  / V2: W,Dry,Daylight,Clear,0,0,80,65,FALSE,41.93405012,-71.31579284
4424,10/6/2005,October,Thursday,10:57,1,2,0,0,"Sideswipe, same direction",V1: Parked / V2: 0,V1: 0 / V2: 0,Dry,Daylight,Clear,0,0,80,65,FALSE,41.94007226,-71.29032337
4425,10/6/2005,October,Thursday,11:33,1,1,0,0,Single vehicle crash,V1: Travelling straight ahead,V1: E,Dry,Daylight,Cloudy,0,0,80,65,FALSE,34.24438675,-73.6513909
4426,10/6/2005,October,Thursday,15:15,2,3,1,0,Angle,V1: Travelling straight ahead / V2: Parked / V3: 0,V1: E  / V2: 0 / V3: 0,Dry,Daylight,Clear,0,0,80,65,FALSE,41.94123566,-71.27697074
4427,10/7/2005,October,Friday,9:35,1,2,0,0,Single vehicle crash,V1: Travelling straight ahead / V2: Travelling straight ahead,V1: S  / V2: S,Dry,Daylight,Clear,0.06,0,81,67,FALSE,41.90272719,-71.35550871
4428,10/7/2005,October,Friday,13:12,1,1,0,0,Single vehicle crash,V1: Travelling straight ahead,V1: E,Dry,Daylight,Cloudy,0.06,0,81,67,FALSE,34.24438675,-73.6513909
4429,10/7/2005,October,Friday,14:11,1,2,0,0,Angle,V1: Travelling straight ahead / V2: Turning left,V1: N  / V2: W,Dry,Daylight,Clear,0.06,0,81,67,FALSE,41.94928318,-71.28964082
4430,10/7/2005,October,Friday,15:15,3,2,1,1,Angle,V1: Turning left / V2: Travelling straight ahead,V1: E  / V2: S,Dry,Daylight,Cloudy,0.06,0,81,67,FALSE,41.91568377,-71.35895878
4431,10/7/2005,October,Friday,16:05,2,2,2,0,Head-on,V1: 0 / V2: 0,V1: E  / V2: W,Wet,Daylight,Cloudy/Rain,0.06,0,81,67,FALSE,41.95329818,-71.27835521
4432,10/7/2005,October,Friday,20:28,1,2,0,0,Angle,V1: Travelling straight ahead / V2: Turning left,V1: N  / V2: E,Dry,Dark - lighted roadway,Cloudy,0.06,0,81,67,FALSE,34.24438675,-73.6513909
4433,10/8/2005,October,Saturday,9:46,1,1,0,0,Single vehicle crash,V1: Turning left,V1: S,Wet,Daylight,Cloudy/Rain,0.56,0,74,54,FALSE,41.94379074,-71.29407807
4434,10/8/2005,October,Saturday,15:30,1,2,0,0,Rear-end,V1: Travelling straight ahead / V2: Slowing or stopped in traffic,V1: N  / V2: N,Wet,Daylight,Cloudy,0.56,0,74,54,FALSE,34.24438675,-73.6513909
4435,10/8/2005,October,Saturday,17:28,1,2,0,0,Rear-end,V1: Slowing or stopped in traffic / V2: Travelling straight ahead,V1: W  / V2: W,Wet,Daylight,Rain,0.56,0,74,54,FALSE,34.24438675,-73.6513909
4436,10/8/2005,October,Saturday,17:38,2,1,3,0,Single vehicle crash,V1: Travelling straight ahead,V1: N,Wet,Dark - lighted roadway,Cloudy/Rain,0.56,0,74,54,FALSE,41.93587477,-71.34112993
4437,10/8/2005,October,Saturday,17:38,1,1,0,0,Single vehicle crash,V1: Travelling straight ahead,V1: N,Wet,Dusk,Rain,0.56,0,74,54,FALSE,41.93596431,-71.34111132
4438,10/8/2005,October,Saturday,19:15,1,2,0,0,Angle,V1: Turning right / V2: Slowing or stopped in traffic,V1: 0 / V2: N,Wet,Dark - lighted roadway,Cloudy/Rain,0.56,0,74,54,FALSE,41.91982212,-71.35857678
4439,10/8/2005,October,Saturday,21:01,1,1,0,0,Single vehicle crash,V1: Travelling straight ahead,V1: W,Wet,Dark - lighted roadway,Rain,0.56,0,74,54,FALSE,41.93549621,-71.27895129
4440,10/8/2005,October,Saturday,23:33,1,2,0,0,Single vehicle crash,V1: Travelling straight ahead / V2: Parked,V1: N  / V2: 0,Wet,Dark - lighted roadway,Rain,0.56,0,74,54,FALSE,41.94138191,-71.27783895
4441,10/9/2005,October,Sunday,0:42,2,2,1,0,Angle,V1: Turning right / V2: Slowing or stopped in traffic,V1: W  / V2: S,Wet,Dark - lighted roadway,Rain,2.63,0,55,50,FALSE,41.93363156,-71.30076394
4442,10/9/2005,October,Sunday,3:15,2,2,1,0,Angle,V1: Travelling straight ahead / V2: Travelling straight ahead,V1: S  / V2: S,Wet,Dark - roadway not lighted,Rain,2.63,0,55,50,FALSE,41.89841145,-71.37009489
4443,10/9/2005,October,Sunday,9:20,1,1,0,0,Angle,V1: Travelling straight ahead,V1: W,Wet,Daylight,Cloudy/Rain,2.63,0,55,50,FALSE,41.95026372,-71.2985466
4444,10/9/2005,October,Sunday,9:54,1,2,0,0,Rear-end,V1: Travelling straight ahead / V2: Slowing or stopped in traffic,V1: W  / V2: W,Wet,Daylight,Cloudy,2.63,0,55,50,FALSE,41.92614915,-71.34628794
4445,10/9/2005,October,Sunday,10:46,1,2,0,0,Rear-end,V1: Travelling straight ahead / V2: Slowing or stopped in traffic,V1: S  / V2: S,Wet,Daylight,Cloudy/Rain,2.63,0,55,50,FALSE,41.93457798,-71.29922805
4446,10/9/2005,October,Sunday,11:31,2,2,3,0,Angle,V1: Turning left / V2: 0,V1: W  / V2: N,Wet,Daylight,Cloudy,2.63,0,55,50,FALSE,41.90964751,-71.36351027
4447,10/9/2005,October,Sunday,11:52,1,3,0,0,Rear-end,V1: Travelling straight ahead / V2: Slowing or stopped in traffic / V3: Slowing or stopped in traffic,V1: W  / V2: W  / V3: W,Dry,Daylight,Cloudy,2.63,0,55,50,FALSE,34.24438675,-73.6513909
4448,10/9/2005,October,Sunday,14:15,1,1,0,0,Single vehicle crash,V1: Entering traffic lane,V1: N,Wet,Daylight,Cloudy/Rain,2.63,0,55,50,FALSE,41.9551108,-71.30465266
4449,10/9/2005,October,Sunday,17:20,1,2,0,0,Angle,V1: Changing lanes / V2: Travelling straight ahead,V1: N  / V2: N,Dry,Daylight,Cloudy,2.63,0,55,50,FALSE,41.92014284,-71.35719783
4450,10/9/2005,October,Sunday,17:45,2,1,1,0,Single vehicle crash,V1: Changing lanes,V1: N,Wet,Dusk,Cloudy/Rain,2.63,0,55,50,FALSE,41.95475094,-71.30836474
4451,10/9/2005,October,Sunday,18:09,1,2,0,0,Rear-end,V1: Slowing or stopped in traffic / V2: Travelling straight ahead,V1: N  / V2: N,Wet,Dusk,Rain,2.63,0,55,50,FALSE,41.9551108,-71.30465266
4452,10/9/2005,October,Sunday,20:35,1,2,0,0,Rear-end,V1: Travelling straight ahead / V2: Travelling straight ahead,V1: N  / V2: N,Wet,Dark - roadway not lighted,Cloudy/Rain,2.63,0,55,50,FALSE,41.95523487,-71.30316882
4453,10/10/2005,October,Monday,2:16,1,1,0,0,Single vehicle crash,V1: Travelling straight ahead,V1: E,Wet,Dark - lighted roadway,Rain,0.18,0,55,52,FALSE,41.95098462,-71.2976094
4454,10/10/2005,October,Monday,11:45,1,2,0,0,0,V1: Travelling straight ahead / V2: Entering traffic lane,V1: N  / V2: E,Wet,Daylight,Cloudy/Rain,0.18,0,55,52,FALSE,34.24438675,-73.6513909
4455,10/10/2005,October,Monday,12:56,2,2,1,0,Angle,V1: Turning left / V2: Travelling straight ahead,V1: S  / V2: N,Wet,Daylight,Cloudy/Rain,0.18,0,55,52,FALSE,41.95568257,-71.28823954
4456,10/10/2005,October,Monday,14:05,2,2,1,0,Angle,V1: Travelling straight ahead / V2: Changing lanes,V1: S  / V2: S,Dry,Daylight,Clear,0.18,0,55,52,FALSE,41.90272719,-71.35550871
4457,10/10/2005,October,Monday,17:15,2,2,1,0,Angle,V1: Travelling straight ahead / V2: Travelling straight ahead,V1: 0 / V2: 0,Wet,Daylight,Cloudy/Rain,0.18,0,55,52,FALSE,41.93946861,-71.28168616
4458,10/10/2005,October,Monday,17:47,1,2,0,0,Angle,V1: Travelling straight ahead / V2: Slowing or stopped in traffic,V1: W  / V2: S,Wet,Daylight,Cloudy/Rain,0.18,0,55,52,FALSE,41.91234905,-71.26795681
4459,10/11/2005,October,Tuesday,7:11,1,2,0,0,"Sideswipe, opposite direction",V1: Travelling straight ahead / V2: 0,V1: 0 / V2: 0,Wet,Daylight,Cloudy/Rain,0.13,0,57,53,FALSE,41.9348634,-71.29887283
4460,10/11/2005,October,Tuesday,10:14,1,2,0,0,Head-on,V1: Turning left / V2: Travelling straight ahead,V1: E  / V2: W,Dry,Daylight,Cloudy,0.13,0,57,53,FALSE,41.94981424,-71.27593698
4461,10/11/2005,October,Tuesday,11:15,1,2,0,0,Rear-end,V1: Slowing or stopped in traffic / V2: Travelling straight ahead,V1: E  / V2: E,Wet,Daylight,Cloudy/Rain,0.13,0,57,53,FALSE,41.91608626,-71.37759037
4462,10/11/2005,October,Tuesday,14:35,1,2,0,0,Angle,V1: Travelling straight ahead / V2: Backing,V1: E  / V2: S,Dry,Daylight,Clear,0.13,0,57,53,FALSE,41.94408653,-71.2773941
4463,10/12/2005,October,Wednesday,10:08,3,2,1,1,Angle,V1: Turning left / V2: Travelling straight ahead,V1: S  / V2: E,Wet,Daylight,Cloudy/Rain,0.08,0,56,51,FALSE,41.9483337,-71.27794679
4464,10/12/2005,October,Wednesday,14:13,1,2,0,0,Rear-end,V1: Travelling straight ahead / V2: Slowing or stopped in traffic,V1: S  / V2: S,Dry,Daylight,Clear,0.08,0,56,51,FALSE,41.92901601,-71.30326246
4465,10/12/2005,October,Wednesday,15:00,2,2,1,0,"Sideswipe, opposite direction",V1: Travelling straight ahead / V2: Turning left,V1: E  / V2: 0,Wet,Daylight,Clear,0.08,0,56,51,FALSE,41.93397921,-71.30659863
4466,10/12/2005,October,Wednesday,15:53,1,1,0,0,Single vehicle crash,V1: Travelling straight ahead,V1: N,Wet,Daylight,Cloudy/Rain,0.08,0,56,51,FALSE,41.95319012,-71.27765488
4467,10/12/2005,October,Wednesday,16:00,1,2,0,0,Angle,V1: Turning left / V2: Travelling straight ahead,V1: W  / V2: S,Wet,Daylight,Cloudy/Rain,0.08,0,56,51,FALSE,41.93421769,-71.2996754
4468,10/12/2005,October,Wednesday,17:16,1,2,0,0,Rear-end,V1: Travelling straight ahead / V2: Slowing or stopped in traffic,V1: W  / V2: W,Wet,Daylight,Cloudy/Rain,0.08,0,56,51,FALSE,41.94330896,-71.27265641
4469,10/12/2005,October,Wednesday,18:09,1,3,0,0,Angle,V1: Turning right / V2: Travelling straight ahead / V3: Slowing or stopped in traffic,V1: N  / V2: N  / V3: W,Wet,Daylight,Rain,0.08,0,56,51,FALSE,41.89733197,-71.36979234
4470,10/13/2005,October,Thursday,19:36,2,2,1,0,Rear-end,V1: Travelling straight ahead / V2: Slowing or stopped in traffic,V1: N  / V2: N,Wet,Dark - lighted roadway,Rain,0.51,0,59,54,FALSE,41.91325585,-71.3590575
4471,10/14/2005,October,Friday,9:30,2,2,1,0,Rear-end,V1: Travelling straight ahead / V2: Travelling straight ahead,V1: W  / V2: W,Wet,Daylight,Cloudy/Rain,2.59,0,61,56,FALSE,34.24438675,-73.6513909
4472,10/14/2005,October,Friday,16:10,1,2,0,0,0,V1: Travelling straight ahead / V2: Turning left,V1: E  / V2: N,Wet,Daylight,Cloudy,2.59,0,61,56,FALSE,41.92614915,-71.34628794
4473,10/14/2005,October,Friday,16:14,1,2,0,0,"Sideswipe, same direction",V1: Travelling straight ahead / V2: Parked,V1: S  / V2: 0,Wet,Daylight,Cloudy/Rain,2.59,0,61,56,FALSE,41.9407229,-71.28131805
4474,10/14/2005,October,Friday,18:15,1,2,0,0,0,V1: Travelling straight ahead / V2: Turning left,V1: E  / V2: 0,Wet,Dusk,Rain,2.59,0,61,56,FALSE,34.24438675,-73.6513909
4475,10/14/2005,October,Friday,19:35,1,1,0,0,Single vehicle crash,V1: Travelling straight ahead,V1: N,Wet,Dark - roadway not lighted,Rain,2.59,0,61,56,FALSE,34.24438675,-73.6513909
4476,10/15/2005,October,Saturday,7:00,1,1,0,0,Single vehicle crash,V1: Travelling straight ahead,V1: S,Wet,Daylight,Cloudy/Rain,4.74,0,61,51,FALSE,41.89841145,-71.37009489
4477,10/15/2005,October,Saturday,7:33,1,2,0,0,"Sideswipe, same direction",V1: Travelling straight ahead / V2: Parked,V1: E  / V2: 0,Wet,Daylight,Cloudy/Rain,4.74,0,61,51,FALSE,41.9417833,-71.28792556
4478,10/15/2005,October,Saturday,9:42,2,2,1,0,Angle,V1: Travelling straight ahead / V2: Travelling straight ahead,V1: S  / V2: S,Wet,Daylight,Cloudy/Rain,4.74,0,61,51,FALSE,41.93846875,-71.28469502
4479,10/15/2005,October,Saturday,12:32,1,1,0,0,Angle,V1: Travelling straight ahead,V1: W,Wet,Daylight,Cloudy/Rain,4.74,0,61,51,FALSE,41.93421769,-71.2996754
4480,10/15/2005,October,Saturday,12:33,2,2,2,0,Rear-end,V1: Slowing or stopped in traffic / V2: Slowing or stopped in traffic,V1: N  / V2: N,Wet,Daylight,Rain,4.74,0,61,51,FALSE,41.92644259,-71.35554103
4481,10/15/2005,October,Saturday,13:39,1,3,0,0,Rear-end,V1: Travelling straight ahead / V2: Travelling straight ahead / V3: Turning right,V1: S  / V2: S  / V3: S,Wet,Daylight,Cloudy/Rain,4.74,0,61,51,FALSE,41.90882151,-71.3639387
4482,10/15/2005,October,Saturday,14:35,1,2,0,0,Angle,V1: Turning right / V2: Slowing or stopped in traffic,V1: S  / V2: N,Wet,Daylight,Cloudy,4.74,0,61,51,FALSE,41.95421788,-71.28496475
4483,10/15/2005,October,Saturday,16:05,1,2,0,0,Rear-end,V1: Turning left / V2: Travelling straight ahead,V1: S  / V2: S,Wet,Daylight,Rain,4.74,0,61,51,FALSE,41.94466875,-71.28335786
4484,10/15/2005,October,Saturday,19:44,1,2,0,0,Angle,V1: Entering traffic lane / V2: Travelling straight ahead,V1: E  / V2: S,Wet,Dark - lighted roadway,Cloudy/Rain,4.74,0,61,51,FALSE,41.94757814,-71.27890389
4485,10/16/2005,October,Sunday,14:00,1,2,0,0,Rear-end,V1: Travelling straight ahead / V2: Slowing or stopped in traffic,V1: N  / V2: N,Dry,Daylight,Clear,0,0,62,50,FALSE,41.92508738,-71.35628348
4486,10/16/2005,October,Sunday,18:30,2,1,1,0,Single vehicle crash,V1: Other,V1: 0,Other,Dusk,Rain,0,0,62,50,FALSE,34.24438675,-73.6513909
4487,10/16/2005,October,Sunday,18:45,1,2,0,0,Rear-end,V1: Backing / V2: Slowing or stopped in traffic,V1: W  / V2: E,Dry,Dark - lighted roadway,Clear,0,0,62,50,FALSE,41.89903243,-71.355186
4488,10/17/2005,October,Monday,2:05,1,2,0,0,0,V1: Turning left / V2: Other,V1: 0 / V2: 0,Dry,Daylight,Clear,0,0,64,44,FALSE,41.9515834,-71.29702782
4489,10/17/2005,October,Monday,14:39,1,2,0,0,Rear-end,V1: Travelling straight ahead / V2: Travelling straight ahead,V1: E  / V2: E,Dry,Daylight,Clear,0,0,64,44,FALSE,41.93557808,-71.28486166
4490,10/18/2005,October,Tuesday,14:05,1,2,0,0,Angle,V1: Backing / V2: Travelling straight ahead,V1: E  / V2: W,Dry,Daylight,Clear,0.01,0,67,42,FALSE,41.9469353,-71.28764432
4491,10/18/2005,October,Tuesday,14:55,1,2,0,0,Angle,V1: Turning left / V2: Travelling straight ahead,V1: E  / V2: W,Dry,Daylight,Cloudy,0.01,0,67,42,FALSE,34.24438675,-73.6513909
4492,10/20/2005,October,Thursday,12:40,1,2,0,0,Angle,V1: Turning left / V2: Travelling straight ahead,V1: S  / V2: N,Dry,Daylight,Clear,0,0,59,40,FALSE,41.92644259,-71.35554103
4493,10/20/2005,October,Thursday,13:33,1,2,0,0,Rear-end,V1: Travelling straight ahead / V2: Slowing or stopped in traffic,V1: W  / V2: W,Dry,Daylight,Clear,0,0,59,40,FALSE,41.94344652,-71.28559566
4494,10/20/2005,October,Thursday,13:50,1,2,0,0,Angle,V1: Turning right / V2: Travelling straight ahead,V1: S  / V2: W,Dry,Daylight,Clear,0,0,59,40,FALSE,41.90628791,-71.36524022
4495,10/21/2005,October,Friday,3:20,2,1,2,0,Single vehicle crash,V1: Travelling straight ahead,V1: E,Dry,Dark - lighted roadway,Clear,0,0,56,34,FALSE,41.94845803,-71.30212015
4496,10/21/2005,October,Friday,7:55,1,2,0,0,0,V1: Travelling straight ahead / V2: 0,V1: W  / V2: 0,Dry,Daylight,Clear,0,0,56,34,FALSE,34.24438675,-73.6513909
4497,10/21/2005,October,Friday,9:05,1,2,0,0,Angle,V1: Turning right / V2: Turning left,V1: E  / V2: W,Dry,Daylight,Clear,0,0,56,34,FALSE,41.93520868,-71.28488286
4498,10/21/2005,October,Friday,12:15,1,2,0,0,"Sideswipe, same direction",V1: Changing lanes / V2: Travelling straight ahead,V1: N  / V2: N,Dry,Daylight,Clear,0,0,56,34,FALSE,41.92298399,-71.3572054
4499,10/21/2005,October,Friday,17:48,1,2,0,0,Angle,V1: Entering traffic lane / V2: Travelling straight ahead,V1: N  / V2: N,Dry,Daylight,Clear,0,0,56,34,FALSE,41.91225342,-71.36218321
4500,10/21/2005,October,Friday,23:45,1,2,0,0,"Sideswipe, opposite direction",V1: 0 / V2: Turning left,V1: 0 / V2: E,Wet,Dark - lighted roadway,Cloudy/Rain,0,0,56,34,FALSE,34.24438675,-73.6513909
4501,10/22/2005,October,Saturday,9:31,2,1,1,0,Single vehicle crash,V1: Travelling straight ahead,V1: S,Wet,Daylight,Cloudy/Rain,0.96,0,51,33,FALSE,41.90272719,-71.35550871
4502,10/22/2005,October,Saturday,15:30,1,2,0,0,Rear-end,V1: Travelling straight ahead / V2: Slowing or stopped in traffic,V1: 0 / V2: W,Wet,Daylight,Cloudy/Rain,0.96,0,51,33,FALSE,41.89733197,-71.36979234
4503,10/22/2005,October,Saturday,17:45,0,2,0,0,Angle,V1: Entering traffic lane / V2: Travelling straight ahead,V1: E  / V2: 0,Wet,Dusk,Rain,0.96,0,51,33,FALSE,34.24438675,-73.6513909
4504,10/23/2005,October,Sunday,12:16,1,2,0,0,Angle,V1: Entering traffic lane / V2: Travelling straight ahead,V1: E  / V2: S,Wet,Daylight,Rain,0.3,0,48,44,FALSE,41.93421769,-71.2996754
4505,10/23/2005,October,Sunday,16:30,1,2,0,0,Angle,V1: Turning left / V2: Travelling straight ahead,V1: W  / V2: S,Dry,Daylight,Cloudy,0.3,0,48,44,FALSE,41.90998013,-71.35802082
4506,10/23/2005,October,Sunday,17:04,2,1,1,0,Single vehicle crash,V1: Travelling straight ahead,V1: S,Dry,Daylight,Cloudy,0.3,0,48,44,FALSE,41.94127334,-71.2843577
4507,10/24/2005,October,Monday,4:50,2,3,1,0,Rear-end,V1: Travelling straight ahead / V2: Travelling straight ahead / V3: Travelling straight ahead,V1: E  / V2: E  / V3: E,Dry,Dark - lighted roadway,Cloudy,0.17,0,48,38,FALSE,41.93874704,-71.29215576
4508,10/24/2005,October,Monday,10:35,1,3,0,0,Rear-end,V1: Travelling straight ahead / V2: Travelling straight ahead / V3: Travelling straight ahead,V1: E  / V2: E  / V3: E,Dry,Daylight,Cloudy,0.17,0,48,38,FALSE,41.95287787,-71.26899686
4509,10/25/2005,October,Tuesday,0:00,2,1,1,0,Angle,V1: Travelling straight ahead,V1: N,Wet,Dark - lighted roadway,Rain,1.53,0,50,39,FALSE,41.92034909,-71.24315578
4510,10/25/2005,October,Tuesday,7:58,1,2,0,0,Single vehicle crash,V1: Travelling straight ahead / V2: Travelling straight ahead,V1: E  / V2: E,Wet,Daylight,Rain,1.53,0,50,39,FALSE,34.24438675,-73.6513909
4511,10/25/2005,October,Tuesday,10:03,1,2,0,0,Angle,V1: Turning left / V2: Travelling straight ahead,V1: N  / V2: E,Wet,Daylight,Rain,1.53,0,50,39,FALSE,41.93874704,-71.29215576
4512,10/25/2005,October,Tuesday,15:27,1,2,0,0,Angle,V1: Changing lanes / V2: Travelling straight ahead,V1: N  / V2: N,Wet,Daylight,Cloudy,1.53,0,50,39,FALSE,41.94470433,-71.2812252
4513,10/25/2005,October,Tuesday,20:14,1,1,0,0,Single vehicle crash,V1: Travelling straight ahead,V1: E,Wet,Dark - lighted roadway,Cloudy/Rain,1.53,0,50,39,FALSE,34.24438675,-73.6513909
4514,10/25/2005,October,Tuesday,22:05,1,2,0,0,Rear-end,V1: Travelling straight ahead / V2: Travelling straight ahead,V1: S  / V2: S,Wet,Dark - lighted roadway,Rain,1.53,0,50,39,FALSE,41.89618753,-71.37039513
4515,10/26/2005,October,Wednesday,8:37,1,2,0,0,"Sideswipe, same direction",V1: Travelling straight ahead / V2: Turning left,V1: N  / V2: N,Wet,Daylight,Clear,0.02,0,52,37,FALSE,41.95180679,-71.2898592
4516,10/27/2005,October,Thursday,0:10,1,1,0,0,Single vehicle crash,V1: Travelling straight ahead,V1: S,Dry,Dark - roadway not lighted,Clear,0,0,53,35,FALSE,41.93314551,-71.32053825