ID,DATE,Month,Day of week,Crash Time,Crash Severity,Number of Vehicles,Total Nonfatal Injuries,Total Fatal Injuries,Manner of Collision,Vehicle Action Prior to Crash,Vehicle Travel Directions,Road Surface Condition,Ambient Light,Weather Condition,PRCP,SNOW,TMAX,TMIN,Ice,Longtitute,Latitute
4517,10/27/2005,October,Thursday,3:45,1,2,0,0,Rear-end,V1: Travelling straight ahead / V2: Slowing or stopped in traffic,V1: S  / V2: S,Dry,Dark - roadway not lighted,Clear,0,0,53,35,FALSE,34.24438675,-73.6513909
4518,10/27/2005,October,Thursday,19:23,1,2,0,0,Angle,V1: Travelling straight ahead / V2: Slowing or stopped in traffic,V1: W  / V2: S,Dry,Dark - lighted roadway,Cloudy,0,0,53,35,FALSE,41.94140605,-71.28436439
4519,10/28/2005,October,Friday,2:25,1,1,0,0,Single vehicle crash,V1: Travelling straight ahead,V1: N,Dry,Dark - roadway not lighted,Clear,0,0,46,38,FALSE,41.92851798,-71.32337101
4520,10/28/2005,October,Friday,8:55,1,1,0,0,Single vehicle crash,V1: Leaving traffic lane,V1: E,Dry,Daylight,Clear,0,0,46,38,FALSE,41.91050909,-71.36307032
4521,10/28/2005,October,Friday,21:15,1,2,0,0,Angle,V1: Entering traffic lane / V2: Travelling straight ahead,V1: E  / V2: S,Dry,Dark - lighted roadway,Clear,0,0,46,38,FALSE,34.24438675,-73.6513909
4522,10/29/2005,October,Saturday,12:30,0,2,0,0,Rear-end,V1: 0 / V2: 0,V1: 0 / V2: 0,Dry,Daylight,Clear,0.41,0.7,40,32,TRUE,41.89860973,-71.36915309
4523,10/29/2005,October,Saturday,15:47,2,2,1,0,Rear-end,V1: Slowing or stopped in traffic / V2: Travelling straight ahead,V1: N  / V2: N,Wet,Daylight,Snow,0.41,0.7,40,32,TRUE,41.94732773,-71.28796118
4524,10/29/2005,October,Saturday,16:45,2,2,1,0,Angle,V1: Turning left / V2: Travelling straight ahead,V1: E  / V2: W,Wet,Daylight,Snow,0.41,0.7,40,32,TRUE,41.90390829,-71.37412402
4525,10/29/2005,October,Saturday,18:07,1,2,0,0,Angle,V1: Travelling straight ahead / V2: Turning left,V1: E  / V2: S,Wet,Dark - lighted roadway,Snow,0.41,0.7,40,32,TRUE,41.93363156,-71.30076394
4526,10/29/2005,October,Saturday,23:50,1,1,0,0,Single vehicle crash,V1: Travelling straight ahead,V1: S,Wet,Dark - lighted roadway,Clear,0.41,0.7,40,32,TRUE,41.90238589,-71.35672422
4527,10/30/2005,October,Sunday,2:07,1,1,0,0,Single vehicle crash,V1: Travelling straight ahead,V1: E,Wet,Dark - lighted roadway,Cloudy,0,0,68,36,FALSE,41.9249424,-71.22644493
4528,10/30/2005,October,Sunday,12:40,1,2,0,0,"Sideswipe, same direction",V1: Changing lanes / V2: Travelling straight ahead,V1: S  / V2: S,Dry,Daylight,Clear,0,0,68,36,FALSE,41.9110765,-71.36278231
4529,10/30/2005,October,Sunday,15:25,1,3,0,0,Angle,V1: Travelling straight ahead / V2: Travelling straight ahead / V3: Travelling straight ahead,V1: N  / V2: N  / V3: 0,Dry,Daylight,Clear,0,0,68,36,FALSE,34.24438675,-73.6513909
4530,10/30/2005,October,Sunday,18:11,2,1,1,0,Single vehicle crash,V1: Travelling straight ahead,V1: N,Dry,Dark - lighted roadway,Clear,0,0,68,36,FALSE,41.89618754,-71.37039513
4531,10/31/2005,October,Monday,11:05,2,2,2,0,Rear-end,V1: 0 / V2: Slowing or stopped in traffic,V1: 0 / V2: N,Dry,Daylight,Clear,0,0,72,39,FALSE,41.92508738,-71.35628348
4532,10/31/2005,October,Monday,20:20,1,2,0,0,Angle,V1: Travelling straight ahead / V2: Travelling straight ahead,V1: W  / V2: S,Dry,Dark - lighted roadway,Clear,0,0,72,39,FALSE,41.92182373,-71.23910657
4533,11/1/2005,November,Tuesday,8:20,1,2,0,0,Angle,V1: Travelling straight ahead / V2: Travelling straight ahead,V1: W  / V2: N,Dry,Daylight,Clear,0,0,71,42,FALSE,41.94625923,-71.28694634
4534,11/1/2005,November,Tuesday,13:45,1,2,0,0,"Sideswipe, same direction",V1: 0 / V2: 0,V1: S  / V2: S,Dry,Daylight,Clear,0,0,71,42,FALSE,34.24438675,-73.6513909
4535,11/1/2005,November,Tuesday,15:00,1,2,0,0,Angle,V1: Turning right / V2: Travelling straight ahead,V1: E  / V2: S,Dry,Daylight,Clear,0,0,71,42,FALSE,41.96306612,-71.28865133
4536,11/1/2005,November,Tuesday,20:30,1,2,0,0,Head-on,V1: Turning left / V2: Travelling straight ahead,V1: N  / V2: S,Dry,Dark - lighted roadway,Clear,0,0,71,42,FALSE,41.94430004,-71.28137659
4537,11/2/2005,November,Wednesday,8:15,1,2,0,0,Angle,V1: Parked / V2: Travelling straight ahead,V1: 0 / V2: N,Dry,Daylight,Clear,0,0,60,37,FALSE,41.91528714,-71.37307644
4538,11/2/2005,November,Wednesday,12:50,2,2,1,0,Single vehicle crash,V1: Slowing or stopped in traffic / V2: Slowing or stopped in traffic,V1: E  / V2: S,Dry,Daylight,Clear,0,0,60,37,FALSE,41.94450501,-71.28411703
4539,11/2/2005,November,Wednesday,15:12,2,2,1,0,Rear-end,V1: Slowing or stopped in traffic / V2: Travelling straight ahead,V1: S  / V2: S,Dry,Daylight,Rain,0,0,60,37,FALSE,34.24438675,-73.6513909
4540,11/2/2005,November,Wednesday,22:15,1,1,0,0,0,V1: Travelling straight ahead,V1: N,Dry,Dark - roadway not lighted,Clear,0,0,60,37,FALSE,42.02659464,-71.25655404
4541,11/3/2005,November,Thursday,4:20,1,2,0,0,Angle,V1: Entering traffic lane / V2: Travelling straight ahead,V1: 0 / V2: 0,Dry,Daylight,Clear,0,0,62,32,TRUE,34.24438675,-73.6513909
4542,11/3/2005,November,Thursday,8:15,1,1,0,0,Rear-end,V1: Travelling straight ahead,V1: E,Dry,Daylight,Clear,0,0,62,32,TRUE,41.93397764,-71.31903245
4543,11/3/2005,November,Thursday,13:04,1,3,0,0,Rear-end,V1: Travelling straight ahead / V2: Slowing or stopped in traffic / V3: Slowing or stopped in traffic,V1: E  / V2: E  / V3: E,Dry,Daylight,Clear,0,0,62,32,TRUE,41.92508738,-71.35628348
4544,11/3/2005,November,Thursday,21:58,2,2,1,0,Angle,V1: Travelling straight ahead / V2: Travelling straight ahead,V1: S  / V2: W,Dry,Dark - lighted roadway,Clear,0,0,62,32,TRUE,41.89642653,-71.37125251
4545,11/4/2005,November,Friday,14:40,1,2,0,0,Angle,V1: Travelling straight ahead / V2: Turning left,V1: W  / V2: E,Dry,Daylight,Clear,0,0,71,42,FALSE,41.91982212,-71.35857678
4546,11/4/2005,November,Friday,14:54,1,2,0,0,Angle,V1: Travelling straight ahead / V2: Slowing or stopped in traffic,V1: S  / V2: 0,Dry,Daylight,Clear,0,0,71,42,FALSE,41.93405012,-71.31579284
4547,11/5/2005,November,Saturday,0:48,1,1,0,0,Single vehicle crash,V1: Travelling straight ahead,V1: N,Dry,Dark - lighted roadway,Cloudy,0,0,73,44,FALSE,41.91340256,-71.36160362
4548,11/5/2005,November,Saturday,12:28,2,2,1,0,Rear-end,V1: 0 / V2: 0,V1: N  / V2: N,Dry,Daylight,Clear,0,0,73,44,FALSE,41.93457798,-71.29922805
4549,11/5/2005,November,Saturday,14:13,1,2,0,0,"Sideswipe, same direction",V1: Turning right / V2: Travelling straight ahead,V1: S  / V2: S,Dry,Daylight,Clear,0,0,73,44,FALSE,41.90796653,-71.35739499
4550,11/5/2005,November,Saturday,15:58,2,5,1,0,Rear-end,V1: Entering traffic lane / V2: Entering traffic lane / V3: Entering traffic lane / V4: Entering traffic lane / V5: Entering traffic lane,V1: S  / V2: S  / V3: S  / V4: S  / V5: S,Dry,Dusk,Clear,0,0,73,44,FALSE,41.95511691,-71.30458814
4551,11/6/2005,November,Sunday,14:15,1,2,0,0,Rear-end,V1: Travelling straight ahead / V2: Slowing or stopped in traffic,V1: S  / V2: S,Dry,Daylight,Cloudy,0.18,0,62,54,FALSE,41.94730434,-71.28794194
4552,11/6/2005,November,Sunday,14:55,1,2,0,0,Angle,V1: Travelling straight ahead / V2: Turning left,V1: S  / V2: S,Dry,Daylight,Cloudy,0.18,0,62,54,FALSE,41.95129039,-71.27438923
4553,11/7/2005,November,Monday,7:58,1,2,0,0,Angle,V1: Turning left / V2: Backing,V1: N  / V2: S,Wet,Daylight,Clear,0.01,0,62,43,FALSE,34.24438675,-73.6513909
4554,11/7/2005,November,Monday,9:48,1,2,0,0,Rear-end,V1: Slowing or stopped in traffic / V2: Turning left,V1: W  / V2: W,Dry,Daylight,Clear,0.01,0,62,43,FALSE,41.93269195,-71.32821357
4555,11/7/2005,November,Monday,16:10,2,2,2,0,Rear-end,V1: Travelling straight ahead / V2: Slowing or stopped in traffic,V1: S  / V2: 0,Dry,Daylight,Clear,0.01,0,62,43,FALSE,41.89618753,-71.37039513
4556,11/7/2005,November,Monday,16:20,1,2,0,0,Rear-end,V1: Travelling straight ahead / V2: Slowing or stopped in traffic,V1: S  / V2: S,Dry,Dusk,Clear,0.01,0,62,43,FALSE,41.89841145,-71.37009489
4557,11/9/2005,November,Wednesday,7:51,1,2,0,0,Rear-end,V1: Travelling straight ahead / V2: Travelling straight ahead,V1: E  / V2: E,Dry,Daylight,Clear,0.22,0,59,33,FALSE,34.24438675,-73.6513909
4558,11/9/2005,November,Wednesday,8:51,1,2,0,0,Angle,V1: Turning left / V2: Travelling straight ahead,V1: W  / V2: N,Dry,Daylight,Clear,0.22,0,59,33,FALSE,41.95023136,-71.2750899
4559,11/9/2005,November,Wednesday,15:47,2,2,1,0,Angle,V1: Travelling straight ahead / V2: Entering traffic lane,V1: S  / V2: E,Dry,Daylight,Cloudy,0.22,0,59,33,FALSE,41.9688052,-71.27394744
4560,11/9/2005,November,Wednesday,15:52,1,2,0,0,Angle,V1: Turning left / V2: Travelling straight ahead,V1: W  / V2: N,Wet,Daylight,Cloudy/Rain,0.22,0,59,33,FALSE,41.91340256,-71.36160362
4561,11/9/2005,November,Wednesday,16:22,2,1,1,0,Single vehicle crash,V1: Travelling straight ahead,V1: S,Wet,Dark - lighted roadway,Rain,0.22,0,59,33,FALSE,34.24438675,-73.6513909
4562,11/10/2005,November,Thursday,3:36,2,2,1,0,"Sideswipe, same direction",V1: Travelling straight ahead / V2: Parked,V1: E  / V2: 0,Wet,Dark - lighted roadway,Cloudy/Rain,0.62,0,60,34,FALSE,41.93394145,-71.30816268
4563,11/10/2005,November,Thursday,18:21,2,3,1,0,Rear-end,V1: Slowing or stopped in traffic / V2: Slowing or stopped in traffic / V3: Travelling straight ahead,V1: S  / V2: S  / V3: S,Dry,0,Clear,0.62,0,60,34,FALSE,41.9589661,-71.30200935
4564,11/11/2005,November,Friday,9:22,2,3,1,0,Rear-end,V1: Slowing or stopped in traffic / V2: Travelling straight ahead / V3: Travelling straight ahead,V1: 0 / V2: N  / V3: S,Dry,Daylight,Clear,0,0,44,26,TRUE,41.96306612,-71.28865133
4565,11/11/2005,November,Friday,10:32,1,2,0,0,Angle,V1: Turning left / V2: Travelling straight ahead,V1: N  / V2: S,Dry,Daylight,Clear,0,0,44,26,TRUE,41.90697288,-71.36488171
4566,11/11/2005,November,Friday,12:33,1,3,0,0,Rear-end,V1: Travelling straight ahead / V2: Slowing or stopped in traffic / V3: Slowing or stopped in traffic,V1: N  / V2: N  / V3: N,Dry,Daylight,Clear,0,0,44,26,TRUE,34.24438675,-73.6513909
4567,11/11/2005,November,Friday,17:05,1,1,0,0,Single vehicle crash,V1: Travelling straight ahead,V1: W,Dry,Dusk,Clear,0,0,44,26,TRUE,34.24438675,-73.6513909
4568,11/12/2005,November,Saturday,8:56,1,2,0,0,Angle,V1: Travelling straight ahead / V2: Turning right,V1: S  / V2: S,Dry,Daylight,Clear,0,0,55,23,TRUE,41.91562886,-71.36047108
4569,11/12/2005,November,Saturday,17:03,1,2,0,0,Rear-end,V1: Slowing or stopped in traffic / V2: Slowing or stopped in traffic,V1: N  / V2: N,Dry,Dark - lighted roadway,Clear,0,0,55,23,TRUE,41.92508738,-71.35628348
4570,11/13/2005,November,Sunday,12:50,2,2,2,0,Rear-end,V1: Travelling straight ahead / V2: Slowing or stopped in traffic,V1: N  / V2: N,Dry,Daylight,Clear,0,0,61,30,TRUE,41.92982927,-71.35349399
4571,11/13/2005,November,Sunday,14:26,2,2,1,0,Single vehicle crash,V1: Changing lanes / V2: Turning left,V1: E  / V2: E,Dry,Daylight,Clear,0,0,61,30,TRUE,41.93397764,-71.31903245
4572,11/13/2005,November,Sunday,16:37,1,2,0,0,Angle,V1: Entering traffic lane / V2: Travelling straight ahead,V1: E  / V2: N,Dry,Dusk,Clear,0,0,61,30,TRUE,34.24438675,-73.6513909
4573,11/15/2005,November,Tuesday,0:00,2,2,1,0,Angle,V1: Making U-turn / V2: Travelling straight ahead,V1: S  / V2: S,Dry,Daylight,Cloudy,0.04,0,51,34,FALSE,41.89903243,-71.355186
4574,11/15/2005,November,Tuesday,11:36,1,2,0,0,Angle,V1: Travelling straight ahead / V2: Travelling straight ahead,V1: S  / V2: S,Dry,Daylight,Clear,0.04,0,51,34,FALSE,34.24438675,-73.6513909
4575,11/15/2005,November,Tuesday,15:31,1,1,0,0,Single vehicle crash,V1: Turning left,V1: E,Wet,Daylight,Cloudy/Rain,0.04,0,51,34,FALSE,34.24438675,-73.6513909
4576,11/15/2005,November,Tuesday,16:15,1,2,0,0,Angle,V1: Turning left / V2: Travelling straight ahead,V1: W  / V2: N,Wet,Dusk,Cloudy,0.04,0,51,34,FALSE,41.91562886,-71.36047108
4577,11/15/2005,November,Tuesday,18:06,3,1,0,1,Single vehicle crash,V1: Travelling straight ahead,V1: E,Wet,Dark - lighted roadway,Cloudy/Rain,0.04,0,51,34,FALSE,41.91816133,-71.25763887
4578,11/16/2005,November,Wednesday,8:18,2,1,1,0,Single vehicle crash,V1: Travelling straight ahead,V1: W,Wet,Daylight,Cloudy,0.29,0,67,50,FALSE,41.93414522,-71.30494865
4579,11/16/2005,November,Wednesday,19:18,1,1,0,0,Single vehicle crash,V1: Slowing or stopped in traffic,V1: 0,Dry,Dark - lighted roadway,Clear,0.29,0,67,50,FALSE,41.91816133,-71.25763887
4580,11/17/2005,November,Thursday,7:15,1,2,0,0,Angle,V1: Turning right / V2: Travelling straight ahead,V1: S  / V2: S,Wet,Daylight,Cloudy,0.3,0,50,31,TRUE,41.92508738,-71.35628348
4581,11/17/2005,November,Thursday,15:30,1,2,0,0,Angle,V1: Travelling straight ahead / V2: Turning left,V1: W  / V2: S,Dry,Daylight,Clear,0.3,0,50,31,TRUE,41.93421769,-71.2996754
4582,11/17/2005,November,Thursday,15:55,2,1,1,0,Angle,V1: Turning right,V1: N,Dry,Daylight,Clear,0.3,0,50,31,TRUE,34.24438675,-73.6513909
4583,11/17/2005,November,Thursday,18:27,1,2,0,0,Angle,V1: Entering traffic lane / V2: Travelling straight ahead,V1: S  / V2: E,Dry,Dark - lighted roadway,Clear,0.3,0,50,31,TRUE,41.95154449,-71.29706534
4584,11/18/2005,November,Friday,18:00,2,2,1,0,Angle,V1: Entering traffic lane / V2: Travelling straight ahead,V1: S  / V2: S,Wet,Dark - lighted roadway,Cloudy,0,0,42,26,TRUE,34.24438675,-73.6513909
4585,11/19/2005,November,Saturday,12:48,1,2,0,0,Rear-end,V1: Travelling straight ahead / V2: Travelling straight ahead,V1: S  / V2: S,Wet,Daylight,Cloudy/Rain,0,0,44,20,TRUE,41.93405012,-71.31579284
4586,11/19/2005,November,Saturday,13:32,1,1,0,0,Single vehicle crash,V1: Travelling straight ahead,V1: N,Dry,Daylight,Clear,0,0,44,20,TRUE,41.93401501,-71.31496153
4587,11/20/2005,November,Sunday,10:15,1,2,0,0,Angle,V1: Backing / V2: Parked,V1: 0 / V2: 0,Dry,Daylight,Clear,0,0,57,26,TRUE,34.24438675,-73.6513909
4588,11/20/2005,November,Sunday,13:32,1,2,0,0,Rear-end,V1: Travelling straight ahead / V2: Travelling straight ahead,V1: N  / V2: W,Dry,Daylight,Clear,0,0,57,26,TRUE,41.90474145,-71.31772514
4589,11/21/2005,November,Monday,8:25,1,2,0,0,Angle,V1: Backing / V2: Travelling straight ahead,V1: N  / V2: E,Dry,Daylight,Clear,0.15,0,58,31,TRUE,41.9374227,-71.29402673
4590,11/21/2005,November,Monday,11:41,1,2,0,0,Rear-end,V1: Parked / V2: Backing,V1: 0 / V2: 0,Dry,Daylight,Clear,0.15,0,58,31,TRUE,34.24438675,-73.6513909
4591,11/21/2005,November,Monday,21:13,1,2,0,0,"Sideswipe, opposite direction",V1: Travelling straight ahead / V2: Turning left,V1: W  / V2: E,Wet,Dark - lighted roadway,Cloudy/Rain,0.15,0,58,31,TRUE,41.95287787,-71.26899686
4592,11/21/2005,November,Monday,21:15,1,2,0,0,Rear-end,V1: Slowing or stopped in traffic / V2: Travelling straight ahead,V1: E  / V2: E,Wet,Dark - lighted roadway,Rain,0.15,0,58,31,TRUE,41.95287787,-71.26899686
4593,11/22/2005,November,Tuesday,6:48,1,2,0,0,Angle,V1: Turning left / V2: Travelling straight ahead,V1: W  / V2: S,Wet,Daylight,Rain,2.31,0,48,35,FALSE,41.90998013,-71.35802082
4594,11/22/2005,November,Tuesday,7:40,1,2,0,0,Rear-end,V1: Travelling straight ahead / V2: Turning left,V1: W  / V2: W,Wet,Daylight,Cloudy/Rain,2.31,0,48,35,FALSE,41.94430701,-71.30913523
4595,11/22/2005,November,Tuesday,8:49,2,2,1,0,Head-on,V1: Travelling straight ahead / V2: Slowing or stopped in traffic,V1: E  / V2: W,Wet,Daylight,Cloudy/Rain,2.31,0,48,35,FALSE,41.92014284,-71.35719783
4596,11/22/2005,November,Tuesday,9:54,2,1,1,0,Single vehicle crash,V1: Travelling straight ahead,V1: 0,Other,Daylight,Rain,2.31,0,48,35,FALSE,34.24438675,-73.6513909
4597,11/22/2005,November,Tuesday,16:00,1,3,0,0,Rear-end,V1: Slowing or stopped in traffic / V2: 0 / V3: 0,V1: W  / V2: W  / V3: W,Dry,Dusk,Clear,2.31,0,48,35,FALSE,34.24438675,-73.6513909
4598,11/22/2005,November,Tuesday,16:30,1,3,0,0,Angle,V1: Turning left / V2: Travelling straight ahead / V3: Travelling straight ahead,V1: W  / V2: S  / V3: S,Wet,Dark - lighted roadway,Cloudy/Rain,2.31,0,48,35,FALSE,41.89733197,-71.36979234
4599,11/23/2005,November,Wednesday,10:06,1,2,0,0,"Sideswipe, same direction",V1: Travelling straight ahead / V2: Turning left,V1: E  / V2: E,Dry,Daylight,Cloudy,0.03,0.7,36,23,TRUE,41.94234382,-71.27289652
4600,11/23/2005,November,Wednesday,12:14,0,2,0,0,"Sideswipe, same direction",V1: Overtaking/passing / V2: Turning right,V1: S  / V2: S,Dry,Daylight,Clear,0.03,0.7,36,23,TRUE,41.96207697,-71.29835824
4601,11/23/2005,November,Wednesday,16:48,2,1,1,0,Single vehicle crash,V1: Travelling straight ahead,V1: S,Dry,Dusk,Clear,0.03,0.7,36,23,TRUE,41.89929858,-71.37836421
4602,11/23/2005,November,Wednesday,16:48,2,1,1,0,0,V1: 0,V1: 0,Dry,Dark - lighted roadway,Clear,0.03,0.7,36,23,TRUE,41.89929858,-71.37836421
4603,11/23/2005,November,Wednesday,17:12,1,2,0,0,Rear-end,V1: Travelling straight ahead / V2: Turning right,V1: S  / V2: S,Dry,Dark - lighted roadway,Clear,0.03,0.7,36,23,TRUE,41.94398934,-71.28152972
4604,11/23/2005,November,Wednesday,21:40,1,2,0,0,Angle,V1: Travelling straight ahead / V2: Entering traffic lane,V1: W  / V2: S,Dry,Dark - lighted roadway,Cloudy,0.03,0.7,36,23,TRUE,34.24438675,-73.6513909
4605,11/24/2005,November,Thursday,9:16,2,2,1,0,Angle,V1: Travelling straight ahead / V2: Parked,V1: E  / V2: 0,Slush,Daylight,Snow,0.17,0.9,44,23,TRUE,41.94910912,-71.29223917
4606,11/24/2005,November,Thursday,9:18,2,1,1,0,Single vehicle crash,V1: Travelling straight ahead,V1: 0,Snow,Daylight,Snow,0.17,0.9,44,23,TRUE,41.95428602,-71.28497548
4607,11/24/2005,November,Thursday,9:37,1,3,0,0,Angle,V1: Slowing or stopped in traffic / V2: Travelling straight ahead / V3: Travelling straight ahead,V1: W  / V2: S  / V3: N,Snow,Daylight,Snow,0.17,0.9,44,23,TRUE,41.95484304,-71.28856385
4608,11/24/2005,November,Thursday,10:25,1,2,0,0,Angle,V1: Travelling straight ahead / V2: Travelling straight ahead,V1: S  / V2: E,Snow,Daylight,Snow,0.17,0.9,44,23,TRUE,41.92508738,-71.35628348
4609,11/25/2005,November,Friday,2:15,1,1,0,0,Single vehicle crash,V1: Turning left,V1: N,Dry,Dark - lighted roadway,Cloudy,0,0,34,18,TRUE,41.9357748,-71.32942331
4610,11/25/2005,November,Friday,10:10,2,2,1,0,Angle,V1: Turning left / V2: Travelling straight ahead,V1: N  / V2: S,Dry,Daylight,Clear,0,0,34,18,TRUE,41.91995256,-71.35851978
4611,11/25/2005,November,Friday,11:15,1,2,0,0,Rear-end,V1: Travelling straight ahead / V2: Slowing or stopped in traffic,V1: E  / V2: E,Dry,Daylight,Clear,0,0,34,18,TRUE,34.24438675,-73.6513909
4612,11/25/2005,November,Friday,11:31,2,3,3,0,Rear-end,V1: Slowing or stopped in traffic / V2: Travelling straight ahead / V3: Travelling straight ahead,V1: S  / V2: S  / V3: S,Dry,Daylight,Clear,0,0,34,18,TRUE,34.24438675,-73.6513909
4613,11/25/2005,November,Friday,12:01,1,2,0,0,Angle,V1: Travelling straight ahead / V2: 0,V1: N  / V2: E,Dry,Daylight,Clear,0,0,34,18,TRUE,41.93830895,-71.28203041
4614,11/25/2005,November,Friday,12:09,1,2,0,0,Rear-end,V1: Travelling straight ahead / V2: Travelling straight ahead,V1: N  / V2: N,Dry,Daylight,Clear,0,0,34,18,TRUE,41.910103,-71.36327729
4615,11/25/2005,November,Friday,17:39,1,1,0,0,Single vehicle crash,V1: Travelling straight ahead,V1: E,Dry,Dark - lighted roadway,Clear,0,0,34,18,TRUE,41.95454839,-71.25253266
4616,11/25/2005,November,Friday,23:47,2,1,1,0,Head-on,V1: Travelling straight ahead,V1: W,Dry,Dark - lighted roadway,Clear,0,0,34,18,TRUE,41.90982279,-71.35948156
4617,11/26/2005,November,Saturday,0:15,2,1,1,0,Single vehicle crash,V1: Leaving traffic lane,V1: S,Dry,Dark - roadway not lighted,Clear,0,0,38,16,TRUE,41.9589661,-71.30200935
4618,11/26/2005,November,Saturday,13:40,1,2,0,0,Angle,V1: Turning left / V2: Travelling straight ahead,V1: W  / V2: N,Dry,Daylight,Cloudy,0,0,38,16,TRUE,41.90686743,-71.36493716
4619,11/26/2005,November,Saturday,13:55,1,1,0,0,"Sideswipe, same direction",V1: Travelling straight ahead,V1: S,Dry,Daylight,Cloudy,0,0,38,16,TRUE,41.91030818,-71.36317272
4620,11/26/2005,November,Saturday,13:55,1,2,0,0,"Sideswipe, same direction",V1: Travelling straight ahead / V2: Changing lanes,V1: S  / V2: S,Dry,Daylight,Clear,0,0,38,16,TRUE,41.91035947,-71.36314658
4621,11/26/2005,November,Saturday,16:00,1,2,0,0,Angle,V1: Turning left / V2: Travelling straight ahead,V1: W  / V2: S,Dry,Dusk,Cloudy,0,0,38,16,TRUE,41.92298399,-71.3572054
4622,11/26/2005,November,Saturday,16:12,1,2,0,0,Rear-end,V1: Travelling straight ahead / V2: Slowing or stopped in traffic,V1: E  / V2: E,Dry,Dusk,Clear,0,0,38,16,TRUE,41.93623387,-71.28481203
4623,11/26/2005,November,Saturday,16:36,1,2,0,0,Angle,V1: Travelling straight ahead / V2: Turning left,V1: N  / V2: S,Dry,Dusk,Cloudy,0,0,38,16,TRUE,41.92586466,-71.35592135
4624,11/26/2005,November,Saturday,17:00,1,2,0,0,Rear-end,V1: Slowing or stopped in traffic / V2: Travelling straight ahead,V1: 0 / V2: 0,Dry,Dark - lighted roadway,Clear,0,0,38,16,TRUE,34.24438675,-73.6513909
4625,11/26/2005,November,Saturday,17:15,1,2,0,0,Angle,V1: Turning left / V2: Travelling straight ahead,V1: E  / V2: W,Dry,Dark - lighted roadway,Cloudy,0,0,38,16,TRUE,41.89951037,-71.35762293
4626,11/26/2005,November,Saturday,19:50,1,2,0,0,Angle,V1: Turning right / V2: Travelling straight ahead,V1: S  / V2: S,Dry,Dark - lighted roadway,Cloudy,0,0,38,16,TRUE,34.24438675,-73.6513909
4627,11/26/2005,November,Saturday,21:45,1,2,0,0,Angle,V1: Turning left / V2: Travelling straight ahead,V1: S  / V2: N,Dry,Dark - lighted roadway,Cloudy,0,0,38,16,TRUE,41.92508738,-71.35628348
4628,11/27/2005,November,Sunday,11:49,2,2,1,0,Angle,V1: Turning right / V2: Travelling straight ahead,V1: S  / V2: S,Dry,Daylight,Cloudy,0,0,47,31,TRUE,41.90539202,-71.35660145
4629,11/27/2005,November,Sunday,19:57,2,1,1,0,Single vehicle crash,V1: 0,V1: E,Dry,Dark - lighted roadway,Clear,0,0,47,31,TRUE,41.95130281,-71.27263126
4630,11/28/2005,November,Monday,9:00,2,1,1,0,Single vehicle crash,V1: Travelling straight ahead,V1: N,Dry,Daylight,Cloudy,0,0,58,39,FALSE,41.92109461,-71.29707516
4631,11/28/2005,November,Monday,16:40,1,2,0,0,Rear-end,V1: Travelling straight ahead / V2: Entering traffic lane,V1: S  / V2: S,Dry,Dark - lighted roadway,Clear,0,0,58,39,FALSE,34.24438675,-73.6513909
4632,11/28/2005,November,Monday,17:35,1,3,0,0,Rear-end,V1: Travelling straight ahead / V2: Slowing or stopped in traffic / V3: Slowing or stopped in traffic,V1: S  / V2: S  / V3: S,Dry,Dawn,Clear,0,0,58,39,FALSE,34.24438675,-73.6513909
4633,11/28/2005,November,Monday,18:41,1,1,0,0,Single vehicle crash,V1: Turning right,V1: E,Wet,Dark - lighted roadway,Cloudy/Rain,0,0,58,39,FALSE,41.93363156,-71.30076394
4634,11/29/2005,November,Tuesday,10:00,1,2,0,0,Angle,V1: Turning left / V2: Travelling straight ahead,V1: W  / V2: E,Wet,Daylight,Cloudy,0,0,64,50,FALSE,41.94395003,-71.2928535
4635,11/29/2005,November,Tuesday,10:40,1,1,0,0,Single vehicle crash,V1: Travelling straight ahead,V1: E,Wet,Daylight,Cloudy,0,0,64,50,FALSE,34.24438675,-73.6513909
4636,11/29/2005,November,Tuesday,14:40,1,2,0,0,Rear-end,V1: Backing / V2: Travelling straight ahead,V1: E  / V2: W,Dry,Daylight,Clear,0,0,64,50,FALSE,41.94396388,-71.30988659
4637,11/29/2005,November,Tuesday,16:25,1,2,0,0,Angle,V1: Turning left / V2: Changing lanes,V1: E  / V2: W,Dry,Dusk,Cloudy,0,0,64,50,FALSE,41.93399162,-71.2999507
4638,11/30/2005,November,Wednesday,13:10,1,2,0,0,Angle,V1: Travelling straight ahead / V2: 0,V1: 0 / V2: 0,Wet,Daylight,Rain,1.94,0,61,45,FALSE,41.94757814,-71.27890389
4639,11/30/2005,November,Wednesday,14:30,1,2,0,0,Angle,V1: Travelling straight ahead / V2: Entering traffic lane,V1: E  / V2: N,Wet,Daylight,Rain,1.94,0,61,45,FALSE,34.24438675,-73.6513909
4640,11/30/2005,November,Wednesday,18:09,1,2,0,0,Rear-end,V1: Slowing or stopped in traffic / V2: Travelling straight ahead,V1: W  / V2: W,Wet,Dark - lighted roadway,Cloudy/Rain,1.94,0,61,45,FALSE,34.24438675,-73.6513909
4641,11/30/2005,November,Wednesday,18:28,2,2,1,0,Angle,V1: Travelling straight ahead / V2: Turning left,V1: W  / V2: E,Wet,Dark - lighted roadway,Rain,1.94,0,61,45,FALSE,41.92387717,-71.35158914