ID,DATE,Month,Day of week,Crash Time,Crash Severity,Number of Vehicles,Total Nonfatal Injuries,Total Fatal Injuries,Manner of Collision,Vehicle Action Prior to Crash,Vehicle Travel Directions,Road Surface Condition,Ambient Light,Weather Condition,PRCP,SNOW,TMAX,TMIN,Ice,Longtitute,Latitute
4642,11/30/2005,November,Wednesday,19:20,1,2,0,0,0,V1: Turning right / V2: Travelling straight ahead,V1: E  / V2: E,Wet,Dark - roadway not lighted,Rain,1.94,0,61,45,FALSE,41.93628409,-71.28608551
4643,12/1/2005,December,Thursday,7:50,1,2,0,0,Rear-end,V1: Travelling straight ahead / V2: Slowing or stopped in traffic,V1: N  / V2: N,Dry,Daylight,Clear,0,0,47,37,FALSE,41.92508738,-71.35628348
4644,12/1/2005,December,Thursday,11:30,1,2,0,0,Angle,V1: Travelling straight ahead / V2: Travelling straight ahead,V1: W  / V2: S,Dry,Daylight,Clear,0,0,47,37,FALSE,41.93808003,-71.27597724
4645,12/1/2005,December,Thursday,16:30,2,2,1,0,Rear-end,V1: Travelling straight ahead / V2: Slowing or stopped in traffic,V1: S  / V2: S,Dry,Dusk,Clear,0,0,47,37,FALSE,41.90086769,-71.36799095
4646,12/2/2005,December,Friday,0:53,2,2,2,0,Angle,V1: Travelling straight ahead / V2: Travelling straight ahead,V1: 0 / V2: 0,Dry,Dark - lighted roadway,Clear,0,0,44,32,TRUE,41.90998013,-71.35802082
4647,12/2/2005,December,Friday,3:25,2,2,1,0,Rear-end,V1: Travelling straight ahead / V2: Travelling straight ahead,V1: N  / V2: N,Dry,Dark - roadway not lighted,Clear,0,0,44,32,TRUE,41.93017088,-71.32206035
4648,12/2/2005,December,Friday,7:30,1,2,0,0,Rear-end,V1: Travelling straight ahead / V2: Slowing or stopped in traffic,V1: E  / V2: E,Dry,Daylight,Clear,0,0,44,32,TRUE,41.9251215,-71.35640944
4649,12/2/2005,December,Friday,14:38,2,2,1,0,Rear-end,V1: Travelling straight ahead / V2: Slowing or stopped in traffic,V1: E  / V2: E,Dry,Daylight,Clear,0,0,44,32,TRUE,41.93397396,-71.30666208
4650,12/2/2005,December,Friday,19:30,1,2,0,0,Angle,V1: Turning left / V2: 0,V1: E  / V2: 0,Dry,Dark - lighted roadway,Clear,0,0,44,32,TRUE,41.95261187,-71.26977997
4651,12/3/2005,December,Saturday,0:24,2,2,2,0,Rear-end,V1: Travelling straight ahead / V2: Slowing or stopped in traffic,V1: W  / V2: 0,Dry,Dark - lighted roadway,Clear,0,0,36,27,TRUE,41.95259254,-71.26983225
4652,12/3/2005,December,Saturday,13:05,2,2,1,0,Angle,V1: Turning left / V2: Travelling straight ahead,V1: S  / V2: N,Dry,Daylight,Clear,0,0,36,27,TRUE,41.92913729,-71.35380452
4653,12/4/2005,December,Sunday,7:35,2,1,1,0,Single vehicle crash,V1: Travelling straight ahead,V1: S,Snow,Daylight,Snow,0.22,2,30,25,TRUE,41.89841145,-71.37009489
4654,12/4/2005,December,Sunday,8:00,1,2,0,0,Angle,V1: Slowing or stopped in traffic / V2: Turning left,V1: S  / V2: N,Ice,Dawn,Snow,0.22,2,30,25,TRUE,41.95234013,-71.29601132
4655,12/4/2005,December,Sunday,8:06,1,1,0,0,Angle,V1: Travelling straight ahead,V1: S,Snow,Daylight,Snow,0.22,2,30,25,TRUE,41.95234013,-71.29601132
4656,12/4/2005,December,Sunday,8:57,1,1,0,0,Single vehicle crash,V1: Turning left,V1: S,Snow,Daylight,Snow,0.22,2,30,25,TRUE,41.94932398,-71.30404434
4657,12/4/2005,December,Sunday,9:20,1,2,0,0,Angle,V1: Travelling straight ahead / V2: Travelling straight ahead,V1: W  / V2: E,Snow,Daylight,Snow,0.22,2,30,25,TRUE,41.89804027,-71.37674712
4658,12/4/2005,December,Sunday,9:36,0,2,0,0,Angle,V1: Travelling straight ahead / V2: Travelling straight ahead,V1: 0 / V2: 0,Snow,Daylight,Snow,0.22,2,30,25,TRUE,41.94413491,-71.27260127
4659,12/4/2005,December,Sunday,9:40,2,2,1,0,Angle,V1: Travelling straight ahead / V2: Parked,V1: W  / V2: 0,Snow,Daylight,Snow,0.22,2,30,25,TRUE,41.92570226,-71.34737845
4660,12/4/2005,December,Sunday,9:45,1,2,0,0,Rear-end,V1: Slowing or stopped in traffic / V2: Slowing or stopped in traffic,V1: 0 / V2: 0,Slush,Daylight,Snow,0.22,2,30,25,TRUE,41.92241545,-71.31336866
4661,12/4/2005,December,Sunday,14:54,2,2,1,0,Angle,V1: Entering traffic lane / V2: Travelling straight ahead,V1: S  / V2: S,Slush,Daylight,Snow,0.22,2,30,25,TRUE,41.91982212,-71.35857678
4662,12/4/2005,December,Sunday,15:32,2,2,1,0,Rear-end,V1: Travelling straight ahead / V2: Slowing or stopped in traffic,V1: S  / V2: S,Snow,Dusk,Snow,0.22,2,30,25,TRUE,41.92508738,-71.35628348
4663,12/5/2005,December,Monday,5:26,1,2,0,0,Rear-end,V1: Slowing or stopped in traffic / V2: 0,V1: E  / V2: 0,Dry,Dark - lighted roadway,Clear,0,0,33,20,TRUE,41.89618753,-71.37039513
4664,12/5/2005,December,Monday,7:17,1,2,0,0,Rear-end,V1: Travelling straight ahead / V2: Travelling straight ahead,V1: E  / V2: E,Snow,Daylight,Cloudy,0,0,33,20,TRUE,41.954239,-71.24550505
4665,12/5/2005,December,Monday,11:25,1,2,0,0,Rear-end,V1: Backing / V2: Slowing or stopped in traffic,V1: E  / V2: W,Dry,Daylight,Cloudy,0,0,33,20,TRUE,34.24438675,-73.6513909
4666,12/5/2005,December,Monday,17:03,1,2,0,0,Rear-end,V1: Slowing or stopped in traffic / V2: Travelling straight ahead,V1: W  / V2: W,Dry,Dark - lighted roadway,Cloudy,0,0,33,20,TRUE,41.9419524,-71.28768843
4667,12/6/2005,December,Tuesday,6:28,1,2,0,0,Angle,V1: Travelling straight ahead / V2: Turning right,V1: W  / V2: S,Wet,Dark - lighted roadway,Snow,0.02,0.4,36,25,TRUE,34.24438675,-73.6513909
4668,12/6/2005,December,Tuesday,14:42,1,2,0,0,Rear-end,V1: Travelling straight ahead / V2: Slowing or stopped in traffic,V1: N  / V2: N,Dry,Daylight,Clear,0.02,0.4,36,25,TRUE,41.96021054,-71.28783809
4669,12/6/2005,December,Tuesday,16:43,1,1,0,0,Single vehicle crash,V1: Travelling straight ahead,V1: N,Dry,Dark - roadway not lighted,Clear,0.02,0.4,36,25,TRUE,34.24438675,-73.6513909
4670,12/6/2005,December,Tuesday,18:45,1,1,0,0,Angle,V1: Turning right,V1: S,Dry,Dark - lighted roadway,Cloudy,0.02,0.4,36,25,TRUE,41.93058727,-71.35318659
4671,12/7/2005,December,Wednesday,1:20,2,2,1,0,Rear-end,V1: Travelling straight ahead / V2: Changing lanes,V1: N  / V2: N,Dry,Dark - lighted roadway,Clear,0,0,32,19,TRUE,34.24438675,-73.6513909
4672,12/7/2005,December,Wednesday,11:40,1,2,0,0,Angle,V1: Travelling straight ahead / V2: Entering traffic lane,V1: W  / V2: S,Dry,Daylight,Clear,0,0,32,19,TRUE,41.94757814,-71.27890389
4673,12/7/2005,December,Wednesday,13:29,2,1,1,0,Single vehicle crash,V1: Travelling straight ahead,V1: S,Snow,Daylight,Clear,0,0,32,19,TRUE,41.96799034,-71.27366201
4674,12/8/2005,December,Thursday,10:15,1,2,0,0,Angle,V1: Overtaking/passing / V2: Turning left,V1: N  / V2: N,Dry,Daylight,Clear,0,0,34,17,TRUE,41.94161856,-71.27925093
4675,12/8/2005,December,Thursday,11:39,2,2,1,0,Rear-end,V1: Travelling straight ahead / V2: Travelling straight ahead,V1: N  / V2: N,Dry,Daylight,Clear,0,0,34,17,TRUE,41.92644259,-71.35554103
4676,12/8/2005,December,Thursday,21:50,2,1,1,0,0,V1: Leaving traffic lane,V1: W,Dry,Dark - lighted roadway,Clear,0,0,34,17,TRUE,41.95451461,-71.24992613
4677,12/9/2005,December,Friday,7:05,2,2,2,0,Angle,V1: Turning left / V2: Slowing or stopped in traffic,V1: N  / V2: S,Snow,Daylight,Snow,1.25,9.9,35,21,TRUE,41.93413228,-71.31578588
4678,12/9/2005,December,Friday,7:06,1,2,0,0,Angle,V1: Travelling straight ahead / V2: Travelling straight ahead,V1: N  / V2: N,Snow,Daylight,Snow,1.25,9.9,35,21,TRUE,41.94245198,-71.28698244
4679,12/9/2005,December,Friday,7:42,2,1,1,0,Single vehicle crash,V1: Travelling straight ahead,V1: E,Snow,Daylight,Snow,1.25,9.9,35,21,TRUE,41.9428461,-71.31122831
4680,12/9/2005,December,Friday,12:15,1,2,0,0,"Sideswipe, same direction",V1: Travelling straight ahead / V2: Travelling straight ahead,V1: S  / V2: S,Snow,Daylight,Snow,1.25,9.9,35,21,TRUE,34.24438675,-73.6513909
4681,12/9/2005,December,Friday,12:56,1,1,0,0,0,V1: Travelling straight ahead,V1: S,Snow,Daylight,Snow,1.25,9.9,35,21,TRUE,41.91556787,-71.25738932
4682,12/9/2005,December,Friday,13:28,1,2,0,0,Angle,V1: 0 / V2: Travelling straight ahead,V1: N  / V2: N,Snow,Daylight,Snow,1.25,9.9,35,21,TRUE,41.90998013,-71.35802082
4683,12/9/2005,December,Friday,13:37,1,2,0,0,Rear-end,V1: Travelling straight ahead / V2: Parked,V1: S  / V2: 0,Snow,Daylight,Snow,1.25,9.9,35,21,TRUE,41.93721124,-71.28687939
4684,12/9/2005,December,Friday,13:56,2,2,1,0,Angle,V1: Turning right / V2: Travelling straight ahead,V1: S  / V2: N,Snow,Daylight,Snow,1.25,9.9,35,21,TRUE,41.94172858,-71.2694315
4685,12/9/2005,December,Friday,14:00,2,2,1,0,Rear-end,V1: Travelling straight ahead / V2: Travelling straight ahead,V1: N  / V2: N,Dry,Daylight,Cloudy,1.25,9.9,35,21,TRUE,41.92508738,-71.35628348
4686,12/9/2005,December,Friday,16:20,1,2,0,0,Angle,V1: Turning right / V2: Slowing or stopped in traffic,V1: S  / V2: 0,Dry,Daylight,Clear,1.25,9.9,35,21,TRUE,41.95273414,-71.2847248
4687,12/9/2005,December,Friday,17:24,1,1,0,0,Angle,V1: Backing,V1: N,Snow,Dark - lighted roadway,Snow,1.25,9.9,35,21,TRUE,34.24438675,-73.6513909
4688,12/9/2005,December,Friday,17:28,1,2,0,0,Angle,V1: Travelling straight ahead / V2: Travelling straight ahead,V1: S  / V2: N,Snow,Dawn,Snow,1.25,9.9,35,21,TRUE,41.93116554,-71.31589614
4689,12/9/2005,December,Friday,17:30,1,2,0,0,Rear-end,V1: Slowing or stopped in traffic / V2: Travelling straight ahead,V1: N  / V2: N,Snow,Dark - roadway not lighted,Snow,1.25,9.9,35,21,TRUE,41.92969804,-71.32243362
4690,12/9/2005,December,Friday,19:01,2,2,1,0,Angle,V1: Travelling straight ahead / V2: Travelling straight ahead,V1: S  / V2: N,Snow,Dark - lighted roadway,Snow,1.25,9.9,35,21,TRUE,41.93052622,-71.32587403
4691,12/9/2005,December,Friday,21:29,1,1,0,0,0,V1: Travelling straight ahead,V1: E,Snow,Dark - lighted roadway,Snow,1.25,9.9,35,21,TRUE,41.93983305,-71.26748468
4692,12/10/2005,December,Saturday,15:03,2,2,1,0,Rear-end,V1: Changing lanes / V2: Slowing or stopped in traffic,V1: E  / V2: E,Dry,Daylight,Clear,0,0,37,20,TRUE,41.9483337,-71.27794679
4693,12/10/2005,December,Saturday,17:00,1,2,0,0,Angle,V1: Entering traffic lane / V2: Travelling straight ahead,V1: W  / V2: N,Wet,Dark - lighted roadway,Clear,0,0,37,20,TRUE,41.89618753,-71.37039513
4694,12/11/2005,December,Sunday,14:55,0,1,0,0,Single vehicle crash,V1: Travelling straight ahead,V1: 0,Dry,Daylight,Clear,0,0,44,24,TRUE,41.93162706,-71.2603685
4695,12/12/2005,December,Monday,10:14,1,2,0,0,Rear-end,V1: Backing / V2: Slowing or stopped in traffic,V1: N  / V2: S,Snow,Daylight,Snow,0,0,43,24,TRUE,41.94574442,-71.28910698
4696,12/12/2005,December,Monday,13:10,1,2,0,0,Angle,V1: Travelling straight ahead / V2: Turning left,V1: S  / V2: E,Dry,Daylight,Clear,0,0,43,24,TRUE,41.91035947,-71.36314658
4697,12/12/2005,December,Monday,15:14,1,2,0,0,Rear-end,V1: Travelling straight ahead / V2: Slowing or stopped in traffic,V1: E  / V2: E,Wet,Daylight,Cloudy,0,0,43,24,TRUE,34.24438675,-73.6513909
4698,12/12/2005,December,Monday,18:56,1,2,0,0,Rear-end,V1: Travelling straight ahead / V2: Travelling straight ahead,V1: S  / V2: S,Dry,Dark - roadway not lighted,Clear,0,0,43,24,TRUE,41.93750876,-71.31688223
4699,12/12/2005,December,Monday,19:37,1,2,0,0,Rear-end,V1: Slowing or stopped in traffic / V2: Travelling straight ahead,V1: S  / V2: S,Dry,Dark - lighted roadway,Cloudy,0,0,43,24,TRUE,41.90261606,-71.35590689
4700,12/12/2005,December,Monday,19:42,1,2,0,0,Angle,V1: Turning left / V2: Travelling straight ahead,V1: W  / V2: E,Slush,Dark - lighted roadway,Clear,0,0,43,24,TRUE,41.95279587,-71.26925506
4701,12/13/2005,December,Tuesday,17:45,2,2,1,0,0,V1: Turning left / V2: Travelling straight ahead,V1: W  / V2: E,Dry,Dark - lighted roadway,Clear,0,0,24,11,TRUE,41.93393836,-71.3077318
4702,12/13/2005,December,Tuesday,22:05,1,2,0,0,Rear-end,V1: 0 / V2: Travelling straight ahead,V1: 0 / V2: 0,Dry,Dark - lighted roadway,Clear,0,0,24,11,TRUE,41.89620779,-71.37038397
4703,12/14/2005,December,Wednesday,0:01,0,1,0,0,Single vehicle crash,V1: Travelling straight ahead,V1: N,Snow,Daylight,Clear,0,0,26,5,TRUE,34.24438675,-73.6513909
4704,12/14/2005,December,Wednesday,7:44,1,1,0,0,Angle,V1: Turning left,V1: E,Dry,Daylight,Clear,0,0,26,5,TRUE,41.94266173,-71.28390998
4705,12/14/2005,December,Wednesday,7:49,1,3,0,0,"Sideswipe, opposite direction",V1: Turning left / V2: Travelling straight ahead / V3: Travelling straight ahead,V1: W  / V2: S  / V3: 0,Dry,Daylight,Clear,0,0,26,5,TRUE,41.94625923,-71.28694634
4706,12/14/2005,December,Wednesday,14:30,1,2,0,0,Angle,V1: Travelling straight ahead / V2: Entering traffic lane,V1: S  / V2: E,Ice,Daylight,Clear,0,0,26,5,TRUE,41.9370756,-71.28238678
4707,12/14/2005,December,Wednesday,14:37,1,3,0,0,Angle,V1: Turning left / V2: Travelling straight ahead / V3: Slowing or stopped in traffic,V1: N  / V2: W  / V3: S,Dry,Daylight,Clear,0,0,26,5,TRUE,41.95076301,-71.27397064
4708,12/14/2005,December,Wednesday,20:15,1,2,0,0,"Sideswipe, opposite direction",V1: Travelling straight ahead / V2: Travelling straight ahead,V1: S  / V2: N,Dry,Dark - lighted roadway,Snow,0,0,26,5,TRUE,34.24438675,-73.6513909
4709,12/14/2005,December,Wednesday,21:47,2,2,3,0,Angle,V1: Travelling straight ahead / V2: Travelling straight ahead,V1: N  / V2: W,Dry,Dark - lighted roadway,Clear,0,0,26,5,TRUE,41.95428602,-71.28497548
4710,12/15/2005,December,Thursday,8:15,1,2,0,0,Angle,V1: Turning left / V2: Travelling straight ahead,V1: S  / V2: S,Dry,Daylight,Cloudy,0,0,34,5,TRUE,41.97001836,-71.2913735
4711,12/15/2005,December,Thursday,10:59,2,2,3,0,Angle,V1: Turning left / V2: Travelling straight ahead,V1: E  / V2: S,Dry,Daylight,Clear,0,0,34,5,TRUE,41.95180679,-71.2898592
4712,12/15/2005,December,Thursday,17:40,1,2,0,0,"Sideswipe, same direction",V1: Entering traffic lane / V2: Travelling straight ahead,V1: 0 / V2: 0,Dry,Dark - lighted roadway,Cloudy,0,0,34,5,TRUE,41.90235094,-71.35584139
4713,12/16/2005,December,Friday,3:54,1,1,0,0,Single vehicle crash,V1: Turning left,V1: W,Ice,Dark - lighted roadway,Rain,0.91,0,50,27,TRUE,41.92743176,-71.34188419
4714,12/16/2005,December,Friday,3:57,2,2,1,0,Rear-end,V1: Travelling straight ahead / V2: Travelling straight ahead,V1: S  / V2: S,Ice,Dark - roadway not lighted,Rain,0.91,0,50,27,TRUE,41.90440935,-71.34989693
4715,12/16/2005,December,Friday,4:30,2,5,2,0,Angle,V1: Travelling straight ahead / V2: Travelling straight ahead / V3: Travelling straight ahead / V4: Travelling straight ahead / V5: Travelling straight ahead,V1: N  / V2: N  / V3: N  / V4: N  / V5: N,Ice,Dark - roadway not lighted,Rain,0.91,0,50,27,TRUE,41.92969804,-71.32243362
4716,12/16/2005,December,Friday,4:50,0,1,0,0,Single vehicle crash,V1: Travelling straight ahead,V1: N,Ice,Dark - roadway not lighted,Rain,0.91,0,50,27,TRUE,41.9012269,-71.35967713
4717,12/16/2005,December,Friday,9:00,1,2,0,0,"Sideswipe, same direction",V1: Entering traffic lane / V2: Travelling straight ahead,V1: W  / V2: N,Wet,Daylight,Rain,0.91,0,50,27,TRUE,41.93732881,-71.28475709
4718,12/16/2005,December,Friday,12:13,2,2,1,0,"Sideswipe, same direction",V1: Changing lanes / V2: Travelling straight ahead,V1: S  / V2: S,Wet,Daylight,Cloudy/Rain,0.91,0,50,27,TRUE,41.89733197,-71.36979234
4719,12/16/2005,December,Friday,15:05,1,2,0,0,Angle,V1: Travelling straight ahead / V2: Turning left,V1: N  / V2: S,Wet,Daylight,Cloudy/Rain,0.91,0,50,27,TRUE,41.9472108,-71.28786501
4720,12/17/2005,December,Saturday,12:30,1,3,0,0,Rear-end,V1: Slowing or stopped in traffic / V2: Slowing or stopped in traffic / V3: Slowing or stopped in traffic,V1: E  / V2: E  / V3: E,Dry,Daylight,Clear,0,0,41,22,TRUE,41.92508738,-71.35628348
4721,12/17/2005,December,Saturday,12:35,1,3,0,0,Rear-end,V1: Travelling straight ahead / V2: Slowing or stopped in traffic / V3: Slowing or stopped in traffic,V1: W  / V2: W  / V3: W,Dry,Daylight,Clear,0,0,41,22,TRUE,41.95076301,-71.27397064
4722,12/17/2005,December,Saturday,13:11,1,2,0,0,Angle,V1: Turning right / V2: Changing lanes,V1: N  / V2: N,Dry,Daylight,Clear,0,0,41,22,TRUE,41.92809659,-71.35436768
4723,12/17/2005,December,Saturday,13:32,1,1,0,0,Single vehicle crash,V1: Travelling straight ahead,V1: S,Dry,Daylight,Clear,0,0,41,22,TRUE,41.92913596,-71.34508652
4724,12/17/2005,December,Saturday,17:33,2,4,1,0,Angle,V1: Travelling straight ahead / V2: Turning left / V3: Slowing or stopped in traffic / V4: Slowing or stopped in traffic,V1: N  / V2: E  / V3: W  / V4: W,Dry,Dark - lighted roadway,Clear,0,0,41,22,TRUE,41.90964751,-71.36351027
4725,12/18/2005,December,Sunday,19:47,1,3,0,0,"Sideswipe, opposite direction",V1: Travelling straight ahead / V2: Travelling straight ahead / V3: Travelling straight ahead,V1: E  / V2: W  / V3: W,Dry,Dark - lighted roadway,Cloudy,0,0,36,21,TRUE,41.91819965,-71.36378494
4726,12/19/2005,December,Monday,0:10,2,1,1,0,Single vehicle crash,V1: Travelling straight ahead,V1: S,Dry,Dark - roadway not lighted,Clear,0,0,34,20,TRUE,41.9566717,-71.3029667
4727,12/19/2005,December,Monday,12:42,0,2,0,0,Angle,V1: 0 / V2: 0,V1: S  / V2: W,Dry,Daylight,Clear,0,0,34,20,TRUE,41.93711096,-71.29262459
4728,12/19/2005,December,Monday,15:15,1,2,0,0,Rear-end,V1: Travelling straight ahead / V2: Slowing or stopped in traffic,V1: E  / V2: E,Dry,Daylight,Clear,0,0,34,20,TRUE,34.24438675,-73.6513909
4729,12/19/2005,December,Monday,17:50,1,2,0,0,Rear-end,V1: Travelling straight ahead / V2: Travelling straight ahead,V1: W  / V2: W,Dry,Dark - lighted roadway,Clear,0,0,34,20,TRUE,34.24438675,-73.6513909
4730,12/19/2005,December,Monday,17:57,1,3,0,0,Angle,V1: Travelling straight ahead / V2: Slowing or stopped in traffic / V3: Travelling straight ahead,V1: S  / V2: E  / V3: N,Dry,Dark - lighted roadway,Clear,0,0,34,20,TRUE,34.24438675,-73.6513909
4731,12/19/2005,December,Monday,19:50,1,2,0,0,Rear-end,V1: 0 / V2: Slowing or stopped in traffic,V1: 0 / V2: N,Dry,Dark - lighted roadway,Cloudy,0,0,34,20,TRUE,34.24438675,-73.6513909
4732,12/20/2005,December,Tuesday,8:05,1,2,0,0,Rear-end,V1: Travelling straight ahead / V2: Slowing or stopped in traffic,V1: E  / V2: E,Dry,Daylight,Clear,0,0,34,20,TRUE,41.93400167,-71.31333075
4733,12/20/2005,December,Tuesday,12:24,2,2,1,0,Angle,V1: Turning right / V2: Travelling straight ahead,V1: N  / V2: N,Dry,Daylight,Clear,0,0,34,20,TRUE,41.93558301,-71.29754455
4734,12/20/2005,December,Tuesday,17:40,2,4,1,0,Rear-end,V1: Slowing or stopped in traffic / V2: Slowing or stopped in traffic / V3: Slowing or stopped in traffic / V4: Slowing or stopped in traffic,V1: S  / V2: S  / V3: S  / V4: S,Dry,Dark - lighted roadway,Clear,0,0,34,20,TRUE,41.95484304,-71.28856385
4735,12/21/2005,December,Wednesday,6:54,1,1,0,0,Single vehicle crash,V1: Travelling straight ahead,V1: S,Ice,Daylight,Clear,0,0,31,13,TRUE,41.92904104,-71.22698467
4736,12/21/2005,December,Wednesday,9:04,1,2,0,0,Angle,V1: Travelling straight ahead / V2: Turning left,V1: E  / V2: S,Snow,Daylight,Cloudy,0,0,31,13,TRUE,34.24438675,-73.6513909
4737,12/21/2005,December,Wednesday,9:18,1,2,0,0,Angle,V1: Turning left / V2: Travelling straight ahead,V1: N  / V2: E,Dry,Daylight,Clear,0,0,31,13,TRUE,41.94470433,-71.2812252
4738,12/21/2005,December,Wednesday,11:07,1,2,0,0,Angle,V1: Travelling straight ahead / V2: Travelling straight ahead,V1: E  / V2: S,Dry,Daylight,Clear,0,0,31,13,TRUE,41.90697288,-71.36488171
4739,12/21/2005,December,Wednesday,17:14,1,2,0,0,Rear-end,V1: Slowing or stopped in traffic / V2: Travelling straight ahead,V1: N  / V2: N,Dry,Dark - lighted roadway,Clear,0,0,31,13,TRUE,41.91130764,-71.35852373
4740,12/22/2005,December,Thursday,11:09,2,2,1,0,"Sideswipe, same direction",V1: Travelling straight ahead / V2: Travelling straight ahead,V1: S  / V2: S,Dry,Daylight,Clear,0,0,35,20,TRUE,41.9589661,-71.30200935
4741,12/22/2005,December,Thursday,14:33,1,2,0,0,Rear-end,V1: Travelling straight ahead / V2: Travelling straight ahead,V1: N  / V2: N,Dry,Daylight,Clear,0,0,35,20,TRUE,41.97001836,-71.2913735
4742,12/22/2005,December,Thursday,19:45,2,1,1,0,Single vehicle crash,V1: Travelling straight ahead,V1: S,Dry,Dark - lighted roadway,Clear,0,0,35,20,TRUE,41.92726603,-71.22352195
4743,12/22/2005,December,Thursday,21:12,1,2,0,0,Rear-end,V1: Turning left / V2: 0,V1: S  / V2: 0,Dry,Dark - lighted roadway,Clear,0,0,35,20,TRUE,41.89541252,-71.37076533
4744,12/23/2005,December,Friday,0:00,1,1,0,0,Angle,V1: Turning left,V1: N,Dry,Daylight,Clear,0,0,46,32,TRUE,41.94757814,-71.27890389
4745,12/23/2005,December,Friday,10:45,1,2,0,0,Rear-end,V1: Travelling straight ahead / V2: Slowing or stopped in traffic,V1: N  / V2: N,0,Daylight,Clear,0,0,46,32,TRUE,34.24438675,-73.6513909
4746,12/23/2005,December,Friday,13:35,1,2,0,0,Rear-end,V1: Travelling straight ahead / V2: Travelling straight ahead,V1: N  / V2: N,Wet,Daylight,Rain,0,0,46,32,TRUE,41.9483337,-71.27794679
4747,12/23/2005,December,Friday,16:54,1,2,0,0,Angle,V1: Travelling straight ahead / V2: Turning left,V1: N  / V2: W,Dry,Dark - lighted roadway,Clear,0,0,46,32,TRUE,41.89733197,-71.36979234
4748,12/23/2005,December,Friday,21:44,1,4,0,0,Rear-end,V1: Slowing or stopped in traffic / V2: Slowing or stopped in traffic / V3: Slowing or stopped in traffic / V4: Travelling straight ahead,V1: N  / V2: N  / V3: N  / V4: N,Dry,Dark - lighted roadway,Clear,0,0,46,32,TRUE,34.24438675,-73.6513909
4749,12/23/2005,December,Friday,22:36,1,2,0,0,Angle,V1: Travelling straight ahead / V2: Turning right,V1: N  / V2: N,Dry,Dark - lighted roadway,Clear,0,0,46,32,TRUE,41.94955733,-71.27636671
4750,12/24/2005,December,Saturday,11:17,1,2,0,0,Angle,V1: Travelling straight ahead / V2: Travelling straight ahead,V1: W  / V2: S,Dry,Daylight,Clear,0,0,53,27,TRUE,41.90202656,-71.31785644
4751,12/24/2005,December,Saturday,13:30,1,2,0,0,Angle,V1: Turning left / V2: Travelling straight ahead,V1: S  / V2: E,Wet,Daylight,Clear,0,0,53,27,TRUE,41.94430004,-71.28137659
4752,12/24/2005,December,Saturday,18:32,1,2,0,0,Rear-end,V1: Parked / V2: Travelling straight ahead,V1: 0 / V2: E,Dry,Dark - lighted roadway,Clear,0,0,53,27,TRUE,41.90382723,-71.32816307
4753,12/25/2005,December,Sunday,10:38,1,2,0,0,Angle,V1: Other / V2: Travelling straight ahead,V1: E  / V2: S,Dry,Daylight,Cloudy,0.38,0,53,23,TRUE,41.93558503,-71.24952343
4754,12/25/2005,December,Sunday,18:55,1,2,0,0,"Sideswipe, same direction",V1: Travelling straight ahead / V2: Travelling straight ahead,V1: E  / V2: E,Wet,Dark - lighted roadway,Clear,0.38,0,53,23,TRUE,34.24438675,-73.6513909
4755,12/25/2005,December,Sunday,19:45,1,1,0,0,Single vehicle crash,V1: Travelling straight ahead,V1: W,Wet,Dark - lighted roadway,Snow,0.38,0,53,23,TRUE,41.9092031,-71.2947782
4756,12/26/2005,December,Monday,10:50,1,3,0,0,Angle,V1: Turning left / V2: Travelling straight ahead / V3: Travelling straight ahead,V1: 0 / V2: S  / V3: 0,Wet,Daylight,Cloudy,0.5,0,55,34,FALSE,41.93090458,-71.35304892
4757,12/26/2005,December,Monday,14:27,2,2,3,0,Angle,V1: Turning left / V2: 0,V1: W  / V2: S,Wet,Daylight,Cloudy/Rain,0.5,0,55,34,FALSE,41.91562886,-71.36047108
4758,12/26/2005,December,Monday,17:10,1,2,0,0,Rear-end,V1: Travelling straight ahead / V2: Slowing or stopped in traffic,V1: N  / V2: N,Wet,Dark - lighted roadway,Rain,0.5,0,55,34,FALSE,34.24438675,-73.6513909
4759,12/28/2005,December,Wednesday,9:57,2,2,1,0,"Sideswipe, opposite direction",V1: Travelling straight ahead / V2: Travelling straight ahead,V1: E  / V2: W,Dry,Daylight,Clear,0,0,42,21,TRUE,41.93401043,-71.3141637
4760,12/28/2005,December,Wednesday,12:19,2,3,1,0,Rear-end,V1: Turning left / V2: Travelling straight ahead / V3: Travelling straight ahead,V1: W  / V2: W  / V3: W,Dry,Daylight,Cloudy,0,0,42,21,TRUE,41.93661356,-71.28894683
4761,12/28/2005,December,Wednesday,18:07,1,2,0,0,Angle,V1: Entering traffic lane / V2: Travelling straight ahead,V1: N  / V2: E,Dry,Dark - lighted roadway,Clear,0,0,42,21,TRUE,41.95451461,-71.24992613
4762,12/28/2005,December,Wednesday,19:17,2,2,1,0,0,V1: Travelling straight ahead / V2: Travelling straight ahead,V1: E  / V2: E,Dry,Dark - lighted roadway,Clear,0,0,42,21,TRUE,41.93398011,-71.31150783