ID,DATE,Month,Day of week,Crash Time,Crash Severity,Number of Vehicles,Total Nonfatal Injuries,Total Fatal Injuries,Manner of Collision,Vehicle Action Prior to Crash,Vehicle Travel Directions,Road Surface Condition,Ambient Light,Weather Condition,PRCP,SNOW,TMAX,TMIN,Ice,Longtitute,Latitute
4763,12/29/2005,December,Thursday,21:28,1,2,0,0,Angle,V1: Travelling straight ahead / V2: Turning left,V1: S  / V2: S,Wet,Dark - lighted roadway,Rain,0.49,0,53,36,FALSE,41.91340256,-71.36160362
4764,12/30/2005,December,Friday,9:00,1,2,0,0,Angle,V1: Travelling straight ahead / V2: Turning left,V1: N  / V2: S,Dry,Daylight,Clear,0.14,0,49,27,TRUE,34.24438675,-73.6513909
4765,12/30/2005,December,Friday,11:02,1,1,0,0,Single vehicle crash,V1: Travelling straight ahead,V1: S,Dry,Daylight,Clear,0.14,0,49,27,TRUE,41.89870928,-71.36909739
4766,12/30/2005,December,Friday,12:30,2,2,1,0,Angle,V1: Backing / V2: Parked,V1: E  / V2: 0,Dry,Daylight,Clear,0.14,0,49,27,TRUE,41.90310597,-71.32031996
4767,12/30/2005,December,Friday,15:02,1,2,0,0,Angle,V1: Turning left / V2: Travelling straight ahead,V1: W  / V2: S,Dry,Daylight,Clear,0.14,0,49,27,TRUE,41.89541252,-71.37076533
4768,12/30/2005,December,Friday,18:02,2,2,1,0,Rear-end,V1: Travelling straight ahead / V2: Slowing or stopped in traffic,V1: S  / V2: S,Dry,Dark - lighted roadway,Clear,0.14,0,49,27,TRUE,41.89541252,-71.37076533
4769,12/31/2005,December,Saturday,21:30,2,1,1,0,Single vehicle crash,V1: Travelling straight ahead,V1: S,Snow,Dark - lighted roadway,Snow,0.11,0.8,33,23,TRUE,34.24438675,-73.6513909
4770,1/1/2006,January,Sunday,3:42,1,1,0,0,Single vehicle crash,V1: Travelling straight ahead,V1: S,Snow,Dark - lighted roadway,Snow,0.06,0.8,33,26,TRUE,41.92613887,-71.32172578
4771,1/2/2006,January,Monday,16:45,2,2,3,0,Angle,V1: Turning left / V2: Travelling straight ahead,V1: 0 / V2: 0,Wet,Dark - lighted roadway,Cloudy,0.05,0.5,40,27,TRUE,41.93269195,-71.32821357
4772,1/2/2006,January,Monday,17:10,0,1,0,0,Single vehicle crash,V1: Turning left,V1: W,Wet,Dark - lighted roadway,Cloudy,0.05,0.5,40,27,TRUE,41.94845803,-71.30212015
4773,1/2/2006,January,Monday,19:53,1,2,0,0,Rear-end,V1: Travelling straight ahead / V2: Slowing or stopped in traffic,V1: N  / V2: N,Wet,Dark - lighted roadway,Rain,0.05,0.5,40,27,TRUE,41.90538488,-71.36569048
4774,1/3/2006,January,Tuesday,4:50,1,1,0,0,Single vehicle crash,V1: Travelling straight ahead,V1: S,Snow,Dark - lighted roadway,Snow,0.77,2.3,35,30,TRUE,41.93023722,-71.28491217
4775,1/3/2006,January,Tuesday,8:11,2,2,2,0,Angle,V1: Other / V2: Travelling straight ahead,V1: S  / V2: N,Snow,Daylight,Snow,0.77,2.3,35,30,TRUE,41.9156364,-71.32216122
4776,1/3/2006,January,Tuesday,8:40,1,2,0,0,Rear-end,V1: Travelling straight ahead / V2: Travelling straight ahead,V1: 0 / V2: 0,Snow,Daylight,Snow,0.77,2.3,35,30,TRUE,34.24438675,-73.6513909
4777,1/3/2006,January,Tuesday,9:53,1,2,0,0,"Sideswipe, same direction",V1: Travelling straight ahead / V2: Changing lanes,V1: N  / V2: N,Wet,Daylight,Rain,0.77,2.3,35,30,TRUE,41.90395683,-71.35039961
4778,1/3/2006,January,Tuesday,22:18,1,2,0,0,Angle,V1: Changing lanes / V2: Slowing or stopped in traffic,V1: S  / V2: S,Dry,Dark - lighted roadway,Clear,0.77,2.3,35,30,TRUE,41.92508738,-71.35628348
4779,1/4/2006,January,Wednesday,6:00,1,2,0,0,Angle,V1: Turning left / V2: Turning left,V1: S  / V2: E,Dry,Dark - lighted roadway,Cloudy,0,0,33,27,TRUE,41.96939377,-71.29355357
4780,1/4/2006,January,Wednesday,6:28,1,2,0,0,Angle,V1: Travelling straight ahead / V2: Travelling straight ahead,V1: S  / V2: E,Dry,Dawn,Clear,0,0,33,27,TRUE,41.94450501,-71.28411703
4781,1/4/2006,January,Wednesday,16:36,1,2,0,0,Angle,V1: Travelling straight ahead / V2: Turning left,V1: N  / V2: S,Dry,Dark - lighted roadway,Clear,0,0,33,27,TRUE,41.91138651,-71.35855534
4782,1/4/2006,January,Wednesday,18:50,1,1,0,0,Single vehicle crash,V1: Turning left,V1: N,Wet,Dark - lighted roadway,Cloudy,0,0,33,27,TRUE,41.89838674,-71.36925442
4783,1/5/2006,January,Thursday,7:07,1,2,0,0,Rear-end,V1: Travelling straight ahead / V2: Slowing or stopped in traffic,V1: E  / V2: E,Wet,Daylight,Cloudy,0.05,0,39,29,TRUE,41.94217059,-71.28456247
4784,1/5/2006,January,Thursday,11:30,1,1,0,0,Single vehicle crash,V1: Travelling straight ahead,V1: E,Wet,Daylight,Cloudy/Rain,0.05,0,39,29,TRUE,41.94463658,-71.28224353
4785,1/5/2006,January,Thursday,18:09,2,2,1,0,Angle,V1: Entering traffic lane / V2: Travelling straight ahead,V1: N  / V2: E,Wet,Dark - lighted roadway,Cloudy,0.05,0,39,29,TRUE,41.89642653,-71.37125251
4786,1/5/2006,January,Thursday,18:26,1,2,0,0,Rear-end,V1: Slowing or stopped in traffic / V2: Slowing or stopped in traffic,V1: E  / V2: 0,Wet,Dark - lighted roadway,Cloudy/Rain,0.05,0,39,29,TRUE,41.89618753,-71.37039513
4787,1/6/2006,January,Friday,10:37,1,2,0,0,Angle,V1: Turning left / V2: Travelling straight ahead,V1: S  / V2: E,Wet,Daylight,Cloudy,0,0,38,28,TRUE,41.9483337,-71.27794679
4788,1/6/2006,January,Friday,11:00,1,2,0,0,Angle,V1: Backing / V2: Parked,V1: W  / V2: 0,Wet,Daylight,Cloudy,0,0,38,28,TRUE,41.94782768,-71.24739658
4789,1/7/2006,January,Saturday,13:08,2,2,1,0,Angle,V1: Turning left / V2: Travelling straight ahead,V1: 0 / V2: 0,Dry,Daylight,Clear,0,0,34,21,TRUE,41.89618753,-71.37039513
4790,1/7/2006,January,Saturday,17:40,0,1,0,0,0,V1: Travelling straight ahead,V1: S,Dry,Dark - lighted roadway,Clear,0,0,34,21,TRUE,34.24438675,-73.6513909
4791,1/8/2006,January,Sunday,10:13,2,2,1,0,Angle,V1: Entering traffic lane / V2: Travelling straight ahead,V1: W  / V2: N,Wet,Daylight,Snow,0.03,0.2,37,20,TRUE,41.90964751,-71.36351027
4792,1/8/2006,January,Sunday,17:20,2,2,1,0,Rear-end,V1: Travelling straight ahead / V2: Slowing or stopped in traffic,V1: S  / V2: S,Wet,Dark - lighted roadway,Cloudy,0.03,0.2,37,20,TRUE,41.92508738,-71.35628348
4793,1/9/2006,January,Monday,9:15,1,2,0,0,Rear-end,V1: Travelling straight ahead / V2: Backing,V1: S  / V2: S,Dry,Daylight,Cloudy,0,0,55,25,TRUE,41.93409346,-71.29982899
4794,1/9/2006,January,Monday,13:59,1,3,0,0,Angle,V1: Travelling straight ahead / V2: Travelling straight ahead / V3: Slowing or stopped in traffic,V1: S  / V2: E  / V3: W,Dry,Daylight,Clear,0,0,55,25,TRUE,41.94121777,-71.2768631
4795,1/9/2006,January,Monday,18:34,2,2,1,0,Angle,V1: Turning left / V2: Travelling straight ahead,V1: S  / V2: 0,Dry,Dark - roadway not lighted,Clear,0,0,55,25,TRUE,34.24438675,-73.6513909
4796,1/10/2006,January,Tuesday,11:40,1,2,0,0,Head-on,V1: Turning left / V2: Travelling straight ahead,V1: N  / V2: E,Dry,Daylight,Clear,0,0,48,28,TRUE,41.91014923,-71.35510903
4797,1/11/2006,January,Wednesday,8:04,2,3,1,0,Rear-end,V1: Travelling straight ahead / V2: Travelling straight ahead / V3: Travelling straight ahead,V1: S  / V2: S  / V3: S,Dry,Daylight,Clear,0.01,0,55,29,TRUE,41.95401985,-71.28889809
4798,1/11/2006,January,Wednesday,8:28,1,2,0,0,Angle,V1: Turning left / V2: Slowing or stopped in traffic,V1: E  / V2: W,Dry,Daylight,Cloudy,0.01,0,55,29,TRUE,41.91816133,-71.25763887
4799,1/11/2006,January,Wednesday,14:40,0,2,0,0,Rear-end,V1: Slowing or stopped in traffic / V2: Travelling straight ahead,V1: S  / V2: S,Wet,Daylight,Rain,0.01,0,55,29,TRUE,34.24438675,-73.6513909
4800,1/11/2006,January,Wednesday,15:26,1,3,0,0,Angle,V1: Slowing or stopped in traffic / V2: Turning right / V3: Slowing or stopped in traffic,V1: W  / V2: N  / V3: W,Dry,Daylight,Clear,0.01,0,55,29,TRUE,41.9483337,-71.27794679
4801,1/11/2006,January,Wednesday,15:43,1,2,0,0,Angle,V1: Travelling straight ahead / V2: Travelling straight ahead,V1: E  / V2: S,Dry,Daylight,Clear,0.01,0,55,29,TRUE,41.93584988,-71.28143838
4802,1/11/2006,January,Wednesday,18:50,1,2,0,0,Rear-end,V1: Turning right / V2: Slowing or stopped in traffic,V1: S  / V2: E,Wet,Dark - lighted roadway,Fog,0.01,0,55,29,TRUE,41.94591875,-71.28363134
4803,1/12/2006,January,Thursday,8:38,1,1,0,0,Single vehicle crash,V1: Travelling straight ahead,V1: N,Dry,Daylight,Clear,0.18,0,56,33,FALSE,34.24438675,-73.6513909
4804,1/12/2006,January,Thursday,15:00,1,2,0,0,Rear-end,V1: Slowing or stopped in traffic / V2: Slowing or stopped in traffic,V1: E  / V2: E,"Sand, mud, dirt, oil, gravel",Daylight,Clear,0.18,0,56,33,FALSE,41.93601097,-71.28269451
4805,1/13/2006,January,Friday,6:00,1,2,0,0,Rear-end,V1: Slowing or stopped in traffic / V2: Travelling straight ahead,V1: S  / V2: S,Dry,Dark - lighted roadway,Clear,0.04,0,52,29,TRUE,41.9589661,-71.30200935
4806,1/13/2006,January,Friday,6:08,1,2,0,0,Rear-to-rear,V1: Backing / V2: Slowing or stopped in traffic,V1: N  / V2: W,Dry,Daylight,Clear,0.04,0,52,29,TRUE,41.91202336,-71.31389691
4807,1/13/2006,January,Friday,9:11,1,2,0,0,Angle,V1: Travelling straight ahead / V2: Travelling straight ahead,V1: N  / V2: W,Dry,Daylight,Clear,0.04,0,52,29,TRUE,41.94090246,-71.27361975
4808,1/13/2006,January,Friday,11:15,0,2,0,0,Rear-end,V1: Turning right / V2: 0,V1: 0 / V2: 0,Dry,Daylight,Clear,0.04,0,52,29,TRUE,41.91723587,-71.37241026
4809,1/14/2006,January,Saturday,12:20,1,2,0,0,0,V1: Slowing or stopped in traffic / V2: Slowing or stopped in traffic,V1: E  / V2: E,Wet,Daylight,Rain,1.36,0,60,51,FALSE,41.91982212,-71.35857678
4810,1/14/2006,January,Saturday,12:45,1,2,0,0,Rear-end,V1: Slowing or stopped in traffic / V2: Travelling straight ahead,V1: S  / V2: S,Dry,Daylight,Clear,1.36,0,60,51,FALSE,41.90257689,-71.3560405
4811,1/14/2006,January,Saturday,14:00,1,2,0,0,Rear-end,V1: Travelling straight ahead / V2: Slowing or stopped in traffic,V1: S  / V2: S,Wet,Dusk,Cloudy,1.36,0,60,51,FALSE,34.24438675,-73.6513909
4812,1/14/2006,January,Saturday,14:11,2,3,1,0,Angle,V1: Turning left / V3: Travelling straight ahead,V1: E  / V3: W,Wet,Daylight,Cloudy/Rain,1.36,0,60,51,FALSE,41.94576033,-71.28078503
4813,1/14/2006,January,Saturday,14:38,2,2,5,0,Head-on,V1: Turning left / V2: Travelling straight ahead,V1: S  / V2: N,Wet,Daylight,Cloudy/Rain,1.36,0,60,51,FALSE,41.94758208,-71.27687472
4814,1/14/2006,January,Saturday,16:32,1,2,0,0,Angle,V1: Turning left / V2: Travelling straight ahead,V1: W  / V2: N,Wet,Dusk,Cloudy,1.36,0,60,51,FALSE,41.89733197,-71.36979234
4815,1/14/2006,January,Saturday,19:00,1,1,0,0,Single vehicle crash,V1: Travelling straight ahead,V1: 0,Wet,Dark - lighted roadway,Cloudy,1.36,0,60,51,FALSE,41.91572382,-71.28289156
4816,1/15/2006,January,Sunday,2:30,1,2,0,0,Rear-end,V1: Slowing or stopped in traffic / V2: Slowing or stopped in traffic,V1: E  / V2: E,Dry,Daylight,Clear,0.45,0.7,51,10,TRUE,41.96712418,-71.29097941
4817,1/15/2006,January,Sunday,18:45,2,5,3,0,Angle,V1: Travelling straight ahead / V2: Entering traffic lane / V3: Travelling straight ahead / V4: Travelling straight ahead / V5: Travelling straight ahead,V1: S  / V2: S  / V3: S  / V4: S  / V5: S,Dry,Dark - lighted roadway,Rain,0.45,0.7,51,10,TRUE,34.24438675,-73.6513909
4818,1/15/2006,January,Sunday,18:57,1,1,0,0,Single vehicle crash,V1: Travelling straight ahead,V1: S,Ice,Dark - lighted roadway,Clear,0.45,0.7,51,10,TRUE,41.94931074,-71.27047261
4819,1/16/2006,January,Monday,10:24,1,2,0,0,"Sideswipe, same direction",V1: Travelling straight ahead / V2: Parked,V1: N  / V2: 0,Dry,Daylight,Clear,0,0,29,9,TRUE,41.92000932,-71.31767288
4820,1/16/2006,January,Monday,17:46,2,1,1,0,0,V1: Travelling straight ahead,V1: E,Ice,Dark - roadway not lighted,Clear,0,0,29,9,TRUE,41.94020927,-71.30122312
4821,1/17/2006,January,Tuesday,6:50,1,2,0,0,Rear-end,V1: 0 / V2: Slowing or stopped in traffic,V1: 0 / V2: E,Dry,Daylight,Clear,0.01,0,42,20,TRUE,41.93397764,-71.31903245
4822,1/17/2006,January,Tuesday,11:48,1,2,0,0,"Sideswipe, same direction",V1: Travelling straight ahead / V2: Travelling straight ahead,V1: N  / V2: N,Dry,Daylight,Clear,0.01,0,42,20,TRUE,41.93294317,-71.30065777
4823,1/17/2006,January,Tuesday,14:20,1,2,0,0,0,V1: Turning left / V2: Travelling straight ahead,V1: N  / V2: E,Dry,Daylight,Clear,0.01,0,42,20,TRUE,41.94066438,-71.28948653
4824,1/17/2006,January,Tuesday,21:37,1,2,0,0,Angle,V1: Turning left / V2: Travelling straight ahead,V1: S  / V2: N,Wet,Dark - lighted roadway,Rain,0.01,0,42,20,TRUE,41.92508738,-71.35628348
4825,1/18/2006,January,Wednesday,12:22,1,1,0,0,Single vehicle crash,V1: Parked,V1: 0,Wet,Daylight,Clear,0.83,0,62,35,FALSE,41.94379074,-71.29407807
4826,1/18/2006,January,Wednesday,17:14,2,2,1,0,"Sideswipe, opposite direction",V1: Entering traffic lane / V2: Travelling straight ahead,V1: N  / V2: E,Dry,Dark - lighted roadway,Clear,0.83,0,62,35,FALSE,41.93409346,-71.29982899
4827,1/19/2006,January,Thursday,22:51,3,1,0,1,Single vehicle crash,V1: Travelling straight ahead,V1: W,Dry,Dark - lighted roadway,Clear,0,0,44,32,TRUE,41.94017095,-71.30638575
4828,1/20/2006,January,Friday,11:20,1,2,0,0,"Sideswipe, same direction",V1: Parked / V2: Travelling straight ahead,V1: E  / V2: E,Dry,Daylight,Clear,0,0,58,36,FALSE,41.94625923,-71.28694634
4829,1/20/2006,January,Friday,16:59,1,2,0,0,Angle,V1: Entering traffic lane / V2: Travelling straight ahead,V1: W  / V2: N,Dry,Dark - lighted roadway,Clear,0,0,58,36,FALSE,41.91150222,-71.30398721
4830,1/20/2006,January,Friday,23:35,1,1,0,0,Single vehicle crash,V1: Travelling straight ahead,V1: N,Dry,Dark - lighted roadway,Clear,0,0,58,36,FALSE,34.24438675,-73.6513909
4831,1/21/2006,January,Saturday,2:14,1,1,0,0,Single vehicle crash,V1: Travelling straight ahead,V1: 0,Dry,Dark - lighted roadway,Clear,0,0,59,36,FALSE,41.97230075,-71.27488777
4832,1/21/2006,January,Saturday,6:09,1,2,0,0,Angle,V1: Travelling straight ahead / V2: Travelling straight ahead,V1: S  / V2: S,Dry,Dawn,Clear,0,0,59,36,FALSE,41.90980378,-71.34038079
4833,1/21/2006,January,Saturday,11:45,1,2,0,0,Angle,V1: Travelling straight ahead / V2: Entering traffic lane,V1: 0 / V2: 0,Dry,Daylight,Clear,0,0,59,36,FALSE,41.91315602,-71.25837966
4834,1/21/2006,January,Saturday,12:37,1,2,0,0,Angle,V1: Backing / V2: Travelling straight ahead,V1: N  / V2: E,Dry,Daylight,Cloudy,0,0,59,36,FALSE,41.941557,-71.27887243
4835,1/23/2006,January,Monday,6:15,2,2,1,0,Angle,V1: Travelling straight ahead / V2: Travelling straight ahead,V1: N  / V2: S,Snow,Dark - lighted roadway,Snow,0.79,3.6,36,28,TRUE,41.96222198,-71.29862607
4836,1/23/2006,January,Monday,6:20,1,2,0,0,Angle,V1: Travelling straight ahead / V2: Travelling straight ahead,V1: S  / V2: N,Snow,Dark - lighted roadway,Snow,0.79,3.6,36,28,TRUE,41.94413491,-71.27260127
4837,1/23/2006,January,Monday,6:30,1,2,0,0,Angle,V1: Turning right / V2: Travelling straight ahead,V1: N  / V2: N,Snow,Daylight,Snow,0.79,3.6,36,28,TRUE,41.89951037,-71.35762293
4838,1/23/2006,January,Monday,7:14,1,1,0,0,Rear-end,V1: Travelling straight ahead,V1: S,Snow,Daylight,Snow,0.79,3.6,36,28,TRUE,41.96799034,-71.27366201
4839,1/23/2006,January,Monday,7:32,1,2,0,0,"Sideswipe, opposite direction",V1: Travelling straight ahead / V2: Parked,V1: E  / V2: W,Snow,Daylight,Snow,0.79,3.6,36,28,TRUE,41.90688136,-71.37189579
4840,1/23/2006,January,Monday,7:45,1,1,0,0,Single vehicle crash,V1: Travelling straight ahead,V1: S,Snow,Daylight,Snow,0.79,3.6,36,28,TRUE,41.8948698,-71.37569854
4841,1/23/2006,January,Monday,8:20,1,2,0,0,Angle,V1: Turning right / V2: Slowing or stopped in traffic,V1: E  / V2: W,Snow,Daylight,Snow,0.79,3.6,36,28,TRUE,41.90682772,-71.35704387
4842,1/23/2006,January,Monday,8:50,1,2,0,0,Angle,V1: Travelling straight ahead / V2: Turning left,V1: N  / V2: E,Snow,Daylight,Snow,0.79,3.6,36,28,TRUE,41.91758766,-71.35954517
4843,1/23/2006,January,Monday,10:01,1,1,0,0,Single vehicle crash,V1: Turning right,V1: S,Snow,Daylight,Snow,0.79,3.6,36,28,TRUE,41.94719324,-71.28381798
4844,1/23/2006,January,Monday,10:28,1,2,0,0,Angle,V1: Travelling straight ahead / V2: Making U-turn,V1: N  / V2: N,Snow,Daylight,Snow,0.79,3.6,36,28,TRUE,41.94572903,-71.28913496
4845,1/23/2006,January,Monday,13:54,1,2,0,0,Rear-end,V1: Slowing or stopped in traffic / V2: Travelling straight ahead,V1: W  / V2: W,Dry,Daylight,Clear,0.79,3.6,36,28,TRUE,41.93363156,-71.30076394
4846,1/24/2006,January,Tuesday,12:56,1,2,0,0,Rear-end,V1: Travelling straight ahead / V2: Travelling straight ahead,V1: E  / V2: E,Dry,Daylight,Clear,0,0,43,27,TRUE,41.94450501,-71.28411703
4847,1/24/2006,January,Tuesday,21:20,2,1,1,0,Single vehicle crash,V1: Travelling straight ahead,V1: S,Dry,Dark - roadway not lighted,Clear,0,0,43,27,TRUE,41.93750876,-71.31688223
4848,1/25/2006,January,Wednesday,6:45,0,2,0,0,Angle,V1: Slowing or stopped in traffic / V2: 0,V1: N  / V2: 0,Dry,Dark - lighted roadway,Clear,0.23,0.7,44,31,TRUE,34.24438675,-73.6513909
4849,1/25/2006,January,Wednesday,6:59,2,2,2,0,Angle,V1: Turning left / V2: Travelling straight ahead,V1: E  / V2: W,Wet,Daylight,Snow,0.23,0.7,44,31,TRUE,41.93357119,-71.30035285
4850,1/25/2006,January,Wednesday,7:28,2,2,1,0,Rear-end,V1: Travelling straight ahead / V2: Turning left,V1: N  / V2: N,Wet,Daylight,Snow,0.23,0.7,44,31,TRUE,41.90930355,-71.35781776
4851,1/25/2006,January,Wednesday,9:14,2,2,1,0,Rear-end,V1: Travelling straight ahead / V2: Travelling straight ahead,V1: N  / V2: N,Wet,Daylight,Cloudy/Rain,0.23,0.7,44,31,TRUE,41.95568257,-71.28823954
4852,1/25/2006,January,Wednesday,11:06,1,2,0,0,Angle,V1: Turning right / V2: Slowing or stopped in traffic,V1: N  / V2: W,Wet,Daylight,Clear,0.23,0.7,44,31,TRUE,41.94245198,-71.28698244
4853,1/25/2006,January,Wednesday,12:47,1,1,0,0,Single vehicle crash,V1: Travelling straight ahead,V1: E,Dry,Daylight,Clear,0.23,0.7,44,31,TRUE,41.94430004,-71.28137659
4854,1/27/2006,January,Friday,10:32,1,2,0,0,Angle,V1: Turning left / V2: Turning left,V1: S  / V2: S,Dry,Daylight,Clear,0,0,41,19,TRUE,41.94845803,-71.30212015
4855,1/27/2006,January,Friday,10:53,1,2,0,0,Angle,V1: Travelling straight ahead / V2: Travelling straight ahead,V1: S  / V2: W,Dry,Daylight,Clear,0,0,41,19,TRUE,41.95428602,-71.28497548
4856,1/27/2006,January,Friday,12:49,2,2,2,0,Angle,V1: Entering traffic lane / V2: Travelling straight ahead,V1: S  / V2: W,Dry,Daylight,Clear,0,0,41,19,TRUE,41.94764911,-71.28513
4857,1/29/2006,January,Sunday,9:30,0,2,0,0,Head-on,V1: Travelling straight ahead / V2: Travelling straight ahead,V1: W  / V2: W,Dry,Daylight,Clear,0.35,0,50,27,TRUE,34.24438675,-73.6513909
4858,1/30/2006,January,Monday,8:29,2,1,1,0,Single vehicle crash,V1: Travelling straight ahead,V1: N,Wet,Daylight,Cloudy/Rain,0.01,0,50,35,FALSE,41.92057074,-71.30947025
4859,2/1/2006,February,Wednesday,7:28,2,2,1,0,"Sideswipe, same direction",V1: Travelling straight ahead / V2: Travelling straight ahead,V1: S  / V2: S,Wet,Dawn,Rain,0,0,40,28,TRUE,41.96923741,-71.29606167
4860,2/1/2006,February,Wednesday,10:00,1,3,0,0,Rear-end,V1: Travelling straight ahead / V2: Travelling straight ahead / V3: Travelling straight ahead,V1: E  / V2: E  / V3: E,Dry,Daylight,Clear,0,0,40,28,TRUE,41.94430004,-71.28137659
4861,2/1/2006,February,Wednesday,14:40,1,2,0,0,Rear-end,V1: Slowing or stopped in traffic / V2: Slowing or stopped in traffic,V1: E  / V2: E,Dry,Daylight,Cloudy,0,0,40,28,TRUE,41.89880429,-71.37713636
4862,2/1/2006,February,Wednesday,15:31,2,2,1,0,Rear-end,V1: Travelling straight ahead / V2: Travelling straight ahead,V1: W  / V2: S,Dry,Daylight,Clear,0,0,40,28,TRUE,41.93357119,-71.30035285
4863,2/1/2006,February,Wednesday,18:25,2,2,1,0,Angle,V1: Travelling straight ahead / V2: Turning left,V1: S  / V2: W,Dry,Dark - lighted roadway,Cloudy,0,0,40,28,TRUE,41.90998013,-71.35802082
4864,2/2/2006,February,Thursday,4:14,1,4,0,0,Rear-end,V1: Travelling straight ahead / V2: Travelling straight ahead / V3: Travelling straight ahead / V4: Travelling straight ahead,V1: S  / V2: S  / V3: S  / V4: S,Dry,Daylight,Clear,0,0,46,27,TRUE,41.95130281,-71.27263126
4865,2/2/2006,February,Thursday,7:18,2,2,1,0,Rear-end,V1: Backing / V2: Travelling straight ahead,V1: W  / V2: E,Dry,Daylight,Cloudy,0,0,46,27,TRUE,41.90080115,-71.34396753
4866,2/2/2006,February,Thursday,8:12,1,2,0,0,Angle,V1: Slowing or stopped in traffic / V2: Backing,V1: S  / V2: W,Dry,Daylight,Cloudy,0,0,46,27,TRUE,41.94379074,-71.29407807
4867,2/2/2006,February,Thursday,13:15,1,2,0,0,Angle,V1: Travelling straight ahead / V2: Travelling straight ahead,V1: S  / V2: W,Dry,Daylight,Clear,0,0,46,27,TRUE,41.94774809,-71.28390704
4868,2/2/2006,February,Thursday,14:47,1,2,0,0,Rear-end,V1: Travelling straight ahead / V2: Travelling straight ahead,V1: W  / V2: W,Dry,Daylight,Clear,0,0,46,27,TRUE,41.92614915,-71.34628794
4869,2/2/2006,February,Thursday,19:19,1,2,0,0,Angle,V1: Entering traffic lane / V2: Travelling straight ahead,V1: S  / V2: W,Dry,Dark - lighted roadway,Clear,0,0,46,27,TRUE,41.95089424,-71.27364778
4870,2/3/2006,February,Friday,0:01,2,1,1,0,Single vehicle crash,V1: Travelling straight ahead,V1: W,Dry,Dark - lighted roadway,Clear,1.09,0,56,37,FALSE,41.93708146,-71.25539175
4871,2/3/2006,February,Friday,15:00,1,2,0,0,Angle,V1: Turning left / V2: Travelling straight ahead,V1: S  / V2: W,Wet,Daylight,Cloudy/Rain,1.09,0,56,37,FALSE,41.92387717,-71.35158914
4872,2/3/2006,February,Friday,18:10,2,3,1,0,Rear-end,V1: Slowing or stopped in traffic / V2: Travelling straight ahead / V3: Travelling straight ahead,V1: S  / V2: S  / V3: S,Wet,Dark - roadway not lighted,Cloudy/Rain,1.09,0,56,37,FALSE,41.93314692,-71.32053708
4873,2/4/2006,February,Saturday,16:52,1,3,0,0,Rear-end,V1: Travelling straight ahead / V2: Slowing or stopped in traffic / V3: Slowing or stopped in traffic,V1: W  / V2: W  / V3: W,Wet,Dusk,Rain,0.47,0,53,33,FALSE,41.95076301,-71.27397064
4874,2/4/2006,February,Saturday,19:12,1,2,0,0,Angle,V1: Turning left / V2: Travelling straight ahead,V1: N  / V2: S,Wet,Dark - lighted roadway,Rain,0.47,0,53,33,FALSE,41.94872235,-71.28913727
4875,2/5/2006,February,Sunday,3:07,2,1,1,0,Single vehicle crash,V1: Travelling straight ahead,V1: S,Wet,Dark - lighted roadway,Rain,0.47,0,59,39,FALSE,41.9113616,-71.28038299
4876,2/5/2006,February,Sunday,12:00,2,2,1,0,Head-on,V1: Turning left / V2: Travelling straight ahead,V1: S  / V2: N,Dry,Daylight,Clear,0.47,0,59,39,FALSE,41.91337209,-71.36161888
4877,2/5/2006,February,Sunday,13:08,1,2,0,0,Rear-end,V1: Travelling straight ahead / V2: Slowing or stopped in traffic,V1: S  / V2: S,Dry,Daylight,Clear,0.47,0,59,39,FALSE,41.90261606,-71.35590689
4878,2/5/2006,February,Sunday,14:52,1,2,0,0,Angle,V1: Entering traffic lane / V2: Travelling straight ahead,V1: N  / V2: N,Dry,Daylight,Clear,0.47,0,59,39,FALSE,41.91658316,-71.35875278
4879,2/5/2006,February,Sunday,16:35,2,1,1,0,Single vehicle crash,V1: Travelling straight ahead,V1: W,Dry,Daylight,Cloudy,0.47,0,59,39,FALSE,41.90580219,-71.30001487
4880,2/6/2006,February,Monday,5:34,2,2,2,0,Angle,V1: Entering traffic lane / V2: Travelling straight ahead,V1: S  / V2: W,Dry,Dawn,Clear,0,0,42,33,FALSE,41.93405012,-71.31579284
4881,2/6/2006,February,Monday,10:02,1,2,0,0,Angle,V1: Turning right / V2: Travelling straight ahead,V1: W  / V2: S,Dry,Daylight,Clear,0,0,42,33,FALSE,41.93808003,-71.27597724
4882,2/6/2006,February,Monday,14:52,1,3,0,0,Head-on,V1: Other / V2: Travelling straight ahead / V3: Travelling straight ahead,V1: S  / V2: S  / V3: S,Dry,Daylight,Clear,0,0,42,33,FALSE,41.90238589,-71.35672422
4883,2/7/2006,February,Tuesday,16:33,1,3,0,0,0,V1: Entering traffic lane / V2: Travelling straight ahead / V3: Travelling straight ahead,V1: N  / V2: N  / V3: N,Dry,Daylight,Clear,0,0,39,25,TRUE,41.91035947,-71.36314658
4884,2/8/2006,February,Wednesday,7:29,1,2,0,0,"Sideswipe, same direction",V1: Entering traffic lane / V2: Travelling straight ahead,V1: S  / V2: S,Dry,Daylight,Clear,0,0,38,19,TRUE,41.97001836,-71.2913735
4885,2/9/2006,February,Thursday,5:30,1,2,0,0,Rear-end,V1: Parked / V2: Slowing or stopped in traffic,V1: W  / V2: W,Dry,Daylight,Clear,0,0,36,20,TRUE,41.91982212,-71.35857678
4886,2/9/2006,February,Thursday,9:19,1,2,0,0,Angle,V1: Turning left / V2: Travelling straight ahead,V1: W  / V2: S,Dry,Daylight,Clear,0,0,36,20,TRUE,41.92508738,-71.35628348