ID,DATE,Month,Day of week,Crash Time,Crash Severity,Number of Vehicles,Total Nonfatal Injuries,Total Fatal Injuries,Manner of Collision,Vehicle Action Prior to Crash,Vehicle Travel Directions,Road Surface Condition,Ambient Light,Weather Condition,PRCP,SNOW,TMAX,TMIN,Ice,Longtitute,Latitute
4887,2/9/2006,February,Thursday,16:09,1,2,0,0,"Sideswipe, same direction",V1: Overtaking/passing / V2: Turning left,V1: W  / V2: W,Dry,Daylight,Clear,0,0,36,20,TRUE,41.93499067,-71.28382974
4888,2/10/2006,February,Friday,12:30,1,2,0,0,Angle,V1: Turning right / V2: Travelling straight ahead,V1: 0 / V2: W,Dry,Daylight,Clear,0,0,32,17,TRUE,41.94757814,-71.27890389
4889,2/11/2006,February,Saturday,13:44,2,2,1,0,Rear-end,V1: Slowing or stopped in traffic / V2: Slowing or stopped in traffic,V1: N  / V2: N,Dry,Daylight,Clear,0,0,32,19,TRUE,41.91982212,-71.35857678
4890,2/11/2006,February,Saturday,21:24,2,1,1,0,Angle,V1: Turning left,V1: 0,Dry,Dark - 0 roadway lighting,Cloudy,0,0,32,19,TRUE,41.92446027,-71.28906707
4891,2/12/2006,February,Sunday,8:06,0,1,0,0,Single vehicle crash,V1: Travelling straight ahead,V1: S,Snow,Daylight,Snow,0.81,11.6,26,16,TRUE,41.91619723,-71.35885587
4892,2/12/2006,February,Sunday,10:06,2,2,1,0,Angle,V1: Travelling straight ahead / V2: Travelling straight ahead,V1: S  / V2: S,Snow,Daylight,Snow,0.81,11.6,26,16,TRUE,41.89700615,-71.37328885
4893,2/12/2006,February,Sunday,14:15,1,1,0,0,Angle,V1: Parked,V1: 0,Snow,Daylight,Snow,0.81,11.6,26,16,TRUE,41.94083283,-71.2788652
4894,2/12/2006,February,Sunday,14:52,1,2,0,0,Angle,V1: Slowing or stopped in traffic / V2: Travelling straight ahead,V1: S  / V2: E,Snow,Daylight,Snow,0.81,11.6,26,16,TRUE,41.95234013,-71.29601132
4895,2/13/2006,February,Monday,1:09,1,1,0,0,Single vehicle crash,V1: Turning left,V1: E,Dry,Daylight,Clear,0,0,34,11,TRUE,41.94274018,-71.28432859
4896,2/13/2006,February,Monday,8:00,2,2,2,0,Rear-end,V1: Slowing or stopped in traffic / V2: Travelling straight ahead,V1: E  / V2: E,"Water (standing, moving)",Daylight,Clear,0,0,34,11,TRUE,41.93628409,-71.28608551
4897,2/13/2006,February,Monday,14:03,2,2,4,0,Rear-end,V1: Travelling straight ahead / V2: Slowing or stopped in traffic,V1: N  / V2: N,Wet,Daylight,Clear,0,0,34,11,TRUE,41.90682772,-71.35704387
4898,2/13/2006,February,Monday,14:56,1,1,0,0,Single vehicle crash,V1: Travelling straight ahead,V1: E,Dry,Daylight,Clear,0,0,34,11,TRUE,41.92449492,-71.32136924
4899,2/14/2006,February,Tuesday,17:26,1,2,0,0,Rear-end,V1: Turning left / V2: Travelling straight ahead,V1: W  / V2: W,Dry,Dusk,Clear,0,0,42,24,TRUE,41.91608626,-71.37759037
4900,2/14/2006,February,Tuesday,22:09,1,2,0,0,Angle,V1: Travelling straight ahead / V2: Entering traffic lane,V1: N  / V2: N,Dry,Dark - lighted roadway,Clear,0,0,42,24,TRUE,41.92014284,-71.35719783
4901,2/15/2006,February,Wednesday,3:17,1,1,0,0,Single vehicle crash,V1: Travelling straight ahead,V1: S,Dry,Dark - lighted roadway,Clear,0,0,55,28,TRUE,41.90238589,-71.35672422
4902,2/15/2006,February,Wednesday,12:30,1,2,0,0,Rear-end,V1: Travelling straight ahead / V2: Slowing or stopped in traffic,V1: N  / V2: N,Snow,Daylight,Cloudy,0,0,55,28,TRUE,34.24438675,-73.6513909
4903,2/15/2006,February,Wednesday,16:13,1,2,0,0,Angle,V1: Entering traffic lane / V2: Overtaking/passing,V1: E  / V2: E,Dry,Daylight,Clear,0,0,55,28,TRUE,41.89618753,-71.37039513
4904,2/16/2006,February,Thursday,8:30,1,2,0,0,Angle,V1: Travelling straight ahead / V2: 0,V1: W  / V2: 0,"Sand, mud, dirt, oil, gravel",Dark - lighted roadway,Clear,0,0,61,28,TRUE,41.94121777,-71.2768631
4905,2/16/2006,February,Thursday,17:42,1,1,0,0,Single vehicle crash,V1: Travelling straight ahead,V1: S,Snow,Daylight,Snow,0,0,61,28,TRUE,41.9685196,-71.27391662
4906,2/17/2006,February,Friday,9:39,1,1,0,0,Single vehicle crash,V1: Turning left,V1: 0,Dry,Daylight,Cloudy,0.01,0,55,27,TRUE,41.91819589,-71.30019516
4907,2/17/2006,February,Friday,10:19,2,1,1,0,Single vehicle crash,V1: Travelling straight ahead,V1: N,Dry,Daylight,Cloudy,0.01,0,55,27,TRUE,41.90647647,-71.31818383
4908,2/18/2006,February,Saturday,0:45,0,1,0,0,Single vehicle crash,V1: Travelling straight ahead,V1: N,Dry,Dark - roadway not lighted,Clear,0,0,35,11,TRUE,41.956426,-71.30313034
4909,2/18/2006,February,Saturday,13:21,1,1,0,0,Single vehicle crash,V1: Travelling straight ahead,V1: N,Dry,Daylight,Clear,0,0,35,11,TRUE,41.92969804,-71.32243362
4910,2/19/2006,February,Sunday,14:00,2,2,1,0,Rear-end,V1: Travelling straight ahead / V2: Slowing or stopped in traffic,V1: S  / V2: S,Dry,Daylight,Clear,0,0,29,7,TRUE,41.92644259,-71.35554103
4911,2/20/2006,February,Monday,4:45,1,2,0,0,Angle,V1: Travelling straight ahead / V2: Turning left,V1: E  / V2: N,Dry,Daylight,Clear,0,0,34,12,TRUE,41.95130281,-71.27263126
4912,2/20/2006,February,Monday,10:49,2,2,1,0,Angle,V1: Turning left / V2: Travelling straight ahead,V1: E  / V2: S,Dry,Daylight,Clear,0,0,34,12,TRUE,41.94757814,-71.27890389
4913,2/20/2006,February,Monday,12:33,2,2,2,0,Rear-end,V1: Slowing or stopped in traffic / V2: Slowing or stopped in traffic,V1: N  / V2: N,Dry,Daylight,Clear,0,0,34,12,TRUE,41.93096417,-71.35302241
4914,2/20/2006,February,Monday,15:00,0,2,0,0,Rear-end,V1: Slowing or stopped in traffic / V2: Travelling straight ahead,V1: N  / V2: N,Dry,Daylight,Clear,0,0,34,12,TRUE,41.92901492,-71.35386461
4915,2/20/2006,February,Monday,18:16,1,2,0,0,"Sideswipe, same direction",V1: Travelling straight ahead / V2: Travelling straight ahead,V1: 0 / V2: 0,Dry,Daylight,Clear,0,0,34,12,TRUE,41.92033836,-71.2581143
4916,2/21/2006,February,Tuesday,17:03,1,2,0,0,Rear-end,V1: Travelling straight ahead / V2: Slowing or stopped in traffic,V1: W  / V2: W,Dry,Daylight,Clear,0,0,43,15,TRUE,41.95261187,-71.26977997
4917,2/21/2006,February,Tuesday,19:00,1,1,0,0,"Sideswipe, same direction",V1: Travelling straight ahead,V1: N,Dry,Dark - roadway not lighted,Clear,0,0,43,15,TRUE,34.24438675,-73.6513909
4918,2/21/2006,February,Tuesday,23:19,1,1,0,0,Single vehicle crash,V1: Travelling straight ahead,V1: S,Dry,Dark - lighted roadway,Clear,0,0,43,15,TRUE,41.90508131,-71.30102231
4919,2/23/2006,February,Thursday,5:00,1,2,0,0,Angle,V1: Travelling straight ahead / V2: Travelling straight ahead,V1: N  / V2: N,Dry,Daylight,Clear,0.01,0,44,25,TRUE,41.90231125,-71.35597671
4920,2/23/2006,February,Thursday,13:32,2,2,1,0,0,V1: Entering traffic lane / V2: Travelling straight ahead,V1: W  / V2: S,Dry,Daylight,Cloudy,0.01,0,44,25,TRUE,41.94757814,-71.27890389
4921,2/23/2006,February,Thursday,15:04,2,1,1,0,Single vehicle crash,V1: Turning left,V1: S,Wet,Daylight,Rain,0.01,0,44,25,TRUE,41.94817087,-71.29096211
4922,2/23/2006,February,Thursday,18:12,1,2,0,0,"Sideswipe, same direction",V1: Travelling straight ahead / V2: Turning left,V1: W  / V2: W,Wet,Dark - lighted roadway,Cloudy/Rain,0.01,0,44,25,TRUE,41.92111111,-71.35572736
4923,2/24/2006,February,Friday,5:53,1,2,0,0,Rear-end,V1: Slowing or stopped in traffic / V2: Slowing or stopped in traffic,V1: 0 / V2: 0,Dry,Dark - lighted roadway,Clear,0,0,38,24,TRUE,41.9231384,-71.22902805
4924,2/24/2006,February,Friday,14:30,1,2,0,0,"Sideswipe, same direction",V1: Travelling straight ahead / V2: Slowing or stopped in traffic,V1: E  / V2: E,Dry,Daylight,Clear,0,0,38,24,TRUE,41.94466875,-71.28335786
4925,2/24/2006,February,Friday,15:11,2,2,1,0,Angle,V1: Turning left / V2: Travelling straight ahead,V1: S  / V2: W,Dry,Daylight,Clear,0,0,38,24,TRUE,41.9483337,-71.27794679
4926,2/24/2006,February,Friday,17:13,1,2,0,0,Angle,V1: Turning left / V2: Travelling straight ahead,V1: S  / V2: W,Dry,Dusk,Clear,0,0,38,24,TRUE,41.96939377,-71.29355357
4927,2/24/2006,February,Friday,18:45,2,2,2,0,Angle,V1: Turning left / V2: Travelling straight ahead,V1: N  / V2: S,Dry,Dark - lighted roadway,Clear,0,0,38,24,TRUE,41.95180679,-71.2898592
4928,2/24/2006,February,Friday,19:20,1,3,0,0,Rear-end,V1: Slowing or stopped in traffic / V2: Travelling straight ahead / V3: Travelling straight ahead,V1: N  / V2: N  / V3: N,Dry,Dark - lighted roadway,Clear,0,0,38,24,TRUE,41.92456592,-71.35651274
4929,2/24/2006,February,Friday,19:20,0,3,0,0,Rear-to-rear,V1: Travelling straight ahead / V2: Travelling straight ahead / V3: Travelling straight ahead,V1: N  / V2: N  / V3: N,Dry,Dark - lighted roadway,Clear,0,0,38,24,TRUE,41.92508738,-71.35628348
4930,2/24/2006,February,Friday,19:24,1,2,0,0,0,V1: Travelling straight ahead / V2: Travelling straight ahead,V1: N  / V2: N,Dry,Dark - lighted roadway,Cloudy,0,0,38,24,TRUE,34.24438675,-73.6513909
4931,2/25/2006,February,Saturday,3:45,1,1,0,0,Single vehicle crash,V1: Travelling straight ahead,V1: S,Ice,Daylight,Snow,0.02,0.6,28,15,TRUE,41.92449492,-71.32136924
4932,2/25/2006,February,Saturday,15:00,1,1,0,0,Single vehicle crash,V1: Travelling straight ahead,V1: E,Snow,Daylight,Snow,0.02,0.6,28,15,TRUE,41.90332367,-71.33203008
4933,2/25/2006,February,Saturday,16:19,1,2,0,0,Angle,V1: Turning right / V2: Turning left,V1: W  / V2: E,Snow,Daylight,Snow,0.02,0.6,28,15,TRUE,41.90554729,-71.35663775
4934,2/25/2006,February,Saturday,16:26,1,1,0,0,Single vehicle crash,V1: Travelling straight ahead,V1: S,Snow,Daylight,Snow,0.02,0.6,28,15,TRUE,34.24438675,-73.6513909
4935,2/25/2006,February,Saturday,17:00,1,2,0,0,Rear-end,V1: Travelling straight ahead / V2: Travelling straight ahead,V1: 0 / V2: 0,Snow,Daylight,Snow,0.02,0.6,28,15,TRUE,41.94808966,-71.28065954
4936,2/26/2006,February,Sunday,11:40,1,2,0,0,Angle,V1: Overtaking/passing / V2: Turning left,V1: N  / V2: N,Dry,Daylight,Clear,0,0,26,12,TRUE,41.90331408,-71.33105041
4937,2/27/2006,February,Monday,15:30,1,2,0,0,Angle,V1: Turning left / V2: Travelling straight ahead,V1: E  / V2: N,Dry,Daylight,Clear,0,0,24,8,TRUE,41.90857957,-71.36406078
4938,2/28/2006,February,Tuesday,5:50,2,2,1,0,Rear-end,V1: Slowing or stopped in traffic / V2: 0,V1: S  / V2: S,Dry,Daylight,Clear,0,0,31,8,TRUE,41.92014285,-71.35719783
4939,2/28/2006,February,Tuesday,9:25,1,2,0,0,Single vehicle crash,V1: Travelling straight ahead / V2: Overtaking/passing,V1: S  / V2: S,Dry,Daylight,Clear,0,0,31,8,TRUE,41.9589661,-71.30200935
4940,2/28/2006,February,Tuesday,13:01,1,2,0,0,"Sideswipe, same direction",V1: Overtaking/passing / V2: 0,V1: S  / V2: S,Dry,Daylight,Clear,0,0,31,8,TRUE,41.90689811,-71.31690891
4941,2/28/2006,February,Tuesday,18:07,1,2,0,0,Angle,V1: Travelling straight ahead / V2: Turning right,V1: E  / V2: E,Dry,Dark - lighted roadway,Clear,0,0,31,8,TRUE,41.95284506,-71.26910017
4942,3/1/2006,March,Wednesday,8:30,1,1,0,0,Single vehicle crash,V1: Travelling straight ahead,V1: S,Dry,Daylight,Cloudy,0,0,36,16,TRUE,41.94816326,-71.27971397
4943,3/1/2006,March,Wednesday,13:24,2,2,1,0,Single vehicle crash,V1: Travelling straight ahead / V2: Travelling straight ahead,V1: 0 / V2: 0,Slush,Daylight,Clear,0,0,36,16,TRUE,41.94396167,-71.27662963
4944,3/1/2006,March,Wednesday,14:45,1,2,0,0,"Sideswipe, same direction",V1: Travelling straight ahead / V2: Entering traffic lane,V1: N  / V2: N,Dry,Daylight,Clear,0,0,36,16,TRUE,41.92446027,-71.28906707
4945,3/1/2006,March,Wednesday,17:44,1,2,0,0,Angle,V1: Travelling straight ahead / V2: Travelling straight ahead,V1: S  / V2: E,Dry,Daylight,Clear,0,0,36,16,TRUE,41.94458656,-71.27648461
4946,3/1/2006,March,Wednesday,19:14,1,3,0,0,Angle,V1: Overtaking/passing / V2: Turning left / V3: Slowing or stopped in traffic,V1: E  / V2: S  / V3: W,Dry,Dark - lighted roadway,Clear,0,0,36,16,TRUE,41.92241545,-71.31336866
4947,3/2/2006,March,Thursday,13:08,2,2,1,0,Angle,V1: Slowing or stopped in traffic / V2: Slowing or stopped in traffic,V1: N  / V2: E,Snow,Daylight,Snow,0.23,4,33,19,TRUE,41.90331408,-71.33105041
4948,3/2/2006,March,Thursday,13:50,1,1,0,0,Single vehicle crash,V1: Changing lanes,V1: N,Wet,Daylight,Snow,0.23,4,33,19,TRUE,34.24438675,-73.6513909
4949,3/2/2006,March,Thursday,14:34,1,2,0,0,"Sideswipe, opposite direction",V1: Travelling straight ahead / V2: Travelling straight ahead,V1: E  / V2: W,Snow,Daylight,Snow,0.23,4,33,19,TRUE,41.89687583,-71.37788537
4950,3/2/2006,March,Thursday,15:01,1,2,0,0,Rear-end,V1: Travelling straight ahead / V2: 0,V1: W  / V2: W,Snow,Daylight,Snow,0.23,4,33,19,TRUE,41.94548184,-71.28559201
4951,3/2/2006,March,Thursday,15:04,1,2,0,0,Rear-end,V1: Travelling straight ahead / V2: Parked,V1: E  / V2: E,Snow,Daylight,Snow,0.23,4,33,19,TRUE,41.89687583,-71.37788537
4952,3/2/2006,March,Thursday,17:53,1,2,0,0,0,V1: Travelling straight ahead / V2: Travelling straight ahead,V1: E  / V2: E,Snow,Dark - lighted roadway,Snow,0.23,4,33,19,TRUE,41.90942867,-71.28567899
4953,3/2/2006,March,Thursday,18:04,1,2,0,0,"Sideswipe, same direction",V1: Slowing or stopped in traffic / V2: Overtaking/passing,V1: S  / V2: S,Snow,Dark - lighted roadway,Snow,0.23,4,33,19,TRUE,41.91775013,-71.25761358
4954,3/2/2006,March,Thursday,21:25,2,3,2,0,Angle,V1: Turning left / V2: Travelling straight ahead / V3: Travelling straight ahead,V1: N  / V2: E  / V3: 0,Ice,Dark - lighted roadway,Snow,0.23,4,33,19,TRUE,41.93396377,-71.31987069
4955,3/3/2006,March,Friday,10:38,2,1,1,0,Single vehicle crash,V1: Turning left,V1: N,Dry,Daylight,Clear,0,0,30,17,TRUE,41.95517972,-71.30390129
4956,3/3/2006,March,Friday,14:08,1,2,0,0,Rear-end,V1: Travelling straight ahead / V2: Turning left,V1: W  / V2: W,Dry,Daylight,Cloudy,0,0,30,17,TRUE,41.93269195,-71.32821357
4957,3/3/2006,March,Friday,14:10,1,2,0,0,Angle,V1: Travelling straight ahead / V2: Travelling straight ahead,V1: 0 / V2: 0,Dry,Daylight,Clear,0,0,30,17,TRUE,41.94292045,-71.27681606
4958,3/3/2006,March,Friday,14:24,1,2,0,0,"Sideswipe, same direction",V1: Changing lanes / V2: Travelling straight ahead,V1: N  / V2: N,Dry,Daylight,Clear,0,0,30,17,TRUE,41.90376957,-71.36650837
4959,3/3/2006,March,Friday,14:33,1,2,0,0,Rear-end,V1: Travelling straight ahead / V2: Slowing or stopped in traffic,V1: S  / V2: S,Dry,Daylight,Clear,0,0,30,17,TRUE,41.92508738,-71.35628348
4960,3/3/2006,March,Friday,16:13,1,2,0,0,Angle,V1: Slowing or stopped in traffic / V2: Making U-turn,V1: N  / V2: 0,Dry,Daylight,Clear,0,0,30,17,TRUE,34.24438675,-73.6513909
4961,3/4/2006,March,Saturday,20:49,2,3,2,0,Rear-end,V1: Slowing or stopped in traffic / V2: Slowing or stopped in traffic / V3: Travelling straight ahead,V1: W  / V2: W  / V3: W,Dry,Dark - lighted roadway,Clear,0,0,40,16,TRUE,41.91608626,-71.37759037
4962,3/5/2006,March,Sunday,16:15,1,2,0,0,Angle,V1: Travelling straight ahead / V2: Entering traffic lane,V1: N  / V2: S,Dry,Daylight,Clear,0,0,47,24,TRUE,41.91392214,-71.36134146
4963,3/5/2006,March,Sunday,16:35,1,2,0,0,Angle,V1: Travelling straight ahead / V2: Travelling straight ahead,V1: W  / V2: N,Dry,Daylight,Clear,0,0,47,24,TRUE,41.93711096,-71.29262459
4964,3/6/2006,March,Monday,11:57,2,1,1,0,Single vehicle crash,V1: Travelling straight ahead,V1: N,Dry,Daylight,Clear,0,0,42,21,TRUE,41.956426,-71.30313034
4965,3/6/2006,March,Monday,12:33,0,2,0,0,Rear-end,V1: Parked / V2: 0,V1: 0 / V2: 0,Dry,Daylight,Clear,0,0,42,21,TRUE,41.94935733,-71.27982092
4966,3/6/2006,March,Monday,14:01,1,2,0,0,"Sideswipe, opposite direction",V1: Parked / V2: Travelling straight ahead,V1: 0 / V2: 0,Dry,Daylight,Clear,0,0,42,21,TRUE,41.94021849,-71.30088421
4967,3/6/2006,March,Monday,15:33,1,2,0,0,Rear-end,V1: Travelling straight ahead / V2: Slowing or stopped in traffic,V1: S  / V2: S,Dry,Daylight,Clear,0,0,42,21,TRUE,41.90231125,-71.35597671
4968,3/6/2006,March,Monday,15:54,1,2,0,0,Rear-end,V1: Travelling straight ahead / V2: Travelling straight ahead,V1: W  / V2: W,Dry,Daylight,Clear,0,0,42,21,TRUE,41.93382651,-71.30201771
4969,3/7/2006,March,Tuesday,9:05,2,2,2,0,Angle,V1: Turning left / V2: 0,V1: S  / V2: W,Dry,Daylight,Clear,0,0,44,19,TRUE,41.94861042,-71.27758702
4970,3/7/2006,March,Tuesday,13:06,2,2,2,0,Angle,V1: Travelling straight ahead / V2: Slowing or stopped in traffic,V1: N  / V2: N,Dry,Daylight,Cloudy,0,0,44,19,TRUE,41.91619723,-71.35885587
4971,3/7/2006,March,Tuesday,15:40,1,2,0,0,Rear-end,V1: Slowing or stopped in traffic / V2: Slowing or stopped in traffic,V1: N  / V2: N,Dry,Daylight,Clear,0,0,44,19,TRUE,41.94444966,-71.2795884
4972,3/7/2006,March,Tuesday,18:56,1,2,0,0,Angle,V1: Turning left / V2: Travelling straight ahead,V1: W  / V2: N,Dry,Dark - lighted roadway,Clear,0,0,44,19,TRUE,41.94231024,-71.28253433
4973,3/8/2006,March,Wednesday,2:29,1,1,0,0,Single vehicle crash,V1: 0,V1: N,Dry,Dark - lighted roadway,Clear,0,0,48,20,TRUE,41.96900215,-71.27396777
4974,3/8/2006,March,Wednesday,10:28,1,2,0,0,Rear-end,V1: Backing / V2: Travelling straight ahead,V1: W  / V2: W,Dry,Daylight,Clear,0,0,48,20,TRUE,41.94928318,-71.28964082
4975,3/8/2006,March,Wednesday,15:10,2,3,1,0,Angle,V1: Travelling straight ahead / V2: Travelling straight ahead / V3: Travelling straight ahead,V1: N  / V2: N  / V3: N,Dry,Daylight,Clear,0,0,48,20,TRUE,41.89823888,-71.36975726
4976,3/8/2006,March,Wednesday,18:57,2,2,2,0,Head-on,V1: Overtaking/passing / V2: Travelling straight ahead,V1: W  / V2: E,Dry,Dark - lighted roadway,Clear,0,0,48,20,TRUE,41.94586371,-71.28073807
4977,3/8/2006,March,Wednesday,22:06,2,1,1,0,Single vehicle crash,V1: Turning right,V1: N,Dry,Dark - lighted roadway,Clear,0,0,48,20,TRUE,41.91406937,-71.36126683
4978,3/9/2006,March,Thursday,7:45,2,2,1,0,Angle,V1: Backing / V2: Turning left,V1: 0 / V2: 0,Dry,Daylight,Clear,0.02,0,46,33,FALSE,41.95451461,-71.24992613
4979,3/9/2006,March,Thursday,8:29,1,2,0,0,"Sideswipe, same direction",V1: Turning right / V2: Turning right,V1: S  / V2: S,Dry,Daylight,Cloudy,0.02,0,46,33,FALSE,41.93396377,-71.31987069
4980,3/9/2006,March,Thursday,8:41,1,2,0,0,Rear-end,V1: Entering traffic lane / V2: Travelling straight ahead,V1: E  / V2: E,Dry,Daylight,Clear,0.02,0,46,33,FALSE,41.93409173,-71.31894301
4981,3/9/2006,March,Thursday,12:15,1,2,0,0,Angle,V1: Travelling straight ahead / V2: Turning left,V1: E  / V2: N,Wet,Daylight,Cloudy,0.02,0,46,33,FALSE,41.93403145,-71.31577369
4982,3/9/2006,March,Thursday,15:45,2,2,1,0,Angle,V1: Travelling straight ahead / V2: Entering traffic lane,V1: N  / V2: E,Dry,Daylight,Clear,0.02,0,46,33,FALSE,41.9348634,-71.29887283
4983,3/10/2006,March,Friday,14:11,1,2,0,0,Head-on,V1: Turning left / V2: Travelling straight ahead,V1: N  / V2: S,Dry,Daylight,Clear,0,0,61,45,FALSE,41.93624398,-71.26400311
4984,3/11/2006,March,Saturday,9:04,1,2,0,0,Rear-end,V1: Travelling straight ahead / V2: Travelling straight ahead,V1: E  / V2: E,Dry,Daylight,Clear,0,0,61,34,FALSE,41.93976913,-71.29072872
4985,3/11/2006,March,Saturday,12:45,3,1,0,1,Single vehicle crash,V1: Travelling straight ahead,V1: W,Dry,Daylight,Clear,0,0,61,34,FALSE,41.90651272,-71.31998879
4986,3/12/2006,March,Sunday,1:40,1,2,0,0,"Sideswipe, same direction",V1: Travelling straight ahead / V2: Parked,V1: W  / V2: 0,Dry,Dark - lighted roadway,Clear,0.03,0,55,28,TRUE,41.93993834,-71.281552
4987,3/12/2006,March,Sunday,21:07,2,1,1,0,Single vehicle crash,V1: 0,V1: W,Dry,Dark - lighted roadway,Cloudy,0.03,0,55,28,TRUE,41.93078144,-71.30167972
4988,3/13/2006,March,Monday,7:40,1,2,0,0,Rear-end,V1: Travelling straight ahead / V2: Slowing or stopped in traffic,V1: E  / V2: E,Dry,Daylight,Cloudy,0.02,0,57,42,FALSE,41.94344652,-71.28559566
4989,3/13/2006,March,Monday,17:00,1,2,0,0,Angle,V1: Travelling straight ahead / V2: Backing,V1: N  / V2: N,Dry,Daylight,Cloudy,0.02,0,57,42,FALSE,41.93774156,-71.28219649
4990,3/14/2006,March,Tuesday,2:38,1,1,0,0,Single vehicle crash,V1: Travelling straight ahead,V1: W,Wet,Dark - lighted roadway,Cloudy/Rain,0.1,0,60,37,FALSE,34.24438675,-73.6513909
4991,3/14/2006,March,Tuesday,12:31,1,2,0,0,Angle,V1: Travelling straight ahead / V2: Turning left,V1: 0 / V2: 0,Wet,Daylight,Cloudy/Rain,0.1,0,60,37,FALSE,41.93403731,-71.30601704
4992,3/14/2006,March,Tuesday,12:41,1,2,0,0,Angle,V1: Turning left / V2: Travelling straight ahead,V1: S  / V2: N,Wet,Daylight,Clear,0.1,0,60,37,FALSE,41.89733197,-71.36979234
4993,3/14/2006,March,Tuesday,15:45,1,2,0,0,Angle,V1: Turning left / V2: Travelling straight ahead,V1: W  / V2: S,Dry,Daylight,Clear,0.1,0,60,37,FALSE,41.89541252,-71.37076533
4994,3/16/2006,March,Thursday,6:12,2,1,1,0,Single vehicle crash,V1: Slowing or stopped in traffic,V1: N,"Sand, mud, dirt, oil, gravel",Daylight,Clear,0,0,46,28,TRUE,41.91368537,-71.32137092
4995,3/16/2006,March,Thursday,17:03,1,2,0,0,Angle,V1: Entering traffic lane / V2: Travelling straight ahead,V1: W  / V2: N,Dry,Dusk,Cloudy,0,0,46,28,TRUE,41.90947307,-71.36360075
4996,3/17/2006,March,Friday,6:42,2,2,1,0,0,V1: Slowing or stopped in traffic / V2: 0,V1: W  / V2: W,Dry,0,Clear,0,0,44,24,TRUE,41.95411103,-71.26082395
4997,3/18/2006,March,Saturday,12:26,1,2,0,0,Rear-end,V1: Travelling straight ahead / V2: Travelling straight ahead,V1: E  / V2: E,Dry,Daylight,Clear,0,0,43,19,TRUE,41.91982212,-71.35857678
4998,3/18/2006,March,Saturday,12:50,1,2,0,0,Rear-end,V1: Slowing or stopped in traffic / V2: Slowing or stopped in traffic,V1: S  / V2: S,Dry,Dark - lighted roadway,Cloudy,0,0,43,19,TRUE,41.90261606,-71.35590689
4999,3/18/2006,March,Saturday,17:19,1,2,0,0,Angle,V1: Travelling straight ahead / V2: Entering traffic lane,V1: W  / V2: W,Dry,Daylight,Cloudy,0,0,43,19,TRUE,41.95130281,-71.27263126
5000,3/19/2006,March,Sunday,14:21,2,1,1,0,Angle,V1: Travelling straight ahead,V1: S,Dry,Daylight,Cloudy,0,0,39,24,TRUE,41.94430004,-71.28137659
5001,3/19/2006,March,Sunday,19:45,1,1,0,0,Single vehicle crash,V1: Travelling straight ahead,V1: E,Dry,Dark - lighted roadway,Clear,0,0,39,24,TRUE,41.89867838,-71.34654981
5002,3/19/2006,March,Sunday,21:25,1,2,0,0,"Sideswipe, same direction",V1: Turning right / V2: Travelling straight ahead,V1: 0 / V2: 0,Dry,Dark - lighted roadway,Clear,0,0,39,24,TRUE,41.94430004,-71.28137659
5003,3/22/2006,March,Wednesday,6:54,1,2,0,0,Angle,V1: Turning left / V2: Travelling straight ahead,V1: W  / V2: E,Dry,Daylight,Clear,0,0,45,29,TRUE,41.95076302,-71.27397064
5004,3/22/2006,March,Wednesday,7:45,2,2,1,0,Rear-end,V1: Travelling straight ahead / V2: Turning left,V1: E  / V2: E,Dry,Daylight,Clear,0,0,45,29,TRUE,41.95261187,-71.26977997
5005,3/22/2006,March,Wednesday,12:13,2,2,1,0,Angle,V1: Turning right / V2: Travelling straight ahead,V1: S  / V2: S,Dry,Daylight,Cloudy,0,0,45,29,TRUE,34.24438675,-73.6513909
5006,3/23/2006,March,Thursday,1:30,2,2,1,0,Angle,V1: Travelling straight ahead / V2: Travelling straight ahead,V1: S  / V2: S,Dry,Daylight,Clear,0,0,57,29,TRUE,41.94938896,-71.34579414
5007,3/23/2006,March,Thursday,6:36,2,1,1,0,0,V1: Travelling straight ahead,V1: W,Dry,Daylight,Clear,0,0,57,29,TRUE,41.93492201,-71.26207016
5008,3/23/2006,March,Thursday,8:51,2,2,1,0,Rear-end,V1: Travelling straight ahead / V2: Slowing or stopped in traffic,V1: N  / V2: N,Dry,Daylight,Clear,0,0,57,29,TRUE,41.94470433,-71.2812252
5009,3/23/2006,March,Thursday,9:49,0,2,0,0,Angle,V1: Backing / V2: Travelling straight ahead,V1: N  / V2: E,Dry,Daylight,Clear,0,0,57,29,TRUE,41.93676445,-71.27978583
5010,3/24/2006,March,Friday,9:35,1,2,0,0,Rear-end,V1: Travelling straight ahead / V2: Travelling straight ahead,V1: S  / V2: S,Dry,Daylight,Clear,0,0,52,31,TRUE,41.94450501,-71.28411703
5011,3/24/2006,March,Friday,21:14,1,1,0,0,Single vehicle crash,V1: 0,V1: E,Dry,Dark - lighted roadway,Clear,0,0,52,31,TRUE,41.93614012,-71.28373974
5012,3/25/2006,March,Saturday,0:01,0,1,0,0,0,V1: 0,V1: 0,Wet,Daylight,Cloudy,0.01,0,40,32,TRUE,41.94757814,-71.27890389
5013,3/25/2006,March,Saturday,7:50,2,2,2,0,Angle,V1: Turning right / V2: Travelling straight ahead,V1: N  / V2: E,Wet,Daylight,Cloudy,0.01,0,40,32,TRUE,41.9515834,-71.29702782
5014,3/25/2006,March,Saturday,10:30,1,2,0,0,Angle,V1: Entering traffic lane / V2: Travelling straight ahead,V1: W  / V2: N,Dry,Daylight,Cloudy,0.01,0,40,32,TRUE,41.91562886,-71.36047108