ID,DATE,Month,Day of week,Crash Time,Crash Severity,Number of Vehicles,Total Nonfatal Injuries,Total Fatal Injuries,Manner of Collision,Vehicle Action Prior to Crash,Vehicle Travel Directions,Road Surface Condition,Ambient Light,Weather Condition,PRCP,SNOW,TMAX,TMIN,Ice,Longtitute,Latitute
5015,3/25/2006,March,Saturday,12:04,1,2,0,0,"Sideswipe, opposite direction",V1: Travelling straight ahead / V2: Parked,V1: N  / V2: 0,Dry,Daylight,Clear,0.01,0,40,32,TRUE,41.94417464,-71.28323913
5016,3/25/2006,March,Saturday,14:55,1,2,0,0,Rear-end,V1: Slowing or stopped in traffic / V2: 0,V1: S  / V2: S,Dry,Daylight,Clear,0.01,0,40,32,TRUE,41.92644259,-71.35554103
5017,3/26/2006,March,Sunday,15:53,2,1,2,0,Single vehicle crash,V1: Travelling straight ahead,V1: N,Dry,Daylight,Cloudy,0,0,52,30,TRUE,41.91325585,-71.3590575
5018,3/26/2006,March,Sunday,21:11,1,2,0,0,Angle,V1: Turning left / V2: Travelling straight ahead,V1: S  / V2: N,Dry,Dark - lighted roadway,Clear,0,0,52,30,TRUE,41.9483337,-71.27794679
5019,3/27/2006,March,Monday,12:06,1,2,0,0,Angle,V1: Turning left / V2: Turning left,V1: N  / V2: S,Dry,Daylight,Clear,0,0,58,33,FALSE,41.92675288,-71.34334435
5020,3/28/2006,March,Tuesday,20:17,1,2,0,0,Angle,V1: Overtaking/passing / V2: Turning right,V1: E  / V2: E,Dry,Dark - lighted roadway,Clear,0,0,58,26,TRUE,41.93416772,-71.30425488
5021,3/29/2006,March,Wednesday,6:30,0,2,0,0,0,V1: Turning left / V2: Travelling straight ahead,V1: 0 / V2: 0,Dry,Dark - lighted roadway,Clear,0,0,66,27,TRUE,41.93470132,-71.30036818
5022,3/29/2006,March,Wednesday,6:52,1,2,0,0,Angle,V1: Turning left / V2: Turning left,V1: N  / V2: W,Dry,Daylight,Clear,0,0,66,27,TRUE,41.92801405,-71.30048179
5023,3/29/2006,March,Wednesday,7:39,1,2,0,0,Rear-to-rear,V1: Backing / V2: Parked,V1: 0 / V2: 0,Dry,Daylight,Clear,0,0,66,27,TRUE,41.92280528,-71.29211416
5024,3/29/2006,March,Wednesday,11:45,1,2,0,0,"Sideswipe, same direction",V1: Parked / V2: 0,V1: 0 / V2: 0,Dry,Daylight,Clear,0,0,66,27,TRUE,41.94036508,-71.2899051
5025,3/29/2006,March,Wednesday,14:58,1,2,0,0,Rear-end,V1: Slowing or stopped in traffic / V2: Travelling straight ahead,V1: N  / V2: N,Dry,Daylight,Clear,0,0,66,27,TRUE,41.95180679,-71.2898592
5026,3/29/2006,March,Wednesday,21:15,2,2,1,0,0,V1: Travelling straight ahead / V2: Travelling straight ahead,V1: N  / V2: S,Dry,Dark - lighted roadway,Clear,0,0,66,27,TRUE,41.9361407,-71.3410827
5027,3/30/2006,March,Thursday,11:49,1,2,0,0,Rear-end,V1: Travelling straight ahead / V2: Slowing or stopped in traffic,V1: S  / V2: S,Dry,Daylight,Clear,0,0,67,30,TRUE,41.90257689,-71.3560405
5028,3/30/2006,March,Thursday,12:35,1,2,0,0,Angle,V1: Turning left / V2: Travelling straight ahead,V1: W  / V2: S,Dry,Daylight,Clear,0,0,67,30,TRUE,41.90697288,-71.36488171
5029,3/30/2006,March,Thursday,15:53,1,2,0,0,0,V1: Travelling straight ahead / V2: Travelling straight ahead,V1: S  / V2: S,Dry,Daylight,Clear,0,0,67,30,TRUE,34.24438675,-73.6513909
5030,3/31/2006,March,Friday,4:31,1,1,0,0,Single vehicle crash,V1: Turning left,V1: E,Dry,Dark - lighted roadway,Clear,0,0,69,32,TRUE,41.90804575,-71.32569775
5031,3/31/2006,March,Friday,22:20,1,2,0,0,Angle,V1: Changing lanes / V2: Travelling straight ahead,V1: N  / V2: N,Dry,Dark - lighted roadway,Cloudy,0,0,69,32,TRUE,41.89733197,-71.36979234
5032,4/1/2006,April,Saturday,12:17,1,2,0,0,Rear-end,V1: Slowing or stopped in traffic / V2: Slowing or stopped in traffic,V1: W  / V2: W,Dry,Daylight,Clear,0.01,0,64,46,FALSE,41.94234382,-71.27289652
5033,4/1/2006,April,Saturday,16:50,2,2,1,0,Rear-end,V1: Slowing or stopped in traffic / V2: Travelling straight ahead,V1: S  / V2: S,Wet,Daylight,Rain,0.01,0,64,46,FALSE,41.90582226,-71.36546869
5034,4/1/2006,April,Saturday,18:51,1,2,0,0,Angle,V1: Entering traffic lane / V2: Travelling straight ahead,V1: N  / V2: W,Dry,Dark - lighted roadway,Clear,0.01,0,64,46,FALSE,41.95279587,-71.26925506
5035,4/2/2006,April,Sunday,3:35,0,1,0,0,Single vehicle crash,V1: Travelling straight ahead,V1: N,Dry,Dark - roadway not lighted,Clear,0,0,66,37,FALSE,41.92851798,-71.32337101
5036,4/2/2006,April,Sunday,3:35,0,1,0,0,Single vehicle crash,V1: Travelling straight ahead,V1: 0,Dry,0,Clear,0,0,66,37,FALSE,41.93284897,-71.31992341
5037,4/2/2006,April,Sunday,12:49,2,2,2,0,Angle,V1: Travelling straight ahead / V2: Turning left,V1: E  / V2: W,Dry,Daylight,Clear,0,0,66,37,FALSE,41.91198822,-71.34059501
5038,4/2/2006,April,Sunday,20:50,2,1,1,0,Angle,V1: Travelling straight ahead,V1: S,Dry,Dark - roadway not lighted,Clear,0,0,66,37,FALSE,41.9589661,-71.30200935
5039,4/4/2006,April,Tuesday,7:48,2,2,1,0,"Sideswipe, same direction",V1: Leaving traffic lane / V2: Travelling straight ahead,V1: S  / V2: S,Wet,Daylight,Rain,0.52,0,50,33,FALSE,34.24438675,-73.6513909
5040,4/5/2006,April,Wednesday,11:41,1,2,0,0,Rear-end,V1: Travelling straight ahead / V2: Parked,V1: E  / V2: 0,Wet,Daylight,Cloudy/Rain,0.22,0,41,31,TRUE,41.93394145,-71.30816268
5041,4/5/2006,April,Wednesday,13:56,1,1,0,0,Single vehicle crash,V1: Travelling straight ahead,V1: E,Wet,Daylight,Cloudy/Rain,0.22,0,41,31,TRUE,41.93616876,-71.26435649
5042,4/5/2006,April,Wednesday,14:09,1,2,0,0,"Sideswipe, opposite direction",V1: Turning left / V2: Travelling straight ahead,V1: E  / V2: W,Wet,Daylight,Cloudy/Rain,0.22,0,41,31,TRUE,41.9348634,-71.29887283
5043,4/6/2006,April,Thursday,9:26,1,1,0,0,"Sideswipe, same direction",V1: Turning left,V1: E,Dry,Daylight,Clear,0,0,54,29,TRUE,41.94213878,-71.28262423
5044,4/6/2006,April,Thursday,18:50,1,2,0,0,Angle,V1: Slowing or stopped in traffic / V2: Slowing or stopped in traffic,V1: N  / V2: N,Dry,Daylight,Cloudy,0,0,54,29,TRUE,34.24438675,-73.6513909
5045,4/7/2006,April,Friday,16:20,1,2,0,0,Angle,V1: Travelling straight ahead / V2: Turning left,V1: S  / V2: W,Wet,Daylight,Cloudy/Rain,0.09,0,58,29,TRUE,34.24438675,-73.6513909
5046,4/7/2006,April,Friday,16:22,2,2,1,0,Rear-end,V1: Slowing or stopped in traffic / V2: Other,V1: E  / V2: E,Dry,Daylight,Clear,0.09,0,58,29,TRUE,41.93409173,-71.31894301
5047,4/8/2006,April,Saturday,10:15,1,1,0,0,Single vehicle crash,V1: Turning left,V1: N,Wet,Daylight,Cloudy/Rain,0.36,0,49,34,FALSE,41.9483337,-71.27794679
5048,4/8/2006,April,Saturday,11:24,0,2,0,0,Rear-end,V1: Slowing or stopped in traffic / V2: Travelling straight ahead,V1: W  / V2: W,Wet,Daylight,Rain,0.36,0,49,34,FALSE,41.89867838,-71.34654981
5049,4/8/2006,April,Saturday,12:02,1,2,0,0,Rear-end,V1: Travelling straight ahead / V2: Travelling straight ahead,V1: N  / V2: E,Wet,Daylight,Rain,0.36,0,49,34,FALSE,41.93659321,-71.29539948
5050,4/8/2006,April,Saturday,14:55,1,3,0,0,Rear-end,V1: Travelling straight ahead / V2: Slowing or stopped in traffic / V3: Turning left,V1: W  / V2: W  / V3: W,Wet,Daylight,Rain,0.36,0,49,34,FALSE,41.91608626,-71.37759037
5051,4/8/2006,April,Saturday,14:55,0,3,0,0,Rear-end,V1: Slowing or stopped in traffic / V2: Slowing or stopped in traffic / V3: 0,V1: E  / V2: E  / V3: 0,Wet,Daylight,Rain,0.36,0,49,34,FALSE,41.94450501,-71.28411703
5052,4/8/2006,April,Saturday,16:15,2,2,3,0,Rear-end,V1: Travelling straight ahead / V2: Turning right,V1: E  / V2: E,Dry,Daylight,Cloudy,0.36,0,49,34,FALSE,41.95180679,-71.2898592
5053,4/8/2006,April,Saturday,16:26,2,1,1,0,Single vehicle crash,V1: Slowing or stopped in traffic,V1: W,Dry,Daylight,Clear,0.36,0,49,34,FALSE,41.95451461,-71.24992613
5054,4/9/2006,April,Sunday,7:08,2,1,1,0,Single vehicle crash,V1: Travelling straight ahead,V1: N,Dry,Daylight,Clear,0,0,49,30,TRUE,41.95306976,-71.2893128
5055,4/10/2006,April,Monday,7:30,2,2,1,0,Rear-end,V1: Travelling straight ahead / V2: Slowing or stopped in traffic,V1: N  / V2: N,Dry,Daylight,Clear,0,0,64,28,TRUE,41.93523536,-71.26246422
5056,4/10/2006,April,Monday,8:28,2,2,1,0,Angle,V1: Turning left / V2: Travelling straight ahead,V1: S  / V2: N,Dry,Daylight,Clear,0,0,64,28,TRUE,41.95484304,-71.28856385
5057,4/10/2006,April,Monday,9:00,1,2,0,0,"Sideswipe, same direction",V1: Travelling straight ahead / V2: Changing lanes,V1: N  / V2: N,Dry,Daylight,Clear,0,0,64,28,TRUE,34.24438675,-73.6513909
5058,4/10/2006,April,Monday,14:09,1,1,0,0,Single vehicle crash,V1: Travelling straight ahead,V1: N,Dry,Daylight,Clear,0,0,64,28,TRUE,34.24438675,-73.6513909
5059,4/10/2006,April,Monday,14:43,1,2,0,0,"Sideswipe, same direction",V1: Turning right / V2: Parked,V1: W  / V2: 0,Dry,Daylight,Clear,0,0,64,28,TRUE,41.92508738,-71.35628348
5060,4/10/2006,April,Monday,15:59,1,2,0,0,Angle,V1: Travelling straight ahead / V2: Entering traffic lane,V1: S  / V2: E,Dry,Daylight,Clear,0,0,64,28,TRUE,41.95180679,-71.2898592
5061,4/11/2006,April,Tuesday,10:45,1,2,0,0,"Sideswipe, same direction",V1: Travelling straight ahead / V2: Leaving traffic lane,V1: S  / V2: S,Dry,Daylight,Clear,0,0,69,37,FALSE,34.24438675,-73.6513909
5062,4/11/2006,April,Tuesday,11:28,2,1,1,0,Single vehicle crash,V1: Travelling straight ahead,V1: N,Dry,Daylight,Clear,0,0,69,37,FALSE,41.91125845,-71.35850404
5063,4/11/2006,April,Tuesday,11:28,2,1,1,0,Single vehicle crash,V1: Travelling straight ahead,V1: N,0,Daylight,Clear,0,0,69,37,FALSE,41.91125845,-71.35850404
5064,4/11/2006,April,Tuesday,16:23,1,2,0,0,Rear-end,V1: Travelling straight ahead / V2: Slowing or stopped in traffic,V1: N  / V2: N,Dry,Daylight,Clear,0,0,69,37,FALSE,41.92900797,-71.28446457
5065,4/11/2006,April,Tuesday,16:48,2,2,1,0,"Sideswipe, opposite direction",V1: Turning left / V2: Travelling straight ahead,V1: W  / V2: S,Dry,Daylight,Clear,0,0,69,37,FALSE,41.90998013,-71.35802082
5066,4/11/2006,April,Tuesday,16:51,1,3,0,0,Rear-end,V1: Slowing or stopped in traffic / V2: Slowing or stopped in traffic / V3: Travelling straight ahead,V1: W  / V2: W  / V3: W,Dry,Daylight,Clear,0,0,69,37,FALSE,41.9201887,-71.3570252
5067,4/12/2006,April,Wednesday,13:34,1,2,0,0,Angle,V1: Changing lanes / V2: Travelling straight ahead,V1: N  / V2: N,Dry,Daylight,Clear,0,0,66,38,FALSE,34.24438675,-73.6513909
5068,4/12/2006,April,Wednesday,14:00,1,2,0,0,"Sideswipe, same direction",V1: Travelling straight ahead / V2: 0,V1: N  / V2: 0,Dry,Daylight,Clear,0,0,66,38,FALSE,34.24438675,-73.6513909
5069,4/13/2006,April,Thursday,13:00,1,2,0,0,Angle,V1: Turning left / V2: Travelling straight ahead,V1: E  / V2: S,Dry,Daylight,Clear,0,0,66,45,FALSE,41.91982212,-71.35857678
5070,4/14/2006,April,Friday,7:34,0,2,0,0,Angle,V1: Parked / V2: 0,V1: 0 / V2: 0,Dry,Daylight,Clear,0.06,0,69,41,FALSE,41.94066438,-71.28948653
5071,4/14/2006,April,Friday,14:19,2,2,1,0,Angle,V1: Entering traffic lane / V2: Travelling straight ahead,V1: S  / V2: W,Dry,Daylight,Clear,0.06,0,69,41,FALSE,34.24438675,-73.6513909
5072,4/14/2006,April,Friday,14:30,1,2,0,0,Angle,V1: Travelling straight ahead / V2: Turning left,V1: S  / V2: E,Dry,Daylight,Clear,0.06,0,69,41,FALSE,41.91982212,-71.35857678
5073,4/14/2006,April,Friday,15:40,0,2,0,0,0,V1: 0 / V2: 0,V1: N  / V2: S,Dry,Daylight,Clear,0.06,0,69,41,FALSE,41.93503657,-71.2848971
5074,4/14/2006,April,Friday,15:45,2,2,1,0,Angle,V1: Travelling straight ahead / V2: Travelling straight ahead,V1: 0 / V2: 0,Dry,Daylight,Clear,0.06,0,69,41,FALSE,41.94396167,-71.27662963
5075,4/14/2006,April,Friday,17:51,1,2,0,0,Angle,V1: Travelling straight ahead / V2: Travelling straight ahead,V1: N  / V2: S,Dry,Daylight,Cloudy,0.06,0,69,41,FALSE,41.94450501,-71.28411703
5076,4/15/2006,April,Saturday,1:30,1,1,0,0,Single vehicle crash,V1: Travelling straight ahead,V1: S,Wet,Dark - lighted roadway,Cloudy,0,0,76,52,FALSE,41.93742983,-71.26519759
5077,4/15/2006,April,Saturday,11:23,1,2,0,0,Rear-end,V1: Entering traffic lane / V2: Entering traffic lane,V1: S  / V2: S,Dry,Daylight,Cloudy,0,0,76,52,FALSE,41.90261606,-71.35590689
5078,4/15/2006,April,Saturday,11:25,1,2,0,0,"Sideswipe, opposite direction",V1: Turning left / V2: Travelling straight ahead,V1: N  / V2: W,Dry,Daylight,Clear,0,0,76,52,FALSE,41.95077804,-71.27393366
5079,4/15/2006,April,Saturday,11:28,0,2,0,0,"Sideswipe, same direction",V1: Parked / V2: Travelling straight ahead,V1: 0 / V2: S,Dry,Daylight,Clear,0,0,76,52,FALSE,41.94517634,-71.2834954
5080,4/15/2006,April,Saturday,12:30,2,1,3,0,Rear-end,V1: Travelling straight ahead,V1: S,Dry,Daylight,Clear,0,0,76,52,FALSE,34.24438675,-73.6513909
5081,4/15/2006,April,Saturday,17:55,2,2,1,0,"Sideswipe, opposite direction",V1: Travelling straight ahead / V2: Travelling straight ahead,V1: E  / V2: W,Dry,Daylight,Clear,0,0,76,52,FALSE,41.92616865,-71.3603011
5082,4/15/2006,April,Saturday,18:19,1,2,0,0,"Sideswipe, opposite direction",V1: 0 / V2: 0,V1: N  / V2: 0,Dry,Daylight,Clear,0,0,76,52,FALSE,41.93623387,-71.28481203
5083,4/15/2006,April,Saturday,22:40,1,1,0,0,Single vehicle crash,V1: Travelling straight ahead,V1: S,Dry,Dark - roadway not lighted,Clear,0,0,76,52,FALSE,41.89841145,-71.37009489
5084,4/16/2006,April,Sunday,0:40,1,2,0,0,Rear-end,V1: Slowing or stopped in traffic / V2: Slowing or stopped in traffic,V1: S  / V2: 0,Dry,Dark - lighted roadway,Clear,0,0,64,44,FALSE,41.92508738,-71.35628348
5085,4/16/2006,April,Sunday,15:53,2,1,1,0,Single vehicle crash,V1: Travelling straight ahead,V1: W,Dry,Daylight,Clear,0,0,64,44,FALSE,41.9544204,-71.24661252
5086,4/16/2006,April,Sunday,17:28,2,1,1,0,Single vehicle crash,V1: Travelling straight ahead,V1: S,Dry,Daylight,Clear,0,0,64,44,FALSE,41.9348634,-71.29887283
5087,4/16/2006,April,Sunday,20:45,1,2,0,0,Angle,V1: Turning right / V2: Travelling straight ahead,V1: N  / V2: N,Dry,Dark - lighted roadway,Clear,0,0,64,44,FALSE,41.94330896,-71.27265641
5088,4/17/2006,April,Monday,18:35,2,2,4,0,Rear-end,V1: Slowing or stopped in traffic / V2: Slowing or stopped in traffic,V1: S  / V2: S,Dry,Dusk,Cloudy,0.01,0,61,37,FALSE,41.91062135,-71.35825199
5089,4/18/2006,April,Tuesday,11:15,1,2,0,0,Angle,V1: Travelling straight ahead / V2: Travelling straight ahead,V1: S  / V2: E,Dry,Daylight,Clear,0,0,65,44,FALSE,41.95428602,-71.28497548
5090,4/18/2006,April,Tuesday,11:30,0,2,0,0,Angle,V1: Turning left / V2: Travelling straight ahead,V1: N  / V2: S,Dry,Daylight,Clear,0,0,65,44,FALSE,41.93740503,-71.34168179
5091,4/18/2006,April,Tuesday,15:12,1,2,0,0,Rear-end,V1: Slowing or stopped in traffic / V2: Slowing or stopped in traffic,V1: S  / V2: S,Dry,Daylight,Cloudy,0,0,65,44,FALSE,41.91723587,-71.37241026
5092,4/18/2006,April,Tuesday,16:38,1,2,0,0,Angle,V1: Travelling straight ahead / V2: Turning left,V1: S  / V2: N,Dry,Daylight,Cloudy,0,0,65,44,FALSE,34.24438675,-73.6513909
5093,4/18/2006,April,Tuesday,18:30,1,2,0,0,Rear-end,V1: Slowing or stopped in traffic / V2: Travelling straight ahead,V1: N  / V2: N,Dry,Daylight,Cloudy,0,0,65,44,FALSE,41.93065196,-71.35316035
5094,4/19/2006,April,Wednesday,8:27,2,2,1,0,Rear-end,V1: Travelling straight ahead / V2: Slowing or stopped in traffic,V1: N  / V2: N,Dry,Daylight,Clear,0,0,73,43,FALSE,41.96919985,-71.29148146
5095,4/19/2006,April,Wednesday,8:37,1,2,0,0,Rear-end,V1: Travelling straight ahead / V2: Slowing or stopped in traffic,V1: N  / V2: N,Dry,Daylight,Clear,0,0,73,43,FALSE,41.97001836,-71.2913735
5096,4/19/2006,April,Wednesday,13:10,2,2,1,0,"Sideswipe, same direction",V1: Slowing or stopped in traffic / V2: Travelling straight ahead,V1: S  / V2: S,Dry,Daylight,Clear,0,0,73,43,FALSE,41.89869798,-71.3691381
5097,4/19/2006,April,Wednesday,14:31,1,1,0,0,Single vehicle crash,V1: Turning right,V1: S,Dry,Daylight,Clear,0,0,73,43,FALSE,41.93874704,-71.29215576
5098,4/19/2006,April,Wednesday,22:20,2,2,1,0,Rear-end,V1: Parked / V2: Leaving traffic lane,V1: S  / V2: S,Dry,Dark - roadway not lighted,Clear,0,0,73,43,FALSE,34.24438675,-73.6513909
5099,4/20/2006,April,Thursday,21:51,0,2,0,0,Single vehicle crash,V1: Slowing or stopped in traffic / V2: Slowing or stopped in traffic,V1: 0 / V2: 0,Dry,Dark - lighted roadway,Clear,0,0,70,41,FALSE,41.93692353,-71.281137
5100,4/21/2006,April,Friday,8:13,2,2,2,0,"Sideswipe, same direction",V1: Travelling straight ahead / V2: Travelling straight ahead,V1: S  / V2: S,Dry,Daylight,Clear,0,0,55,33,FALSE,41.9165382,-71.3344506
5101,4/21/2006,April,Friday,9:48,2,2,3,0,Rear-end,V1: Turning left / V2: Slowing or stopped in traffic,V1: W  / V2: W,Dry,Daylight,Cloudy,0,0,55,33,FALSE,41.93393836,-71.3077318
5102,4/21/2006,April,Friday,14:24,1,2,0,0,"Sideswipe, opposite direction",V1: Parked / V2: Other,V1: 0 / V2: S,Dry,Daylight,Clear,0,0,55,33,FALSE,41.90787067,-71.30141148
5103,4/21/2006,April,Friday,17:16,1,2,0,0,Angle,V1: Turning left / V2: Travelling straight ahead,V1: E  / V2: S,Dry,Daylight,Clear,0,0,55,33,FALSE,41.92644259,-71.35554103
5104,4/22/2006,April,Saturday,23:55,2,2,7,0,"Sideswipe, same direction",V1: Travelling straight ahead / V2: Travelling straight ahead,V1: N  / V2: N,Wet,Dark - lighted roadway,Rain,0.01,0,54,31,TRUE,41.9022981,-71.35602289
5105,4/23/2006,April,Sunday,7:50,2,2,1,0,Single vehicle crash,V1: Travelling straight ahead / V2: Parked,V1: N  / V2: 0,Dry,Daylight,Cloudy,1.51,0,54,41,FALSE,41.9552226,-71.29645442
5106,4/24/2006,April,Monday,7:18,1,3,0,0,"Sideswipe, same direction",V1: Travelling straight ahead / V2: Travelling straight ahead / V3: Travelling straight ahead,V1: S  / V2: S  / V3: S,Dry,Daylight,Clear,0.03,0,48,43,FALSE,34.24438675,-73.6513909
5107,4/24/2006,April,Monday,17:54,1,2,0,0,Angle,V1: Travelling straight ahead / V2: Turning left,V1: N  / V2: E,Dry,Daylight,Cloudy,0.03,0,48,43,FALSE,41.9231384,-71.22902805
5108,4/25/2006,April,Tuesday,13:19,2,3,3,0,Rear-end,V1: Slowing or stopped in traffic / V2: Slowing or stopped in traffic / V3: 0,V1: E  / V2: E  / V3: E,Dry,Daylight,Clear,0.03,0,69,42,FALSE,41.93608923,-71.296466
5109,4/25/2006,April,Tuesday,17:14,2,2,1,0,Angle,V1: Travelling straight ahead / V2: Changing lanes,V1: N  / V2: N,Dry,Daylight,Cloudy,0.03,0,69,42,FALSE,41.92384982,-71.35683163
5110,4/26/2006,April,Wednesday,6:30,1,2,0,0,Angle,V1: Slowing or stopped in traffic / V2: Turning right,V1: E  / V2: S,Dry,Daylight,Clear,0,0,59,34,FALSE,34.24438675,-73.6513909
5111,4/26/2006,April,Wednesday,7:56,1,2,0,0,Rear-end,V1: Travelling straight ahead / V2: Travelling straight ahead,V1: W  / V2: W,Dry,Daylight,Clear,0,0,59,34,FALSE,41.92950189,-71.30272771
5112,4/27/2006,April,Thursday,16:30,1,2,0,0,Angle,V1: Turning left / V2: Travelling straight ahead,V1: E  / V2: W,Dry,Daylight,Clear,0,0,69,38,FALSE,41.95261187,-71.26977997
5113,4/27/2006,April,Thursday,22:05,2,2,2,0,Head-on,V1: Travelling straight ahead / V2: Travelling straight ahead,V1: W  / V2: E,Dry,Dark - lighted roadway,Clear,0,0,69,38,FALSE,41.89867838,-71.34654981
5114,4/28/2006,April,Friday,12:57,1,2,0,0,Angle,V1: Travelling straight ahead / V2: Travelling straight ahead,V1: 0 / V2: 0,Dry,Daylight,Clear,0,0,58,34,FALSE,41.93742983,-71.26519759
5115,4/30/2006,April,Sunday,1:59,0,2,0,0,Rear-end,V1: Parked / V2: 0,V1: 0 / V2: 0,Dry,Dark - lighted roadway,Clear,0,0,65,33,FALSE,41.90841015,-71.36008664
5116,4/30/2006,April,Sunday,15:01,1,2,0,0,Rear-end,V1: Travelling straight ahead / V2: Turning left,V1: N  / V2: N,Dry,Daylight,Clear,0,0,65,33,FALSE,41.95180679,-71.2898592
5117,4/30/2006,April,Sunday,15:26,1,2,0,0,0,V1: Travelling straight ahead / V2: Travelling straight ahead,V1: E  / V2: S,Dry,Daylight,Clear,0,0,65,33,FALSE,41.94758208,-71.27687472
5118,4/30/2006,April,Sunday,19:42,2,1,1,0,Single vehicle crash,V1: Travelling straight ahead,V1: N,Dry,Daylight,Clear,0,0,65,33,FALSE,41.89867838,-71.34654981
5119,4/30/2006,April,Sunday,20:25,1,2,0,0,Angle,V1: Backing / V2: Parked,V1: 0 / V2: 0,Dry,Dark - 0 roadway lighting,Clear,0,0,65,33,FALSE,41.93750544,-71.27921122
5120,5/1/2006,May,Monday,9:44,1,1,0,0,0,V1: Travelling straight ahead,V1: S,Dry,Daylight,Clear,0.01,0,60,41,FALSE,41.90272719,-71.35550871
5121,5/1/2006,May,Monday,18:30,1,2,0,0,Angle,V1: Travelling straight ahead / V2: Turning left,V1: S  / V2: N,Dry,Dusk,Clear,0.01,0,60,41,FALSE,41.93421769,-71.2996754
5122,5/2/2006,May,Tuesday,12:03,1,2,0,0,Rear-end,V1: Slowing or stopped in traffic / V2: Slowing or stopped in traffic,V1: S  / V2: S,Wet,Daylight,Cloudy/Rain,1.29,0,46,43,FALSE,41.92446027,-71.28906707
5123,5/2/2006,May,Tuesday,17:55,1,2,0,0,Angle,V1: Entering traffic lane / V2: Travelling straight ahead,V1: E  / V2: N,Dry,Daylight,Clear,1.29,0,46,43,FALSE,41.93503657,-71.2848971
5124,5/2/2006,May,Tuesday,18:40,1,2,0,0,Angle,V1: Turning left / V2: Travelling straight ahead,V1: E  / V2: S,Wet,Dusk,Rain,1.29,0,46,43,FALSE,41.91891186,-71.35896962
5125,5/2/2006,May,Tuesday,23:53,2,2,2,0,0,V1: Travelling straight ahead / V2: Parked,V1: 0 / V2: 0,Dry,Dark - lighted roadway,Cloudy,1.29,0,46,43,FALSE,41.91796711,-71.36488499
5126,5/3/2006,May,Wednesday,11:53,1,2,0,0,Angle,V1: Turning left / V2: Travelling straight ahead,V1: S  / V2: W,Wet,Daylight,Cloudy/Rain,0.24,0,52,45,FALSE,41.92387717,-71.35158914
5127,5/3/2006,May,Wednesday,14:44,2,2,3,0,Angle,V1: Turning left / V2: Travelling straight ahead,V1: S  / V2: W,Wet,Daylight,Cloudy/Rain,0.24,0,52,45,FALSE,41.96923741,-71.29606167
5128,5/3/2006,May,Wednesday,16:01,1,2,0,0,Angle,V1: Changing lanes / V2: Travelling straight ahead,V1: N  / V2: N,Wet,Daylight,Rain,0.24,0,52,45,FALSE,41.96712418,-71.29097941
5129,5/4/2006,May,Thursday,8:45,1,2,0,0,Angle,V1: Backing / V2: Travelling straight ahead,V1: W  / V2: S,Dry,Daylight,Clear,0,0,77,52,FALSE,41.92298399,-71.3572054
5130,5/4/2006,May,Thursday,15:28,2,2,2,0,Rear-end,V1: Slowing or stopped in traffic / V2: Slowing or stopped in traffic,V1: N  / V2: N,Dry,Daylight,Clear,0,0,77,52,FALSE,34.24438675,-73.6513909
5131,5/4/2006,May,Thursday,18:34,2,2,1,0,Angle,V1: Turning left / V2: Travelling straight ahead,V1: W  / V2: E,Dry,Daylight,Clear,0,0,77,52,FALSE,41.94920419,-71.29260593
5132,5/5/2006,May,Friday,17:54,1,2,0,0,Angle,V1: Turning right / V2: Turning right,V1: N  / V2: N,Dry,Daylight,Clear,0,0,83,51,FALSE,41.93732881,-71.28475709
5133,5/5/2006,May,Friday,18:35,3,2,0,1,Angle,V1: Travelling straight ahead / V2: Turning left,V1: S  / V2: N,Dry,Daylight,Clear,0,0,83,51,FALSE,41.95067386,-71.28018724
5134,5/5/2006,May,Friday,19:00,1,2,0,0,Angle,V1: Travelling straight ahead / V2: Turning left,V1: S  / V2: N,Dry,Daylight,Clear,0,0,83,51,FALSE,41.91325585,-71.3590575
5135,5/6/2006,May,Saturday,0:30,1,2,0,0,0,V1: Slowing or stopped in traffic / V2: Slowing or stopped in traffic,V1: 0 / V2: 0,Dry,Dark - lighted roadway,Clear,0,0,78,52,FALSE,41.91102631,-71.29057634
5136,5/6/2006,May,Saturday,11:30,1,2,0,0,"Sideswipe, same direction",V1: Turning left / V2: Travelling straight ahead,V1: N  / V2: E,Dry,Daylight,Clear,0,0,78,52,FALSE,41.92508738,-71.35628348
5137,5/6/2006,May,Saturday,14:45,1,2,0,0,Rear-end,V1: Slowing or stopped in traffic / V2: 0,V1: N  / V2: N,Dry,Daylight,Clear,0,0,78,52,FALSE,41.92446027,-71.28906707
5138,5/6/2006,May,Saturday,16:09,1,2,0,0,Rear-end,V1: Slowing or stopped in traffic / V2: Travelling straight ahead,V1: S  / V2: S,Dry,Daylight,Clear,0,0,78,52,FALSE,41.91234905,-71.26795681
5139,5/6/2006,May,Saturday,16:30,1,2,0,0,Rear-end,V1: Slowing or stopped in traffic / V2: Travelling straight ahead,V1: N  / V2: N,Dry,Daylight,Clear,0,0,78,52,FALSE,34.24438675,-73.6513909
5140,5/6/2006,May,Saturday,16:41,2,2,1,0,0,V1: Slowing or stopped in traffic / V2: Travelling straight ahead,V1: S  / V2: S,Dry,Daylight,Cloudy,0,0,78,52,FALSE,41.90257689,-71.3560405
5141,5/7/2006,May,Sunday,7:25,1,2,0,0,Angle,V1: Backing / V2: Parked,V1: W  / V2: 0,Dry,Dusk,Clear,0,0,69,42,FALSE,41.94967658,-71.2833953
5142,5/7/2006,May,Sunday,10:45,1,2,0,0,Rear-end,V1: Slowing or stopped in traffic / V2: Slowing or stopped in traffic,V1: S  / V2: S,Dry,Daylight,Clear,0,0,69,42,FALSE,41.90231125,-71.35597671
5143,5/7/2006,May,Sunday,20:55,3,1,0,1,Single vehicle crash,V1: Travelling straight ahead,V1: N,Dry,Dark - lighted roadway,Clear,0,0,69,42,FALSE,41.92154582,-71.29554735