ID,DATE,Month,Day of week,Crash Time,Crash Severity,Number of Vehicles,Total Nonfatal Injuries,Total Fatal Injuries,Manner of Collision,Vehicle Action Prior to Crash,Vehicle Travel Directions,Road Surface Condition,Ambient Light,Weather Condition,PRCP,SNOW,TMAX,TMIN,Ice,Longtitute,Latitute
5144,5/8/2006,May,Monday,7:08,1,2,0,0,Rear-end,V1: Slowing or stopped in traffic / V2: Travelling straight ahead,V1: 0 / V2: 0,Dry,Daylight,Clear,0,0,67,39,FALSE,34.24438675,-73.6513909
5145,5/8/2006,May,Monday,21:00,0,2,0,0,Rear-end,V1: Parked / V2: 0,V1: 0 / V2: 0,Dry,Dark - lighted roadway,Cloudy,0,0,67,39,FALSE,41.93398838,-71.28161602
5146,5/10/2006,May,Wednesday,8:38,2,2,2,0,Angle,V1: Travelling straight ahead / V2: Turning left,V1: W  / V2: S,Wet,Daylight,Cloudy/Rain,0.11,0,51,46,FALSE,34.24438675,-73.6513909
5147,5/11/2006,May,Thursday,10:11,0,1,0,0,Single vehicle crash,V1: Travelling straight ahead,V1: E,Wet,Daylight,Rain,0.04,0,64,47,FALSE,41.93409473,-71.28193811
5148,5/11/2006,May,Thursday,11:19,2,2,1,0,Angle,V1: Travelling straight ahead / V2: Travelling straight ahead,V1: N  / V2: E,Wet,Daylight,Cloudy/Rain,0.04,0,64,47,FALSE,41.94121777,-71.2768631
5149,5/12/2006,May,Friday,13:47,3,2,2,1,Angle,V1: Turning left / V2: Travelling straight ahead,V1: W  / V2: S,Wet,Daylight,Cloudy/Rain,0.46,0,61,48,FALSE,41.90998013,-71.35802082
5150,5/12/2006,May,Friday,21:20,1,1,0,0,0,V1: Travelling straight ahead,V1: 0,Wet,Dark - lighted roadway,Cloudy/Rain,0.46,0,61,48,FALSE,41.94245198,-71.28698244
5151,5/12/2006,May,Friday,23:49,1,1,0,0,Single vehicle crash,V1: Travelling straight ahead,V1: W,Wet,Dark - lighted roadway,Cloudy/Rain,0.46,0,61,48,FALSE,41.90927914,-71.380907
5152,5/13/2006,May,Saturday,1:28,2,1,2,0,Single vehicle crash,V1: Travelling straight ahead,V1: W,Wet,Dark - lighted roadway,Rain,2.32,0,55,46,FALSE,41.93024965,-71.29767988
5153,5/13/2006,May,Saturday,2:30,1,1,0,0,Single vehicle crash,V1: Travelling straight ahead,V1: E,Wet,Dark - lighted roadway,Rain,2.32,0,55,46,FALSE,41.95280102,-71.2963997
5154,5/13/2006,May,Saturday,5:00,1,2,0,0,Rear-end,V1: Travelling straight ahead / V2: Travelling straight ahead,V1: N  / V2: N,Wet,Dark - roadway not lighted,Rain,2.32,0,55,46,FALSE,34.24438675,-73.6513909
5155,5/13/2006,May,Saturday,11:15,1,2,0,0,Rear-end,V1: Travelling straight ahead / V2: Slowing or stopped in traffic,V1: W  / V2: W,Dry,Daylight,Clear,2.32,0,55,46,FALSE,34.24438675,-73.6513909
5156,5/13/2006,May,Saturday,11:15,2,1,1,0,Single vehicle crash,V1: Travelling straight ahead,V1: N,Wet,Daylight,Rain,2.32,0,55,46,FALSE,41.95523487,-71.30316882
5157,5/13/2006,May,Saturday,17:19,2,2,2,0,Rear-end,V1: Slowing or stopped in traffic / V2: Travelling straight ahead,V1: S  / V2: S,Wet,Daylight,Rain,2.32,0,55,46,FALSE,41.92913729,-71.35380452
5158,5/13/2006,May,Saturday,20:01,1,2,0,0,Angle,V1: Travelling straight ahead / V2: Travelling straight ahead,V1: E  / V2: S,Wet,Dark - lighted roadway,Rain,2.32,0,55,46,FALSE,41.94450501,-71.28411703
5159,5/14/2006,May,Sunday,15:24,1,2,0,0,Rear-end,V1: Travelling straight ahead / V2: 0,V1: S  / V2: S,Wet,Daylight,Rain,1.22,0,51,47,FALSE,41.90261606,-71.35590689
5160,5/14/2006,May,Sunday,16:36,1,2,0,0,Angle,V1: Travelling straight ahead / V2: Turning right,V1: W  / V2: S,Wet,Daylight,Rain,1.22,0,51,47,FALSE,41.94260953,-71.28435607
5161,5/14/2006,May,Sunday,21:10,2,2,1,0,0,V1: Travelling straight ahead / V2: Backing,V1: N  / V2: E,Dry,Dark - lighted roadway,Cloudy/Rain,1.22,0,51,47,FALSE,41.94367638,-71.27488826
5162,5/15/2006,May,Monday,0:18,1,2,0,0,Rear-end,V1: Travelling straight ahead / V2: Parked,V1: N  / V2: 0,Wet,Dark - lighted roadway,Rain,0.2,0,56,49,FALSE,41.93278449,-71.31486494
5163,5/15/2006,May,Monday,8:36,1,2,0,0,Angle,V1: Turning left / V2: Travelling straight ahead,V1: E  / V2: W,Wet,Daylight,Cloudy/Rain,0.2,0,56,49,FALSE,41.94666472,-71.28742757
5164,5/15/2006,May,Monday,12:00,1,1,0,0,0,V1: Turning right,V1: N,Wet,Dark - roadway not lighted,Cloudy/Rain,0.2,0,56,49,FALSE,34.24438675,-73.6513909
5165,5/15/2006,May,Monday,14:50,2,2,2,0,Angle,V1: Travelling straight ahead / V2: Turning left,V1: S  / V2: W,Wet,Daylight,Rain,0.2,0,56,49,FALSE,41.89618753,-71.37039513
5166,5/16/2006,May,Tuesday,12:45,1,2,0,0,0,V1: Travelling straight ahead / V2: Slowing or stopped in traffic,V1: S  / V2: S,Dry,Daylight,Clear,0.45,0,56,48,FALSE,41.93396137,-71.28497308
5167,5/16/2006,May,Tuesday,15:41,1,1,0,0,Single vehicle crash,V1: Travelling straight ahead,V1: S,Wet,Daylight,Cloudy/Rain,0.45,0,56,48,FALSE,41.95499665,-71.30901102
5168,5/17/2006,May,Wednesday,8:54,2,2,0,0,Rear-end,V1: Travelling straight ahead / V2: Parked,V1: N  / V2: N,Dry,Daylight,Cloudy,0,0,71,48,FALSE,41.94422007,-71.28449565
5169,5/17/2006,May,Wednesday,21:00,1,2,0,0,Angle,V1: Turning left / V2: Travelling straight ahead,V1: S  / V2: 0,0,Dusk,Cloudy,0,0,71,48,FALSE,41.90964751,-71.36351027
5170,5/18/2006,May,Thursday,13:14,1,1,0,0,Single vehicle crash,V1: Travelling straight ahead,V1: S,Dry,Daylight,Cloudy,0,0,75,48,FALSE,41.95931508,-71.28774175
5171,5/18/2006,May,Thursday,18:45,2,2,1,0,Rear-end,V1: Slowing or stopped in traffic / V2: Travelling straight ahead,V1: N  / V2: 0,Dry,Daylight,Clear,0,0,75,48,FALSE,41.94470433,-71.2812252
5172,5/18/2006,May,Thursday,19:13,1,2,0,0,Angle,V1: Travelling straight ahead / V2: Turning left,V1: W  / V2: S,Dry,Daylight,Clear,0,0,75,48,FALSE,41.93411621,-71.29979908
5173,5/19/2006,May,Friday,11:38,1,2,0,0,Rear-end,V1: Slowing or stopped in traffic / V2: Slowing or stopped in traffic,V1: S  / V2: S,Wet,Daylight,Cloudy/Rain,0.29,0,66,51,FALSE,41.94382244,-71.2841693
5174,5/19/2006,May,Friday,19:37,1,2,0,0,Angle,V1: Changing lanes / V2: Turning left,V1: S  / V2: N,Dry,Daylight,Cloudy,0.29,0,66,51,FALSE,41.91331031,-71.36164987
5175,5/20/2006,May,Saturday,13:17,1,2,0,0,Angle,V1: Entering traffic lane / V2: Travelling straight ahead,V1: E  / V2: S,Dry,Daylight,Cloudy,0,0,69,49,FALSE,41.97499131,-71.27635074
5176,5/20/2006,May,Saturday,15:05,2,1,1,0,0,V1: Travelling straight ahead,V1: 0,Dry,Daylight,Clear,0,0,69,49,FALSE,41.90919367,-71.28879514
5177,5/21/2006,May,Sunday,11:00,2,1,1,0,Angle,V1: Turning right,V1: E,Dry,Daylight,Cloudy,0.29,0,71,42,FALSE,41.95076301,-71.27397064
5178,5/21/2006,May,Sunday,13:31,1,1,0,0,Single vehicle crash,V1: Travelling straight ahead,V1: S,Dry,Daylight,Clear,0.29,0,71,42,FALSE,41.91091062,-71.28176706
5179,5/21/2006,May,Sunday,16:58,2,2,2,0,Head-on,V1: Slowing or stopped in traffic / V2: Turning left,V1: S  / V2: N,Snow,Daylight,Clear,0.29,0,71,42,FALSE,34.24438675,-73.6513909
5180,5/21/2006,May,Sunday,16:59,1,2,0,0,Rear-end,V1: Slowing or stopped in traffic / V2: Slowing or stopped in traffic,V1: N  / V2: N,Wet,Daylight,Cloudy/Rain,0.29,0,71,42,FALSE,41.9396344,-71.26732859
5181,5/21/2006,May,Sunday,18:42,1,2,0,0,Rear-end,V1: Travelling straight ahead / V2: Travelling straight ahead,V1: N  / V2: N,Wet,Daylight,Cloudy/Rain,0.29,0,71,42,FALSE,41.96712418,-71.29097941
5182,5/21/2006,May,Sunday,18:50,2,2,2,0,0,V1: Turning left / V2: 0,V1: E  / V2: 0,Dry,Daylight,Cloudy,0.29,0,71,42,FALSE,41.9346977,-71.27777936
5183,5/21/2006,May,Sunday,22:40,2,2,1,0,"Sideswipe, same direction",V1: Travelling straight ahead / V2: Travelling straight ahead,V1: S  / V2: S,Dry,Dark - roadway not lighted,Clear,0.29,0,71,42,FALSE,41.8994166,-71.36667727
5184,5/22/2006,May,Monday,15:00,1,2,0,0,Angle,V1: Travelling straight ahead / V2: Entering traffic lane,V1: 0 / V2: 0,Dry,Daylight,Clear,0,0,67,42,FALSE,41.94382244,-71.2841693
5185,5/22/2006,May,Monday,15:59,2,2,1,0,Rear-end,V1: Slowing or stopped in traffic / V2: Travelling straight ahead,V1: S  / V2: S,Dry,Daylight,Clear,0,0,67,42,FALSE,41.90257689,-71.3560405
5186,5/22/2006,May,Monday,16:03,2,3,2,0,Rear-end,V1: Slowing or stopped in traffic / V2: Slowing or stopped in traffic / V3: Travelling straight ahead,V1: S  / V2: S  / V3: S,Dry,Daylight,Clear,0,0,67,42,FALSE,41.9110765,-71.36278231
5187,5/22/2006,May,Monday,16:47,1,2,0,0,0,V1: Travelling straight ahead / V2: Travelling straight ahead,V1: W  / V2: S,Dry,Daylight,Clear,0,0,67,42,FALSE,41.94231024,-71.28253433
5188,5/22/2006,May,Monday,18:10,1,2,0,0,0,V1: Slowing or stopped in traffic / V2: Overtaking/passing,V1: N  / V2: N,Dry,Daylight,Clear,0,0,67,42,FALSE,41.93623387,-71.28481203
5189,5/22/2006,May,Monday,19:51,2,1,1,0,0,V1: Travelling straight ahead,V1: S,Dry,Dusk,Clear,0,0,67,42,FALSE,41.95568257,-71.28823954
5190,5/22/2006,May,Monday,20:40,1,2,0,0,Rear-end,V1: Changing lanes / V2: Travelling straight ahead,V1: N  / V2: N,Dry,Dark - lighted roadway,Clear,0,0,67,42,FALSE,41.91553973,-71.36051813
5191,5/23/2006,May,Tuesday,11:13,1,2,0,0,Angle,V1: Travelling straight ahead / V2: Travelling straight ahead,V1: E  / V2: N,Dry,Daylight,Cloudy,0,0,64,42,FALSE,41.94470433,-71.2812252
5192,5/23/2006,May,Tuesday,13:22,2,2,1,0,Rear-end,V1: Travelling straight ahead / V2: 0,V1: N  / V2: N,Dry,Daylight,Cloudy,0,0,64,42,FALSE,34.24438675,-73.6513909
5193,5/23/2006,May,Tuesday,14:58,1,2,0,0,0,V1: Travelling straight ahead / V2: Travelling straight ahead,V1: W  / V2: E,Dry,Daylight,Clear,0,0,64,42,FALSE,41.93630519,-71.28829655
5194,5/24/2006,May,Wednesday,6:46,1,2,0,0,Angle,V1: Turning left / V2: Travelling straight ahead,V1: S  / V2: W,Dry,Daylight,Clear,0,0,72,45,FALSE,41.93409346,-71.29982899
5195,5/24/2006,May,Wednesday,7:01,1,2,0,0,Angle,V1: Backing / V2: Travelling straight ahead,V1: E  / V2: S,Dry,Daylight,Clear,0,0,72,45,FALSE,41.92222458,-71.25326768
5196,5/24/2006,May,Wednesday,8:25,1,2,0,0,"Sideswipe, same direction",V1: Changing lanes / V2: Travelling straight ahead,V1: N  / V2: N,Dry,Daylight,Clear,0,0,72,45,FALSE,41.91194929,-71.36233897
5197,5/24/2006,May,Wednesday,10:20,1,3,0,0,Rear-end,V1: Travelling straight ahead / V2: Travelling straight ahead / V3: Travelling straight ahead,V1: W  / V2: W  / V3: W,Dry,Daylight,Clear,0,0,72,45,FALSE,41.94290043,-71.28636176
5198,5/24/2006,May,Wednesday,13:10,1,2,0,0,"Sideswipe, same direction",V1: Turning right / V2: Turning right,V1: N  / V2: N,Dry,Daylight,Cloudy,0,0,72,45,FALSE,34.24438675,-73.6513909
5199,5/25/2006,May,Thursday,11:30,0,2,0,0,0,V1: Backing / V2: Parked,V1: E  / V2: 0,Dry,Daylight,Clear,0,0,79,41,FALSE,34.24438675,-73.6513909
5200,5/25/2006,May,Thursday,15:15,1,2,0,0,Angle,V1: Turning left / V2: Travelling straight ahead,V1: S  / V2: N,Dry,Daylight,Clear,0,0,79,41,FALSE,41.9120082,-71.2587778
5201,5/25/2006,May,Thursday,16:56,0,2,0,0,Angle,V1: Travelling straight ahead / V2: Turning left,V1: N  / V2: 0,Dry,Daylight,Clear,0,0,79,41,FALSE,41.96495942,-71.28974962
5202,5/25/2006,May,Thursday,17:10,1,3,0,0,0,V1: Slowing or stopped in traffic / V2: Slowing or stopped in traffic / V3: Travelling straight ahead,V1: N  / V2: N  / V3: N,Dry,Daylight,Clear,0,0,79,41,FALSE,41.91325585,-71.3590575
5203,5/25/2006,May,Thursday,17:38,1,2,0,0,Angle,V1: Turning left / V2: Travelling straight ahead,V1: 0 / V2: 0,Dry,Daylight,Clear,0,0,79,41,FALSE,41.92021182,-71.3569587
5204,5/25/2006,May,Thursday,23:57,2,2,1,0,Rear-end,V1: Travelling straight ahead / V2: Parked,V1: 0 / V2: 0,Dry,Dark - roadway not lighted,Clear,0,0,79,41,FALSE,41.94431902,-71.27435681
5205,5/26/2006,May,Friday,10:00,1,2,0,0,"Sideswipe, same direction",V1: Travelling straight ahead / V2: 0,V1: N  / V2: N,Dry,Daylight,Clear,0.03,0,81,56,FALSE,41.94691525,-71.29239216
5206,5/26/2006,May,Friday,12:06,1,2,0,0,Rear-end,V1: Slowing or stopped in traffic / V2: Backing,V1: S  / V2: S,Dry,Daylight,Cloudy,0.03,0,81,56,FALSE,41.94861042,-71.27758702
5207,5/27/2006,May,Saturday,9:30,1,2,0,0,"Sideswipe, opposite direction",V1: Backing / V2: 0,V1: 0 / V2: 0,Dry,Dark - lighted roadway,Clear,0.02,0,83,60,FALSE,41.97914912,-71.2738175
5208,5/27/2006,May,Saturday,10:30,1,2,0,0,Rear-end,V1: Slowing or stopped in traffic / V2: Slowing or stopped in traffic,V1: Reported but invalid / V2: Reported but invalid,Dry,Daylight,Clear,0.02,0,83,60,FALSE,41.93750876,-71.31688223
5209,5/27/2006,May,Saturday,11:00,1,2,0,0,Angle,V1: Entering traffic lane / V2: Travelling straight ahead,V1: N  / V2: S,Dry,Daylight,Cloudy,0.02,0,83,60,FALSE,41.9348634,-71.29887284
5210,5/27/2006,May,Saturday,12:05,1,2,0,0,Rear-end,V1: Slowing or stopped in traffic / V2: Backing,V1: 0 / V2: 0,Dry,Daylight,Clear,0.02,0,83,60,FALSE,41.94863015,-71.27756145
5211,5/27/2006,May,Saturday,12:29,2,1,1,0,Single vehicle crash,V1: Turning right,V1: S,Dry,Daylight,Clear,0.02,0,83,60,FALSE,41.93309921,-71.3205767
5212,5/27/2006,May,Saturday,15:02,2,2,2,0,Rear-end,V1: Travelling straight ahead / V2: Slowing or stopped in traffic,V1: W  / V2: W,Dry,Daylight,Cloudy,0.02,0,83,60,FALSE,41.91608626,-71.37759037
5213,5/29/2006,May,Monday,1:00,2,2,2,0,Rear-end,V1: Travelling straight ahead / V2: Travelling straight ahead,V1: S  / V2: S,Dry,Dark - roadway not lighted,Clear,0,0,85,58,FALSE,41.90137999,-71.36005421
5214,5/29/2006,May,Monday,10:15,1,2,0,0,Rear-end,V1: Slowing or stopped in traffic / V2: Travelling straight ahead,V1: W  / V2: W,Dry,Daylight,Clear,0,0,85,58,FALSE,41.94290043,-71.28636176
5215,5/29/2006,May,Monday,14:22,2,2,2,0,Rear-end,V1: Entering traffic lane / V2: Slowing or stopped in traffic,V1: N  / V2: N,Dry,Daylight,Clear,0,0,85,58,FALSE,41.90231125,-71.35597671
5216,5/30/2006,May,Tuesday,9:06,1,2,0,0,Angle,V1: Turning left / V2: Travelling straight ahead,V1: W  / V2: 0,Dry,Daylight,Clear,0,0,78,55,FALSE,41.94313451,-71.27152156
5217,5/30/2006,May,Tuesday,12:15,1,2,0,0,Rear-end,V1: Slowing or stopped in traffic / V2: Travelling straight ahead,V1: N  / V2: N,Dry,Daylight,Clear,0,0,78,55,FALSE,41.90257689,-71.3560405
5218,5/30/2006,May,Tuesday,15:50,1,2,0,0,Rear-end,V1: Travelling straight ahead / V2: Slowing or stopped in traffic,V1: E  / V2: E,Dry,Daylight,Clear,0,0,78,55,FALSE,41.93779791,-71.29348849
5219,5/31/2006,May,Wednesday,6:50,2,2,3,0,Angle,V1: Slowing or stopped in traffic / V2: Travelling straight ahead,V1: E  / V2: S,Dry,Daylight,Clear,0,0,82,54,FALSE,41.9346977,-71.27777936
5220,5/31/2006,May,Wednesday,16:48,2,2,2,0,Angle,V1: Turning left / V2: Travelling straight ahead,V1: S  / V2: N,Wet,Daylight,Rain,0,0,82,54,FALSE,41.94140605,-71.28436439
5221,6/1/2006,June,Thursday,0:00,1,2,0,0,Angle,V1: Travelling straight ahead / V2: Turning right,V1: S  / V2: N,Dry,Daylight,Clear,0.1,0,88,61,FALSE,41.94506736,-71.2800416
5222,6/1/2006,June,Thursday,13:44,1,1,0,0,Single vehicle crash,V1: Travelling straight ahead,V1: S,Dry,Daylight,Clear,0.1,0,88,61,FALSE,41.94450501,-71.28411703
5223,6/1/2006,June,Thursday,14:47,2,1,1,0,Angle,V1: Travelling straight ahead,V1: N,0,Daylight,Cloudy,0.1,0,88,61,FALSE,41.9483337,-71.27794679
5224,6/1/2006,June,Thursday,16:30,0,2,0,0,Rear-end,V1: Slowing or stopped in traffic / V2: Travelling straight ahead,V1: E  / V2: E,Dry,Daylight,Clear,0.1,0,88,61,FALSE,41.93393836,-71.3077318
5225,6/1/2006,June,Thursday,19:20,1,2,0,0,Angle,V1: Turning left / V2: Travelling straight ahead,V1: S  / V2: N,Dry,Daylight,Clear,0.1,0,88,61,FALSE,41.9472108,-71.28786501
5226,6/2/2006,June,Friday,19:46,1,1,0,0,Single vehicle crash,V1: Turning right,V1: S,Wet,Dusk,Cloudy/Rain,0.12,0,72,58,FALSE,41.95766478,-71.30340928
5227,6/2/2006,June,Friday,21:46,2,2,1,0,Rear-end,V1: Turning left / V2: Travelling straight ahead,V1: E  / V2: E,Dry,Dark - lighted roadway,Clear,0.12,0,72,58,FALSE,41.94245198,-71.28698244
5228,6/3/2006,June,Saturday,2:05,1,2,0,0,Rear-end,V1: Slowing or stopped in traffic / V2: Travelling straight ahead,V1: E  / V2: S,Wet,Dark - lighted roadway,Cloudy/Rain,1.97,0,59,51,FALSE,41.93840858,-71.28352591
5229,6/3/2006,June,Saturday,3:00,2,2,1,0,0,V1: Slowing or stopped in traffic / V2: Travelling straight ahead,V1: E  / V2: E,Wet,Daylight,Cloudy,1.97,0,59,51,FALSE,41.93396377,-71.31987069
5230,6/3/2006,June,Saturday,5:15,1,1,0,0,Single vehicle crash,V1: Slowing or stopped in traffic,V1: E,Wet,Daylight,Rain,1.97,0,59,51,FALSE,34.24438675,-73.6513909
5231,6/3/2006,June,Saturday,8:03,1,2,0,0,Rear-end,V1: Travelling straight ahead / V2: Travelling straight ahead,V1: E  / V2: E,Wet,Daylight,Cloudy,1.97,0,59,51,FALSE,41.9483337,-71.27794679
5232,6/3/2006,June,Saturday,12:25,1,2,0,0,Rear-end,V1: Turning right / V2: Travelling straight ahead,V1: 0 / V2: 0,Wet,Daylight,Rain,1.97,0,59,51,FALSE,41.95076302,-71.27397064
5233,6/3/2006,June,Saturday,13:12,2,2,1,0,Rear-end,V1: Travelling straight ahead / V2: Travelling straight ahead,V1: S  / V2: S,Wet,Daylight,Rain,1.97,0,59,51,FALSE,41.92644259,-71.35554103
5234,6/3/2006,June,Saturday,16:10,1,2,0,0,Rear-end,V1: Travelling straight ahead / V2: Travelling straight ahead,V1: E  / V2: E,Wet,Daylight,Rain,1.97,0,59,51,FALSE,41.95412407,-71.26131132
5235,6/4/2006,June,Sunday,10:02,2,1,1,0,Angle,V1: Travelling straight ahead,V1: S,Wet,Daylight,Cloudy,0.1,0,61,51,FALSE,41.94396167,-71.27662963
5236,6/4/2006,June,Sunday,11:30,0,2,0,0,Angle,V1: Parked / V2: 0,V1: W  / V2: 0,Wet,Daylight,Cloudy/Rain,0.1,0,61,51,FALSE,41.93401957,-71.28036831
5237,6/4/2006,June,Sunday,12:25,1,2,0,0,Rear-end,V1: Travelling straight ahead / V2: Slowing or stopped in traffic,V1: E  / V2: E,Dry,Daylight,Cloudy,0.1,0,61,51,FALSE,41.93874704,-71.29215576
5238,6/4/2006,June,Sunday,17:30,1,1,0,0,Single vehicle crash,V1: Travelling straight ahead,V1: E,Dry,Daylight,Clear,0.1,0,61,51,FALSE,41.91787004,-71.23217633
5239,6/4/2006,June,Sunday,20:00,3,3,0,1,"Sideswipe, same direction",V1: Changing lanes / V2: Travelling straight ahead / V3: Travelling straight ahead,V1: N  / V2: N  / V3: N,Dry,Dark - roadway not lighted,Clear,0.1,0,61,51,FALSE,41.9023479,-71.35585168
5240,6/5/2006,June,Monday,8:05,1,2,0,0,"Sideswipe, opposite direction",V1: Turning left / V2: Travelling straight ahead,V1: S  / V2: W,0,Daylight,Clear,0,0,74,54,FALSE,34.24438675,-73.6513909
5241,6/5/2006,June,Monday,8:05,2,2,1,0,Angle,V1: Turning left / V2: Travelling straight ahead,V1: 0 / V2: 0,Dry,Daylight,Clear,0,0,74,54,FALSE,41.95076301,-71.27397064
5242,6/5/2006,June,Monday,10:35,1,2,0,0,Rear-end,V1: Travelling straight ahead / V2: Travelling straight ahead,V1: N  / V2: N,Dry,Daylight,Clear,0,0,74,54,FALSE,41.9472108,-71.28786501
5243,6/5/2006,June,Monday,12:07,1,1,0,0,Single vehicle crash,V1: Travelling straight ahead,V1: W,Dry,Daylight,Clear,0,0,74,54,FALSE,41.95484304,-71.28856385
5244,6/5/2006,June,Monday,13:48,1,1,0,0,Single vehicle crash,V1: Travelling straight ahead,V1: W,Dry,Daylight,Clear,0,0,74,54,FALSE,41.94430004,-71.28137659
5245,6/5/2006,June,Monday,15:15,2,2,1,0,Rear-end,V1: Travelling straight ahead / V2: Slowing or stopped in traffic,V1: W  / V2: W,Dry,Daylight,Clear,0,0,74,54,FALSE,41.91891265,-71.31713881
5246,6/5/2006,June,Monday,15:40,1,2,0,0,Angle,V1: Turning right / V2: Parked,V1: E  / V2: N,Dry,Daylight,Clear,0,0,74,54,FALSE,41.90638529,-71.35691223
5247,6/5/2006,June,Monday,15:58,2,2,1,0,Rear-end,V1: Slowing or stopped in traffic / V2: Slowing or stopped in traffic,V1: 0 / V2: 0,Dry,Daylight,Clear,0,0,74,54,FALSE,41.95287787,-71.26899686
5248,6/5/2006,June,Monday,18:15,1,2,0,0,0,V1: Turning left / V2: Travelling straight ahead,V1: E  / V2: E,Dry,0,Clear,0,0,74,54,FALSE,41.93396377,-71.31987069
5249,6/6/2006,June,Tuesday,13:50,2,2,1,0,Rear-end,V1: Travelling straight ahead / V2: Slowing or stopped in traffic,V1: W  / V2: W,Dry,Daylight,Clear,0.17,0,74,52,FALSE,34.24438675,-73.6513909
5250,6/6/2006,June,Tuesday,19:45,1,2,0,0,Rear-end,V1: Travelling straight ahead / V2: Travelling straight ahead,V1: S  / V2: W,Dry,Dawn,Cloudy,0.17,0,74,52,FALSE,41.93304448,-71.28634923
5251,6/7/2006,June,Wednesday,6:34,0,2,0,0,Angle,V1: Travelling straight ahead / V2: Travelling straight ahead,V1: N  / V2: W,Wet,Dark - lighted roadway,Cloudy/Rain,4.96,0,58,52,FALSE,41.94214096,-71.28624864
5252,6/7/2006,June,Wednesday,7:36,1,2,0,0,Single vehicle crash,V1: Travelling straight ahead / V2: Turning left,V1: N  / V2: W,Wet,Daylight,Cloudy/Rain,4.96,0,58,52,FALSE,41.94231024,-71.28253433
5253,6/7/2006,June,Wednesday,10:47,2,2,1,0,Rear-end,V1: Slowing or stopped in traffic / V2: 0,V1: S  / V2: S,Dry,Daylight,Cloudy,4.96,0,58,52,FALSE,41.93357119,-71.30035285
5254,6/7/2006,June,Wednesday,18:20,1,1,0,0,Single vehicle crash,V1: Travelling straight ahead,V1: 0,Wet,Daylight,Rain,4.96,0,58,52,FALSE,41.93269195,-71.32821357
5255,6/8/2006,June,Thursday,9:53,1,2,0,0,Rear-end,V1: Travelling straight ahead / V2: Slowing or stopped in traffic,V1: W  / V2: W,Wet,Daylight,Cloudy/Rain,0.02,0,62,52,FALSE,41.95076301,-71.27397064
5256,6/8/2006,June,Thursday,16:16,2,3,1,0,Angle,V1: Turning left / V2: Travelling straight ahead / V3: Travelling straight ahead,V1: N  / V2: S  / V3: N,Dry,Daylight,Cloudy,0.02,0,62,52,FALSE,41.91619723,-71.35885587
5257,6/8/2006,June,Thursday,17:21,2,5,1,0,Rear-end,V1: Slowing or stopped in traffic / V2: Slowing or stopped in traffic / V3: Slowing or stopped in traffic / V4: Slowing or stopped in traffic / V5: Travelling straight ahead,V1: N  / V2: N  / V3: N  / V4: N  / V5: N,Dry,Daylight,Cloudy,0.02,0,62,52,FALSE,41.92913729,-71.35380452
5258,6/10/2006,June,Saturday,2:57,2,2,1,0,Angle,V1: Travelling straight ahead / V2: Travelling straight ahead,V1: W  / V2: S,Dry,Dark - lighted roadway,Clear,0.29,0,62,51,FALSE,41.93623387,-71.28481203
5259,6/10/2006,June,Saturday,8:36,2,2,2,0,Rear-end,V1: Slowing or stopped in traffic / V2: Slowing or stopped in traffic,V1: N  / V2: N,Wet,Daylight,Rain,0.29,0,62,51,FALSE,34.24438675,-73.6513909
5260,6/10/2006,June,Saturday,12:30,1,2,0,0,Rear-end,V1: Travelling straight ahead / V2: Slowing or stopped in traffic,V1: W  / V2: W,Wet,Daylight,Cloudy/Rain,0.29,0,62,51,FALSE,34.24438675,-73.6513909
5261,6/10/2006,June,Saturday,14:54,1,2,0,0,Angle,V1: Backing / V2: Travelling straight ahead,V1: 0 / V2: 0,Wet,Daylight,Rain,0.29,0,62,51,FALSE,41.96567722,-71.2554436
5262,6/10/2006,June,Saturday,16:00,0,2,0,0,Rear-end,V1: 0 / V2: 0,V1: N  / V2: N,Dry,Daylight,Clear,0.29,0,62,51,FALSE,41.95431521,-71.29671544
5263,6/10/2006,June,Saturday,16:17,1,2,0,0,Angle,V1: Travelling straight ahead / V2: Travelling straight ahead,V1: E  / V2: S,Dry,Daylight,Cloudy,0.29,0,62,51,FALSE,41.93524005,-71.27513601
5264,6/10/2006,June,Saturday,16:59,0,2,0,0,0,V1: Travelling straight ahead / V2: Parked,V1: N  / V2: N,Dry,Daylight,Cloudy,0.29,0,62,51,FALSE,34.24438675,-73.6513909
5265,6/11/2006,June,Sunday,1:30,1,1,0,0,Single vehicle crash,V1: Travelling straight ahead,V1: W,Wet,Dark - roadway not lighted,Rain,0.01,0,73,51,FALSE,41.95517492,-71.30396871
5266,6/11/2006,June,Sunday,14:03,2,2,3,0,Angle,V1: Turning right / V2: Travelling straight ahead,V1: E  / V2: S,Dry,Daylight,Clear,0.01,0,73,51,FALSE,41.9370756,-71.28238678
5267,6/12/2006,June,Monday,5:15,0,2,0,0,Rear-end,V1: Travelling straight ahead / V2: 0,V1: E  / V2: 0,Dry,Daylight,Clear,0,0,80,54,FALSE,34.24438675,-73.6513909
5268,6/12/2006,June,Monday,10:07,1,2,0,0,Single vehicle crash,V1: Parked / V2: 0,V1: 0 / V2: 0,Dry,Daylight,Clear,0,0,80,54,FALSE,41.93376673,-71.2974638
5269,6/12/2006,June,Monday,12:08,1,2,0,0,Angle,V1: Travelling straight ahead / V2: Travelling straight ahead,V1: S  / V2: E,Dry,Daylight,Clear,0,0,80,54,FALSE,41.94292045,-71.27681606
5270,6/12/2006,June,Monday,12:37,1,2,0,0,Angle,V1: Turning left / V2: Travelling straight ahead,V1: S  / V2: N,Dry,Daylight,Clear,0,0,80,54,FALSE,41.90998013,-71.35802082
5271,6/12/2006,June,Monday,14:23,1,2,0,0,"Sideswipe, same direction",V1: Turning left / V2: Travelling straight ahead,V1: S  / V2: S,Wet,Daylight,Cloudy/Rain,0,0,80,54,FALSE,41.92888802,-71.35392692
5272,6/13/2006,June,Tuesday,6:07,2,2,2,0,Angle,V1: Travelling straight ahead / V2: Turning left,V1: N  / V2: S,Dry,Daylight,Clear,0,0,85,60,FALSE,41.90998013,-71.35802082