ID,DATE,Month,Day of week,Crash Time,Crash Severity,Number of Vehicles,Total Nonfatal Injuries,Total Fatal Injuries,Manner of Collision,Vehicle Action Prior to Crash,Vehicle Travel Directions,Road Surface Condition,Ambient Light,Weather Condition,PRCP,SNOW,TMAX,TMIN,Ice,Longtitute,Latitute
5273,6/14/2006,June,Wednesday,4:48,1,2,0,0,Rear-end,V1: Travelling straight ahead / V2: Turning left,V1: E  / V2: E,Dry,Daylight,Clear,0,0,81,59,FALSE,41.9348634,-71.29887283
5274,6/14/2006,June,Wednesday,6:51,2,2,1,0,Head-on,V1: Turning left / V2: Travelling straight ahead,V1: N  / V2: S,Dry,Daylight,Clear,0,0,81,59,FALSE,41.94808966,-71.28065954
5275,6/14/2006,June,Wednesday,14:52,1,2,0,0,0,V1: Travelling straight ahead / V2: Travelling straight ahead,V1: S  / V2: S,Dry,Daylight,Clear,0,0,81,59,FALSE,41.90888883,-71.38069396
5276,6/15/2006,June,Thursday,4:48,1,2,0,0,0,V1: Backing / V2: Parked,V1: N  / V2: 0,Dry,Daylight,Clear,0,0,78,58,FALSE,41.91794304,-71.31550001
5277,6/15/2006,June,Thursday,8:15,1,2,0,0,Rear-end,V1: Travelling straight ahead / V2: Slowing or stopped in traffic,V1: W  / V2: W,Wet,Daylight,Cloudy/Rain,0,0,78,58,FALSE,34.24438675,-73.6513909
5278,6/15/2006,June,Thursday,9:53,0,2,0,0,0,V1: Backing / V2: Parked,V1: E  / V2: N,Dry,Daylight,Clear,0,0,78,58,FALSE,41.94195701,-71.28768183
5279,6/15/2006,June,Thursday,10:31,1,1,0,0,Single vehicle crash,V1: Travelling straight ahead,V1: W,Dry,Daylight,Cloudy,0,0,78,58,FALSE,41.94259636,-71.2837359
5280,6/16/2006,June,Friday,11:58,2,2,1,0,Angle,V1: Turning left / V2: Travelling straight ahead,V1: E  / V2: E,Dry,Daylight,Clear,0,0,87,55,FALSE,41.93742983,-71.26519759
5281,6/17/2006,June,Saturday,6:27,1,2,0,0,Angle,V1: Entering traffic lane / V2: Travelling straight ahead,V1: W  / V2: S,Dry,Daylight,Clear,0.03,0,86,57,FALSE,41.9370756,-71.28238678
5282,6/17/2006,June,Saturday,11:52,1,4,0,0,Rear-end,V1: Travelling straight ahead / V2: Travelling straight ahead / V3: Travelling straight ahead / V4: Travelling straight ahead,V1: E  / V2: E  / V3: E  / V4: E,Dry,Daylight,Clear,0.03,0,86,57,FALSE,41.92622248,-71.34599973
5283,6/17/2006,June,Saturday,13:38,1,2,0,0,Rear-end,V1: Backing / V2: Slowing or stopped in traffic,V1: W  / V2: E,Dry,Daylight,Clear,0.03,0,86,57,FALSE,41.92701333,-71.27707019
5284,6/18/2006,June,Sunday,9:40,2,2,1,0,Angle,V1: 0 / V2: 0,V1: 0 / V2: 0,Dry,Dark - lighted roadway,Clear,0,0,90,62,FALSE,41.93920171,-71.29154003
5285,6/18/2006,June,Sunday,11:54,1,2,0,0,Rear-end,V1: Turning right / V2: Slowing or stopped in traffic,V1: N  / V2: N,Dry,Daylight,Clear,0,0,90,62,FALSE,34.24438675,-73.6513909
5286,6/18/2006,June,Sunday,14:07,2,1,1,0,Single vehicle crash,V1: Travelling straight ahead,V1: S,Dry,Daylight,Clear,0,0,90,62,FALSE,41.93963981,-71.27244692
5287,6/18/2006,June,Sunday,23:34,2,3,1,0,Rear-end,V1: Travelling straight ahead / V2: Travelling straight ahead / V3: Travelling straight ahead,V1: N  / V2: N  / V3: N,Dry,Dark - lighted roadway,Clear,0,0,90,62,FALSE,34.24438675,-73.6513909
5288,6/19/2006,June,Monday,15:35,1,2,0,0,Angle,V1: Slowing or stopped in traffic / V2: 0,V1: 0 / V2: 0,Dry,Daylight,Clear,0,0,93,65,FALSE,41.91760691,-71.31957433
5289,6/19/2006,June,Monday,15:47,1,2,0,0,Angle,V1: Travelling straight ahead / V2: Travelling straight ahead,V1: 0 / V2: 0,Dry,Daylight,Clear,0,0,93,65,FALSE,41.9348634,-71.29887283
5290,6/19/2006,June,Monday,20:13,2,2,1,0,"Sideswipe, same direction",V1: Travelling straight ahead / V2: Travelling straight ahead,V1: S  / V2: S,Dry,Dusk,Clear,0,0,93,65,FALSE,41.90882151,-71.3639387
5291,6/19/2006,June,Monday,20:50,1,2,0,0,Rear-end,V1: Travelling straight ahead / V2: Travelling straight ahead,V1: S  / V2: S,Dry,Dark - lighted roadway,Clear,0,0,93,65,FALSE,34.24438675,-73.6513909
5292,6/19/2006,June,Monday,21:42,1,2,0,0,Angle,V1: Travelling straight ahead / V2: Travelling straight ahead,V1: S  / V2: S,Dry,Dark - roadway not lighted,Clear,0,0,93,65,FALSE,41.9589661,-71.30200935
5293,6/20/2006,June,Tuesday,9:22,1,2,0,0,Rear-end,V1: Slowing or stopped in traffic / V2: Travelling straight ahead,V1: W  / V2: W,Wet,Daylight,Cloudy/Rain,0.12,0,89,63,FALSE,41.93421769,-71.2996754
5294,6/20/2006,June,Tuesday,14:30,2,2,1,0,"Sideswipe, same direction",V1: Travelling straight ahead / V2: Changing lanes,V1: S  / V2: S,Dry,Daylight,Clear,0.12,0,89,63,FALSE,34.24438675,-73.6513909
5295,6/20/2006,June,Tuesday,15:41,1,2,0,0,Angle,V1: Entering traffic lane / V2: Travelling straight ahead,V1: N  / V2: E,Dry,Daylight,Clear,0.12,0,89,63,FALSE,41.90427301,-71.3349432
5296,6/21/2006,June,Wednesday,7:38,2,2,1,0,Rear-end,V1: Travelling straight ahead / V2: Travelling straight ahead,V1: S  / V2: S,Dry,Dusk,Clear,0,0,83,56,FALSE,41.93742983,-71.26519759
5297,6/21/2006,June,Wednesday,9:30,2,2,1,0,Angle,V1: Travelling straight ahead / V2: 0,V1: S  / V2: N,Dry,Daylight,Clear,0,0,83,56,FALSE,34.24438675,-73.6513909
5298,6/21/2006,June,Wednesday,10:45,2,2,3,0,Angle,V1: Turning left / V2: Travelling straight ahead,V1: E  / V2: N,Dry,Daylight,Clear,0,0,83,56,FALSE,41.90964751,-71.36351027
5299,6/21/2006,June,Wednesday,17:00,2,2,1,0,Angle,V1: Turning left / V2: Travelling straight ahead,V1: E  / V2: E,Dry,Daylight,Clear,0,0,83,56,FALSE,41.93397744,-71.31129493
5300,6/22/2006,June,Thursday,6:15,2,2,1,0,Angle,V1: Slowing or stopped in traffic / V2: Travelling straight ahead,V1: W  / V2: S,Dry,Daylight,Clear,0,0,85,59,FALSE,41.94458656,-71.27648461
5301,6/22/2006,June,Thursday,12:07,1,2,0,0,Angle,V1: Travelling straight ahead / V2: Turning left,V1: N  / V2: E,Dry,Daylight,Clear,0,0,85,59,FALSE,41.94771301,-71.27907673
5302,6/22/2006,June,Thursday,12:25,1,2,0,0,Angle,V1: Changing lanes / V2: Travelling straight ahead,V1: S  / V2: S,Dry,Daylight,Cloudy,0,0,85,59,FALSE,41.94450501,-71.28411703
5303,6/22/2006,June,Thursday,15:56,2,2,2,0,Rear-end,V1: Slowing or stopped in traffic / V2: Travelling straight ahead,V1: N  / V2: N,Dry,Daylight,Clear,0,0,85,59,FALSE,34.24438675,-73.6513909
5304,6/22/2006,June,Thursday,16:15,1,1,0,0,Single vehicle crash,V1: Travelling straight ahead,V1: S,Dry,Daylight,Clear,0,0,85,59,FALSE,34.24438675,-73.6513909
5305,6/22/2006,June,Thursday,19:15,2,2,1,0,Rear-end,V1: Slowing or stopped in traffic / V2: Slowing or stopped in traffic,V1: 0 / V2: 0,Dry,Dark - lighted roadway,Clear,0,0,85,59,FALSE,34.24438675,-73.6513909
5306,6/23/2006,June,Friday,8:45,0,2,0,0,"Sideswipe, opposite direction",V1: Slowing or stopped in traffic / V2: 0,V1: N  / V2: E,Dry,Daylight,Clear,0.02,0,89,66,FALSE,41.93569218,-71.28018883
5307,6/23/2006,June,Friday,10:54,1,2,0,0,Angle,V1: Entering traffic lane / V2: Travelling straight ahead,V1: S  / V2: W,Dry,Daylight,Clear,0.02,0,89,66,FALSE,34.24438675,-73.6513909
5308,6/23/2006,June,Friday,12:08,2,2,1,0,Angle,V1: Travelling straight ahead / V2: Turning left,V1: N  / V2: S,Dry,Daylight,Clear,0.02,0,89,66,FALSE,34.24438675,-73.6513909
5309,6/23/2006,June,Friday,13:20,0,2,0,0,0,V1: Slowing or stopped in traffic / V2: Travelling straight ahead,V1: 0 / V2: 0,Dry,Daylight,Clear,0.02,0,89,66,FALSE,41.95403041,-71.2643928
5310,6/23/2006,June,Friday,16:58,1,2,0,0,0,V1: Turning left / V2: 0,V1: E  / V2: 0,Dry,Daylight,Clear,0.02,0,89,66,FALSE,41.89733197,-71.36979234
5311,6/24/2006,June,Saturday,1:05,1,2,0,0,Angle,V1: Travelling straight ahead / V2: Travelling straight ahead,V1: S  / V2: S,Dry,Dark - roadway not lighted,Cloudy,2.53,0,71,67,FALSE,34.24438675,-73.6513909
5312,6/24/2006,June,Saturday,10:15,1,2,0,0,"Sideswipe, opposite direction",V1: Travelling straight ahead / V2: Turning left,V1: W  / V2: E,Dry,Dark - lighted roadway,Cloudy,2.53,0,71,67,FALSE,34.24438675,-73.6513909
5313,6/24/2006,June,Saturday,16:13,2,1,1,0,Single vehicle crash,V1: Changing lanes,V1: S,Wet,Daylight,Rain,2.53,0,71,67,FALSE,41.89841145,-71.37009489
5314,6/25/2006,June,Sunday,9:40,2,1,1,0,Single vehicle crash,V1: Travelling straight ahead,V1: S,"Water (standing, moving)",Daylight,Fog,1.92,0,68,65,FALSE,41.89841145,-71.37009489
5315,6/25/2006,June,Sunday,10:45,1,1,0,0,Single vehicle crash,V1: Travelling straight ahead,V1: S,"Water (standing, moving)",Daylight,Fog,1.92,0,68,65,FALSE,41.89841145,-71.37009489
5316,6/26/2006,June,Monday,13:37,1,2,0,0,Rear-end,V1: Travelling straight ahead / V2: Travelling straight ahead,V1: E  / V2: E,Dry,Daylight,Cloudy,0.03,0,83,67,FALSE,41.94466875,-71.28335786
5317,6/26/2006,June,Monday,15:02,1,2,0,0,Rear-end,V1: Travelling straight ahead / V2: Slowing or stopped in traffic,V1: W  / V2: W,Dry,Daylight,Clear,0.03,0,83,67,FALSE,41.95366691,-71.26596885
5318,6/26/2006,June,Monday,15:30,1,1,0,0,Single vehicle crash,V1: Travelling straight ahead,V1: E,Dry,Daylight,Clear,0.03,0,83,67,FALSE,41.93669511,-71.33031547
5319,6/26/2006,June,Monday,16:51,1,3,0,0,Rear-end,V1: Travelling straight ahead / V2: Slowing or stopped in traffic / V3: Slowing or stopped in traffic,V1: S  / V2: S  / V3: S,Dry,Daylight,Cloudy/Rain,0.03,0,83,67,FALSE,41.90672409,-71.36501212
5320,6/26/2006,June,Monday,19:04,1,2,0,0,Angle,V1: Travelling straight ahead / V2: Turning left,V1: N  / V2: S,Dry,Daylight,Clear,0.03,0,83,67,FALSE,41.92241545,-71.31336866
5321,6/26/2006,June,Monday,20:46,1,1,0,0,Single vehicle crash,V1: Turning left,V1: W,Dry,Dark - lighted roadway,Clear,0.03,0,83,67,FALSE,41.94361429,-71.27453022
5322,6/27/2006,June,Tuesday,9:39,1,2,0,0,Angle,V1: Entering traffic lane / V2: Travelling straight ahead,V1: N  / V2: S,Dry,Daylight,Clear,0,0,84,69,FALSE,41.91740411,-71.35962342
5323,6/27/2006,June,Tuesday,9:45,1,1,0,0,Single vehicle crash,V1: Making U-turn,V1: N,Dry,Daylight,Clear,0,0,84,69,FALSE,34.24438675,-73.6513909
5324,6/28/2006,June,Wednesday,2:05,2,1,1,0,Single vehicle crash,V1: Travelling straight ahead,V1: E,Dry,Dark - lighted roadway,Cloudy,0.12,0,78,68,FALSE,41.91342996,-71.32488182
5325,6/28/2006,June,Wednesday,14:27,2,2,1,0,Rear-end,V1: Slowing or stopped in traffic / V2: Travelling straight ahead,V1: S  / V2: S,Dry,Daylight,Clear,0.12,0,78,68,FALSE,41.91130764,-71.35852373
5326,6/28/2006,June,Wednesday,15:37,1,2,0,0,Angle,V1: Turning left / V2: Travelling straight ahead,V1: E  / V2: S,Dry,Daylight,Cloudy,0.12,0,78,68,FALSE,41.9265158,-71.3554906
5327,6/29/2006,June,Thursday,0:35,1,1,0,0,Single vehicle crash,V1: Leaving traffic lane,V1: S,Dry,Dark - roadway not lighted,Cloudy,0,0,75,68,FALSE,34.24438675,-73.6513909
5328,6/29/2006,June,Thursday,2:00,1,2,0,0,Angle,V1: Turning left / V2: Travelling straight ahead,V1: E  / V2: 0,Wet,Dark - lighted roadway,Fog,0,0,75,68,FALSE,41.9325533,-71.32892475
5329,6/29/2006,June,Thursday,8:00,1,2,0,0,"Sideswipe, same direction",V1: Travelling straight ahead / V2: Travelling straight ahead,V1: E  / V2: E,Dry,Daylight,Clear,0,0,75,68,FALSE,41.91982212,-71.35857678
5330,6/29/2006,June,Thursday,20:32,0,2,0,0,Angle,V1: Travelling straight ahead / V2: Travelling straight ahead,V1: N  / V2: W,Dry,Dark - lighted roadway,Clear,0,0,75,68,FALSE,41.95428602,-71.28497548
5331,6/30/2006,June,Friday,14:38,1,2,0,0,Rear-end,V1: Travelling straight ahead / V2: Travelling straight ahead,V1: W  / V2: W,Dry,Daylight,Clear,0.45,0,82,65,FALSE,41.95261187,-71.26977997
5332,7/1/2006,July,Saturday,8:51,2,2,1,0,0,V1: Turning left / V2: Travelling straight ahead,V1: E  / V2: W,Dry,Daylight,Clear,0,0,86,58,FALSE,41.9527334,-71.29440119
5333,7/1/2006,July,Saturday,16:29,1,2,0,0,Angle,V1: Travelling straight ahead / V2: Travelling straight ahead,V1: N  / V2: E,Dry,Daylight,Clear,0,0,86,58,FALSE,41.93249146,-71.28641665
5334,7/1/2006,July,Saturday,22:47,1,1,0,0,Single vehicle crash,V1: Changing lanes,V1: N,Dry,Dark - roadway not lighted,Clear,0,0,86,58,FALSE,34.24438675,-73.6513909
5335,7/3/2006,July,Monday,11:31,1,1,0,0,0,V1: 0,V1: W,Dry,Daylight,Clear,0,0,91,70,FALSE,41.93806227,-71.29125944
5336,7/4/2006,July,Tuesday,0:16,0,1,0,0,Single vehicle crash,V1: Travelling straight ahead,V1: W,Dry,Dark - lighted roadway,Clear,0.01,0,89,69,FALSE,41.91264408,-71.35897617
5337,7/4/2006,July,Tuesday,5:00,1,2,0,0,Rear-end,V1: Travelling straight ahead / V2: Changing lanes,V1: N  / V2: N,Dry,Daylight,Clear,0.01,0,89,69,FALSE,41.90015882,-71.36325484
5338,7/5/2006,July,Wednesday,12:50,1,2,0,0,Rear-end,V1: Travelling straight ahead / V2: Slowing or stopped in traffic,V1: N  / V2: N,Wet,Daylight,Cloudy/Rain,0.03,0,80,69,FALSE,41.9483337,-71.27794679
5339,7/5/2006,July,Wednesday,14:15,0,1,0,0,"Sideswipe, opposite direction",V1: Parked,V1: 0,Dry,Daylight,Clear,0.03,0,80,69,FALSE,41.94082921,-71.27860843
5340,7/5/2006,July,Wednesday,21:05,1,2,0,0,Rear-end,V1: Slowing or stopped in traffic / V2: Slowing or stopped in traffic,V1: N  / V2: N,Dry,Dark - lighted roadway,Clear,0.03,0,80,69,FALSE,41.92644259,-71.35554103
5341,7/6/2006,July,Thursday,1:12,1,1,0,0,Single vehicle crash,V1: Travelling straight ahead,V1: 0,Dry,Dark - lighted roadway,Cloudy,0.21,0,77,61,FALSE,41.90981173,-71.31541488
5342,7/7/2006,July,Friday,7:39,2,2,2,0,Angle,V1: Turning right / V2: Travelling straight ahead,V1: N  / V2: W,Dry,Daylight,Clear,0,0,84,56,FALSE,34.24438675,-73.6513909
5343,7/7/2006,July,Friday,8:55,1,2,0,0,Rear-end,V1: Travelling straight ahead / V2: Slowing or stopped in traffic,V1: E  / V2: E,Dry,Daylight,Clear,0,0,84,56,FALSE,41.93730437,-71.29419094
5344,7/7/2006,July,Friday,9:06,2,2,3,0,Rear-end,V1: Slowing or stopped in traffic / V2: Slowing or stopped in traffic,V1: W  / V2: W,Dry,Daylight,Clear,0,0,84,56,FALSE,41.95439319,-71.25487172
5345,7/7/2006,July,Friday,9:35,1,2,0,0,Angle,V1: Travelling straight ahead / V2: Turning left,V1: S  / V2: W,Dry,Daylight,Clear,0,0,84,56,FALSE,41.93946861,-71.28168616
5346,7/7/2006,July,Friday,11:09,1,1,0,0,Single vehicle crash,V1: Travelling straight ahead,V1: N,Dry,Daylight,Clear,0,0,84,56,FALSE,41.95517972,-71.30390129
5347,7/8/2006,July,Saturday,3:18,2,1,1,0,Single vehicle crash,V1: Travelling straight ahead,V1: W,Dry,Dark - lighted roadway,Clear,0,0,84,62,FALSE,41.90119106,-71.36880545
5348,7/8/2006,July,Saturday,17:25,1,2,0,0,"Sideswipe, same direction",V1: Travelling straight ahead / V2: 0,V1: S  / V2: S,Dry,Daylight,Clear,0,0,84,62,FALSE,41.91277883,-71.30919863
5349,7/8/2006,July,Saturday,17:55,1,2,0,0,Angle,V1: Travelling straight ahead / V2: Travelling straight ahead,V1: 0 / V2: 0,Dry,Daylight,Clear,0,0,84,62,FALSE,41.95428602,-71.28497548
5350,7/9/2006,July,Sunday,1:45,1,1,0,0,Single vehicle crash,V1: Entering traffic lane,V1: E,Dry,Dark - lighted roadway,Clear,0,0,87,62,FALSE,41.93399765,-71.3164087
5351,7/9/2006,July,Sunday,1:49,2,1,1,0,Single vehicle crash,V1: Overtaking/passing,V1: E,Dry,Dark - lighted roadway,Clear,0,0,87,62,FALSE,41.91905996,-71.36150836
5352,7/9/2006,July,Sunday,2:30,2,2,5,0,Angle,V1: Travelling straight ahead / V2: Travelling straight ahead,V1: W  / V2: N,Dry,Dark - lighted roadway,Clear,0,0,87,62,FALSE,41.91982212,-71.35857678
5353,7/9/2006,July,Sunday,15:05,2,2,1,0,Angle,V1: Turning left / V2: Overtaking/passing,V1: E  / V2: W,Dry,Daylight,Clear,0,0,87,62,FALSE,41.92387717,-71.35158914
5354,7/10/2006,July,Monday,13:30,2,3,2,0,Rear-end,V1: Travelling straight ahead / V2: Slowing or stopped in traffic / V3: Travelling straight ahead,V1: S  / V2: S  / V3: S,0,Daylight,Cloudy,0,0,86,66,FALSE,41.92644259,-71.35554103
5355,7/11/2006,July,Tuesday,5:00,1,2,0,0,Single vehicle crash,V1: Travelling straight ahead / V2: Turning left,V1: E  / V2: W,Dry,Daylight,Clear,0.01,0,84,68,FALSE,34.24438675,-73.6513909
5356,7/11/2006,July,Tuesday,15:39,1,2,0,0,Rear-end,V1: Entering traffic lane / V2: Entering traffic lane,V1: S  / V2: S,Dry,Daylight,Cloudy,0.01,0,84,68,FALSE,41.97001836,-71.2913735
5357,7/12/2006,July,Wednesday,22:13,1,1,0,0,Single vehicle crash,V1: Travelling straight ahead,V1: S,Wet,Dark - lighted roadway,Cloudy/Rain,0.09,0,83,69,FALSE,41.94140605,-71.28436439
5358,7/13/2006,July,Thursday,3:50,1,2,0,0,Single vehicle crash,V1: Travelling straight ahead / V2: 0,V1: S  / V2: 0,Dry,Daylight,Cloudy,0.1,0,74,63,FALSE,34.24438675,-73.6513909
5359,7/13/2006,July,Thursday,17:00,1,2,0,0,Angle,V1: Travelling straight ahead / V2: Travelling straight ahead,V1: W  / V2: N,Dry,Daylight,Clear,0.1,0,74,63,FALSE,41.95484304,-71.28856385
5360,7/14/2006,July,Friday,3:10,1,1,0,0,Single vehicle crash,V1: Travelling straight ahead,V1: S,Dry,Dark - lighted roadway,Clear,0,0,92,62,FALSE,41.92471891,-71.22801134
5361,7/14/2006,July,Friday,7:07,1,2,0,0,Rear-end,V1: Slowing or stopped in traffic / V2: Travelling straight ahead,V1: N  / V2: 0,Dry,Daylight,Clear,0,0,92,62,FALSE,41.90998013,-71.35802082
5362,7/15/2006,July,Saturday,8:46,2,2,1,0,Head-on,V1: Travelling straight ahead / V2: Turning left,V1: N  / V2: S,Dry,Daylight,Clear,0,0,88,65,FALSE,41.90200485,-71.32049696
5363,7/15/2006,July,Saturday,15:36,1,2,0,0,0,V1: Travelling straight ahead / V2: Making U-turn,V1: S  / V2: S,Dry,Daylight,Clear,0,0,88,65,FALSE,34.24438675,-73.6513909
5364,7/15/2006,July,Saturday,19:17,1,1,0,0,Single vehicle crash,V1: Travelling straight ahead,V1: S,Dry,Daylight,Clear,0,0,88,65,FALSE,41.93309921,-71.3205767
5365,7/16/2006,July,Sunday,19:30,0,2,0,0,Rear-end,V1: Travelling straight ahead / V2: 0,V1: N  / V2: 0,Dry,Daylight,Clear,0,0,92,68,FALSE,41.93463956,-71.2765295
5366,7/17/2006,July,Monday,9:00,1,2,0,0,0,V1: Travelling straight ahead / V2: Turning left,V1: W  / V2: S,Dry,Daylight,Clear,0,0,97,69,FALSE,41.93358571,-71.32352844
5367,7/17/2006,July,Monday,10:15,1,2,0,0,Single vehicle crash,V1: Turning left / V2: Slowing or stopped in traffic,V1: W  / V2: E,Dry,Daylight,Clear,0,0,97,69,FALSE,41.92014284,-71.35719783
5368,7/17/2006,July,Monday,10:20,1,2,0,0,0,V1: Backing / V2: Slowing or stopped in traffic,V1: S  / V2: S,Dry,Daylight,Clear,0,0,97,69,FALSE,41.94548184,-71.28559201
5369,7/17/2006,July,Monday,12:01,1,2,0,0,Rear-end,V1: Slowing or stopped in traffic / V2: Slowing or stopped in traffic,V1: S  / V2: S,Dry,Daylight,Clear,0,0,97,69,FALSE,41.92221104,-71.29333947
5370,7/18/2006,July,Tuesday,11:32,2,2,3,0,Angle,V1: Travelling straight ahead / V2: Travelling straight ahead,V1: W  / V2: S,Dry,Daylight,Clear,0.31,0,98,71,FALSE,41.9370756,-71.28238678
5371,7/18/2006,July,Tuesday,12:00,1,2,0,0,"Sideswipe, same direction",V1: Travelling straight ahead / V2: Travelling straight ahead,V1: S  / V2: S,Dry,Daylight,Clear,0.31,0,98,71,FALSE,41.91982212,-71.35857678
5372,7/18/2006,July,Tuesday,12:25,1,2,0,0,"Sideswipe, same direction",V1: Travelling straight ahead / V2: Slowing or stopped in traffic,V1: S  / V2: S,Dry,Daylight,Clear,0.31,0,98,71,FALSE,41.94213878,-71.28262423
5373,7/18/2006,July,Tuesday,15:50,2,3,3,0,Angle,V1: Travelling straight ahead / V2: Travelling straight ahead / V3: Travelling straight ahead,V1: S  / V2: S  / V3: N,Dry,Daylight,Clear,0.31,0,98,71,FALSE,34.24438675,-73.6513909
5374,7/18/2006,July,Tuesday,17:45,1,2,0,0,Rear-end,V1: Travelling straight ahead / V2: Travelling straight ahead,V1: N  / V2: N,Dry,Daylight,Clear,0.31,0,98,71,FALSE,41.9472108,-71.28786501
5375,7/20/2006,July,Thursday,8:15,1,2,0,0,Rear-end,V1: Slowing or stopped in traffic / V2: Slowing or stopped in traffic,V1: N  / V2: N,Dry,Daylight,Cloudy,0.06,0,78,64,FALSE,41.93624398,-71.26400311
5376,7/20/2006,July,Thursday,9:39,1,1,0,0,Single vehicle crash,V1: Travelling straight ahead,V1: E,Dry,Daylight,Clear,0.06,0,78,64,FALSE,41.95391955,-71.28247029
5377,7/21/2006,July,Friday,13:44,2,2,1,0,"Sideswipe, opposite direction",V1: Turning left / V2: Parked,V1: S  / V2: N,Dry,Daylight,Cloudy,0,0,86,66,FALSE,41.89642653,-71.37125251
5378,7/21/2006,July,Friday,17:28,1,2,0,0,Rear-end,V1: Travelling straight ahead / V2: Slowing or stopped in traffic,V1: E  / V2: E,Dry,Daylight,Clear,0,0,86,66,FALSE,41.90920404,-71.28729549
5379,7/22/2006,July,Saturday,9:24,1,2,0,0,Angle,V1: Slowing or stopped in traffic / V2: Travelling straight ahead,V1: W  / V2: S,Wet,Daylight,Cloudy/Rain,0.12,0,80,72,FALSE,41.93808003,-71.27597724
5380,7/22/2006,July,Saturday,14:30,1,2,0,0,Rear-end,V1: Slowing or stopped in traffic / V2: Travelling straight ahead,V1: S  / V2: S,Dry,Daylight,Cloudy,0.12,0,80,72,FALSE,41.92644259,-71.35554103
5381,7/22/2006,July,Saturday,16:59,1,2,0,0,0,V1: Travelling straight ahead / V2: 0,V1: W  / V2: S,Dry,Daylight,Clear,0.12,0,80,72,FALSE,41.92644259,-71.35554103
5382,7/23/2006,July,Sunday,20:00,2,3,1,0,Angle,V1: Changing lanes / V2: Travelling straight ahead / V3: Travelling straight ahead,V1: N  / V2: N  / V3: N,Dry,Daylight,Clear,0,0,79,65,FALSE,41.89773513,-71.37129221
5383,7/24/2006,July,Monday,0:14,1,2,0,0,0,V1: Entering traffic lane / V2: Travelling straight ahead,V1: N  / V2: S,Dry,Dark - 0 roadway lighting,Clear,0,0,87,60,FALSE,41.89858966,-71.35502581
5384,7/24/2006,July,Monday,6:23,1,2,0,0,0,V1: Slowing or stopped in traffic / V2: Travelling straight ahead,V1: S  / V2: S,Dry,Daylight,Clear,0,0,87,60,FALSE,41.89858966,-71.35502581
5385,7/24/2006,July,Monday,11:05,1,2,0,0,0,V1: Travelling straight ahead / V2: Travelling straight ahead,V1: N  / V2: E,Dry,Daylight,Clear,0,0,87,60,FALSE,41.93628409,-71.28608551
5386,7/24/2006,July,Monday,15:25,2,2,1,0,Angle,V1: Travelling straight ahead / V2: Travelling straight ahead,V1: W  / V2: S,Dry,Daylight,Clear,0,0,87,60,FALSE,41.94121777,-71.2768631
5387,7/24/2006,July,Monday,15:40,2,2,1,0,Rear-end,V1: Slowing or stopped in traffic / V2: Travelling straight ahead,V1: E  / V2: E,Dry,Daylight,Clear,0,0,87,60,FALSE,41.9092031,-71.2947782
5388,7/25/2006,July,Tuesday,10:00,1,2,0,0,"Sideswipe, same direction",V1: Travelling straight ahead / V2: 0,V1: E  / V2: E,Dry,Dark - lighted roadway,Clear,0,0,87,66,FALSE,41.95190095,-71.27130258
5389,7/25/2006,July,Tuesday,17:00,1,2,0,0,"Sideswipe, opposite direction",V1: Travelling straight ahead / V2: 0,V1: S  / V2: 0,Dry,Daylight,Clear,0,0,87,66,FALSE,41.93060813,-71.22583674
5390,7/26/2006,July,Wednesday,8:39,1,2,0,0,Rear-end,V1: Travelling straight ahead / V2: Travelling straight ahead,V1: S  / V2: S,Dry,Daylight,Clear,0,0,88,69,FALSE,41.95002911,-71.29008096
5391,7/26/2006,July,Wednesday,12:45,2,2,1,0,0,V1: Entering traffic lane / V2: Travelling straight ahead,V1: S  / V2: W,Dry,Daylight,Clear,0,0,88,69,FALSE,41.94757814,-71.27890389
5392,7/26/2006,July,Wednesday,16:05,2,2,1,0,Rear-end,V1: Travelling straight ahead / V2: Slowing or stopped in traffic,V1: E  / V2: E,Dry,Daylight,Clear,0,0,88,69,FALSE,41.93405012,-71.31579284
5393,7/27/2006,July,Thursday,7:50,1,2,0,0,Rear-end,V1: Travelling straight ahead / V2: Slowing or stopped in traffic,V1: W  / V2: W,Dry,Daylight,Clear,0,0,90,70,FALSE,41.97001836,-71.2913735
5394,7/27/2006,July,Thursday,12:31,2,3,4,0,Angle,V1: Slowing or stopped in traffic / V2: Entering traffic lane / V3: Travelling straight ahead,V1: N  / V2: E  / V3: S,Dry,Daylight,Clear,0,0,90,70,FALSE,41.90857957,-71.36406078
5395,7/27/2006,July,Thursday,13:47,1,2,0,0,Rear-end,V1: Travelling straight ahead / V2: Travelling straight ahead,V1: N  / V2: N,Dry,Daylight,Clear,0,0,90,70,FALSE,41.91325585,-71.3590575
5396,7/27/2006,July,Thursday,14:10,1,2,0,0,Angle,V1: Travelling straight ahead / V2: Turning right,V1: S  / V2: W,Dry,Daylight,Clear,0,0,90,70,FALSE,41.89618753,-71.37039513
5397,7/27/2006,July,Thursday,15:00,1,2,0,0,Rear-end,V1: Slowing or stopped in traffic / V2: 0,V1: N  / V2: 0,Dry,Daylight,Clear,0,0,90,70,FALSE,41.91982212,-71.35857678
5398,7/28/2006,July,Friday,6:50,1,2,0,0,0,V1: Travelling straight ahead / V2: Slowing or stopped in traffic,V1: 0 / V2: 0,Dry,Daylight,Clear,0.09,0,90,71,FALSE,41.94548184,-71.28559201
5399,7/28/2006,July,Friday,16:57,1,2,0,0,0,V1: Travelling straight ahead / V2: Travelling straight ahead,V1: N  / V2: 0,Dry,Daylight,Clear,0.09,0,90,71,FALSE,41.94450501,-71.28411703
5400,7/29/2006,July,Saturday,23:35,1,1,0,0,0,V1: Travelling straight ahead,V1: N,Dry,Daylight,Clear,0,0,92,67,FALSE,41.94217941,-71.30806298