ID,DATE,Month,Day of week,Crash Time,Crash Severity,Number of Vehicles,Total Nonfatal Injuries,Total Fatal Injuries,Manner of Collision,Vehicle Action Prior to Crash,Vehicle Travel Directions,Road Surface Condition,Ambient Light,Weather Condition,PRCP,SNOW,TMAX,TMIN,Ice,Longtitute,Latitute
5401,7/30/2006,July,Sunday,1:15,0,2,0,0,Angle,V1: Parked / V2: 0,V1: S  / V2: 0,Dry,Dark - lighted roadway,Clear,0,0,88,66,FALSE,41.91243499,-71.32089794
5402,7/30/2006,July,Sunday,1:45,1,1,0,0,Single vehicle crash,V1: 0,V1: N,Dry,Daylight,Clear,0,0,88,66,FALSE,34.24438675,-73.6513909
5403,7/30/2006,July,Sunday,23:45,1,2,0,0,"Sideswipe, opposite direction",V1: 0 / V2: 0,V1: 0 / V2: 0,0,0,Clear,0,0,88,66,FALSE,41.9072504,-71.36267482
5404,7/31/2006,July,Monday,11:50,1,2,0,0,Angle,V1: Travelling straight ahead / V2: Turning left,V1: S  / V2: N,Dry,Daylight,Clear,0,0,90,62,FALSE,41.94495215,-71.2846593
5405,7/31/2006,July,Monday,12:40,1,2,0,0,Rear-end,V1: Travelling straight ahead / V2: Slowing or stopped in traffic,V1: W  / V2: W,Dry,Daylight,Clear,0,0,90,62,FALSE,41.97001836,-71.2913735
5406,7/31/2006,July,Monday,13:35,1,2,0,0,0,V1: Travelling straight ahead / V2: 0,V1: E  / V2: 0,Dry,Daylight,Clear,0,0,90,62,FALSE,41.9370756,-71.28238678
5407,7/31/2006,July,Monday,15:49,1,2,0,0,Angle,V1: Turning right / V2: Travelling straight ahead,V1: S  / V2: S,Dry,Daylight,Clear,0,0,90,62,FALSE,41.89903243,-71.355186
5408,7/31/2006,July,Monday,19:19,2,2,1,0,Angle,V1: Travelling straight ahead / V2: Travelling straight ahead,V1: 0 / V2: 0,Dry,Daylight,Clear,0,0,90,62,FALSE,41.94470433,-71.2812252
5409,8/1/2006,August,Tuesday,18:30,2,2,1,0,"Sideswipe, opposite direction",V1: Turning left / V2: Travelling straight ahead,V1: N  / V2: W,Dry,Daylight,Clear,0,0,98,73,FALSE,41.94757814,-71.27890389
5410,8/2/2006,August,Wednesday,13:56,1,2,0,0,Angle,V1: Entering traffic lane / V2: Travelling straight ahead,V1: N  / V2: E,Dry,Daylight,Clear,0.1,0,101,74,FALSE,41.94121777,-71.2768631
5411,8/2/2006,August,Wednesday,15:45,2,2,2,0,Angle,V1: Travelling straight ahead / V2: Turning left,V1: S  / V2: N,Dry,Daylight,Clear,0.1,0,101,74,FALSE,41.95392578,-71.24372577
5412,8/2/2006,August,Wednesday,18:18,1,2,0,0,Rear-end,V1: Travelling straight ahead / V2: Turning left,V1: N  / V2: N,Dry,Daylight,Cloudy,0.1,0,101,74,FALSE,41.94495215,-71.2846593
5413,8/3/2006,August,Thursday,14:51,1,1,0,0,Single vehicle crash,V1: Travelling straight ahead,V1: N,0,Daylight,Clear,0,0,99,69,FALSE,41.96564986,-71.27175542
5414,8/4/2006,August,Friday,5:59,2,2,1,0,Angle,V1: Turning left / V2: Travelling straight ahead,V1: N  / V2: W,Dry,Daylight,Clear,0.06,0,79,67,FALSE,41.93405012,-71.31579284
5415,8/4/2006,August,Friday,7:50,2,2,3,0,Rear-end,V1: Turning left / V2: Slowing or stopped in traffic,V1: E  / V2: E,Wet,Daylight,Clear,0.06,0,79,67,FALSE,41.94910891,-71.27695151
5416,8/4/2006,August,Friday,12:15,1,2,0,0,Angle,V1: Travelling straight ahead / V2: Travelling straight ahead,V1: E  / V2: S,Dry,Daylight,Cloudy,0.06,0,79,67,FALSE,41.9370756,-71.28238678
5417,8/4/2006,August,Friday,12:25,1,1,0,0,Single vehicle crash,V1: Travelling straight ahead,V1: E,Dry,Daylight,Cloudy,0.06,0,79,67,FALSE,41.94430004,-71.28137659
5418,8/4/2006,August,Friday,20:50,2,2,1,0,Head-on,V1: Slowing or stopped in traffic / V2: Turning right,V1: E  / V2: W,Wet,0,Cloudy,0.06,0,79,67,FALSE,41.89733197,-71.36979234
5419,8/5/2006,August,Saturday,8:54,1,2,0,0,Rear-end,V1: Slowing or stopped in traffic / V2: Travelling straight ahead,V1: N  / V2: N,Dry,Daylight,Clear,0,0,89,65,FALSE,34.24438675,-73.6513909
5420,8/5/2006,August,Saturday,14:00,2,2,1,0,Rear-end,V1: Slowing or stopped in traffic / V2: Slowing or stopped in traffic,V1: E  / V2: E,Dry,Daylight,Clear,0,0,89,65,FALSE,41.92241545,-71.31336866
5421,8/5/2006,August,Saturday,18:35,1,2,0,0,"Sideswipe, same direction",V1: Travelling straight ahead / V2: Slowing or stopped in traffic,V1: S  / V2: S,Dry,Daylight,Cloudy/Rain,0,0,89,65,FALSE,41.95076302,-71.27397064
5422,8/6/2006,August,Sunday,0:45,1,1,0,0,Single vehicle crash,V1: Backing,V1: E,Dry,Dark - lighted roadway,Clear,0,0,85,57,FALSE,41.93258794,-71.30879091
5423,8/6/2006,August,Sunday,1:30,0,2,0,0,Angle,V1: Turning right / V2: Slowing or stopped in traffic,V1: S  / V2: E,Dry,Dark - lighted roadway,Clear,0,0,85,57,FALSE,41.95076301,-71.27397064
5424,8/6/2006,August,Sunday,8:50,2,2,1,0,Angle,V1: Travelling straight ahead / V2: Turning right,V1: W  / V2: W,Dry,Daylight,Clear,0,0,85,57,FALSE,41.9479997,-71.27838278
5425,8/7/2006,August,Monday,0:45,0,1,0,0,Single vehicle crash,V1: Travelling straight ahead,V1: S,Dry,Dark - lighted roadway,Clear,0.01,0,87,64,FALSE,41.95261187,-71.26977997
5426,8/7/2006,August,Monday,9:30,0,2,0,0,Single vehicle crash,V1: Slowing or stopped in traffic / V2: Travelling straight ahead,V1: 0 / V2: 0,Wet,Daylight,Cloudy,0.01,0,87,64,FALSE,41.91649569,-71.30362942
5427,8/7/2006,August,Monday,12:29,1,2,0,0,Angle,V1: Turning right / V2: Travelling straight ahead,V1: S  / V2: S,Dry,Daylight,Clear,0.01,0,87,64,FALSE,41.91025688,-71.36319886
5428,8/7/2006,August,Monday,12:30,1,2,0,0,Rear-end,V1: Slowing or stopped in traffic / V2: 0,V1: N  / V2: N,Dry,Daylight,Clear,0.01,0,87,64,FALSE,41.89860973,-71.36915309
5429,8/7/2006,August,Monday,16:35,1,1,0,0,Single vehicle crash,V1: Travelling straight ahead,V1: N,Dry,Daylight,Clear,0.01,0,87,64,FALSE,34.24438675,-73.6513909
5430,8/7/2006,August,Monday,20:03,2,2,2,0,0,V1: Turning left / V2: Travelling straight ahead,V1: N  / V2: S,Dry,Dark - lighted roadway,Cloudy,0.01,0,87,64,FALSE,41.90086769,-71.36799095
5431,8/8/2006,August,Tuesday,10:20,2,2,3,0,"Sideswipe, opposite direction",V1: Travelling straight ahead / V2: Travelling straight ahead,V1: N  / V2: W,Dry,Daylight,Clear,0,0,87,62,FALSE,41.92241545,-71.31336866
5432,8/8/2006,August,Tuesday,10:30,2,5,1,0,Rear-end,V1: Travelling straight ahead / V2: Slowing or stopped in traffic / V3: Travelling straight ahead / V4: Travelling straight ahead / V5: Slowing or stopped in traffic,V1: S  / V2: S  / V3: S  / V4: S  / V5: S,Dry,Daylight,Clear,0,0,87,62,FALSE,41.90238589,-71.35672422
5433,8/8/2006,August,Tuesday,10:30,0,4,0,0,0,V1: Travelling straight ahead / V2: 0 / V3: 0 / V4: 0,V1: S  / V2: 0 / V3: 0 / V4: 0,Dry,Daylight,Clear,0,0,87,62,FALSE,41.90238589,-71.35672422
5434,8/8/2006,August,Tuesday,16:05,2,2,1,0,Angle,V1: Turning left / V2: Travelling straight ahead,V1: E  / V2: W,Dry,Daylight,Clear,0,0,87,62,FALSE,41.93357119,-71.30035285
5435,8/9/2006,August,Wednesday,13:30,1,1,0,0,Single vehicle crash,V1: Travelling straight ahead,V1: S,Dry,Daylight,Clear,0,0,86,58,FALSE,41.95261187,-71.26977997
5436,8/9/2006,August,Wednesday,21:25,2,1,1,0,Single vehicle crash,V1: Changing lanes,V1: S,Dry,Dark - roadway not lighted,Clear,0,0,86,58,FALSE,41.93179791,-71.32166227
5437,8/10/2006,August,Thursday,8:11,2,2,1,0,Rear-end,V1: Slowing or stopped in traffic / V2: Changing lanes,V1: E  / V2: E,Dry,Daylight,Clear,0.25,0,89,62,FALSE,41.93409173,-71.31894301
5438,8/10/2006,August,Thursday,17:00,1,2,0,0,Rear-end,V1: Slowing or stopped in traffic / V2: Travelling straight ahead,V1: S  / V2: S,Dry,Daylight,Cloudy,0.25,0,89,62,FALSE,41.90964751,-71.36351027
5439,8/10/2006,August,Thursday,20:19,1,2,0,0,Rear-end,V1: Slowing or stopped in traffic / V2: Travelling straight ahead,V1: S  / V2: S,Dry,Dark - lighted roadway,Cloudy,0.25,0,89,62,FALSE,41.95484304,-71.28856385
5440,8/10/2006,August,Thursday,23:00,1,1,0,0,0,V1: Turning left,V1: W,Wet,Dark - lighted roadway,Cloudy/Rain,0.25,0,89,62,FALSE,41.9231384,-71.22902805
5441,8/11/2006,August,Friday,9:00,1,2,0,0,"Sideswipe, same direction",V1: Changing lanes / V2: Travelling straight ahead,V1: N  / V2: N,Dry,Daylight,Clear,0,0,78,56,FALSE,41.96842953,-71.29579622
5442,8/11/2006,August,Friday,11:31,1,2,0,0,Angle,V1: Travelling straight ahead / V2: Travelling straight ahead,V1: S  / V2: E,Dry,Daylight,Clear,0,0,78,56,FALSE,41.89618753,-71.37039513
5443,8/11/2006,August,Friday,14:23,1,2,0,0,Rear-end,V1: Slowing or stopped in traffic / V2: Slowing or stopped in traffic,V1: N  / V2: N,Dry,Daylight,Clear,0,0,78,56,FALSE,41.97001836,-71.2913735
5444,8/11/2006,August,Friday,18:57,1,2,0,0,Rear-end,V1: Backing / V2: 0,V1: E  / V2: N,Dry,Daylight,Clear,0,0,78,56,FALSE,41.8951588,-71.37228452
5445,8/11/2006,August,Friday,22:00,1,2,0,0,Angle,V1: Backing / V2: Parked,V1: 0 / V2: 0,Dry,Dark - roadway not lighted,Clear,0,0,78,56,FALSE,41.95278946,-71.26125252
5446,8/12/2006,August,Saturday,1:30,1,2,0,0,Angle,V1: Turning left / V2: Travelling straight ahead,V1: N  / V2: S,Dry,Daylight,Clear,0,0,78,50,FALSE,41.93421769,-71.2996754
5447,8/13/2006,August,Sunday,0:01,2,1,1,0,Single vehicle crash,V1: Travelling straight ahead,V1: N,Dry,Dark - lighted roadway,Clear,0,0,79,50,FALSE,41.9141107,-71.37253574
5448,8/13/2006,August,Sunday,1:25,2,2,1,0,Angle,V1: Entering traffic lane / V2: 0,V1: N  / V2: 0,Dry,Daylight,Clear,0,0,79,50,FALSE,34.24438675,-73.6513909
5449,8/13/2006,August,Sunday,16:50,1,2,0,0,Angle,V1: Turning left / V2: Travelling straight ahead,V1: E  / V2: W,Dry,Daylight,Clear,0,0,79,50,FALSE,41.92014284,-71.35719783
5450,8/13/2006,August,Sunday,19:30,1,1,0,0,Single vehicle crash,V1: Turning right,V1: N,Dry,Daylight,Clear,0,0,79,50,FALSE,41.95482059,-71.30196156
5451,8/14/2006,August,Monday,17:46,1,1,0,0,Single vehicle crash,V1: Travelling straight ahead,V1: N,Dry,Daylight,Clear,0,0,85,52,FALSE,41.9253616,-71.22486455
5452,8/15/2006,August,Tuesday,7:10,2,2,1,0,Head-on,V1: Travelling straight ahead / V2: Travelling straight ahead,V1: W  / V2: E,Dry,Daylight,Clear,0.72,0,79,66,FALSE,41.93050018,-71.26033847
5453,8/15/2006,August,Tuesday,12:33,1,2,0,0,Rear-end,V1: Slowing or stopped in traffic / V2: Slowing or stopped in traffic,V1: N  / V2: N,Wet,Daylight,Rain,0.72,0,79,66,FALSE,41.93624398,-71.26400311
5454,8/15/2006,August,Tuesday,13:19,2,2,1,0,Rear-end,V1: Travelling straight ahead / V2: Travelling straight ahead,V1: E  / V2: E,Wet,Daylight,Cloudy,0.72,0,79,66,FALSE,41.93874704,-71.29215576
5455,8/15/2006,August,Tuesday,16:08,1,2,0,0,Angle,V1: Slowing or stopped in traffic / V2: Travelling straight ahead,V1: E  / V2: S,Dry,Daylight,Clear,0.72,0,79,66,FALSE,41.95180679,-71.2898592
5456,8/16/2006,August,Wednesday,18:23,2,2,1,0,Rear-end,V1: Travelling straight ahead / V2: Travelling straight ahead,V1: S  / V2: S,Dry,Daylight,Clear,0,0,87,61,FALSE,41.90257689,-71.3560405
5457,8/16/2006,August,Wednesday,18:32,1,2,0,0,Rear-end,V1: Slowing or stopped in traffic / V2: Slowing or stopped in traffic,V1: S  / V2: S,Dry,Daylight,Clear,0,0,87,61,FALSE,34.24438675,-73.6513909
5458,8/16/2006,August,Wednesday,22:01,2,3,1,0,0,V1: Travelling straight ahead / V2: Travelling straight ahead / V3: Slowing or stopped in traffic,V1: N  / V2: W  / V3: S,Dry,Dark - 0 roadway lighting,Clear,0,0,87,61,FALSE,41.93269195,-71.32821357
5459,8/17/2006,August,Thursday,6:53,2,2,3,0,Angle,V1: Turning left / V2: Travelling straight ahead,V1: W  / V2: E,Dry,Daylight,Clear,0,0,84,58,FALSE,41.93524005,-71.27513601
5460,8/17/2006,August,Thursday,7:30,2,2,1,0,0,V1: Travelling straight ahead / V2: Travelling straight ahead,V1: E  / V2: E,Dry,Daylight,Clear,0,0,84,58,FALSE,41.93269195,-71.32821357
5461,8/17/2006,August,Thursday,12:41,1,2,0,0,Rear-end,V1: Travelling straight ahead / V2: Slowing or stopped in traffic,V1: S  / V2: S,Dry,Daylight,Clear,0,0,84,58,FALSE,41.92668553,-71.35537019
5462,8/17/2006,August,Thursday,16:49,1,2,0,0,0,V1: Slowing or stopped in traffic / V2: Turning left,V1: W  / V2: S,Dry,Daylight,Clear,0,0,84,58,FALSE,41.91816133,-71.25763887
5463,8/17/2006,August,Thursday,18:38,1,1,0,0,0,V1: Parked,V1: E,Dry,Daylight,Clear,0,0,84,58,FALSE,41.94002305,-71.27367676
5464,8/17/2006,August,Thursday,22:50,1,1,0,0,Single vehicle crash,V1: Travelling straight ahead,V1: S,Dry,Dark - 0 roadway lighting,Clear,0,0,84,58,FALSE,34.24438675,-73.6513909
5465,8/18/2006,August,Friday,6:50,2,2,1,0,Rear-end,V1: Slowing or stopped in traffic / V2: Slowing or stopped in traffic,V1: N  / V2: 0,Dry,Daylight,Clear,0,0,83,64,FALSE,41.93624398,-71.26400311
5466,8/18/2006,August,Friday,9:15,1,2,0,0,Rear-end,V1: Travelling straight ahead / V2: Travelling straight ahead,V1: S  / V2: S,Dry,Daylight,Clear,0,0,83,64,FALSE,41.97001836,-71.2913735
5467,8/18/2006,August,Friday,11:30,1,2,0,0,Rear-end,V1: Slowing or stopped in traffic / V2: Slowing or stopped in traffic,V1: N  / V2: N,Dry,Daylight,Clear,0,0,83,64,FALSE,41.92969804,-71.32243362
5468,8/18/2006,August,Friday,13:50,1,2,0,0,"Sideswipe, same direction",V1: Travelling straight ahead / V2: Changing lanes,V1: N  / V2: N,Dry,Daylight,Clear,0,0,83,64,FALSE,41.90247427,-71.35536633
5469,8/18/2006,August,Friday,20:50,1,3,0,0,Rear-end,V1: Travelling straight ahead / V2: Slowing or stopped in traffic / V3: Slowing or stopped in traffic,V1: N  / V2: 0 / V3: 0,Dry,Dark - lighted roadway,Clear,0,0,83,64,FALSE,41.92373883,-71.35688147
5470,8/19/2006,August,Saturday,14:04,1,2,0,0,"Sideswipe, same direction",V1: Changing lanes / V2: Travelling straight ahead,V1: S  / V2: S,Dry,Daylight,Clear,0.01,0,83,63,FALSE,41.92619805,-71.35570778
5471,8/19/2006,August,Saturday,15:00,1,2,0,0,Rear-end,V1: Travelling straight ahead / V2: Slowing or stopped in traffic,V1: S  / V2: S,Dry,Daylight,Clear,0.01,0,83,63,FALSE,41.92913729,-71.35380452
5472,8/19/2006,August,Saturday,15:00,1,1,0,0,Single vehicle crash,V1: Backing,V1: N,Dry,Daylight,Clear,0.01,0,83,63,FALSE,41.96568774,-71.29034845
5473,8/20/2006,August,Sunday,12:37,1,2,0,0,Angle,V1: Turning left / V2: Travelling straight ahead,V1: N  / V2: S,Dry,Daylight,Clear,2.07,0,85,65,FALSE,41.92644259,-71.35554103
5474,8/20/2006,August,Sunday,21:29,1,1,0,0,0,V1: Travelling straight ahead,V1: W,Wet,Dark - lighted roadway,Rain,2.07,0,85,65,FALSE,41.95322353,-71.27783269
5475,8/21/2006,August,Monday,7:09,1,2,0,0,Rear-end,V1: Turning right / V2: Travelling straight ahead,V1: S  / V2: S,Dry,Daylight,Clear,0.01,0,75,62,FALSE,41.90286797,-71.31937088
5476,8/21/2006,August,Monday,8:15,2,2,2,0,Rear-end,V1: Slowing or stopped in traffic / V2: Travelling straight ahead,V1: S  / V2: S,Dry,Daylight,Clear,0.01,0,75,62,FALSE,34.24438675,-73.6513909
5477,8/21/2006,August,Monday,9:53,1,3,0,0,Rear-end,V1: Slowing or stopped in traffic / V2: Slowing or stopped in traffic / V3: Slowing or stopped in traffic,V1: N  / V2: N  / V3: N,Dry,Daylight,Clear,0.01,0,75,62,FALSE,41.95180679,-71.2898592
5478,8/21/2006,August,Monday,12:30,2,2,2,0,Head-on,V1: Travelling straight ahead / V2: Travelling straight ahead,V1: S  / V2: E,Dry,Daylight,Clear,0.01,0,75,62,FALSE,41.94201587,-71.2912461
5479,8/21/2006,August,Monday,12:45,1,2,0,0,Angle,V1: Turning left / V2: Travelling straight ahead,V1: E  / V2: S,Dry,Daylight,Clear,0.01,0,75,62,FALSE,41.90857957,-71.36406078
5480,8/21/2006,August,Monday,16:31,1,1,0,0,Single vehicle crash,V1: Making U-turn,V1: S,Dry,Daylight,Clear,0.01,0,75,62,FALSE,41.93946861,-71.28168616
5481,8/21/2006,August,Monday,17:09,1,2,0,0,Rear-end,V1: Travelling straight ahead / V2: Travelling straight ahead,V1: 0 / V2: 0,Dry,Daylight,Clear,0.01,0,75,62,FALSE,34.24438675,-73.6513909
5482,8/23/2006,August,Wednesday,3:37,1,1,0,0,Rear-end,V1: Travelling straight ahead,V1: S,Dry,0,Cloudy,0,0,86,59,FALSE,41.92800616,-71.34504955
5483,8/23/2006,August,Wednesday,11:50,2,2,1,0,Rear-end,V1: Travelling straight ahead / V2: Travelling straight ahead,V1: S  / V2: S,Dry,Daylight,Cloudy,0,0,86,59,FALSE,41.91705936,-71.35858767
5484,8/23/2006,August,Wednesday,13:52,2,1,1,0,Single vehicle crash,V1: Travelling straight ahead,V1: W,Dry,Daylight,Clear,0,0,86,59,FALSE,41.94274018,-71.28432859
5485,8/23/2006,August,Wednesday,14:28,1,2,0,0,Rear-end,V1: Travelling straight ahead / V2: Slowing or stopped in traffic,V1: S  / V2: S,Dry,Daylight,Clear,0,0,86,59,FALSE,41.92908359,-71.3031829
5486,8/23/2006,August,Wednesday,17:51,1,2,0,0,Head-on,V1: Turning left / V2: Turning left,V1: S  / V2: N,Dry,Daylight,Clear,0,0,86,59,FALSE,41.91023124,-71.36321193
5487,8/23/2006,August,Wednesday,20:44,2,2,1,0,Rear-end,V1: Travelling straight ahead / V2: Parked,V1: N  / V2: N,Dry,Dark - roadway not lighted,Clear,0,0,86,59,FALSE,41.93022998,-71.32201369
5488,8/24/2006,August,Thursday,0:55,1,1,0,0,Single vehicle crash,V1: Turning right,V1: W,Dry,Dark - lighted roadway,Clear,0,0,77,59,FALSE,41.93716412,-71.28547995
5489,8/25/2006,August,Friday,11:02,1,2,0,0,Rear-end,V1: Slowing or stopped in traffic / V2: 0,V1: 0 / V2: 0,Dry,Daylight,Cloudy,0.48,0,65,58,FALSE,41.93405012,-71.31579284
5490,8/25/2006,August,Friday,12:45,2,2,2,0,Head-on,V1: Travelling straight ahead / V2: Travelling straight ahead,V1: E  / V2: W,Wet,Daylight,Rain,0.48,0,65,58,FALSE,41.90331673,-71.33324009
5491,8/25/2006,August,Friday,13:18,1,2,0,0,Angle,V1: Turning left / V2: Travelling straight ahead,V1: N  / V2: S,Wet,Daylight,Cloudy/Rain,0.48,0,65,58,FALSE,41.91194929,-71.36233897
5492,8/25/2006,August,Friday,14:42,1,2,0,0,Angle,V1: Turning left / V2: 0,V1: S  / V2: W,Wet,Daylight,Cloudy/Rain,0.48,0,65,58,FALSE,41.92387717,-71.35158914
5493,8/25/2006,August,Friday,15:01,1,2,0,0,0,V1: Travelling straight ahead / V2: Travelling straight ahead,V1: W  / V2: E,Wet,Daylight,Rain,0.48,0,65,58,FALSE,41.95026372,-71.2985466
5494,8/25/2006,August,Friday,21:27,1,2,0,0,"Sideswipe, opposite direction",V1: Travelling straight ahead / V2: Travelling straight ahead,V1: S  / V2: N,Dry,Dark - lighted roadway,Cloudy,0.48,0,65,58,FALSE,41.94018217,-71.28148236
5495,8/26/2006,August,Saturday,10:10,1,2,0,0,0,V1: Travelling straight ahead / V2: Travelling straight ahead,V1: N  / V2: N,Dry,Daylight,Clear,0,0,74,54,FALSE,41.93058727,-71.35318659
5496,8/26/2006,August,Saturday,11:20,1,2,0,0,0,V1: Travelling straight ahead / V2: Travelling straight ahead,V1: W  / V2: S,Dry,Daylight,Clear,0,0,74,54,FALSE,41.9118689,-71.3652303
5497,8/26/2006,August,Saturday,11:25,1,2,0,0,Angle,V1: Entering traffic lane / V2: Entering traffic lane,V1: S  / V2: S,Dry,Dark - lighted roadway,Clear,0,0,74,54,FALSE,41.97001836,-71.2913735
5498,8/26/2006,August,Saturday,23:19,2,1,2,0,Rear-end,V1: Slowing or stopped in traffic,V1: 0,Dry,Dark - lighted roadway,Clear,0,0,74,54,FALSE,41.97001836,-71.2913735
5499,8/27/2006,August,Sunday,15:04,1,2,0,0,Angle,V1: Turning left / V2: Travelling straight ahead,V1: S  / V2: N,Wet,Daylight,Cloudy/Rain,0.21,0,67,51,FALSE,41.91340256,-71.36160362
5500,8/28/2006,August,Monday,4:40,0,2,0,0,Rear-end,V1: Slowing or stopped in traffic / V2: Slowing or stopped in traffic,V1: S  / V2: S,Wet,Daylight,Cloudy,0.52,0,69,60,FALSE,41.95790619,-71.30271192
5501,8/28/2006,August,Monday,10:43,2,2,2,0,"Sideswipe, same direction",V1: Travelling straight ahead / V2: Changing lanes,V1: S  / V2: S,Dry,Daylight,Clear,0.52,0,69,60,FALSE,41.90272719,-71.35550871
5502,8/29/2006,August,Tuesday,13:28,1,2,0,0,Rear-end,V1: Travelling straight ahead / V2: Slowing or stopped in traffic,V1: S  / V2: S,Wet,Daylight,Cloudy/Rain,0.19,0,62,59,FALSE,41.91982212,-71.35857678
5503,8/29/2006,August,Tuesday,13:42,1,2,0,0,Rear-end,V1: Travelling straight ahead / V2: Turning left,V1: N  / V2: N,Wet,Daylight,Cloudy/Rain,0.19,0,62,59,FALSE,41.92809659,-71.35436768
5504,8/29/2006,August,Tuesday,14:31,1,2,0,0,Angle,V1: Travelling straight ahead / V2: Travelling straight ahead,V1: N  / V2: N,Wet,Daylight,Cloudy/Rain,0.19,0,62,59,FALSE,41.91406937,-71.36126683
5505,8/29/2006,August,Tuesday,16:38,1,2,0,0,Rear-end,V1: Travelling straight ahead / V2: Slowing or stopped in traffic,V1: S  / V2: S,Wet,Daylight,Cloudy/Rain,0.19,0,62,59,FALSE,41.93623387,-71.28481203
5506,8/30/2006,August,Wednesday,6:15,1,2,0,0,Angle,V1: Travelling straight ahead / V2: Travelling straight ahead,V1: 0 / V2: 0,Dry,Dawn,Clear,0.03,0,77,60,FALSE,41.94567675,-71.27441352
5507,8/30/2006,August,Wednesday,6:57,1,2,0,0,0,V1: Travelling straight ahead / V2: Turning left,V1: W  / V2: 0,Dry,Daylight,Clear,0.03,0,77,60,FALSE,41.91982212,-71.35857678
5508,8/30/2006,August,Wednesday,14:23,1,4,0,0,Rear-end,V1: Travelling straight ahead / V2: Slowing or stopped in traffic / V3: Slowing or stopped in traffic / V4: Slowing or stopped in traffic,V1: S  / V2: S  / V3: S  / V4: S,Dry,Daylight,Clear,0.03,0,77,60,FALSE,41.92508738,-71.35628348
5509,8/30/2006,August,Wednesday,18:00,2,2,1,0,Rear-end,V1: Slowing or stopped in traffic / V2: Travelling straight ahead,V1: S  / V2: S,Dry,Daylight,Clear,0.03,0,77,60,FALSE,41.9589661,-71.30200935
5510,8/31/2006,August,Thursday,18:13,2,2,1,0,Rear-end,V1: Entering traffic lane / V2: Entering traffic lane,V1: N  / V2: N,Dry,Dawn,Cloudy,0,0,76,50,FALSE,41.90231125,-71.35597671
5511,9/1/2006,September,Friday,8:34,1,1,0,0,Single vehicle crash,V1: Travelling straight ahead,V1: N,Dry,Daylight,Clear,0,0,73,52,FALSE,41.91339542,-71.37245995
5512,9/1/2006,September,Friday,14:11,1,2,0,0,Rear-end,V1: Entering traffic lane / V2: Entering traffic lane,V1: E  / V2: E,Dry,Daylight,Clear,0,0,73,52,FALSE,41.93396377,-71.31987069
5513,9/1/2006,September,Friday,16:10,1,2,0,0,Rear-end,V1: Backing / V2: Travelling straight ahead,V1: S  / V2: N,Dry,Daylight,Clear,0,0,73,52,FALSE,41.9447248,-71.27748104
5514,9/2/2006,September,Saturday,13:40,1,2,0,0,Rear-end,V1: Slowing or stopped in traffic / V2: Travelling straight ahead,V1: 0 / V2: 0,Dry,Daylight,Cloudy,0,0,67,58,FALSE,41.93799968,-71.29116187
5515,9/2/2006,September,Saturday,19:13,2,1,2,0,Single vehicle crash,V1: 0,V1: N,Dry,Dusk,Cloudy,0,0,67,58,FALSE,41.93996405,-71.28462076
5516,9/3/2006,September,Sunday,15:10,0,1,0,0,"Sideswipe, same direction",V1: Travelling straight ahead,V1: 0,Wet,Daylight,Rain,0.26,0,69,59,FALSE,41.94172858,-71.2694315
5517,9/3/2006,September,Sunday,15:44,1,2,0,0,"Sideswipe, same direction",V1: Travelling straight ahead / V2: Changing lanes,V1: S  / V2: S,Wet,Daylight,Cloudy/Rain,0.26,0,69,59,FALSE,41.91649751,-71.33448423
5518,9/3/2006,September,Sunday,21:20,1,2,0,0,"Sideswipe, opposite direction",V1: Travelling straight ahead / V2: Travelling straight ahead,V1: S  / V2: N,Dry,Dark - lighted roadway,Clear,0.26,0,69,59,FALSE,41.94413491,-71.27260127
5519,9/4/2006,September,Monday,15:58,2,1,1,0,Single vehicle crash,V1: Travelling straight ahead,V1: S,Dry,Daylight,Clear,0,0,75,56,FALSE,41.9136424,-71.34032976
5520,9/4/2006,September,Monday,18:45,1,2,0,0,Rear-end,V1: Slowing or stopped in traffic / V2: 0,V1: N  / V2: N,Dry,Daylight,Clear,0,0,75,56,FALSE,41.92508738,-71.35628348
5521,9/5/2006,September,Tuesday,5:00,1,2,0,0,Angle,V1: Backing / V2: Other,V1: 0 / V2: 0,Dry,Daylight,Clear,0.44,0,74,55,FALSE,41.94872868,-71.30182045
5522,9/5/2006,September,Tuesday,13:30,1,2,0,0,Angle,V1: Travelling straight ahead / V2: Turning left,V1: W  / V2: N,Dry,Daylight,Clear,0.44,0,74,55,FALSE,41.91982212,-71.35857678
5523,9/5/2006,September,Tuesday,15:27,2,1,1,0,Angle,V1: Slowing or stopped in traffic,V1: W,Dry,Daylight,Cloudy,0.44,0,74,55,FALSE,41.9339911,-71.30301574
5524,9/5/2006,September,Tuesday,16:42,2,2,1,0,Angle,V1: Travelling straight ahead / V2: Entering traffic lane,V1: N  / V2: W,Dry,Daylight,Cloudy,0.44,0,74,55,FALSE,41.92803608,-71.35440809
5525,9/5/2006,September,Tuesday,19:59,1,1,0,0,Single vehicle crash,V1: Travelling straight ahead,V1: N,Dry,Dark - lighted roadway,Clear,0.44,0,74,55,FALSE,41.91034789,-71.31495295
5526,9/8/2006,September,Friday,7:28,2,2,1,0,Rear-end,V1: Slowing or stopped in traffic / V2: Travelling straight ahead,V1: E  / V2: E,Dry,Daylight,Clear,0,0,80,55,FALSE,34.24438675,-73.6513909
5527,9/8/2006,September,Friday,23:10,1,1,0,0,"Sideswipe, same direction",V1: Travelling straight ahead,V1: S,Dry,Dark - roadway not lighted,Clear,0,0,80,55,FALSE,41.93750876,-71.31688223