ID,DATE,Month,Day of week,Crash Time,Crash Severity,Number of Vehicles,Total Nonfatal Injuries,Total Fatal Injuries,Manner of Collision,Vehicle Action Prior to Crash,Vehicle Travel Directions,Road Surface Condition,Ambient Light,Weather Condition,PRCP,SNOW,TMAX,TMIN,Ice,Longtitute,Latitute
5528,9/9/2006,September,Saturday,12:10,1,2,0,0,Angle,V1: Turning left / V2: Turning left,V1: E  / V2: W,Dry,Daylight,Clear,0,0,85,58,FALSE,41.93806227,-71.29125944
5529,9/9/2006,September,Saturday,15:52,0,2,0,0,Angle,V1: Slowing or stopped in traffic / V2: Backing,V1: N  / V2: W,Dry,Daylight,Clear,0,0,85,58,FALSE,34.24438675,-73.6513909
5530,9/9/2006,September,Saturday,20:59,2,2,1,0,Rear-end,V1: Entering traffic lane / V2: Slowing or stopped in traffic,V1: S  / V2: S,Dry,Dark - lighted roadway,Cloudy,0,0,85,58,FALSE,41.91360772,-71.36150084
5531,9/10/2006,September,Sunday,6:00,1,2,0,0,Angle,V1: Travelling straight ahead / V2: 0,V1: W  / V2: W,Dry,Daylight,Clear,0,0,69,47,FALSE,41.92014284,-71.35719783
5532,9/10/2006,September,Sunday,8:56,1,3,0,0,Rear-end,V1: Slowing or stopped in traffic / V2: Travelling straight ahead / V3: Travelling straight ahead,V1: S  / V2: S  / V3: S,Dry,Daylight,Clear,0,0,69,47,FALSE,41.90238589,-71.35672422
5533,9/10/2006,September,Sunday,18:21,2,2,2,0,Angle,V1: Changing lanes / V2: Travelling straight ahead,V1: W  / V2: W,Dry,Daylight,Cloudy,0,0,69,47,FALSE,41.92014284,-71.35719783
5534,9/10/2006,September,Sunday,20:15,1,2,0,0,Angle,V1: Turning left / V2: Travelling straight ahead,V1: S  / V2: W,Dry,Dark - lighted roadway,Clear,0,0,69,47,FALSE,41.95775757,-71.2694839
5535,9/11/2006,September,Monday,9:40,2,2,1,0,Rear-end,V1: Slowing or stopped in traffic / V2: Travelling straight ahead,V1: N  / V2: N,Dry,Daylight,Clear,0,0,67,44,FALSE,41.91902322,-71.35778764
5536,9/11/2006,September,Monday,10:56,1,2,0,0,"Sideswipe, same direction",V1: Turning left / V2: Overtaking/passing,V1: 0 / V2: 0,Dry,Daylight,Clear,0,0,67,44,FALSE,41.93358571,-71.32352844
5537,9/11/2006,September,Monday,16:50,1,2,0,0,Rear-end,V1: Entering traffic lane / V2: Entering traffic lane,V1: E  / V2: E,Dry,Daylight,Clear,0,0,67,44,FALSE,41.93405012,-71.31579284
5538,9/11/2006,September,Monday,18:25,1,2,0,0,"Sideswipe, same direction",V1: Travelling straight ahead / V2: Changing lanes,V1: W  / V2: W,Dry,Daylight,Clear,0,0,67,44,FALSE,41.93421769,-71.2996754
5539,9/12/2006,September,Tuesday,5:40,1,2,0,0,Rear-end,V1: Travelling straight ahead / V2: Slowing or stopped in traffic,V1: S  / V2: S,Dry,Daylight,Clear,0,0,68,42,FALSE,41.95551386,-71.30374052
5540,9/13/2006,September,Wednesday,1:50,1,2,0,0,0,V1: Turning left / V2: Turning left,V1: S  / V2: E,Dry,Dark - lighted roadway,Clear,0,0,70,42,FALSE,41.93742983,-71.26519759
5541,9/13/2006,September,Wednesday,14:45,1,2,0,0,Angle,V1: Turning left / V2: Travelling straight ahead,V1: S  / V2: N,Dry,Daylight,Clear,0,0,70,42,FALSE,41.90086769,-71.36799095
5542,9/14/2006,September,Thursday,0:00,1,2,0,0,0,V1: Turning left / V2: Parked,V1: 0 / V2: 0,Dry,Daylight,Clear,0.29,0,72,57,FALSE,34.24438675,-73.6513909
5543,9/14/2006,September,Thursday,11:17,1,2,0,0,Angle,V1: Turning left / V2: Parked,V1: E  / V2: 0,Dry,Daylight,Clear,0.29,0,72,57,FALSE,41.94344652,-71.28559566
5544,9/14/2006,September,Thursday,17:45,2,2,1,0,Rear-end,V1: Travelling straight ahead / V2: Travelling straight ahead,V1: W  / V2: W,Wet,Daylight,Rain,0.29,0,72,57,FALSE,41.95438915,-71.28561885
5545,9/15/2006,September,Friday,10:27,2,2,1,0,Rear-end,V1: Slowing or stopped in traffic / V2: Slowing or stopped in traffic,V1: W  / V2: W,Dry,Daylight,Clear,0.07,0,72,59,FALSE,41.9337042,-71.30126007
5546,9/15/2006,September,Friday,14:15,1,1,0,0,Single vehicle crash,V1: Travelling straight ahead,V1: N,Wet,Daylight,Rain,0.07,0,72,59,FALSE,41.89437791,-71.37591401
5547,9/15/2006,September,Friday,19:06,1,2,0,0,Angle,V1: Travelling straight ahead / V2: Turning left,V1: S  / V2: N,Wet,Dark - lighted roadway,Cloudy/Rain,0.07,0,72,59,FALSE,41.91198911,-71.36231857
5548,9/16/2006,September,Saturday,2:06,0,2,0,0,Rear-end,V1: Travelling straight ahead / V2: Parked,V1: S  / V2: 0,Dry,Dark - lighted roadway,Clear,0,0,78,54,FALSE,41.93853083,-71.28350362
5549,9/17/2006,September,Sunday,16:52,1,3,0,0,Angle,V1: 0 / V2: Travelling straight ahead / V3: Travelling straight ahead,V1: 0 / V2: S  / V3: S,Dry,Daylight,Clear,0,0,82,53,FALSE,41.90262608,-71.35587091
5550,9/18/2006,September,Monday,10:59,1,2,0,0,Angle,V1: Turning left / V2: Travelling straight ahead,V1: S  / V2: W,Dry,Daylight,Clear,0,0,82,61,FALSE,41.96939377,-71.29355357
5551,9/18/2006,September,Monday,15:28,1,2,0,0,"Sideswipe, opposite direction",V1: 0 / V2: 0,V1: W  / V2: E,Dry,Daylight,Clear,0,0,82,61,FALSE,41.95279587,-71.26925506
5552,9/18/2006,September,Monday,17:11,2,2,2,0,Rear-end,V1: Travelling straight ahead / V2: Slowing or stopped in traffic,V1: W  / V2: W,Dry,Daylight,Clear,0,0,82,61,FALSE,41.91905996,-71.36150836
5553,9/19/2006,September,Tuesday,5:33,1,4,0,0,Rear-end,V1: 0 / V2: Travelling straight ahead / V3: 0 / V4: Travelling straight ahead,V1: 0 / V2: N  / V3: 0 / V4: N,Dry,Daylight,Clear,0.69,0,81,62,FALSE,41.94450501,-71.28411703
5554,9/19/2006,September,Tuesday,9:51,1,2,0,0,"Sideswipe, same direction",V1: Turning left / V2: Travelling straight ahead,V1: N  / V2: N,Dry,Daylight,Cloudy,0.69,0,81,62,FALSE,41.94548184,-71.28559201
5555,9/19/2006,September,Tuesday,16:05,1,1,0,0,Single vehicle crash,V1: Travelling straight ahead,V1: N,Dry,Daylight,Clear,0.69,0,81,62,FALSE,41.9769553,-71.27777802
5556,9/19/2006,September,Tuesday,16:29,2,2,1,0,Rear-end,V1: Travelling straight ahead / V2: Slowing or stopped in traffic,V1: E  / V2: E,Dry,Daylight,Clear,0.69,0,81,62,FALSE,41.94984279,-71.27588115
5557,9/19/2006,September,Tuesday,18:33,1,2,0,0,Rear-end,V1: Travelling straight ahead / V2: Travelling straight ahead,V1: S  / V2: S,Dry,Daylight,Clear,0.69,0,81,62,FALSE,41.95568257,-71.28823954
5558,9/20/2006,September,Wednesday,9:30,1,2,0,0,Rear-end,V1: Travelling straight ahead / V2: Slowing or stopped in traffic,V1: N  / V2: N,Dry,Daylight,Clear,0.15,0,75,54,FALSE,41.91982212,-71.35857678
5559,9/20/2006,September,Wednesday,13:46,1,2,0,0,Rear-end,V1: Travelling straight ahead / V2: Travelling straight ahead,V1: N  / V2: N,Dry,Daylight,Clear,0.15,0,75,54,FALSE,41.94666472,-71.28742757
5560,9/20/2006,September,Wednesday,17:20,2,2,2,0,Rear-end,V1: Travelling straight ahead / V2: Travelling straight ahead,V1: S  / V2: S,Dry,Daylight,Clear,0.15,0,75,54,FALSE,41.90858125,-71.35758797
5561,9/20/2006,September,Wednesday,19:18,1,3,0,0,Rear-end,V1: Slowing or stopped in traffic / V2: Slowing or stopped in traffic / V3: Slowing or stopped in traffic,V1: S  / V2: S  / V3: S,Dry,Dark - lighted roadway,Clear,0.15,0,75,54,FALSE,41.92644259,-71.35554103
5562,9/21/2006,September,Thursday,6:40,1,2,0,0,Angle,V1: Backing / V2: Travelling straight ahead,V1: N  / V2: E,Dry,Daylight,Clear,0,0,68,45,FALSE,41.91499181,-71.38066289
5563,9/21/2006,September,Thursday,7:58,2,2,1,0,Angle,V1: Travelling straight ahead / V2: Turning left,V1: N  / V2: 0,Dry,Daylight,Clear,0,0,68,45,FALSE,41.96643836,-71.29074265
5564,9/22/2006,September,Friday,12:49,2,2,1,0,Angle,V1: Travelling straight ahead / V2: Turning left,V1: N  / V2: E,Dry,Daylight,Clear,0,0,72,40,FALSE,34.24438675,-73.6513909
5565,9/22/2006,September,Friday,12:51,1,2,0,0,Angle,V1: Entering traffic lane / V2: Travelling straight ahead,V1: W  / V2: N,Dry,Daylight,Clear,0,0,72,40,FALSE,41.91553973,-71.36051813
5566,9/22/2006,September,Friday,15:15,1,2,0,0,0,V1: Travelling straight ahead / V2: Turning left,V1: S  / V2: E,Dry,Daylight,Clear,0,0,72,40,FALSE,41.93405012,-71.31579284
5567,9/22/2006,September,Friday,19:42,1,2,0,0,Rear-end,V1: Parked / V2: Backing,V1: E  / V2: W,Dry,Dusk,Clear,0,0,72,40,FALSE,41.94525806,-71.27497007
5568,9/22/2006,September,Friday,22:24,2,2,1,0,Angle,V1: Travelling straight ahead / V2: Turning left,V1: N  / V2: E,Dry,Dark - lighted roadway,Clear,0,0,72,40,FALSE,41.91237047,-71.36212325
5569,9/22/2006,September,Friday,23:01,1,2,0,0,Angle,V1: Travelling straight ahead / V2: Travelling straight ahead,V1: W  / V2: N,Dry,Dark - lighted roadway,Clear,0,0,72,40,FALSE,41.93269195,-71.32821357
5570,9/22/2006,September,Friday,23:35,1,1,0,0,Single vehicle crash,V1: Travelling straight ahead,V1: E,Dry,Dark - roadway not lighted,Clear,0,0,72,40,FALSE,34.24438675,-73.6513909
5571,9/23/2006,September,Saturday,2:28,1,2,0,0,Angle,V1: Travelling straight ahead / V2: Travelling straight ahead,V1: N  / V2: N,Dry,Dark - roadway not lighted,Clear,0,0,71,55,FALSE,41.89919382,-71.36650022
5572,9/23/2006,September,Saturday,16:00,1,2,0,0,Angle,V1: Travelling straight ahead / V2: Turning left,V1: 0 / V2: 0,Dry,Daylight,Clear,0,0,71,55,FALSE,41.94757814,-71.27890389
5573,9/24/2006,September,Sunday,5:45,0,1,0,0,Single vehicle crash,V1: Changing lanes,V1: N,Dry,Daylight,Cloudy,0.27,0,80,61,FALSE,41.92014284,-71.35719783
5574,9/24/2006,September,Sunday,12:10,1,2,0,0,Rear-end,V1: Slowing or stopped in traffic / V2: Travelling straight ahead,V1: N  / V2: N,Dry,Daylight,Clear,0.27,0,80,61,FALSE,41.92644259,-71.35554103
5575,9/24/2006,September,Sunday,12:10,1,2,0,0,Rear-end,V1: Slowing or stopped in traffic / V2: Travelling straight ahead,V1: N  / V2: N,Dry,Daylight,Clear,0.27,0,80,61,FALSE,41.92644259,-71.35554103
5576,9/24/2006,September,Sunday,12:15,1,2,0,0,"Sideswipe, same direction",V1: Travelling straight ahead / V2: 0,V1: N  / V2: N,Dry,Dark - lighted roadway,Cloudy,0.27,0,80,61,FALSE,34.24438675,-73.6513909
5577,9/24/2006,September,Sunday,12:48,1,2,0,0,Rear-end,V1: 0 / V2: 0,V1: W  / V2: W,Dry,Daylight,Cloudy,0.27,0,80,61,FALSE,41.9258659,-71.3469767
5578,9/24/2006,September,Sunday,14:49,2,3,1,0,Rear-end,V1: Travelling straight ahead / V2: Slowing or stopped in traffic / V3: Slowing or stopped in traffic,V1: S  / V2: S  / V3: S,Dry,Daylight,Cloudy,0.27,0,80,61,FALSE,41.92014284,-71.35719783
5579,9/24/2006,September,Sunday,22:05,1,1,0,0,Single vehicle crash,V1: Backing,V1: W,Wet,Dark - lighted roadway,Cloudy,0.27,0,80,61,FALSE,41.9512752,-71.29732499
5580,9/25/2006,September,Monday,7:38,1,2,0,0,Angle,V1: Entering traffic lane / V2: Travelling straight ahead,V1: E  / V2: S,Wet,Daylight,Clear,0,0,71,47,FALSE,41.95180679,-71.2898592
5581,9/26/2006,September,Tuesday,11:10,1,2,0,0,Angle,V1: Travelling straight ahead / V2: Turning left,V1: N  / V2: N,Dry,Daylight,Clear,0,0,72,47,FALSE,34.24438675,-73.6513909
5582,9/26/2006,September,Tuesday,14:20,2,2,1,0,Angle,V1: Parked / V2: Other,V1: N  / V2: N,Dry,Daylight,Clear,0,0,72,47,FALSE,41.95311194,-71.30534849
5583,9/27/2006,September,Wednesday,22:44,2,1,1,0,Single vehicle crash,V1: Leaving traffic lane,V1: N,Dry,Dark - roadway not lighted,Clear,0,0,74,41,FALSE,41.95676812,-71.30280005
5584,9/29/2006,September,Friday,6:00,1,2,0,0,"Sideswipe, same direction",V1: Travelling straight ahead / V2: 0,V1: W  / V2: 0,Dry,Dawn,Clear,0.27,0,67,44,FALSE,41.95076301,-71.27397064
5585,9/29/2006,September,Friday,8:44,2,2,1,0,Rear-end,V1: Travelling straight ahead / V2: Travelling straight ahead,V1: N  / V2: N,Wet,Daylight,Cloudy/Rain,0.27,0,67,44,FALSE,34.24438675,-73.6513909
5586,9/29/2006,September,Friday,12:53,1,2,0,0,Angle,V1: Travelling straight ahead / V2: Turning left,V1: 0 / V2: 0,Wet,Daylight,Clear,0.27,0,67,44,FALSE,41.94379074,-71.29407807
5587,9/30/2006,September,Saturday,8:34,1,2,0,0,Rear-end,V1: Travelling straight ahead / V2: Slowing or stopped in traffic,V1: W  / V2: W,Dry,Daylight,Clear,0,0,66,38,FALSE,41.91723587,-71.37241026
5588,9/30/2006,September,Saturday,11:18,1,3,0,0,Rear-end,V1: Travelling straight ahead / V2: Travelling straight ahead / V3: 0,V1: W  / V2: W  / V3: W,Dry,Daylight,Clear,0,0,66,38,FALSE,41.93403731,-71.30601704
5589,9/30/2006,September,Saturday,11:18,2,1,1,0,Angle,V1: Travelling straight ahead,V1: E,Dry,Daylight,Cloudy,0,0,66,38,FALSE,41.90465254,-71.37247858
5590,9/30/2006,September,Saturday,12:01,1,2,0,0,Angle,V1: Entering traffic lane / V2: Travelling straight ahead,V1: E  / V2: S,Dry,Daylight,Clear,0,0,66,38,FALSE,41.91902322,-71.35778764
5591,9/30/2006,September,Saturday,16:18,1,2,0,0,"Sideswipe, same direction",V1: Travelling straight ahead / V2: Changing lanes,V1: S  / V2: S,Dry,Daylight,Clear,0,0,66,38,FALSE,34.24438675,-73.6513909
5592,10/1/2006,October,Sunday,10:44,1,1,0,0,Single vehicle crash,V1: Travelling straight ahead,V1: E,Wet,Daylight,Rain,0.53,0,58,51,FALSE,41.92111112,-71.35572735
5593,10/1/2006,October,Sunday,10:45,1,2,0,0,Rear-end,V1: Travelling straight ahead / V2: Slowing or stopped in traffic,V1: E  / V2: E,Wet,Daylight,Cloudy/Rain,0.53,0,58,51,FALSE,41.92743176,-71.34188419
5594,10/1/2006,October,Sunday,22:54,2,1,2,0,Single vehicle crash,V1: Travelling straight ahead,V1: S,Wet,Dark - lighted roadway,Cloudy,0.53,0,58,51,FALSE,41.96712418,-71.29097941
5595,10/2/2006,October,Monday,17:00,0,3,0,0,Rear-end,V1: Travelling straight ahead / V2: Travelling straight ahead / V3: Travelling straight ahead,V1: W  / V2: W  / V3: W,Dry,Daylight,Clear,0,0,69,46,FALSE,34.24438675,-73.6513909
5596,10/3/2006,October,Tuesday,8:02,2,2,1,0,Rear-end,V1: Travelling straight ahead / V2: Slowing or stopped in traffic,V1: E  / V2: E,Dry,Daylight,Clear,0,0,76,43,FALSE,41.93779791,-71.29348849
5597,10/3/2006,October,Tuesday,22:45,0,1,0,0,Single vehicle crash,V1: Turning right,V1: E,Wet,Dark - lighted roadway,Cloudy/Rain,0,0,76,43,FALSE,34.24438675,-73.6513909
5598,10/4/2006,October,Wednesday,0:52,1,2,0,0,Angle,V1: Travelling straight ahead / V2: Turning left,V1: E  / V2: W,Dry,Dark - lighted roadway,Clear,0,0,78,56,FALSE,41.92014284,-71.35719783
5599,10/4/2006,October,Wednesday,15:18,2,1,1,0,Angle,V1: Travelling straight ahead,V1: S,Dry,Daylight,Clear,0,0,78,56,FALSE,41.89903243,-71.355186
5600,10/4/2006,October,Wednesday,17:20,0,2,0,0,Angle,V1: Travelling straight ahead / V2: Travelling straight ahead,V1: N  / V2: N,Dry,Daylight,Clear,0,0,78,56,FALSE,41.91472409,-71.32187355
5601,10/5/2006,October,Thursday,1:49,1,2,0,0,Angle,V1: Turning left / V2: Overtaking/passing,V1: N  / V2: E,Snow,Daylight,Clear,0.24,0,68,44,FALSE,41.95451461,-71.24992613
5602,10/5/2006,October,Thursday,13:49,1,1,0,0,Angle,V1: Turning left,V1: N,Dry,Daylight,Clear,0.24,0,68,44,FALSE,41.95451461,-71.24992613
5603,10/5/2006,October,Thursday,16:40,2,2,3,0,Angle,V1: Travelling straight ahead / V2: Travelling straight ahead,V1: S  / V2: S,Dry,Daylight,Clear,0.24,0,68,44,FALSE,41.9589661,-71.30200935
5604,10/5/2006,October,Thursday,19:16,1,1,0,0,Single vehicle crash,V1: Travelling straight ahead,V1: S,Dry,Dark - lighted roadway,Clear,0.24,0,68,44,FALSE,41.95041949,-71.27469748
5605,10/5/2006,October,Thursday,19:42,0,2,0,0,0,V1: Travelling straight ahead / V2: Turning left,V1: W  / V2: E,Dry,Dark - lighted roadway,Clear,0.24,0,68,44,FALSE,34.24438675,-73.6513909
5606,10/5/2006,October,Thursday,20:00,2,1,1,0,Single vehicle crash,V1: Travelling straight ahead,V1: N,Dry,Dark - roadway not lighted,Clear,0.24,0,68,44,FALSE,41.95517972,-71.30390129
5607,10/5/2006,October,Thursday,20:05,1,2,0,0,Rear-end,V1: Slowing or stopped in traffic / V2: Travelling straight ahead,V1: S  / V2: S,Dry,Dark - lighted roadway,Clear,0.24,0,68,44,FALSE,41.92508738,-71.35628348
5608,10/6/2006,October,Friday,2:37,1,1,0,0,Single vehicle crash,V1: Travelling straight ahead,V1: S,Dry,Dark - lighted roadway,Cloudy,0,0,59,43,FALSE,34.24438675,-73.6513909
5609,10/6/2006,October,Friday,15:10,1,2,0,0,Rear-end,V1: Turning right / V2: Turning right,V1: 0 / V2: 0,Dry,Daylight,Clear,0,0,59,43,FALSE,41.93405012,-71.31579284
5610,10/6/2006,October,Friday,17:08,1,2,0,0,Angle,V1: Slowing or stopped in traffic / V2: Travelling straight ahead,V1: N  / V2: E,Dry,Daylight,Cloudy,0,0,59,43,FALSE,41.91711015,-71.37372238
5611,10/6/2006,October,Friday,17:24,1,2,0,0,Rear-end,V1: Slowing or stopped in traffic / V2: Slowing or stopped in traffic,V1: N  / V2: N,Dry,Daylight,Clear,0,0,59,43,FALSE,41.92969804,-71.32243362
5612,10/6/2006,October,Friday,17:42,2,1,1,0,Single vehicle crash,V1: Travelling straight ahead,V1: N,Dry,Daylight,Clear,0,0,59,43,FALSE,41.91740411,-71.35962342
5613,10/6/2006,October,Friday,18:05,1,2,0,0,Angle,V1: Entering traffic lane / V2: Travelling straight ahead,V1: 0 / V2: S,Dry,Daylight,Cloudy,0,0,59,43,FALSE,41.9348634,-71.29887283
5614,10/7/2006,October,Saturday,22:46,1,2,0,0,Rear-end,V1: Travelling straight ahead / V2: Slowing or stopped in traffic,V1: N  / V2: N,Dry,Dark - lighted roadway,Clear,0,0,64,40,FALSE,34.24438675,-73.6513909
5615,10/8/2006,October,Sunday,13:00,1,2,0,0,Angle,V1: Turning left / V2: Travelling straight ahead,V1: S  / V2: W,Dry,Daylight,Clear,0,0,72,35,FALSE,34.24438675,-73.6513909
5616,10/8/2006,October,Sunday,16:49,1,2,0,0,Angle,V1: Travelling straight ahead / V2: Turning left,V1: 0 / V2: 0,Dry,Daylight,Clear,0,0,72,35,FALSE,41.94313451,-71.27152156
5617,10/8/2006,October,Sunday,18:32,1,1,0,0,Single vehicle crash,V1: Travelling straight ahead,V1: S,Dry,Dark - lighted roadway,Clear,0,0,72,35,FALSE,41.96643836,-71.29074265
5618,10/9/2006,October,Monday,11:15,2,2,1,0,Angle,V1: Entering traffic lane / V2: Travelling straight ahead,V1: W  / V2: E,Dry,Dark - lighted roadway,Clear,0,0,81,40,FALSE,41.95076301,-71.27397064
5619,10/9/2006,October,Monday,15:30,1,2,0,0,Angle,V1: Turning left / V2: Travelling straight ahead,V1: N  / V2: 0,Dry,Dawn,Clear,0,0,81,40,FALSE,41.95195286,-71.28460099
5620,10/9/2006,October,Monday,17:30,1,3,0,0,Angle,V1: Making U-turn / V2: Backing / V3: Backing,V1: 0 / V2: 0 / V3: 0,Dry,Daylight,Clear,0,0,81,40,FALSE,41.95195286,-71.28460099
5621,10/9/2006,October,Monday,18:50,1,2,0,0,Rear-end,V1: Slowing or stopped in traffic / V2: Travelling straight ahead,V1: S  / V2: S,Dry,Dark - lighted roadway,Clear,0,0,81,40,FALSE,34.24438675,-73.6513909
5622,10/10/2006,October,Tuesday,7:15,2,2,1,0,Rear-end,V1: Travelling straight ahead / V2: Slowing or stopped in traffic,V1: S  / V2: S,Dry,Daylight,Clear,0,0,71,49,FALSE,41.90223058,-71.35625816
5623,10/10/2006,October,Tuesday,11:08,2,2,2,0,"Sideswipe, same direction",V1: Travelling straight ahead / V2: Travelling straight ahead,V1: N  / V2: N,Dry,Daylight,Clear,0,0,71,49,FALSE,41.90998013,-71.35802082
5624,10/10/2006,October,Tuesday,14:25,1,1,0,0,Rear-end,V1: Parked,V1: 0,Dry,0,Clear,0,0,71,49,FALSE,41.93533003,-71.27809329
5625,10/10/2006,October,Tuesday,15:56,1,2,0,0,Rear-end,V1: Travelling straight ahead / V2: 0,V1: S  / V2: S,Dry,Daylight,Clear,0,0,71,49,FALSE,41.93457798,-71.29922805
5626,10/11/2006,October,Wednesday,7:22,0,2,0,0,Rear-end,V1: Travelling straight ahead / V2: Travelling straight ahead,V1: N  / V2: N,Dry,Daylight,Clear,0.46,0,61,48,FALSE,41.96643836,-71.29074265
5627,10/11/2006,October,Wednesday,8:15,1,1,0,0,Single vehicle crash,V1: Travelling straight ahead,V1: S,Dry,Daylight,Clear,0.46,0,61,48,FALSE,41.89841145,-71.37009489
5628,10/11/2006,October,Wednesday,18:04,1,2,0,0,Rear-end,V1: Slowing or stopped in traffic / V2: Travelling straight ahead,V1: S  / V2: S,Wet,Dusk,Cloudy/Rain,0.46,0,61,48,FALSE,41.91705936,-71.35858767
5629,10/11/2006,October,Wednesday,18:05,1,2,0,0,Rear-end,V1: Slowing or stopped in traffic / V2: Travelling straight ahead,V1: S  / V2: S,Wet,Dark - roadway not lighted,Cloudy/Rain,0.46,0,61,48,FALSE,41.9589661,-71.30200935
5630,10/11/2006,October,Wednesday,18:10,2,1,1,0,0,V1: Slowing or stopped in traffic,V1: S,Wet,Dark - lighted roadway,Rain,0.46,0,61,48,FALSE,41.95287787,-71.26899686
5631,10/12/2006,October,Thursday,5:00,1,1,0,0,Single vehicle crash,V1: Travelling straight ahead,V1: S,Wet,Dark - lighted roadway,Rain,0.63,0,74,54,FALSE,41.89841145,-71.37009489
5632,10/12/2006,October,Thursday,17:24,1,3,0,0,Rear-end,V1: Slowing or stopped in traffic / V2: Slowing or stopped in traffic / V3: Travelling straight ahead,V1: N  / V2: N  / V3: N,Dry,Daylight,Cloudy,0.63,0,74,54,FALSE,34.24438675,-73.6513909
5633,10/13/2006,October,Friday,7:00,1,2,0,0,"Sideswipe, opposite direction",V1: Parked / V2: Travelling straight ahead,V1: E  / V2: W,Dry,Daylight,Clear,0,0,59,36,FALSE,41.92302502,-71.35315111
5634,10/13/2006,October,Friday,7:25,1,3,0,0,0,V1: Travelling straight ahead / V2: Travelling straight ahead / V3: Travelling straight ahead,V1: E  / V2: W  / V3: W,Dry,Daylight,Clear,0,0,59,36,FALSE,41.95452286,-71.25058779
5635,10/13/2006,October,Friday,7:46,1,2,0,0,Rear-end,V1: Travelling straight ahead / V2: Slowing or stopped in traffic,V1: N  / V2: N,Snow,Daylight,Clear,0,0,59,36,FALSE,41.90331408,-71.33105041
5636,10/13/2006,October,Friday,11:22,2,2,2,0,Rear-end,V1: Travelling straight ahead / V2: Slowing or stopped in traffic,V1: S  / V2: 0,Dry,Daylight,Clear,0,0,59,36,FALSE,41.90964751,-71.36351027
5637,10/13/2006,October,Friday,14:24,1,2,0,0,Rear-end,V1: Travelling straight ahead / V2: Travelling straight ahead,V1: S  / V2: S,Dry,Daylight,Clear,0,0,59,36,FALSE,41.93096417,-71.35302241
5638,10/13/2006,October,Friday,14:45,2,2,1,0,Rear-end,V1: Travelling straight ahead / V2: Slowing or stopped in traffic,V1: S  / V2: S,Dry,Daylight,Clear,0,0,59,36,FALSE,34.24438675,-73.6513909
5639,10/14/2006,October,Saturday,0:52,1,2,0,0,Angle,V1: Travelling straight ahead / V2: Turning left,V1: E  / V2: W,Dry,Dark - lighted roadway,Clear,0,0,61,30,TRUE,41.92014284,-71.35719783
5640,10/14/2006,October,Saturday,2:48,2,1,1,0,Single vehicle crash,V1: Slowing or stopped in traffic,V1: W,Dry,Dark - lighted roadway,Clear,0,0,61,30,TRUE,41.921835,-71.22927407
5641,10/14/2006,October,Saturday,13:00,1,3,0,0,Rear-end,V1: Slowing or stopped in traffic / V2: Travelling straight ahead / V3: Travelling straight ahead,V1: S  / V2: S  / V3: S,Dry,Daylight,Clear,0,0,61,30,TRUE,41.92644259,-71.35554103
5642,10/15/2006,October,Sunday,3:30,2,1,1,0,Single vehicle crash,V1: Travelling straight ahead,V1: N,Dry,Dark - lighted roadway,Clear,0,0,60,34,FALSE,41.95869296,-71.28766892
5643,10/15/2006,October,Sunday,17:08,2,1,2,0,Single vehicle crash,V1: Travelling straight ahead,V1: W,Dry,Daylight,Cloudy,0,0,60,34,FALSE,41.95401918,-71.26445837
5644,10/15/2006,October,Sunday,19:20,1,2,0,0,Angle,V1: Turning right / V2: Travelling straight ahead,V1: N  / V2: E,Dry,Dark - lighted roadway,Cloudy,0,0,60,34,FALSE,41.94066438,-71.28948653
5645,10/16/2006,October,Monday,2:50,2,1,1,0,Single vehicle crash,V1: Travelling straight ahead,V1: N,Dry,Dark - roadway not lighted,Clear,0,0,62,32,TRUE,34.24438675,-73.6513909
5646,10/16/2006,October,Monday,6:30,1,4,0,0,Rear-end,V1: Entering traffic lane / V2: Entering traffic lane / V3: Entering traffic lane / V4: Entering traffic lane,V1: N  / V2: N  / V3: N  / V4: N,Dry,Daylight,Clear,0,0,62,32,TRUE,41.92969804,-71.32243362
5647,10/16/2006,October,Monday,7:50,1,2,0,0,Rear-end,V1: Slowing or stopped in traffic / V2: Slowing or stopped in traffic,V1: N  / V2: N,Dry,Dawn,Clear,0,0,62,32,TRUE,41.92446027,-71.28906707
5648,10/16/2006,October,Monday,10:07,1,2,0,0,Rear-end,V1: Travelling straight ahead / V2: Turning left,V1: E  / V2: E,Dry,Daylight,Clear,0,0,62,32,TRUE,34.24438675,-73.6513909
5649,10/16/2006,October,Monday,18:08,1,2,0,0,Angle,V1: Turning left / V2: Travelling straight ahead,V1: E  / V2: N,Dry,Dusk,Clear,0,0,62,32,TRUE,41.89618753,-71.37039513
5650,10/17/2006,October,Tuesday,10:06,1,1,0,0,"Sideswipe, same direction",V1: Travelling straight ahead,V1: 0,Dry,Daylight,Cloudy,0.16,0,55,34,FALSE,34.24438675,-73.6513909
5651,10/18/2006,October,Wednesday,1:30,1,2,0,0,Rear-end,V1: Parked / V2: Travelling straight ahead,V1: 0 / V2: 0,Dry,Dark - lighted roadway,Clear,0.12,0,71,50,FALSE,41.94165061,-71.27945159
5652,10/18/2006,October,Wednesday,7:05,1,2,0,0,Angle,V1: Travelling straight ahead / V2: Travelling straight ahead,V1: S  / V2: 0,Dry,Daylight,Cloudy,0.12,0,71,50,FALSE,41.96939377,-71.29355357