ID,DATE,Month,Day of week,Crash Time,Crash Severity,Number of Vehicles,Total Nonfatal Injuries,Total Fatal Injuries,Manner of Collision,Vehicle Action Prior to Crash,Vehicle Travel Directions,Road Surface Condition,Ambient Light,Weather Condition,PRCP,SNOW,TMAX,TMIN,Ice,Longtitute,Latitute
5653,10/18/2006,October,Wednesday,7:10,1,2,0,0,Angle,V1: Travelling straight ahead / V2: Travelling straight ahead,V1: S  / V2: W,Wet,Daylight,Cloudy/Rain,0.12,0,71,50,FALSE,34.24438675,-73.6513909
5654,10/18/2006,October,Wednesday,7:30,2,1,1,0,Rear-end,V1: Entering traffic lane,V1: N,Dry,Dawn,Clear,0.12,0,71,50,FALSE,41.93806227,-71.29125944
5655,10/18/2006,October,Wednesday,20:30,1,2,0,0,Head-on,V1: Turning left / V2: Travelling straight ahead,V1: S  / V2: N,Dry,Dark - lighted roadway,Clear,0.12,0,71,50,FALSE,41.93269195,-71.32821357
5656,10/19/2006,October,Thursday,7:00,1,2,0,0,Rear-end,V1: Travelling straight ahead / V2: Slowing or stopped in traffic,V1: N  / V2: N,Dry,Other,Cloudy,0,0,64,47,FALSE,41.956426,-71.30313034
5657,10/19/2006,October,Thursday,7:49,1,2,0,0,"Sideswipe, same direction",V1: Overtaking/passing / V2: Turning left,V1: 0 / V2: 0,Dry,Daylight,Cloudy,0,0,64,47,FALSE,41.90440239,-71.32520364
5658,10/19/2006,October,Thursday,16:45,1,2,0,0,Rear-end,V1: Entering traffic lane / V2: Entering traffic lane,V1: N  / V2: N,Dry,Daylight,Cloudy,0,0,64,47,FALSE,41.89972564,-71.35520786
5659,10/19/2006,October,Thursday,17:00,2,2,2,0,Rear-end,V1: Travelling straight ahead / V2: Slowing or stopped in traffic,V1: W  / V2: W,Dry,Daylight,Clear,0,0,64,47,FALSE,34.24438675,-73.6513909
5660,10/19/2006,October,Thursday,18:27,2,2,1,0,Angle,V1: Travelling straight ahead / V2: Entering traffic lane,V1: E  / V2: S,Dry,Dusk,Clear,0,0,64,47,FALSE,41.91198911,-71.36231857
5661,10/19/2006,October,Thursday,20:25,2,2,1,0,Rear-end,V1: Slowing or stopped in traffic / V2: Travelling straight ahead,V1: S  / V2: S,Dry,Dark - lighted roadway,Clear,0,0,64,47,FALSE,41.90272719,-71.35550871
5662,10/20/2006,October,Friday,4:43,2,2,1,0,Angle,V1: Travelling straight ahead / V2: Entering traffic lane,V1: N  / V2: W,Wet,Dark - lighted roadway,Rain,0.63,0,64,43,FALSE,41.9370756,-71.28238678
5663,10/20/2006,October,Friday,10:00,1,1,0,0,Single vehicle crash,V1: Travelling straight ahead,V1: S,Dry,Dark - roadway not lighted,Clear,0.63,0,64,43,FALSE,34.24438675,-73.6513909
5664,10/20/2006,October,Friday,14:37,1,1,0,0,Single vehicle crash,V1: Travelling straight ahead,V1: 0,Wet,Daylight,Rain,0.63,0,64,43,FALSE,41.95262823,-71.26885171
5665,10/20/2006,October,Friday,14:55,1,3,0,0,Rear-end,V1: Turning left / V2: 0 / V3: 0,V1: N  / V2: 0 / V3: 0,Wet,Daylight,Rain,0.63,0,64,43,FALSE,41.91915631,-71.35770303
5666,10/20/2006,October,Friday,17:18,1,2,0,0,Rear-end,V1: Travelling straight ahead / V2: Slowing or stopped in traffic,V1: W  / V2: W,Wet,Daylight,Cloudy/Rain,0.63,0,64,43,FALSE,41.94007226,-71.29032337
5667,10/20/2006,October,Friday,20:12,2,2,1,0,Rear-end,V1: Travelling straight ahead / V2: Travelling straight ahead,V1: 0 / V2: 0,Dry,Dark - lighted roadway,Clear,0.63,0,64,43,FALSE,41.90930355,-71.35781776
5668,10/20/2006,October,Friday,22:45,1,2,0,0,Angle,V1: Backing / V2: 0,V1: W  / V2: 0,Dry,Dark - lighted roadway,Cloudy,0.63,0,64,43,FALSE,34.24438675,-73.6513909
5669,10/21/2006,October,Saturday,14:33,0,2,0,0,Angle,V1: Travelling straight ahead / V2: Turning left,V1: N  / V2: W,Dry,Daylight,Clear,0,0,57,39,FALSE,41.94140605,-71.28436439
5670,10/21/2006,October,Saturday,20:12,1,2,0,0,Rear-end,V1: Travelling straight ahead / V2: Changing lanes,V1: N  / V2: 0,Dry,Dark - lighted roadway,Clear,0,0,57,39,FALSE,41.89541252,-71.37076533
5671,10/22/2006,October,Sunday,4:15,2,1,1,0,Single vehicle crash,V1: Leaving traffic lane,V1: N,Dry,Dark - lighted roadway,Clear,0.05,0,60,31,TRUE,41.90223058,-71.35625816
5672,10/22/2006,October,Sunday,19:37,1,2,0,0,Angle,V1: Entering traffic lane / V2: Travelling straight ahead,V1: E  / V2: N,Dry,Dark - lighted roadway,Cloudy,0.05,0,60,31,TRUE,41.9370756,-71.28238678
5673,10/22/2006,October,Sunday,23:16,1,1,0,0,Single vehicle crash,V1: Travelling straight ahead,V1: W,Dry,Dark - lighted roadway,Cloudy,0.05,0,60,31,TRUE,41.94430004,-71.28137659
5674,10/23/2006,October,Monday,5:33,2,2,1,0,0,V1: Slowing or stopped in traffic / V2: Travelling straight ahead,V1: S  / V2: E,Dry,Daylight,Clear,0.2,0,58,40,FALSE,41.94290043,-71.28636176
5675,10/24/2006,October,Tuesday,23:18,1,1,0,0,Single vehicle crash,V1: Other,V1: S,Dry,Dark - roadway not lighted,Clear,0,0,51,41,FALSE,34.24438675,-73.6513909
5676,10/25/2006,October,Wednesday,18:20,1,2,0,0,Single vehicle crash,V1: Turning left / V2: Travelling straight ahead,V1: S  / V2: N,Dry,Dark - lighted roadway,Clear,0,0,56,39,FALSE,41.91194929,-71.36233897
5677,10/25/2006,October,Wednesday,19:12,2,2,1,0,Angle,V1: Travelling straight ahead / V2: Travelling straight ahead,V1: E  / V2: S,Dry,Dark - lighted roadway,Clear,0,0,56,39,FALSE,41.93421769,-71.2996754
5678,10/25/2006,October,Wednesday,21:30,1,1,0,0,Single vehicle crash,V1: Travelling straight ahead,V1: E,Dry,Dark - lighted roadway,Clear,0,0,56,39,FALSE,41.94157405,-71.26925625
5679,10/26/2006,October,Thursday,7:55,2,1,1,0,Angle,V1: Travelling straight ahead,V1: W,Dry,Daylight,Clear,0,0,54,37,FALSE,41.94563994,-71.27937153
5680,10/26/2006,October,Thursday,16:46,1,2,0,0,Angle,V1: Turning left / V2: Travelling straight ahead,V1: S  / V2: N,Dry,Daylight,Clear,0,0,54,37,FALSE,41.89733197,-71.36979234
5681,10/26/2006,October,Thursday,21:14,1,2,0,0,"Sideswipe, same direction",V1: Changing lanes / V2: Travelling straight ahead,V1: S  / V2: S,Dry,Dark - lighted roadway,Cloudy,0,0,54,37,FALSE,41.91982212,-71.35857678
5682,10/27/2006,October,Friday,7:00,2,2,1,0,Angle,V1: Travelling straight ahead / V2: Travelling straight ahead,V1: S  / V2: W,Dry,Daylight,Clear,0,0,55,29,TRUE,41.9348634,-71.29887283
5683,10/28/2006,October,Saturday,9:02,2,1,1,0,Single vehicle crash,V1: Travelling straight ahead,V1: S,Wet,Daylight,Rain,3.95,0,63,41,FALSE,34.24438675,-73.6513909
5684,10/28/2006,October,Saturday,12:44,1,2,0,0,"Sideswipe, same direction",V1: Changing lanes / V2: Travelling straight ahead,V1: N  / V2: N,Wet,Daylight,Rain,3.95,0,63,41,FALSE,41.92809659,-71.35436768
5685,10/28/2006,October,Saturday,16:45,0,3,0,0,Rear-end,V1: Travelling straight ahead / V2: Travelling straight ahead / V3: Travelling straight ahead,V1: S  / V2: S  / V3: S,Wet,Dusk,Cloudy/Rain,3.95,0,63,41,FALSE,41.93269195,-71.32821357
5686,10/28/2006,October,Saturday,16:50,1,3,0,0,Rear-end,V1: Travelling straight ahead / V2: Travelling straight ahead / V3: Travelling straight ahead,V1: E  / V2: E  / V3: E,Dry,Daylight,Rain,3.95,0,63,41,FALSE,41.93365798,-71.32924077
5687,10/28/2006,October,Saturday,22:34,2,1,1,0,Single vehicle crash,V1: Travelling straight ahead,V1: N,Wet,Dark - roadway not lighted,Cloudy,3.95,0,63,41,FALSE,41.92516637,-71.22540862
5688,10/29/2006,October,Sunday,5:35,1,1,0,0,Single vehicle crash,V1: Travelling straight ahead,V1: W,Dry,Dawn,Clear,0,0,54,44,FALSE,41.97931865,-71.27915058
5689,10/29/2006,October,Sunday,10:30,0,2,0,0,Angle,V1: Travelling straight ahead / V2: Turning right,V1: 0 / V2: 0,Dry,Daylight,Clear,0,0,54,44,FALSE,34.24438675,-73.6513909
5690,10/29/2006,October,Sunday,12:50,1,2,0,0,Rear-end,V1: Travelling straight ahead / V2: Travelling straight ahead,V1: N  / V2: N,Dry,Daylight,Clear,0,0,54,44,FALSE,41.92557845,-71.22447062
5691,10/29/2006,October,Sunday,20:42,1,1,0,0,Single vehicle crash,V1: Travelling straight ahead,V1: S,Dry,Dark - roadway not lighted,Clear,0,0,54,44,FALSE,34.24438675,-73.6513909
5692,10/30/2006,October,Monday,0:00,0,1,0,0,Single vehicle crash,V1: Travelling straight ahead,V1: W,Dry,Dark - lighted roadway,Clear,0,0,61,41,FALSE,41.90168645,-71.34227839
5693,10/30/2006,October,Monday,4:13,1,2,0,0,"Sideswipe, same direction",V1: Overtaking/passing / V2: Travelling straight ahead,V1: W  / V2: W,Dry,Dark - roadway not lighted,Clear,0,0,61,41,FALSE,41.89906202,-71.37776857
5694,10/30/2006,October,Monday,6:00,0,2,0,0,Rear-end,V1: Travelling straight ahead / V2: Travelling straight ahead,V1: 0 / V2: 0,Dry,Dark - lighted roadway,Clear,0,0,61,41,FALSE,34.24438675,-73.6513909
5695,10/30/2006,October,Monday,14:13,1,2,0,0,Rear-end,V1: Slowing or stopped in traffic / V2: Travelling straight ahead,V1: S  / V2: S,Dry,Daylight,Clear,0,0,61,41,FALSE,41.93126899,-71.35288693
5696,10/30/2006,October,Monday,18:09,1,2,0,0,Angle,V1: Entering traffic lane / V2: Travelling straight ahead,V1: E  / V2: S,Dry,Dark - lighted roadway,Clear,0,0,61,41,FALSE,41.89903243,-71.355186
5697,10/30/2006,October,Monday,18:55,1,2,0,0,Rear-end,V1: Slowing or stopped in traffic / V2: Travelling straight ahead,V1: S  / V2: S,Dry,Dark - lighted roadway,Clear,0,0,61,41,FALSE,41.91982212,-71.35857678
5698,10/31/2006,October,Tuesday,14:30,1,2,0,0,Angle,V1: Turning left / V2: Travelling straight ahead,V1: W  / V2: E,Dry,Daylight,Clear,0,0,65,36,FALSE,41.93357119,-71.30035285
5699,10/31/2006,October,Tuesday,14:31,1,2,0,0,Rear-end,V1: Travelling straight ahead / V2: Slowing or stopped in traffic,V1: E  / V2: E,Dry,Daylight,Cloudy,0,0,65,36,FALSE,41.95197352,-71.27496443
5700,10/31/2006,October,Tuesday,20:00,1,2,0,0,Angle,V1: Turning right / V2: Turning right,V1: S  / V2: S,Dry,Dark - lighted roadway,Clear,0,0,65,36,FALSE,41.93405012,-71.31579284
5701,11/1/2006,November,Wednesday,16:55,0,2,0,0,Angle,V1: Turning left / V2: Travelling straight ahead,V1: E  / V2: S,Dry,Dusk,Clear,0.07,0,69,49,FALSE,41.93996104,-71.2724871
5702,11/1/2006,November,Wednesday,17:44,1,2,0,0,Rear-end,V1: Travelling straight ahead / V2: Slowing or stopped in traffic,V1: S  / V2: S,Dry,Dark - lighted roadway,Clear,0.07,0,69,49,FALSE,41.89541252,-71.37076533
5703,11/1/2006,November,Wednesday,17:48,1,2,0,0,Rear-end,V1: Travelling straight ahead / V2: Slowing or stopped in traffic,V1: E  / V2: E,Dry,Dark - lighted roadway,Cloudy,0.07,0,69,49,FALSE,41.93409173,-71.31894301
5704,11/2/2006,November,Thursday,10:12,1,2,0,0,Angle,V1: Changing lanes / V2: Travelling straight ahead,V1: N  / V2: N,Wet,Daylight,Cloudy/Rain,0.21,0,51,33,FALSE,41.92014285,-71.35719783
5705,11/2/2006,November,Thursday,12:55,1,2,0,0,Angle,V1: Slowing or stopped in traffic / V2: Turning right,V1: S  / V2: N,Wet,Daylight,Cloudy/Rain,0.21,0,51,33,FALSE,41.94757814,-71.27890389
5706,11/2/2006,November,Thursday,13:00,1,1,0,0,Single vehicle crash,V1: Travelling straight ahead,V1: S,Wet,Daylight,Cloudy,0.21,0,51,33,FALSE,41.89541252,-71.37076533
5707,11/2/2006,November,Thursday,13:40,2,2,1,0,0,V1: 0 / V2: 0,V1: N  / V2: 0,Dry,Daylight,Clear,0.21,0,51,33,FALSE,41.9092754,-71.35780912
5708,11/2/2006,November,Thursday,15:45,1,2,0,0,Angle,V1: Entering traffic lane / V2: Travelling straight ahead,V1: W  / V2: N,Dry,Daylight,Cloudy,0.21,0,51,33,FALSE,41.93503657,-71.2848971
5709,11/2/2006,November,Thursday,18:29,1,2,0,0,Angle,V1: Travelling straight ahead / V2: Entering traffic lane,V1: S  / V2: S,Dry,Dark - lighted roadway,Clear,0.21,0,51,33,FALSE,34.24438675,-73.6513909
5710,11/3/2006,November,Friday,10:28,1,2,0,0,Angle,V1: Entering traffic lane / V2: Travelling straight ahead,V1: E  / V2: S,Dry,Daylight,Clear,0,0,49,31,TRUE,41.90857957,-71.36406078
5711,11/3/2006,November,Friday,11:13,1,2,0,0,Single vehicle crash,V1: Overtaking/passing / V2: Overtaking/passing,V1: S  / V2: S,Dry,Daylight,Clear,0,0,49,31,TRUE,34.24438675,-73.6513909
5712,11/3/2006,November,Friday,12:00,1,2,0,0,Angle,V1: Travelling straight ahead / V2: Backing,V1: S  / V2: E,Dry,Daylight,Clear,0,0,49,31,TRUE,41.93524005,-71.27513601
5713,11/3/2006,November,Friday,12:12,1,2,0,0,Rear-end,V1: Travelling straight ahead / V2: Travelling straight ahead,V1: N  / V2: N,Dry,Daylight,Clear,0,0,49,31,TRUE,41.92675288,-71.34334435
5714,11/3/2006,November,Friday,17:32,1,2,0,0,Angle,V1: Slowing or stopped in traffic / V2: Turning left,V1: E  / V2: 0,Dry,Dark - lighted roadway,Clear,0,0,49,31,TRUE,41.95271314,-71.26950617
5715,11/4/2006,November,Saturday,20:08,1,2,0,0,"Sideswipe, opposite direction",V1: 0 / V2: Travelling straight ahead,V1: W  / V2: E,Dry,Dark - lighted roadway,Clear,0,0,50,25,TRUE,41.93601097,-71.28269451
5716,11/5/2006,November,Sunday,1:59,1,1,0,0,Single vehicle crash,V1: Travelling straight ahead,V1: N,Dry,Dark - lighted roadway,Clear,0,0,59,29,TRUE,41.93162706,-71.2603685
5717,11/5/2006,November,Sunday,12:28,2,2,4,0,Rear-end,V1: Travelling straight ahead / V2: Travelling straight ahead,V1: N  / V2: N,Dry,Daylight,Clear,0,0,59,29,TRUE,41.92014284,-71.35719783
5718,11/5/2006,November,Sunday,20:40,1,1,0,0,0,V1: 0,V1: 0,Dry,Dark - lighted roadway,Clear,0,0,59,29,TRUE,41.9232549,-71.35271559
5719,11/6/2006,November,Monday,1:05,1,2,0,0,Rear-end,V1: Slowing or stopped in traffic / V2: 0,V1: N  / V2: 0,Dry,Daylight,Clear,0,0,59,29,TRUE,41.92508738,-71.35628348
5720,11/6/2006,November,Monday,5:30,0,2,0,0,Single vehicle crash,V1: Travelling straight ahead / V2: Turning left,V1: W  / V2: N,Dry,Dark - 0 roadway lighting,Clear,0,0,59,29,TRUE,41.92013986,-71.35723412
5721,11/6/2006,November,Monday,7:50,0,1,0,0,0,V1: Turning right,V1: 0,Dry,Daylight,Clear,0,0,59,29,TRUE,41.93401565,-71.31506136
5722,11/6/2006,November,Monday,10:07,1,1,0,0,Single vehicle crash,V1: Turning right,V1: N,Dry,Daylight,Clear,0,0,59,29,TRUE,34.24438675,-73.6513909
5723,11/6/2006,November,Monday,13:17,2,1,1,0,Single vehicle crash,V1: Travelling straight ahead,V1: S,Dry,Daylight,Clear,0,0,59,29,TRUE,41.95515417,-71.29647446
5724,11/6/2006,November,Monday,17:30,1,2,0,0,Angle,V1: Slowing or stopped in traffic / V2: Travelling straight ahead,V1: S  / V2: 0,Dry,Dark - lighted roadway,Clear,0,0,59,29,TRUE,41.92387717,-71.35158914
5725,11/7/2006,November,Tuesday,8:24,0,2,0,0,Angle,V1: Entering traffic lane / V2: Travelling straight ahead,V1: W  / V2: N,Dry,Daylight,Clear,0.08,0,58,29,TRUE,41.94121777,-71.2768631
5726,11/7/2006,November,Tuesday,14:35,1,2,0,0,Angle,V1: Travelling straight ahead / V2: Travelling straight ahead,V1: 0 / V2: 0,Dry,Daylight,Clear,0.08,0,58,29,TRUE,41.95271314,-71.26950617
5727,11/7/2006,November,Tuesday,15:03,2,2,1,0,Angle,V1: Turning left / V2: Travelling straight ahead,V1: N  / V2: E,Dry,Daylight,Clear,0.08,0,58,29,TRUE,41.91711015,-71.37372238
5728,11/8/2006,November,Wednesday,8:00,2,2,1,0,Head-on,V1: Turning left / V2: Travelling straight ahead,V1: E  / V2: W,Wet,Daylight,Cloudy/Rain,1.25,0,59,50,FALSE,41.91982212,-71.35857678
5729,11/8/2006,November,Wednesday,13:40,2,2,1,0,Angle,V1: Turning left / V2: Travelling straight ahead,V1: N  / V2: S,Wet,Daylight,Cloudy,1.25,0,59,50,FALSE,41.90900848,-71.35772381
5730,11/8/2006,November,Wednesday,17:45,1,2,0,0,Rear-end,V1: Slowing or stopped in traffic / V2: Travelling straight ahead,V1: 0 / V2: 0,Wet,Dark - roadway not lighted,Rain,1.25,0,59,50,FALSE,34.24438675,-73.6513909
5731,11/8/2006,November,Wednesday,18:10,1,2,0,0,Angle,V1: Turning right / V2: Travelling straight ahead,V1: S  / V2: S,Wet,Dark - lighted roadway,Cloudy/Rain,1.25,0,59,50,FALSE,41.91819589,-71.30019516
5732,11/9/2006,November,Thursday,6:43,1,2,0,0,Angle,V1: Travelling straight ahead / V2: Turning left,V1: W  / V2: E,Wet,Daylight,Cloudy,0.03,0,66,54,FALSE,41.91982212,-71.35857678
5733,11/10/2006,November,Friday,13:30,1,2,0,0,Angle,V1: Travelling straight ahead / V2: Travelling straight ahead,V1: 0 / V2: 0,Dry,Daylight,Clear,0,0,64,40,FALSE,41.95279587,-71.26925506
5734,11/10/2006,November,Friday,15:14,1,2,0,0,Rear-end,V1: Slowing or stopped in traffic / V2: Slowing or stopped in traffic,V1: E  / V2: E,Dry,Daylight,Clear,0,0,64,40,FALSE,41.93397835,-71.31876623
5735,11/11/2006,November,Saturday,10:00,1,2,0,0,Angle,V1: Travelling straight ahead / V2: Turning right,V1: W  / V2: S,Snow,Daylight,Clear,0,0,64,34,FALSE,41.92387717,-71.35158914
5736,11/11/2006,November,Saturday,11:29,1,2,0,0,Rear-end,V1: Slowing or stopped in traffic / V2: Slowing or stopped in traffic,V1: N  / V2: N,Dry,Daylight,Clear,0,0,64,34,FALSE,41.90998013,-71.35802082
5737,11/11/2006,November,Saturday,14:45,1,3,0,0,Rear-end,V1: Travelling straight ahead / V2: Travelling straight ahead / V3: Travelling straight ahead,V1: 0 / V2: 0 / V3: 0,Dry,Daylight,Clear,0,0,64,34,FALSE,41.91740387,-71.35962353
5738,11/11/2006,November,Saturday,15:37,1,1,0,0,Single vehicle crash,V1: Travelling straight ahead,V1: W,Dry,Daylight,Clear,0,0,64,34,FALSE,34.24438675,-73.6513909
5739,11/11/2006,November,Saturday,15:47,1,2,0,0,Rear-end,V1: Slowing or stopped in traffic / V2: Slowing or stopped in traffic,V1: W  / V2: W,Dry,Daylight,Clear,0,0,64,34,FALSE,41.97001836,-71.2913735
5740,11/12/2006,November,Sunday,16:57,2,2,1,0,Rear-end,V1: Overtaking/passing / V2: Turning left,V1: S  / V2: N,Wet,Dark - lighted roadway,Rain,0.44,0,61,49,FALSE,41.95484304,-71.28856385
5741,11/12/2006,November,Sunday,18:11,1,2,0,0,"Sideswipe, opposite direction",V1: Other / V2: Travelling straight ahead,V1: 0 / V2: 0,Wet,Dark - lighted roadway,Rain,0.44,0,61,49,FALSE,41.93632851,-71.28835347
5742,11/12/2006,November,Sunday,18:33,2,1,1,0,Single vehicle crash,V1: Travelling straight ahead,V1: N,Wet,Dark - roadway not lighted,Fog,0.44,0,61,49,FALSE,41.93050018,-71.26033847
5743,11/13/2006,November,Monday,8:00,1,2,0,0,Angle,V1: Turning left / V2: Travelling straight ahead,V1: N  / V2: E,Wet,Daylight,Cloudy/Rain,0.34,0,63,51,FALSE,41.90637822,-71.35490423
5744,11/13/2006,November,Monday,12:42,1,1,0,0,Single vehicle crash,V1: Turning left,V1: E,Wet,Daylight,Rain,0.34,0,63,51,FALSE,41.92446027,-71.28906707
5745,11/13/2006,November,Monday,16:10,1,2,0,0,Angle,V1: Turning left / V2: Travelling straight ahead,V1: E  / V2: S,Dry,Daylight,Cloudy/Rain,0.34,0,63,51,FALSE,41.93405012,-71.31579284
5746,11/13/2006,November,Monday,17:55,2,2,1,0,Rear-end,V1: Travelling straight ahead / V2: Turning left,V1: S  / V2: S,Wet,Dark - lighted roadway,Rain,0.34,0,63,51,FALSE,41.90998013,-71.35802082
5747,11/14/2006,November,Tuesday,14:44,2,2,2,0,Angle,V1: Travelling straight ahead / V2: Turning left,V1: S  / V2: N,Dry,Daylight,Clear,0.68,0,63,51,FALSE,41.96643836,-71.29074265
5748,11/15/2006,November,Wednesday,18:20,2,2,1,0,Rear-end,V1: Travelling straight ahead / V2: Slowing or stopped in traffic,V1: S  / V2: S,Dry,Dark - lighted roadway,Clear,0.01,0,62,54,FALSE,41.9348634,-71.29887283
5749,11/16/2006,November,Thursday,2:55,1,2,0,0,Rear-end,V1: Travelling straight ahead / V2: Travelling straight ahead,V1: W  / V2: W,Wet,Daylight,Cloudy/Rain,0.13,0,71,56,FALSE,34.24438675,-73.6513909
5750,11/16/2006,November,Thursday,7:30,0,2,0,0,Rear-end,V1: Entering traffic lane / V2: Entering traffic lane,V1: S  / V2: S,Wet,Daylight,Cloudy,0.13,0,71,56,FALSE,41.90257689,-71.3560405
5751,11/16/2006,November,Thursday,8:40,2,3,2,0,Rear-end,V1: Slowing or stopped in traffic / V2: Slowing or stopped in traffic / V3: Travelling straight ahead,V1: N  / V2: N  / V3: N,Wet,Daylight,Cloudy/Rain,0.13,0,71,56,FALSE,41.956426,-71.30313034
5752,11/16/2006,November,Thursday,9:56,1,2,0,0,Angle,V1: Turning left / V2: Travelling straight ahead,V1: N  / V2: E,Wet,Daylight,Cloudy/Rain,0.13,0,71,56,FALSE,41.93393997,-71.30795629
5753,11/16/2006,November,Thursday,12:23,2,2,2,0,Rear-end,V1: Travelling straight ahead / V2: Turning left,V1: S  / V2: S,Wet,Daylight,Cloudy/Rain,0.13,0,71,56,FALSE,41.89838674,-71.36925442
5754,11/16/2006,November,Thursday,20:57,1,2,0,0,Rear-end,V1: Turning left / V2: Turning left,V1: E  / V2: E,Wet,Dark - lighted roadway,Clear,0.13,0,71,56,FALSE,34.24438675,-73.6513909
5755,11/17/2006,November,Friday,8:27,1,2,0,0,Rear-end,V1: Travelling straight ahead / V2: Turning left,V1: E  / V2: E,Wet,Daylight,Cloudy,0.76,0,69,47,FALSE,41.94066438,-71.28948653
5756,11/17/2006,November,Friday,14:37,1,2,0,0,Rear-end,V1: Travelling straight ahead / V2: Travelling straight ahead,V1: W  / V2: W,Dry,Daylight,Clear,0.76,0,69,47,FALSE,41.93357119,-71.30035285
5757,11/17/2006,November,Friday,15:44,1,2,0,0,Rear-end,V1: Travelling straight ahead / V2: Travelling straight ahead,V1: 0 / V2: 0,Dry,Daylight,Clear,0.76,0,69,47,FALSE,41.92298399,-71.3572054
5758,11/17/2006,November,Friday,17:00,2,2,1,0,Angle,V1: Turning left / V2: Travelling straight ahead,V1: W  / V2: E,Dry,Dark - lighted roadway,Cloudy,0.76,0,69,47,FALSE,41.9483337,-71.27794679
5759,11/17/2006,November,Friday,17:06,2,2,1,0,Angle,V1: 0 / V2: 0,V1: 0 / V2: 0,Dry,Dark - lighted roadway,Cloudy,0.76,0,69,47,FALSE,41.94121777,-71.2768631
5760,11/18/2006,November,Saturday,0:08,2,1,2,0,Single vehicle crash,V1: Travelling straight ahead,V1: W,Dry,Dark - lighted roadway,Clear,0,0,54,36,FALSE,41.89804027,-71.37674712
5761,11/18/2006,November,Saturday,4:45,1,3,0,0,Rear-end,V1: Travelling straight ahead / V2: Travelling straight ahead / V3: Travelling straight ahead,V1: N  / V2: N  / V3: N,Dry,Dark - lighted roadway,Clear,0,0,54,36,FALSE,41.95545359,-71.30436114
5762,11/18/2006,November,Saturday,12:24,1,2,0,0,Angle,V1: Travelling straight ahead / V2: Turning left,V1: N  / V2: W,Dry,Daylight,Clear,0,0,54,36,FALSE,41.89733197,-71.36979234
5763,11/19/2006,November,Sunday,12:18,0,1,0,0,Single vehicle crash,V1: 0,V1: 0,Dry,Daylight,Cloudy,0,0,46,40,FALSE,34.24438675,-73.6513909
5764,11/19/2006,November,Sunday,23:22,1,2,0,0,Angle,V1: Turning right / V2: Travelling straight ahead,V1: S  / V2: S,Dry,Dark - lighted roadway,Clear,0,0,46,40,FALSE,41.91982212,-71.35857678
5765,11/20/2006,November,Monday,16:05,1,3,0,0,Rear-end,V1: Travelling straight ahead / V2: Slowing or stopped in traffic / V3: Slowing or stopped in traffic,V1: W  / V2: W  / V3: W,Dry,Dusk,Clear,0,0,45,30,TRUE,41.94245198,-71.28698244
5766,11/20/2006,November,Monday,17:22,1,2,0,0,Rear-end,V1: Slowing or stopped in traffic / V2: Slowing or stopped in traffic,V1: S  / V2: S,Dry,Dark - lighted roadway,Cloudy,0,0,45,30,TRUE,41.92644259,-71.35554103
5767,11/21/2006,November,Tuesday,8:32,1,2,0,0,Rear-end,V1: Travelling straight ahead / V2: Slowing or stopped in traffic,V1: E  / V2: E,Dry,Daylight,Clear,0,0,45,25,TRUE,41.93396377,-71.31987069
5768,11/22/2006,November,Wednesday,11:01,2,3,1,0,Rear-end,V1: Travelling straight ahead / V2: Slowing or stopped in traffic / V3: Turning left,V1: W  / V2: W  / V3: W,Dry,Daylight,Cloudy,0,0,46,28,TRUE,41.9365932,-71.29539949
5769,11/22/2006,November,Wednesday,16:55,1,2,0,0,Rear-end,V1: Slowing or stopped in traffic / V2: Changing lanes,V1: S  / V2: S,Dry,Daylight,Cloudy,0,0,46,28,TRUE,41.9589661,-71.30200935
5770,11/22/2006,November,Wednesday,19:40,1,2,0,0,"Sideswipe, same direction",V1: Travelling straight ahead / V2: Travelling straight ahead,V1: S  / V2: S,Dry,Dusk,Cloudy,0,0,46,28,TRUE,41.91658346,-71.35875269
5771,11/24/2006,November,Friday,13:45,2,4,1,0,Rear-end,V1: Slowing or stopped in traffic / V2: Travelling straight ahead / V3: Slowing or stopped in traffic / V4: Slowing or stopped in traffic,V1: N  / V2: N  / V3: N  / V4: N,Dry,Daylight,Clear,0.65,0,55,34,FALSE,41.92508738,-71.35628348
5772,11/24/2006,November,Friday,17:30,2,2,1,0,Rear-end,V1: Travelling straight ahead / V2: Slowing or stopped in traffic,V1: S  / V2: S,Dry,Dark - lighted roadway,Clear,0.65,0,55,34,FALSE,34.24438675,-73.6513909
5773,11/25/2006,November,Saturday,0:01,1,2,0,0,Rear-end,V1: Travelling straight ahead / V2: Travelling straight ahead,V1: S  / V2: S,Dry,Daylight,Clear,0,0,51,31,TRUE,41.93023086,-71.29100556
5774,11/25/2006,November,Saturday,11:00,1,2,0,0,Rear-end,V1: Slowing or stopped in traffic / V2: Backing,V1: E  / V2: W,Dry,Daylight,Clear,0,0,51,31,TRUE,41.94591875,-71.28363134
5775,11/25/2006,November,Saturday,18:35,1,2,0,0,"Sideswipe, same direction",V1: Changing lanes / V2: Travelling straight ahead,V1: S  / V2: S,Dry,Dark - lighted roadway,Cloudy,0,0,51,31,TRUE,41.90998013,-71.35802082