ID,DATE,Month,Day of week,Crash Time,Crash Severity,Number of Vehicles,Total Nonfatal Injuries,Total Fatal Injuries,Manner of Collision,Vehicle Action Prior to Crash,Vehicle Travel Directions,Road Surface Condition,Ambient Light,Weather Condition,PRCP,SNOW,TMAX,TMIN,Ice,Longtitute,Latitute
5776,11/25/2006,November,Saturday,19:09,1,1,0,0,Single vehicle crash,V1: Travelling straight ahead,V1: S,Dry,Dark - lighted roadway,Clear,0,0,51,31,TRUE,41.94113097,-71.28299468
5777,11/26/2006,November,Sunday,13:30,1,3,0,0,Rear-end,V1: Slowing or stopped in traffic / V2: Slowing or stopped in traffic / V3: Travelling straight ahead,V1: W  / V2: W  / V3: W,Dry,Daylight,Clear,0,0,58,29,TRUE,41.92242117,-71.25900962
5778,11/26/2006,November,Sunday,16:23,1,1,0,0,Single vehicle crash,V1: 0,V1: N,Dry,Daylight,Clear,0,0,58,29,TRUE,41.916964,-71.3394337
5779,11/27/2006,November,Monday,12:00,1,2,0,0,Angle,V1: Travelling straight ahead / V2: Slowing or stopped in traffic,V1: W  / V2: S,Dry,Dark - lighted roadway,Clear,0,0,63,36,FALSE,41.94757814,-71.27890389
5780,11/27/2006,November,Monday,14:20,1,2,0,0,Angle,V1: Travelling straight ahead / V2: Travelling straight ahead,V1: W  / V2: N,Dry,Daylight,Clear,0,0,63,36,FALSE,41.93830895,-71.28203041
5781,11/27/2006,November,Monday,19:00,1,2,0,0,Rear-end,V1: Travelling straight ahead / V2: Entering traffic lane,V1: N  / V2: S,Dry,Dark - roadway not lighted,Cloudy,0,0,63,36,FALSE,41.9345646,-71.31576306
5782,11/28/2006,November,Tuesday,9:21,1,1,0,0,Single vehicle crash,V1: Travelling straight ahead,V1: S,Dry,Daylight,Cloudy,0,0,48,40,FALSE,41.94141752,-71.28437447
5783,11/28/2006,November,Tuesday,13:47,1,2,0,0,Angle,V1: Slowing or stopped in traffic / V2: Entering traffic lane,V1: 0 / V2: 0,Dry,Dark - lighted roadway,Cloudy,0,0,48,40,FALSE,41.92045477,-71.35830028
5784,11/28/2006,November,Tuesday,15:30,1,2,0,0,Angle,V1: Entering traffic lane / V2: Travelling straight ahead,V1: S  / V2: E,Dry,Daylight,Cloudy,0,0,48,40,FALSE,41.90938676,-71.36749726
5785,11/29/2006,November,Wednesday,9:19,1,2,0,0,Rear-end,V1: Slowing or stopped in traffic / V2: Slowing or stopped in traffic,V1: W  / V2: W,Wet,Daylight,Cloudy,0.04,0,53,39,FALSE,41.94450501,-71.28411703
5786,11/29/2006,November,Wednesday,23:06,1,1,0,0,Rear-end,V1: Travelling straight ahead,V1: W,Wet,Dark - roadway not lighted,Cloudy,0.04,0,53,39,FALSE,41.93150481,-71.33366365
5787,11/30/2006,November,Thursday,6:42,2,2,1,0,Angle,V1: Travelling straight ahead / V2: Turning left,V1: N  / V2: W,Wet,Dark - lighted roadway,Cloudy,0,0,65,52,FALSE,41.90839189,-71.36415472
5788,11/30/2006,November,Thursday,7:12,1,2,0,0,"Sideswipe, opposite direction",V1: Travelling straight ahead / V2: Travelling straight ahead,V1: E  / V2: W,Dry,Daylight,Clear,0,0,65,52,FALSE,41.9363107,-71.28830999
5789,11/30/2006,November,Thursday,8:35,2,1,1,0,Single vehicle crash,V1: Turning left,V1: W,Wet,Daylight,Cloudy,0,0,65,52,FALSE,41.95451461,-71.24992613
5790,11/30/2006,November,Thursday,17:10,0,1,0,0,Single vehicle crash,V1: Travelling straight ahead,V1: E,Dry,Dark - lighted roadway,Clear,0,0,65,52,FALSE,41.95451461,-71.24992613
5791,12/1/2006,December,Friday,2:20,1,1,0,0,Single vehicle crash,V1: Turning left,V1: 0,Wet,Daylight,Rain,0.3,0,65,59,FALSE,41.95301473,-71.26901008
5792,12/1/2006,December,Friday,3:45,1,2,0,0,Angle,V1: Travelling straight ahead / V2: Turning left,V1: W  / V2: E,Wet,Dusk,Rain,0.3,0,65,59,FALSE,41.94696934,-71.27969405
5793,12/1/2006,December,Friday,6:55,1,2,0,0,Angle,V1: Travelling straight ahead / V2: Entering traffic lane,V1: S  / V2: E,Wet,Dawn,Rain,0.3,0,65,59,FALSE,41.94896349,-71.27713653
5794,12/1/2006,December,Friday,14:20,1,1,0,0,Single vehicle crash,V1: Turning left,V1: N,Wet,Daylight,Cloudy,0.3,0,65,59,FALSE,41.95287787,-71.26899686
5795,12/1/2006,December,Friday,19:00,1,1,0,0,Single vehicle crash,V1: Travelling straight ahead,V1: S,Dry,Dark - roadway not lighted,Clear,0.3,0,65,59,FALSE,41.90238589,-71.35672422
5796,12/1/2006,December,Friday,23:50,1,1,0,0,Single vehicle crash,V1: Travelling straight ahead,V1: S,Wet,Dark - lighted roadway,Clear,0.3,0,65,59,FALSE,41.92479199,-71.32149392
5797,12/2/2006,December,Saturday,11:00,1,2,0,0,Rear-end,V1: Slowing or stopped in traffic / V2: Slowing or stopped in traffic,V1: E  / V2: E,Dry,Daylight,Cloudy,0,0,62,34,FALSE,34.24438675,-73.6513909
5798,12/2/2006,December,Saturday,18:27,2,2,2,0,Angle,V1: Travelling straight ahead / V2: Turning left,V1: E  / V2: W,Dry,Dark - lighted roadway,Cloudy,0,0,62,34,FALSE,41.91711015,-71.37372238
5799,12/4/2006,December,Monday,5:00,1,1,0,0,Single vehicle crash,V1: Slowing or stopped in traffic,V1: N,Wet,Dark - 0 roadway lighting,Rain,0.35,1.5,39,27,TRUE,41.95517465,-71.30396867
5800,12/4/2006,December,Monday,11:13,1,2,0,0,Rear-end,V1: Turning left / V2: Travelling straight ahead,V1: E  / V2: E,Wet,Daylight,Cloudy/Rain,0.35,1.5,39,27,TRUE,34.24438675,-73.6513909
5801,12/4/2006,December,Monday,11:17,2,2,1,0,Rear-end,V1: Travelling straight ahead / V2: Slowing or stopped in traffic,V1: N  / V2: N,Wet,Daylight,Cloudy,0.35,1.5,39,27,TRUE,41.92508738,-71.35628348
5802,12/4/2006,December,Monday,14:03,2,1,3,0,Single vehicle crash,V1: Travelling straight ahead,V1: N,Dry,Daylight,Clear,0.35,1.5,39,27,TRUE,41.94303209,-71.30918012
5803,12/4/2006,December,Monday,19:28,0,1,0,0,0,V1: Travelling straight ahead,V1: S,Dry,Dark - lighted roadway,Clear,0.35,1.5,39,27,TRUE,34.24438675,-73.6513909
5804,12/5/2006,December,Tuesday,10:54,1,1,0,0,Single vehicle crash,V1: Travelling straight ahead,V1: E,Dry,Daylight,Clear,0,0,35,19,TRUE,41.93401501,-71.31496153
5805,12/5/2006,December,Tuesday,18:15,1,1,0,0,Head-on,V1: Travelling straight ahead,V1: 0,Dry,Dark - lighted roadway,Clear,0,0,35,19,TRUE,41.91290133,-71.224249
5806,12/5/2006,December,Tuesday,21:17,1,2,0,0,Angle,V1: Turning left / V2: Travelling straight ahead,V1: N  / V2: S,Dry,Dark - lighted roadway,Clear,0,0,35,19,TRUE,41.9163994,-71.35880426
5807,12/6/2006,December,Wednesday,16:45,1,2,0,0,Angle,V1: Turning left / V2: Travelling straight ahead,V1: N  / V2: W,Dry,Dusk,Clear,0,0,47,17,TRUE,41.94861042,-71.27758702
5808,12/6/2006,December,Wednesday,18:40,1,2,0,0,Angle,V1: Turning left / V2: Turning left,V1: N  / V2: N,Dry,Dark - lighted roadway,Clear,0,0,47,17,TRUE,41.94470433,-71.2812252
5809,12/6/2006,December,Wednesday,22:58,1,1,0,0,Single vehicle crash,V1: Travelling straight ahead,V1: N,Dry,Dark - lighted roadway,Clear,0,0,47,17,TRUE,41.95473725,-71.30192961
5810,12/7/2006,December,Thursday,8:45,0,2,0,0,Rear-end,V1: Turning left / V2: Travelling straight ahead,V1: N  / V2: S,Dry,Dark - lighted roadway,Clear,0,0,57,36,FALSE,34.24438675,-73.6513909
5811,12/7/2006,December,Thursday,10:54,0,1,0,0,Single vehicle crash,V1: 0,V1: W,Dry,Daylight,Clear,0,0,57,36,FALSE,34.24438675,-73.6513909
5812,12/7/2006,December,Thursday,12:39,1,2,0,0,"Sideswipe, same direction",V1: Turning left / V2: 0,V1: S  / V2: 0,Dry,Daylight,Clear,0,0,57,36,FALSE,41.94231024,-71.28253433
5813,12/7/2006,December,Thursday,14:10,1,2,0,0,Angle,V1: Entering traffic lane / V2: Travelling straight ahead,V1: E  / V2: S,Dry,Daylight,Clear,0,0,57,36,FALSE,41.9352088,-71.28488285
5814,12/7/2006,December,Thursday,15:20,2,2,1,0,Angle,V1: Turning left / V2: Travelling straight ahead,V1: E  / V2: W,Dry,Daylight,Clear,0,0,57,36,FALSE,41.92387717,-71.35158914
5815,12/8/2006,December,Friday,7:03,1,2,0,0,Rear-end,V1: Travelling straight ahead / V2: Travelling straight ahead,V1: S  / V2: 0,Dry,Daylight,Cloudy,0.04,0.3,36,19,TRUE,41.89618753,-71.37039513
5816,12/8/2006,December,Friday,7:43,2,2,1,0,Rear-end,V1: Slowing or stopped in traffic / V2: Slowing or stopped in traffic,V1: S  / V2: S,Wet,Daylight,Cloudy,0.04,0.3,36,19,TRUE,41.96643836,-71.29074265
5817,12/8/2006,December,Friday,8:44,2,2,1,0,Angle,V1: Travelling straight ahead / V2: Travelling straight ahead,V1: S  / V2: W,Dry,Daylight,Clear,0.04,0.3,36,19,TRUE,41.93499067,-71.28382974
5818,12/8/2006,December,Friday,20:10,2,2,2,0,Rear-end,V1: Slowing or stopped in traffic / V2: Slowing or stopped in traffic,V1: N  / V2: N,Dry,Dark - lighted roadway,Cloudy,0.04,0.3,36,19,TRUE,41.91982212,-71.35857678
5819,12/8/2006,December,Friday,23:40,2,2,1,0,Angle,V1: Travelling straight ahead / V2: Travelling straight ahead,V1: E  / V2: S,Dry,Dark - lighted roadway,Clear,0.04,0.3,36,19,TRUE,41.95180679,-71.2898592
5820,12/9/2006,December,Saturday,17:10,2,1,1,0,Single vehicle crash,V1: Making U-turn,V1: S,Dry,Dark - lighted roadway,Clear,0,0,38,20,TRUE,41.9036602,-71.32896476
5821,12/9/2006,December,Saturday,18:31,1,2,0,0,Angle,V1: Turning left / V2: Travelling straight ahead,V1: N  / V2: S,Dry,Dark - lighted roadway,Clear,0,0,38,20,TRUE,41.89618753,-71.37039513
5822,12/9/2006,December,Saturday,23:40,1,2,0,0,Angle,V1: Travelling straight ahead / V2: Turning right,V1: W  / V2: N,Dry,Dark - lighted roadway,Clear,0,0,38,20,TRUE,41.92241545,-71.31336866
5823,12/10/2006,December,Sunday,2:50,1,2,0,0,Rear-end,V1: Travelling straight ahead / V2: Travelling straight ahead,V1: N  / V2: N,Dry,Dark - roadway not lighted,Clear,0,0,53,30,TRUE,41.90223058,-71.35625816
5824,12/10/2006,December,Sunday,17:09,2,2,2,0,Angle,V1: Travelling straight ahead / V2: Travelling straight ahead,V1: E  / V2: N,Dry,Daylight,Clear,0,0,53,30,TRUE,41.93742983,-71.26519759
5825,12/11/2006,December,Monday,11:53,1,1,0,0,Single vehicle crash,V1: Leaving traffic lane,V1: N,Wet,Daylight,Cloudy/Rain,0,0,52,28,TRUE,34.24438675,-73.6513909
5826,12/13/2006,December,Wednesday,9:25,1,1,0,0,Single vehicle crash,V1: Turning right,V1: 0,Dry,Dark - lighted roadway,Cloudy,0.07,0,52,38,FALSE,41.92045477,-71.35830028
5827,12/13/2006,December,Wednesday,11:43,1,2,0,0,Single vehicle crash,V1: Travelling straight ahead / V2: 0,V1: N  / V2: 0,Dry,Daylight,Clear,0.07,0,52,38,FALSE,41.94140605,-71.28436439
5828,12/13/2006,December,Wednesday,11:50,1,2,0,0,Angle,V1: Turning right / V2: Travelling straight ahead,V1: 0 / V2: 0,Dry,Dark - lighted roadway,Cloudy,0.07,0,52,38,FALSE,41.92508738,-71.35628348
5829,12/13/2006,December,Wednesday,17:28,2,2,1,0,Angle,V1: Turning left / V2: Turning right,V1: W  / V2: S,Wet,Dark - lighted roadway,Cloudy,0.07,0,52,38,FALSE,41.9120082,-71.2587778
5830,12/13/2006,December,Wednesday,17:47,1,3,0,0,Rear-end,V1: Travelling straight ahead / V2: Slowing or stopped in traffic / V3: Slowing or stopped in traffic,V1: W  / V2: W  / V3: W,Wet,Dark - lighted roadway,Cloudy,0.07,0,52,38,FALSE,34.24438675,-73.6513909
5831,12/14/2006,December,Thursday,9:45,1,2,0,0,Rear-end,V1: Travelling straight ahead / V2: Slowing or stopped in traffic,V1: N  / V2: N,Dry,Daylight,Clear,0,0,56,42,FALSE,41.91982212,-71.35857678
5832,12/14/2006,December,Thursday,20:31,1,2,0,0,Angle,V1: Slowing or stopped in traffic / V2: Turning right,V1: W  / V2: N,Dry,Dark - lighted roadway,Cloudy,0,0,56,42,FALSE,41.93830895,-71.28203041
5833,12/15/2006,December,Friday,4:30,0,2,0,0,Rear-end,V1: Travelling straight ahead / V2: 0,V1: E  / V2: 0,Dry,Dusk,Clear,0,0,54,40,FALSE,41.94430004,-71.28137659
5834,12/15/2006,December,Friday,15:00,0,2,0,0,Rear-end,V1: Slowing or stopped in traffic / V2: Turning right,V1: N  / V2: N,Dry,Daylight,Clear,0,0,54,40,FALSE,34.24438675,-73.6513909
5835,12/15/2006,December,Friday,15:27,2,4,1,0,Rear-end,V1: Slowing or stopped in traffic / V2: Slowing or stopped in traffic / V3: Slowing or stopped in traffic / V4: Travelling straight ahead,V1: S  / V2: S  / V3: S  / V4: S,Dry,Daylight,Clear,0,0,54,40,FALSE,41.9589661,-71.30200935
5836,12/15/2006,December,Friday,17:30,2,4,1,0,Rear-end,V1: Travelling straight ahead / V2: Slowing or stopped in traffic / V3: Slowing or stopped in traffic / V4: Slowing or stopped in traffic,V1: S  / V2: S  / V3: S  / V4: S,Dry,Dark - lighted roadway,Clear,0,0,54,40,FALSE,41.9589661,-71.30200935
5837,12/15/2006,December,Friday,17:42,1,2,0,0,Angle,V1: Slowing or stopped in traffic / V2: 0,V1: N  / V2: 0,Dry,Dark - lighted roadway,Clear,0,0,54,40,FALSE,41.93286991,-71.29707897
5838,12/16/2006,December,Saturday,1:25,2,2,1,0,Angle,V1: Turning left / V2: Travelling straight ahead,V1: N  / V2: S,Dry,Daylight,Clear,0.02,0,54,33,FALSE,41.93363156,-71.30076394
5839,12/16/2006,December,Saturday,3:36,1,1,0,0,Single vehicle crash,V1: Travelling straight ahead,V1: 0,Dry,Dark - lighted roadway,Clear,0.02,0,54,33,FALSE,41.90500517,-71.33616438
5840,12/16/2006,December,Saturday,3:50,1,1,0,0,Head-on,V1: Travelling straight ahead,V1: 0,Dry,Dark - lighted roadway,Clear,0.02,0,54,33,FALSE,41.9303431,-71.29082095
5841,12/16/2006,December,Saturday,9:33,1,2,0,0,"Sideswipe, opposite direction",V1: Turning left / V2: Travelling straight ahead,V1: S  / V2: N,Dry,Daylight,Clear,0.02,0,54,33,FALSE,41.94450501,-71.28411703
5842,12/16/2006,December,Saturday,16:09,1,2,0,0,Angle,V1: Travelling straight ahead / V2: Turning left,V1: N  / V2: E,Dry,Dusk,Clear,0.02,0,54,33,FALSE,41.91553973,-71.36051813
5843,12/17/2006,December,Sunday,17:30,1,1,0,0,Single vehicle crash,V1: Travelling straight ahead,V1: E,Dry,Dark - lighted roadway,Clear,0,0,55,33,FALSE,34.24438675,-73.6513909
5844,12/18/2006,December,Monday,9:15,1,2,0,0,Angle,V1: Travelling straight ahead / V2: 0,V1: S  / V2: 0,Dry,Daylight,Cloudy,0.02,0,53,39,FALSE,41.92692586,-71.3551928
5845,12/18/2006,December,Monday,13:11,1,2,0,0,Angle,V1: Parked / V2: 0,V1: 0 / V2: 0,Dry,Daylight,Clear,0.02,0,53,39,FALSE,41.94999328,-71.27782349
5846,12/18/2006,December,Monday,15:15,1,2,0,0,Rear-end,V1: Travelling straight ahead / V2: Slowing or stopped in traffic,V1: N  / V2: N,Wet,Daylight,Cloudy,0.02,0,53,39,FALSE,41.90257689,-71.3560405
5847,12/18/2006,December,Monday,20:10,0,2,0,0,0,V1: Slowing or stopped in traffic / V2: Travelling straight ahead,V1: W  / V2: W,Dry,Dusk,Clear,0.02,0,53,39,FALSE,34.24438675,-73.6513909
5848,12/19/2006,December,Tuesday,20:27,2,2,1,0,Angle,V1: Travelling straight ahead / V2: Changing lanes,V1: S  / V2: E,Dry,Dark - lighted roadway,Clear,0,0,44,25,TRUE,41.92734177,-71.2850606
5849,12/20/2006,December,Wednesday,9:05,1,2,0,0,Angle,V1: Entering traffic lane / V2: Travelling straight ahead,V1: N  / V2: S,Dry,Daylight,Clear,0,0,43,20,TRUE,41.93431274,-71.24972247
5850,12/20/2006,December,Wednesday,10:05,1,2,0,0,Angle,V1: 0 / V2: Travelling straight ahead,V1: E  / V2: N,Dry,Daylight,Clear,0,0,43,20,TRUE,41.94450501,-71.28411703
5851,12/20/2006,December,Wednesday,14:48,1,2,0,0,Angle,V1: Turning left / V2: Travelling straight ahead,V1: N  / V2: W,Dry,Daylight,Clear,0,0,43,20,TRUE,41.9483337,-71.27794679
5852,12/20/2006,December,Wednesday,22:18,1,1,0,0,Single vehicle crash,V1: Travelling straight ahead,V1: S,Dry,Dark - roadway not lighted,Clear,0,0,43,20,TRUE,34.24438675,-73.6513909
5853,12/21/2006,December,Thursday,14:43,0,1,0,0,Single vehicle crash,V1: Turning right,V1: 0,Dry,Daylight,Clear,0,0,50,31,TRUE,41.94444966,-71.2795884
5854,12/22/2006,December,Friday,11:24,1,2,0,0,Rear-end,V1: Turning right / V2: Slowing or stopped in traffic,V1: S  / V2: S,Dry,Daylight,Cloudy,0.04,0,45,26,TRUE,41.89903243,-71.355186
5855,12/22/2006,December,Friday,11:48,1,2,0,0,Rear-end,V1: Slowing or stopped in traffic / V2: Slowing or stopped in traffic,V1: N  / V2: N,Dry,Daylight,Cloudy,0.04,0,45,26,TRUE,41.93843051,-71.29261954
5856,12/22/2006,December,Friday,12:38,1,3,0,0,0,V1: Slowing or stopped in traffic / V2: 0 / V3: 0,V1: S  / V2: 0 / V3: 0,Dry,Daylight,Clear,0.04,0,45,26,TRUE,34.24438675,-73.6513909
5857,12/22/2006,December,Friday,14:43,2,1,1,0,Single vehicle crash,V1: Travelling straight ahead,V1: N,Dry,Daylight,Cloudy,0.04,0,45,26,TRUE,41.92969804,-71.32243362
5858,12/22/2006,December,Friday,16:37,1,2,0,0,Angle,V1: Travelling straight ahead / V2: Turning left,V1: N  / V2: W,Dry,Dusk,Clear,0.04,0,45,26,TRUE,41.91406937,-71.36126683
5859,12/22/2006,December,Friday,21:13,1,2,0,0,"Sideswipe, same direction",V1: Parked / V2: Travelling straight ahead,V1: 0 / V2: 0,Wet,Dark - lighted roadway,Cloudy/Rain,0.04,0,45,26,TRUE,41.90552006,-71.37130126
5860,12/23/2006,December,Saturday,1:01,2,2,1,0,Angle,V1: Travelling straight ahead / V2: Travelling straight ahead,V1: W  / V2: S,Wet,Dark - lighted roadway,Rain,0.54,0,58,41,FALSE,41.92014284,-71.35719783
5861,12/23/2006,December,Saturday,11:42,0,1,0,0,Single vehicle crash,V1: Turning left,V1: W,Wet,Daylight,Cloudy,0.54,0,58,41,FALSE,34.24438675,-73.6513909
5862,12/23/2006,December,Saturday,12:23,1,2,0,0,Angle,V1: Turning left / V2: Travelling straight ahead,V1: S  / V2: W,Wet,Daylight,Cloudy/Rain,0.54,0,58,41,FALSE,41.94757814,-71.27890389
5863,12/23/2006,December,Saturday,16:30,1,2,0,0,"Sideswipe, opposite direction",V1: Turning left / V2: Travelling straight ahead,V1: S  / V2: E,Dry,Dark - lighted roadway,Clear,0.54,0,58,41,FALSE,41.92014284,-71.35719783
5864,12/23/2006,December,Saturday,16:38,1,2,0,0,Rear-end,V1: Changing lanes / V2: Travelling straight ahead,V1: S  / V2: 0,Wet,Dusk,Clear,0.54,0,58,41,FALSE,41.91891266,-71.35896928
5865,12/24/2006,December,Sunday,0:36,2,1,1,0,Rear-end,V1: Turning right,V1: E,Dry,Dark - lighted roadway,Clear,0,0,50,36,FALSE,34.24438675,-73.6513909
5866,12/24/2006,December,Sunday,0:43,1,1,0,0,Single vehicle crash,V1: Turning right,V1: S,Wet,Dark - roadway not lighted,Cloudy/Rain,0,0,50,36,FALSE,41.90272719,-71.35550871
5867,12/24/2006,December,Sunday,10:45,2,2,1,0,Angle,V1: Turning left / V2: Travelling straight ahead,V1: N  / V2: E,Wet,Daylight,Cloudy/Rain,0,0,50,36,FALSE,41.93396614,-71.29998169
5868,12/24/2006,December,Sunday,17:34,1,2,0,0,0,V1: Travelling straight ahead / V2: Travelling straight ahead,V1: N  / V2: S,Dry,Dark - lighted roadway,Clear,0,0,50,36,FALSE,41.90257689,-71.3560405
5869,12/27/2006,December,Wednesday,7:15,2,1,1,0,Single vehicle crash,V1: Travelling straight ahead,V1: 0,Ice,Daylight,Clear,0,0,43,31,TRUE,41.91839341,-71.36319674
5870,12/27/2006,December,Wednesday,12:25,2,2,5,0,Angle,V1: Travelling straight ahead,V1: W,Wet,Daylight,Cloudy/Rain,0,0,43,31,TRUE,41.93806227,-71.29125944
5871,12/27/2006,December,Wednesday,15:42,1,2,0,0,"Sideswipe, opposite direction",V1: Turning left / V2: Travelling straight ahead,V1: S  / V2: N,Dry,Daylight,Clear,0,0,43,31,TRUE,41.89733197,-71.36979234
5872,12/28/2006,December,Thursday,14:41,1,2,0,0,Rear-end,V1: Entering traffic lane / V2: Entering traffic lane,V1: S  / V2: S,Dry,Daylight,Clear,0,0,46,27,TRUE,41.97001836,-71.2913735
5873,12/28/2006,December,Thursday,17:55,1,3,0,0,Rear-end,V1: Travelling straight ahead / V2: Slowing or stopped in traffic / V3: Slowing or stopped in traffic,V1: S  / V2: S  / V3: S,Dry,Daylight,Clear,0,0,46,27,TRUE,34.24438675,-73.6513909
5874,12/28/2006,December,Thursday,23:01,1,1,0,0,Single vehicle crash,V1: Travelling straight ahead,V1: W,Dry,Dark - lighted roadway,Clear,0,0,46,27,TRUE,41.92489078,-71.22682306
5875,12/29/2006,December,Friday,11:45,1,2,0,0,Angle,V1: Travelling straight ahead / V2: Turning left,V1: N  / V2: S,Dry,Daylight,Clear,0,0,36,21,TRUE,41.91035947,-71.36314658
5876,12/29/2006,December,Friday,18:55,1,2,0,0,"Sideswipe, opposite direction",V1: Turning left / V2: Travelling straight ahead,V1: N  / V2: S,Dry,Dark - lighted roadway,Clear,0,0,36,21,TRUE,34.24438675,-73.6513909
5877,12/30/2006,December,Saturday,17:06,1,2,0,0,Rear-end,V1: Travelling straight ahead / V2: Slowing or stopped in traffic,V1: S  / V2: S,Wet,Dark - lighted roadway,Rain,0.03,0,38,22,TRUE,41.91340256,-71.36160362
5878,12/30/2006,December,Saturday,20:31,1,1,0,0,Single vehicle crash,V1: Travelling straight ahead,V1: N,Ice,Dark - lighted roadway,Cloudy,0.03,0,38,22,TRUE,41.91819588,-71.30019517
5879,1/1/2007,January,Monday,9:49,2,1,2,0,Single vehicle crash,V1: Travelling straight ahead,V1: S,Wet,Daylight,Cloudy/Rain,0.93,0,55,25,TRUE,41.89841145,-71.37009489
5880,1/2/2007,January,Tuesday,2:45,2,2,1,0,Rear-end,V1: Slowing or stopped in traffic / V2: Travelling straight ahead,V1: S  / V2: S,Wet,Daylight,Rain,0.01,0,47,31,TRUE,41.92913005,-71.35380807
5881,1/2/2007,January,Tuesday,8:55,2,3,1,0,"Sideswipe, opposite direction",V1: Travelling straight ahead / V2: Travelling straight ahead / V3: Travelling straight ahead,V1: W  / V2: W  / V3: E,0,Daylight,Clear,0.01,0,47,31,TRUE,41.92014284,-71.35719783
5882,1/2/2007,January,Tuesday,22:55,2,2,1,0,Rear-end,V1: Travelling straight ahead / V2: Travelling straight ahead,V1: S  / V2: S,Dry,Dark - roadway not lighted,Clear,0.01,0,47,31,TRUE,41.90272719,-71.35550871
5883,1/3/2007,January,Wednesday,4:20,1,2,0,0,Angle,V1: Travelling straight ahead / V2: Entering traffic lane,V1: 0 / V2: 0,Dry,Daylight,Clear,0,0,51,28,TRUE,34.24438675,-73.6513909
5884,1/3/2007,January,Wednesday,15:50,2,2,1,0,Angle,V1: Travelling straight ahead / V2: Turning left,V1: 0 / V2: 0,Dry,Daylight,Clear,0,0,51,28,TRUE,41.93421769,-71.2996754
5885,1/3/2007,January,Wednesday,21:48,1,1,0,0,Single vehicle crash,V1: Travelling straight ahead,V1: N,Dry,Dark - roadway not lighted,Clear,0,0,51,28,TRUE,41.95517972,-71.30390129
5886,1/4/2007,January,Thursday,11:35,1,2,0,0,Rear-end,V1: Travelling straight ahead / V2: Travelling straight ahead,V1: 0 / V2: 0,Dry,Daylight,Clear,0,0,55,37,FALSE,41.95130281,-71.27263126
5887,1/5/2007,January,Friday,8:00,1,2,0,0,Single vehicle crash,V1: Travelling straight ahead / V2: Slowing or stopped in traffic,V1: N  / V2: N,Wet,Daylight,Clear,0.05,0,62,46,FALSE,41.94666472,-71.28742757
5888,1/5/2007,January,Friday,14:50,1,2,0,0,Angle,V1: Travelling straight ahead / V2: Changing lanes,V1: S  / V2: S,Dry,Daylight,Clear,0.05,0,62,46,FALSE,41.92644259,-71.35554103
5889,1/6/2007,January,Saturday,11:00,1,2,0,0,0,V1: Travelling straight ahead / V2: Turning left,V1: N  / V2: S,Wet,Daylight,Cloudy,0.03,0,64,53,FALSE,41.94140605,-71.28436439
5890,1/6/2007,January,Saturday,15:30,1,2,0,0,Rear-end,V1: Travelling straight ahead / V2: Slowing or stopped in traffic,V1: S  / V2: S,Dry,Daylight,Clear,0.03,0,64,53,FALSE,41.92644259,-71.35554103
5891,1/6/2007,January,Saturday,18:54,1,2,0,0,Angle,V1: Turning left / V2: Travelling straight ahead,V1: S  / V2: W,Dry,Dark - lighted roadway,Clear,0.03,0,64,53,FALSE,41.93358571,-71.32352844
5892,1/8/2007,January,Monday,2:30,0,2,0,0,0,V1: Travelling straight ahead / V2: Travelling straight ahead,V1: S  / V2: E,Wet,Daylight,Rain,1.07,0,55,39,FALSE,41.94683059,-71.28375978
5893,1/8/2007,January,Monday,9:32,2,1,1,0,Single vehicle crash,V1: Travelling straight ahead,V1: W,Wet,Daylight,Cloudy/Rain,1.07,0,55,39,FALSE,41.95076218,-71.29782794
5894,1/8/2007,January,Monday,13:26,1,2,0,0,Angle,V1: Turning right / V2: Slowing or stopped in traffic,V1: S  / V2: E,Wet,Daylight,Cloudy/Rain,1.07,0,55,39,FALSE,41.94845803,-71.30212015
5895,1/8/2007,January,Monday,14:17,1,2,0,0,Angle,V1: Travelling straight ahead / V2: Travelling straight ahead,V1: E  / V2: S,Wet,Daylight,Rain,1.07,0,55,39,FALSE,41.94683059,-71.28375978
5896,1/8/2007,January,Monday,17:00,1,2,0,0,Rear-end,V1: Travelling straight ahead / V2: Travelling straight ahead,V1: N  / V2: N,Wet,Dark - lighted roadway,Rain,1.07,0,55,39,FALSE,41.95370498,-71.2890337
5897,1/8/2007,January,Monday,17:14,2,2,3,0,"Sideswipe, same direction",V1: Changing lanes / V2: Travelling straight ahead,V1: S  / V2: S,Dry,Dark - roadway not lighted,Clear,1.07,0,55,39,FALSE,41.9589661,-71.30200935
5898,1/9/2007,January,Tuesday,1:45,2,2,1,0,Angle,V1: Parked / V2: Backing,V1: S  / V2: E,Dry,Daylight,Clear,0,0,44,27,TRUE,41.93092893,-71.31602461
5899,1/9/2007,January,Tuesday,15:25,1,2,0,0,Angle,V1: Parked / V2: Travelling straight ahead,V1: 0 / V2: 0,Dry,Daylight,Clear,0,0,44,27,TRUE,41.93850684,-71.29065939