ID,DATE,Month,Day of week,Crash Time,Crash Severity,Number of Vehicles,Total Nonfatal Injuries,Total Fatal Injuries,Manner of Collision,Vehicle Action Prior to Crash,Vehicle Travel Directions,Road Surface Condition,Ambient Light,Weather Condition,PRCP,SNOW,TMAX,TMIN,Ice,Longtitute,Latitute
5900,1/9/2007,January,Tuesday,16:44,1,2,0,0,Angle,V1: Turning left / V2: Travelling straight ahead,V1: E  / V2: W,Dry,Dark - lighted roadway,Clear,0,0,44,27,TRUE,41.95437986,-71.25499915
5901,1/10/2007,January,Wednesday,5:45,1,2,0,0,Rear-end,V1: Slowing or stopped in traffic / V2: Slowing or stopped in traffic,V1: S  / V2: S,Dry,Dark - roadway not lighted,Clear,0,0,38,24,TRUE,41.95376973,-71.30549498
5902,1/10/2007,January,Wednesday,7:27,1,1,0,0,Single vehicle crash,V1: Travelling straight ahead,V1: 0,Wet,Daylight,Cloudy,0,0,38,24,TRUE,41.92521765,-71.28783389
5903,1/10/2007,January,Wednesday,9:56,1,2,0,0,Rear-end,V1: Travelling straight ahead / V2: Slowing or stopped in traffic,V1: S  / V2: S,Dry,Daylight,Cloudy,0,0,38,24,TRUE,41.92045606,-71.29845401
5904,1/10/2007,January,Wednesday,15:00,1,2,0,0,Rear-end,V1: Travelling straight ahead / V2: Slowing or stopped in traffic,V1: E  / V2: E,Dry,Daylight,Cloudy,0,0,38,24,TRUE,41.95180679,-71.2898592
5905,1/12/2007,January,Friday,12:27,2,1,1,0,Single vehicle crash,V1: Travelling straight ahead,V1: 0,Dry,Daylight,Clear,0,0,50,34,FALSE,41.92446027,-71.28906707
5906,1/13/2007,January,Saturday,11:25,2,2,1,0,"Sideswipe, same direction",V1: Changing lanes / V2: Travelling straight ahead,V1: N  / V2: N,Wet,Daylight,Rain,0.05,0,50,39,FALSE,41.92644259,-71.35554103
5907,1/13/2007,January,Saturday,14:21,1,3,0,0,Rear-end,V1: Turning right / V2: Travelling straight ahead / V3: Travelling straight ahead,V1: S  / V2: S  / V3: S,Wet,Daylight,Cloudy,0.05,0,50,39,FALSE,41.91392266,-71.307402
5908,1/14/2007,January,Sunday,1:01,0,1,0,0,Single vehicle crash,V1: 0,V1: 0,Wet,Dark - lighted roadway,Rain,0.12,0,40,33,FALSE,41.90470505,-71.32271487
5909,1/14/2007,January,Sunday,10:16,2,2,1,0,Head-on,V1: Travelling straight ahead / V2: 0,V1: N  / V2: W,Wet,Daylight,Cloudy/Rain,0.12,0,40,33,FALSE,41.91982212,-71.35857678
5910,1/14/2007,January,Sunday,13:00,1,2,0,0,Rear-end,V1: Slowing or stopped in traffic / V2: Slowing or stopped in traffic,V1: W  / V2: 0,Wet,Daylight,Rain,0.12,0,40,33,FALSE,41.93269195,-71.32821357
5911,1/14/2007,January,Sunday,13:20,2,2,3,0,Rear-end,V1: Slowing or stopped in traffic / V2: Slowing or stopped in traffic,V1: W  / V2: 0,Wet,Daylight,Rain,0.12,0,40,33,FALSE,41.93269195,-71.32821357
5912,1/14/2007,January,Sunday,20:02,1,1,0,0,Single vehicle crash,V1: Turning right,V1: S,Ice,Dark - lighted roadway,Cloudy,0.12,0,40,33,FALSE,41.90638525,-71.35691222
5913,1/14/2007,January,Sunday,20:53,1,2,0,0,Angle,V1: Turning left / V2: Travelling straight ahead,V1: N  / V2: S,Wet,Dark - lighted roadway,Cloudy,0.12,0,40,33,FALSE,41.90230457,-71.36725828
5914,1/15/2007,January,Monday,14:45,2,2,1,0,Rear-end,V1: Slowing or stopped in traffic / V2: Travelling straight ahead,V1: S  / V2: S,Dry,Daylight,Clear,0.37,0,42,34,FALSE,41.92913748,-71.35380443
5915,1/16/2007,January,Tuesday,2:50,1,2,0,0,"Sideswipe, opposite direction",V1: Turning left / V2: 0,V1: W  / V2: 0,Dry,Daylight,Clear,0,0,40,21,TRUE,41.91982212,-71.35857678
5916,1/16/2007,January,Tuesday,7:20,2,2,1,0,Rear-end,V1: Travelling straight ahead / V2: Slowing or stopped in traffic,V1: N  / V2: N,Wet,Daylight,Cloudy,0,0,40,21,TRUE,41.91954079,-71.25775248
5917,1/16/2007,January,Tuesday,16:50,1,2,0,0,Angle,V1: Turning left / V2: Travelling straight ahead,V1: W  / V2: E,Dry,Dusk,Clear,0,0,40,21,TRUE,41.91744787,-71.37021545
5918,1/17/2007,January,Wednesday,14:10,1,2,0,0,Angle,V1: Turning left / V2: Travelling straight ahead,V1: N  / V2: S,Dry,Daylight,Clear,0,0,22,10,TRUE,41.94330173,-71.28943823
5919,1/17/2007,January,Wednesday,18:12,1,2,0,0,"Sideswipe, same direction",V1: Travelling straight ahead / V2: 0,V1: N  / V2: 0,Dry,Dark - roadway not lighted,Clear,0,0,22,10,TRUE,41.91063832,-71.26379012
5920,1/18/2007,January,Thursday,7:05,1,2,0,0,Head-on,V1: Turning left / V2: Travelling straight ahead,V1: W  / V2: E,Dry,Daylight,Cloudy,0.2,0,42,10,TRUE,41.91891266,-71.35896928
5921,1/18/2007,January,Thursday,19:44,1,2,0,0,"Sideswipe, same direction",V1: 0 / V2: 0,V1: S  / V2: N,Wet,Dark - lighted roadway,Rain,0.2,0,42,10,TRUE,41.94450501,-71.28411703
5922,1/19/2007,January,Friday,8:55,1,2,0,0,Rear-end,V1: Slowing or stopped in traffic / V2: Slowing or stopped in traffic,V1: 0 / V2: 0,Wet,Daylight,Rain,0.11,0,45,32,TRUE,41.92644259,-71.35554103
5923,1/19/2007,January,Friday,12:11,1,1,0,0,Single vehicle crash,V1: Travelling straight ahead,V1: S,Dry,Daylight,Clear,0.11,0,45,32,TRUE,34.24438675,-73.6513909
5924,1/19/2007,January,Friday,13:15,1,2,0,0,Angle,V1: Turning right / V2: Travelling straight ahead,V1: 0 / V2: 0,Dry,Daylight,Cloudy,0.11,0,45,32,TRUE,41.93082991,-71.2602948
5925,1/19/2007,January,Friday,14:37,2,1,1,0,Single vehicle crash,V1: Travelling straight ahead,V1: W,Dry,Daylight,Clear,0.11,0,45,32,TRUE,41.93370893,-71.30129241
5926,1/19/2007,January,Friday,15:45,1,2,0,0,Angle,V1: Turning right / V2: Travelling straight ahead,V1: S  / V2: S,Dry,Daylight,Clear,0.11,0,45,32,TRUE,41.9348634,-71.29887283
5927,1/20/2007,January,Saturday,10:54,1,1,0,0,Single vehicle crash,V1: Backing,V1: N,Dry,Daylight,Clear,0,0,34,16,TRUE,41.90555829,-71.35495936
5928,1/21/2007,January,Sunday,3:46,1,1,0,0,Single vehicle crash,V1: Travelling straight ahead,V1: E,Dry,Dark - lighted roadway,Clear,0,0,27,13,TRUE,41.93827845,-71.28153365
5929,1/21/2007,January,Sunday,13:35,2,2,1,0,Angle,V1: Travelling straight ahead / V2: Slowing or stopped in traffic,V1: S  / V2: N,Dry,Daylight,Cloudy,0,0,27,13,TRUE,41.90086769,-71.36799095
5930,1/22/2007,January,Monday,12:28,1,2,0,0,Rear-end,V1: Travelling straight ahead / V2: Turning left,V1: E  / V2: E,Dry,Daylight,Cloudy,0.02,0.5,26,21,TRUE,41.92521765,-71.28783389
5931,1/22/2007,January,Monday,17:04,2,2,3,0,Angle,V1: Travelling straight ahead / V2: Turning left,V1: W  / V2: S,Snow,Dark - lighted roadway,Snow,0.02,0.5,26,21,TRUE,41.93742983,-71.26519759
5932,1/23/2007,January,Tuesday,0:03,2,1,1,0,Single vehicle crash,V1: Travelling straight ahead,V1: N,Snow,Dark - lighted roadway,Snow,0.02,0.5,34,20,TRUE,41.90573603,-71.33506806
5933,1/23/2007,January,Tuesday,6:19,2,2,1,0,"Sideswipe, same direction",V1: Travelling straight ahead / V2: Parked,V1: E  / V2: S,Ice,Dark - lighted roadway,Snow,0.02,0.5,34,20,TRUE,41.89686927,-71.3779377
5934,1/23/2007,January,Tuesday,11:35,2,2,1,0,Rear-end,V1: Travelling straight ahead / V2: Travelling straight ahead,V1: N  / V2: N,Wet,Daylight,Clear,0.02,0.5,34,20,TRUE,41.94718215,-71.28784206
5935,1/23/2007,January,Tuesday,14:33,1,3,0,0,Rear-end,V1: Slowing or stopped in traffic / V2: Slowing or stopped in traffic / V3: Travelling straight ahead,V1: S  / V2: S  / V3: S,"Sand, mud, dirt, oil, gravel",Daylight,Cloudy,0.02,0.5,34,20,TRUE,41.94430701,-71.30913523
5936,1/24/2007,January,Wednesday,7:40,2,2,1,0,Rear-end,V1: Slowing or stopped in traffic / V2: Slowing or stopped in traffic,V1: W  / V2: W,Dry,Daylight,Clear,0,0,42,15,TRUE,41.96207697,-71.29835824
5937,1/24/2007,January,Wednesday,7:45,1,2,0,0,Rear-end,V1: Slowing or stopped in traffic / V2: Slowing or stopped in traffic,V1: N  / V2: N,Dry,Daylight,Clear,0,0,42,15,TRUE,41.94450501,-71.28411703
5938,1/24/2007,January,Wednesday,9:15,1,1,0,0,Single vehicle crash,V1: Travelling straight ahead,V1: S,Dry,Daylight,Clear,0,0,42,15,TRUE,41.9465925,-71.27549202
5939,1/24/2007,January,Wednesday,17:46,0,1,0,0,Single vehicle crash,V1: Travelling straight ahead,V1: N,Dry,Dark - roadway not lighted,Clear,0,0,42,15,TRUE,41.956426,-71.30313034
5940,1/24/2007,January,Wednesday,18:00,1,2,0,0,Angle,V1: Turning left / V2: Travelling straight ahead,V1: W  / V2: S,Dry,Dark - lighted roadway,Clear,0,0,42,15,TRUE,34.24438675,-73.6513909
5941,1/25/2007,January,Thursday,14:16,1,2,0,0,Angle,V1: Travelling straight ahead / V2: Turning left,V1: S  / V2: W,Dry,Daylight,Clear,0,0,30,11,TRUE,41.90086769,-71.36799095
5942,1/26/2007,January,Friday,10:04,1,2,0,0,Angle,V1: Turning left / V2: Travelling straight ahead,V1: S  / V2: N,Dry,Daylight,Clear,0,0,16,2,TRUE,41.94140605,-71.28436439
5943,1/26/2007,January,Friday,12:23,2,2,2,0,Rear-end,V1: Travelling straight ahead / V2: Turning left,V1: S  / V2: S,Dry,Daylight,Cloudy,0,0,16,2,TRUE,41.90228518,-71.36726834
5944,1/26/2007,January,Friday,17:50,0,2,0,0,Angle,V1: Travelling straight ahead / V2: Turning left,V1: 0 / V2: 0,Dry,Dark - roadway not lighted,Clear,0,0,16,2,TRUE,34.24438675,-73.6513909
5945,1/27/2007,January,Saturday,16:48,1,2,0,0,Angle,V1: Backing / V2: Parked,V1: W  / V2: W,Dry,Daylight,Clear,0,0,25,4,TRUE,41.94590232,-71.28880634
5946,1/27/2007,January,Saturday,18:32,2,2,1,0,Rear-end,V1: Travelling straight ahead / V2: Travelling straight ahead,V1: S  / V2: S,Dry,Dark - 0 roadway lighting,Clear,0,0,25,4,TRUE,41.92014285,-71.35719783
5947,1/27/2007,January,Saturday,18:35,1,2,0,0,Head-on,V1: Turning left / V2: Travelling straight ahead,V1: N  / V2: S,Dry,Dark - lighted roadway,Clear,0,0,25,4,TRUE,41.91982212,-71.35857678
5948,1/28/2007,January,Sunday,8:12,1,1,0,0,Single vehicle crash,V1: Turning right,V1: N,Ice,Daylight,Clear,0.03,0.6,41,24,TRUE,41.95519062,-71.30253826
5949,1/28/2007,January,Sunday,12:18,2,2,1,0,"Sideswipe, same direction",V1: Travelling straight ahead / V2: Travelling straight ahead,V1: E  / V2: N,Dry,Daylight,Clear,0.03,0.6,41,24,TRUE,41.93503657,-71.2848971
5950,1/28/2007,January,Sunday,17:32,1,2,0,0,Angle,V1: Entering traffic lane / V2: Travelling straight ahead,V1: E  / V2: N,Dry,Dark - lighted roadway,Clear,0.03,0.6,41,24,TRUE,41.90964751,-71.36351027
5951,1/28/2007,January,Sunday,22:27,1,1,0,0,Single vehicle crash,V1: Travelling straight ahead,V1: E,Dry,Dark - lighted roadway,Clear,0.03,0.6,41,24,TRUE,41.94431902,-71.27435681
5952,1/29/2007,January,Monday,14:14,2,2,2,0,Angle,V1: Travelling straight ahead / V2: Travelling straight ahead,V1: S  / V2: E,Dry,Daylight,Clear,0,0,29,17,TRUE,34.24438675,-73.6513909
5953,1/29/2007,January,Monday,16:54,1,2,0,0,"Sideswipe, same direction",V1: Entering traffic lane / V2: Travelling straight ahead,V1: S  / V2: W,Dry,Daylight,Clear,0,0,29,17,TRUE,41.93358571,-71.32352844
5954,1/30/2007,January,Tuesday,13:53,2,2,1,0,Rear-end,V1: Travelling straight ahead / V2: Leaving traffic lane,V1: N  / V2: N,Dry,Daylight,Clear,0,0,33,13,TRUE,41.93402963,-71.3189917
5955,1/31/2007,January,Wednesday,9:08,1,2,0,0,"Sideswipe, same direction",V1: Travelling straight ahead / V2: Turning left,V1: N  / V2: N,Wet,Daylight,Clear,0.03,0.5,33,16,TRUE,41.94201587,-71.2912461
5956,1/31/2007,January,Wednesday,17:45,1,2,0,0,Angle,V1: Travelling straight ahead / V2: Turning left,V1: N  / V2: E,Dry,Dark - lighted roadway,Clear,0.03,0.5,33,16,TRUE,41.92508738,-71.35628348
5957,1/31/2007,January,Wednesday,18:45,2,2,1,0,Angle,V1: Travelling straight ahead / V2: Turning left,V1: E  / V2: N,Dry,Dark - lighted roadway,Clear,0.03,0.5,33,16,TRUE,41.95451461,-71.24992613
5958,2/1/2007,February,Thursday,14:04,1,2,0,0,Rear-end,V1: Travelling straight ahead / V2: Travelling straight ahead,V1: N  / V2: N,Dry,Daylight,Clear,0,0,38,16,TRUE,41.929828,-71.3534945
5959,2/2/2007,February,Friday,20:45,1,2,0,0,Rear-end,V1: Travelling straight ahead / V2: Slowing or stopped in traffic,V1: E  / V2: E,Slush,Dark - lighted roadway,Snow,0.12,0,37,26,TRUE,41.95454839,-71.25253246
5960,2/2/2007,February,Friday,21:24,0,1,0,0,Single vehicle crash,V1: 0,V1: 0,Wet,Dark - lighted roadway,Rain,0.12,0,37,26,TRUE,41.91819589,-71.30019516
5961,2/3/2007,February,Saturday,2:19,1,2,0,0,Head-on,V1: Travelling straight ahead / V2: Travelling straight ahead,V1: S  / V2: N,Wet,Dark - lighted roadway,Snow,0.05,0,33,21,TRUE,41.9110765,-71.36278231
5962,2/3/2007,February,Saturday,15:09,1,3,0,0,Head-on,V1: Travelling straight ahead / V2: Slowing or stopped in traffic / V3: Slowing or stopped in traffic,V1: E  / V2: W  / V3: W,Dry,Daylight,Clear,0.05,0,33,21,TRUE,41.93357119,-71.30035285
5963,2/3/2007,February,Saturday,22:27,1,2,0,0,"Sideswipe, opposite direction",V1: Travelling straight ahead / V2: Travelling straight ahead,V1: E  / V2: W,Dry,Dark - lighted roadway,Clear,0.05,0,33,21,TRUE,41.89634458,-71.37095852
5964,2/4/2007,February,Sunday,14:02,2,2,1,0,Rear-end,V1: Travelling straight ahead / V2: 0,V1: E  / V2: E,Dry,Daylight,Clear,0,0,25,12,TRUE,41.93394439,-71.3070192
5965,2/4/2007,February,Sunday,19:03,2,2,1,0,Rear-end,V1: Travelling straight ahead / V2: Slowing or stopped in traffic,V1: N  / V2: N,Dry,Dark - lighted roadway,Clear,0,0,25,12,TRUE,41.91982212,-71.35857678
5966,2/5/2007,February,Monday,5:59,2,2,1,0,Rear-end,V1: Travelling straight ahead / V2: Slowing or stopped in traffic,V1: E  / V2: E,Dry,Dark - lighted roadway,Clear,0,0,19,8,TRUE,41.95412798,-71.26162376
5967,2/5/2007,February,Monday,12:14,0,2,0,0,0,V1: Parked / V2: Parked,V1: 0 / V2: E,Dry,Daylight,Clear,0,0,19,8,TRUE,41.94450501,-71.28411703
5968,2/5/2007,February,Monday,14:30,1,2,0,0,Angle,V1: Turning left / V2: Travelling straight ahead,V1: N  / V2: S,Dry,Daylight,Clear,0,0,19,8,TRUE,41.95076301,-71.27397064
5969,2/6/2007,February,Tuesday,11:41,1,2,0,0,Angle,V1: Turning left / V2: Travelling straight ahead,V1: W  / V2: E,Dry,Daylight,Clear,0,0,28,10,TRUE,41.94087812,-71.27241863
5970,2/6/2007,February,Tuesday,13:31,1,2,0,0,Rear-end,V1: Slowing or stopped in traffic / V2: Slowing or stopped in traffic,V1: W  / V2: W,Ice,Daylight,Snow,0,0,28,10,TRUE,34.24438675,-73.6513909
5971,2/6/2007,February,Tuesday,15:23,2,1,1,0,Single vehicle crash,V1: Travelling straight ahead,V1: S,Dry,Daylight,Clear,0,0,28,10,TRUE,41.95431983,-71.24983704
5972,2/6/2007,February,Tuesday,16:28,2,2,1,0,Rear-end,V1: Slowing or stopped in traffic / V2: Travelling straight ahead,V1: E  / V2: E,Dry,Daylight,Clear,0,0,28,10,TRUE,41.97001836,-71.2913735
5973,2/6/2007,February,Tuesday,18:12,2,2,1,0,Rear-end,V1: Travelling straight ahead / V2: Slowing or stopped in traffic,V1: E  / V2: E,Dry,Daylight,Clear,0,0,28,10,TRUE,41.95249938,-71.27006551
5974,2/7/2007,February,Wednesday,2:37,2,2,1,0,Single vehicle crash,V1: Travelling straight ahead / V2: Parked,V1: W  / V2: 0,Dry,Dark - roadway not lighted,Clear,0,0,25,6,TRUE,41.92310061,-71.23373485
5975,2/7/2007,February,Wednesday,17:35,2,2,1,0,Angle,V1: Slowing or stopped in traffic / V2: Turning right,V1: E  / V2: N,Dry,Dark - lighted roadway,Clear,0,0,25,6,TRUE,41.94450501,-71.28411703
5976,2/8/2007,February,Thursday,15:18,2,2,1,0,Angle,V1: Travelling straight ahead / V2: Travelling straight ahead,V1: E  / V2: S,Dry,Daylight,Clear,0,0,30,13,TRUE,41.94201874,-71.28943664
5977,2/8/2007,February,Thursday,21:10,2,2,1,0,Single vehicle crash,V1: Turning left / V2: Travelling straight ahead,V1: E  / V2: W,Dry,Daylight,Cloudy,0,0,30,13,TRUE,34.24438675,-73.6513909
5978,2/9/2007,February,Friday,7:20,1,2,0,0,Single vehicle crash,V1: Parked / V2: Turning right,V1: W  / V2: 0,Dry,Dark - lighted roadway,Clear,0,0,30,16,TRUE,41.89687556,-71.37789569
5979,2/9/2007,February,Friday,8:29,1,2,0,0,Rear-end,V1: Travelling straight ahead / V2: Travelling straight ahead,V1: 0 / V2: 0,Dry,Daylight,Clear,0,0,30,16,TRUE,41.9412121,-71.28297598
5980,2/9/2007,February,Friday,14:36,1,2,0,0,Rear-end,V1: Travelling straight ahead / V2: Slowing or stopped in traffic,V1: N  / V2: N,"Sand, mud, dirt, oil, gravel",Daylight,Clear,0,0,30,16,TRUE,41.95484304,-71.28856385
5981,2/10/2007,February,Saturday,3:39,1,1,0,0,Single vehicle crash,V1: Travelling straight ahead,V1: N,Dry,Dark - roadway not lighted,Clear,0,0,35,11,TRUE,34.24438675,-73.6513909
5982,2/10/2007,February,Saturday,11:57,2,2,1,0,Rear-end,V1: Travelling straight ahead / V2: Slowing or stopped in traffic,V1: N  / V2: 0,0,Daylight,Clear,0,0,35,11,TRUE,41.91540456,-71.35898971
5983,2/11/2007,February,Sunday,7:10,1,1,0,0,Single vehicle crash,V1: Travelling straight ahead,V1: N,Dry,Daylight,Clear,0,0,33,11,TRUE,34.24438675,-73.6513909
5984,2/11/2007,February,Sunday,12:48,1,2,0,0,Rear-end,V1: Travelling straight ahead / V2: Travelling straight ahead,V1: N  / V2: N,Dry,Daylight,Clear,0,0,33,11,TRUE,41.92521783,-71.35622651
5985,2/11/2007,February,Sunday,14:45,1,4,0,0,0,V1: Travelling straight ahead / V2: Changing lanes / V3: Travelling straight ahead / V4: 0,V1: S  / V2: S  / V3: N  / V4: 0,Dry,Daylight,Clear,0,0,33,11,TRUE,41.95531464,-71.30387442
5986,2/12/2007,February,Monday,12:47,2,2,1,0,Angle,V1: Travelling straight ahead / V2: Travelling straight ahead,V1: W  / V2: N,Dry,Daylight,Clear,0,0,40,22,TRUE,41.93946861,-71.28168616
5987,2/12/2007,February,Monday,16:57,1,3,0,0,Rear-end,V1: Travelling straight ahead / V2: Slowing or stopped in traffic / V3: Slowing or stopped in traffic,V1: N  / V2: N  / V3: N,Dry,Daylight,Cloudy,0,0,40,22,TRUE,41.92644259,-71.35554103
5988,2/12/2007,February,Monday,18:07,1,2,0,0,0,V1: Travelling straight ahead / V2: Slowing or stopped in traffic,V1: S  / V2: N,Dry,Dark - lighted roadway,Clear,0,0,40,22,TRUE,41.97001836,-71.2913735
5989,2/13/2007,February,Tuesday,18:48,2,1,1,0,Single vehicle crash,V1: Travelling straight ahead,V1: E,Dry,Dark - lighted roadway,Clear,0,0,26,11,TRUE,41.94026427,-71.27780656
5990,2/14/2007,February,Wednesday,6:10,1,2,0,0,0,V1: 0 / V2: 0,V1: N  / V2: N,Snow,Dark - lighted roadway,Snow,1.59,2.1,38,18,TRUE,41.90015882,-71.36325484
5991,2/14/2007,February,Wednesday,6:25,1,2,0,0,Rear-end,V1: Slowing or stopped in traffic / V2: Travelling straight ahead,V1: E  / V2: E,Ice,Dark - lighted roadway,Rain,1.59,2.1,38,18,TRUE,41.91905996,-71.36150836
5992,2/14/2007,February,Wednesday,6:50,1,1,0,0,Single vehicle crash,V1: Travelling straight ahead,V1: E,Snow,Daylight,Rain,1.59,2.1,38,18,TRUE,41.95399332,-71.25903768
5993,2/14/2007,February,Wednesday,6:55,1,4,0,0,Single vehicle crash,V1: Travelling straight ahead / V2: Parked / V3: Parked / V4: Parked,V1: N  / V2: 0 / V3: 0 / V4: 0,Snow,Dawn,Snow,1.59,2.1,38,18,TRUE,41.92913748,-71.35380443
5994,2/14/2007,February,Wednesday,7:18,2,1,1,0,Single vehicle crash,V1: Travelling straight ahead,V1: N,Ice,Daylight,Snow,1.59,2.1,38,18,TRUE,41.90659849,-71.35697287
5995,2/14/2007,February,Wednesday,8:01,1,2,0,0,Rear-end,V1: Travelling straight ahead / V2: Slowing or stopped in traffic,V1: N  / V2: N,Snow,Dark - lighted roadway,Snow,1.59,2.1,38,18,TRUE,41.94928318,-71.28964082
5996,2/14/2007,February,Wednesday,8:08,1,2,0,0,Angle,V1: Travelling straight ahead / V2: Travelling straight ahead,V1: W  / V2: E,Snow,Daylight,Snow,1.59,2.1,38,18,TRUE,41.92610341,-71.34641867
5997,2/14/2007,February,Wednesday,8:10,1,3,0,0,Head-on,V1: Travelling straight ahead / V2: Travelling straight ahead / V3: Travelling straight ahead,V1: W  / V2: E  / V3: E,Slush,Daylight,Snow,1.59,2.1,38,18,TRUE,41.95442054,-71.2466138
5998,2/14/2007,February,Wednesday,8:10,2,1,1,0,Single vehicle crash,V1: 0,V1: W,Slush,Daylight,Snow,1.59,2.1,38,18,TRUE,41.92373609,-71.31703644
5999,2/14/2007,February,Wednesday,8:13,1,1,0,0,Single vehicle crash,V1: Travelling straight ahead,V1: N,Snow,Daylight,Rain,1.59,2.1,38,18,TRUE,41.95966308,-71.25621168
6000,2/14/2007,February,Wednesday,8:50,1,2,0,0,Angle,V1: Travelling straight ahead / V2: Travelling straight ahead,V1: 0 / V2: 0,Ice,Daylight,Snow,1.59,2.1,38,18,TRUE,41.92639318,-71.22370248
6001,2/14/2007,February,Wednesday,9:41,2,1,1,0,Single vehicle crash,V1: Slowing or stopped in traffic,V1: N,Slush,Daylight,Snow,1.59,2.1,38,18,TRUE,41.95927989,-71.30908985
6002,2/14/2007,February,Wednesday,10:10,1,2,0,0,Angle,V1: Parked / V2: Travelling straight ahead,V1: 0 / V2: 0,Ice,Daylight,Snow,1.59,2.1,38,18,TRUE,41.92859302,-71.28439247
6003,2/14/2007,February,Wednesday,10:35,1,1,0,0,Single vehicle crash,V1: Travelling straight ahead,V1: 0,Ice,Daylight,Snow,1.59,2.1,38,18,TRUE,41.92518924,-71.26009364
6004,2/14/2007,February,Wednesday,14:56,2,1,1,0,Single vehicle crash,V1: Slowing or stopped in traffic,V1: S,Ice,Daylight,Cloudy,1.59,2.1,38,18,TRUE,41.91816133,-71.25763887
6005,2/14/2007,February,Wednesday,17:00,1,2,0,0,Single vehicle crash,V1: Travelling straight ahead / V2: Travelling straight ahead,V1: S  / V2: S,Wet,Daylight,Cloudy,1.59,2.1,38,18,TRUE,41.93309921,-71.3205767
6006,2/14/2007,February,Wednesday,17:20,1,2,0,0,Rear-end,V1: Travelling straight ahead / V2: Travelling straight ahead,V1: N  / V2: N,Snow,Dawn,Snow,1.59,2.1,38,18,TRUE,41.92508738,-71.35628348
6007,2/14/2007,February,Wednesday,18:15,1,4,0,0,Angle,V1: Travelling straight ahead / V2: Travelling straight ahead / V3: Travelling straight ahead / V4: Travelling straight ahead,V1: S  / V2: S  / V3: S  / V4: S,Ice,Dark - roadway not lighted,Rain,1.59,2.1,38,18,TRUE,41.90238589,-71.35672422
6008,2/14/2007,February,Wednesday,18:40,1,3,0,0,Rear-end,V1: Travelling straight ahead / V2: Travelling straight ahead / V3: Travelling straight ahead,V1: N  / V2: N  / V3: N,Ice,Dark - roadway not lighted,Rain,1.59,2.1,38,18,TRUE,41.90247427,-71.35536633
6009,2/14/2007,February,Wednesday,21:41,2,1,1,0,Head-on,V1: Slowing or stopped in traffic,V1: E,Ice,Dark - lighted roadway,Snow,1.59,2.1,38,18,TRUE,41.92449551,-71.32136949
6010,2/15/2007,February,Thursday,2:00,1,2,0,0,"Sideswipe, same direction",V1: Travelling straight ahead / V2: Entering traffic lane,V1: W  / V2: W,Dry,Daylight,Clear,0,0,25,12,TRUE,41.93664277,-71.30148744
6011,2/15/2007,February,Thursday,7:49,2,2,1,0,Angle,V1: Turning left / V2: Travelling straight ahead,V1: S  / V2: N,Dry,Daylight,Clear,0,0,25,12,TRUE,41.94548184,-71.28559201
6012,2/15/2007,February,Thursday,10:00,2,1,1,0,Single vehicle crash,V1: Turning right,V1: N,Wet,Daylight,Clear,0,0,25,12,TRUE,34.24438675,-73.6513909
6013,2/15/2007,February,Thursday,19:50,1,2,0,0,Angle,V1: Turning left / V2: Travelling straight ahead,V1: E  / V2: W,Dry,Dark - lighted roadway,Clear,0,0,25,12,TRUE,41.93363156,-71.30076394
6014,2/15/2007,February,Thursday,21:13,1,1,0,0,Single vehicle crash,V1: Travelling straight ahead,V1: S,Ice,Dark - lighted roadway,Clear,0,0,25,12,TRUE,41.93417773,-71.28627163
6015,2/15/2007,February,Thursday,23:22,2,1,1,0,Single vehicle crash,V1: Travelling straight ahead,V1: N,Dry,Dark - roadway not lighted,Clear,0,0,25,12,TRUE,41.90236395,-71.35579697
6016,2/16/2007,February,Friday,0:50,1,1,0,0,Single vehicle crash,V1: Travelling straight ahead,V1: N,"Sand, mud, dirt, oil, gravel",Dark - lighted roadway,Clear,0,0,31,12,TRUE,34.24438675,-73.6513909
6017,2/16/2007,February,Friday,2:55,1,1,0,0,Single vehicle crash,V1: Turning right,V1: E,"Sand, mud, dirt, oil, gravel",Dark - lighted roadway,Clear,0,0,31,12,TRUE,34.24438675,-73.6513909
6018,2/16/2007,February,Friday,12:00,1,2,0,0,Angle,V1: Turning right / V2: Turning right,V1: 0 / V2: 0,Dry,Daylight,Clear,0,0,31,12,TRUE,41.93874704,-71.29215576
6019,2/16/2007,February,Friday,13:41,1,2,0,0,Rear-end,V1: Slowing or stopped in traffic / V2: Slowing or stopped in traffic,V1: S  / V2: S,Dry,Daylight,Clear,0,0,31,12,TRUE,41.92352256,-71.3569786
6020,2/17/2007,February,Saturday,1:54,1,1,0,0,"Sideswipe, same direction",V1: Turning left,V1: W,Dry,Dark - lighted roadway,Clear,0,0,37,20,TRUE,41.90091712,-71.32946425
6021,2/17/2007,February,Saturday,12:36,2,2,1,0,Rear-end,V1: Entering traffic lane / V2: Entering traffic lane,V1: N  / V2: N,Dry,Daylight,Clear,0,0,37,20,TRUE,41.90247427,-71.35536633
6022,2/17/2007,February,Saturday,22:23,1,2,0,0,Rear-end,V1: Travelling straight ahead / V2: Slowing or stopped in traffic,V1: N  / V2: N,Dry,Dark - lighted roadway,Clear,0,0,37,20,TRUE,41.90682772,-71.35704387
6023,2/18/2007,February,Sunday,13:06,1,3,0,0,Rear-end,V1: Travelling straight ahead / V2: Travelling straight ahead / V3: Turning left,V1: S  / V2: S  / V3: S,Dry,Daylight,Cloudy,0,0,36,19,TRUE,41.92045477,-71.35830028