ID,DATE,Month,Day of week,Crash Time,Crash Severity,Number of Vehicles,Total Nonfatal Injuries,Total Fatal Injuries,Manner of Collision,Vehicle Action Prior to Crash,Vehicle Travel Directions,Road Surface Condition,Ambient Light,Weather Condition,PRCP,SNOW,TMAX,TMIN,Ice,Longtitute,Latitute
6024,2/18/2007,February,Sunday,20:03,1,1,0,0,Single vehicle crash,V1: Travelling straight ahead,V1: S,Dry,Dark - lighted roadway,Clear,0,0,36,19,TRUE,41.92461465,-71.25962095
6025,2/18/2007,February,Sunday,21:01,0,2,0,0,Rear-end,V1: Slowing or stopped in traffic / V2: 0,V1: S  / V2: 0,Dry,Dark - lighted roadway,Cloudy,0,0,36,19,TRUE,41.90682772,-71.35704387
6026,2/19/2007,February,Monday,1:40,1,1,0,0,Single vehicle crash,V1: Travelling straight ahead,V1: N,Dry,Dark - 0 roadway lighting,Clear,0,0,24,9,TRUE,41.956426,-71.30313034
6027,2/19/2007,February,Monday,5:30,1,1,0,0,Single vehicle crash,V1: Turning left,V1: 0,Snow,Dark - roadway not lighted,Snow,0,0,24,9,TRUE,41.93416552,-71.31970188
6028,2/19/2007,February,Monday,13:32,1,3,0,0,Rear-end,V1: Slowing or stopped in traffic / V2: Travelling straight ahead / V3: Travelling straight ahead,V1: S  / V2: S  / V3: S,Dry,Daylight,Clear,0,0,24,9,TRUE,41.92768883,-71.35465888
6029,2/19/2007,February,Monday,13:55,2,2,1,0,Rear-end,V1: Travelling straight ahead / V2: Travelling straight ahead,V1: N  / V2: N,Dry,Daylight,Clear,0,0,24,9,TRUE,41.92536346,-71.3561629
6030,2/19/2007,February,Monday,18:20,1,2,0,0,Angle,V1: Travelling straight ahead / V2: Slowing or stopped in traffic,V1: 0 / V2: 0,Ice,Dark - lighted roadway,Clear,0,0,24,9,TRUE,41.92141393,-71.35534523
6031,2/20/2007,February,Tuesday,12:03,1,1,0,0,Single vehicle crash,V1: Making U-turn,V1: 0,Dry,Daylight,Clear,0,0,52,19,TRUE,41.94395483,-71.28036193
6032,2/20/2007,February,Tuesday,13:21,1,2,0,0,Single vehicle crash,V1: Travelling straight ahead / V2: Parked,V1: 0 / V2: 0,Dry,Daylight,Cloudy,0,0,52,19,TRUE,41.91740007,-71.37243287
6033,2/20/2007,February,Tuesday,14:27,1,2,0,0,"Sideswipe, same direction",V1: Overtaking/passing / V2: Turning left,V1: S  / V2: S,Dry,Daylight,Clear,0,0,52,19,TRUE,41.95484304,-71.28856385
6034,2/20/2007,February,Tuesday,15:45,1,2,0,0,Rear-end,V1: Travelling straight ahead / V2: Slowing or stopped in traffic,V1: S  / V2: S,Dry,Daylight,Clear,0,0,52,19,TRUE,41.91271194,-71.35898967
6035,2/21/2007,February,Wednesday,2:50,1,2,0,0,Angle,V1: Slowing or stopped in traffic / V2: Travelling straight ahead,V1: N  / V2: S,Dry,Daylight,Clear,0.04,0,49,25,TRUE,41.91554476,-71.3789915
6036,2/21/2007,February,Wednesday,12:21,2,2,1,0,Rear-end,V1: Slowing or stopped in traffic / V2: 0,V1: W  / V2: W,Dry,Daylight,Clear,0.04,0,49,25,TRUE,41.94466875,-71.28335786
6037,2/21/2007,February,Wednesday,16:06,2,2,1,0,"Sideswipe, same direction",V1: Travelling straight ahead / V2: Travelling straight ahead,V1: N  / V2: E,Dry,Daylight,Clear,0.04,0,49,25,TRUE,41.94210306,-71.26984487
6038,2/22/2007,February,Thursday,0:50,1,1,0,0,Single vehicle crash,V1: Travelling straight ahead,V1: S,Dry,Dark - lighted roadway,Clear,0.03,0.1,41,20,TRUE,41.93947925,-71.25099135
6039,2/22/2007,February,Thursday,17:57,1,2,0,0,Rear-end,V1: Entering traffic lane / V2: Travelling straight ahead,V1: E  / V2: S,Wet,Dark - lighted roadway,Rain,0.03,0.1,41,20,TRUE,34.24438675,-73.6513909
6040,2/23/2007,February,Friday,8:49,1,2,0,0,Rear-end,V1: Backing / V2: Parked,V1: S  / V2: N,Snow,Daylight,Clear,0.06,1,35,17,TRUE,41.95182525,-71.25968143
6041,2/23/2007,February,Friday,17:25,2,3,1,0,Rear-end,V1: Slowing or stopped in traffic / V2: Slowing or stopped in traffic / V3: Travelling straight ahead,V1: S  / V2: S  / V3: S,Dry,Daylight,Clear,0.06,1,35,17,TRUE,41.9589661,-71.30200935
6042,2/24/2007,February,Saturday,2:20,0,2,0,0,"Sideswipe, same direction",V1: Changing lanes / V2: Travelling straight ahead,V1: S  / V2: S,Dry,Daylight,Clear,0,0,37,14,TRUE,34.24438675,-73.6513909
6043,2/24/2007,February,Saturday,17:15,1,2,0,0,Rear-end,V1: Travelling straight ahead / V2: 0,V1: 0 / V2: 0,0,Daylight,Clear,0,0,37,14,TRUE,41.93269195,-71.32821357
6044,2/25/2007,February,Sunday,1:10,1,1,0,0,Head-on,V1: Travelling straight ahead,V1: E,Dry,Dark - lighted roadway,Clear,0,0,46,21,TRUE,41.90756711,-71.37322981
6045,2/25/2007,February,Sunday,9:41,1,2,0,0,Angle,V1: Turning left / V2: Travelling straight ahead,V1: S  / V2: E,Dry,Daylight,Clear,0,0,46,21,TRUE,41.9483337,-71.27794679
6046,2/25/2007,February,Sunday,14:18,2,2,1,0,Rear-end,V1: Travelling straight ahead / V2: Slowing or stopped in traffic,V1: S  / V2: S,Dry,Daylight,Clear,0,0,46,21,TRUE,41.92803809,-71.35440675
6047,2/26/2007,February,Monday,7:10,1,2,0,0,Angle,V1: Slowing or stopped in traffic / V2: Entering traffic lane,V1: S  / V2: E,Snow,Daylight,Snow,0.25,2.8,36,29,TRUE,41.93830895,-71.28203041
6048,2/26/2007,February,Monday,7:20,0,2,0,0,"Sideswipe, opposite direction",V1: Travelling straight ahead / V2: Travelling straight ahead,V1: W  / V2: N,Snow,Daylight,Snow,0.25,2.8,36,29,TRUE,41.94413491,-71.27260127
6049,2/26/2007,February,Monday,7:54,1,1,0,0,Single vehicle crash,V1: Travelling straight ahead,V1: W,Snow,Daylight,Snow,0.25,2.8,36,29,TRUE,41.95144918,-71.30723807
6050,2/26/2007,February,Monday,8:05,1,2,0,0,Angle,V1: Slowing or stopped in traffic / V2: Travelling straight ahead,V1: N  / V2: E,Snow,Daylight,Snow,0.25,2.8,36,29,TRUE,41.94225649,-71.27227635
6051,2/26/2007,February,Monday,13:31,1,2,0,0,Angle,V1: Travelling straight ahead / V2: Travelling straight ahead,V1: W  / V2: W,Wet,Daylight,Snow,0.25,2.8,36,29,TRUE,41.93409337,-71.29982912
6052,2/26/2007,February,Monday,15:54,1,2,0,0,Rear-end,V1: Travelling straight ahead / V2: Travelling straight ahead,V1: S  / V2: S,Wet,Daylight,Snow,0.25,2.8,36,29,TRUE,41.91406937,-71.36126683
6053,2/26/2007,February,Monday,16:20,1,2,0,0,Angle,V1: Travelling straight ahead / V2: Turning left,V1: S  / V2: E,Wet,Daylight,Snow,0.25,2.8,36,29,TRUE,41.94666472,-71.28742757
6054,2/26/2007,February,Monday,23:17,1,1,0,0,Single vehicle crash,V1: Travelling straight ahead,V1: W,Snow,Dark - lighted roadway,Snow,0.25,2.8,36,29,TRUE,41.89680599,-71.37828038
6055,2/27/2007,February,Tuesday,7:50,1,2,0,0,Angle,V1: Travelling straight ahead / V2: Turning left,V1: W  / V2: E,Dry,Daylight,Clear,0.01,0.3,40,30,TRUE,34.24438675,-73.6513909
6056,2/27/2007,February,Tuesday,14:50,1,1,0,0,Single vehicle crash,V1: Travelling straight ahead,V1: N,Wet,Daylight,Cloudy,0.01,0.3,40,30,TRUE,41.90857158,-71.31727362
6057,2/27/2007,February,Tuesday,23:50,1,1,0,0,Angle,V1: Travelling straight ahead,V1: N,Dry,Dark - roadway not lighted,Clear,0.01,0.3,40,30,TRUE,41.95517465,-71.30396867
6058,2/28/2007,February,Wednesday,6:40,0,2,0,0,Angle,V1: Turning left / V2: Slowing or stopped in traffic,V1: 0 / V2: 0,Dry,Daylight,Cloudy,0,0,48,26,TRUE,41.89859,-71.35502599
6059,2/28/2007,February,Wednesday,9:41,1,2,0,0,Angle,V1: Turning left / V2: Travelling straight ahead,V1: E  / V2: W,Dry,Daylight,Clear,0,0,48,26,TRUE,41.9483337,-71.27794679
6060,3/1/2007,March,Thursday,2:00,1,2,0,0,Rear-end,V1: Travelling straight ahead / V2: Travelling straight ahead,V1: W  / V2: W,Snow,Daylight,Snow,0,0,45,20,TRUE,41.90804202,-71.37220475
6061,3/1/2007,March,Thursday,7:15,1,2,0,0,Rear-end,V1: Slowing or stopped in traffic / V2: Slowing or stopped in traffic,V1: W  / V2: W,Dry,Daylight,Clear,0,0,45,20,TRUE,41.93874704,-71.29215575
6062,3/1/2007,March,Thursday,14:11,1,2,0,0,Angle,V1: Travelling straight ahead / V2: Travelling straight ahead,V1: W  / V2: N,Wet,Daylight,Cloudy,0,0,45,20,TRUE,41.9404815,-71.28139686
6063,3/1/2007,March,Thursday,17:20,1,2,0,0,Angle,V1: Making U-turn / V2: Travelling straight ahead,V1: S  / V2: S,Dry,Dark - lighted roadway,Clear,0,0,45,20,TRUE,41.91902322,-71.35778764
6064,3/2/2007,March,Friday,16:22,2,2,1,0,Angle,V1: Travelling straight ahead / V2: Turning left,V1: S  / V2: E,Wet,Daylight,Cloudy/Rain,2.45,0,51,30,TRUE,41.90582226,-71.36546869
6065,3/2/2007,March,Friday,16:22,1,2,0,0,Angle,V1: Travelling straight ahead / V2: Entering traffic lane,V1: N  / V2: W,Wet,Daylight,Cloudy/Rain,2.45,0,51,30,TRUE,41.9404815,-71.28139686
6066,3/2/2007,March,Friday,16:26,1,2,0,0,Rear-end,V1: Travelling straight ahead / V2: Slowing or stopped in traffic,V1: E  / V2: E,Wet,Daylight,Rain,2.45,0,51,30,TRUE,41.92614915,-71.34628794
6067,3/2/2007,March,Friday,20:45,1,2,0,0,Rear-end,V1: Travelling straight ahead / V2: Slowing or stopped in traffic,V1: N  / V2: N,Dry,Dark - lighted roadway,Clear,2.45,0,51,30,TRUE,41.91325585,-71.3590575
6068,3/3/2007,March,Saturday,0:15,1,1,0,0,Single vehicle crash,V1: Turning left,V1: S,Wet,Dark - lighted roadway,Clear,0,0,60,25,TRUE,41.94845803,-71.30212015
6069,3/3/2007,March,Saturday,8:28,1,2,0,0,Angle,V1: Turning left / V2: Travelling straight ahead,V1: W  / V2: S,Dry,Daylight,Clear,0,0,60,25,TRUE,41.9483337,-71.27794679
6070,3/3/2007,March,Saturday,11:42,1,2,0,0,Rear-end,V1: Slowing or stopped in traffic / V2: Slowing or stopped in traffic,V1: S  / V2: S,Dry,Daylight,Clear,0,0,60,25,TRUE,34.24438675,-73.6513909
6071,3/3/2007,March,Saturday,12:00,1,1,0,0,Single vehicle crash,V1: Travelling straight ahead,V1: N,Dry,Daylight,Clear,0,0,60,25,TRUE,41.94936317,-71.30069287
6072,3/3/2007,March,Saturday,20:00,1,2,0,0,Rear-end,V1: Travelling straight ahead / V2: Slowing or stopped in traffic,V1: N  / V2: N,Dry,Dark - lighted roadway,Clear,0,0,60,25,TRUE,41.90158429,-71.35565633
6073,3/4/2007,March,Sunday,1:42,1,2,0,0,Rear-end,V1: Travelling straight ahead / V2: Travelling straight ahead,V1: W  / V2: W,Dry,Dark - lighted roadway,Clear,0,0,43,29,TRUE,41.90588782,-71.37669559
6074,3/4/2007,March,Sunday,3:08,2,1,3,0,Single vehicle crash,V1: Turning right,V1: W,Dry,Dark - lighted roadway,Clear,0,0,43,29,TRUE,41.93152244,-71.29127014
6075,3/4/2007,March,Sunday,6:45,1,1,0,0,Single vehicle crash,V1: Travelling straight ahead,V1: S,Dry,Daylight,Clear,0,0,43,29,TRUE,41.89841145,-71.37009489
6076,3/4/2007,March,Sunday,13:32,1,2,0,0,"Sideswipe, same direction",V1: Turning right / V2: Travelling straight ahead,V1: N  / V2: N,Dry,Daylight,Cloudy,0,0,43,29,TRUE,34.24438675,-73.6513909
6077,3/4/2007,March,Sunday,20:00,1,2,0,0,Rear-end,V1: Travelling straight ahead / V2: Travelling straight ahead,V1: W  / V2: W,Dry,Dark - lighted roadway,Clear,0,0,43,29,TRUE,41.90998013,-71.35802082
6078,3/5/2007,March,Monday,10:42,1,2,0,0,Angle,V1: Travelling straight ahead / V2: Slowing or stopped in traffic,V1: S  / V2: E,Dry,Daylight,Clear,0,0,40,21,TRUE,41.92521765,-71.28783389
6079,3/5/2007,March,Monday,14:47,0,2,0,0,Rear-end,V1: Parked / V2: 0,V1: S  / V2: 0,0,Daylight,Cloudy,0,0,40,21,TRUE,41.94007226,-71.29032337
6080,3/6/2007,March,Tuesday,19:00,1,2,0,0,Angle,V1: Travelling straight ahead / V2: Travelling straight ahead,V1: S  / V2: 0,Dry,Dark - lighted roadway,Clear,0,0,21,7,TRUE,41.90538488,-71.36569048
6081,3/7/2007,March,Wednesday,5:56,1,2,0,0,Angle,V1: Turning left / V2: Travelling straight ahead,V1: N  / V2: W,Dry,Dark - lighted roadway,Clear,0,0,25,5,TRUE,34.24438675,-73.6513909
6082,3/7/2007,March,Wednesday,8:26,2,1,1,0,Single vehicle crash,V1: Turning left,V1: N,Dry,Dark - lighted roadway,Clear,0,0,25,5,TRUE,41.94808966,-71.28065954
6083,3/7/2007,March,Wednesday,8:35,1,2,0,0,Rear-end,V1: Slowing or stopped in traffic / V2: Slowing or stopped in traffic,V1: N  / V2: N,Dry,Daylight,Cloudy,0,0,25,5,TRUE,41.94872235,-71.28913727
6084,3/8/2007,March,Thursday,7:18,2,1,3,0,Single vehicle crash,V1: Travelling straight ahead,V1: S,"Sand, mud, dirt, oil, gravel",Daylight,Clear,0,0,29,8,TRUE,41.9421807,-71.30806282
6085,3/8/2007,March,Thursday,20:21,1,2,0,0,Rear-end,V1: Slowing or stopped in traffic / V2: Travelling straight ahead,V1: S  / V2: W,Dry,Dark - lighted roadway,Clear,0,0,29,8,TRUE,41.94757814,-71.27890389
6086,3/9/2007,March,Friday,2:21,1,2,0,0,Rear-end,V1: Travelling straight ahead / V2: 0,V1: N  / V2: 0,Dry,Daylight,Clear,0,0,34,3,TRUE,41.94113881,-71.28882207
6087,3/9/2007,March,Friday,5:00,2,3,1,0,Rear-end,V1: Slowing or stopped in traffic / V2: Travelling straight ahead / V3: Travelling straight ahead,V1: N  / V2: N  / V3: N,Dry,Dawn,Clear,0,0,34,3,TRUE,41.90223058,-71.35625816
6088,3/9/2007,March,Friday,14:21,1,2,0,0,Rear-end,V1: Travelling straight ahead / V2: Travelling straight ahead,V1: E  / V2: E,Dry,Daylight,Clear,0,0,34,3,TRUE,41.94113881,-71.28882207
6089,3/9/2007,March,Friday,15:10,1,2,0,0,Rear-end,V1: Slowing or stopped in traffic / V2: Slowing or stopped in traffic,V1: E  / V2: E,Dry,Daylight,Clear,0,0,34,3,TRUE,41.95336545,-71.27879974
6090,3/9/2007,March,Friday,15:44,1,2,0,0,Angle,V1: Turning right / V2: Slowing or stopped in traffic,V1: N  / V2: W,Dry,Daylight,Clear,0,0,34,3,TRUE,41.90337228,-71.32015942
6091,3/10/2007,March,Saturday,7:15,1,1,0,0,Single vehicle crash,V1: Travelling straight ahead,V1: N,Dry,Daylight,Clear,0,0,50,17,TRUE,41.95531185,-71.30387635
6092,3/10/2007,March,Saturday,11:46,1,1,0,0,Single vehicle crash,V1: Turning left,V1: W,Dry,Daylight,Cloudy,0,0,50,17,TRUE,41.93365798,-71.32924077
6093,3/12/2007,March,Monday,16:51,1,4,0,0,Rear-end,V1: Travelling straight ahead / V2: Slowing or stopped in traffic / V3: Slowing or stopped in traffic / V4: Slowing or stopped in traffic,V1: E  / V2: E  / V3: E  / V4: E,Dry,Daylight,Clear,0,0,58,28,TRUE,41.93393836,-71.3077318
6094,3/13/2007,March,Tuesday,11:30,1,1,0,0,Single vehicle crash,V1: Backing,V1: W,Dry,Daylight,Clear,0,0,59,33,FALSE,41.91293598,-71.23585611
6095,3/13/2007,March,Tuesday,17:20,1,2,0,0,Rear-end,V1: Travelling straight ahead / V2: Travelling straight ahead,V1: S  / V2: S,Dry,Daylight,Clear,0,0,59,33,FALSE,34.24438675,-73.6513909
6096,3/14/2007,March,Wednesday,12:58,2,2,1,0,Angle,V1: Slowing or stopped in traffic / V2: Travelling straight ahead,V1: W  / V2: N,Dry,Daylight,Clear,0,0,64,42,FALSE,41.93946861,-71.28168616
6097,3/14/2007,March,Wednesday,15:29,1,2,0,0,Rear-end,V1: Travelling straight ahead / V2: Slowing or stopped in traffic,V1: E  / V2: E,Dry,Daylight,Clear,0,0,64,42,FALSE,41.95265664,-71.26965894
6098,3/15/2007,March,Thursday,19:36,1,2,0,0,"Sideswipe, same direction",V1: Travelling straight ahead / V2: Changing lanes,V1: 0 / V2: 0,Wet,Dark - lighted roadway,Rain,0.23,0.1,61,34,FALSE,41.91325585,-71.3590575
6099,3/15/2007,March,Thursday,20:15,1,2,0,0,0,V1: Turning right / V2: Parked,V1: W  / V2: 0,Wet,Dark - lighted roadway,Cloudy/Rain,0.23,0.1,61,34,FALSE,41.94845803,-71.30212015
6100,3/15/2007,March,Thursday,22:32,2,2,1,0,Rear-end,V1: Slowing or stopped in traffic / V2: Travelling straight ahead,V1: S  / V2: S,Wet,Dark - lighted roadway,Cloudy/Rain,0.23,0.1,61,34,FALSE,41.91340256,-71.36160361
6101,3/16/2007,March,Friday,2:00,1,2,0,0,Rear-end,V1: Slowing or stopped in traffic / V2: Slowing or stopped in traffic,V1: W  / V2: W,Snow,Daylight,Snow,1.17,6,35,27,TRUE,41.90407213,-71.38059965
6102,3/16/2007,March,Friday,2:00,2,2,1,0,Rear-end,V1: Slowing or stopped in traffic / V2: 0,V1: S  / V2: S,Snow,Daylight,Snow,1.17,6,35,27,TRUE,41.96923741,-71.29606167
6103,3/16/2007,March,Friday,7:54,2,3,1,0,Rear-end,V1: Travelling straight ahead / V2: Parked / V3: Parked,V1: S  / V2: S  / V3: S,Wet,Daylight,Snow,1.17,6,35,27,TRUE,41.94633625,-71.28706141
6104,3/16/2007,March,Friday,9:37,0,2,0,0,Angle,V1: Parked / V2: 0,V1: 0 / V2: 0,Dry,Dark - lighted roadway,Cloudy,1.17,6,35,27,TRUE,41.94879315,-71.30286369
6105,3/16/2007,March,Friday,11:36,1,2,0,0,"Sideswipe, opposite direction",V1: Travelling straight ahead / V2: Travelling straight ahead,V1: E  / V2: W,Snow,Daylight,Snow,1.17,6,35,27,TRUE,41.89903243,-71.355186
6106,3/16/2007,March,Friday,13:40,1,2,0,0,Rear-end,V1: Slowing or stopped in traffic / V2: Slowing or stopped in traffic,V1: W  / V2: W,Snow,Daylight,Snow,1.17,6,35,27,TRUE,41.8971278,-71.37372941
6107,3/16/2007,March,Friday,13:55,1,2,0,0,"Sideswipe, same direction",V1: Slowing or stopped in traffic / V2: Slowing or stopped in traffic,V1: N  / V2: N,Dry,Daylight,Clear,1.17,6,35,27,TRUE,41.93096556,-71.35302179
6108,3/16/2007,March,Friday,14:05,1,1,0,0,Single vehicle crash,V1: Travelling straight ahead,V1: S,Snow,Daylight,Snow,1.17,6,35,27,TRUE,34.24438675,-73.6513909
6109,3/16/2007,March,Friday,14:25,1,2,0,0,Angle,V1: Other / V2: Travelling straight ahead,V1: S  / V2: N,Snow,Daylight,Snow,1.17,6,35,27,TRUE,41.90257689,-71.3560405
6110,3/16/2007,March,Friday,14:30,2,1,1,0,Single vehicle crash,V1: Travelling straight ahead,V1: 0,Snow,Daylight,Snow,1.17,6,35,27,TRUE,41.92533273,-71.32169844
6111,3/16/2007,March,Friday,14:34,1,3,0,0,Single vehicle crash,V1: Travelling straight ahead / V2: Travelling straight ahead / V3: Slowing or stopped in traffic,V1: E  / V2: E  / V3: E,Ice,Daylight,Snow,1.17,6,35,27,TRUE,34.24438675,-73.6513909
6112,3/16/2007,March,Friday,15:51,1,1,0,0,Single vehicle crash,V1: Travelling straight ahead,V1: W,Snow,Daylight,Snow,1.17,6,35,27,TRUE,41.92449551,-71.32136949
6113,3/16/2007,March,Friday,16:43,1,2,0,0,Rear-end,V1: Slowing or stopped in traffic / V2: Slowing or stopped in traffic,V1: 0 / V2: 0,Snow,Daylight,Snow,1.17,6,35,27,TRUE,41.93401501,-71.31496153
6114,3/16/2007,March,Friday,16:57,1,1,0,0,Single vehicle crash,V1: Travelling straight ahead,V1: W,Snow,Daylight,Snow,1.17,6,35,27,TRUE,41.8979823,-71.37667068
6115,3/16/2007,March,Friday,17:10,1,2,0,0,Angle,V1: Slowing or stopped in traffic / V2: Travelling straight ahead,V1: S  / V2: E,Snow,Daylight,Snow,1.17,6,35,27,TRUE,41.95437986,-71.25499915
6116,3/16/2007,March,Friday,17:20,1,2,0,0,Angle,V1: Travelling straight ahead / V2: Travelling straight ahead,V1: W  / V2: E,Snow,Daylight,Snow,1.17,6,35,27,TRUE,41.94896349,-71.27713653
6117,3/16/2007,March,Friday,17:21,1,2,0,0,Rear-end,V1: Travelling straight ahead / V2: Travelling straight ahead,V1: S  / V2: S,Snow,Dusk,Snow,1.17,6,35,27,TRUE,41.9088215,-71.3639387
6118,3/16/2007,March,Friday,18:00,2,1,2,0,Single vehicle crash,V1: Travelling straight ahead,V1: N,Snow,Daylight,Snow,1.17,6,35,27,TRUE,41.91336663,-71.30790905
6119,3/16/2007,March,Friday,18:14,1,1,0,0,Single vehicle crash,V1: Travelling straight ahead,V1: W,Slush,Dusk,Snow,1.17,6,35,27,TRUE,34.24438675,-73.6513909
6120,3/16/2007,March,Friday,19:28,1,1,0,0,Single vehicle crash,V1: Travelling straight ahead,V1: S,Slush,Dark - lighted roadway,Snow,1.17,6,35,27,TRUE,41.95329683,-71.29679462
6121,3/16/2007,March,Friday,23:29,1,1,0,0,"Sideswipe, same direction",V1: Travelling straight ahead,V1: S,Snow,Dark - roadway not lighted,Snow,1.17,6,35,27,TRUE,41.89869865,-71.36913569
6122,3/17/2007,March,Saturday,0:40,1,1,0,0,Single vehicle crash,V1: Travelling straight ahead,V1: 0,Snow,Dark - lighted roadway,Snow,2.16,0,36,28,TRUE,41.94638783,-71.28713744
6123,3/17/2007,March,Saturday,7:47,1,1,0,0,Single vehicle crash,V1: Travelling straight ahead,V1: N,Wet,Daylight,Rain,2.16,0,36,28,TRUE,41.95523487,-71.30316882
6124,3/17/2007,March,Saturday,9:11,1,2,0,0,Angle,V1: Turning left / V2: Travelling straight ahead,V1: N  / V2: N,Wet,Daylight,Cloudy/Rain,2.16,0,36,28,TRUE,41.89878712,-71.35502486
6125,3/17/2007,March,Saturday,19:21,0,3,0,0,Rear-end,V1: Travelling straight ahead / V2: Parked / V3: Parked,V1: N  / V2: 0 / V3: 0,"Sand, mud, dirt, oil, gravel",Dark - lighted roadway,Cloudy,2.16,0,36,28,TRUE,41.92900571,-71.28446392
6126,3/18/2007,March,Sunday,10:55,1,2,0,0,Rear-end,V1: Turning right / V2: Travelling straight ahead,V1: 0 / V2: 0,Dry,Daylight,Clear,0,0,35,22,TRUE,41.90630452,-71.3171196
6127,3/18/2007,March,Sunday,17:48,1,2,0,0,Angle,V1: Backing / V2: Travelling straight ahead,V1: N  / V2: N,Dry,Daylight,Clear,0,0,35,22,TRUE,41.96875939,-71.27394271
6128,3/18/2007,March,Sunday,18:37,1,1,0,0,Single vehicle crash,V1: Travelling straight ahead,V1: E,Snow,Dusk,Snow,0,0,35,22,TRUE,41.93578377,-71.26768041
6129,3/19/2007,March,Monday,9:30,1,1,0,0,Single vehicle crash,V1: Travelling straight ahead,V1: S,Snow,Dark - roadway not lighted,Snow,0.28,3.4,42,24,TRUE,41.92675288,-71.34334435
6130,3/19/2007,March,Monday,14:27,1,2,0,0,Rear-end,V1: Travelling straight ahead / V2: Slowing or stopped in traffic,V1: N  / V2: N,Dry,Daylight,Clear,0.28,3.4,42,24,TRUE,41.96712418,-71.29097941
6131,3/19/2007,March,Monday,15:02,1,1,0,0,Single vehicle crash,V1: Making U-turn,V1: E,Dry,Daylight,Cloudy,0.28,3.4,42,24,TRUE,41.9545153,-71.24998128
6132,3/19/2007,March,Monday,15:40,1,2,0,0,"Sideswipe, same direction",V1: Overtaking/passing / V2: Travelling straight ahead,V1: W  / V2: W,Dry,Daylight,Cloudy,0.28,3.4,42,24,TRUE,41.95277043,-71.26933514
6133,3/20/2007,March,Tuesday,5:54,1,2,0,0,"Sideswipe, same direction",V1: Travelling straight ahead / V2: Travelling straight ahead,V1: N  / V2: N,Wet,Dark - roadway not lighted,Cloudy,0.02,0,47,26,TRUE,34.24438675,-73.6513909
6134,3/20/2007,March,Tuesday,8:47,2,2,1,0,"Sideswipe, opposite direction",V1: Turning left / V2: Turning left,V1: N  / V2: N,Wet,Daylight,Clear,0.02,0,47,26,TRUE,41.95180679,-71.2898592
6135,3/21/2007,March,Wednesday,7:41,2,2,1,0,Angle,V1: Entering traffic lane / V2: Travelling straight ahead,V1: E  / V2: N,Dry,Daylight,Clear,0,0,42,18,TRUE,41.93807284,-71.27834941
6136,3/21/2007,March,Wednesday,9:37,1,2,0,0,0,V1: Backing / V2: Slowing or stopped in traffic,V1: E  / V2: E,Dry,Daylight,Clear,0,0,42,18,TRUE,34.24438675,-73.6513909
6137,3/21/2007,March,Wednesday,10:08,1,2,0,0,Rear-end,V1: Backing / V2: Slowing or stopped in traffic,V1: E  / V2: E,Dry,Daylight,Clear,0,0,42,18,TRUE,41.92241545,-71.31336866
6138,3/21/2007,March,Wednesday,16:25,1,2,0,0,Angle,V1: Travelling straight ahead / V2: Turning left,V1: W  / V2: E,Dry,Daylight,Clear,0,0,42,18,TRUE,41.93421769,-71.2996754
6139,3/21/2007,March,Wednesday,17:30,2,2,1,0,Rear-end,V1: Entering traffic lane / V2: Entering traffic lane,V1: 0 / V2: W,Dry,Daylight,Clear,0,0,42,18,TRUE,34.24438675,-73.6513909
6140,3/22/2007,March,Thursday,12:01,2,2,2,0,Angle,V1: Turning left / V2: Travelling straight ahead,V1: N  / V2: N,Dry,Daylight,Cloudy,0,0,51,31,TRUE,41.91035947,-71.36314658
6141,3/22/2007,March,Thursday,15:00,0,2,0,0,"Sideswipe, same direction",V1: Turning left / V2: Travelling straight ahead,V1: W  / V2: W,Dry,Daylight,Clear,0,0,51,31,TRUE,41.94668345,-71.27560647
6142,3/22/2007,March,Thursday,16:45,1,2,0,0,Rear-end,V1: Backing / V2: Slowing or stopped in traffic,V1: N  / V2: S,Dry,0,Clear,0,0,51,31,TRUE,41.89686112,-71.37103651
6143,3/22/2007,March,Thursday,19:32,1,2,0,0,Angle,V1: Slowing or stopped in traffic / V2: Travelling straight ahead,V1: E  / V2: N,Dry,Dusk,Cloudy,0,0,51,31,TRUE,41.94149828,-71.26916418
6144,3/23/2007,March,Friday,11:07,1,2,0,0,Rear-end,V1: Travelling straight ahead / V2: Turning left,V1: N  / V2: N,Dry,Daylight,Cloudy,0,0,62,37,FALSE,41.90697288,-71.36488171
6145,3/23/2007,March,Friday,13:35,2,1,2,0,Single vehicle crash,V1: Travelling straight ahead,V1: N,Dry,Daylight,Cloudy,0,0,62,37,FALSE,34.24438675,-73.6513909
6146,3/23/2007,March,Friday,18:21,1,2,0,0,Angle,V1: Turning left / V2: Travelling straight ahead,V1: E  / V2: S,Dry,Daylight,Clear,0,0,62,37,FALSE,41.95090307,-71.27362606
6147,3/23/2007,March,Friday,20:50,2,2,1,0,Angle,V1: Turning left / V2: Travelling straight ahead,V1: W  / V2: S,Dry,Dark - lighted roadway,Clear,0,0,62,37,FALSE,41.89618753,-71.37039513
6148,3/24/2007,March,Saturday,17:00,1,3,0,0,Rear-end,V1: Slowing or stopped in traffic / V2: Slowing or stopped in traffic / V3: Travelling straight ahead,V1: N  / V2: N  / V3: N,Dry,Daylight,Cloudy,0.37,1.8,55,29,TRUE,41.93503657,-71.2848971
6149,3/24/2007,March,Saturday,22:21,1,2,0,0,Angle,V1: Travelling straight ahead / V2: Leaving traffic lane,V1: W  / V2: S,Wet,Dark - lighted roadway,Snow,0.37,1.8,55,29,TRUE,41.93830895,-71.28203041