ID,DATE,Month,Day of week,Crash Time,Crash Severity,Number of Vehicles,Total Nonfatal Injuries,Total Fatal Injuries,Manner of Collision,Vehicle Action Prior to Crash,Vehicle Travel Directions,Road Surface Condition,Ambient Light,Weather Condition,PRCP,SNOW,TMAX,TMIN,Ice,Longtitute,Latitute
6150,3/25/2007,March,Sunday,12:45,1,2,0,0,0,V1: Turning left / V2: Changing lanes,V1: W  / V2: S,Dry,Daylight,Clear,0.03,0.2,50,30,TRUE,41.90998013,-71.35802082
6151,3/25/2007,March,Sunday,14:51,1,2,0,0,Rear-end,V1: Travelling straight ahead / V2: Travelling straight ahead,V1: S  / V2: S,Dry,Daylight,Clear,0.03,0.2,50,30,TRUE,41.90682772,-71.35704387
6152,3/26/2007,March,Monday,8:13,2,1,1,0,Single vehicle crash,V1: Turning left,V1: S,Wet,Dark - lighted roadway,Rain,0.38,0,46,29,TRUE,41.94191488,-71.28774208
6153,3/26/2007,March,Monday,20:58,2,2,1,0,Rear-end,V1: Travelling straight ahead / V2: Slowing or stopped in traffic,V1: S  / V2: S,Dry,Dark - lighted roadway,Clear,0.38,0,46,29,TRUE,41.91007351,-71.36329232
6154,3/26/2007,March,Monday,22:31,1,1,0,0,Single vehicle crash,V1: Changing lanes,V1: S,Wet,Dark - lighted roadway,Snow,0.38,0,46,29,TRUE,34.24438675,-73.6513909
6155,3/27/2007,March,Tuesday,11:39,2,2,2,0,Angle,V1: Entering traffic lane / V2: Travelling straight ahead,V1: E  / V2: S,Dry,Daylight,Clear,0.09,0,68,42,FALSE,41.92036111,-71.35834123
6156,3/28/2007,March,Wednesday,1:45,1,1,0,0,Single vehicle crash,V1: Turning left,V1: N,Dry,Dark - lighted roadway,Clear,0,0,59,39,FALSE,41.93118323,-71.29115612
6157,3/29/2007,March,Thursday,7:10,0,2,0,0,Single vehicle crash,V1: 0 / V2: Entering traffic lane,V1: 0 / V2: S,0,Daylight,Clear,0,0,54,31,TRUE,34.24438675,-73.6513909
6158,3/29/2007,March,Thursday,17:15,1,2,0,0,Rear-end,V1: Travelling straight ahead / V2: Travelling straight ahead,V1: S  / V2: S,Dry,Daylight,Clear,0,0,54,31,TRUE,41.92644259,-71.35554103
6159,3/29/2007,March,Thursday,18:45,2,1,1,0,Single vehicle crash,V1: Travelling straight ahead,V1: N,Dry,Daylight,Clear,0,0,54,31,TRUE,41.92969804,-71.32243362
6160,3/30/2007,March,Friday,0:33,1,1,0,0,Single vehicle crash,V1: Travelling straight ahead,V1: S,Dry,Dark - roadway not lighted,Clear,0,0,65,31,TRUE,41.9589661,-71.30200935
6161,3/30/2007,March,Friday,1:30,1,2,0,0,0,V1: Travelling straight ahead / V2: Entering traffic lane,V1: S  / V2: E,Dry,Daylight,Clear,0,0,65,31,TRUE,41.94683059,-71.28375978
6162,3/30/2007,March,Friday,6:55,1,2,0,0,Angle,V1: Overtaking/passing / V2: Parked,V1: W  / V2: 0,Dry,Daylight,Clear,0,0,65,31,TRUE,41.91249825,-71.27020023
6163,3/30/2007,March,Friday,12:00,2,1,1,0,Single vehicle crash,V1: Travelling straight ahead,V1: S,Dry,Daylight,Clear,0,0,65,31,TRUE,41.93414024,-71.28284822
6164,3/31/2007,March,Saturday,2:34,2,2,1,0,Angle,V1: Turning left / V2: Travelling straight ahead,V1: S  / V2: N,Dry,Daylight,Clear,0,0,57,33,FALSE,41.91095326,-71.36284478
6165,4/1/2007,April,Sunday,14:29,2,1,1,0,Single vehicle crash,V1: Turning right,V1: W,Dry,Daylight,Cloudy,0.19,0,60,26,TRUE,41.92221104,-71.29333947
6166,4/2/2007,April,Monday,7:16,1,2,0,0,Rear-end,V1: 0 / V2: 0,V1: W  / V2: W,Dry,Daylight,Clear,0.21,0,42,30,TRUE,41.95247732,-71.29251254
6167,4/2/2007,April,Monday,15:37,2,1,1,0,Angle,V1: Travelling straight ahead,V1: W,Dry,Daylight,Cloudy,0.21,0,42,30,TRUE,41.90964751,-71.36351027
6168,4/2/2007,April,Monday,16:00,2,1,5,0,Single vehicle crash,V1: Travelling straight ahead,V1: S,Dry,Daylight,Clear,0.21,0,42,30,TRUE,34.24438675,-73.6513909
6169,4/3/2007,April,Tuesday,6:54,1,2,0,0,Rear-end,V1: Travelling straight ahead / V2: Travelling straight ahead,V1: E  / V2: E,Dry,Dawn,Clear,0.02,0,46,35,FALSE,41.92566934,-71.34745928
6170,4/3/2007,April,Tuesday,14:04,1,3,0,0,Rear-end,V1: Travelling straight ahead / V2: Slowing or stopped in traffic / V3: Slowing or stopped in traffic,V1: N  / V2: N  / V3: N,Dry,Daylight,Cloudy,0.02,0,46,35,FALSE,41.93595991,-71.28483346
6171,4/3/2007,April,Tuesday,17:58,1,2,0,0,Rear-end,V1: Travelling straight ahead / V2: Travelling straight ahead,V1: W  / V2: W,Dry,Daylight,Clear,0.02,0,46,35,FALSE,41.93406554,-71.30574057
6172,4/3/2007,April,Tuesday,20:00,1,2,0,0,Rear-end,V1: Travelling straight ahead / V2: Travelling straight ahead,V1: S  / V2: S,Dry,Dark - lighted roadway,Cloudy,0.02,0,46,35,FALSE,41.97001836,-71.2913735
6173,4/4/2007,April,Wednesday,13:17,1,2,0,0,Rear-end,V1: Slowing or stopped in traffic / V2: Slowing or stopped in traffic,V1: S  / V2: S,Wet,Daylight,Rain,1.18,0,40,35,FALSE,41.92558101,-71.35606292
6174,4/4/2007,April,Wednesday,15:32,2,2,2,0,Angle,V1: Turning left / V2: Travelling straight ahead,V1: E  / V2: S,Wet,Daylight,Cloudy/Rain,1.18,0,40,35,FALSE,41.9348634,-71.29887283
6175,4/4/2007,April,Wednesday,17:31,1,2,0,0,Angle,V1: Travelling straight ahead / V2: Travelling straight ahead,V1: W  / V2: E,Wet,Daylight,Rain,1.18,0,40,35,FALSE,41.93393836,-71.3077318
6176,4/5/2007,April,Thursday,13:03,1,2,0,0,Rear-end,V1: Travelling straight ahead / V2: Slowing or stopped in traffic,V1: W  / V2: W,Dry,Daylight,Cloudy,0.22,0,47,29,TRUE,41.92416457,-71.35104162
6177,4/5/2007,April,Thursday,14:10,1,2,0,0,Rear-end,V1: Entering traffic lane / V2: Entering traffic lane,V1: N  / V2: N,Dry,Daylight,Cloudy,0.22,0,47,29,TRUE,34.24438675,-73.6513909
6178,4/6/2007,April,Friday,11:31,1,2,0,0,Angle,V1: Turning left / V2: Travelling straight ahead,V1: N  / V2: S,Dry,Daylight,Clear,0,0,44,26,TRUE,41.90086769,-71.36799095
6179,4/6/2007,April,Friday,12:10,1,2,0,0,Angle,V1: Turning left / V2: Travelling straight ahead,V1: N  / V2: N,Dry,Daylight,Clear,0,0,44,26,TRUE,41.94574442,-71.28910698
6180,4/6/2007,April,Friday,12:26,1,2,0,0,"Sideswipe, opposite direction",V1: Slowing or stopped in traffic / V2: Travelling straight ahead,V1: E  / V2: S,Dry,Daylight,Clear,0,0,44,26,TRUE,41.92168546,-71.28691004
6181,4/6/2007,April,Friday,12:30,2,3,1,0,Rear-end,V1: Travelling straight ahead / V2: Travelling straight ahead / V3: Turning left,V1: N  / V2: S  / V3: N,Dry,Daylight,Clear,0,0,44,26,TRUE,41.94232097,-71.28252768
6182,4/7/2007,April,Saturday,8:49,1,2,0,0,Angle,V1: Entering traffic lane / V2: Travelling straight ahead,V1: E  / V2: S,Dry,Daylight,Clear,0,0,43,24,TRUE,41.94861042,-71.27758702
6183,4/7/2007,April,Saturday,20:22,2,1,1,0,Single vehicle crash,V1: Travelling straight ahead,V1: S,Dry,Dark - lighted roadway,Cloudy,0,0,43,24,TRUE,41.91791822,-71.23212057
6184,4/9/2007,April,Monday,14:15,1,2,0,0,Angle,V1: Travelling straight ahead / V2: Travelling straight ahead,V1: 0 / V2: 0,Dry,Daylight,Clear,0,0,53,31,TRUE,41.95391938,-71.28246909
6185,4/10/2007,April,Tuesday,8:36,2,2,2,0,Angle,V1: Turning left / V2: Travelling straight ahead,V1: E  / V2: W,Dry,Daylight,Clear,0,0,46,28,TRUE,41.95076301,-71.27397064
6186,4/10/2007,April,Tuesday,14:44,2,2,1,0,Angle,V1: Travelling straight ahead / V2: Turning left,V1: S  / V2: E,Dry,Daylight,Clear,0,0,46,28,TRUE,41.96643836,-71.29074265
6187,4/11/2007,April,Wednesday,7:59,1,1,0,0,Single vehicle crash,V1: Travelling straight ahead,V1: S,Dry,Daylight,Clear,0,0,55,28,TRUE,41.90916749,-71.36827922
6188,4/11/2007,April,Wednesday,8:10,1,2,0,0,Rear-end,V1: Slowing or stopped in traffic / V2: Slowing or stopped in traffic,V1: E  / V2: E,Dry,Daylight,Clear,0,0,55,28,TRUE,34.24438675,-73.6513909
6189,4/11/2007,April,Wednesday,15:09,1,2,0,0,Rear-end,V1: Travelling straight ahead / V2: Slowing or stopped in traffic,V1: S  / V2: S,Dry,Daylight,Clear,0,0,55,28,TRUE,41.96306612,-71.28865133
6190,4/11/2007,April,Wednesday,17:02,1,2,0,0,Angle,V1: Entering traffic lane / V2: Travelling straight ahead,V1: N  / V2: W,Dry,Daylight,Clear,0,0,55,28,TRUE,41.93524005,-71.27513601
6191,4/11/2007,April,Wednesday,18:40,1,2,0,0,Angle,V1: Backing / V2: Parked,V1: W  / V2: 0,Dry,Daylight,Clear,0,0,55,28,TRUE,41.93398184,-71.30370395
6192,4/11/2007,April,Wednesday,21:32,1,2,0,0,Rear-end,V1: Travelling straight ahead / V2: Travelling straight ahead,V1: E  / V2: E,Dry,Dark - lighted roadway,Clear,0,0,55,28,TRUE,41.95130281,-71.27263126
6193,4/12/2007,April,Thursday,12:08,2,2,1,0,Rear-end,V1: Travelling straight ahead / V2: Slowing or stopped in traffic,V1: E  / V2: E,Wet,Daylight,Rain,1.06,0,41,35,FALSE,41.94395003,-71.2928535
6194,4/12/2007,April,Thursday,17:35,1,2,0,0,Angle,V1: Travelling straight ahead / V2: Turning left,V1: N  / V2: 0,Wet,Daylight,Cloudy/Rain,1.06,0,41,35,FALSE,41.93628409,-71.28608551
6195,4/12/2007,April,Thursday,22:13,1,1,0,0,Single vehicle crash,V1: Travelling straight ahead,V1: N,Dry,Dark - roadway not lighted,Clear,1.06,0,41,35,FALSE,41.95511239,-71.30463583
6196,4/13/2007,April,Friday,16:15,1,2,0,0,Angle,V1: Travelling straight ahead / V2: Turning right,V1: N  / V2: N,Dry,Daylight,Clear,0,0,49,33,FALSE,41.93808003,-71.27597724
6197,4/13/2007,April,Friday,20:54,2,4,3,0,Head-on,V1: Slowing or stopped in traffic / V2: Travelling straight ahead / V3: Travelling straight ahead / V4: Travelling straight ahead,V1: N  / V2: N  / V3: N  / V4: S,Dry,Dark - lighted roadway,Cloudy,0,0,49,33,FALSE,41.91193931,-71.35877489
6198,4/14/2007,April,Saturday,17:45,1,2,0,0,Rear-end,V1: Travelling straight ahead / V2: Travelling straight ahead,V1: S  / V2: 0,Dry,Daylight,Clear,0,0,55,36,FALSE,41.89741573,-71.37259286
6199,4/15/2007,April,Sunday,7:32,1,1,0,0,Single vehicle crash,V1: Travelling straight ahead,V1: N,Wet,Daylight,Rain,2.18,0,49,35,FALSE,41.9534115,-71.30409793
6200,4/15/2007,April,Sunday,17:40,2,1,1,0,Single vehicle crash,V1: Travelling straight ahead,V1: S,Wet,Daylight,Rain,2.18,0,49,35,FALSE,41.89869865,-71.36913569
6201,4/15/2007,April,Sunday,17:40,2,1,1,0,Single vehicle crash,V1: Travelling straight ahead,V1: S,Wet,Daylight,Rain,2.18,0,49,35,FALSE,41.89869798,-71.3691381
6202,4/15/2007,April,Sunday,20:10,1,2,0,0,"Sideswipe, same direction",V1: Travelling straight ahead / V2: Parked,V1: E  / V2: 0,Wet,Dark - lighted roadway,Rain,2.18,0,49,35,FALSE,41.93520732,-71.29596075
6203,4/16/2007,April,Monday,0:14,0,1,0,0,Single vehicle crash,V1: Travelling straight ahead,V1: S,"Water (standing, moving)",Dark - roadway not lighted,Rain,0.83,0,54,40,FALSE,41.96923741,-71.29606167
6204,4/16/2007,April,Monday,13:27,2,3,4,0,Angle,V1: Turning left / V2: Travelling straight ahead / V3: Slowing or stopped in traffic,V1: W  / V2: E  / V3: N,Wet,Daylight,Cloudy/Rain,0.83,0,54,40,FALSE,41.94757814,-71.27890389
6205,4/16/2007,April,Monday,16:19,1,1,0,0,Single vehicle crash,V1: Travelling straight ahead,V1: W,Wet,Daylight,Cloudy/Rain,0.83,0,54,40,FALSE,41.90568976,-71.35038582
6206,4/16/2007,April,Monday,16:50,1,2,0,0,Rear-end,V1: Travelling straight ahead / V2: Travelling straight ahead,V1: E  / V2: E,Dry,Daylight,Clear,0.83,0,54,40,FALSE,41.95234013,-71.29601132
6207,4/17/2007,April,Tuesday,6:45,2,3,1,0,Angle,V1: Travelling straight ahead / V2: Turning left / V3: Travelling straight ahead,V1: W  / V2: N  / V3: E,Wet,Daylight,Cloudy/Rain,0.53,0,42,37,FALSE,41.96926367,-71.2955242
6208,4/17/2007,April,Tuesday,15:10,1,2,0,0,Angle,V1: Entering traffic lane / V2: Travelling straight ahead,V1: W  / V2: W,Wet,Daylight,Rain,0.53,0,42,37,FALSE,34.24438675,-73.6513909
6209,4/17/2007,April,Tuesday,20:15,1,2,0,0,Angle,V1: Turning left / V2: Travelling straight ahead,V1: W  / V2: N,Wet,Dark - lighted roadway,Cloudy/Rain,0.53,0,42,37,FALSE,41.89733197,-71.36979234
6210,4/18/2007,April,Wednesday,4:10,0,1,0,0,Single vehicle crash,V1: Travelling straight ahead,V1: 0,Wet,Dark - lighted roadway,Rain,0.24,0,43,38,FALSE,41.9361033,-71.34108243
6211,4/18/2007,April,Wednesday,11:10,0,2,0,0,Rear-end,V1: Backing / V2: Parked,V1: W  / V2: 0,Dry,Daylight,Clear,0.24,0,43,38,FALSE,34.24438675,-73.6513909
6212,4/18/2007,April,Wednesday,17:23,1,1,0,0,0,V1: Travelling straight ahead,V1: E,Wet,Daylight,Cloudy/Rain,0.24,0,43,38,FALSE,41.90500517,-71.33616438
6213,4/18/2007,April,Wednesday,17:57,1,2,0,0,Rear-end,V1: Travelling straight ahead / V2: Slowing or stopped in traffic,V1: S  / V2: S,Wet,Daylight,Rain,0.24,0,43,38,FALSE,34.24438675,-73.6513909
6214,4/19/2007,April,Thursday,7:58,1,2,0,0,"Sideswipe, opposite direction",V1: Overtaking/passing / V2: Turning right,V1: E  / V2: W,Wet,Daylight,Cloudy/Rain,0.03,0,53,38,FALSE,41.91150222,-71.30398721
6215,4/19/2007,April,Thursday,8:29,1,2,0,0,Head-on,V1: Overtaking/passing / V2: Slowing or stopped in traffic,V1: N  / V2: N,Dry,Daylight,Clear,0.03,0,53,38,FALSE,41.94499193,-71.27949099
6216,4/19/2007,April,Thursday,11:53,1,2,0,0,Angle,V1: Turning left / V2: Travelling straight ahead,V1: W  / V2: S,Dry,Daylight,Clear,0.03,0,53,38,FALSE,41.93623387,-71.28481203
6217,4/19/2007,April,Thursday,11:58,1,2,0,0,Rear-end,V1: Slowing or stopped in traffic / V2: Slowing or stopped in traffic,V1: E  / V2: E,Dry,Daylight,Clear,0.03,0,53,38,FALSE,41.93409337,-71.29982912
6218,4/19/2007,April,Thursday,15:55,1,2,0,0,Rear-end,V1: Travelling straight ahead / V2: Parked,V1: S  / V2: 0,Dry,Daylight,Clear,0.03,0,53,38,FALSE,41.94006254,-71.29033637
6219,4/19/2007,April,Thursday,17:37,0,3,0,0,Rear-end,V1: Slowing or stopped in traffic / V2: 0 / V3: 0,V1: S  / V2: 0 / V3: 0,Dry,Daylight,Cloudy,0.03,0,53,38,FALSE,41.91653724,-71.36001753
6220,4/20/2007,April,Friday,11:57,1,2,0,0,"Sideswipe, same direction",V1: Entering traffic lane / V2: Slowing or stopped in traffic,V1: S  / V2: S,Dry,Daylight,Clear,0,0,62,29,TRUE,41.90257689,-71.3560405
6221,4/21/2007,April,Saturday,17:22,2,2,1,0,Angle,V1: Travelling straight ahead / V2: Travelling straight ahead,V1: E  / V2: 0,Dry,Daylight,Clear,0,0,79,31,TRUE,41.91866549,-71.26708873
6222,4/22/2007,April,Sunday,6:19,1,2,0,0,"Sideswipe, same direction",V1: Turning right / V2: Travelling straight ahead,V1: W  / V2: W,Dry,Daylight,Clear,0,0,77,38,FALSE,41.95023136,-71.2750899
6223,4/22/2007,April,Sunday,6:30,1,1,0,0,Single vehicle crash,V1: Travelling straight ahead,V1: N,Dry,Dawn,Clear,0,0,77,38,FALSE,34.24438675,-73.6513909
6224,4/22/2007,April,Sunday,14:26,1,2,0,0,Rear-end,V1: Travelling straight ahead / V2: Travelling straight ahead,V1: E  / V2: E,Dry,Daylight,Clear,0,0,77,38,FALSE,41.92014284,-71.35719783
6225,4/23/2007,April,Monday,13:35,1,2,0,0,Rear-end,V1: Entering traffic lane / V2: Entering traffic lane,V1: N  / V2: N,Dry,Daylight,Clear,0,0,83,46,FALSE,34.24438675,-73.6513909
6226,4/23/2007,April,Monday,14:08,1,1,0,0,Single vehicle crash,V1: Turning right,V1: S,Dry,Daylight,Clear,0,0,83,46,FALSE,41.92908322,-71.29539875
6227,4/23/2007,April,Monday,15:01,2,3,1,0,Rear-end,V1: Travelling straight ahead / V2: Slowing or stopped in traffic / V3: Slowing or stopped in traffic,V1: E  / V2: E  / V3: E,Dry,Daylight,Clear,0,0,83,46,FALSE,41.93400433,-71.3135694
6228,4/23/2007,April,Monday,15:33,2,2,2,0,Rear-end,V1: Travelling straight ahead / V2: Turning left,V1: N  / V2: W,Dry,Daylight,Clear,0,0,83,46,FALSE,41.91619723,-71.35885587
6229,4/23/2007,April,Monday,20:00,1,2,0,0,Angle,V1: Turning left / V2: Travelling straight ahead,V1: E  / V2: S,Dry,Dark - roadway not lighted,Clear,0,0,83,46,FALSE,41.91325585,-71.3590575
6230,4/24/2007,April,Tuesday,6:50,0,2,0,0,Angle,V1: Travelling straight ahead / V2: Entering traffic lane,V1: S  / V2: W,Wet,Daylight,Clear,0,0,78,45,FALSE,41.9370756,-71.28238678
6231,4/25/2007,April,Wednesday,17:20,1,2,0,0,Angle,V1: Turning left / V2: Travelling straight ahead,V1: W  / V2: E,Wet,Daylight,Cloudy/Rain,0.25,0,62,39,FALSE,41.92675288,-71.34334435
6232,4/26/2007,April,Thursday,3:00,0,2,0,0,Angle,V1: Backing / V2: Parked,V1: 0 / V2: 0,Dry,Daylight,Cloudy,0,0,64,37,FALSE,41.94210306,-71.26984487
6233,4/26/2007,April,Thursday,3:04,1,2,0,0,Rear-end,V1: Travelling straight ahead / V2: Travelling straight ahead,V1: W  / V2: W,Dry,Daylight,Cloudy,0,0,64,37,FALSE,41.90839278,-71.37104043
6234,4/26/2007,April,Thursday,6:48,1,2,0,0,Rear-end,V1: Travelling straight ahead / V2: Travelling straight ahead,V1: E  / V2: E,Wet,Daylight,Fog,0,0,64,37,FALSE,34.24438675,-73.6513909
6235,4/26/2007,April,Thursday,7:25,1,2,0,0,Single vehicle crash,V1: Turning left / V2: 0,V1: E  / V2: W,Dry,Daylight,Clear,0,0,64,37,FALSE,41.95076301,-71.27397064
6236,4/26/2007,April,Thursday,8:43,0,1,0,0,0,V1: Slowing or stopped in traffic,V1: 0,Dry,0,Clear,0,0,64,37,FALSE,41.94201874,-71.28943664
6237,4/27/2007,April,Friday,7:28,1,2,0,0,Angle,V1: Turning left / V2: Travelling straight ahead,V1: N  / V2: S,Wet,Daylight,Cloudy/Rain,1.06,0,54,44,FALSE,41.94625923,-71.28694634
6238,4/27/2007,April,Friday,12:33,2,1,1,0,Single vehicle crash,V1: Travelling straight ahead,V1: N,Wet,Daylight,Cloudy/Rain,1.06,0,54,44,FALSE,41.94300394,-71.28428654
6239,4/27/2007,April,Friday,16:30,2,1,1,0,Angle,V1: Travelling straight ahead,V1: E,Wet,Daylight,Cloudy/Rain,1.06,0,54,44,FALSE,41.93723012,-71.28375224
6240,4/27/2007,April,Friday,22:31,1,2,0,0,Angle,V1: Turning right / V2: Travelling straight ahead,V1: W  / V2: N,Wet,Dark - lighted roadway,Cloudy/Rain,1.06,0,54,44,FALSE,41.91562886,-71.36047108
6241,4/28/2007,April,Saturday,11:16,2,2,1,0,Angle,V1: Entering traffic lane / V2: Travelling straight ahead,V1: N  / V2: N,Dry,Daylight,Clear,0,0,71,44,FALSE,41.94450501,-71.28411703
6242,4/28/2007,April,Saturday,13:35,1,2,0,0,Rear-end,V1: Entering traffic lane / V2: Changing lanes,V1: N  / V2: N,Dry,Daylight,Clear,0,0,71,44,FALSE,41.91664004,-71.358735
6243,4/30/2007,April,Monday,11:50,1,2,0,0,Rear-end,V1: Slowing or stopped in traffic / V2: Turning right,V1: N  / V2: N,Wet,Daylight,Clear,0.03,0,74,43,FALSE,41.92241545,-71.31336866
6244,5/1/2007,May,Tuesday,16:45,0,2,0,0,Angle,V1: Making U-turn / V2: Travelling straight ahead,V1: W  / V2: N,Dry,Daylight,Clear,0,0,71,44,FALSE,41.93399278,-71.32367634
6245,5/2/2007,May,Wednesday,8:13,1,2,0,0,Rear-end,V1: Travelling straight ahead / V2: Travelling straight ahead,V1: N  / V2: N,Wet,Daylight,Rain,0.21,0,66,47,FALSE,41.9472108,-71.28786501
6246,5/2/2007,May,Wednesday,15:50,1,3,0,0,Angle,V1: Entering traffic lane / V2: Travelling straight ahead / V3: Slowing or stopped in traffic,V1: N  / V2: W  / V3: E,Dry,Daylight,Clear,0.21,0,66,47,FALSE,41.89642653,-71.37125251
6247,5/2/2007,May,Wednesday,18:07,1,2,0,0,Angle,V1: Travelling straight ahead / V2: Turning left,V1: S  / V2: W,Dry,Daylight,Clear,0.21,0,66,47,FALSE,41.89541252,-71.37076533
6248,5/2/2007,May,Wednesday,18:25,1,2,0,0,Rear-end,V1: Travelling straight ahead / V2: Travelling straight ahead,V1: S  / V2: S,Dry,Daylight,Clear,0.21,0,66,47,FALSE,41.90086769,-71.36799095
6249,5/3/2007,May,Thursday,7:20,0,3,0,0,Rear-end,V1: Slowing or stopped in traffic / V2: Slowing or stopped in traffic / V3: Slowing or stopped in traffic,V1: N  / V2: N  / V3: N,Dry,Daylight,Clear,0,0,71,37,FALSE,41.96926367,-71.2955242
6250,5/3/2007,May,Thursday,8:49,1,2,0,0,Angle,V1: Turning left / V2: Travelling straight ahead,V1: S  / V2: W,Dry,Daylight,Clear,0,0,71,37,FALSE,41.94450501,-71.28411703
6251,5/3/2007,May,Thursday,16:30,1,1,0,0,Single vehicle crash,V1: Backing,V1: E,Dry,Daylight,Clear,0,0,71,37,FALSE,41.9024219,-71.36777824
6252,5/3/2007,May,Thursday,17:45,2,2,1,0,Rear-end,V1: Travelling straight ahead / V2: Travelling straight ahead,V1: N  / V2: E,Dry,Daylight,Clear,0,0,71,37,FALSE,41.93409173,-71.31894301
6253,5/3/2007,May,Thursday,17:54,1,2,0,0,Angle,V1: Turning left / V2: Travelling straight ahead,V1: 0 / V2: S,Dry,Daylight,Clear,0,0,71,37,FALSE,41.95180679,-71.2898592
6254,5/4/2007,May,Friday,9:29,1,2,0,0,Angle,V1: Turning left / V2: Travelling straight ahead,V1: W  / V2: W,Dry,Daylight,Clear,0,0,70,39,FALSE,41.89733197,-71.36979234
6255,5/4/2007,May,Friday,10:05,1,1,0,0,Single vehicle crash,V1: Backing,V1: 0,Dry,Daylight,Clear,0,0,70,39,FALSE,41.94977558,-71.27601261
6256,5/4/2007,May,Friday,17:16,1,2,0,0,Rear-end,V1: Travelling straight ahead / V2: Travelling straight ahead,V1: S  / V2: S,Dry,Daylight,Clear,0,0,70,39,FALSE,41.95801478,-71.28762649
6257,5/4/2007,May,Friday,19:15,1,2,0,0,Angle,V1: Overtaking/passing / V2: Slowing or stopped in traffic,V1: E  / V2: E,Dry,Daylight,Clear,0,0,70,39,FALSE,41.91982212,-71.35857678
6258,5/4/2007,May,Friday,19:57,1,2,0,0,Angle,V1: Slowing or stopped in traffic / V2: Travelling straight ahead,V1: N  / V2: E,Dry,Dark - lighted roadway,Clear,0,0,70,39,FALSE,41.91711015,-71.37372238
6259,5/4/2007,May,Friday,21:00,1,2,0,0,Angle,V1: Travelling straight ahead / V2: Turning right,V1: N  / V2: W,Dry,Dark - lighted roadway,Clear,0,0,70,39,FALSE,41.93095795,-71.35302513
6260,5/5/2007,May,Saturday,12:05,1,2,0,0,Head-on,V1: Travelling straight ahead / V2: Turning left,V1: 0 / V2: 0,Dry,Daylight,Clear,0,0,68,36,FALSE,41.94548184,-71.28559201
6261,5/5/2007,May,Saturday,13:27,2,3,1,0,Rear-end,V1: Entering traffic lane / V2: Slowing or stopped in traffic / V3: Slowing or stopped in traffic,V1: N  / V2: N  / V3: N,Dry,Daylight,Clear,0,0,68,36,FALSE,41.93095795,-71.35302513
6262,5/6/2007,May,Sunday,0:10,1,2,0,0,Rear-end,V1: Backing / V2: Travelling straight ahead,V1: S  / V2: S,Wet,Dark - roadway not lighted,Cloudy/Rain,0,0,54,35,FALSE,41.94901755,-71.29181855
6263,5/6/2007,May,Sunday,15:26,1,2,0,0,0,V1: Travelling straight ahead / V2: Travelling straight ahead,V1: S  / V2: E,Dry,Daylight,Clear,0,0,54,35,FALSE,34.24438675,-73.6513909
6264,5/7/2007,May,Monday,6:45,1,2,0,0,"Sideswipe, opposite direction",V1: Travelling straight ahead / V2: 0,V1: N  / V2: 0,Dry,Daylight,Clear,0,0,69,31,TRUE,41.89733197,-71.36979234
6265,5/7/2007,May,Monday,10:20,1,2,0,0,"Sideswipe, same direction",V1: Turning left / V2: Travelling straight ahead,V1: S  / V2: S,Dry,Daylight,Clear,0,0,69,31,TRUE,41.93732881,-71.28475709
6266,5/7/2007,May,Monday,11:35,2,1,1,0,Single vehicle crash,V1: Travelling straight ahead,V1: E,Dry,Daylight,Clear,0,0,69,31,TRUE,41.9183635,-71.30612776
6267,5/8/2007,May,Tuesday,5:40,2,1,1,0,Angle,V1: Travelling straight ahead,V1: 0,Dry,Daylight,Clear,0,0,75,41,FALSE,41.94396167,-71.27662963
6268,5/8/2007,May,Tuesday,7:15,1,2,0,0,Rear-end,V1: Slowing or stopped in traffic / V2: Slowing or stopped in traffic,V1: E  / V2: E,Snow,Daylight,Clear,0,0,75,41,FALSE,41.93324252,-71.32540707
6269,5/8/2007,May,Tuesday,15:25,1,2,0,0,"Sideswipe, same direction",V1: Turning right / V2: Travelling straight ahead,V1: S  / V2: S,Dry,Daylight,Clear,0,0,75,41,FALSE,41.89903243,-71.355186
6270,5/8/2007,May,Tuesday,16:48,1,2,0,0,Angle,V1: Travelling straight ahead / V2: Travelling straight ahead,V1: W  / V2: S,Dry,Daylight,Clear,0,0,75,41,FALSE,41.94201587,-71.2912461
6271,5/8/2007,May,Tuesday,18:06,1,2,0,0,Rear-end,V1: Slowing or stopped in traffic / V2: Travelling straight ahead,V1: S  / V2: S,Dry,Daylight,Clear,0,0,75,41,FALSE,41.93742983,-71.26519759
6272,5/9/2007,May,Wednesday,7:24,0,2,0,0,0,V1: Parked / V2: 0,V1: 0 / V2: 0,Dry,Daylight,Clear,0,0,85,53,FALSE,41.89858246,-71.35502202
6273,5/9/2007,May,Wednesday,8:00,1,2,0,0,Angle,V1: Travelling straight ahead / V2: Backing,V1: W  / V2: S,Dry,Daylight,Clear,0,0,85,53,FALSE,41.94873752,-71.27775507
6274,5/9/2007,May,Wednesday,16:15,2,3,1,0,Rear-end,V1: Slowing or stopped in traffic / V2: Slowing or stopped in traffic / V3: Travelling straight ahead,V1: S  / V2: S  / V3: S,Dry,Daylight,Clear,0,0,85,53,FALSE,41.95524097,-71.30450437
6275,5/9/2007,May,Wednesday,19:25,2,2,1,0,Angle,V1: Entering traffic lane / V2: Travelling straight ahead,V1: N  / V2: E,Dry,Daylight,Cloudy,0,0,85,53,FALSE,41.93370377,-71.30025595
6276,5/10/2007,May,Thursday,6:23,2,2,1,0,Rear-end,V1: Slowing or stopped in traffic / V2: Slowing or stopped in traffic,V1: N  / V2: N,Dry,Daylight,Clear,0,0,82,61,FALSE,34.24438675,-73.6513909
6277,5/10/2007,May,Thursday,8:21,2,2,1,0,Rear-end,V1: Slowing or stopped in traffic / V2: 0,V1: W  / V2: 0,Dry,Daylight,Clear,0,0,82,61,FALSE,41.95484304,-71.28856385