ID,DATE,Month,Day of week,Crash Time,Crash Severity,Number of Vehicles,Total Nonfatal Injuries,Total Fatal Injuries,Manner of Collision,Vehicle Action Prior to Crash,Vehicle Travel Directions,Road Surface Condition,Ambient Light,Weather Condition,PRCP,SNOW,TMAX,TMIN,Ice,Longtitute,Latitute
6278,5/10/2007,May,Thursday,15:38,1,2,0,0,Rear-end,V1: Travelling straight ahead / V2: Slowing or stopped in traffic,V1: N  / V2: N,Dry,Daylight,Clear,0,0,82,61,FALSE,41.91330785,-71.3616511
6279,5/10/2007,May,Thursday,16:24,1,2,0,0,Angle,V1: Entering traffic lane / V2: Travelling straight ahead,V1: S  / V2: W,Dry,Daylight,Clear,0,0,82,61,FALSE,41.94757814,-71.27890389
6280,5/10/2007,May,Thursday,16:45,1,1,0,0,Single vehicle crash,V1: Travelling straight ahead,V1: E,Dry,Daylight,Clear,0,0,82,61,FALSE,41.91667908,-71.33950126
6281,5/11/2007,May,Friday,11:53,1,2,0,0,Angle,V1: Turning left / V2: Travelling straight ahead,V1: E  / V2: S,Dry,Daylight,Cloudy,0.08,0,75,60,FALSE,41.9110765,-71.36278231
6282,5/11/2007,May,Friday,13:29,1,2,0,0,Angle,V1: Turning left / V2: Travelling straight ahead,V1: W  / V2: E,Dry,Daylight,Clear,0.08,0,75,60,FALSE,41.94519466,-71.28103716
6283,5/11/2007,May,Friday,17:37,1,2,0,0,Rear-end,V1: Travelling straight ahead / V2: 0,V1: N  / V2: 0,Dry,Daylight,Clear,0.08,0,75,60,FALSE,41.96712418,-71.29097941
6284,5/12/2007,May,Saturday,14:28,1,2,0,0,Rear-end,V1: Travelling straight ahead / V2: Slowing or stopped in traffic,V1: N  / V2: N,Dry,Daylight,Clear,0,0,65,50,FALSE,41.92508738,-71.35628348
6285,5/12/2007,May,Saturday,15:05,2,2,1,0,Rear-end,V1: Slowing or stopped in traffic / V2: Entering traffic lane,V1: S  / V2: S,Dry,Daylight,Clear,0,0,65,50,FALSE,41.90257689,-71.3560405
6286,5/12/2007,May,Saturday,18:50,1,2,0,0,Angle,V1: Backing / V2: Parked,V1: 0 / V2: 0,Dry,Daylight,Clear,0,0,65,50,FALSE,41.89565761,-71.36949524
6287,5/13/2007,May,Sunday,3:09,1,1,0,0,Single vehicle crash,V1: Turning right,V1: W,Wet,Dark - lighted roadway,Cloudy/Rain,0.02,0,69,47,FALSE,41.91723587,-71.37241026
6288,5/13/2007,May,Sunday,15:15,2,1,1,0,Angle,V1: Travelling straight ahead,V1: N,Dry,Daylight,Clear,0.02,0,69,47,FALSE,41.9472108,-71.28786501
6289,5/15/2007,May,Tuesday,9:19,1,1,0,0,Single vehicle crash,V1: Travelling straight ahead,V1: W,Dry,Daylight,Cloudy,0,0,78,50,FALSE,34.24438675,-73.6513909
6290,5/15/2007,May,Tuesday,18:07,1,2,0,0,Rear-end,V1: Travelling straight ahead / V2: Slowing or stopped in traffic,V1: W  / V2: W,Dry,Daylight,Cloudy,0,0,78,50,FALSE,41.95130281,-71.27263126
6291,5/15/2007,May,Tuesday,18:15,2,2,1,0,Single vehicle crash,V1: Travelling straight ahead / V2: Changing lanes,V1: S  / V2: S,Dry,Daylight,Clear,0,0,78,50,FALSE,34.24438675,-73.6513909
6292,5/15/2007,May,Tuesday,20:32,1,2,0,0,Head-on,V1: Travelling straight ahead / V2: Travelling straight ahead,V1: S  / V2: N,Dry,Dark - lighted roadway,Cloudy,0,0,78,50,FALSE,41.91474883,-71.36092234
6293,5/15/2007,May,Tuesday,22:38,1,2,0,0,"Sideswipe, opposite direction",V1: Travelling straight ahead / V2: Travelling straight ahead,V1: E  / V2: W,Dry,Dark - lighted roadway,Clear,0,0,78,50,FALSE,41.93523387,-71.27518056
6294,5/16/2007,May,Wednesday,11:35,1,2,0,0,"Sideswipe, opposite direction",V1: Travelling straight ahead / V2: Travelling straight ahead,V1: N  / V2: S,Dry,Daylight,Clear,0.33,0,83,46,FALSE,41.94265122,-71.28232299
6295,5/16/2007,May,Wednesday,14:15,2,2,1,0,Rear-end,V1: Slowing or stopped in traffic / V2: Slowing or stopped in traffic,V1: W  / V2: W,Dry,Daylight,Clear,0.33,0,83,46,FALSE,41.9372028,-71.28989853
6296,5/16/2007,May,Wednesday,15:26,1,2,0,0,Angle,V1: Slowing or stopped in traffic / V2: Travelling straight ahead,V1: S  / V2: W,Dry,Daylight,Clear,0.33,0,83,46,FALSE,41.93569218,-71.28018883
6297,5/16/2007,May,Wednesday,21:23,1,2,0,0,Angle,V1: Travelling straight ahead / V2: Travelling straight ahead,V1: E  / V2: W,Wet,Dark - lighted roadway,Rain,0.33,0,83,46,FALSE,41.93363156,-71.30076394
6298,5/17/2007,May,Thursday,11:47,2,2,2,0,Angle,V1: Turning left / V2: Travelling straight ahead,V1: W  / V2: N,Dry,Daylight,Cloudy,0.08,0,56,43,FALSE,41.91563884,-71.3604658
6299,5/18/2007,May,Friday,1:50,0,2,0,0,Angle,V1: Travelling straight ahead / V2: 0,V1: N  / V2: W,Dry,Daylight,Clear,1.75,0,44,41,FALSE,41.95484304,-71.28856385
6300,5/18/2007,May,Friday,5:06,1,2,0,0,Angle,V1: Travelling straight ahead / V2: Turning left,V1: 0 / V2: W,Wet,Daylight,Rain,1.75,0,44,41,FALSE,34.24438675,-73.6513909
6301,5/18/2007,May,Friday,6:10,2,1,2,0,Single vehicle crash,V1: Travelling straight ahead,V1: E,Wet,Dusk,Cloudy/Rain,1.75,0,44,41,FALSE,41.94845803,-71.30212015
6302,5/18/2007,May,Friday,12:01,2,2,1,0,Rear-end,V1: Travelling straight ahead / V2: Slowing or stopped in traffic,V1: S  / V2: S,Dry,Daylight,Clear,1.75,0,44,41,FALSE,41.92508738,-71.35628348
6303,5/18/2007,May,Friday,23:02,3,1,0,1,Single vehicle crash,V1: Travelling straight ahead,V1: S,Wet,Dark - lighted roadway,Rain,1.75,0,44,41,FALSE,41.91320905,-71.34047827
6304,5/19/2007,May,Saturday,13:18,1,2,0,0,Angle,V1: Turning left / V2: Travelling straight ahead,V1: W  / V2: N,Dry,Daylight,Cloudy,0.36,0,53,42,FALSE,41.89733197,-71.36979234
6305,5/19/2007,May,Saturday,13:53,1,1,0,0,"Sideswipe, opposite direction",V1: Travelling straight ahead,V1: S,Wet,Daylight,Cloudy,0.36,0,53,42,FALSE,41.93164315,-71.24510822
6306,5/19/2007,May,Saturday,21:33,2,2,1,0,Angle,V1: Travelling straight ahead / V2: Turning right,V1: S  / V2: W,Wet,Dark - lighted roadway,Rain,0.36,0,53,42,FALSE,41.89903243,-71.355186
6307,5/20/2007,May,Sunday,2:50,1,2,0,0,Rear-end,V1: Travelling straight ahead / V2: Slowing or stopped in traffic,V1: N  / V2: S,Wet,Daylight,Cloudy,0.32,0,66,49,FALSE,41.92508738,-71.35628348
6308,5/20/2007,May,Sunday,6:55,1,2,0,0,Angle,V1: Changing lanes / V2: Travelling straight ahead,V1: S  / V2: S,Wet,Daylight,Cloudy/Rain,0.32,0,66,49,FALSE,41.89618753,-71.37039513
6309,5/20/2007,May,Sunday,6:55,1,2,0,0,"Sideswipe, same direction",V1: Travelling straight ahead / V2: Travelling straight ahead,V1: S  / V2: S,Dry,Daylight,Clear,0.32,0,66,49,FALSE,41.89618753,-71.37039513
6310,5/20/2007,May,Sunday,16:47,1,2,0,0,"Sideswipe, same direction",V1: Travelling straight ahead / V2: Changing lanes,V1: E  / V2: E,Dry,Daylight,Cloudy,0.32,0,66,49,FALSE,41.91982212,-71.35857678
6311,5/20/2007,May,Sunday,17:50,2,2,1,0,Rear-end,V1: Slowing or stopped in traffic / V2: Travelling straight ahead,V1: E  / V2: E,Dry,Daylight,Cloudy,0.32,0,66,49,FALSE,41.96943895,-71.2914689
6312,5/21/2007,May,Monday,7:36,1,2,0,0,Rear-end,V1: Travelling straight ahead / V2: Slowing or stopped in traffic,V1: N  / V2: N,Dry,Daylight,Clear,0.01,0,67,45,FALSE,41.95531185,-71.30387635
6313,5/21/2007,May,Monday,15:48,1,2,0,0,Angle,V1: Turning left / V2: Travelling straight ahead,V1: W  / V2: W,Dry,Daylight,Clear,0.01,0,67,45,FALSE,41.93830895,-71.28203041
6314,5/21/2007,May,Monday,17:30,2,2,1,0,"Sideswipe, opposite direction",V1: Turning left / V2: Travelling straight ahead,V1: S  / V2: 0,Dry,Daylight,Clear,0.01,0,67,45,FALSE,41.94231024,-71.28253433
6315,5/22/2007,May,Tuesday,12:00,1,2,0,0,Angle,V1: Entering traffic lane / V2: Travelling straight ahead,V1: W  / V2: N,Dry,Daylight,Clear,0,0,75,40,FALSE,41.91940308,-71.35875816
6316,5/24/2007,May,Thursday,5:25,1,2,0,0,Angle,V1: Turning left / V2: Travelling straight ahead,V1: E  / V2: 0,Dry,Daylight,Clear,0,0,88,49,FALSE,41.95076302,-71.27397064
6317,5/25/2007,May,Friday,6:00,1,2,0,0,Rear-end,V1: Backing / V2: Travelling straight ahead,V1: S  / V2: 0,Dry,Daylight,Clear,0,0,94,55,FALSE,41.95437986,-71.25499915
6318,5/25/2007,May,Friday,10:34,2,2,1,0,0,V1: Travelling straight ahead / V2: 0,V1: 0 / V2: 0,Dry,Daylight,Clear,0,0,94,55,FALSE,41.93304448,-71.28634923
6319,5/25/2007,May,Friday,12:31,1,4,0,0,Rear-end,V1: Travelling straight ahead / V2: Travelling straight ahead / V3: Travelling straight ahead / V4: Travelling straight ahead,V1: E  / V2: E  / V3: E  / V4: E,Dry,Daylight,Clear,0,0,94,55,FALSE,41.93874704,-71.29215576
6320,5/26/2007,May,Saturday,17:02,1,1,0,0,Angle,V1: Turning right,V1: W,Dry,Daylight,Clear,0,0,87,57,FALSE,41.94735319,-71.27920328
6321,5/27/2007,May,Sunday,12:00,1,2,0,0,Rear-end,V1: Turning right / V2: Turning right,V1: S  / V2: S,Dry,Daylight,Cloudy,0,0,80,57,FALSE,41.89908372,-71.35507854
6322,5/27/2007,May,Sunday,14:05,2,1,1,0,Single vehicle crash,V1: Travelling straight ahead,V1: E,Dry,Daylight,Clear,0,0,80,57,FALSE,41.93876164,-71.29213582
6323,5/28/2007,May,Monday,2:00,1,2,0,0,Angle,V1: Travelling straight ahead / V2: Travelling straight ahead,V1: N  / V2: W,Dry,Dark - lighted roadway,Clear,0,0,85,58,FALSE,41.93269195,-71.32821357
6324,5/28/2007,May,Monday,5:47,3,1,0,1,Single vehicle crash,V1: 0,V1: S,Dry,Dawn,Clear,0,0,85,58,FALSE,41.91867416,-71.33267115
6325,5/28/2007,May,Monday,11:32,1,2,0,0,Angle,V1: Turning left / V2: Travelling straight ahead,V1: N  / V2: W,Dry,Daylight,Cloudy,0,0,85,58,FALSE,34.24438675,-73.6513909
6326,5/29/2007,May,Tuesday,0:01,2,2,1,0,Rear-end,V1: Slowing or stopped in traffic / V2: Travelling straight ahead,V1: 0 / V2: 0,Dry,Daylight,Clear,0,0,80,53,FALSE,34.24438675,-73.6513909
6327,5/29/2007,May,Tuesday,7:20,0,3,0,0,Rear-end,V1: Travelling straight ahead / V2: Travelling straight ahead / V3: Travelling straight ahead,V1: S  / V2: 0 / V3: 0,Dry,Daylight,Clear,0,0,80,53,FALSE,34.24438675,-73.6513909
6328,5/29/2007,May,Tuesday,7:41,1,2,0,0,Angle,V1: Entering traffic lane / V2: Travelling straight ahead,V1: E  / V2: N,Dry,Daylight,Clear,0,0,80,53,FALSE,34.24438675,-73.6513909
6329,5/29/2007,May,Tuesday,8:14,1,2,0,0,Angle,V1: Turning left / V2: Travelling straight ahead,V1: E  / V2: E,Dry,Daylight,Clear,0,0,80,53,FALSE,41.94262835,-71.27478469
6330,5/29/2007,May,Tuesday,11:14,1,1,0,0,Angle,V1: Travelling straight ahead,V1: N,Dry,Daylight,Clear,0,0,80,53,FALSE,34.24438675,-73.6513909
6331,5/29/2007,May,Tuesday,16:30,2,2,1,0,Angle,V1: Turning left / V2: Turning left,V1: W  / V2: E,Dry,Daylight,Clear,0,0,80,53,FALSE,41.89541252,-71.37076533
6332,5/30/2007,May,Wednesday,17:31,0,2,0,0,Angle,V1: Entering traffic lane / V2: Travelling straight ahead,V1: S  / V2: N,Dry,Daylight,Clear,0,0,85,51,FALSE,41.92616865,-71.3603011
6333,5/30/2007,May,Wednesday,17:44,2,2,1,0,Angle,V1: Turning left / V2: Travelling straight ahead,V1: E  / V2: W,Dry,Daylight,Clear,0,0,85,51,FALSE,41.93304448,-71.28634923
6334,5/31/2007,May,Thursday,13:13,1,1,0,0,Single vehicle crash,V1: Turning right,V1: W,Dry,Daylight,Cloudy,0.06,0,71,57,FALSE,41.944701,-71.2824263
6335,5/31/2007,May,Thursday,16:19,2,3,1,0,Angle,V1: Travelling straight ahead / V2: Slowing or stopped in traffic / V3: Turning left,V1: N  / V2: N  / V3: E,Dry,Daylight,Clear,0.06,0,71,57,FALSE,41.95801478,-71.28762649
6336,5/31/2007,May,Thursday,19:41,1,2,0,0,Rear-end,V1: Slowing or stopped in traffic / V2: Slowing or stopped in traffic,V1: E  / V2: E,Wet,Dusk,Cloudy/Rain,0.06,0,71,57,FALSE,41.92603533,-71.34657778
6337,6/1/2007,June,Friday,17:14,2,1,1,0,Angle,V1: 0,V1: E,Dry,Daylight,Clear,0.02,0,90,56,FALSE,34.24438675,-73.6513909
6338,6/1/2007,June,Friday,21:59,2,2,2,0,Angle,V1: Travelling straight ahead / V2: Travelling straight ahead,V1: S  / V2: W,Dry,Dark - lighted roadway,Clear,0.02,0,90,56,FALSE,41.93269195,-71.32821357
6339,6/2/2007,June,Saturday,11:16,1,2,0,0,0,V1: Entering traffic lane / V2: Travelling straight ahead,V1: S  / V2: W,Dry,Daylight,Clear,0,0,91,62,FALSE,41.9483337,-71.27794679
6340,6/2/2007,June,Saturday,19:58,2,1,1,0,Single vehicle crash,V1: Changing lanes,V1: S,Dry,Dark - lighted roadway,Clear,0,0,91,62,FALSE,41.95524097,-71.30450437
6341,6/3/2007,June,Sunday,4:15,0,1,0,0,Single vehicle crash,V1: Travelling straight ahead,V1: N,Dry,Dark - lighted roadway,Clear,1.69,0,66,53,FALSE,41.92381138,-71.29024787
6342,6/3/2007,June,Sunday,14:53,1,2,0,0,Rear-end,V1: Travelling straight ahead / V2: Travelling straight ahead,V1: S  / V2: S,Dry,Daylight,Clear,1.69,0,66,53,FALSE,41.90257689,-71.3560405
6343,6/3/2007,June,Sunday,22:43,1,2,0,0,"Sideswipe, opposite direction",V1: 0 / V2: Travelling straight ahead,V1: W  / V2: E,Wet,Dark - lighted roadway,Rain,1.69,0,66,53,FALSE,41.93394147,-71.30816608
6344,6/4/2007,June,Monday,6:46,1,2,0,0,Rear-end,V1: Overtaking/passing / V2: Turning left,V1: E  / V2: E,Wet,Dawn,Rain,1.52,0,65,53,FALSE,41.93402453,-71.3159037
6345,6/4/2007,June,Monday,12:14,1,2,0,0,"Sideswipe, same direction",V1: Changing lanes / V2: Travelling straight ahead,V1: S  / V2: S,Wet,Daylight,Rain,1.52,0,65,53,FALSE,34.24438675,-73.6513909
6346,6/4/2007,June,Monday,14:21,1,2,0,0,"Sideswipe, same direction",V1: Overtaking/passing / V2: Travelling straight ahead,V1: W  / V2: W,Wet,Daylight,Rain,1.52,0,65,53,FALSE,41.94313451,-71.27152156
6347,6/5/2007,June,Tuesday,23:30,2,2,1,0,"Sideswipe, same direction",V1: Travelling straight ahead / V2: Turning left,V1: S  / V2: S,Dry,Dark - roadway not lighted,Clear,0,0,79,59,FALSE,41.90262608,-71.35587091
6348,6/6/2007,June,Wednesday,6:58,1,2,0,0,0,V1: 0 / V2: Backing,V1: E  / V2: E,Dry,Daylight,Clear,0,0,71,48,FALSE,41.95007085,-71.27542071
6349,6/6/2007,June,Wednesday,10:56,1,2,0,0,"Sideswipe, same direction",V1: Changing lanes / V2: Travelling straight ahead,V1: N  / V2: N,Dry,Daylight,Clear,0,0,71,48,FALSE,41.90236395,-71.35579697
6350,6/6/2007,June,Wednesday,12:49,2,2,1,0,Rear-end,V1: Travelling straight ahead / V2: Travelling straight ahead,V1: W  / V2: W,Dry,Daylight,Clear,0,0,71,48,FALSE,41.91779712,-71.36669596
6351,6/6/2007,June,Wednesday,16:05,1,2,0,0,Angle,V1: Turning left / V2: Travelling straight ahead,V1: W  / V2: N,Dry,Daylight,Clear,0,0,71,48,FALSE,41.91194929,-71.36233897
6352,6/6/2007,June,Wednesday,17:36,1,3,0,0,Angle,V1: Travelling straight ahead / V2: Turning left / V3: Slowing or stopped in traffic,V1: N  / V2: S  / V3: W,Dry,Daylight,Clear,0,0,71,48,FALSE,41.91918746,-71.29927116
6353,6/7/2007,June,Thursday,15:46,2,2,1,0,"Sideswipe, same direction",V1: Slowing or stopped in traffic / V2: Changing lanes,V1: N  / V2: N,Dry,Daylight,Clear,0,0,72,44,FALSE,41.92495069,-71.35634321
6354,6/7/2007,June,Thursday,16:25,1,2,0,0,Angle,V1: Turning left / V2: Travelling straight ahead,V1: N  / V2: N,Wet,Daylight,Rain,0,0,72,44,FALSE,34.24438675,-73.6513909
6355,6/7/2007,June,Thursday,17:40,1,3,0,0,Rear-end,V1: Travelling straight ahead / V2: Slowing or stopped in traffic / V3: Turning left,V1: N  / V2: N  / V3: N,Dry,Daylight,Cloudy,0,0,72,44,FALSE,34.24438675,-73.6513909
6356,6/8/2007,June,Friday,0:39,2,1,1,0,Single vehicle crash,V1: 0,V1: S,Dry,Dark - lighted roadway,Clear,0,0,82,55,FALSE,41.92452655,-71.35379885
6357,6/8/2007,June,Friday,9:22,1,2,0,0,Rear-end,V1: Turning right / V2: Turning right,V1: N  / V2: N,Dry,Daylight,Clear,0,0,82,55,FALSE,41.93363156,-71.30076394
6358,6/8/2007,June,Friday,15:37,1,1,0,0,Single vehicle crash,V1: Travelling straight ahead,V1: E,Dry,Daylight,Clear,0,0,82,55,FALSE,41.93924225,-71.27810624
6359,6/9/2007,June,Saturday,1:08,1,2,0,0,Angle,V1: Leaving traffic lane / V2: Parked,V1: S  / V2: 0,Wet,Dark - lighted roadway,Rain,0.02,0,63,56,FALSE,41.93478091,-71.30351288
6360,6/9/2007,June,Saturday,11:18,1,2,0,0,Rear-end,V1: Travelling straight ahead / V2: Turning left,V1: W  / V2: W,Wet,Daylight,Cloudy,0.02,0,63,56,FALSE,41.91172714,-71.2611265
6361,6/9/2007,June,Saturday,12:01,1,2,0,0,"Sideswipe, opposite direction",V1: Travelling straight ahead / V2: Travelling straight ahead,V1: E  / V2: S,Wet,Daylight,Cloudy/Rain,0.02,0,63,56,FALSE,41.91035947,-71.36314658
6362,6/9/2007,June,Saturday,12:01,1,2,0,0,"Sideswipe, opposite direction",V1: Travelling straight ahead / V2: Travelling straight ahead,V1: S  / V2: 0,Wet,Daylight,Clear,0.02,0,63,56,FALSE,41.91035947,-71.36314658
6363,6/9/2007,June,Saturday,12:11,1,2,0,0,Rear-end,V1: Slowing or stopped in traffic / V2: Slowing or stopped in traffic,V1: 0 / V2: 0,Wet,Daylight,Rain,0.02,0,63,56,FALSE,41.95180679,-71.2898592
6364,6/9/2007,June,Saturday,16:30,1,2,0,0,Angle,V1: Turning left / V2: Travelling straight ahead,V1: S  / V2: S,Wet,Daylight,Cloudy/Rain,0.02,0,63,56,FALSE,41.91649569,-71.30362942
6365,6/9/2007,June,Saturday,17:25,1,2,0,0,0,V1: 0 / V2: 0,V1: N  / V2: N,Wet,Daylight,Clear,0.02,0,63,56,FALSE,41.93624398,-71.26400311
6366,6/10/2007,June,Sunday,10:49,2,1,1,0,Single vehicle crash,V1: Slowing or stopped in traffic,V1: 0,Dry,Daylight,Clear,0,0,74,51,FALSE,41.94110719,-71.29253847
6367,6/10/2007,June,Sunday,13:00,1,2,0,0,Rear-end,V1: Travelling straight ahead / V2: Turning left,V1: W  / V2: W,Dry,Daylight,Clear,0,0,74,51,FALSE,41.93239993,-71.29481178
6368,6/11/2007,June,Monday,7:05,1,2,0,0,Rear-end,V1: Travelling straight ahead / V2: Slowing or stopped in traffic,V1: E  / V2: E,Dry,Daylight,Cloudy,0.01,0,80,62,FALSE,41.93269195,-71.32821357
6369,6/11/2007,June,Monday,7:23,1,2,0,0,Rear-end,V1: Travelling straight ahead / V2: Slowing or stopped in traffic,V1: S  / V2: S,Dry,Daylight,Clear,0.01,0,80,62,FALSE,34.24438675,-73.6513909
6370,6/11/2007,June,Monday,7:23,1,2,0,0,Rear-end,V1: Entering traffic lane / V2: Slowing or stopped in traffic,V1: N  / V2: N,Dry,0,Clear,0.01,0,80,62,FALSE,34.24438675,-73.6513909
6371,6/11/2007,June,Monday,16:57,1,2,0,0,Angle,V1: Travelling straight ahead / V2: Entering traffic lane,V1: W  / V2: S,Dry,Daylight,Clear,0.01,0,80,62,FALSE,34.24438675,-73.6513909
6372,6/11/2007,June,Monday,18:19,1,2,0,0,Angle,V1: Entering traffic lane / V2: Travelling straight ahead,V1: N  / V2: N,Dry,Daylight,Clear,0.01,0,80,62,FALSE,41.92890357,-71.2844343
6373,6/12/2007,June,Tuesday,16:04,0,2,0,0,"Sideswipe, same direction",V1: 0 / V2: 0,V1: W  / V2: W,Dry,Daylight,Clear,0.06,0,72,59,FALSE,41.93406083,-71.31597576
6374,6/13/2007,June,Wednesday,2:04,1,1,0,0,Single vehicle crash,V1: Travelling straight ahead,V1: W,Dry,Dark - lighted roadway,Clear,0,0,59,53,FALSE,41.92463125,-71.34995009
6375,6/13/2007,June,Wednesday,3:04,2,1,1,0,Single vehicle crash,V1: Travelling straight ahead,V1: N,Dry,Dark - roadway not lighted,Clear,0,0,59,53,FALSE,34.24438675,-73.6513909
6376,6/13/2007,June,Wednesday,6:17,2,2,1,0,Rear-end,V1: Turning left / V2: Travelling straight ahead,V1: E  / V2: E,Dry,Daylight,Cloudy,0,0,59,53,FALSE,41.95410482,-71.26066764
6377,6/13/2007,June,Wednesday,7:40,1,2,0,0,Angle,V1: Turning right / V2: Travelling straight ahead,V1: E  / V2: S,Dry,Daylight,Clear,0,0,59,53,FALSE,34.24438675,-73.6513909
6378,6/13/2007,June,Wednesday,7:44,1,2,0,0,Rear-end,V1: Travelling straight ahead / V2: Slowing or stopped in traffic,V1: W  / V2: S,Dry,Daylight,Cloudy,0,0,59,53,FALSE,34.24438675,-73.6513909
6379,6/13/2007,June,Wednesday,13:00,2,2,1,0,Single vehicle crash,V1: Slowing or stopped in traffic / V2: Backing,V1: S  / V2: S,Dry,Daylight,Clear,0,0,59,53,FALSE,41.95472496,-71.28861068
6380,6/13/2007,June,Wednesday,18:11,1,2,0,0,Head-on,V1: Travelling straight ahead / V2: Travelling straight ahead,V1: S  / V2: N,Dry,Daylight,Cloudy,0,0,59,53,FALSE,41.94101484,-71.27240309
6381,6/14/2007,June,Thursday,9:33,1,1,0,0,Single vehicle crash,V1: Turning left,V1: E,Dry,Daylight,Cloudy,0,0,61,50,FALSE,41.93152244,-71.29127014
6382,6/15/2007,June,Friday,12:54,1,2,0,0,Rear-end,V1: Travelling straight ahead / V2: Turning left,V1: N  / V2: W,Dry,Daylight,Clear,0,0,74,50,FALSE,41.91325585,-71.3590575
6383,6/15/2007,June,Friday,17:00,1,2,0,0,Rear-end,V1: Travelling straight ahead / V2: Slowing or stopped in traffic,V1: S  / V2: S,Dry,Daylight,Clear,0,0,74,50,FALSE,41.90682772,-71.35704387
6384,6/15/2007,June,Friday,17:15,1,2,0,0,Rear-end,V1: Travelling straight ahead / V2: Slowing or stopped in traffic,V1: 0 / V2: 0,Dry,Daylight,Clear,0,0,74,50,FALSE,41.9298201,-71.35349785
6385,6/15/2007,June,Friday,18:30,1,2,0,0,Rear-end,V1: Travelling straight ahead / V2: Slowing or stopped in traffic,V1: N  / V2: N,Dry,Daylight,Clear,0,0,74,50,FALSE,41.91711015,-71.37372238
6386,6/16/2007,June,Saturday,7:28,1,2,0,0,Angle,V1: Turning left / V2: Travelling straight ahead,V1: 0 / V2: N,Dry,Daylight,Clear,0,0,82,50,FALSE,34.24438675,-73.6513909
6387,6/18/2007,June,Monday,3:50,2,2,1,0,Rear-end,V1: Slowing or stopped in traffic / V2: Slowing or stopped in traffic,V1: E  / V2: E,Dry,Daylight,Clear,0,0,83,58,FALSE,41.94440228,-71.28423887
6388,6/18/2007,June,Monday,13:33,1,2,0,0,"Sideswipe, same direction",V1: Turning right / V2: Travelling straight ahead,V1: S  / V2: S,Dry,Daylight,Clear,0,0,83,58,FALSE,41.91982212,-71.35857678
6389,6/18/2007,June,Monday,16:24,2,2,1,0,Angle,V1: Entering traffic lane / V2: Travelling straight ahead,V1: E  / V2: E,Dry,Daylight,Clear,0,0,83,58,FALSE,41.95279532,-71.26925679
6390,6/18/2007,June,Monday,17:07,2,2,1,0,Rear-end,V1: Travelling straight ahead / V2: Travelling straight ahead,V1: W  / V2: W,Dry,Daylight,Clear,0,0,83,58,FALSE,41.92505261,-71.34894107
6391,6/19/2007,June,Tuesday,10:17,1,2,0,0,Rear-end,V1: Travelling straight ahead / V2: Parked,V1: E  / V2: E,Dry,Daylight,Clear,0,0,85,61,FALSE,41.95441566,-71.28579579
6392,6/19/2007,June,Tuesday,12:00,2,1,1,0,Single vehicle crash,V1: Travelling straight ahead,V1: S,Dry,Daylight,Clear,0,0,85,61,FALSE,34.24438675,-73.6513909
6393,6/19/2007,June,Tuesday,14:23,2,3,1,0,"Sideswipe, opposite direction",V1: Travelling straight ahead / V2: Travelling straight ahead / V3: 0,V1: S  / V2: S  / V3: N,Dry,Daylight,Clear,0,0,85,61,FALSE,34.24438675,-73.6513909
6394,6/20/2007,June,Wednesday,5:30,1,2,0,0,Single vehicle crash,V1: Turning left / V2: Travelling straight ahead,V1: E  / V2: W,Dry,Daylight,Clear,0.22,0,77,63,FALSE,41.9374227,-71.29402673
6395,6/20/2007,June,Wednesday,12:57,1,2,0,0,Angle,V1: Turning right / V2: Travelling straight ahead,V1: W  / V2: W,Dry,Daylight,Cloudy,0.22,0,77,63,FALSE,41.95076301,-71.27397064
6396,6/20/2007,June,Wednesday,13:43,2,1,1,0,Single vehicle crash,V1: Travelling straight ahead,V1: W,Wet,Daylight,Cloudy,0.22,0,77,63,FALSE,41.90210286,-71.30818746
6397,6/20/2007,June,Wednesday,15:14,1,2,0,0,Angle,V1: Turning left / V2: Travelling straight ahead,V1: E  / V2: S,Dry,Daylight,Cloudy,0.22,0,77,63,FALSE,41.95180679,-71.2898592
6398,6/21/2007,June,Thursday,11:37,1,2,0,0,Rear-end,V1: Travelling straight ahead / V2: Slowing or stopped in traffic,V1: S  / V2: S,Dry,Daylight,Clear,0.08,0,82,57,FALSE,41.9365932,-71.29539949
6399,6/21/2007,June,Thursday,12:46,1,2,0,0,Angle,V1: Turning left / V2: Travelling straight ahead,V1: E  / V2: W,Dry,Daylight,Clear,0.08,0,82,57,FALSE,41.9483337,-71.27794679
6400,6/21/2007,June,Thursday,22:45,1,2,0,0,"Sideswipe, same direction",V1: Travelling straight ahead / V2: Parked,V1: 0 / V2: 0,Wet,Dark - lighted roadway,Cloudy,0.08,0,82,57,FALSE,41.93394439,-71.3070192
6401,6/22/2007,June,Friday,12:22,2,2,1,0,Rear-end,V1: Slowing or stopped in traffic / V2: Slowing or stopped in traffic,V1: N  / V2: N,Dry,Daylight,Cloudy,0.15,0,74,54,FALSE,41.92014284,-71.35719783
6402,6/22/2007,June,Friday,18:30,1,2,0,0,Rear-end,V1: Travelling straight ahead / V2: Slowing or stopped in traffic,V1: E  / V2: E,Wet,Dark - lighted roadway,Rain,0.15,0,74,54,FALSE,34.24438675,-73.6513909
6403,6/23/2007,June,Saturday,19:18,1,2,0,0,Angle,V1: Travelling straight ahead / V2: Slowing or stopped in traffic,V1: S  / V2: N,Dry,Daylight,Clear,0,0,74,51,FALSE,34.24438675,-73.6513909
6404,6/24/2007,June,Sunday,23:24,2,2,1,0,Rear-end,V1: Travelling straight ahead / V2: Slowing or stopped in traffic,V1: S  / V2: S,Dry,Dark - lighted roadway,Clear,0,0,81,48,FALSE,41.90998013,-71.35802082
6405,6/25/2007,June,Monday,17:30,2,2,1,0,Rear-end,V1: Slowing or stopped in traffic / V2: 0,V1: N  / V2: 0,Dry,Daylight,Clear,0,0,89,62,FALSE,34.24438675,-73.6513909
6406,6/26/2007,June,Tuesday,15:54,2,2,1,0,Rear-end,V1: Travelling straight ahead / V2: Turning left,V1: W  / V2: W,Dry,Daylight,Clear,0,0,96,64,FALSE,41.94696934,-71.27969405