ID,DATE,Month,Day of week,Crash Time,Crash Severity,Number of Vehicles,Total Nonfatal Injuries,Total Fatal Injuries,Manner of Collision,Vehicle Action Prior to Crash,Vehicle Travel Directions,Road Surface Condition,Ambient Light,Weather Condition,PRCP,SNOW,TMAX,TMIN,Ice,Longtitute,Latitute
6407,6/27/2007,June,Wednesday,6:50,0,1,0,0,Single vehicle crash,V1: Travelling straight ahead,V1: N,Dry,Daylight,Clear,0,0,96,71,FALSE,34.24438675,-73.6513909
6408,6/27/2007,June,Wednesday,18:10,1,2,0,0,Angle,V1: Travelling straight ahead / V2: Travelling straight ahead,V1: E  / V2: S,Dry,Daylight,Clear,0,0,96,71,FALSE,41.94121777,-71.2768631
6409,6/27/2007,June,Wednesday,22:41,2,2,1,0,Angle,V1: Travelling straight ahead / V2: Travelling straight ahead,V1: E  / V2: E,Dry,Dark - lighted roadway,Clear,0,0,96,71,FALSE,41.92241545,-71.31336866
6410,6/28/2007,June,Thursday,13:15,1,2,0,0,Angle,V1: 0 / V2: Slowing or stopped in traffic,V1: 0 / V2: S,Dry,Daylight,Clear,0,0,91,70,FALSE,41.92508738,-71.35628348
6411,6/28/2007,June,Thursday,18:05,2,2,1,0,Rear-end,V1: Slowing or stopped in traffic / V2: Travelling straight ahead,V1: E  / V2: E,Wet,Daylight,Rain,0,0,91,70,FALSE,34.24438675,-73.6513909
6412,6/29/2007,June,Friday,10:30,2,2,2,0,Angle,V1: Turning left / V2: Travelling straight ahead,V1: W  / V2: 0,0,0,Clear,0,0,74,59,FALSE,41.90331408,-71.33105041
6413,6/29/2007,June,Friday,14:45,1,1,0,0,Angle,V1: Turning right,V1: E,Dry,Daylight,Clear,0,0,74,59,FALSE,41.93393836,-71.3077318
6414,6/30/2007,June,Saturday,12:23,1,2,0,0,Rear-end,V1: Entering traffic lane / V2: Entering traffic lane,V1: S  / V2: S,Dry,Daylight,Clear,0,0,83,56,FALSE,34.24438675,-73.6513909
6415,6/30/2007,June,Saturday,12:26,2,1,1,0,Single vehicle crash,V1: Slowing or stopped in traffic,V1: N,Dry,Daylight,Clear,0,0,83,56,FALSE,41.92644259,-71.35554103
6416,7/1/2007,July,Sunday,13:00,1,2,0,0,Rear-end,V1: Travelling straight ahead / V2: 0,V1: N  / V2: 0,Dry,Daylight,Clear,0.02,0,77,54,FALSE,34.24438675,-73.6513909
6417,7/1/2007,July,Sunday,15:12,1,2,0,0,Angle,V1: Backing / V2: Parked,V1: E  / V2: 0,Dry,Daylight,Clear,0.02,0,77,54,FALSE,41.9038828,-71.31829553
6418,7/1/2007,July,Sunday,15:35,1,2,0,0,Rear-end,V1: Travelling straight ahead / V2: Slowing or stopped in traffic,V1: N  / V2: N,Dry,Daylight,Clear,0.02,0,77,54,FALSE,41.93402963,-71.3189917
6419,7/1/2007,July,Sunday,15:47,2,2,1,0,Angle,V1: Turning left / V2: Travelling straight ahead,V1: N  / V2: W,Dry,Daylight,Clear,0.02,0,77,54,FALSE,41.91723587,-71.37241026
6420,7/1/2007,July,Sunday,16:10,1,1,0,0,Single vehicle crash,V1: Travelling straight ahead,V1: N,Dry,Daylight,Clear,0.02,0,77,54,FALSE,41.93402963,-71.3189917
6421,7/1/2007,July,Sunday,17:21,2,3,1,0,Angle,V1: Travelling straight ahead / V2: Travelling straight ahead / V3: Travelling straight ahead,V1: N  / V2: N  / V3: N,Dry,Daylight,Clear,0.02,0,77,54,FALSE,41.93402963,-71.3189917
6422,7/3/2007,July,Tuesday,11:04,1,2,0,0,Angle,V1: Entering traffic lane / V2: Travelling straight ahead,V1: E  / V2: S,Dry,Daylight,Cloudy,0,0,80,51,FALSE,41.94845876,-71.2777842
6423,7/3/2007,July,Tuesday,13:12,1,2,0,0,Angle,V1: Backing / V2: Travelling straight ahead,V1: S  / V2: S,Dry,Daylight,Clear,0,0,80,51,FALSE,41.94102763,-71.30441057
6424,7/3/2007,July,Tuesday,16:30,1,2,0,0,Angle,V1: Turning left / V2: Travelling straight ahead,V1: N  / V2: W,Dry,Daylight,Clear,0,0,80,51,FALSE,41.93405012,-71.31579284
6425,7/4/2007,July,Wednesday,14:39,1,2,0,0,Rear-end,V1: Travelling straight ahead / V2: Slowing or stopped in traffic,V1: S  / V2: S,Dry,Daylight,Clear,0.14,0,80,56,FALSE,41.95026372,-71.2985466
6426,7/4/2007,July,Wednesday,14:51,2,1,2,0,Single vehicle crash,V1: Travelling straight ahead,V1: N,Dry,Daylight,Clear,0.14,0,80,56,FALSE,41.9120082,-71.2587778
6427,7/4/2007,July,Wednesday,15:10,2,2,1,0,Rear-end,V1: Slowing or stopped in traffic / V2: Slowing or stopped in traffic,V1: W  / V2: W,Dry,Daylight,Cloudy,0.14,0,80,56,FALSE,34.24438675,-73.6513909
6428,7/4/2007,July,Wednesday,16:32,2,1,1,0,Single vehicle crash,V1: Travelling straight ahead,V1: N,Wet,Daylight,Cloudy/Rain,0.14,0,80,56,FALSE,41.94204031,-71.28462013
6429,7/4/2007,July,Wednesday,21:31,1,2,0,0,Angle,V1: Turning right / V2: Travelling straight ahead,V1: N  / V2: W,Wet,Dark - lighted roadway,Rain,0.14,0,80,56,FALSE,41.93406846,-71.31618953
6430,7/5/2007,July,Thursday,11:20,1,3,0,0,"Sideswipe, opposite direction",V1: Turning right / V2: Slowing or stopped in traffic / V3: Slowing or stopped in traffic,V1: N  / V2: N  / V3: S,Snow,Daylight,Rain,0.99,0,82,63,FALSE,41.95076301,-71.27397064
6431,7/5/2007,July,Thursday,12:42,1,1,0,0,Single vehicle crash,V1: Travelling straight ahead,V1: E,Wet,Daylight,Cloudy,0.99,0,82,63,FALSE,41.91838775,-71.25613553
6432,7/5/2007,July,Thursday,21:17,1,2,0,0,"Sideswipe, same direction",V1: Changing lanes / V2: Travelling straight ahead,V1: W  / V2: W,Dry,Dark - lighted roadway,Clear,0.99,0,82,63,FALSE,41.9483337,-71.27794679
6433,7/6/2007,July,Friday,14:03,1,2,0,0,Angle,V1: Backing / V2: Parked,V1: S  / V2: S,Dry,Daylight,Clear,0.03,0,86,63,FALSE,41.90775841,-71.26708281
6434,7/6/2007,July,Friday,15:44,2,2,2,0,Angle,V1: Turning left / V2: Travelling straight ahead,V1: N  / V2: W,Dry,Daylight,Cloudy,0.03,0,86,63,FALSE,41.93421769,-71.2996754
6435,7/8/2007,July,Sunday,0:48,2,1,2,0,Single vehicle crash,V1: Travelling straight ahead,V1: N,Dry,Dark - lighted roadway,Clear,0.58,0,93,64,FALSE,41.92446027,-71.28906707
6436,7/8/2007,July,Sunday,3:08,2,2,1,0,Angle,V1: Travelling straight ahead / V2: Slowing or stopped in traffic,V1: N  / V2: N,Dry,Dark - roadway not lighted,Clear,0.58,0,93,64,FALSE,41.9022981,-71.35602289
6437,7/8/2007,July,Sunday,3:09,1,2,0,0,Rear-end,V1: Travelling straight ahead / V2: Slowing or stopped in traffic,V1: N  / V2: N,Dry,Dark - roadway not lighted,Clear,0.58,0,93,64,FALSE,41.9022981,-71.35602289
6438,7/8/2007,July,Sunday,12:01,1,2,0,0,Angle,V1: Overtaking/passing / V2: Turning right,V1: N  / V2: N,Dry,Daylight,Clear,0.58,0,93,64,FALSE,34.24438675,-73.6513909
6439,7/8/2007,July,Sunday,13:30,1,2,0,0,Rear-end,V1: Entering traffic lane / V2: Entering traffic lane,V1: N  / V2: N,Dry,Daylight,Clear,0.58,0,93,64,FALSE,34.24438675,-73.6513909
6440,7/9/2007,July,Monday,18:36,1,2,0,0,Rear-end,V1: Turning left / V2: Travelling straight ahead,V1: S  / V2: S,Dry,Daylight,Clear,0.02,0,88,64,FALSE,41.91653724,-71.36001753
6441,7/9/2007,July,Monday,23:31,2,2,1,0,Rear-end,V1: Travelling straight ahead / V2: Travelling straight ahead,V1: S  / V2: S,Dry,Dark - roadway not lighted,Clear,0.02,0,88,64,FALSE,41.89869798,-71.3691381
6442,7/10/2007,July,Tuesday,17:31,1,2,0,0,Rear-end,V1: Travelling straight ahead / V2: Travelling straight ahead,V1: S  / V2: S,Dry,Daylight,Clear,0,0,94,64,FALSE,41.92298399,-71.3572054
6443,7/10/2007,July,Tuesday,21:30,1,2,0,0,Angle,V1: Turning left / V2: Travelling straight ahead,V1: N  / V2: W,Dry,Dark - roadway not lighted,Clear,0,0,94,64,FALSE,41.93357119,-71.30035285
6444,7/11/2007,July,Wednesday,6:57,0,2,0,0,Angle,V1: Entering traffic lane / V2: Travelling straight ahead,V1: E  / V2: S,Dry,Daylight,Clear,0,0,86,72,FALSE,34.24438675,-73.6513909
6445,7/11/2007,July,Wednesday,14:29,1,3,0,0,Rear-end,V1: Travelling straight ahead / V2: Slowing or stopped in traffic / V3: Slowing or stopped in traffic,V1: E  / V2: E  / V3: E,Dry,Daylight,Clear,0,0,86,72,FALSE,41.95281359,-71.29362391
6446,7/11/2007,July,Wednesday,16:42,2,1,1,0,Angle,V1: Travelling straight ahead,V1: N,Dry,Daylight,Clear,0,0,86,72,FALSE,41.97608386,-71.2770961
6447,7/12/2007,July,Thursday,1:34,2,2,1,0,0,V1: Slowing or stopped in traffic / V2: 0,V1: S  / V2: S,0,Daylight,Clear,0,0,85,63,FALSE,41.94633225,-71.28705544
6448,7/12/2007,July,Thursday,15:49,2,2,1,0,Rear-end,V1: Slowing or stopped in traffic / V2: Travelling straight ahead,V1: E  / V2: E,Dry,Daylight,Clear,0,0,85,63,FALSE,41.95395992,-71.28274651
6449,7/12/2007,July,Thursday,19:00,0,2,0,0,Angle,V1: Parked / V2: Backing,V1: 0 / V2: 0,Dry,Daylight,Clear,0,0,85,63,FALSE,41.90804783,-71.2979946
6450,7/13/2007,July,Friday,15:10,1,2,0,0,Angle,V1: Turning left / V2: Travelling straight ahead,V1: S  / V2: W,Dry,Daylight,Clear,0,0,87,57,FALSE,41.9446632,-71.28341486
6451,7/14/2007,July,Saturday,9:15,0,2,0,0,Angle,V1: Travelling straight ahead / V2: Turning left,V1: N  / V2: W,Dry,Daylight,Clear,0,0,86,61,FALSE,34.24438675,-73.6513909
6452,7/14/2007,July,Saturday,10:50,2,2,1,0,Rear-end,V1: Slowing or stopped in traffic / V2: Travelling straight ahead,V1: S  / V2: S,Dry,Daylight,Clear,0,0,86,61,FALSE,41.92241545,-71.31336866
6453,7/14/2007,July,Saturday,11:59,1,2,0,0,Rear-end,V1: 0 / V2: Travelling straight ahead,V1: S  / V2: S,Dry,Daylight,Clear,0,0,86,61,FALSE,34.24438675,-73.6513909
6454,7/14/2007,July,Saturday,15:19,1,2,0,0,"Sideswipe, same direction",V1: 0 / V2: Slowing or stopped in traffic,V1: 0 / V2: W,Dry,Daylight,Clear,0,0,86,61,FALSE,41.9446632,-71.28341486
6455,7/14/2007,July,Saturday,18:20,1,2,0,0,Angle,V1: Travelling straight ahead / V2: Travelling straight ahead,V1: N  / V2: N,Dry,Daylight,Clear,0,0,86,61,FALSE,41.93402963,-71.3189917
6456,7/15/2007,July,Sunday,0:22,2,1,1,0,Single vehicle crash,V1: Travelling straight ahead,V1: W,Dry,Dark - lighted roadway,Clear,0.04,0,88,66,FALSE,41.91143569,-71.28003051
6457,7/15/2007,July,Sunday,2:45,0,2,0,0,"Sideswipe, opposite direction",V1: Parked / V2: Backing,V1: S  / V2: E,Dry,Daylight,Clear,0.04,0,88,66,FALSE,41.91512911,-71.22385142
6458,7/15/2007,July,Sunday,5:48,1,2,0,0,Angle,V1: Turning right / V2: Travelling straight ahead,V1: E  / V2: E,Dry,Daylight,Clear,0.04,0,88,66,FALSE,41.94586371,-71.28073807
6459,7/15/2007,July,Sunday,10:40,1,2,0,0,Single vehicle crash,V1: Turning left / V2: Travelling straight ahead,V1: E  / V2: 0,Dry,Daylight,Clear,0.04,0,88,66,FALSE,41.94644455,-71.28032883
6460,7/15/2007,July,Sunday,11:08,1,2,0,0,0,V1: Travelling straight ahead / V2: Parked,V1: E  / V2: 0,Dry,Daylight,Clear,0.04,0,88,66,FALSE,41.94674589,-71.27997735
6461,7/16/2007,July,Monday,11:00,1,2,0,0,Angle,V1: Travelling straight ahead / V2: Travelling straight ahead,V1: 0 / V2: 0,Dry,Daylight,Clear,0,0,87,67,FALSE,41.94499193,-71.27949099
6462,7/16/2007,July,Monday,14:57,2,3,2,0,"Sideswipe, opposite direction",V1: Travelling straight ahead / V2: Travelling straight ahead / V3: Travelling straight ahead,V1: W  / V2: N  / V3: S,Dry,Daylight,Clear,0,0,87,67,FALSE,41.90964751,-71.36351027
6463,7/16/2007,July,Monday,19:00,1,2,0,0,Rear-end,V1: Travelling straight ahead / V2: Slowing or stopped in traffic,V1: N  / V2: N,Dry,Daylight,Clear,0,0,87,67,FALSE,41.89618753,-71.37039513
6464,7/17/2007,July,Tuesday,7:18,2,2,1,0,Rear-end,V1: Slowing or stopped in traffic / V2: Slowing or stopped in traffic,V1: N  / V2: N,Dry,Daylight,Clear,0,0,88,60,FALSE,41.95517465,-71.30396867
6465,7/17/2007,July,Tuesday,14:40,2,1,1,0,Single vehicle crash,V1: Travelling straight ahead,V1: E,Dry,Daylight,Clear,0,0,88,60,FALSE,34.24438675,-73.6513909
6466,7/17/2007,July,Tuesday,16:45,1,1,0,0,Single vehicle crash,V1: Travelling straight ahead,V1: E,Dry,Daylight,Clear,0,0,88,60,FALSE,41.92378108,-71.31636602
6467,7/17/2007,July,Tuesday,17:51,2,2,1,0,Angle,V1: Turning left / V2: Travelling straight ahead,V1: W  / V2: S,Dry,Daylight,Clear,0,0,88,60,FALSE,41.89541252,-71.37076533
6468,7/18/2007,July,Wednesday,6:41,2,2,4,0,Angle,V1: Entering traffic lane / V2: Travelling straight ahead,V1: N  / V2: E,Dry,Dawn,Cloudy,0.41,0,72,67,FALSE,41.89642653,-71.37125251
6469,7/18/2007,July,Wednesday,10:11,1,2,0,0,Angle,V1: Travelling straight ahead / V2: Turning left,V1: W  / V2: W,Dry,Daylight,Cloudy/Rain,0.41,0,72,67,FALSE,41.95130281,-71.27263126
6470,7/18/2007,July,Wednesday,15:11,1,1,0,0,Single vehicle crash,V1: Travelling straight ahead,V1: 0,Wet,Daylight,Cloudy/Rain,0.41,0,72,67,FALSE,41.924783,-71.25976795
6471,7/18/2007,July,Wednesday,15:50,2,2,1,0,Angle,V1: Travelling straight ahead / V2: Travelling straight ahead,V1: 0 / V2: 0,Dry,Daylight,Clear,0.41,0,72,67,FALSE,41.9370756,-71.28238678
6472,7/19/2007,July,Thursday,9:54,1,2,0,0,Angle,V1: Turning right / V2: Travelling straight ahead,V1: E  / V2: W,Dry,Daylight,Cloudy/Rain,0.39,0,85,66,FALSE,41.95076301,-71.27397064
6473,7/20/2007,July,Friday,4:30,1,2,0,0,"Sideswipe, opposite direction",V1: Travelling straight ahead / V2: Travelling straight ahead,V1: 0 / V2: 0,Dry,Daylight,Clear,0,0,86,64,FALSE,41.94450501,-71.28411703
6474,7/20/2007,July,Friday,8:22,2,2,1,0,Rear-end,V1: Travelling straight ahead / V2: Travelling straight ahead,V1: E  / V2: E,Dry,Daylight,Clear,0,0,86,64,FALSE,41.95454839,-71.25253266
6475,7/20/2007,July,Friday,11:45,1,3,0,0,Rear-end,V1: Travelling straight ahead / V2: Travelling straight ahead / V3: Travelling straight ahead,V1: E  / V2: E  / V3: E,Dry,Daylight,Clear,0,0,86,64,FALSE,41.93363156,-71.30076394
6476,7/20/2007,July,Friday,13:11,2,2,1,0,Rear-end,V1: Travelling straight ahead / V2: Travelling straight ahead,V1: E  / V2: E,Dry,Daylight,Clear,0,0,86,64,FALSE,41.92445571,-71.353476
6477,7/20/2007,July,Friday,14:00,2,2,1,0,Angle,V1: Travelling straight ahead / V2: Travelling straight ahead,V1: S  / V2: E,Dry,Daylight,Cloudy,0,0,86,64,FALSE,41.93623387,-71.28481203
6478,7/21/2007,July,Saturday,2:24,3,5,4,2,Rear-end,V1: Leaving traffic lane / V2: Travelling straight ahead / V3: Slowing or stopped in traffic / V4: Travelling straight ahead / V5: Travelling straight ahead,V1: N  / V2: N  / V3: N  / V4: N  / V5: N,Dry,Dark - roadway not lighted,Clear,0,0,83,60,FALSE,41.95531464,-71.30387442
6479,7/21/2007,July,Saturday,3:02,1,2,0,0,Angle,V1: Travelling straight ahead / V2: Parked,V1: N  / V2: 0,Dry,Dark - lighted roadway,Clear,0,0,83,60,FALSE,41.93402963,-71.3189917
6480,7/21/2007,July,Saturday,7:40,2,2,4,0,Rear-end,V1: Slowing or stopped in traffic / V2: Travelling straight ahead,V1: N  / V2: N,Dry,Daylight,Clear,0,0,83,60,FALSE,41.93402963,-71.3189917
6481,7/21/2007,July,Saturday,11:37,2,2,1,0,Rear-end,V1: Slowing or stopped in traffic / V2: Slowing or stopped in traffic,V1: S  / V2: S,Dry,Daylight,Clear,0,0,83,60,FALSE,41.9365932,-71.29539949
6482,7/21/2007,July,Saturday,20:46,1,3,0,0,Angle,V1: Parked / V2: Parked / V3: Backing,V1: 0 / V2: 0 / V3: W,Dry,Dark - 0 roadway lighting,Clear,0,0,83,60,FALSE,41.91172913,-71.34257759
6483,7/22/2007,July,Sunday,5:20,0,1,0,0,Single vehicle crash,V1: Turning right,V1: S,Dry,Dawn,Clear,0,0,81,60,FALSE,41.93412176,-71.31974022
6484,7/22/2007,July,Sunday,13:30,1,2,0,0,Angle,V1: Turning left / V2: Travelling straight ahead,V1: W  / V2: 0,Dry,Daylight,Clear,0,0,81,60,FALSE,41.93957018,-71.28331414
6485,7/22/2007,July,Sunday,22:40,2,2,1,0,"Sideswipe, opposite direction",V1: Travelling straight ahead / V2: Parked,V1: E  / V2: 0,Dry,Dark - lighted roadway,Clear,0,0,81,60,FALSE,41.94410672,-71.30957274
6486,7/23/2007,July,Monday,14:14,2,2,1,0,Rear-end,V1: Travelling straight ahead / V2: Travelling straight ahead,V1: N  / V2: N,Dry,Daylight,Clear,0.06,0,68,61,FALSE,41.91035947,-71.36314658
6487,7/23/2007,July,Monday,18:56,1,2,0,0,Rear-end,V1: Slowing or stopped in traffic / V2: Travelling straight ahead,V1: S  / V2: S,Dry,Daylight,Cloudy,0.06,0,68,61,FALSE,41.92014284,-71.35719783
6488,7/24/2007,July,Tuesday,16:17,1,2,0,0,Rear-end,V1: Slowing or stopped in traffic / V2: Travelling straight ahead,V1: E  / V2: E,Dry,0,Clear,0,0,86,64,FALSE,41.93409173,-71.31894301
6489,7/26/2007,July,Thursday,2:09,1,2,0,0,0,V1: Travelling straight ahead / V2: Travelling straight ahead,V1: E  / V2: N,Dry,Daylight,Clear,0,0,91,60,FALSE,41.89618753,-71.37039513
6490,7/28/2007,July,Saturday,11:20,2,2,1,0,Angle,V1: Travelling straight ahead / V2: Turning left,V1: 0 / V2: 0,Dry,Daylight,Clear,0.08,0,87,73,FALSE,41.92446027,-71.28906707
6491,7/29/2007,July,Sunday,0:36,0,1,0,0,Single vehicle crash,V1: Turning left,V1: N,Dry,Dark - lighted roadway,Clear,0.71,0,88,70,FALSE,41.90855158,-71.37047319
6492,7/29/2007,July,Sunday,10:38,1,2,0,0,Rear-end,V1: Turning left / V2: Travelling straight ahead,V1: S  / V2: W,Dry,Daylight,Clear,0.71,0,88,70,FALSE,34.24438675,-73.6513909
6493,7/29/2007,July,Sunday,23:59,0,1,0,0,Single vehicle crash,V1: Travelling straight ahead,V1: S,Dry,Dark - lighted roadway,Clear,0.71,0,88,70,FALSE,41.92821652,-71.27473168
6494,7/30/2007,July,Monday,6:52,1,2,0,0,Rear-end,V1: Slowing or stopped in traffic / V2: Travelling straight ahead,V1: E  / V2: E,Wet,Daylight,Cloudy,1.29,0,86,68,FALSE,41.9341021,-71.30369928
6495,7/30/2007,July,Monday,9:21,1,2,0,0,Angle,V1: Turning left / V2: Travelling straight ahead,V1: N  / V2: S,Dry,Daylight,Clear,1.29,0,86,68,FALSE,41.94872235,-71.28913727
6496,7/30/2007,July,Monday,12:37,2,2,1,0,Rear-end,V1: Travelling straight ahead / V2: Travelling straight ahead,V1: N  / V2: N,Dry,Daylight,Clear,1.29,0,86,68,FALSE,41.94495215,-71.2846593
6497,7/30/2007,July,Monday,18:00,1,1,0,0,Single vehicle crash,V1: Other,V1: N,"Water (standing, moving)",Dusk,Cloudy/Rain,1.29,0,86,68,FALSE,34.24438675,-73.6513909
6498,7/31/2007,July,Tuesday,16:27,1,2,0,0,Angle,V1: Travelling straight ahead / V2: Turning left,V1: W  / V2: N,Dry,Daylight,Clear,0,0,85,67,FALSE,34.24438675,-73.6513909
6499,8/1/2007,August,Wednesday,6:28,1,1,0,0,"Sideswipe, same direction",V1: Changing lanes,V1: N,Dry,Daylight,Clear,0,0,88,66,FALSE,34.24438675,-73.6513909
6500,8/1/2007,August,Wednesday,9:17,1,2,0,0,"Sideswipe, same direction",V1: Travelling straight ahead / V2: 0,V1: S  / V2: S,Dry,Dark - lighted roadway,Clear,0,0,88,66,FALSE,34.24438675,-73.6513909
6501,8/1/2007,August,Wednesday,12:45,1,2,0,0,Angle,V1: Turning right / V2: Travelling straight ahead,V1: 0 / V2: 0,Dry,Daylight,Clear,0,0,88,66,FALSE,41.95484304,-71.28856385
6502,8/1/2007,August,Wednesday,13:10,1,2,0,0,Angle,V1: Parked / V2: Backing,V1: 0 / V2: 0,Dry,Daylight,Clear,0,0,88,66,FALSE,41.94416859,-71.28099163
6503,8/2/2007,August,Thursday,13:14,1,2,0,0,Rear-end,V1: Slowing or stopped in traffic / V2: Slowing or stopped in traffic,V1: S  / V2: S,Dry,Daylight,Clear,0,0,96,64,FALSE,41.95076301,-71.27397064
6504,8/3/2007,August,Friday,14:00,1,2,0,0,Angle,V1: Backing / V2: Travelling straight ahead,V1: E  / V2: S,Dry,Daylight,Clear,0,0,94,71,FALSE,41.89524661,-71.37183199
6505,8/3/2007,August,Friday,15:20,1,2,0,0,Angle,V1: Travelling straight ahead / V2: Travelling straight ahead,V1: 0 / V2: 0,Dry,Daylight,Clear,0,0,94,71,FALSE,41.93623387,-71.28481203
6506,8/3/2007,August,Friday,16:57,1,2,0,0,Rear-end,V1: Entering traffic lane / V2: Slowing or stopped in traffic,V1: W  / V2: W,Dry,Daylight,Clear,0,0,94,71,FALSE,41.95406763,-71.24447461
6507,8/3/2007,August,Friday,16:57,1,2,0,0,Rear-end,V1: Travelling straight ahead / V2: Slowing or stopped in traffic,V1: E  / V2: E,Dry,Daylight,Clear,0,0,94,71,FALSE,41.95130281,-71.27263126
6508,8/3/2007,August,Friday,18:49,1,2,0,0,Rear-end,V1: Slowing or stopped in traffic / V2: Travelling straight ahead,V1: N  / V2: N,Dry,Daylight,Clear,0,0,94,71,FALSE,34.24438675,-73.6513909
6509,8/3/2007,August,Friday,19:21,1,1,0,0,Single vehicle crash,V1: Travelling straight ahead,V1: N,Dry,Daylight,Clear,0,0,94,71,FALSE,41.90662608,-71.32003171
6510,8/4/2007,August,Saturday,1:00,1,2,0,0,Head-on,V1: Slowing or stopped in traffic / V2: Entering traffic lane,V1: N  / V2: S,Dry,Dark - lighted roadway,Clear,0,0,93,70,FALSE,34.24438675,-73.6513909
6511,8/4/2007,August,Saturday,23:50,1,2,0,0,Rear-end,V1: Backing / V2: Slowing or stopped in traffic,V1: E  / V2: 0,Dry,Dark - lighted roadway,Clear,0,0,93,70,FALSE,41.93755593,-71.27964705
6512,8/5/2007,August,Sunday,15:00,2,2,1,0,Rear-end,V1: Slowing or stopped in traffic / V2: Travelling straight ahead,V1: N  / V2: N,Dry,Daylight,Clear,0,0,84,62,FALSE,34.24438675,-73.6513909
6513,8/5/2007,August,Sunday,21:20,2,1,1,0,Single vehicle crash,V1: Travelling straight ahead,V1: E,Dry,Dark - lighted roadway,Clear,0,0,84,62,FALSE,41.9092031,-71.2947782
6514,8/6/2007,August,Monday,10:55,1,2,0,0,"Sideswipe, opposite direction",V1: Overtaking/passing / V2: Slowing or stopped in traffic,V1: E  / V2: W,Dry,Daylight,Cloudy,0.12,0,82,59,FALSE,41.93860766,-71.26115887
6515,8/6/2007,August,Monday,17:57,1,2,0,0,"Sideswipe, same direction",V1: Travelling straight ahead / V2: Changing lanes,V1: S  / V2: S,Dry,Daylight,Cloudy/Rain,0.12,0,82,59,FALSE,41.91228076,-71.3621692
6516,8/7/2007,August,Tuesday,14:55,1,1,0,0,Single vehicle crash,V1: Turning left,V1: W,Dry,Daylight,Clear,0,0,87,69,FALSE,34.24438675,-73.6513909
6517,8/7/2007,August,Tuesday,20:10,1,1,0,0,Angle,V1: Turning right,V1: N,Wet,Dark - lighted roadway,Cloudy/Rain,0,0,87,69,FALSE,41.95076301,-71.27397064
6518,8/8/2007,August,Wednesday,7:00,1,1,0,0,Single vehicle crash,V1: Turning right,V1: E,Wet,Daylight,Rain,0.12,0,90,71,FALSE,41.90420828,-71.32620986
6519,8/8/2007,August,Wednesday,10:09,2,1,1,0,Single vehicle crash,V1: Travelling straight ahead,V1: N,Wet,Daylight,Cloudy,0.12,0,90,71,FALSE,41.93832935,-71.33247345
6520,8/8/2007,August,Wednesday,17:35,2,3,1,0,Rear-end,V1: Travelling straight ahead / V2: Slowing or stopped in traffic / V3: Slowing or stopped in traffic,V1: S  / V2: S  / V3: S,Dry,Daylight,Clear,0.12,0,90,71,FALSE,34.24438675,-73.6513909
6521,8/9/2007,August,Thursday,8:04,1,2,0,0,Rear-end,V1: Travelling straight ahead / V2: Slowing or stopped in traffic,V1: S  / V2: S,Dry,0,Clear,0,0,80,63,FALSE,41.91653724,-71.36001753
6522,8/9/2007,August,Thursday,11:05,1,2,0,0,Angle,V1: Entering traffic lane / V2: Travelling straight ahead,V1: S  / V2: S,Dry,Daylight,Clear,0,0,80,63,FALSE,34.24438675,-73.6513909
6523,8/9/2007,August,Thursday,17:22,1,3,0,0,Rear-end,V1: Slowing or stopped in traffic / V2: Slowing or stopped in traffic / V3: Travelling straight ahead,V1: S  / V2: S  / V3: S,Dry,Daylight,Clear,0,0,80,63,FALSE,41.94048066,-71.25107136
6524,8/9/2007,August,Thursday,18:59,2,2,1,0,Rear-end,V1: Travelling straight ahead / V2: Turning left,V1: N  / V2: N,Wet,Daylight,Cloudy/Rain,0,0,80,63,FALSE,41.92521765,-71.28783389
6525,8/10/2007,August,Friday,6:30,1,2,0,0,"Sideswipe, opposite direction",V1: Travelling straight ahead / V2: Slowing or stopped in traffic,V1: S  / V2: E,Wet,Daylight,Rain,0.27,0,64,53,FALSE,41.93623387,-71.28481203
6526,8/10/2007,August,Friday,7:45,1,2,0,0,Rear-end,V1: Travelling straight ahead / V2: Slowing or stopped in traffic,V1: E  / V2: E,Wet,Daylight,Cloudy/Rain,0.27,0,64,53,FALSE,41.91943215,-71.36010948
6527,8/10/2007,August,Friday,15:10,1,2,0,0,Angle,V1: Turning left / V2: Travelling straight ahead,V1: N  / V2: S,Wet,Daylight,Cloudy/Rain,0.27,0,64,53,FALSE,41.94040539,-71.28014995
6528,8/10/2007,August,Friday,19:10,1,2,0,0,Angle,V1: Travelling straight ahead / V2: Turning left,V1: N  / V2: S,Dry,Daylight,Clear,0.27,0,64,53,FALSE,41.89903243,-71.355186
6529,8/10/2007,August,Friday,21:41,1,2,0,0,"Sideswipe, same direction",V1: Travelling straight ahead / V2: Travelling straight ahead,V1: S  / V2: S,Dry,Dark - roadway not lighted,Clear,0.27,0,64,53,FALSE,34.24438675,-73.6513909
6530,8/11/2007,August,Saturday,10:30,1,2,0,0,Rear-end,V1: Travelling straight ahead / V2: Travelling straight ahead,V1: N  / V2: N,Dry,Daylight,Clear,0,0,86,49,FALSE,41.94625923,-71.28694634
6531,8/11/2007,August,Saturday,16:01,1,2,0,0,Rear-end,V1: Slowing or stopped in traffic / V2: Entering traffic lane,V1: E  / V2: E,Dry,Daylight,Clear,0,0,86,49,FALSE,34.24438675,-73.6513909
6532,8/12/2007,August,Sunday,2:30,1,1,0,0,Single vehicle crash,V1: Turning left,V1: N,Dry,Dawn,Clear,0,0,88,61,FALSE,41.91982212,-71.35857678
6533,8/12/2007,August,Sunday,8:18,1,2,0,0,"Sideswipe, same direction",V1: Travelling straight ahead / V2: Parked,V1: E  / V2: E,Dry,Daylight,Clear,0,0,88,61,FALSE,41.91696013,-71.37494452