ID,DATE,Month,Day of week,Crash Time,Crash Severity,Number of Vehicles,Total Nonfatal Injuries,Total Fatal Injuries,Manner of Collision,Vehicle Action Prior to Crash,Vehicle Travel Directions,Road Surface Condition,Ambient Light,Weather Condition,PRCP,SNOW,TMAX,TMIN,Ice,Longtitute,Latitute
6534,8/12/2007,August,Sunday,14:22,2,3,1,0,Rear-end,V1: Travelling straight ahead / V2: Slowing or stopped in traffic / V3: Slowing or stopped in traffic,V1: S  / V2: S  / V3: S,Dry,Daylight,Clear,0,0,88,61,FALSE,41.93742983,-71.26519759
6535,8/12/2007,August,Sunday,14:39,1,2,0,0,"Sideswipe, opposite direction",V1: Turning left / V2: Slowing or stopped in traffic,V1: E  / V2: W,Dry,Daylight,Clear,0,0,88,61,FALSE,41.93846875,-71.28469502
6536,8/13/2007,August,Monday,11:45,0,2,0,0,0,V1: Slowing or stopped in traffic / V2: Travelling straight ahead,V1: N  / V2: N,Dry,Daylight,Rain,0.19,0,86,62,FALSE,41.93269195,-71.32821357
6537,8/14/2007,August,Tuesday,14:27,1,2,0,0,Rear-end,V1: Travelling straight ahead / V2: Travelling straight ahead,V1: S  / V2: S,Dry,Daylight,Clear,0,0,82,54,FALSE,41.92644259,-71.35554103
6538,8/14/2007,August,Tuesday,14:50,1,2,0,0,"Sideswipe, same direction",V1: Travelling straight ahead / V2: Slowing or stopped in traffic,V1: N  / V2: N,Dry,Daylight,Clear,0,0,82,54,FALSE,41.93357119,-71.30035285
6539,8/14/2007,August,Tuesday,15:48,1,2,0,0,Angle,V1: Turning left / V2: Travelling straight ahead,V1: N  / V2: E,Dry,Daylight,Clear,0,0,82,54,FALSE,41.91982212,-71.35857678
6540,8/14/2007,August,Tuesday,16:06,1,2,0,0,Angle,V1: Travelling straight ahead / V2: Travelling straight ahead,V1: 0 / V2: 0,Dry,Daylight,Clear,0,0,82,54,FALSE,41.92241545,-71.31336866
6541,8/15/2007,August,Wednesday,1:10,1,2,0,0,Rear-end,V1: Travelling straight ahead / V2: Slowing or stopped in traffic,V1: S  / V2: 0,Dry,Daylight,Clear,0,0,85,55,FALSE,41.89733197,-71.36979234
6542,8/15/2007,August,Wednesday,8:12,1,2,0,0,Angle,V1: Travelling straight ahead / V2: Travelling straight ahead,V1: N  / V2: S,Dry,Daylight,Clear,0,0,85,55,FALSE,41.93923609,-71.3175535
6543,8/15/2007,August,Wednesday,17:34,1,2,0,0,Rear-end,V1: Travelling straight ahead / V2: Slowing or stopped in traffic,V1: N  / V2: N,Dry,Daylight,Clear,0,0,85,55,FALSE,41.91402282,-71.35905109
6544,8/15/2007,August,Wednesday,17:42,2,2,1,0,Rear-end,V1: Travelling straight ahead / V2: Slowing or stopped in traffic,V1: N  / V2: N,Dry,Daylight,Clear,0,0,85,55,FALSE,41.91463957,-71.35904891
6545,8/15/2007,August,Wednesday,21:22,0,4,0,0,Angle,V1: Parked / V2: Parked / V3: 0 / V4: Parked,V1: W  / V2: 0 / V3: 0 / V4: 0,Dry,Dark - roadway not lighted,Clear,0,0,85,55,FALSE,41.93751423,-71.27928705
6546,8/16/2007,August,Thursday,11:23,2,2,1,0,Rear-end,V1: 0 / V2: Turning right,V1: E  / V2: E,Dry,Daylight,Clear,0,0,86,65,FALSE,41.93396377,-71.31987069
6547,8/16/2007,August,Thursday,14:30,1,2,0,0,Angle,V1: Turning left / V2: Changing lanes,V1: E  / V2: W,Dry,Daylight,Clear,0,0,86,65,FALSE,34.24438675,-73.6513909
6548,8/16/2007,August,Thursday,20:18,1,2,0,0,Angle,V1: Turning right / V2: Overtaking/passing,V1: 0 / V2: 0,Dry,Dark - lighted roadway,Clear,0,0,86,65,FALSE,34.24438675,-73.6513909
6549,8/17/2007,August,Friday,15:45,1,2,0,0,Angle,V1: Travelling straight ahead / V2: Entering traffic lane,V1: W  / V2: S,Dry,Daylight,Cloudy,0.14,0,80,62,FALSE,41.95130281,-71.27263126
6550,8/17/2007,August,Friday,16:49,1,2,0,0,Angle,V1: Turning right / V2: Travelling straight ahead,V1: N  / V2: E,Dry,Daylight,Cloudy,0.14,0,80,62,FALSE,34.24438675,-73.6513909
6551,8/17/2007,August,Friday,19:15,1,1,0,0,Single vehicle crash,V1: Travelling straight ahead,V1: S,Wet,Dark - lighted roadway,Cloudy,0.14,0,80,62,FALSE,41.94427721,-71.28411938
6552,8/18/2007,August,Saturday,1:57,2,1,1,0,Single vehicle crash,V1: Travelling straight ahead,V1: N,"Water (standing, moving)",Dark - roadway not lighted,Cloudy/Rain,0.16,0,76,53,FALSE,41.92816687,-71.22389516
6553,8/18/2007,August,Saturday,8:15,1,2,0,0,Angle,V1: Travelling straight ahead / V2: Travelling straight ahead,V1: 0 / V2: 0,Dry,Daylight,Clear,0.16,0,76,53,FALSE,41.93601097,-71.28269451
6554,8/19/2007,August,Sunday,14:28,1,2,0,0,Rear-end,V1: Slowing or stopped in traffic / V2: Slowing or stopped in traffic,V1: S  / V2: S,Dry,Daylight,Clear,0,0,76,47,FALSE,41.93611269,-71.26381531
6555,8/19/2007,August,Sunday,16:15,1,2,0,0,Angle,V1: Travelling straight ahead / V2: Travelling straight ahead,V1: E  / V2: S,Dry,Daylight,Clear,0,0,76,47,FALSE,41.94458656,-71.27648461
6556,8/20/2007,August,Monday,7:21,2,2,3,0,Angle,V1: Travelling straight ahead / V2: Travelling straight ahead,V1: E  / V2: W,Dry,Daylight,Clear,0.03,0,73,51,FALSE,41.92720568,-71.2851591
6557,8/20/2007,August,Monday,13:23,1,2,0,0,"Sideswipe, opposite direction",V1: Turning left / V2: Turning left,V1: S  / V2: 0,Dry,Daylight,Clear,0.03,0,73,51,FALSE,41.94231024,-71.28253433
6558,8/20/2007,August,Monday,15:09,1,2,0,0,Angle,V1: Turning left / V2: Travelling straight ahead,V1: E  / V2: S,Dry,Daylight,Clear,0.03,0,73,51,FALSE,41.92644259,-71.35554103
6559,8/21/2007,August,Tuesday,2:10,1,2,0,0,Rear-end,V1: Parked / V2: Travelling straight ahead,V1: N  / V2: N,Dry,Dark - roadway not lighted,Clear,0,0,68,51,FALSE,41.90236395,-71.35579697
6560,8/21/2007,August,Tuesday,12:50,1,2,0,0,Rear-end,V1: Travelling straight ahead / V2: Travelling straight ahead,V1: N  / V2: N,Dry,Daylight,Clear,0,0,68,51,FALSE,34.24438675,-73.6513909
6561,8/21/2007,August,Tuesday,16:04,1,2,0,0,Rear-end,V1: Travelling straight ahead / V2: Slowing or stopped in traffic,V1: S  / V2: S,Dry,Daylight,Clear,0,0,68,51,FALSE,34.24438675,-73.6513909
6562,8/21/2007,August,Tuesday,16:10,1,2,0,0,Rear-end,V1: Slowing or stopped in traffic / V2: Travelling straight ahead,V1: E  / V2: E,Dry,0,Cloudy,0,0,68,51,FALSE,41.93150481,-71.33366365
6563,8/21/2007,August,Tuesday,17:30,1,2,0,0,Rear-end,V1: Travelling straight ahead / V2: Slowing or stopped in traffic,V1: S  / V2: S,Dry,Daylight,Cloudy,0,0,68,51,FALSE,41.90086769,-71.36799095
6564,8/21/2007,August,Tuesday,22:13,1,2,0,0,Rear-end,V1: Travelling straight ahead / V2: Slowing or stopped in traffic,V1: S  / V2: S,Dry,Dark - lighted roadway,Clear,0,0,68,51,FALSE,41.95949687,-71.28775942
6565,8/22/2007,August,Wednesday,8:38,2,2,2,0,Angle,V1: Entering traffic lane / V2: Travelling straight ahead,V1: W  / V2: W,Dry,Daylight,Clear,0,0,72,51,FALSE,41.94458656,-71.27648461
6566,8/22/2007,August,Wednesday,11:55,2,2,1,0,Angle,V1: Turning left / V2: Travelling straight ahead,V1: W  / V2: N,Dry,Daylight,Cloudy,0,0,72,51,FALSE,41.89733197,-71.36979234
6567,8/23/2007,August,Thursday,0:57,1,1,0,0,Single vehicle crash,V1: Slowing or stopped in traffic,V1: N,Dry,Dark - roadway not lighted,Cloudy,0,0,78,61,FALSE,41.93421769,-71.2996754
6568,8/23/2007,August,Thursday,5:40,1,2,0,0,Angle,V1: Turning left / V2: Travelling straight ahead,V1: S  / V2: W,Dry,Daylight,Clear,0,0,78,61,FALSE,34.24438675,-73.6513909
6569,8/23/2007,August,Thursday,13:37,1,2,0,0,Angle,V1: Travelling straight ahead / V2: Turning left,V1: N  / V2: E,Dry,Daylight,Cloudy,0,0,78,61,FALSE,41.95568257,-71.28823954
6570,8/23/2007,August,Thursday,15:27,1,2,0,0,Angle,V1: Turning left / V2: Travelling straight ahead,V1: W  / V2: N,Dry,Daylight,Clear,0,0,78,61,FALSE,41.95026235,-71.27502451
6571,8/24/2007,August,Friday,0:22,2,2,2,0,Angle,V1: Other / V2: Slowing or stopped in traffic,V1: E  / V2: N,Dry,Dark - roadway not lighted,Clear,0,0,87,67,FALSE,34.24438675,-73.6513909
6572,8/24/2007,August,Friday,3:05,1,2,0,0,"Sideswipe, same direction",V1: Making U-turn / V2: Travelling straight ahead,V1: W  / V2: W,Dry,Daylight,Clear,0,0,87,67,FALSE,34.24438675,-73.6513909
6573,8/24/2007,August,Friday,9:13,1,2,0,0,Angle,V1: Turning left / V2: Travelling straight ahead,V1: E  / V2: N,Dry,Daylight,Clear,0,0,87,67,FALSE,41.93306281,-71.28502226
6574,8/24/2007,August,Friday,12:43,2,2,1,0,Angle,V1: Turning left / V2: Travelling straight ahead,V1: 0 / V2: N,Dry,Daylight,Clear,0,0,87,67,FALSE,41.90529604,-71.33573163
6575,8/24/2007,August,Friday,16:00,2,2,1,0,Angle,V1: Overtaking/passing / V2: Turning left,V1: E  / V2: E,Dry,Daylight,Clear,0,0,87,67,FALSE,41.94494513,-71.27912878
6576,8/25/2007,August,Saturday,13:43,1,1,0,0,Single vehicle crash,V1: Travelling straight ahead,V1: N,Dry,Daylight,Clear,0,0,93,69,FALSE,41.96421527,-71.28930623
6577,8/26/2007,August,Sunday,21:36,1,2,0,0,Angle,V1: Travelling straight ahead / V2: Turning left,V1: E  / V2: E,Dry,Dark - lighted roadway,Cloudy,0,0,89,69,FALSE,41.92014284,-71.35719783
6578,8/27/2007,August,Monday,7:10,1,2,0,0,"Sideswipe, same direction",V1: Travelling straight ahead / V2: Travelling straight ahead,V1: N  / V2: N,Dry,Daylight,Clear,0,0,83,60,FALSE,41.95502374,-71.30407033
6579,8/27/2007,August,Monday,7:40,1,2,0,0,Rear-end,V1: Travelling straight ahead / V2: Travelling straight ahead,V1: N  / V2: N,Dry,Daylight,Clear,0,0,83,60,FALSE,41.95207026,-71.27098066
6580,8/27/2007,August,Monday,8:23,1,3,0,0,Rear-end,V1: Travelling straight ahead / V2: Slowing or stopped in traffic / V3: Slowing or stopped in traffic,V1: N  / V2: N  / V3: N,Dry,Daylight,Clear,0,0,83,60,FALSE,41.94666472,-71.28742757
6581,8/27/2007,August,Monday,10:41,2,2,2,0,Angle,V1: Entering traffic lane / V2: Travelling straight ahead,V1: E  / V2: E,Dry,Daylight,Clear,0,0,83,60,FALSE,41.95454839,-71.25253266
6582,8/27/2007,August,Monday,14:20,1,2,0,0,Rear-end,V1: Travelling straight ahead / V2: Travelling straight ahead,V1: E  / V2: E,Dry,Daylight,Clear,0,0,83,60,FALSE,41.92229699,-71.35424206
6583,8/28/2007,August,Tuesday,0:04,1,1,0,0,Single vehicle crash,V1: Travelling straight ahead,V1: S,Dry,Dark - lighted roadway,Clear,0,0,85,55,FALSE,41.9237101,-71.31744349
6584,8/28/2007,August,Tuesday,0:05,0,1,0,0,Single vehicle crash,V1: Travelling straight ahead,V1: E,0,Dark - lighted roadway,Clear,0,0,85,55,FALSE,34.24438675,-73.6513909
6585,8/28/2007,August,Tuesday,16:53,1,2,0,0,Rear-end,V1: Travelling straight ahead / V2: Travelling straight ahead,V1: S  / V2: S,Dry,Daylight,Clear,0,0,85,55,FALSE,41.89618753,-71.37039513
6586,8/28/2007,August,Tuesday,17:40,1,2,0,0,Rear-end,V1: Slowing or stopped in traffic / V2: Slowing or stopped in traffic,V1: N  / V2: N,Dry,Daylight,Clear,0,0,85,55,FALSE,41.92644259,-71.35554103
6587,8/29/2007,August,Wednesday,11:01,1,2,0,0,Rear-end,V1: Backing / V2: Slowing or stopped in traffic,V1: N  / V2: N,Dry,Daylight,Clear,0,0,88,57,FALSE,41.94499002,-71.28111557
6588,8/30/2007,August,Thursday,5:30,1,2,0,0,Rear-end,V1: Travelling straight ahead / V2: Slowing or stopped in traffic,V1: N  / V2: N,Dry,Daylight,Clear,0,0,90,60,FALSE,34.24438675,-73.6513909
6589,8/30/2007,August,Thursday,6:34,2,1,1,0,Single vehicle crash,V1: Travelling straight ahead,V1: N,Dry,Dawn,Clear,0,0,90,60,FALSE,41.95517465,-71.30396867
6590,8/30/2007,August,Thursday,7:50,1,2,0,0,Angle,V1: Backing / V2: Parked,V1: N  / V2: 0,Dry,Daylight,Clear,0,0,90,60,FALSE,34.24438675,-73.6513909
6591,8/30/2007,August,Thursday,8:42,1,2,0,0,Angle,V1: Backing / V2: Travelling straight ahead,V1: N  / V2: E,Dry,Daylight,Clear,0,0,90,60,FALSE,41.92466302,-71.34987256
6592,8/30/2007,August,Thursday,21:15,1,3,0,0,Rear-end,V1: Slowing or stopped in traffic / V2: Slowing or stopped in traffic / V3: Travelling straight ahead,V1: E  / V2: E  / V3: E,Dry,Dark - lighted roadway,Clear,0,0,90,60,FALSE,41.91723587,-71.37241026
6593,8/31/2007,August,Friday,1:36,1,1,0,0,Single vehicle crash,V1: Travelling straight ahead,V1: E,Dry,Dark - lighted roadway,Clear,0.01,0,85,59,FALSE,41.92517263,-71.34865517
6594,8/31/2007,August,Friday,6:48,1,2,0,0,Single vehicle crash,V1: Leaving traffic lane / V2: 0,V1: S  / V2: 0,Dry,Dark - lighted roadway,Clear,0.01,0,85,59,FALSE,41.96032541,-71.29671155
6595,8/31/2007,August,Friday,7:50,2,2,1,0,"Sideswipe, same direction",V1: Travelling straight ahead / V2: Entering traffic lane,V1: W  / V2: W,Dry,Daylight,Clear,0.01,0,85,59,FALSE,41.93408801,-71.29983342
6596,8/31/2007,August,Friday,9:44,1,2,0,0,Angle,V1: Travelling straight ahead / V2: Travelling straight ahead,V1: S  / V2: E,Dry,Daylight,Clear,0.01,0,85,59,FALSE,41.94458656,-71.27648461
6597,8/31/2007,August,Friday,9:44,2,3,2,0,Rear-end,V1: Travelling straight ahead / V2: Slowing or stopped in traffic / V3: Slowing or stopped in traffic,V1: W  / V2: W  / V3: W,Dry,Daylight,Clear,0.01,0,85,59,FALSE,41.95305339,-71.27718856
6598,8/31/2007,August,Friday,16:20,1,2,0,0,Rear-end,V1: Travelling straight ahead / V2: Travelling straight ahead,V1: N  / V2: N,Dry,Daylight,Clear,0.01,0,85,59,FALSE,41.94020584,-71.28460609
6599,8/31/2007,August,Friday,16:30,1,2,0,0,Angle,V1: Travelling straight ahead / V2: Entering traffic lane,V1: W  / V2: N,Dry,Daylight,Clear,0.01,0,85,59,FALSE,41.94444966,-71.2795884
6600,9/1/2007,September,Saturday,0:34,2,1,1,0,Single vehicle crash,V1: Travelling straight ahead,V1: W,Dry,Dark - lighted roadway,Clear,0,0,82,54,FALSE,41.93407793,-71.30561977
6601,9/1/2007,September,Saturday,2:39,1,2,0,0,Angle,V1: Turning left / V2: Travelling straight ahead,V1: W  / V2: S,Dry,Daylight,Clear,0,0,82,54,FALSE,41.91193931,-71.35877489
6602,9/2/2007,September,Sunday,1:10,2,1,1,0,Single vehicle crash,V1: Travelling straight ahead,V1: N,Dry,Dark - lighted roadway,Clear,0,0,80,47,FALSE,41.92706531,-71.29830258
6603,9/2/2007,September,Sunday,2:45,2,2,1,0,Rear-end,V1: Travelling straight ahead / V2: 0,V1: N  / V2: 0,Dry,Dark - 0 roadway lighting,Clear,0,0,80,47,FALSE,34.24438675,-73.6513909
6604,9/3/2007,September,Monday,0:01,2,1,1,0,Single vehicle crash,V1: Travelling straight ahead,V1: N,Dry,Dusk,Clear,0,0,85,57,FALSE,34.24438675,-73.6513909
6605,9/3/2007,September,Monday,15:50,1,3,0,0,Rear-end,V1: Travelling straight ahead / V2: Slowing or stopped in traffic / V3: Slowing or stopped in traffic,V1: N  / V2: N  / V3: N,Dry,Daylight,Clear,0,0,85,57,FALSE,41.91473092,-71.30635943
6606,9/3/2007,September,Monday,20:16,2,2,1,0,Rear-end,V1: Travelling straight ahead / V2: Parked,V1: S  / V2: 0,Dry,Dark - lighted roadway,Clear,0,0,85,57,FALSE,41.93765283,-71.28222221
6607,9/3/2007,September,Monday,21:45,1,2,0,0,"Sideswipe, same direction",V1: Changing lanes / V2: Travelling straight ahead,V1: N  / V2: N,Dry,Daylight,Clear,0,0,85,57,FALSE,41.91619723,-71.35885587
6608,9/5/2007,September,Wednesday,7:40,1,2,0,0,Angle,V1: Turning left / V2: Travelling straight ahead,V1: N  / V2: E,Dry,Daylight,Clear,0,0,80,47,FALSE,41.94379074,-71.29407807
6609,9/5/2007,September,Wednesday,7:56,1,2,0,0,Angle,V1: Entering traffic lane / V2: Travelling straight ahead,V1: N  / V2: E,Dry,Daylight,Cloudy,0,0,80,47,FALSE,41.93400167,-71.31333075
6610,9/6/2007,September,Thursday,12:24,1,2,0,0,Single vehicle crash,V1: Travelling straight ahead / V2: Travelling straight ahead,V1: S  / V2: E,Dry,Daylight,Clear,0,0,76,49,FALSE,41.9472108,-71.28786501
6611,9/7/2007,September,Friday,11:35,2,2,2,0,Angle,V1: Turning left / V2: Travelling straight ahead,V1: E  / V2: N,Dry,Daylight,Clear,0,0,89,64,FALSE,41.93105788,-71.28653129
6612,9/7/2007,September,Friday,15:20,2,2,1,0,Angle,V1: Travelling straight ahead / V2: Turning right,V1: N  / V2: W,Dry,Daylight,Clear,0,0,89,64,FALSE,41.95484304,-71.28856385
6613,9/7/2007,September,Friday,18:09,1,2,0,0,Rear-end,V1: Travelling straight ahead / V2: Travelling straight ahead,V1: W  / V2: W,Dry,Daylight,Clear,0,0,89,64,FALSE,41.93874704,-71.29215576
6614,9/8/2007,September,Saturday,5:00,1,1,0,0,Single vehicle crash,V1: Travelling straight ahead,V1: S,Dry,Dark - roadway not lighted,Clear,0,0,91,68,FALSE,34.24438675,-73.6513909
6615,9/8/2007,September,Saturday,10:39,1,2,0,0,Rear-end,V1: Slowing or stopped in traffic / V2: Slowing or stopped in traffic,V1: 0 / V2: 0,Dry,Daylight,Cloudy,0,0,91,68,FALSE,41.90564759,-71.3566612
6616,9/8/2007,September,Saturday,19:52,1,2,0,0,Angle,V1: Slowing or stopped in traffic / V2: Overtaking/passing,V1: E  / V2: E,Dry,Dark - lighted roadway,Clear,0,0,91,68,FALSE,41.91982212,-71.35857678
6617,9/9/2007,September,Sunday,11:30,1,2,0,0,Angle,V1: Entering traffic lane / V2: Travelling straight ahead,V1: S  / V2: E,Wet,Daylight,Cloudy,0,0,73,59,FALSE,41.92240546,-71.28736593
6618,9/9/2007,September,Sunday,12:48,1,3,0,0,Rear-end,V1: Travelling straight ahead / V2: Travelling straight ahead / V3: Travelling straight ahead,V1: N  / V2: N  / V3: N,Dry,Daylight,Clear,0,0,73,59,FALSE,41.96943895,-71.2914689
6619,9/9/2007,September,Sunday,13:00,2,2,1,0,Rear-end,V1: Slowing or stopped in traffic / V2: Slowing or stopped in traffic,V1: E  / V2: E,Wet,Daylight,Cloudy,0,0,73,59,FALSE,41.93402963,-71.3189917
6620,9/9/2007,September,Sunday,15:45,2,1,1,0,0,V1: Travelling straight ahead,V1: E,Wet,Dusk,Rain,0,0,73,59,FALSE,34.24438675,-73.6513909
6621,9/10/2007,September,Monday,11:44,1,2,0,0,0,V1: Turning left / V2: Turning left,V1: W  / V2: E,Dry,Daylight,Clear,0,0,74,59,FALSE,41.95261148,-71.26978104
6622,9/10/2007,September,Monday,19:51,1,2,0,0,Angle,V1: Travelling straight ahead / V2: Travelling straight ahead,V1: E  / V2: W,Dry,Dark - lighted roadway,Cloudy,0,0,74,59,FALSE,41.89642653,-71.37125251
6623,9/11/2007,September,Tuesday,15:48,1,1,0,0,0,V1: Travelling straight ahead,V1: E,Dry,Daylight,Cloudy,1.85,0,72,61,FALSE,41.96581689,-71.27185301
6624,9/11/2007,September,Tuesday,17:30,1,2,0,0,Rear-end,V1: Travelling straight ahead / V2: Travelling straight ahead,V1: E  / V2: E,Wet,Daylight,Rain,1.85,0,72,61,FALSE,41.89903243,-71.355186
6625,9/12/2007,September,Wednesday,0:01,1,2,0,0,"Sideswipe, same direction",V1: Travelling straight ahead / V2: Travelling straight ahead,V1: 0 / V2: 0,Dry,Dark - lighted roadway,Clear,0,0,76,53,FALSE,41.92068643,-71.29825687
6626,9/12/2007,September,Wednesday,10:44,1,2,0,0,Single vehicle crash,V1: Turning left / V2: Travelling straight ahead,V1: E  / V2: N,Dry,Daylight,Clear,0,0,76,53,FALSE,41.94666472,-71.28742757
6627,9/12/2007,September,Wednesday,13:03,2,2,1,0,Angle,V1: Travelling straight ahead / V2: Travelling straight ahead,V1: E  / V2: S,Dry,Daylight,Clear,0,0,76,53,FALSE,41.94512722,-71.28855145
6628,9/13/2007,September,Thursday,6:55,2,2,1,0,Angle,V1: Turning left / V2: Travelling straight ahead,V1: E  / V2: W,Dry,Daylight,Clear,0,0,76,47,FALSE,41.93405012,-71.31579284
6629,9/13/2007,September,Thursday,14:40,1,2,0,0,Angle,V1: Changing lanes / V2: Travelling straight ahead,V1: S  / V2: S,Dry,Daylight,Clear,0,0,76,47,FALSE,41.91325585,-71.3590575
6630,9/13/2007,September,Thursday,15:00,1,2,0,0,Angle,V1: Turning left / V2: Travelling straight ahead,V1: W  / V2: E,Dry,Daylight,Clear,0,0,76,47,FALSE,34.24438675,-73.6513909
6631,9/13/2007,September,Thursday,15:03,1,2,0,0,Angle,V1: Turning left / V2: Travelling straight ahead,V1: W  / V2: E,Dry,Daylight,Clear,0,0,76,47,FALSE,41.92014284,-71.35719783
6632,9/13/2007,September,Thursday,16:00,1,2,0,0,Rear-end,V1: Travelling straight ahead / V2: Slowing or stopped in traffic,V1: N  / V2: N,Dry,Daylight,Clear,0,0,76,47,FALSE,41.92508738,-71.35628348
6633,9/13/2007,September,Thursday,17:26,1,2,0,0,Angle,V1: Turning left / V2: Travelling straight ahead,V1: S  / V2: W,Dry,Daylight,Clear,0,0,76,47,FALSE,41.95090307,-71.27362606
6634,9/13/2007,September,Thursday,19:28,1,1,0,0,Rear-end,V1: Turning right,V1: 0,Dry,Daylight,Clear,0,0,76,47,FALSE,41.95641427,-71.28800402
6635,9/14/2007,September,Friday,14:10,1,1,0,0,Single vehicle crash,V1: Travelling straight ahead,V1: S,Dry,Daylight,Clear,0,0,76,48,FALSE,41.94217059,-71.28456247
6636,9/15/2007,September,Saturday,8:19,1,1,0,0,Single vehicle crash,V1: Travelling straight ahead,V1: E,Dry,Daylight,Clear,0.26,0,66,49,FALSE,41.95411863,-71.24478886
6637,9/15/2007,September,Saturday,8:54,1,3,0,0,Angle,V1: Entering traffic lane / V2: Travelling straight ahead / V3: Travelling straight ahead,V1: S  / V2: E  / V3: W,Wet,Daylight,Cloudy/Rain,0.26,0,66,49,FALSE,41.94863015,-71.27756145
6638,9/15/2007,September,Saturday,10:04,1,2,0,0,Angle,V1: Entering traffic lane / V2: Travelling straight ahead,V1: W  / V2: S,Wet,Daylight,Cloudy,0.26,0,66,49,FALSE,41.89733197,-71.36979234
6639,9/15/2007,September,Saturday,10:25,1,2,0,0,Angle,V1: Travelling straight ahead / V2: Slowing or stopped in traffic,V1: W  / V2: W,Wet,Daylight,Cloudy,0.26,0,66,49,FALSE,41.91982212,-71.35857678
6640,9/15/2007,September,Saturday,11:09,2,1,1,0,Rear-end,V1: Slowing or stopped in traffic,V1: W,Wet,Daylight,Cloudy/Rain,0.26,0,66,49,FALSE,41.95758521,-71.2963759
6641,9/15/2007,September,Saturday,14:25,1,2,0,0,Rear-end,V1: Slowing or stopped in traffic / V2: Slowing or stopped in traffic,V1: N  / V2: N,Dry,Daylight,Clear,0.26,0,66,49,FALSE,34.24438675,-73.6513909
6642,9/15/2007,September,Saturday,16:37,1,2,0,0,Rear-end,V1: Slowing or stopped in traffic / V2: Slowing or stopped in traffic,V1: N  / V2: N,Dry,Daylight,Clear,0.26,0,66,49,FALSE,41.90231125,-71.35597671
6643,9/16/2007,September,Sunday,5:16,1,1,0,0,Single vehicle crash,V1: Travelling straight ahead,V1: N,Dry,Dark - lighted roadway,Cloudy,0,0,67,42,FALSE,41.93705889,-71.34151048
6644,9/17/2007,September,Monday,10:53,1,2,0,0,Angle,V1: Travelling straight ahead / V2: Travelling straight ahead,V1: S  / V2: W,Dry,Daylight,Clear,0,0,66,38,FALSE,41.93524005,-71.27513601
6645,9/17/2007,September,Monday,11:18,1,3,0,0,Rear-end,V1: Travelling straight ahead / V2: Travelling straight ahead / V3: Travelling straight ahead,V1: S  / V2: S  / V3: S,Dry,Daylight,Clear,0,0,66,38,FALSE,41.93102074,-71.35299718
6646,9/17/2007,September,Monday,14:48,1,3,0,0,Rear-end,V1: Travelling straight ahead / V2: Travelling straight ahead / V3: Travelling straight ahead,V1: N  / V2: N  / V3: N,Dry,Daylight,Clear,0,0,66,38,FALSE,41.9252151,-71.3562277
6647,9/17/2007,September,Monday,18:00,1,2,0,0,Rear-end,V1: Travelling straight ahead / V2: 0,V1: S  / V2: S,Dry,Daylight,Clear,0,0,66,38,FALSE,41.97001836,-71.2913735
6648,9/17/2007,September,Monday,18:02,1,2,0,0,Rear-end,V1: Backing / V2: Slowing or stopped in traffic,V1: S  / V2: S,Dry,Daylight,Clear,0,0,66,38,FALSE,41.91337209,-71.36161888
6649,9/18/2007,September,Tuesday,6:33,1,2,0,0,Angle,V1: Slowing or stopped in traffic / V2: Travelling straight ahead,V1: E  / V2: N,Dry,Daylight,Clear,0,0,69,40,FALSE,41.93840858,-71.28352591
6650,9/18/2007,September,Tuesday,15:00,2,1,1,0,Single vehicle crash,V1: Travelling straight ahead,V1: E,Dry,Daylight,Clear,0,0,69,40,FALSE,41.93402963,-71.3189917
6651,9/18/2007,September,Tuesday,16:11,2,2,1,0,Rear-end,V1: Travelling straight ahead / V2: Slowing or stopped in traffic,V1: S  / V2: S,Dry,Daylight,Clear,0,0,69,40,FALSE,41.95906261,-71.30194545
6652,9/18/2007,September,Tuesday,16:40,1,2,0,0,Rear-end,V1: Travelling straight ahead / V2: Slowing or stopped in traffic,V1: N  / V2: N,Dry,Daylight,Clear,0,0,69,40,FALSE,41.92508738,-71.35628348
6653,9/19/2007,September,Wednesday,13:52,2,2,2,0,Angle,V1: Turning left / V2: Travelling straight ahead,V1: E  / V2: W,Dry,Daylight,Clear,0,0,68,42,FALSE,41.9483337,-71.27794679
6654,9/19/2007,September,Wednesday,15:25,1,2,0,0,Angle,V1: Parked / V2: Backing,V1: 0 / V2: 0,Dry,Daylight,Clear,0,0,68,42,FALSE,41.92961645,-71.29735845
6655,9/19/2007,September,Wednesday,16:29,1,2,0,0,Angle,V1: Turning left / V2: Travelling straight ahead,V1: N  / V2: E,Dry,Daylight,Clear,0,0,68,42,FALSE,41.94757814,-71.27890389
6656,9/20/2007,September,Thursday,8:27,1,2,0,0,"Sideswipe, opposite direction",V1: Backing / V2: Travelling straight ahead,V1: W  / V2: E,Dry,Daylight,Clear,0,0,85,54,FALSE,41.94514221,-71.28447468
6657,9/20/2007,September,Thursday,9:46,1,2,0,0,0,V1: Travelling straight ahead / V2: Turning left,V1: N  / V2: N,Dry,Daylight,Clear,0,0,85,54,FALSE,41.94330896,-71.27265641
6658,9/20/2007,September,Thursday,13:32,2,2,1,0,Angle,V1: Entering traffic lane / V2: Travelling straight ahead,V1: 0 / V2: 0,Dry,Daylight,Clear,0,0,85,54,FALSE,41.95428602,-71.28497548