ID,DATE,Month,Day of week,Crash Time,Crash Severity,Number of Vehicles,Total Nonfatal Injuries,Total Fatal Injuries,Manner of Collision,Vehicle Action Prior to Crash,Vehicle Travel Directions,Road Surface Condition,Ambient Light,Weather Condition,PRCP,SNOW,TMAX,TMIN,Ice,Longtitute,Latitute
6659,9/20/2007,September,Thursday,15:23,1,1,0,0,Single vehicle crash,V1: Travelling straight ahead,V1: W,Dry,Daylight,Clear,0,0,85,54,FALSE,41.91686163,-71.26780166
6660,9/21/2007,September,Friday,10:59,1,1,0,0,Single vehicle crash,V1: Travelling straight ahead,V1: 0,Dry,Daylight,Clear,0,0,82,54,FALSE,41.89869865,-71.36913569
6661,9/22/2007,September,Saturday,12:23,2,3,3,0,Head-on,V1: Travelling straight ahead / V2: Travelling straight ahead / V3: Travelling straight ahead,V1: W  / V2: E  / V3: W,Dry,Dark - lighted roadway,Clear,0,0,80,61,FALSE,41.91554476,-71.3789915
6662,9/22/2007,September,Saturday,20:13,1,1,0,0,Rear-end,V1: Travelling straight ahead,V1: E,Dry,Dark - lighted roadway,Clear,0,0,80,61,FALSE,41.95451461,-71.24992613
6663,9/22/2007,September,Saturday,21:30,0,1,0,0,Single vehicle crash,V1: Turning right,V1: N,Dry,Dark - roadway not lighted,Clear,0,0,80,61,FALSE,41.95503641,-71.30214641
6664,9/23/2007,September,Sunday,5:10,1,2,0,0,Rear-end,V1: Travelling straight ahead / V2: Leaving traffic lane,V1: E  / V2: E,Dry,Dawn,Clear,0,0,80,61,FALSE,41.90529604,-71.33573163
6665,9/23/2007,September,Sunday,17:30,1,4,0,0,Rear-end,V1: Slowing or stopped in traffic / V2: Travelling straight ahead / V3: Travelling straight ahead / V4: Travelling straight ahead,V1: S  / V2: S  / V3: S  / V4: S,Dry,Dark - lighted roadway,Clear,0,0,80,61,FALSE,34.24438675,-73.6513909
6666,9/23/2007,September,Sunday,22:40,1,1,0,0,Single vehicle crash,V1: Travelling straight ahead,V1: N,Dry,Dark - lighted roadway,Clear,0,0,80,61,FALSE,41.90470505,-71.32271487
6667,9/24/2007,September,Monday,8:01,2,2,1,0,Angle,V1: Turning left / V2: Travelling straight ahead,V1: W  / V2: N,Dry,Daylight,Clear,0,0,83,51,FALSE,41.95484304,-71.28856385
6668,9/24/2007,September,Monday,11:23,1,1,0,0,Single vehicle crash,V1: Travelling straight ahead,V1: N,Dry,Daylight,Clear,0,0,83,51,FALSE,41.94450501,-71.28411703
6669,9/24/2007,September,Monday,11:53,1,2,0,0,Angle,V1: Turning left / V2: Travelling straight ahead,V1: E  / V2: S,Dry,Daylight,Clear,0,0,83,51,FALSE,41.95180679,-71.2898592
6670,9/24/2007,September,Monday,13:37,0,2,0,0,Angle,V1: Turning left / V2: Travelling straight ahead,V1: E  / V2: E,Dry,Daylight,Clear,0,0,83,51,FALSE,34.24438675,-73.6513909
6671,9/24/2007,September,Monday,15:50,0,2,0,0,Rear-end,V1: Slowing or stopped in traffic / V2: Slowing or stopped in traffic,V1: S  / V2: S,Dry,Daylight,Clear,0,0,83,51,FALSE,41.90257689,-71.3560405
6672,9/24/2007,September,Monday,16:55,2,2,1,0,Rear-end,V1: Slowing or stopped in traffic / V2: Changing lanes,V1: E  / V2: E,Dry,Daylight,Clear,0,0,83,51,FALSE,41.94450501,-71.28411703
6673,9/24/2007,September,Monday,17:26,1,2,0,0,Angle,V1: Turning left / V2: Turning left,V1: E  / V2: W,Dry,Daylight,Clear,0,0,83,51,FALSE,41.91658346,-71.35875269
6674,9/25/2007,September,Tuesday,14:33,2,2,2,0,Rear-end,V1: Travelling straight ahead / V2: Slowing or stopped in traffic,V1: N  / V2: N,Dry,Daylight,Clear,0,0,88,54,FALSE,41.93023722,-71.28491217
6675,9/25/2007,September,Tuesday,19:40,1,2,0,0,"Sideswipe, same direction",V1: Travelling straight ahead / V2: Parked,V1: E  / V2: 0,Dry,Dark - lighted roadway,Clear,0,0,88,54,FALSE,41.90205059,-71.37096807
6676,9/25/2007,September,Tuesday,22:48,1,1,0,0,Single vehicle crash,V1: Travelling straight ahead,V1: N,Dry,Dark - lighted roadway,Clear,0,0,88,54,FALSE,41.92734177,-71.2850606
6677,9/26/2007,September,Wednesday,10:35,1,2,0,0,"Sideswipe, same direction",V1: Overtaking/passing / V2: Slowing or stopped in traffic,V1: E  / V2: E,Dry,Daylight,Clear,0,0,89,67,FALSE,41.90135727,-71.36921585
6678,9/26/2007,September,Wednesday,11:31,2,2,1,0,Rear-end,V1: Slowing or stopped in traffic / V2: Slowing or stopped in traffic,V1: N  / V2: N,Dry,Daylight,Clear,0,0,89,67,FALSE,41.94413491,-71.27260127
6679,9/26/2007,September,Wednesday,15:43,1,2,0,0,Angle,V1: Travelling straight ahead / V2: Turning left,V1: E  / V2: W,Dry,Daylight,Clear,0,0,89,67,FALSE,41.92241545,-71.31336866
6680,9/27/2007,September,Thursday,9:27,1,2,0,0,Angle,V1: Entering traffic lane / V2: Travelling straight ahead,V1: S  / V2: W,Dry,Daylight,Clear,0.12,0,80,65,FALSE,41.94757814,-71.27890389
6681,9/27/2007,September,Thursday,16:15,2,2,1,0,Angle,V1: Entering traffic lane / V2: Travelling straight ahead,V1: S  / V2: W,Dry,Daylight,Clear,0.12,0,80,65,FALSE,41.94121777,-71.2768631
6682,9/28/2007,September,Friday,9:05,1,2,0,0,Angle,V1: Turning left / V2: Travelling straight ahead,V1: N  / V2: N,Dry,Daylight,Cloudy,0.02,0,80,58,FALSE,41.9412121,-71.28297598
6683,9/28/2007,September,Friday,15:44,1,2,0,0,Rear-end,V1: Travelling straight ahead / V2: Slowing or stopped in traffic,V1: N  / V2: N,Dry,Daylight,Clear,0.02,0,80,58,FALSE,41.95506513,-71.30404233
6684,9/28/2007,September,Friday,16:10,1,2,0,0,"Sideswipe, same direction",V1: Travelling straight ahead / V2: Changing lanes,V1: S  / V2: S,Dry,Daylight,Clear,0.02,0,80,58,FALSE,41.95647016,-71.30368138
6685,9/28/2007,September,Friday,17:37,1,2,0,0,Rear-end,V1: Travelling straight ahead / V2: Slowing or stopped in traffic,V1: N  / V2: N,Dry,Daylight,Clear,0.02,0,80,58,FALSE,41.9551108,-71.30465266
6686,9/28/2007,September,Friday,19:19,1,2,0,0,Angle,V1: Turning left / V2: Travelling straight ahead,V1: W  / V2: W,Dry,Dark - lighted roadway,Clear,0.02,0,80,58,FALSE,41.90221556,-71.34117567
6687,9/28/2007,September,Friday,20:35,1,2,0,0,"Sideswipe, same direction",V1: Turning right / V2: Parked,V1: S  / V2: 0,Dry,Dark - roadway not lighted,Clear,0.02,0,80,58,FALSE,41.94250351,-71.25826352
6688,9/29/2007,September,Saturday,5:55,1,1,0,0,Single vehicle crash,V1: Travelling straight ahead,V1: N,Dry,Dark - roadway not lighted,Clear,0,0,75,54,FALSE,34.24438675,-73.6513909
6689,9/29/2007,September,Saturday,10:10,1,2,0,0,Rear-end,V1: Travelling straight ahead / V2: Slowing or stopped in traffic,V1: E  / V2: E,0,Daylight,Clear,0,0,75,54,FALSE,41.90008101,-71.31953968
6690,9/29/2007,September,Saturday,15:55,0,2,0,0,"Sideswipe, same direction",V1: 0 / V2: 0,V1: S  / V2: S,Dry,Daylight,Clear,0,0,75,54,FALSE,41.90257689,-71.3560405
6691,10/1/2007,October,Monday,1:00,1,2,0,0,0,V1: Travelling straight ahead / V2: Travelling straight ahead,V1: E  / V2: N,Dry,Daylight,Clear,0,0,69,42,FALSE,34.24438675,-73.6513909
6692,10/1/2007,October,Monday,19:13,2,2,1,0,"Sideswipe, same direction",V1: Overtaking/passing / V2: Turning right,V1: S  / V2: S,Dry,Dark - lighted roadway,Clear,0,0,69,42,FALSE,41.90301511,-71.31918365
6693,10/2/2007,October,Tuesday,14:40,1,2,0,0,Angle,V1: Turning left / V2: Travelling straight ahead,V1: S  / V2: N,Dry,Daylight,Cloudy,0,0,75,42,FALSE,41.94629007,-71.27514523
6694,10/2/2007,October,Tuesday,17:00,1,2,0,0,Angle,V1: Backing / V2: Travelling straight ahead,V1: E  / V2: S,Dry,Daylight,Clear,0,0,75,42,FALSE,41.92574856,-71.34157655
6695,10/2/2007,October,Tuesday,20:30,1,2,0,0,Rear-end,V1: Slowing or stopped in traffic / V2: Travelling straight ahead,V1: N  / V2: N,Dry,Daylight,Clear,0,0,75,42,FALSE,41.92521765,-71.28783389
6696,10/4/2007,October,Thursday,17:44,1,2,0,0,Rear-end,V1: Slowing or stopped in traffic / V2: Travelling straight ahead,V1: S  / V2: S,Dry,Daylight,Clear,0,0,85,64,FALSE,34.24438675,-73.6513909
6697,10/4/2007,October,Thursday,17:58,2,1,1,0,Angle,V1: Turning right,V1: E,Dry,Dusk,Clear,0,0,85,64,FALSE,41.95265346,-71.26966754
6698,10/4/2007,October,Thursday,19:20,1,2,0,0,Angle,V1: Turning right / V2: Making U-turn,V1: E  / V2: S,Dry,Dark - lighted roadway,Clear,0,0,85,64,FALSE,34.24438675,-73.6513909
6699,10/5/2007,October,Friday,6:40,1,2,0,0,0,V1: Slowing or stopped in traffic / V2: 0,V1: S  / V2: S,Dry,Dark - roadway not lighted,Clear,0,0,86,61,FALSE,41.93357119,-71.30035285
6700,10/5/2007,October,Friday,16:00,2,3,2,0,Rear-end,V1: Travelling straight ahead / V2: 0 / V3: 0,V1: S  / V2: S  / V3: 0,Dry,Daylight,Clear,0,0,86,61,FALSE,41.9552429,-71.30450333
6701,10/5/2007,October,Friday,20:30,1,2,0,0,Angle,V1: Turning right / V2: Travelling straight ahead,V1: W  / V2: N,Dry,Dark - lighted roadway,Clear,0,0,86,61,FALSE,41.91982212,-71.35857678
6702,10/5/2007,October,Friday,21:48,1,3,0,0,Single vehicle crash,V1: Overtaking/passing / V2: 0 / V3: 0,V1: S  / V2: 0 / V3: 0,Dry,Dark - roadway not lighted,Clear,0,0,86,61,FALSE,34.24438675,-73.6513909
6703,10/5/2007,October,Friday,23:39,1,2,0,0,Angle,V1: Travelling straight ahead / V2: Travelling straight ahead,V1: W  / V2: S,Dry,Dark - lighted roadway,Clear,0,0,86,61,FALSE,41.93269195,-71.32821357
6704,10/6/2007,October,Saturday,8:05,1,1,0,0,"Sideswipe, same direction",V1: Travelling straight ahead,V1: S,Dry,Daylight,Clear,0,0,87,62,FALSE,34.24438675,-73.6513909
6705,10/6/2007,October,Saturday,9:56,1,2,0,0,Rear-end,V1: Travelling straight ahead / V2: Travelling straight ahead,V1: W  / V2: W,Dry,Daylight,Clear,0,0,87,62,FALSE,41.93396377,-71.31987069
6706,10/7/2007,October,Sunday,20:30,1,2,0,0,Rear-end,V1: Travelling straight ahead / V2: Parked,V1: S  / V2: 0,Dry,Dark - lighted roadway,Clear,0,0,71,51,FALSE,41.90721409,-71.37004785
6707,10/8/2007,October,Monday,10:54,1,2,0,0,Angle,V1: Travelling straight ahead / V2: Travelling straight ahead,V1: E  / V2: W,Wet,Daylight,Cloudy,0.41,0,66,50,FALSE,41.90964751,-71.36351027
6708,10/8/2007,October,Monday,16:51,2,2,3,0,Rear-end,V1: Slowing or stopped in traffic / V2: Travelling straight ahead,V1: N  / V2: N,Dry,Daylight,Clear,0.41,0,66,50,FALSE,41.92521765,-71.28783389
6709,10/8/2007,October,Monday,17:16,1,2,0,0,Angle,V1: Turning right / V2: Turning left,V1: 0 / V2: 0,Dry,Daylight,Clear,0.41,0,66,50,FALSE,41.92387717,-71.35158914
6710,10/8/2007,October,Monday,18:25,1,2,0,0,Angle,V1: Turning left / V2: Travelling straight ahead,V1: W  / V2: E,Wet,Dusk,Cloudy,0.41,0,66,50,FALSE,34.24438675,-73.6513909
6711,10/9/2007,October,Tuesday,10:01,1,2,0,0,Rear-end,V1: Slowing or stopped in traffic / V2: Slowing or stopped in traffic,V1: N  / V2: N,Dry,Daylight,Cloudy,0.19,0,64,52,FALSE,34.24438675,-73.6513909
6712,10/9/2007,October,Tuesday,12:15,2,2,2,0,"Sideswipe, same direction",V1: Travelling straight ahead / V2: Changing lanes,V1: N  / V2: N,Wet,Dark - roadway not lighted,Rain,0.19,0,64,52,FALSE,41.9516929,-71.28987774
6713,10/9/2007,October,Tuesday,17:45,1,2,0,0,Rear-end,V1: Travelling straight ahead / V2: Slowing or stopped in traffic,V1: S  / V2: S,Dry,Daylight,Clear,0.19,0,64,52,FALSE,41.92226308,-71.29318434
6714,10/10/2007,October,Wednesday,4:40,1,1,0,0,Single vehicle crash,V1: Turning right,V1: N,Wet,Dark - roadway not lighted,Rain,0.15,0,59,52,FALSE,41.9548297,-71.30196505
6715,10/10/2007,October,Wednesday,5:40,1,2,0,0,Rear-end,V1: Slowing or stopped in traffic / V2: Slowing or stopped in traffic,V1: E  / V2: E,Wet,Dawn,Cloudy,0.15,0,59,52,FALSE,41.94450501,-71.28411703
6716,10/10/2007,October,Wednesday,9:45,1,2,0,0,0,V1: Turning left / V2: Travelling straight ahead,V1: S  / V2: N,Wet,Daylight,Cloudy,0.15,0,59,52,FALSE,41.94140605,-71.28436439
6717,10/10/2007,October,Wednesday,9:48,1,2,0,0,Angle,V1: Turning left / V2: Travelling straight ahead,V1: E  / V2: N,Wet,Daylight,Cloudy,0.15,0,59,52,FALSE,41.94872235,-71.28913727
6718,10/10/2007,October,Wednesday,11:58,1,2,0,0,Rear-end,V1: Travelling straight ahead / V2: Turning left,V1: S  / V2: S,Wet,Daylight,Cloudy/Rain,0.15,0,59,52,FALSE,41.91405904,-71.36127206
6719,10/10/2007,October,Wednesday,12:20,2,1,1,0,Single vehicle crash,V1: Travelling straight ahead,V1: N,Dry,Daylight,Cloudy,0.15,0,59,52,FALSE,41.95502374,-71.30407033
6720,10/11/2007,October,Thursday,7:00,1,2,0,0,Single vehicle crash,V1: Turning left / V2: Parked,V1: N  / V2: 0,Wet,Daylight,Rain,0.19,0,60,56,FALSE,41.93473536,-71.31575754
6721,10/11/2007,October,Thursday,8:14,1,2,0,0,Angle,V1: Turning right / V2: Travelling straight ahead,V1: S  / V2: S,Wet,Daylight,Cloudy/Rain,0.19,0,60,56,FALSE,41.92014284,-71.35719783
6722,10/11/2007,October,Thursday,15:45,2,1,1,0,0,V1: Slowing or stopped in traffic,V1: N,Wet,Daylight,Rain,0.19,0,60,56,FALSE,41.95517465,-71.30396867
6723,10/11/2007,October,Thursday,16:11,0,1,0,0,Single vehicle crash,V1: Entering traffic lane,V1: N,Dry,Daylight,Cloudy,0.19,0,60,56,FALSE,41.95523487,-71.30316882
6724,10/11/2007,October,Thursday,20:22,1,2,0,0,"Sideswipe, same direction",V1: Parked / V2: 0,V1: N  / V2: 0,Wet,Dark - lighted roadway,Cloudy/Rain,0.19,0,60,56,FALSE,34.24438675,-73.6513909
6725,10/12/2007,October,Friday,6:30,2,2,1,0,Rear-end,V1: Slowing or stopped in traffic / V2: Slowing or stopped in traffic,V1: N  / V2: N,Wet,Dawn,Cloudy/Rain,0.05,0,66,43,FALSE,34.24438675,-73.6513909
6726,10/12/2007,October,Friday,20:42,1,2,0,0,Angle,V1: Travelling straight ahead / V2: Turning left,V1: E  / V2: N,Dry,Dark - lighted roadway,Cloudy,0.05,0,66,43,FALSE,41.92111112,-71.35572735
6727,10/13/2007,October,Saturday,5:21,0,1,0,0,Single vehicle crash,V1: Travelling straight ahead,V1: E,Dry,Dark - lighted roadway,Clear,0,0,62,35,FALSE,41.90306882,-71.31911237
6728,10/13/2007,October,Saturday,10:40,2,2,4,0,Angle,V1: Turning left / V2: Travelling straight ahead,V1: N  / V2: S,Dry,Daylight,Clear,0,0,62,35,FALSE,41.91546272,-71.36055879
6729,10/13/2007,October,Saturday,12:55,1,2,0,0,Angle,V1: Entering traffic lane / V2: Travelling straight ahead,V1: S  / V2: 0,Dry,Daylight,Clear,0,0,62,35,FALSE,41.93421769,-71.2996754
6730,10/13/2007,October,Saturday,15:45,2,3,3,0,Rear-end,V1: Slowing or stopped in traffic / V2: Slowing or stopped in traffic / V3: Slowing or stopped in traffic,V1: N  / V2: N  / V3: N,Dry,Daylight,Clear,0,0,62,35,FALSE,41.93623387,-71.28481203
6731,10/13/2007,October,Saturday,15:52,1,2,0,0,Angle,V1: Turning left / V2: Turning left,V1: N  / V2: S,Dry,Daylight,Clear,0,0,62,35,FALSE,41.95451461,-71.24992613
6732,10/14/2007,October,Sunday,1:18,2,8,5,0,"Sideswipe, same direction",V1: 0 / V2: Travelling straight ahead / V3: Travelling straight ahead / V4: Travelling straight ahead / V5: Travelling straight ahead / V6: Slowing or stopped in traffic / V7: Travelling straight ahead / V8: 0,V1: S  / V2: S  / V3: S  / V4: S  / V5: S  / V6: S  / V7: S  / V8: 0,Dry,Dark - roadway not lighted,Clear,0,0,62,37,FALSE,41.90248191,-71.3563601
6733,10/14/2007,October,Sunday,13:04,1,3,0,0,Rear-end,V1: Travelling straight ahead / V2: Travelling straight ahead / V3: Travelling straight ahead,V1: S  / V2: S  / V3: S,Dry,Daylight,Clear,0,0,62,37,FALSE,41.94827902,-71.27801817
6734,10/14/2007,October,Sunday,15:13,1,2,0,0,Single vehicle crash,V1: Travelling straight ahead / V2: 0,V1: S  / V2: 0,Dry,Daylight,Clear,0,0,62,37,FALSE,34.24438675,-73.6513909
6735,10/15/2007,October,Monday,15:17,1,2,0,0,Rear-end,V1: Travelling straight ahead / V2: Slowing or stopped in traffic,V1: S  / V2: S,Dry,Daylight,Clear,0,0,64,35,FALSE,34.24438675,-73.6513909
6736,10/16/2007,October,Tuesday,7:34,1,2,0,0,Angle,V1: Turning left / V2: Travelling straight ahead,V1: S  / V2: N,Dry,Daylight,Clear,0,0,65,39,FALSE,41.91553974,-71.36051813
6737,10/16/2007,October,Tuesday,7:40,1,2,0,0,"Sideswipe, same direction",V1: Travelling straight ahead / V2: Turning left,V1: E  / V2: S,Dry,Daylight,Clear,0,0,65,39,FALSE,34.24438675,-73.6513909
6738,10/16/2007,October,Tuesday,16:20,2,1,1,0,Single vehicle crash,V1: Turning left,V1: 0,Dry,Daylight,Clear,0,0,65,39,FALSE,41.94223087,-71.28669975
6739,10/17/2007,October,Wednesday,15:46,1,2,0,0,0,V1: Travelling straight ahead / V2: Slowing or stopped in traffic,V1: N  / V2: N,Dry,Daylight,Clear,0,0,72,36,FALSE,41.94262835,-71.27478469
6740,10/19/2007,October,Friday,7:13,2,2,2,0,Angle,V1: Slowing or stopped in traffic / V2: Travelling straight ahead,V1: N  / V2: E,Wet,Daylight,Cloudy,0.91,0,71,63,FALSE,41.93223928,-71.29381389
6741,10/19/2007,October,Friday,8:39,1,2,0,0,Rear-end,V1: Travelling straight ahead / V2: Slowing or stopped in traffic,V1: S  / V2: S,Dry,Daylight,Cloudy,0.91,0,71,63,FALSE,34.24438675,-73.6513909
6742,10/19/2007,October,Friday,9:32,1,2,0,0,Rear-end,V1: Slowing or stopped in traffic / V2: Slowing or stopped in traffic,V1: E  / V2: E,Dry,Daylight,Cloudy,0.91,0,71,63,FALSE,41.94213878,-71.28262423
6743,10/19/2007,October,Friday,12:37,1,2,0,0,Angle,V1: Travelling straight ahead / V2: Travelling straight ahead,V1: E  / V2: 0,0,Daylight,Cloudy/Rain,0.91,0,71,63,FALSE,41.94292045,-71.27681606
6744,10/19/2007,October,Friday,14:23,1,2,0,0,Angle,V1: Entering traffic lane / V2: Travelling straight ahead,V1: S  / V2: S,Dry,Daylight,Cloudy,0.91,0,71,63,FALSE,41.94548184,-71.28559201
6745,10/19/2007,October,Friday,16:35,1,3,0,0,Rear-end,V1: Slowing or stopped in traffic / V2: Travelling straight ahead / V3: Travelling straight ahead,V1: W  / V2: W  / V3: W,Wet,Daylight,Cloudy/Rain,0.91,0,71,63,FALSE,41.91711015,-71.37372238
6746,10/19/2007,October,Friday,18:48,0,1,0,0,Angle,V1: Turning left,V1: N,Wet,Dark - lighted roadway,Rain,0.91,0,71,63,FALSE,41.9094124,-71.36265877
6747,10/19/2007,October,Friday,20:30,1,2,0,0,"Sideswipe, opposite direction",V1: Travelling straight ahead / V2: Travelling straight ahead,V1: N  / V2: S,Wet,Dark - lighted roadway,Cloudy/Rain,0.91,0,71,63,FALSE,41.92664815,-71.3453545
6748,10/20/2007,October,Saturday,12:00,1,2,0,0,Rear-end,V1: 0 / V2: Parked,V1: W  / V2: 0,Wet,Dark - lighted roadway,Rain,0.14,0,70,53,FALSE,41.93145239,-71.29667684
6749,10/20/2007,October,Saturday,22:15,2,2,1,0,Angle,V1: Travelling straight ahead / V2: Travelling straight ahead,V1: W  / V2: N,Dry,Dark - lighted roadway,Clear,0.14,0,70,53,FALSE,41.92014284,-71.35719783
6750,10/21/2007,October,Sunday,12:47,1,2,0,0,Angle,V1: Overtaking/passing / V2: Turning left,V1: 0 / V2: 0,Dry,Daylight,Clear,0,0,76,49,FALSE,41.93914809,-71.26698389
6751,10/21/2007,October,Sunday,14:07,2,4,2,0,Rear-end,V1: Travelling straight ahead / V2: Slowing or stopped in traffic / V3: Slowing or stopped in traffic / V4: Slowing or stopped in traffic,V1: S  / V2: S  / V3: S  / V4: S,Dry,Daylight,Clear,0,0,76,49,FALSE,41.91645629,-71.36005657
6752,10/22/2007,October,Monday,14:41,2,3,2,0,Angle,V1: Turning right / V2: Slowing or stopped in traffic / V3: Slowing or stopped in traffic,V1: N  / V2: S  / V3: S,Dry,Daylight,Clear,0,0,82,52,FALSE,41.94470433,-71.2812252
6753,10/22/2007,October,Monday,17:10,2,2,1,0,Angle,V1: Turning left / V2: Travelling straight ahead,V1: 0 / V2: 0,Dry,Daylight,Clear,0,0,82,52,FALSE,41.93370461,-71.30025512
6754,10/23/2007,October,Tuesday,7:31,1,2,0,0,Rear-end,V1: Changing lanes / V2: Travelling straight ahead,V1: E  / V2: E,Dry,Dawn,Cloudy/Rain,0,0,77,61,FALSE,34.24438675,-73.6513909
6755,10/23/2007,October,Tuesday,13:32,1,2,0,0,Angle,V1: Travelling straight ahead / V2: Travelling straight ahead,V1: E  / V2: S,Dry,Daylight,Cloudy,0,0,77,61,FALSE,41.93508565,-71.28489304
6756,10/24/2007,October,Wednesday,10:39,1,2,0,0,Single vehicle crash,V1: Slowing or stopped in traffic / V2: Slowing or stopped in traffic,V1: E  / V2: E,Dry,Daylight,Cloudy/Rain,0.07,0,71,52,FALSE,41.94468022,-71.28325128
6757,10/24/2007,October,Wednesday,11:31,1,1,0,0,Single vehicle crash,V1: Travelling straight ahead,V1: N,Wet,Daylight,Cloudy,0.07,0,71,52,FALSE,41.94808966,-71.28065954
6758,10/24/2007,October,Wednesday,14:24,1,1,0,0,Single vehicle crash,V1: Travelling straight ahead,V1: N,Wet,Daylight,Cloudy,0.07,0,71,52,FALSE,41.94110719,-71.29253847
6759,10/24/2007,October,Wednesday,18:27,2,2,1,0,Angle,V1: Turning left / V2: Travelling straight ahead,V1: W  / V2: N,Dry,Dark - lighted roadway,Cloudy,0.07,0,71,52,FALSE,41.95484304,-71.28856385
6760,10/24/2007,October,Wednesday,19:08,1,2,0,0,Angle,V1: Turning left / V2: Travelling straight ahead,V1: W  / V2: N,Dry,Dark - lighted roadway,Cloudy,0.07,0,71,52,FALSE,41.95484304,-71.28856385
6761,10/25/2007,October,Thursday,7:10,1,2,0,0,Rear-end,V1: Travelling straight ahead / V2: Slowing or stopped in traffic,V1: S  / V2: S,Wet,Daylight,Rain,0.1,0,56,38,FALSE,41.94430701,-71.30913523
6762,10/25/2007,October,Thursday,7:21,1,2,0,0,Rear-end,V1: Travelling straight ahead / V2: Travelling straight ahead,V1: E  / V2: E,Wet,Daylight,Rain,0.1,0,56,38,FALSE,34.24438675,-73.6513909
6763,10/25/2007,October,Thursday,14:38,1,2,0,0,Angle,V1: 0 / V2: 0,V1: 0 / V2: 0,Dry,Daylight,Cloudy,0.1,0,56,38,FALSE,41.93363156,-71.30076394
6764,10/26/2007,October,Friday,19:00,2,1,1,0,Angle,V1: Entering traffic lane,V1: W,Dry,Dark - lighted roadway,Clear,0.01,0,62,36,FALSE,41.92644259,-71.35554103
6765,10/26/2007,October,Friday,19:15,2,2,1,0,Angle,V1: Travelling straight ahead / V2: Travelling straight ahead,V1: N  / V2: E,Dry,Dark - lighted roadway,Cloudy,0.01,0,62,36,FALSE,34.24438675,-73.6513909
6766,10/26/2007,October,Friday,20:31,2,1,1,0,Single vehicle crash,V1: Travelling straight ahead,V1: S,Dry,Dark - roadway not lighted,Clear,0.01,0,62,36,FALSE,41.93392225,-71.31990358
6767,10/27/2007,October,Saturday,5:30,0,1,0,0,0,V1: Other,V1: N,Wet,Dark - roadway not lighted,Rain,0.3,0,69,53,FALSE,41.93409173,-71.31894301
6768,10/27/2007,October,Saturday,10:47,1,2,0,0,Angle,V1: Travelling straight ahead / V2: Travelling straight ahead,V1: S  / V2: W,Dry,Daylight,Cloudy,0.3,0,69,53,FALSE,41.94955733,-71.27636671
6769,10/27/2007,October,Saturday,18:51,2,2,2,0,Angle,V1: Turning left / V2: Travelling straight ahead,V1: W  / V2: E,Wet,Dark - lighted roadway,Cloudy,0.3,0,69,53,FALSE,41.92241545,-71.31336866
6770,10/27/2007,October,Saturday,20:09,1,1,0,0,Single vehicle crash,V1: Travelling straight ahead,V1: E,Wet,Dark - lighted roadway,Cloudy,0.3,0,69,53,FALSE,34.24438675,-73.6513909
6771,10/27/2007,October,Saturday,22:10,1,2,0,0,Angle,V1: Changing lanes / V2: Travelling straight ahead,V1: S  / V2: S,Wet,Dark - lighted roadway,Cloudy/Rain,0.3,0,69,53,FALSE,41.91325585,-71.3590575
6772,10/28/2007,October,Sunday,0:15,2,1,1,0,Head-on,V1: Travelling straight ahead,V1: S,Wet,Dark - lighted roadway,Cloudy,0,0,58,33,FALSE,41.92688249,-71.28546019
6773,10/28/2007,October,Sunday,12:13,1,2,0,0,Angle,V1: Turning left / V2: Travelling straight ahead,V1: W  / V2: N,Dry,Daylight,Clear,0,0,58,33,FALSE,34.24438675,-73.6513909
6774,10/28/2007,October,Sunday,12:58,1,1,0,0,Single vehicle crash,V1: Travelling straight ahead,V1: S,Wet,Dark - lighted roadway,Clear,0,0,58,33,FALSE,41.92664816,-71.3453545
6775,10/28/2007,October,Sunday,14:15,1,2,0,0,Rear-end,V1: Travelling straight ahead / V2: Slowing or stopped in traffic,V1: S  / V2: S,Dry,Daylight,Clear,0,0,58,33,FALSE,41.91429431,-71.25796407
6776,10/29/2007,October,Monday,5:00,1,2,0,0,Rear-end,V1: Slowing or stopped in traffic / V2: Travelling straight ahead,V1: S  / V2: S,Dry,Daylight,Clear,0,0,53,28,TRUE,34.24438675,-73.6513909
6777,10/29/2007,October,Monday,17:01,1,2,0,0,Rear-end,V1: Slowing or stopped in traffic / V2: Travelling straight ahead,V1: S  / V2: S,Dry,Daylight,Clear,0,0,53,28,TRUE,41.90257689,-71.3560405
6778,10/30/2007,October,Tuesday,6:45,1,2,0,0,0,V1: Slowing or stopped in traffic / V2: Slowing or stopped in traffic,V1: W  / V2: W,Dry,Dark - lighted roadway,Clear,0,0,64,31,TRUE,34.24438675,-73.6513909
6779,10/30/2007,October,Tuesday,7:02,1,2,0,0,Angle,V1: Turning left / V2: Overtaking/passing,V1: E  / V2: W,Dry,Daylight,Clear,0,0,64,31,TRUE,41.93608923,-71.296466
6780,10/30/2007,October,Tuesday,16:20,2,2,1,0,Rear-end,V1: Slowing or stopped in traffic / V2: Travelling straight ahead,V1: S  / V2: S,Dry,Daylight,Clear,0,0,64,31,TRUE,41.90257689,-71.3560405