ID,DATE,Month,Day of week,Crash Time,Crash Severity,Number of Vehicles,Total Nonfatal Injuries,Total Fatal Injuries,Manner of Collision,Vehicle Action Prior to Crash,Vehicle Travel Directions,Road Surface Condition,Ambient Light,Weather Condition,PRCP,SNOW,TMAX,TMIN,Ice,Longtitute,Latitute
6781,10/30/2007,October,Tuesday,19:07,1,2,0,0,Angle,V1: Travelling straight ahead / V2: Turning left,V1: N  / V2: N,Dry,Dark - lighted roadway,Clear,0,0,64,31,TRUE,41.944701,-71.2824263
6782,10/30/2007,October,Tuesday,22:12,1,2,0,0,Angle,V1: Travelling straight ahead / V2: Travelling straight ahead,V1: E  / V2: E,Dry,Dark - lighted roadway,Clear,0,0,64,31,TRUE,41.95271308,-71.26950632
6783,10/31/2007,October,Wednesday,6:53,1,2,0,0,Rear-end,V1: Entering traffic lane / V2: Entering traffic lane,V1: E  / V2: E,Dry,Daylight,Clear,0,0,64,33,FALSE,34.24438675,-73.6513909
6784,10/31/2007,October,Wednesday,7:55,1,2,0,0,Angle,V1: Turning left / V2: Slowing or stopped in traffic,V1: N  / V2: S,Dry,Daylight,Clear,0,0,64,33,FALSE,41.9446632,-71.28341486
6785,10/31/2007,October,Wednesday,11:00,3,2,0,2,Angle,V1: Changing lanes / V2: Changing lanes,V1: N  / V2: N,Dry,Daylight,Clear,0,0,64,33,FALSE,41.95531464,-71.30387442
6786,10/31/2007,October,Wednesday,11:56,1,4,0,0,Rear-end,V1: Slowing or stopped in traffic / V2: Slowing or stopped in traffic / V3: Slowing or stopped in traffic / V4: Travelling straight ahead,V1: E  / V2: E  / V3: E  / V4: E,Dry,Daylight,Cloudy,0,0,64,33,FALSE,41.94053218,-71.28967196
6787,10/31/2007,October,Wednesday,12:58,1,2,0,0,Single vehicle crash,V1: Travelling straight ahead / V2: Travelling straight ahead,V1: N  / V2: N,Dry,Daylight,Clear,0,0,64,33,FALSE,41.93403258,-71.31898939
6788,11/1/2007,November,Thursday,6:40,1,2,0,0,Angle,V1: Turning left / V2: Travelling straight ahead,V1: S  / V2: N,Wet,Daylight,Cloudy/Rain,0,0,69,43,FALSE,41.93363156,-71.30076394
6789,11/1/2007,November,Thursday,18:35,1,2,0,0,Rear-end,V1: Travelling straight ahead / V2: Slowing or stopped in traffic,V1: N  / V2: N,Dry,Dark - lighted roadway,Cloudy,0,0,69,43,FALSE,41.90257689,-71.3560405
6790,11/1/2007,November,Thursday,20:19,1,2,0,0,Angle,V1: Turning left / V2: Travelling straight ahead,V1: S  / V2: N,Dry,Dark - lighted roadway,Cloudy,0,0,69,43,FALSE,41.90998013,-71.35802082
6791,11/2/2007,November,Friday,4:30,2,1,1,0,Single vehicle crash,V1: Slowing or stopped in traffic,V1: E,Dry,Daylight,Cloudy,0,0,54,35,FALSE,41.95076301,-71.27397064
6792,11/2/2007,November,Friday,14:35,1,2,0,0,Angle,V1: Travelling straight ahead / V2: Turning left,V1: N  / V2: W,Dry,Daylight,Clear,0,0,54,35,FALSE,41.9186584,-71.35907776
6793,11/2/2007,November,Friday,16:30,1,2,0,0,Rear-end,V1: Travelling straight ahead / V2: Travelling straight ahead,V1: N  / V2: N,Dry,Daylight,Clear,0,0,54,35,FALSE,41.91225342,-71.36218321
6794,11/2/2007,November,Friday,18:41,1,2,0,0,Angle,V1: Entering traffic lane / V2: Travelling straight ahead,V1: E  / V2: E,Dry,Dark - lighted roadway,Clear,0,0,54,35,FALSE,41.94450732,-71.28188317
6795,11/2/2007,November,Friday,22:36,1,1,0,0,Single vehicle crash,V1: 0,V1: S,Dry,Dark - lighted roadway,Cloudy,0,0,54,35,FALSE,34.24438675,-73.6513909
6796,11/3/2007,November,Saturday,1:30,1,1,0,0,Single vehicle crash,V1: Travelling straight ahead,V1: N,Dry,Dark - lighted roadway,Clear,0.88,0,48,42,FALSE,41.90927962,-71.38090727
6797,11/3/2007,November,Saturday,7:49,2,2,2,0,Angle,V1: Travelling straight ahead / V2: Slowing or stopped in traffic,V1: S  / V2: N,Dry,Daylight,Clear,0.88,0,48,42,FALSE,41.94450501,-71.28411703
6798,11/3/2007,November,Saturday,11:09,1,2,0,0,Angle,V1: Travelling straight ahead / V2: Slowing or stopped in traffic,V1: S  / V2: 0,Wet,Daylight,Cloudy/Rain,0.88,0,48,42,FALSE,41.91891266,-71.35896928
6799,11/3/2007,November,Saturday,12:00,2,2,1,0,Angle,V1: Travelling straight ahead / V2: Travelling straight ahead,V1: W  / V2: 0,Wet,Daylight,Cloudy/Rain,0.88,0,48,42,FALSE,41.92241545,-71.31336866
6800,11/3/2007,November,Saturday,13:05,1,2,0,0,Angle,V1: Turning left / V2: Travelling straight ahead,V1: E  / V2: W,Wet,Daylight,Cloudy/Rain,0.88,0,48,42,FALSE,34.24438675,-73.6513909
6801,11/5/2007,November,Monday,6:46,1,2,0,0,Angle,V1: Travelling straight ahead / V2: Travelling straight ahead,V1: E  / V2: N,Dry,Daylight,Clear,0,0,58,30,TRUE,41.90340123,-71.37010127
6802,11/5/2007,November,Monday,10:51,1,1,0,0,Single vehicle crash,V1: Travelling straight ahead,V1: S,Dry,Daylight,Clear,0,0,58,30,TRUE,41.94548184,-71.28559201
6803,11/5/2007,November,Monday,21:00,2,1,1,0,Single vehicle crash,V1: Backing,V1: E,Dry,Dark - lighted roadway,Clear,0,0,58,30,TRUE,41.94625923,-71.28694634
6804,11/6/2007,November,Tuesday,11:27,1,2,0,0,Angle,V1: Entering traffic lane / V2: Travelling straight ahead,V1: E  / V2: S,Wet,Daylight,Rain,0.52,0,57,35,FALSE,41.95261148,-71.26978104
6805,11/6/2007,November,Tuesday,13:21,1,1,0,0,Single vehicle crash,V1: Travelling straight ahead,V1: S,Wet,Daylight,Cloudy/Rain,0.52,0,57,35,FALSE,41.924792,-71.32149392
6806,11/6/2007,November,Tuesday,14:34,1,2,0,0,Head-on,V1: Turning right / V2: Slowing or stopped in traffic,V1: W  / V2: E,Wet,Daylight,Rain,0.52,0,57,35,FALSE,41.93363156,-71.30076394
6807,11/6/2007,November,Tuesday,23:37,0,1,0,0,Single vehicle crash,V1: Travelling straight ahead,V1: N,Wet,Dark - lighted roadway,Clear,0.52,0,57,35,FALSE,41.91095883,-71.36284196
6808,11/7/2007,November,Wednesday,18:16,1,1,0,0,Single vehicle crash,V1: Travelling straight ahead,V1: S,Dry,Dark - lighted roadway,Clear,0,0,53,29,TRUE,41.91463957,-71.35904891
6809,11/7/2007,November,Wednesday,19:29,2,3,1,0,Rear-end,V1: Travelling straight ahead / V2: Slowing or stopped in traffic / V3: Slowing or stopped in traffic,V1: N  / V2: N  / V3: N,Dry,Dark - roadway not lighted,Clear,0,0,53,29,TRUE,41.96926367,-71.2955242
6810,11/9/2007,November,Friday,14:33,1,3,0,0,"Sideswipe, opposite direction",V1: Travelling straight ahead / V2: Travelling straight ahead / V3: Slowing or stopped in traffic,V1: W  / V2: E  / V3: E,Dry,Daylight,Clear,0,0,48,27,TRUE,41.95076301,-71.27397064
6811,11/10/2007,November,Saturday,8:57,1,3,0,0,Angle,V1: Turning left / V2: Travelling straight ahead / V3: Travelling straight ahead,V1: W  / V2: N  / V3: N,Dry,Daylight,Clear,0.03,0,41,28,TRUE,41.90964751,-71.36351027
6812,11/10/2007,November,Saturday,11:11,1,1,0,0,Single vehicle crash,V1: Travelling straight ahead,V1: 0,Wet,Dark - lighted roadway,Rain,0.03,0,41,28,TRUE,41.93919143,-71.28176844
6813,11/10/2007,November,Saturday,13:14,1,2,0,0,Angle,V1: Slowing or stopped in traffic / V2: Turning left,V1: E  / V2: 0,Dry,Daylight,Clear,0.03,0,41,28,TRUE,41.90804202,-71.37220475
6814,11/10/2007,November,Saturday,15:27,2,2,1,0,Angle,V1: Travelling straight ahead / V2: Travelling straight ahead,V1: S  / V2: N,Dry,Daylight,Clear,0.03,0,41,28,TRUE,41.93306281,-71.28502226
6815,11/11/2007,November,Sunday,22:24,1,2,0,0,"Sideswipe, opposite direction",V1: Travelling straight ahead / V2: Travelling straight ahead,V1: S  / V2: N,Dry,Dark - lighted roadway,Clear,0,0,45,23,TRUE,34.24438675,-73.6513909
6816,11/12/2007,November,Monday,20:00,1,2,0,0,Rear-end,V1: Travelling straight ahead / V2: Slowing or stopped in traffic,V1: S  / V2: S,Dry,Dark - lighted roadway,Clear,0.02,0,47,22,TRUE,41.91406937,-71.36126683
6817,11/12/2007,November,Monday,20:04,1,2,0,0,"Sideswipe, same direction",V1: Travelling straight ahead / V2: Parked,V1: E  / V2: 0,Dry,Dark - lighted roadway,Clear,0.02,0,47,22,TRUE,41.91125066,-71.30288899
6818,11/13/2007,November,Tuesday,6:12,2,1,1,0,Single vehicle crash,V1: Travelling straight ahead,V1: S,Wet,Dawn,Rain,0.36,0,60,32,TRUE,41.95524097,-71.30450437
6819,11/13/2007,November,Tuesday,15:49,1,2,0,0,Angle,V1: Turning left / V2: Travelling straight ahead,V1: S  / V2: W,Dry,Daylight,Clear,0.36,0,60,32,TRUE,41.92387717,-71.35158914
6820,11/14/2007,November,Wednesday,7:11,1,2,0,0,Angle,V1: Turning left / V2: Travelling straight ahead,V1: W  / V2: E,Dry,Daylight,Clear,0,0,59,29,TRUE,41.93421769,-71.2996754
6821,11/14/2007,November,Wednesday,8:20,2,2,2,0,Angle,V1: Travelling straight ahead / V2: Travelling straight ahead,V1: S  / V2: W,Dry,Daylight,Clear,0,0,59,29,TRUE,41.94396167,-71.27662963
6822,11/14/2007,November,Wednesday,9:40,1,2,0,0,Rear-end,V1: Slowing or stopped in traffic / V2: Parked,V1: 0 / V2: 0,Dry,Daylight,Clear,0,0,59,29,TRUE,41.94596458,-71.2872729
6823,11/14/2007,November,Wednesday,17:46,2,2,1,0,Angle,V1: Turning left / V2: Travelling straight ahead,V1: S  / V2: N,Dry,Dark - lighted roadway,Clear,0,0,59,29,TRUE,41.91645629,-71.36005657
6824,11/14/2007,November,Wednesday,18:00,1,3,0,0,"Sideswipe, same direction",V1: Overtaking/passing / V2: 0 / V3: Parked,V1: S  / V2: S  / V3: 0,Dry,Dark - lighted roadway,Cloudy,0,0,59,29,TRUE,41.94450501,-71.28411703
6825,11/15/2007,November,Thursday,5:20,1,1,0,0,Single vehicle crash,V1: Slowing or stopped in traffic,V1: W,Wet,Daylight,Rain,0.57,0,66,41,FALSE,41.90941911,-71.36738188
6826,11/15/2007,November,Thursday,9:56,1,2,0,0,Angle,V1: Turning left / V2: Travelling straight ahead,V1: N  / V2: W,Wet,Daylight,Cloudy,0.57,0,66,41,FALSE,41.93403145,-71.31577369
6827,11/15/2007,November,Thursday,14:36,2,2,1,0,Angle,V1: Turning left / V2: Travelling straight ahead,V1: W  / V2: S,Wet,Daylight,Rain,0.57,0,66,41,FALSE,41.90998013,-71.35802082
6828,11/15/2007,November,Thursday,17:20,2,1,1,0,0,V1: Turning left,V1: S,Wet,Dark - lighted roadway,Cloudy/Rain,0.57,0,66,41,FALSE,41.90941911,-71.36738188
6829,11/16/2007,November,Friday,5:50,2,1,1,0,Single vehicle crash,V1: Travelling straight ahead,V1: N,Wet,Dark - lighted roadway,Fog,0.28,0,48,30,TRUE,41.89618753,-71.37039513
6830,11/16/2007,November,Friday,14:35,2,1,1,0,Single vehicle crash,V1: Travelling straight ahead,V1: N,Dry,Daylight,Clear,0.28,0,48,30,TRUE,41.9197629,-71.29885186
6831,11/16/2007,November,Friday,14:35,1,1,0,0,Single vehicle crash,V1: Travelling straight ahead,V1: N,Dry,Daylight,Clear,0.28,0,48,30,TRUE,41.91976971,-71.29884746
6832,11/16/2007,November,Friday,16:35,2,2,2,0,Angle,V1: Travelling straight ahead / V2: Turning left,V1: W  / V2: E,Dry,Dark - lighted roadway,Cloudy,0.28,0,48,30,TRUE,41.93524005,-71.27513601
6833,11/16/2007,November,Friday,17:57,1,2,0,0,Angle,V1: Travelling straight ahead / V2: Turning left,V1: N  / V2: W,Dry,Dark - lighted roadway,Clear,0.28,0,48,30,TRUE,41.91340256,-71.36160362
6834,11/16/2007,November,Friday,21:33,1,2,0,0,Rear-end,V1: Turning right / V2: Turning right,V1: E  / V2: E,Dry,Dark - lighted roadway,Clear,0.28,0,48,30,TRUE,41.93396377,-71.31987069
6835,11/17/2007,November,Saturday,4:45,1,1,0,0,Single vehicle crash,V1: Travelling straight ahead,V1: N,Dry,Dark - lighted roadway,Clear,0,0,43,28,TRUE,41.93073676,-71.34476444
6836,11/17/2007,November,Saturday,12:24,1,2,0,0,"Sideswipe, same direction",V1: Travelling straight ahead / V2: Slowing or stopped in traffic,V1: S  / V2: S,Dry,Daylight,Clear,0,0,43,28,TRUE,41.90286797,-71.31937088
6837,11/17/2007,November,Saturday,21:04,1,2,0,0,Rear-end,V1: Travelling straight ahead / V2: Slowing or stopped in traffic,V1: N  / V2: N,Dry,Dark - lighted roadway,Clear,0,0,43,28,TRUE,41.90998013,-71.35802082
6838,11/18/2007,November,Sunday,13:46,1,2,0,0,Angle,V1: Changing lanes / V2: Travelling straight ahead,V1: S  / V2: S,Wet,Daylight,Rain,0,0,45,25,TRUE,34.24438675,-73.6513909
6839,11/19/2007,November,Monday,13:51,2,2,1,0,Rear-end,V1: Travelling straight ahead / V2: Travelling straight ahead,V1: N  / V2: N,Dry,Daylight,Cloudy,0,0,39,27,TRUE,41.91982212,-71.35857678
6840,11/20/2007,November,Tuesday,15:26,1,2,0,0,Angle,V1: Travelling straight ahead / V2: Turning left,V1: S  / V2: E,Wet,Daylight,Cloudy/Rain,0.12,0.1,40,23,TRUE,41.93305115,-71.24742725
6841,11/20/2007,November,Tuesday,17:26,1,1,0,0,Single vehicle crash,V1: Travelling straight ahead,V1: N,Wet,Dark - lighted roadway,Rain,0.12,0.1,40,23,TRUE,41.94021437,-71.2846055
6842,11/20/2007,November,Tuesday,17:45,1,2,0,0,Angle,V1: Slowing or stopped in traffic / V2: Travelling straight ahead,V1: E  / V2: S,Wet,Dark - lighted roadway,Rain,0.12,0.1,40,23,TRUE,41.94188971,-71.28096806
6843,11/21/2007,November,Wednesday,1:28,2,2,1,0,Rear-end,V1: Leaving traffic lane / V2: Parked,V1: N  / V2: 0,Wet,Dark - lighted roadway,Fog,0.01,0,51,34,FALSE,41.94394039,-71.27250407
6844,11/21/2007,November,Wednesday,5:35,1,1,0,0,Single vehicle crash,V1: Travelling straight ahead,V1: E,Wet,Dark - roadway not lighted,Cloudy/Rain,0.01,0,51,34,FALSE,41.93150481,-71.33366365
6845,11/21/2007,November,Wednesday,6:57,2,2,1,0,Angle,V1: Travelling straight ahead / V2: Travelling straight ahead,V1: E  / V2: W,Wet,Daylight,Clear,0.01,0,51,34,FALSE,41.92241545,-71.31336866
6846,11/21/2007,November,Wednesday,15:03,1,2,0,0,"Sideswipe, same direction",V1: Travelling straight ahead / V2: Changing lanes,V1: S  / V2: S,Dry,Daylight,Cloudy,0.01,0,51,34,FALSE,41.95524097,-71.30450437
6847,11/21/2007,November,Wednesday,16:19,1,2,0,0,Angle,V1: Travelling straight ahead / V2: Slowing or stopped in traffic,V1: N  / V2: W,Wet,Dusk,Cloudy/Rain,0.01,0,51,34,FALSE,41.89733197,-71.36979234
6848,11/22/2007,November,Thursday,7:46,1,1,0,0,Single vehicle crash,V1: Changing lanes,V1: S,Wet,Daylight,Cloudy,0.02,0,65,42,FALSE,34.24438675,-73.6513909
6849,11/22/2007,November,Thursday,7:52,1,1,0,0,Single vehicle crash,V1: Entering traffic lane,V1: N,Wet,Daylight,Rain,0.02,0,65,42,FALSE,41.95517465,-71.30396867
6850,11/22/2007,November,Thursday,12:53,1,2,0,0,Angle,V1: Entering traffic lane / V2: Travelling straight ahead,V1: W  / V2: W,Dry,Daylight,Clear,0.02,0,65,42,FALSE,41.92512641,-71.35642756
6851,11/22/2007,November,Thursday,18:46,2,2,1,0,Angle,V1: Travelling straight ahead / V2: Turning left,V1: E  / V2: W,Dry,Dark - lighted roadway,Cloudy,0.02,0,65,42,FALSE,41.94450501,-71.28411703
6852,11/22/2007,November,Thursday,20:24,1,2,0,0,Angle,V1: Turning left / V2: Travelling straight ahead,V1: N  / V2: W,Wet,Dark - lighted roadway,Cloudy/Rain,0.02,0,65,42,FALSE,41.9374227,-71.29402673
6853,11/23/2007,November,Friday,15:40,1,2,0,0,Angle,V1: Travelling straight ahead / V2: Travelling straight ahead,V1: W  / V2: W,Dry,Daylight,Clear,0,0,42,26,TRUE,41.95130281,-71.27263126
6854,11/23/2007,November,Friday,18:57,1,2,0,0,Rear-end,V1: Slowing or stopped in traffic / V2: Travelling straight ahead,V1: S  / V2: S,Dry,Dark - lighted roadway,Clear,0,0,42,26,TRUE,34.24438675,-73.6513909
6855,11/24/2007,November,Saturday,3:41,2,1,1,0,Single vehicle crash,V1: Travelling straight ahead,V1: N,Dry,Dark - lighted roadway,Clear,0,0,35,18,TRUE,41.9120082,-71.2587778
6856,11/24/2007,November,Saturday,5:13,2,1,1,0,Angle,V1: Turning left,V1: E,Dry,Dark - lighted roadway,Clear,0,0,35,18,TRUE,41.93418328,-71.28388448
6857,11/25/2007,November,Sunday,12:10,1,2,0,0,Rear-end,V1: Travelling straight ahead / V2: Slowing or stopped in traffic,V1: N  / V2: N,Dry,Daylight,Clear,0,0,49,22,TRUE,41.9280973,-71.35436721
6858,11/26/2007,November,Monday,2:05,1,1,0,0,Single vehicle crash,V1: Travelling straight ahead,V1: S,Wet,Dark - roadway not lighted,Cloudy/Rain,0.32,0,59,33,FALSE,41.92315729,-71.259251
6859,11/26/2007,November,Monday,11:30,1,2,0,0,Angle,V1: Turning left / V2: Travelling straight ahead,V1: S  / V2: N,Wet,Daylight,Rain,0.32,0,59,33,FALSE,41.94140605,-71.28436439
6860,11/26/2007,November,Monday,17:00,2,3,2,0,Rear-end,V1: Slowing or stopped in traffic / V2: 0 / V3: Slowing or stopped in traffic,V1: S  / V2: S  / V3: S,Wet,Dusk,Rain,0.32,0,59,33,FALSE,34.24438675,-73.6513909
6861,11/26/2007,November,Monday,17:55,1,2,0,0,Rear-end,V1: Slowing or stopped in traffic / V2: Travelling straight ahead,V1: W  / V2: W,Wet,Dark - lighted roadway,Fog,0.32,0,59,33,FALSE,41.93357119,-71.30035285
6862,11/27/2007,November,Tuesday,7:46,2,2,1,0,Head-on,V1: Turning left / V2: Travelling straight ahead,V1: W  / V2: E,Wet,Daylight,Cloudy,0.15,0,61,37,FALSE,41.9216987,-71.26132039
6863,11/27/2007,November,Tuesday,17:06,1,2,0,0,Rear-end,V1: Travelling straight ahead / V2: Slowing or stopped in traffic,V1: S  / V2: S,Dry,Dark - lighted roadway,Clear,0.15,0,61,37,FALSE,41.94666472,-71.28742757
6864,11/28/2007,November,Wednesday,7:03,2,2,1,0,Rear-end,V1: Travelling straight ahead / V2: Slowing or stopped in traffic,V1: E  / V2: E,Dry,Daylight,Clear,0.01,0,51,33,FALSE,41.9348634,-71.29887283
6865,11/28/2007,November,Wednesday,12:18,1,2,0,0,"Sideswipe, same direction",V1: Turning left / V2: Travelling straight ahead,V1: E  / V2: E,Dry,Daylight,Clear,0.01,0,51,33,FALSE,41.93503657,-71.2848971
6866,11/28/2007,November,Wednesday,12:57,2,2,2,0,Angle,V1: Changing lanes / V2: Travelling straight ahead,V1: E  / V2: E,Dry,Daylight,Clear,0.01,0,51,33,FALSE,41.94861042,-71.27758702
6867,11/28/2007,November,Wednesday,18:00,1,2,0,0,Rear-end,V1: Travelling straight ahead / V2: Slowing or stopped in traffic,V1: W  / V2: 0,Dry,Dark - lighted roadway,Cloudy,0.01,0,51,33,FALSE,41.91711015,-71.37372238
6868,11/29/2007,November,Thursday,7:20,1,2,0,0,Angle,V1: Travelling straight ahead / V2: Travelling straight ahead,V1: N  / V2: E,Dry,Daylight,Cloudy,0,0,46,30,TRUE,41.94499193,-71.27949099
6869,11/29/2007,November,Thursday,12:16,0,1,0,0,Angle,V1: Turning right,V1: W,Dry,Daylight,Cloudy,0,0,46,30,TRUE,41.93597913,-71.28269669
6870,11/29/2007,November,Thursday,16:07,2,1,1,0,Single vehicle crash,V1: Turning left,V1: N,Dry,Daylight,Cloudy,0,0,46,30,TRUE,41.94757814,-71.27890389
6871,11/29/2007,November,Thursday,17:16,1,3,0,0,Rear-end,V1: Travelling straight ahead / V2: Travelling straight ahead / V3: Travelling straight ahead,V1: S  / V2: S  / V3: S,Dry,Dark - lighted roadway,Clear,0,0,46,30,TRUE,41.93118323,-71.29115612
6872,11/30/2007,November,Friday,7:50,2,2,1,0,Angle,V1: Travelling straight ahead / V2: 0,V1: S  / V2: N,Dry,Daylight,Clear,0,0,42,31,TRUE,41.94450501,-71.28411703
6873,12/1/2007,December,Saturday,14:37,2,2,1,0,Rear-end,V1: Travelling straight ahead / V2: Slowing or stopped in traffic,V1: E  / V2: E,Dry,Daylight,Clear,0,0,37,17,TRUE,41.9374227,-71.29402673
6874,12/2/2007,December,Sunday,1:10,2,3,1,0,Angle,V1: Slowing or stopped in traffic / V2: Travelling straight ahead / V3: Travelling straight ahead,V1: 0 / V2: W  / V3: E,Wet,Dark - roadway not lighted,Snow,0.01,0.1,26,17,TRUE,34.24438675,-73.6513909
6875,12/2/2007,December,Sunday,14:09,1,2,0,0,Angle,V1: Changing lanes / V2: Travelling straight ahead,V1: N  / V2: N,Dry,Daylight,Cloudy,0.01,0.1,26,17,TRUE,41.91619723,-71.35885587
6876,12/2/2007,December,Sunday,19:11,1,1,0,0,Single vehicle crash,V1: Travelling straight ahead,V1: E,Snow,Dark - lighted roadway,Snow,0.01,0.1,26,17,TRUE,41.93506562,-71.27645697
6877,12/2/2007,December,Sunday,19:11,1,1,0,0,Single vehicle crash,V1: Entering traffic lane,V1: N,Ice,Dark - roadway not lighted,Snow,0.01,0.1,26,17,TRUE,41.93157704,-71.3209327
6878,12/3/2007,December,Monday,0:38,1,1,0,0,Single vehicle crash,V1: Travelling straight ahead,V1: S,Ice,Dark - roadway not lighted,Rain,0.53,0.5,37,25,TRUE,41.89869798,-71.3691381
6879,12/3/2007,December,Monday,5:15,1,2,0,0,Rear-end,V1: Slowing or stopped in traffic / V2: Travelling straight ahead,V1: N  / V2: N,Snow,Dawn,Snow,0.53,0.5,37,25,TRUE,34.24438675,-73.6513909
6880,12/3/2007,December,Monday,7:17,1,1,0,0,Single vehicle crash,V1: Travelling straight ahead,V1: E,Wet,Daylight,Snow,0.53,0.5,37,25,TRUE,41.90290421,-71.30589116
6881,12/3/2007,December,Monday,12:45,2,2,1,0,Rear-end,V1: Slowing or stopped in traffic / V2: Travelling straight ahead,V1: S  / V2: S,Wet,Daylight,Cloudy,0.53,0.5,37,25,TRUE,34.24438675,-73.6513909
6882,12/3/2007,December,Monday,15:45,2,2,1,0,"Sideswipe, same direction",V1: Changing lanes / V2: Travelling straight ahead,V1: S  / V2: S,Wet,Daylight,Cloudy,0.53,0.5,37,25,TRUE,41.90998013,-71.35802082
6883,12/4/2007,December,Tuesday,16:58,1,2,0,0,"Sideswipe, same direction",V1: Backing / V2: Parked,V1: E  / V2: 0,Dry,Dark - roadway not lighted,Clear,0,0,29,20,TRUE,41.94583927,-71.28621465
6884,12/5/2007,December,Wednesday,16:15,1,2,0,0,Rear-end,V1: Travelling straight ahead / V2: Slowing or stopped in traffic,V1: S  / V2: S,Dry,Daylight,Clear,0,0,33,16,TRUE,41.90964751,-71.36351027
6885,12/6/2007,December,Thursday,7:50,1,2,0,0,Rear-end,V1: 0 / V2: 0,V1: 0 / V2: 0,Dry,Daylight,Cloudy,0,0,32,17,TRUE,34.24438675,-73.6513909
6886,12/6/2007,December,Thursday,8:51,1,2,0,0,Rear-end,V1: Slowing or stopped in traffic / V2: Slowing or stopped in traffic,V1: N  / V2: N,Dry,Daylight,Clear,0,0,32,17,TRUE,41.92446027,-71.28906707
6887,12/6/2007,December,Thursday,16:30,1,2,0,0,Angle,V1: Travelling straight ahead / V2: Travelling straight ahead,V1: S  / V2: E,Dry,Dark - lighted roadway,Clear,0,0,32,17,TRUE,41.92045477,-71.35830028
6888,12/6/2007,December,Thursday,22:34,1,2,0,0,Angle,V1: Overtaking/passing / V2: Turning right,V1: S  / V2: S,Dry,Dark - lighted roadway,Clear,0,0,32,17,TRUE,41.95204979,-71.27503273
6889,12/7/2007,December,Friday,4:54,0,2,0,0,Angle,V1: Travelling straight ahead / V2: Turning left,V1: W  / V2: N,Snow,Dark - roadway not lighted,Snow,0.08,0.8,37,13,TRUE,41.89618753,-71.37039513
6890,12/7/2007,December,Friday,15:59,1,1,0,0,Single vehicle crash,V1: 0,V1: N,Snow,Dusk,Snow,0.08,0.8,37,13,TRUE,41.91698845,-71.26749286
6891,12/7/2007,December,Friday,16:17,1,2,0,0,Angle,V1: Leaving traffic lane / V2: Travelling straight ahead,V1: S  / V2: N,Snow,Dark - lighted roadway,Snow,0.08,0.8,37,13,TRUE,41.94413491,-71.27260127
6892,12/7/2007,December,Friday,16:22,1,1,0,0,Single vehicle crash,V1: Travelling straight ahead,V1: S,Wet,Dark - lighted roadway,Snow,0.08,0.8,37,13,TRUE,41.93640812,-71.34113554
6893,12/7/2007,December,Friday,16:45,1,2,0,0,Angle,V1: Travelling straight ahead / V2: Travelling straight ahead,V1: N  / V2: N,Ice,Dark - lighted roadway,Snow,0.08,0.8,37,13,TRUE,41.91174821,-71.26070495
6894,12/7/2007,December,Friday,16:49,1,2,0,0,Rear-end,V1: Travelling straight ahead / V2: Slowing or stopped in traffic,V1: S  / V2: S,Wet,Dark - lighted roadway,Snow,0.08,0.8,37,13,TRUE,41.92508738,-71.35628348
6895,12/8/2007,December,Saturday,0:02,1,1,0,0,Head-on,V1: Travelling straight ahead,V1: N,Wet,Dark - lighted roadway,Cloudy/Rain,0,0,43,24,TRUE,41.95752482,-71.26943902
6896,12/8/2007,December,Saturday,9:43,1,1,0,0,Single vehicle crash,V1: Travelling straight ahead,V1: S,Wet,Daylight,Clear,0,0,43,24,TRUE,41.94216204,-71.28456625
6897,12/8/2007,December,Saturday,20:23,2,3,1,0,Rear-end,V1: Travelling straight ahead / V2: Slowing or stopped in traffic / V3: Turning left,V1: S  / V2: S  / V3: W,Dry,Dark - lighted roadway,Clear,0,0,43,24,TRUE,41.93742983,-71.26519759
6898,12/9/2007,December,Sunday,12:09,2,1,1,0,Single vehicle crash,V1: Travelling straight ahead,V1: S,Dry,Daylight,Clear,0.16,0,35,23,TRUE,41.9480616,-71.29694801
6899,12/9/2007,December,Sunday,12:22,2,1,2,0,Single vehicle crash,V1: Travelling straight ahead,V1: E,Dry,Daylight,Cloudy,0.16,0,35,23,TRUE,41.93626173,-71.3105497
6900,12/9/2007,December,Sunday,16:59,2,2,1,0,Rear-end,V1: Slowing or stopped in traffic / V2: 0,V1: E  / V2: 0,Dry,Dark - lighted roadway,Cloudy,0.16,0,35,23,TRUE,41.9446645,-71.27702601
6901,12/10/2007,December,Monday,7:58,2,2,2,0,Rear-end,V1: Slowing or stopped in traffic / V2: Slowing or stopped in traffic,V1: S  / V2: S,Ice,Daylight,Rain,0.19,0,32,27,TRUE,34.24438675,-73.6513909
6902,12/11/2007,December,Tuesday,9:03,1,2,0,0,Angle,V1: Entering traffic lane / V2: Travelling straight ahead,V1: E  / V2: E,Dry,Daylight,Clear,0.07,0,37,21,TRUE,34.24438675,-73.6513909
6903,12/12/2007,December,Wednesday,7:56,1,2,0,0,Rear-end,V1: Turning right / V2: Slowing or stopped in traffic,V1: E  / V2: E,Dry,Daylight,Clear,0.02,0,49,26,TRUE,34.24438675,-73.6513909
6904,12/12/2007,December,Wednesday,11:40,1,2,0,0,Rear-end,V1: Slowing or stopped in traffic / V2: Slowing or stopped in traffic,V1: S  / V2: S,Dry,Daylight,Cloudy,0.02,0,49,26,TRUE,41.92508738,-71.35628348