ID,DATE,Month,Day of week,Crash Time,Crash Severity,Number of Vehicles,Total Nonfatal Injuries,Total Fatal Injuries,Manner of Collision,Vehicle Action Prior to Crash,Vehicle Travel Directions,Road Surface Condition,Ambient Light,Weather Condition,PRCP,SNOW,TMAX,TMIN,Ice,Longtitute,Latitute
6905,12/12/2007,December,Wednesday,12:30,1,2,0,0,Rear-end,V1: Slowing or stopped in traffic / V2: Travelling straight ahead,V1: E  / V2: E,Snow,Daylight,Snow,0.02,0,49,26,TRUE,41.95568257,-71.28823954
6906,12/12/2007,December,Wednesday,16:00,0,2,0,0,"Sideswipe, same direction",V1: Parked / V2: 0,V1: 0 / V2: 0,Dry,Daylight,Clear,0.02,0,49,26,TRUE,41.94188971,-71.28096806
6907,12/13/2007,December,Thursday,12:30,1,2,0,0,"Sideswipe, opposite direction",V1: Turning right / V2: Turning left,V1: N  / V2: S,Snow,Daylight,Snow,1.15,11.6,27,23,TRUE,34.24438675,-73.6513909
6908,12/13/2007,December,Thursday,12:31,1,2,0,0,Rear-end,V1: Travelling straight ahead / V2: Travelling straight ahead,V1: E  / V2: E,Snow,Daylight,Snow,1.15,11.6,27,23,TRUE,41.94092053,-71.29443333
6909,12/13/2007,December,Thursday,12:33,2,2,2,0,Rear-end,V1: Slowing or stopped in traffic / V2: Slowing or stopped in traffic,V1: E  / V2: E,Snow,Daylight,Snow,1.15,11.6,27,23,TRUE,41.91982212,-71.35857678
6910,12/13/2007,December,Thursday,12:35,1,2,0,0,Angle,V1: Travelling straight ahead / V2: Travelling straight ahead,V1: 0 / V2: 0,Snow,Daylight,Snow,1.15,11.6,27,23,TRUE,34.24438675,-73.6513909
6911,12/13/2007,December,Thursday,12:44,2,2,1,0,Angle,V1: Turning right / V2: Slowing or stopped in traffic,V1: N  / V2: W,Snow,Daylight,Snow,1.15,11.6,27,23,TRUE,41.96629437,-71.29611848
6912,12/13/2007,December,Thursday,15:15,0,2,0,0,Rear-end,V1: Slowing or stopped in traffic / V2: Slowing or stopped in traffic,V1: E  / V2: E,Dry,Daylight,Snow,1.15,11.6,27,23,TRUE,34.24438675,-73.6513909
6913,12/13/2007,December,Thursday,18:00,1,1,0,0,Single vehicle crash,V1: Travelling straight ahead,V1: W,Snow,Dark - lighted roadway,Rain,1.15,11.6,27,23,TRUE,41.94805883,-71.28083864
6914,12/14/2007,December,Friday,12:57,1,2,0,0,Angle,V1: Travelling straight ahead / V2: Parked,V1: E  / V2: 0,Snow,Daylight,Cloudy,0.02,0.3,41,23,TRUE,41.94600116,-71.28649765
6915,12/14/2007,December,Friday,14:53,1,1,0,0,Single vehicle crash,V1: Travelling straight ahead,V1: E,Wet,Daylight,Cloudy,0.02,0.3,41,23,TRUE,34.24438675,-73.6513909
6916,12/14/2007,December,Friday,16:05,2,2,2,0,Rear-end,V1: Travelling straight ahead / V2: Travelling straight ahead,V1: S  / V2: S,Dry,Daylight,Clear,0.02,0.3,41,23,TRUE,41.95524097,-71.30450437
6917,12/14/2007,December,Friday,17:25,1,3,0,0,Rear-end,V1: Travelling straight ahead / V2: Slowing or stopped in traffic / V3: Slowing or stopped in traffic,V1: N  / V2: N  / V3: N,Wet,Dark - lighted roadway,Clear,0.02,0.3,41,23,TRUE,41.89541252,-71.37076533
6918,12/15/2007,December,Saturday,8:15,1,2,0,0,Angle,V1: Parked / V2: Backing,V1: 0 / V2: 0,0,Daylight,Clear,0,0,31,18,TRUE,41.90914681,-71.28728875
6919,12/15/2007,December,Saturday,11:19,1,2,0,0,"Sideswipe, same direction",V1: Travelling straight ahead / V2: Slowing or stopped in traffic,V1: W  / V2: W,Snow,Daylight,Cloudy,0,0,31,18,TRUE,41.91035947,-71.36314658
6920,12/15/2007,December,Saturday,13:48,1,2,0,0,Angle,V1: Slowing or stopped in traffic / V2: Backing,V1: S  / V2: W,Ice,Daylight,Clear,0,0,31,18,TRUE,34.24438675,-73.6513909
6921,12/15/2007,December,Saturday,14:20,2,3,3,0,Rear-end,V1: Changing lanes / V2: Slowing or stopped in traffic / V3: Slowing or stopped in traffic,V1: E  / V2: E  / V3: E,Dry,Daylight,Cloudy,0,0,31,18,TRUE,34.24438675,-73.6513909
6922,12/15/2007,December,Saturday,16:10,1,2,0,0,Angle,V1: Entering traffic lane / V2: Travelling straight ahead,V1: E  / V2: E,Slush,Dusk,Cloudy,0,0,31,18,TRUE,41.93397764,-71.31903245
6923,12/15/2007,December,Saturday,18:55,1,2,0,0,Angle,V1: Entering traffic lane / V2: Travelling straight ahead,V1: E  / V2: N,Dry,Dark - lighted roadway,Cloudy,0,0,31,18,TRUE,41.91956103,-71.35868991
6924,12/15/2007,December,Saturday,22:15,1,1,0,0,Single vehicle crash,V1: Travelling straight ahead,V1: N,Wet,Dark - lighted roadway,Cloudy,0,0,31,18,TRUE,41.93285056,-71.34277036
6925,12/16/2007,December,Sunday,8:03,1,2,0,0,Rear-end,V1: Turning right / V2: Travelling straight ahead,V1: N  / V2: N,Snow,Daylight,Snow,1.35,6.1,40,21,TRUE,34.24438675,-73.6513909
6926,12/16/2007,December,Sunday,9:00,1,2,0,0,"Sideswipe, same direction",V1: Travelling straight ahead / V2: Parked,V1: E  / V2: 0,Snow,Daylight,Snow,1.35,6.1,40,21,TRUE,41.90812951,-71.26574836
6927,12/16/2007,December,Sunday,9:59,1,2,0,0,Rear-end,V1: Travelling straight ahead / V2: Travelling straight ahead,V1: W  / V2: W,Snow,Daylight,Snow,1.35,6.1,40,21,TRUE,34.24438675,-73.6513909
6928,12/16/2007,December,Sunday,11:14,1,2,0,0,"Sideswipe, opposite direction",V1: Travelling straight ahead / V2: Parked,V1: S  / V2: N,Snow,Daylight,Snow,1.35,6.1,40,21,TRUE,41.93353718,-71.30239725
6929,12/16/2007,December,Sunday,12:37,1,1,0,0,Single vehicle crash,V1: Changing lanes,V1: S,Snow,Daylight,Snow,1.35,6.1,40,21,TRUE,41.95524097,-71.30450437
6930,12/16/2007,December,Sunday,13:30,1,2,0,0,Angle,V1: Entering traffic lane / V2: Travelling straight ahead,V1: S  / V2: E,Snow,Daylight,Snow,1.35,6.1,40,21,TRUE,41.91150222,-71.30398721
6931,12/16/2007,December,Sunday,14:30,1,1,0,0,Single vehicle crash,V1: Travelling straight ahead,V1: W,Snow,Daylight,Snow,1.35,6.1,40,21,TRUE,41.93742983,-71.26519759
6932,12/16/2007,December,Sunday,19:17,2,2,2,0,Rear-end,V1: Slowing or stopped in traffic / V2: Travelling straight ahead,V1: S  / V2: S,Wet,Dark - lighted roadway,Rain,1.35,6.1,40,21,TRUE,41.90857957,-71.36406078
6933,12/16/2007,December,Sunday,20:43,2,1,1,0,Single vehicle crash,V1: Travelling straight ahead,V1: E,Wet,Dark - lighted roadway,Cloudy,1.35,6.1,40,21,TRUE,41.90289783,-71.30592168
6934,12/16/2007,December,Sunday,21:41,1,2,0,0,Angle,V1: Travelling straight ahead / V2: Parked,V1: W  / V2: W,Wet,Dark - lighted roadway,Snow,1.35,6.1,40,21,TRUE,41.94062684,-71.29150562
6935,12/16/2007,December,Sunday,22:45,1,2,0,0,"Sideswipe, same direction",V1: Travelling straight ahead / V2: Travelling straight ahead,V1: E  / V2: W,Ice,Dark - lighted roadway,Cloudy,1.35,6.1,40,21,TRUE,41.94330896,-71.27265641
6936,12/17/2007,December,Monday,7:59,1,2,0,0,Rear-end,V1: Slowing or stopped in traffic / V2: Slowing or stopped in traffic,V1: E  / V2: E,Dry,Daylight,Cloudy,0,0,35,13,TRUE,34.24438675,-73.6513909
6937,12/17/2007,December,Monday,8:23,2,2,1,0,Rear-end,V1: Slowing or stopped in traffic / V2: Travelling straight ahead,V1: E  / V2: E,Dry,Daylight,Clear,0,0,35,13,TRUE,34.24438675,-73.6513909
6938,12/17/2007,December,Monday,16:43,1,2,0,0,Angle,V1: Travelling straight ahead / V2: Changing lanes,V1: N  / V2: E,Wet,Dark - lighted roadway,Clear,0,0,35,13,TRUE,41.89620779,-71.37038397
6939,12/17/2007,December,Monday,17:10,1,2,0,0,Angle,V1: Changing lanes / V2: Travelling straight ahead,V1: E  / V2: E,Ice,Dark - lighted roadway,Clear,0,0,35,13,TRUE,41.94430004,-71.28137659
6940,12/17/2007,December,Monday,19:04,1,2,0,0,Angle,V1: Travelling straight ahead / V2: Travelling straight ahead,V1: W  / V2: N,Ice,Dark - lighted roadway,Clear,0,0,35,13,TRUE,41.93807284,-71.27834941
6941,12/17/2007,December,Monday,19:30,1,1,0,0,Single vehicle crash,V1: Travelling straight ahead,V1: W,Ice,Dark - roadway not lighted,Clear,0,0,35,13,TRUE,41.92172337,-71.33970848
6942,12/17/2007,December,Monday,19:39,1,2,0,0,"Sideswipe, same direction",V1: Travelling straight ahead / V2: Travelling straight ahead,V1: N  / V2: N,Wet,Dark - roadway not lighted,Clear,0,0,35,13,TRUE,41.95531858,-71.30387183
6943,12/18/2007,December,Tuesday,7:48,2,2,1,0,Angle,V1: Travelling straight ahead / V2: Travelling straight ahead,V1: N  / V2: N,Wet,Daylight,Clear,0,0,34,5,TRUE,41.93403258,-71.31898939
6944,12/18/2007,December,Tuesday,11:54,1,2,0,0,Rear-end,V1: Slowing or stopped in traffic / V2: Slowing or stopped in traffic,V1: N  / V2: N,Ice,Daylight,Clear,0,0,34,5,TRUE,41.94361429,-71.27453022
6945,12/18/2007,December,Tuesday,12:45,1,2,0,0,"Sideswipe, opposite direction",V1: Turning left / V2: Travelling straight ahead,V1: N  / V2: S,Wet,Daylight,Clear,0,0,34,5,TRUE,41.94231024,-71.28253433
6946,12/18/2007,December,Tuesday,12:54,1,2,0,0,0,V1: Travelling straight ahead / V2: Slowing or stopped in traffic,V1: 0 / V2: 0,Snow,Daylight,Clear,0,0,34,5,TRUE,41.94458656,-71.27648461
6947,12/18/2007,December,Tuesday,18:00,1,2,0,0,Angle,V1: Backing / V2: Travelling straight ahead,V1: S  / V2: E,Ice,Dark - lighted roadway,Clear,0,0,34,5,TRUE,41.94032815,-71.29086654
6948,12/18/2007,December,Tuesday,18:10,1,2,0,0,Angle,V1: Turning left / V2: Travelling straight ahead,V1: 0 / V2: 0,Wet,Dark - lighted roadway,Cloudy/Rain,0,0,34,5,TRUE,41.95090126,-71.27363051
6949,12/19/2007,December,Wednesday,6:18,1,2,0,0,Head-on,V1: Travelling straight ahead / V2: Changing lanes,V1: N  / V2: N,Dry,Dawn,Clear,0.04,0,39,12,TRUE,34.24438675,-73.6513909
6950,12/19/2007,December,Wednesday,10:25,0,1,0,0,Single vehicle crash,V1: Turning left,V1: 0,Dry,Daylight,Clear,0.04,0,39,12,TRUE,41.94666472,-71.28742757
6951,12/19/2007,December,Wednesday,13:00,1,2,0,0,Angle,V1: Entering traffic lane / V2: Travelling straight ahead,V1: E  / V2: S,Wet,Daylight,Cloudy,0.04,0,39,12,TRUE,41.94696934,-71.27969405
6952,12/19/2007,December,Wednesday,18:45,1,2,0,0,Rear-end,V1: Changing lanes / V2: Travelling straight ahead,V1: S  / V2: S,Wet,Dark - lighted roadway,Cloudy/Rain,0.04,0,39,12,TRUE,41.92644259,-71.35554103
6953,12/19/2007,December,Wednesday,19:00,1,2,0,0,"Sideswipe, same direction",V1: Travelling straight ahead / V2: 0,V1: S  / V2: 0,Wet,Daylight,Rain,0.04,0,39,12,TRUE,34.24438675,-73.6513909
6954,12/19/2007,December,Wednesday,20:04,1,2,0,0,Rear-end,V1: Travelling straight ahead / V2: Travelling straight ahead,V1: E  / V2: E,Wet,Dark - lighted roadway,Rain,0.04,0,39,12,TRUE,41.93394439,-71.3070192
6955,12/20/2007,December,Thursday,2:50,1,2,0,0,0,V1: Backing / V2: Travelling straight ahead,V1: N  / V2: E,Wet,Dusk,Snow,0.25,1.2,34,29,TRUE,41.94586465,-71.2842554
6956,12/20/2007,December,Thursday,5:38,1,2,0,0,"Sideswipe, opposite direction",V1: Travelling straight ahead / V2: Travelling straight ahead,V1: N  / V2: S,Snow,Dark - lighted roadway,Snow,0.25,1.2,34,29,TRUE,41.92637961,-71.34244953
6957,12/20/2007,December,Thursday,16:30,1,1,0,0,Single vehicle crash,V1: Travelling straight ahead,V1: S,Slush,Dark - roadway not lighted,Snow,0.25,1.2,34,29,TRUE,41.92118297,-71.26266426
6958,12/20/2007,December,Thursday,17:15,1,1,0,0,Single vehicle crash,V1: Travelling straight ahead,V1: W,Slush,Dark - 0 roadway lighting,Snow,0.25,1.2,34,29,TRUE,41.92094045,-71.24220175
6959,12/20/2007,December,Thursday,23:05,1,2,0,0,Rear-end,V1: Slowing or stopped in traffic / V2: Travelling straight ahead,V1: S  / V2: S,0,Dark - lighted roadway,Cloudy,0.25,1.2,34,29,TRUE,41.92508738,-71.35628348
6960,12/21/2007,December,Friday,0:32,1,1,0,0,Single vehicle crash,V1: Travelling straight ahead,V1: N,Snow,Dark - lighted roadway,Snow,0.03,0.4,30,25,TRUE,41.91229914,-71.31199689
6961,12/21/2007,December,Friday,8:19,1,2,0,0,Angle,V1: Backing / V2: Travelling straight ahead,V1: N  / V2: S,Snow,Daylight,Cloudy,0.03,0.4,30,25,TRUE,34.24438675,-73.6513909
6962,12/21/2007,December,Friday,9:36,1,2,0,0,Angle,V1: Entering traffic lane / V2: Travelling straight ahead,V1: W  / V2: E,Wet,Daylight,Cloudy,0.03,0.4,30,25,TRUE,41.91982212,-71.35857678
6963,12/21/2007,December,Friday,10:20,1,2,0,0,Rear-end,V1: 0 / V2: 0,V1: N  / V2: N,Wet,Daylight,Rain,0.03,0.4,30,25,TRUE,41.93405012,-71.31579284
6964,12/21/2007,December,Friday,12:30,1,2,0,0,"Sideswipe, same direction",V1: Travelling straight ahead / V2: Travelling straight ahead,V1: S  / V2: S,Wet,Daylight,Cloudy,0.03,0.4,30,25,TRUE,34.24438675,-73.6513909
6965,12/21/2007,December,Friday,14:06,1,2,0,0,Rear-end,V1: Travelling straight ahead / V2: Travelling straight ahead,V1: W  / V2: W,Wet,Daylight,Clear,0.03,0.4,30,25,TRUE,41.94450501,-71.28411703
6966,12/21/2007,December,Friday,14:41,2,2,1,0,Rear-end,V1: Travelling straight ahead / V2: Slowing or stopped in traffic,V1: S  / V2: S,Wet,Daylight,Cloudy,0.03,0.4,30,25,TRUE,41.95338618,-71.28917553
6967,12/21/2007,December,Friday,19:55,1,1,0,0,Single vehicle crash,V1: Travelling straight ahead,V1: S,Dry,Dark - roadway not lighted,Clear,0.03,0.4,30,25,TRUE,41.95475094,-71.30836474
6968,12/22/2007,December,Saturday,6:32,1,2,0,0,Angle,V1: Turning left / V2: Travelling straight ahead,V1: S  / V2: W,Wet,Dawn,Rain,0,0,40,25,TRUE,34.24438675,-73.6513909
6969,12/22/2007,December,Saturday,8:44,1,4,0,0,Angle,V1: Turning left / V2: Parked / V3: Parked / V4: Parked,V1: W  / V2: 0 / V3: 0 / V4: 0,Snow,Daylight,Cloudy,0,0,40,25,TRUE,41.90265951,-71.37563148
6970,12/22/2007,December,Saturday,10:26,1,2,0,0,Angle,V1: Travelling straight ahead / V2: Entering traffic lane,V1: E  / V2: N,Dry,Daylight,Clear,0,0,40,25,TRUE,41.93569218,-71.28018883
6971,12/22/2007,December,Saturday,12:30,1,2,0,0,0,V1: Travelling straight ahead / V2: Changing lanes,V1: S  / V2: S,Dry,Daylight,Clear,0,0,40,25,TRUE,34.24438675,-73.6513909
6972,12/22/2007,December,Saturday,22:42,1,2,0,0,"Sideswipe, opposite direction",V1: Slowing or stopped in traffic / V2: Turning right,V1: S  / V2: 0,Wet,Dark - lighted roadway,Cloudy,0,0,40,25,TRUE,41.90804202,-71.37220475
6973,12/23/2007,December,Sunday,1:20,1,1,0,0,Single vehicle crash,V1: Travelling straight ahead,V1: N,Wet,Dark - lighted roadway,Clear,0.56,0,56,30,TRUE,41.95878653,-71.30912249
6974,12/23/2007,December,Sunday,21:00,1,2,0,0,Angle,V1: Entering traffic lane / V2: Travelling straight ahead,V1: S  / V2: W,Wet,Dark - lighted roadway,Rain,0.56,0,56,30,TRUE,41.95281522,-71.26919414
6975,12/24/2007,December,Monday,1:14,2,2,1,0,Angle,V1: Travelling straight ahead / V2: Travelling straight ahead,V1: N  / V2: W,Dry,Daylight,Clear,0,0,56,32,TRUE,34.24438675,-73.6513909
6976,12/24/2007,December,Monday,9:53,1,2,0,0,Rear-end,V1: Travelling straight ahead / V2: Travelling straight ahead,V1: N  / V2: N,Wet,Daylight,Clear,0,0,56,32,TRUE,41.92644259,-71.35554103
6977,12/24/2007,December,Monday,11:15,1,2,0,0,Angle,V1: Turning left / V2: Travelling straight ahead,V1: N  / V2: E,Dry,Daylight,Clear,0,0,56,32,TRUE,41.94958713,-71.27632093
6978,12/24/2007,December,Monday,11:45,1,1,0,0,Single vehicle crash,V1: Travelling straight ahead,V1: S,Dry,Daylight,Clear,0,0,56,32,TRUE,41.94659232,-71.2754918
6979,12/24/2007,December,Monday,12:45,1,2,0,0,Rear-end,V1: Slowing or stopped in traffic / V2: Slowing or stopped in traffic,V1: N  / V2: N,Dry,Daylight,Clear,0,0,56,32,TRUE,34.24438675,-73.6513909
6980,12/24/2007,December,Monday,13:11,1,3,0,0,Angle,V1: Turning left / V2: Travelling straight ahead / V3: Travelling straight ahead,V1: W  / V2: N  / V3: S,Dry,Daylight,Clear,0,0,56,32,TRUE,41.91035947,-71.36314658
6981,12/24/2007,December,Monday,16:27,1,2,0,0,Angle,V1: Turning right / V2: Turning left,V1: S  / V2: S,Dry,Dusk,Clear,0,0,56,32,TRUE,41.91982212,-71.35857678
6982,12/26/2007,December,Wednesday,0:01,1,2,0,0,"Sideswipe, opposite direction",V1: 0 / V2: Parked,V1: N  / V2: 0,Dry,Dark - roadway not lighted,Cloudy,0.02,0,40,20,TRUE,41.98294069,-71.27103338
6983,12/26/2007,December,Wednesday,13:35,2,2,1,0,Rear-end,V1: Travelling straight ahead / V2: Slowing or stopped in traffic,V1: E  / V2: E,Dry,Dusk,Clear,0.02,0,40,20,TRUE,41.9341021,-71.30369928
6984,12/26/2007,December,Wednesday,17:12,1,2,0,0,Angle,V1: Travelling straight ahead / V2: Turning left,V1: E  / V2: N,Dry,Dark - lighted roadway,Clear,0.02,0,40,20,TRUE,41.91711015,-71.37372238
6985,12/27/2007,December,Thursday,10:47,1,2,0,0,Angle,V1: Turning left / V2: Travelling straight ahead,V1: S  / V2: N,Wet,Daylight,Cloudy/Rain,0.11,0,39,33,FALSE,41.91194929,-71.36233897
6986,12/27/2007,December,Thursday,11:10,1,2,0,0,Rear-end,V1: Travelling straight ahead / V2: Travelling straight ahead,V1: S  / V2: S,Wet,Daylight,Cloudy/Rain,0.11,0,39,33,FALSE,41.93122921,-71.26031618
6987,12/27/2007,December,Thursday,12:19,1,2,0,0,Angle,V1: Entering traffic lane / V2: Travelling straight ahead,V1: E  / V2: S,Wet,Daylight,Cloudy/Rain,0.11,0,39,33,FALSE,41.92913747,-71.35380443
6988,12/27/2007,December,Thursday,13:22,1,2,0,0,"Sideswipe, same direction",V1: Changing lanes / V2: Travelling straight ahead,V1: N  / V2: N,Wet,Daylight,Cloudy/Rain,0.11,0,39,33,FALSE,41.89541252,-71.37076533
6989,12/27/2007,December,Thursday,16:56,1,1,0,0,Single vehicle crash,V1: Travelling straight ahead,V1: E,Snow,Dark - lighted roadway,Rain,0.11,0,39,33,FALSE,41.9123716,-71.26785013
6990,12/27/2007,December,Thursday,18:00,1,2,0,0,Angle,V1: Backing / V2: Parked,V1: E  / V2: W,Wet,Dark - lighted roadway,Rain,0.11,0,39,33,FALSE,41.89788392,-71.36451587
6991,12/27/2007,December,Thursday,23:50,1,2,0,0,"Sideswipe, same direction",V1: Changing lanes / V2: Travelling straight ahead,V1: W  / V2: W,Wet,Dark - lighted roadway,Cloudy,0.11,0,39,33,FALSE,41.94790327,-71.27850864
6992,12/28/2007,December,Friday,6:30,1,1,0,0,Single vehicle crash,V1: Changing lanes,V1: N,Ice,Dark - roadway not lighted,Clear,0,0,48,30,TRUE,41.95475094,-71.30836474
6993,12/28/2007,December,Friday,11:19,2,2,1,0,Angle,V1: Travelling straight ahead / V2: Travelling straight ahead,V1: S  / V2: E,Dry,Daylight,Clear,0,0,48,30,TRUE,41.94458656,-71.27648461
6994,12/28/2007,December,Friday,14:34,1,2,0,0,Single vehicle crash,V1: Entering traffic lane / V2: Travelling straight ahead,V1: 0 / V2: S,Dry,Daylight,Clear,0,0,48,30,TRUE,41.92352256,-71.3569786
6995,12/29/2007,December,Saturday,11:20,1,2,0,0,Angle,V1: Travelling straight ahead / V2: Travelling straight ahead,V1: E  / V2: S,Dry,Daylight,Cloudy,0.29,0,50,29,TRUE,41.93840858,-71.28352591
6996,12/29/2007,December,Saturday,19:20,1,2,0,0,Angle,V1: Parked / V2: Backing,V1: 0 / V2: W,Wet,Dark - lighted roadway,Clear,0.29,0,50,29,TRUE,41.89625205,-71.37035958
6997,12/30/2007,December,Sunday,10:26,1,2,0,0,Angle,V1: Turning right / V2: Turning left,V1: N  / V2: N,Dry,Dawn,Cloudy,0.05,0,43,26,TRUE,41.92508738,-71.35628348
6998,12/31/2007,December,Monday,0:33,1,1,0,0,Single vehicle crash,V1: Travelling straight ahead,V1: S,Wet,Dark - lighted roadway,Rain,0.38,0.2,41,25,TRUE,41.93520524,-71.34137806
6999,12/31/2007,December,Monday,8:29,1,2,0,0,Rear-end,V1: Travelling straight ahead / V2: Slowing or stopped in traffic,V1: E  / V2: E,Wet,Daylight,Snow,0.38,0.2,41,25,TRUE,41.92614915,-71.34628794
7000,12/31/2007,December,Monday,13:10,1,2,0,0,Rear-end,V1: Travelling straight ahead / V2: Slowing or stopped in traffic,V1: N  / V2: N,Dry,Daylight,Clear,0.38,0.2,41,25,TRUE,41.92644259,-71.35554103
7001,12/31/2007,December,Monday,15:50,1,2,0,0,Head-on,V1: Turning left / V2: Travelling straight ahead,V1: W  / V2: E,Dry,Daylight,Clear,0.38,0.2,41,25,TRUE,41.90470505,-71.32271487
7002,12/31/2007,December,Monday,19:36,2,2,3,0,Single vehicle crash,V1: Travelling straight ahead / V2: Turning right,V1: S  / V2: S,Wet,Dark - lighted roadway,Cloudy,0.38,0.2,41,25,TRUE,41.9042759,-71.33728117
7003,1/1/2008,January,Tuesday,17:36,1,1,0,0,Single vehicle crash,V1: Backing,V1: S,Snow,Dark - lighted roadway,Cloudy,0.25,0,39,20,TRUE,41.94563994,-71.27937153
7004,1/2/2008,January,Wednesday,5:32,1,1,0,0,Single vehicle crash,V1: Travelling straight ahead,V1: N,Ice,Dark - lighted roadway,Clear,0,0,32,10,TRUE,41.92233612,-71.29298829
7005,1/2/2008,January,Wednesday,5:50,1,1,0,0,"Sideswipe, same direction",V1: Travelling straight ahead,V1: N,Ice,Dawn,Cloudy,0,0,32,10,TRUE,41.92436673,-71.28923915
7006,1/2/2008,January,Wednesday,10:20,2,2,1,0,0,V1: Travelling straight ahead / V2: Slowing or stopped in traffic,V1: S  / V2: S,Dry,Daylight,Cloudy,0,0,32,10,TRUE,41.90877956,-71.35765064
7007,1/2/2008,January,Wednesday,10:46,1,2,0,0,Rear-end,V1: Travelling straight ahead / V2: Slowing or stopped in traffic,V1: N  / V2: N,Dry,Daylight,Cloudy,0,0,32,10,TRUE,41.96643836,-71.29074265
7008,1/3/2008,January,Thursday,16:33,1,2,0,0,Angle,V1: Travelling straight ahead / V2: Travelling straight ahead,V1: S  / V2: N,Dry,Daylight,Clear,0,0,16,4,TRUE,41.96301795,-71.28861608
7009,1/4/2008,January,Friday,3:10,1,2,0,0,Rear-end,V1: Travelling straight ahead / V2: Travelling straight ahead,V1: S  / V2: E,Dry,Daylight,Clear,0,0,33,3,TRUE,41.94499193,-71.27949099
7010,1/4/2008,January,Friday,10:28,1,1,0,0,Single vehicle crash,V1: Travelling straight ahead,V1: N,Dry,Daylight,Clear,0,0,33,3,TRUE,41.97942082,-71.2791177
7011,1/4/2008,January,Friday,11:25,1,2,0,0,Angle,V1: Travelling straight ahead / V2: Slowing or stopped in traffic,V1: 0 / V2: 0,Dry,Daylight,Clear,0,0,33,3,TRUE,34.24438675,-73.6513909
7012,1/4/2008,January,Friday,20:59,2,1,4,0,Single vehicle crash,V1: Travelling straight ahead,V1: N,Dry,Dark - roadway not lighted,Clear,0,0,33,3,TRUE,41.93403258,-71.31898939
7013,1/5/2008,January,Saturday,10:45,1,2,0,0,Angle,V1: Turning left / V2: Travelling straight ahead,V1: N  / V2: W,Dry,Daylight,Cloudy,0,0,40,25,TRUE,41.9483337,-71.27794679
7014,1/6/2008,January,Sunday,9:45,1,2,0,0,Angle,V1: Turning left / V2: Travelling straight ahead,V1: S  / V2: S,Dry,Daylight,Cloudy,0,0,47,34,FALSE,41.91982212,-71.35857678
7015,1/7/2008,January,Monday,17:43,1,1,0,0,Single vehicle crash,V1: Travelling straight ahead,V1: S,Dry,Dark - roadway not lighted,Clear,0,0,55,35,FALSE,41.92241545,-71.31336866
7016,1/9/2008,January,Wednesday,12:08,1,2,0,0,Angle,V1: Turning left / V2: Travelling straight ahead,V1: N  / V2: S,Dry,Daylight,Clear,0.04,0,58,46,FALSE,41.94757814,-71.27890389
7017,1/9/2008,January,Wednesday,15:34,1,2,0,0,Angle,V1: Travelling straight ahead / V2: Travelling straight ahead,V1: S  / V2: E,Dry,Daylight,Clear,0.04,0,58,46,FALSE,41.93524005,-71.27513601
7018,1/9/2008,January,Wednesday,15:54,2,3,3,0,Rear-end,V1: Travelling straight ahead / V2: Slowing or stopped in traffic / V3: Slowing or stopped in traffic,V1: E  / V2: E  / V3: N,Dry,Daylight,Cloudy,0.04,0,58,46,FALSE,41.93269195,-71.32821357
7019,1/10/2008,January,Thursday,14:33,1,1,0,0,Single vehicle crash,V1: Travelling straight ahead,V1: S,Dry,0,Clear,0,0,50,31,TRUE,41.92152659,-71.26205738
7020,1/11/2008,January,Friday,5:32,1,2,0,0,Rear-end,V1: Slowing or stopped in traffic / V2: Travelling straight ahead,V1: N  / V2: N,Wet,Dark - lighted roadway,Rain,1.19,0,56,34,FALSE,41.9022981,-71.35602289
7021,1/11/2008,January,Friday,10:45,1,3,0,0,Single vehicle crash,V1: Travelling straight ahead / V2: Travelling straight ahead / V3: Travelling straight ahead,V1: S  / V2: S  / V3: S,Wet,Daylight,Clear,1.19,0,56,34,FALSE,41.90782764,-71.34290342
7022,1/11/2008,January,Friday,12:16,1,2,0,0,Rear-end,V1: Travelling straight ahead / V2: Slowing or stopped in traffic,V1: S  / V2: S,Wet,Daylight,Cloudy/Rain,1.19,0,56,34,FALSE,41.969435,-71.291484
7023,1/11/2008,January,Friday,16:29,1,2,0,0,Angle,V1: Entering traffic lane / V2: Travelling straight ahead,V1: E  / V2: 0,Wet,Dark - lighted roadway,Rain,1.19,0,56,34,FALSE,41.93503657,-71.2848971
7024,1/11/2008,January,Friday,17:10,1,2,0,0,Angle,V1: Turning left / V2: Travelling straight ahead,V1: E  / V2: N,Wet,Dark - lighted roadway,Rain,1.19,0,56,34,FALSE,41.9339911,-71.30301574
7025,1/11/2008,January,Friday,18:30,1,2,0,0,Angle,V1: Travelling straight ahead / V2: 0,V1: 0 / V2: 0,Dry,Dark - lighted roadway,Clear,1.19,0,56,34,FALSE,41.89618753,-71.37039513
7026,1/11/2008,January,Friday,18:45,2,2,1,0,Head-on,V1: Travelling straight ahead / V2: Turning left,V1: S  / V2: W,Wet,Dark - lighted roadway,Cloudy/Rain,1.19,0,56,34,FALSE,41.90086769,-71.36799095