ID,DATE,Month,Day of week,Crash Time,Crash Severity,Number of Vehicles,Total Nonfatal Injuries,Total Fatal Injuries,Manner of Collision,Vehicle Action Prior to Crash,Vehicle Travel Directions,Road Surface Condition,Ambient Light,Weather Condition,PRCP,SNOW,TMAX,TMIN,Ice,Longtitute,Latitute
7027,1/12/2008,January,Saturday,11:26,2,3,1,0,Rear-end,V1: Travelling straight ahead / V2: Slowing or stopped in traffic / V3: Slowing or stopped in traffic,V1: E  / V2: E  / V3: E,Dry,Daylight,Clear,0,0,52,29,TRUE,41.92014284,-71.35719783
7028,1/12/2008,January,Saturday,12:00,2,1,2,0,Head-on,V1: Changing lanes,V1: S,Wet,Dark - lighted roadway,Clear,0,0,52,29,TRUE,41.92560002,-71.2872793
7029,1/13/2008,January,Sunday,2:50,1,2,0,0,Rear-end,V1: Travelling straight ahead / V2: Travelling straight ahead,V1: N  / V2: N,Dry,Dark - roadway not lighted,Clear,0,0,46,24,TRUE,41.95531185,-71.30387635
7030,1/13/2008,January,Sunday,12:48,2,2,1,0,Angle,V1: Turning left / V2: Travelling straight ahead,V1: W  / V2: S,Dry,Daylight,Clear,0,0,46,24,TRUE,41.90998013,-71.35802082
7031,1/14/2008,January,Monday,5:00,1,2,0,0,Head-on,V1: Travelling straight ahead / V2: Travelling straight ahead,V1: N  / V2: S,Snow,Dark - roadway not lighted,Snow,1.01,4.6,38,26,TRUE,41.92626872,-71.30738967
7032,1/14/2008,January,Monday,5:09,2,1,1,0,Single vehicle crash,V1: Travelling straight ahead,V1: N,Snow,Dark - lighted roadway,Snow,1.01,4.6,38,26,TRUE,41.94666472,-71.28742757
7033,1/14/2008,January,Monday,8:05,1,2,0,0,Rear-end,V1: Slowing or stopped in traffic / V2: Travelling straight ahead,V1: N  / V2: N,Snow,Daylight,Cloudy,1.01,4.6,38,26,TRUE,34.24438675,-73.6513909
7034,1/14/2008,January,Monday,8:15,1,1,0,0,Single vehicle crash,V1: Travelling straight ahead,V1: E,Snow,Daylight,Snow,1.01,4.6,38,26,TRUE,41.92909945,-71.29030608
7035,1/14/2008,January,Monday,8:47,1,1,0,0,Single vehicle crash,V1: Travelling straight ahead,V1: W,Snow,Daylight,Snow,1.01,4.6,38,26,TRUE,41.92290172,-71.31370902
7036,1/14/2008,January,Monday,9:57,1,1,0,0,Single vehicle crash,V1: Travelling straight ahead,V1: N,Snow,Daylight,Snow,1.01,4.6,38,26,TRUE,41.93849823,-71.31461662
7037,1/14/2008,January,Monday,10:28,1,2,0,0,"Sideswipe, opposite direction",V1: Travelling straight ahead / V2: Parked,V1: S  / V2: 0,Dry,Daylight,Clear,1.01,4.6,38,26,TRUE,41.94365868,-71.27940271
7038,1/14/2008,January,Monday,10:42,1,2,0,0,Head-on,V1: Travelling straight ahead / V2: Travelling straight ahead,V1: E  / V2: W,Snow,Daylight,Snow,1.01,4.6,38,26,TRUE,34.24438675,-73.6513909
7039,1/15/2008,January,Tuesday,7:25,1,2,0,0,Angle,V1: Turning left / V2: Travelling straight ahead,V1: S  / V2: W,Dry,Daylight,Clear,0,0,37,22,TRUE,41.93406554,-71.30574057
7040,1/15/2008,January,Tuesday,11:28,1,2,0,0,Angle,V1: Entering traffic lane / V2: Travelling straight ahead,V1: N  / V2: W,Wet,Daylight,Clear,0,0,37,22,TRUE,41.94570353,-71.28756681
7041,1/15/2008,January,Tuesday,15:39,1,2,0,0,Angle,V1: Turning left / V2: Travelling straight ahead,V1: W  / V2: E,Dry,Daylight,Clear,0,0,37,22,TRUE,41.93402448,-71.31590463
7042,1/15/2008,January,Tuesday,16:44,1,2,0,0,Rear-end,V1: Slowing or stopped in traffic / V2: Slowing or stopped in traffic,V1: S  / V2: 0,"Sand, mud, dirt, oil, gravel",Dusk,Cloudy,0,0,37,22,TRUE,41.92501722,-71.28813319
7043,1/16/2008,January,Wednesday,2:34,1,1,0,0,Angle,V1: Travelling straight ahead,V1: W,Dry,Daylight,Clear,0,0,35,18,TRUE,41.94774809,-71.28390704
7044,1/16/2008,January,Wednesday,3:35,1,1,0,0,Single vehicle crash,V1: Travelling straight ahead,V1: 0,Snow,Dark - roadway not lighted,Snow,0,0,35,18,TRUE,41.91243471,-71.32089796
7045,1/16/2008,January,Wednesday,3:42,1,2,0,0,Angle,V1: Travelling straight ahead / V2: Travelling straight ahead,V1: E  / V2: E,Dry,Daylight,Clear,0,0,35,18,TRUE,41.93421769,-71.2996754
7046,1/16/2008,January,Wednesday,6:39,2,1,1,0,Single vehicle crash,V1: Travelling straight ahead,V1: E,Dry,Dawn,Clear,0,0,35,18,TRUE,41.96799196,-71.27366331
7047,1/16/2008,January,Wednesday,7:02,2,2,1,0,Angle,V1: Travelling straight ahead / V2: Travelling straight ahead,V1: W  / V2: E,Dry,Daylight,Clear,0,0,35,18,TRUE,41.93397921,-71.30659863
7048,1/17/2008,January,Thursday,6:36,1,2,0,0,"Sideswipe, opposite direction",V1: Travelling straight ahead / V2: Travelling straight ahead,V1: N  / V2: S,Dry,Daylight,Clear,0,0,33,13,TRUE,41.94634813,-71.28042658
7049,1/17/2008,January,Thursday,6:40,0,2,0,0,0,V1: Slowing or stopped in traffic / V2: Travelling straight ahead,V1: N  / V2: N,Dry,Dark - 0 roadway lighting,Clear,0,0,33,13,TRUE,41.90423299,-71.34958248
7050,1/17/2008,January,Thursday,7:45,1,2,0,0,Rear-end,V1: Travelling straight ahead / V2: Travelling straight ahead,V1: S  / V2: 0,Dry,Daylight,Clear,0,0,33,13,TRUE,41.90257689,-71.3560405
7051,1/17/2008,January,Thursday,15:11,1,2,0,0,Rear-end,V1: Travelling straight ahead / V2: Slowing or stopped in traffic,V1: N  / V2: N,Dry,Daylight,Cloudy,0,0,33,13,TRUE,41.91920914,-71.35766945
7052,1/17/2008,January,Thursday,16:35,1,2,0,0,Rear-end,V1: Travelling straight ahead / V2: Travelling straight ahead,V1: S  / V2: S,Dry,Dusk,Cloudy,0,0,33,13,TRUE,41.95234013,-71.29601132
7053,1/18/2008,January,Friday,1:11,1,1,0,0,Single vehicle crash,V1: Travelling straight ahead,V1: N,Snow,Dark - lighted roadway,Snow,0.55,0.3,48,30,TRUE,41.92574856,-71.34157655
7054,1/18/2008,January,Friday,1:49,1,1,0,0,Single vehicle crash,V1: Travelling straight ahead,V1: 0,Ice,Dark - lighted roadway,Rain,0.55,0.3,48,30,TRUE,41.911148,-71.281021
7055,1/18/2008,January,Friday,7:05,2,1,1,0,0,V1: Travelling straight ahead,V1: S,Wet,Daylight,Rain,0.55,0.3,48,30,TRUE,41.94398907,-71.28152988
7056,1/18/2008,January,Friday,11:12,1,2,0,0,Angle,V1: Travelling straight ahead / V2: Travelling straight ahead,V1: W  / V2: W,Dry,Daylight,Clear,0.55,0.3,48,30,TRUE,41.93946861,-71.28168616
7057,1/18/2008,January,Friday,11:22,1,2,0,0,Angle,V1: Travelling straight ahead / V2: Turning right,V1: E  / V2: E,Dry,Daylight,Cloudy,0.55,0.3,48,30,TRUE,41.9362546,-71.29613197
7058,1/18/2008,January,Friday,11:37,1,2,0,0,Angle,V1: Entering traffic lane / V2: Travelling straight ahead,V1: E  / V2: S,Wet,Daylight,Clear,0.55,0.3,48,30,TRUE,41.90951957,-71.36357663
7059,1/18/2008,January,Friday,11:51,1,2,0,0,Rear-end,V1: Travelling straight ahead / V2: Slowing or stopped in traffic,V1: N  / V2: N,Dry,Daylight,Clear,0.55,0.3,48,30,TRUE,41.90857957,-71.36406078
7060,1/18/2008,January,Friday,16:20,1,2,0,0,Rear-end,V1: Travelling straight ahead / V2: Slowing or stopped in traffic,V1: N  / V2: N,Dry,Dusk,Clear,0.55,0.3,48,30,TRUE,41.93397473,-71.31648888
7061,1/18/2008,January,Friday,17:26,1,2,0,0,Angle,V1: Travelling straight ahead / V2: Turning left,V1: S  / V2: E,Dry,Dark - lighted roadway,Cloudy,0.55,0.3,48,30,TRUE,41.94625923,-71.28694634
7062,1/18/2008,January,Friday,17:45,2,3,3,0,Rear-end,V1: Slowing or stopped in traffic / V2: Slowing or stopped in traffic / V3: Travelling straight ahead,V1: S  / V2: S  / V3: S,Dry,Dark - roadway not lighted,Clear,0.55,0.3,48,30,TRUE,41.95524097,-71.30450437
7063,1/19/2008,January,Saturday,12:01,1,2,0,0,Rear-end,V1: Turning right / V2: Turning right,V1: W  / V2: W,Dry,Daylight,Clear,0,0,36,26,TRUE,41.93269195,-71.32821357
7064,1/19/2008,January,Saturday,17:11,1,2,0,0,Angle,V1: Turning left / V2: Travelling straight ahead,V1: S  / V2: E,Dry,Dark - lighted roadway,Clear,0,0,36,26,TRUE,41.91982212,-71.35857678
7065,1/19/2008,January,Saturday,23:46,1,2,0,0,Rear-to-rear,V1: Turning right / V2: Backing,V1: N  / V2: 0,Dry,Dark - lighted roadway,Clear,0,0,36,26,TRUE,41.9421547,-71.28739916
7066,1/20/2008,January,Sunday,16:53,1,2,0,0,Rear-end,V1: Travelling straight ahead / V2: Changing lanes,V1: W  / V2: W,Dry,Dusk,Clear,0,0,32,16,TRUE,41.93357675,-71.32360086
7067,1/21/2008,January,Monday,14:03,1,3,0,0,Rear-end,V1: Travelling straight ahead / V2: Slowing or stopped in traffic / V3: Slowing or stopped in traffic,V1: E  / V2: E  / V3: E,Dry,Daylight,Clear,0,0,25,13,TRUE,41.93421769,-71.2996754
7068,1/21/2008,January,Monday,18:35,1,2,0,0,Rear-end,V1: Travelling straight ahead / V2: Slowing or stopped in traffic,V1: N  / V2: N,Dry,Dark - lighted roadway,Clear,0,0,25,13,TRUE,41.90682772,-71.35704387
7069,1/22/2008,January,Tuesday,2:15,1,1,0,0,Single vehicle crash,V1: Turning right,V1: S,Dry,Dark - lighted roadway,Clear,0.09,0,39,12,TRUE,41.94430701,-71.30913523
7070,1/22/2008,January,Tuesday,7:35,2,3,2,0,Angle,V1: Travelling straight ahead / V2: Turning left / V3: Slowing or stopped in traffic,V1: N  / V2: W  / V3: S,Dry,Daylight,Cloudy,0.09,0,39,12,TRUE,41.92014284,-71.35719783
7071,1/22/2008,January,Tuesday,16:25,2,4,1,0,Rear-end,V1: Slowing or stopped in traffic / V2: Travelling straight ahead / V3: Travelling straight ahead / V4: Travelling straight ahead,V1: N  / V2: N  / V3: N  / V4: N,Wet,Daylight,Rain,0.09,0,39,12,TRUE,41.91264859,-71.35897709
7072,1/23/2008,January,Wednesday,0:53,0,1,0,0,Single vehicle crash,V1: Travelling straight ahead,V1: W,Ice,Dark - lighted roadway,Cloudy,0,0,38,22,TRUE,41.96629437,-71.29611848
7073,1/23/2008,January,Wednesday,2:10,2,2,1,0,0,V1: Travelling straight ahead / V2: Turning right,V1: N  / V2: W,Dry,Daylight,Clear,0,0,38,22,TRUE,41.95484304,-71.28856385
7074,1/23/2008,January,Wednesday,12:17,2,1,1,0,Single vehicle crash,V1: Travelling straight ahead,V1: S,Dry,Daylight,Clear,0,0,38,22,TRUE,41.90252249,-71.35622236
7075,1/23/2008,January,Wednesday,15:50,1,2,0,0,Angle,V1: Entering traffic lane / V2: Travelling straight ahead,V1: W  / V2: N,Dry,Daylight,Clear,0,0,38,22,TRUE,41.91386437,-71.36137074
7076,1/23/2008,January,Wednesday,17:57,1,5,0,0,Rear-end,V1: Slowing or stopped in traffic / V2: Slowing or stopped in traffic / V3: Slowing or stopped in traffic / V4: Slowing or stopped in traffic / V5: Travelling straight ahead,V1: S  / V2: S  / V3: S  / V4: S  / V5: S,Dry,Dark - roadway not lighted,Clear,0,0,38,22,TRUE,41.95524097,-71.30450437
7077,1/24/2008,January,Thursday,8:56,1,2,0,0,"Sideswipe, same direction",V1: Travelling straight ahead / V2: Travelling straight ahead,V1: S  / V2: S,Dry,Daylight,Clear,0,0,31,17,TRUE,41.94055065,-71.29134537
7078,1/24/2008,January,Thursday,16:15,1,2,0,0,Rear-end,V1: Slowing or stopped in traffic / V2: Slowing or stopped in traffic,V1: N  / V2: N,Dry,Dusk,Clear,0,0,31,17,TRUE,41.91982212,-71.35857678
7079,1/25/2008,January,Friday,15:27,1,2,0,0,Angle,V1: Turning left / V2: Travelling straight ahead,V1: W  / V2: S,Dry,Daylight,Clear,0,0,31,13,TRUE,41.91035947,-71.36314658
7080,1/27/2008,January,Sunday,6:30,2,2,2,0,Rear-end,V1: Slowing or stopped in traffic / V2: Travelling straight ahead,V1: S  / V2: E,Wet,Dark - 0 roadway lighting,Rain,0.08,1,32,24,TRUE,41.93397801,-71.31891093
7081,1/27/2008,January,Sunday,10:16,1,2,0,0,Rear-end,V1: Slowing or stopped in traffic / V2: Slowing or stopped in traffic,V1: W  / V2: W,Snow,Daylight,Snow,0.08,1,32,24,TRUE,41.89880429,-71.37713636
7082,1/27/2008,January,Sunday,10:49,1,2,0,0,Angle,V1: Travelling straight ahead / V2: Travelling straight ahead,V1: W  / V2: E,Snow,Daylight,Snow,0.08,1,32,24,TRUE,34.24438675,-73.6513909
7083,1/27/2008,January,Sunday,10:57,1,1,0,0,Single vehicle crash,V1: Travelling straight ahead,V1: S,Snow,Daylight,Snow,0.08,1,32,24,TRUE,41.95234013,-71.29601132
7084,1/27/2008,January,Sunday,10:58,1,1,0,0,Single vehicle crash,V1: Turning left,V1: E,Snow,Daylight,Cloudy/Rain,0.08,1,32,24,TRUE,41.89804027,-71.37674712
7085,1/27/2008,January,Sunday,11:38,2,2,1,0,"Sideswipe, opposite direction",V1: Travelling straight ahead / V2: 0,V1: 0 / V2: 0,Snow,Daylight,Snow,0.08,1,32,24,TRUE,41.89642653,-71.37125251
7086,1/27/2008,January,Sunday,11:58,1,2,0,0,"Sideswipe, same direction",V1: Overtaking/passing / V2: Turning right,V1: E  / V2: E,Snow,Daylight,Snow,0.08,1,32,24,TRUE,41.94399921,-71.28482077
7087,1/27/2008,January,Sunday,12:45,1,1,0,0,Single vehicle crash,V1: Travelling straight ahead,V1: W,Snow,Daylight,Snow,0.08,1,32,24,TRUE,41.94612877,-71.27715097
7088,1/27/2008,January,Sunday,14:37,1,2,0,0,Rear-end,V1: Travelling straight ahead / V2: Slowing or stopped in traffic,V1: S  / V2: 0,Snow,Daylight,Snow,0.08,1,32,24,TRUE,41.91033515,-71.26561202
7089,1/27/2008,January,Sunday,16:38,1,2,0,0,"Sideswipe, opposite direction",V1: Travelling straight ahead / V2: Travelling straight ahead,V1: 0 / V2: 0,Ice,Dusk,Snow,0.08,1,32,24,TRUE,41.93164315,-71.24510822
7090,1/27/2008,January,Sunday,17:46,1,1,0,0,Single vehicle crash,V1: Turning right,V1: E,Ice,Dark - lighted roadway,Snow,0.08,1,32,24,TRUE,41.90572177,-71.31732537
7091,1/27/2008,January,Sunday,18:20,1,1,0,0,Single vehicle crash,V1: Travelling straight ahead,V1: N,Ice,Dark - lighted roadway,Snow,0.08,1,32,24,TRUE,34.24438675,-73.6513909
7092,1/27/2008,January,Sunday,18:53,1,2,0,0,Angle,V1: Other / V2: Travelling straight ahead,V1: S  / V2: E,Snow,Dark - lighted roadway,Snow,0.08,1,32,24,TRUE,41.90974498,-71.29752079
7093,1/28/2008,January,Monday,5:39,1,1,0,0,Single vehicle crash,V1: Travelling straight ahead,V1: N,Wet,Dark - roadway not lighted,Clear,0,0,42,22,TRUE,41.95517465,-71.30396867
7094,1/28/2008,January,Monday,8:10,2,2,1,0,"Sideswipe, same direction",V1: Slowing or stopped in traffic / V2: Entering traffic lane,V1: S  / V2: W,Ice,Daylight,Rain,0,0,42,22,TRUE,41.9552429,-71.30450333
7095,1/28/2008,January,Monday,15:00,1,1,0,0,Single vehicle crash,V1: Travelling straight ahead,V1: 0,Dry,Daylight,Clear,0,0,42,22,TRUE,41.93560732,-71.27354181
7096,1/28/2008,January,Monday,16:02,1,2,0,0,Rear-end,V1: Travelling straight ahead / V2: Slowing or stopped in traffic,V1: 0 / V2: 0,"Sand, mud, dirt, oil, gravel",Daylight,Clear,0,0,42,22,TRUE,41.93549621,-71.27895129
7097,1/28/2008,January,Monday,17:30,1,2,0,0,Rear-end,V1: Slowing or stopped in traffic / V2: Slowing or stopped in traffic,V1: N  / V2: N,Dry,Dark - roadway not lighted,Clear,0,0,42,22,TRUE,34.24438675,-73.6513909
7098,1/29/2008,January,Tuesday,21:45,1,2,0,0,Angle,V1: Turning left / V2: Travelling straight ahead,V1: N  / V2: W,Dry,Dark - lighted roadway,Cloudy,0,0,47,22,TRUE,41.93779791,-71.29348849
7099,1/30/2008,January,Wednesday,17:24,1,2,0,0,"Sideswipe, same direction",V1: Overtaking/passing / V2: Turning left,V1: 0 / V2: 0,Dry,Dark - lighted roadway,Clear,0.09,0,49,26,TRUE,41.94160377,-71.26928268
7100,1/30/2008,January,Wednesday,22:35,1,2,0,0,Angle,V1: Turning left / V2: Travelling straight ahead,V1: E  / V2: N,Dry,Dark - lighted roadway,Clear,0.09,0,49,26,TRUE,41.92644259,-71.35554103
7101,1/31/2008,January,Thursday,8:12,1,2,0,0,Angle,V1: Turning left / V2: Travelling straight ahead,V1: S  / V2: N,Dry,Daylight,Clear,0,0,38,21,TRUE,41.94140605,-71.28436439
7102,1/31/2008,January,Thursday,15:44,1,2,0,0,Angle,V1: Travelling straight ahead / V2: Travelling straight ahead,V1: W  / V2: N,Dry,Daylight,Clear,0,0,38,21,TRUE,41.94019537,-71.27660007
7103,1/31/2008,January,Thursday,15:44,1,2,0,0,Angle,V1: Entering traffic lane / V2: 0,V1: W  / V2: N,Dry,Daylight,Clear,0,0,38,21,TRUE,41.94019537,-71.27660007
7104,1/31/2008,January,Thursday,16:12,1,2,0,0,Angle,V1: Travelling straight ahead / V2: Entering traffic lane,V1: N  / V2: W,Dry,Daylight,Clear,0,0,38,21,TRUE,41.93732881,-71.28475709
7105,1/31/2008,January,Thursday,17:20,1,2,0,0,"Sideswipe, same direction",V1: Changing lanes / V2: Slowing or stopped in traffic,V1: N  / V2: N,Dry,Dark - lighted roadway,Cloudy,0,0,38,21,TRUE,41.91325585,-71.3590575
7106,2/1/2008,February,Friday,7:54,1,2,0,0,Angle,V1: Travelling straight ahead / V2: Travelling straight ahead,V1: 0 / V2: 0,Dry,Daylight,Clear,1.1,0,58,20,TRUE,41.9483337,-71.27794679
7107,2/1/2008,February,Friday,9:01,0,1,0,0,Single vehicle crash,V1: Travelling straight ahead,V1: E,Dry,Daylight,Cloudy,1.1,0,58,20,TRUE,41.92459809,-71.35412502
7108,2/1/2008,February,Friday,13:14,1,2,0,0,Angle,V1: Travelling straight ahead / V2: 0,V1: W  / V2: N,Wet,Daylight,Rain,1.1,0,58,20,TRUE,41.94444966,-71.2795884
7109,2/2/2008,February,Saturday,10:26,1,2,0,0,Angle,V1: Travelling straight ahead / V2: Travelling straight ahead,V1: N  / V2: W,Dry,Daylight,Cloudy,0,0,50,37,FALSE,41.94470433,-71.2812252
7110,2/2/2008,February,Saturday,15:36,1,2,0,0,Rear-end,V1: Travelling straight ahead / V2: Slowing or stopped in traffic,V1: S  / V2: S,Dry,Daylight,Clear,0,0,50,37,FALSE,41.9552176,-71.30452042
7111,2/2/2008,February,Saturday,18:00,1,2,0,0,0,V1: Travelling straight ahead / V2: Turning right,V1: W  / V2: W,Dry,Dark - lighted roadway,Clear,0,0,50,37,FALSE,41.93405012,-71.31579284
7112,2/3/2008,February,Sunday,13:47,1,2,0,0,Angle,V1: Entering traffic lane / V2: Travelling straight ahead,V1: E  / V2: S,Dry,Daylight,Clear,0,0,47,29,TRUE,41.91982212,-71.35857678
7113,2/4/2008,February,Monday,5:39,2,2,2,0,Angle,V1: Travelling straight ahead / V2: Travelling straight ahead,V1: S  / V2: W,Dry,Dark - lighted roadway,Clear,0,0,39,25,TRUE,41.93806227,-71.29125944
7114,2/5/2008,February,Tuesday,14:18,2,2,1,0,Angle,V1: Turning left / V2: Travelling straight ahead,V1: S  / V2: 0,Dry,Daylight,Cloudy,0.36,0,47,34,FALSE,41.91095882,-71.36284196
7115,2/5/2008,February,Tuesday,15:05,2,2,2,0,"Sideswipe, same direction",V1: Changing lanes / V2: Travelling straight ahead,V1: N  / V2: N,Dry,Daylight,Clear,0.36,0,47,34,FALSE,41.93402963,-71.3189917
7116,2/5/2008,February,Tuesday,15:10,1,2,0,0,"Sideswipe, same direction",V1: Turning left / V2: Travelling straight ahead,V1: E  / V2: N,Wet,Daylight,Cloudy/Rain,0.36,0,47,34,FALSE,41.94872235,-71.28913727
7117,2/6/2008,February,Wednesday,7:00,0,2,0,0,Rear-end,V1: Slowing or stopped in traffic / V2: Turning right,V1: N  / V2: N,Wet,Dark - lighted roadway,Rain,0.74,0,44,36,FALSE,34.24438675,-73.6513909
7118,2/6/2008,February,Wednesday,7:29,1,2,0,0,Angle,V1: Travelling straight ahead / V2: Turning left,V1: N  / V2: S,Wet,Daylight,Rain,0.74,0,44,36,FALSE,41.93421769,-71.2996754
7119,2/6/2008,February,Wednesday,8:42,1,2,0,0,Angle,V1: Travelling straight ahead / V2: Travelling straight ahead,V1: W  / V2: W,Wet,Daylight,Cloudy/Rain,0.74,0,44,36,FALSE,41.93358571,-71.32352844
7120,2/6/2008,February,Wednesday,16:04,1,2,0,0,Angle,V1: Travelling straight ahead / V2: Turning left,V1: S  / V2: N,Dry,Daylight,Cloudy,0.74,0,44,36,FALSE,41.95082863,-71.27380922
7121,2/8/2008,February,Friday,3:50,1,1,0,0,Single vehicle crash,V1: Other,V1: N,Wet,Dark - roadway not lighted,Rain,0.06,0.6,31,24,TRUE,41.95419,-71.302082
7122,2/8/2008,February,Friday,9:00,1,2,0,0,Angle,V1: Travelling straight ahead / V2: Travelling straight ahead,V1: E  / V2: N,Wet,Daylight,Clear,0.06,0.6,31,24,TRUE,41.94121777,-71.2768631
7123,2/9/2008,February,Saturday,2:35,2,3,4,0,Head-on,V1: 0 / V2: Travelling straight ahead / V3: Travelling straight ahead,V1: N  / V2: N  / V3: N,Dry,Dark - roadway not lighted,Clear,0.03,0.6,39,19,TRUE,41.96926367,-71.2955242
7124,2/9/2008,February,Saturday,12:00,1,2,0,0,Rear-end,V1: Travelling straight ahead / V2: Slowing or stopped in traffic,V1: N  / V2: N,Dry,Daylight,Cloudy,0.03,0.6,39,19,TRUE,41.92534828,-71.35616954
7125,2/9/2008,February,Saturday,15:22,1,2,0,0,Rear-end,V1: Entering traffic lane / V2: Slowing or stopped in traffic,V1: N  / V2: N,Wet,Daylight,Snow,0.03,0.6,39,19,TRUE,41.90242714,-71.35558229
7126,2/9/2008,February,Saturday,20:39,2,2,2,0,Rear-end,V1: Travelling straight ahead / V2: Slowing or stopped in traffic,V1: E  / V2: E,Wet,Dark - lighted roadway,Snow,0.03,0.6,39,19,TRUE,41.95454839,-71.25253266
7127,2/10/2008,February,Sunday,13:15,0,2,0,0,Rear-end,V1: Slowing or stopped in traffic / V2: Travelling straight ahead,V1: W  / V2: W,Wet,Daylight,Cloudy,0.06,0,46,15,TRUE,41.93365798,-71.32924077
7128,2/10/2008,February,Sunday,17:01,1,2,0,0,Angle,V1: Travelling straight ahead / V2: Travelling straight ahead,V1: N  / V2: S,Dry,Daylight,Cloudy,0.06,0,46,15,TRUE,41.90086769,-71.36799095
7129,2/10/2008,February,Sunday,22:00,2,2,1,0,Rear-end,V1: Travelling straight ahead / V2: Travelling straight ahead,V1: S  / V2: S,Dry,Dark - roadway not lighted,Clear,0.06,0,46,15,TRUE,41.92927402,-71.32377045
7130,2/11/2008,February,Monday,9:13,1,3,0,0,Angle,V1: Turning left / V2: Parked / V3: 0,V1: N  / V2: 0 / V3: 0,Dry,Daylight,Clear,0,0,27,10,TRUE,34.24438675,-73.6513909
7131,2/11/2008,February,Monday,10:55,2,1,1,0,Single vehicle crash,V1: Travelling straight ahead,V1: N,Dry,Daylight,Clear,0,0,27,10,TRUE,41.95346271,-71.29685854
7132,2/11/2008,February,Monday,13:20,1,2,0,0,Angle,V1: Slowing or stopped in traffic / V2: Slowing or stopped in traffic,V1: S  / V2: E,Dry,Daylight,Clear,0,0,27,10,TRUE,34.24438675,-73.6513909
7133,2/11/2008,February,Monday,14:20,1,2,0,0,Angle,V1: Travelling straight ahead / V2: Travelling straight ahead,V1: 0 / V2: 0,Dry,Daylight,Clear,0,0,27,10,TRUE,41.93814207,-71.27951979
7134,2/11/2008,February,Monday,16:14,1,1,0,0,Single vehicle crash,V1: Backing,V1: W,Dry,Daylight,Clear,0,0,27,10,TRUE,41.94803744,-71.28855696
7135,2/12/2008,February,Tuesday,6:45,2,3,1,0,Rear-end,V1: Travelling straight ahead / V2: Slowing or stopped in traffic / V3: Travelling straight ahead,V1: S  / V2: S  / V3: S,Wet,Daylight,Rain,0.09,2.6,30,9,TRUE,41.92927402,-71.32377045
7136,2/12/2008,February,Tuesday,12:45,1,2,0,0,Angle,V1: Slowing or stopped in traffic / V2: Slowing or stopped in traffic,V1: W  / V2: W,Dry,Daylight,Clear,0.09,2.6,30,9,TRUE,41.93269195,-71.32821357
7137,2/12/2008,February,Tuesday,14:02,1,2,0,0,Angle,V1: Turning left / V2: Travelling straight ahead,V1: N  / V2: N,Dry,Daylight,Clear,0.09,2.6,30,9,TRUE,41.94396388,-71.30988659
7138,2/12/2008,February,Tuesday,16:12,2,2,1,0,"Sideswipe, same direction",V1: Turning left / V2: Travelling straight ahead,V1: E  / V2: E,Dry,Daylight,Cloudy,0.09,2.6,30,9,TRUE,41.944701,-71.2824263
7139,2/12/2008,February,Tuesday,19:26,1,1,0,0,Single vehicle crash,V1: Other,V1: S,Other,Dark - roadway not lighted,Clear,0.09,2.6,30,9,TRUE,41.93389931,-71.31992065
7140,2/13/2008,February,Wednesday,7:20,1,2,0,0,Single vehicle crash,V1: Turning left / V2: Parked,V1: N  / V2: 0,Wet,Dark - roadway not lighted,Clear,2.66,0.3,55,24,TRUE,41.92996726,-71.27591403
7141,2/13/2008,February,Wednesday,7:32,1,1,0,0,Single vehicle crash,V1: Slowing or stopped in traffic,V1: S,Ice,Daylight,Cloudy,2.66,0.3,55,24,TRUE,41.90715541,-71.32038052
7142,2/13/2008,February,Wednesday,21:00,0,2,0,0,Single vehicle crash,V1: Travelling straight ahead / V2: Travelling straight ahead,V1: E  / V2: E,Wet,Dusk,Clear,2.66,0.3,55,24,TRUE,34.24438675,-73.6513909
7143,2/14/2008,February,Thursday,1:36,1,1,0,0,Single vehicle crash,V1: Travelling straight ahead,V1: W,Wet,Dark - lighted roadway,Rain,0,0,41,27,TRUE,41.89804027,-71.37674712
7144,2/14/2008,February,Thursday,8:30,0,2,0,0,"Sideswipe, same direction",V1: Travelling straight ahead / V2: Turning left,V1: E  / V2: E,Dry,Daylight,Clear,0,0,41,27,TRUE,34.24438675,-73.6513909
7145,2/14/2008,February,Thursday,14:41,1,2,0,0,Rear-end,V1: Slowing or stopped in traffic / V2: Travelling straight ahead,V1: E  / V2: E,Dry,Daylight,Clear,0,0,41,27,TRUE,41.95280527,-71.26922546
7146,2/14/2008,February,Thursday,19:41,1,2,0,0,Rear-end,V1: Travelling straight ahead / V2: Turning left,V1: W  / V2: W,Dry,Dark - lighted roadway,Clear,0,0,41,27,TRUE,41.93364476,-71.30085411
7147,2/15/2008,February,Friday,7:55,1,2,0,0,Rear-end,V1: Turning left / V2: Turning left,V1: E  / V2: E,Dry,Daylight,Clear,0,0,49,26,TRUE,41.9693978,-71.29147118
7148,2/15/2008,February,Friday,9:28,1,2,0,0,Angle,V1: Entering traffic lane / V2: Travelling straight ahead,V1: S  / V2: E,Dry,Daylight,Clear,0,0,49,26,TRUE,41.94430004,-71.28137659
7149,2/15/2008,February,Friday,14:13,1,2,0,0,Angle,V1: Turning right / V2: Travelling straight ahead,V1: 0 / V2: 0,Dry,Daylight,Clear,0,0,49,26,TRUE,41.95431248,-71.29109986