ID,DATE,Month,Day of week,Crash Time,Crash Severity,Number of Vehicles,Total Nonfatal Injuries,Total Fatal Injuries,Manner of Collision,Vehicle Action Prior to Crash,Vehicle Travel Directions,Road Surface Condition,Ambient Light,Weather Condition,PRCP,SNOW,TMAX,TMIN,Ice,Longtitute,Latitute
7150,2/15/2008,February,Friday,16:45,1,2,0,0,Rear-end,V1: Turning right / V2: Turning right,V1: W  / V2: W,Dry,Dusk,Clear,0,0,49,26,TRUE,41.93357119,-71.30035285
7151,2/16/2008,February,Saturday,10:49,2,2,2,0,Rear-end,V1: Travelling straight ahead / V2: Slowing or stopped in traffic,V1: W  / V2: W,Dry,Daylight,Clear,0,0,33,17,TRUE,41.94901323,-71.27707324
7152,2/17/2008,February,Sunday,4:42,1,1,0,0,"Sideswipe, same direction",V1: Travelling straight ahead,V1: N,Dry,Dark - roadway not lighted,Clear,0.05,0,47,14,TRUE,41.90231844,-71.35595143
7153,2/17/2008,February,Sunday,16:05,1,3,0,0,Rear-end,V1: Travelling straight ahead / V2: Slowing or stopped in traffic / V3: Slowing or stopped in traffic,V1: W  / V2: W  / V3: W,Dry,Daylight,Cloudy/Rain,0.05,0,47,14,TRUE,41.95130281,-71.27263126
7154,2/18/2008,February,Monday,17:00,1,2,0,0,Rear-end,V1: Travelling straight ahead / V2: Slowing or stopped in traffic,V1: W  / V2: W,Wet,Dusk,Cloudy/Rain,0.51,0,61,40,FALSE,41.93368436,-71.30112459
7155,2/18/2008,February,Monday,18:00,0,1,0,0,Single vehicle crash,V1: Travelling straight ahead,V1: 0,Wet,Dusk,Cloudy/Rain,0.51,0,61,40,FALSE,34.24438675,-73.6513909
7156,2/18/2008,February,Monday,20:35,2,2,1,0,Angle,V1: Travelling straight ahead / V2: Turning left,V1: S  / V2: N,Wet,Dark - lighted roadway,Cloudy/Rain,0.51,0,61,40,FALSE,41.94450501,-71.28411703
7157,2/19/2008,February,Tuesday,9:41,1,2,0,0,Angle,V1: Changing lanes / V2: Travelling straight ahead,V1: S  / V2: S,Dry,Daylight,Clear,0,0,46,27,TRUE,41.94892728,-71.27718263
7158,2/19/2008,February,Tuesday,9:46,1,2,0,0,Rear-end,V1: Travelling straight ahead / V2: Travelling straight ahead,V1: E  / V2: E,Dry,Daylight,Clear,0,0,46,27,TRUE,41.93397764,-71.31903245
7159,2/19/2008,February,Tuesday,15:34,1,2,0,0,Angle,V1: Entering traffic lane / V2: Travelling straight ahead,V1: N  / V2: N,Dry,Daylight,Clear,0,0,46,27,TRUE,41.90638525,-71.35691222
7160,2/19/2008,February,Tuesday,17:38,2,2,2,0,Angle,V1: Turning left / V2: Travelling straight ahead,V1: S  / V2: W,Dry,Dark - lighted roadway,Clear,0,0,46,27,TRUE,41.93405012,-71.31579284
7161,2/19/2008,February,Tuesday,22:53,2,1,1,0,Single vehicle crash,V1: Travelling straight ahead,V1: E,Dry,Dark - roadway not lighted,Clear,0,0,46,27,TRUE,34.24438675,-73.6513909
7162,2/20/2008,February,Wednesday,15:55,1,2,0,0,Rear-end,V1: Slowing or stopped in traffic / V2: Travelling straight ahead,V1: E  / V2: E,Dry,Daylight,Clear,0,0,33,20,TRUE,41.95265346,-71.26966754
7163,2/21/2008,February,Thursday,13:49,0,2,0,0,0,V1: Travelling straight ahead / V2: 0,V1: 0 / V2: 0,Dry,Daylight,Clear,0,0,33,15,TRUE,41.930878,-71.353047
7164,2/21/2008,February,Thursday,16:16,1,2,0,0,Rear-end,V1: Travelling straight ahead / V2: Slowing or stopped in traffic,V1: W  / V2: W,Dry,Daylight,Clear,0,0,33,15,TRUE,41.9472108,-71.28786501
7165,2/21/2008,February,Thursday,17:16,2,1,1,0,Single vehicle crash,V1: Travelling straight ahead,V1: W,Dry,Daylight,Clear,0,0,33,15,TRUE,41.952021,-71.274983
7166,2/22/2008,February,Friday,5:00,1,2,0,0,Rear-end,V1: Slowing or stopped in traffic / V2: Travelling straight ahead,V1: N  / V2: 0,Snow,Daylight,Rain,0.64,4.3,31,19,TRUE,41.912006,-71.258766
7167,2/22/2008,February,Friday,7:09,1,2,0,0,"Sideswipe, opposite direction",V1: Slowing or stopped in traffic / V2: Travelling straight ahead,V1: N  / V2: S,Snow,Daylight,Snow,0.64,4.3,31,19,TRUE,41.91200821,-71.2587778
7168,2/22/2008,February,Friday,7:20,1,3,0,0,Angle,V1: Travelling straight ahead / V2: Parked / V3: Travelling straight ahead,V1: N  / V2: N  / V3: N,Snow,Daylight,Snow,0.64,4.3,31,19,TRUE,41.93403258,-71.31898939
7169,2/22/2008,February,Friday,7:30,1,2,0,0,Angle,V1: Changing lanes / V2: Travelling straight ahead,V1: N  / V2: N,Snow,Daylight,Snow,0.64,4.3,31,19,TRUE,41.93403258,-71.31898939
7170,2/22/2008,February,Friday,7:30,0,1,0,0,Single vehicle crash,V1: Slowing or stopped in traffic,V1: W,Snow,Daylight,Snow,0.64,4.3,31,19,TRUE,34.24438675,-73.6513909
7171,2/22/2008,February,Friday,8:06,1,2,0,0,Angle,V1: Turning right / V2: Travelling straight ahead,V1: W  / V2: W,Wet,Daylight,Snow,0.64,4.3,31,19,TRUE,41.94160377,-71.26928268
7172,2/22/2008,February,Friday,8:32,1,2,0,0,Rear-end,V1: Travelling straight ahead / V2: Slowing or stopped in traffic,V1: W  / V2: W,Snow,Daylight,Snow,0.64,4.3,31,19,TRUE,41.92434652,-71.28896431
7173,2/22/2008,February,Friday,8:34,1,1,0,0,Single vehicle crash,V1: Travelling straight ahead,V1: N,Snow,Daylight,Snow,0.64,4.3,31,19,TRUE,41.90231844,-71.35595143
7174,2/22/2008,February,Friday,8:38,2,1,1,0,Single vehicle crash,V1: Turning right,V1: N,Snow,Daylight,Snow,0.64,4.3,31,19,TRUE,41.90231844,-71.35595143
7175,2/22/2008,February,Friday,8:45,3,3,1,1,Angle,V1: Travelling straight ahead / V2: Travelling straight ahead / V3: Travelling straight ahead,V1: N  / V2: N  / V3: N,Snow,Daylight,Snow,0.64,4.3,31,19,TRUE,41.93403332,-71.31900836
7176,2/22/2008,February,Friday,8:55,1,2,0,0,0,V1: Travelling straight ahead / V2: Travelling straight ahead,V1: 0 / V2: 0,Snow,Daylight,Snow,0.64,4.3,31,19,TRUE,41.91982212,-71.35857678
7177,2/22/2008,February,Friday,9:02,2,2,1,0,Angle,V1: Turning right / V2: Travelling straight ahead,V1: W  / V2: N,Wet,Daylight,Snow,0.64,4.3,31,19,TRUE,41.92996726,-71.27591403
7178,2/22/2008,February,Friday,12:54,2,2,1,0,Angle,V1: Turning left / V2: Travelling straight ahead,V1: E  / V2: N,Snow,Daylight,Rain,0.64,4.3,31,19,TRUE,41.94245198,-71.28698244
7179,2/22/2008,February,Friday,14:05,1,2,0,0,Angle,V1: Travelling straight ahead / V2: Slowing or stopped in traffic,V1: E  / V2: N,Snow,Daylight,Snow,0.64,4.3,31,19,TRUE,41.94586371,-71.28073807
7180,2/22/2008,February,Friday,16:40,1,1,0,0,Single vehicle crash,V1: Travelling straight ahead,V1: N,Snow,Daylight,Cloudy,0.64,4.3,31,19,TRUE,41.95329818,-71.27835521
7181,2/22/2008,February,Friday,18:40,1,2,0,0,Angle,V1: Travelling straight ahead / V2: Backing,V1: E  / V2: N,Snow,Dark - lighted roadway,Snow,0.64,4.3,31,19,TRUE,41.92161935,-71.31732703
7182,2/22/2008,February,Friday,21:41,1,1,0,0,Single vehicle crash,V1: Travelling straight ahead,V1: N,Snow,Dark - roadway not lighted,Snow,0.64,4.3,31,19,TRUE,41.93403258,-71.31898939
7183,2/23/2008,February,Saturday,17:30,2,2,1,0,Angle,V1: Travelling straight ahead / V2: Turning left,V1: S  / V2: N,Dry,Daylight,Clear,0,0,33,23,TRUE,41.91035947,-71.36314658
7184,2/24/2008,February,Sunday,6:00,0,2,0,0,Rear-end,V1: 0 / V2: Travelling straight ahead,V1: N  / V2: 0,Dry,Dawn,Clear,0,0,41,17,TRUE,34.24438675,-73.6513909
7185,2/24/2008,February,Sunday,13:37,1,2,0,0,Rear-end,V1: Travelling straight ahead / V2: Travelling straight ahead,V1: W  / V2: W,Dry,Daylight,Clear,0,0,41,17,TRUE,34.24438675,-73.6513909
7186,2/25/2008,February,Monday,6:49,1,2,0,0,"Sideswipe, opposite direction",V1: Turning left / V2: Turning right,V1: E  / V2: 0,Dry,Daylight,Clear,0,0,49,18,TRUE,41.94666472,-71.28742757
7187,2/25/2008,February,Monday,16:02,2,2,1,0,Angle,V1: Travelling straight ahead / V2: Turning left,V1: N  / V2: S,Dry,Daylight,Clear,0,0,49,18,TRUE,41.90964751,-71.36351027
7188,2/25/2008,February,Monday,17:07,1,2,0,0,Rear-end,V1: Travelling straight ahead / V2: Slowing or stopped in traffic,V1: 0 / V2: 0,Dry,Daylight,Clear,0,0,49,18,TRUE,41.94548184,-71.28559201
7189,2/25/2008,February,Monday,17:50,2,2,1,0,Rear-end,V1: Travelling straight ahead / V2: Travelling straight ahead,V1: N  / V2: N,Dry,Daylight,Clear,0,0,49,18,TRUE,41.92242117,-71.25900962
7190,2/25/2008,February,Monday,18:43,1,2,0,0,Angle,V1: Travelling straight ahead / V2: Entering traffic lane,V1: N  / V2: W,Dry,Dark - lighted roadway,Clear,0,0,49,18,TRUE,41.93830895,-71.28203041
7191,2/26/2008,February,Tuesday,6:10,1,2,0,0,Angle,V1: Turning left / V2: 0,V1: E  / V2: 0,Wet,Dark - roadway not lighted,Rain,0.46,0,41,23,TRUE,34.24438675,-73.6513909
7192,2/26/2008,February,Tuesday,11:34,1,2,0,0,Rear-end,V1: Travelling straight ahead / V2: Slowing or stopped in traffic,V1: N  / V2: N,Dry,Daylight,Cloudy,0.46,0,41,23,TRUE,41.95076301,-71.27397064
7193,2/26/2008,February,Tuesday,12:45,1,1,0,0,Single vehicle crash,V1: Travelling straight ahead,V1: 0,Dry,Daylight,Cloudy,0.46,0,41,23,TRUE,34.24438675,-73.6513909
7194,2/29/2008,February,Friday,1:05,2,1,1,0,Single vehicle crash,V1: Travelling straight ahead,V1: E,Dry,Dark - lighted roadway,Clear,0,0.1,29,9,TRUE,41.90921896,-71.28642565
7195,3/1/2008,March,Saturday,1:43,1,2,0,0,Angle,V1: Making U-turn / V2: Making U-turn,V1: S  / V2: S,Snow,Dark - lighted roadway,Snow,0.36,2.5,40,22,TRUE,41.92508738,-71.35628348
7196,3/1/2008,March,Saturday,10:59,1,3,0,0,Rear-end,V1: Travelling straight ahead / V2: Travelling straight ahead / V3: Travelling straight ahead,V1: E  / V2: E  / V3: S,Dry,Daylight,Clear,0.36,2.5,40,22,TRUE,41.92743001,-71.3418883
7197,3/1/2008,March,Saturday,14:11,0,2,0,0,0,V1: 0 / V2: Travelling straight ahead,V1: W  / V2: N,"Water (standing, moving)",Daylight,Cloudy/Rain,0.36,2.5,40,22,TRUE,41.9404815,-71.28139686
7198,3/3/2008,March,Monday,8:09,1,3,0,0,Rear-end,V1: Travelling straight ahead / V2: Slowing or stopped in traffic / V3: Slowing or stopped in traffic,V1: S  / V2: S  / V3: S,Dry,Daylight,Clear,0,0,48,24,TRUE,41.96643836,-71.29074265
7199,3/4/2008,March,Tuesday,14:00,1,2,0,0,Angle,V1: Travelling straight ahead / V2: Turning left,V1: 0 / V2: 0,Dry,Daylight,Clear,0.52,0,61,40,FALSE,41.91477253,-71.23386832
7200,3/4/2008,March,Tuesday,18:10,1,2,0,0,Single vehicle crash,V1: Travelling straight ahead / V2: Travelling straight ahead,V1: E  / V2: E,Wet,Dark - lighted roadway,Rain,0.52,0,61,40,FALSE,41.93421769,-71.2996754
7201,3/5/2008,March,Wednesday,12:17,0,2,0,0,Rear-end,V1: Slowing or stopped in traffic / V2: Travelling straight ahead,V1: N  / V2: N,Dry,Daylight,Clear,0.35,0,62,36,FALSE,41.95180679,-71.2898592
7202,3/5/2008,March,Wednesday,15:23,1,2,0,0,Rear-end,V1: Travelling straight ahead / V2: Turning left,V1: S  / V2: S,Dry,Daylight,Clear,0.35,0,62,36,FALSE,41.92900797,-71.28446457
7203,3/5/2008,March,Wednesday,16:00,1,2,0,0,Rear-end,V1: Slowing or stopped in traffic / V2: Slowing or stopped in traffic,V1: W  / V2: W,Dry,Daylight,Cloudy,0.35,0,62,36,FALSE,41.93269195,-71.32821357
7204,3/6/2008,March,Thursday,13:37,1,2,0,0,Rear-end,V1: Slowing or stopped in traffic / V2: Travelling straight ahead,V1: S  / V2: S,Dry,Daylight,Clear,0,0,53,27,TRUE,41.9224407,-71.35744057
7205,3/7/2008,March,Friday,1:24,1,2,0,0,0,V1: Slowing or stopped in traffic / V2: 0,V1: W  / V2: W,Dry,Daylight,Clear,0.19,0,50,26,TRUE,41.92762143,-71.35470547
7206,3/7/2008,March,Friday,1:40,1,1,0,0,Single vehicle crash,V1: Travelling straight ahead,V1: W,Dry,Dark - lighted roadway,Clear,0.19,0,50,26,TRUE,41.95211498,-71.29155571
7207,3/7/2008,March,Friday,16:05,2,2,1,0,"Sideswipe, same direction",V1: Travelling straight ahead / V2: Parked,V1: W  / V2: 0,Dry,Daylight,Cloudy,0.19,0,50,26,TRUE,41.95484304,-71.28856385
7208,3/7/2008,March,Friday,20:15,1,2,0,0,Angle,V1: Turning right / V2: Slowing or stopped in traffic,V1: N  / V2: W,Wet,Dark - lighted roadway,Cloudy/Rain,0.19,0,50,26,TRUE,41.89827644,-71.36609866
7209,3/8/2008,March,Saturday,11:33,1,2,0,0,Rear-end,V1: Backing / V2: Slowing or stopped in traffic,V1: W  / V2: W,Wet,Daylight,Cloudy/Rain,2.75,0,63,38,FALSE,41.93269195,-71.32821357
7210,3/8/2008,March,Saturday,17:30,2,3,1,0,Rear-end,V1: Travelling straight ahead / V2: Slowing or stopped in traffic / V3: Slowing or stopped in traffic,V1: S  / V2: S  / V3: S,Wet,Dusk,Cloudy/Rain,2.75,0,63,38,FALSE,41.9008145,-71.36801826
7211,3/9/2008,March,Sunday,15:21,1,2,0,0,Rear-end,V1: Travelling straight ahead / V2: Travelling straight ahead,V1: W  / V2: W,Dry,Daylight,Clear,0,0,49,27,TRUE,41.91982212,-71.35857678
7212,3/9/2008,March,Sunday,18:25,1,2,0,0,Angle,V1: Travelling straight ahead / V2: Turning left,V1: S  / V2: W,Dry,Daylight,Clear,0,0,49,27,TRUE,41.91032594,-71.36316367
7213,3/10/2008,March,Monday,7:04,2,3,1,0,Head-on,V1: Travelling straight ahead / V2: Travelling straight ahead / V3: Parked,V1: E  / V2: W  / V3: 0,Ice,Daylight,Clear,0,0,41,22,TRUE,41.91745445,-71.33925896
7214,3/10/2008,March,Monday,8:30,2,1,1,0,0,V1: Travelling straight ahead,V1: 0,Dry,Daylight,Clear,0,0,41,22,TRUE,41.910023,-71.257026
7215,3/10/2008,March,Monday,14:37,1,3,0,0,Rear-end,V1: Travelling straight ahead / V2: Slowing or stopped in traffic / V3: Slowing or stopped in traffic,V1: S  / V2: S  / V3: S,Dry,Daylight,Clear,0,0,41,22,TRUE,41.9348634,-71.29887283
7216,3/10/2008,March,Monday,14:48,1,3,0,0,Rear-end,V1: Travelling straight ahead / V2: Slowing or stopped in traffic / V3: Slowing or stopped in traffic,V1: E  / V2: E  / V3: E,Dry,Daylight,Clear,0,0,41,22,TRUE,41.94430004,-71.28137659
7217,3/10/2008,March,Monday,16:45,1,1,0,0,Single vehicle crash,V1: Turning left,V1: W,Dry,Daylight,Clear,0,0,41,22,TRUE,41.95287787,-71.26899686
7218,3/11/2008,March,Tuesday,10:23,2,2,1,0,Angle,V1: Travelling straight ahead / V2: Travelling straight ahead,V1: E  / V2: S,Dry,Daylight,Clear,0,0,46,20,TRUE,41.90998013,-71.35802082
7219,3/12/2008,March,Wednesday,9:07,1,2,0,0,Angle,V1: Travelling straight ahead / V2: Travelling straight ahead,V1: S  / V2: E,Wet,Daylight,Rain,0.27,0,44,28,TRUE,41.95428602,-71.28497548
7220,3/13/2008,March,Thursday,8:02,2,1,1,0,Single vehicle crash,V1: Travelling straight ahead,V1: N,Dry,Daylight,Clear,0,0,44,28,TRUE,41.95445699,-71.31072393
7221,3/13/2008,March,Thursday,18:00,1,2,0,0,Angle,V1: Entering traffic lane / V2: Travelling straight ahead,V1: N  / V2: W,Dry,Daylight,Cloudy,0,0,44,28,TRUE,41.89733197,-71.36979234
7222,3/14/2008,March,Friday,6:40,2,2,1,0,Angle,V1: Turning left / V2: Travelling straight ahead,V1: W  / V2: S,Dry,Dusk,Cloudy,0,0,57,28,TRUE,41.9472108,-71.28786501
7223,3/15/2008,March,Saturday,4:23,1,1,0,0,Single vehicle crash,V1: Travelling straight ahead,V1: N,Dry,Dark - lighted roadway,Clear,0.46,0,40,33,FALSE,41.93122921,-71.26031618
7224,3/15/2008,March,Saturday,11:36,1,2,0,0,Rear-end,V1: Travelling straight ahead / V2: Travelling straight ahead,V1: W  / V2: W,Wet,Daylight,Snow,0.46,0,40,33,FALSE,41.92416457,-71.35104162
7225,3/15/2008,March,Saturday,12:17,1,2,0,0,Rear-end,V1: Travelling straight ahead / V2: Travelling straight ahead,V1: N  / V2: N,Wet,Daylight,Cloudy/Rain,0.46,0,40,33,FALSE,41.95180679,-71.2898592
7226,3/15/2008,March,Saturday,12:28,1,2,0,0,Angle,V1: Turning left / V2: Travelling straight ahead,V1: S  / V2: W,Dry,Daylight,Cloudy,0.46,0,40,33,FALSE,41.94861042,-71.27758702
7227,3/15/2008,March,Saturday,18:25,1,2,0,0,Rear-end,V1: Backing / V2: Travelling straight ahead,V1: W  / V2: W,Dry,Daylight,Clear,0.46,0,40,33,FALSE,41.91098819,-71.2815303
7228,3/16/2008,March,Sunday,3:15,2,2,1,0,Rear-end,V1: Travelling straight ahead / V2: Entering traffic lane,V1: N  / V2: N,Dry,Dark - 0 roadway lighting,Clear,0,0,43,35,FALSE,34.24438675,-73.6513909
7229,3/16/2008,March,Sunday,14:06,1,2,0,0,Rear-end,V1: Slowing or stopped in traffic / V2: Slowing or stopped in traffic,V1: E  / V2: E,Dry,Daylight,Cloudy,0,0,43,35,FALSE,41.93874704,-71.29215576
7230,3/17/2008,March,Monday,9:43,1,3,0,0,Single vehicle crash,V1: Turning left / V2: Slowing or stopped in traffic / V3: Travelling straight ahead,V1: W  / V2: N  / V3: E,Dry,Daylight,Clear,0,0,45,28,TRUE,41.95484304,-71.28856385
7231,3/17/2008,March,Monday,10:30,2,2,1,0,Rear-end,V1: Travelling straight ahead / V2: Travelling straight ahead,V1: S  / V2: S,Dry,Daylight,Clear,0,0,45,28,TRUE,41.917306,-71.33377
7232,3/17/2008,March,Monday,15:01,1,2,0,0,Angle,V1: Turning left / V2: Travelling straight ahead,V1: S  / V2: W,Dry,Daylight,Clear,0,0,45,28,TRUE,41.96939377,-71.29355357
7233,3/17/2008,March,Monday,17:42,1,2,0,0,Angle,V1: Travelling straight ahead / V2: Travelling straight ahead,V1: E  / V2: S,Dry,Daylight,Clear,0,0,45,28,TRUE,41.9092754,-71.35780912
7234,3/18/2008,March,Tuesday,0:00,1,2,0,0,Angle,V1: Turning left / V2: Travelling straight ahead,V1: E  / V2: S,Dry,Daylight,Clear,0,0,47,22,TRUE,41.94757814,-71.27890389
7235,3/18/2008,March,Tuesday,7:02,2,2,1,0,Head-on,V1: Turning left / V2: Travelling straight ahead,V1: E  / V2: W,Dry,Daylight,Clear,0,0,47,22,TRUE,34.24438675,-73.6513909
7236,3/19/2008,March,Wednesday,5:30,1,2,0,0,Rear-end,V1: Slowing or stopped in traffic / V2: Travelling straight ahead,V1: S  / V2: S,Wet,Dusk,Rain,0.54,0.1,48,33,FALSE,41.95475274,-71.3048342
7237,3/19/2008,March,Wednesday,7:26,2,1,1,0,Single vehicle crash,V1: Travelling straight ahead,V1: E,Wet,Daylight,Snow,0.54,0.1,48,33,FALSE,41.93506562,-71.27645696
7238,3/19/2008,March,Wednesday,8:13,2,2,1,0,Rear-end,V1: Slowing or stopped in traffic / V2: Travelling straight ahead,V1: N  / V2: N,Wet,Daylight,Rain,0.54,0.1,48,33,FALSE,41.95475094,-71.30836474
7239,3/19/2008,March,Wednesday,17:02,0,1,0,0,Single vehicle crash,V1: Travelling straight ahead,V1: N,Wet,Daylight,Cloudy/Rain,0.54,0.1,48,33,FALSE,41.92928813,-71.2952526
7240,3/20/2008,March,Thursday,0:48,1,1,0,0,Single vehicle crash,V1: Travelling straight ahead,V1: S,Wet,Dark - lighted roadway,Cloudy/Rain,0.29,0,54,34,FALSE,41.94471837,-71.28286054
7241,3/20/2008,March,Thursday,3:19,2,3,1,0,Rear-end,V1: Slowing or stopped in traffic / V2: 0 / V3: Travelling straight ahead,V1: S  / V2: S  / V3: S,Dry,Daylight,Clear,0.29,0,54,34,FALSE,41.965641,-71.290317
7242,3/20/2008,March,Thursday,13:46,1,2,0,0,Angle,V1: Travelling straight ahead / V2: Travelling straight ahead,V1: E  / V2: S,Dry,Daylight,Cloudy,0.29,0,54,34,FALSE,41.9483337,-71.27794679
7243,3/20/2008,March,Thursday,18:56,1,2,0,0,Angle,V1: Turning left / V2: Travelling straight ahead,V1: 0 / V2: 0,Dry,Dusk,Clear,0.29,0,54,34,FALSE,41.95130281,-71.27263126
7244,3/21/2008,March,Friday,0:17,2,1,1,0,Single vehicle crash,V1: Travelling straight ahead,V1: E,Dry,Dark - lighted roadway,Clear,0,0,42,29,TRUE,41.94945024,-71.30050142
7245,3/21/2008,March,Friday,10:42,1,1,0,0,Single vehicle crash,V1: Travelling straight ahead,V1: E,Dry,Daylight,Clear,0,0,42,29,TRUE,41.94764911,-71.28513
7246,3/21/2008,March,Friday,12:22,0,2,0,0,0,V1: Parked / V2: 0,V1: 0 / V2: 0,Dry,Daylight,Clear,0,0,42,29,TRUE,41.93044887,-71.29542926
7247,3/21/2008,March,Friday,13:21,1,2,0,0,Angle,V1: Travelling straight ahead / V2: Travelling straight ahead,V1: W  / V2: S,Dry,Daylight,Clear,0,0,42,29,TRUE,41.90086769,-71.36799095
7248,3/21/2008,March,Friday,16:08,1,2,0,0,Rear-end,V1: Travelling straight ahead / V2: Slowing or stopped in traffic,V1: S  / V2: S,Dry,Daylight,Clear,0,0,42,29,TRUE,41.89870928,-71.36909739
7249,3/21/2008,March,Friday,23:27,2,2,1,0,Angle,V1: Changing lanes / V2: Travelling straight ahead,V1: W  / V2: E,Dry,Dark - lighted roadway,Clear,0,0,42,29,TRUE,41.93267092,-71.29616764
7250,3/22/2008,March,Saturday,11:51,1,2,0,0,"Sideswipe, same direction",V1: Changing lanes / V2: Travelling straight ahead,V1: W  / V2: W,Dry,Daylight,Clear,0,0,49,28,TRUE,41.95130281,-71.27263126
7251,3/22/2008,March,Saturday,23:04,1,1,0,0,Single vehicle crash,V1: Travelling straight ahead,V1: S,Dry,Dark - lighted roadway,Clear,0,0,49,28,TRUE,41.925087,-71.356283
7252,3/22/2008,March,Saturday,23:15,2,2,1,0,Angle,V1: Turning left / V2: Travelling straight ahead,V1: S  / V2: N,Dry,Dark - lighted roadway,Clear,0,0,49,28,TRUE,41.90964751,-71.36351027
7253,3/24/2008,March,Monday,8:15,1,2,0,0,0,V1: Travelling straight ahead / V2: Travelling straight ahead,V1: N  / V2: S,Dry,Daylight,Clear,0,0,50,21,TRUE,41.9472108,-71.28786501
7254,3/24/2008,March,Monday,12:22,1,2,0,0,Angle,V1: Parked / V2: Backing,V1: 0 / V2: 0,Dry,Daylight,Clear,0,0,50,21,TRUE,41.93045691,-71.29542674
7255,3/24/2008,March,Monday,20:17,1,2,0,0,"Sideswipe, same direction",V1: Changing lanes / V2: Travelling straight ahead,V1: S  / V2: S,Dry,Dark - roadway not lighted,Clear,0,0,50,21,TRUE,41.89869865,-71.36913569
7256,3/25/2008,March,Tuesday,8:27,1,2,0,0,Angle,V1: Entering traffic lane / V2: Travelling straight ahead,V1: W  / V2: W,Dry,Daylight,Clear,0,0,44,27,TRUE,41.93370462,-71.30025512
7257,3/25/2008,March,Tuesday,10:01,1,2,0,0,Rear-end,V1: Travelling straight ahead / V2: Travelling straight ahead,V1: S  / V2: S,Dry,Daylight,Clear,0,0,44,27,TRUE,41.94300394,-71.28428654
7258,3/25/2008,March,Tuesday,14:18,2,2,1,0,Rear-end,V1: Other / V2: Slowing or stopped in traffic,V1: S  / V2: S,Dry,Daylight,Clear,0,0,44,27,TRUE,41.93176217,-71.35266536
7259,3/26/2008,March,Wednesday,0:32,0,1,0,0,Single vehicle crash,V1: Travelling straight ahead,V1: N,Dry,Dark - roadway not lighted,Clear,0.02,0,59,32,TRUE,41.96926367,-71.2955242
7260,3/26/2008,March,Wednesday,4:10,1,2,0,0,Angle,V1: Turning left / V2: Travelling straight ahead,V1: N  / V2: W,Dry,Daylight,Clear,0.02,0,59,32,TRUE,41.93405012,-71.31579284
7261,3/26/2008,March,Wednesday,8:05,1,2,0,0,Angle,V1: Turning right / V2: Turning right,V1: W  / V2: N,Wet,Daylight,Cloudy/Rain,0.02,0,59,32,TRUE,41.95484304,-71.28856385
7262,3/26/2008,March,Wednesday,10:45,1,2,0,0,Rear-end,V1: Backing / V2: Turning left,V1: W  / V2: S,Dry,Daylight,Cloudy,0.02,0,59,32,TRUE,41.94548184,-71.28559201
7263,3/26/2008,March,Wednesday,13:32,1,2,0,0,"Sideswipe, same direction",V1: Travelling straight ahead / V2: 0,V1: E  / V2: E,Dry,Daylight,Clear,0.02,0,59,32,TRUE,41.91982212,-71.35857678
7264,3/26/2008,March,Wednesday,15:47,1,2,0,0,"Sideswipe, same direction",V1: Travelling straight ahead / V2: Slowing or stopped in traffic,V1: E  / V2: E,Dry,Daylight,Clear,0.02,0,59,32,TRUE,41.94468022,-71.28325128
7265,3/27/2008,March,Thursday,2:47,1,2,0,0,Angle,V1: Parked / V2: Backing,V1: 0 / V2: 0,Dry,Daylight,Clear,0.02,0,54,28,TRUE,41.91224146,-71.36218933
7266,3/27/2008,March,Thursday,14:45,3,1,1,1,Single vehicle crash,V1: Travelling straight ahead,V1: N,Dry,Daylight,Clear,0.02,0,54,28,TRUE,41.93403258,-71.31898939
7267,3/28/2008,March,Friday,10:00,0,1,0,0,Single vehicle crash,V1: Changing lanes,V1: S,Wet,Daylight,Rain,0.21,0,41,33,FALSE,41.93392412,-71.3199021
7268,3/28/2008,March,Friday,20:46,1,2,0,0,Rear-end,V1: Travelling straight ahead / V2: Slowing or stopped in traffic,V1: S  / V2: S,Dry,Dark - lighted roadway,Clear,0.21,0,41,33,FALSE,41.94450501,-71.28411703
7269,3/29/2008,March,Saturday,1:07,1,1,0,0,Single vehicle crash,V1: Travelling straight ahead,V1: S,Wet,Dark - lighted roadway,Cloudy/Rain,0.01,0,41,26,TRUE,41.96712418,-71.29097941
7270,3/29/2008,March,Saturday,12:30,1,2,0,0,Angle,V1: Travelling straight ahead / V2: Turning left,V1: 0 / V2: 0,Dry,Daylight,Clear,0.01,0,41,26,TRUE,41.93405012,-71.31579284
7271,3/29/2008,March,Saturday,19:54,2,2,4,0,Angle,V1: Entering traffic lane / V2: Travelling straight ahead,V1: E  / V2: S,Dry,Dark - 0 roadway lighting,Clear,0.01,0,41,26,TRUE,41.96939377,-71.29355357
7272,3/30/2008,March,Sunday,16:45,1,2,0,0,Angle,V1: Travelling straight ahead / V2: Entering traffic lane,V1: W  / V2: S,Dry,Daylight,Clear,0,0,47,20,TRUE,41.923872,-71.351573
7273,3/30/2008,March,Sunday,17:06,1,2,0,0,Angle,V1: Parked / V2: Turning right,V1: S  / V2: S,Dry,Daylight,Clear,0,0,47,20,TRUE,41.94896349,-71.27713653
7274,3/30/2008,March,Sunday,20:56,1,2,0,0,"Sideswipe, same direction",V1: Travelling straight ahead / V2: Travelling straight ahead,V1: S  / V2: S,Dry,Dark - lighted roadway,Clear,0,0,47,20,TRUE,41.93363156,-71.30076394
7275,3/31/2008,March,Monday,13:17,2,2,1,0,Rear-end,V1: Slowing or stopped in traffic / V2: Slowing or stopped in traffic,V1: E  / V2: E,Dry,Daylight,Cloudy,0.2,0,50,23,TRUE,41.89903243,-71.355186