ID,DATE,Month,Day of week,Crash Time,Crash Severity,Number of Vehicles,Total Nonfatal Injuries,Total Fatal Injuries,Manner of Collision,Vehicle Action Prior to Crash,Vehicle Travel Directions,Road Surface Condition,Ambient Light,Weather Condition,PRCP,SNOW,TMAX,TMIN,Ice,Longtitute,Latitute
7276,3/31/2008,March,Monday,15:00,1,1,0,0,Single vehicle crash,V1: Turning left,V1: 0,Wet,Daylight,Rain,0.2,0,50,23,TRUE,41.93821188,-71.25002331
7277,3/31/2008,March,Monday,22:30,1,2,0,0,"Sideswipe, same direction",V1: Overtaking/passing / V2: Travelling straight ahead,V1: N  / V2: N,Dry,Dark - lighted roadway,Cloudy,0.2,0,50,23,TRUE,41.90158429,-71.35565633
7278,4/1/2008,April,Tuesday,12:35,1,2,0,0,Angle,V1: Turning right / V2: Travelling straight ahead,V1: S  / V2: W,Wet,Daylight,Rain,0.2,0,59,50,FALSE,41.91982212,-71.35857678
7279,4/1/2008,April,Tuesday,14:18,1,2,0,0,Angle,V1: Entering traffic lane / V2: 0,V1: S  / V2: W,Wet,Daylight,Cloudy/Rain,0.2,0,59,50,FALSE,41.92387717,-71.35158914
7280,4/2/2008,April,Wednesday,10:53,1,2,0,0,Angle,V1: Turning left / V2: Travelling straight ahead,V1: S  / V2: N,Dry,Daylight,Clear,0,0,55,32,TRUE,41.95641427,-71.28800402
7281,4/2/2008,April,Wednesday,15:00,2,2,10,0,Angle,V1: Slowing or stopped in traffic / V2: Travelling straight ahead,V1: S  / V2: W,Dry,Daylight,Clear,0,0,55,32,TRUE,41.93421769,-71.2996754
7282,4/2/2008,April,Wednesday,17:55,1,2,0,0,Rear-end,V1: Slowing or stopped in traffic / V2: Travelling straight ahead,V1: E  / V2: E,Dry,Daylight,Clear,0,0,55,32,TRUE,41.9446632,-71.28341486
7283,4/3/2008,April,Thursday,16:55,2,2,1,0,Angle,V1: Entering traffic lane / V2: Travelling straight ahead,V1: S  / V2: W,Dry,Daylight,Clear,0,0,55,27,TRUE,41.92387717,-71.35158914
7284,4/3/2008,April,Thursday,16:57,2,2,1,0,Rear-end,V1: Travelling straight ahead / V2: Slowing or stopped in traffic,V1: N  / V2: E,Dry,Daylight,Cloudy,0,0,55,27,TRUE,41.92174087,-71.29490115
7285,4/3/2008,April,Thursday,20:28,1,2,0,0,Rear-end,V1: Travelling straight ahead / V2: Travelling straight ahead,V1: S  / V2: S,Dry,Dawn,Clear,0,0,55,27,TRUE,41.96923741,-71.29606167
7286,4/4/2008,April,Friday,7:20,1,2,0,0,Angle,V1: Travelling straight ahead / V2: Travelling straight ahead,V1: W  / V2: S,Wet,Daylight,Cloudy/Rain,0.85,0,46,36,FALSE,41.92014284,-71.35719783
7287,4/4/2008,April,Friday,12:31,2,2,1,0,Rear-end,V1: Slowing or stopped in traffic / V2: Slowing or stopped in traffic,V1: W  / V2: W,Wet,Daylight,Rain,0.85,0,46,36,FALSE,41.93849437,-71.25792999
7288,4/4/2008,April,Friday,14:33,1,2,0,0,Rear-end,V1: Travelling straight ahead / V2: Slowing or stopped in traffic,V1: S  / V2: S,Wet,Daylight,Cloudy/Rain,0.85,0,46,36,FALSE,41.94548184,-71.28559201
7289,4/5/2008,April,Saturday,1:20,0,1,0,0,Single vehicle crash,V1: Travelling straight ahead,V1: N,Dry,Dark - roadway not lighted,Cloudy,0.09,0,54,40,FALSE,41.93314551,-71.32053825
7290,4/5/2008,April,Saturday,17:52,2,3,1,0,Rear-end,V1: Slowing or stopped in traffic / V2: Travelling straight ahead / V3: Travelling straight ahead,V1: S  / V2: N  / V3: S,Dry,Daylight,Clear,0.09,0,54,40,FALSE,34.24438675,-73.6513909
7291,4/6/2008,April,Sunday,23:15,1,1,0,0,Single vehicle crash,V1: Travelling straight ahead,V1: S,Wet,Dark - lighted roadway,Rain,0.04,0,42,37,FALSE,41.89869865,-71.36913569
7292,4/7/2008,April,Monday,9:40,1,2,0,0,Angle,V1: Travelling straight ahead / V2: Changing lanes,V1: S  / V2: S,Dry,Daylight,Clear,0,0,46,34,FALSE,41.92927402,-71.32377045
7293,4/7/2008,April,Monday,13:44,1,2,0,0,Angle,V1: Turning right / V2: Overtaking/passing,V1: E  / V2: E,Dry,Daylight,Cloudy,0,0,46,34,FALSE,41.9374227,-71.29402673
7294,4/8/2008,April,Tuesday,18:07,1,3,0,0,Rear-end,V1: Travelling straight ahead / V2: Slowing or stopped in traffic / V3: Slowing or stopped in traffic,V1: W  / V2: W  / V3: W,Dry,Daylight,Clear,0,0,55,29,TRUE,41.95287787,-71.26899686
7295,4/9/2008,April,Wednesday,12:43,1,2,0,0,Rear-end,V1: Travelling straight ahead / V2: Slowing or stopped in traffic,V1: S  / V2: S,Dry,Daylight,Cloudy,0,0,59,29,TRUE,41.90376957,-71.36650837
7296,4/10/2008,April,Thursday,16:01,1,2,0,0,Rear-end,V1: Travelling straight ahead / V2: Travelling straight ahead,V1: N  / V2: N,Dry,Daylight,Clear,0.04,0,73,45,FALSE,41.90231844,-71.35595143
7297,4/10/2008,April,Thursday,17:54,2,1,1,0,Angle,V1: Travelling straight ahead,V1: W,Dry,Daylight,Clear,0.04,0,73,45,FALSE,41.9446632,-71.28341486
7298,4/11/2008,April,Friday,10:55,2,2,1,0,Angle,V1: Travelling straight ahead / V2: Travelling straight ahead,V1: S  / V2: W,Wet,Daylight,Cloudy,0.01,0,56,38,FALSE,41.93358571,-71.32352844
7299,4/11/2008,April,Friday,18:40,1,2,0,0,Angle,V1: Entering traffic lane / V2: Travelling straight ahead,V1: 0 / V2: N,Dry,Dusk,Cloudy,0.01,0,56,38,FALSE,41.91883288,-71.35789248
7300,4/12/2008,April,Saturday,10:50,1,2,0,0,Angle,V1: Turning left / V2: Travelling straight ahead,V1: W  / V2: N,Dry,Daylight,Clear,0.51,0,70,45,FALSE,41.89733197,-71.36979234
7301,4/12/2008,April,Saturday,18:39,2,1,1,0,Angle,V1: Travelling straight ahead,V1: S,Dry,Daylight,Cloudy,0.51,0,70,45,FALSE,41.93650632,-71.27751776
7302,4/13/2008,April,Sunday,0:21,2,1,1,0,Single vehicle crash,V1: Travelling straight ahead,V1: N,Dry,Dark - lighted roadway,Cloudy,0.01,0,52,36,FALSE,41.93537692,-71.27426912
7303,4/13/2008,April,Sunday,2:15,1,2,0,0,"Sideswipe, same direction",V1: Travelling straight ahead / V2: Travelling straight ahead,V1: N  / V2: N,Dry,Dark - roadway not lighted,Clear,0.01,0,52,36,FALSE,41.95531464,-71.30387442
7304,4/14/2008,April,Monday,11:26,0,2,0,0,Rear-end,V1: Travelling straight ahead / V2: Travelling straight ahead,V1: S  / V2: S,Dry,Daylight,Clear,0,0,55,30,TRUE,41.95076301,-71.27397064
7305,4/14/2008,April,Monday,16:36,1,1,0,0,Single vehicle crash,V1: Travelling straight ahead,V1: S,Dry,Daylight,Cloudy,0,0,55,30,TRUE,41.91926772,-71.29920256
7306,4/15/2008,April,Tuesday,4:28,1,1,0,0,Single vehicle crash,V1: Backing,V1: 0,Dry,Dark - lighted roadway,Clear,0,0,61,28,TRUE,41.95690759,-71.26526946
7307,4/15/2008,April,Tuesday,6:34,1,1,0,0,Single vehicle crash,V1: Travelling straight ahead,V1: N,Dry,Daylight,Clear,0,0,61,28,TRUE,34.24438675,-73.6513909
7308,4/15/2008,April,Tuesday,15:27,2,1,1,0,Single vehicle crash,V1: Travelling straight ahead,V1: S,Dry,Daylight,Clear,0,0,61,28,TRUE,41.92674365,-71.24905362
7309,4/16/2008,April,Wednesday,16:28,2,2,1,0,Angle,V1: Overtaking/passing / V2: Turning right,V1: W  / V2: W,Dry,Daylight,Clear,0,0,66,28,TRUE,41.902731,-71.34016
7310,4/16/2008,April,Wednesday,21:48,2,1,1,0,Single vehicle crash,V1: Travelling straight ahead,V1: N,Dry,Dark - lighted roadway,Clear,0,0,66,28,TRUE,41.91239943,-71.31139065
7311,4/17/2008,April,Thursday,13:14,1,2,0,0,Angle,V1: Entering traffic lane / V2: Travelling straight ahead,V1: W  / V2: N,Dry,Daylight,Clear,0,0,68,30,TRUE,41.94231024,-71.28253433
7312,4/17/2008,April,Thursday,19:38,1,2,0,0,"Sideswipe, opposite direction",V1: Backing / V2: Parked,V1: N  / V2: 0,Dry,Dusk,Clear,0,0,68,30,TRUE,41.91212289,-71.25334531
7313,4/18/2008,April,Friday,10:10,2,2,1,0,Angle,V1: Travelling straight ahead / V2: Turning left,V1: 0 / V2: 0,Dry,Daylight,Clear,0,0,78,35,FALSE,41.95077624,-71.27393811
7314,4/18/2008,April,Friday,14:50,2,2,1,0,Rear-end,V1: Slowing or stopped in traffic / V2: Travelling straight ahead,V1: S  / V2: S,Dry,Daylight,Clear,0,0,78,35,FALSE,41.96923741,-71.29606167
7315,4/18/2008,April,Friday,16:18,1,2,0,0,Angle,V1: Changing lanes / V2: Travelling straight ahead,V1: N  / V2: N,Dry,Daylight,Clear,0,0,78,35,FALSE,41.90080717,-71.36802203
7316,4/18/2008,April,Friday,16:45,1,3,0,0,Rear-end,V1: Slowing or stopped in traffic / V2: Slowing or stopped in traffic / V3: Travelling straight ahead,V1: S  / V2: S  / V3: S,Dry,Daylight,Clear,0,0,78,35,FALSE,41.9269735,-71.3452078
7317,4/18/2008,April,Friday,17:55,1,2,0,0,Rear-end,V1: Travelling straight ahead / V2: Travelling straight ahead,V1: W  / V2: W,Dry,Daylight,Clear,0,0,78,35,FALSE,41.90588782,-71.37669559
7318,4/19/2008,April,Saturday,2:35,2,1,2,0,Single vehicle crash,V1: Travelling straight ahead,V1: N,Dry,Dark - lighted roadway,Clear,0,0,79,40,FALSE,41.91233945,-71.31175324
7319,4/19/2008,April,Saturday,8:51,1,2,0,0,Rear-end,V1: Travelling straight ahead / V2: Slowing or stopped in traffic,V1: W  / V2: W,Dry,Daylight,Clear,0,0,79,40,FALSE,41.95454839,-71.25253246
7320,4/19/2008,April,Saturday,10:59,1,2,0,0,"Sideswipe, same direction",V1: Travelling straight ahead / V2: 0,V1: N  / V2: N,Dry,Daylight,Clear,0,0,79,40,FALSE,41.90654956,-71.36510339
7321,4/19/2008,April,Saturday,11:02,2,4,1,0,Rear-end,V1: Slowing or stopped in traffic / V2: Slowing or stopped in traffic / V3: Slowing or stopped in traffic / V4: Slowing or stopped in traffic,V1: N  / V2: N  / V3: N  / V4: N,Dry,Daylight,Clear,0,0,79,40,FALSE,41.92675288,-71.34334435
7322,4/19/2008,April,Saturday,18:04,1,2,0,0,Angle,V1: Travelling straight ahead / V2: Travelling straight ahead,V1: S  / V2: E,Dry,Daylight,Clear,0,0,79,40,FALSE,41.94450501,-71.28411703
7323,4/20/2008,April,Sunday,12:50,1,1,0,0,Single vehicle crash,V1: 0,V1: 0,Dry,Dark - roadway not lighted,Clear,0,0,70,40,FALSE,41.94287092,-71.24940223
7324,4/20/2008,April,Sunday,16:47,1,1,0,0,Single vehicle crash,V1: Travelling straight ahead,V1: N,0,Daylight,Clear,0,0,70,40,FALSE,41.92607359,-71.28852661
7325,4/21/2008,April,Monday,12:15,2,4,2,0,Rear-end,V1: Travelling straight ahead / V2: Slowing or stopped in traffic / V3: Slowing or stopped in traffic / V4: Slowing or stopped in traffic,V1: N  / V2: N  / V3: N  / V4: N,Dry,Daylight,Clear,0,0,70,42,FALSE,41.89618753,-71.37039513
7326,4/21/2008,April,Monday,19:19,1,2,0,0,Angle,V1: Backing / V2: Parked,V1: N  / V2: 0,Dry,Dusk,Clear,0,0,70,42,FALSE,41.94395003,-71.2928535
7327,4/22/2008,April,Tuesday,3:07,1,2,0,0,Rear-end,V1: Travelling straight ahead / V2: Travelling straight ahead,V1: S  / V2: S,Dry,Daylight,Clear,0,0,75,39,FALSE,41.93306281,-71.28502226
7328,4/22/2008,April,Tuesday,16:45,1,2,0,0,Angle,V1: Entering traffic lane / V2: Travelling straight ahead,V1: W  / V2: S,Dry,Daylight,Clear,0,0,75,39,FALSE,41.9472108,-71.28786501
7329,4/22/2008,April,Tuesday,16:52,1,1,0,0,Single vehicle crash,V1: Making U-turn,V1: W,Dry,Daylight,Clear,0,0,75,39,FALSE,41.9121826,-71.36123066
7330,4/22/2008,April,Tuesday,19:00,1,2,0,0,Angle,V1: Entering traffic lane / V2: Travelling straight ahead,V1: N  / V2: E,Dry,Dusk,Clear,0,0,75,39,FALSE,34.24438675,-73.6513909
7331,4/23/2008,April,Wednesday,3:00,2,1,1,0,Single vehicle crash,V1: Leaving traffic lane,V1: W,Dry,Dark - lighted roadway,Clear,0,0,83,44,FALSE,41.93543919,-71.29784894
7332,4/23/2008,April,Wednesday,10:36,1,2,0,0,Angle,V1: Travelling straight ahead / V2: Travelling straight ahead,V1: S  / V2: W,Dry,Daylight,Rain,0,0,83,44,FALSE,41.94330896,-71.27265641
7333,4/23/2008,April,Wednesday,11:30,1,2,0,0,Angle,V1: Travelling straight ahead / V2: Travelling straight ahead,V1: N  / V2: W,Dry,Daylight,Clear,0,0,83,44,FALSE,41.94121777,-71.2768631
7334,4/23/2008,April,Wednesday,13:38,2,2,1,0,Rear-end,V1: Travelling straight ahead / V2: Travelling straight ahead,V1: N  / V2: 0,Dry,Daylight,Clear,0,0,83,44,FALSE,41.94518644,-71.2850651
7335,4/23/2008,April,Wednesday,16:56,2,2,1,0,Rear-end,V1: Slowing or stopped in traffic / V2: Slowing or stopped in traffic,V1: S  / V2: S,Dry,Daylight,Clear,0,0,83,44,FALSE,41.9552429,-71.30450333
7336,4/23/2008,April,Wednesday,17:30,2,2,1,0,Angle,V1: Turning left / V2: Travelling straight ahead,V1: W  / V2: S,Dry,Daylight,Clear,0,0,83,44,FALSE,41.91035947,-71.36314658
7337,4/23/2008,April,Wednesday,21:29,1,2,0,0,Rear-end,V1: Travelling straight ahead / V2: Slowing or stopped in traffic,V1: N  / V2: N,Dry,Dark - roadway not lighted,Clear,0,0,83,44,FALSE,41.95531464,-71.30387442
7338,4/24/2008,April,Thursday,14:03,2,2,1,0,Angle,V1: Turning left / V2: Travelling straight ahead,V1: S  / V2: N,Dry,Daylight,Clear,0,0,76,49,FALSE,41.90086769,-71.36799095
7339,4/24/2008,April,Thursday,17:26,2,3,1,0,Rear-end,V1: Travelling straight ahead / V2: Slowing or stopped in traffic / V3: Slowing or stopped in traffic,V1: N  / V2: N  / V3: N,Dry,Daylight,Cloudy,0,0,76,49,FALSE,41.925217,-71.287855
7340,4/25/2008,April,Friday,11:35,2,2,4,0,Rear-end,V1: Travelling straight ahead / V2: Changing lanes,V1: S  / V2: S,Dry,Dark - lighted roadway,Clear,0,0,76,38,FALSE,34.24438675,-73.6513909
7341,4/25/2008,April,Friday,14:20,1,2,0,0,Angle,V1: Backing / V2: Travelling straight ahead,V1: E  / V2: S,Dry,Daylight,Clear,0,0,76,38,FALSE,41.96678782,-71.29544761
7342,4/25/2008,April,Friday,16:58,1,2,0,0,Rear-end,V1: Travelling straight ahead / V2: Slowing or stopped in traffic,V1: N  / V2: N,Dry,Daylight,Cloudy,0,0,76,38,FALSE,41.89733197,-71.36979234
7343,4/26/2008,April,Saturday,10:54,1,2,0,0,"Sideswipe, same direction",V1: Travelling straight ahead / V2: Slowing or stopped in traffic,V1: E  / V2: E,Dry,Daylight,Clear,0,0,61,38,FALSE,41.90264507,-71.30688103
7344,4/27/2008,April,Sunday,9:00,2,2,2,0,Rear-end,V1: Slowing or stopped in traffic / V2: Travelling straight ahead,V1: E  / V2: E,Dry,Daylight,Clear,0.01,0,51,40,FALSE,41.94450501,-71.28411703
7345,4/28/2008,April,Monday,7:00,1,2,0,0,Rear-end,V1: Travelling straight ahead / V2: Travelling straight ahead,V1: S  / V2: S,Wet,Dawn,Cloudy/Rain,0.8,0,58,38,FALSE,41.90257689,-71.3560405
7346,4/28/2008,April,Monday,12:37,1,2,0,0,Angle,V1: Turning left / V2: Turning right,V1: N  / V2: S,Wet,Daylight,Rain,0.8,0,58,38,FALSE,41.93723012,-71.28375224
7347,4/29/2008,April,Tuesday,11:05,2,2,1,0,Rear-end,V1: Travelling straight ahead / V2: Slowing or stopped in traffic,V1: N  / V2: N,Wet,Daylight,Rain,1.15,0,61,38,FALSE,41.96926367,-71.2955242
7348,4/30/2008,April,Wednesday,5:45,1,2,0,0,"Sideswipe, same direction",V1: Travelling straight ahead / V2: Parked,V1: E  / V2: 0,Dry,Dawn,Clear,0,0,58,34,FALSE,41.91847392,-71.31189936
7349,4/30/2008,April,Wednesday,6:55,1,2,0,0,Angle,V1: Turning left / V2: Travelling straight ahead,V1: W  / V2: E,Dry,Daylight,Clear,0,0,58,34,FALSE,41.933861,-71.302259
7350,5/1/2008,May,Thursday,5:50,1,2,0,0,Rear-end,V1: Travelling straight ahead / V2: Slowing or stopped in traffic,V1: 0 / V2: 0,Dry,Daylight,Clear,0,0,64,29,TRUE,41.93394439,-71.3070192
7351,5/1/2008,May,Thursday,7:01,1,2,0,0,Angle,V1: Travelling straight ahead / V2: Travelling straight ahead,V1: W  / V2: S,Dry,Daylight,Clear,0,0,64,29,TRUE,41.93393836,-71.3077318
7352,5/1/2008,May,Thursday,7:57,1,2,0,0,Rear-end,V1: Travelling straight ahead / V2: Slowing or stopped in traffic,V1: N  / V2: 0,Dry,Daylight,Clear,0,0,64,29,TRUE,41.9483337,-71.27794679
7353,5/1/2008,May,Thursday,14:14,2,1,1,0,Single vehicle crash,V1: Travelling straight ahead,V1: S,Dry,Daylight,Clear,0,0,64,29,TRUE,41.96879769,-71.27394666
7354,5/1/2008,May,Thursday,17:10,1,2,0,0,Angle,V1: Turning left / V2: Travelling straight ahead,V1: S  / V2: N,Dry,Daylight,Clear,0,0,64,29,TRUE,41.93977665,-71.2846306
7355,5/1/2008,May,Thursday,17:34,1,2,0,0,Angle,V1: Entering traffic lane / V2: Travelling straight ahead,V1: S  / V2: E,Dry,Daylight,Clear,0,0,64,29,TRUE,41.94563994,-71.27937153
7356,5/1/2008,May,Thursday,17:51,1,2,0,0,Rear-end,V1: Travelling straight ahead / V2: Travelling straight ahead,V1: N  / V2: N,Dry,Daylight,Clear,0,0,64,29,TRUE,41.95814204,-71.28762358
7357,5/2/2008,May,Friday,9:58,1,2,0,0,Angle,V1: Turning right / V2: Travelling straight ahead,V1: S  / V2: N,Wet,Daylight,Cloudy,0.1,0,50,44,FALSE,41.96939377,-71.29355357
7358,5/2/2008,May,Friday,15:41,1,2,0,0,"Sideswipe, same direction",V1: Parked / V2: Travelling straight ahead,V1: W  / V2: W,Dry,Daylight,Clear,0.1,0,50,44,FALSE,41.94007226,-71.29032337
7359,5/2/2008,May,Friday,23:35,1,2,0,0,Angle,V1: Travelling straight ahead / V2: Turning left,V1: N  / V2: S,Dry,Dark - lighted roadway,Cloudy,0.1,0,50,44,FALSE,41.92797297,-71.35445174
7360,5/3/2008,May,Saturday,3:00,1,2,0,0,Rear-end,V1: Travelling straight ahead / V2: Slowing or stopped in traffic,V1: E  / V2: E,Wet,Daylight,Cloudy,0.14,0,47,43,FALSE,41.93397764,-71.31903245
7361,5/3/2008,May,Saturday,8:59,1,2,0,0,Rear-end,V1: 0 / V2: 0,V1: E  / V2: E,Wet,Daylight,Cloudy,0.14,0,47,43,FALSE,41.97015292,-71.29135147
7362,5/4/2008,May,Sunday,4:15,1,2,0,0,Angle,V1: Slowing or stopped in traffic / V2: Travelling straight ahead,V1: S  / V2: E,Dry,Daylight,Cloudy,0.08,0,53,44,FALSE,41.94234382,-71.27289652
7363,5/4/2008,May,Sunday,9:30,2,2,1,0,Rear-end,V1: Travelling straight ahead / V2: Turning right,V1: E  / V2: E,Wet,Daylight,Rain,0.08,0,53,44,FALSE,41.94450501,-71.28411703
7364,5/5/2008,May,Monday,6:47,2,2,1,0,Angle,V1: Travelling straight ahead / V2: Travelling straight ahead,V1: S  / V2: E,Dry,Daylight,Clear,0,0,72,43,FALSE,41.93513505,-71.30226265
7365,5/5/2008,May,Monday,13:02,2,2,1,0,Rear-end,V1: Travelling straight ahead / V2: Travelling straight ahead,V1: W  / V2: W,Dry,Daylight,Clear,0,0,72,43,FALSE,41.93357119,-71.30035285
7366,5/5/2008,May,Monday,17:34,2,2,1,0,Angle,V1: Travelling straight ahead / V2: Travelling straight ahead,V1: S  / V2: W,Dry,Daylight,Clear,0,0,72,43,FALSE,41.93840858,-71.28352591
7367,5/5/2008,May,Monday,18:03,1,2,0,0,Angle,V1: Backing / V2: Parked,V1: S  / V2: 0,Dry,Daylight,Clear,0,0,72,43,FALSE,41.92031935,-71.22862282
7368,5/5/2008,May,Monday,18:55,1,2,0,0,Angle,V1: Travelling straight ahead / V2: 0,V1: N  / V2: 0,Dry,Dusk,Clear,0,0,72,43,FALSE,41.90682772,-71.35704387
7369,5/5/2008,May,Monday,20:54,2,1,1,0,Single vehicle crash,V1: Leaving traffic lane,V1: E,Dry,Dark - lighted roadway,Clear,0,0,72,43,FALSE,41.90916749,-71.36827922
7370,5/6/2008,May,Tuesday,0:25,0,1,0,0,"Sideswipe, same direction",V1: Parked,V1: 0,Dry,Dark - lighted roadway,Clear,0,0,78,41,FALSE,41.91172557,-71.3209532
7371,5/6/2008,May,Tuesday,6:15,0,2,0,0,Angle,V1: Parked / V2: Backing,V1: 0 / V2: N,Dry,Daylight,Clear,0,0,78,41,FALSE,41.94679943,-71.28413794
7372,5/6/2008,May,Tuesday,6:25,2,2,1,0,Rear-end,V1: Slowing or stopped in traffic / V2: Turning left,V1: W  / V2: W,Dry,Daylight,Clear,0,0,78,41,FALSE,41.93742983,-71.26519759
7373,5/6/2008,May,Tuesday,8:45,2,2,1,0,Rear-end,V1: Travelling straight ahead / V2: Travelling straight ahead,V1: S  / V2: S,Dry,Dark - lighted roadway,Clear,0,0,78,41,FALSE,34.24438675,-73.6513909
7374,5/6/2008,May,Tuesday,15:10,1,2,0,0,Angle,V1: Travelling straight ahead / V2: Entering traffic lane,V1: 0 / V2: 0,Dry,Daylight,Clear,0,0,78,41,FALSE,41.946965,-71.27969955
7375,5/6/2008,May,Tuesday,17:40,1,2,0,0,Rear-end,V1: Slowing or stopped in traffic / V2: Slowing or stopped in traffic,V1: W  / V2: W,Dry,Daylight,Clear,0,0,78,41,FALSE,34.24438675,-73.6513909
7376,5/7/2008,May,Wednesday,5:33,1,2,0,0,Angle,V1: Travelling straight ahead / V2: Turning left,V1: W  / V2: S,Dry,Daylight,Clear,0,0,78,49,FALSE,41.9339911,-71.30301574
7377,5/7/2008,May,Wednesday,16:48,1,2,0,0,Angle,V1: Turning right / V2: Turning right,V1: W  / V2: N,Dry,Daylight,Clear,0,0,78,49,FALSE,41.95484304,-71.28856385
7378,5/7/2008,May,Wednesday,16:51,1,2,0,0,Angle,V1: Travelling straight ahead / V2: Turning left,V1: S  / V2: N,Dry,Daylight,Clear,0,0,78,49,FALSE,41.93628409,-71.28608551
7379,5/7/2008,May,Wednesday,18:04,1,2,0,0,Angle,V1: Travelling straight ahead / V2: Turning left,V1: S  / V2: N,Dry,Daylight,Clear,0,0,78,49,FALSE,41.97044177,-71.29130315
7380,5/8/2008,May,Thursday,10:03,1,2,0,0,"Sideswipe, same direction",V1: Travelling straight ahead / V2: Parked,V1: E  / V2: E,Wet,Daylight,Cloudy,0.13,0,76,55,FALSE,41.9404541,-71.28978122
7381,5/8/2008,May,Thursday,11:28,1,2,0,0,"Sideswipe, opposite direction",V1: Turning left / V2: Travelling straight ahead,V1: E  / V2: W,Wet,Daylight,Cloudy,0.13,0,76,55,FALSE,41.93269195,-71.32821357
7382,5/9/2008,May,Friday,4:15,1,2,0,0,Rear-end,V1: Slowing or stopped in traffic / V2: Travelling straight ahead,V1: S  / V2: S,Wet,Daylight,Cloudy,0.31,0,56,45,FALSE,34.24438675,-73.6513909
7383,5/9/2008,May,Friday,12:05,1,2,0,0,Angle,V1: Turning left / V2: Travelling straight ahead,V1: W  / V2: S,Wet,Daylight,Cloudy/Rain,0.31,0,56,45,FALSE,41.94591875,-71.28363134
7384,5/9/2008,May,Friday,12:14,1,2,0,0,Angle,V1: Turning left / V2: Travelling straight ahead,V1: W  / V2: S,Wet,Daylight,Cloudy/Rain,0.31,0,56,45,FALSE,41.90086769,-71.36799095
7385,5/9/2008,May,Friday,12:22,1,2,0,0,Angle,V1: Entering traffic lane / V2: Travelling straight ahead,V1: N  / V2: E,Wet,Daylight,Rain,0.31,0,56,45,FALSE,41.92001267,-71.35779707
7386,5/9/2008,May,Friday,13:11,1,2,0,0,Angle,V1: Turning left / V2: Travelling straight ahead,V1: E  / V2: S,Wet,Daylight,Rain,0.31,0,56,45,FALSE,41.9103186,-71.36316741
7387,5/9/2008,May,Friday,17:25,1,2,0,0,Rear-end,V1: Travelling straight ahead / V2: Slowing or stopped in traffic,V1: S  / V2: S,Wet,Daylight,Cloudy/Rain,0.31,0,56,45,FALSE,41.89860973,-71.36915309
7388,5/9/2008,May,Friday,21:35,1,1,0,0,Single vehicle crash,V1: Travelling straight ahead,V1: W,Wet,Dark - lighted roadway,Cloudy/Rain,0.31,0,56,45,FALSE,41.93528951,-71.2747745
7389,5/10/2008,May,Saturday,12:15,2,2,1,0,"Sideswipe, same direction",V1: Changing lanes / V2: Travelling straight ahead,V1: S  / V2: S,Wet,Dark - lighted roadway,Cloudy/Rain,0.01,0,60,41,FALSE,41.91035947,-71.36314658
7390,5/11/2008,May,Sunday,15:00,1,2,0,0,Angle,V1: Travelling straight ahead / V2: Turning left,V1: N  / V2: S,Dry,Daylight,Clear,0,0,64,37,FALSE,41.95949687,-71.28775942
7391,5/12/2008,May,Monday,0:47,2,1,1,0,Single vehicle crash,V1: Travelling straight ahead,V1: S,Dry,Dark - roadway not lighted,Clear,0,0,49,41,FALSE,41.93412176,-71.31974022
7392,5/12/2008,May,Monday,15:53,1,2,0,0,Rear-end,V1: Travelling straight ahead / V2: Slowing or stopped in traffic,V1: E  / V2: E,Dry,Daylight,Cloudy,0,0,49,41,FALSE,41.96945409,-71.29280678
7393,5/12/2008,May,Monday,19:57,1,2,0,0,"Sideswipe, same direction",V1: Other / V2: Travelling straight ahead,V1: S  / V2: S,Dry,Daylight,Clear,0,0,49,41,FALSE,41.9041938,-71.35056705
7394,5/13/2008,May,Tuesday,5:55,1,2,0,0,Rear-end,V1: Travelling straight ahead / V2: Travelling straight ahead,V1: N  / V2: N,Dry,Dawn,Clear,0,0,67,42,FALSE,41.93403258,-71.31898939
7395,5/13/2008,May,Tuesday,8:31,2,2,1,0,Rear-end,V1: Travelling straight ahead / V2: Slowing or stopped in traffic,V1: S  / V2: S,Dry,Daylight,Clear,0,0,67,42,FALSE,41.93608923,-71.296466
7396,5/14/2008,May,Wednesday,15:41,1,2,0,0,Rear-end,V1: Travelling straight ahead / V2: Travelling straight ahead,V1: N  / V2: 0,Dry,Daylight,Clear,0,0,70,37,FALSE,41.94450501,-71.28411703
7397,5/15/2008,May,Thursday,4:00,1,2,0,0,Rear-end,V1: Entering traffic lane / V2: Entering traffic lane,V1: S  / V2: S,Dry,Daylight,Clear,0,0,72,45,FALSE,41.92014285,-71.35719783
7398,5/15/2008,May,Thursday,15:21,2,2,1,0,Angle,V1: Turning left / V2: Travelling straight ahead,V1: S  / V2: W,Dry,Daylight,Cloudy,0,0,72,45,FALSE,41.94845803,-71.30212015
7399,5/15/2008,May,Thursday,18:12,2,2,2,0,Angle,V1: Travelling straight ahead / V2: Turning left,V1: S  / V2: E,Dry,Daylight,Cloudy,0,0,72,45,FALSE,41.91562886,-71.36047108
7400,5/16/2008,May,Friday,6:51,2,2,1,0,Head-on,V1: Leaving traffic lane / V2: Travelling straight ahead,V1: W  / V2: E,Dry,Daylight,Clear,0.37,0,61,46,FALSE,41.91174648,-71.26210569
7401,5/16/2008,May,Friday,10:43,1,2,0,0,Rear-end,V1: Travelling straight ahead / V2: Slowing or stopped in traffic,V1: S  / V2: S,Dry,Daylight,Clear,0.37,0,61,46,FALSE,41.94756455,-71.27685124
7402,5/16/2008,May,Friday,14:18,2,2,1,0,Angle,V1: Travelling straight ahead / V2: Slowing or stopped in traffic,V1: N  / V2: W,Dry,Daylight,Cloudy,0.37,0,61,46,FALSE,41.94231024,-71.28253433
7403,5/16/2008,May,Friday,15:10,0,2,0,0,Rear-end,V1: Travelling straight ahead / V2: Travelling straight ahead,V1: S  / V2: S,Wet,Daylight,Rain,0.37,0,61,46,FALSE,41.96643836,-71.29074265