ID,DATE,Month,Day of week,Crash Time,Crash Severity,Number of Vehicles,Total Nonfatal Injuries,Total Fatal Injuries,Manner of Collision,Vehicle Action Prior to Crash,Vehicle Travel Directions,Road Surface Condition,Ambient Light,Weather Condition,PRCP,SNOW,TMAX,TMIN,Ice,Longtitute,Latitute
7404,5/16/2008,May,Friday,17:36,1,3,0,0,Angle,V1: Entering traffic lane / V2: Travelling straight ahead / V3: Slowing or stopped in traffic,V1: E  / V2: N  / V3: W,Dry,Daylight,Clear,0.37,0,61,46,FALSE,41.93840858,-71.28352591
7405,5/16/2008,May,Friday,23:03,3,1,1,1,Single vehicle crash,V1: Travelling straight ahead,V1: E,Wet,Dark - lighted roadway,Cloudy/Rain,0.37,0,61,46,FALSE,41.90332789,-71.30428486
7406,5/17/2008,May,Saturday,6:22,2,1,1,0,Single vehicle crash,V1: Travelling straight ahead,V1: S,Wet,Dark - roadway not lighted,Rain,0.44,0,76,47,FALSE,41.92927402,-71.32377045
7407,5/17/2008,May,Saturday,16:05,2,2,1,0,Angle,V1: Entering traffic lane / V2: Travelling straight ahead,V1: W  / V2: N,Dry,Daylight,Clear,0.44,0,76,47,FALSE,41.91669215,-71.35994283
7408,5/17/2008,May,Saturday,17:00,0,2,0,0,Rear-end,V1: Travelling straight ahead / V2: Travelling straight ahead,V1: N  / V2: N,Dry,Daylight,Clear,0.44,0,76,47,FALSE,34.24438675,-73.6513909
7409,5/17/2008,May,Saturday,22:53,1,1,0,0,Single vehicle crash,V1: Travelling straight ahead,V1: N,Dry,Dark - roadway not lighted,Clear,0.44,0,76,47,FALSE,41.90231844,-71.35595143
7410,5/18/2008,May,Sunday,6:20,1,1,0,0,Single vehicle crash,V1: Travelling straight ahead,V1: S,Dry,Dawn,Clear,0.03,0,73,52,FALSE,41.90230457,-71.36725828
7411,5/19/2008,May,Monday,16:33,1,2,0,0,Rear-end,V1: Slowing or stopped in traffic / V2: Travelling straight ahead,V1: S  / V2: S,Wet,Daylight,Rain,0,0,61,46,FALSE,41.92644259,-71.35554103
7412,5/19/2008,May,Monday,17:40,1,2,0,0,Angle,V1: Turning left / V2: Travelling straight ahead,V1: S  / V2: W,Dry,Daylight,Clear,0,0,61,46,FALSE,41.93405012,-71.31579284
7413,5/20/2008,May,Tuesday,8:27,1,2,0,0,Angle,V1: Turning left / V2: Travelling straight ahead,V1: E  / V2: E,Dry,Daylight,Clear,0.23,0,65,42,FALSE,41.93383321,-71.30205873
7414,5/20/2008,May,Tuesday,8:44,2,3,1,0,Angle,V1: Turning left / V2: Travelling straight ahead / V3: Slowing or stopped in traffic,V1: E  / V2: W  / V3: S,Dry,Daylight,Clear,0.23,0,65,42,FALSE,41.94845803,-71.30212015
7415,5/20/2008,May,Tuesday,9:30,1,2,0,0,"Sideswipe, same direction",V1: Travelling straight ahead / V2: Changing lanes,V1: N  / V2: N,Dry,Daylight,Clear,0.23,0,65,42,FALSE,34.24438675,-73.6513909
7416,5/20/2008,May,Tuesday,16:35,2,2,1,0,Angle,V1: Travelling straight ahead / V2: Entering traffic lane,V1: W  / V2: S,Dry,Daylight,Cloudy,0.23,0,65,42,FALSE,41.95171629,-71.27167779
7417,5/20/2008,May,Tuesday,22:40,2,1,1,0,Single vehicle crash,V1: Travelling straight ahead,V1: N,Wet,Dark - lighted roadway,Cloudy,0.23,0,65,42,FALSE,41.94952436,-71.29817105
7418,5/21/2008,May,Wednesday,7:26,1,2,0,0,Angle,V1: Turning left / V2: Travelling straight ahead,V1: S  / V2: N,Dry,Daylight,Clear,0,0,71,47,FALSE,41.93386542,-71.30225536
7419,5/21/2008,May,Wednesday,15:55,1,2,0,0,Rear-end,V1: Slowing or stopped in traffic / V2: Travelling straight ahead,V1: 0 / V2: 0,Dry,Daylight,Clear,0,0,71,47,FALSE,41.94861042,-71.27758702
7420,5/22/2008,May,Thursday,3:21,1,2,0,0,Rear-end,V1: Travelling straight ahead / V2: Travelling straight ahead,V1: N  / V2: N,Dry,Dark - roadway not lighted,Clear,0,0,60,46,FALSE,41.91784523,-71.33187313
7421,5/22/2008,May,Thursday,4:45,0,2,0,0,Rear-end,V1: Turning right / V2: 0,V1: N  / V2: N,Dry,Daylight,Clear,0,0,60,46,FALSE,41.90500517,-71.33616438
7422,5/22/2008,May,Thursday,10:35,2,2,2,0,Angle,V1: Changing lanes / V2: Travelling straight ahead,V1: N  / V2: E,Dry,Daylight,Clear,0,0,60,46,FALSE,41.91982212,-71.35857678
7423,5/22/2008,May,Thursday,11:16,1,2,0,0,Angle,V1: Entering traffic lane / V2: Travelling straight ahead,V1: N  / V2: E,Wet,Daylight,Cloudy,0,0,60,46,FALSE,34.24438675,-73.6513909
7424,5/22/2008,May,Thursday,11:44,1,2,0,0,Angle,V1: Entering traffic lane / V2: Travelling straight ahead,V1: S  / V2: E,Dry,Daylight,Cloudy,0,0,60,46,FALSE,41.91723587,-71.37241026
7425,5/22/2008,May,Thursday,13:36,1,2,0,0,"Sideswipe, opposite direction",V1: Backing / V2: Parked,V1: 0 / V2: 0,Dry,Daylight,Clear,0,0,60,46,FALSE,41.94317731,-71.28426163
7426,5/22/2008,May,Thursday,15:45,2,3,1,0,Rear-end,V1: Travelling straight ahead / V2: Slowing or stopped in traffic / V3: Slowing or stopped in traffic,V1: E  / V2: E  / V3: E,Dry,Daylight,Clear,0,0,60,46,FALSE,41.93623387,-71.28481203
7427,5/23/2008,May,Friday,16:40,1,2,0,0,"Sideswipe, same direction",V1: Changing lanes / V2: Travelling straight ahead,V1: E  / V2: W,Dry,Daylight,Clear,0.01,0,73,43,FALSE,41.95123805,-71.27279331
7428,5/23/2008,May,Friday,19:20,1,2,0,0,"Sideswipe, same direction",V1: Changing lanes / V2: Travelling straight ahead,V1: S  / V2: S,Dry,Daylight,Cloudy,0.01,0,73,43,FALSE,41.9209176,-71.35727618
7429,5/24/2008,May,Saturday,17:12,2,3,2,0,Rear-end,V1: Turning left / V2: Slowing or stopped in traffic / V3: Travelling straight ahead,V1: S  / V2: S  / V3: S,Dry,Daylight,Clear,0,0,70,48,FALSE,41.91360772,-71.36150084
7430,5/24/2008,May,Saturday,20:13,2,2,6,0,Angle,V1: Travelling straight ahead / V2: Travelling straight ahead,V1: E  / V2: N,Dry,Dusk,Clear,0,0,70,48,FALSE,41.93269195,-71.32821357
7431,5/25/2008,May,Sunday,5:35,1,2,0,0,Rear-end,V1: Slowing or stopped in traffic / V2: Travelling straight ahead,V1: S  / V2: S,Dry,Daylight,Clear,0,0,78,46,FALSE,41.92387717,-71.35158914
7432,5/25/2008,May,Sunday,16:51,1,2,0,0,"Sideswipe, same direction",V1: Travelling straight ahead / V2: Parked,V1: W  / V2: 0,Dry,Daylight,Clear,0,0,78,46,FALSE,41.91522873,-71.37991885
7433,5/25/2008,May,Sunday,18:41,1,2,0,0,"Sideswipe, opposite direction",V1: Turning left / V2: Parked,V1: N  / V2: S,Dry,Daylight,Cloudy,0,0,78,46,FALSE,41.93584988,-71.28143838
7434,5/25/2008,May,Sunday,21:45,2,2,2,0,Angle,V1: Turning left / V2: Travelling straight ahead,V1: W  / V2: S,Dry,Dark - lighted roadway,Clear,0,0,78,46,FALSE,41.9103186,-71.36316741
7435,5/26/2008,May,Monday,17:48,1,3,0,0,Rear-end,V1: Slowing or stopped in traffic / V2: Slowing or stopped in traffic / V3: Slowing or stopped in traffic,V1: N  / V2: N  / V3: N,"Water (standing, moving)",Daylight,Clear,0,0,78,48,FALSE,41.90086769,-71.36799095
7436,5/27/2008,May,Tuesday,9:22,1,1,0,0,Single vehicle crash,V1: Travelling straight ahead,V1: N,Dry,Daylight,Clear,0.06,0,79,56,FALSE,41.93990242,-71.25141246
7437,5/27/2008,May,Tuesday,17:32,0,2,0,0,Rear-end,V1: Travelling straight ahead / V2: 0,V1: E  / V2: 0,Dry,Daylight,Clear,0.06,0,79,56,FALSE,34.24438675,-73.6513909
7438,5/28/2008,May,Wednesday,11:41,1,1,0,0,"Sideswipe, same direction",V1: Travelling straight ahead,V1: 0,Dry,Daylight,Clear,0,0,70,46,FALSE,41.95568853,-71.29631873
7439,5/28/2008,May,Wednesday,16:29,1,2,0,0,Angle,V1: Travelling straight ahead / V2: Turning left,V1: E  / V2: W,Dry,Daylight,Clear,0,0,70,46,FALSE,41.91982212,-71.35857678
7440,5/28/2008,May,Wednesday,18:00,1,2,0,0,Rear-end,V1: Slowing or stopped in traffic / V2: Travelling straight ahead,V1: S  / V2: S,Dry,Daylight,Clear,0,0,70,46,FALSE,41.93503657,-71.2848971
7441,5/29/2008,May,Thursday,15:50,2,3,1,0,Rear-end,V1: Slowing or stopped in traffic / V2: Travelling straight ahead / V3: Slowing or stopped in traffic,V1: E  / V2: E  / V3: E,Dry,Daylight,Clear,0,0,79,41,FALSE,41.9365932,-71.29539949
7442,5/29/2008,May,Thursday,17:40,1,2,0,0,Rear-end,V1: Travelling straight ahead / V2: Slowing or stopped in traffic,V1: E  / V2: E,Dry,Daylight,Clear,0,0,79,41,FALSE,41.93519151,-71.32895367
7443,5/30/2008,May,Friday,4:10,2,2,1,0,Rear-end,V1: Slowing or stopped in traffic / V2: Travelling straight ahead,V1: W  / V2: W,Dry,Daylight,Clear,0,0,78,51,FALSE,41.93409799,-71.31895722
7444,5/30/2008,May,Friday,8:19,0,2,0,0,Angle,V1: Entering traffic lane / V2: Travelling straight ahead,V1: S  / V2: S,Dry,Daylight,Clear,0,0,78,51,FALSE,41.90964751,-71.36351027
7445,5/30/2008,May,Friday,9:15,0,2,0,0,"Sideswipe, same direction",V1: Travelling straight ahead / V2: Travelling straight ahead,V1: S  / V2: S,0,Daylight,Clear,0,0,78,51,FALSE,41.93608923,-71.296466
7446,5/30/2008,May,Friday,12:50,0,2,0,0,Rear-end,V1: Backing / V2: 0,V1: 0 / V2: 0,Dry,Daylight,Clear,0,0,78,51,FALSE,41.9116967,-71.36048025
7447,5/30/2008,May,Friday,18:47,2,2,1,0,Head-on,V1: Turning left / V2: Travelling straight ahead,V1: S  / V2: N,Dry,Daylight,Cloudy,0,0,78,51,FALSE,41.91224608,-71.36218696
7448,5/31/2008,May,Saturday,15:31,2,2,1,0,Angle,V1: Travelling straight ahead / V2: Travelling straight ahead,V1: S  / V2: W,Dry,Daylight,Clear,0.01,0,69,58,FALSE,41.95090126,-71.27363051
7449,5/31/2008,May,Saturday,20:31,1,3,0,0,Rear-end,V1: Slowing or stopped in traffic / V2: Slowing or stopped in traffic / V3: Travelling straight ahead,V1: N  / V2: N  / V3: N,Wet,Dark - lighted roadway,Rain,0.01,0,69,58,FALSE,41.925087,-71.356283
7450,5/31/2008,May,Saturday,23:30,2,2,3,0,"Sideswipe, same direction",V1: Travelling straight ahead / V2: Travelling straight ahead,V1: N  / V2: 0,Dry,Dark - roadway not lighted,Clear,0.01,0,69,58,FALSE,34.24438675,-73.6513909
7451,6/1/2008,June,Sunday,9:48,1,1,0,0,Single vehicle crash,V1: Turning right,V1: N,Dry,Daylight,Clear,0.02,0,83,58,FALSE,41.93711096,-71.29262459
7452,6/1/2008,June,Sunday,12:05,1,2,0,0,Angle,V1: Turning left / V2: Travelling straight ahead,V1: E  / V2: W,Dry,Daylight,Clear,0.02,0,83,58,FALSE,41.96939377,-71.29355357
7453,6/1/2008,June,Sunday,12:40,0,2,0,0,Angle,V1: Travelling straight ahead / V2: 0,V1: E  / V2: E,0,Daylight,Clear,0.02,0,83,58,FALSE,41.91982212,-71.35857678
7454,6/1/2008,June,Sunday,12:45,1,2,0,0,Angle,V1: Travelling straight ahead / V2: Travelling straight ahead,V1: S  / V2: S,Dry,Daylight,Clear,0.02,0,83,58,FALSE,41.918905,-71.35897255
7455,6/2/2008,June,Monday,9:26,2,1,1,0,Single vehicle crash,V1: Travelling straight ahead,V1: S,Dry,Daylight,Clear,0,0,80,55,FALSE,41.93412176,-71.31974022
7456,6/2/2008,June,Monday,15:49,1,2,0,0,Angle,V1: Changing lanes / V2: Turning left,V1: S  / V2: S,Dry,Daylight,Clear,0,0,80,55,FALSE,41.91982212,-71.35857678
7457,6/2/2008,June,Monday,17:17,1,2,0,0,Rear-end,V1: Travelling straight ahead / V2: Slowing or stopped in traffic,V1: N  / V2: N,Dry,Daylight,Clear,0,0,80,55,FALSE,41.90236407,-71.35579656
7458,6/2/2008,June,Monday,20:35,1,2,0,0,Angle,V1: Travelling straight ahead / V2: Travelling straight ahead,V1: S  / V2: E,Dry,Dark - lighted roadway,Clear,0,0,80,55,FALSE,41.94450501,-71.28411703
7459,6/3/2008,June,Tuesday,11:20,1,2,0,0,Rear-end,V1: Travelling straight ahead / V2: Slowing or stopped in traffic,V1: N  / V2: N,Dry,Daylight,Clear,0,0,87,52,FALSE,41.8967317,-71.37009522
7460,6/3/2008,June,Tuesday,11:43,1,1,0,0,Single vehicle crash,V1: Slowing or stopped in traffic,V1: E,Dry,Daylight,Clear,0,0,87,52,FALSE,41.93398011,-71.31150783
7461,6/3/2008,June,Tuesday,15:12,1,2,0,0,Rear-end,V1: 0 / V2: 0,V1: N  / V2: 0,Dry,Daylight,Clear,0,0,87,52,FALSE,41.897161,-71.373856
7462,6/3/2008,June,Tuesday,16:47,1,2,0,0,Angle,V1: Travelling straight ahead / V2: Slowing or stopped in traffic,V1: W  / V2: S,Dry,Daylight,Cloudy,0,0,87,52,FALSE,41.94234382,-71.27289652
7463,6/4/2008,June,Wednesday,9:00,2,2,1,0,Rear-end,V1: Slowing or stopped in traffic / V2: Slowing or stopped in traffic,V1: S  / V2: S,Wet,Daylight,Rain,0.44,0,65,56,FALSE,41.95511691,-71.30458814
7464,6/4/2008,June,Wednesday,10:46,1,3,0,0,Angle,V1: Turning left / V2: Travelling straight ahead / V3: Parked,V1: S  / V2: W  / V3: 0,Wet,Daylight,Rain,0.44,0,65,56,FALSE,41.93358571,-71.32352844
7465,6/4/2008,June,Wednesday,11:51,2,2,1,0,Rear-end,V1: Travelling straight ahead / V2: Slowing or stopped in traffic,V1: N  / V2: N,Wet,Daylight,Rain,0.44,0,65,56,FALSE,41.90998013,-71.35802082
7466,6/4/2008,June,Wednesday,20:27,2,1,1,0,Single vehicle crash,V1: Changing lanes,V1: S,Wet,Dark - roadway not lighted,Rain,0.44,0,65,56,FALSE,41.90261292,-71.35590916
7467,6/5/2008,June,Thursday,2:00,0,2,0,0,Rear-end,V1: Travelling straight ahead / V2: Travelling straight ahead,V1: S  / V2: S,Wet,Dusk,Rain,0.02,0,57,51,FALSE,34.24438675,-73.6513909
7468,6/5/2008,June,Thursday,8:50,2,2,1,0,Rear-end,V1: Travelling straight ahead / V2: Slowing or stopped in traffic,V1: N  / V2: N,Dry,Daylight,Clear,0.02,0,57,51,FALSE,41.9348634,-71.29887283
7469,6/5/2008,June,Thursday,9:13,1,2,0,0,Angle,V1: Travelling straight ahead / V2: Travelling straight ahead,V1: N  / V2: E,Wet,Daylight,Cloudy,0.02,0,57,51,FALSE,41.93528504,-71.29579463
7470,6/5/2008,June,Thursday,13:30,1,1,0,0,Angle,V1: Turning left,V1: E,Wet,Daylight,Cloudy/Rain,0.02,0,57,51,FALSE,41.9348634,-71.29887283
7471,6/5/2008,June,Thursday,17:30,1,2,0,0,Angle,V1: Travelling straight ahead / V2: Turning left,V1: W  / V2: S,Wet,Daylight,Rain,0.02,0,57,51,FALSE,41.9348634,-71.29887283
7472,6/6/2008,June,Friday,5:53,2,3,1,0,Rear-end,V1: Turning left / V2: Travelling straight ahead / V3: Travelling straight ahead,V1: S  / V2: N  / V3: N,Wet,Daylight,Rain,0.11,0,61,50,FALSE,41.94140605,-71.28436439
7473,6/6/2008,June,Friday,15:08,1,1,0,0,Single vehicle crash,V1: Turning right,V1: S,Dry,Daylight,Clear,0.11,0,61,50,FALSE,41.89869865,-71.36913569
7474,6/6/2008,June,Friday,18:05,2,1,1,0,Angle,V1: Travelling straight ahead,V1: S,Dry,Daylight,Cloudy,0.11,0,61,50,FALSE,41.90623485,-71.31714397
7475,6/7/2008,June,Saturday,11:20,1,2,0,0,Angle,V1: Turning right / V2: Travelling straight ahead,V1: W  / V2: E,Dry,Daylight,Clear,0,0,93,55,FALSE,41.94785284,-71.27857188
7476,6/7/2008,June,Saturday,11:26,1,2,0,0,Single vehicle crash,V1: Travelling straight ahead / V2: Travelling straight ahead,V1: S  / V2: S,Dry,Daylight,Clear,0,0,93,55,FALSE,41.93089515,-71.35305308
7477,6/9/2008,June,Monday,7:56,1,2,0,0,Rear-end,V1: Backing / V2: Slowing or stopped in traffic,V1: S  / V2: S,Dry,Daylight,Clear,0,0,99,70,FALSE,41.93276047,-71.29660964
7478,6/9/2008,June,Monday,8:37,2,2,1,0,Rear-end,V1: Slowing or stopped in traffic / V2: Slowing or stopped in traffic,V1: E  / V2: E,Dry,Daylight,Clear,0,0,99,70,FALSE,34.24438675,-73.6513909
7479,6/9/2008,June,Monday,9:22,1,1,0,0,Single vehicle crash,V1: Travelling straight ahead,V1: N,Dry,Daylight,Clear,0,0,99,70,FALSE,41.93403258,-71.31898939
7480,6/9/2008,June,Monday,14:48,1,2,0,0,0,V1: Backing / V2: Slowing or stopped in traffic,V1: E  / V2: E,Dry,Daylight,Rain,0,0,99,70,FALSE,41.92446027,-71.28906706
7481,6/9/2008,June,Monday,14:58,1,2,0,0,Angle,V1: Backing / V2: Travelling straight ahead,V1: E  / V2: S,Dry,Daylight,Clear,0,0,99,70,FALSE,41.91006616,-71.36329606
7482,6/9/2008,June,Monday,18:00,1,2,0,0,Rear-end,V1: Travelling straight ahead / V2: Travelling straight ahead,V1: N  / V2: N,Dry,Daylight,Clear,0,0,99,70,FALSE,34.24438675,-73.6513909
7483,6/9/2008,June,Monday,18:43,1,2,0,0,Angle,V1: Travelling straight ahead / V2: Travelling straight ahead,V1: E  / V2: E,Dry,Daylight,Clear,0,0,99,70,FALSE,34.24438675,-73.6513909
7484,6/9/2008,June,Monday,20:33,2,2,4,0,Head-on,V1: Turning left / V2: Travelling straight ahead,V1: N  / V2: S,Dry,Daylight,Clear,0,0,99,70,FALSE,41.90998013,-71.35802082
7485,6/10/2008,June,Tuesday,8:45,2,2,2,0,Angle,V1: Travelling straight ahead / V2: Travelling straight ahead,V1: 0 / V2: 0,Dry,Daylight,Clear,0,0,101,70,FALSE,41.94330896,-71.27265641
7486,6/10/2008,June,Tuesday,8:55,1,2,0,0,Angle,V1: Turning left / V2: Travelling straight ahead,V1: S  / V2: S,Dry,Daylight,Clear,0,0,101,70,FALSE,41.89870928,-71.36909739
7487,6/10/2008,June,Tuesday,16:26,1,1,0,0,"Sideswipe, same direction",V1: Turning left,V1: E,Dry,Daylight,Clear,0,0,101,70,FALSE,41.9374227,-71.29402673
7488,6/11/2008,June,Wednesday,7:44,2,1,1,0,Single vehicle crash,V1: Changing lanes,V1: S,Dry,Daylight,Clear,0,0,89,68,FALSE,41.92927402,-71.32377045
7489,6/11/2008,June,Wednesday,10:10,2,2,1,0,Rear-end,V1: Travelling straight ahead / V2: Slowing or stopped in traffic,V1: S  / V2: S,Dry,Daylight,Clear,0,0,89,68,FALSE,41.90956251,-71.35789661
7490,6/11/2008,June,Wednesday,11:40,2,1,1,0,Single vehicle crash,V1: Travelling straight ahead,V1: S,Dry,Daylight,Clear,0,0,89,68,FALSE,41.9416045,-71.2791645
7491,6/11/2008,June,Wednesday,17:08,1,2,0,0,Rear-end,V1: Travelling straight ahead / V2: Slowing or stopped in traffic,V1: W  / V2: W,Dry,Daylight,Clear,0,0,89,68,FALSE,41.90964751,-71.36351027
7492,6/12/2008,June,Thursday,7:30,2,2,1,0,Rear-end,V1: Slowing or stopped in traffic / V2: Travelling straight ahead,V1: 0 / V2: 0,Dry,Daylight,Clear,0,0,83,56,FALSE,34.24438675,-73.6513909
7493,6/12/2008,June,Thursday,7:35,1,2,0,0,Rear-end,V1: Slowing or stopped in traffic / V2: Slowing or stopped in traffic,V1: S  / V2: S,Dry,Daylight,Clear,0,0,83,56,FALSE,41.90257689,-71.3560405
7494,6/13/2008,June,Friday,9:22,1,2,0,0,0,V1: Backing / V2: Travelling straight ahead,V1: E  / V2: E,Dry,Daylight,Clear,0,0,86,55,FALSE,41.94161856,-71.27925093
7495,6/13/2008,June,Friday,13:20,2,1,1,0,Single vehicle crash,V1: Travelling straight ahead,V1: N,Dry,Daylight,Clear,0,0,86,55,FALSE,41.9551797,-71.30390154
7496,6/13/2008,June,Friday,16:30,1,2,0,0,Angle,V1: Turning left / V2: Turning left,V1: 0 / V2: 0,Dry,Daylight,Clear,0,0,86,55,FALSE,41.93405012,-71.31579284
7497,6/13/2008,June,Friday,16:48,2,2,1,0,Rear-end,V1: Travelling straight ahead / V2: Travelling straight ahead,V1: N  / V2: N,Dry,Daylight,Clear,0,0,86,55,FALSE,34.24438675,-73.6513909
7498,6/14/2008,June,Saturday,16:30,1,2,0,0,Angle,V1: Travelling straight ahead / V2: Travelling straight ahead,V1: W  / V2: S,Dry,Daylight,Clear,0,0,87,56,FALSE,41.93249146,-71.28641665
7499,6/15/2008,June,Sunday,1:05,1,1,0,0,Single vehicle crash,V1: Travelling straight ahead,V1: S,Dry,Dark - lighted roadway,Clear,0.56,0,67,55,FALSE,41.90985903,-71.36448456
7500,6/16/2008,June,Monday,0:45,1,1,0,0,Head-on,V1: Travelling straight ahead,V1: E,Wet,Dark - lighted roadway,Cloudy/Rain,0.79,0,66,58,FALSE,41.95387946,-71.2650913
7501,6/16/2008,June,Monday,14:55,1,1,0,0,Single vehicle crash,V1: Travelling straight ahead,V1: S,Wet,Daylight,Cloudy,0.79,0,66,58,FALSE,41.954561,-71.310233
7502,6/17/2008,June,Tuesday,15:26,1,2,0,0,Angle,V1: Travelling straight ahead / V2: Turning left,V1: S  / V2: N,Dry,Daylight,Clear,0.23,0,83,58,FALSE,41.90086769,-71.36799095
7503,6/17/2008,June,Tuesday,15:32,1,2,0,0,Rear-end,V1: Travelling straight ahead / V2: Slowing or stopped in traffic,V1: E  / V2: E,Dry,Daylight,Clear,0.23,0,83,58,FALSE,41.95437986,-71.25499915
7504,6/18/2008,June,Wednesday,5:30,0,2,0,0,Angle,V1: Travelling straight ahead / V2: Turning left,V1: E  / V2: S,Dry,Daylight,Clear,0.02,0,75,51,FALSE,41.90964751,-71.36351027
7505,6/18/2008,June,Wednesday,6:45,1,2,0,0,Angle,V1: Backing / V2: Travelling straight ahead,V1: 0 / V2: N,Dry,Daylight,Clear,0.02,0,75,51,FALSE,41.93882602,-71.265451
7506,6/18/2008,June,Wednesday,16:47,2,3,2,0,Angle,V1: Turning left / V2: Travelling straight ahead / V3: Slowing or stopped in traffic,V1: S  / V2: N  / V3: W,Dry,Daylight,Clear,0.02,0,75,51,FALSE,41.9483337,-71.27794679
7507,6/18/2008,June,Wednesday,20:44,1,2,0,0,Rear-end,V1: Travelling straight ahead / V2: Travelling straight ahead,V1: S  / V2: S,Wet,Dark - lighted roadway,Cloudy/Rain,0.02,0,75,51,FALSE,41.89957536,-71.35529347
7508,6/19/2008,June,Thursday,8:18,1,2,0,0,Rear-end,V1: Travelling straight ahead / V2: Slowing or stopped in traffic,V1: W  / V2: W,Dry,Daylight,Cloudy,0,0,78,55,FALSE,41.9341021,-71.30369928
7509,6/20/2008,June,Friday,15:19,1,3,0,0,Rear-end,V1: Slowing or stopped in traffic / V2: Slowing or stopped in traffic / V3: Slowing or stopped in traffic,V1: S  / V2: S  / V3: S,Dry,Daylight,Clear,0.15,0,81,53,FALSE,41.96536072,-71.290093
7510,6/20/2008,June,Friday,16:57,1,2,0,0,Angle,V1: Travelling straight ahead / V2: Turning left,V1: N  / V2: W,Dry,Daylight,Clear,0.15,0,81,53,FALSE,41.91172369,-71.26137322
7511,6/20/2008,June,Friday,17:25,2,2,1,0,Rear-end,V1: Slowing or stopped in traffic / V2: Slowing or stopped in traffic,V1: E  / V2: E,Dry,Daylight,Clear,0.15,0,81,53,FALSE,41.95026372,-71.2985466
7512,6/20/2008,June,Friday,18:24,1,3,0,0,0,V1: Travelling straight ahead / V2: Travelling straight ahead / V3: Travelling straight ahead,V1: S  / V2: S  / V3: S,Other,Daylight,Clear,0.15,0,81,53,FALSE,41.92927402,-71.32377045
7513,6/20/2008,June,Friday,20:25,1,2,0,0,Angle,V1: Travelling straight ahead / V2: Travelling straight ahead,V1: N  / V2: N,Wet,Dark - lighted roadway,Cloudy/Rain,0.15,0,81,53,FALSE,41.967217,-71.258413
7514,6/20/2008,June,Friday,20:37,1,2,0,0,Rear-end,V1: Travelling straight ahead / V2: Slowing or stopped in traffic,V1: E  / V2: E,Wet,Dusk,Rain,0.15,0,81,53,FALSE,41.969394,-71.293554
7515,6/20/2008,June,Friday,22:30,2,1,1,0,Single vehicle crash,V1: Travelling straight ahead,V1: W,Wet,Dark - lighted roadway,Cloudy/Rain,0.15,0,81,53,FALSE,41.90919831,-71.28849397
7516,6/21/2008,June,Saturday,18:21,2,1,1,0,Single vehicle crash,V1: Travelling straight ahead,V1: 0,Dry,Daylight,Clear,0,0,85,61,FALSE,41.91885342,-71.24956387
7517,6/22/2008,June,Sunday,4:45,1,2,0,0,Rear-end,V1: Travelling straight ahead / V2: Travelling straight ahead,V1: S  / V2: S,Dry,Dawn,Clear,0.12,0,81,64,FALSE,41.95531464,-71.30387442
7518,6/22/2008,June,Sunday,15:15,1,2,0,0,Rear-end,V1: Slowing or stopped in traffic / V2: Slowing or stopped in traffic,V1: N  / V2: N,Dry,Daylight,Clear,0.12,0,81,64,FALSE,41.92797297,-71.35445174
7519,6/23/2008,June,Monday,17:54,1,1,0,0,Single vehicle crash,V1: Travelling straight ahead,V1: E,Dry,Daylight,Cloudy,0.02,0,79,66,FALSE,41.92066634,-71.31049493
7520,6/23/2008,June,Monday,19:23,1,2,0,0,Rear-end,V1: Travelling straight ahead / V2: Turning left,V1: N  / V2: N,Wet,Daylight,Cloudy,0.02,0,79,66,FALSE,41.91543786,-71.35898719
7521,6/23/2008,June,Monday,19:37,1,2,0,0,Angle,V1: Travelling straight ahead / V2: Turning left,V1: W  / V2: E,Dry,Daylight,Cloudy,0.02,0,79,66,FALSE,41.93601097,-71.28269451
7522,6/23/2008,June,Monday,23:06,1,2,0,0,Angle,V1: Travelling straight ahead / V2: Travelling straight ahead,V1: W  / V2: S,Wet,Dark - lighted roadway,Cloudy,0.02,0,79,66,FALSE,41.944701,-71.2824263
7523,6/24/2008,June,Tuesday,3:46,1,1,0,0,Single vehicle crash,V1: Leaving traffic lane,V1: N,Dry,Dark - lighted roadway,Clear,1.14,0,83,59,FALSE,41.92074399,-71.3385237
7524,6/24/2008,June,Tuesday,8:18,1,1,0,0,Single vehicle crash,V1: Travelling straight ahead,V1: W,Snow,Daylight,Clear,1.14,0,83,59,FALSE,41.95320805,-71.27772437
7525,6/24/2008,June,Tuesday,18:11,1,1,0,0,Single vehicle crash,V1: Travelling straight ahead,V1: W,Wet,Daylight,Rain,1.14,0,83,59,FALSE,41.94908027,-71.29279009
7526,6/24/2008,June,Tuesday,22:16,1,2,0,0,Rear-end,V1: Turning left / V2: Travelling straight ahead,V1: 0 / V2: 0,Dry,Dusk,Clear,1.14,0,83,59,FALSE,41.93363156,-71.30076394
7527,6/25/2008,June,Wednesday,0:14,1,2,0,0,Head-on,V1: Travelling straight ahead / V2: Travelling straight ahead,V1: S  / V2: N,Dry,Dark - lighted roadway,Clear,0,0,85,58,FALSE,41.95366875,-71.26596135
7528,6/25/2008,June,Wednesday,5:35,1,2,0,0,"Sideswipe, same direction",V1: Changing lanes / V2: Travelling straight ahead,V1: E  / V2: E,Dry,Daylight,Clear,0,0,85,58,FALSE,41.91982212,-71.35857678
7529,6/25/2008,June,Wednesday,13:50,2,2,1,0,Angle,V1: Turning left / V2: Travelling straight ahead,V1: S  / V2: N,Dry,Daylight,Clear,0,0,85,58,FALSE,41.92044715,-71.35830361
7530,6/25/2008,June,Wednesday,16:41,2,2,2,0,Angle,V1: Travelling straight ahead / V2: Travelling straight ahead,V1: W  / V2: S,Dry,Daylight,Clear,0,0,85,58,FALSE,41.93808003,-71.27597724