ID,DATE,Month,Day of week,Crash Time,Crash Severity,Number of Vehicles,Total Nonfatal Injuries,Total Fatal Injuries,Manner of Collision,Vehicle Action Prior to Crash,Vehicle Travel Directions,Road Surface Condition,Ambient Light,Weather Condition,PRCP,SNOW,TMAX,TMIN,Ice,Longtitute,Latitute
7531,6/25/2008,June,Wednesday,17:35,1,2,0,0,Rear-end,V1: Travelling straight ahead / V2: Slowing or stopped in traffic,V1: S  / V2: S,Dry,Daylight,Cloudy,0,0,85,58,FALSE,41.89966,-71.355179
7532,6/25/2008,June,Wednesday,18:01,1,2,0,0,Rear-end,V1: Slowing or stopped in traffic / V2: Travelling straight ahead,V1: N  / V2: N,Dry,Daylight,Clear,0,0,85,58,FALSE,41.94287643,-71.28430687
7533,6/25/2008,June,Wednesday,20:18,1,2,0,0,Angle,V1: Backing / V2: Parked,V1: W  / V2: 0,Dry,Daylight,Clear,0,0,85,58,FALSE,41.93650312,-71.29183418
7534,6/26/2008,June,Thursday,12:23,1,2,0,0,Angle,V1: 0 / V2: 0,V1: S  / V2: S,Dry,Daylight,Clear,0.02,0,80,59,FALSE,41.92508738,-71.35628348
7535,6/26/2008,June,Thursday,21:37,2,2,2,0,Angle,V1: Travelling straight ahead / V2: Turning left,V1: E  / V2: S,Dry,Dark - lighted roadway,Clear,0.02,0,80,59,FALSE,41.93363156,-71.30076394
7536,6/27/2008,June,Friday,9:05,1,2,0,0,Rear-end,V1: Travelling straight ahead / V2: Travelling straight ahead,V1: W  / V2: W,Dry,Daylight,Cloudy,0,0,87,63,FALSE,41.93405012,-71.31579284
7537,6/27/2008,June,Friday,15:32,1,2,0,0,Angle,V1: Travelling straight ahead / V2: Turning left,V1: W  / V2: S,Dry,Daylight,Cloudy,0,0,87,63,FALSE,41.92521765,-71.28783389
7538,6/29/2008,June,Sunday,16:21,1,2,0,0,Angle,V1: Travelling straight ahead / V2: Turning left,V1: N  / V2: S,Dry,Daylight,Clear,0,0,90,64,FALSE,34.24438675,-73.6513909
7539,6/29/2008,June,Sunday,17:14,2,2,1,0,Rear-end,V1: Travelling straight ahead / V2: Slowing or stopped in traffic,V1: W  / V2: W,Dry,Daylight,Clear,0,0,90,64,FALSE,41.95305339,-71.27718856
7540,6/29/2008,June,Sunday,19:37,2,2,1,0,Angle,V1: Turning right / V2: Travelling straight ahead,V1: N  / V2: N,Dry,Daylight,Clear,0,0,90,64,FALSE,34.24438675,-73.6513909
7541,6/30/2008,June,Monday,10:18,1,2,0,0,Angle,V1: Turning right / V2: Parked,V1: S  / V2: 0,Dry,Daylight,Clear,0.05,0,89,68,FALSE,41.94896349,-71.27713653
7542,6/30/2008,June,Monday,15:06,1,2,0,0,"Sideswipe, same direction",V1: Turning right / V2: Travelling straight ahead,V1: S  / V2: S,Dry,Daylight,Clear,0.05,0,89,68,FALSE,41.91195975,-71.25874327
7543,7/1/2008,July,Tuesday,14:59,1,2,0,0,Rear-end,V1: Slowing or stopped in traffic / V2: Slowing or stopped in traffic,V1: E  / V2: E,Dry,Daylight,Clear,0,0,87,66,FALSE,41.91982212,-71.35857678
7544,7/1/2008,July,Tuesday,16:40,1,2,0,0,Rear-end,V1: Travelling straight ahead / V2: Travelling straight ahead,V1: N  / V2: N,Dry,Daylight,Cloudy,0,0,87,66,FALSE,41.961236,-71.28795
7545,7/1/2008,July,Tuesday,23:26,1,2,0,0,Angle,V1: Entering traffic lane / V2: Travelling straight ahead,V1: S  / V2: S,Dry,Dark - lighted roadway,Cloudy,0,0,87,66,FALSE,41.93528504,-71.29579463
7546,7/2/2008,July,Wednesday,4:48,1,2,0,0,Rear-end,V1: Travelling straight ahead / V2: Slowing or stopped in traffic,V1: W  / V2: W,Dry,Daylight,Clear,0.17,0,87,65,FALSE,41.93269195,-71.32821357
7547,7/2/2008,July,Wednesday,8:31,1,2,0,0,Rear-end,V1: Slowing or stopped in traffic / V2: Slowing or stopped in traffic,V1: W  / V2: W,Dry,Daylight,Clear,0.17,0,87,65,FALSE,41.94344652,-71.28559566
7548,7/3/2008,July,Thursday,7:54,1,2,0,0,Angle,V1: Backing / V2: Travelling straight ahead,V1: 0 / V2: 0,Dry,Daylight,Clear,0,0,86,63,FALSE,41.90971613,-71.36633979
7549,7/3/2008,July,Thursday,8:19,1,2,0,0,"Sideswipe, same direction",V1: Travelling straight ahead / V2: Parked,V1: N  / V2: 0,Dry,Daylight,Clear,0,0,86,63,FALSE,41.94379289,-71.27559124
7550,7/3/2008,July,Thursday,14:45,2,2,2,0,Angle,V1: Travelling straight ahead / V2: Turning left,V1: 0 / V2: 0,Dry,Daylight,Clear,0,0,86,63,FALSE,41.95451461,-71.24992613
7551,7/3/2008,July,Thursday,16:26,2,1,1,0,Angle,V1: Travelling straight ahead,V1: N,Dry,Daylight,Clear,0,0,86,63,FALSE,41.90953798,-71.30247418
7552,7/4/2008,July,Friday,5:05,1,2,0,0,Angle,V1: Changing lanes / V2: Travelling straight ahead,V1: S  / V2: S,Dry,Daylight,Clear,0.29,0,72,63,FALSE,41.91982212,-71.35857678
7553,7/4/2008,July,Friday,21:59,1,2,0,0,Rear-end,V1: Slowing or stopped in traffic / V2: Travelling straight ahead,V1: W  / V2: W,Dry,Dark - lighted roadway,Cloudy,0.29,0,72,63,FALSE,41.94245198,-71.28698244
7554,7/5/2008,July,Saturday,2:48,1,1,0,0,Single vehicle crash,V1: Other,V1: N,Wet,Dark - lighted roadway,Rain,0.14,0,70,63,FALSE,41.95517465,-71.30396867
7555,7/5/2008,July,Saturday,18:41,1,2,0,0,Angle,V1: Travelling straight ahead / V2: Turning left,V1: W  / V2: E,Dry,Daylight,Clear,0.14,0,70,63,FALSE,41.94757814,-71.27890389
7556,7/6/2008,July,Sunday,16:15,1,1,0,0,Single vehicle crash,V1: Turning left,V1: N,Dry,Daylight,Clear,0,0,83,66,FALSE,41.93049102,-71.26034109
7557,7/7/2008,July,Monday,8:00,1,2,0,0,Angle,V1: Travelling straight ahead / V2: Backing,V1: W  / V2: 0,Dry,Daylight,Clear,0,0,87,69,FALSE,41.95369264,-71.28646497
7558,7/7/2008,July,Monday,19:48,2,1,1,0,Single vehicle crash,V1: Travelling straight ahead,V1: S,Dry,Daylight,Clear,0,0,87,69,FALSE,41.89869865,-71.36913569
7559,7/8/2008,July,Tuesday,15:51,1,2,0,0,Rear-end,V1: Travelling straight ahead / V2: Turning left,V1: S  / V2: S,Dry,Daylight,Clear,0,0,90,70,FALSE,41.91356192,-71.25827206
7560,7/9/2008,July,Wednesday,6:40,1,2,0,0,Rear-end,V1: Travelling straight ahead / V2: Slowing or stopped in traffic,V1: E  / V2: E,Dry,Daylight,Clear,0,0,89,70,FALSE,34.24438675,-73.6513909
7561,7/9/2008,July,Wednesday,7:26,1,2,0,0,Rear-end,V1: Travelling straight ahead / V2: Travelling straight ahead,V1: N  / V2: N,Dry,Daylight,Clear,0,0,89,70,FALSE,34.24438675,-73.6513909
7562,7/9/2008,July,Wednesday,13:40,1,2,0,0,Angle,V1: Turning left / V2: Travelling straight ahead,V1: E  / V2: W,Dry,Daylight,Clear,0,0,89,70,FALSE,41.95260993,-71.26978522
7563,7/10/2008,July,Thursday,7:32,2,2,2,0,Angle,V1: Travelling straight ahead / V2: Travelling straight ahead,V1: S  / V2: E,Dry,Daylight,Clear,0,0,86,64,FALSE,41.93623387,-71.28481203
7564,7/10/2008,July,Thursday,14:24,1,2,0,0,Angle,V1: Travelling straight ahead / V2: Travelling straight ahead,V1: S  / V2: E,Dry,Daylight,Clear,0,0,86,64,FALSE,41.93357119,-71.30035285
7565,7/10/2008,July,Thursday,17:14,1,2,0,0,"Sideswipe, same direction",V1: Parked / V2: Travelling straight ahead,V1: S  / V2: S,Dry,Daylight,Clear,0,0,86,64,FALSE,41.94446601,-71.28177785
7566,7/10/2008,July,Thursday,20:41,1,2,0,0,Rear-end,V1: Slowing or stopped in traffic / V2: Travelling straight ahead,V1: 0 / V2: 0,Dry,Dusk,Clear,0,0,86,64,FALSE,41.89541252,-71.37076533
7567,7/11/2008,July,Friday,19:15,1,2,0,0,Angle,V1: Turning left / V2: Travelling straight ahead,V1: E  / V2: S,Dry,Daylight,Clear,0,0,84,58,FALSE,41.93821188,-71.25002331
7568,7/13/2008,July,Sunday,21:27,2,1,1,0,Single vehicle crash,V1: Travelling straight ahead,V1: N,Dry,Dark - lighted roadway,Clear,0,0,84,67,FALSE,41.93403258,-71.31898939
7569,7/13/2008,July,Sunday,21:45,1,1,0,0,Single vehicle crash,V1: Travelling straight ahead,V1: E,Dry,Dusk,Clear,0,0,84,67,FALSE,41.94413491,-71.27260127
7570,7/15/2008,July,Tuesday,5:45,2,2,1,0,Rear-end,V1: 0 / V2: 0,V1: N  / V2: 0,Dry,Dawn,Clear,0,0,91,64,FALSE,41.90231844,-71.35595143
7571,7/16/2008,July,Wednesday,9:47,1,2,0,0,Angle,V1: Turning left / V2: Travelling straight ahead,V1: S  / V2: E,Dry,Daylight,Clear,0,0,93,61,FALSE,41.9483337,-71.27794679
7572,7/16/2008,July,Wednesday,17:30,1,2,0,0,Rear-end,V1: Travelling straight ahead / V2: Travelling straight ahead,V1: E  / V2: 0,Dry,Daylight,Clear,0,0,93,61,FALSE,41.93401006,-71.31411507
7573,7/16/2008,July,Wednesday,23:50,1,2,0,0,Rear-end,V1: Travelling straight ahead / V2: Slowing or stopped in traffic,V1: E  / V2: E,Dry,Dark - lighted roadway,Clear,0,0,93,61,FALSE,41.969394,-71.29354
7574,7/17/2008,July,Thursday,0:28,1,1,0,0,Single vehicle crash,V1: Travelling straight ahead,V1: S,Dry,Dark - lighted roadway,Clear,0,0,93,65,FALSE,41.91644884,-71.36006017
7575,7/17/2008,July,Thursday,12:24,1,3,0,0,Rear-end,V1: Travelling straight ahead / V2: Slowing or stopped in traffic / V3: Slowing or stopped in traffic,V1: S  / V2: S  / V3: S,Dry,Daylight,Clear,0,0,93,65,FALSE,41.91277813,-71.30920153
7576,7/17/2008,July,Thursday,14:47,1,2,0,0,"Sideswipe, same direction",V1: Travelling straight ahead / V2: Parked,V1: S  / V2: 0,Dry,Daylight,Clear,0,0,93,65,FALSE,41.90165,-71.320946
7577,7/17/2008,July,Thursday,15:33,1,1,0,0,Single vehicle crash,V1: Turning left,V1: N,Dry,Daylight,Clear,0,0,93,65,FALSE,41.9103186,-71.36316741
7578,7/17/2008,July,Thursday,19:10,1,2,0,0,Angle,V1: Turning left / V2: Travelling straight ahead,V1: S  / V2: N,Dry,Daylight,Clear,0,0,93,65,FALSE,41.92797297,-71.35445174
7579,7/18/2008,July,Friday,9:22,1,2,0,0,Angle,V1: Travelling straight ahead / V2: Travelling straight ahead,V1: N  / V2: 0,Dry,Daylight,Clear,0.11,0,95,66,FALSE,41.93524005,-71.27513601
7580,7/18/2008,July,Friday,16:13,2,2,2,0,Rear-end,V1: Travelling straight ahead / V2: Travelling straight ahead,V1: E  / V2: E,Dry,Daylight,Clear,0.11,0,95,66,FALSE,41.94586371,-71.28073807
7581,7/19/2008,July,Saturday,13:38,1,1,0,0,"Sideswipe, same direction",V1: Travelling straight ahead,V1: W,Dry,Daylight,Clear,0,0,97,67,FALSE,41.93633473,-71.31079425
7582,7/19/2008,July,Saturday,17:04,1,2,0,0,Angle,V1: Turning left / V2: 0,V1: E  / V2: W,Dry,Daylight,Clear,0,0,97,67,FALSE,41.91982212,-71.35857678
7583,7/20/2008,July,Sunday,2:59,1,1,0,0,Single vehicle crash,V1: Travelling straight ahead,V1: N,Dry,Dark - roadway not lighted,Clear,0,0,94,72,FALSE,41.913941,-71.334917
7584,7/20/2008,July,Sunday,11:30,1,2,0,0,"Sideswipe, same direction",V1: Travelling straight ahead / V2: Changing lanes,V1: N  / V2: N,Dry,Daylight,Clear,0,0,94,72,FALSE,41.90086769,-71.36799095
7585,7/21/2008,July,Monday,9:54,1,1,0,0,Single vehicle crash,V1: Travelling straight ahead,V1: N,Dry,Daylight,Clear,0.31,0,90,69,FALSE,41.94210306,-71.26984487
7586,7/21/2008,July,Monday,12:45,1,3,0,0,Angle,V1: Entering traffic lane / V2: Travelling straight ahead / V3: Slowing or stopped in traffic,V1: W  / V2: N  / V3: N,Dry,Daylight,Cloudy,0.31,0,90,69,FALSE,41.9186584,-71.35907776
7587,7/21/2008,July,Monday,18:17,1,1,0,0,Single vehicle crash,V1: Travelling straight ahead,V1: W,Dry,Daylight,Cloudy,0.31,0,90,69,FALSE,34.24438675,-73.6513909
7588,7/21/2008,July,Monday,22:20,1,2,0,0,"Sideswipe, same direction",V1: Travelling straight ahead / V2: Overtaking/passing,V1: W  / V2: W,0,Dark - lighted roadway,Cloudy,0.31,0,90,69,FALSE,41.93405012,-71.31579284
7589,7/22/2008,July,Tuesday,6:48,1,2,0,0,Rear-end,V1: Travelling straight ahead / V2: Slowing or stopped in traffic,V1: E  / V2: E,Dry,Daylight,Clear,0.02,0,82,65,FALSE,41.93409173,-71.31894301
7590,7/22/2008,July,Tuesday,10:00,0,2,0,0,"Sideswipe, same direction",V1: Travelling straight ahead / V2: Travelling straight ahead,V1: S  / V2: S,Dry,Daylight,Cloudy,0.02,0,82,65,FALSE,41.95545357,-71.3043611
7591,7/22/2008,July,Tuesday,14:33,1,2,0,0,Angle,V1: Changing lanes / V2: Travelling straight ahead,V1: 0 / V2: 0,Dry,Daylight,Clear,0.02,0,82,65,FALSE,41.92044715,-71.35830361
7592,7/22/2008,July,Tuesday,23:16,1,1,0,0,Single vehicle crash,V1: Travelling straight ahead,V1: S,Wet,Dark - roadway not lighted,Rain,0.02,0,82,65,FALSE,41.954929,-71.309708
7593,7/23/2008,July,Wednesday,9:50,1,2,0,0,"Sideswipe, same direction",V1: Travelling straight ahead / V2: Travelling straight ahead,V1: N  / V2: N,Wet,Daylight,Rain,1.36,0,77,66,FALSE,34.24438675,-73.6513909
7594,7/23/2008,July,Wednesday,18:02,1,2,0,0,Angle,V1: Entering traffic lane / V2: Travelling straight ahead,V1: S  / V2: E,Wet,Daylight,Cloudy,1.36,0,77,66,FALSE,41.91982212,-71.35857678
7595,7/24/2008,July,Thursday,15:46,1,3,0,0,Angle,V1: Travelling straight ahead / V2: Travelling straight ahead / V3: Travelling straight ahead,V1: W  / V2: S  / V3: E,Wet,Daylight,Rain,1.59,0,83,68,FALSE,41.94757814,-71.27890389
7596,7/24/2008,July,Thursday,17:00,1,3,0,0,Rear-end,V1: Slowing or stopped in traffic / V2: Travelling straight ahead / V3: Travelling straight ahead,V1: E  / V2: E  / V3: W,Wet,Daylight,Cloudy/Rain,1.59,0,83,68,FALSE,41.93269195,-71.32821357
7597,7/25/2008,July,Friday,11:46,1,2,0,0,Rear-end,V1: Travelling straight ahead / V2: Slowing or stopped in traffic,V1: S  / V2: S,Dry,Daylight,Clear,0.01,0,87,65,FALSE,41.94470433,-71.2812252
7598,7/25/2008,July,Friday,18:50,1,2,0,0,Angle,V1: Backing / V2: Turning right,V1: W  / V2: 0,Dry,Daylight,Clear,0.01,0,87,65,FALSE,41.93647358,-71.29179577
7599,7/25/2008,July,Friday,20:45,2,2,1,0,Head-on,V1: Turning left / V2: Travelling straight ahead,V1: W  / V2: E,Dry,Dark - lighted roadway,Clear,0.01,0,87,65,FALSE,41.92892522,-71.29023579
7600,7/26/2008,July,Saturday,7:30,2,1,1,0,Single vehicle crash,V1: Slowing or stopped in traffic,V1: S,Dry,Daylight,Clear,0,0,88,61,FALSE,41.90588782,-71.37669559
7601,7/26/2008,July,Saturday,10:59,2,2,1,0,Rear-end,V1: Travelling straight ahead / V2: Turning left,V1: S  / V2: 0,Dry,Daylight,Clear,0,0,88,61,FALSE,41.90628791,-71.36524022
7602,7/27/2008,July,Sunday,15:15,1,2,0,0,Rear-end,V1: Travelling straight ahead / V2: Slowing or stopped in traffic,V1: S  / V2: S,Dry,Daylight,Cloudy,0.76,0,79,62,FALSE,41.92797297,-71.35445174
7603,7/27/2008,July,Sunday,16:13,2,3,9,0,"Sideswipe, same direction",V1: Overtaking/passing / V2: Travelling straight ahead / V3: Travelling straight ahead,V1: S  / V2: S  / V3: N,Wet,Daylight,Cloudy,0.76,0,79,62,FALSE,41.90682772,-71.35704387
7604,7/28/2008,July,Monday,7:00,0,2,0,0,Rear-end,V1: Parked / V2: 0,V1: S  / V2: 0,Dry,Daylight,Clear,0,0,86,62,FALSE,41.89860391,-71.36416943
7605,7/28/2008,July,Monday,10:28,2,3,2,0,Angle,V1: Turning right / V2: Travelling straight ahead / V3: Slowing or stopped in traffic,V1: E  / V2: N  / V3: 0,Dry,Daylight,Clear,0,0,86,62,FALSE,41.95484304,-71.28856385
7606,7/28/2008,July,Monday,13:06,1,2,0,0,Angle,V1: Turning left / V2: Travelling straight ahead,V1: 0 / V2: 0,Dry,Daylight,Clear,0,0,86,62,FALSE,41.95077624,-71.27393811
7607,7/28/2008,July,Monday,13:58,1,4,0,0,Rear-end,V1: Travelling straight ahead / V2: Slowing or stopped in traffic / V3: Slowing or stopped in traffic / V4: Slowing or stopped in traffic,V1: W  / V2: W  / V3: W  / V4: W,Dry,Daylight,Clear,0,0,86,62,FALSE,41.94896349,-71.27713653
7608,7/28/2008,July,Monday,18:00,1,2,0,0,Angle,V1: Turning left / V2: Travelling straight ahead,V1: N  / V2: S,Dry,0,Clear,0,0,86,62,FALSE,41.94757814,-71.27890389
7609,7/29/2008,July,Tuesday,2:38,0,1,0,0,"Sideswipe, same direction",V1: Parked,V1: 0,Dry,Dark - lighted roadway,Clear,0,0,88,66,FALSE,41.95465509,-71.28738845
7610,7/29/2008,July,Tuesday,14:40,1,2,0,0,Rear-end,V1: Backing / V2: Slowing or stopped in traffic,V1: E  / V2: W,Dry,Daylight,Clear,0,0,88,66,FALSE,41.89733197,-71.36979234
7611,7/29/2008,July,Tuesday,15:58,2,2,1,0,Rear-end,V1: Slowing or stopped in traffic / V2: Travelling straight ahead,V1: S  / V2: S,Dry,Daylight,Clear,0,0,88,66,FALSE,41.93623387,-71.28481203
7612,7/30/2008,July,Wednesday,8:45,2,1,1,0,Single vehicle crash,V1: Turning left,V1: E,Dry,Daylight,Clear,0,0,89,63,FALSE,41.94450501,-71.28411703
7613,7/30/2008,July,Wednesday,13:08,2,2,1,0,Rear-end,V1: Backing / V2: Travelling straight ahead,V1: W  / V2: W,Dry,Daylight,Clear,0,0,89,63,FALSE,41.93423426,-71.2849601
7614,7/31/2008,July,Thursday,4:20,1,2,0,0,Angle,V1: Travelling straight ahead / V2: Slowing or stopped in traffic,V1: W  / V2: N,Dry,Daylight,Clear,0.03,0,87,69,FALSE,34.24438675,-73.6513909
7615,7/31/2008,July,Thursday,7:45,0,1,0,0,Single vehicle crash,V1: Travelling straight ahead,V1: N,Dry,Daylight,Cloudy,0.03,0,87,69,FALSE,41.90080717,-71.36802203
7616,7/31/2008,July,Thursday,15:09,1,2,0,0,"Sideswipe, same direction",V1: Travelling straight ahead / V2: Parked,V1: E  / V2: 0,Dry,Daylight,Clear,0.03,0,87,69,FALSE,41.93924225,-71.27810624
7617,8/1/2008,August,Friday,12:20,1,2,0,0,Rear-end,V1: Travelling straight ahead / V2: Travelling straight ahead,V1: 0 / V2: 0,Dry,Daylight,Clear,0,0,89,66,FALSE,41.9483337,-71.27794679
7618,8/1/2008,August,Friday,19:19,1,2,0,0,Rear-end,V1: Travelling straight ahead / V2: 0,V1: E  / V2: E,Dry,Dusk,Clear,0,0,89,66,FALSE,41.93624398,-71.26400311
7619,8/1/2008,August,Friday,20:53,1,2,0,0,"Sideswipe, same direction",V1: Travelling straight ahead / V2: Parked,V1: S  / V2: S,Dry,Dark - lighted roadway,Clear,0,0,89,66,FALSE,41.910377,-71.257367
7620,8/3/2008,August,Sunday,14:10,2,2,2,0,Rear-end,V1: 0 / V2: 0,V1: N  / V2: N,Dry,Daylight,Clear,0.01,0,85,64,FALSE,34.24438675,-73.6513909
7621,8/4/2008,August,Monday,8:50,1,2,0,0,Angle,V1: Travelling straight ahead / V2: 0,V1: W  / V2: E,Dry,Daylight,Clear,0.23,0,85,62,FALSE,41.94450501,-71.28411703
7622,8/4/2008,August,Monday,10:00,1,2,0,0,Angle,V1: Travelling straight ahead / V2: Turning left,V1: N  / V2: E,Dry,Daylight,Clear,0.23,0,85,62,FALSE,41.91982212,-71.35857678
7623,8/4/2008,August,Monday,13:15,2,2,1,0,Rear-end,V1: Travelling straight ahead / V2: Slowing or stopped in traffic,V1: N  / V2: N,Dry,Daylight,Clear,0.23,0,85,62,FALSE,41.89733197,-71.36979234
7624,8/4/2008,August,Monday,15:44,1,2,0,0,Angle,V1: Entering traffic lane / V2: Travelling straight ahead,V1: S  / V2: W,Dry,Daylight,Clear,0.23,0,85,62,FALSE,41.93406083,-71.31597576
7625,8/4/2008,August,Monday,16:00,1,2,0,0,Angle,V1: Slowing or stopped in traffic / V2: Travelling straight ahead,V1: S  / V2: W,Dry,Daylight,Clear,0.23,0,85,62,FALSE,34.24438675,-73.6513909
7626,8/5/2008,August,Tuesday,2:30,2,2,1,0,Rear-end,V1: Slowing or stopped in traffic / V2: Travelling straight ahead,V1: N  / V2: N,Dry,Dark - lighted roadway,Clear,0,0,77,63,FALSE,41.89965798,-71.36501287
7627,8/6/2008,August,Wednesday,9:15,2,2,3,0,Angle,V1: Travelling straight ahead / V2: Travelling straight ahead,V1: S  / V2: E,Dry,Daylight,Clear,0.35,0,66,62,FALSE,41.90881419,-71.36394249
7628,8/7/2008,August,Thursday,12:41,2,1,3,0,Single vehicle crash,V1: Travelling straight ahead,V1: W,Dry,Daylight,Clear,0.01,0,77,62,FALSE,41.95320805,-71.27772437
7629,8/7/2008,August,Thursday,12:50,1,2,0,0,"Sideswipe, same direction",V1: Turning right / V2: Parked,V1: N  / V2: 0,Dry,Daylight,Cloudy,0.01,0,77,62,FALSE,41.91339518,-71.36160731
7630,8/8/2008,August,Friday,0:36,2,2,2,0,Angle,V1: Turning left / V2: Travelling straight ahead,V1: S  / V2: 0,Wet,Dark - roadway not lighted,Cloudy/Rain,0.1,0,82,59,FALSE,41.93405952,-71.31593905
7631,8/9/2008,August,Saturday,15:59,1,2,0,0,Angle,V1: Travelling straight ahead / V2: Entering traffic lane,V1: W  / V2: S,Dry,Daylight,Clear,0,0,81,58,FALSE,41.969392,-71.293555
7632,8/9/2008,August,Saturday,20:07,1,2,0,0,"Sideswipe, same direction",V1: Changing lanes / V2: Travelling straight ahead,V1: S  / V2: S,Dry,Daylight,Clear,0,0,81,58,FALSE,41.91230639,-71.36215607
7633,8/9/2008,August,Saturday,23:22,1,2,0,0,Angle,V1: Travelling straight ahead / V2: Slowing or stopped in traffic,V1: S  / V2: S,Dry,Dark - lighted roadway,Clear,0,0,81,58,FALSE,41.9552429,-71.30450333
7634,8/10/2008,August,Sunday,10:14,2,2,1,0,Rear-end,V1: Travelling straight ahead / V2: 0,V1: W  / V2: W,Dry,Dark - lighted roadway,Clear,0,0,83,57,FALSE,41.93514384,-71.27585965
7635,8/11/2008,August,Monday,8:12,1,2,0,0,Angle,V1: Turning left / V2: Travelling straight ahead,V1: E  / V2: W,Wet,Daylight,Cloudy/Rain,0.18,0,71,64,FALSE,41.93357119,-71.30035285
7636,8/11/2008,August,Monday,11:53,1,3,0,0,Rear-end,V1: Travelling straight ahead / V2: Travelling straight ahead / V3: Travelling straight ahead,V1: E  / V2: E  / V3: E,Wet,Daylight,Snow,0.18,0,71,64,FALSE,34.24438675,-73.6513909
7637,8/11/2008,August,Monday,17:32,1,2,0,0,Angle,V1: Travelling straight ahead / V2: Travelling straight ahead,V1: N  / V2: W,Dry,Daylight,Cloudy,0.18,0,71,64,FALSE,41.91035947,-71.36314658
7638,8/12/2008,August,Tuesday,9:55,1,1,0,0,Single vehicle crash,V1: Travelling straight ahead,V1: S,Dry,Daylight,Clear,0.01,0,77,60,FALSE,41.9552429,-71.30450333
7639,8/12/2008,August,Tuesday,14:14,1,2,0,0,Rear-end,V1: Slowing or stopped in traffic / V2: Travelling straight ahead,V1: W  / V2: 0,Dry,Daylight,Clear,0.01,0,77,60,FALSE,41.93386542,-71.30225536
7640,8/13/2008,August,Wednesday,9:31,1,2,0,0,Angle,V1: Turning left / V2: Travelling straight ahead,V1: S  / V2: E,Dry,Daylight,Clear,0,0,83,56,FALSE,41.90857957,-71.36406078
7641,8/13/2008,August,Wednesday,11:04,2,2,1,0,Angle,V1: Slowing or stopped in traffic / V2: Travelling straight ahead,V1: E  / V2: N,Dry,Daylight,Clear,0,0,83,56,FALSE,41.93996104,-71.2724871
7642,8/13/2008,August,Wednesday,18:49,1,2,0,0,Angle,V1: Travelling straight ahead / V2: Turning left,V1: N  / V2: S,Dry,Dusk,Clear,0,0,83,56,FALSE,41.91023124,-71.36321193
7643,8/14/2008,August,Thursday,17:40,2,2,1,0,Rear-end,V1: Travelling straight ahead / V2: Slowing or stopped in traffic,V1: W  / V2: W,Dry,Daylight,Cloudy,0,0,83,61,FALSE,41.93628409,-71.28608551
7644,8/15/2008,August,Friday,3:20,1,2,0,0,Rear-end,V1: Slowing or stopped in traffic / V2: 0,V1: N  / V2: 0,Dry,Daylight,Clear,0.1,0,82,62,FALSE,34.24438675,-73.6513909
7645,8/15/2008,August,Friday,8:30,1,2,0,0,Angle,V1: Entering traffic lane / V2: Travelling straight ahead,V1: E  / V2: S,Dry,Daylight,Clear,0.1,0,82,62,FALSE,41.96643836,-71.29074265
7646,8/15/2008,August,Friday,8:47,1,1,0,0,Single vehicle crash,V1: Travelling straight ahead,V1: E,Dry,Daylight,Clear,0.1,0,82,62,FALSE,41.93405012,-71.31579284
7647,8/15/2008,August,Friday,15:01,1,3,0,0,Rear-end,V1: Travelling straight ahead / V2: Slowing or stopped in traffic / V3: Slowing or stopped in traffic,V1: E  / V2: E  / V3: E,Dry,Daylight,Cloudy,0.1,0,82,62,FALSE,41.92742805,-71.34189287
7648,8/16/2008,August,Saturday,16:22,1,2,0,0,Angle,V1: Travelling straight ahead / V2: Entering traffic lane,V1: W  / V2: S,Dry,Daylight,Clear,0.01,0,82,60,FALSE,41.93406083,-71.31597576
7649,8/17/2008,August,Sunday,16:53,1,2,0,0,Rear-end,V1: Slowing or stopped in traffic / V2: Slowing or stopped in traffic,V1: S  / V2: S,Dry,Daylight,Cloudy,0,0,85,59,FALSE,41.90231125,-71.35597671
7650,8/18/2008,August,Monday,8:30,1,2,0,0,"Sideswipe, opposite direction",V1: Travelling straight ahead / V2: Turning left,V1: S  / V2: E,Dry,Daylight,Clear,0,0,89,63,FALSE,41.96643836,-71.29074265
7651,8/19/2008,August,Tuesday,16:30,1,2,0,0,Angle,V1: Travelling straight ahead / V2: Turning right,V1: W  / V2: W,Dry,Daylight,Snow,0.24,0,82,54,FALSE,41.93363156,-71.30076394
7652,8/20/2008,August,Wednesday,6:52,1,2,0,0,Head-on,V1: Parked / V2: Travelling straight ahead,V1: W  / V2: E,Dry,Daylight,Clear,0,0,76,49,FALSE,41.94468022,-71.28325128
7653,8/20/2008,August,Wednesday,7:43,2,2,1,0,"Sideswipe, same direction",V1: Travelling straight ahead / V2: Travelling straight ahead,V1: N  / V2: N,Dry,Daylight,Clear,0,0,76,49,FALSE,41.90231844,-71.35595143
7654,8/21/2008,August,Thursday,14:15,1,3,0,0,Rear-end,V1: Travelling straight ahead / V2: Travelling straight ahead / V3: Travelling straight ahead,V1: N  / V2: N  / V3: N,Dry,Daylight,Clear,0,0,82,50,FALSE,41.92797297,-71.35445174
7655,8/21/2008,August,Thursday,14:35,1,2,0,0,Angle,V1: Turning right / V2: Travelling straight ahead,V1: E  / V2: N,Dry,Daylight,Clear,0,0,82,50,FALSE,41.94519466,-71.28103716
7656,8/21/2008,August,Thursday,16:44,1,2,0,0,Angle,V1: Turning left / V2: Travelling straight ahead,V1: S  / V2: S,Dry,Daylight,Clear,0,0,82,50,FALSE,41.92644259,-71.35554103
7657,8/21/2008,August,Thursday,17:11,2,2,1,0,Angle,V1: Turning left / V2: Travelling straight ahead,V1: S  / V2: N,Dry,Daylight,Clear,0,0,82,50,FALSE,41.91339518,-71.36160731
7658,8/21/2008,August,Thursday,17:30,1,1,0,0,Single vehicle crash,V1: Travelling straight ahead,V1: E,Dry,Daylight,Clear,0,0,82,50,FALSE,41.9115932,-71.27886916