ID,DATE,Month,Day of week,Crash Time,Crash Severity,Number of Vehicles,Total Nonfatal Injuries,Total Fatal Injuries,Manner of Collision,Vehicle Action Prior to Crash,Vehicle Travel Directions,Road Surface Condition,Ambient Light,Weather Condition,PRCP,SNOW,TMAX,TMIN,Ice,Longtitute,Latitute
7659,8/21/2008,August,Thursday,18:10,2,2,1,0,Angle,V1: Turning left / V2: Travelling straight ahead,V1: S  / V2: S,Dry,Daylight,Clear,0,0,82,50,FALSE,41.91329854,-71.30797099
7660,8/21/2008,August,Thursday,22:08,2,1,1,0,Single vehicle crash,V1: Travelling straight ahead,V1: N,Dry,Dark - lighted roadway,Clear,0,0,82,50,FALSE,41.93423426,-71.2849601
7661,8/22/2008,August,Friday,15:54,1,2,0,0,Rear-end,V1: Travelling straight ahead / V2: Slowing or stopped in traffic,V1: N  / V2: N,Dry,Daylight,Clear,0,0,85,55,FALSE,41.948677,-71.2891
7662,8/22/2008,August,Friday,17:30,1,3,0,0,Rear-end,V1: Travelling straight ahead / V2: Slowing or stopped in traffic / V3: Slowing or stopped in traffic,V1: W  / V2: W  / V3: W,Dry,Daylight,Clear,0,0,85,55,FALSE,41.93378242,-71.30174755
7663,8/24/2008,August,Sunday,11:10,0,1,0,0,Single vehicle crash,V1: Travelling straight ahead,V1: N,Dry,Daylight,Cloudy,0,0,84,55,FALSE,41.89733197,-71.36979234
7664,8/24/2008,August,Sunday,12:27,1,2,0,0,Angle,V1: Turning left / V2: Travelling straight ahead,V1: E  / V2: N,Dry,Daylight,Clear,0,0,84,55,FALSE,41.95484304,-71.28856385
7665,8/24/2008,August,Sunday,17:57,1,2,0,0,"Sideswipe, same direction",V1: Travelling straight ahead / V2: Parked,V1: N  / V2: 0,Dry,Daylight,Clear,0,0,84,55,FALSE,41.944892,-71.27871941
7666,8/25/2008,August,Monday,17:28,1,2,0,0,Rear-end,V1: Travelling straight ahead / V2: Slowing or stopped in traffic,V1: E  / V2: E,Dry,Daylight,Clear,0.01,0,86,61,FALSE,41.969439,-71.291469
7667,8/26/2008,August,Tuesday,7:30,1,2,0,0,Head-on,V1: Travelling straight ahead / V2: Travelling straight ahead,V1: N  / V2: E,Dry,Daylight,Clear,0,0,77,52,FALSE,41.93830895,-71.28203041
7668,8/26/2008,August,Tuesday,17:39,1,3,0,0,Rear-end,V1: Travelling straight ahead / V2: Slowing or stopped in traffic / V3: Slowing or stopped in traffic,V1: W  / V2: W  / V3: W,Dry,Daylight,Clear,0,0,77,52,FALSE,41.93403731,-71.30601704
7669,8/26/2008,August,Tuesday,19:04,1,1,0,0,Single vehicle crash,V1: Travelling straight ahead,V1: N,Dry,Dusk,Clear,0,0,77,52,FALSE,41.940707,-71.284543
7670,8/27/2008,August,Wednesday,7:40,1,2,0,0,Rear-end,V1: Travelling straight ahead / V2: Travelling straight ahead,V1: 0 / V2: E,Dry,Daylight,Clear,0,0,79,50,FALSE,41.95259869,-71.26981562
7671,8/27/2008,August,Wednesday,17:05,1,2,0,0,Rear-end,V1: Travelling straight ahead / V2: 0,V1: S  / V2: S,Dry,Daylight,Clear,0,0,79,50,FALSE,41.91138357,-71.32740392
7672,8/28/2008,August,Thursday,22:15,1,2,0,0,Angle,V1: Turning left / V2: Travelling straight ahead,V1: N  / V2: N,Dry,Dark - lighted roadway,Clear,0,0,80,53,FALSE,41.97015292,-71.29135147
7673,8/29/2008,August,Friday,11:03,1,2,0,0,Rear-to-rear,V1: Backing / V2: Parked,V1: 0 / V2: 0,Dry,Daylight,Clear,0,0,82,55,FALSE,41.89443026,-71.37498441
7674,8/29/2008,August,Friday,16:11,2,3,2,0,Rear-end,V1: Slowing or stopped in traffic / V2: Slowing or stopped in traffic / V3: Travelling straight ahead,V1: W  / V2: W  / V3: W,Dry,Daylight,Cloudy,0,0,82,55,FALSE,41.93409058,-71.3199928
7675,8/29/2008,August,Friday,16:53,0,2,0,0,Angle,V1: Travelling straight ahead / V2: Travelling straight ahead,V1: E  / V2: S,Dry,Daylight,Clear,0,0,82,55,FALSE,41.93269195,-71.32821357
7676,8/29/2008,August,Friday,17:37,2,1,1,0,Single vehicle crash,V1: Travelling straight ahead,V1: N,Dry,Daylight,Clear,0,0,82,55,FALSE,41.90236407,-71.35579656
7677,8/29/2008,August,Friday,19:45,1,2,0,0,Rear-end,V1: Travelling straight ahead / V2: Travelling straight ahead,V1: S  / V2: S,Dry,Dark - lighted roadway,Clear,0,0,82,55,FALSE,41.93923609,-71.3175535
7678,8/30/2008,August,Saturday,14:23,1,2,0,0,Rear-end,V1: Travelling straight ahead / V2: Slowing or stopped in traffic,V1: S  / V2: S,Dry,Daylight,Cloudy,0.02,0,76,66,FALSE,41.944701,-71.2824263
7679,8/31/2008,August,Sunday,16:02,1,2,0,0,Angle,V1: Turning left / V2: Travelling straight ahead,V1: N  / V2: W,Dry,Daylight,Clear,0,0,84,58,FALSE,41.92843412,-71.27699511
7680,8/31/2008,August,Sunday,18:42,2,2,1,0,Head-on,V1: Travelling straight ahead / V2: Travelling straight ahead,V1: W  / V2: E,Dry,Daylight,Clear,0,0,84,58,FALSE,41.93623387,-71.28481203
7681,8/31/2008,August,Sunday,19:53,1,2,0,0,Rear-end,V1: Slowing or stopped in traffic / V2: Travelling straight ahead,V1: S  / V2: S,Dry,Dark - lighted roadway,Clear,0,0,84,58,FALSE,41.925087,-71.356283
7682,9/1/2008,September,Monday,18:00,3,1,0,1,Single vehicle crash,V1: Changing lanes,V1: N,Dry,Daylight,Clear,0,0,85,56,FALSE,41.90316925,-71.35311797
7683,9/1/2008,September,Monday,20:17,1,2,0,0,Rear-end,V1: Travelling straight ahead / V2: Slowing or stopped in traffic,V1: N  / V2: N,Dry,Dark - roadway not lighted,Clear,0,0,85,56,FALSE,41.90231844,-71.35595143
7684,9/2/2008,September,Tuesday,8:20,1,2,0,0,"Sideswipe, same direction",V1: Travelling straight ahead / V2: Travelling straight ahead,V1: W  / V2: W,Dry,Daylight,Clear,0,0,79,57,FALSE,41.9446632,-71.28341486
7685,9/2/2008,September,Tuesday,13:10,1,2,0,0,Rear-end,V1: Travelling straight ahead / V2: Travelling straight ahead,V1: E  / V2: 0,Dry,Daylight,Clear,0,0,79,57,FALSE,41.95180679,-71.2898592
7686,9/2/2008,September,Tuesday,15:12,1,2,0,0,Angle,V1: Turning right / V2: Travelling straight ahead,V1: W  / V2: E,Dry,Daylight,Clear,0,0,79,57,FALSE,41.950763,-71.273971
7687,9/2/2008,September,Tuesday,15:59,1,2,0,0,Angle,V1: Entering traffic lane / V2: Travelling straight ahead,V1: W  / V2: N,Dry,Daylight,Clear,0,0,79,57,FALSE,41.94121777,-71.2768631
7688,9/3/2008,September,Wednesday,14:55,1,2,0,0,Angle,V1: Entering traffic lane / V2: Travelling straight ahead,V1: W  / V2: W,Dry,Daylight,Clear,0,0,81,56,FALSE,41.93418905,-71.29971031
7689,9/3/2008,September,Wednesday,16:15,1,2,0,0,0,V1: Travelling straight ahead / V2: Turning left,V1: N  / V2: S,Dry,Daylight,Clear,0,0,81,56,FALSE,41.95484304,-71.28856385
7690,9/3/2008,September,Wednesday,18:09,1,2,0,0,"Sideswipe, same direction",V1: Changing lanes / V2: Travelling straight ahead,V1: W  / V2: W,Dry,Daylight,Clear,0,0,81,56,FALSE,41.91982212,-71.35857678
7691,9/3/2008,September,Wednesday,19:09,1,2,0,0,"Sideswipe, same direction",V1: Changing lanes / V2: Travelling straight ahead,V1: S  / V2: S,Dry,Dusk,Clear,0,0,81,56,FALSE,41.925087,-71.356283
7692,9/4/2008,September,Thursday,12:00,1,2,0,0,Angle,V1: 0 / V2: 0,V1: 0 / V2: 0,Dry,Daylight,Clear,0,0,90,62,FALSE,34.24438675,-73.6513909
7693,9/4/2008,September,Thursday,15:26,1,2,0,0,Rear-end,V1: Turning right / V2: Turning right,V1: W  / V2: W,Dry,Daylight,Clear,0,0,90,62,FALSE,41.96939377,-71.29355357
7694,9/5/2008,September,Friday,16:40,0,2,0,0,Single vehicle crash,V1: 0 / V2: 0,V1: 0 / V2: 0,Dry,Daylight,Clear,0,0,87,68,FALSE,41.934066,-71.305741
7695,9/6/2008,September,Saturday,6:07,1,2,0,0,Angle,V1: Turning left / V2: Travelling straight ahead,V1: W  / V2: E,Wet,Dawn,Rain,3.55,0,80,71,FALSE,41.93505312,-71.29860583
7696,9/6/2008,September,Saturday,12:49,1,2,0,0,Rear-end,V1: Travelling straight ahead / V2: Slowing or stopped in traffic,V1: S  / V2: S,Dry,Daylight,Cloudy,3.55,0,80,71,FALSE,41.92508738,-71.35628348
7697,9/7/2008,September,Sunday,12:30,1,2,0,0,Angle,V1: Turning right / V2: Travelling straight ahead,V1: S  / V2: W,Dry,Daylight,Clear,0.27,0,83,60,FALSE,41.92387717,-71.35158914
7698,9/7/2008,September,Sunday,17:37,1,2,0,0,Rear-end,V1: Turning right / V2: Turning right,V1: N  / V2: N,Dry,Daylight,Clear,0.27,0,83,60,FALSE,41.92014285,-71.35719783
7699,9/8/2008,September,Monday,8:16,1,2,0,0,Angle,V1: Turning left / V2: Travelling straight ahead,V1: W  / V2: E,Dry,Daylight,Cloudy,0,0,82,56,FALSE,41.9483337,-71.27794679
7700,9/8/2008,September,Monday,12:51,1,2,0,0,"Sideswipe, opposite direction",V1: Turning left / V2: Travelling straight ahead,V1: S  / V2: E,Dry,Daylight,Clear,0,0,82,56,FALSE,41.94548184,-71.28559201
7701,9/9/2008,September,Tuesday,7:55,2,2,2,0,Rear-end,V1: Travelling straight ahead / V2: Slowing or stopped in traffic,V1: N  / V2: 0,Dry,Daylight,Clear,0.34,0,77,59,FALSE,34.24438675,-73.6513909
7702,9/9/2008,September,Tuesday,8:28,0,2,0,0,Rear-end,V1: Travelling straight ahead / V2: Travelling straight ahead,V1: S  / V2: S,Dry,Daylight,Cloudy,0.34,0,77,59,FALSE,41.92521765,-71.28783389
7703,9/9/2008,September,Tuesday,14:33,1,2,0,0,Rear-end,V1: Travelling straight ahead / V2: Travelling straight ahead,V1: N  / V2: N,Wet,Daylight,Rain,0.34,0,77,59,FALSE,41.90682772,-71.35704387
7704,9/10/2008,September,Wednesday,11:41,1,2,0,0,"Sideswipe, opposite direction",V1: Travelling straight ahead / V2: Travelling straight ahead,V1: 0 / V2: 0,Dry,Daylight,Clear,0,0,73,49,FALSE,41.94177429,-71.28024945
7705,9/10/2008,September,Wednesday,16:47,2,2,1,0,Rear-end,V1: Slowing or stopped in traffic / V2: Slowing or stopped in traffic,V1: E  / V2: E,Dry,Daylight,Cloudy,0,0,73,49,FALSE,41.89903243,-71.355186
7706,9/10/2008,September,Wednesday,23:45,3,2,0,1,Rear-end,V1: Travelling straight ahead / V2: Travelling straight ahead,V1: E  / V2: E,Dry,Dark - lighted roadway,Clear,0,0,73,49,FALSE,41.93239993,-71.29481178
7707,9/11/2008,September,Thursday,1:28,2,1,1,0,Single vehicle crash,V1: Travelling straight ahead,V1: S,Dry,Dark - roadway not lighted,Clear,0,0,73,46,FALSE,41.93459098,-71.31784406
7708,9/11/2008,September,Thursday,7:10,1,2,0,0,Rear-end,V1: Slowing or stopped in traffic / V2: Travelling straight ahead,V1: W  / V2: W,Dry,Daylight,Clear,0,0,73,46,FALSE,34.24438675,-73.6513909
7709,9/11/2008,September,Thursday,14:25,2,2,1,0,Angle,V1: Turning right / V2: Travelling straight ahead,V1: W  / V2: 0,Dry,Daylight,Clear,0,0,73,46,FALSE,41.93405012,-71.31579284
7710,9/11/2008,September,Thursday,15:50,1,2,0,0,Angle,V1: Other / V2: Travelling straight ahead,V1: E  / V2: S,Dry,Daylight,Clear,0,0,73,46,FALSE,41.93306281,-71.28502226
7711,9/11/2008,September,Thursday,17:25,1,2,0,0,Angle,V1: Turning left / V2: Travelling straight ahead,V1: W  / V2: S,Dry,Daylight,Clear,0,0,73,46,FALSE,41.91194929,-71.36233897
7712,9/12/2008,September,Friday,22:30,2,2,1,0,Angle,V1: Turning left / V2: Travelling straight ahead,V1: N  / V2: E,Wet,Dark - lighted roadway,Cloudy/Rain,0.4,0,68,51,FALSE,41.94245198,-71.28698244
7713,9/13/2008,September,Saturday,1:16,1,2,0,0,Rear-end,V1: Travelling straight ahead / V2: Turning left,V1: E  / V2: E,Dry,Daylight,Clear,0.01,0,75,63,FALSE,34.24438675,-73.6513909
7714,9/13/2008,September,Saturday,6:11,2,1,1,0,Single vehicle crash,V1: Turning right,V1: N,Wet,Dawn,Cloudy/Rain,0.01,0,75,63,FALSE,41.89618753,-71.37039513
7715,9/14/2008,September,Sunday,11:45,2,2,1,0,Angle,V1: Travelling straight ahead / V2: Travelling straight ahead,V1: E  / V2: S,Wet,Daylight,Cloudy/Rain,0.58,0,72,65,FALSE,41.9370756,-71.28238678
7716,9/15/2008,September,Monday,5:40,1,2,0,0,Rear-end,V1: Travelling straight ahead / V2: Travelling straight ahead,V1: W  / V2: N,Dry,Daylight,Clear,0,0,83,60,FALSE,41.94774809,-71.28390704
7717,9/16/2008,September,Tuesday,5:20,1,2,0,0,Rear-end,V1: Slowing or stopped in traffic / V2: Travelling straight ahead,V1: S  / V2: S,Dry,Daylight,Clear,0,0,70,54,FALSE,41.95338618,-71.28917553
7718,9/16/2008,September,Tuesday,17:33,1,3,0,0,Rear-end,V1: Travelling straight ahead / V2: Slowing or stopped in traffic / V3: Slowing or stopped in traffic,V1: E  / V2: E  / V3: E,Dry,Daylight,Clear,0,0,70,54,FALSE,41.94468022,-71.28325128
7719,9/16/2008,September,Tuesday,21:46,1,1,0,0,Single vehicle crash,V1: Backing,V1: W,Dry,Dark - lighted roadway,Cloudy,0,0,70,54,FALSE,41.91982212,-71.35857678
7720,9/17/2008,September,Wednesday,4:33,1,2,0,0,Rear-end,V1: Travelling straight ahead / V2: Slowing or stopped in traffic,V1: W  / V2: W,Dry,Daylight,Clear,0,0,74,53,FALSE,41.9343725,-71.26169299
7721,9/17/2008,September,Wednesday,15:15,0,2,0,0,Rear-end,V1: Turning right / V2: 0,V1: N  / V2: 0,Dry,Daylight,Clear,0,0,74,53,FALSE,34.24438675,-73.6513909
7722,9/17/2008,September,Wednesday,15:43,1,2,0,0,Angle,V1: Travelling straight ahead / V2: Turning left,V1: E  / V2: W,Dry,Daylight,Clear,0,0,74,53,FALSE,41.95287787,-71.26899686
7723,9/17/2008,September,Wednesday,16:15,2,2,3,0,Angle,V1: Travelling straight ahead / V2: Turning left,V1: W  / V2: E,Dry,Daylight,Clear,0,0,74,53,FALSE,41.93408728,-71.2998382
7724,9/18/2008,September,Thursday,6:53,1,2,0,0,"Sideswipe, same direction",V1: Travelling straight ahead / V2: Slowing or stopped in traffic,V1: N  / V2: N,Dry,Dusk,Clear,0,0,68,47,FALSE,41.89857836,-71.35503727
7725,9/18/2008,September,Thursday,7:17,1,2,0,0,Angle,V1: Overtaking/passing / V2: Travelling straight ahead,V1: S  / V2: W,Dry,Daylight,Clear,0,0,68,47,FALSE,41.94625923,-71.28694634
7726,9/18/2008,September,Thursday,11:01,1,2,0,0,"Sideswipe, same direction",V1: Turning right / V2: Travelling straight ahead,V1: N  / V2: N,Dry,Daylight,Clear,0,0,68,47,FALSE,41.95484304,-71.28856385
7727,9/18/2008,September,Thursday,11:31,1,2,0,0,Angle,V1: Turning left / V2: Travelling straight ahead,V1: W  / V2: S,Dry,Daylight,Cloudy,0,0,68,47,FALSE,41.90998013,-71.35802082
7728,9/19/2008,September,Friday,5:45,1,2,0,0,0,V1: Travelling straight ahead / V2: Travelling straight ahead,V1: N  / V2: N,Dry,Daylight,Clear,0,0,63,44,FALSE,41.95511704,-71.30464407
7729,9/19/2008,September,Friday,14:19,2,2,1,0,Angle,V1: Turning left / V2: Travelling straight ahead,V1: 0 / V2: 0,Dry,Daylight,Clear,0,0,63,44,FALSE,41.93269195,-71.32821357
7730,9/19/2008,September,Friday,14:45,1,2,0,0,Rear-end,V1: Turning left / V2: Travelling straight ahead,V1: W  / V2: E,Dry,Daylight,Clear,0,0,63,44,FALSE,41.95451461,-71.24992613
7731,9/19/2008,September,Friday,23:10,2,1,1,0,Single vehicle crash,V1: Travelling straight ahead,V1: N,Dry,Dark - lighted roadway,Clear,0,0,63,44,FALSE,41.92815644,-71.22388786
7732,9/20/2008,September,Saturday,2:03,1,1,0,0,Single vehicle crash,V1: Travelling straight ahead,V1: N,Dry,Dark - roadway not lighted,Clear,0,0,70,44,FALSE,41.93403258,-71.31898939
7733,9/21/2008,September,Sunday,17:39,2,1,1,0,Single vehicle crash,V1: Travelling straight ahead,V1: E,Dry,Daylight,Clear,0,0,81,43,FALSE,41.91172202,-71.27795917
7734,9/21/2008,September,Sunday,21:01,1,1,0,0,Single vehicle crash,V1: Turning left,V1: W,0,Dark - lighted roadway,Clear,0,0,81,43,FALSE,41.91425078,-71.30703143
7735,9/22/2008,September,Monday,12:34,1,2,0,0,"Sideswipe, same direction",V1: Entering traffic lane / V2: Travelling straight ahead,V1: N  / V2: N,Dry,Daylight,Clear,0,0,61,46,FALSE,41.94826478,-71.28058199
7736,9/22/2008,September,Monday,15:37,1,2,0,0,"Sideswipe, opposite direction",V1: Turning left / V2: Turning right,V1: E  / V2: W,Dry,Daylight,Cloudy,0,0,61,46,FALSE,41.93850684,-71.29065939
7737,9/22/2008,September,Monday,16:01,1,2,0,0,Angle,V1: Travelling straight ahead / V2: Travelling straight ahead,V1: W  / V2: S,Dry,Daylight,Clear,0,0,61,46,FALSE,41.93742983,-71.26519759
7738,9/23/2008,September,Tuesday,14:26,2,2,1,0,Angle,V1: Entering traffic lane / V2: Travelling straight ahead,V1: S  / V2: W,Dry,Daylight,Clear,0,0,67,43,FALSE,41.912008,-71.258778
7739,9/23/2008,September,Tuesday,14:37,1,2,0,0,Angle,V1: Travelling straight ahead / V2: Turning right,V1: E  / V2: E,Dry,Daylight,Clear,0,0,67,43,FALSE,41.9186584,-71.35907776
7740,9/23/2008,September,Tuesday,16:10,1,2,0,0,Angle,V1: Turning left / V2: Travelling straight ahead,V1: N  / V2: S,Dry,Daylight,Clear,0,0,67,43,FALSE,41.94495215,-71.2846593
7741,9/23/2008,September,Tuesday,17:43,1,2,0,0,Rear-end,V1: Travelling straight ahead / V2: Travelling straight ahead,V1: W  / V2: W,Dry,Daylight,Clear,0,0,67,43,FALSE,41.93406554,-71.30574057
7742,9/24/2008,September,Wednesday,11:30,1,2,0,0,Angle,V1: Travelling straight ahead / V2: Travelling straight ahead,V1: N  / V2: E,Dry,Daylight,Clear,0,0,68,40,FALSE,41.94444966,-71.2795884
7743,9/24/2008,September,Wednesday,17:27,2,2,1,0,Rear-end,V1: Travelling straight ahead / V2: Travelling straight ahead,V1: W  / V2: W,Dry,Daylight,Clear,0,0,68,40,FALSE,34.24438675,-73.6513909
7744,9/24/2008,September,Wednesday,18:30,1,3,0,0,Rear-end,V1: Slowing or stopped in traffic / V2: Slowing or stopped in traffic / V3: Slowing or stopped in traffic,V1: S  / V2: S  / V3: S,Dry,Dusk,Clear,0,0,68,40,FALSE,41.91644884,-71.36006017
7745,9/25/2008,September,Thursday,11:51,2,2,1,0,Rear-end,V1: Slowing or stopped in traffic / V2: Slowing or stopped in traffic,V1: 0 / V2: 0,Dry,Daylight,Clear,0,0,68,40,FALSE,41.94391251,-71.28157422
7746,9/25/2008,September,Thursday,14:13,1,2,0,0,Rear-end,V1: 0 / V2: 0,V1: E  / V2: 0,Dry,Daylight,Cloudy,0,0,68,40,FALSE,41.94470433,-71.2812252
7747,9/26/2008,September,Friday,14:13,1,2,0,0,Rear-end,V1: Travelling straight ahead / V2: Travelling straight ahead,V1: E  / V2: E,Wet,Daylight,Cloudy/Rain,2.79,0,67,58,FALSE,41.94021848,-71.30088452
7748,9/26/2008,September,Friday,14:15,2,2,1,0,Rear-end,V1: Travelling straight ahead / V2: Travelling straight ahead,V1: N  / V2: 0,Wet,Daylight,Rain,2.79,0,67,58,FALSE,41.90998013,-71.35802082
7749,9/26/2008,September,Friday,15:25,2,2,1,0,Rear-end,V1: Slowing or stopped in traffic / V2: Travelling straight ahead,V1: W  / V2: W,Wet,Daylight,Cloudy/Rain,2.79,0,67,58,FALSE,41.95076302,-71.27397064
7750,9/26/2008,September,Friday,15:54,2,2,1,0,Rear-end,V1: Slowing or stopped in traffic / V2: Travelling straight ahead,V1: E  / V2: E,Wet,Daylight,Cloudy/Rain,2.79,0,67,58,FALSE,41.93397764,-71.31903245
7751,9/26/2008,September,Friday,16:00,1,2,0,0,Rear-end,V1: Travelling straight ahead / V2: 0,V1: S  / V2: S,Wet,Daylight,Rain,2.79,0,67,58,FALSE,34.24438675,-73.6513909
7752,9/26/2008,September,Friday,18:22,2,2,1,0,Angle,V1: Travelling straight ahead / V2: Entering traffic lane,V1: W  / V2: S,Wet,Dark - lighted roadway,Rain,2.79,0,67,58,FALSE,41.93403144,-71.31577401
7753,9/27/2008,September,Saturday,11:18,1,2,0,0,Rear-end,V1: Travelling straight ahead / V2: Travelling straight ahead,V1: N  / V2: N,Dry,Daylight,Cloudy,1.56,0,70,65,FALSE,41.89541252,-71.37076533
7754,9/27/2008,September,Saturday,12:00,1,2,0,0,Angle,V1: Turning right / V2: Travelling straight ahead,V1: W  / V2: W,Wet,Daylight,Rain,1.56,0,70,65,FALSE,41.94757814,-71.27890389
7755,9/27/2008,September,Saturday,17:34,1,1,0,0,Single vehicle crash,V1: Travelling straight ahead,V1: N,Wet,Daylight,Cloudy/Rain,1.56,0,70,65,FALSE,41.94140605,-71.28436439
7756,9/28/2008,September,Sunday,13:09,1,1,0,0,Single vehicle crash,V1: Travelling straight ahead,V1: S,Wet,Daylight,Rain,0.64,0,73,67,FALSE,41.91053687,-71.37236944
7757,9/28/2008,September,Sunday,17:47,2,2,1,0,Rear-end,V1: Slowing or stopped in traffic / V2: Slowing or stopped in traffic,V1: W  / V2: W,Wet,Daylight,Cloudy/Rain,0.64,0,73,67,FALSE,41.91711015,-71.37372238
7758,9/29/2008,September,Monday,16:08,1,2,0,0,Rear-end,V1: Entering traffic lane / V2: Slowing or stopped in traffic,V1: S  / V2: S,Dry,Daylight,Cloudy,0.08,0,73,60,FALSE,41.90257689,-71.3560405
7759,9/29/2008,September,Monday,19:02,2,2,1,0,Angle,V1: Turning left / V2: Travelling straight ahead,V1: 0 / V2: N,Dry,Dusk,Cloudy,0.08,0,73,60,FALSE,34.24438675,-73.6513909
7760,9/30/2008,September,Tuesday,12:10,1,2,0,0,"Sideswipe, same direction",V1: Travelling straight ahead / V2: Travelling straight ahead,V1: N  / V2: N,Dry,Daylight,Cloudy,0.01,0,68,60,FALSE,41.91982212,-71.35857678
7761,9/30/2008,September,Tuesday,21:52,1,1,0,0,Single vehicle crash,V1: Travelling straight ahead,V1: N,Dry,Dark - lighted roadway,Clear,0.01,0,68,60,FALSE,41.95445699,-71.31072393
7762,10/1/2008,October,Wednesday,13:58,1,2,0,0,Angle,V1: Turning left / V2: Travelling straight ahead,V1: W  / V2: E,Dry,Daylight,Clear,0,0,74,59,FALSE,41.95076301,-71.27397064
7763,10/1/2008,October,Wednesday,14:47,1,2,0,0,Angle,V1: Travelling straight ahead / V2: Travelling straight ahead,V1: S  / V2: S,Dry,Daylight,Clear,0,0,74,59,FALSE,41.95076301,-71.27397064
7764,10/1/2008,October,Wednesday,14:48,1,2,0,0,Angle,V1: Turning left / V2: Travelling straight ahead,V1: N  / V2: N,Dry,Daylight,Cloudy,0,0,74,59,FALSE,41.90857957,-71.36406078
7765,10/1/2008,October,Wednesday,15:38,1,2,0,0,"Sideswipe, opposite direction",V1: Turning left / V2: Travelling straight ahead,V1: S  / V2: W,Dry,Daylight,Clear,0,0,74,59,FALSE,41.94896349,-71.27713653
7766,10/2/2008,October,Thursday,2:05,2,2,1,0,Rear-end,V1: Entering traffic lane / V2: Slowing or stopped in traffic,V1: S  / V2: S,Dry,Daylight,Cloudy,0.07,0,67,45,FALSE,41.92014285,-71.35719783
7767,10/2/2008,October,Thursday,11:58,2,2,2,0,Angle,V1: Travelling straight ahead / V2: Travelling straight ahead,V1: E  / V2: N,Dry,Daylight,Clear,0.07,0,67,45,FALSE,41.90998013,-71.35802082
7768,10/2/2008,October,Thursday,13:22,1,2,0,0,Angle,V1: Turning left / V2: Slowing or stopped in traffic,V1: W  / V2: N,Dry,Daylight,Clear,0.07,0,67,45,FALSE,41.89733197,-71.36979234
7769,10/2/2008,October,Thursday,14:55,2,2,1,0,Angle,V1: Turning left / V2: Travelling straight ahead,V1: N  / V2: E,Dry,Daylight,Clear,0.07,0,67,45,FALSE,41.95026372,-71.2985466
7770,10/2/2008,October,Thursday,15:03,1,2,0,0,"Sideswipe, same direction",V1: Turning left / V2: Travelling straight ahead,V1: S  / V2: W,Dry,Daylight,Clear,0.07,0,67,45,FALSE,41.94330896,-71.27265641
7771,10/2/2008,October,Thursday,19:07,1,2,0,0,Angle,V1: Turning left / V2: Travelling straight ahead,V1: S  / V2: N,Dry,Dark - lighted roadway,Cloudy,0.07,0,67,45,FALSE,41.900868,-71.36799
7772,10/3/2008,October,Friday,17:54,1,2,0,0,Rear-end,V1: Slowing or stopped in traffic / V2: Slowing or stopped in traffic,V1: E  / V2: E,Dry,Daylight,Clear,0,0,66,43,FALSE,41.93409173,-71.31894301
7773,10/4/2008,October,Saturday,0:29,1,1,0,0,Single vehicle crash,V1: Travelling straight ahead,V1: S,Dry,Dark - lighted roadway,Clear,0,0,65,39,FALSE,41.92422498,-71.35666365
7774,10/4/2008,October,Saturday,1:23,1,2,0,0,Rear-to-rear,V1: Parked / V2: Parked,V1: 0 / V2: 0,Dry,Dark - lighted roadway,Clear,0,0,65,39,FALSE,41.94256777,-71.29049655
7775,10/4/2008,October,Saturday,5:29,0,1,0,0,Single vehicle crash,V1: Leaving traffic lane,V1: 0,Dry,Dark - lighted roadway,Clear,0,0,65,39,FALSE,41.90287449,-71.3669677
7776,10/4/2008,October,Saturday,11:57,2,2,2,0,Angle,V1: Entering traffic lane / V2: Travelling straight ahead,V1: N  / V2: S,Dry,Daylight,Clear,0,0,65,39,FALSE,41.91325585,-71.3590575
7777,10/4/2008,October,Saturday,16:00,2,1,1,0,Single vehicle crash,V1: Travelling straight ahead,V1: W,Dry,Daylight,Clear,0,0,65,39,FALSE,41.91015987,-71.36469359
7778,10/5/2008,October,Sunday,4:57,2,2,1,0,Rear-end,V1: Travelling straight ahead / V2: Slowing or stopped in traffic,V1: S  / V2: S,Dry,Dusk,Cloudy,0.02,0,53,40,FALSE,41.91653724,-71.36001753
7779,10/5/2008,October,Sunday,12:26,1,2,0,0,Rear-end,V1: Slowing or stopped in traffic / V2: Travelling straight ahead,V1: E  / V2: E,Wet,Daylight,Cloudy/Rain,0.02,0,53,40,FALSE,41.94896349,-71.27713653
7780,10/5/2008,October,Sunday,12:51,1,2,0,0,Rear-end,V1: Travelling straight ahead / V2: Travelling straight ahead,V1: N  / V2: N,Wet,Daylight,Clear,0.02,0,53,40,FALSE,41.92644259,-71.35554103
7781,10/5/2008,October,Sunday,13:40,1,1,0,0,Single vehicle crash,V1: Travelling straight ahead,V1: S,Wet,Daylight,Cloudy,0.02,0,53,40,FALSE,34.24438675,-73.6513909
7782,10/5/2008,October,Sunday,15:12,1,2,0,0,Angle,V1: Travelling straight ahead / V2: Travelling straight ahead,V1: E  / V2: S,Wet,Daylight,Rain,0.02,0,53,40,FALSE,41.95130281,-71.27263126
7783,10/5/2008,October,Sunday,15:35,1,2,0,0,"Sideswipe, same direction",V1: Changing lanes / V2: Travelling straight ahead,V1: N  / V2: N,Wet,Daylight,Cloudy,0.02,0,53,40,FALSE,34.24438675,-73.6513909