ID,DATE,Month,Day of week,Crash Time,Crash Severity,Number of Vehicles,Total Nonfatal Injuries,Total Fatal Injuries,Manner of Collision,Vehicle Action Prior to Crash,Vehicle Travel Directions,Road Surface Condition,Ambient Light,Weather Condition,PRCP,SNOW,TMAX,TMIN,Ice,Longtitute,Latitute
7784,10/6/2008,October,Monday,12:01,1,2,0,0,Rear-end,V1: Slowing or stopped in traffic / V2: Slowing or stopped in traffic,V1: E  / V2: E,Dry,Daylight,Clear,0.01,0,62,40,FALSE,41.93409173,-71.31894301
7785,10/6/2008,October,Monday,14:38,1,2,0,0,Angle,V1: Turning left / V2: Travelling straight ahead,V1: W  / V2: 0,Dry,Daylight,Clear,0.01,0,62,40,FALSE,41.94160377,-71.26928268
7786,10/6/2008,October,Monday,15:28,1,2,0,0,Rear-end,V1: Travelling straight ahead / V2: Travelling straight ahead,V1: N  / V2: N,Dry,Daylight,Clear,0.01,0,62,40,FALSE,41.9341021,-71.30369928
7787,10/7/2008,October,Tuesday,15:48,2,2,1,0,Rear-end,V1: Travelling straight ahead / V2: Slowing or stopped in traffic,V1: E  / V2: E,Dry,Daylight,Cloudy,0,0,68,36,FALSE,41.91522873,-71.37991885
7788,10/8/2008,October,Wednesday,6:05,1,1,0,0,Single vehicle crash,V1: Travelling straight ahead,V1: N,Dry,Dawn,Clear,0,0,71,33,FALSE,41.90229821,-71.35602252
7789,10/8/2008,October,Wednesday,9:55,1,2,0,0,Angle,V1: Entering traffic lane / V2: Travelling straight ahead,V1: E  / V2: S,Dry,Daylight,Clear,0,0,71,33,FALSE,41.91026562,-71.36319441
7790,10/8/2008,October,Wednesday,12:30,1,2,0,0,Rear-end,V1: Travelling straight ahead / V2: Travelling straight ahead,V1: N  / V2: N,Dry,Daylight,Clear,0,0,71,33,FALSE,41.94450501,-71.28411703
7791,10/8/2008,October,Wednesday,16:45,1,3,0,0,Rear-end,V1: Travelling straight ahead / V2: Slowing or stopped in traffic / V3: Slowing or stopped in traffic,V1: W  / V2: W  / V3: W,Dry,Daylight,Clear,0,0,71,33,FALSE,41.933991,-71.303016
7792,10/8/2008,October,Wednesday,16:56,1,2,0,0,Angle,V1: Changing lanes / V2: Travelling straight ahead,V1: S  / V2: S,Dry,Daylight,Clear,0,0,71,33,FALSE,41.918905,-71.35897255
7793,10/8/2008,October,Wednesday,18:59,0,1,0,0,0,V1: Slowing or stopped in traffic,V1: S,Wet,0,Rain,0,0,71,33,FALSE,41.94292045,-71.27681606
7794,10/8/2008,October,Wednesday,22:34,1,1,0,0,0,V1: Parked,V1: S,Dry,Dusk,Clear,0,0,71,33,FALSE,41.91200314,-71.36617926
7795,10/9/2008,October,Thursday,6:51,1,1,0,0,Single vehicle crash,V1: Travelling straight ahead,V1: N,Wet,Daylight,Cloudy/Rain,0.03,0,76,56,FALSE,41.91428445,-71.22477929
7796,10/9/2008,October,Thursday,7:01,1,3,0,0,Angle,V1: Travelling straight ahead / V2: Travelling straight ahead / V3: Travelling straight ahead,V1: W  / V2: W  / V3: W,Wet,Daylight,Rain,0.03,0,76,56,FALSE,41.9483337,-71.27794679
7797,10/9/2008,October,Thursday,8:15,2,1,2,0,Single vehicle crash,V1: 0,V1: 0,Wet,Daylight,Rain,0.03,0,76,56,FALSE,41.94160377,-71.26928268
7798,10/10/2008,October,Friday,1:25,2,2,1,0,Single vehicle crash,V1: Entering traffic lane / V2: 0,V1: S  / V2: 0,Dry,Dark - roadway not lighted,Clear,0,0,72,46,FALSE,41.95499665,-71.30901102
7799,10/10/2008,October,Friday,5:55,1,2,0,0,Angle,V1: Travelling straight ahead / V2: Travelling straight ahead,V1: N  / V2: E,Dry,Dark - lighted roadway,Cloudy,0,0,72,46,FALSE,41.925088,-71.356289
7800,10/10/2008,October,Friday,6:22,2,2,1,0,Rear-end,V1: Travelling straight ahead / V2: Slowing or stopped in traffic,V1: N  / V2: N,Dry,Dark - lighted roadway,Clear,0,0,72,46,FALSE,41.95514928,-71.30432065
7801,10/10/2008,October,Friday,6:58,1,2,0,0,Rear-end,V1: Slowing or stopped in traffic / V2: Slowing or stopped in traffic,V1: E  / V2: 0,Dry,Daylight,Clear,0,0,72,46,FALSE,41.93356065,-71.32368818
7802,10/10/2008,October,Friday,17:46,1,2,0,0,Angle,V1: Entering traffic lane / V2: Travelling straight ahead,V1: W  / V2: N,Dry,Dusk,Clear,0,0,72,46,FALSE,41.9485,-71.288951
7803,10/11/2008,October,Saturday,11:30,2,2,2,0,Angle,V1: Turning left / V2: Travelling straight ahead,V1: W  / V2: N,Dry,Daylight,Clear,0,0,71,41,FALSE,41.89733197,-71.36979234
7804,10/11/2008,October,Saturday,13:40,2,2,1,0,Rear-end,V1: Travelling straight ahead / V2: Slowing or stopped in traffic,V1: N  / V2: N,Dry,Daylight,Clear,0,0,71,41,FALSE,41.92644259,-71.35554103
7805,10/11/2008,October,Saturday,15:45,1,2,0,0,Angle,V1: Entering traffic lane / V2: Travelling straight ahead,V1: N  / V2: E,Dry,Daylight,Clear,0,0,71,41,FALSE,41.92014284,-71.35719782
7806,10/13/2008,October,Monday,7:00,0,2,0,0,Angle,V1: Parked / V2: 0,V1: 0 / V2: 0,Dry,Dark - lighted roadway,Cloudy,0,0,68,43,FALSE,41.93998504,-71.26761069
7807,10/13/2008,October,Monday,13:28,1,2,0,0,Angle,V1: Turning left / V2: Travelling straight ahead,V1: E  / V2: S,Dry,Daylight,Clear,0,0,68,43,FALSE,41.9103186,-71.36316741
7808,10/13/2008,October,Monday,13:54,1,2,0,0,Rear-end,V1: Travelling straight ahead / V2: Slowing or stopped in traffic,V1: S  / V2: S,Dry,Daylight,Cloudy,0,0,68,43,FALSE,41.9103186,-71.36316741
7809,10/13/2008,October,Monday,14:04,1,2,0,0,Angle,V1: Travelling straight ahead / V2: Turning right,V1: S  / V2: S,Dry,Daylight,Clear,0,0,68,43,FALSE,41.94413491,-71.27260127
7810,10/13/2008,October,Monday,14:43,1,2,0,0,Angle,V1: Entering traffic lane / V2: Travelling straight ahead,V1: W  / V2: N,Dry,Daylight,Cloudy,0,0,68,43,FALSE,41.9186584,-71.35907776
7811,10/14/2008,October,Tuesday,12:33,1,2,0,0,"Sideswipe, opposite direction",V1: Travelling straight ahead / V2: Travelling straight ahead,V1: W  / V2: E,Dry,Daylight,Clear,0,0,66,50,FALSE,41.969408,-71.293563
7812,10/15/2008,October,Wednesday,8:50,1,2,0,0,Angle,V1: Entering traffic lane / V2: Travelling straight ahead,V1: N  / V2: E,Dry,Daylight,Clear,0,0,68,50,FALSE,41.95265509,-71.26966312
7813,10/15/2008,October,Wednesday,11:05,1,1,0,0,Single vehicle crash,V1: Travelling straight ahead,V1: S,Dry,Daylight,Clear,0,0,68,50,FALSE,41.9590626,-71.30194545
7814,10/15/2008,October,Wednesday,11:39,2,2,1,0,Rear-end,V1: Travelling straight ahead / V2: Travelling straight ahead,V1: W  / V2: W,Dry,Daylight,Clear,0,0,68,50,FALSE,41.95247732,-71.29251254
7815,10/15/2008,October,Wednesday,18:40,1,2,0,0,Angle,V1: Turning left / V2: Travelling straight ahead,V1: E  / V2: W,Dry,Dark - lighted roadway,Clear,0,0,68,50,FALSE,41.93357119,-71.30035285
7816,10/15/2008,October,Wednesday,19:50,1,2,0,0,"Sideswipe, same direction",V1: Travelling straight ahead / V2: Turning left,V1: S  / V2: S,Dry,Daylight,Clear,0,0,68,50,FALSE,41.94704822,-71.3040849
7817,10/15/2008,October,Wednesday,20:06,1,1,0,0,Single vehicle crash,V1: Travelling straight ahead,V1: W,Dry,Dark - lighted roadway,Clear,0,0,68,50,FALSE,41.92880019,-71.2816472
7818,10/15/2008,October,Wednesday,20:43,2,1,1,0,Single vehicle crash,V1: Travelling straight ahead,V1: W,Dry,Dark - lighted roadway,Clear,0,0,68,50,FALSE,34.24438675,-73.6513909
7819,10/16/2008,October,Thursday,12:15,2,2,1,0,Rear-end,V1: Travelling straight ahead / V2: Slowing or stopped in traffic,V1: N  / V2: N,Dry,Daylight,Cloudy,0,0,70,49,FALSE,41.93874704,-71.29215576
7820,10/16/2008,October,Thursday,17:38,2,2,1,0,Rear-end,V1: Travelling straight ahead / V2: Travelling straight ahead,V1: N  / V2: N,Dry,Dawn,Clear,0,0,70,49,FALSE,41.95514928,-71.30432065
7821,10/17/2008,October,Friday,7:03,2,2,1,0,Rear-end,V1: Travelling straight ahead / V2: Slowing or stopped in traffic,V1: W  / V2: W,Dry,Daylight,Clear,0,0,62,40,FALSE,41.93397921,-71.30659863
7822,10/17/2008,October,Friday,9:29,1,2,0,0,Angle,V1: Travelling straight ahead / V2: Travelling straight ahead,V1: W  / V2: S,Dry,Daylight,Clear,0,0,62,40,FALSE,41.94121777,-71.2768631
7823,10/17/2008,October,Friday,16:19,2,2,1,0,"Sideswipe, opposite direction",V1: Travelling straight ahead / V2: Travelling straight ahead,V1: N  / V2: W,Dry,Daylight,Clear,0,0,62,40,FALSE,41.94040539,-71.28014995
7824,10/19/2008,October,Sunday,11:28,2,1,1,0,Single vehicle crash,V1: Turning right,V1: W,Wet,Daylight,Cloudy/Rain,0,0,50,36,FALSE,41.923857,-71.351619
7825,10/19/2008,October,Sunday,15:53,1,2,0,0,Angle,V1: Turning right / V2: Travelling straight ahead,V1: S  / V2: W,Dry,Daylight,Cloudy,0,0,50,36,FALSE,41.89858246,-71.35502202
7826,10/20/2008,October,Monday,8:10,1,2,0,0,Rear-end,V1: Travelling straight ahead / V2: Slowing or stopped in traffic,V1: N  / V2: N,Dry,Daylight,Clear,0,0,58,35,FALSE,41.91062135,-71.35825199
7827,10/20/2008,October,Monday,10:08,1,2,0,0,Rear-end,V1: Travelling straight ahead / V2: Slowing or stopped in traffic,V1: 0 / V2: 0,Dry,Daylight,Clear,0,0,58,35,FALSE,41.91796606,-71.35937958
7828,10/20/2008,October,Monday,14:10,2,2,1,0,Rear-end,V1: Parked / V2: Travelling straight ahead,V1: 0 / V2: 0,Dry,Daylight,Clear,0,0,58,35,FALSE,41.94721322,-71.24746662
7829,10/20/2008,October,Monday,14:10,1,2,0,0,Angle,V1: Travelling straight ahead / V2: Entering traffic lane,V1: 0 / V2: 0,Dry,Daylight,Clear,0,0,58,35,FALSE,41.95090126,-71.27363051
7830,10/20/2008,October,Monday,14:30,1,1,0,0,Single vehicle crash,V1: Other,V1: W,Dry,Daylight,Clear,0,0,58,35,FALSE,41.94245198,-71.28698244
7831,10/20/2008,October,Monday,16:43,1,2,0,0,Rear-end,V1: Slowing or stopped in traffic / V2: Slowing or stopped in traffic,V1: S  / V2: S,Dry,Daylight,Clear,0,0,58,35,FALSE,41.94276934,-71.27279066
7832,10/21/2008,October,Tuesday,0:00,2,1,1,0,Angle,V1: Turning right,V1: W,Dry,Daylight,Cloudy,0,0,63,30,TRUE,41.93742983,-71.26519759
7833,10/21/2008,October,Tuesday,17:17,2,3,2,0,Head-on,V1: Turning left / V2: Travelling straight ahead / V3: Slowing or stopped in traffic,V1: E  / V2: N  / V3: W,Wet,Dusk,Cloudy/Rain,0,0,63,30,TRUE,41.92797297,-71.35445174
7834,10/23/2008,October,Thursday,0:01,2,1,1,0,Single vehicle crash,V1: Travelling straight ahead,V1: E,Dry,Dawn,Clear,0,0,49,27,TRUE,41.89677396,-71.3724629
7835,10/23/2008,October,Thursday,6:53,1,2,0,0,Rear-end,V1: Travelling straight ahead / V2: Travelling straight ahead,V1: N  / V2: N,Dry,Daylight,Clear,0,0,49,27,TRUE,41.964433,-71.289429
7836,10/23/2008,October,Thursday,14:10,2,2,1,0,Rear-end,V1: Travelling straight ahead / V2: Parked,V1: W  / V2: W,Dry,Daylight,Clear,0,0,49,27,TRUE,41.94721851,-71.24746601
7837,10/23/2008,October,Thursday,15:40,1,2,0,0,Rear-end,V1: Travelling straight ahead / V2: Travelling straight ahead,V1: S  / V2: S,Dry,Daylight,Clear,0,0,49,27,TRUE,41.94072477,-71.33595213
7838,10/23/2008,October,Thursday,16:19,1,2,0,0,Angle,V1: Travelling straight ahead / V2: Travelling straight ahead,V1: N  / V2: W,Dry,Daylight,Clear,0,0,49,27,TRUE,41.95428602,-71.28497548
7839,10/24/2008,October,Friday,8:30,2,1,1,0,"Sideswipe, same direction",V1: Travelling straight ahead,V1: W,Dry,Daylight,Clear,0,0,63,25,TRUE,41.92550314,-71.34786603
7840,10/24/2008,October,Friday,12:45,1,2,0,0,Angle,V1: Turning left / V2: Travelling straight ahead,V1: S  / V2: 0,Dry,Daylight,Clear,0,0,63,25,TRUE,41.95026372,-71.2985466
7841,10/24/2008,October,Friday,15:12,1,2,0,0,Rear-end,V1: Travelling straight ahead / V2: Travelling straight ahead,V1: N  / V2: N,Dry,Daylight,Clear,0,0,63,25,TRUE,41.94687147,-71.29254802
7842,10/24/2008,October,Friday,15:43,1,2,0,0,Angle,V1: Turning left / V2: Travelling straight ahead,V1: S  / V2: W,Dry,Daylight,Clear,0,0,63,25,TRUE,41.94191488,-71.28774208
7843,10/24/2008,October,Friday,20:22,0,1,0,0,Single vehicle crash,V1: Travelling straight ahead,V1: W,Dry,Dark - lighted roadway,Clear,0,0,63,25,TRUE,41.9369572,-71.29468133
7844,10/25/2008,October,Saturday,15:35,1,2,0,0,Angle,V1: Travelling straight ahead / V2: Entering traffic lane,V1: N  / V2: E,Dry,Daylight,Cloudy,0.22,0,69,39,FALSE,41.90964751,-71.36351027
7845,10/26/2008,October,Sunday,2:24,1,1,0,0,Single vehicle crash,V1: Travelling straight ahead,V1: N,Wet,Dark - roadway not lighted,Cloudy/Rain,0.73,0,69,45,FALSE,41.93668658,-71.330151
7846,10/27/2008,October,Monday,2:02,1,2,0,0,Angle,V1: Turning left / V2: Travelling straight ahead,V1: 0 / V2: 0,Dry,Daylight,Clear,0,0,69,39,FALSE,41.95180679,-71.2898592
7847,10/27/2008,October,Monday,8:15,1,2,0,0,Angle,V1: Turning left / V2: Travelling straight ahead,V1: N  / V2: N,Dry,Daylight,Clear,0,0,69,39,FALSE,41.94666472,-71.28742757
7848,10/27/2008,October,Monday,9:45,1,2,0,0,Rear-end,V1: Travelling straight ahead / V2: Travelling straight ahead,V1: N  / V2: N,Dry,Daylight,Clear,0,0,69,39,FALSE,41.95814204,-71.28762358
7849,10/27/2008,October,Monday,11:22,2,2,1,0,Rear-end,V1: Other / V2: Slowing or stopped in traffic,V1: S  / V2: S,Dry,Daylight,Cloudy,0,0,69,39,FALSE,41.92508738,-71.35628348
7850,10/27/2008,October,Monday,14:45,1,2,0,0,Angle,V1: Turning left / V2: Travelling straight ahead,V1: E  / V2: W,Dry,Daylight,Clear,0,0,69,39,FALSE,41.9348634,-71.29887283
7851,10/27/2008,October,Monday,15:35,1,2,0,0,Rear-end,V1: Travelling straight ahead / V2: Slowing or stopped in traffic,V1: S  / V2: S,Dry,Daylight,Clear,0,0,69,39,FALSE,41.91954079,-71.25775248
7852,10/28/2008,October,Tuesday,14:26,1,1,0,0,0,V1: Turning left,V1: S,Wet,Daylight,Cloudy,0.69,0,53,37,FALSE,41.94432698,-71.30909064
7853,10/28/2008,October,Tuesday,15:36,1,4,0,0,Rear-end,V1: Slowing or stopped in traffic / V2: Slowing or stopped in traffic / V3: Slowing or stopped in traffic / V4: Slowing or stopped in traffic,V1: S  / V2: E  / V3: E  / V4: E,Dry,Daylight,Cloudy,0.69,0,53,37,FALSE,41.93403731,-71.30601704
7854,10/29/2008,October,Wednesday,14:30,1,2,0,0,Rear-end,V1: Travelling straight ahead / V2: Slowing or stopped in traffic,V1: S  / V2: S,0,Daylight,Cloudy,0,0,47,33,FALSE,41.91330292,-71.36165358
7855,10/29/2008,October,Wednesday,15:30,1,2,0,0,Angle,V1: Backing / V2: Travelling straight ahead,V1: E  / V2: E,Dry,Daylight,Cloudy,0,0,47,33,FALSE,41.9515834,-71.29702782
7856,10/29/2008,October,Wednesday,17:07,1,2,0,0,Angle,V1: Entering traffic lane / V2: Travelling straight ahead,V1: W  / V2: N,Dry,Daylight,Cloudy,0,0,47,33,FALSE,41.90586329,-71.35672103
7857,10/30/2008,October,Thursday,13:45,1,2,0,0,Rear-end,V1: Slowing or stopped in traffic / V2: Travelling straight ahead,V1: 0 / V2: 0,Dry,Daylight,Clear,0,0,47,28,TRUE,41.94274018,-71.28432859
7858,10/30/2008,October,Thursday,16:29,1,2,0,0,Rear-end,V1: Slowing or stopped in traffic / V2: Turning left,V1: 0 / V2: 0,Dry,Daylight,Clear,0,0,47,28,TRUE,41.9341021,-71.30369928
7859,10/31/2008,October,Friday,15:46,1,1,0,0,Single vehicle crash,V1: Travelling straight ahead,V1: W,Dry,Daylight,Clear,0,0,64,25,TRUE,41.94458049,-71.28396355
7860,10/31/2008,October,Friday,20:39,1,2,0,0,Angle,V1: Travelling straight ahead / V2: Turning left,V1: E  / V2: S,Dry,Dark - lighted roadway,Clear,0,0,64,25,TRUE,41.91711015,-71.37372238
7861,10/31/2008,October,Friday,23:42,1,1,0,0,Single vehicle crash,V1: Travelling straight ahead,V1: S,Dry,Dark - lighted roadway,Clear,0,0,64,25,TRUE,41.89869865,-71.36913569
7862,11/2/2008,November,Sunday,1:59,1,3,0,0,"Sideswipe, same direction",V1: Travelling straight ahead / V2: Slowing or stopped in traffic / V3: Slowing or stopped in traffic,V1: W  / V2: 0 / V3: 0,Dry,Dark - lighted roadway,Clear,0,0,46,25,TRUE,34.24438675,-73.6513909
7863,11/2/2008,November,Sunday,7:44,0,2,0,0,Rear-end,V1: Parked / V2: 0,V1: 0 / V2: 0,Dry,Dark - 0 roadway lighting,Clear,0,0,46,25,TRUE,41.92838172,-71.2762977
7864,11/2/2008,November,Sunday,17:35,2,2,3,0,Angle,V1: Entering traffic lane / V2: Travelling straight ahead,V1: S  / V2: S,Dry,Dark - lighted roadway,Cloudy,0,0,46,25,TRUE,41.95150567,-71.27215145
7865,11/2/2008,November,Sunday,17:53,1,2,0,0,Rear-end,V1: Travelling straight ahead / V2: Travelling straight ahead,V1: S  / V2: S,Dry,Dark - lighted roadway,Clear,0,0,46,25,TRUE,41.97015292,-71.29135147
7866,11/2/2008,November,Sunday,19:15,1,2,0,0,Rear-end,V1: Slowing or stopped in traffic / V2: Travelling straight ahead,V1: W  / V2: W,Dry,Dark - lighted roadway,Clear,0,0,46,25,TRUE,41.933043,-71.297891
7867,11/3/2008,November,Monday,9:27,1,2,0,0,Rear-end,V1: Travelling straight ahead / V2: Slowing or stopped in traffic,V1: W  / V2: W,Dry,Daylight,Cloudy,0,0,52,22,TRUE,41.9468032,-71.27990471
7868,11/3/2008,November,Monday,14:27,1,1,0,0,Single vehicle crash,V1: Backing,V1: 0,Dry,Daylight,Cloudy,0,0,52,22,TRUE,34.24438675,-73.6513909
7869,11/3/2008,November,Monday,20:36,1,2,0,0,Rear-end,V1: Travelling straight ahead / V2: Slowing or stopped in traffic,V1: W  / V2: W,Dry,Dark - lighted roadway,Cloudy,0,0,52,22,TRUE,41.92614915,-71.34628794
7870,11/4/2008,November,Tuesday,2:45,1,1,0,0,Single vehicle crash,V1: Turning left,V1: 0,Dry,Dark - lighted roadway,Cloudy,0,0,65,38,FALSE,41.94266173,-71.28390998
7871,11/4/2008,November,Tuesday,3:38,1,2,0,0,Angle,V1: Travelling straight ahead / V2: Travelling straight ahead,V1: E  / V2: S,Dry,Daylight,Clear,0,0,65,38,FALSE,41.95234013,-71.29601132
7872,11/4/2008,November,Tuesday,7:39,2,3,1,0,Rear-end,V1: Slowing or stopped in traffic / V2: Slowing or stopped in traffic / V3: Travelling straight ahead,V1: E  / V2: E  / V3: E,Dry,Daylight,Clear,0,0,65,38,FALSE,34.24438675,-73.6513909
7873,11/4/2008,November,Tuesday,18:46,1,2,0,0,Angle,V1: Travelling straight ahead / V2: Entering traffic lane,V1: S  / V2: E,Dry,Dark - lighted roadway,Clear,0,0,65,38,FALSE,41.94757814,-71.27890389
7874,11/5/2008,November,Wednesday,11:05,1,1,0,0,Single vehicle crash,V1: Turning right,V1: 0,Dry,Daylight,Cloudy,0.01,0,67,46,FALSE,41.931742,-71.274775
7875,11/5/2008,November,Wednesday,19:40,2,1,1,0,Single vehicle crash,V1: Travelling straight ahead,V1: S,Wet,Dark - roadway not lighted,Rain,0.01,0,67,46,FALSE,41.90261292,-71.35590916
7876,11/6/2008,November,Thursday,4:45,2,2,1,0,0,V1: Travelling straight ahead / V2: Overtaking/passing,V1: S  / V2: S,Wet,Dark - roadway not lighted,Cloudy,0.68,0,57,53,FALSE,41.91034207,-71.33979133
7877,11/6/2008,November,Thursday,7:03,1,2,0,0,"Sideswipe, same direction",V1: Slowing or stopped in traffic / V2: Turning right,V1: N  / V2: N,Wet,Daylight,Cloudy/Rain,0.68,0,57,53,FALSE,41.90231125,-71.35597671
7878,11/6/2008,November,Thursday,7:49,1,2,0,0,Rear-end,V1: Travelling straight ahead / V2: Slowing or stopped in traffic,V1: E  / V2: E,Wet,Daylight,Cloudy/Rain,0.68,0,57,53,FALSE,41.92543615,-71.34802598
7879,11/6/2008,November,Thursday,8:24,1,1,0,0,Single vehicle crash,V1: Travelling straight ahead,V1: N,Wet,Daylight,Rain,0.68,0,57,53,FALSE,34.24438675,-73.6513909
7880,11/6/2008,November,Thursday,9:01,1,2,0,0,Angle,V1: Turning left / V2: Travelling straight ahead,V1: N  / V2: S,Wet,Daylight,Cloudy,0.68,0,57,53,FALSE,41.90230457,-71.36725828
7881,11/6/2008,November,Thursday,10:50,1,2,0,0,"Sideswipe, same direction",V1: 0 / V2: Turning left,V1: 0 / V2: 0,Wet,Daylight,Rain,0.68,0,57,53,FALSE,41.9552176,-71.30452042
7882,11/6/2008,November,Thursday,12:50,1,2,0,0,Angle,V1: Travelling straight ahead / V2: Entering traffic lane,V1: N  / V2: N,Dry,Daylight,Clear,0.68,0,57,53,FALSE,41.94625923,-71.28694634
7883,11/6/2008,November,Thursday,12:50,1,2,0,0,Angle,V1: Turning left / V2: Travelling straight ahead,V1: N  / V2: N,Wet,Daylight,Cloudy/Rain,0.68,0,57,53,FALSE,41.94625923,-71.28694634
7884,11/6/2008,November,Thursday,14:40,1,2,0,0,Rear-end,V1: Travelling straight ahead / V2: Slowing or stopped in traffic,V1: S  / V2: S,Wet,Daylight,Cloudy/Rain,0.68,0,57,53,FALSE,41.92045606,-71.29845401
7885,11/6/2008,November,Thursday,16:26,1,2,0,0,Rear-end,V1: Travelling straight ahead / V2: Slowing or stopped in traffic,V1: S  / V2: S,Wet,Dark - lighted roadway,Rain,0.68,0,57,53,FALSE,41.95263042,-71.2895305
7886,11/6/2008,November,Thursday,17:32,1,2,0,0,Rear-end,V1: Turning left / V2: Travelling straight ahead,V1: E  / V2: N,Wet,Dark - lighted roadway,Rain,0.68,0,57,53,FALSE,41.96206395,-71.28805376
7887,11/6/2008,November,Thursday,17:40,2,2,1,0,Rear-end,V1: Travelling straight ahead / V2: Travelling straight ahead,V1: N  / V2: N,Wet,Dark - lighted roadway,Rain,0.68,0,57,53,FALSE,41.93420684,-71.2849614
7888,11/7/2008,November,Friday,8:28,1,2,0,0,Rear-end,V1: Travelling straight ahead / V2: Slowing or stopped in traffic,V1: N  / V2: N,Wet,Daylight,Clear,0,0,59,53,FALSE,41.91553246,-71.36052197
7889,11/7/2008,November,Friday,12:30,1,1,0,0,Single vehicle crash,V1: Travelling straight ahead,V1: W,Wet,Daylight,Cloudy,0,0,59,53,FALSE,41.94258122,-71.2836956
7890,11/7/2008,November,Friday,14:04,1,2,0,0,"Sideswipe, same direction",V1: Travelling straight ahead / V2: Travelling straight ahead,V1: 0 / V2: 0,Dry,Daylight,Clear,0,0,59,53,FALSE,41.92014284,-71.35719783
7891,11/7/2008,November,Friday,16:35,1,2,0,0,Angle,V1: Turning left / V2: Turning right,V1: E  / V2: E,Dry,Dusk,Cloudy,0,0,59,53,FALSE,41.95484304,-71.28856385
7892,11/8/2008,November,Saturday,12:39,1,2,0,0,Angle,V1: Travelling straight ahead / V2: Entering traffic lane,V1: N  / V2: N,Wet,Dark - lighted roadway,Cloudy/Rain,0.18,0,61,55,FALSE,41.90962192,-71.36352354
7893,11/8/2008,November,Saturday,19:06,1,2,0,0,Rear-end,V1: Travelling straight ahead / V2: Travelling straight ahead,V1: S  / V2: S,Wet,Dark - lighted roadway,Rain,0.18,0,61,55,FALSE,41.93089516,-71.35305308
7894,11/8/2008,November,Saturday,22:55,1,1,0,0,Single vehicle crash,V1: Turning left,V1: N,Wet,Dark - lighted roadway,Cloudy/Rain,0.18,0,61,55,FALSE,41.93707672,-71.31558512
7895,11/9/2008,November,Sunday,11:01,1,2,0,0,Rear-end,V1: Travelling straight ahead / V2: Slowing or stopped in traffic,V1: E  / V2: E,Dry,Daylight,Cloudy,0.04,0,58,42,FALSE,41.9341021,-71.30369928
7896,11/9/2008,November,Sunday,11:24,1,3,0,0,Rear-end,V1: Travelling straight ahead / V2: Travelling straight ahead / V3: Slowing or stopped in traffic,V1: W  / V2: W  / V3: W,Dry,Daylight,Clear,0.04,0,58,42,FALSE,41.92614916,-71.34628794
7897,11/9/2008,November,Sunday,15:25,1,2,0,0,Angle,V1: Travelling straight ahead / V2: Entering traffic lane,V1: W  / V2: S,Dry,Daylight,Clear,0.04,0,58,42,FALSE,34.24438675,-73.6513909
7898,11/9/2008,November,Sunday,17:35,2,2,1,0,Rear-end,V1: Travelling straight ahead / V2: Travelling straight ahead,V1: S  / V2: S,Dry,Dark - lighted roadway,Clear,0.04,0,58,42,FALSE,41.92900588,-71.35386905
7899,11/10/2008,November,Monday,8:11,1,2,0,0,Angle,V1: Turning left / V2: Travelling straight ahead,V1: E  / V2: W,Dry,Daylight,Clear,0,0,54,37,FALSE,41.93357119,-71.30035285
7900,11/10/2008,November,Monday,14:34,1,2,0,0,Angle,V1: Travelling straight ahead / V2: Travelling straight ahead,V1: S  / V2: W,Dry,Daylight,Clear,0,0,54,37,FALSE,41.94019537,-71.27660007
7901,11/10/2008,November,Monday,15:46,1,2,0,0,Angle,V1: Turning left / V2: Travelling straight ahead,V1: S  / V2: W,Dry,Daylight,Clear,0,0,54,37,FALSE,41.95077624,-71.27393811
7902,11/11/2008,November,Tuesday,6:46,1,2,0,0,Rear-end,V1: Travelling straight ahead / V2: Parked,V1: N  / V2: 0,Dry,Daylight,Clear,0,0,52,31,TRUE,41.9026139,-71.31970227
7903,11/11/2008,November,Tuesday,8:06,2,2,1,0,"Sideswipe, same direction",V1: Changing lanes / V2: Travelling straight ahead,V1: E  / V2: E,Dry,Daylight,Clear,0,0,52,31,TRUE,34.24438675,-73.6513909
7904,11/11/2008,November,Tuesday,12:37,1,2,0,0,Angle,V1: Entering traffic lane / V2: Travelling straight ahead,V1: E  / V2: S,Dry,Daylight,Cloudy,0,0,52,31,TRUE,41.91619723,-71.35885587
7905,11/11/2008,November,Tuesday,13:30,1,1,0,0,0,V1: Travelling straight ahead,V1: S,Dry,Daylight,Clear,0,0,52,31,TRUE,34.24438675,-73.6513909
7906,11/12/2008,November,Wednesday,17:33,2,1,1,0,Angle,V1: Travelling straight ahead,V1: S,Dry,Dark - lighted roadway,Clear,0,0,50,30,TRUE,41.94040539,-71.28014995
7907,11/12/2008,November,Wednesday,18:23,1,2,0,0,Rear-end,V1: Travelling straight ahead / V2: Travelling straight ahead,V1: S  / V2: S,Dry,Dark - lighted roadway,Clear,0,0,50,30,TRUE,41.90133283,-71.35571978
7908,11/12/2008,November,Wednesday,23:15,1,1,0,0,Single vehicle crash,V1: Travelling straight ahead,V1: N,Dry,Dark - roadway not lighted,Clear,0,0,50,30,TRUE,41.96926367,-71.2955242