ID,DATE,Month,Day of week,Crash Time,Crash Severity,Number of Vehicles,Total Nonfatal Injuries,Total Fatal Injuries,Manner of Collision,Vehicle Action Prior to Crash,Vehicle Travel Directions,Road Surface Condition,Ambient Light,Weather Condition,PRCP,SNOW,TMAX,TMIN,Ice,Longtitute,Latitute
7909,11/13/2008,November,Thursday,7:56,2,2,2,0,Angle,V1: Turning left / V2: Travelling straight ahead,V1: 0 / V2: 0,Dry,Daylight,Clear,0.06,0,50,30,TRUE,41.91982212,-71.35857678
7910,11/13/2008,November,Thursday,8:38,2,2,1,0,Angle,V1: Slowing or stopped in traffic / V2: Travelling straight ahead,V1: N  / V2: E,Dry,Daylight,Cloudy,0.06,0,50,30,TRUE,41.93505312,-71.29860583
7911,11/13/2008,November,Thursday,14:52,1,2,0,0,Rear-end,V1: Travelling straight ahead / V2: Slowing or stopped in traffic,V1: E  / V2: E,Wet,Daylight,Cloudy/Rain,0.06,0,50,30,TRUE,41.93393915,-71.30784205
7912,11/13/2008,November,Thursday,15:50,1,1,0,0,Single vehicle crash,V1: Backing,V1: 0,Wet,Dusk,Rain,0.06,0,50,30,TRUE,41.91206655,-71.29570051
7913,11/13/2008,November,Thursday,18:27,2,2,1,0,"Sideswipe, same direction",V1: Changing lanes / V2: Travelling straight ahead,V1: S  / V2: S,Wet,Dark - lighted roadway,Rain,0.06,0,50,30,TRUE,41.89869865,-71.36913569
7914,11/13/2008,November,Thursday,19:04,2,3,2,0,Rear-end,V1: Slowing or stopped in traffic / V2: Travelling straight ahead / V3: Slowing or stopped in traffic,V1: S  / V2: S  / V3: S,Wet,Dark - roadway not lighted,Rain,0.06,0,50,30,TRUE,41.90261292,-71.35590916
7915,11/14/2008,November,Friday,3:44,1,2,0,0,Angle,V1: Turning left / V2: Travelling straight ahead,V1: E  / V2: N,Dry,Daylight,Cloudy,0.11,0,62,47,FALSE,41.89733197,-71.36979234
7916,11/14/2008,November,Friday,11:36,1,2,0,0,"Sideswipe, same direction",V1: Travelling straight ahead / V2: Travelling straight ahead,V1: E  / V2: 0,Wet,Daylight,Cloudy/Rain,0.11,0,62,47,FALSE,41.9374227,-71.29402673
7917,11/14/2008,November,Friday,14:25,2,2,2,0,Angle,V1: Turning left / V2: Travelling straight ahead,V1: 0 / V2: 0,Dry,Daylight,Clear,0.11,0,62,47,FALSE,41.93405012,-71.31579284
7918,11/14/2008,November,Friday,14:40,2,1,1,0,Single vehicle crash,V1: Travelling straight ahead,V1: N,Wet,Daylight,Cloudy/Rain,0.11,0,62,47,FALSE,41.93084653,-71.22599808
7919,11/14/2008,November,Friday,14:58,1,2,0,0,Angle,V1: Backing / V2: Travelling straight ahead,V1: E  / V2: E,Wet,Daylight,Cloudy/Rain,0.11,0,62,47,FALSE,41.94453702,-71.27310148
7920,11/14/2008,November,Friday,15:02,1,2,0,0,Angle,V1: Turning left / V2: Travelling straight ahead,V1: N  / V2: S,Dry,Daylight,Cloudy,0.11,0,62,47,FALSE,41.90998013,-71.35802082
7921,11/14/2008,November,Friday,17:25,2,4,4,0,Rear-end,V1: Slowing or stopped in traffic / V2: Travelling straight ahead / V3: Slowing or stopped in traffic / V4: Slowing or stopped in traffic,V1: N  / V2: N  / V3: N  / V4: N,Wet,Dark - roadway not lighted,Rain,0.11,0,62,47,FALSE,41.95511072,-71.30465342
7922,11/14/2008,November,Friday,20:45,1,2,0,0,"Sideswipe, same direction",V1: Changing lanes / V2: Backing,V1: S  / V2: S,Wet,Dark - lighted roadway,Rain,0.11,0,62,47,FALSE,41.92558101,-71.35606292
7923,11/15/2008,November,Saturday,9:01,1,2,0,0,Angle,V1: Overtaking/passing / V2: Turning left,V1: N  / V2: N,Wet,Daylight,Cloudy/Rain,0.68,0,70,58,FALSE,41.944545,-71.281994
7924,11/15/2008,November,Saturday,10:40,2,2,1,0,Rear-end,V1: Travelling straight ahead / V2: Slowing or stopped in traffic,V1: N  / V2: N,Wet,Daylight,Cloudy,0.68,0,70,58,FALSE,41.90120359,-71.36781957
7925,11/15/2008,November,Saturday,10:53,1,2,0,0,Angle,V1: Turning left / V2: Travelling straight ahead,V1: E  / V2: N,Wet,Daylight,Cloudy/Rain,0.68,0,70,58,FALSE,41.910444,-71.283086
7926,11/15/2008,November,Saturday,11:42,1,2,0,0,"Sideswipe, opposite direction",V1: Travelling straight ahead / V2: Travelling straight ahead,V1: E  / V2: N,Dry,Daylight,Rain,0.68,0,70,58,FALSE,41.91035947,-71.36314658
7927,11/15/2008,November,Saturday,12:59,1,2,0,0,Rear-end,V1: Slowing or stopped in traffic / V2: Travelling straight ahead,V1: W  / V2: W,Wet,Daylight,Cloudy/Rain,0.68,0,70,58,FALSE,41.94344652,-71.28559566
7928,11/15/2008,November,Saturday,23:00,1,2,0,0,Angle,V1: Entering traffic lane / V2: Travelling straight ahead,V1: W  / V2: N,Wet,Dark - lighted roadway,Rain,0.68,0,70,58,FALSE,41.90960621,-71.36353169
7929,11/16/2008,November,Sunday,20:14,2,2,1,0,"Sideswipe, same direction",V1: Slowing or stopped in traffic / V2: Overtaking/passing,V1: W  / V2: W,Dry,Dark - lighted roadway,Clear,0.26,0,66,39,FALSE,41.93394954,-71.30903288
7930,11/17/2008,November,Monday,9:37,2,2,2,0,Angle,V1: Turning left / V2: Travelling straight ahead,V1: W  / V2: S,Dry,Daylight,Clear,0,0,50,29,TRUE,41.94444966,-71.2795884
7931,11/17/2008,November,Monday,11:42,1,2,0,0,"Sideswipe, same direction",V1: Travelling straight ahead / V2: Parked,V1: N  / V2: S,Dry,Daylight,Clear,0,0,50,29,TRUE,41.94495215,-71.2846593
7932,11/17/2008,November,Monday,13:02,1,2,0,0,"Sideswipe, same direction",V1: Changing lanes / V2: Travelling straight ahead,V1: S  / V2: S,Dry,Daylight,Cloudy,0,0,50,29,TRUE,41.89733197,-71.36979234
7933,11/17/2008,November,Monday,14:00,1,2,0,0,Angle,V1: Turning left / V2: Turning left,V1: N  / V2: N,Dry,Daylight,Cloudy,0,0,50,29,TRUE,41.92508738,-71.35628348
7934,11/17/2008,November,Monday,18:20,1,2,0,0,Rear-end,V1: Travelling straight ahead / V2: Travelling straight ahead,V1: S  / V2: S,Dry,Dark - lighted roadway,Cloudy,0,0,50,29,TRUE,41.94231024,-71.28253433
7935,11/19/2008,November,Wednesday,16:54,1,2,0,0,Angle,V1: Turning left / V2: Turning left,V1: E  / V2: S,Dry,Dark - lighted roadway,Cloudy,0,0,35,20,TRUE,41.93505312,-71.29860583
7936,11/20/2008,November,Thursday,7:51,1,1,0,0,Single vehicle crash,V1: Travelling straight ahead,V1: N,Dry,Daylight,Cloudy,0,0,36,20,TRUE,41.90945371,-71.26823814
7937,11/20/2008,November,Thursday,8:57,1,2,0,0,Angle,V1: Travelling straight ahead / V2: 0,V1: W  / V2: N,Dry,Daylight,Clear,0,0,36,20,TRUE,41.94121777,-71.2768631
7938,11/20/2008,November,Thursday,13:46,1,2,0,0,Rear-end,V1: Travelling straight ahead / V2: Travelling straight ahead,V1: N  / V2: N,Dry,Daylight,Clear,0,0,36,20,TRUE,34.24438675,-73.6513909
7939,11/20/2008,November,Thursday,17:19,1,3,0,0,Rear-end,V1: Slowing or stopped in traffic / V2: Travelling straight ahead / V3: Travelling straight ahead,V1: N  / V2: N  / V3: N,Dry,Dark - lighted roadway,Clear,0,0,36,20,TRUE,41.95271437,-71.26950284
7940,11/21/2008,November,Friday,0:12,2,2,1,0,Rear-end,V1: Travelling straight ahead / V2: Changing lanes,V1: S  / V2: S,Dry,Dark - roadway not lighted,Clear,0,0,35,17,TRUE,41.90261292,-71.35590916
7941,11/21/2008,November,Friday,12:59,1,2,0,0,Angle,V1: Turning left / V2: Turning left,V1: E  / V2: 0,Dry,Daylight,Cloudy,0,0,35,17,TRUE,41.89733197,-71.36979234
7942,11/21/2008,November,Friday,14:55,2,2,1,0,Angle,V1: Travelling straight ahead / V2: Travelling straight ahead,V1: N  / V2: E,Dry,Daylight,Cloudy,0,0,35,17,TRUE,41.89642653,-71.37125251
7943,11/21/2008,November,Friday,20:50,1,3,0,0,"Sideswipe, opposite direction",V1: Travelling straight ahead / V2: Parked / V3: 0,V1: S  / V2: 0 / V3: 0,Wet,Dark - lighted roadway,Clear,0,0,35,17,TRUE,41.92602778,-71.35582106
7944,11/22/2008,November,Saturday,0:58,1,1,0,0,Single vehicle crash,V1: Travelling straight ahead,V1: S,Dry,Dark - lighted roadway,Clear,0,0,30,19,TRUE,41.930622,-71.285046
7945,11/22/2008,November,Saturday,6:42,1,2,0,0,Rear-end,V1: Travelling straight ahead / V2: Travelling straight ahead,V1: S  / V2: S,Dry,Dark - roadway not lighted,Clear,0,0,30,19,TRUE,41.90261292,-71.35590916
7946,11/23/2008,November,Sunday,11:04,1,2,0,0,Single vehicle crash,V1: Travelling straight ahead / V2: Travelling straight ahead,V1: W  / V2: S,Dry,Daylight,Clear,0,0,34,19,TRUE,41.92014284,-71.35719783
7947,11/23/2008,November,Sunday,13:45,1,2,0,0,Rear-end,V1: Travelling straight ahead / V2: Slowing or stopped in traffic,V1: E  / V2: E,Dry,Daylight,Clear,0,0,34,19,TRUE,41.94112543,-71.28299596
7948,11/23/2008,November,Sunday,14:02,1,2,0,0,Rear-end,V1: Travelling straight ahead / V2: Slowing or stopped in traffic,V1: S  / V2: S,Dry,Daylight,Clear,0,0,34,19,TRUE,41.90257689,-71.3560405
7949,11/23/2008,November,Sunday,14:46,2,2,1,0,Rear-end,V1: Travelling straight ahead / V2: Slowing or stopped in traffic,V1: S  / V2: S,Dry,Daylight,Clear,0,0,34,19,TRUE,41.90257689,-71.3560405
7950,11/24/2008,November,Monday,9:23,1,2,0,0,Angle,V1: Entering traffic lane / V2: Travelling straight ahead,V1: E  / V2: W,Dry,Daylight,Clear,0,0,44,19,TRUE,41.9461245,-71.28839492
7951,11/24/2008,November,Monday,11:54,1,2,0,0,Rear-end,V1: Travelling straight ahead / V2: Travelling straight ahead,V1: S  / V2: S,Dry,Daylight,Clear,0,0,44,19,TRUE,41.90081078,-71.36802017
7952,11/24/2008,November,Monday,12:17,1,2,0,0,Angle,V1: Turning left / V2: Travelling straight ahead,V1: S  / V2: W,Dry,Daylight,Cloudy,0,0,44,19,TRUE,41.92387717,-71.35158914
7953,11/24/2008,November,Monday,12:20,1,3,0,0,Rear-end,V1: Travelling straight ahead / V2: Travelling straight ahead / V3: Travelling straight ahead,V1: N  / V2: N  / V3: N,Dry,Daylight,Clear,0,0,44,19,TRUE,41.95484304,-71.28856385
7954,11/24/2008,November,Monday,12:45,1,1,0,0,"Sideswipe, same direction",V1: Turning right,V1: N,Dry,Daylight,Clear,0,0,44,19,TRUE,41.9412121,-71.28297598
7955,11/25/2008,November,Tuesday,11:57,1,2,0,0,Rear-end,V1: Travelling straight ahead / V2: Slowing or stopped in traffic,V1: W  / V2: W,Dry,Daylight,Clear,2.24,0,53,36,FALSE,41.93269195,-71.32821357
7956,11/25/2008,November,Tuesday,12:08,2,3,2,0,Angle,V1: Turning left / V2: 0 / V3: Slowing or stopped in traffic,V1: S  / V2: N  / V3: W,Wet,Daylight,Rain,2.24,0,53,36,FALSE,41.9170943,-71.35975551
7957,11/25/2008,November,Tuesday,14:09,1,2,0,0,Rear-end,V1: Travelling straight ahead / V2: Slowing or stopped in traffic,V1: E  / V2: E,Wet,Daylight,Rain,2.24,0,53,36,FALSE,41.94021848,-71.30088452
7958,11/25/2008,November,Tuesday,17:20,2,2,2,0,Rear-end,V1: Travelling straight ahead / V2: Travelling straight ahead,V1: S  / V2: S,Wet,Dark - lighted roadway,Cloudy/Rain,2.24,0,53,36,FALSE,41.91194929,-71.36233897
7959,11/25/2008,November,Tuesday,20:45,1,2,0,0,Angle,V1: Travelling straight ahead / V2: Travelling straight ahead,V1: W  / V2: S,Dry,Dark - lighted roadway,Cloudy,2.24,0,53,36,FALSE,41.94450501,-71.28411703
7960,11/25/2008,November,Tuesday,23:07,2,1,1,0,Single vehicle crash,V1: Travelling straight ahead,V1: S,Wet,Dark - lighted roadway,Cloudy,2.24,0,53,36,FALSE,41.92532425,-71.32169706
7961,11/25/2008,November,Tuesday,23:11,1,2,0,0,Angle,V1: Turning left / V2: Parked,V1: W  / V2: 0,Ice,Dark - lighted roadway,Rain,2.24,0,53,36,FALSE,41.92265683,-71.31354319
7962,11/26/2008,November,Wednesday,10:06,2,1,1,0,Head-on,V1: Travelling straight ahead,V1: S,Dry,Daylight,Clear,0,0,46,28,TRUE,41.94721322,-71.24746662
7963,11/26/2008,November,Wednesday,15:18,2,2,1,0,Rear-end,V1: Other / V2: Slowing or stopped in traffic,V1: N  / V2: N,Dry,Daylight,Cloudy,0,0,46,28,TRUE,41.92014285,-71.35719783
7964,11/26/2008,November,Wednesday,16:47,1,2,0,0,Angle,V1: Travelling straight ahead / V2: Entering traffic lane,V1: E  / V2: E,Dry,Dark - lighted roadway,Clear,0,0,46,28,TRUE,41.94379284,-71.27981397
7965,11/27/2008,November,Thursday,11:19,1,2,0,0,"Sideswipe, same direction",V1: Turning left / V2: Travelling straight ahead,V1: N  / V2: N,Dry,Daylight,Clear,0,0,46,28,TRUE,41.90929507,-71.35781516
7966,11/27/2008,November,Thursday,12:30,1,3,0,0,Angle,V1: Leaving traffic lane / V2: Travelling straight ahead / V3: Travelling straight ahead,V1: N  / V2: N  / V3: N,Dry,Daylight,Clear,0,0,46,28,TRUE,41.90231844,-71.35595143
7967,11/27/2008,November,Thursday,22:25,2,2,4,0,Head-on,V1: 0 / V2: Travelling straight ahead,V1: N  / V2: S,Dry,Dark - lighted roadway,Cloudy,0,0,46,28,TRUE,41.90086769,-71.36799095
7968,11/28/2008,November,Friday,1:23,1,2,0,0,Angle,V1: Travelling straight ahead / V2: Turning left,V1: S  / V2: W,Wet,Daylight,Clear,0.09,0,47,25,TRUE,41.95287787,-71.26899686
7969,11/28/2008,November,Friday,7:38,2,2,4,0,Rear-end,V1: Travelling straight ahead / V2: Slowing or stopped in traffic,V1: S  / V2: S,Dry,Daylight,Cloudy,0.09,0,47,25,TRUE,41.90998013,-71.35802082
7970,11/28/2008,November,Friday,11:45,2,2,1,0,Angle,V1: Turning left / V2: Turning right,V1: S  / V2: S,Dry,Daylight,Clear,0.09,0,47,25,TRUE,41.90964751,-71.36351027
7971,11/28/2008,November,Friday,13:04,2,4,1,0,Rear-end,V1: Travelling straight ahead / V2: Slowing or stopped in traffic / V3: Slowing or stopped in traffic / V4: Slowing or stopped in traffic,V1: S  / V2: S  / V3: S  / V4: S,Wet,Daylight,Cloudy/Rain,0.09,0,47,25,TRUE,41.91982212,-71.35857678
7972,11/28/2008,November,Friday,15:01,2,2,1,0,Rear-end,V1: Slowing or stopped in traffic / V2: Slowing or stopped in traffic,V1: W  / V2: W,Dry,Daylight,Cloudy,0.09,0,47,25,TRUE,41.92621,-71.346042
7973,11/28/2008,November,Friday,16:07,2,1,2,0,Single vehicle crash,V1: Travelling straight ahead,V1: S,Dry,Daylight,Cloudy,0.09,0,47,25,TRUE,41.90929507,-71.35781516
7974,11/29/2008,November,Saturday,1:35,1,2,0,0,Rear-end,V1: Travelling straight ahead / V2: Travelling straight ahead,V1: N  / V2: N,Dry,Dark - roadway not lighted,Clear,0,0,47,25,TRUE,41.93403258,-71.31898939
7975,11/29/2008,November,Saturday,14:29,2,2,2,0,Rear-end,V1: Travelling straight ahead / V2: Slowing or stopped in traffic,V1: S  / V2: S,Dry,Daylight,Clear,0,0,47,25,TRUE,41.92644259,-71.35554103
7976,11/29/2008,November,Saturday,19:31,1,2,0,0,Rear-end,V1: Slowing or stopped in traffic / V2: Slowing or stopped in traffic,V1: N  / V2: N,Dry,Dark - lighted roadway,Clear,0,0,47,25,TRUE,41.9224407,-71.35744057
7977,11/30/2008,November,Sunday,14:25,1,2,0,0,"Sideswipe, same direction",V1: Overtaking/passing / V2: Turning right,V1: N  / V2: N,Wet,Daylight,Rain,1.05,0,44,21,TRUE,41.93505312,-71.29860583
7978,12/1/2008,December,Monday,8:44,1,2,0,0,Head-on,V1: Travelling straight ahead / V2: Travelling straight ahead,V1: W  / V2: E,Wet,Daylight,Cloudy/Rain,0.16,0,59,44,FALSE,41.93628409,-71.28608551
7979,12/1/2008,December,Monday,10:33,1,2,0,0,Rear-end,V1: Travelling straight ahead / V2: Slowing or stopped in traffic,V1: N  / V2: N,Wet,Daylight,Clear,0.16,0,59,44,FALSE,41.94391251,-71.28157422
7980,12/1/2008,December,Monday,11:00,1,2,0,0,Rear-end,V1: 0 / V2: 0,V1: N  / V2: N,Dry,Daylight,Clear,0.16,0,59,44,FALSE,41.896789,-71.354551
7981,12/1/2008,December,Monday,11:00,1,2,0,0,Rear-end,V1: Travelling straight ahead / V2: Travelling straight ahead,V1: N  / V2: N,Dry,Daylight,Clear,0.16,0,59,44,FALSE,34.24438675,-73.6513909
7982,12/1/2008,December,Monday,12:26,2,2,2,0,Rear-end,V1: Travelling straight ahead / V2: Slowing or stopped in traffic,V1: N  / V2: 0,Dry,Daylight,Cloudy,0.16,0,59,44,FALSE,41.92644259,-71.35554103
7983,12/1/2008,December,Monday,16:50,1,3,0,0,Rear-end,V1: Slowing or stopped in traffic / V2: Slowing or stopped in traffic / V3: Slowing or stopped in traffic,V1: S  / V2: S  / V3: S,Dry,Dusk,Clear,0.16,0,59,44,FALSE,41.91360772,-71.36150084
7984,12/2/2008,December,Tuesday,12:36,1,2,0,0,Angle,V1: Overtaking/passing / V2: Turning right,V1: E  / V2: S,Dry,Daylight,Clear,0,0,50,32,TRUE,41.92293469,-71.35331344
7985,12/2/2008,December,Tuesday,14:35,2,2,1,0,Rear-end,V1: Travelling straight ahead / V2: Slowing or stopped in traffic,V1: E  / V2: E,Dry,Daylight,Clear,0,0,50,32,TRUE,41.93403731,-71.30601704
7986,12/2/2008,December,Tuesday,15:17,1,2,0,0,Angle,V1: Travelling straight ahead / V2: Turning left,V1: N  / V2: E,Dry,Daylight,Cloudy,0,0,50,32,TRUE,41.94757814,-71.27890389
7987,12/2/2008,December,Tuesday,17:30,1,2,0,0,Rear-end,V1: Travelling straight ahead / V2: Slowing or stopped in traffic,V1: S  / V2: S,Dry,Dark - lighted roadway,Clear,0,0,50,32,TRUE,41.92900797,-71.28446457
7988,12/3/2008,December,Wednesday,16:59,1,2,0,0,Angle,V1: Travelling straight ahead / V2: Entering traffic lane,V1: W  / V2: S,Dry,Dark - lighted roadway,Clear,0,0,46,24,TRUE,41.9341771,-71.29972487
7989,12/3/2008,December,Wednesday,21:45,1,2,0,0,"Sideswipe, same direction",V1: Turning right / V2: Slowing or stopped in traffic,V1: S  / V2: S,Dry,Dark - lighted roadway,Clear,0,0,46,24,TRUE,41.90301511,-71.31918365
7990,12/4/2008,December,Thursday,8:45,1,1,0,0,Single vehicle crash,V1: Travelling straight ahead,V1: E,Dry,Daylight,Clear,0.01,0,55,34,FALSE,41.95128396,-71.27438402
7991,12/4/2008,December,Thursday,14:00,2,2,1,0,0,V1: Slowing or stopped in traffic / V2: 0,V1: 0 / V2: 0,Dry,Daylight,Clear,0.01,0,55,34,FALSE,34.24438675,-73.6513909
7992,12/5/2008,December,Friday,8:02,1,2,0,0,"Sideswipe, same direction",V1: Travelling straight ahead / V2: Travelling straight ahead,V1: 0 / V2: 0,Dry,Daylight,Clear,0,0,42,25,TRUE,41.95130281,-71.27263126
7993,12/5/2008,December,Friday,9:37,1,2,0,0,Rear-end,V1: Slowing or stopped in traffic / V2: Travelling straight ahead,V1: S  / V2: S,Dry,Daylight,Clear,0,0,42,25,TRUE,41.90904,-71.255867
7994,12/6/2008,December,Saturday,4:15,1,2,0,0,Angle,V1: Turning left / V2: Travelling straight ahead,V1: 0 / V2: 0,Dry,Daylight,Clear,0,0,40,17,TRUE,41.93623387,-71.28481203
7995,12/6/2008,December,Saturday,12:50,1,2,0,0,Angle,V1: Turning left / V2: Travelling straight ahead,V1: S  / V2: W,Dry,Daylight,Clear,0,0,40,17,TRUE,41.92387717,-71.35158914
7996,12/7/2008,December,Sunday,6:19,1,1,0,0,Single vehicle crash,V1: Travelling straight ahead,V1: N,Snow,Dark - roadway not lighted,Snow,0.14,1.4,33,22,TRUE,41.93403258,-71.31898939
7997,12/7/2008,December,Sunday,9:25,2,1,2,0,Single vehicle crash,V1: Travelling straight ahead,V1: 0,Wet,Daylight,Snow,0.14,1.4,33,22,TRUE,41.92518099,-71.26008853
7998,12/7/2008,December,Sunday,10:08,1,2,0,0,Angle,V1: Entering traffic lane / V2: Travelling straight ahead,V1: E  / V2: S,Wet,Daylight,Snow,0.14,1.4,33,22,TRUE,41.95089424,-71.27364778
7999,12/7/2008,December,Sunday,11:18,2,2,1,0,Rear-end,V1: Overtaking/passing / V2: Travelling straight ahead,V1: W  / V2: W,Wet,Daylight,Snow,0.14,1.4,33,22,TRUE,41.93421769,-71.2996754
8000,12/7/2008,December,Sunday,12:30,1,2,0,0,Rear-end,V1: Slowing or stopped in traffic / V2: Slowing or stopped in traffic,V1: N  / V2: N,Wet,Daylight,Snow,0.14,1.4,33,22,TRUE,41.92508738,-71.35628348
8001,12/7/2008,December,Sunday,16:35,1,2,0,0,Angle,V1: Slowing or stopped in traffic / V2: Travelling straight ahead,V1: E  / V2: S,Wet,Dark - lighted roadway,Snow,0.14,1.4,33,22,TRUE,41.94213878,-71.28262423
8002,12/7/2008,December,Sunday,22:14,3,1,0,1,Single vehicle crash,V1: Other,V1: N,Dry,Dark - roadway not lighted,Clear,0.14,1.4,33,22,TRUE,41.93403258,-71.31898939
8003,12/8/2008,December,Monday,10:15,1,2,0,0,Rear-end,V1: Travelling straight ahead / V2: Travelling straight ahead,V1: N  / V2: N,Dry,Daylight,Clear,0,0,24,9,TRUE,34.24438675,-73.6513909
8004,12/8/2008,December,Monday,11:45,1,2,0,0,Angle,V1: Entering traffic lane / V2: Travelling straight ahead,V1: W  / V2: N,Dry,Daylight,Clear,0,0,24,9,TRUE,41.95287787,-71.26899686
8005,12/8/2008,December,Monday,14:25,1,2,0,0,Rear-end,V1: Slowing or stopped in traffic / V2: Travelling straight ahead,V1: 0 / V2: 0,Dry,Daylight,Clear,0,0,24,9,TRUE,41.912714,-71.309466
8006,12/8/2008,December,Monday,18:49,1,2,0,0,Angle,V1: Travelling straight ahead / V2: Travelling straight ahead,V1: N  / V2: E,Dry,Dark - lighted roadway,Clear,0,0,24,9,TRUE,41.94512722,-71.28855145
8007,12/9/2008,December,Tuesday,4:48,1,1,0,0,Head-on,V1: Travelling straight ahead,V1: W,Wet,Dark - lighted roadway,Cloudy,0.03,0,55,9,TRUE,41.92844429,-71.2771146
8008,12/9/2008,December,Tuesday,6:54,1,2,0,0,Rear-end,V1: Slowing or stopped in traffic / V2: Travelling straight ahead,V1: E  / V2: E,Dry,Daylight,Cloudy,0.03,0,55,9,TRUE,41.93393836,-71.3077318
8009,12/9/2008,December,Tuesday,6:56,1,1,0,0,Single vehicle crash,V1: Travelling straight ahead,V1: E,Dry,Daylight,Clear,0.03,0,55,9,TRUE,41.93585833,-71.27194106
8010,12/9/2008,December,Tuesday,11:20,1,2,0,0,Angle,V1: Turning left / V2: Travelling straight ahead,V1: W  / V2: S,Dry,Daylight,Cloudy,0.03,0,55,9,TRUE,41.90086769,-71.36799095
8011,12/9/2008,December,Tuesday,14:04,1,1,0,0,Single vehicle crash,V1: Travelling straight ahead,V1: 0,Dry,Daylight,Cloudy,0.03,0,55,9,TRUE,41.912767,-71.312172
8012,12/9/2008,December,Tuesday,14:33,1,2,0,0,Rear-end,V1: Backing / V2: Slowing or stopped in traffic,V1: E  / V2: W,Dry,Daylight,Cloudy,0.03,0,55,9,TRUE,41.90964751,-71.36351027
8013,12/10/2008,December,Wednesday,11:23,1,1,0,0,Single vehicle crash,V1: Travelling straight ahead,V1: E,Dry,Daylight,Cloudy/Rain,0.46,0,62,41,FALSE,41.9264182,-71.32186599
8014,12/10/2008,December,Wednesday,16:11,1,2,0,0,Angle,V1: Entering traffic lane / V2: Travelling straight ahead,V1: W  / V2: N,Wet,Dark - lighted roadway,Cloudy/Rain,0.46,0,62,41,FALSE,41.90035489,-71.36825281
8015,12/10/2008,December,Wednesday,16:44,1,2,0,0,Rear-end,V1: Slowing or stopped in traffic / V2: Slowing or stopped in traffic,V1: S  / V2: S,Wet,Dark - lighted roadway,Cloudy/Rain,0.46,0,62,41,FALSE,41.89733197,-71.36979234
8016,12/10/2008,December,Wednesday,17:41,1,2,0,0,Angle,V1: Travelling straight ahead / V2: Turning left,V1: N  / V2: E,Wet,Dark - lighted roadway,Rain,0.46,0,62,41,FALSE,41.97015292,-71.29135147
8017,12/10/2008,December,Wednesday,18:23,1,2,0,0,Rear-end,V1: Slowing or stopped in traffic / V2: Travelling straight ahead,V1: N  / V2: N,Wet,Dark - lighted roadway,Rain,0.46,0,62,41,FALSE,41.923115,-71.35715078
8018,12/10/2008,December,Wednesday,20:23,1,3,0,0,Rear-end,V1: Slowing or stopped in traffic / V2: Slowing or stopped in traffic / V3: Travelling straight ahead,V1: S  / V2: S  / V3: S,Wet,Dark - lighted roadway,Rain,0.46,0,62,41,FALSE,41.91653724,-71.36001753
8019,12/11/2008,December,Thursday,11:53,0,2,0,0,"Sideswipe, opposite direction",V1: Travelling straight ahead / V2: Travelling straight ahead,V1: S  / V2: N,Wet,Daylight,Rain,1.82,0,41,37,FALSE,41.937923,-71.33128418
8020,12/11/2008,December,Thursday,16:45,1,2,0,0,Rear-end,V1: Travelling straight ahead / V2: Slowing or stopped in traffic,V1: N  / V2: N,Wet,Dusk,Rain,1.82,0,41,37,FALSE,41.9348634,-71.29887283
8021,12/11/2008,December,Thursday,17:34,0,2,0,0,Angle,V1: Turning right / V2: Travelling straight ahead,V1: S  / V2: S,Wet,Dark - lighted roadway,Cloudy/Rain,1.82,0,41,37,FALSE,41.94140605,-71.28436439
8022,12/11/2008,December,Thursday,18:19,1,2,0,0,Angle,V1: Turning left / V2: Travelling straight ahead,V1: E  / V2: S,Wet,Dark - lighted roadway,Rain,1.82,0,41,37,FALSE,41.94757814,-71.27890389
8023,12/12/2008,December,Friday,5:45,1,2,0,0,Rear-end,V1: Slowing or stopped in traffic / V2: Slowing or stopped in traffic,V1: E  / V2: E,Wet,Dark - lighted roadway,Rain,1.83,0,64,31,TRUE,41.95484304,-71.28856385
8024,12/12/2008,December,Friday,8:10,1,1,0,0,Single vehicle crash,V1: Travelling straight ahead,V1: N,Wet,Daylight,Rain,1.83,0,64,31,TRUE,41.93659555,-71.29539482
8025,12/12/2008,December,Friday,8:48,2,2,1,0,Angle,V1: Turning left / V2: Travelling straight ahead,V1: E  / V2: N,Wet,Daylight,Rain,1.83,0,64,31,TRUE,41.9156364,-71.32216122
8026,12/12/2008,December,Friday,9:34,1,2,0,0,Angle,V1: Travelling straight ahead / V2: Travelling straight ahead,V1: W  / V2: N,Wet,Daylight,Cloudy/Rain,1.83,0,64,31,TRUE,41.93503657,-71.2848971
8027,12/12/2008,December,Friday,10:34,0,1,0,0,0,V1: Parked,V1: 0,Wet,Daylight,Rain,1.83,0,64,31,TRUE,41.911413,-71.363285
8028,12/12/2008,December,Friday,12:23,1,2,0,0,Rear-end,V1: Travelling straight ahead / V2: Travelling straight ahead,V1: E  / V2: N,Wet,Daylight,Cloudy/Rain,1.83,0,64,31,TRUE,41.94019537,-71.27660007
8029,12/12/2008,December,Friday,16:09,1,2,0,0,Angle,V1: Travelling straight ahead / V2: Turning right,V1: W  / V2: S,Wet,Daylight,Cloudy,1.83,0,64,31,TRUE,41.94896349,-71.27713653