ID,DATE,Month,Day of week,Crash Time,Crash Severity,Number of Vehicles,Total Nonfatal Injuries,Total Fatal Injuries,Manner of Collision,Vehicle Action Prior to Crash,Vehicle Travel Directions,Road Surface Condition,Ambient Light,Weather Condition,PRCP,SNOW,TMAX,TMIN,Ice,Longtitute,Latitute
8030,12/13/2008,December,Saturday,14:45,2,2,1,0,Rear-end,V1: Travelling straight ahead / V2: Travelling straight ahead,V1: N  / V2: 0,Dry,Daylight,Cloudy,0,0,31,18,TRUE,41.91758766,-71.35954517
8031,12/14/2008,December,Sunday,12:31,1,2,0,0,"Sideswipe, opposite direction",V1: Turning left / V2: Turning right,V1: E  / V2: W,Dry,Daylight,Clear,0,0,47,16,TRUE,41.92387717,-71.35158914
8032,12/14/2008,December,Sunday,14:40,1,2,0,0,Rear-end,V1: Backing / V2: Slowing or stopped in traffic,V1: N  / V2: S,Dry,Daylight,Clear,0,0,47,16,TRUE,41.92387,-71.351583
8033,12/14/2008,December,Sunday,19:30,2,5,1,0,0,V1: Travelling straight ahead / V2: Parked / V3: Parked / V4: Parked / V5: Parked,V1: S  / V2: 0 / V3: 0 / V4: 0 / V5: 0,Dry,Dark - lighted roadway,Cloudy,0,0,47,16,TRUE,41.92298766,-71.35720387
8034,12/14/2008,December,Sunday,23:06,2,2,3,0,Angle,V1: Turning left / V2: Travelling straight ahead,V1: N  / V2: E,Dry,Dark - lighted roadway,Cloudy,0,0,47,16,TRUE,41.94245198,-71.28698244
8035,12/15/2008,December,Monday,6:41,1,2,0,0,Head-on,V1: Turning left / V2: Travelling straight ahead,V1: N  / V2: S,Wet,Dawn,Cloudy,0.01,0,61,46,FALSE,41.89618753,-71.37039513
8036,12/15/2008,December,Monday,7:44,1,2,0,0,Single vehicle crash,V1: Travelling straight ahead / V2: Travelling straight ahead,V1: N  / V2: E,Wet,Daylight,Clear,0.01,0,61,46,FALSE,41.95180679,-71.2898592
8037,12/16/2008,December,Tuesday,6:28,1,2,0,0,Rear-end,V1: Slowing or stopped in traffic / V2: Travelling straight ahead,V1: E  / V2: E,Wet,Dawn,Rain,0.19,0.1,56,28,TRUE,41.93409173,-71.31894301
8038,12/16/2008,December,Tuesday,9:55,1,2,0,0,Rear-end,V1: Other / V2: Slowing or stopped in traffic,V1: N  / V2: N,Wet,Daylight,Cloudy,0.19,0.1,56,28,TRUE,34.24438675,-73.6513909
8039,12/16/2008,December,Tuesday,15:37,2,2,1,0,Angle,V1: Travelling straight ahead / V2: Travelling straight ahead,V1: W  / V2: N,Dry,Daylight,Cloudy,0.19,0.1,56,28,TRUE,41.94121777,-71.2768631
8040,12/17/2008,December,Wednesday,7:44,1,2,0,0,"Sideswipe, same direction",V1: Entering traffic lane / V2: Travelling straight ahead,V1: N  / V2: N,Wet,Daylight,Cloudy/Rain,0.33,0.3,40,27,TRUE,41.926223,-71.345999
8041,12/17/2008,December,Wednesday,10:09,1,2,0,0,Rear-end,V1: Travelling straight ahead / V2: Slowing or stopped in traffic,V1: N  / V2: N,Wet,Daylight,Rain,0.33,0.3,40,27,TRUE,41.93405012,-71.31579284
8042,12/17/2008,December,Wednesday,14:00,2,2,1,0,Rear-end,V1: Slowing or stopped in traffic / V2: Slowing or stopped in traffic,V1: E  / V2: 0,Wet,Daylight,Cloudy,0.33,0.3,40,27,TRUE,41.94021848,-71.30088452
8043,12/18/2008,December,Thursday,7:55,0,2,0,0,Rear-end,V1: Slowing or stopped in traffic / V2: Travelling straight ahead,V1: E  / V2: E,Dry,Daylight,Clear,0,0,41,25,TRUE,34.24438675,-73.6513909
8044,12/18/2008,December,Thursday,9:19,1,2,0,0,Rear-end,V1: Travelling straight ahead / V2: Travelling straight ahead,V1: W  / V2: W,Dry,Daylight,Clear,0,0,41,25,TRUE,41.93405012,-71.31579284
8045,12/18/2008,December,Thursday,12:17,2,2,1,0,Angle,V1: Entering traffic lane / V2: Travelling straight ahead,V1: N  / V2: N,Dry,Daylight,Clear,0,0,41,25,TRUE,41.92797297,-71.35445174
8046,12/18/2008,December,Thursday,14:55,1,1,0,0,Single vehicle crash,V1: Travelling straight ahead,V1: S,Dry,Daylight,Clear,0,0,41,25,TRUE,41.936029,-71.28284194
8047,12/18/2008,December,Thursday,16:03,1,2,0,0,Angle,V1: Changing lanes / V2: Slowing or stopped in traffic,V1: S  / V2: S,Dry,Dusk,Clear,0,0,41,25,TRUE,41.92797297,-71.35445174
8048,12/18/2008,December,Thursday,17:44,1,2,0,0,"Sideswipe, opposite direction",V1: Travelling straight ahead / V2: Turning left,V1: S  / V2: S,Wet,Daylight,Clear,0,0,41,25,TRUE,41.95180679,-71.2898592
8049,12/18/2008,December,Thursday,17:45,1,2,0,0,Rear-end,V1: Slowing or stopped in traffic / V2: Slowing or stopped in traffic,V1: S  / V2: S,Dry,Daylight,Clear,0,0,41,25,TRUE,41.92502909,-71.28811463
8050,12/18/2008,December,Thursday,18:09,1,2,0,0,Angle,V1: Travelling straight ahead / V2: Travelling straight ahead,V1: W  / V2: S,Dry,Dark - lighted roadway,Clear,0,0,41,25,TRUE,41.92014284,-71.35719783
8051,12/18/2008,December,Thursday,18:15,1,2,0,0,Rear-end,V1: Travelling straight ahead / V2: Slowing or stopped in traffic,V1: N  / V2: N,Dry,Dark - lighted roadway,Clear,0,0,41,25,TRUE,41.90682772,-71.35704387
8052,12/19/2008,December,Friday,1:30,1,2,0,0,"Sideswipe, same direction",V1: Parked / V2: 0,V1: N  / V2: 0,Dry,Dark - roadway not lighted,Clear,0.91,9.4,30,20,TRUE,34.24438675,-73.6513909
8053,12/19/2008,December,Friday,2:30,1,2,0,0,"Sideswipe, same direction",V1: Travelling straight ahead / V2: Travelling straight ahead,V1: N  / V2: N,Dry,Dark - lighted roadway,Clear,0.91,9.4,30,20,TRUE,34.24438675,-73.6513909
8054,12/19/2008,December,Friday,2:50,1,2,0,0,Angle,V1: Turning right / V2: 0,V1: S  / V2: N,Snow,Daylight,Snow,0.91,9.4,30,20,TRUE,34.24438675,-73.6513909
8055,12/19/2008,December,Friday,4:00,1,2,0,0,Angle,V1: Travelling straight ahead / V2: 0,V1: N  / V2: N,0,Dusk,Snow,0.91,9.4,30,20,TRUE,41.90015881,-71.36325484
8056,12/19/2008,December,Friday,12:00,1,2,0,0,0,V1: Turning right / V2: Travelling straight ahead,V1: 0 / V2: 0,Snow,Daylight,Snow,0.91,9.4,30,20,TRUE,41.94330896,-71.27265641
8057,12/19/2008,December,Friday,14:20,1,2,0,0,Angle,V1: Turning right / V2: Turning left,V1: N  / V2: S,Snow,Daylight,Snow,0.91,9.4,30,20,TRUE,41.93979336,-71.25131572
8058,12/19/2008,December,Friday,14:29,1,2,0,0,Rear-end,V1: Travelling straight ahead / V2: Slowing or stopped in traffic,V1: E  / V2: E,Wet,Daylight,Snow,0.91,9.4,30,20,TRUE,41.9191754,-71.36109288
8059,12/19/2008,December,Friday,14:30,2,2,3,0,Angle,V1: Travelling straight ahead / V2: Travelling straight ahead,V1: N  / V2: W,Snow,Daylight,Cloudy,0.91,9.4,30,20,TRUE,41.94361429,-71.27453022
8060,12/19/2008,December,Friday,14:36,1,1,0,0,Single vehicle crash,V1: Travelling straight ahead,V1: W,0,Daylight,Snow,0.91,9.4,30,20,TRUE,41.96680923,-71.27263311
8061,12/19/2008,December,Friday,15:43,1,2,0,0,Angle,V1: Travelling straight ahead / V2: Travelling straight ahead,V1: W  / V2: E,Snow,Daylight,Snow,0.91,9.4,30,20,TRUE,41.93365798,-71.32924077
8062,12/19/2008,December,Friday,17:02,1,2,0,0,Angle,V1: Entering traffic lane / V2: Travelling straight ahead,V1: E  / V2: S,Snow,Dark - lighted roadway,Snow,0.91,9.4,30,20,TRUE,41.90086769,-71.36799095
8063,12/19/2008,December,Friday,17:10,1,2,0,0,Angle,V1: Travelling straight ahead / V2: Turning left,V1: S  / V2: S,Snow,Dark - lighted roadway,Snow,0.91,9.4,30,20,TRUE,41.93421769,-71.2996754
8064,12/19/2008,December,Friday,18:55,1,2,0,0,Rear-end,V1: Backing / V2: Other,V1: W  / V2: N,Snow,Dark - lighted roadway,Snow,0.91,9.4,30,20,TRUE,41.91631033,-71.22452462
8065,12/20/2008,December,Saturday,9:25,1,2,0,0,Angle,V1: Travelling straight ahead / V2: Turning right,V1: W  / V2: W,Snow,Daylight,Snow,0.11,2.8,22,14,TRUE,41.92512529,-71.35642344
8066,12/20/2008,December,Saturday,10:45,1,1,0,0,Single vehicle crash,V1: Travelling straight ahead,V1: E,Wet,Dark - lighted roadway,Snow,0.11,2.8,22,14,TRUE,34.24438675,-73.6513909
8067,12/20/2008,December,Saturday,14:00,1,1,0,0,Single vehicle crash,V1: Turning left,V1: S,Snow,Daylight,Snow,0.11,2.8,22,14,TRUE,34.24438675,-73.6513909
8068,12/21/2008,December,Sunday,3:21,2,1,1,0,Single vehicle crash,V1: Travelling straight ahead,V1: W,Snow,Dark - lighted roadway,Cloudy,0.51,3.2,33,20,TRUE,34.24438675,-73.6513909
8069,12/21/2008,December,Sunday,12:06,1,1,0,0,Single vehicle crash,V1: Travelling straight ahead,V1: W,Snow,Daylight,Snow,0.51,3.2,33,20,TRUE,41.95357516,-71.26634581
8070,12/21/2008,December,Sunday,12:40,1,2,0,0,"Sideswipe, same direction",V1: Overtaking/passing / V2: Turning left,V1: W  / V2: W,Snow,Daylight,Snow,0.51,3.2,33,20,TRUE,41.89804027,-71.37674712
8071,12/21/2008,December,Sunday,13:11,1,2,0,0,Angle,V1: Travelling straight ahead / V2: Travelling straight ahead,V1: E  / V2: W,Snow,Daylight,Snow,0.51,3.2,33,20,TRUE,41.94815859,-71.28030373
8072,12/21/2008,December,Sunday,13:45,1,2,0,0,Angle,V1: Travelling straight ahead / V2: Turning left,V1: N  / V2: S,Wet,Daylight,Cloudy/Rain,0.51,3.2,33,20,TRUE,41.94701106,-71.2760815
8073,12/21/2008,December,Sunday,13:48,1,2,0,0,Rear-end,V1: Travelling straight ahead / V2: Turning right,V1: N  / V2: N,Snow,Daylight,Snow,0.51,3.2,33,20,TRUE,41.965635,-71.290317
8074,12/22/2008,December,Monday,6:37,1,2,0,0,Rear-end,V1: Travelling straight ahead / V2: Slowing or stopped in traffic,V1: 0 / V2: 0,Ice,Dark - lighted roadway,Cloudy,0,0,25,14,TRUE,41.93357119,-71.30035285
8075,12/22/2008,December,Monday,7:28,1,2,0,0,Angle,V1: Slowing or stopped in traffic / V2: Slowing or stopped in traffic,V1: E  / V2: E,Ice,Daylight,Snow,0,0,25,14,TRUE,41.95180679,-71.2898592
8076,12/22/2008,December,Monday,7:29,1,2,0,0,Angle,V1: Slowing or stopped in traffic / V2: Turning left,V1: S  / V2: W,Ice,Daylight,Clear,0,0,25,14,TRUE,41.95234013,-71.29601132
8077,12/22/2008,December,Monday,8:01,1,2,0,0,Rear-end,V1: Slowing or stopped in traffic / V2: Slowing or stopped in traffic,V1: W  / V2: W,Ice,Daylight,Clear,0,0,25,14,TRUE,41.9521262,-71.29159081
8078,12/22/2008,December,Monday,8:15,1,2,0,0,Angle,V1: Turning right / V2: Travelling straight ahead,V1: E  / V2: S,Dry,Daylight,Clear,0,0,25,14,TRUE,41.92001386,-71.35779221
8079,12/22/2008,December,Monday,11:38,1,2,0,0,Angle,V1: Travelling straight ahead / V2: Turning left,V1: E  / V2: S,Wet,Daylight,Clear,0,0,25,14,TRUE,34.24438675,-73.6513909
8080,12/22/2008,December,Monday,14:42,1,2,0,0,Angle,V1: Travelling straight ahead / V2: Turning left,V1: E  / V2: W,Wet,Daylight,Clear,0,0,25,14,TRUE,41.94787028,-71.2785508
8081,12/22/2008,December,Monday,15:05,1,2,0,0,Angle,V1: Entering traffic lane / V2: Travelling straight ahead,V1: W  / V2: N,Wet,Daylight,Clear,0,0,25,14,TRUE,41.90964751,-71.36351027
8082,12/22/2008,December,Monday,15:24,2,2,2,0,Angle,V1: Travelling straight ahead / V2: Turning left,V1: S  / V2: N,Dry,Daylight,Clear,0,0,25,14,TRUE,41.91891265,-71.31713881
8083,12/23/2008,December,Tuesday,10:00,1,1,0,0,Single vehicle crash,V1: Turning right,V1: N,Dry,Daylight,Clear,0,0,30,11,TRUE,41.95511691,-71.30458814
8084,12/23/2008,December,Tuesday,11:27,2,2,1,0,Rear-end,V1: Slowing or stopped in traffic / V2: Slowing or stopped in traffic,V1: E  / V2: E,Dry,Daylight,Clear,0,0,30,11,TRUE,41.90656022,-71.35696199
8085,12/23/2008,December,Tuesday,11:27,1,2,0,0,Angle,V1: Entering traffic lane / V2: Travelling straight ahead,V1: S  / V2: W,Wet,Daylight,Clear,0,0,30,11,TRUE,41.89721113,-71.36942089
8086,12/23/2008,December,Tuesday,12:20,1,2,0,0,Rear-end,V1: Turning right / V2: Travelling straight ahead,V1: 0 / V2: 0,Dry,Daylight,Clear,0,0,30,11,TRUE,41.90365976,-71.32896705
8087,12/23/2008,December,Tuesday,13:24,2,2,2,0,Angle,V1: Entering traffic lane / V2: Travelling straight ahead,V1: W  / V2: N,Wet,Daylight,Clear,0,0,30,11,TRUE,41.89733197,-71.36979234
8088,12/23/2008,December,Tuesday,16:01,1,2,0,0,Angle,V1: Slowing or stopped in traffic / V2: Travelling straight ahead,V1: E  / V2: N,Ice,Daylight,Cloudy,0,0,30,11,TRUE,41.93407766,-71.28161044
8089,12/23/2008,December,Tuesday,17:53,1,2,0,0,Rear-end,V1: Travelling straight ahead / V2: Slowing or stopped in traffic,V1: S  / V2: S,Wet,Dark - lighted roadway,Clear,0,0,30,11,TRUE,41.96070494,-71.28787983
8090,12/23/2008,December,Tuesday,18:50,2,3,1,0,Rear-end,V1: Travelling straight ahead / V2: Slowing or stopped in traffic / V3: Slowing or stopped in traffic,V1: S  / V2: S  / V3: 0,Wet,Dark - lighted roadway,Clear,0,0,30,11,TRUE,41.93652113,-71.29555586
8091,12/24/2008,December,Wednesday,7:40,1,1,0,0,Single vehicle crash,V1: Travelling straight ahead,V1: S,Dry,Daylight,Clear,0.19,0,52,23,TRUE,41.90261292,-71.35590916
8092,12/24/2008,December,Wednesday,10:26,2,2,2,0,Angle,V1: Entering traffic lane / V2: Travelling straight ahead,V1: W  / V2: N,Wet,Daylight,Cloudy/Rain,0.19,0,52,23,TRUE,41.90964751,-71.36351027
8093,12/24/2008,December,Wednesday,12:06,2,3,1,0,Angle,V1: Turning left / V2: Travelling straight ahead / V3: Slowing or stopped in traffic,V1: N  / V2: S  / V3: E,Wet,Daylight,Rain,0.19,0,52,23,TRUE,41.90998013,-71.35802082
8094,12/24/2008,December,Wednesday,12:40,1,2,0,0,Rear-end,V1: Travelling straight ahead / V2: Slowing or stopped in traffic,V1: S  / V2: S,Wet,Daylight,Cloudy/Rain,0.19,0,52,23,TRUE,41.90257689,-71.3560405
8095,12/24/2008,December,Wednesday,13:30,1,2,0,0,0,V1: Turning left / V2: Travelling straight ahead,V1: S  / V2: W,Wet,Daylight,Rain,0.19,0,52,23,TRUE,41.94701106,-71.2760815
8096,12/24/2008,December,Wednesday,14:19,1,3,0,0,Angle,V1: Travelling straight ahead / V2: Turning left / V3: Slowing or stopped in traffic,V1: W  / V2: E  / V3: W,Wet,Daylight,Cloudy/Rain,0.19,0,52,23,TRUE,41.95260993,-71.26978522
8097,12/24/2008,December,Wednesday,20:43,2,2,2,0,Angle,V1: Travelling straight ahead / V2: Travelling straight ahead,V1: W  / V2: N,Wet,Dark - lighted roadway,Rain,0.19,0,52,23,TRUE,41.94470433,-71.2812252
8098,12/25/2008,December,Thursday,12:00,0,2,0,0,0,V1: Parked / V2: Backing,V1: N  / V2: 0,Dry,Dark - 0 roadway lighting,Clear,0.14,0,54,24,TRUE,34.24438675,-73.6513909
8099,12/25/2008,December,Thursday,19:18,2,2,2,0,Rear-end,V1: Turning right / V2: Parked,V1: W  / V2: W,Dry,Dark - lighted roadway,Clear,0.14,0,54,24,TRUE,41.94430004,-71.28137659
8100,12/26/2008,December,Friday,10:55,1,2,0,0,Single vehicle crash,V1: Slowing or stopped in traffic / V2: Travelling straight ahead,V1: 0 / V2: 0,Dry,Daylight,Clear,0,0,38,18,TRUE,41.93209435,-71.29287808
8101,12/26/2008,December,Friday,12:18,1,2,0,0,Angle,V1: Overtaking/passing / V2: Slowing or stopped in traffic,V1: N  / V2: N,Wet,Daylight,Cloudy,0,0,38,18,TRUE,41.89733197,-71.36979234
8102,12/26/2008,December,Friday,12:25,1,1,0,0,Single vehicle crash,V1: Travelling straight ahead,V1: W,Dry,Daylight,Clear,0,0,38,18,TRUE,41.95026235,-71.27502451
8103,12/26/2008,December,Friday,13:53,1,2,0,0,Rear-end,V1: Travelling straight ahead / V2: Travelling straight ahead,V1: N  / V2: N,"Sand, mud, dirt, oil, gravel",Daylight,Cloudy,0,0,38,18,TRUE,41.92298766,-71.35720387
8104,12/26/2008,December,Friday,15:35,2,2,1,0,Rear-end,V1: Travelling straight ahead / V2: Slowing or stopped in traffic,V1: E  / V2: E,Dry,Daylight,Clear,0,0,38,18,TRUE,34.24438675,-73.6513909
8105,12/26/2008,December,Friday,17:46,2,3,2,0,Rear-end,V1: Travelling straight ahead / V2: Slowing or stopped in traffic / V3: Slowing or stopped in traffic,V1: N  / V2: N  / V3: N,Dry,Dark - lighted roadway,Clear,0,0,38,18,TRUE,41.92508738,-71.35628348
8106,12/26/2008,December,Friday,20:03,1,3,0,0,Rear-end,V1: Travelling straight ahead / V2: Travelling straight ahead / V3: Travelling straight ahead,V1: S  / V2: S  / V3: S,Dry,Dark - lighted roadway,Cloudy,0,0,38,18,TRUE,41.94245198,-71.28698244
8107,12/27/2008,December,Saturday,1:57,1,1,0,0,Single vehicle crash,V1: Leaving traffic lane,V1: 0,Wet,Dark - lighted roadway,Rain,0.26,0,49,32,TRUE,41.95812167,-71.28740822
8108,12/27/2008,December,Saturday,21:05,1,1,0,0,Single vehicle crash,V1: 0,V1: N,Dry,Dark - roadway not lighted,Clear,0.26,0,49,32,TRUE,41.90231844,-71.35595143
8109,12/28/2008,December,Sunday,2:50,2,1,2,0,Single vehicle crash,V1: Travelling straight ahead,V1: N,Dry,Dark - lighted roadway,Cloudy,0,0,58,45,FALSE,41.95545359,-71.30436114
8110,12/28/2008,December,Sunday,12:16,0,1,0,0,Single vehicle crash,V1: Travelling straight ahead,V1: N,Dry,Dark - lighted roadway,Clear,0,0,58,45,FALSE,41.90376957,-71.36650837
8111,12/28/2008,December,Sunday,13:56,1,2,0,0,Rear-end,V1: Travelling straight ahead / V2: Travelling straight ahead,V1: S  / V2: S,Wet,Daylight,Cloudy,0,0,58,45,FALSE,41.9186584,-71.35907776
8112,12/29/2008,December,Monday,6:07,1,2,0,0,Angle,V1: Parked / V2: Backing,V1: E  / V2: E,"Sand, mud, dirt, oil, gravel",Dark - roadway not lighted,Cloudy,0,0,45,28,TRUE,34.24438675,-73.6513909
8113,12/29/2008,December,Monday,10:20,1,1,0,0,Single vehicle crash,V1: Travelling straight ahead,V1: S,Dry,Daylight,Clear,0,0,45,28,TRUE,41.95499665,-71.30901102
8114,12/29/2008,December,Monday,13:54,1,2,0,0,Angle,V1: Turning left / V2: Travelling straight ahead,V1: 0 / V2: E,Dry,Daylight,Cloudy,0,0,45,28,TRUE,41.93304448,-71.28634923
8115,12/29/2008,December,Monday,15:00,1,2,0,0,Rear-end,V1: Slowing or stopped in traffic / V2: Travelling straight ahead,V1: S  / V2: 0,Dry,Daylight,Clear,0,0,45,28,TRUE,41.93623387,-71.28481203
8116,12/29/2008,December,Monday,19:45,2,1,1,0,Single vehicle crash,V1: Travelling straight ahead,V1: S,Dry,Daylight,Clear,0,0,45,28,TRUE,41.920331,-71.29853
8117,12/30/2008,December,Tuesday,14:54,2,1,1,0,0,V1: Turning right,V1: S,Dry,Daylight,Clear,0.02,0.3,40,27,TRUE,41.94217059,-71.28456247
8118,12/30/2008,December,Tuesday,22:30,1,2,0,0,Angle,V1: Travelling straight ahead / V2: Overtaking/passing,V1: S  / V2: S,Dry,Dark - lighted roadway,Clear,0.02,0.3,40,27,TRUE,34.24438675,-73.6513909
8119,12/31/2008,December,Wednesday,9:30,2,2,1,0,Angle,V1: Travelling straight ahead / V2: Entering traffic lane,V1: S  / V2: W,Snow,Daylight,Snow,0.49,8,30,7,TRUE,41.89733197,-71.36979234
8120,12/31/2008,December,Wednesday,10:45,1,1,0,0,Single vehicle crash,V1: Travelling straight ahead,V1: N,Ice,Daylight,Snow,0.49,8,30,7,TRUE,34.24438675,-73.6513909
8121,12/31/2008,December,Wednesday,12:28,1,2,0,0,Head-on,V1: Turning right / V2: Slowing or stopped in traffic,V1: N  / V2: 0,Snow,Daylight,Snow,0.49,8,30,7,TRUE,41.93269195,-71.32821357
8122,12/31/2008,December,Wednesday,13:16,1,2,0,0,Angle,V1: Turning right / V2: Slowing or stopped in traffic,V1: E  / V2: E,Snow,Daylight,Snow,0.49,8,30,7,TRUE,41.9446632,-71.28341486
8123,12/31/2008,December,Wednesday,14:03,1,2,0,0,"Sideswipe, same direction",V1: Travelling straight ahead / V2: Slowing or stopped in traffic,V1: E  / V2: 0,Ice,Daylight,Snow,0.49,8,30,7,TRUE,41.94896349,-71.27713653
8124,12/31/2008,December,Wednesday,14:22,1,2,0,0,Angle,V1: Slowing or stopped in traffic / V2: Travelling straight ahead,V1: N  / V2: E,Snow,Daylight,Snow,0.49,8,30,7,TRUE,41.93814207,-71.27951979
8125,12/31/2008,December,Wednesday,14:50,1,2,0,0,"Sideswipe, same direction",V1: Travelling straight ahead / V2: Parked,V1: 0 / V2: 0,Snow,Daylight,Snow,0.49,8,30,7,TRUE,41.91758556,-71.30390715
8126,1/1/2009,January,Thursday,1:52,1,1,0,0,Single vehicle crash,V1: Travelling straight ahead,V1: S,Snow,Dark - lighted roadway,Snow,0,0,19,4,TRUE,41.9348634,-71.29887283
8127,1/1/2009,January,Thursday,11:13,1,2,0,0,Angle,V1: Travelling straight ahead / V2: Turning left,V1: S  / V2: N,Ice,Dark - lighted roadway,Snow,0,0,19,4,TRUE,41.93306281,-71.28502226
8128,1/1/2009,January,Thursday,14:24,1,2,0,0,Single vehicle crash,V1: Travelling straight ahead / V2: Travelling straight ahead,V1: S  / V2: 0,Wet,Daylight,Clear,0,0,19,4,TRUE,41.93860586,-71.28468781
8129,1/2/2009,January,Friday,10:52,1,1,0,0,Single vehicle crash,V1: Travelling straight ahead,V1: W,Snow,Daylight,Cloudy,0,0,36,8,TRUE,41.93619009,-71.3254055
8130,1/3/2009,January,Saturday,10:00,2,2,1,0,"Sideswipe, opposite direction",V1: Travelling straight ahead / V2: Travelling straight ahead,V1: S  / V2: N,Dry,Dark - lighted roadway,Clear,0.03,0.7,35,23,TRUE,41.95328016,-71.26761104
8131,1/3/2009,January,Saturday,14:00,1,3,0,0,Rear-end,V1: Slowing or stopped in traffic / V2: Slowing or stopped in traffic / V3: 0,V1: S  / V2: S  / V3: 0,Dry,Daylight,Clear,0.03,0.7,35,23,TRUE,34.24438675,-73.6513909
8132,1/3/2009,January,Saturday,14:08,1,2,0,0,Angle,V1: Other / V2: Travelling straight ahead,V1: W  / V2: N,Wet,Daylight,Clear,0.03,0.7,35,23,TRUE,41.93399278,-71.32367634
8133,1/3/2009,January,Saturday,18:33,1,2,0,0,Angle,V1: Turning left / V2: Travelling straight ahead,V1: W  / V2: N,Dry,Daylight,Clear,0.03,0.7,35,23,TRUE,34.24438675,-73.6513909
8134,1/4/2009,January,Sunday,8:13,1,1,0,0,Single vehicle crash,V1: Travelling straight ahead,V1: N,Dry,Daylight,Clear,0,0,38,20,TRUE,41.9264113,-71.34441258
8135,1/4/2009,January,Sunday,12:00,2,2,1,0,Angle,V1: Travelling straight ahead / V2: 0,V1: N  / V2: E,Wet,Daylight,Clear,0,0,38,20,TRUE,41.90081078,-71.36802017
8136,1/4/2009,January,Sunday,12:10,0,2,0,0,Angle,V1: 0 / V2: 0,V1: E  / V2: E,Dry,Daylight,Clear,0,0,38,20,TRUE,41.90636683,-71.31709721
8137,1/4/2009,January,Sunday,18:38,1,2,0,0,0,V1: Travelling straight ahead / V2: Travelling straight ahead,V1: N  / V2: W,Dry,Dark - lighted roadway,Clear,0,0,38,20,TRUE,41.94472176,-71.2812504
8138,1/5/2009,January,Monday,4:05,1,1,0,0,Single vehicle crash,V1: Travelling straight ahead,V1: N,Ice,Dark - roadway not lighted,Snow,0.03,0,39,23,TRUE,41.90231844,-71.35595143
8139,1/5/2009,January,Monday,4:12,1,1,0,0,Single vehicle crash,V1: Travelling straight ahead,V1: W,Ice,Dark - lighted roadway,Rain,0.03,0,39,23,TRUE,41.93150481,-71.33366365
8140,1/5/2009,January,Monday,5:14,1,1,0,0,Single vehicle crash,V1: Travelling straight ahead,V1: W,Ice,Dark - roadway not lighted,Cloudy,0.03,0,39,23,TRUE,41.93635531,-71.31192827
8141,1/5/2009,January,Monday,9:00,1,2,0,0,Rear-end,V1: Slowing or stopped in traffic / V2: Travelling straight ahead,V1: E  / V2: E,Ice,Daylight,Rain,0.03,0,39,23,TRUE,41.94928318,-71.28964082
8142,1/5/2009,January,Monday,14:30,1,2,0,0,Angle,V1: Travelling straight ahead / V2: Changing lanes,V1: S  / V2: S,Dry,Daylight,Cloudy,0.03,0,39,23,TRUE,41.92927402,-71.32377045
8143,1/5/2009,January,Monday,15:05,2,1,1,0,Single vehicle crash,V1: Travelling straight ahead,V1: 0,Dry,Daylight,Clear,0.03,0,39,23,TRUE,41.95441989,-71.24660775
8144,1/5/2009,January,Monday,18:25,1,2,0,0,Rear-end,V1: Entering traffic lane / V2: Entering traffic lane,V1: 0 / V2: 0,Dry,Dark - lighted roadway,Cloudy,0.03,0,39,23,TRUE,41.92762143,-71.35470547
8145,1/5/2009,January,Monday,20:48,1,2,0,0,Rear-end,V1: Travelling straight ahead / V2: 0,V1: W  / V2: 0,"Sand, mud, dirt, oil, gravel",Dark - roadway not lighted,Cloudy,0.03,0,39,23,TRUE,41.91126274,-71.32755367
8146,1/5/2009,January,Monday,23:00,0,1,0,0,Single vehicle crash,V1: Travelling straight ahead,V1: S,Dry,Dark - roadway not lighted,Cloudy,0.03,0,39,23,TRUE,41.92049863,-71.33112696
8147,1/6/2009,January,Tuesday,2:45,1,2,0,0,Rear-end,V1: Travelling straight ahead / V2: Slowing or stopped in traffic,V1: N  / V2: N,"Sand, mud, dirt, oil, gravel",Daylight,Clear,0,0,34,23,TRUE,41.92886054,-71.32309841
8148,1/6/2009,January,Tuesday,15:00,1,2,0,0,Angle,V1: Turning right / V2: Travelling straight ahead,V1: W  / V2: E,Dry,Daylight,Clear,0,0,34,23,TRUE,34.24438675,-73.6513909
8149,1/6/2009,January,Tuesday,17:48,1,2,0,0,Angle,V1: Travelling straight ahead / V2: Entering traffic lane,V1: E  / V2: W,Dry,Dark - lighted roadway,Clear,0,0,34,23,TRUE,41.93401501,-71.31496153
8150,1/7/2009,January,Wednesday,5:20,1,2,0,0,0,V1: Travelling straight ahead / V2: Changing lanes,V1: N  / V2: N,Dry,Dark - lighted roadway,Clear,1.45,0.5,37,28,TRUE,41.89965798,-71.36501288
8151,1/7/2009,January,Wednesday,7:28,2,1,1,0,Single vehicle crash,V1: Travelling straight ahead,V1: W,Slush,Daylight,Snow,1.45,0.5,37,28,TRUE,41.93493915,-71.26208933
8152,1/7/2009,January,Wednesday,7:35,1,2,0,0,Rear-end,V1: Travelling straight ahead / V2: Travelling straight ahead,V1: S  / V2: S,Ice,Daylight,Rain,1.45,0.5,37,28,TRUE,34.24438675,-73.6513909
8153,1/7/2009,January,Wednesday,8:14,2,1,1,0,Single vehicle crash,V1: Travelling straight ahead,V1: S,Slush,Daylight,Rain,1.45,0.5,37,28,TRUE,41.96019052,-71.3011813