ID,DATE,Month,Day of week,Crash Time,Crash Severity,Number of Vehicles,Total Nonfatal Injuries,Total Fatal Injuries,Manner of Collision,Vehicle Action Prior to Crash,Vehicle Travel Directions,Road Surface Condition,Ambient Light,Weather Condition,PRCP,SNOW,TMAX,TMIN,Ice,Longtitute,Latitute
8154,1/8/2009,January,Thursday,12:12,1,2,0,0,Angle,V1: Entering traffic lane / V2: Travelling straight ahead,V1: E  / V2: S,Dry,Daylight,Clear,0.03,0,41,24,TRUE,41.9404815,-71.28139686
8155,1/8/2009,January,Thursday,14:10,1,2,0,0,Angle,V1: Turning left / V2: Travelling straight ahead,V1: E  / V2: S,Dry,Daylight,Clear,0.03,0,41,24,TRUE,41.93405012,-71.31579284
8156,1/8/2009,January,Thursday,15:03,1,2,0,0,Angle,V1: Travelling straight ahead / V2: Turning left,V1: S  / V2: E,Dry,Daylight,Clear,0.03,0,41,24,TRUE,41.93393836,-71.3077318
8157,1/8/2009,January,Thursday,18:01,1,2,0,0,Rear-end,V1: Slowing or stopped in traffic / V2: Travelling straight ahead,V1: S  / V2: S,Dry,Dark - lighted roadway,Cloudy,0.03,0,41,24,TRUE,41.90257689,-71.3560405
8158,1/9/2009,January,Friday,1:20,1,1,0,0,Single vehicle crash,V1: Travelling straight ahead,V1: S,Dry,Dark - lighted roadway,Clear,0,0,30,19,TRUE,41.91694727,-71.28414186
8159,1/10/2009,January,Saturday,10:23,1,1,0,0,Single vehicle crash,V1: Travelling straight ahead,V1: S,Snow,Dark - lighted roadway,Snow,0.11,1.5,29,13,TRUE,41.94898405,-71.28937601
8160,1/10/2009,January,Saturday,21:57,1,2,0,0,Head-on,V1: Travelling straight ahead / V2: Travelling straight ahead,V1: N  / V2: S,Snow,Dark - lighted roadway,Snow,0.11,1.5,29,13,TRUE,41.93710405,-71.25575735
8161,1/11/2009,January,Sunday,0:18,1,1,0,0,Single vehicle crash,V1: Travelling straight ahead,V1: S,Snow,Dark - lighted roadway,Snow,0.39,2.3,33,21,TRUE,41.95280464,-71.29640282
8162,1/11/2009,January,Sunday,1:20,1,1,0,0,Single vehicle crash,V1: Travelling straight ahead,V1: S,Snow,Dark - lighted roadway,Snow,0.39,2.3,33,21,TRUE,41.95375439,-71.26561207
8163,1/11/2009,January,Sunday,15:59,1,1,0,0,Single vehicle crash,V1: Travelling straight ahead,V1: S,Slush,Dusk,Cloudy,0.39,2.3,33,21,TRUE,41.93164315,-71.24510822
8164,1/11/2009,January,Sunday,22:10,2,1,1,0,Single vehicle crash,V1: Travelling straight ahead,V1: S,Slush,Dark - lighted roadway,Cloudy,0.39,2.3,33,21,TRUE,41.94898405,-71.28937601
8165,1/12/2009,January,Monday,10:33,1,2,0,0,Rear-end,V1: Travelling straight ahead / V2: Slowing or stopped in traffic,V1: E  / V2: E,Wet,Daylight,Cloudy,0.03,0.5,31,13,TRUE,41.95412248,-71.24481263
8166,1/12/2009,January,Monday,14:30,1,2,0,0,Angle,V1: Travelling straight ahead / V2: Turning left,V1: 0 / V2: 0,Dry,Daylight,Clear,0.03,0.5,31,13,TRUE,41.93914023,-71.2762878
8167,1/12/2009,January,Monday,15:45,1,2,0,0,Angle,V1: Travelling straight ahead / V2: Travelling straight ahead,V1: 0 / V2: 0,Dry,Daylight,Clear,0.03,0.5,31,13,TRUE,41.94470433,-71.2812252
8168,1/12/2009,January,Monday,22:46,1,2,0,0,"Sideswipe, same direction",V1: Overtaking/passing / V2: Turning right,V1: S  / V2: S,Dry,Dark - lighted roadway,Cloudy,0.03,0.5,31,13,TRUE,41.90650115,-71.31704894
8169,1/13/2009,January,Tuesday,7:00,1,2,0,0,Rear-end,V1: Travelling straight ahead / V2: Travelling straight ahead,V1: N  / V2: N,Dry,Daylight,Cloudy,0.12,0,35,11,TRUE,41.95593405,-71.30346756
8170,1/13/2009,January,Tuesday,8:00,2,1,1,0,Angle,V1: Travelling straight ahead,V1: N,Ice,Daylight,Cloudy,0.12,0,35,11,TRUE,41.90231844,-71.35595143
8171,1/13/2009,January,Tuesday,8:15,2,2,1,0,Rear-end,V1: Travelling straight ahead / V2: Slowing or stopped in traffic,V1: N  / V2: N,Ice,Daylight,Cloudy,0.12,0,35,11,TRUE,41.96941345,-71.29547608
8172,1/14/2009,January,Wednesday,11:04,1,2,0,0,Rear-end,V1: Slowing or stopped in traffic / V2: Slowing or stopped in traffic,V1: E  / V2: E,Dry,Daylight,Clear,0,0,34,14,TRUE,41.9483337,-71.27794679
8173,1/14/2009,January,Wednesday,11:25,1,2,0,0,Angle,V1: Turning left / V2: Travelling straight ahead,V1: S  / V2: E,Dry,Daylight,Clear,0,0,34,14,TRUE,41.96610795,-71.29209945
8174,1/15/2009,January,Thursday,5:45,1,2,0,0,Rear-end,V1: Travelling straight ahead / V2: Turning left,V1: S  / V2: S,Dry,Dark - lighted roadway,Clear,0,0,17,3,TRUE,41.92014027,-71.3157144
8175,1/16/2009,January,Friday,7:08,1,2,0,0,Angle,V1: Travelling straight ahead / V2: Turning left,V1: N  / V2: E,Dry,Daylight,Clear,0,0,21,-3,TRUE,41.90964751,-71.36351027
8176,1/17/2009,January,Saturday,12:46,1,2,0,0,Angle,V1: Turning left / V2: Travelling straight ahead,V1: E  / V2: N,Dry,Daylight,Clear,0,0,20,-3,TRUE,41.91420591,-71.36119762
8177,1/17/2009,January,Saturday,16:39,1,2,0,0,"Sideswipe, opposite direction",V1: Backing / V2: Parked,V1: W  / V2: 0,Ice,Dusk,Clear,0,0,20,-3,TRUE,41.93762173,-71.28093807
8178,1/18/2009,January,Sunday,7:33,1,2,0,0,Rear-end,V1: Travelling straight ahead / V2: Slowing or stopped in traffic,V1: S  / V2: S,Snow,Daylight,Snow,0.68,8.9,29,14,TRUE,41.90682772,-71.35704387
8179,1/18/2009,January,Sunday,9:21,1,2,0,0,Angle,V1: Turning left / V2: Travelling straight ahead,V1: E  / V2: N,Snow,Daylight,Snow,0.68,8.9,29,14,TRUE,41.94845803,-71.30212015
8180,1/18/2009,January,Sunday,13:53,1,2,0,0,Head-on,V1: Changing lanes / V2: 0,V1: W  / V2: 0,Snow,Daylight,Snow,0.68,8.9,29,14,TRUE,41.93050355,-71.33614937
8181,1/19/2009,January,Monday,0:01,1,2,0,0,"Sideswipe, opposite direction",V1: Turning right / V2: Slowing or stopped in traffic,V1: N  / V2: S,Snow,Dark - lighted roadway,Snow,0.21,3.1,35,22,TRUE,34.24438675,-73.6513909
8182,1/20/2009,January,Tuesday,11:11,1,2,0,0,Angle,V1: Entering traffic lane / V2: Travelling straight ahead,V1: N  / V2: N,Wet,Daylight,Clear,0,0.1,35,20,TRUE,41.92298766,-71.35720387
8183,1/20/2009,January,Tuesday,11:49,1,2,0,0,Angle,V1: Travelling straight ahead / V2: Travelling straight ahead,V1: N  / V2: W,Dry,Daylight,Clear,0,0.1,35,20,TRUE,41.94512722,-71.28855145
8184,1/20/2009,January,Tuesday,13:53,1,2,0,0,Rear-end,V1: 0 / V2: 0,V1: W  / V2: W,Wet,Daylight,Cloudy,0,0.1,35,20,TRUE,34.24438675,-73.6513909
8185,1/20/2009,January,Tuesday,20:30,1,2,0,0,Angle,V1: Turning left / V2: Travelling straight ahead,V1: S  / V2: N,Wet,Dark - lighted roadway,Cloudy,0,0.1,35,20,TRUE,41.89733197,-71.36979234
8186,1/21/2009,January,Wednesday,15:36,1,2,0,0,Angle,V1: Turning left / V2: Travelling straight ahead,V1: N  / V2: E,Dry,Daylight,Clear,0,0,28,12,TRUE,41.90529604,-71.33573163
8187,1/21/2009,January,Wednesday,16:40,1,2,0,0,Angle,V1: Entering traffic lane / V2: Travelling straight ahead,V1: W  / V2: S,Dry,Daylight,Cloudy,0,0,28,12,TRUE,41.92351491,-71.35698204
8188,1/21/2009,January,Wednesday,23:36,1,1,0,0,Single vehicle crash,V1: Turning right,V1: S,Dry,Dark - roadway not lighted,Clear,0,0,28,12,TRUE,41.90433577,-71.35012688
8189,1/22/2009,January,Thursday,6:31,2,2,3,0,Angle,V1: Turning left / V2: Travelling straight ahead,V1: W  / V2: N,"Sand, mud, dirt, oil, gravel",Daylight,Clear,0,0,33,13,TRUE,41.90647647,-71.31818383
8190,1/22/2009,January,Thursday,18:41,1,2,0,0,Angle,V1: Turning left / V2: Travelling straight ahead,V1: E  / V2: S,Dry,Dark - lighted roadway,Clear,0,0,33,13,TRUE,41.9156749,-71.35896018
8191,1/23/2009,January,Friday,7:35,1,2,0,0,Rear-end,V1: Travelling straight ahead / V2: Travelling straight ahead,V1: N  / V2: N,Dry,Daylight,Clear,0,0,42,13,TRUE,34.24438675,-73.6513909
8192,1/23/2009,January,Friday,7:54,1,2,0,0,Angle,V1: Turning left / V2: Travelling straight ahead,V1: S  / V2: N,Dry,Daylight,Cloudy,0,0,42,13,TRUE,41.90998013,-71.35802082
8193,1/23/2009,January,Friday,11:28,1,2,0,0,Rear-end,V1: Slowing or stopped in traffic / V2: Slowing or stopped in traffic,V1: N  / V2: N,Dry,Daylight,Clear,0,0,42,13,TRUE,41.93505312,-71.29860583
8194,1/23/2009,January,Friday,15:04,1,2,0,0,Rear-end,V1: Travelling straight ahead / V2: Slowing or stopped in traffic,V1: S  / V2: S,Dry,Daylight,Clear,0,0,42,13,TRUE,41.91035947,-71.36314658
8195,1/23/2009,January,Friday,18:25,0,2,0,0,Rear-end,V1: Travelling straight ahead / V2: 0,V1: S  / V2: 0,Wet,Dark - lighted roadway,Clear,0,0,42,13,TRUE,41.92280259,-71.35728124
8196,1/23/2009,January,Friday,21:29,1,2,0,0,Rear-end,V1: Travelling straight ahead / V2: Slowing or stopped in traffic,V1: S  / V2: S,Ice,Dark - lighted roadway,Rain,0,0,42,13,TRUE,41.92675288,-71.34334435
8197,1/24/2009,January,Saturday,8:41,1,2,0,0,Angle,V1: Travelling straight ahead / V2: Entering traffic lane,V1: S  / V2: E,Dry,Daylight,Cloudy,0,0,38,12,TRUE,41.93840858,-71.28352591
8198,1/24/2009,January,Saturday,9:20,1,2,0,0,Angle,V1: Turning left / V2: Travelling straight ahead,V1: S  / V2: N,Dry,Daylight,Cloudy,0,0,38,12,TRUE,41.94274018,-71.28432859
8199,1/24/2009,January,Saturday,15:40,1,2,0,0,Rear-end,V1: Slowing or stopped in traffic / V2: Slowing or stopped in traffic,V1: N  / V2: N,Dry,Daylight,Clear,0,0,38,12,TRUE,41.90015882,-71.36325484
8200,1/24/2009,January,Saturday,18:17,1,2,0,0,Angle,V1: Turning left / V2: Changing lanes,V1: S  / V2: S,Dry,Dark - lighted roadway,Clear,0,0,38,12,TRUE,41.91082901,-71.36290776
8201,1/25/2009,January,Sunday,0:24,1,1,0,0,Single vehicle crash,V1: Travelling straight ahead,V1: S,Dry,Dark - roadway not lighted,Clear,0,0,25,0,TRUE,41.95475094,-71.30836474
8202,1/25/2009,January,Sunday,11:36,1,2,0,0,Rear-end,V1: Travelling straight ahead / V2: Slowing or stopped in traffic,V1: E  / V2: E,Dry,Daylight,Cloudy,0,0,25,0,TRUE,41.93397764,-71.31903245
8203,1/25/2009,January,Sunday,14:15,2,2,1,0,Angle,V1: Turning left / V2: Travelling straight ahead,V1: W  / V2: N,Dry,Daylight,Cloudy,0,0,25,0,TRUE,41.95263042,-71.2895305
8204,1/25/2009,January,Sunday,18:55,1,2,0,0,Rear-end,V1: Slowing or stopped in traffic / V2: Slowing or stopped in traffic,V1: E  / V2: E,Dry,Dark - lighted roadway,Clear,0,0,25,0,TRUE,41.93976913,-71.29072872
8205,1/26/2009,January,Monday,9:56,2,2,1,0,Angle,V1: Travelling straight ahead / V2: Travelling straight ahead,V1: E  / V2: N,Dry,Daylight,Clear,0,0,29,2,TRUE,41.94019537,-71.27660007
8206,1/26/2009,January,Monday,13:13,1,2,0,0,Angle,V1: Travelling straight ahead / V2: Travelling straight ahead,V1: N  / V2: W,Dry,Daylight,Clear,0,0,29,2,TRUE,41.94563994,-71.27937153
8207,1/26/2009,January,Monday,16:08,1,2,0,0,Angle,V1: Turning left / V2: Travelling straight ahead,V1: S  / V2: E,Dry,Daylight,Clear,0,0,29,2,TRUE,41.94757814,-71.27890389
8208,1/27/2009,January,Tuesday,15:39,1,2,0,0,Rear-end,V1: Parked / V2: Travelling straight ahead,V1: S  / V2: S,Dry,Daylight,Clear,0,0,30,11,TRUE,41.92508738,-71.35628348
8209,1/27/2009,January,Tuesday,15:39,1,2,0,0,Rear-end,V1: Travelling straight ahead / V2: Slowing or stopped in traffic,V1: S  / V2: S,Dry,Daylight,Clear,0,0,30,11,TRUE,41.92430537,-71.35662807
8210,1/28/2009,January,Wednesday,8:33,2,2,1,0,Angle,V1: Travelling straight ahead / V2: Travelling straight ahead,V1: E  / V2: S,Snow,Daylight,Snow,1.18,2.5,37,18,TRUE,41.9404815,-71.28139686
8211,1/28/2009,January,Wednesday,9:24,0,1,0,0,Single vehicle crash,V1: Travelling straight ahead,V1: N,Snow,Daylight,Snow,1.18,2.5,37,18,TRUE,41.90907397,-71.35774474
8212,1/28/2009,January,Wednesday,11:18,1,2,0,0,Angle,V1: Travelling straight ahead / V2: Travelling straight ahead,V1: N  / V2: S,Snow,Daylight,Snow,1.18,2.5,37,18,TRUE,41.9793094,-71.27915188
8213,1/28/2009,January,Wednesday,12:07,1,2,0,0,Angle,V1: Turning right / V2: Slowing or stopped in traffic,V1: E  / V2: W,Snow,Daylight,Snow,1.18,2.5,37,18,TRUE,41.93874704,-71.29215576
8214,1/28/2009,January,Wednesday,13:02,2,2,1,0,"Sideswipe, same direction",V1: Slowing or stopped in traffic / V2: Other,V1: E  / V2: E,Snow,Daylight,Snow,1.18,2.5,37,18,TRUE,34.24438675,-73.6513909
8215,1/28/2009,January,Wednesday,15:30,1,2,0,0,Angle,V1: Travelling straight ahead / V2: Travelling straight ahead,V1: S  / V2: E,Slush,Daylight,Rain,1.18,2.5,37,18,TRUE,41.93623387,-71.28481203
8216,1/28/2009,January,Wednesday,16:14,1,1,0,0,Angle,V1: Travelling straight ahead,V1: S,Snow,Daylight,Rain,1.18,2.5,37,18,TRUE,41.9159793,-71.30455533
8217,1/29/2009,January,Thursday,7:15,1,2,0,0,Rear-end,V1: Slowing or stopped in traffic / V2: Travelling straight ahead,V1: N  / V2: N,Ice,Daylight,Clear,0,0,37,18,TRUE,41.95026372,-71.2985466
8218,1/29/2009,January,Thursday,7:44,1,2,0,0,Rear-end,V1: Travelling straight ahead / V2: Travelling straight ahead,V1: W  / V2: W,Dry,Dawn,Snow,0,0,37,18,TRUE,41.92475251,-71.32147683
8219,1/29/2009,January,Thursday,8:07,1,1,0,0,Rear-end,V1: Slowing or stopped in traffic,V1: N,Ice,Daylight,Clear,0,0,37,18,TRUE,41.95026372,-71.2985466
8220,1/29/2009,January,Thursday,10:29,1,2,0,0,Rear-end,V1: Turning right / V2: Travelling straight ahead,V1: N  / V2: E,Ice,Daylight,Clear,0,0,37,18,TRUE,41.93401031,-71.31414519
8221,1/29/2009,January,Thursday,12:48,2,2,1,0,Angle,V1: Turning left / V2: Travelling straight ahead,V1: W  / V2: N,Wet,Daylight,Clear,0,0,37,18,TRUE,41.91649601,-71.36003742
8222,1/29/2009,January,Thursday,12:54,1,2,0,0,Rear-end,V1: Travelling straight ahead / V2: Travelling straight ahead,V1: N  / V2: N,Dry,Daylight,Clear,0,0,37,18,TRUE,41.91982212,-71.35857678
8223,1/29/2009,January,Thursday,17:51,1,3,0,0,Rear-end,V1: Travelling straight ahead / V2: Travelling straight ahead / V3: Travelling straight ahead,V1: S  / V2: S  / V3: S,Ice,Daylight,Clear,0,0,37,18,TRUE,41.94804118,-71.28856015
8224,1/30/2009,January,Friday,4:46,2,1,1,0,Single vehicle crash,V1: Slowing or stopped in traffic,V1: N,Wet,Dark - lighted roadway,Cloudy,0,0,38,10,TRUE,41.95445699,-71.31072393
8225,1/30/2009,January,Friday,7:03,1,3,0,0,Angle,V1: Entering traffic lane / V2: Travelling straight ahead / V3: Travelling straight ahead,V1: N  / V2: N  / V3: N,Ice,Daylight,Clear,0,0,38,10,TRUE,41.95593405,-71.30346756
8226,1/30/2009,January,Friday,8:01,0,2,0,0,Rear-end,V1: Slowing or stopped in traffic / V2: Slowing or stopped in traffic,V1: N  / V2: N,Dry,Daylight,Clear,0,0,38,10,TRUE,41.92886054,-71.32309841
8227,1/30/2009,January,Friday,8:40,1,2,0,0,Angle,V1: Turning right / V2: Slowing or stopped in traffic,V1: E  / V2: N,Dry,Daylight,Clear,0,0,38,10,TRUE,41.94087812,-71.27241863
8228,1/30/2009,January,Friday,15:00,1,1,0,0,Single vehicle crash,V1: Travelling straight ahead,V1: 0,Dry,Daylight,Clear,0,0,38,10,TRUE,41.93708612,-71.25529625
8229,1/30/2009,January,Friday,15:43,2,2,2,0,"Sideswipe, same direction",V1: Changing lanes / V2: Travelling straight ahead,V1: S  / V2: S,Dry,Daylight,Cloudy,0,0,38,10,TRUE,41.90964751,-71.36351027
8230,1/30/2009,January,Friday,16:35,2,2,1,0,Rear-end,V1: Travelling straight ahead / V2: Travelling straight ahead,V1: N  / V2: E,Wet,Daylight,Rain,0,0,38,10,TRUE,41.94313451,-71.27152156
8231,1/31/2009,January,Saturday,2:57,1,1,0,0,Single vehicle crash,V1: Turning right,V1: S,Dry,Daylight,Clear,0,0,28,17,TRUE,41.94450501,-71.28411703
8232,2/1/2009,February,Sunday,9:46,1,2,0,0,Rear-end,V1: Travelling straight ahead / V2: Travelling straight ahead,V1: N  / V2: N,Dry,Daylight,Clear,0,0,47,15,TRUE,41.94721655,-71.28786974
8233,2/1/2009,February,Sunday,10:15,1,2,0,0,Single vehicle crash,V1: Backing / V2: Travelling straight ahead,V1: S  / V2: W,Dry,Daylight,Clear,0,0,47,15,TRUE,41.93747309,-71.2789204
8234,2/1/2009,February,Sunday,13:31,1,2,0,0,Angle,V1: 0 / V2: Travelling straight ahead,V1: 0 / V2: E,Dry,Daylight,Clear,0,0,47,15,TRUE,41.93386542,-71.30225536
8235,2/1/2009,February,Sunday,13:43,1,3,0,0,Rear-end,V1: Slowing or stopped in traffic / V2: Slowing or stopped in traffic / V3: Slowing or stopped in traffic,V1: N  / V2: N  / V3: N,Dry,Daylight,Clear,0,0,47,15,TRUE,41.92762143,-71.35470547
8236,2/2/2009,February,Monday,2:35,1,2,0,0,Rear-end,V1: Travelling straight ahead / V2: 0,V1: W  / V2: 0,Wet,Daylight,Clear,0,0,56,25,TRUE,41.94928318,-71.28964082
8237,2/2/2009,February,Monday,9:33,2,2,1,0,Angle,V1: Travelling straight ahead / V2: Travelling straight ahead,V1: W  / V2: S,Wet,Daylight,Clear,0,0,56,25,TRUE,34.24438675,-73.6513909
8238,2/2/2009,February,Monday,18:28,1,2,0,0,Angle,V1: Backing / V2: Parked,V1: E  / V2: S,Wet,Dark - roadway not lighted,Clear,0,0,56,25,TRUE,41.94287092,-71.24940224
8239,2/3/2009,February,Tuesday,12:46,1,1,0,0,Single vehicle crash,V1: Travelling straight ahead,V1: S,Ice,Daylight,Snow,0.2,3.9,36,23,TRUE,41.9373994,-71.33073677
8240,2/3/2009,February,Tuesday,14:46,1,2,0,0,Angle,V1: Travelling straight ahead / V2: Travelling straight ahead,V1: E  / V2: W,Ice,Daylight,Snow,0.2,3.9,36,23,TRUE,41.96454515,-71.28656668
8241,2/3/2009,February,Tuesday,16:04,1,2,0,0,Angle,V1: Turning right / V2: Turning left,V1: S  / V2: E,Snow,Dusk,Snow,0.2,3.9,36,23,TRUE,41.89638762,-71.365474
8242,2/4/2009,February,Wednesday,3:18,3,2,0,1,Angle,V1: Travelling straight ahead / V2: Travelling straight ahead,V1: S  / V2: S,Wet,Dark - roadway not lighted,Clear,0.03,1,29,12,TRUE,41.93349672,-71.32022962
8243,2/4/2009,February,Wednesday,3:50,0,2,0,0,Rear-end,V1: Turning right / V2: Slowing or stopped in traffic,V1: 0 / V2: 0,Snow,Dark - lighted roadway,Snow,0.03,1,29,12,TRUE,34.24438675,-73.6513909
8244,2/4/2009,February,Wednesday,12:33,1,2,0,0,Angle,V1: Turning left / V2: Travelling straight ahead,V1: W  / V2: N,Wet,Daylight,Clear,0.03,1,29,12,TRUE,41.90081078,-71.36802017
8245,2/4/2009,February,Wednesday,14:41,1,2,0,0,Angle,V1: Entering traffic lane / V2: Travelling straight ahead,V1: N  / V2: E,Dry,Daylight,Cloudy,0.03,1,29,12,TRUE,41.95130281,-71.27263126
8246,2/5/2009,February,Thursday,7:29,1,2,0,0,Angle,V1: Travelling straight ahead / V2: Turning left,V1: N  / V2: W,"Sand, mud, dirt, oil, gravel",Daylight,Clear,0,0,21,6,TRUE,41.89733197,-71.36979234
8247,2/5/2009,February,Thursday,12:25,2,2,2,0,Angle,V1: Turning left / V2: Travelling straight ahead,V1: N  / V2: 0,Ice,Daylight,Clear,0,0,21,6,TRUE,41.91277813,-71.30920153
8248,2/5/2009,February,Thursday,13:24,2,1,1,0,Single vehicle crash,V1: Travelling straight ahead,V1: N,Dry,Daylight,Clear,0,0,21,6,TRUE,41.95814204,-71.28762358
8249,2/5/2009,February,Thursday,15:51,1,2,0,0,Angle,V1: Travelling straight ahead / V2: Turning left,V1: S  / V2: N,Dry,Daylight,Clear,0,0,21,6,TRUE,34.24438675,-73.6513909
8250,2/6/2009,February,Friday,1:30,1,2,0,0,Rear-end,V1: Travelling straight ahead / V2: Turning left,V1: N  / V2: E,Dry,Daylight,Clear,0,0,30,1,TRUE,41.95484304,-71.28856385
8251,2/6/2009,February,Friday,2:30,1,2,0,0,Single vehicle crash,V1: Travelling straight ahead / V2: Slowing or stopped in traffic,V1: 0 / V2: 0,Dry,Daylight,Cloudy,0,0,30,1,TRUE,41.93409173,-71.31894301
8252,2/6/2009,February,Friday,6:49,1,2,0,0,Angle,V1: Turning left / V2: Travelling straight ahead,V1: W  / V2: N,Dry,Daylight,Clear,0,0,30,1,TRUE,41.90628791,-71.36524022
8253,2/6/2009,February,Friday,10:57,1,2,0,0,Rear-end,V1: Travelling straight ahead / V2: Travelling straight ahead,V1: N  / V2: N,Dry,Daylight,Clear,0,0,30,1,TRUE,41.90086769,-71.36799095
8254,2/6/2009,February,Friday,10:57,1,2,0,0,Rear-end,V1: Slowing or stopped in traffic / V2: Travelling straight ahead,V1: 0 / V2: 0,Dry,Daylight,Clear,0,0,30,1,TRUE,41.90086769,-71.36799095
8255,2/7/2009,February,Saturday,4:45,2,2,1,0,Head-on,V1: Travelling straight ahead / V2: Travelling straight ahead,V1: N  / V2: S,Dry,Dark - roadway not lighted,Clear,0,0,43,4,TRUE,34.24438675,-73.6513909
8256,2/7/2009,February,Saturday,17:22,1,1,0,0,Single vehicle crash,V1: Turning right,V1: N,Dry,Dusk,Clear,0,0,43,4,TRUE,41.93152244,-71.29127014
8257,2/7/2009,February,Saturday,17:58,1,2,0,0,Angle,V1: Travelling straight ahead / V2: Turning left,V1: E  / V2: N,Dry,Dark - lighted roadway,Cloudy,0,0,43,4,TRUE,41.92675288,-71.34334435
8258,2/8/2009,February,Sunday,5:55,1,1,0,0,Single vehicle crash,V1: Travelling straight ahead,V1: W,Ice,Dark - roadway not lighted,Cloudy,0,0,54,33,FALSE,41.92900462,-71.35241098
8259,2/9/2009,February,Monday,15:51,1,2,0,0,Angle,V1: Travelling straight ahead / V2: Travelling straight ahead,V1: S  / V2: S,Dry,Daylight,Clear,0,0,41,23,TRUE,41.90697288,-71.36488171
8260,2/10/2009,February,Tuesday,10:15,1,2,0,0,Rear-end,V1: Travelling straight ahead / V2: Slowing or stopped in traffic,V1: W  / V2: W,Dry,Daylight,Cloudy,0,0,38,19,TRUE,41.94461786,-71.29001803
8261,2/11/2009,February,Wednesday,16:56,1,2,0,0,"Sideswipe, same direction",V1: Overtaking/passing / V2: Turning right,V1: S  / V2: S,Dry,Dusk,Clear,0,0,61,31,TRUE,41.91891265,-71.31713881
8262,2/12/2009,February,Thursday,3:00,1,2,0,0,Angle,V1: Entering traffic lane / V2: Travelling straight ahead,V1: S  / V2: W,Dry,Daylight,Cloudy,0.18,0,54,40,FALSE,41.91968368,-71.35915561
8263,2/12/2009,February,Thursday,16:18,1,2,0,0,Angle,V1: Travelling straight ahead / V2: Entering traffic lane,V1: E  / V2: N,Dry,Daylight,Clear,0.18,0,54,40,FALSE,41.91717654,-71.23278238
8264,2/14/2009,February,Saturday,15:36,2,3,1,0,Rear-end,V1: Travelling straight ahead / V2: Travelling straight ahead / V3: Slowing or stopped in traffic,V1: S  / V2: S  / V3: S,Dry,Daylight,Clear,0,0,42,22,TRUE,41.95076301,-71.27397064
8265,2/16/2009,February,Monday,23:20,1,1,0,0,Single vehicle crash,V1: Travelling straight ahead,V1: N,0,Dark - lighted roadway,Clear,0,0,38,20,TRUE,41.89835475,-71.3694107
8266,2/17/2009,February,Tuesday,9:14,1,2,0,0,Angle,V1: Entering traffic lane / V2: Travelling straight ahead,V1: E  / V2: S,Dry,Daylight,Cloudy,0,0,40,20,TRUE,41.93408801,-71.29983342
8267,2/17/2009,February,Tuesday,18:01,1,2,0,0,Rear-end,V1: Travelling straight ahead / V2: Slowing or stopped in traffic,V1: S  / V2: S,Dry,Dark - lighted roadway,Clear,0,0,40,20,TRUE,41.90998013,-71.35802082
8268,2/18/2009,February,Wednesday,6:50,1,1,0,0,Single vehicle crash,V1: Travelling straight ahead,V1: W,Dry,Daylight,Clear,0.16,1.2,41,15,TRUE,41.93927313,-71.26707461
8269,2/18/2009,February,Wednesday,8:31,1,2,0,0,Head-on,V1: Travelling straight ahead / V2: Parked,V1: W  / V2: 0,Dry,Daylight,Clear,0.16,1.2,41,15,TRUE,41.94677722,-71.28440751
8270,2/18/2009,February,Wednesday,9:36,1,2,0,0,Rear-end,V1: Backing / V2: Parked,V1: W  / V2: 0,Dry,Daylight,Clear,0.16,1.2,41,15,TRUE,41.91204771,-71.36529491
8271,2/18/2009,February,Wednesday,15:16,2,2,1,0,Angle,V1: Travelling straight ahead / V2: Entering traffic lane,V1: S  / V2: 0,Dry,Daylight,Cloudy,0.16,1.2,41,15,TRUE,41.94757814,-71.27890389
8272,2/18/2009,February,Wednesday,18:47,1,1,0,0,Single vehicle crash,V1: Travelling straight ahead,V1: W,Snow,Dawn,Snow,0.16,1.2,41,15,TRUE,41.92240546,-71.28736593
8273,2/18/2009,February,Wednesday,19:28,2,1,1,0,Single vehicle crash,V1: Travelling straight ahead,V1: N,Snow,Dark - lighted roadway,Snow,0.16,1.2,41,15,TRUE,34.24438675,-73.6513909
8274,2/19/2009,February,Thursday,7:20,1,1,0,0,Single vehicle crash,V1: Travelling straight ahead,V1: E,Wet,Daylight,Cloudy/Rain,0.42,0.2,50,27,TRUE,41.94387766,-71.31007818
8275,2/19/2009,February,Thursday,7:41,2,3,1,0,Angle,V1: Entering traffic lane / V2: Travelling straight ahead / V3: Slowing or stopped in traffic,V1: E  / V2: S  / V3: W,Dry,Daylight,Clear,0.42,0.2,50,27,TRUE,41.94121777,-71.2768631
8276,2/20/2009,February,Friday,15:49,1,2,0,0,Rear-end,V1: Travelling straight ahead / V2: Travelling straight ahead,V1: S  / V2: S,Dry,Daylight,Clear,0,0,30,21,TRUE,41.92762143,-71.35470547
8277,2/20/2009,February,Friday,15:53,2,2,1,0,Angle,V1: Turning left / V2: Travelling straight ahead,V1: E  / V2: N,Dry,Daylight,Clear,0,0,30,21,TRUE,41.9412121,-71.28297598
8278,2/21/2009,February,Saturday,17:14,1,2,0,0,Angle,V1: Travelling straight ahead / V2: Turning left,V1: N  / V2: W,Dry,Dusk,Clear,0,0,40,25,TRUE,41.9170943,-71.35975551
8279,2/23/2009,February,Monday,14:00,0,2,0,0,Angle,V1: Slowing or stopped in traffic / V2: Backing,V1: S  / V2: W,Dry,Daylight,Clear,0,0,36,22,TRUE,41.90969305,-71.30045665