ID,DATE,Month,Day of week,Crash Time,Crash Severity,Number of Vehicles,Total Nonfatal Injuries,Total Fatal Injuries,Manner of Collision,Vehicle Action Prior to Crash,Vehicle Travel Directions,Road Surface Condition,Ambient Light,Weather Condition,PRCP,SNOW,TMAX,TMIN,Ice,Longtitute,Latitute
8280,2/23/2009,February,Monday,16:44,1,1,0,0,0,V1: Travelling straight ahead,V1: W,Dry,Daylight,Clear,0,0,36,22,TRUE,41.92469528,-71.35459012
8281,2/24/2009,February,Tuesday,4:05,2,2,1,0,Angle,V1: Turning left / V2: Travelling straight ahead,V1: E  / V2: S,Dry,Daylight,Clear,0,0,39,18,TRUE,41.95260998,-71.26978509
8282,2/24/2009,February,Tuesday,6:12,1,1,0,0,Single vehicle crash,V1: Travelling straight ahead,V1: E,Dry,Dark - lighted roadway,Clear,0,0,39,18,TRUE,41.95451461,-71.24992613
8283,2/26/2009,February,Thursday,4:45,1,2,0,0,Rear-end,V1: Backing / V2: Backing,V1: 0 / V2: 0,Dry,Daylight,Clear,0,0,47,22,TRUE,41.9498661,-71.27830591
8284,2/26/2009,February,Thursday,14:26,1,2,0,0,"Sideswipe, same direction",V1: Travelling straight ahead / V2: Travelling straight ahead,V1: W  / V2: W,Dry,Daylight,Clear,0,0,47,22,TRUE,41.94519466,-71.28103716
8285,2/27/2009,February,Friday,12:10,1,2,0,0,"Sideswipe, same direction",V1: Turning left / V2: Travelling straight ahead,V1: S  / V2: S,Dry,Daylight,Clear,0.23,0,58,30,TRUE,41.90206224,-71.30826777
8286,2/27/2009,February,Friday,15:18,1,2,0,0,Rear-end,V1: Travelling straight ahead / V2: Travelling straight ahead,V1: N  / V2: N,Dry,Daylight,Clear,0.23,0,58,30,TRUE,41.91810906,-71.36407983
8287,2/27/2009,February,Friday,18:30,1,1,0,0,Single vehicle crash,V1: Travelling straight ahead,V1: N,Dry,Dark - roadway not lighted,Clear,0.23,0,58,30,TRUE,41.89785269,-71.35484239
8288,2/28/2009,February,Saturday,5:36,1,2,0,0,Head-on,V1: Travelling straight ahead / V2: Parked,V1: S  / V2: N,Wet,Dark - roadway not lighted,Clear,0.09,0,50,31,TRUE,41.9290339,-71.2975697
8289,2/28/2009,February,Saturday,7:30,1,2,0,0,"Sideswipe, same direction",V1: Travelling straight ahead / V2: Travelling straight ahead,V1: N  / V2: N,Dry,Daylight,Clear,0.09,0,50,31,TRUE,34.24438675,-73.6513909
8290,2/28/2009,February,Saturday,14:26,1,2,0,0,Angle,V1: Turning left / V2: Travelling straight ahead,V1: W  / V2: N,Dry,Daylight,Clear,0.09,0,50,31,TRUE,41.919774,-71.35859774
8291,3/1/2009,March,Sunday,19:19,2,1,1,0,Single vehicle crash,V1: Travelling straight ahead,V1: W,Dry,Dark - lighted roadway,Clear,0.19,2,31,24,TRUE,41.93628409,-71.28608551
8292,3/1/2009,March,Sunday,23:10,1,1,0,0,Single vehicle crash,V1: 0,V1: 0,Snow,Dark - roadway not lighted,Snow,0.19,2,31,24,TRUE,34.24438675,-73.6513909
8293,3/2/2009,March,Monday,14:28,1,1,0,0,Single vehicle crash,V1: Other,V1: W,Snow,Daylight,Snow,0.85,6.2,26,17,TRUE,34.24438675,-73.6513909
8294,3/2/2009,March,Monday,17:25,1,2,0,0,Angle,V1: Turning left / V2: Travelling straight ahead,V1: N  / V2: W,Snow,Dusk,Cloudy,0.85,6.2,26,17,TRUE,41.9446632,-71.28341486
8295,3/2/2009,March,Monday,18:40,1,2,0,0,Angle,V1: Travelling straight ahead / V2: Travelling straight ahead,V1: W  / V2: E,Snow,Dark - lighted roadway,Snow,0.85,6.2,26,17,TRUE,41.93239993,-71.29481178
8296,3/3/2009,March,Tuesday,12:12,1,2,0,0,Angle,V1: Turning left / V2: Turning left,V1: W  / V2: S,Wet,Daylight,Clear,0,0,29,12,TRUE,41.9472108,-71.28786501
8297,3/3/2009,March,Tuesday,15:57,1,2,0,0,Angle,V1: Turning left / V2: Turning left,V1: N  / V2: E,Dry,Daylight,Clear,0,0,29,12,TRUE,41.94625923,-71.28694634
8298,3/3/2009,March,Tuesday,18:53,2,1,1,0,Single vehicle crash,V1: Turning left,V1: N,Snow,Daylight,Clear,0,0,29,12,TRUE,41.91015987,-71.36469359
8299,3/4/2009,March,Wednesday,5:55,2,2,1,0,Angle,V1: Turning left / V2: Other,V1: S  / V2: N,Dry,Daylight,Clear,0,0,33,7,TRUE,41.90998013,-71.35802082
8300,3/4/2009,March,Wednesday,8:54,1,2,0,0,Angle,V1: Entering traffic lane / V2: Travelling straight ahead,V1: S  / V2: W,Dry,Daylight,Clear,0,0,33,7,TRUE,41.94757814,-71.27890389
8301,3/4/2009,March,Wednesday,11:55,0,2,0,0,"Sideswipe, same direction",V1: Parked / V2: Turning left,V1: E  / V2: S,Snow,Daylight,Clear,0,0,33,7,TRUE,41.90265951,-71.37563148
8302,3/4/2009,March,Wednesday,12:48,1,2,0,0,Angle,V1: Turning left / V2: Turning left,V1: S  / V2: E,Dry,Daylight,Clear,0,0,33,7,TRUE,41.96943481,-71.29290798
8303,3/4/2009,March,Wednesday,14:12,2,2,1,0,Angle,V1: Travelling straight ahead / V2: Travelling straight ahead,V1: E  / V2: S,Dry,Daylight,Clear,0,0,33,7,TRUE,41.94213878,-71.28262423
8304,3/4/2009,March,Wednesday,15:58,2,2,1,0,Angle,V1: Entering traffic lane / V2: Travelling straight ahead,V1: E  / V2: W,Wet,Daylight,Clear,0,0,33,7,TRUE,41.95414045,-71.26296554
8305,3/4/2009,March,Wednesday,16:14,1,3,0,0,Rear-end,V1: Slowing or stopped in traffic / V2: Slowing or stopped in traffic / V3: Travelling straight ahead,V1: E  / V2: E  / V3: E,Dry,Daylight,Clear,0,0,33,7,TRUE,41.95076301,-71.27397064
8306,3/4/2009,March,Wednesday,17:55,1,2,0,0,Angle,V1: Travelling straight ahead / V2: Turning left,V1: S  / V2: W,Dry,Dark - lighted roadway,Clear,0,0,33,7,TRUE,41.90998013,-71.35802082
8307,3/5/2009,March,Thursday,9:30,2,2,2,0,Angle,V1: Travelling straight ahead / V2: Turning left,V1: 0 / V2: 0,Dry,Daylight,Clear,0,0,42,11,TRUE,41.91954079,-71.25775248
8308,3/5/2009,March,Thursday,23:30,1,1,0,0,Single vehicle crash,V1: Travelling straight ahead,V1: N,Dry,Dark - lighted roadway,Clear,0,0,42,11,TRUE,41.92900797,-71.28446457
8309,3/6/2009,March,Friday,8:00,1,2,0,0,Angle,V1: Travelling straight ahead / V2: Travelling straight ahead,V1: E  / V2: N,Dry,Daylight,Clear,0,0,49,31,TRUE,41.94330896,-71.27265641
8310,3/6/2009,March,Friday,8:10,1,2,0,0,"Sideswipe, same direction",V1: Parked / V2: Travelling straight ahead,V1: 0 / V2: 0,Dry,Daylight,Clear,0,0,49,31,TRUE,41.94361429,-71.27453022
8311,3/6/2009,March,Friday,12:44,1,2,0,0,Rear-end,V1: Slowing or stopped in traffic / V2: Slowing or stopped in traffic,V1: E  / V2: E,Dry,Daylight,Clear,0,0,49,31,TRUE,41.9693978,-71.29147118
8312,3/6/2009,March,Friday,13:39,1,3,0,0,"Sideswipe, same direction",V1: Slowing or stopped in traffic / V2: Turning left / V3: 0,V1: N  / V2: E  / V3: 0,Dry,Daylight,Clear,0,0,49,31,TRUE,41.95484304,-71.28856385
8313,3/7/2009,March,Saturday,10:57,1,2,0,0,Angle,V1: Turning left / V2: Travelling straight ahead,V1: W  / V2: 0,Dry,Daylight,Clear,0,0,65,37,FALSE,41.93732881,-71.28475709
8314,3/7/2009,March,Saturday,14:50,1,2,0,0,"Sideswipe, same direction",V1: Travelling straight ahead / V2: Changing lanes,V1: S  / V2: S,Dry,Daylight,Cloudy,0,0,65,37,FALSE,41.93406824,-71.31618357
8315,3/7/2009,March,Saturday,19:00,1,2,0,0,0,V1: Slowing or stopped in traffic / V2: Slowing or stopped in traffic,V1: S  / V2: 0,Dry,Dusk,Clear,0,0,65,37,FALSE,34.24438675,-73.6513909
8316,3/7/2009,March,Saturday,23:11,1,2,0,0,Angle,V1: Travelling straight ahead / V2: Travelling straight ahead,V1: N  / V2: E,Dry,Dark - lighted roadway,Clear,0,0,65,37,FALSE,41.95428602,-71.28497548
8317,3/8/2009,March,Sunday,5:26,1,2,0,0,Head-on,V1: Travelling straight ahead / V2: Travelling straight ahead,V1: E  / V2: W,Snow,Dark - lighted roadway,Snow,0,0,62,45,FALSE,41.91982212,-71.35857678
8318,3/8/2009,March,Sunday,13:15,1,3,0,0,Rear-end,V1: Slowing or stopped in traffic / V2: Travelling straight ahead / V3: Travelling straight ahead,V1: N  / V2: N  / V3: N,Dry,Daylight,Clear,0,0,62,45,FALSE,41.91631291,-71.35882683
8319,3/8/2009,March,Sunday,16:00,1,2,0,0,Rear-end,V1: Travelling straight ahead / V2: Travelling straight ahead,V1: E  / V2: E,Dry,Daylight,Clear,0,0,62,45,FALSE,41.9339911,-71.30301574
8320,3/8/2009,March,Sunday,18:53,1,2,0,0,"Sideswipe, same direction",V1: Changing lanes / V2: Travelling straight ahead,V1: S  / V2: S,Dry,Dark - lighted roadway,Cloudy,0,0,62,45,FALSE,41.89777709,-71.35482337
8321,3/9/2009,March,Monday,7:42,1,2,0,0,"Sideswipe, same direction",V1: Entering traffic lane / V2: Travelling straight ahead,V1: N  / V2: N,Wet,Daylight,Rain,0.83,0.1,45,31,TRUE,41.90922425,-71.256046
8322,3/9/2009,March,Monday,11:20,2,2,2,0,Head-on,V1: Turning left / V2: Travelling straight ahead,V1: E  / V2: W,Wet,Daylight,Cloudy,0.83,0.1,45,31,TRUE,41.91982212,-71.35857678
8323,3/10/2009,March,Tuesday,12:08,1,3,0,0,Angle,V1: Travelling straight ahead / V2: Travelling straight ahead / V3: Slowing or stopped in traffic,V1: W  / V2: S  / V3: E,Dry,Daylight,Clear,0,0,48,26,TRUE,41.94121777,-71.2768631
8324,3/12/2009,March,Thursday,15:39,1,4,0,0,Rear-end,V1: Travelling straight ahead / V2: Slowing or stopped in traffic / V3: Slowing or stopped in traffic / V4: Slowing or stopped in traffic,V1: W  / V2: W  / V3: W  / V4: E,Dry,Daylight,Clear,0,0,42,27,TRUE,41.95298935,-71.26866093
8325,3/13/2009,March,Friday,0:50,2,1,2,0,Single vehicle crash,V1: Travelling straight ahead,V1: N,Dry,Dark - lighted roadway,Clear,0,0,39,21,TRUE,34.24438675,-73.6513909
8326,3/13/2009,March,Friday,8:24,1,2,0,0,Angle,V1: Travelling straight ahead / V2: Travelling straight ahead,V1: W  / V2: N,Dry,Daylight,Clear,0,0,39,21,TRUE,41.90756869,-71.36457242
8327,3/13/2009,March,Friday,9:02,1,2,0,0,Rear-end,V1: Slowing or stopped in traffic / V2: Slowing or stopped in traffic,V1: S  / V2: S,Dry,Daylight,Clear,0,0,39,21,TRUE,41.89861001,-71.36943215
8328,3/13/2009,March,Friday,11:13,2,2,2,0,Angle,V1: Travelling straight ahead / V2: Turning left,V1: N  / V2: E,Dry,Daylight,Clear,0,0,39,21,TRUE,41.90529604,-71.33573163
8329,3/13/2009,March,Friday,16:54,1,2,0,0,Angle,V1: Travelling straight ahead / V2: Travelling straight ahead,V1: S  / V2: W,Dry,Daylight,Clear,0,0,39,21,TRUE,41.93584988,-71.28143838
8330,3/13/2009,March,Friday,19:14,1,2,0,0,Rear-end,V1: Travelling straight ahead / V2: Slowing or stopped in traffic,V1: E  / V2: E,Dry,Dark - roadway not lighted,Clear,0,0,39,21,TRUE,41.896923,-71.37299292
8331,3/14/2009,March,Saturday,13:31,1,2,0,0,"Sideswipe, same direction",V1: Travelling straight ahead / V2: Travelling straight ahead,V1: W  / V2: W,Dry,Daylight,Clear,0,0,50,20,TRUE,41.93404812,-71.31577711
8332,3/14/2009,March,Saturday,15:24,2,2,1,0,Angle,V1: Turning left / V2: Travelling straight ahead,V1: E  / V2: N,Dry,Daylight,Cloudy,0,0,50,20,TRUE,41.89618753,-71.37039513
8333,3/16/2009,March,Monday,13:28,1,2,0,0,Angle,V1: Backing / V2: Travelling straight ahead,V1: S  / V2: E,Dry,Daylight,Clear,0,0,44,27,TRUE,41.94925881,-71.29277727
8334,3/17/2009,March,Tuesday,8:50,2,1,1,0,Single vehicle crash,V1: Travelling straight ahead,V1: N,Dry,Daylight,Clear,0,0,53,26,TRUE,41.92886054,-71.32309841
8335,3/17/2009,March,Tuesday,8:56,2,2,2,0,Rear-end,V1: Travelling straight ahead / V2: Slowing or stopped in traffic,V1: S  / V2: S,Dry,Daylight,Clear,0,0,53,26,TRUE,41.90964751,-71.36351027
8336,3/17/2009,March,Tuesday,15:28,1,2,0,0,Rear-end,V1: Travelling straight ahead / V2: Travelling straight ahead,V1: 0 / V2: W,Dry,Daylight,Clear,0,0,53,26,TRUE,41.93363156,-71.30076394
8337,3/17/2009,March,Tuesday,19:36,1,2,0,0,Angle,V1: Travelling straight ahead / V2: Parked,V1: 0 / V2: 0,Dry,0,Cloudy,0,0,53,26,TRUE,41.93413559,-71.28278276
8338,3/17/2009,March,Tuesday,22:20,1,2,0,0,Angle,V1: Travelling straight ahead / V2: Turning left,V1: S  / V2: N,Dry,Dark - lighted roadway,Clear,0,0,53,26,TRUE,41.90846105,-71.36412011
8339,3/19/2009,March,Thursday,9:41,0,1,0,0,"Sideswipe, same direction",V1: Parked,V1: S,Dry,Daylight,Clear,0.12,0,48,34,FALSE,41.93536942,-71.2918408
8340,3/19/2009,March,Thursday,12:58,1,2,0,0,Rear-end,V1: Travelling straight ahead / V2: Travelling straight ahead,V1: S  / V2: S,Wet,Daylight,Cloudy/Rain,0.12,0,48,34,FALSE,41.95260998,-71.2697851
8341,3/19/2009,March,Thursday,17:32,2,3,3,0,Rear-end,V1: Travelling straight ahead / V2: Slowing or stopped in traffic / V3: Slowing or stopped in traffic,V1: E  / V2: E  / V3: E,Dry,Daylight,Cloudy,0.12,0,48,34,FALSE,41.93397687,-71.31125538
8342,3/19/2009,March,Thursday,19:34,1,1,0,0,Single vehicle crash,V1: Travelling straight ahead,V1: E,Dry,Dark - lighted roadway,Clear,0.12,0,48,34,FALSE,41.95437986,-71.25499915
8343,3/20/2009,March,Friday,7:43,1,2,0,0,Rear-end,V1: Entering traffic lane / V2: Travelling straight ahead,V1: S  / V2: S,Dry,Daylight,Clear,0,0,42,23,TRUE,41.93732881,-71.28475709
8344,3/20/2009,March,Friday,16:40,1,2,0,0,"Sideswipe, same direction",V1: Changing lanes / V2: Travelling straight ahead,V1: S  / V2: S,Dry,Daylight,Clear,0,0,42,23,TRUE,41.91482581,-71.36088324
8345,3/21/2009,March,Saturday,4:25,1,1,0,0,Single vehicle crash,V1: Travelling straight ahead,V1: N,Dry,Dark - lighted roadway,Cloudy,0,0,47,19,TRUE,41.92664323,-71.34535992
8346,3/21/2009,March,Saturday,14:10,1,2,0,0,Rear-end,V1: Travelling straight ahead / V2: Travelling straight ahead,V1: S  / V2: S,Dry,Daylight,Clear,0,0,47,19,TRUE,41.92927402,-71.32377045
8347,3/21/2009,March,Saturday,16:47,1,2,0,0,"Sideswipe, same direction",V1: Changing lanes / V2: Travelling straight ahead,V1: N  / V2: N,Dry,Daylight,Clear,0,0,47,19,TRUE,41.91035947,-71.36314658
8348,3/21/2009,March,Saturday,19:20,2,2,2,0,Angle,V1: Turning left / V2: Travelling straight ahead,V1: N  / V2: S,Dry,Dark - lighted roadway,Clear,0,0,47,19,TRUE,41.92014284,-71.35719783
8349,3/21/2009,March,Saturday,22:47,1,1,0,0,Single vehicle crash,V1: Travelling straight ahead,V1: S,Dry,Dark - lighted roadway,Clear,0,0,47,19,TRUE,41.91035947,-71.36314658
8350,3/23/2009,March,Monday,10:23,2,1,1,0,Single vehicle crash,V1: Travelling straight ahead,V1: S,Dry,Daylight,Clear,0,0,36,20,TRUE,34.24438675,-73.6513909
8351,3/24/2009,March,Tuesday,10:12,2,1,1,0,Single vehicle crash,V1: Travelling straight ahead,V1: S,Dry,Daylight,Clear,0,0,46,20,TRUE,34.24438675,-73.6513909
8352,3/24/2009,March,Tuesday,12:50,1,1,0,0,Single vehicle crash,V1: Travelling straight ahead,V1: E,Dry,Daylight,Clear,0,0,46,20,TRUE,41.92886054,-71.32309841
8353,3/27/2009,March,Friday,16:01,1,2,0,0,Angle,V1: Entering traffic lane / V2: Travelling straight ahead,V1: E  / V2: E,Dry,Daylight,Clear,0.09,0,61,39,FALSE,41.94055167,-71.28137395
8354,3/27/2009,March,Friday,17:45,1,2,0,0,Angle,V1: Turning left / V2: 0,V1: E  / V2: W,Dry,Daylight,Clear,0.09,0,61,39,FALSE,41.90588782,-71.37669559
8355,3/30/2009,March,Monday,14:50,1,2,0,0,Rear-end,V1: Travelling straight ahead / V2: Slowing or stopped in traffic,V1: N  / V2: N,Wet,Daylight,Cloudy/Rain,0.18,0,45,38,FALSE,41.95263042,-71.2895305
8356,3/30/2009,March,Monday,23:00,2,1,1,0,Single vehicle crash,V1: Travelling straight ahead,V1: W,Dry,Dark - roadway not lighted,Clear,0.18,0,45,38,FALSE,41.93305537,-71.2873414
8357,3/31/2009,March,Tuesday,9:41,1,2,0,0,"Sideswipe, same direction",V1: Travelling straight ahead / V2: Making U-turn,V1: S  / V2: S,Dry,Daylight,Clear,0,0,57,31,TRUE,41.9201911,-71.35701795
8358,3/31/2009,March,Tuesday,15:33,1,2,0,0,Angle,V1: Travelling straight ahead / V2: Travelling straight ahead,V1: E  / V2: S,Dry,Daylight,Clear,0,0,57,31,TRUE,41.91337209,-71.36161888
8359,3/31/2009,March,Tuesday,20:10,2,2,1,0,Rear-end,V1: Travelling straight ahead / V2: Slowing or stopped in traffic,V1: E  / V2: E,Dry,Dark - lighted roadway,Clear,0,0,57,31,TRUE,41.96939377,-71.29355357
8360,4/1/2009,April,Wednesday,17:26,2,3,1,0,Rear-end,V1: Travelling straight ahead / V2: Slowing or stopped in traffic / V3: Slowing or stopped in traffic,V1: S  / V2: S  / V3: S,Wet,Daylight,Rain,0.11,0,45,27,TRUE,41.92890096,-71.35392057
8361,4/2/2009,April,Thursday,8:28,2,2,2,0,Angle,V1: Travelling straight ahead / V2: Turning left,V1: N  / V2: N,Wet,Daylight,Cloudy,0.15,0,53,41,FALSE,41.945973,-71.287266
8362,4/3/2009,April,Friday,10:02,1,2,0,0,Angle,V1: Turning left / V2: Travelling straight ahead,V1: N  / V2: W,Dry,Daylight,Cloudy,0.9,0,59,49,FALSE,41.93269195,-71.32821357
8363,4/3/2009,April,Friday,12:05,1,2,0,0,Angle,V1: Turning left / V2: Travelling straight ahead,V1: W  / V2: N,Wet,Daylight,Cloudy/Rain,0.9,0,59,49,FALSE,41.94766661,-71.27879697
8364,4/3/2009,April,Friday,14:54,1,3,0,0,Rear-end,V1: Travelling straight ahead / V2: Slowing or stopped in traffic / V3: Slowing or stopped in traffic,V1: E  / V2: E  / V3: E,Wet,Daylight,Cloudy/Rain,0.9,0,59,49,FALSE,41.93406554,-71.30574057
8365,4/4/2009,April,Saturday,23:30,1,2,0,0,Rear-end,V1: Entering traffic lane / V2: Travelling straight ahead,V1: S  / V2: S,Dry,Dark - roadway not lighted,Clear,0,0,53,41,FALSE,41.92927402,-71.32377045
8366,4/5/2009,April,Sunday,16:30,1,1,0,0,Angle,V1: Travelling straight ahead,V1: N,Dry,Daylight,Clear,0,0,60,39,FALSE,41.93742595,-71.27846791
8367,4/6/2009,April,Monday,6:05,1,1,0,0,Single vehicle crash,V1: Travelling straight ahead,V1: S,Dry,Daylight,Clear,2.05,0,57,33,FALSE,41.90261292,-71.35590916
8368,4/7/2009,April,Tuesday,13:45,1,2,0,0,Rear-end,V1: Travelling straight ahead / V2: Slowing or stopped in traffic,V1: W  / V2: W,Dry,Daylight,Cloudy,0.01,0,53,35,FALSE,41.92537295,-71.35733789
8369,4/7/2009,April,Tuesday,15:55,1,2,0,0,Rear-end,V1: Travelling straight ahead / V2: Travelling straight ahead,V1: N  / V2: 0,Dry,Daylight,Cloudy,0.01,0,53,35,FALSE,41.94135434,-71.28851765
8370,4/8/2009,April,Wednesday,15:18,2,2,1,0,Single vehicle crash,V1: Travelling straight ahead / V2: Travelling straight ahead,V1: N  / V2: N,Dry,Daylight,Clear,0,0,48,32,TRUE,41.92781831,-71.35456449
8371,4/9/2009,April,Thursday,13:47,1,2,0,0,Rear-end,V1: Travelling straight ahead / V2: Travelling straight ahead,V1: N  / V2: N,Dry,Daylight,Clear,0,0,63,28,TRUE,41.93514991,-71.28488772
8372,4/9/2009,April,Thursday,16:07,1,1,0,0,Single vehicle crash,V1: Travelling straight ahead,V1: N,Dry,Daylight,Clear,0,0,63,28,TRUE,41.93646829,-71.31268947
8373,4/10/2009,April,Friday,8:58,2,2,1,0,Head-on,V1: Travelling straight ahead / V2: Travelling straight ahead,V1: E  / V2: E,Dry,Daylight,Clear,0.31,0,66,30,TRUE,41.9515834,-71.29702782
8374,4/10/2009,April,Friday,21:53,1,2,0,0,Angle,V1: Entering traffic lane / V2: Travelling straight ahead,V1: E  / V2: W,Dry,Dark - lighted roadway,Cloudy,0.31,0,66,30,TRUE,41.93404812,-71.31577711
8375,4/11/2009,April,Saturday,8:00,2,2,1,0,Angle,V1: Travelling straight ahead / V2: Travelling straight ahead,V1: N  / V2: N,Wet,Daylight,Rain,0.79,0,45,34,FALSE,41.90231844,-71.35595143
8376,4/11/2009,April,Saturday,11:51,1,2,0,0,Angle,V1: Travelling straight ahead / V2: Entering traffic lane,V1: N  / V2: E,Wet,Daylight,Rain,0.79,0,45,34,FALSE,41.91982212,-71.35857678
8377,4/11/2009,April,Saturday,15:46,1,2,0,0,Rear-end,V1: Travelling straight ahead / V2: Travelling straight ahead,V1: S  / V2: S,Wet,Daylight,Rain,0.79,0,45,34,FALSE,41.90858125,-71.35758797
8378,4/11/2009,April,Saturday,16:35,1,2,0,0,Angle,V1: Turning left / V2: Travelling straight ahead,V1: 0 / V2: 0,Wet,Daylight,Rain,0.79,0,45,34,FALSE,41.93830895,-71.28203041
8379,4/11/2009,April,Saturday,20:55,1,2,0,0,Angle,V1: Turning right / V2: Travelling straight ahead,V1: 0 / V2: 0,0,Dark - lighted roadway,Cloudy/Rain,0.79,0,45,34,FALSE,41.93306281,-71.28502226
8380,4/13/2009,April,Monday,9:25,0,2,0,0,Rear-end,V1: Travelling straight ahead / V2: Slowing or stopped in traffic,V1: W  / V2: W,Dry,Daylight,Clear,0,0,56,31,TRUE,41.94625923,-71.28694634
8381,4/13/2009,April,Monday,10:55,0,1,0,0,Single vehicle crash,V1: Travelling straight ahead,V1: N,Dry,Daylight,Clear,0,0,56,31,TRUE,41.90231844,-71.35595143
8382,4/13/2009,April,Monday,15:26,1,2,0,0,"Sideswipe, same direction",V1: Travelling straight ahead / V2: Changing lanes,V1: N  / V2: N,Dry,Daylight,Clear,0,0,56,31,TRUE,41.9023143,-71.35595636
8383,4/13/2009,April,Monday,15:50,1,1,0,0,Single vehicle crash,V1: Turning right,V1: 0,Dry,Daylight,Clear,0,0,56,31,TRUE,41.92137552,-71.29611002
8384,4/13/2009,April,Monday,17:40,2,2,2,0,Rear-end,V1: Travelling straight ahead / V2: Travelling straight ahead,V1: E  / V2: E,Dry,Daylight,Clear,0,0,56,31,TRUE,41.95204979,-71.27503273
8385,4/14/2009,April,Tuesday,0:27,2,1,1,0,Single vehicle crash,V1: Travelling straight ahead,V1: N,Dry,Dark - roadway not lighted,Clear,0,0,62,37,FALSE,41.96941345,-71.29547608
8386,4/14/2009,April,Tuesday,6:45,1,2,0,0,Angle,V1: Turning right / V2: Travelling straight ahead,V1: S  / V2: E,Dry,Daylight,Clear,0,0,62,37,FALSE,41.89618753,-71.37039513
8387,4/15/2009,April,Wednesday,15:24,1,2,0,0,Rear-end,V1: Travelling straight ahead / V2: Travelling straight ahead,V1: N  / V2: N,Dry,Daylight,Clear,0,0,56,31,TRUE,41.96643836,-71.29074265
8388,4/15/2009,April,Wednesday,17:00,1,2,0,0,Angle,V1: Travelling straight ahead / V2: Turning left,V1: N  / V2: S,Dry,Daylight,Clear,0,0,56,31,TRUE,41.92762143,-71.35470547
8389,4/16/2009,April,Thursday,9:40,1,1,0,0,Single vehicle crash,V1: Turning right,V1: N,Dry,Daylight,Clear,0,0,55,29,TRUE,41.9428366,-71.2905064
8390,4/16/2009,April,Thursday,14:51,1,2,0,0,Rear-end,V1: Travelling straight ahead / V2: Travelling straight ahead,V1: N  / V2: N,Dry,Daylight,Clear,0,0,55,29,TRUE,41.91619723,-71.35885587
8391,4/16/2009,April,Thursday,21:02,1,2,0,0,Rear-end,V1: Slowing or stopped in traffic / V2: Slowing or stopped in traffic,V1: W  / V2: W,Dry,Dark - lighted roadway,Cloudy,0,0,55,29,TRUE,41.944701,-71.2824263
8392,4/17/2009,April,Friday,14:46,0,2,0,0,Angle,V1: Parked / V2: 0,V1: 0 / V2: 0,Dry,Dark - lighted roadway,Clear,0,0,71,32,TRUE,41.94898884,-71.29141403
8393,4/17/2009,April,Friday,19:10,2,2,1,0,"Sideswipe, same direction",V1: Turning right / V2: Overtaking/passing,V1: S  / V2: S,Dry,Dusk,Clear,0,0,71,32,TRUE,41.92284174,-71.29204593
8394,4/18/2009,April,Saturday,0:00,1,2,0,0,Rear-end,V1: Travelling straight ahead / V2: Slowing or stopped in traffic,V1: E  / V2: E,Dry,Dark - lighted roadway,Clear,0.02,0,69,49,FALSE,41.94431166,-71.28140274
8395,4/18/2009,April,Saturday,21:26,1,1,0,0,Single vehicle crash,V1: Travelling straight ahead,V1: 0,Wet,Dark - lighted roadway,Rain,0.02,0,69,49,FALSE,41.91251234,-71.26694654
8396,4/19/2009,April,Sunday,15:00,1,2,0,0,Angle,V1: Travelling straight ahead / V2: Turning left,V1: 0 / V2: 0,Dry,Daylight,Clear,0.04,0,56,36,FALSE,41.94394057,-71.28415405
8397,4/19/2009,April,Sunday,16:58,1,1,0,0,Single vehicle crash,V1: Travelling straight ahead,V1: S,Dry,Daylight,Clear,0.04,0,56,36,FALSE,41.93752075,-71.33084225
8398,4/19/2009,April,Sunday,23:04,1,1,0,0,Single vehicle crash,V1: Backing,V1: N,Dry,Dark - lighted roadway,Clear,0.04,0,56,36,FALSE,41.94920419,-71.29260593
8399,4/20/2009,April,Monday,16:10,1,2,0,0,Rear-to-rear,V1: Backing / V2: Parked,V1: 0 / V2: 0,Dry,Daylight,Clear,0.21,0,54,33,FALSE,41.9404971,-71.28166111
8400,4/21/2009,April,Tuesday,0:40,0,1,0,0,Single vehicle crash,V1: Travelling straight ahead,V1: S,Wet,Dark - lighted roadway,Rain,1.59,0,59,46,FALSE,41.89422878,-71.37635883
8401,4/21/2009,April,Tuesday,15:13,1,2,0,0,Angle,V1: Travelling straight ahead / V2: Travelling straight ahead,V1: W  / V2: S,Wet,Daylight,Cloudy/Rain,1.59,0,59,46,FALSE,41.94121777,-71.2768631
8402,4/21/2009,April,Tuesday,15:49,1,2,0,0,Rear-end,V1: Entering traffic lane / V2: Entering traffic lane,V1: N  / V2: N,Wet,Daylight,Rain,1.59,0,59,46,FALSE,41.90521538,-71.35647346
8403,4/22/2009,April,Wednesday,22:53,1,2,0,0,Angle,V1: Travelling straight ahead / V2: Making U-turn,V1: S  / V2: S,Wet,Dark - lighted roadway,Rain,0.2,0,63,46,FALSE,41.89880144,-71.36904492
8404,4/23/2009,April,Thursday,7:42,1,2,0,0,Rear-end,V1: Travelling straight ahead / V2: Turning right,V1: E  / V2: W,Dry,Daylight,Clear,0.02,0,60,43,FALSE,41.93363156,-71.30076394
8405,4/23/2009,April,Thursday,13:33,1,1,0,0,Single vehicle crash,V1: Other,V1: S,Dry,Daylight,Clear,0.02,0,60,43,FALSE,41.94450501,-71.28411703
8406,4/23/2009,April,Thursday,16:19,1,2,0,0,"Sideswipe, same direction",V1: Travelling straight ahead / V2: Travelling straight ahead,V1: S  / V2: S,Dry,Daylight,Clear,0.02,0,60,43,FALSE,41.91555446,-71.36051036