ID,DATE,Month,Day of week,Crash Time,Crash Severity,Number of Vehicles,Total Nonfatal Injuries,Total Fatal Injuries,Manner of Collision,Vehicle Action Prior to Crash,Vehicle Travel Directions,Road Surface Condition,Ambient Light,Weather Condition,PRCP,SNOW,TMAX,TMIN,Ice,Longtitute,Latitute
8407,4/24/2009,April,Friday,9:38,1,2,0,0,Rear-end,V1: Travelling straight ahead / V2: Slowing or stopped in traffic,V1: E  / V2: E,Dry,Daylight,Clear,0,0,73,42,FALSE,41.9693978,-71.29147118
8408,4/24/2009,April,Friday,10:01,1,2,0,0,Angle,V1: Travelling straight ahead / V2: Travelling straight ahead,V1: E  / V2: N,Dry,Daylight,Clear,0,0,73,42,FALSE,41.95428602,-71.28497548
8409,4/24/2009,April,Friday,11:45,2,2,1,0,Rear-end,V1: Slowing or stopped in traffic / V2: Travelling straight ahead,V1: 0 / V2: 0,Dry,Daylight,Clear,0,0,73,42,FALSE,41.95076301,-71.27397064
8410,4/24/2009,April,Friday,14:27,1,2,0,0,Rear-to-rear,V1: Turning left / V2: Travelling straight ahead,V1: N  / V2: S,Dry,Daylight,Clear,0,0,73,42,FALSE,41.9156364,-71.32216122
8411,4/25/2009,April,Saturday,0:30,0,1,0,0,Single vehicle crash,V1: Travelling straight ahead,V1: S,Dry,Dark - lighted roadway,Clear,0,0,81,49,FALSE,41.92927402,-71.32377045
8412,4/25/2009,April,Saturday,15:17,1,2,0,0,Rear-end,V1: Travelling straight ahead / V2: Travelling straight ahead,V1: N  / V2: S,Dry,Daylight,Clear,0,0,81,49,FALSE,41.89889513,-71.35504341
8413,4/26/2009,April,Sunday,16:00,2,1,1,0,Angle,V1: Turning right,V1: 0,Dry,Daylight,Clear,0,0,90,54,FALSE,41.9483337,-71.27794679
8414,4/27/2009,April,Monday,11:51,1,1,0,0,Single vehicle crash,V1: Making U-turn,V1: W,Dry,Daylight,Clear,0,0,83,51,FALSE,41.93392895,-71.32206493
8415,4/27/2009,April,Monday,15:27,1,2,0,0,Rear-end,V1: Travelling straight ahead / V2: Travelling straight ahead,V1: E  / V2: E,Dry,Daylight,Clear,0,0,83,51,FALSE,41.95078511,-71.27391628
8416,4/27/2009,April,Monday,18:15,2,2,1,0,Rear-end,V1: 0 / V2: 0,V1: 0 / V2: 0,Dry,Daylight,Clear,0,0,83,51,FALSE,41.93357119,-71.30035285
8417,4/28/2009,April,Tuesday,0:05,1,2,0,0,"Sideswipe, same direction",V1: Travelling straight ahead / V2: Travelling straight ahead,V1: N  / V2: N,Dry,Dark - lighted roadway,Clear,0,0,92,54,FALSE,41.90231844,-71.35595143
8418,4/28/2009,April,Tuesday,3:52,1,2,0,0,Angle,V1: Travelling straight ahead / V2: Travelling straight ahead,V1: N  / V2: W,Dry,Dark - lighted roadway,Clear,0,0,92,54,FALSE,41.94472176,-71.2812504
8419,4/28/2009,April,Tuesday,9:22,1,2,0,0,Head-on,V1: Travelling straight ahead / V2: Travelling straight ahead,V1: S  / V2: N,Dry,Daylight,Clear,0,0,92,54,FALSE,41.94140605,-71.28436439
8420,4/28/2009,April,Tuesday,15:01,1,2,0,0,"Sideswipe, same direction",V1: Travelling straight ahead / V2: Slowing or stopped in traffic,V1: E  / V2: E,Dry,Daylight,Clear,0,0,92,54,FALSE,41.95397419,-71.25879517
8421,4/28/2009,April,Tuesday,21:41,1,2,0,0,Angle,V1: Turning left / V2: Turning left,V1: N  / V2: N,Dry,Dark - lighted roadway,Clear,0,0,92,54,FALSE,41.90331408,-71.33105041
8422,4/29/2009,April,Wednesday,15:02,1,2,0,0,Rear-to-rear,V1: Backing / V2: Backing,V1: N  / V2: N,Dry,Daylight,Cloudy,0.02,0,64,43,FALSE,41.90623471,-71.37714289
8423,4/30/2009,April,Thursday,1:27,1,1,0,0,Single vehicle crash,V1: Travelling straight ahead,V1: N,Dry,Dark - lighted roadway,Clear,0,0,68,36,FALSE,41.91654562,-71.25737752
8424,4/30/2009,April,Thursday,16:40,1,2,0,0,Angle,V1: Turning left / V2: Travelling straight ahead,V1: E  / V2: W,Dry,Daylight,Clear,0,0,68,36,FALSE,41.95090811,-71.27361366
8425,4/30/2009,April,Thursday,18:55,1,2,0,0,Rear-end,V1: Slowing or stopped in traffic / V2: Travelling straight ahead,V1: S  / V2: S,Dry,Daylight,Clear,0,0,68,36,FALSE,41.96207697,-71.29835824
8426,4/30/2009,April,Thursday,19:50,1,2,0,0,Rear-end,V1: Travelling straight ahead / V2: Slowing or stopped in traffic,V1: N  / V2: N,Dry,Daylight,Clear,0,0,68,36,FALSE,41.92014284,-71.35719783
8427,5/1/2009,May,Friday,3:57,2,1,1,0,Single vehicle crash,V1: Travelling straight ahead,V1: N,Dry,Dark - lighted roadway,Clear,0.01,0,64,55,FALSE,41.92138274,-71.29608463
8428,5/1/2009,May,Friday,7:55,2,1,3,0,Single vehicle crash,V1: Travelling straight ahead,V1: E,Dry,Daylight,Clear,0.01,0,64,55,FALSE,41.91770654,-71.3056419
8429,5/1/2009,May,Friday,19:33,2,1,1,0,Head-on,V1: Turning right,V1: S,Dry,Daylight,Cloudy,0.01,0,64,55,FALSE,41.94586371,-71.28073807
8430,5/2/2009,May,Saturday,12:13,1,2,0,0,Rear-end,V1: Travelling straight ahead / V2: 0,V1: W  / V2: 0,Dry,Daylight,Clear,0.02,0,70,51,FALSE,41.94379074,-71.29407807
8431,5/2/2009,May,Saturday,16:28,2,2,1,0,Rear-end,V1: Slowing or stopped in traffic / V2: Travelling straight ahead,V1: N  / V2: N,Dry,Daylight,Clear,0.02,0,70,51,FALSE,41.96871045,-71.29146893
8432,5/2/2009,May,Saturday,17:30,2,3,2,0,Rear-end,V1: Travelling straight ahead / V2: Slowing or stopped in traffic / V3: Slowing or stopped in traffic,V1: S  / V2: S  / V3: S,Dry,Daylight,Clear,0.02,0,70,51,FALSE,41.89733197,-71.36979234
8433,5/2/2009,May,Saturday,20:35,1,3,0,0,Rear-end,V1: Slowing or stopped in traffic / V2: Turning left / V3: Travelling straight ahead,V1: 0 / V2: 0 / V3: 0,Dry,Dark - lighted roadway,Clear,0.02,0,70,51,FALSE,41.9120082,-71.2587778
8434,5/3/2009,May,Sunday,1:50,2,1,1,0,Single vehicle crash,V1: Travelling straight ahead,V1: N,Dry,Dark - lighted roadway,Clear,0.04,0,65,42,FALSE,41.95524333,-71.30279518
8435,5/3/2009,May,Sunday,12:12,1,2,0,0,0,V1: Turning left / V2: 0,V1: E  / V2: E,Dry,Daylight,Clear,0.04,0,65,42,FALSE,41.9472108,-71.28786501
8436,5/3/2009,May,Sunday,18:32,0,1,0,0,Single vehicle crash,V1: Turning right,V1: S,Dry,Daylight,Cloudy,0.04,0,65,42,FALSE,41.97015292,-71.29135147
8437,5/3/2009,May,Sunday,20:51,1,2,0,0,Rear-end,V1: Travelling straight ahead / V2: Travelling straight ahead,V1: N  / V2: N,Wet,Dark - lighted roadway,Cloudy/Rain,0.04,0,65,42,FALSE,41.95370498,-71.2890337
8438,5/5/2009,May,Tuesday,11:52,0,1,0,0,Single vehicle crash,V1: Travelling straight ahead,V1: S,Wet,Daylight,Rain,0.81,0,53,46,FALSE,34.24438675,-73.6513909
8439,5/5/2009,May,Tuesday,17:49,1,2,0,0,Rear-end,V1: Slowing or stopped in traffic / V2: Travelling straight ahead,V1: E  / V2: E,Wet,Daylight,Cloudy/Rain,0.81,0,53,46,FALSE,41.93397761,-71.31903245
8440,5/7/2009,May,Thursday,18:15,1,2,0,0,Angle,V1: Travelling straight ahead / V2: Turning left,V1: E  / V2: N,Wet,Daylight,Cloudy/Rain,0.41,0,68,50,FALSE,41.93268269,-71.29622047
8441,5/7/2009,May,Thursday,18:51,2,1,2,0,Single vehicle crash,V1: Travelling straight ahead,V1: W,Wet,Daylight,Rain,0.41,0,68,50,FALSE,41.92431834,-71.22848037
8442,5/7/2009,May,Thursday,23:30,1,2,0,0,Rear-end,V1: Travelling straight ahead / V2: Travelling straight ahead,V1: S  / V2: S,Dry,Daylight,Cloudy,0.41,0,68,50,FALSE,41.90682772,-71.35704387
8443,5/8/2009,May,Friday,6:39,2,2,1,0,Angle,V1: Travelling straight ahead / V2: Travelling straight ahead,V1: N  / V2: E,Dry,Daylight,Clear,0,0,76,51,FALSE,41.93269195,-71.32821357
8444,5/8/2009,May,Friday,7:02,1,2,0,0,Rear-end,V1: Travelling straight ahead / V2: Slowing or stopped in traffic,V1: W  / V2: W,Dry,Daylight,Clear,0,0,76,51,FALSE,41.93393836,-71.3077318
8445,5/8/2009,May,Friday,7:52,1,2,0,0,Rear-end,V1: Travelling straight ahead / V2: Travelling straight ahead,V1: E  / V2: E,Dry,Daylight,Clear,0,0,76,51,FALSE,41.93393836,-71.3077318
8446,5/8/2009,May,Friday,22:51,1,2,0,0,Angle,V1: Turning left / V2: Travelling straight ahead,V1: E  / V2: E,Dry,Daylight,Clear,0,0,76,51,FALSE,41.94431166,-71.28140274
8447,5/9/2009,May,Saturday,7:32,1,2,0,0,Rear-end,V1: Travelling straight ahead / V2: Slowing or stopped in traffic,V1: W  / V2: W,Dry,Daylight,Clear,0.09,0,74,55,FALSE,41.9693978,-71.29147118
8448,5/9/2009,May,Saturday,13:45,1,2,0,0,Rear-end,V1: Travelling straight ahead / V2: Slowing or stopped in traffic,V1: N  / V2: N,Dry,Daylight,Cloudy,0.09,0,74,55,FALSE,41.90331673,-71.33324009
8449,5/9/2009,May,Saturday,18:00,1,2,0,0,Angle,V1: Turning left / V2: Travelling straight ahead,V1: E  / V2: W,Dry,Daylight,Cloudy,0.09,0,74,55,FALSE,41.96939377,-71.29355357
8450,5/9/2009,May,Saturday,21:21,2,1,1,0,Single vehicle crash,V1: Travelling straight ahead,V1: W,Wet,Dark - lighted roadway,Rain,0.09,0,74,55,FALSE,41.92431834,-71.22848037
8451,5/9/2009,May,Saturday,21:45,1,2,0,0,Angle,V1: Turning left / V2: Travelling straight ahead,V1: E  / V2: W,Dry,Dark - lighted roadway,Cloudy,0.09,0,74,55,FALSE,41.96939377,-71.29355357
8452,5/10/2009,May,Sunday,6:11,1,1,0,0,Single vehicle crash,V1: Travelling straight ahead,V1: E,Dry,Daylight,Clear,0,0,68,49,FALSE,41.95428826,-71.24578821
8453,5/10/2009,May,Sunday,17:10,1,1,0,0,Single vehicle crash,V1: Leaving traffic lane,V1: E,Dry,Daylight,Clear,0,0,68,49,FALSE,41.94468022,-71.28325128
8454,5/10/2009,May,Sunday,18:26,1,1,0,0,Single vehicle crash,V1: Turning left,V1: W,Dry,Daylight,Clear,0,0,68,49,FALSE,41.93525581,-71.27772654
8455,5/11/2009,May,Monday,3:44,1,1,0,0,Single vehicle crash,V1: Travelling straight ahead,V1: E,Dry,Dark - lighted roadway,Clear,0,0,65,42,FALSE,41.93028791,-71.29079878
8456,5/11/2009,May,Monday,14:38,1,2,0,0,Angle,V1: Travelling straight ahead / V2: Travelling straight ahead,V1: N  / V2: N,Dry,Daylight,Cloudy,0,0,65,42,FALSE,41.90682772,-71.35704387
8457,5/12/2009,May,Tuesday,10:35,1,2,0,0,Rear-end,V1: Turning right / V2: Travelling straight ahead,V1: 0 / V2: 0,Wet,Daylight,Rain,0,0,67,43,FALSE,41.95271157,-71.26951043
8458,5/12/2009,May,Tuesday,17:04,1,3,0,0,Rear-end,V1: Slowing or stopped in traffic / V2: Slowing or stopped in traffic / V3: Slowing or stopped in traffic,V1: W  / V2: W  / V3: W,Wet,Daylight,Cloudy/Rain,0,0,67,43,FALSE,41.92614915,-71.34628794
8459,5/13/2009,May,Wednesday,15:48,1,2,0,0,Angle,V1: Travelling straight ahead / V2: Travelling straight ahead,V1: S  / V2: W,Dry,Daylight,Clear,0,0,72,39,FALSE,41.9348634,-71.29887283
8460,5/13/2009,May,Wednesday,16:40,1,2,0,0,Angle,V1: Changing lanes / V2: Travelling straight ahead,V1: E  / V2: E,Dry,Daylight,Clear,0,0,72,39,FALSE,41.94455961,-71.28400602
8461,5/13/2009,May,Wednesday,17:31,1,2,0,0,Rear-end,V1: Slowing or stopped in traffic / V2: Slowing or stopped in traffic,V1: E  / V2: E,Dry,Daylight,Clear,0,0,72,39,FALSE,41.92886054,-71.32309841
8462,5/14/2009,May,Thursday,14:42,1,2,0,0,Rear-end,V1: Travelling straight ahead / V2: Travelling straight ahead,V1: S  / V2: S,Wet,Daylight,Cloudy/Rain,0.18,0,62,45,FALSE,41.93421769,-71.2996754
8463,5/14/2009,May,Thursday,15:40,1,2,0,0,Angle,V1: Turning left / V2: Travelling straight ahead,V1: E  / V2: S,Wet,Daylight,Rain,0.18,0,62,45,FALSE,41.95078511,-71.27391628
8464,5/14/2009,May,Thursday,15:54,1,2,0,0,Angle,V1: Turning left / V2: Travelling straight ahead,V1: W  / V2: N,Dry,Daylight,Clear,0.18,0,62,45,FALSE,41.94463936,-71.28422006
8465,5/14/2009,May,Thursday,16:22,2,1,1,0,0,V1: Slowing or stopped in traffic,V1: W,Wet,Daylight,Rain,0.18,0,62,45,FALSE,41.92574085,-71.35879143
8466,5/14/2009,May,Thursday,18:15,1,3,0,0,Rear-end,V1: Travelling straight ahead / V2: Slowing or stopped in traffic / V3: Slowing or stopped in traffic,V1: N  / V2: N  / V3: N,Wet,Daylight,Cloudy/Rain,0.18,0,62,45,FALSE,41.90192182,-71.35585069
8467,5/15/2009,May,Friday,5:05,1,2,0,0,Angle,V1: Turning right / V2: Travelling straight ahead,V1: N  / V2: N,Dry,Daylight,Clear,0.02,0,79,53,FALSE,41.95076301,-71.27397064
8468,5/15/2009,May,Friday,8:14,0,2,0,0,Angle,V1: Travelling straight ahead / V2: Travelling straight ahead,V1: W  / V2: N,Dry,Daylight,Clear,0.02,0,79,53,FALSE,41.95949687,-71.28775942
8469,5/15/2009,May,Friday,16:10,2,3,4,0,Angle,V1: Entering traffic lane / V2: Travelling straight ahead / V3: Travelling straight ahead,V1: W  / V2: N  / V3: S,Dry,Daylight,Cloudy,0.02,0,79,53,FALSE,41.91339525,-71.36160728
8470,5/15/2009,May,Friday,16:21,1,1,0,0,Rear-end,V1: Travelling straight ahead,V1: N,Dry,Daylight,Clear,0.02,0,79,53,FALSE,41.90628791,-71.36524022
8471,5/16/2009,May,Saturday,10:01,1,1,0,0,Single vehicle crash,V1: Turning right,V1: N,Dry,Daylight,Clear,0,0,79,52,FALSE,41.94495215,-71.2846593
8472,5/16/2009,May,Saturday,11:31,1,2,0,0,"Sideswipe, same direction",V1: Changing lanes / V2: Travelling straight ahead,V1: S  / V2: S,Dry,Daylight,Clear,0,0,79,52,FALSE,41.90538488,-71.36569048
8473,5/16/2009,May,Saturday,11:56,1,2,0,0,Angle,V1: Turning left / V2: Travelling straight ahead,V1: W  / V2: 0,Dry,Daylight,Clear,0,0,79,52,FALSE,41.91035947,-71.36314658
8474,5/17/2009,May,Sunday,0:43,1,2,0,0,"Sideswipe, same direction",V1: Travelling straight ahead / V2: Parked,V1: S  / V2: 0,Wet,Dark - lighted roadway,Cloudy/Rain,0.3,0,63,51,FALSE,41.95387497,-71.28217091
8475,5/17/2009,May,Sunday,6:28,1,1,0,0,"Sideswipe, same direction",V1: Travelling straight ahead,V1: S,Wet,Daylight,Cloudy/Rain,0.3,0,63,51,FALSE,41.89804027,-71.37674712
8476,5/18/2009,May,Monday,5:44,2,2,1,0,Rear-end,V1: Travelling straight ahead / V2: Slowing or stopped in traffic,V1: W  / V2: W,Wet,Daylight,Clear,0.06,0,54,41,FALSE,41.93405012,-71.31579284
8477,5/18/2009,May,Monday,8:15,2,2,1,0,Angle,V1: Travelling straight ahead / V2: Turning left,V1: 0 / V2: 0,Dry,Daylight,Cloudy,0.06,0,54,41,FALSE,41.93406554,-71.30574057
8478,5/18/2009,May,Monday,10:54,1,2,0,0,Angle,V1: Making U-turn / V2: Travelling straight ahead,V1: N  / V2: N,Wet,Daylight,Cloudy,0.06,0,54,41,FALSE,41.90898958,-71.31609431
8479,5/18/2009,May,Monday,11:10,1,2,0,0,Head-on,V1: Travelling straight ahead / V2: Other,V1: 0 / V2: 0,Dry,Daylight,Clear,0.06,0,54,41,FALSE,41.9370756,-71.28238678
8480,5/18/2009,May,Monday,11:36,1,2,0,0,Rear-end,V1: Travelling straight ahead / V2: Travelling straight ahead,V1: N  / V2: N,Wet,Daylight,Clear,0.06,0,54,41,FALSE,41.96643836,-71.29074265
8481,5/19/2009,May,Tuesday,11:53,1,2,0,0,Angle,V1: Travelling straight ahead / V2: Turning left,V1: N  / V2: S,Dry,Daylight,Clear,0,0,72,39,FALSE,41.91711015,-71.37372238
8482,5/19/2009,May,Tuesday,13:27,1,2,0,0,Angle,V1: Turning right / V2: Turning right,V1: E  / V2: E,Dry,Daylight,Clear,0,0,72,39,FALSE,41.92521765,-71.28783389
8483,5/20/2009,May,Wednesday,12:28,1,2,0,0,Angle,V1: Turning left / V2: Travelling straight ahead,V1: W  / V2: S,Dry,Daylight,Clear,0,0,86,46,FALSE,41.94519466,-71.28103716
8484,5/21/2009,May,Thursday,7:48,1,1,0,0,Single vehicle crash,V1: Travelling straight ahead,V1: W,Dry,Daylight,Clear,0,0,90,54,FALSE,41.94274018,-71.28432859
8485,5/21/2009,May,Thursday,9:12,2,1,1,0,Single vehicle crash,V1: Travelling straight ahead,V1: E,Dry,Daylight,Clear,0,0,90,54,FALSE,41.96285523,-71.29801786
8486,5/21/2009,May,Thursday,17:07,1,2,0,0,Angle,V1: Turning left / V2: Travelling straight ahead,V1: W  / V2: N,Dry,Daylight,Clear,0,0,90,54,FALSE,41.93742983,-71.26519759
8487,5/22/2009,May,Friday,7:30,1,2,0,0,"Sideswipe, same direction",V1: Travelling straight ahead / V2: Travelling straight ahead,V1: N  / V2: N,Dry,Daylight,Clear,0,0,87,54,FALSE,41.96987403,-71.29374015
8488,5/23/2009,May,Saturday,5:09,0,2,0,0,Head-on,V1: Travelling straight ahead / V2: Parked,V1: W  / V2: 0,Dry,Dawn,Cloudy,0.06,0,66,53,FALSE,41.91218438,-71.31411037
8489,5/23/2009,May,Saturday,17:04,0,2,0,0,Rear-end,V1: Travelling straight ahead / V2: Slowing or stopped in traffic,V1: S  / V2: S,Dry,Daylight,Clear,0.06,0,66,53,FALSE,41.92927402,-71.32377045
8490,5/23/2009,May,Saturday,17:46,2,2,1,0,Angle,V1: Travelling straight ahead / V2: Travelling straight ahead,V1: W  / V2: S,Dry,Daylight,Cloudy,0.06,0,66,53,FALSE,41.90588782,-71.37669559
8491,5/24/2009,May,Sunday,10:25,1,2,0,0,Angle,V1: Turning right / V2: Travelling straight ahead,V1: W  / V2: N,Dry,Daylight,Clear,0.05,0,78,52,FALSE,41.95484304,-71.28856385
8492,5/25/2009,May,Monday,12:26,1,2,0,0,Rear-end,V1: Travelling straight ahead / V2: Slowing or stopped in traffic,V1: N  / V2: N,Dry,Daylight,Clear,0,0,81,55,FALSE,41.94495215,-71.2846593
8493,5/25/2009,May,Monday,15:51,1,1,0,0,Single vehicle crash,V1: Travelling straight ahead,V1: N,Dry,Daylight,Clear,0,0,81,55,FALSE,41.94201587,-71.2912461
8494,5/25/2009,May,Monday,17:41,1,1,0,0,Single vehicle crash,V1: Travelling straight ahead,V1: N,Dry,Daylight,Clear,0,0,81,55,FALSE,41.94450501,-71.28411703
8495,5/26/2009,May,Tuesday,7:28,2,2,1,0,Angle,V1: Turning left / V2: Travelling straight ahead,V1: S  / V2: N,Dry,Daylight,Clear,0,0,62,44,FALSE,41.96207697,-71.29835824
8496,5/26/2009,May,Tuesday,11:26,1,2,0,0,"Sideswipe, same direction",V1: Changing lanes / V2: Changing lanes,V1: N  / V2: N,Dry,Daylight,Clear,0,0,62,44,FALSE,41.9092754,-71.35780912
8497,5/27/2009,May,Wednesday,8:33,1,2,0,0,Angle,V1: Travelling straight ahead / V2: Travelling straight ahead,V1: N  / V2: E,Dry,Daylight,Cloudy/Rain,0.2,0,57,44,FALSE,41.94217059,-71.28456247
8498,5/27/2009,May,Wednesday,20:33,1,2,0,0,Rear-end,V1: Slowing or stopped in traffic / V2: 0,V1: N  / V2: 0,Dry,Daylight,Clear,0.2,0,57,44,FALSE,41.90086769,-71.36799095
8499,5/28/2009,May,Thursday,11:45,1,1,0,0,Single vehicle crash,V1: Travelling straight ahead,V1: E,Dry,Daylight,Cloudy,0,0,56,47,FALSE,41.93880581,-71.25865455
8500,5/28/2009,May,Thursday,16:44,1,2,0,0,Angle,V1: Travelling straight ahead / V2: Travelling straight ahead,V1: S  / V2: S,Dry,Daylight,Cloudy,0,0,56,47,FALSE,41.90086769,-71.36799095
8501,5/28/2009,May,Thursday,18:20,1,2,0,0,Rear-end,V1: Travelling straight ahead / V2: Slowing or stopped in traffic,V1: 0 / V2: 0,Dry,Daylight,Cloudy,0,0,56,47,FALSE,41.90474145,-71.31772514
8502,5/28/2009,May,Thursday,18:30,1,2,0,0,Angle,V1: Turning left / V2: Travelling straight ahead,V1: N  / V2: S,Dry,Daylight,Cloudy,0,0,56,47,FALSE,41.90086769,-71.36799095
8503,5/29/2009,May,Friday,9:15,1,1,0,0,Single vehicle crash,V1: Travelling straight ahead,V1: S,Dry,Daylight,Cloudy/Rain,0.09,0,66,48,FALSE,41.944641,-71.282193
8504,5/29/2009,May,Friday,13:10,1,3,0,0,Angle,V1: Turning left / V2: Travelling straight ahead / V3: Slowing or stopped in traffic,V1: 0 / V2: 0 / V3: 0,Wet,Daylight,Clear,0.09,0,66,48,FALSE,41.93946861,-71.28168616
8505,5/29/2009,May,Friday,13:30,2,4,2,0,Rear-end,V1: Travelling straight ahead / V2: Slowing or stopped in traffic / V3: Slowing or stopped in traffic / V4: Slowing or stopped in traffic,V1: N  / V2: N  / V3: N  / V4: N,Dry,Daylight,Cloudy,0.09,0,66,48,FALSE,41.92527649,-71.35620089
8506,5/29/2009,May,Friday,17:11,1,2,0,0,Angle,V1: Entering traffic lane / V2: Travelling straight ahead,V1: N  / V2: S,Dry,Daylight,Cloudy,0.09,0,66,48,FALSE,41.90878043,-71.36396001
8507,5/29/2009,May,Friday,19:14,1,2,0,0,Rear-end,V1: Slowing or stopped in traffic / V2: Travelling straight ahead,V1: S  / V2: S,Dry,Daylight,Cloudy,0.09,0,66,48,FALSE,41.92298766,-71.35720387
8508,5/30/2009,May,Saturday,13:01,1,2,0,0,Rear-end,V1: Slowing or stopped in traffic / V2: Changing lanes,V1: S  / V2: S,Dry,Daylight,Clear,0,0,80,54,FALSE,41.92644259,-71.35554103
8509,5/31/2009,May,Sunday,4:20,1,2,0,0,Single vehicle crash,V1: 0 / V2: 0,V1: S  / V2: S,0,Daylight,Clear,0.02,0,78,49,FALSE,41.94808966,-71.28065954
8510,5/31/2009,May,Sunday,11:00,0,1,0,0,Single vehicle crash,V1: Travelling straight ahead,V1: N,Dry,Daylight,Clear,0.02,0,78,49,FALSE,41.90796359,-71.35739407
8511,5/31/2009,May,Sunday,13:42,1,2,0,0,Angle,V1: Travelling straight ahead / V2: Turning right,V1: S  / V2: S,Dry,Daylight,Clear,0.02,0,78,49,FALSE,41.91268778,-71.30966293
8512,5/31/2009,May,Sunday,16:29,1,2,0,0,Rear-end,V1: Slowing or stopped in traffic / V2: Travelling straight ahead,V1: N  / V2: N,Dry,Daylight,Cloudy,0.02,0,78,49,FALSE,41.90053869,-71.36201959
8513,6/1/2009,June,Monday,7:27,1,2,0,0,"Sideswipe, same direction",V1: Overtaking/passing / V2: Parked,V1: E  / V2: E,Dry,Daylight,Clear,0,0,74,42,FALSE,41.94470954,-71.2823375
8514,6/1/2009,June,Monday,8:06,1,3,0,0,Rear-end,V1: Travelling straight ahead / V2: Slowing or stopped in traffic / V3: Slowing or stopped in traffic,V1: N  / V2: N  / V3: N,Dry,Daylight,Clear,0,0,74,42,FALSE,41.93777592,-71.31514561
8515,6/1/2009,June,Monday,8:48,1,2,0,0,Rear-end,V1: Slowing or stopped in traffic / V2: Travelling straight ahead,V1: N  / V2: N,Dry,Daylight,Clear,0,0,74,42,FALSE,41.94928318,-71.28964082
8516,6/1/2009,June,Monday,10:47,1,2,0,0,Angle,V1: Entering traffic lane / V2: Travelling straight ahead,V1: W  / V2: S,Dry,Daylight,Clear,0,0,74,42,FALSE,41.93808003,-71.27597724
8517,6/1/2009,June,Monday,12:58,1,2,0,0,Angle,V1: Travelling straight ahead / V2: Turning left,V1: E  / V2: W,Dry,Daylight,Clear,0,0,74,42,FALSE,41.9120082,-71.2587778
8518,6/2/2009,June,Tuesday,10:53,2,1,1,0,Single vehicle crash,V1: Travelling straight ahead,V1: N,Dry,Daylight,Clear,0,0,80,55,FALSE,41.95593405,-71.30346756
8519,6/2/2009,June,Tuesday,14:05,1,2,0,0,"Sideswipe, same direction",V1: Travelling straight ahead / V2: Travelling straight ahead,V1: N  / V2: N,Dry,Daylight,Clear,0,0,80,55,FALSE,41.91061909,-71.36301435
8520,6/2/2009,June,Tuesday,15:54,1,2,0,0,Angle,V1: Entering traffic lane / V2: Travelling straight ahead,V1: W  / V2: N,Dry,Daylight,Cloudy,0,0,80,55,FALSE,41.90081078,-71.36802017
8521,6/2/2009,June,Tuesday,16:28,1,2,0,0,Angle,V1: Turning left / V2: Travelling straight ahead,V1: S  / V2: N,Dry,Daylight,Clear,0,0,80,55,FALSE,41.91555446,-71.36051036
8522,6/2/2009,June,Tuesday,20:52,1,2,0,0,Angle,V1: Travelling straight ahead / V2: Turning left,V1: N  / V2: W,Dry,Dark - lighted roadway,Clear,0,0,80,55,FALSE,41.91061909,-71.36301435
8523,6/2/2009,June,Tuesday,23:19,2,2,3,0,Angle,V1: Travelling straight ahead / V2: Travelling straight ahead,V1: N  / V2: W,Dry,Dark - lighted roadway,Cloudy,0,0,80,55,FALSE,41.93269195,-71.32821357
8524,6/3/2009,June,Wednesday,15:26,2,2,2,0,Angle,V1: Travelling straight ahead / V2: Turning left,V1: S  / V2: E,Dry,Daylight,Cloudy,0.03,0,74,53,FALSE,41.92014284,-71.35719783
8525,6/3/2009,June,Wednesday,19:13,1,2,0,0,Rear-end,V1: Travelling straight ahead / V2: Slowing or stopped in traffic,V1: S  / V2: S,Dry,Dusk,Clear,0.03,0,74,53,FALSE,41.92508738,-71.35628348
8526,6/4/2009,June,Thursday,15:20,1,2,0,0,Rear-end,V1: Travelling straight ahead / V2: Travelling straight ahead,V1: S  / V2: S,Dry,Daylight,Clear,0.2,0,76,54,FALSE,41.92644259,-71.35554103
8527,6/5/2009,June,Friday,11:10,1,2,0,0,Angle,V1: 0 / V2: 0,V1: 0 / V2: 0,0,Daylight,Clear,0.36,0,64,53,FALSE,41.93732881,-71.28475709
8528,6/5/2009,June,Friday,14:44,1,2,0,0,Rear-end,V1: Travelling straight ahead / V2: Slowing or stopped in traffic,V1: 0 / V2: 0,Wet,Daylight,Cloudy/Rain,0.36,0,64,53,FALSE,41.93268269,-71.29622047
8529,6/5/2009,June,Friday,15:25,1,2,0,0,Angle,V1: Entering traffic lane / V2: Entering traffic lane,V1: W  / V2: N,Wet,Daylight,Cloudy/Rain,0.36,0,64,53,FALSE,41.90588782,-71.37669559
8530,6/5/2009,June,Friday,17:58,2,2,1,0,Angle,V1: Travelling straight ahead / V2: Turning right,V1: E  / V2: W,Wet,Daylight,Cloudy/Rain,0.36,0,64,53,FALSE,41.93239993,-71.29481178
8531,6/5/2009,June,Friday,18:01,2,2,2,0,Rear-end,V1: Other / V2: Slowing or stopped in traffic,V1: W  / V2: W,Wet,Daylight,Rain,0.36,0,64,53,FALSE,41.89903243,-71.355186
8532,6/5/2009,June,Friday,20:09,1,2,0,0,Angle,V1: Entering traffic lane / V2: Travelling straight ahead,V1: 0 / V2: E,Wet,Daylight,Cloudy/Rain,0.36,0,64,53,FALSE,41.93209435,-71.29287808
8533,6/5/2009,June,Friday,21:24,1,2,0,0,Angle,V1: Travelling straight ahead / V2: Travelling straight ahead,V1: E  / V2: S,Dry,Dark - lighted roadway,Clear,0.36,0,64,53,FALSE,41.94121777,-71.2768631
8534,6/6/2009,June,Saturday,10:02,1,2,0,0,Angle,V1: Travelling straight ahead / V2: Travelling straight ahead,V1: W  / V2: N,Dry,Daylight,Cloudy,0.01,0,75,53,FALSE,41.91562886,-71.36047108
8535,6/6/2009,June,Saturday,12:20,2,2,1,0,Angle,V1: Travelling straight ahead / V2: Turning left,V1: 0 / V2: E,Dry,Daylight,Clear,0.01,0,75,53,FALSE,41.93306281,-71.28502226
8536,6/6/2009,June,Saturday,12:45,1,2,0,0,Angle,V1: Travelling straight ahead / V2: Turning left,V1: 0 / V2: 0,Dry,Daylight,Clear,0.01,0,75,53,FALSE,41.94861042,-71.27758702