ID,DATE,Month,Day of week,Crash Time,Crash Severity,Number of Vehicles,Total Nonfatal Injuries,Total Fatal Injuries,Manner of Collision,Vehicle Action Prior to Crash,Vehicle Travel Directions,Road Surface Condition,Ambient Light,Weather Condition,PRCP,SNOW,TMAX,TMIN,Ice,Longtitute,Latitute
8537,6/6/2009,June,Saturday,14:42,2,2,1,0,Angle,V1: Travelling straight ahead / V2: Travelling straight ahead,V1: W  / V2: S,Dry,Daylight,Cloudy,0.01,0,75,53,FALSE,41.92616865,-71.3603011
8538,6/7/2009,June,Sunday,17:50,1,2,0,0,Angle,V1: Turning left / V2: Entering traffic lane,V1: N  / V2: E,Dry,Daylight,Clear,0.01,0,84,57,FALSE,41.94217059,-71.28456247
8539,6/8/2009,June,Monday,0:15,2,1,1,0,Single vehicle crash,V1: Travelling straight ahead,V1: S,Dry,Dark - roadway not lighted,Clear,0,0,78,58,FALSE,41.92927402,-71.32377045
8540,6/8/2009,June,Monday,15:02,2,2,2,0,Rear-end,V1: Travelling straight ahead / V2: Travelling straight ahead,V1: E  / V2: S,Dry,Daylight,Clear,0,0,78,58,FALSE,41.94121777,-71.2768631
8541,6/8/2009,June,Monday,18:12,1,2,0,0,Rear-end,V1: Travelling straight ahead / V2: Slowing or stopped in traffic,V1: S  / V2: S,Dry,Daylight,Clear,0,0,78,58,FALSE,41.91918746,-71.29927116
8542,6/8/2009,June,Monday,20:25,2,2,1,0,Head-on,V1: Turning left / V2: Travelling straight ahead,V1: S  / V2: N,Dry,Dark - lighted roadway,Cloudy,0,0,78,58,FALSE,41.92762143,-71.35470547
8543,6/9/2009,June,Tuesday,11:44,1,2,0,0,Rear-end,V1: Travelling straight ahead / V2: Slowing or stopped in traffic,V1: 0 / V2: N,Wet,Daylight,Cloudy/Rain,0.14,0,61,54,FALSE,41.94245198,-71.28698244
8544,6/9/2009,June,Tuesday,12:59,2,1,1,0,Single vehicle crash,V1: Entering traffic lane,V1: E,Wet,Daylight,Cloudy/Rain,0.14,0,61,54,FALSE,41.94799617,-71.27838738
8545,6/10/2009,June,Wednesday,11:15,1,2,0,0,Angle,V1: Travelling straight ahead / V2: Travelling straight ahead,V1: N  / V2: E,Wet,Daylight,Rain,0.01,0,64,53,FALSE,41.94472176,-71.2812504
8546,6/10/2009,June,Wednesday,14:04,2,2,1,0,Angle,V1: Entering traffic lane / V2: Travelling straight ahead,V1: N  / V2: E,Wet,Daylight,Cloudy,0.01,0,64,53,FALSE,41.92675288,-71.34334435
8547,6/10/2009,June,Wednesday,19:20,1,2,0,0,Angle,V1: Turning right / V2: Travelling straight ahead,V1: N  / V2: E,Dry,Daylight,Cloudy,0.01,0,64,53,FALSE,41.90971613,-71.36633979
8548,6/11/2009,June,Thursday,14:30,1,2,0,0,Rear-end,V1: Travelling straight ahead / V2: Travelling straight ahead,V1: S  / V2: S,Dry,Daylight,Cloudy,0.09,0,65,55,FALSE,41.8987078,-71.36909214
8549,6/11/2009,June,Thursday,14:58,1,2,0,0,Rear-end,V1: Travelling straight ahead / V2: 0,V1: E  / V2: E,Dry,Daylight,Cloudy,0.09,0,65,55,FALSE,41.90978323,-71.35976207
8550,6/11/2009,June,Thursday,18:51,2,1,1,0,Single vehicle crash,V1: Travelling straight ahead,V1: N,Dry,Daylight,Cloudy,0.09,0,65,55,FALSE,41.92379857,-71.35173433
8551,6/12/2009,June,Friday,14:50,1,2,0,0,"Sideswipe, opposite direction",V1: Travelling straight ahead / V2: Turning left,V1: E  / V2: W,Dry,Daylight,Cloudy,0.4,0,75,56,FALSE,41.91747212,-71.29725591
8552,6/12/2009,June,Friday,15:09,1,2,0,0,Angle,V1: Travelling straight ahead / V2: Travelling straight ahead,V1: S  / V2: S,Dry,Daylight,Cloudy,0.4,0,75,56,FALSE,41.90964751,-71.36351027
8553,6/12/2009,June,Friday,18:50,1,2,0,0,Angle,V1: Turning left / V2: Travelling straight ahead,V1: W  / V2: W,Wet,Daylight,Cloudy,0.4,0,75,56,FALSE,41.94330896,-71.27265641
8554,6/12/2009,June,Friday,21:00,2,2,1,0,Angle,V1: Entering traffic lane / V2: Travelling straight ahead,V1: S  / V2: S,Wet,Daylight,Cloudy/Rain,0.4,0,75,56,FALSE,41.90068764,-71.36808342
8555,6/12/2009,June,Friday,23:40,1,2,0,0,Rear-end,V1: 0 / V2: 0,V1: 0 / V2: 0,Dry,Dark - lighted roadway,Clear,0.4,0,75,56,FALSE,41.92927402,-71.32377045
8556,6/13/2009,June,Saturday,13:53,1,2,0,0,Rear-end,V1: Changing lanes / V2: Travelling straight ahead,V1: S  / V2: S,Dry,Daylight,Clear,0.01,0,80,58,FALSE,41.94586371,-71.28073807
8557,6/13/2009,June,Saturday,14:26,1,4,0,0,Rear-end,V1: Travelling straight ahead / V2: Travelling straight ahead / V3: Travelling straight ahead / V4: Travelling straight ahead,V1: S  / V2: S  / V3: S  / V4: S,Dry,Daylight,Clear,0.01,0,80,58,FALSE,41.92639534,-71.35557363
8558,6/13/2009,June,Saturday,16:59,2,1,1,0,Single vehicle crash,V1: Turning right,V1: E,Dry,Daylight,Clear,0.01,0,80,58,FALSE,41.95279399,-71.26926096
8559,6/13/2009,June,Saturday,22:35,2,2,1,0,Head-on,V1: Parked / V2: Travelling straight ahead,V1: 0 / V2: W,Dry,Daylight,Clear,0.01,0,80,58,FALSE,41.91138791,-71.28027711
8560,6/14/2009,June,Sunday,12:41,1,2,0,0,"Sideswipe, same direction",V1: Travelling straight ahead / V2: Turning right,V1: S  / V2: S,Dry,Daylight,Cloudy,0.41,0,68,55,FALSE,41.93232945,-71.30093883
8561,6/14/2009,June,Sunday,12:44,1,2,0,0,Angle,V1: Travelling straight ahead / V2: Turning left,V1: S  / V2: E,Dry,Dark - lighted roadway,Clear,0.41,0,68,55,FALSE,41.95263042,-71.2895305
8562,6/14/2009,June,Sunday,17:10,2,2,1,0,Rear-end,V1: Travelling straight ahead / V2: Slowing or stopped in traffic,V1: W  / V2: W,Wet,Daylight,Cloudy,0.41,0,68,55,FALSE,41.92387717,-71.35158914
8563,6/15/2009,June,Monday,1:52,1,1,0,0,Single vehicle crash,V1: Travelling straight ahead,V1: N,Dry,Dark - roadway not lighted,Clear,0.09,0,69,54,FALSE,41.92886054,-71.32309841
8564,6/15/2009,June,Monday,15:36,1,2,0,0,Angle,V1: Turning left / V2: Slowing or stopped in traffic,V1: S  / V2: S,Dry,Daylight,Cloudy,0.09,0,69,54,FALSE,41.94495215,-71.2846593
8565,6/15/2009,June,Monday,16:20,1,2,0,0,Angle,V1: Turning left / V2: Travelling straight ahead,V1: 0 / V2: 0,Dry,Daylight,Cloudy,0.09,0,69,54,FALSE,41.94629007,-71.27514523
8566,6/15/2009,June,Monday,19:04,1,2,0,0,Angle,V1: Turning left / V2: Travelling straight ahead,V1: W  / V2: E,Dry,Dusk,Cloudy,0.09,0,69,54,FALSE,41.93363156,-71.30076394
8567,6/15/2009,June,Monday,19:51,2,1,1,0,Single vehicle crash,V1: Travelling straight ahead,V1: S,Wet,Daylight,Cloudy/Rain,0.09,0,69,54,FALSE,41.90331608,-71.33265002
8568,6/15/2009,June,Monday,20:50,2,2,4,0,Rear-end,V1: Travelling straight ahead / V2: Slowing or stopped in traffic,V1: E  / V2: E,Wet,Dark - lighted roadway,Cloudy,0.09,0,69,54,FALSE,41.92416457,-71.35104162
8569,6/16/2009,June,Tuesday,7:40,1,2,0,0,Angle,V1: Turning left / V2: Travelling straight ahead,V1: W  / V2: N,Wet,Daylight,Cloudy,0.06,0,70,47,FALSE,41.93808003,-71.27597724
8570,6/16/2009,June,Tuesday,11:06,1,2,0,0,Angle,V1: Entering traffic lane / V2: Travelling straight ahead,V1: S  / V2: W,Dry,Daylight,Clear,0.06,0,70,47,FALSE,41.95234013,-71.29601132
8571,6/16/2009,June,Tuesday,16:39,2,1,1,0,Single vehicle crash,V1: Travelling straight ahead,V1: W,Dry,Daylight,Cloudy,0.06,0,70,47,FALSE,41.93050355,-71.33614937
8572,6/16/2009,June,Tuesday,16:45,1,2,0,0,Angle,V1: Backing / V2: Parked,V1: W  / V2: 0,Dry,Daylight,Clear,0.06,0,70,47,FALSE,41.91343787,-71.3701874
8573,6/17/2009,June,Wednesday,13:32,1,2,0,0,Rear-end,V1: Travelling straight ahead / V2: Travelling straight ahead,V1: N  / V2: N,Dry,Daylight,Clear,0,0,77,43,FALSE,41.89851221,-71.35500835
8574,6/18/2009,June,Thursday,3:55,2,1,1,0,Single vehicle crash,V1: Travelling straight ahead,V1: S,Dry,Dark - roadway not lighted,Clear,0.46,0,69,48,FALSE,34.24438675,-73.6513909
8575,6/18/2009,June,Thursday,10:41,1,2,0,0,Angle,V1: Travelling straight ahead / V2: Travelling straight ahead,V1: S  / V2: E,Dry,Daylight,Clear,0.46,0,69,48,FALSE,41.93304448,-71.28634923
8576,6/18/2009,June,Thursday,16:24,1,2,0,0,Rear-end,V1: Slowing or stopped in traffic / V2: Travelling straight ahead,V1: S  / V2: S,Wet,Daylight,Cloudy/Rain,0.46,0,69,48,FALSE,41.93306281,-71.28502226
8577,6/19/2009,June,Friday,9:22,1,2,0,0,Angle,V1: Backing / V2: Parked,V1: N  / V2: 0,Wet,Daylight,Cloudy/Rain,1,0,75,62,FALSE,41.95375322,-71.26561683
8578,6/19/2009,June,Friday,15:17,1,2,0,0,Rear-end,V1: Travelling straight ahead / V2: Slowing or stopped in traffic,V1: N  / V2: N,Dry,Daylight,Cloudy,1,0,75,62,FALSE,41.89947708,-71.35515679
8579,6/20/2009,June,Saturday,13:48,1,1,0,0,Single vehicle crash,V1: Travelling straight ahead,V1: 0,Dry,Daylight,Cloudy,0,0,80,61,FALSE,41.92339916,-71.22891354
8580,6/20/2009,June,Saturday,17:00,1,2,0,0,Angle,V1: Parked / V2: Backing,V1: 0 / V2: 0,Dry,Daylight,Cloudy,0,0,80,61,FALSE,41.92342436,-71.318244
8581,6/20/2009,June,Saturday,17:36,3,2,3,2,Angle,V1: Changing lanes / V2: Changing lanes,V1: N  / V2: N,Dry,Daylight,Cloudy,0,0,80,61,FALSE,41.90231844,-71.35595143
8582,6/21/2009,June,Sunday,2:09,2,2,1,0,Angle,V1: Turning left / V2: Travelling straight ahead,V1: 0 / V2: 0,Wet,Daylight,Rain,0.25,0,63,59,FALSE,41.91194929,-71.36233897
8583,6/21/2009,June,Sunday,16:25,1,2,0,0,Rear-end,V1: Travelling straight ahead / V2: Slowing or stopped in traffic,V1: N  / V2: N,Wet,Daylight,Cloudy/Rain,0.25,0,63,59,FALSE,41.91317343,-71.30818901
8584,6/21/2009,June,Sunday,18:33,1,2,0,0,Angle,V1: Turning right / V2: Travelling straight ahead,V1: S  / V2: S,Dry,Daylight,Cloudy,0.25,0,63,59,FALSE,41.94496867,-71.28468665
8585,6/22/2009,June,Monday,11:23,2,2,1,0,Rear-end,V1: Travelling straight ahead / V2: Turning left,V1: E  / V2: E,Wet,Daylight,Rain,0.94,0,61,59,FALSE,41.93421769,-71.2996754
8586,6/22/2009,June,Monday,14:03,1,2,0,0,Rear-end,V1: Travelling straight ahead / V2: Slowing or stopped in traffic,V1: W  / V2: W,Wet,Daylight,Rain,0.94,0,61,59,FALSE,41.93920171,-71.29154003
8587,6/23/2009,June,Tuesday,8:00,2,2,1,0,"Sideswipe, same direction",V1: Travelling straight ahead / V2: Travelling straight ahead,V1: S  / V2: S,Wet,Daylight,Rain,0.17,0,67,60,FALSE,41.92927402,-71.32377045
8588,6/23/2009,June,Tuesday,11:44,1,2,0,0,Angle,V1: Travelling straight ahead / V2: Travelling straight ahead,V1: S  / V2: S,Dry,Daylight,Cloudy,0.17,0,67,60,FALSE,41.92762143,-71.35470547
8589,6/23/2009,June,Tuesday,13:56,1,2,0,0,Rear-end,V1: Slowing or stopped in traffic / V2: Travelling straight ahead,V1: S  / V2: S,Dry,Daylight,Cloudy,0.17,0,67,60,FALSE,41.89903243,-71.355186
8590,6/23/2009,June,Tuesday,16:17,2,3,1,0,Rear-end,V1: Travelling straight ahead / V2: Travelling straight ahead / V3: Slowing or stopped in traffic,V1: E  / V2: E  / V3: E,Wet,Daylight,Rain,0.17,0,67,60,FALSE,41.95437986,-71.25499915
8591,6/23/2009,June,Tuesday,17:13,2,2,1,0,Rear-end,V1: Travelling straight ahead / V2: Slowing or stopped in traffic,V1: N  / V2: N,Wet,Daylight,Cloudy/Rain,0.17,0,67,60,FALSE,41.92639534,-71.35557363
8592,6/25/2009,June,Thursday,14:02,2,2,2,0,Angle,V1: Making U-turn / V2: Travelling straight ahead,V1: S  / V2: S,Dry,Daylight,Cloudy,0,0,77,59,FALSE,41.9240049,-71.35676198
8593,6/25/2009,June,Thursday,17:07,2,1,1,0,Single vehicle crash,V1: Slowing or stopped in traffic,V1: S,Dry,Daylight,Cloudy,0,0,77,59,FALSE,34.24438675,-73.6513909
8594,6/26/2009,June,Friday,18:50,1,2,0,0,Angle,V1: Overtaking/passing / V2: Turning right,V1: W  / V2: N,Dry,Daylight,Cloudy,0.01,0,82,61,FALSE,41.91723587,-71.37241026
8595,6/27/2009,June,Saturday,15:52,1,1,0,0,Single vehicle crash,V1: Travelling straight ahead,V1: E,Dry,Daylight,Cloudy,0.02,0,84,61,FALSE,41.94818099,-71.27977197
8596,6/27/2009,June,Saturday,16:09,1,2,0,0,Angle,V1: Turning left / V2: Travelling straight ahead,V1: E  / V2: N,Dry,Daylight,Cloudy,0.02,0,84,61,FALSE,41.90086769,-71.36799095
8597,6/28/2009,June,Sunday,1:30,1,1,0,0,Single vehicle crash,V1: Travelling straight ahead,V1: W,Dry,Dark - lighted roadway,Cloudy,0,0,67,60,FALSE,41.92608313,-71.34646606
8598,6/29/2009,June,Monday,15:25,2,2,1,0,Angle,V1: Entering traffic lane / V2: Travelling straight ahead,V1: E  / V2: E,Dry,Daylight,Clear,0.18,0,78,62,FALSE,41.95931535,-71.26977996
8599,6/29/2009,June,Monday,15:30,1,2,0,0,Angle,V1: Travelling straight ahead / V2: Backing,V1: E  / V2: N,Dry,Daylight,Cloudy,0.18,0,78,62,FALSE,41.92550769,-71.35178306
8600,6/30/2009,June,Tuesday,15:40,1,2,0,0,Rear-end,V1: Turning right / V2: Turning left,V1: W  / V2: S,Dry,Daylight,Clear,0,0,79,60,FALSE,41.90628791,-71.36524022
8601,7/1/2009,July,Wednesday,1:50,1,2,0,0,Rear-end,V1: Slowing or stopped in traffic / V2: Slowing or stopped in traffic,V1: E  / V2: E,Wet,Daylight,Cloudy/Rain,0.57,0,67,59,FALSE,41.93397761,-71.31903245
8602,7/1/2009,July,Wednesday,15:04,1,2,0,0,Rear-end,V1: Travelling straight ahead / V2: Slowing or stopped in traffic,V1: E  / V2: E,Wet,Daylight,Rain,0.57,0,67,59,FALSE,41.93371177,-71.3013118
8603,7/1/2009,July,Wednesday,21:19,1,2,0,0,"Sideswipe, same direction",V1: Parked / V2: 0,V1: 0 / V2: 0,Wet,Dark - lighted roadway,Cloudy,0.57,0,67,59,FALSE,41.94679637,-71.29009442
8604,7/2/2009,July,Thursday,8:10,1,2,0,0,Angle,V1: Turning right / V2: Travelling straight ahead,V1: S  / V2: S,Wet,Daylight,Cloudy/Rain,1.46,0,73,58,FALSE,41.95090811,-71.27361366
8605,7/2/2009,July,Thursday,8:38,1,2,0,0,Rear-end,V1: Travelling straight ahead / V2: Slowing or stopped in traffic,V1: W  / V2: W,Wet,Daylight,Rain,1.46,0,73,58,FALSE,41.94614319,-71.27870893
8606,7/2/2009,July,Thursday,13:25,1,2,0,0,0,V1: Entering traffic lane / V2: Travelling straight ahead,V1: E  / V2: S,Dry,Daylight,Cloudy,1.46,0,73,58,FALSE,41.90877956,-71.35765064
8607,7/2/2009,July,Thursday,16:26,1,3,0,0,Rear-end,V1: Travelling straight ahead / V2: Slowing or stopped in traffic / V3: Slowing or stopped in traffic,V1: S  / V2: S  / V3: S,Wet,Daylight,Cloudy,1.46,0,73,58,FALSE,41.92762143,-71.35470547
8608,7/2/2009,July,Thursday,17:20,1,1,0,0,Single vehicle crash,V1: Travelling straight ahead,V1: S,Dry,Daylight,Cloudy,1.46,0,73,58,FALSE,41.90977083,-71.37244462
8609,7/3/2009,July,Friday,14:00,0,3,0,0,Rear-to-rear,V1: Slowing or stopped in traffic / V2: Travelling straight ahead / V3: Travelling straight ahead,V1: N  / V2: N  / V3: N,Dry,Daylight,Clear,0,0,79,60,FALSE,34.24438675,-73.6513909
8610,7/3/2009,July,Friday,14:21,1,2,0,0,"Sideswipe, same direction",V1: Travelling straight ahead / V2: Travelling straight ahead,V1: E  / V2: E,Dry,Daylight,Clear,0,0,79,60,FALSE,41.95130281,-71.27263126
8611,7/4/2009,July,Saturday,2:43,3,2,1,3,Single vehicle crash,V1: Travelling straight ahead / V2: Travelling straight ahead,V1: N  / V2: N,Dry,Dark - roadway not lighted,Clear,0,0,81,59,FALSE,41.92886054,-71.32309841
8612,7/4/2009,July,Saturday,13:05,2,1,1,0,Single vehicle crash,V1: Leaving traffic lane,V1: N,Dry,Daylight,Clear,0,0,81,59,FALSE,41.95494758,-71.30202242
8613,7/4/2009,July,Saturday,22:26,1,2,0,0,"Sideswipe, opposite direction",V1: Slowing or stopped in traffic / V2: Travelling straight ahead,V1: E  / V2: W,Dry,Dark - lighted roadway,Clear,0,0,81,59,FALSE,41.96599051,-71.29284356
8614,7/5/2009,July,Sunday,13:59,2,2,1,0,Rear-end,V1: Slowing or stopped in traffic / V2: Slowing or stopped in traffic,V1: S  / V2: S,Dry,Daylight,Clear,0,0,82,55,FALSE,41.92533897,-71.3561736
8615,7/6/2009,July,Monday,15:00,1,2,0,0,Angle,V1: Slowing or stopped in traffic / V2: Travelling straight ahead,V1: S  / V2: W,Dry,Daylight,Clear,0,0,84,55,FALSE,41.93525581,-71.27772654
8616,7/7/2009,July,Tuesday,0:36,1,1,0,0,Single vehicle crash,V1: 0,V1: 0,Dry,Dark - roadway not lighted,Clear,0.46,0,69,59,FALSE,41.92886054,-71.32309841
8617,7/7/2009,July,Tuesday,12:15,2,2,2,0,Rear-end,V1: Slowing or stopped in traffic / V2: Slowing or stopped in traffic,V1: 0 / V2: 0,Dry,Daylight,Clear,0.46,0,69,59,FALSE,34.24438675,-73.6513909
8618,7/7/2009,July,Tuesday,14:53,1,1,0,0,Single vehicle crash,V1: Travelling straight ahead,V1: S,Wet,Daylight,Cloudy,0.46,0,69,59,FALSE,41.90670469,-71.3368521
8619,7/8/2009,July,Wednesday,15:05,1,2,0,0,Rear-end,V1: Slowing or stopped in traffic / V2: Slowing or stopped in traffic,V1: E  / V2: E,Wet,Daylight,Cloudy,0.73,0,74,58,FALSE,41.93624398,-71.26400311
8620,7/10/2009,July,Friday,13:02,2,2,2,0,Rear-end,V1: Travelling straight ahead / V2: Slowing or stopped in traffic,V1: N  / V2: N,Dry,Daylight,Clear,0,0,79,48,FALSE,41.93024107,-71.35332699
8621,7/10/2009,July,Friday,15:50,1,1,0,0,Single vehicle crash,V1: Travelling straight ahead,V1: E,Dry,Daylight,Clear,0,0,79,48,FALSE,34.24438675,-73.6513909
8622,7/10/2009,July,Friday,18:30,2,2,1,0,Rear-end,V1: Travelling straight ahead / V2: Slowing or stopped in traffic,V1: E  / V2: 0,Dry,Dusk,Clear,0,0,79,48,FALSE,41.93397761,-71.31903245
8623,7/10/2009,July,Friday,19:06,1,2,0,0,Angle,V1: Entering traffic lane / V2: Travelling straight ahead,V1: W  / V2: N,Dry,Daylight,Clear,0,0,79,48,FALSE,41.919774,-71.35859774
8624,7/10/2009,July,Friday,21:25,1,3,0,0,Rear-end,V1: Travelling straight ahead / V2: Slowing or stopped in traffic / V3: Slowing or stopped in traffic,V1: S  / V2: S  / V3: S,Dry,Dark - lighted roadway,Clear,0,0,79,48,FALSE,41.91657651,-71.35875486
8625,7/10/2009,July,Friday,23:05,2,3,2,0,"Sideswipe, same direction",V1: Travelling straight ahead / V2: Travelling straight ahead / V3: Travelling straight ahead,V1: N  / V2: E  / V3: W,Dry,Dark - lighted roadway,Clear,0,0,79,48,FALSE,41.93269195,-71.32821357
8626,7/11/2009,July,Saturday,18:15,1,2,0,0,Rear-end,V1: Travelling straight ahead / V2: Travelling straight ahead,V1: S  / V2: S,Dry,Daylight,Clear,0.38,0,77,51,FALSE,34.24438675,-73.6513909
8627,7/11/2009,July,Saturday,22:48,2,2,1,0,"Sideswipe, same direction",V1: Travelling straight ahead / V2: Travelling straight ahead,V1: N  / V2: N,Wet,Dark - lighted roadway,Rain,0.38,0,77,51,FALSE,41.92886054,-71.32309841
8628,7/12/2009,July,Sunday,5:20,1,2,0,0,Rear-end,V1: Slowing or stopped in traffic / V2: Travelling straight ahead,V1: S  / V2: S,Dry,Daylight,Clear,0.45,0,84,59,FALSE,41.93443883,-71.28494195
8629,7/12/2009,July,Sunday,14:10,1,2,0,0,Rear-end,V1: Slowing or stopped in traffic / V2: Travelling straight ahead,V1: S  / V2: S,Dry,Daylight,Clear,0.45,0,84,59,FALSE,41.89861001,-71.36943215
8630,7/13/2009,July,Monday,7:50,1,3,0,0,Rear-end,V1: Slowing or stopped in traffic / V2: Slowing or stopped in traffic / V3: Slowing or stopped in traffic,V1: N  / V2: N  / V3: N,Dry,Daylight,Clear,0,0,80,54,FALSE,34.24438675,-73.6513909
8631,7/13/2009,July,Monday,17:00,1,2,0,0,"Sideswipe, same direction",V1: Turning left / V2: Turning right,V1: E  / V2: E,Dry,Daylight,Clear,0,0,80,54,FALSE,41.95078511,-71.27391628
8632,7/13/2009,July,Monday,20:22,1,2,0,0,Angle,V1: Turning left / V2: Travelling straight ahead,V1: S  / V2: N,Dry,Dusk,Clear,0,0,80,54,FALSE,41.93623387,-71.28481203
8633,7/13/2009,July,Monday,23:15,0,1,0,0,Single vehicle crash,V1: Travelling straight ahead,V1: S,Dry,Dark - roadway not lighted,Clear,0,0,80,54,FALSE,41.95514928,-71.30432065
8634,7/14/2009,July,Tuesday,13:00,1,2,0,0,Rear-end,V1: Travelling straight ahead / V2: Slowing or stopped in traffic,V1: E  / V2: E,Dry,Daylight,Clear,0,0,79,52,FALSE,41.9069703,-71.37444847
8635,7/14/2009,July,Tuesday,14:45,1,2,0,0,Rear-end,V1: Travelling straight ahead / V2: Slowing or stopped in traffic,V1: N  / V2: N,Dry,Daylight,Clear,0,0,79,52,FALSE,41.9472108,-71.28786501
8636,7/14/2009,July,Tuesday,16:38,1,3,0,0,Rear-end,V1: Slowing or stopped in traffic / V2: Slowing or stopped in traffic / V3: Travelling straight ahead,V1: E  / V2: E  / V3: E,Dry,Daylight,Clear,0,0,79,52,FALSE,41.93397921,-71.30659863
8637,7/14/2009,July,Tuesday,17:06,1,2,0,0,Angle,V1: Turning left / V2: Travelling straight ahead,V1: E  / V2: W,Dry,Daylight,Clear,0,0,79,52,FALSE,41.93306281,-71.28502226
8638,7/14/2009,July,Tuesday,18:13,2,2,1,0,Angle,V1: Travelling straight ahead / V2: Parked,V1: S  / V2: S,Dry,Daylight,Cloudy,0,0,79,52,FALSE,41.90672136,-71.35700987
8639,7/15/2009,July,Wednesday,8:38,2,2,1,0,Rear-end,V1: Slowing or stopped in traffic / V2: Slowing or stopped in traffic,V1: N  / V2: N,Dry,Daylight,Clear,0,0,83,55,FALSE,34.24438675,-73.6513909
8640,7/15/2009,July,Wednesday,11:00,1,1,0,0,Angle,V1: Turning left,V1: S,Dry,Daylight,Clear,0,0,83,55,FALSE,41.93405012,-71.31579284
8641,7/15/2009,July,Wednesday,19:22,1,2,0,0,Rear-end,V1: Travelling straight ahead / V2: Travelling straight ahead,V1: N  / V2: N,Dry,Daylight,Clear,0,0,83,55,FALSE,41.92242117,-71.25900962
8642,7/17/2009,July,Friday,7:00,1,3,0,0,"Sideswipe, same direction",V1: Travelling straight ahead / V2: Travelling straight ahead / V3: Travelling straight ahead,V1: N  / V2: N  / V3: N,Dry,Daylight,Clear,0.06,0,89,66,FALSE,41.92886054,-71.32309841
8643,7/17/2009,July,Friday,11:50,1,2,0,0,Angle,V1: Turning left / V2: Travelling straight ahead,V1: E  / V2: W,Dry,Daylight,Clear,0.06,0,89,66,FALSE,41.95130281,-71.27263126
8644,7/17/2009,July,Friday,17:32,2,2,1,0,Rear-end,V1: Slowing or stopped in traffic / V2: Travelling straight ahead,V1: S  / V2: S,Dry,Daylight,Clear,0.06,0,89,66,FALSE,41.96019052,-71.3011813
8645,7/19/2009,July,Sunday,2:03,1,1,0,0,Single vehicle crash,V1: Travelling straight ahead,V1: E,Dry,Daylight,Clear,0,0,84,60,FALSE,41.91982212,-71.35857678
8646,7/19/2009,July,Sunday,16:26,0,2,0,0,0,V1: 0 / V2: Parked,V1: 0 / V2: W,Dry,Daylight,Clear,0,0,84,60,FALSE,41.93663338,-71.2786231
8647,7/20/2009,July,Monday,7:00,2,1,1,0,Single vehicle crash,V1: Travelling straight ahead,V1: N,Other,Daylight,Clear,0,0,82,62,FALSE,41.9311276,-71.26030958
8648,7/20/2009,July,Monday,13:36,1,2,0,0,Angle,V1: Travelling straight ahead / V2: Travelling straight ahead,V1: E  / V2: N,Dry,Daylight,Cloudy,0,0,82,62,FALSE,41.95263042,-71.2895305
8649,7/20/2009,July,Monday,17:30,1,2,0,0,Angle,V1: Travelling straight ahead / V2: Turning right,V1: S  / V2: S,Dry,Daylight,Cloudy,0,0,82,62,FALSE,41.91069051,-71.25763146
8650,7/20/2009,July,Monday,18:05,2,2,2,0,Rear-end,V1: Travelling straight ahead / V2: Travelling straight ahead,V1: N  / V2: N,Dry,Daylight,Clear,0,0,82,62,FALSE,41.90231125,-71.35597671
8651,7/21/2009,July,Tuesday,13:00,1,2,0,0,Angle,V1: Parked / V2: Backing,V1: 0 / V2: 0,Dry,Daylight,Clear,0.88,0,67,63,FALSE,41.94059892,-71.27363943
8652,7/21/2009,July,Tuesday,16:24,1,2,0,0,Rear-end,V1: Slowing or stopped in traffic / V2: Travelling straight ahead,V1: E  / V2: E,Wet,Daylight,Cloudy/Rain,0.88,0,67,63,FALSE,41.92734177,-71.2850606
8653,7/21/2009,July,Tuesday,16:38,2,3,1,0,Angle,V1: Turning left / V2: Travelling straight ahead / V3: Slowing or stopped in traffic,V1: S  / V2: N  / V3: W,Wet,Daylight,Rain,0.88,0,67,63,FALSE,41.91194929,-71.36233897
8654,7/21/2009,July,Tuesday,17:15,1,2,0,0,Rear-end,V1: Travelling straight ahead / V2: Turning left,V1: N  / V2: N,Dry,Daylight,Cloudy,0.88,0,67,63,FALSE,41.91461639,-71.35904838
8655,7/22/2009,July,Wednesday,2:16,1,1,0,0,Single vehicle crash,V1: Travelling straight ahead,V1: E,Wet,Dark - lighted roadway,Cloudy/Rain,0,0,84,63,FALSE,41.91696098,-71.37493968
8656,7/22/2009,July,Wednesday,11:49,1,2,0,0,Rear-end,V1: Travelling straight ahead / V2: Slowing or stopped in traffic,V1: S  / V2: S,Dry,Daylight,Clear,0,0,84,63,FALSE,41.95484304,-71.28856385
8657,7/23/2009,July,Thursday,6:34,1,2,0,0,Angle,V1: Travelling straight ahead / V2: Travelling straight ahead,V1: E  / V2: N,Dry,Daylight,Clear,0.98,0,77,61,FALSE,41.94472176,-71.2812504
8658,7/23/2009,July,Thursday,15:51,2,2,1,0,Rear-end,V1: Travelling straight ahead / V2: Slowing or stopped in traffic,V1: W  / V2: W,Wet,Daylight,Rain,0.98,0,77,61,FALSE,41.93358571,-71.32352844
8659,7/23/2009,July,Thursday,18:43,2,2,1,0,Angle,V1: Turning left / V2: Travelling straight ahead,V1: W  / V2: W,Wet,Daylight,Rain,0.98,0,77,61,FALSE,41.91949453,-71.35988356
8660,7/24/2009,July,Friday,2:38,1,2,0,0,Rear-end,V1: Travelling straight ahead / V2: Travelling straight ahead,V1: S  / V2: S,Wet,Dark - roadway not lighted,Rain,1.15,0,76,62,FALSE,41.90261292,-71.35590916
8661,7/24/2009,July,Friday,6:45,1,1,0,0,Single vehicle crash,V1: Changing lanes,V1: S,Wet,Dawn,Cloudy,1.15,0,76,62,FALSE,41.92927402,-71.32377045