ID,DATE,Month,Day of week,Crash Time,Crash Severity,Number of Vehicles,Total Nonfatal Injuries,Total Fatal Injuries,Manner of Collision,Vehicle Action Prior to Crash,Vehicle Travel Directions,Road Surface Condition,Ambient Light,Weather Condition,PRCP,SNOW,TMAX,TMIN,Ice,Longtitute,Latitute
8662,7/24/2009,July,Friday,11:15,1,2,0,0,Angle,V1: Turning left / V2: Travelling straight ahead,V1: W  / V2: N,Dry,Dark - lighted roadway,Clear,1.15,0,76,62,FALSE,41.95484304,-71.28856385
8663,7/24/2009,July,Friday,11:51,1,2,0,0,Angle,V1: Entering traffic lane / V2: Travelling straight ahead,V1: N  / V2: N,Dry,Daylight,Cloudy,1.15,0,76,62,FALSE,41.93201014,-71.30108439
8664,7/24/2009,July,Friday,12:31,2,2,1,0,Angle,V1: Travelling straight ahead / V2: Travelling straight ahead,V1: S  / V2: S,Dry,Daylight,Cloudy,1.15,0,76,62,FALSE,41.94395003,-71.2928535
8665,7/24/2009,July,Friday,12:51,1,2,0,0,Rear-end,V1: Travelling straight ahead / V2: Slowing or stopped in traffic,V1: S  / V2: S,Dry,Daylight,Cloudy,1.15,0,76,62,FALSE,41.92241545,-71.31336866
8666,7/24/2009,July,Friday,14:44,1,2,0,0,Rear-end,V1: Turning left / V2: Slowing or stopped in traffic,V1: W  / V2: W,Wet,Daylight,Cloudy/Rain,1.15,0,76,62,FALSE,41.97015292,-71.29135147
8667,7/24/2009,July,Friday,15:22,1,2,0,0,Rear-end,V1: Travelling straight ahead / V2: Travelling straight ahead,V1: E  / V2: E,Dry,Daylight,Clear,1.15,0,76,62,FALSE,41.91723587,-71.37241026
8668,7/24/2009,July,Friday,18:09,1,2,0,0,Angle,V1: Travelling straight ahead / V2: Travelling straight ahead,V1: N  / V2: W,Dry,Daylight,Clear,1.15,0,76,62,FALSE,41.90804202,-71.37220475
8669,7/25/2009,July,Saturday,9:51,1,2,0,0,Rear-end,V1: Travelling straight ahead / V2: Travelling straight ahead,V1: W  / V2: W,Dry,Daylight,Clear,0.1,0,87,64,FALSE,41.95949687,-71.28775942
8670,7/26/2009,July,Sunday,12:13,1,1,0,0,Single vehicle crash,V1: Travelling straight ahead,V1: E,Dry,Daylight,Clear,0.04,0,84,69,FALSE,41.91711015,-71.37372238
8671,7/27/2009,July,Monday,15:53,1,2,0,0,Angle,V1: Backing / V2: Parked,V1: S  / V2: 0,Dry,Daylight,Cloudy,0,0,86,70,FALSE,41.90307594,-71.33949228
8672,7/27/2009,July,Monday,16:09,1,2,0,0,Angle,V1: Travelling straight ahead / V2: Travelling straight ahead,V1: N  / V2: W,Dry,Daylight,Clear,0,0,86,70,FALSE,41.9446632,-71.28341486
8673,7/29/2009,July,Wednesday,11:30,2,2,2,0,Rear-end,V1: Travelling straight ahead / V2: Travelling straight ahead,V1: N  / V2: N,Dry,Dark - roadway not lighted,Clear,0.01,0,80,71,FALSE,41.95593405,-71.30346756
8674,7/29/2009,July,Wednesday,15:09,1,2,0,0,Angle,V1: Travelling straight ahead / V2: Travelling straight ahead,V1: W  / V2: S,Dry,Daylight,Clear,0.01,0,80,71,FALSE,41.94121777,-71.2768631
8675,7/29/2009,July,Wednesday,18:00,1,2,0,0,Angle,V1: Travelling straight ahead / V2: Travelling straight ahead,V1: E  / V2: N,Dry,Daylight,Cloudy,0.01,0,80,71,FALSE,41.91194929,-71.36233897
8676,7/30/2009,July,Thursday,16:39,1,2,0,0,Angle,V1: Turning left / V2: Travelling straight ahead,V1: S  / V2: N,Dry,Daylight,Clear,0.56,0,89,70,FALSE,41.95484304,-71.28856385
8677,7/30/2009,July,Thursday,18:05,1,2,0,0,Rear-end,V1: Slowing or stopped in traffic / V2: Travelling straight ahead,V1: S  / V2: S,Dry,Daylight,Clear,0.56,0,89,70,FALSE,41.95931508,-71.28774175
8678,7/30/2009,July,Thursday,18:24,1,2,0,0,Angle,V1: Turning right / V2: Travelling straight ahead,V1: N  / V2: N,Dry,Daylight,Cloudy,0.56,0,89,70,FALSE,41.92508738,-71.35628348
8679,7/31/2009,July,Friday,23:17,1,2,0,0,"Sideswipe, same direction",V1: Parked / V2: Travelling straight ahead,V1: 0 / V2: N,Wet,Dark - roadway not lighted,Rain,0.66,0,82,66,FALSE,41.94273451,-71.2922051
8680,8/1/2009,August,Saturday,13:31,1,2,0,0,Rear-end,V1: Travelling straight ahead / V2: Travelling straight ahead,V1: N  / V2: N,Dry,Daylight,Clear,0,0,87,65,FALSE,41.93024107,-71.35332699
8681,8/1/2009,August,Saturday,20:19,1,2,0,0,Rear-end,V1: Entering traffic lane / V2: Travelling straight ahead,V1: N  / V2: N,Dry,Dusk,Clear,0,0,87,65,FALSE,41.9095783,-71.3579013
8682,8/3/2009,August,Monday,14:15,2,1,1,0,Single vehicle crash,V1: Travelling straight ahead,V1: W,Dry,Daylight,Clear,0,0,87,67,FALSE,41.97731735,-71.27806187
8683,8/3/2009,August,Monday,15:54,1,2,0,0,Rear-end,V1: Travelling straight ahead / V2: 0,V1: 0 / V2: 0,Dry,Daylight,Clear,0,0,87,67,FALSE,41.94450501,-71.28411703
8684,8/3/2009,August,Monday,18:16,2,2,1,0,Rear-end,V1: Slowing or stopped in traffic / V2: Slowing or stopped in traffic,V1: N  / V2: N,Dry,Daylight,Clear,0,0,87,67,FALSE,41.92014284,-71.35719783
8685,8/3/2009,August,Monday,23:23,1,2,0,0,Rear-end,V1: Travelling straight ahead / V2: Slowing or stopped in traffic,V1: S  / V2: S,Dry,Daylight,Clear,0,0,87,67,FALSE,34.24438675,-73.6513909
8686,8/4/2009,August,Tuesday,0:01,1,1,0,0,"Sideswipe, same direction",V1: Travelling straight ahead,V1: S,Dry,Daylight,Clear,0,0,86,64,FALSE,34.24438675,-73.6513909
8687,8/5/2009,August,Wednesday,23:00,1,1,0,0,Single vehicle crash,V1: Travelling straight ahead,V1: S,Dry,Dark - roadway not lighted,Clear,0,0,87,68,FALSE,41.95437986,-71.25499915
8688,8/6/2009,August,Thursday,11:44,2,2,2,0,Angle,V1: Turning left / V2: Travelling straight ahead,V1: W  / V2: S,Dry,Daylight,Clear,0,0,77,62,FALSE,41.91649569,-71.30362942
8689,8/6/2009,August,Thursday,13:35,1,2,0,0,"Sideswipe, same direction",V1: Travelling straight ahead / V2: Entering traffic lane,V1: S  / V2: S,Dry,Daylight,Clear,0,0,77,62,FALSE,34.24438675,-73.6513909
8690,8/6/2009,August,Thursday,17:48,2,2,1,0,0,V1: Travelling straight ahead / V2: Travelling straight ahead,V1: 0 / V2: 0,Dry,Daylight,Clear,0,0,77,62,FALSE,34.24438675,-73.6513909
8691,8/7/2009,August,Friday,12:22,1,2,0,0,Rear-end,V1: Travelling straight ahead / V2: Slowing or stopped in traffic,V1: S  / V2: S,Dry,Daylight,Clear,0,0,82,58,FALSE,41.89618753,-71.37039513
8692,8/7/2009,August,Friday,13:12,1,2,0,0,Angle,V1: Turning left / V2: Travelling straight ahead,V1: E  / V2: S,Dry,Daylight,Clear,0,0,82,58,FALSE,41.90846105,-71.36412011
8693,8/7/2009,August,Friday,14:47,1,2,0,0,Rear-end,V1: Travelling straight ahead / V2: Slowing or stopped in traffic,V1: E  / V2: E,Dry,Daylight,Clear,0,0,82,58,FALSE,41.93396071,-71.30998236
8694,8/7/2009,August,Friday,15:03,1,2,0,0,Angle,V1: Turning left / V2: Travelling straight ahead,V1: W  / V2: S,Dry,Daylight,Cloudy,0,0,82,58,FALSE,41.94586371,-71.28073807
8695,8/7/2009,August,Friday,17:19,2,2,1,0,Angle,V1: Changing lanes / V2: Travelling straight ahead,V1: W  / V2: W,Dry,Daylight,Clear,0,0,82,58,FALSE,41.9340641,-71.31606754
8696,8/7/2009,August,Friday,23:29,2,1,1,0,Single vehicle crash,V1: Turning left,V1: W,Dry,Daylight,Clear,0,0,82,58,FALSE,41.93437326,-71.26169339
8697,8/9/2009,August,Sunday,8:05,2,2,1,0,Rear-end,V1: Travelling straight ahead / V2: Slowing or stopped in traffic,V1: N  / V2: N,Dry,Daylight,Clear,0,0,75,52,FALSE,34.24438675,-73.6513909
8698,8/9/2009,August,Sunday,12:00,1,1,0,0,Single vehicle crash,V1: Travelling straight ahead,V1: N,Dry,Dark - lighted roadway,Clear,0,0,75,52,FALSE,41.89984657,-71.35534878
8699,8/9/2009,August,Sunday,14:41,1,2,0,0,Angle,V1: Turning left / V2: Turning left,V1: E  / V2: N,Dry,Daylight,Cloudy,0,0,75,52,FALSE,41.93306281,-71.28502226
8700,8/10/2009,August,Monday,9:20,1,2,0,0,Angle,V1: Travelling straight ahead / V2: Turning right,V1: S  / V2: E,Dry,Dark - roadway not lighted,Clear,0.02,0,91,68,FALSE,41.95511699,-71.30458834
8701,8/10/2009,August,Monday,14:11,1,2,0,0,Angle,V1: Backing / V2: Turning right,V1: E  / V2: W,Dry,Daylight,Clear,0.02,0,91,68,FALSE,41.9670666,-71.29133894
8702,8/10/2009,August,Monday,14:28,2,1,1,0,Single vehicle crash,V1: Slowing or stopped in traffic,V1: W,Dry,Dark - lighted roadway,Cloudy,0.02,0,91,68,FALSE,41.92907457,-71.29029604
8703,8/10/2009,August,Monday,15:21,1,2,0,0,Rear-end,V1: Travelling straight ahead / V2: Travelling straight ahead,V1: E  / V2: E,Dry,Daylight,Clear,0.02,0,91,68,FALSE,41.92880852,-71.3231396
8704,8/10/2009,August,Monday,16:42,1,3,0,0,Angle,V1: Travelling straight ahead / V2: Turning left / V3: Travelling straight ahead,V1: N  / V2: S  / V3: S,Dry,Daylight,Clear,0.02,0,91,68,FALSE,41.95568257,-71.28823954
8705,8/10/2009,August,Monday,19:09,1,2,0,0,Angle,V1: Travelling straight ahead / V2: Turning left,V1: E  / V2: E,Dry,Daylight,Clear,0.02,0,91,68,FALSE,41.9348634,-71.29887283
8706,8/10/2009,August,Monday,20:19,1,2,0,0,Rear-end,V1: Travelling straight ahead / V2: Slowing or stopped in traffic,V1: S  / V2: S,Dry,Dark - lighted roadway,Clear,0.02,0,91,68,FALSE,41.90682772,-71.35704387
8707,8/10/2009,August,Monday,21:58,1,2,0,0,"Sideswipe, same direction",V1: Changing lanes / V2: Travelling straight ahead,V1: W  / V2: W,Dry,Daylight,Clear,0.02,0,91,68,FALSE,41.9483337,-71.27794679
8708,8/10/2009,August,Monday,23:29,1,2,0,0,Rear-end,V1: Slowing or stopped in traffic / V2: Travelling straight ahead,V1: W  / V2: W,Dry,Daylight,Clear,0.02,0,91,68,FALSE,41.93352412,-71.3238863
8709,8/11/2009,August,Tuesday,19:56,0,2,0,0,Angle,V1: 0 / V2: 0,V1: W  / V2: E,Dry,Daylight,Clear,0.01,0,90,70,FALSE,41.92906748,-71.2246876
8710,8/11/2009,August,Tuesday,20:07,1,2,0,0,Angle,V1: Turning left / V2: Travelling straight ahead,V1: E  / V2: S,Dry,Daylight,Clear,0.01,0,90,70,FALSE,41.95287787,-71.26899686
8711,8/11/2009,August,Tuesday,21:00,1,2,0,0,Angle,V1: Turning left / V2: Travelling straight ahead,V1: E  / V2: N,Dry,Dark - lighted roadway,Clear,0.01,0,90,70,FALSE,41.89618753,-71.37039513
8712,8/12/2009,August,Wednesday,17:44,1,2,0,0,Rear-end,V1: Slowing or stopped in traffic / V2: 0,V1: S  / V2: S,Dry,Daylight,Clear,0,0,73,65,FALSE,34.24438675,-73.6513909
8713,8/12/2009,August,Wednesday,19:34,1,1,0,0,Single vehicle crash,V1: Backing,V1: W,Dry,Dusk,Cloudy,0,0,73,65,FALSE,41.94472537,-71.28238964
8714,8/12/2009,August,Wednesday,23:08,1,2,0,0,"Sideswipe, same direction",V1: Travelling straight ahead / V2: Turning right,V1: E  / V2: E,Wet,Dark - lighted roadway,Cloudy/Rain,0,0,73,65,FALSE,41.91974007,-71.35891985
8715,8/13/2009,August,Thursday,14:07,1,2,0,0,"Sideswipe, opposite direction",V1: Travelling straight ahead / V2: Travelling straight ahead,V1: E  / V2: W,Wet,Daylight,Cloudy/Rain,0.39,0,67,60,FALSE,41.92686754,-71.34309351
8716,8/13/2009,August,Thursday,15:57,1,2,0,0,Angle,V1: Turning left / V2: Travelling straight ahead,V1: N  / V2: S,Dry,Daylight,Cloudy,0.39,0,67,60,FALSE,41.93408801,-71.29983343
8717,8/14/2009,August,Friday,13:00,1,2,0,0,"Sideswipe, same direction",V1: Slowing or stopped in traffic / V2: Travelling straight ahead,V1: N  / V2: N,Dry,Daylight,Clear,0,0,85,56,FALSE,34.24438675,-73.6513909
8718,8/14/2009,August,Friday,21:25,1,2,0,0,Rear-end,V1: Travelling straight ahead / V2: Slowing or stopped in traffic,V1: N  / V2: N,Dry,Daylight,Clear,0,0,85,56,FALSE,41.91619723,-71.35885587
8719,8/15/2009,August,Saturday,10:44,1,2,0,0,Angle,V1: Travelling straight ahead / V2: Turning right,V1: N  / V2: N,Dry,Daylight,Clear,0,0,92,64,FALSE,41.94519466,-71.28103716
8720,8/15/2009,August,Saturday,18:31,1,2,0,0,Rear-end,V1: Slowing or stopped in traffic / V2: Slowing or stopped in traffic,V1: S  / V2: S,Wet,Daylight,Cloudy/Rain,0,0,92,64,FALSE,41.9170943,-71.35975551
8721,8/15/2009,August,Saturday,19:26,2,2,1,0,"Sideswipe, opposite direction",V1: Travelling straight ahead / V2: Travelling straight ahead,V1: E  / V2: W,Dry,Daylight,Clear,0,0,92,64,FALSE,41.9341021,-71.30369928
8722,8/15/2009,August,Saturday,21:06,2,1,1,0,Single vehicle crash,V1: Travelling straight ahead,V1: W,Dry,Dark - lighted roadway,Clear,0,0,92,64,FALSE,41.93408043,-71.3165191
8723,8/16/2009,August,Sunday,13:15,2,2,1,0,Angle,V1: Travelling straight ahead / V2: Travelling straight ahead,V1: 0 / V2: 0,Dry,Daylight,Clear,0,0,93,66,FALSE,41.94201587,-71.2912461
8724,8/16/2009,August,Sunday,16:30,1,2,0,0,0,V1: Slowing or stopped in traffic / V2: Slowing or stopped in traffic,V1: 0 / V2: 0,Dry,Daylight,Clear,0,0,93,66,FALSE,41.92508738,-71.35628348
8725,8/17/2009,August,Monday,8:53,2,4,2,0,Rear-end,V1: Travelling straight ahead / V2: Slowing or stopped in traffic / V3: Slowing or stopped in traffic / V4: Slowing or stopped in traffic,V1: E  / V2: E  / V3: E  / V4: E,Dry,Daylight,Clear,0,0,93,70,FALSE,41.93398011,-71.31150783
8726,8/17/2009,August,Monday,12:30,1,2,0,0,"Sideswipe, same direction",V1: Travelling straight ahead / V2: Overtaking/passing,V1: S  / V2: S,Dry,Daylight,Clear,0,0,93,70,FALSE,41.92927402,-71.32377045
8727,8/17/2009,August,Monday,16:30,2,2,2,0,Rear-end,V1: Slowing or stopped in traffic / V2: Travelling straight ahead,V1: W  / V2: W,Dry,Daylight,Clear,0,0,93,70,FALSE,41.89903243,-71.355186
8728,8/18/2009,August,Tuesday,10:41,1,2,0,0,0,V1: Travelling straight ahead / V2: Travelling straight ahead,V1: E  / V2: N,Dry,Daylight,Clear,0,0,96,68,FALSE,41.93304448,-71.28634923
8729,8/18/2009,August,Tuesday,12:37,1,1,0,0,Head-on,V1: Travelling straight ahead,V1: W,0,Daylight,Clear,0,0,96,68,FALSE,41.94472389,-71.28236781
8730,8/18/2009,August,Tuesday,13:00,2,3,2,0,Angle,V1: Turning left / V2: Travelling straight ahead / V3: Slowing or stopped in traffic,V1: E  / V2: E  / V3: N,Dry,Daylight,Clear,0,0,96,68,FALSE,41.95451461,-71.24992613
8731,8/19/2009,August,Wednesday,11:29,1,2,0,0,Angle,V1: Entering traffic lane / V2: Travelling straight ahead,V1: S  / V2: E,Dry,Daylight,Clear,0,0,92,73,FALSE,41.89857836,-71.35503727
8732,8/19/2009,August,Wednesday,14:45,1,2,0,0,Angle,V1: Turning left / V2: Travelling straight ahead,V1: N  / V2: W,Dry,Daylight,Clear,0,0,92,73,FALSE,41.93306281,-71.28502226
8733,8/19/2009,August,Wednesday,18:00,2,2,1,0,Angle,V1: Entering traffic lane / V2: Travelling straight ahead,V1: W  / V2: N,Dry,Daylight,Clear,0,0,92,73,FALSE,41.91653724,-71.36001753
8734,8/20/2009,August,Thursday,14:00,2,3,1,0,Rear-end,V1: 0 / V2: Slowing or stopped in traffic / V3: Travelling straight ahead,V1: 0 / V2: S  / V3: S,Dry,Daylight,Clear,0,0,90,69,FALSE,34.24438675,-73.6513909
8735,8/20/2009,August,Thursday,14:58,1,2,0,0,Rear-end,V1: Travelling straight ahead / V2: Travelling straight ahead,V1: W  / V2: W,Dry,Daylight,Clear,0,0,90,69,FALSE,41.89618753,-71.37039513
8736,8/20/2009,August,Thursday,15:51,2,2,1,0,Angle,V1: Turning right / V2: Travelling straight ahead,V1: E  / V2: W,Dry,Daylight,Clear,0,0,90,69,FALSE,41.95484304,-71.28856385
8737,8/20/2009,August,Thursday,16:55,1,2,0,0,Rear-end,V1: Travelling straight ahead / V2: Slowing or stopped in traffic,V1: N  / V2: N,Dry,Daylight,Cloudy,0,0,90,69,FALSE,34.24438675,-73.6513909
8738,8/21/2009,August,Friday,16:01,2,2,2,0,Single vehicle crash,V1: Changing lanes / V2: Travelling straight ahead,V1: S  / V2: S,Dry,Daylight,Cloudy,0,0,89,75,FALSE,41.90014066,-71.36836203
8739,8/21/2009,August,Friday,20:40,2,3,1,0,Angle,V1: Turning right / V2: Slowing or stopped in traffic / V3: Slowing or stopped in traffic,V1: E  / V2: N  / V3: N,Dry,Dark - lighted roadway,Clear,0,0,89,75,FALSE,41.92014284,-71.35719783
8740,8/22/2009,August,Saturday,17:03,2,1,1,0,Angle,V1: Travelling straight ahead,V1: E,Dry,Daylight,Clear,0.01,0,88,73,FALSE,41.94472176,-71.2812504
8741,8/22/2009,August,Saturday,20:25,2,2,1,0,"Sideswipe, same direction",V1: Travelling straight ahead / V2: Travelling straight ahead,V1: S  / V2: S,Dry,Dark - lighted roadway,Clear,0.01,0,88,73,FALSE,41.95279399,-71.26926096
8742,8/23/2009,August,Sunday,13:00,1,2,0,0,Angle,V1: Travelling straight ahead / V2: Turning left,V1: 0 / V2: 0,Dry,Daylight,Clear,0.09,0,90,71,FALSE,41.94766661,-71.27879697
8743,8/24/2009,August,Monday,7:40,2,1,1,0,Single vehicle crash,V1: Travelling straight ahead,V1: S,Dry,Daylight,Clear,0,0,88,67,FALSE,41.95336428,-71.30876065
8744,8/24/2009,August,Monday,16:39,1,2,0,0,Rear-end,V1: Travelling straight ahead / V2: Slowing or stopped in traffic,V1: N  / V2: N,Dry,Daylight,Clear,0,0,88,67,FALSE,41.92890096,-71.35392056
8745,8/24/2009,August,Monday,17:35,2,2,2,0,Angle,V1: Travelling straight ahead / V2: Travelling straight ahead,V1: W  / V2: S,Dry,Daylight,Clear,0,0,88,67,FALSE,41.9370756,-71.28238678
8746,8/24/2009,August,Monday,17:48,1,2,0,0,Angle,V1: Travelling straight ahead / V2: Travelling straight ahead,V1: N  / V2: W,Dry,Daylight,Cloudy,0,0,88,67,FALSE,41.94472176,-71.2812504
8747,8/25/2009,August,Tuesday,18:34,1,2,0,0,Rear-end,V1: Slowing or stopped in traffic / V2: Travelling straight ahead,V1: E  / V2: E,Dry,Daylight,Clear,0,0,86,64,FALSE,41.94430456,-71.28138228
8748,8/25/2009,August,Tuesday,21:23,0,1,0,0,Single vehicle crash,V1: Travelling straight ahead,V1: S,Dry,Dark - lighted roadway,Clear,0,0,86,64,FALSE,41.92693448,-71.35741553
8749,8/27/2009,August,Thursday,13:47,2,2,1,0,Rear-end,V1: Entering traffic lane / V2: 0,V1: E  / V2: 0,Dry,Daylight,Clear,0,0,80,57,FALSE,41.93397761,-71.31903245
8750,8/27/2009,August,Thursday,21:48,1,2,0,0,Angle,V1: Turning left / V2: Turning left,V1: S  / V2: S,Dry,Dark - lighted roadway,Clear,0,0,80,57,FALSE,41.9412121,-71.28297598
8751,8/28/2009,August,Friday,13:15,1,2,0,0,0,V1: 0 / V2: Travelling straight ahead,V1: S  / V2: W,Dry,Daylight,Cloudy,0.14,0,77,56,FALSE,34.24438675,-73.6513909
8752,8/28/2009,August,Friday,18:37,1,2,0,0,Rear-end,V1: Travelling straight ahead / V2: 0,V1: E  / V2: 0,Wet,Daylight,Cloudy,0.14,0,77,56,FALSE,41.89804176,-71.35417416
8753,8/29/2009,August,Saturday,10:27,2,2,1,0,Head-on,V1: Travelling straight ahead / V2: Travelling straight ahead,V1: E  / V2: W,Wet,Daylight,Cloudy/Rain,1.86,0,69,55,FALSE,41.89620564,-71.37674469
8754,8/30/2009,August,Sunday,18:14,1,1,0,0,Head-on,V1: Parked,V1: E,Dry,Daylight,Clear,0,0,75,55,FALSE,41.9490692,-71.2920536
8755,8/31/2009,August,Monday,7:58,3,2,1,1,Rear-end,V1: Travelling straight ahead / V2: Parked,V1: S  / V2: 0,Dry,Daylight,Clear,0,0,75,52,FALSE,41.92381138,-71.29024787
8756,8/31/2009,August,Monday,10:16,1,2,0,0,Angle,V1: Turning left / V2: Travelling straight ahead,V1: S  / V2: E,Dry,Daylight,Cloudy,0,0,75,52,FALSE,41.92616865,-71.3603011
8757,8/31/2009,August,Monday,17:55,1,2,0,0,Angle,V1: Travelling straight ahead / V2: Turning left,V1: W  / V2: N,Dry,Daylight,Clear,0,0,75,52,FALSE,41.94757814,-71.27890389
8758,9/1/2009,September,Tuesday,12:45,1,1,0,0,Single vehicle crash,V1: Turning right,V1: N,Dry,Daylight,Clear,0,0,75,49,FALSE,41.9446632,-71.28341486
8759,9/1/2009,September,Tuesday,14:40,2,1,1,0,Single vehicle crash,V1: Entering traffic lane,V1: E,Dry,Daylight,Rain,0,0,75,49,FALSE,41.94245198,-71.28698244
8760,9/2/2009,September,Wednesday,22:54,2,1,1,0,Angle,V1: Travelling straight ahead,V1: S,Dry,Dark - lighted roadway,Clear,0,0,80,48,FALSE,41.90964751,-71.36351027
8761,9/3/2009,September,Thursday,13:24,2,2,1,0,Angle,V1: Travelling straight ahead / V2: Travelling straight ahead,V1: N  / V2: E,Dry,Daylight,Clear,0,0,80,50,FALSE,41.9404815,-71.28139686
8762,9/3/2009,September,Thursday,13:39,2,2,1,0,Rear-end,V1: Travelling straight ahead / V2: Travelling straight ahead,V1: W  / V2: W,Dry,Daylight,Clear,0,0,80,50,FALSE,41.8991352,-71.35508813
8763,9/3/2009,September,Thursday,13:39,2,2,1,0,Rear-end,V1: Slowing or stopped in traffic / V2: Travelling straight ahead,V1: E  / V2: E,Dry,Daylight,Clear,0,0,80,50,FALSE,41.93398416,-71.31904724
8764,9/4/2009,September,Friday,16:27,2,2,2,0,Angle,V1: Travelling straight ahead / V2: Travelling straight ahead,V1: E  / V2: S,Dry,Daylight,Clear,0,0,82,49,FALSE,41.93840858,-71.28352591
8765,9/4/2009,September,Friday,20:50,0,1,0,0,Rear-end,V1: Travelling straight ahead,V1: S,Dry,Dark - lighted roadway,Clear,0,0,82,49,FALSE,41.97396423,-71.2952382
8766,9/5/2009,September,Saturday,9:53,2,2,2,0,Rear-end,V1: Travelling straight ahead / V2: Slowing or stopped in traffic,V1: S  / V2: S,Dry,Daylight,Cloudy,0,0,84,58,FALSE,41.89541252,-71.37076533
8767,9/5/2009,September,Saturday,10:00,1,2,0,0,0,V1: Travelling straight ahead / V2: 0,V1: N  / V2: N,Dry,Daylight,Clear,0,0,84,58,FALSE,41.9515834,-71.29702782
8768,9/5/2009,September,Saturday,12:41,1,4,0,0,Rear-end,V1: Travelling straight ahead / V2: Slowing or stopped in traffic / V3: Slowing or stopped in traffic / V4: Slowing or stopped in traffic,V1: N  / V2: N  / V3: 0 / V4: 0,Dry,Daylight,Clear,0,0,84,58,FALSE,41.9348634,-71.29887283
8769,9/5/2009,September,Saturday,12:49,1,2,0,0,Rear-end,V1: Travelling straight ahead / V2: Slowing or stopped in traffic,V1: S  / V2: S,Dry,Daylight,Clear,0,0,84,58,FALSE,41.92508738,-71.35628348
8770,9/6/2009,September,Sunday,0:22,2,2,1,0,Rear-end,V1: Travelling straight ahead / V2: Travelling straight ahead,V1: N  / V2: N,Dry,Dark - lighted roadway,Clear,0,0,69,49,FALSE,41.90053869,-71.36201959
8771,9/6/2009,September,Sunday,0:50,1,3,0,0,Rear-end,V1: Slowing or stopped in traffic / V2: Slowing or stopped in traffic / V3: Slowing or stopped in traffic,V1: N  / V2: N  / V3: N,Dry,Dark - lighted roadway,Clear,0,0,69,49,FALSE,41.89835475,-71.3694107
8772,9/6/2009,September,Sunday,10:50,2,3,1,0,Rear-end,V1: Travelling straight ahead / V2: Slowing or stopped in traffic / V3: Slowing or stopped in traffic,V1: W  / V2: W  / V3: W,Dry,Daylight,Clear,0,0,69,49,FALSE,41.91771418,-71.36753825
8773,9/6/2009,September,Sunday,12:00,2,2,1,0,Rear-end,V1: Travelling straight ahead / V2: Changing lanes,V1: N  / V2: N,Dry,Dark - roadway not lighted,Clear,0,0,69,49,FALSE,41.89965798,-71.36501288
8774,9/6/2009,September,Sunday,19:41,1,2,0,0,Angle,V1: Turning left / V2: Turning left,V1: S  / V2: N,Dry,Dusk,Clear,0,0,69,49,FALSE,41.91649569,-71.30362942
8775,9/6/2009,September,Sunday,20:47,2,1,1,0,Rear-end,V1: Travelling straight ahead,V1: N,Dry,Dark - lighted roadway,Clear,0,0,69,49,FALSE,41.93609499,-71.34108415
8776,9/7/2009,September,Monday,1:00,1,1,0,0,Single vehicle crash,V1: Turning left,V1: W,Dry,Dark - lighted roadway,Clear,0,0,74,45,FALSE,41.9340641,-71.31606754
8777,9/7/2009,September,Monday,11:30,0,2,0,0,Rear-end,V1: Travelling straight ahead / V2: 0,V1: S  / V2: S,Dry,Dark - roadway not lighted,Clear,0,0,74,45,FALSE,34.24438675,-73.6513909
8778,9/7/2009,September,Monday,15:35,2,2,1,0,Angle,V1: Travelling straight ahead / V2: Travelling straight ahead,V1: E  / V2: E,Dry,Daylight,Clear,0,0,74,45,FALSE,41.93668785,-71.27748391
8779,9/7/2009,September,Monday,21:32,1,1,0,0,Single vehicle crash,V1: Backing,V1: W,Dry,Dark - roadway not lighted,Clear,0,0,74,45,FALSE,41.96790707,-71.29461947
8780,9/8/2009,September,Tuesday,16:50,2,2,1,0,Rear-end,V1: Slowing or stopped in traffic / V2: Travelling straight ahead,V1: W  / V2: W,Dry,Daylight,Clear,0,0,77,53,FALSE,41.95305339,-71.27718856
8781,9/9/2009,September,Wednesday,7:50,0,2,0,0,Rear-end,V1: Slowing or stopped in traffic / V2: Travelling straight ahead,V1: 0 / V2: 0,Dry,Daylight,Cloudy,0,0,72,50,FALSE,34.24438675,-73.6513909
8782,9/9/2009,September,Wednesday,8:20,2,1,1,0,Single vehicle crash,V1: 0,V1: S,Dry,Daylight,Cloudy,0,0,72,50,FALSE,41.92927402,-71.32377045
8783,9/10/2009,September,Thursday,15:19,1,2,0,0,Angle,V1: Travelling straight ahead / V2: 0,V1: W  / V2: E,Dry,Daylight,Clear,0,0,68,50,FALSE,41.92242117,-71.25900962
8784,9/11/2009,September,Friday,13:05,1,2,0,0,Angle,V1: Entering traffic lane / V2: Travelling straight ahead,V1: S  / V2: W,Wet,Daylight,Cloudy,0.27,0,67,53,FALSE,41.95260998,-71.26978509
8785,9/11/2009,September,Friday,14:30,1,2,0,0,Angle,V1: Turning left / V2: Travelling straight ahead,V1: E  / V2: N,Wet,Daylight,Cloudy/Rain,0.27,0,67,53,FALSE,41.96206395,-71.28805376
8786,9/11/2009,September,Friday,16:25,1,2,0,0,Rear-end,V1: Travelling straight ahead / V2: Travelling straight ahead,V1: S  / V2: S,Wet,Daylight,Rain,0.27,0,67,53,FALSE,41.94757224,-71.28816226
8787,9/11/2009,September,Friday,17:59,1,2,0,0,Rear-end,V1: Travelling straight ahead / V2: Slowing or stopped in traffic,V1: W  / V2: W,Dry,Daylight,Clear,0.27,0,67,53,FALSE,41.92014284,-71.35719783