ID,DATE,Month,Day of week,Crash Time,Crash Severity,Number of Vehicles,Total Nonfatal Injuries,Total Fatal Injuries,Manner of Collision,Vehicle Action Prior to Crash,Vehicle Travel Directions,Road Surface Condition,Ambient Light,Weather Condition,PRCP,SNOW,TMAX,TMIN,Ice,Longtitute,Latitute
8788,9/11/2009,September,Friday,18:15,1,2,0,0,Rear-end,V1: Slowing or stopped in traffic / V2: Slowing or stopped in traffic,V1: W  / V2: W,Wet,Daylight,Cloudy/Rain,0.27,0,67,53,FALSE,41.93269195,-71.32821357
8789,9/12/2009,September,Saturday,20:31,1,2,0,0,Angle,V1: Travelling straight ahead / V2: Entering traffic lane,V1: S  / V2: S,Dry,Dark - lighted roadway,Clear,0.45,0,67,62,FALSE,41.93404812,-71.31577712
8790,9/13/2009,September,Sunday,0:43,2,2,2,0,Rear-end,V1: Travelling straight ahead / V2: Travelling straight ahead,V1: N  / V2: N,Wet,Daylight,Cloudy/Rain,0.18,0,82,60,FALSE,41.91339525,-71.36160728
8791,9/13/2009,September,Sunday,10:35,1,1,0,0,Single vehicle crash,V1: Travelling straight ahead,V1: W,"Sand, mud, dirt, oil, gravel",Daylight,Clear,0.18,0,82,60,FALSE,41.92415757,-71.35198905
8792,9/13/2009,September,Sunday,11:53,1,1,0,0,Single vehicle crash,V1: Travelling straight ahead,V1: W,Dry,Daylight,Clear,0.18,0,82,60,FALSE,41.92415757,-71.35198905
8793,9/13/2009,September,Sunday,12:45,1,2,0,0,Angle,V1: Travelling straight ahead / V2: Turning left,V1: E  / V2: W,Dry,Daylight,Clear,0.18,0,82,60,FALSE,41.95334234,-71.26734488
8794,9/13/2009,September,Sunday,16:17,1,3,0,0,Rear-end,V1: Travelling straight ahead / V2: Slowing or stopped in traffic / V3: Slowing or stopped in traffic,V1: S  / V2: S  / V3: S,Dry,Daylight,Cloudy,0.18,0,82,60,FALSE,41.92781831,-71.35456449
8795,9/13/2009,September,Sunday,21:50,2,1,1,0,Single vehicle crash,V1: Entering traffic lane,V1: N,Dry,Dark - lighted roadway,Clear,0.18,0,82,60,FALSE,41.90053869,-71.36201959
8796,9/14/2009,September,Monday,4:46,2,1,1,0,Single vehicle crash,V1: Travelling straight ahead,V1: N,Dry,Dark - lighted roadway,Clear,0,0,79,53,FALSE,41.9114583,-71.3403938
8797,9/14/2009,September,Monday,13:26,1,2,0,0,Angle,V1: Turning left / V2: Travelling straight ahead,V1: E  / V2: W,Dry,Daylight,Clear,0,0,79,53,FALSE,41.9446632,-71.28341486
8798,9/15/2009,September,Tuesday,18:10,2,1,1,0,Single vehicle crash,V1: Travelling straight ahead,V1: N,Dry,Dusk,Clear,0,0,80,55,FALSE,41.93923609,-71.3175535
8799,9/15/2009,September,Tuesday,23:59,2,1,1,0,Single vehicle crash,V1: Travelling straight ahead,V1: N,Dry,Dark - lighted roadway,Clear,0,0,80,55,FALSE,41.94683059,-71.28375978
8800,9/16/2009,September,Wednesday,8:30,2,1,1,0,Single vehicle crash,V1: Travelling straight ahead,V1: N,Dry,Daylight,Clear,0.01,0,67,51,FALSE,34.24438675,-73.6513909
8801,9/16/2009,September,Wednesday,22:26,0,2,0,0,Rear-end,V1: 0 / V2: 0,V1: 0 / V2: 0,Dry,Dark - lighted roadway,Clear,0.01,0,67,51,FALSE,41.96019052,-71.3011813
8802,9/16/2009,September,Wednesday,23:20,1,2,0,0,Rear-end,V1: Travelling straight ahead / V2: Slowing or stopped in traffic,V1: S  / V2: S,Wet,Dark - lighted roadway,Cloudy/Rain,0.01,0,67,51,FALSE,41.96643836,-71.29074265
8803,9/17/2009,September,Thursday,16:31,2,1,1,0,Single vehicle crash,V1: Turning left,V1: N,Dry,Daylight,Cloudy,0,0,61,46,FALSE,41.93624398,-71.26400311
8804,9/17/2009,September,Thursday,19:30,1,2,0,0,Angle,V1: Entering traffic lane / V2: Travelling straight ahead,V1: S  / V2: W,Dry,Dark - lighted roadway,Cloudy,0,0,61,46,FALSE,41.94886403,-71.27726315
8805,9/18/2009,September,Friday,9:59,1,2,0,0,Angle,V1: Turning right / V2: Travelling straight ahead,V1: E  / V2: E,Dry,Daylight,Clear,0,0,75,45,FALSE,41.93585833,-71.27194106
8806,9/18/2009,September,Friday,11:09,1,2,0,0,Angle,V1: Turning left / V2: Travelling straight ahead,V1: N  / V2: W,Dry,Daylight,Clear,0,0,75,45,FALSE,41.91982212,-71.35857678
8807,9/18/2009,September,Friday,16:16,2,2,1,0,Angle,V1: Turning left / V2: Travelling straight ahead,V1: E  / V2: E,Dry,Daylight,Cloudy,0,0,75,45,FALSE,41.91035947,-71.36314658
8808,9/18/2009,September,Friday,19:51,1,2,0,0,Head-on,V1: Turning left / V2: Slowing or stopped in traffic,V1: N  / V2: W,Dry,Dark - lighted roadway,Cloudy,0,0,75,45,FALSE,41.93357119,-71.30035285
8809,9/18/2009,September,Friday,23:38,1,3,0,0,Rear-end,V1: Travelling straight ahead / V2: Travelling straight ahead / V3: Turning right,V1: S  / V2: S  / V3: 0,Dry,Dark - lighted roadway,Clear,0,0,75,45,FALSE,41.91016712,-71.36324461
8810,9/19/2009,September,Saturday,8:55,0,2,0,0,Angle,V1: Turning left / V2: Travelling straight ahead,V1: W  / V2: S,Dry,Daylight,Clear,0,0,70,44,FALSE,41.91905996,-71.36150836
8811,9/19/2009,September,Saturday,9:08,1,2,0,0,Angle,V1: Turning right / V2: Turning left,V1: W  / V2: E,Dry,Daylight,Clear,0,0,70,44,FALSE,41.93363156,-71.30076394
8812,9/19/2009,September,Saturday,10:02,1,2,0,0,"Sideswipe, same direction",V1: Travelling straight ahead / V2: Overtaking/passing,V1: E  / V2: E,Dry,Daylight,Clear,0,0,70,44,FALSE,41.9077701,-71.29764171
8813,9/19/2009,September,Saturday,15:49,2,3,1,0,Rear-end,V1: Slowing or stopped in traffic / V2: Slowing or stopped in traffic / V3: Slowing or stopped in traffic,V1: S  / V2: S  / V3: S,Dry,Daylight,Clear,0,0,70,44,FALSE,41.90998013,-71.35802082
8814,9/19/2009,September,Saturday,19:50,2,1,1,0,Angle,V1: Travelling straight ahead,V1: E,Dry,Dark - lighted roadway,Clear,0,0,70,44,FALSE,41.94431166,-71.28140274
8815,9/19/2009,September,Saturday,20:30,1,1,0,0,Single vehicle crash,V1: Travelling straight ahead,V1: N,Dry,Dark - lighted roadway,Clear,0,0,70,44,FALSE,41.92880852,-71.3231396
8816,9/20/2009,September,Sunday,13:55,1,2,0,0,Rear-end,V1: 0 / V2: 0,V1: E  / V2: E,Dry,Daylight,Clear,0,0,74,38,FALSE,41.91954304,-71.35970789
8817,9/20/2009,September,Sunday,15:46,2,2,1,0,Angle,V1: Turning right / V2: Travelling straight ahead,V1: S  / V2: S,Dry,Daylight,Clear,0,0,74,38,FALSE,41.91198775,-71.25914302
8818,9/21/2009,September,Monday,7:30,2,2,1,0,0,V1: Slowing or stopped in traffic / V2: 0,V1: S  / V2: 0,Dry,Daylight,Clear,0,0,79,44,FALSE,34.24438675,-73.6513909
8819,9/22/2009,September,Tuesday,17:16,0,1,0,0,Single vehicle crash,V1: Backing,V1: E,Dry,Daylight,Cloudy,0,0,78,51,FALSE,41.94097868,-71.28123455
8820,9/22/2009,September,Tuesday,19:18,2,1,1,0,Single vehicle crash,V1: Changing lanes,V1: N,Dry,Dark - lighted roadway,Clear,0,0,78,51,FALSE,41.92886054,-71.32309841
8821,9/22/2009,September,Tuesday,20:38,1,2,0,0,Angle,V1: Travelling straight ahead / V2: Turning left,V1: E  / V2: S,Dry,Dark - lighted roadway,Clear,0,0,78,51,FALSE,41.91982212,-71.35857678
8822,9/22/2009,September,Tuesday,23:32,2,1,1,0,Single vehicle crash,V1: Travelling straight ahead,V1: S,Dry,Dark - lighted roadway,Clear,0,0,78,51,FALSE,41.93623387,-71.28481203
8823,9/23/2009,September,Wednesday,13:40,1,1,0,0,Single vehicle crash,V1: Travelling straight ahead,V1: S,Dry,Daylight,Cloudy,0,0,79,62,FALSE,41.94380247,-71.29534008
8824,9/23/2009,September,Wednesday,21:48,2,1,2,0,Single vehicle crash,V1: Turning left,V1: 0,Dry,Dark - lighted roadway,Cloudy,0,0,79,62,FALSE,41.91899906,-71.2466798
8825,9/24/2009,September,Thursday,14:14,2,1,1,0,Single vehicle crash,V1: Travelling straight ahead,V1: S,Dry,Daylight,Clear,0.01,0,83,56,FALSE,41.94546418,-71.31048891
8826,9/24/2009,September,Thursday,17:15,1,2,0,0,Angle,V1: Entering traffic lane / V2: Travelling straight ahead,V1: W  / V2: S,Dry,Daylight,Cloudy,0.01,0,83,56,FALSE,41.90061139,-71.36812224
8827,9/25/2009,September,Friday,8:08,1,2,0,0,Angle,V1: Travelling straight ahead / V2: Travelling straight ahead,V1: S  / V2: E,Dry,Daylight,Clear,0,0,66,42,FALSE,41.94121777,-71.2768631
8828,9/25/2009,September,Friday,10:35,2,2,1,0,Angle,V1: Travelling straight ahead / V2: Travelling straight ahead,V1: N  / V2: E,Dry,Daylight,Clear,0,0,66,42,FALSE,41.94313451,-71.27152156
8829,9/25/2009,September,Friday,13:36,1,2,0,0,Rear-end,V1: Travelling straight ahead / V2: Slowing or stopped in traffic,V1: N  / V2: N,Dry,Daylight,Clear,0,0,66,42,FALSE,41.94472389,-71.28236781
8830,9/25/2009,September,Friday,14:10,1,2,0,0,Single vehicle crash,V1: Travelling straight ahead / V2: Changing lanes,V1: N  / V2: N,Dry,Daylight,Clear,0,0,66,42,FALSE,41.92886054,-71.32309841
8831,9/25/2009,September,Friday,14:23,1,2,0,0,Rear-end,V1: Travelling straight ahead / V2: Slowing or stopped in traffic,V1: N  / V2: N,Dry,Daylight,Cloudy,0,0,66,42,FALSE,34.24438675,-73.6513909
8832,9/25/2009,September,Friday,14:40,1,2,0,0,Rear-end,V1: Travelling straight ahead / V2: Slowing or stopped in traffic,V1: N  / V2: N,Dry,Daylight,Clear,0,0,66,42,FALSE,41.92886054,-71.32309841
8833,9/25/2009,September,Friday,17:18,1,1,0,0,Single vehicle crash,V1: Travelling straight ahead,V1: W,Dry,Daylight,Clear,0,0,66,42,FALSE,41.94655222,-71.27544133
8834,9/26/2009,September,Saturday,7:55,2,2,1,0,Rear-end,V1: Travelling straight ahead / V2: Slowing or stopped in traffic,V1: E  / V2: E,Dry,Daylight,Clear,0,0,66,38,FALSE,41.95400861,-71.28307871
8835,9/26/2009,September,Saturday,10:45,1,2,0,0,Angle,V1: Travelling straight ahead / V2: Travelling straight ahead,V1: 0 / V2: 0,Dry,Daylight,Clear,0,0,66,38,FALSE,34.24438675,-73.6513909
8836,9/26/2009,September,Saturday,11:39,1,2,0,0,Angle,V1: Travelling straight ahead / V2: Turning right,V1: S  / V2: S,Dry,Daylight,Clear,0,0,66,38,FALSE,41.94516884,-71.27381667
8837,9/26/2009,September,Saturday,12:52,1,3,0,0,Rear-end,V1: Travelling straight ahead / V2: Slowing or stopped in traffic / V3: Slowing or stopped in traffic,V1: N  / V2: N  / V3: N,Dry,Daylight,Cloudy,0,0,66,38,FALSE,41.92644259,-71.35554103
8838,9/26/2009,September,Saturday,14:15,1,2,0,0,Angle,V1: Turning left / V2: Travelling straight ahead,V1: E  / V2: N,Dry,Daylight,Clear,0,0,66,38,FALSE,41.91082902,-71.36290776
8839,9/27/2009,September,Sunday,17:13,1,2,0,0,Angle,V1: Travelling straight ahead / V2: Turning left,V1: 0 / V2: S,Dry,Daylight,Clear,0.44,0,66,48,FALSE,41.90628791,-71.36524022
8840,9/28/2009,September,Monday,19:42,1,2,0,0,Rear-end,V1: Travelling straight ahead / V2: Slowing or stopped in traffic,V1: N  / V2: N,Dry,Dark - lighted roadway,Rain,0.21,0,75,57,FALSE,41.90164321,-71.32095779
8841,9/29/2009,September,Tuesday,7:12,1,1,0,0,Single vehicle crash,V1: Travelling straight ahead,V1: 0,Dry,Daylight,Clear,0.15,0,71,54,FALSE,41.94471173,-71.28234214
8842,9/29/2009,September,Tuesday,9:48,1,2,0,0,Angle,V1: Changing lanes / V2: Travelling straight ahead,V1: W  / V2: W,Dry,Daylight,Clear,0.15,0,71,54,FALSE,41.89903243,-71.355186
8843,9/29/2009,September,Tuesday,14:15,1,2,0,0,Rear-end,V1: Travelling straight ahead / V2: Travelling straight ahead,V1: N  / V2: N,Dry,Daylight,Clear,0.15,0,71,54,FALSE,41.92762143,-71.35470547
8844,9/29/2009,September,Tuesday,14:52,1,2,0,0,"Sideswipe, same direction",V1: Travelling straight ahead / V2: Overtaking/passing,V1: N  / V2: N,Dry,Daylight,Clear,0.15,0,71,54,FALSE,41.94330896,-71.27265641
8845,9/29/2009,September,Tuesday,18:45,1,2,0,0,Rear-end,V1: Travelling straight ahead / V2: Slowing or stopped in traffic,V1: 0 / V2: 0,Dry,Daylight,Clear,0.15,0,71,54,FALSE,41.93207931,-71.29280404
8846,9/30/2009,September,Wednesday,5:59,2,1,1,0,Single vehicle crash,V1: Travelling straight ahead,V1: S,Dry,Dawn,Clear,0,0,63,42,FALSE,41.95568257,-71.28823954
8847,9/30/2009,September,Wednesday,18:18,2,2,1,0,Angle,V1: Travelling straight ahead / V2: Turning left,V1: N  / V2: S,Dry,Dusk,Clear,0,0,63,42,FALSE,41.91339525,-71.36160728
8848,9/30/2009,September,Wednesday,19:34,2,2,1,0,Rear-end,V1: Travelling straight ahead / V2: Parked,V1: S  / V2: 0,Dry,Dark - lighted roadway,Clear,0,0,63,42,FALSE,41.93840858,-71.28352591
8849,10/1/2009,October,Thursday,9:58,1,2,0,0,Angle,V1: Travelling straight ahead / V2: Travelling straight ahead,V1: S  / V2: E,Dry,Daylight,Clear,0,0,58,38,FALSE,41.93383907,-71.29340619
8850,10/1/2009,October,Thursday,12:08,1,2,0,0,Rear-end,V1: Travelling straight ahead / V2: Turning right,V1: E  / V2: E,Dry,Daylight,Cloudy,0,0,58,38,FALSE,41.94084953,-71.29496997
8851,10/1/2009,October,Thursday,12:29,1,2,0,0,Angle,V1: Travelling straight ahead / V2: Travelling straight ahead,V1: E  / V2: S,Dry,Daylight,Cloudy,0,0,58,38,FALSE,41.8987078,-71.36909214
8852,10/1/2009,October,Thursday,16:45,1,2,0,0,Angle,V1: Turning left / V2: Travelling straight ahead,V1: E  / V2: S,Dry,Daylight,Cloudy,0,0,58,38,FALSE,41.93408801,-71.29983343
8853,10/1/2009,October,Thursday,17:52,1,2,0,0,"Sideswipe, same direction",V1: 0 / V2: 0,V1: S  / V2: S,Dry,Daylight,Clear,0,0,58,38,FALSE,41.94217059,-71.28456247
8854,10/2/2009,October,Friday,4:03,2,1,1,0,Single vehicle crash,V1: Travelling straight ahead,V1: N,Dry,Dark - roadway not lighted,Clear,0,0,64,39,FALSE,41.89835475,-71.3694107
8855,10/2/2009,October,Friday,8:46,1,3,0,0,Rear-end,V1: Travelling straight ahead / V2: Slowing or stopped in traffic / V3: Slowing or stopped in traffic,V1: N  / V2: N  / V3: N,Dry,Daylight,Clear,0,0,64,39,FALSE,41.9483337,-71.27794679
8856,10/3/2009,October,Saturday,7:15,1,1,0,0,Single vehicle crash,V1: Travelling straight ahead,V1: S,Wet,Daylight,Rain,1.16,0,65,49,FALSE,41.89861001,-71.36943215
8857,10/3/2009,October,Saturday,9:35,2,2,1,0,Rear-end,V1: Travelling straight ahead / V2: Slowing or stopped in traffic,V1: S  / V2: S,Wet,Daylight,Cloudy/Rain,1.16,0,65,49,FALSE,41.91194929,-71.36233897
8858,10/3/2009,October,Saturday,10:08,2,2,1,0,Angle,V1: Turning left / V2: Travelling straight ahead,V1: E  / V2: N,Wet,Daylight,Cloudy/Rain,1.16,0,65,49,FALSE,41.93400167,-71.31333075
8859,10/3/2009,October,Saturday,11:40,1,2,0,0,Rear-end,V1: Slowing or stopped in traffic / V2: Slowing or stopped in traffic,V1: N  / V2: N,Wet,Daylight,Rain,1.16,0,65,49,FALSE,41.92644259,-71.35554103
8860,10/3/2009,October,Saturday,12:00,1,2,0,0,Rear-end,V1: Slowing or stopped in traffic / V2: Travelling straight ahead,V1: N  / V2: E,Wet,Daylight,Rain,1.16,0,65,49,FALSE,34.24438675,-73.6513909
8861,10/3/2009,October,Saturday,12:50,2,2,1,0,Head-on,V1: Travelling straight ahead / V2: Travelling straight ahead,V1: S  / V2: S,Wet,Daylight,Rain,1.16,0,65,49,FALSE,41.89861001,-71.36943215
8862,10/3/2009,October,Saturday,19:02,1,2,0,0,Rear-end,V1: Travelling straight ahead / V2: Changing lanes,V1: N  / V2: N,Wet,Dark - roadway not lighted,Cloudy/Rain,1.16,0,65,49,FALSE,41.92886054,-71.32309841
8863,10/4/2009,October,Sunday,10:23,1,2,0,0,Angle,V1: Entering traffic lane / V2: Travelling straight ahead,V1: E  / V2: S,Dry,Daylight,Cloudy,0,0,71,53,FALSE,41.91325585,-71.3590575
8864,10/4/2009,October,Sunday,15:18,1,1,0,0,Single vehicle crash,V1: Leaving traffic lane,V1: S,Dry,Daylight,Clear,0,0,71,53,FALSE,41.90261292,-71.35590916
8865,10/5/2009,October,Monday,13:45,2,1,1,0,Single vehicle crash,V1: Travelling straight ahead,V1: S,Dry,Daylight,Clear,0,0,68,49,FALSE,41.94431166,-71.28140274
8866,10/5/2009,October,Monday,18:37,1,2,0,0,Angle,V1: Entering traffic lane / V2: Travelling straight ahead,V1: W  / V2: N,Dry,Dark - lighted roadway,Clear,0,0,68,49,FALSE,41.91062135,-71.35825199
8867,10/6/2009,October,Tuesday,18:10,1,2,0,0,"Sideswipe, same direction",V1: Travelling straight ahead / V2: Parked,V1: S  / V2: 0,Dry,Dusk,Clear,0,0,69,45,FALSE,41.9320737,-71.29643846
8868,10/7/2009,October,Wednesday,8:13,2,3,2,0,Rear-end,V1: Travelling straight ahead / V2: Travelling straight ahead / V3: Slowing or stopped in traffic,V1: N  / V2: N  / V3: N,Wet,Daylight,Rain,1.04,0,71,52,FALSE,41.89701783,-71.37330175
8869,10/8/2009,October,Thursday,7:40,2,2,1,0,Rear-end,V1: Slowing or stopped in traffic / V2: Travelling straight ahead,V1: N  / V2: N,Dry,Daylight,Clear,0,0,65,46,FALSE,34.24438675,-73.6513909
8870,10/8/2009,October,Thursday,8:00,1,2,0,0,Rear-end,V1: Travelling straight ahead / V2: Slowing or stopped in traffic,V1: E  / V2: E,Dry,Daylight,Cloudy,0,0,65,46,FALSE,41.92306919,-71.35306715
8871,10/8/2009,October,Thursday,11:00,1,2,0,0,Rear-end,V1: Backing / V2: Slowing or stopped in traffic,V1: S  / V2: N,Dry,Daylight,Clear,0,0,65,46,FALSE,41.93507804,-71.28489367
8872,10/8/2009,October,Thursday,12:15,2,2,3,0,Angle,V1: Turning left / V2: Travelling straight ahead,V1: E  / V2: N,Dry,Daylight,Clear,0,0,65,46,FALSE,41.91420591,-71.36119762
8873,10/8/2009,October,Thursday,17:40,1,1,0,0,Single vehicle crash,V1: Travelling straight ahead,V1: N,Dry,Daylight,Clear,0,0,65,46,FALSE,41.95302755,-71.3204027
8874,10/9/2009,October,Friday,5:50,1,3,0,0,Rear-end,V1: Travelling straight ahead / V2: Slowing or stopped in traffic / V3: Slowing or stopped in traffic,V1: E  / V2: E  / V3: E,Wet,Dark - lighted roadway,Rain,0.06,0,64,44,FALSE,41.9693528,-71.29423459
8875,10/9/2009,October,Friday,13:26,1,2,0,0,Angle,V1: Entering traffic lane / V2: Travelling straight ahead,V1: S  / V2: N,Wet,Daylight,Rain,0.06,0,64,44,FALSE,41.94668345,-71.27560647
8876,10/9/2009,October,Friday,14:15,2,1,1,0,Single vehicle crash,V1: Travelling straight ahead,V1: S,Wet,Daylight,Rain,0.06,0,64,44,FALSE,41.93975401,-71.29341717
8877,10/10/2009,October,Saturday,12:15,1,2,0,0,Rear-end,V1: 0 / V2: 0,V1: S  / V2: S,Dry,Dark - lighted roadway,Cloudy,0.13,0,66,39,FALSE,41.93408925,-71.31975749
8878,10/10/2009,October,Saturday,14:06,1,2,0,0,Angle,V1: Changing lanes / V2: 0,V1: S  / V2: S,Dry,Daylight,Cloudy,0.13,0,66,39,FALSE,41.93405012,-71.31579284
8879,10/10/2009,October,Saturday,14:37,1,2,0,0,"Sideswipe, same direction",V1: Turning right / V2: Travelling straight ahead,V1: W  / V2: W,Dry,Daylight,Cloudy,0.13,0,66,39,FALSE,41.95019519,-71.27516444
8880,10/11/2009,October,Sunday,0:44,2,1,1,0,Single vehicle crash,V1: Travelling straight ahead,V1: N,Dry,Dark - lighted roadway,Clear,0,0,65,35,FALSE,41.93304448,-71.28634923
8881,10/11/2009,October,Sunday,12:17,1,2,0,0,0,V1: Turning left / V2: Travelling straight ahead,V1: S  / V2: S,Dry,Daylight,Cloudy,0,0,65,35,FALSE,41.91758766,-71.35954517
8882,10/11/2009,October,Sunday,15:15,1,2,0,0,Rear-end,V1: Travelling straight ahead / V2: Slowing or stopped in traffic,V1: W  / V2: W,Dry,Daylight,Cloudy,0,0,65,35,FALSE,41.93409799,-71.31895722
8883,10/11/2009,October,Sunday,18:23,1,2,0,0,Rear-end,V1: Travelling straight ahead / V2: Slowing or stopped in traffic,V1: W  / V2: W,Dry,Dark - lighted roadway,Clear,0,0,65,35,FALSE,41.95287787,-71.26899686
8884,10/13/2009,October,Tuesday,12:47,2,1,1,0,Rear-end,V1: Slowing or stopped in traffic,V1: W,Wet,Daylight,Cloudy/Rain,0.1,0,56,38,FALSE,41.93393836,-71.3077318
8885,10/13/2009,October,Tuesday,17:20,1,2,0,0,Angle,V1: Turning left / V2: Travelling straight ahead,V1: W  / V2: N,Dry,Daylight,Cloudy,0.1,0,56,38,FALSE,41.94430701,-71.30913523
8886,10/14/2009,October,Wednesday,13:21,1,2,0,0,Angle,V1: Entering traffic lane / V2: Travelling straight ahead,V1: E  / V2: S,Dry,Daylight,Cloudy,0,0,53,32,TRUE,41.8987078,-71.36909214
8887,10/14/2009,October,Wednesday,18:08,1,2,0,0,Rear-end,V1: Travelling straight ahead / V2: Slowing or stopped in traffic,V1: N  / V2: N,Dry,Dusk,Cloudy,0,0,53,32,TRUE,41.91035947,-71.36314658
8888,10/15/2009,October,Thursday,4:28,2,1,1,0,Single vehicle crash,V1: Travelling straight ahead,V1: W,Dry,Dark - lighted roadway,Clear,0.33,0,43,30,TRUE,41.95257611,-71.26987665
8889,10/15/2009,October,Thursday,8:33,1,2,0,0,Rear-end,V1: Slowing or stopped in traffic / V2: Slowing or stopped in traffic,V1: S  / V2: S,Dry,Daylight,Cloudy,0.33,0,43,30,TRUE,41.92088197,-71.29779684
8890,10/16/2009,October,Friday,8:35,1,1,0,0,Single vehicle crash,V1: Other,V1: W,Wet,Daylight,Rain,0.22,0,42,37,FALSE,41.95501451,-71.3039892
8891,10/16/2009,October,Friday,9:19,1,1,0,0,Single vehicle crash,V1: Travelling straight ahead,V1: W,Wet,Daylight,Rain,0.22,0,42,37,FALSE,41.94469791,-71.282218
8892,10/16/2009,October,Friday,14:51,1,2,0,0,Rear-end,V1: Slowing or stopped in traffic / V2: Slowing or stopped in traffic,V1: S  / V2: S,Dry,Daylight,Cloudy,0.22,0,42,37,FALSE,41.94342488,-71.27867504
8893,10/17/2009,October,Saturday,2:45,1,1,0,0,Single vehicle crash,V1: Travelling straight ahead,V1: E,Dry,Dark - lighted roadway,Cloudy,0,0,48,35,FALSE,41.94217059,-71.28456247
8894,10/18/2009,October,Sunday,13:11,1,2,0,0,Angle,V1: Turning right / V2: Turning left,V1: S  / V2: W,Wet,Daylight,Rain,1.55,0.4,48,33,FALSE,41.93396137,-71.28497308
8895,10/18/2009,October,Sunday,13:22,2,3,2,0,Rear-end,V1: Travelling straight ahead / V2: Slowing or stopped in traffic / V3: Slowing or stopped in traffic,V1: S  / V2: S  / V3: S,Wet,Daylight,Cloudy/Rain,1.55,0.4,48,33,FALSE,41.91562886,-71.36047108
8896,10/19/2009,October,Monday,14:52,1,1,0,0,Single vehicle crash,V1: Travelling straight ahead,V1: N,Dry,Daylight,Clear,0,0,55,31,TRUE,41.94416253,-71.29576205
8897,10/19/2009,October,Monday,17:35,1,2,0,0,Rear-end,V1: Travelling straight ahead / V2: Slowing or stopped in traffic,V1: N  / V2: N,Dry,Dusk,Clear,0,0,55,31,TRUE,41.96414466,-71.27098835
8898,10/19/2009,October,Monday,18:26,1,2,0,0,Rear-end,V1: Travelling straight ahead / V2: Slowing or stopped in traffic,V1: W  / V2: W,Dry,Dark - lighted roadway,Clear,0,0,55,31,TRUE,41.91711015,-71.37372238
8899,10/19/2009,October,Monday,23:53,1,2,0,0,Rear-end,V1: Turning left / V2: Travelling straight ahead,V1: S  / V2: S,Dry,Dark - lighted roadway,Clear,0,0,55,31,TRUE,41.89618753,-71.37039513
8900,10/20/2009,October,Tuesday,13:23,2,2,2,0,Rear-end,V1: Slowing or stopped in traffic / V2: Slowing or stopped in traffic,V1: N  / V2: N,Dry,Daylight,Clear,0,0,68,29,TRUE,41.91982212,-71.35857678
8901,10/20/2009,October,Tuesday,16:09,1,2,0,0,Rear-end,V1: Slowing or stopped in traffic / V2: Travelling straight ahead,V1: W  / V2: W,Dry,Daylight,Clear,0,0,68,29,TRUE,41.93400167,-71.31333075
8902,10/20/2009,October,Tuesday,17:09,2,2,1,0,Angle,V1: Travelling straight ahead / V2: Travelling straight ahead,V1: S  / V2: S,Dry,Daylight,Clear,0,0,68,29,TRUE,41.93232974,-71.3009387
8903,10/20/2009,October,Tuesday,17:28,1,2,0,0,Angle,V1: Travelling straight ahead / V2: Travelling straight ahead,V1: E  / V2: S,Dry,Daylight,Clear,0,0,68,29,TRUE,41.9404815,-71.28139686
8904,10/21/2009,October,Wednesday,10:40,1,1,0,0,Single vehicle crash,V1: Travelling straight ahead,V1: N,Dry,Daylight,Clear,0,0,71,42,FALSE,41.89425736,-71.3760178
8905,10/21/2009,October,Wednesday,13:17,1,2,0,0,Rear-end,V1: Travelling straight ahead / V2: Slowing or stopped in traffic,V1: S  / V2: S,Dry,Daylight,Clear,0,0,71,42,FALSE,41.89855885,-71.36916726
8906,10/21/2009,October,Wednesday,14:53,2,2,1,0,Rear-end,V1: Travelling straight ahead / V2: Slowing or stopped in traffic,V1: S  / V2: S,Dry,Daylight,Cloudy,0,0,71,42,FALSE,41.93244857,-71.29510005
8907,10/21/2009,October,Wednesday,18:05,1,2,0,0,Single vehicle crash,V1: Backing / V2: Travelling straight ahead,V1: N  / V2: 0,Dry,Dusk,Clear,0,0,71,42,FALSE,41.94861042,-71.27758702
8908,10/21/2009,October,Wednesday,18:15,1,3,0,0,Rear-end,V1: Travelling straight ahead / V2: Slowing or stopped in traffic / V3: Travelling straight ahead,V1: N  / V2: N  / V3: S,Dry,Dark - lighted roadway,Clear,0,0,71,42,FALSE,41.92508738,-71.35628348
8909,10/22/2009,October,Thursday,12:38,1,1,0,0,Rear-end,V1: Slowing or stopped in traffic,V1: N,Dry,Daylight,Clear,0,0,74,48,FALSE,41.95819153,-71.29650333
8910,10/22/2009,October,Thursday,17:00,2,2,1,0,Angle,V1: Turning left / V2: Travelling straight ahead,V1: W  / V2: S,Dry,Daylight,Clear,0,0,74,48,FALSE,41.90086769,-71.36799095
8911,10/22/2009,October,Thursday,23:13,1,1,0,0,Single vehicle crash,V1: Travelling straight ahead,V1: E,Dry,Dark - lighted roadway,Cloudy,0,0,74,48,FALSE,41.91035947,-71.36314658
8912,10/23/2009,October,Friday,6:24,1,1,0,0,Angle,V1: Travelling straight ahead,V1: S,Dry,Dawn,Clear,0,0,62,42,FALSE,41.95451553,-71.24999966
8913,10/23/2009,October,Friday,9:18,1,2,0,0,Rear-end,V1: Backing / V2: Slowing or stopped in traffic,V1: N  / V2: S,Dry,Daylight,Clear,0,0,62,42,FALSE,41.89677396,-71.3724629