ID,DATE,Month,Day of week,Crash Time,Crash Severity,Number of Vehicles,Total Nonfatal Injuries,Total Fatal Injuries,Manner of Collision,Vehicle Action Prior to Crash,Vehicle Travel Directions,Road Surface Condition,Ambient Light,Weather Condition,PRCP,SNOW,TMAX,TMIN,Ice,Longtitute,Latitute
8914,10/23/2009,October,Friday,15:46,1,2,0,0,Angle,V1: Entering traffic lane / V2: Travelling straight ahead,V1: E  / V2: 0,Dry,Daylight,Cloudy,0,0,62,42,FALSE,41.91277813,-71.30920153
8915,10/23/2009,October,Friday,16:33,1,2,0,0,Rear-end,V1: Travelling straight ahead / V2: Slowing or stopped in traffic,V1: S  / V2: S,Dry,Daylight,Cloudy,0,0,62,42,FALSE,41.94804118,-71.28856015
8916,10/24/2009,October,Saturday,12:30,1,2,0,0,"Sideswipe, opposite direction",V1: Turning left / V2: Travelling straight ahead,V1: S  / V2: S,Wet,Daylight,Cloudy/Rain,1.62,0,69,44,FALSE,41.91337209,-71.36161888
8917,10/24/2009,October,Saturday,14:02,1,2,0,0,Rear-end,V1: Travelling straight ahead / V2: Travelling straight ahead,V1: W  / V2: W,Wet,Daylight,Cloudy,1.62,0,69,44,FALSE,41.95435465,-71.2551507
8918,10/24/2009,October,Saturday,23:09,2,2,1,0,Angle,V1: Turning left / V2: Travelling straight ahead,V1: E  / V2: W,Wet,Daylight,Cloudy/Rain,1.62,0,69,44,FALSE,41.93421769,-71.2996754
8919,10/25/2009,October,Sunday,2:52,1,1,0,0,Single vehicle crash,V1: 0,V1: N,Wet,Dark - roadway not lighted,Cloudy/Rain,0.1,0,64,44,FALSE,41.95593405,-71.30346756
8920,10/25/2009,October,Sunday,18:22,1,1,0,0,Single vehicle crash,V1: Travelling straight ahead,V1: S,Dry,Dark - roadway not lighted,Clear,0.1,0,64,44,FALSE,41.97830426,-71.27878753
8921,10/26/2009,October,Monday,8:57,2,2,1,0,Rear-end,V1: Travelling straight ahead / V2: Slowing or stopped in traffic,V1: N  / V2: N,Dry,Daylight,Clear,0,0,63,38,FALSE,41.95428777,-71.3119492
8922,10/27/2009,October,Tuesday,14:12,2,2,2,0,Angle,V1: Entering traffic lane / V2: Travelling straight ahead,V1: S  / V2: W,Wet,Daylight,Cloudy/Rain,0.02,0,53,36,FALSE,41.91966607,-71.35922923
8923,10/27/2009,October,Tuesday,17:15,1,2,0,0,Angle,V1: Travelling straight ahead / V2: Travelling straight ahead,V1: S  / V2: S,Dry,Dusk,Cloudy,0.02,0,53,36,FALSE,41.93269195,-71.32821357
8924,10/27/2009,October,Tuesday,19:05,1,1,0,0,Single vehicle crash,V1: Travelling straight ahead,V1: S,Dry,Dark - lighted roadway,Cloudy,0.02,0,53,36,FALSE,41.96856778,-71.27392199
8925,10/27/2009,October,Tuesday,21:04,2,1,1,0,Single vehicle crash,V1: Travelling straight ahead,V1: S,Wet,Dark - roadway not lighted,Cloudy,0.02,0,53,36,FALSE,41.89903243,-71.355186
8926,10/28/2009,October,Wednesday,14:44,1,2,0,0,Angle,V1: Travelling straight ahead / V2: Travelling straight ahead,V1: S  / V2: N,Wet,Daylight,Rain,0.89,0,53,48,FALSE,41.94413491,-71.27260127
8927,10/29/2009,October,Thursday,18:33,1,2,0,0,Angle,V1: Turning left / V2: Travelling straight ahead,V1: W  / V2: W,Dry,Dark - lighted roadway,Cloudy,0,0,53,39,FALSE,41.91711015,-71.37372238
8928,10/29/2009,October,Thursday,18:51,1,2,0,0,Single vehicle crash,V1: Backing / V2: Travelling straight ahead,V1: E  / V2: N,Dry,Daylight,Clear,0,0,53,39,FALSE,41.94861042,-71.27758702
8929,10/29/2009,October,Thursday,19:07,1,2,0,0,"Sideswipe, same direction",V1: Turning right / V2: Turning left,V1: W  / V2: W,Dry,Daylight,Clear,0,0,53,39,FALSE,41.93363156,-71.30076394
8930,10/30/2009,October,Friday,6:47,2,2,2,0,Rear-end,V1: Travelling straight ahead / V2: Travelling straight ahead,V1: S  / V2: S,0,Dawn,Clear,0,0,57,42,FALSE,41.91653724,-71.36001753
8931,10/30/2009,October,Friday,16:12,1,2,0,0,"Sideswipe, same direction",V1: Travelling straight ahead / V2: Travelling straight ahead,V1: S  / V2: S,Dry,Dark - lighted roadway,Cloudy,0,0,57,42,FALSE,41.94433817,-71.28146712
8932,10/30/2009,October,Friday,18:15,1,3,0,0,Rear-end,V1: Travelling straight ahead / V2: Travelling straight ahead / V3: Travelling straight ahead,V1: S  / V2: S  / V3: S,Dry,Daylight,Cloudy,0,0,57,42,FALSE,41.91337209,-71.36161888
8933,10/30/2009,October,Friday,18:35,2,1,1,0,Head-on,V1: Slowing or stopped in traffic,V1: S,Dry,Dark - lighted roadway,Cloudy,0,0,57,42,FALSE,41.89857836,-71.35503727
8934,10/31/2009,October,Saturday,10:06,1,2,0,0,Angle,V1: Turning right / V2: Travelling straight ahead,V1: 0 / V2: 0,Dry,Daylight,Cloudy,0.09,0,71,42,FALSE,41.93742983,-71.26519759
8935,10/31/2009,October,Saturday,10:12,2,3,1,0,Angle,V1: Turning left / V2: Travelling straight ahead / V3: Slowing or stopped in traffic,V1: W  / V2: S  / V3: N,Dry,Daylight,Cloudy,0.09,0,71,42,FALSE,41.91562886,-71.36047108
8936,10/31/2009,October,Saturday,14:13,1,2,0,0,Angle,V1: Entering traffic lane / V2: Travelling straight ahead,V1: W  / V2: N,Dry,Daylight,Clear,0.09,0,71,42,FALSE,41.91082902,-71.36290776
8937,11/1/2009,November,Sunday,1:08,2,2,1,0,Rear-end,V1: Travelling straight ahead / V2: Slowing or stopped in traffic,V1: E  / V2: 0,Wet,Dark - lighted roadway,Rain,0.05,0,59,38,FALSE,41.9544421,-71.28597226
8938,11/1/2009,November,Sunday,1:57,1,2,0,0,Rear-end,V1: Travelling straight ahead / V2: Travelling straight ahead,V1: N  / V2: N,Wet,Dark - roadway not lighted,Rain,0.05,0,59,38,FALSE,41.90231844,-71.35595143
8939,11/1/2009,November,Sunday,11:23,2,3,1,0,Angle,V1: Turning left / V2: Travelling straight ahead / V3: Slowing or stopped in traffic,V1: W  / V2: N  / V3: S,Dry,Daylight,Cloudy,0.05,0,59,38,FALSE,41.92762143,-71.35470547
8940,11/1/2009,November,Sunday,17:51,1,2,0,0,Angle,V1: Entering traffic lane / V2: Changing lanes,V1: E  / V2: E,Dry,Dark - lighted roadway,Clear,0.05,0,59,38,FALSE,41.91982212,-71.35857678
8941,11/2/2009,November,Monday,10:30,1,1,0,0,Single vehicle crash,V1: Travelling straight ahead,V1: 0,Dry,Dark - lighted roadway,Clear,0.01,0,53,36,FALSE,41.90796653,-71.35739499
8942,11/2/2009,November,Monday,13:00,1,2,0,0,Angle,V1: Entering traffic lane / V2: Travelling straight ahead,V1: N  / V2: W,Dry,Daylight,Cloudy,0.01,0,53,36,FALSE,41.94758208,-71.27687472
8943,11/2/2009,November,Monday,14:47,2,2,1,0,Rear-end,V1: Travelling straight ahead / V2: Travelling straight ahead,V1: N  / V2: N,Wet,Daylight,Rain,0.01,0,53,36,FALSE,41.96097876,-71.28790414
8944,11/2/2009,November,Monday,15:01,1,2,0,0,Rear-end,V1: Travelling straight ahead / V2: Travelling straight ahead,V1: E  / V2: E,Wet,Daylight,Cloudy,0.01,0,53,36,FALSE,41.92014284,-71.35719783
8945,11/2/2009,November,Monday,17:08,2,2,1,0,Angle,V1: Turning left / V2: Travelling straight ahead,V1: W  / V2: E,Wet,Dark - lighted roadway,Cloudy,0.01,0,53,36,FALSE,41.94519466,-71.28103716
8946,11/2/2009,November,Monday,17:11,1,2,0,0,Angle,V1: Changing lanes / V2: Travelling straight ahead,V1: N  / V2: N,Dry,Dark - lighted roadway,Cloudy,0.01,0,53,36,FALSE,41.90998013,-71.35802082
8947,11/2/2009,November,Monday,21:54,2,5,1,0,Single vehicle crash,V1: Travelling straight ahead / V2: Parked / V3: Parked / V4: Parked / V5: Parked,V1: W  / V2: W  / V3: W  / V4: W  / V5: W,Dry,Dark - lighted roadway,Clear,0.01,0,53,36,FALSE,41.94928318,-71.28964082
8948,11/3/2009,November,Tuesday,13:17,1,2,0,0,"Sideswipe, same direction",V1: Changing lanes / V2: Travelling straight ahead,V1: W  / V2: W,Dry,Daylight,Clear,0,0,60,37,FALSE,41.95271157,-71.26951043
8949,11/4/2009,November,Wednesday,14:26,1,2,0,0,Angle,V1: Travelling straight ahead / V2: Entering traffic lane,V1: N  / V2: E,Dry,Daylight,Clear,0,0,53,34,FALSE,41.94758208,-71.27687472
8950,11/4/2009,November,Wednesday,15:09,1,1,0,0,Single vehicle crash,V1: Travelling straight ahead,V1: N,Dry,Daylight,Clear,0,0,53,34,FALSE,41.92520527,-71.28785233
8951,11/4/2009,November,Wednesday,16:10,1,2,0,0,Angle,V1: Travelling straight ahead / V2: Slowing or stopped in traffic,V1: N  / V2: N,Dry,Daylight,Cloudy,0,0,53,34,FALSE,41.89758052,-71.36966538
8952,11/4/2009,November,Wednesday,20:53,1,3,0,0,Rear-end,V1: Travelling straight ahead / V2: Entering traffic lane / V3: Travelling straight ahead,V1: E  / V2: E  / V3: E,Dry,Dark - lighted roadway,Clear,0,0,53,34,FALSE,41.94104078,-71.29346158
8953,11/5/2009,November,Thursday,17:04,1,2,0,0,Angle,V1: Travelling straight ahead / V2: 0,V1: S  / V2: W,Wet,Dark - lighted roadway,Cloudy/Rain,0,0,50,35,FALSE,41.90998013,-71.35802082
8954,11/5/2009,November,Thursday,17:09,1,2,0,0,Angle,V1: Travelling straight ahead / V2: Turning left,V1: N  / V2: W,Wet,Dark - lighted roadway,Cloudy/Rain,0,0,50,35,FALSE,41.91822462,-71.35926577
8955,11/6/2009,November,Friday,18:59,1,2,0,0,Angle,V1: Travelling straight ahead / V2: Travelling straight ahead,V1: N  / V2: W,Dry,Dark - lighted roadway,Clear,0,0,51,29,TRUE,41.95078511,-71.27391628
8956,11/7/2009,November,Saturday,15:31,2,3,1,0,"Sideswipe, opposite direction",V1: Travelling straight ahead / V2: Travelling straight ahead / V3: Turning right,V1: E  / V2: W  / V3: E,Dry,Daylight,Clear,0,0,51,25,TRUE,41.94501484,-71.28112554
8957,11/7/2009,November,Saturday,16:56,1,2,0,0,Head-on,V1: Leaving traffic lane / V2: Travelling straight ahead,V1: S  / V2: N,Dry,Dark - lighted roadway,Clear,0,0,51,25,TRUE,41.90445232,-71.36616672
8958,11/9/2009,November,Monday,7:00,2,2,1,0,"Sideswipe, same direction",V1: Travelling straight ahead / V2: Travelling straight ahead,V1: W  / V2: W,Dry,Daylight,Clear,0,0,69,32,TRUE,41.94391669,-71.28493774
8959,11/10/2009,November,Tuesday,8:50,1,2,0,0,Rear-end,V1: Travelling straight ahead / V2: Slowing or stopped in traffic,V1: S  / V2: S,Dry,Daylight,Cloudy,0,0,65,48,FALSE,41.96943481,-71.29290798
8960,11/10/2009,November,Tuesday,12:14,1,2,0,0,Angle,V1: Turning left / V2: Travelling straight ahead,V1: N  / V2: S,Dry,Daylight,Cloudy,0,0,65,48,FALSE,41.94861042,-71.27758702
8961,11/10/2009,November,Tuesday,17:03,1,2,0,0,Rear-end,V1: Slowing or stopped in traffic / V2: Slowing or stopped in traffic,V1: N  / V2: N,Dry,Dark - lighted roadway,Cloudy,0,0,65,48,FALSE,41.90634867,-71.35690182
8962,11/10/2009,November,Tuesday,17:15,2,2,2,0,Angle,V1: Travelling straight ahead / V2: Turning left,V1: S  / V2: E,Dry,Dark - lighted roadway,Cloudy,0,0,65,48,FALSE,41.96097876,-71.28790414
8963,11/10/2009,November,Tuesday,18:50,1,2,0,0,Angle,V1: Travelling straight ahead / V2: Turning left,V1: S  / V2: E,Dry,Dark - lighted roadway,Cloudy,0,0,65,48,FALSE,41.96712418,-71.29097941
8964,11/11/2009,November,Wednesday,16:15,1,2,0,0,"Sideswipe, same direction",V1: Slowing or stopped in traffic / V2: Overtaking/passing,V1: S  / V2: S,Dry,Dusk,Cloudy,0,0,53,43,FALSE,41.92971579,-71.28472479
8965,11/11/2009,November,Wednesday,23:15,1,1,0,0,Single vehicle crash,V1: Travelling straight ahead,V1: N,Dry,Dark - lighted roadway,Cloudy,0,0,53,43,FALSE,41.91356191,-71.25827206
8966,11/12/2009,November,Thursday,12:03,2,2,1,0,Angle,V1: Travelling straight ahead / V2: Travelling straight ahead,V1: W  / V2: S,Dry,Daylight,Cloudy,0,0,52,43,FALSE,41.93711096,-71.29262459
8967,11/12/2009,November,Thursday,14:20,2,1,1,0,Head-on,V1: Travelling straight ahead,V1: N,Dry,Daylight,Clear,0,0,52,43,FALSE,41.9365932,-71.29539949
8968,11/12/2009,November,Thursday,15:08,1,2,0,0,Angle,V1: Entering traffic lane / V2: Travelling straight ahead,V1: S  / V2: E,Dry,Daylight,Cloudy,0,0,52,43,FALSE,41.94666472,-71.28742757
8969,11/12/2009,November,Thursday,17:29,1,2,0,0,Rear-to-rear,V1: Backing / V2: Turning right,V1: N  / V2: S,Dry,Dark - lighted roadway,Clear,0,0,52,43,FALSE,41.94757814,-71.27890389
8970,11/12/2009,November,Thursday,18:47,1,2,0,0,Angle,V1: Turning left / V2: Turning left,V1: E  / V2: W,Dry,Dark - 0 roadway lighting,Cloudy,0,0,52,43,FALSE,41.91198775,-71.25914302
8971,11/12/2009,November,Thursday,22:38,2,2,1,0,Rear-end,V1: Travelling straight ahead / V2: Travelling straight ahead,V1: N  / V2: N,Dry,Dark - lighted roadway,Clear,0,0,52,43,FALSE,41.95593405,-71.30346756
8972,11/13/2009,November,Friday,9:04,1,1,0,0,Single vehicle crash,V1: Travelling straight ahead,V1: W,Dry,Daylight,Cloudy,0,0,53,40,FALSE,41.92812282,-71.30190758
8973,11/13/2009,November,Friday,21:22,1,2,0,0,Angle,V1: Leaving traffic lane / V2: Parked,V1: S  / V2: 0,Wet,Dark - lighted roadway,Cloudy,0,0,53,40,FALSE,41.933764,-71.301658
8974,11/14/2009,November,Saturday,12:20,2,1,1,0,Single vehicle crash,V1: Travelling straight ahead,V1: S,Wet,Daylight,Rain,1.32,0,64,51,FALSE,41.89414884,-71.3763711
8975,11/14/2009,November,Saturday,16:45,1,2,0,0,Angle,V1: Turning left / V2: Travelling straight ahead,V1: W  / V2: S,Wet,Dark - lighted roadway,Rain,1.32,0,64,51,FALSE,41.9472108,-71.28786501
8976,11/15/2009,November,Sunday,13:15,2,2,1,0,Rear-end,V1: Travelling straight ahead / V2: Slowing or stopped in traffic,V1: N  / V2: N,Dry,Daylight,Cloudy,0.18,0,64,51,FALSE,41.90217475,-71.35579772
8977,11/15/2009,November,Sunday,13:41,1,2,0,0,"Sideswipe, same direction",V1: Changing lanes / V2: Travelling straight ahead,V1: N  / V2: N,Dry,Daylight,Cloudy,0.18,0,64,51,FALSE,41.92762143,-71.35470547
8978,11/18/2009,November,Wednesday,0:06,1,2,0,0,Rear-end,V1: Travelling straight ahead / V2: Parked,V1: E  / V2: E,Dry,Dark - lighted roadway,Clear,0,0,51,28,TRUE,41.93818397,-71.2800071
8979,11/18/2009,November,Wednesday,13:05,1,2,0,0,Angle,V1: Travelling straight ahead / V2: Travelling straight ahead,V1: E  / V2: S,Dry,Daylight,Clear,0,0,51,28,TRUE,41.94121777,-71.2768631
8980,11/19/2009,November,Thursday,6:54,1,2,0,0,"Sideswipe, same direction",V1: Turning right / V2: Travelling straight ahead,V1: E  / V2: N,Dry,Daylight,Cloudy,0,0,59,28,TRUE,41.89885276,-71.35503552
8981,11/19/2009,November,Thursday,9:07,1,2,0,0,Angle,V1: Turning left / V2: Travelling straight ahead,V1: 0 / V2: 0,Dry,Daylight,Cloudy,0,0,59,28,TRUE,41.94140605,-71.28436439
8982,11/19/2009,November,Thursday,14:02,1,2,0,0,Angle,V1: Travelling straight ahead / V2: Travelling straight ahead,V1: N  / V2: S,Dry,Daylight,Cloudy,0,0,59,28,TRUE,41.93409799,-71.31895722
8983,11/19/2009,November,Thursday,17:04,1,2,0,0,Rear-end,V1: Slowing or stopped in traffic / V2: Travelling straight ahead,V1: E  / V2: E,Dry,Dark - lighted roadway,Clear,0,0,59,28,TRUE,41.90257689,-71.3560405
8984,11/20/2009,November,Friday,6:25,1,1,0,0,Single vehicle crash,V1: Travelling straight ahead,V1: N,Wet,Dawn,Cloudy,0.67,0,67,44,FALSE,41.91042091,-71.25740365
8985,11/20/2009,November,Friday,8:25,1,1,0,0,Single vehicle crash,V1: Travelling straight ahead,V1: S,Wet,Daylight,Rain,0.67,0,67,44,FALSE,41.91003292,-71.34011725
8986,11/20/2009,November,Friday,11:30,2,2,1,0,Rear-end,V1: Travelling straight ahead / V2: Travelling straight ahead,V1: S  / V2: S,Wet,Daylight,Cloudy,0.67,0,67,44,FALSE,41.91653724,-71.36001753
8987,11/20/2009,November,Friday,11:33,2,1,1,0,Angle,V1: Entering traffic lane,V1: S,Wet,Daylight,Clear,0.67,0,67,44,FALSE,41.91653724,-71.36001753
8988,11/21/2009,November,Saturday,1:38,2,1,1,0,"Sideswipe, same direction",V1: Travelling straight ahead,V1: S,Dry,Dark - lighted roadway,Clear,0,0,58,35,FALSE,41.89861001,-71.36943215
8989,11/22/2009,November,Sunday,22:29,1,1,0,0,Single vehicle crash,V1: Travelling straight ahead,V1: W,Dry,Dark - lighted roadway,Clear,0,0,53,33,FALSE,41.9348634,-71.29887283
8990,11/23/2009,November,Monday,14:17,2,2,2,0,Head-on,V1: Travelling straight ahead / V2: Turning left,V1: S  / V2: N,Dry,Daylight,Clear,0.31,0,50,44,FALSE,41.9120082,-71.2587778
8991,11/24/2009,November,Tuesday,7:28,1,2,0,0,Rear-end,V1: Travelling straight ahead / V2: Slowing or stopped in traffic,V1: W  / V2: W,Wet,Daylight,Rain,0.08,0,48,46,FALSE,41.97015292,-71.29135147
8992,11/24/2009,November,Tuesday,11:58,1,2,0,0,Rear-end,V1: Travelling straight ahead / V2: Slowing or stopped in traffic,V1: 0 / V2: 0,Wet,Daylight,Cloudy,0.08,0,48,46,FALSE,41.95338618,-71.28917553
8993,11/24/2009,November,Tuesday,12:25,1,2,0,0,Angle,V1: Travelling straight ahead / V2: Travelling straight ahead,V1: N  / V2: N,Wet,Daylight,Cloudy,0.08,0,48,46,FALSE,34.24438675,-73.6513909
8994,11/24/2009,November,Tuesday,15:20,1,2,0,0,Angle,V1: Entering traffic lane / V2: Slowing or stopped in traffic,V1: E  / V2: S,Wet,Daylight,Cloudy,0.08,0,48,46,FALSE,41.9486259,-71.27756695
8995,11/24/2009,November,Tuesday,16:06,1,2,0,0,Angle,V1: Turning left / V2: Travelling straight ahead,V1: N  / V2: E,Dry,Daylight,Cloudy,0.08,0,48,46,FALSE,41.91711015,-71.37372238
8996,11/25/2009,November,Wednesday,9:38,1,2,0,0,Rear-end,V1: Travelling straight ahead / V2: Slowing or stopped in traffic,V1: N  / V2: N,Wet,Daylight,Cloudy,0.05,0,50,46,FALSE,41.94666472,-71.28742757
8997,11/25/2009,November,Wednesday,10:18,1,2,0,0,Rear-end,V1: Slowing or stopped in traffic / V2: Travelling straight ahead,V1: W  / V2: W,Wet,Daylight,Cloudy,0.05,0,50,46,FALSE,41.93152244,-71.29127014
8998,11/25/2009,November,Wednesday,12:08,1,2,0,0,Angle,V1: Turning left / V2: Travelling straight ahead,V1: E  / V2: N,Wet,Daylight,Cloudy,0.05,0,50,46,FALSE,41.94140605,-71.28436439
8999,11/26/2009,November,Thursday,11:03,1,1,0,0,"Sideswipe, same direction",V1: Travelling straight ahead,V1: E,Dry,Daylight,Cloudy,0.01,0,51,46,FALSE,41.91243019,-71.26632736
9000,11/27/2009,November,Friday,3:36,2,2,3,0,Angle,V1: Turning left / V2: Travelling straight ahead,V1: E  / V2: N,Dry,Dark - lighted roadway,Cloudy,0.82,0,46,40,FALSE,41.92762143,-71.35470547
9001,11/27/2009,November,Friday,16:57,0,2,0,0,Rear-end,V1: Slowing or stopped in traffic / V2: Slowing or stopped in traffic,V1: S  / V2: S,Dry,Dark - lighted roadway,Clear,0.82,0,46,40,FALSE,41.9210362,-71.35804604
9002,11/27/2009,November,Friday,17:43,2,1,1,0,Angle,V1: Turning left,V1: S,Wet,Dark - roadway not lighted,Rain,0.82,0,46,40,FALSE,41.94396167,-71.27662963
9003,11/27/2009,November,Friday,21:03,1,2,0,0,"Sideswipe, same direction",V1: Overtaking/passing / V2: Turning right,V1: W  / V2: W,Dry,Dark - lighted roadway,Clear,0.82,0,46,40,FALSE,41.92387717,-71.35158914
9004,11/27/2009,November,Friday,22:15,1,1,0,0,Single vehicle crash,V1: Travelling straight ahead,V1: N,Wet,Dark - lighted roadway,Cloudy/Rain,0.82,0,46,40,FALSE,41.9695323,-71.27402536
9005,11/27/2009,November,Friday,23:00,1,2,0,0,Angle,V1: Travelling straight ahead / V2: Travelling straight ahead,V1: N  / V2: W,Wet,Dark - lighted roadway,Cloudy/Rain,0.82,0,46,40,FALSE,41.94472176,-71.2812504
9006,11/28/2009,November,Saturday,2:55,2,2,1,0,Angle,V1: Travelling straight ahead / V2: 0,V1: E  / V2: 0,Wet,Dark - lighted roadway,Rain,0.09,0,52,40,FALSE,41.95287787,-71.26899686
9007,11/28/2009,November,Saturday,11:24,1,2,0,0,Angle,V1: Changing lanes / V2: Travelling straight ahead,V1: S  / V2: S,Dry,Daylight,Cloudy,0.09,0,52,40,FALSE,41.90086769,-71.36799095
9008,11/28/2009,November,Saturday,17:20,1,2,0,0,Rear-end,V1: Travelling straight ahead / V2: Slowing or stopped in traffic,V1: S  / V2: S,Dry,Dark - lighted roadway,Clear,0.09,0,52,40,FALSE,41.92014014,-71.35722905
9009,11/29/2009,November,Sunday,15:37,1,2,0,0,Angle,V1: Turning left / V2: Travelling straight ahead,V1: W  / V2: E,Dry,Daylight,Cloudy,0,0,54,33,FALSE,41.89989056,-71.38003733
9010,11/29/2009,November,Sunday,19:50,1,1,0,0,Single vehicle crash,V1: Travelling straight ahead,V1: E,Dry,Dark - lighted roadway,Clear,0,0,54,33,FALSE,41.93527959,-71.27484702
9011,11/30/2009,November,Monday,14:00,1,2,0,0,Angle,V1: Backing / V2: 0,V1: N  / V2: 0,Dry,Daylight,Cloudy,0.26,0,57,39,FALSE,41.8978935,-71.36831463
9012,11/30/2009,November,Monday,16:47,1,2,0,0,Angle,V1: Travelling straight ahead / V2: Turning left,V1: W  / V2: S,Wet,Dark - lighted roadway,Rain,0.26,0,57,39,FALSE,41.9348634,-71.29887283
9013,11/30/2009,November,Monday,17:32,1,2,0,0,Rear-end,V1: Travelling straight ahead / V2: Slowing or stopped in traffic,V1: S  / V2: S,Wet,Dark - lighted roadway,Rain,0.26,0,57,39,FALSE,41.93396163,-71.29998718
9014,11/30/2009,November,Monday,21:50,1,1,0,0,Single vehicle crash,V1: Travelling straight ahead,V1: S,Dry,Dark - roadway not lighted,Clear,0.26,0,57,39,FALSE,41.92927402,-71.32377045
9015,12/1/2009,December,Tuesday,7:52,1,1,0,0,Angle,V1: Slowing or stopped in traffic,V1: W,Dry,Daylight,Clear,0,0,44,29,TRUE,41.94472176,-71.2812504
9016,12/1/2009,December,Tuesday,14:34,1,2,0,0,Rear-end,V1: Travelling straight ahead / V2: Slowing or stopped in traffic,V1: N  / V2: N,Dry,Daylight,Clear,0,0,44,29,TRUE,41.95117749,-71.27429919
9017,12/2/2009,December,Wednesday,1:37,1,2,0,0,Rear-end,V1: Travelling straight ahead / V2: Travelling straight ahead,V1: S  / V2: S,Wet,Daylight,Clear,0.07,0,53,27,TRUE,41.90257525,-71.35603965
9018,12/3/2009,December,Thursday,2:30,0,1,0,0,Single vehicle crash,V1: Travelling straight ahead,V1: S,Wet,Dark - lighted roadway,Rain,1.08,0,67,50,FALSE,41.89861001,-71.36943215
9019,12/3/2009,December,Thursday,5:21,2,1,1,0,Single vehicle crash,V1: Travelling straight ahead,V1: S,Wet,Dark - lighted roadway,Cloudy/Rain,1.08,0,67,50,FALSE,41.89861001,-71.36943215
9020,12/3/2009,December,Thursday,9:43,1,2,0,0,Rear-end,V1: Slowing or stopped in traffic / V2: Slowing or stopped in traffic,V1: E  / V2: E,Wet,Daylight,Cloudy,1.08,0,67,50,FALSE,41.93269195,-71.32821357
9021,12/3/2009,December,Thursday,12:34,1,2,0,0,"Sideswipe, same direction",V1: Travelling straight ahead / V2: Travelling straight ahead,V1: N  / V2: N,Dry,Daylight,Clear,1.08,0,67,50,FALSE,41.92014284,-71.35719783
9022,12/4/2009,December,Friday,15:27,1,2,0,0,Rear-end,V1: Slowing or stopped in traffic / V2: Travelling straight ahead,V1: S  / V2: S,Dry,Daylight,Clear,0,0,55,36,FALSE,41.91853733,-71.29980777
9023,12/5/2009,December,Saturday,12:00,1,1,0,0,Single vehicle crash,V1: Travelling straight ahead,V1: W,Wet,Daylight,Rain,0.66,2.1,43,32,TRUE,41.93409504,-71.31976536
9024,12/5/2009,December,Saturday,16:11,2,2,1,0,Rear-end,V1: Slowing or stopped in traffic / V2: Slowing or stopped in traffic,V1: E  / V2: E,Wet,Daylight,Cloudy,0.66,2.1,43,32,TRUE,41.91730692,-71.37165173
9025,12/5/2009,December,Saturday,17:23,1,2,0,0,"Sideswipe, opposite direction",V1: Travelling straight ahead / V2: Slowing or stopped in traffic,V1: S  / V2: N,Wet,Dark - lighted roadway,Rain,0.66,2.1,43,32,TRUE,41.90538488,-71.36569048
9026,12/5/2009,December,Saturday,20:35,0,1,0,0,0,V1: Parked,V1: 0,Wet,Dawn,Cloudy/Rain,0.66,2.1,43,32,TRUE,41.93525192,-71.28024142
9027,12/6/2009,December,Sunday,2:46,1,1,0,0,Single vehicle crash,V1: Travelling straight ahead,V1: W,Wet,Dark - lighted roadway,Snow,0.08,1.1,37,24,TRUE,41.93386542,-71.30225536
9028,12/6/2009,December,Sunday,6:28,1,1,0,0,Single vehicle crash,V1: Travelling straight ahead,V1: N,Ice,Dawn,Clear,0.08,1.1,37,24,TRUE,41.90231844,-71.35595143
9029,12/6/2009,December,Sunday,8:38,1,2,0,0,Angle,V1: Travelling straight ahead / V2: Slowing or stopped in traffic,V1: N  / V2: N,Ice,Daylight,Clear,0.08,1.1,37,24,TRUE,41.97015292,-71.29135147
9030,12/6/2009,December,Sunday,11:19,1,2,0,0,"Sideswipe, same direction",V1: Changing lanes / V2: Travelling straight ahead,V1: E  / V2: E,Wet,Daylight,Clear,0.08,1.1,37,24,TRUE,41.93397801,-71.31891093
9031,12/6/2009,December,Sunday,12:45,1,3,0,0,Rear-end,V1: Travelling straight ahead / V2: Slowing or stopped in traffic / V3: Slowing or stopped in traffic,V1: S  / V2: S  / V3: S,Dry,Daylight,Clear,0.08,1.1,37,24,TRUE,41.92160851,-71.35780084
9032,12/7/2009,December,Monday,5:55,1,2,0,0,Angle,V1: Slowing or stopped in traffic / V2: Travelling straight ahead,V1: E  / V2: S,Dry,Dark - lighted roadway,Cloudy,0,0,40,21,TRUE,41.94213878,-71.28262423
9033,12/7/2009,December,Monday,7:16,1,2,0,0,Rear-end,V1: Travelling straight ahead / V2: Slowing or stopped in traffic,V1: S  / V2: S,Dry,Dawn,Cloudy,0,0,40,21,TRUE,41.90231125,-71.35597671
9034,12/8/2009,December,Tuesday,12:46,1,2,0,0,Angle,V1: Turning right / V2: Turning right,V1: W  / V2: W,Dry,Daylight,Cloudy,0,0,42,25,TRUE,41.9446632,-71.28341486