ID,DATE,Month,Day of week,Crash Time,Crash Severity,Number of Vehicles,Total Nonfatal Injuries,Total Fatal Injuries,Manner of Collision,Vehicle Action Prior to Crash,Vehicle Travel Directions,Road Surface Condition,Ambient Light,Weather Condition,PRCP,SNOW,TMAX,TMIN,Ice,Longtitute,Latitute
9035,12/8/2009,December,Tuesday,14:31,1,2,0,0,Rear-end,V1: Turning right / V2: 0,V1: N  / V2: N,Dry,Daylight,Cloudy,0,0,42,25,TRUE,41.90289412,-71.33983183
9036,12/9/2009,December,Wednesday,6:30,1,2,0,0,Angle,V1: Travelling straight ahead / V2: Travelling straight ahead,V1: S  / V2: S,Snow,Dawn,Snow,0.88,3.8,44,28,TRUE,41.97396423,-71.2952382
9037,12/9/2009,December,Wednesday,6:47,1,1,0,0,Single vehicle crash,V1: Travelling straight ahead,V1: E,Snow,Daylight,Snow,0.88,3.8,44,28,TRUE,41.92614915,-71.34628794
9038,12/9/2009,December,Wednesday,6:48,1,1,0,0,Single vehicle crash,V1: Travelling straight ahead,V1: W,Snow,Daylight,Snow,0.88,3.8,44,28,TRUE,41.93398892,-71.30300254
9039,12/9/2009,December,Wednesday,8:26,1,2,0,0,Rear-end,V1: Travelling straight ahead / V2: Slowing or stopped in traffic,V1: S  / V2: S,Snow,Daylight,Snow,0.88,3.8,44,28,TRUE,41.9110765,-71.36278231
9040,12/9/2009,December,Wednesday,10:55,1,2,0,0,Rear-end,V1: Travelling straight ahead / V2: Slowing or stopped in traffic,V1: S  / V2: S,Snow,Daylight,Snow,0.88,3.8,44,28,TRUE,41.95808616,-71.28762486
9041,12/9/2009,December,Wednesday,11:36,1,2,0,0,Single vehicle crash,V1: Travelling straight ahead / V2: Travelling straight ahead,V1: W  / V2: W,Snow,Daylight,Snow,0.88,3.8,44,28,TRUE,41.94132723,-71.28855484
9042,12/9/2009,December,Wednesday,12:43,1,1,0,0,Single vehicle crash,V1: Travelling straight ahead,V1: 0,Wet,Daylight,Cloudy,0.88,3.8,44,28,TRUE,41.91824359,-71.25570023
9043,12/9/2009,December,Wednesday,14:17,1,2,0,0,Rear-end,V1: Slowing or stopped in traffic / V2: Slowing or stopped in traffic,V1: N  / V2: N,Ice,Daylight,Cloudy/Rain,0.88,3.8,44,28,TRUE,41.93095021,-71.35302857
9044,12/9/2009,December,Wednesday,16:18,2,1,1,0,Angle,V1: Travelling straight ahead,V1: W,Wet,Dusk,Fog,0.88,3.8,44,28,TRUE,41.91665751,-71.30376388
9045,12/10/2009,December,Thursday,10:10,2,2,1,0,Rear-end,V1: Slowing or stopped in traffic / V2: Slowing or stopped in traffic,V1: N  / V2: N,Dry,Daylight,Clear,0,0,45,29,TRUE,41.95518324,-71.30396989
9046,12/10/2009,December,Thursday,16:50,1,2,0,0,Rear-end,V1: Travelling straight ahead / V2: Slowing or stopped in traffic,V1: S  / V2: S,Dry,Dark - lighted roadway,Cloudy,0,0,45,29,TRUE,41.895012,-71.370976
9047,12/11/2009,December,Friday,17:24,1,2,0,0,Rear-end,V1: Slowing or stopped in traffic / V2: Changing lanes,V1: W  / V2: W,Dry,Dark - lighted roadway,Clear,0,0,28,22,TRUE,41.97015292,-71.29135147
9048,12/12/2009,December,Saturday,13:18,1,2,0,0,Angle,V1: Travelling straight ahead / V2: Entering traffic lane,V1: N  / V2: W,Dry,Daylight,Clear,0,0,32,20,TRUE,41.91653724,-71.36001753
9049,12/12/2009,December,Saturday,22:00,0,2,0,0,Angle,V1: Parked / V2: Backing,V1: E  / V2: S,Dry,Dark - roadway not lighted,Clear,0,0,32,20,TRUE,41.92599604,-71.3466696
9050,12/13/2009,December,Sunday,12:03,1,3,0,0,Rear-end,V1: Travelling straight ahead / V2: Slowing or stopped in traffic / V3: Slowing or stopped in traffic,V1: W  / V2: W  / V3: W,Dry,Daylight,Clear,0.93,0,49,15,TRUE,41.92614915,-71.34628794
9051,12/13/2009,December,Sunday,13:23,2,2,1,0,Angle,V1: Other / V2: Travelling straight ahead,V1: W  / V2: N,Dry,Daylight,Cloudy,0.93,0,49,15,TRUE,41.93357119,-71.30035285
9052,12/13/2009,December,Sunday,18:30,1,2,0,0,Angle,V1: 0 / V2: Travelling straight ahead,V1: 0 / V2: N,Wet,Dark - lighted roadway,Fog,0.93,0,49,15,TRUE,41.89642653,-71.37125251
9053,12/14/2009,December,Monday,2:45,1,2,0,0,Angle,V1: Travelling straight ahead / V2: Travelling straight ahead,V1: S  / V2: E,Dry,Daylight,Clear,0,0,45,30,TRUE,41.93569218,-71.28018883
9054,12/14/2009,December,Monday,9:45,1,1,0,0,Single vehicle crash,V1: Travelling straight ahead,V1: N,Wet,Daylight,Clear,0,0,45,30,TRUE,34.24438675,-73.6513909
9055,12/14/2009,December,Monday,11:00,1,2,0,0,Rear-end,V1: Travelling straight ahead / V2: Backing,V1: E  / V2: E,Wet,Daylight,Clear,0,0,45,30,TRUE,41.94198103,-71.27047672
9056,12/14/2009,December,Monday,11:11,1,2,0,0,Angle,V1: Travelling straight ahead / V2: Travelling straight ahead,V1: S  / V2: W,Dry,Daylight,Clear,0,0,45,30,TRUE,41.9404815,-71.28139686
9057,12/14/2009,December,Monday,16:22,1,2,0,0,Head-on,V1: Travelling straight ahead / V2: Turning right,V1: E  / V2: W,Dry,Dark - lighted roadway,Clear,0,0,45,30,TRUE,41.92298766,-71.35720387
9058,12/15/2009,December,Tuesday,9:13,1,2,0,0,Angle,V1: Changing lanes / V2: Travelling straight ahead,V1: W  / V2: W,Wet,Daylight,Cloudy,0,0,50,35,FALSE,41.97002856,-71.29142917
9059,12/16/2009,December,Wednesday,21:27,1,2,0,0,Angle,V1: Turning left / V2: Travelling straight ahead,V1: S  / V2: N,Dry,Dark - lighted roadway,Clear,0,0,37,26,TRUE,41.90857957,-71.36406078
9060,12/17/2009,December,Thursday,7:54,2,2,1,0,Rear-end,V1: Slowing or stopped in traffic / V2: 0,V1: N  / V2: 0,Dry,Daylight,Clear,0,0,26,11,TRUE,41.94861042,-71.27758702
9061,12/17/2009,December,Thursday,19:17,2,1,1,0,Single vehicle crash,V1: Travelling straight ahead,V1: N,Dry,Dark - lighted roadway,Clear,0,0,26,11,TRUE,41.93734073,-71.26510699
9062,12/18/2009,December,Friday,1:42,1,1,0,0,Single vehicle crash,V1: Leaving traffic lane,V1: W,Dry,Dark - lighted roadway,Clear,0,0,29,8,TRUE,41.93579874,-71.26859384
9063,12/18/2009,December,Friday,10:15,1,2,0,0,Angle,V1: Travelling straight ahead / V2: Travelling straight ahead,V1: 0 / V2: 0,Dry,Daylight,Clear,0,0,29,8,TRUE,41.94625923,-71.28694634
9064,12/18/2009,December,Friday,18:10,1,2,0,0,Angle,V1: Travelling straight ahead / V2: Turning left,V1: W  / V2: E,Dry,Dark - lighted roadway,Clear,0,0,29,8,TRUE,41.9348634,-71.29887283
9065,12/19/2009,December,Saturday,6:50,1,1,0,0,Single vehicle crash,V1: Travelling straight ahead,V1: S,Dry,Daylight,Clear,0.13,2,33,13,TRUE,41.93408925,-71.31975749
9066,12/19/2009,December,Saturday,9:03,1,2,0,0,Angle,V1: Travelling straight ahead / V2: Parked,V1: 0 / V2: 0,Dry,Daylight,Cloudy,0.13,2,33,13,TRUE,41.90971335,-71.36025333
9067,12/19/2009,December,Saturday,9:48,1,2,0,0,Rear-end,V1: Travelling straight ahead / V2: Travelling straight ahead,V1: N  / V2: N,Dry,Daylight,Cloudy,0.13,2,33,13,TRUE,41.92014284,-71.35719783
9068,12/19/2009,December,Saturday,22:51,1,2,0,0,Angle,V1: Slowing or stopped in traffic / V2: Travelling straight ahead,V1: E  / V2: N,Snow,Dark - lighted roadway,Cloudy,0.13,2,33,13,TRUE,41.94413491,-71.27260127
9069,12/20/2009,December,Sunday,11:47,1,2,0,0,Angle,V1: Slowing or stopped in traffic / V2: Travelling straight ahead,V1: 0 / V2: 0,Snow,Daylight,Snow,0.94,12.4,29,18,TRUE,41.93524005,-71.27513601
9070,12/20/2009,December,Sunday,11:53,1,1,0,0,Single vehicle crash,V1: Travelling straight ahead,V1: N,Snow,Dark - lighted roadway,Snow,0.94,12.4,29,18,TRUE,41.93118399,-71.26031362
9071,12/20/2009,December,Sunday,13:26,1,2,0,0,Head-on,V1: Travelling straight ahead / V2: Travelling straight ahead,V1: 0 / V2: E,Snow,Daylight,Snow,0.94,12.4,29,18,TRUE,34.24438675,-73.6513909
9072,12/21/2009,December,Monday,13:16,1,1,0,0,Single vehicle crash,V1: Travelling straight ahead,V1: S,Snow,Daylight,Cloudy,0,0,34,18,TRUE,41.91037219,-71.32864524
9073,12/21/2009,December,Monday,16:58,1,2,0,0,Angle,V1: Turning left / V2: Travelling straight ahead,V1: W  / V2: S,Snow,Dark - lighted roadway,Cloudy,0,0,34,18,TRUE,41.89541252,-71.37076533
9074,12/21/2009,December,Monday,18:54,2,3,1,0,Rear-end,V1: Travelling straight ahead / V2: Slowing or stopped in traffic / V3: Slowing or stopped in traffic,V1: S  / V2: S  / V3: S,Wet,Dark - lighted roadway,Clear,0,0,34,18,TRUE,41.894747,-71.371095
9075,12/22/2009,December,Tuesday,15:10,1,2,0,0,Rear-end,V1: Travelling straight ahead / V2: Slowing or stopped in traffic,V1: N  / V2: N,"Sand, mud, dirt, oil, gravel",Daylight,Clear,0,0,32,16,TRUE,41.90231125,-71.35597671
9076,12/22/2009,December,Tuesday,17:45,1,2,0,0,Angle,V1: Turning left / V2: Travelling straight ahead,V1: 0 / V2: S,Dry,Dark - roadway not lighted,Clear,0,0,32,16,TRUE,41.92241545,-71.31336866
9077,12/22/2009,December,Tuesday,19:00,1,2,0,0,"Sideswipe, opposite direction",V1: Travelling straight ahead / V2: Travelling straight ahead,V1: W  / V2: E,Dry,Dark - lighted roadway,Clear,0,0,32,16,TRUE,41.90331408,-71.33105041
9078,12/23/2009,December,Wednesday,9:31,2,1,1,0,Single vehicle crash,V1: Backing,V1: W,Wet,Daylight,Snow,0,0,28,6,TRUE,41.90960362,-71.36353303
9079,12/23/2009,December,Wednesday,15:32,0,1,0,0,0,V1: Parked,V1: 0,Wet,Daylight,Cloudy,0,0,28,6,TRUE,41.94373748,-71.28518417
9080,12/23/2009,December,Wednesday,17:21,2,2,1,0,Rear-end,V1: Travelling straight ahead / V2: Slowing or stopped in traffic,V1: W  / V2: W,Wet,Dark - lighted roadway,Cloudy,0,0,28,6,TRUE,41.92675288,-71.34334435
9081,12/24/2009,December,Thursday,15:15,1,1,0,0,Single vehicle crash,V1: Travelling straight ahead,V1: E,Ice,Daylight,Cloudy,0,0,38,13,TRUE,41.91097647,-71.26810183
9082,12/24/2009,December,Thursday,19:30,1,2,0,0,Angle,V1: Backing / V2: Turning right,V1: 0 / V2: 0,Ice,Dark - roadway not lighted,Clear,0,0,38,13,TRUE,41.92218722,-71.2888574
9083,12/24/2009,December,Thursday,20:43,1,1,0,0,"Sideswipe, same direction",V1: Parked,V1: 0,Wet,Dark - lighted roadway,Cloudy,0,0,38,13,TRUE,41.95412426,-71.26362497
9084,12/25/2009,December,Friday,1:45,2,1,1,0,Head-on,V1: Travelling straight ahead,V1: N,Ice,Dark - lighted roadway,Cloudy,0,0,37,20,TRUE,34.24438675,-73.6513909
9085,12/25/2009,December,Friday,2:40,1,1,0,0,Single vehicle crash,V1: Backing,V1: W,Snow,Dark - lighted roadway,Cloudy,0,0,37,20,TRUE,41.94637322,-71.28213261
9086,12/26/2009,December,Saturday,12:41,2,1,1,0,Single vehicle crash,V1: Backing,V1: E,"Sand, mud, dirt, oil, gravel",Daylight,Cloudy,0.01,0,42,33,FALSE,41.92351491,-71.35698204
9087,12/26/2009,December,Saturday,18:05,2,2,1,0,Angle,V1: Travelling straight ahead / V2: Travelling straight ahead,V1: N  / V2: 0,Wet,Dark - roadway not lighted,Cloudy,0.01,0,42,33,FALSE,41.89642653,-71.37125251
9088,12/26/2009,December,Saturday,19:17,1,2,0,0,"Sideswipe, opposite direction",V1: Travelling straight ahead / V2: Travelling straight ahead,V1: E  / V2: W,Wet,Dark - roadway not lighted,Clear,0.01,0,42,33,FALSE,41.92160693,-71.26169558
9089,12/26/2009,December,Saturday,22:15,1,2,0,0,Rear-end,V1: Changing lanes / V2: Travelling straight ahead,V1: W  / V2: W,Dry,Dark - lighted roadway,Clear,0.01,0,42,33,FALSE,41.91982212,-71.35857678
9090,12/27/2009,December,Sunday,12:40,1,2,0,0,Rear-end,V1: Slowing or stopped in traffic / V2: Slowing or stopped in traffic,V1: N  / V2: 0,Wet,Daylight,Cloudy/Rain,0.38,0,53,31,TRUE,41.92762143,-71.35470547
9091,12/27/2009,December,Sunday,16:21,2,2,1,0,Rear-end,V1: Slowing or stopped in traffic / V2: Travelling straight ahead,V1: S  / V2: S,Wet,Dusk,Clear,0.38,0,53,31,TRUE,41.90433577,-71.35012688
9092,12/27/2009,December,Sunday,23:12,2,1,4,0,Single vehicle crash,V1: Travelling straight ahead,V1: E,Dry,Dark - lighted roadway,Cloudy,0.38,0,53,31,TRUE,41.89672463,-71.37229153
9093,12/28/2009,December,Monday,17:00,1,2,0,0,Rear-end,V1: Slowing or stopped in traffic / V2: Travelling straight ahead,V1: S  / V2: S,Wet,Dark - lighted roadway,Clear,0.08,0,44,25,TRUE,41.92156079,-71.35782113
9094,12/29/2009,December,Tuesday,1:18,1,1,0,0,Single vehicle crash,V1: Leaving traffic lane,V1: W,Dry,Dark - lighted roadway,Clear,0,0,29,11,TRUE,41.92052953,-71.30888562
9095,12/29/2009,December,Tuesday,14:59,1,1,0,0,Single vehicle crash,V1: Travelling straight ahead,V1: E,Dry,Daylight,Clear,0,0,29,11,TRUE,41.90920238,-71.28666747
9096,12/29/2009,December,Tuesday,17:35,2,2,3,0,Angle,V1: Turning left / V2: Travelling straight ahead,V1: N  / V2: S,Dry,Dark - lighted roadway,Clear,0,0,29,11,TRUE,41.93107195,-71.26030406
9097,12/30/2009,December,Wednesday,1:25,2,2,2,0,Head-on,V1: Travelling straight ahead / V2: Travelling straight ahead,V1: N  / V2: S,Dry,Dark - lighted roadway,Clear,0,0,29,10,TRUE,41.92762143,-71.35470547
9098,12/30/2009,December,Wednesday,10:47,1,1,0,0,Single vehicle crash,V1: Travelling straight ahead,V1: S,Dry,Daylight,Clear,0,0,29,10,TRUE,34.24438675,-73.6513909
9099,12/30/2009,December,Wednesday,10:47,1,1,0,0,Single vehicle crash,V1: Travelling straight ahead,V1: S,Dry,Daylight,Clear,0,0,29,10,TRUE,34.24438675,-73.6513909
9100,12/30/2009,December,Wednesday,12:45,1,2,0,0,Rear-end,V1: Slowing or stopped in traffic / V2: Travelling straight ahead,V1: N  / V2: N,Dry,Daylight,Clear,0,0,29,10,TRUE,41.90053869,-71.36201959
9101,12/30/2009,December,Wednesday,16:37,2,1,1,0,Single vehicle crash,V1: Travelling straight ahead,V1: W,Dry,Dusk,Clear,0,0,29,10,TRUE,41.9477186,-71.30312422
9102,12/30/2009,December,Wednesday,18:00,1,2,0,0,Rear-end,V1: Turning right / V2: Turning right,V1: S  / V2: S,Dry,Dark - lighted roadway,Cloudy,0,0,29,10,TRUE,41.97015292,-71.29135147
9103,12/30/2009,December,Wednesday,21:29,1,2,0,0,Angle,V1: Turning right / V2: Travelling straight ahead,V1: W  / V2: S,Dry,Dark - lighted roadway,Clear,0,0,29,10,TRUE,41.94472687,-71.2843286
9104,12/30/2009,December,Wednesday,23:05,1,1,0,0,Single vehicle crash,V1: Travelling straight ahead,V1: W,Dry,Dark - lighted roadway,Clear,0,0,29,10,TRUE,41.91810973,-71.364077
9105,12/31/2009,December,Thursday,12:00,1,2,0,0,Rear-end,V1: Slowing or stopped in traffic / V2: Slowing or stopped in traffic,V1: W  / V2: W,Snow,Daylight,Snow,0.14,2.3,30,22,TRUE,41.92446027,-71.28906706
9106,12/31/2009,December,Thursday,12:02,1,2,0,0,Rear-end,V1: Slowing or stopped in traffic / V2: Travelling straight ahead,V1: E  / V2: E,Snow,Daylight,Snow,0.14,2.3,30,22,TRUE,41.94468022,-71.28325128
9107,12/31/2009,December,Thursday,12:06,1,2,0,0,Angle,V1: Turning left / V2: Travelling straight ahead,V1: N  / V2: N,Snow,Daylight,Snow,0.14,2.3,30,22,TRUE,41.89804027,-71.37674712
9108,12/31/2009,December,Thursday,12:06,2,1,1,0,Single vehicle crash,V1: Turning left,V1: E,Ice,Daylight,Snow,0.14,2.3,30,22,TRUE,41.89804027,-71.37674712
9109,12/31/2009,December,Thursday,12:18,2,2,1,0,Angle,V1: Turning right / V2: Travelling straight ahead,V1: N  / V2: W,Snow,Daylight,Snow,0.14,2.3,30,22,TRUE,41.89963731,-71.35631706
9110,12/31/2009,December,Thursday,12:20,2,1,1,0,Single vehicle crash,V1: Travelling straight ahead,V1: S,Snow,Daylight,Snow,0.14,2.3,30,22,TRUE,34.24438675,-73.6513909
9111,12/31/2009,December,Thursday,12:25,2,2,1,0,Angle,V1: Travelling straight ahead / V2: Slowing or stopped in traffic,V1: S  / V2: E,Snow,Daylight,Snow,0.14,2.3,30,22,TRUE,41.9370756,-71.28238678
9112,12/31/2009,December,Thursday,12:42,1,1,0,0,Single vehicle crash,V1: Slowing or stopped in traffic,V1: 0,Snow,Daylight,Snow,0.14,2.3,30,22,TRUE,41.92508738,-71.35628348
9113,12/31/2009,December,Thursday,12:56,1,2,0,0,Head-on,V1: Travelling straight ahead / V2: Travelling straight ahead,V1: E  / V2: W,Snow,Daylight,Snow,0.14,2.3,30,22,TRUE,41.96631776,-71.29608393
9114,12/31/2009,December,Thursday,22:28,0,2,0,0,Angle,V1: Parked / V2: 0,V1: 0 / V2: 0,Snow,Dark - lighted roadway,Snow,0.14,2.3,30,22,TRUE,41.94413491,-71.27260127
9115,1/1/2010,January,Friday,18:10,1,2,0,0,Rear-end,V1: Travelling straight ahead / V2: Travelling straight ahead,V1: N  / V2: N,0,Daylight,Clear,0.05,0.3,35,25,TRUE,41.92521765,-71.28783389
9116,1/1/2010,January,Friday,18:40,1,2,0,0,Angle,V1: Travelling straight ahead / V2: Travelling straight ahead,V1: S  / V2: E,Dry,Daylight,Clear,0.05,0.3,35,25,TRUE,41.93676851,-71.27982469
9117,1/2/2010,January,Saturday,6:35,1,2,0,0,"Sideswipe, opposite direction",V1: Travelling straight ahead / V2: Travelling straight ahead,V1: E  / V2: W,Snow,Dusk,Snow,0.16,2.8,31,18,TRUE,34.24438675,-73.6513909
9118,1/2/2010,January,Saturday,7:06,1,2,0,0,Rear-end,V1: Travelling straight ahead / V2: Travelling straight ahead,V1: N  / V2: N,Dry,Daylight,Clear,0.16,2.8,31,18,TRUE,41.94430701,-71.30913523
9119,1/2/2010,January,Saturday,15:04,1,2,0,0,Angle,V1: Travelling straight ahead / V2: 0,V1: E  / V2: 0,Snow,Daylight,Snow,0.16,2.8,31,18,TRUE,41.92387717,-71.35158914
9120,1/2/2010,January,Saturday,16:58,1,2,0,0,Rear-end,V1: 0 / V2: 0,V1: S  / V2: 0,Snow,Dusk,Snow,0.16,2.8,31,18,TRUE,41.91329854,-71.30797099
9121,1/2/2010,January,Saturday,17:37,2,2,1,0,"Sideswipe, opposite direction",V1: Travelling straight ahead / V2: Travelling straight ahead,V1: S  / V2: N,Snow,Dark - roadway not lighted,Snow,0.16,2.8,31,18,TRUE,41.92614916,-71.34628794
9122,1/2/2010,January,Saturday,18:52,1,2,0,0,Angle,V1: Turning left / V2: Travelling straight ahead,V1: E  / V2: 0,Snow,Dark - lighted roadway,Snow,0.16,2.8,31,18,TRUE,41.95078511,-71.27391628
9123,1/2/2010,January,Saturday,23:50,2,2,3,0,Rear-end,V1: Overtaking/passing / V2: Travelling straight ahead,V1: S  / V2: S,Snow,Dark - roadway not lighted,Snow,0.16,2.8,31,18,TRUE,41.90261292,-71.35590916
9124,1/3/2010,January,Sunday,0:19,2,2,4,0,Rear-end,V1: Travelling straight ahead / V2: Travelling straight ahead,V1: S  / V2: S,Wet,Dark - lighted roadway,Snow,0.14,3,26,14,TRUE,41.96712418,-71.29097941
9125,1/3/2010,January,Sunday,2:18,1,3,0,0,Angle,V1: Travelling straight ahead / V2: Travelling straight ahead / V3: Travelling straight ahead,V1: N  / V2: N  / V3: N,Snow,Dark - roadway not lighted,Snow,0.14,3,26,14,TRUE,41.95593405,-71.30346756
9126,1/3/2010,January,Sunday,3:16,1,1,0,0,Single vehicle crash,V1: Travelling straight ahead,V1: N,Snow,Dark - roadway not lighted,Snow,0.14,3,26,14,TRUE,41.92886054,-71.32309841
9127,1/3/2010,January,Sunday,7:01,1,1,0,0,Single vehicle crash,V1: Travelling straight ahead,V1: S,Snow,Daylight,Snow,0.14,3,26,14,TRUE,41.91427909,-71.23467379
9128,1/3/2010,January,Sunday,7:50,0,1,0,0,Single vehicle crash,V1: Travelling straight ahead,V1: S,Snow,Daylight,Snow,0.14,3,26,14,TRUE,34.24438675,-73.6513909
9129,1/3/2010,January,Sunday,9:45,1,2,0,0,Angle,V1: Travelling straight ahead / V2: 0,V1: N  / V2: N,Snow,Daylight,Snow,0.14,3,26,14,TRUE,41.95593405,-71.30346756
9130,1/4/2010,January,Monday,8:29,2,2,1,0,Angle,V1: Travelling straight ahead / V2: Travelling straight ahead,V1: W  / V2: N,Wet,Daylight,Clear,0,0,35,20,TRUE,41.94472176,-71.2812504
9131,1/4/2010,January,Monday,18:38,1,2,0,0,Angle,V1: Travelling straight ahead / V2: Travelling straight ahead,V1: N  / V2: E,Wet,Dark - lighted roadway,Cloudy,0,0,35,20,TRUE,41.94472176,-71.2812504
9132,1/5/2010,January,Tuesday,8:15,1,1,0,0,Single vehicle crash,V1: Turning right,V1: N,Ice,Daylight,Clear,0,0,31,19,TRUE,41.95428777,-71.3119492
9133,1/5/2010,January,Tuesday,8:30,1,2,0,0,Rear-end,V1: Slowing or stopped in traffic / V2: Slowing or stopped in traffic,V1: S  / V2: S,Ice,Daylight,Cloudy,0,0,31,19,TRUE,41.92927402,-71.32377045
9134,1/5/2010,January,Tuesday,8:41,1,1,0,0,"Sideswipe, same direction",V1: Turning right,V1: 0,Wet,Daylight,Clear,0,0,31,19,TRUE,41.94225649,-71.27227635
9135,1/5/2010,January,Tuesday,13:13,1,2,0,0,Rear-end,V1: Travelling straight ahead / V2: Travelling straight ahead,V1: S  / V2: S,Dry,Daylight,Clear,0,0,31,19,TRUE,41.90255038,-71.35612579
9136,1/5/2010,January,Tuesday,17:14,1,2,0,0,Angle,V1: Turning left / V2: Travelling straight ahead,V1: S  / V2: W,Dry,Dark - lighted roadway,Cloudy,0,0,31,19,TRUE,41.91956044,-71.35964488
9137,1/5/2010,January,Tuesday,18:32,1,2,0,0,Rear-end,V1: Slowing or stopped in traffic / V2: Slowing or stopped in traffic,V1: N  / V2: N,Dry,Dark - lighted roadway,Cloudy,0,0,31,19,TRUE,41.90241817,-71.35561188
9138,1/6/2010,January,Wednesday,1:50,2,2,1,0,Rear-end,V1: Travelling straight ahead / V2: Travelling straight ahead,V1: 0 / V2: S,Wet,Daylight,Clear,0,0,34,20,TRUE,41.92734177,-71.2850606
9139,1/6/2010,January,Wednesday,9:35,1,2,0,0,Angle,V1: Travelling straight ahead / V2: Travelling straight ahead,V1: S  / V2: W,Dry,Daylight,Clear,0,0,34,20,TRUE,41.94774809,-71.28390704
9140,1/7/2010,January,Thursday,8:22,1,1,0,0,Head-on,V1: Turning right,V1: S,Dry,Daylight,Clear,0,0,40,22,TRUE,41.9515834,-71.29702782
9141,1/7/2010,January,Thursday,11:46,1,2,0,0,Angle,V1: Entering traffic lane / V2: Travelling straight ahead,V1: E  / V2: N,Dry,Daylight,Clear,0,0,40,22,TRUE,41.94757814,-71.27890389
9142,1/7/2010,January,Thursday,14:17,0,1,0,0,Single vehicle crash,V1: 0,V1: S,Dry,Daylight,Clear,0,0,40,22,TRUE,41.94683059,-71.28375977
9143,1/7/2010,January,Thursday,16:29,1,2,0,0,Angle,V1: Turning left / V2: Travelling straight ahead,V1: W  / V2: N,Dry,Daylight,Clear,0,0,40,22,TRUE,41.93732881,-71.28475709
9144,1/7/2010,January,Thursday,18:27,2,2,1,0,Rear-end,V1: Travelling straight ahead / V2: Slowing or stopped in traffic,V1: N  / V2: N,Dry,Dark - lighted roadway,Clear,0,0,40,22,TRUE,41.93623387,-71.28481203
9145,1/8/2010,January,Friday,5:25,1,2,0,0,Angle,V1: Turning left / V2: Travelling straight ahead,V1: E  / V2: S,Dry,Dark - lighted roadway,Cloudy,0.02,0.3,31,18,TRUE,41.94804118,-71.28856015
9146,1/8/2010,January,Friday,10:35,1,2,0,0,Rear-end,V1: Backing / V2: Parked,V1: 0 / V2: 0,Dry,Dark - lighted roadway,Clear,0.02,0.3,31,18,TRUE,41.89840199,-71.37800343
9147,1/8/2010,January,Friday,14:48,1,2,0,0,Rear-end,V1: Changing lanes / V2: Slowing or stopped in traffic,V1: N  / V2: N,Wet,Daylight,Snow,0.02,0.3,31,18,TRUE,41.91325585,-71.3590575
9148,1/8/2010,January,Friday,15:51,2,2,3,0,Rear-end,V1: Travelling straight ahead / V2: Travelling straight ahead,V1: N  / V2: N,Wet,Daylight,Snow,0.02,0.3,31,18,TRUE,41.92582442,-71.34707855
9149,1/9/2010,January,Saturday,1:55,1,2,0,0,Rear-end,V1: Backing / V2: Slowing or stopped in traffic,V1: E  / V2: E,Wet,Dawn,Cloudy,0,0,29,13,TRUE,41.97015292,-71.29135147
9150,1/9/2010,January,Saturday,3:33,1,1,0,0,Single vehicle crash,V1: Changing lanes,V1: N,Dry,Dark - roadway not lighted,Clear,0,0,29,13,TRUE,41.95593405,-71.30346756
9151,1/9/2010,January,Saturday,4:45,1,2,0,0,0,V1: Turning left / V2: Slowing or stopped in traffic,V1: E  / V2: 0,Dry,Daylight,Cloudy,0,0,29,13,TRUE,41.93503657,-71.2848971
9152,1/9/2010,January,Saturday,10:26,1,2,0,0,Angle,V1: Overtaking/passing / V2: Turning right,V1: W  / V2: N,Dry,Daylight,Clear,0,0,29,13,TRUE,41.94274018,-71.28432859
9153,1/9/2010,January,Saturday,15:11,1,2,0,0,Rear-end,V1: Travelling straight ahead / V2: Slowing or stopped in traffic,V1: N  / V2: N,Dry,Daylight,Clear,0,0,29,13,TRUE,41.92422491,-71.35666368
9154,1/10/2010,January,Sunday,5:37,2,1,1,0,Single vehicle crash,V1: Travelling straight ahead,V1: N,Dry,Dark - lighted roadway,Clear,0,0,28,2,TRUE,41.92900668,-71.28444301
9155,1/12/2010,January,Tuesday,10:48,1,2,0,0,Angle,V1: Travelling straight ahead / V2: Travelling straight ahead,V1: E  / V2: 0,Dry,Daylight,Clear,0,0,35,15,TRUE,41.94444966,-71.2795884
9156,1/13/2010,January,Wednesday,8:36,1,1,0,0,Single vehicle crash,V1: 0,V1: S,Wet,Daylight,Clear,0,0,33,11,TRUE,41.9126112,-71.27370201
9157,1/13/2010,January,Wednesday,9:51,1,2,0,0,Angle,V1: Travelling straight ahead / V2: Travelling straight ahead,V1: S  / V2: S,"Sand, mud, dirt, oil, gravel",Daylight,Clear,0,0,33,11,TRUE,41.95180679,-71.2898592
9158,1/13/2010,January,Wednesday,11:54,1,2,0,0,Rear-end,V1: Slowing or stopped in traffic / V2: Slowing or stopped in traffic,V1: 0 / V2: 0,Dry,Daylight,Clear,0,0,33,11,TRUE,41.93398416,-71.31904724
9159,1/13/2010,January,Wednesday,14:03,1,3,0,0,Rear-end,V1: Slowing or stopped in traffic / V2: Slowing or stopped in traffic / V3: 0,V1: N  / V2: N  / V3: 0,"Sand, mud, dirt, oil, gravel",Daylight,Clear,0,0,33,11,TRUE,41.93409799,-71.31895722
9160,1/14/2010,January,Thursday,15:53,1,2,0,0,Angle,V1: Travelling straight ahead / V2: Travelling straight ahead,V1: W  / V2: S,Dry,Daylight,Clear,0,0,38,13,TRUE,41.95180679,-71.2898592