ID,DATE,Month,Day of week,Crash Time,Crash Severity,Number of Vehicles,Total Nonfatal Injuries,Total Fatal Injuries,Manner of Collision,Vehicle Action Prior to Crash,Vehicle Travel Directions,Road Surface Condition,Ambient Light,Weather Condition,PRCP,SNOW,TMAX,TMIN,Ice,Longtitute,Latitute
9161,1/15/2010,January,Friday,9:05,1,1,0,0,Single vehicle crash,V1: Travelling straight ahead,V1: S,Dry,Daylight,Clear,0,0,46,20,TRUE,41.94140605,-71.28436439
9162,1/15/2010,January,Friday,16:49,1,2,0,0,Angle,V1: Travelling straight ahead / V2: Travelling straight ahead,V1: S  / V2: E,Dry,Dark - lighted roadway,Cloudy,0,0,46,20,TRUE,41.9370756,-71.28238678
9163,1/16/2010,January,Saturday,13:10,1,2,0,0,Head-on,V1: Travelling straight ahead / V2: Turning left,V1: W  / V2: E,Dry,Daylight,Clear,0,0,48,27,TRUE,41.95090811,-71.27361366
9164,1/17/2010,January,Sunday,13:25,1,2,0,0,Rear-end,V1: Travelling straight ahead / V2: Travelling straight ahead,V1: N  / V2: N,Dry,Daylight,Clear,0.78,0,41,23,TRUE,41.92280259,-71.35728124
9165,1/18/2010,January,Monday,7:46,1,2,0,0,Angle,V1: Travelling straight ahead / V2: Travelling straight ahead,V1: W  / V2: E,Wet,Dawn,Snow,0.7,0.5,38,31,TRUE,41.96939377,-71.29355357
9166,1/18/2010,January,Monday,12:14,1,2,0,0,"Sideswipe, same direction",V1: Travelling straight ahead / V2: Travelling straight ahead,V1: N  / V2: N,Wet,Daylight,Rain,0.7,0.5,38,31,TRUE,41.94728423,-71.30927804
9167,1/18/2010,January,Monday,17:23,1,3,0,0,Rear-end,V1: Slowing or stopped in traffic / V2: Slowing or stopped in traffic / V3: Slowing or stopped in traffic,V1: S  / V2: S  / V3: S,Wet,Dark - roadway not lighted,Cloudy,0.7,0.5,38,31,TRUE,41.92644259,-71.35554103
9168,1/19/2010,January,Tuesday,10:54,1,1,0,0,Single vehicle crash,V1: Travelling straight ahead,V1: N,Wet,Daylight,Cloudy,0.28,0,36,28,TRUE,41.95472617,-71.30190416
9169,1/19/2010,January,Tuesday,17:06,1,2,0,0,Angle,V1: Other / V2: Travelling straight ahead,V1: S  / V2: N,Wet,Dark - lighted roadway,Rain,0.28,0,36,28,TRUE,41.93676556,-71.24918472
9170,1/19/2010,January,Tuesday,18:25,1,2,0,0,"Sideswipe, same direction",V1: Travelling straight ahead / V2: Travelling straight ahead,V1: S  / V2: S,Dry,Dark - lighted roadway,Cloudy,0.28,0,36,28,TRUE,41.91982212,-71.35857678
9171,1/19/2010,January,Tuesday,18:34,2,2,1,0,Angle,V1: Travelling straight ahead / V2: Travelling straight ahead,V1: W  / V2: N,Wet,Dark - lighted roadway,Cloudy/Rain,0.28,0,36,28,TRUE,41.94121777,-71.2768631
9172,1/21/2010,January,Thursday,14:23,1,3,0,0,Rear-end,V1: Travelling straight ahead / V2: Travelling straight ahead / V3: Travelling straight ahead,V1: S  / V2: S  / V3: S,Dry,Daylight,Clear,0,0,43,23,TRUE,41.92762143,-71.35470547
9173,1/21/2010,January,Thursday,16:41,2,2,3,0,Angle,V1: Turning left / V2: Travelling straight ahead,V1: 0 / V2: 0,Dry,Daylight,Clear,0,0,43,23,TRUE,41.9348634,-71.29887283
9174,1/21/2010,January,Thursday,17:45,1,2,0,0,Rear-end,V1: Slowing or stopped in traffic / V2: Travelling straight ahead,V1: E  / V2: E,Dry,Dark - lighted roadway,Clear,0,0,43,23,TRUE,41.95202382,-71.27106898
9175,1/22/2010,January,Friday,0:13,1,1,0,0,Single vehicle crash,V1: Turning right,V1: N,Dry,Dark - lighted roadway,Clear,0,0,40,19,TRUE,41.91329854,-71.30797099
9176,1/22/2010,January,Friday,7:23,1,2,0,0,"Sideswipe, opposite direction",V1: Turning left / V2: Travelling straight ahead,V1: 0 / V2: 0,Dry,Daylight,Clear,0,0,40,19,TRUE,41.94757814,-71.27890389
9177,1/22/2010,January,Friday,20:44,1,1,0,0,Single vehicle crash,V1: Other,V1: W,Dry,Dark - lighted roadway,Clear,0,0,40,19,TRUE,41.90230457,-71.36725828
9178,1/23/2010,January,Saturday,0:53,1,1,0,0,"Sideswipe, same direction",V1: Travelling straight ahead,V1: E,Dry,Dark - lighted roadway,Clear,0,0,39,19,TRUE,41.93126021,-71.2911735
9179,1/23/2010,January,Saturday,12:15,1,2,0,0,Angle,V1: Travelling straight ahead / V2: Travelling straight ahead,V1: W  / V2: N,Dry,Daylight,Clear,0,0,39,19,TRUE,41.91653724,-71.36001753
9180,1/24/2010,January,Sunday,1:39,1,1,0,0,Single vehicle crash,V1: Travelling straight ahead,V1: 0,Dry,Dark - lighted roadway,Clear,0,0,42,16,TRUE,41.92005353,-71.35763433
9181,1/25/2010,January,Monday,8:11,1,2,0,0,Angle,V1: Backing / V2: Travelling straight ahead,V1: W  / V2: N,Dry,Daylight,Cloudy,1.54,0,58,40,FALSE,41.90156182,-71.36972569
9182,1/25/2010,January,Monday,11:06,1,2,0,0,Rear-end,V1: Turning left / V2: Travelling straight ahead,V1: E  / V2: W,Wet,Daylight,Cloudy/Rain,1.54,0,58,40,FALSE,41.93363156,-71.30076394
9183,1/25/2010,January,Monday,13:37,1,2,0,0,Rear-end,V1: Entering traffic lane / V2: Entering traffic lane,V1: E  / V2: E,Wet,Daylight,Cloudy/Rain,1.54,0,58,40,FALSE,41.93398416,-71.31904724
9184,1/25/2010,January,Monday,15:23,1,1,0,0,Single vehicle crash,V1: Travelling straight ahead,V1: 0,Wet,Daylight,Clear,1.54,0,58,40,FALSE,41.9405869,-71.29142338
9185,1/25/2010,January,Monday,16:55,1,2,0,0,Angle,V1: Travelling straight ahead / V2: Backing,V1: N  / V2: E,Wet,Dusk,Rain,1.54,0,58,40,FALSE,41.94703037,-71.28379184
9186,1/26/2010,January,Tuesday,21:27,2,1,1,0,Single vehicle crash,V1: Travelling straight ahead,V1: S,Dry,Dark - lighted roadway,Clear,0.04,0,48,29,TRUE,41.93869377,-71.26660887
9187,1/27/2010,January,Wednesday,13:28,2,1,1,0,Single vehicle crash,V1: Travelling straight ahead,V1: N,Dry,Daylight,Clear,0,0,44,26,TRUE,41.92900797,-71.28446457
9188,1/27/2010,January,Wednesday,14:37,2,2,1,0,Angle,V1: Travelling straight ahead / V2: Travelling straight ahead,V1: 0 / V2: 0,Dry,Daylight,Clear,0,0,44,26,TRUE,41.93830895,-71.28203041
9189,1/27/2010,January,Wednesday,15:59,1,2,0,0,Rear-end,V1: Slowing or stopped in traffic / V2: Slowing or stopped in traffic,V1: E  / V2: E,Dry,Daylight,Cloudy,0,0,44,26,TRUE,41.93409799,-71.31895722
9190,1/28/2010,January,Thursday,17:44,2,1,1,0,Single vehicle crash,V1: Travelling straight ahead,V1: N,Ice,Dark - lighted roadway,Snow,0.06,0.3,34,18,TRUE,41.94359287,-71.29114388
9191,1/28/2010,January,Thursday,19:00,1,1,0,0,Single vehicle crash,V1: Travelling straight ahead,V1: E,Snow,Dark - lighted roadway,Snow,0.06,0.3,34,18,TRUE,41.92387717,-71.35158914
9192,1/28/2010,January,Thursday,19:22,1,1,0,0,Single vehicle crash,V1: Travelling straight ahead,V1: E,Snow,Dark - lighted roadway,Snow,0.06,0.3,34,18,TRUE,41.91105177,-71.34018339
9193,1/28/2010,January,Thursday,19:40,1,1,0,0,Single vehicle crash,V1: Travelling straight ahead,V1: E,Snow,Dark - lighted roadway,Snow,0.06,0.3,34,18,TRUE,41.90773175,-71.33767311
9194,1/28/2010,January,Thursday,20:15,1,1,0,0,Single vehicle crash,V1: Turning left,V1: S,Snow,Dark - lighted roadway,Snow,0.06,0.3,34,18,TRUE,41.92446027,-71.28906706
9195,1/29/2010,January,Friday,13:06,1,3,0,0,Rear-end,V1: Travelling straight ahead / V2: Slowing or stopped in traffic / V3: Slowing or stopped in traffic,V1: N  / V2: N  / V3: N,Dry,Daylight,Clear,0,0,20,10,TRUE,41.93363156,-71.30076394
9196,1/29/2010,January,Friday,18:18,2,2,2,0,Head-on,V1: Travelling straight ahead / V2: Turning left,V1: N  / V2: S,Dry,Dark - lighted roadway,Clear,0,0,20,10,TRUE,41.92241545,-71.31336866
9197,1/30/2010,January,Saturday,1:12,2,1,1,0,Single vehicle crash,V1: Travelling straight ahead,V1: S,Dry,Dark - lighted roadway,Clear,0,0,22,4,TRUE,41.92664323,-71.34535992
9198,1/30/2010,January,Saturday,1:50,1,1,0,0,Single vehicle crash,V1: Travelling straight ahead,V1: N,Dry,Dark - roadway not lighted,Clear,0,0,22,4,TRUE,41.92886054,-71.32309841
9199,1/30/2010,January,Saturday,12:50,1,2,0,0,Rear-end,V1: Travelling straight ahead / V2: 0,V1: N  / V2: N,Dry,Daylight,Cloudy,0,0,22,4,TRUE,41.91325585,-71.3590575
9200,1/30/2010,January,Saturday,13:18,1,2,0,0,Rear-end,V1: Entering traffic lane / V2: Entering traffic lane,V1: E  / V2: E,Dry,Daylight,Cloudy,0,0,22,4,TRUE,41.90257525,-71.35603965
9201,1/30/2010,January,Saturday,13:38,1,2,0,0,"Sideswipe, same direction",V1: Changing lanes / V2: Entering traffic lane,V1: S  / V2: S,Dry,Daylight,Cloudy,0,0,22,4,TRUE,41.92890096,-71.35392056
9202,1/31/2010,January,Sunday,17:45,1,2,0,0,Rear-end,V1: Travelling straight ahead / V2: Slowing or stopped in traffic,V1: S  / V2: E,Dry,Dark - lighted roadway,Clear,0,0,29,12,TRUE,41.92639534,-71.35557363
9203,2/1/2010,February,Monday,6:40,1,2,0,0,Rear-end,V1: Slowing or stopped in traffic / V2: Slowing or stopped in traffic,V1: E  / V2: E,Dry,Daylight,Clear,0,0,35,16,TRUE,41.94431166,-71.28140274
9204,2/1/2010,February,Monday,10:36,1,2,0,0,Rear-end,V1: Slowing or stopped in traffic / V2: Slowing or stopped in traffic,V1: S  / V2: S,Dry,Daylight,Clear,0,0,35,16,TRUE,41.92508738,-71.35628348
9205,2/1/2010,February,Monday,12:12,1,2,0,0,"Sideswipe, same direction",V1: Travelling straight ahead / V2: Travelling straight ahead,V1: N  / V2: N,Dry,Daylight,Clear,0,0,35,16,TRUE,41.90538488,-71.36569048
9206,2/2/2010,February,Tuesday,15:28,1,2,0,0,Rear-end,V1: Travelling straight ahead / V2: 0,V1: W  / V2: 0,Dry,Daylight,Cloudy,0,0,31,16,TRUE,41.93569218,-71.28018883
9207,2/2/2010,February,Tuesday,18:46,1,1,0,0,Single vehicle crash,V1: Travelling straight ahead,V1: W,Dry,Dark - lighted roadway,Cloudy,0,0,31,16,TRUE,41.92841032,-71.27669595
9208,2/3/2010,February,Wednesday,8:30,1,2,0,0,Rear-end,V1: Slowing or stopped in traffic / V2: Slowing or stopped in traffic,V1: W  / V2: W,Wet,Daylight,Snow,0.02,0.4,37,22,TRUE,41.94472176,-71.2812504
9209,2/3/2010,February,Wednesday,13:49,1,2,0,0,Angle,V1: Backing / V2: Travelling straight ahead,V1: S  / V2: W,Dry,Daylight,Cloudy,0.02,0.4,37,22,TRUE,41.95451089,-71.28643294
9210,2/3/2010,February,Wednesday,13:52,1,2,0,0,Angle,V1: Travelling straight ahead / V2: Travelling straight ahead,V1: W  / V2: N,"Sand, mud, dirt, oil, gravel",Daylight,Cloudy,0.02,0.4,37,22,TRUE,41.95484304,-71.28856385
9211,2/4/2010,February,Thursday,9:05,1,1,0,0,Single vehicle crash,V1: Travelling straight ahead,V1: E,Dry,Daylight,Clear,0,0,35,21,TRUE,41.90331673,-71.33324009
9212,2/4/2010,February,Thursday,10:19,1,2,0,0,"Sideswipe, opposite direction",V1: Turning left / V2: Travelling straight ahead,V1: S  / V2: N,Dry,Daylight,Clear,0,0,35,21,TRUE,41.92762143,-71.35470547
9213,2/4/2010,February,Thursday,14:40,1,2,0,0,Rear-end,V1: Travelling straight ahead / V2: Travelling straight ahead,V1: N  / V2: N,Dry,Daylight,Clear,0,0,35,21,TRUE,41.95593405,-71.30346756
9214,2/4/2010,February,Thursday,15:01,1,2,0,0,Head-on,V1: Turning left / V2: Travelling straight ahead,V1: E  / V2: W,Dry,Daylight,Clear,0,0,35,21,TRUE,41.89721113,-71.36942089
9215,2/4/2010,February,Thursday,15:55,1,2,0,0,Angle,V1: Entering traffic lane / V2: Travelling straight ahead,V1: S  / V2: S,Dry,Daylight,Cloudy,0,0,35,21,TRUE,41.90257525,-71.35603965
9216,2/4/2010,February,Thursday,18:00,2,2,1,0,Angle,V1: Turning left / V2: Travelling straight ahead,V1: S  / V2: E,Dry,Dark - lighted roadway,Clear,0,0,35,21,TRUE,41.93401501,-71.31496153
9217,2/5/2010,February,Friday,12:00,1,2,0,0,Angle,V1: Turning left / V2: Travelling straight ahead,V1: N  / V2: E,Dry,Daylight,Clear,0,0,38,16,TRUE,41.92517263,-71.34865517
9218,2/5/2010,February,Friday,12:04,2,2,1,0,Angle,V1: Travelling straight ahead / V2: Turning left,V1: W  / V2: 0,Dry,Daylight,Clear,0,0,38,16,TRUE,41.89877036,-71.35512121
9219,2/5/2010,February,Friday,14:49,1,2,0,0,Rear-end,V1: Travelling straight ahead / V2: Travelling straight ahead,V1: W  / V2: S,Dry,Daylight,Cloudy,0,0,38,16,TRUE,41.94757814,-71.27890389
9220,2/5/2010,February,Friday,16:35,1,2,0,0,Rear-end,V1: Slowing or stopped in traffic / V2: Travelling straight ahead,V1: S  / V2: S,Dry,Daylight,Clear,0,0,38,16,TRUE,41.96019052,-71.3011813
9221,2/5/2010,February,Friday,17:36,1,4,0,0,Rear-end,V1: Slowing or stopped in traffic / V2: Travelling straight ahead / V3: Slowing or stopped in traffic / V4: Travelling straight ahead,V1: S  / V2: S  / V3: S  / V4: S,Dry,Dusk,Clear,0,0,38,16,TRUE,41.96019052,-71.3011813
9222,2/6/2010,February,Saturday,17:18,1,2,0,0,"Sideswipe, same direction",V1: Overtaking/passing / V2: Turning right,V1: W  / V2: W,Dry,Dark - lighted roadway,Clear,0,0,27,17,TRUE,41.95456098,-71.28676964
9223,2/7/2010,February,Sunday,19:05,1,1,0,0,Single vehicle crash,V1: Travelling straight ahead,V1: E,Dry,Dark - lighted roadway,Clear,0,0,35,12,TRUE,41.89792886,-71.37652189
9224,2/8/2010,February,Monday,17:36,1,2,0,0,Angle,V1: Travelling straight ahead / V2: Turning right,V1: W  / V2: 0,Dry,Dark - lighted roadway,Clear,0,0,35,19,TRUE,41.94213878,-71.28262423
9225,2/8/2010,February,Monday,18:00,1,2,0,0,Angle,V1: Backing / V2: Backing,V1: W  / V2: E,Dry,Dark - lighted roadway,Cloudy,0,0,35,19,TRUE,41.92858432,-71.28437027
9226,2/9/2010,February,Tuesday,10:33,1,2,0,0,Rear-end,V1: Slowing or stopped in traffic / V2: Slowing or stopped in traffic,V1: S  / V2: S,Dry,Daylight,Clear,0,0,42,19,TRUE,41.95447725,-71.25383749
9227,2/9/2010,February,Tuesday,12:20,1,2,0,0,Angle,V1: Turning left / V2: Travelling straight ahead,V1: S  / V2: W,Dry,Daylight,Clear,0,0,42,19,TRUE,41.93914023,-71.2762878
9228,2/9/2010,February,Tuesday,17:10,1,2,0,0,Rear-end,V1: Travelling straight ahead / V2: Turning left,V1: S  / V2: S,Dry,Dusk,Clear,0,0,42,19,TRUE,41.96016653,-71.29669792
9229,2/9/2010,February,Tuesday,19:02,1,2,0,0,Angle,V1: Travelling straight ahead / V2: Travelling straight ahead,V1: E  / V2: S,Dry,Daylight,Cloudy,0,0,42,19,TRUE,41.90588782,-71.37669559
9230,2/11/2010,February,Thursday,8:21,1,1,0,0,Single vehicle crash,V1: Travelling straight ahead,V1: E,Snow,Daylight,Clear,0,0,41,27,TRUE,41.93676557,-71.24918466
9231,2/11/2010,February,Thursday,10:15,1,1,0,0,Single vehicle crash,V1: Travelling straight ahead,V1: S,Snow,Daylight,Snow,0,0,41,27,TRUE,41.91172369,-71.26137322
9232,2/11/2010,February,Thursday,14:42,1,2,0,0,Rear-end,V1: Travelling straight ahead / V2: Travelling straight ahead,V1: W  / V2: W,Dry,Daylight,Clear,0,0,41,27,TRUE,41.93414522,-71.30494865
9233,2/11/2010,February,Thursday,16:58,1,2,0,0,Rear-end,V1: Slowing or stopped in traffic / V2: Slowing or stopped in traffic,V1: N  / V2: N,Dry,Daylight,Clear,0,0,41,27,TRUE,41.90241817,-71.35561188
9234,2/11/2010,February,Thursday,17:27,1,1,0,0,Single vehicle crash,V1: Travelling straight ahead,V1: S,Dry,Dark - lighted roadway,Clear,0,0,41,27,TRUE,41.91739569,-71.35962701
9235,2/11/2010,February,Thursday,18:09,1,2,0,0,Angle,V1: Travelling straight ahead / V2: Entering traffic lane,V1: W  / V2: E,Dry,Dark - lighted roadway,Clear,0,0,41,27,TRUE,41.95090811,-71.27361366
9236,2/11/2010,February,Thursday,20:44,1,2,0,0,0,V1: Travelling straight ahead / V2: Travelling straight ahead,V1: N  / V2: 0,Dry,Dark - lighted roadway,Clear,0,0,41,27,TRUE,41.93586646,-71.34113165
9237,2/12/2010,February,Friday,9:40,1,2,0,0,Angle,V1: Turning left / V2: Travelling straight ahead,V1: N  / V2: S,Dry,Daylight,Clear,0,0,40,22,TRUE,41.90898958,-71.31609431
9238,2/12/2010,February,Friday,17:51,1,3,0,0,Rear-end,V1: Travelling straight ahead / V2: Slowing or stopped in traffic / V3: Slowing or stopped in traffic,V1: N  / V2: N  / V3: 0,Dry,Dark - lighted roadway,Clear,0,0,40,22,TRUE,41.93095021,-71.35302857
9239,2/13/2010,February,Saturday,11:30,1,1,0,0,Single vehicle crash,V1: Travelling straight ahead,V1: S,Dry,Daylight,Cloudy,0,0,36,18,TRUE,41.90796653,-71.35739499
9240,2/13/2010,February,Saturday,17:47,1,2,0,0,Rear-end,V1: Slowing or stopped in traffic / V2: 0,V1: N  / V2: 0,Dry,Dark - lighted roadway,Clear,0,0,36,18,TRUE,41.91982212,-71.35857678
9241,2/14/2010,February,Sunday,23:58,1,1,0,0,Angle,V1: Travelling straight ahead,V1: S,Dry,Dark - lighted roadway,Clear,0,0,41,23,TRUE,41.9272974,-71.28509234
9242,2/16/2010,February,Tuesday,2:25,1,2,0,0,Angle,V1: 0 / V2: 0,V1: E  / V2: N,Dry,Daylight,Cloudy,0.33,2.1,33,26,TRUE,41.93524005,-71.27513601
9243,2/16/2010,February,Tuesday,12:16,2,1,1,0,Single vehicle crash,V1: Travelling straight ahead,V1: N,Slush,Daylight,Snow,0.33,2.1,33,26,TRUE,41.94391204,-71.23572105
9244,2/17/2010,February,Wednesday,18:56,1,2,0,0,"Sideswipe, same direction",V1: Turning right / V2: Travelling straight ahead,V1: S  / V2: S,Dry,Dark - lighted roadway,Clear,0.01,0.2,40,26,TRUE,41.92113459,-71.35733246
9245,2/18/2010,February,Thursday,9:12,2,1,1,0,Single vehicle crash,V1: Travelling straight ahead,V1: S,Dry,Daylight,Clear,0,0,48,29,TRUE,41.90261276,-71.35590972
9246,2/18/2010,February,Thursday,12:52,1,2,0,0,Angle,V1: Turning left / V2: Travelling straight ahead,V1: N  / V2: S,Dry,Daylight,Clear,0,0,48,29,TRUE,41.93623387,-71.28481203
9247,2/19/2010,February,Friday,18:20,1,2,0,0,Rear-end,V1: Travelling straight ahead / V2: Slowing or stopped in traffic,V1: 0 / V2: 0,Dry,Dark - lighted roadway,Clear,0,0,44,30,TRUE,41.90998013,-71.35802082
9248,2/20/2010,February,Saturday,1:22,1,2,0,0,Head-on,V1: Travelling straight ahead / V2: Travelling straight ahead,V1: N  / V2: N,Dry,Dark - roadway not lighted,Clear,0,0,51,29,TRUE,41.95593405,-71.30346756
9249,2/20/2010,February,Saturday,11:32,1,1,0,0,Single vehicle crash,V1: Travelling straight ahead,V1: W,Dry,Daylight,Clear,0,0,51,29,TRUE,41.93726842,-71.314277
9250,2/21/2010,February,Sunday,14:10,1,2,0,0,Angle,V1: Turning left / V2: Travelling straight ahead,V1: S  / V2: E,Dry,Daylight,Clear,0,0,43,26,TRUE,41.94450501,-71.28411703
9251,2/22/2010,February,Monday,16:08,2,2,1,0,"Sideswipe, same direction",V1: Changing lanes / V2: Travelling straight ahead,V1: N  / V2: N,Dry,Daylight,Cloudy,0,0,48,26,TRUE,34.24438675,-73.6513909
9252,2/23/2010,February,Tuesday,1:03,1,1,0,0,"Sideswipe, opposite direction",V1: Travelling straight ahead,V1: 0,Wet,Dark - lighted roadway,Cloudy,0.34,0,40,26,TRUE,41.9156562,-71.2828074
9253,2/23/2010,February,Tuesday,16:14,1,2,0,0,Rear-end,V1: Entering traffic lane / V2: Slowing or stopped in traffic,V1: N  / V2: N,Dry,Daylight,Cloudy,0.34,0,40,26,TRUE,34.24438675,-73.6513909
9254,2/23/2010,February,Tuesday,18:55,2,2,1,0,Rear-end,V1: Slowing or stopped in traffic / V2: Travelling straight ahead,V1: N  / V2: N,Wet,Dark - lighted roadway,Cloudy/Rain,0.34,0,40,26,TRUE,41.91062135,-71.35825199
9255,2/24/2010,February,Wednesday,7:47,1,4,0,0,Angle,V1: Travelling straight ahead / V2: Travelling straight ahead / V3: Slowing or stopped in traffic / V4: Travelling straight ahead,V1: S  / V2: S  / V3: S  / V4: S,Wet,Daylight,Rain,1.59,0,45,35,FALSE,41.89861001,-71.36943215
9256,2/24/2010,February,Wednesday,8:18,1,2,0,0,Rear-end,V1: Travelling straight ahead / V2: Slowing or stopped in traffic,V1: N  / V2: N,Wet,Daylight,Rain,1.59,0,45,35,FALSE,41.92014284,-71.35719783
9257,2/24/2010,February,Wednesday,8:53,2,2,3,0,Angle,V1: Travelling straight ahead / V2: Entering traffic lane,V1: W  / V2: S,Wet,Daylight,Cloudy/Rain,1.59,0,45,35,FALSE,41.91263178,-71.27358456
9258,2/24/2010,February,Wednesday,9:37,1,2,0,0,Rear-end,V1: Travelling straight ahead / V2: Travelling straight ahead,V1: S  / V2: S,Wet,Daylight,Rain,1.59,0,45,35,FALSE,41.93804592,-71.31642932
9259,2/24/2010,February,Wednesday,12:44,1,2,0,0,Rear-end,V1: Travelling straight ahead / V2: Slowing or stopped in traffic,V1: S  / V2: S,Wet,Daylight,Rain,1.59,0,45,35,FALSE,41.90257525,-71.35603965
9260,2/24/2010,February,Wednesday,13:15,2,1,1,0,Single vehicle crash,V1: Travelling straight ahead,V1: S,Wet,Daylight,Rain,1.59,0,45,35,FALSE,41.8944648,-71.376086
9261,2/24/2010,February,Wednesday,14:45,1,1,0,0,Single vehicle crash,V1: Travelling straight ahead,V1: S,Wet,Daylight,Rain,1.59,0,45,35,FALSE,41.89448574,-71.3760671
9262,2/24/2010,February,Wednesday,14:46,1,2,0,0,Rear-end,V1: Slowing or stopped in traffic / V2: Travelling straight ahead,V1: S  / V2: S,Wet,Daylight,Rain,1.59,0,45,35,FALSE,41.89447976,-71.3760725
9263,2/24/2010,February,Wednesday,15:15,1,3,0,0,Rear-end,V1: Slowing or stopped in traffic / V2: Travelling straight ahead / V3: Slowing or stopped in traffic,V1: S  / V2: S  / V3: S,Wet,Daylight,Rain,1.59,0,45,35,FALSE,41.90261292,-71.35590916
9264,2/25/2010,February,Thursday,1:46,1,2,0,0,Angle,V1: Travelling straight ahead / V2: Entering traffic lane,V1: 0 / V2: 0,Wet,Daylight,Rain,1.4,0,47,37,FALSE,41.90756869,-71.36457242
9265,2/25/2010,February,Thursday,14:00,1,2,0,0,Rear-end,V1: Slowing or stopped in traffic / V2: Slowing or stopped in traffic,V1: S  / V2: S,Wet,Daylight,Cloudy/Rain,1.4,0,47,37,FALSE,41.89673335,-71.3700943
9266,2/25/2010,February,Thursday,15:19,1,1,0,0,Angle,V1: Turning right,V1: N,Wet,Daylight,Rain,1.4,0,47,37,FALSE,41.93316475,-71.2791687
9267,2/25/2010,February,Thursday,20:58,2,2,1,0,"Sideswipe, same direction",V1: Changing lanes / V2: Travelling straight ahead,V1: S  / V2: S,Wet,Dark - lighted roadway,Rain,1.4,0,47,37,FALSE,41.90261292,-71.35590916
9268,2/27/2010,February,Saturday,2:54,1,1,0,0,Single vehicle crash,V1: Travelling straight ahead,V1: 0,Wet,Dark - lighted roadway,Snow,0.13,1,39,29,TRUE,41.92511237,-71.28799064
9269,2/27/2010,February,Saturday,15:21,1,2,0,0,Rear-end,V1: Slowing or stopped in traffic / V2: Travelling straight ahead,V1: W  / V2: W,Dry,Daylight,Clear,0.13,1,39,29,TRUE,41.91982212,-71.35857678
9270,3/1/2010,March,Monday,11:10,1,1,0,0,Single vehicle crash,V1: Turning left,V1: E,Dry,Daylight,Clear,0.27,0.6,49,33,FALSE,41.94266173,-71.28390998
9271,3/1/2010,March,Monday,12:17,1,2,0,0,Angle,V1: Slowing or stopped in traffic / V2: Travelling straight ahead,V1: N  / V2: N,Dry,Daylight,Cloudy,0.27,0.6,49,33,FALSE,41.93503657,-71.2848971
9272,3/3/2010,March,Wednesday,5:24,2,2,1,0,Angle,V1: Turning left / V2: Travelling straight ahead,V1: S  / V2: E,Wet,Dark - lighted roadway,Rain,0.27,0.6,35,32,TRUE,41.93348005,-71.29992568
9273,3/3/2010,March,Wednesday,12:32,1,2,0,0,Angle,V1: Travelling straight ahead / V2: Backing,V1: S  / V2: S,Wet,Daylight,Cloudy/Rain,0.27,0.6,35,32,TRUE,41.93306281,-71.28502226
9274,3/3/2010,March,Wednesday,16:06,1,2,0,0,Angle,V1: Other / V2: Travelling straight ahead,V1: W  / V2: N,Wet,Daylight,Snow,0.27,0.6,35,32,TRUE,41.93732881,-71.28475709
9275,3/3/2010,March,Wednesday,18:02,1,2,0,0,Rear-end,V1: Travelling straight ahead / V2: Slowing or stopped in traffic,V1: N  / V2: N,Wet,Dark - lighted roadway,Snow,0.27,0.6,35,32,TRUE,41.91193931,-71.35877489
9276,3/5/2010,March,Friday,13:30,1,1,0,0,Single vehicle crash,V1: Entering traffic lane,V1: S,Dry,Daylight,Clear,0.06,0.1,42,26,TRUE,41.95476501,-71.31098841
9277,3/8/2010,March,Monday,6:11,0,1,0,0,Single vehicle crash,V1: Travelling straight ahead,V1: N,Dry,Daylight,Clear,0,0,63,34,FALSE,41.9254046,-71.24073023
9278,3/8/2010,March,Monday,6:58,1,2,0,0,Angle,V1: Turning left / V2: Travelling straight ahead,V1: E  / V2: S,Dry,Daylight,Clear,0,0,63,34,FALSE,41.93421769,-71.2996754
9279,3/9/2010,March,Tuesday,12:20,2,2,2,0,"Sideswipe, same direction",V1: Changing lanes / V2: Changing lanes,V1: S  / V2: S,Dry,Daylight,Clear,0,0,55,27,TRUE,41.91806114,-71.3582134
9280,3/9/2010,March,Tuesday,12:25,1,2,0,0,Rear-end,V1: Travelling straight ahead / V2: Slowing or stopped in traffic,V1: 0 / V2: E,Dry,Daylight,Clear,0,0,55,27,TRUE,41.94382171,-71.28506735
9281,3/9/2010,March,Tuesday,16:12,1,2,0,0,Angle,V1: Turning left / V2: Travelling straight ahead,V1: S  / V2: N,Dry,Daylight,Clear,0,0,55,27,TRUE,41.92387717,-71.35158914
9282,3/10/2010,March,Wednesday,13:34,1,1,0,0,Single vehicle crash,V1: Entering traffic lane,V1: N,Dry,Daylight,Clear,0,0,58,24,TRUE,41.94097728,-71.31283717
9283,3/10/2010,March,Wednesday,19:50,2,1,1,0,Single vehicle crash,V1: Travelling straight ahead,V1: N,Dry,Dark - lighted roadway,Clear,0,0,58,24,TRUE,41.93569218,-71.28018883
9284,3/11/2010,March,Thursday,7:11,1,1,0,0,0,V1: Travelling straight ahead,V1: N,Wet,Dark - lighted roadway,Rain,0.05,0,50,31,TRUE,41.95234013,-71.29601132
9285,3/11/2010,March,Thursday,17:18,1,1,0,0,Single vehicle crash,V1: Travelling straight ahead,V1: S,Dry,Dusk,Clear,0.05,0,50,31,TRUE,41.93841193,-71.25777036