ID,DATE,Month,Day of week,Crash Time,Crash Severity,Number of Vehicles,Total Nonfatal Injuries,Total Fatal Injuries,Manner of Collision,Vehicle Action Prior to Crash,Vehicle Travel Directions,Road Surface Condition,Ambient Light,Weather Condition,PRCP,SNOW,TMAX,TMIN,Ice,Longtitute,Latitute
9286,3/11/2010,March,Thursday,19:39,2,2,2,0,Head-on,V1: Other / V2: Travelling straight ahead,V1: N  / V2: S,Wet,Dark - roadway not lighted,Cloudy,0.05,0,50,31,TRUE,41.92927402,-71.32377045
9287,3/12/2010,March,Friday,12:40,1,2,0,0,Rear-end,V1: Turning right / V2: Travelling straight ahead,V1: E  / V2: E,Dry,Daylight,Clear,0,0,49,36,FALSE,41.91619723,-71.35885587
9288,3/12/2010,March,Friday,17:47,1,2,0,0,Angle,V1: Travelling straight ahead / V2: Entering traffic lane,V1: S  / V2: W,Dry,Dusk,Clear,0,0,49,36,FALSE,41.95180679,-71.2898592
9289,3/13/2010,March,Saturday,2:35,2,1,1,0,Single vehicle crash,V1: Turning left,V1: N,Wet,Dark - lighted roadway,Cloudy/Rain,1.91,0,42,38,FALSE,41.90697288,-71.36488171
9290,3/13/2010,March,Saturday,3:00,2,1,1,0,Head-on,V1: Travelling straight ahead,V1: 0,Wet,Dark - lighted roadway,Cloudy/Rain,1.91,0,42,38,FALSE,41.9132982,-71.34044633
9291,3/13/2010,March,Saturday,11:00,1,2,0,0,Angle,V1: Travelling straight ahead / V2: Travelling straight ahead,V1: N  / V2: E,Wet,Daylight,Cloudy/Rain,1.91,0,42,38,FALSE,41.9472108,-71.28786501
9292,3/13/2010,March,Saturday,15:06,2,2,1,0,Angle,V1: Travelling straight ahead / V2: Turning left,V1: N  / V2: S,Wet,Daylight,Rain,1.91,0,42,38,FALSE,41.94140605,-71.28436439
9293,3/13/2010,March,Saturday,17:10,1,2,0,0,Head-on,V1: Travelling straight ahead / V2: Travelling straight ahead,V1: W  / V2: N,Wet,Daylight,Cloudy/Rain,1.91,0,42,38,FALSE,41.9110765,-71.36278231
9294,3/13/2010,March,Saturday,18:12,1,2,0,0,Angle,V1: Turning left / V2: Travelling straight ahead,V1: N  / V2: E,Wet,Dark - lighted roadway,Rain,1.91,0,42,38,FALSE,41.91982212,-71.35857678
9295,3/13/2010,March,Saturday,18:56,2,1,1,0,Single vehicle crash,V1: Travelling straight ahead,V1: W,Wet,Dark - lighted roadway,Rain,1.91,0,42,38,FALSE,41.89857836,-71.35503727
9296,3/13/2010,March,Saturday,22:01,3,1,3,1,Single vehicle crash,V1: Travelling straight ahead,V1: S,Wet,Dark - roadway not lighted,Rain,1.91,0,42,38,FALSE,41.90261292,-71.35590916
9297,3/14/2010,March,Sunday,1:30,1,1,0,0,Single vehicle crash,V1: Changing lanes,V1: S,"Water (standing, moving)",Dark - roadway not lighted,Rain,2.94,0,48,41,FALSE,41.89861001,-71.36943215
9298,3/14/2010,March,Sunday,12:10,1,2,0,0,Angle,V1: Turning right / V2: Travelling straight ahead,V1: E  / V2: S,Snow,Daylight,Rain,2.94,0,48,41,FALSE,41.89541252,-71.37076533
9299,3/14/2010,March,Sunday,14:55,1,2,0,0,Rear-end,V1: Travelling straight ahead / V2: Travelling straight ahead,V1: S  / V2: S,Wet,Daylight,Cloudy/Rain,2.94,0,48,41,FALSE,41.92644259,-71.35554103
9300,3/14/2010,March,Sunday,15:45,1,2,0,0,Rear-end,V1: Travelling straight ahead / V2: Slowing or stopped in traffic,V1: N  / V2: N,Wet,Daylight,Rain,2.94,0,48,41,FALSE,41.92280259,-71.35728124
9301,3/15/2010,March,Monday,7:06,1,2,0,0,Rear-end,V1: Turning left / V2: Travelling straight ahead,V1: N  / V2: N,Wet,Daylight,Rain,1.26,0,43,37,FALSE,41.95180679,-71.2898592
9302,3/15/2010,March,Monday,7:47,1,4,0,0,Rear-end,V1: Travelling straight ahead / V2: Slowing or stopped in traffic / V3: Slowing or stopped in traffic / V4: Slowing or stopped in traffic,V1: N  / V2: N  / V3: N  / V4: N,Wet,Daylight,Rain,1.26,0,43,37,FALSE,34.24438675,-73.6513909
9303,3/15/2010,March,Monday,9:45,2,2,1,0,Angle,V1: 0 / V2: Travelling straight ahead,V1: 0 / V2: N,Wet,Dark - roadway not lighted,Rain,1.26,0,43,37,FALSE,41.96712418,-71.29097941
9304,3/15/2010,March,Monday,18:12,1,2,0,0,Angle,V1: Travelling straight ahead / V2: Turning left,V1: E  / V2: N,Wet,Dawn,Rain,1.26,0,43,37,FALSE,41.92633454,-71.34480984
9305,3/16/2010,March,Tuesday,16:20,1,3,0,0,Rear-end,V1: Travelling straight ahead / V2: Slowing or stopped in traffic / V3: Slowing or stopped in traffic,V1: E  / V2: E  / V3: E,Dry,Daylight,Clear,0,0,54,28,TRUE,41.92332514,-71.35258663
9306,3/16/2010,March,Tuesday,16:42,1,2,0,0,Rear-end,V1: Slowing or stopped in traffic / V2: Travelling straight ahead,V1: N  / V2: N,Dry,Daylight,Clear,0,0,54,28,TRUE,41.93503657,-71.2848971
9307,3/16/2010,March,Tuesday,17:09,1,3,0,0,Rear-end,V1: Slowing or stopped in traffic / V2: Slowing or stopped in traffic / V3: Travelling straight ahead,V1: N  / V2: N  / V3: N,Dry,Daylight,Clear,0,0,54,28,TRUE,41.89618753,-71.37039513
9308,3/17/2010,March,Wednesday,13:56,1,2,0,0,Rear-end,V1: Slowing or stopped in traffic / V2: Travelling straight ahead,V1: N  / V2: N,Dry,Daylight,Clear,0,0,67,26,TRUE,41.92521765,-71.28783389
9309,3/17/2010,March,Wednesday,14:20,1,2,0,0,Angle,V1: Travelling straight ahead / V2: Turning left,V1: S  / V2: N,Dry,Daylight,Clear,0,0,67,26,TRUE,41.94629007,-71.27514523
9310,3/17/2010,March,Wednesday,18:25,1,2,0,0,"Sideswipe, same direction",V1: Travelling straight ahead / V2: Turning left,V1: E  / V2: E,Dry,Daylight,Clear,0,0,67,26,TRUE,41.93404812,-71.31577712
9311,3/18/2010,March,Thursday,11:15,1,2,0,0,Angle,V1: Travelling straight ahead / V2: Turning left,V1: W  / V2: E,Dry,Daylight,Clear,0,0,69,33,FALSE,41.9486259,-71.27756695
9312,3/18/2010,March,Thursday,22:24,1,1,0,0,Single vehicle crash,V1: Travelling straight ahead,V1: E,Dry,Dark - lighted roadway,Clear,0,0,69,33,FALSE,41.94309083,-71.29263202
9313,3/19/2010,March,Friday,14:07,1,2,0,0,Rear-end,V1: Slowing or stopped in traffic / V2: Travelling straight ahead,V1: W  / V2: W,Dry,Daylight,Clear,0,0,71,34,FALSE,41.89903243,-71.355186
9314,3/19/2010,March,Friday,14:24,1,2,0,0,Rear-end,V1: Travelling straight ahead / V2: Travelling straight ahead,V1: S  / V2: S,Dry,Daylight,Clear,0,0,71,34,FALSE,41.91816133,-71.25763887
9315,3/19/2010,March,Friday,17:00,1,2,0,0,Rear-end,V1: Travelling straight ahead / V2: Slowing or stopped in traffic,V1: S  / V2: S,Dry,Daylight,Clear,0,0,71,34,FALSE,41.91218564,-71.31259327
9316,3/20/2010,March,Saturday,0:26,1,1,0,0,Single vehicle crash,V1: Travelling straight ahead,V1: S,Dry,Dark - lighted roadway,Clear,0,0,74,35,FALSE,41.92661723,-71.34538856
9317,3/20/2010,March,Saturday,12:45,2,2,1,0,Angle,V1: Travelling straight ahead / V2: Travelling straight ahead,V1: S  / V2: W,Dry,Daylight,Clear,0,0,74,35,FALSE,41.93304448,-71.28634923
9318,3/20/2010,March,Saturday,19:27,1,2,0,0,"Sideswipe, same direction",V1: Travelling straight ahead / V2: Travelling straight ahead,V1: S  / V2: S,Dry,Dark - roadway not lighted,Clear,0,0,74,35,FALSE,41.90261292,-71.35590916
9319,3/21/2010,March,Sunday,13:51,1,2,0,0,Angle,V1: Turning left / V2: Travelling straight ahead,V1: N  / V2: W,Dry,Daylight,Clear,0,0,57,40,FALSE,41.92141393,-71.35534523
9320,3/21/2010,March,Sunday,16:30,1,2,0,0,"Sideswipe, same direction",V1: Parked / V2: Overtaking/passing,V1: W  / V2: W,Dry,Daylight,Clear,0,0,57,40,FALSE,41.93582131,-71.26975605
9321,3/22/2010,March,Monday,15:23,1,2,0,0,Rear-end,V1: Slowing or stopped in traffic / V2: Travelling straight ahead,V1: N  / V2: 0,Wet,Daylight,Cloudy,0.06,0,48,41,FALSE,41.92521765,-71.28783389
9322,3/23/2010,March,Tuesday,14:53,1,2,0,0,Angle,V1: Travelling straight ahead / V2: Travelling straight ahead,V1: N  / V2: E,Wet,Daylight,Rain,2.55,0,46,41,FALSE,41.95428602,-71.28497548
9323,3/23/2010,March,Tuesday,15:21,1,2,0,0,Angle,V1: Travelling straight ahead / V2: Travelling straight ahead,V1: E  / V2: S,Wet,Daylight,Rain,2.55,0,46,41,FALSE,41.94121777,-71.2768631
9324,3/23/2010,March,Tuesday,17:19,1,2,0,0,Angle,V1: Travelling straight ahead / V2: Travelling straight ahead,V1: E  / V2: S,Wet,Dusk,Cloudy,2.55,0,46,41,FALSE,41.89625678,-71.37035697
9325,3/25/2010,March,Thursday,6:43,1,2,0,0,"Sideswipe, same direction",V1: Changing lanes / V2: Travelling straight ahead,V1: S  / V2: S,Dry,Daylight,Clear,0,0,64,30,TRUE,41.91125427,-71.35850237
9326,3/25/2010,March,Thursday,7:22,1,2,0,0,Angle,V1: Entering traffic lane / V2: Travelling straight ahead,V1: W  / V2: N,Dry,Daylight,Rain,0,0,64,30,TRUE,41.90974375,-71.29751652
9327,3/25/2010,March,Thursday,10:17,1,2,0,0,"Sideswipe, opposite direction",V1: Travelling straight ahead / V2: Parked,V1: E  / V2: W,Dry,Daylight,Clear,0,0,64,30,TRUE,41.93039003,-71.29083979
9328,3/26/2010,March,Friday,7:53,1,2,0,0,Angle,V1: Turning left / V2: Turning left,V1: W  / V2: W,Wet,Daylight,Rain,0.28,0,52,28,TRUE,41.93450985,-71.28281455
9329,3/26/2010,March,Friday,13:10,2,2,1,0,Angle,V1: Travelling straight ahead / V2: Entering traffic lane,V1: S  / V2: E,Dry,Daylight,Clear,0.28,0,52,28,TRUE,41.9210362,-71.35804604
9330,3/29/2010,March,Monday,14:09,1,1,0,0,Angle,V1: Travelling straight ahead,V1: E,Dry,Daylight,Rain,3.06,0,54,46,FALSE,41.94330896,-71.27265641
9331,3/29/2010,March,Monday,14:47,2,2,1,0,Rear-end,V1: Travelling straight ahead / V2: Slowing or stopped in traffic,V1: E  / V2: E,Wet,Daylight,Rain,3.06,0,54,46,FALSE,41.89692284,-71.37299301
9332,3/29/2010,March,Monday,15:05,1,2,0,0,Angle,V1: Backing / V2: Travelling straight ahead,V1: E  / V2: W,Wet,Daylight,Rain,3.06,0,54,46,FALSE,41.93306281,-71.28502226
9333,3/29/2010,March,Monday,15:18,1,2,0,0,"Sideswipe, opposite direction",V1: Travelling straight ahead / V2: Travelling straight ahead,V1: N  / V2: S,Wet,Daylight,Cloudy/Rain,3.06,0,54,46,FALSE,41.94097728,-71.31283717
9334,3/29/2010,March,Monday,16:29,1,1,0,0,Single vehicle crash,V1: Travelling straight ahead,V1: S,Wet,Daylight,Rain,3.06,0,54,46,FALSE,41.89861001,-71.36943215
9335,3/29/2010,March,Monday,16:45,2,2,1,0,Angle,V1: Travelling straight ahead / V2: Turning left,V1: E  / V2: E,Wet,Daylight,Rain,3.06,0,54,46,FALSE,41.93441875,-71.30730117
9336,3/29/2010,March,Monday,16:53,2,2,1,0,Rear-end,V1: Slowing or stopped in traffic / V2: Travelling straight ahead,V1: N  / V2: N,Wet,Daylight,Cloudy/Rain,3.06,0,54,46,FALSE,41.9396344,-71.26732859
9337,3/29/2010,March,Monday,19:07,1,2,0,0,Rear-end,V1: Slowing or stopped in traffic / V2: Travelling straight ahead,V1: N  / V2: N,Wet,Dusk,Rain,3.06,0,54,46,FALSE,41.91982212,-71.35857678
9338,3/30/2010,March,Tuesday,4:45,1,2,0,0,"Sideswipe, same direction",V1: Overtaking/passing / V2: Travelling straight ahead,V1: N  / V2: N,Wet,Dark - roadway not lighted,Rain,3.94,0,53,44,FALSE,41.95593405,-71.30346756
9339,3/30/2010,March,Tuesday,8:00,1,1,0,0,Single vehicle crash,V1: Travelling straight ahead,V1: S,Wet,Daylight,Rain,3.94,0,53,44,FALSE,41.89659112,-71.37392061
9340,3/30/2010,March,Tuesday,8:26,0,1,0,0,Angle,V1: 0,V1: 0,Wet,Daylight,Rain,3.94,0,53,44,FALSE,41.94757814,-71.27890389
9341,3/30/2010,March,Tuesday,10:15,2,2,1,0,Angle,V1: Travelling straight ahead / V2: Travelling straight ahead,V1: S  / V2: N,Wet,Daylight,Rain,3.94,0,53,44,FALSE,41.92762143,-71.35470547
9342,3/30/2010,March,Tuesday,10:40,1,1,0,0,Single vehicle crash,V1: Travelling straight ahead,V1: S,Wet,Daylight,Rain,3.94,0,53,44,FALSE,34.24438675,-73.6513909
9343,3/30/2010,March,Tuesday,12:38,1,1,0,0,Single vehicle crash,V1: Travelling straight ahead,V1: S,Wet,Daylight,Rain,3.94,0,53,44,FALSE,41.90261292,-71.35590916
9344,3/30/2010,March,Tuesday,19:00,2,1,1,0,Single vehicle crash,V1: Travelling straight ahead,V1: W,Dry,Dusk,Clear,3.94,0,53,44,FALSE,34.24438675,-73.6513909
9345,3/30/2010,March,Tuesday,19:14,2,2,2,0,Angle,V1: Travelling straight ahead / V2: Travelling straight ahead,V1: N  / V2: W,Wet,Dark - lighted roadway,Cloudy/Rain,3.94,0,53,44,FALSE,41.89618753,-71.37039513
9346,3/31/2010,March,Wednesday,12:52,1,2,0,0,Angle,V1: Travelling straight ahead / V2: Turning left,V1: E  / V2: W,Dry,Daylight,Clear,0.03,0,51,40,FALSE,41.9483337,-71.27794679
9347,3/31/2010,March,Wednesday,15:32,1,2,0,0,Rear-end,V1: Travelling straight ahead / V2: Slowing or stopped in traffic,V1: 0 / V2: E,Dry,Daylight,Clear,0.03,0,51,40,FALSE,41.9407775,-71.29554536
9348,3/31/2010,March,Wednesday,16:40,1,2,0,0,Rear-end,V1: Slowing or stopped in traffic / V2: Slowing or stopped in traffic,V1: S  / V2: S,Dry,Daylight,Clear,0.03,0,51,40,FALSE,41.90252249,-71.35622236
9349,3/31/2010,March,Wednesday,17:57,1,2,0,0,Angle,V1: Entering traffic lane / V2: 0,V1: E  / V2: N,Dry,Daylight,Cloudy,0.03,0,51,40,FALSE,41.90340123,-71.37010127
9350,3/31/2010,March,Wednesday,18:58,1,2,0,0,Angle,V1: Turning left / V2: Travelling straight ahead,V1: E  / V2: S,Dry,Dusk,Cloudy,0.03,0,51,40,FALSE,41.94757814,-71.27890389
9351,3/31/2010,March,Wednesday,19:08,1,1,0,0,"Sideswipe, same direction",V1: Backing,V1: W,Dry,Dusk,Cloudy,0.03,0,51,40,FALSE,41.94472389,-71.28236781
9352,3/31/2010,March,Wednesday,20:13,1,1,0,0,Single vehicle crash,V1: Travelling straight ahead,V1: S,Dry,Dark - roadway not lighted,Clear,0.03,0,51,40,FALSE,41.90261292,-71.35590916
9353,3/31/2010,March,Wednesday,20:21,2,4,2,0,Head-on,V1: Travelling straight ahead / V2: Travelling straight ahead / V3: Travelling straight ahead / V4: Travelling straight ahead,V1: S  / V2: S  / V3: S  / V4: S,Dry,Dark - roadway not lighted,Clear,0.03,0,51,40,FALSE,41.90261292,-71.35590916
9354,3/31/2010,March,Wednesday,20:25,1,2,0,0,"Sideswipe, opposite direction",V1: Travelling straight ahead / V2: Other,V1: S  / V2: S,Dry,Dark - roadway not lighted,Clear,0.03,0,51,40,FALSE,41.90261292,-71.35590916
9355,4/1/2010,April,Thursday,12:05,2,2,2,0,Rear-end,V1: Travelling straight ahead / V2: Travelling straight ahead,V1: S  / V2: S,Dry,Daylight,Clear,0,0,64,40,FALSE,41.96019052,-71.3011813
9356,4/2/2010,April,Friday,4:00,1,1,0,0,Single vehicle crash,V1: Travelling straight ahead,V1: W,Dry,Dark - lighted roadway,Snow,0,0,73,37,FALSE,41.95029204,-71.29848153
9357,4/3/2010,April,Saturday,15:57,1,1,0,0,Angle,V1: Travelling straight ahead,V1: S,Dry,Daylight,Clear,0,0,73,41,FALSE,41.92512913,-71.35626524
9358,4/3/2010,April,Saturday,20:25,0,1,0,0,Single vehicle crash,V1: Travelling straight ahead,V1: N,Dry,Dark - lighted roadway,Clear,0,0,73,41,FALSE,41.90557948,-71.35515124
9359,4/5/2010,April,Monday,9:59,2,1,1,0,Single vehicle crash,V1: Travelling straight ahead,V1: N,Dry,Daylight,Clear,0,0,71,43,FALSE,41.92734177,-71.2850606
9360,4/5/2010,April,Monday,14:25,1,3,0,0,Rear-end,V1: Travelling straight ahead / V2: Slowing or stopped in traffic / V3: Slowing or stopped in traffic,V1: N  / V2: N  / V3: N,Dry,Daylight,Clear,0,0,71,43,FALSE,41.94928318,-71.28964082
9361,4/5/2010,April,Monday,14:43,1,1,0,0,Single vehicle crash,V1: Travelling straight ahead,V1: S,Dry,Daylight,Clear,0,0,71,43,FALSE,41.95349316,-71.26904339
9362,4/5/2010,April,Monday,18:06,2,2,2,0,Rear-end,V1: Travelling straight ahead / V2: Slowing or stopped in traffic,V1: N  / V2: N,Dry,Daylight,Clear,0,0,71,43,FALSE,41.94431166,-71.28140274
9363,4/5/2010,April,Monday,20:37,1,1,0,0,Single vehicle crash,V1: Travelling straight ahead,V1: W,Dry,Dark - lighted roadway,Clear,0,0,71,43,FALSE,41.93379033,-71.30179601
9364,4/6/2010,April,Tuesday,6:50,1,2,0,0,Rear-end,V1: Travelling straight ahead / V2: Slowing or stopped in traffic,V1: W  / V2: W,Dry,Daylight,Clear,0,0,73,44,FALSE,41.91738169,-71.37087962
9365,4/6/2010,April,Tuesday,15:55,1,2,0,0,Angle,V1: Turning left / V2: Travelling straight ahead,V1: S  / V2: S,Dry,Daylight,Cloudy,0,0,73,44,FALSE,41.93732881,-71.28475709
9366,4/6/2010,April,Tuesday,16:20,2,2,2,0,Rear-end,V1: Slowing or stopped in traffic / V2: Slowing or stopped in traffic,V1: S  / V2: S,Dry,Daylight,Clear,0,0,73,44,FALSE,34.24438675,-73.6513909
9367,4/7/2010,April,Wednesday,7:20,1,2,0,0,Angle,V1: Entering traffic lane / V2: Slowing or stopped in traffic,V1: S  / V2: W,Dry,Daylight,Cloudy,0,0,94,49,FALSE,41.93408801,-71.29983342
9368,4/7/2010,April,Wednesday,13:34,2,1,1,0,Angle,V1: Slowing or stopped in traffic,V1: S,Dry,Daylight,Clear,0,0,94,49,FALSE,41.95484304,-71.28856385
9369,4/8/2010,April,Thursday,12:30,1,1,0,0,Single vehicle crash,V1: 0,V1: N,Dry,Daylight,Clear,0,0,66,50,FALSE,41.9314426,-71.31480491
9370,4/8/2010,April,Thursday,17:56,1,1,0,0,Single vehicle crash,V1: Turning left,V1: S,Dry,Daylight,Clear,0,0,66,50,FALSE,34.24438675,-73.6513909
9371,4/9/2010,April,Friday,9:48,1,2,0,0,Angle,V1: Turning left / V2: Travelling straight ahead,V1: E  / V2: N,Dry,Daylight,Clear,1.03,0,57,40,FALSE,41.93306281,-71.28502226
9372,4/9/2010,April,Friday,15:21,1,2,0,0,Angle,V1: Entering traffic lane / V2: Travelling straight ahead,V1: S  / V2: N,Wet,Daylight,Rain,1.03,0,57,40,FALSE,41.91420591,-71.36119762
9373,4/9/2010,April,Friday,15:26,1,2,0,0,Rear-end,V1: Slowing or stopped in traffic / V2: 0,V1: W  / V2: 0,Wet,Daylight,Cloudy/Rain,1.03,0,57,40,FALSE,41.89986084,-71.38044816
9374,4/9/2010,April,Friday,17:49,1,2,0,0,Angle,V1: Entering traffic lane / V2: Travelling straight ahead,V1: E  / V2: S,Wet,Daylight,Cloudy/Rain,1.03,0,57,40,FALSE,34.24438675,-73.6513909
9375,4/10/2010,April,Saturday,11:03,2,2,1,0,Angle,V1: Overtaking/passing / V2: Turning left,V1: E  / V2: N,Dry,Daylight,Clear,0,0,59,38,FALSE,41.93401501,-71.31496153
9376,4/11/2010,April,Sunday,20:36,1,2,0,0,Head-on,V1: Travelling straight ahead / V2: Turning left,V1: E  / V2: W,Dry,Dark - lighted roadway,Clear,0,0,73,42,FALSE,41.92168546,-71.28691004
9377,4/12/2010,April,Monday,9:22,1,2,0,0,"Sideswipe, opposite direction",V1: Travelling straight ahead / V2: Travelling straight ahead,V1: N  / V2: S,Dry,Daylight,Clear,0,0,66,36,FALSE,41.92168546,-71.28691004
9378,4/12/2010,April,Monday,14:02,2,2,3,0,Rear-end,V1: Travelling straight ahead / V2: Travelling straight ahead,V1: S  / V2: S,Dry,Daylight,Clear,0,0,66,36,FALSE,41.90301511,-71.31918365
9379,4/13/2010,April,Tuesday,8:00,1,1,0,0,Rear-end,V1: Travelling straight ahead,V1: 0,Dry,Daylight,Clear,0,0,61,32,TRUE,41.93393836,-71.3077318
9380,4/13/2010,April,Tuesday,12:54,1,2,0,0,Angle,V1: Travelling straight ahead / V2: Travelling straight ahead,V1: W  / V2: W,Dry,Daylight,Clear,0,0,61,32,TRUE,41.94757814,-71.27890389
9381,4/13/2010,April,Tuesday,13:21,1,1,0,0,Single vehicle crash,V1: Travelling straight ahead,V1: W,Dry,Daylight,Clear,0,0,61,32,TRUE,41.92222009,-71.25327434
9382,4/14/2010,April,Wednesday,9:00,1,2,0,0,Rear-end,V1: Slowing or stopped in traffic / V2: Turning left,V1: W  / V2: E,Dry,Daylight,Clear,0,0,68,33,FALSE,41.94231024,-71.28253433
9383,4/14/2010,April,Wednesday,11:41,2,2,1,0,Angle,V1: Turning left / V2: Travelling straight ahead,V1: W  / V2: S,Dry,Daylight,Clear,0,0,68,33,FALSE,41.93732881,-71.28475709
9384,4/14/2010,April,Wednesday,15:31,1,2,0,0,Rear-end,V1: Travelling straight ahead / V2: Travelling straight ahead,V1: S  / V2: S,Dry,Daylight,Clear,0,0,68,33,FALSE,41.94289978,-71.28216962
9385,4/14/2010,April,Wednesday,17:39,1,2,0,0,Single vehicle crash,V1: Travelling straight ahead / V2: Travelling straight ahead,V1: S  / V2: S,Dry,Daylight,Clear,0,0,68,33,FALSE,41.96754942,-71.29112589
9386,4/15/2010,April,Thursday,8:00,1,1,0,0,Rear-end,V1: Slowing or stopped in traffic,V1: N,Dry,Daylight,Clear,0,0,64,38,FALSE,41.9483337,-71.27794679
9387,4/15/2010,April,Thursday,15:27,1,2,0,0,Angle,V1: Turning left / V2: Travelling straight ahead,V1: E  / V2: N,Dry,Daylight,Clear,0,0,64,38,FALSE,41.91035947,-71.36314658
9388,4/15/2010,April,Thursday,16:45,1,2,0,0,Rear-end,V1: Slowing or stopped in traffic / V2: Travelling straight ahead,V1: E  / V2: E,Dry,Daylight,Clear,0,0,64,38,FALSE,41.93397761,-71.31903245
9389,4/16/2010,April,Friday,6:47,2,2,1,0,Angle,V1: Turning left / V2: Travelling straight ahead,V1: N  / V2: W,Wet,Dawn,Cloudy/Rain,0.38,0,46,38,FALSE,41.93524005,-71.27513601
9390,4/16/2010,April,Friday,11:44,1,1,0,0,Single vehicle crash,V1: Travelling straight ahead,V1: N,Dry,Daylight,Cloudy,0.38,0,46,38,FALSE,41.95343995,-71.30307343
9391,4/16/2010,April,Friday,16:58,2,2,1,0,Rear-end,V1: Travelling straight ahead / V2: Slowing or stopped in traffic,V1: S  / V2: S,Wet,Daylight,Cloudy/Rain,0.38,0,46,38,FALSE,41.89618753,-71.37039513
9392,4/16/2010,April,Friday,17:47,2,3,2,0,Rear-end,V1: Travelling straight ahead / V2: Travelling straight ahead / V3: Travelling straight ahead,V1: N  / V2: N  / V3: N,Wet,Daylight,Rain,0.38,0,46,38,FALSE,34.24438675,-73.6513909
9393,4/16/2010,April,Friday,18:08,1,1,0,0,"Sideswipe, same direction",V1: Changing lanes,V1: N,Wet,Daylight,Cloudy/Rain,0.38,0,46,38,FALSE,41.9265158,-71.3554906
9394,4/19/2010,April,Monday,6:50,2,2,2,0,"Sideswipe, same direction",V1: Overtaking/passing / V2: Travelling straight ahead,V1: S  / V2: S,Dry,Daylight,Clear,0,0,60,35,FALSE,41.90433577,-71.35012688
9395,4/19/2010,April,Monday,10:20,2,1,1,0,Single vehicle crash,V1: Leaving traffic lane,V1: N,Dry,Dark - lighted roadway,Clear,0,0,60,35,FALSE,41.9120082,-71.2587778
9396,4/19/2010,April,Monday,15:40,1,2,0,0,Rear-end,V1: Travelling straight ahead / V2: Travelling straight ahead,V1: N  / V2: N,Dry,Daylight,Clear,0,0,60,35,FALSE,34.24438675,-73.6513909
9397,4/20/2010,April,Tuesday,6:47,2,2,1,0,Angle,V1: Travelling straight ahead / V2: Travelling straight ahead,V1: S  / V2: N,Dry,Daylight,Clear,0,0,71,40,FALSE,41.89733197,-71.36979234
9398,4/20/2010,April,Tuesday,7:49,2,2,1,0,Angle,V1: Turning left / V2: Travelling straight ahead,V1: S  / V2: S,Dry,Daylight,Clear,0,0,71,40,FALSE,41.91619723,-71.35885587
9399,4/22/2010,April,Thursday,15:44,2,3,2,0,Rear-end,V1: Slowing or stopped in traffic / V2: Slowing or stopped in traffic / V3: Travelling straight ahead,V1: E  / V2: E  / V3: E,Wet,Daylight,Cloudy,0.18,0,72,46,FALSE,41.9348634,-71.29887283
9400,4/22/2010,April,Thursday,17:25,1,2,0,0,Angle,V1: Travelling straight ahead / V2: Travelling straight ahead,V1: S  / V2: S,Dry,Daylight,Cloudy,0.18,0,72,46,FALSE,34.24438675,-73.6513909
9401,4/23/2010,April,Friday,7:53,1,2,0,0,Rear-end,V1: Travelling straight ahead / V2: Slowing or stopped in traffic,V1: N  / V2: N,Dry,Daylight,Cloudy,0,0,65,41,FALSE,41.91891265,-71.31713881
9402,4/23/2010,April,Friday,12:21,2,2,1,0,Rear-end,V1: Travelling straight ahead / V2: 0,V1: N  / V2: N,Dry,Daylight,Clear,0,0,65,41,FALSE,41.90857957,-71.36406078
9403,4/23/2010,April,Friday,15:16,1,2,0,0,Rear-end,V1: Travelling straight ahead / V2: Travelling straight ahead,V1: S  / V2: S,Dry,Daylight,Clear,0,0,65,41,FALSE,41.92762143,-71.35470547
9404,4/25/2010,April,Sunday,18:25,1,2,0,0,Angle,V1: Entering traffic lane / V2: Travelling straight ahead,V1: E  / V2: E,Dry,Daylight,Cloudy,0.02,0,58,48,FALSE,41.94431166,-71.28140274
9405,4/26/2010,April,Monday,14:20,1,1,0,0,Single vehicle crash,V1: Travelling straight ahead,V1: 0,Dry,Daylight,Cloudy,0.12,0,60,46,FALSE,34.24438675,-73.6513909
9406,4/26/2010,April,Monday,17:57,2,1,1,0,Single vehicle crash,V1: Travelling straight ahead,V1: W,Dry,Daylight,Cloudy,0.12,0,60,46,FALSE,41.93579326,-71.26822224
9407,4/27/2010,April,Tuesday,15:00,1,1,0,0,Single vehicle crash,V1: Turning right,V1: S,Wet,Daylight,Cloudy,0.16,0,53,34,FALSE,41.93580141,-71.29473883
9408,4/27/2010,April,Tuesday,16:29,1,2,0,0,"Sideswipe, same direction",V1: Travelling straight ahead / V2: Travelling straight ahead,V1: W  / V2: W,Wet,Daylight,Cloudy/Rain,0.16,0,53,34,FALSE,41.94172858,-71.2694315
9409,4/28/2010,April,Wednesday,13:12,2,2,1,0,Angle,V1: Turning left / V2: Travelling straight ahead,V1: W  / V2: 0,Wet,Daylight,Cloudy/Rain,0.04,0,48,32,TRUE,41.91902322,-71.35778764
9410,4/28/2010,April,Wednesday,19:19,1,2,0,0,Rear-end,V1: Travelling straight ahead / V2: Slowing or stopped in traffic,V1: E  / V2: E,Wet,Dusk,Cloudy/Rain,0.04,0,48,32,TRUE,41.93398416,-71.31904724
9411,4/28/2010,April,Wednesday,20:50,2,2,1,0,Rear-end,V1: Travelling straight ahead / V2: Parked,V1: 0 / V2: 0,Dry,Dark - lighted roadway,Clear,0.04,0,48,32,TRUE,41.94415936,-71.29103714
9412,4/29/2010,April,Thursday,16:25,1,2,0,0,Angle,V1: Turning left / V2: Travelling straight ahead,V1: S  / V2: W,Dry,Daylight,Cloudy,0,0,65,38,FALSE,41.91232419,-71.2681305