ID,DATE,Month,Day of week,Crash Time,Crash Severity,Number of Vehicles,Total Nonfatal Injuries,Total Fatal Injuries,Manner of Collision,Vehicle Action Prior to Crash,Vehicle Travel Directions,Road Surface Condition,Ambient Light,Weather Condition,PRCP,SNOW,TMAX,TMIN,Ice,Longtitute,Latitute
9413,4/30/2010,April,Friday,17:51,1,1,0,0,Single vehicle crash,V1: Travelling straight ahead,V1: S,Dry,Dawn,Clear,0,0,78,37,FALSE,41.89981043,-71.38100888
9414,4/30/2010,April,Friday,17:58,1,2,0,0,Head-on,V1: Travelling straight ahead / V2: Travelling straight ahead,V1: S  / V2: N,Dry,Daylight,Clear,0,0,78,37,FALSE,41.90953798,-71.30247418
9415,4/30/2010,April,Friday,19:15,1,2,0,0,Rear-end,V1: Slowing or stopped in traffic / V2: Slowing or stopped in traffic,V1: N  / V2: N,Dry,Daylight,Clear,0,0,78,37,FALSE,41.90231125,-71.35597671
9416,5/1/2010,May,Saturday,14:31,1,2,0,0,"Sideswipe, opposite direction",V1: Travelling straight ahead / V2: Travelling straight ahead,V1: N  / V2: S,Dry,Daylight,Clear,0,0,83,55,FALSE,41.9210362,-71.35804604
9417,5/1/2010,May,Saturday,16:22,2,1,1,0,Single vehicle crash,V1: Leaving traffic lane,V1: S,Dry,Daylight,Clear,0,0,83,55,FALSE,41.92724711,-71.3058177
9418,5/1/2010,May,Saturday,22:38,2,2,1,0,Rear-end,V1: Travelling straight ahead / V2: Slowing or stopped in traffic,V1: N  / V2: N,Dry,Dark - lighted roadway,Clear,0,0,83,55,FALSE,41.93624398,-71.26400311
9419,5/2/2010,May,Sunday,11:57,2,2,1,0,Rear-end,V1: Slowing or stopped in traffic / V2: Travelling straight ahead,V1: N  / V2: N,Dry,Daylight,Clear,0,0,85,56,FALSE,41.93126899,-71.35288693
9420,5/2/2010,May,Sunday,13:00,1,1,0,0,Single vehicle crash,V1: Travelling straight ahead,V1: E,Dry,Dark - lighted roadway,Clear,0,0,85,56,FALSE,41.92312934,-71.23296376
9421,5/2/2010,May,Sunday,21:10,2,2,1,0,Angle,V1: Turning left / V2: Travelling straight ahead,V1: E  / V2: W,Dry,Daylight,Clear,0,0,85,56,FALSE,41.93357119,-71.30035285
9422,5/4/2010,May,Tuesday,12:47,1,2,0,0,0,V1: Parked / V2: Parked,V1: 0 / V2: E,Dry,Daylight,Clear,0.28,0,82,52,FALSE,41.92507856,-71.35624868
9423,5/4/2010,May,Tuesday,15:34,2,2,3,0,Angle,V1: Travelling straight ahead / V2: Travelling straight ahead,V1: E  / V2: S,Wet,Daylight,Cloudy/Rain,0.28,0,82,52,FALSE,41.93808003,-71.27597724
9424,5/4/2010,May,Tuesday,15:36,2,1,1,0,Single vehicle crash,V1: Travelling straight ahead,V1: 0,Wet,Daylight,Cloudy/Rain,0.28,0,82,52,FALSE,41.94431166,-71.28140274
9425,5/4/2010,May,Tuesday,16:39,1,2,0,0,Angle,V1: Entering traffic lane / V2: Travelling straight ahead,V1: S  / V2: E,Wet,Daylight,Cloudy,0.28,0,82,52,FALSE,41.94757814,-71.27890389
9426,5/5/2010,May,Wednesday,8:51,0,2,0,0,Angle,V1: Turning left / V2: Travelling straight ahead,V1: N  / V2: W,Wet,Daylight,Clear,0,0,81,51,FALSE,41.93406554,-71.30574057
9427,5/5/2010,May,Wednesday,9:40,2,1,1,0,Single vehicle crash,V1: Travelling straight ahead,V1: W,Dry,Daylight,Clear,0,0,81,51,FALSE,41.94396167,-71.27662963
9428,5/5/2010,May,Wednesday,14:21,2,2,1,0,Angle,V1: Travelling straight ahead / V2: Turning left,V1: N  / V2: E,Dry,Daylight,Clear,0,0,81,51,FALSE,41.91194929,-71.36233897
9429,5/5/2010,May,Wednesday,14:45,2,1,1,0,Single vehicle crash,V1: Travelling straight ahead,V1: W,Dry,Daylight,Clear,0,0,81,51,FALSE,41.92622248,-71.34599973
9430,5/5/2010,May,Wednesday,15:05,2,2,1,0,Rear-end,V1: Slowing or stopped in traffic / V2: Slowing or stopped in traffic,V1: 0 / V2: 0,Dry,Daylight,Clear,0,0,81,51,FALSE,41.8991352,-71.35508813
9431,5/5/2010,May,Wednesday,15:31,1,2,0,0,Rear-end,V1: Travelling straight ahead / V2: Travelling straight ahead,V1: S  / V2: S,Dry,Daylight,Clear,0,0,81,51,FALSE,41.94496867,-71.28468665
9432,5/5/2010,May,Wednesday,19:00,1,1,0,0,Single vehicle crash,V1: Turning left,V1: E,Dry,Daylight,Clear,0,0,81,51,FALSE,41.9314426,-71.31480491
9433,5/5/2010,May,Wednesday,22:03,2,2,5,0,Angle,V1: Slowing or stopped in traffic / V2: Travelling straight ahead,V1: W  / V2: N,Dry,Dark - lighted roadway,Clear,0,0,81,51,FALSE,41.91339525,-71.36160728
9434,5/6/2010,May,Thursday,1:57,2,3,1,0,Rear-end,V1: Travelling straight ahead / V2: Travelling straight ahead / V3: Travelling straight ahead,V1: N  / V2: N  / V3: N,Dry,Dark - roadway not lighted,Clear,0,0,80,56,FALSE,41.96941345,-71.29547608
9435,5/6/2010,May,Thursday,11:15,1,1,0,0,Single vehicle crash,V1: Leaving traffic lane,V1: S,Dry,Daylight,Cloudy,0,0,80,56,FALSE,41.95773663,-71.30327123
9436,5/6/2010,May,Thursday,13:36,1,2,0,0,Rear-end,V1: Entering traffic lane / V2: 0,V1: E  / V2: 0,Dry,Daylight,Cloudy,0,0,80,56,FALSE,41.93404812,-71.31577712
9437,5/6/2010,May,Thursday,15:14,2,2,2,0,Angle,V1: Travelling straight ahead / V2: Travelling straight ahead,V1: W  / V2: S,Dry,Daylight,Clear,0,0,80,56,FALSE,41.90588782,-71.37669559
9438,5/6/2010,May,Thursday,18:43,1,2,0,0,Rear-end,V1: Slowing or stopped in traffic / V2: Travelling straight ahead,V1: S  / V2: S,Dry,Daylight,Clear,0,0,80,56,FALSE,41.90257902,-71.35602454
9439,5/7/2010,May,Friday,12:28,1,2,0,0,Angle,V1: Turning left / V2: Travelling straight ahead,V1: N  / V2: E,Dry,Daylight,Clear,0,0,74,48,FALSE,41.92675288,-71.34334435
9440,5/7/2010,May,Friday,12:52,1,2,0,0,Rear-end,V1: Travelling straight ahead / V2: Travelling straight ahead,V1: S  / V2: S,Dry,Daylight,Clear,0,0,74,48,FALSE,41.94495215,-71.2846593
9441,5/7/2010,May,Friday,15:48,2,2,1,0,Head-on,V1: Turning left / V2: Travelling straight ahead,V1: N  / V2: S,Dry,Daylight,Clear,0,0,74,48,FALSE,41.95250372,-71.27005525
9442,5/7/2010,May,Friday,17:30,2,2,1,0,Rear-end,V1: Travelling straight ahead / V2: Travelling straight ahead,V1: S  / V2: S,Dry,Daylight,Clear,0,0,74,48,FALSE,41.97015292,-71.29135147
9443,5/7/2010,May,Friday,17:36,2,2,2,0,Angle,V1: Travelling straight ahead / V2: Slowing or stopped in traffic,V1: S  / V2: W,Dry,Daylight,Clear,0,0,74,48,FALSE,41.90588782,-71.37669559
9444,5/7/2010,May,Friday,17:50,1,2,0,0,0,V1: Backing / V2: Parked,V1: E  / V2: 0,Dry,Daylight,Clear,0,0,74,48,FALSE,41.94540058,-71.27408653
9445,5/7/2010,May,Friday,18:50,1,1,0,0,Single vehicle crash,V1: Travelling straight ahead,V1: N,Dry,Dusk,Clear,0,0,74,48,FALSE,41.95593405,-71.30346756
9446,5/8/2010,May,Saturday,12:50,1,2,0,0,Rear-end,V1: Slowing or stopped in traffic / V2: Slowing or stopped in traffic,V1: E  / V2: E,Wet,Daylight,Cloudy/Rain,1.1,0,68,49,FALSE,41.91982212,-71.35857678
9447,5/8/2010,May,Saturday,12:50,1,2,0,0,"Sideswipe, opposite direction",V1: Turning left / V2: Travelling straight ahead,V1: S  / V2: N,Wet,Daylight,Cloudy/Rain,1.1,0,68,49,FALSE,41.91982212,-71.35857678
9448,5/8/2010,May,Saturday,13:35,1,2,0,0,Rear-end,V1: Slowing or stopped in traffic / V2: Travelling straight ahead,V1: S  / V2: S,Dry,Daylight,Clear,1.1,0,68,49,FALSE,41.89428574,-71.37624757
9449,5/8/2010,May,Saturday,15:04,2,3,1,0,Rear-end,V1: Travelling straight ahead / V2: Slowing or stopped in traffic / V3: Slowing or stopped in traffic,V1: N  / V2: N  / V3: N,Wet,Daylight,Cloudy,1.1,0,68,49,FALSE,41.92890096,-71.35392056
9450,5/8/2010,May,Saturday,16:31,2,3,3,0,Rear-end,V1: Slowing or stopped in traffic / V2: Slowing or stopped in traffic / V3: Changing lanes,V1: S  / V2: S  / V3: S,Dry,Daylight,Clear,1.1,0,68,49,FALSE,41.92927402,-71.32377045
9451,5/8/2010,May,Saturday,20:30,1,2,0,0,Rear-end,V1: Travelling straight ahead / V2: Travelling straight ahead,V1: N  / V2: N,Dry,Dark - lighted roadway,Clear,1.1,0,68,49,FALSE,41.90086769,-71.36799095
9452,5/9/2010,May,Sunday,12:25,1,2,0,0,"Sideswipe, opposite direction",V1: Backing / V2: Parked,V1: W  / V2: W,Dry,Dark - lighted roadway,Clear,0,0,56,42,FALSE,41.93454648,-71.30014638
9453,5/10/2010,May,Monday,17:46,1,2,0,0,"Sideswipe, same direction",V1: Changing lanes / V2: Travelling straight ahead,V1: E  / V2: E,Dry,Daylight,Clear,0,0,61,35,FALSE,41.94861042,-71.27758702
9454,5/11/2010,May,Tuesday,15:16,1,2,0,0,Angle,V1: Turning left / V2: Travelling straight ahead,V1: E  / V2: W,Dry,Daylight,Clear,0,0,61,34,FALSE,41.94757814,-71.27890389
9455,5/11/2010,May,Tuesday,17:53,2,2,2,0,Angle,V1: Turning left / V2: Travelling straight ahead,V1: S  / V2: N,Dry,Daylight,Clear,0,0,61,34,FALSE,41.90998013,-71.35802082
9456,5/11/2010,May,Tuesday,21:34,1,2,0,0,Rear-end,V1: Slowing or stopped in traffic / V2: Slowing or stopped in traffic,V1: S  / V2: S,Dry,Dark - lighted roadway,Clear,0,0,61,34,FALSE,41.95287787,-71.26899686
9457,5/12/2010,May,Wednesday,17:29,1,2,0,0,Angle,V1: Travelling straight ahead / V2: Turning left,V1: N  / V2: S,Dry,Daylight,Clear,0,0,53,39,FALSE,41.97069754,-71.29126037
9458,5/13/2010,May,Thursday,1:37,1,2,0,0,Angle,V1: Travelling straight ahead / V2: Turning left,V1: E  / V2: N,Dry,Dark - lighted roadway,Clear,0,0,70,35,FALSE,41.94586371,-71.28073807
9459,5/13/2010,May,Thursday,12:08,1,1,0,0,Single vehicle crash,V1: Turning right,V1: S,Dry,Daylight,Clear,0,0,70,35,FALSE,41.94780219,-71.28327927
9460,5/13/2010,May,Thursday,13:05,1,2,0,0,Rear-end,V1: Slowing or stopped in traffic / V2: Slowing or stopped in traffic,V1: W  / V2: W,Dry,Daylight,Cloudy,0,0,70,35,FALSE,41.93050355,-71.33614937
9461,5/13/2010,May,Thursday,15:48,2,1,1,0,Single vehicle crash,V1: Travelling straight ahead,V1: S,Wet,Daylight,Clear,0,0,70,35,FALSE,41.92906748,-71.2246876
9462,5/13/2010,May,Thursday,16:45,1,2,0,0,Angle,V1: Turning left / V2: Travelling straight ahead,V1: E  / V2: E,Dry,Daylight,Clear,0,0,70,35,FALSE,41.95117329,-71.27295536
9463,5/13/2010,May,Thursday,21:00,1,2,0,0,Rear-end,V1: Travelling straight ahead / V2: Turning left,V1: E  / V2: E,Dry,Dusk,Cloudy,0,0,70,35,FALSE,41.93405012,-71.31579284
9464,5/14/2010,May,Friday,11:00,1,1,0,0,Single vehicle crash,V1: Travelling straight ahead,V1: W,Dry,Daylight,Cloudy,0.02,0,72,49,FALSE,41.96447809,-71.25934808
9465,5/14/2010,May,Friday,13:27,1,1,0,0,Single vehicle crash,V1: Turning left,V1: E,Dry,Daylight,Clear,0.02,0,72,49,FALSE,41.91954079,-71.25775248
9466,5/14/2010,May,Friday,17:40,1,2,0,0,Angle,V1: Turning left / V2: Travelling straight ahead,V1: N  / V2: S,Dry,Daylight,Clear,0.02,0,72,49,FALSE,41.94344652,-71.28559566
9467,5/15/2010,May,Saturday,15:52,1,2,0,0,Angle,V1: Travelling straight ahead / V2: Travelling straight ahead,V1: W  / V2: N,Dry,Daylight,Clear,0,0,74,53,FALSE,41.9118689,-71.3652303
9468,5/15/2010,May,Saturday,16:28,1,2,0,0,Rear-end,V1: Travelling straight ahead / V2: 0,V1: S  / V2: S,Dry,Daylight,Clear,0,0,74,53,FALSE,41.91402282,-71.35905109
9469,5/15/2010,May,Saturday,21:10,1,2,0,0,Rear-end,V1: Slowing or stopped in traffic / V2: Slowing or stopped in traffic,V1: S  / V2: S,Dry,Dark - lighted roadway,Clear,0,0,74,53,FALSE,41.92298399,-71.3572054
9470,5/15/2010,May,Saturday,22:40,1,2,0,0,Angle,V1: Backing / V2: Travelling straight ahead,V1: N  / V2: E,Dry,Dark - lighted roadway,Clear,0,0,74,53,FALSE,41.92203556,-71.35456894
9471,5/16/2010,May,Sunday,16:09,2,2,2,0,0,V1: Travelling straight ahead / V2: Turning right,V1: W  / V2: S,Dry,Daylight,Clear,0,0,75,49,FALSE,41.92616865,-71.3603011
9472,5/16/2010,May,Sunday,16:10,2,2,1,0,Angle,V1: Changing lanes / V2: Travelling straight ahead,V1: N  / V2: N,Dry,Daylight,Clear,0,0,75,49,FALSE,41.92762143,-71.35470547
9473,5/17/2010,May,Monday,1:03,1,1,0,0,Single vehicle crash,V1: Turning right,V1: N,Dry,Dark - lighted roadway,Clear,0,0,76,40,FALSE,41.95320805,-71.27772437
9474,5/17/2010,May,Monday,14:18,1,2,0,0,Angle,V1: Travelling straight ahead / V2: Turning left,V1: S  / V2: S,Dry,Daylight,Clear,0,0,76,40,FALSE,41.94499193,-71.27949099
9475,5/17/2010,May,Monday,19:09,1,2,0,0,Angle,V1: Turning left / V2: Travelling straight ahead,V1: S  / V2: W,Dry,Daylight,Clear,0,0,76,40,FALSE,41.9341021,-71.30369928
9476,5/17/2010,May,Monday,19:31,2,2,1,0,Angle,V1: Travelling straight ahead / V2: Travelling straight ahead,V1: E  / V2: N,Wet,Daylight,Clear,0,0,76,40,FALSE,41.93528504,-71.29579463
9477,5/18/2010,May,Tuesday,14:37,1,2,0,0,Angle,V1: 0 / V2: 0,V1: N  / V2: S,Wet,Daylight,Rain,0.94,0,62,46,FALSE,41.91649569,-71.30362942
9478,5/18/2010,May,Tuesday,14:47,1,1,0,0,Single vehicle crash,V1: Travelling straight ahead,V1: N,Dry,Daylight,Cloudy,0.94,0,62,46,FALSE,41.92419142,-71.25937693
9479,5/18/2010,May,Tuesday,15:46,1,2,0,0,Angle,V1: Turning left / V2: Travelling straight ahead,V1: E  / V2: W,Wet,Daylight,Rain,0.94,0,62,46,FALSE,41.89618753,-71.37039513
9480,5/18/2010,May,Tuesday,18:15,1,2,0,0,Angle,V1: Travelling straight ahead / V2: Travelling straight ahead,V1: E  / V2: N,Wet,Dusk,Cloudy/Rain,0.94,0,62,46,FALSE,41.94683059,-71.28375978
9481,5/19/2010,May,Wednesday,15:53,1,2,0,0,Rear-end,V1: Slowing or stopped in traffic / V2: Slowing or stopped in traffic,V1: N  / V2: N,Wet,Daylight,Cloudy/Rain,0.19,0,57,47,FALSE,41.91732039,-71.35849213
9482,5/19/2010,May,Wednesday,20:50,1,2,0,0,Rear-end,V1: Travelling straight ahead / V2: Travelling straight ahead,V1: 0 / V2: 0,Wet,Daylight,Rain,0.19,0,57,47,FALSE,41.92734177,-71.2850606
9483,5/20/2010,May,Thursday,10:58,1,2,0,0,Angle,V1: Turning right / V2: Travelling straight ahead,V1: N  / V2: N,Dry,Daylight,Clear,0,0,82,52,FALSE,41.91933728,-71.35878659
9484,5/20/2010,May,Thursday,12:17,1,3,0,0,Angle,V1: Turning right / V2: Turning left / V3: Slowing or stopped in traffic,V1: E  / V2: N  / V3: N,Dry,Daylight,Clear,0,0,82,52,FALSE,41.90331408,-71.33105041
9485,5/20/2010,May,Thursday,13:50,1,2,0,0,Angle,V1: Backing / V2: Backing,V1: E  / V2: W,Dry,Daylight,Clear,0,0,82,52,FALSE,41.94634843,-71.28212749
9486,5/20/2010,May,Thursday,13:59,1,2,0,0,Angle,V1: Turning left / V2: Slowing or stopped in traffic,V1: N  / V2: N,Dry,Daylight,Clear,0,0,82,52,FALSE,41.91977399,-71.35859774
9487,5/20/2010,May,Thursday,17:11,2,2,2,0,Rear-end,V1: Travelling straight ahead / V2: Travelling straight ahead,V1: N  / V2: N,Dry,Daylight,Clear,0,0,82,52,FALSE,41.94586371,-71.28073807
9488,5/20/2010,May,Thursday,23:35,1,1,0,0,Single vehicle crash,V1: Changing lanes,V1: S,Dry,Dark - roadway not lighted,Clear,0,0,82,52,FALSE,41.93804592,-71.31642932
9489,5/21/2010,May,Friday,16:50,1,2,0,0,Angle,V1: Other / V2: Travelling straight ahead,V1: S  / V2: S,Dry,Daylight,Clear,0,0,74,53,FALSE,41.94896349,-71.27713653
9490,5/21/2010,May,Friday,19:20,1,2,0,0,Angle,V1: Turning left / V2: Travelling straight ahead,V1: N  / V2: E,Dry,Daylight,Clear,0,0,74,53,FALSE,41.94292045,-71.27681606
9491,5/22/2010,May,Saturday,17:07,1,2,0,0,Rear-end,V1: Travelling straight ahead / V2: Slowing or stopped in traffic,V1: E  / V2: E,Dry,Daylight,Cloudy,0,0,78,50,FALSE,34.24438675,-73.6513909
9492,5/23/2010,May,Sunday,14:26,2,2,1,0,Rear-end,V1: Slowing or stopped in traffic / V2: Travelling straight ahead,V1: E  / V2: 0,Dry,Daylight,Cloudy,0,0,79,54,FALSE,41.92599604,-71.3466696
9493,5/23/2010,May,Sunday,19:00,1,2,0,0,Angle,V1: Turning left / V2: Travelling straight ahead,V1: E  / V2: N,Dry,Daylight,Clear,0,0,79,54,FALSE,41.91026562,-71.36319441
9494,5/24/2010,May,Monday,6:58,2,1,3,0,Single vehicle crash,V1: Travelling straight ahead,V1: W,Dry,Daylight,Cloudy,0,0,82,56,FALSE,41.95409084,-71.28363132
9495,5/24/2010,May,Monday,8:25,1,2,0,0,Angle,V1: Slowing or stopped in traffic / V2: Travelling straight ahead,V1: N  / V2: N,Dry,Daylight,Clear,0,0,82,56,FALSE,34.24438675,-73.6513909
9496,5/24/2010,May,Monday,11:55,1,2,0,0,"Sideswipe, same direction",V1: Travelling straight ahead / V2: Travelling straight ahead,V1: E  / V2: E,Dry,Daylight,Clear,0,0,82,56,FALSE,41.95265513,-71.26966302
9497,5/24/2010,May,Monday,14:11,1,2,0,0,Rear-end,V1: Travelling straight ahead / V2: Turning left,V1: W  / V2: W,Dry,Daylight,Clear,0,0,82,56,FALSE,41.92633454,-71.34480984
9498,5/25/2010,May,Tuesday,15:06,1,2,0,0,Angle,V1: Travelling straight ahead / V2: Parked,V1: 0 / V2: 0,Dry,Daylight,Clear,0,0,90,59,FALSE,41.94612876,-71.27715033
9499,5/25/2010,May,Tuesday,17:19,1,2,0,0,Angle,V1: Turning left / V2: Travelling straight ahead,V1: E  / V2: W,Dry,Daylight,Clear,0,0,90,59,FALSE,41.93860766,-71.26115887
9500,5/26/2010,May,Wednesday,17:30,1,2,0,0,Rear-end,V1: Travelling straight ahead / V2: Slowing or stopped in traffic,V1: S  / V2: 0,Dry,Daylight,Clear,0,0,97,60,FALSE,34.24438675,-73.6513909
9501,5/26/2010,May,Wednesday,17:35,1,2,0,0,Angle,V1: Backing / V2: Slowing or stopped in traffic,V1: N  / V2: E,Dry,Daylight,Clear,0,0,97,60,FALSE,41.95154828,-71.2745978
9502,5/27/2010,May,Thursday,7:00,1,1,0,0,Single vehicle crash,V1: Travelling straight ahead,V1: W,Dry,Daylight,Cloudy,0.23,0,78,56,FALSE,41.91711015,-71.37372238
9503,5/27/2010,May,Thursday,11:12,1,2,0,0,Angle,V1: Travelling straight ahead / V2: Entering traffic lane,V1: W  / V2: S,Dry,Daylight,Cloudy,0.23,0,78,56,FALSE,41.9348634,-71.29887283
9504,5/27/2010,May,Thursday,16:59,1,2,0,0,Angle,V1: Turning left / V2: Travelling straight ahead,V1: S  / V2: W,Dry,Daylight,Clear,0.23,0,78,56,FALSE,41.95260998,-71.26978509
9505,5/27/2010,May,Thursday,17:00,1,2,0,0,Angle,V1: Entering traffic lane / V2: Entering traffic lane,V1: E  / V2: W,Dry,Daylight,Clear,0.23,0,78,56,FALSE,41.9472108,-71.28786501
9506,5/27/2010,May,Thursday,21:20,1,2,0,0,Rear-end,V1: Travelling straight ahead / V2: Travelling straight ahead,V1: S  / V2: S,Dry,Dark - lighted roadway,Clear,0.23,0,78,56,FALSE,41.9211314,-71.35800441
9507,5/28/2010,May,Friday,14:03,1,2,0,0,Angle,V1: Entering traffic lane / V2: Travelling straight ahead,V1: W  / V2: S,Dry,Daylight,Clear,0,0,76,51,FALSE,41.91194929,-71.36233897
9508,5/28/2010,May,Friday,22:16,1,2,0,0,"Sideswipe, same direction",V1: Travelling straight ahead / V2: Travelling straight ahead,V1: W  / V2: W,Dry,Dark - lighted roadway,Clear,0,0,76,51,FALSE,41.91982212,-71.35857678
9509,5/29/2010,May,Saturday,2:02,1,1,0,0,Single vehicle crash,V1: Travelling straight ahead,V1: E,Dry,Dark - lighted roadway,Clear,0.1,0,80,54,FALSE,41.90921309,-71.28646966
9510,5/29/2010,May,Saturday,9:14,2,1,1,0,Single vehicle crash,V1: Travelling straight ahead,V1: E,Dry,Daylight,Clear,0.1,0,80,54,FALSE,41.9483337,-71.27794679
9511,5/29/2010,May,Saturday,11:59,1,3,0,0,Angle,V1: Travelling straight ahead / V2: Travelling straight ahead / V3: Slowing or stopped in traffic,V1: W  / V2: E  / V3: E,Dry,Daylight,Clear,0.1,0,80,54,FALSE,41.94472176,-71.2812504
9512,5/29/2010,May,Saturday,16:16,2,3,1,0,Rear-end,V1: Slowing or stopped in traffic / V2: Travelling straight ahead / V3: Slowing or stopped in traffic,V1: S  / V2: S  / V3: S,Dry,Daylight,Clear,0.1,0,80,54,FALSE,41.93624398,-71.26400311
9513,5/29/2010,May,Saturday,18:11,1,2,0,0,Angle,V1: Travelling straight ahead / V2: Turning left,V1: S  / V2: W,Wet,Daylight,Rain,0.1,0,80,54,FALSE,41.89618753,-71.37039513
9514,5/30/2010,May,Sunday,6:30,1,2,0,0,Rear-end,V1: Parked / V2: Turning left,V1: 0 / V2: N,Dry,Daylight,Clear,0,0,83,59,FALSE,41.91180256,-71.31354564
9515,5/31/2010,May,Monday,12:27,1,3,0,0,Rear-end,V1: Travelling straight ahead / V2: Travelling straight ahead / V3: Travelling straight ahead,V1: E  / V2: E  / V3: E,Wet,Daylight,Clear,0,0,82,59,FALSE,41.9483337,-71.27794679
9516,5/31/2010,May,Monday,16:05,0,2,0,0,Rear-end,V1: Slowing or stopped in traffic / V2: Slowing or stopped in traffic,V1: S  / V2: S,Dry,Daylight,Clear,0,0,82,59,FALSE,41.89862739,-71.36919075
9517,5/31/2010,May,Monday,19:43,1,2,0,0,Rear-end,V1: Travelling straight ahead / V2: Turning right,V1: S  / V2: S,Dry,Dusk,Cloudy,0,0,82,59,FALSE,41.91026562,-71.36319441
9518,6/2/2010,June,Wednesday,7:06,1,2,0,0,Rear-end,V1: Travelling straight ahead / V2: Travelling straight ahead,V1: N  / V2: N,Dry,Daylight,Clear,0,0,85,60,FALSE,41.94430701,-71.30913523
9519,6/2/2010,June,Wednesday,18:06,2,2,2,0,Angle,V1: Travelling straight ahead / V2: Entering traffic lane,V1: E  / V2: S,Dry,Daylight,Clear,0,0,85,60,FALSE,41.93830895,-71.28203041
9520,6/2/2010,June,Wednesday,20:45,1,2,0,0,Angle,V1: Entering traffic lane / V2: Travelling straight ahead,V1: W  / V2: S,Dry,Dusk,Clear,0,0,85,60,FALSE,41.93846875,-71.28469502
9521,6/3/2010,June,Thursday,10:08,1,2,0,0,Rear-end,V1: Travelling straight ahead / V2: Travelling straight ahead,V1: W  / V2: W,Dry,Daylight,Cloudy,0.04,0,82,60,FALSE,41.93397786,-71.3113241
9522,6/3/2010,June,Thursday,10:44,1,2,0,0,Angle,V1: Travelling straight ahead / V2: Travelling straight ahead,V1: S  / V2: S,Dry,Daylight,Cloudy,0.04,0,82,60,FALSE,41.90978893,-71.31543487
9523,6/3/2010,June,Thursday,15:55,2,2,1,0,Rear-end,V1: Travelling straight ahead / V2: Travelling straight ahead,V1: S  / V2: S,Dry,Daylight,Clear,0.04,0,82,60,FALSE,41.93386542,-71.30225536
9524,6/4/2010,June,Friday,22:09,1,2,0,0,Angle,V1: Backing / V2: Parked,V1: N  / V2: 0,Dry,Dark - lighted roadway,Cloudy,0,0,87,61,FALSE,41.94572465,-71.27994694
9525,6/5/2010,June,Saturday,12:23,2,1,2,0,Single vehicle crash,V1: Travelling straight ahead,V1: S,Dry,Dark - lighted roadway,Clear,0.34,0,83,64,FALSE,41.92436766,-71.25944878
9526,6/5/2010,June,Saturday,20:35,1,2,0,0,Rear-end,V1: Travelling straight ahead / V2: Travelling straight ahead,V1: N  / V2: N,Dry,Dark - lighted roadway,Clear,0.34,0,83,64,FALSE,41.90086769,-71.36799095
9527,6/5/2010,June,Saturday,21:00,2,2,1,0,Head-on,V1: Travelling straight ahead / V2: Turning left,V1: N  / V2: S,Dry,Dark - lighted roadway,Clear,0.34,0,83,64,FALSE,34.24438675,-73.6513909
9528,6/6/2010,June,Sunday,5:20,2,1,1,0,Single vehicle crash,V1: Travelling straight ahead,V1: S,Dry,Dawn,Cloudy,0,0,82,58,FALSE,41.96019052,-71.3011813
9529,6/6/2010,June,Sunday,10:31,1,2,0,0,Angle,V1: Travelling straight ahead / V2: Travelling straight ahead,V1: N  / V2: N,Dry,Daylight,Cloudy,0,0,82,58,FALSE,41.90981173,-71.31541488
9530,6/6/2010,June,Sunday,20:05,2,1,2,0,Single vehicle crash,V1: Travelling straight ahead,V1: S,Dry,Dusk,Clear,0,0,82,58,FALSE,41.94928318,-71.28964082
9531,6/8/2010,June,Tuesday,7:25,2,3,1,0,Rear-end,V1: Travelling straight ahead / V2: Travelling straight ahead / V3: Travelling straight ahead,V1: N  / V2: N  / V3: N,Dry,Daylight,Clear,0.01,0,73,48,FALSE,34.24438675,-73.6513909
9532,6/8/2010,June,Tuesday,9:37,1,2,0,0,Angle,V1: Travelling straight ahead / V2: Turning left,V1: W  / V2: E,Dry,Daylight,Clear,0.01,0,73,48,FALSE,41.95130281,-71.27263126
9533,6/8/2010,June,Tuesday,13:01,2,3,1,0,"Sideswipe, same direction",V1: Slowing or stopped in traffic / V2: Travelling straight ahead / V3: Travelling straight ahead,V1: W  / V2: S  / V3: S,Dry,Daylight,Clear,0.01,0,73,48,FALSE,41.92644259,-71.35554103
9534,6/8/2010,June,Tuesday,16:48,2,2,1,0,"Sideswipe, opposite direction",V1: Travelling straight ahead / V2: Travelling straight ahead,V1: E  / V2: W,Dry,Daylight,Clear,0.01,0,73,48,FALSE,41.93584988,-71.28143838
9535,6/9/2010,June,Wednesday,14:40,1,2,0,0,Angle,V1: Turning left / V2: Travelling straight ahead,V1: E  / V2: S,Dry,Daylight,Cloudy,0.27,0,72,45,FALSE,41.9348634,-71.29887283
9536,6/9/2010,June,Wednesday,21:58,1,2,0,0,"Sideswipe, same direction",V1: Travelling straight ahead / V2: 0,V1: W  / V2: 0,Dry,Daylight,Clear,0.27,0,72,45,FALSE,41.92014284,-71.35719783
9537,6/10/2010,June,Thursday,7:54,1,2,0,0,Angle,V1: Travelling straight ahead / V2: Travelling straight ahead,V1: E  / V2: N,Wet,Daylight,Cloudy,0.1,0,61,53,FALSE,41.94019537,-71.27660007
9538,6/10/2010,June,Thursday,15:09,2,2,1,0,Angle,V1: Travelling straight ahead / V2: Entering traffic lane,V1: S  / V2: 0,Dry,Daylight,Cloudy,0.1,0,61,53,FALSE,41.91902322,-71.35778764
9539,6/11/2010,June,Friday,0:20,2,3,1,0,Rear-end,V1: Travelling straight ahead / V2: Travelling straight ahead / V3: Travelling straight ahead,V1: N  / V2: N  / V3: N,Dry,Dark - roadway not lighted,Clear,0,0,70,54,FALSE,41.92886054,-71.32309841
9540,6/11/2010,June,Friday,12:23,1,1,0,0,Single vehicle crash,V1: Travelling straight ahead,V1: S,Dry,Daylight,Cloudy,0,0,70,54,FALSE,41.94942049,-71.24751801