ID,DATE,Month,Day of week,Crash Time,Crash Severity,Number of Vehicles,Total Nonfatal Injuries,Total Fatal Injuries,Manner of Collision,Vehicle Action Prior to Crash,Vehicle Travel Directions,Road Surface Condition,Ambient Light,Weather Condition,PRCP,SNOW,TMAX,TMIN,Ice,Longtitute,Latitute
9541,6/11/2010,June,Friday,16:56,1,2,0,0,Angle,V1: Entering traffic lane / V2: Travelling straight ahead,V1: W  / V2: N,Dry,Daylight,Clear,0,0,70,54,FALSE,41.89838665,-71.3692541
9542,6/12/2010,June,Saturday,0:06,0,1,0,0,Single vehicle crash,V1: Travelling straight ahead,V1: E,Wet,Dark - lighted roadway,Rain,0.64,0,70,54,FALSE,41.91935788,-71.35757489
9543,6/12/2010,June,Saturday,3:49,1,1,0,0,Single vehicle crash,V1: Travelling straight ahead,V1: N,Dry,Dark - roadway not lighted,Clear,0.64,0,70,54,FALSE,34.24438675,-73.6513909
9544,6/12/2010,June,Saturday,8:38,1,3,0,0,Single vehicle crash,V1: Travelling straight ahead / V2: Slowing or stopped in traffic / V3: Slowing or stopped in traffic,V1: N  / V2: N  / V3: N,Dry,Daylight,Clear,0.64,0,70,54,FALSE,41.91264408,-71.35897617
9545,6/12/2010,June,Saturday,22:08,1,1,0,0,Single vehicle crash,V1: Travelling straight ahead,V1: S,Wet,Dark - roadway not lighted,Cloudy/Rain,0.64,0,70,54,FALSE,41.93431274,-71.24972247
9546,6/13/2010,June,Sunday,13:14,1,2,0,0,Rear-end,V1: Slowing or stopped in traffic / V2: Travelling straight ahead,V1: N  / V2: N,Dry,Daylight,Cloudy,0.09,0,66,58,FALSE,41.91619723,-71.35885587
9547,6/13/2010,June,Sunday,18:44,2,2,1,0,Single vehicle crash,V1: Entering traffic lane / V2: Entering traffic lane,V1: N  / V2: N,Dry,Daylight,Clear,0.09,0,66,58,FALSE,41.95593405,-71.30346756
9548,6/13/2010,June,Sunday,20:48,1,2,0,0,0,V1: Backing / V2: Slowing or stopped in traffic,V1: S  / V2: N,Dry,Dark - lighted roadway,Clear,0.09,0,66,58,FALSE,41.90132963,-71.37728845
9549,6/14/2010,June,Monday,16:53,1,2,0,0,Rear-end,V1: Travelling straight ahead / V2: Slowing or stopped in traffic,V1: S  / V2: S,Dry,Daylight,Clear,0.04,0,79,58,FALSE,41.93725008,-71.31549578
9550,6/14/2010,June,Monday,23:12,0,1,0,0,Single vehicle crash,V1: Backing,V1: W,Dry,Dark - roadway not lighted,Clear,0.04,0,79,58,FALSE,41.89804027,-71.37674712
9551,6/15/2010,June,Tuesday,14:20,1,1,0,0,Single vehicle crash,V1: Travelling straight ahead,V1: E,Dry,Daylight,Clear,0,0,83,54,FALSE,41.89791016,-71.36435296
9552,6/15/2010,June,Tuesday,14:35,2,2,1,0,Rear-end,V1: Travelling straight ahead / V2: Slowing or stopped in traffic,V1: S  / V2: S,Dry,Daylight,Clear,0,0,83,54,FALSE,41.96423742,-71.29738391
9553,6/16/2010,June,Wednesday,14:12,1,2,0,0,Rear-end,V1: Travelling straight ahead / V2: Turning right,V1: S  / V2: 0,Dry,Daylight,Clear,0.05,0,79,53,FALSE,41.93518135,-71.28488512
9554,6/17/2010,June,Thursday,0:36,1,2,0,0,Angle,V1: Travelling straight ahead / V2: Entering traffic lane,V1: E  / V2: N,Wet,Dark - lighted roadway,Rain,0.03,0,76,57,FALSE,41.94066438,-71.28948653
9555,6/17/2010,June,Thursday,15:11,1,2,0,0,Rear-end,V1: Slowing or stopped in traffic / V2: Travelling straight ahead,V1: N  / V2: N,Dry,Daylight,Cloudy,0.03,0,76,57,FALSE,41.92508738,-71.35628348
9556,6/18/2010,June,Friday,8:11,1,2,0,0,Angle,V1: Travelling straight ahead / V2: Travelling straight ahead,V1: W  / V2: S,Dry,Daylight,Clear,0,0,90,55,FALSE,41.94330896,-71.27265641
9557,6/18/2010,June,Friday,8:45,1,2,0,0,Angle,V1: Travelling straight ahead / V2: Travelling straight ahead,V1: S  / V2: W,Dry,Daylight,Clear,0,0,90,55,FALSE,41.94757814,-71.27890389
9558,6/18/2010,June,Friday,12:03,1,2,0,0,Rear-end,V1: Slowing or stopped in traffic / V2: Slowing or stopped in traffic,V1: S  / V2: S,Dry,Daylight,Clear,0,0,90,55,FALSE,41.97015292,-71.29135147
9559,6/18/2010,June,Friday,15:37,1,4,0,0,Angle,V1: Slowing or stopped in traffic / V2: Slowing or stopped in traffic / V3: Slowing or stopped in traffic / V4: 0,V1: N  / V2: N  / V3: N  / V4: 0,Dry,Daylight,Clear,0,0,90,55,FALSE,34.24438675,-73.6513909
9560,6/18/2010,June,Friday,17:25,1,2,0,0,Rear-end,V1: Travelling straight ahead / V2: Travelling straight ahead,V1: E  / V2: E,Dry,Daylight,Clear,0,0,90,55,FALSE,41.94344652,-71.28559566
9561,6/19/2010,June,Saturday,11:28,2,2,1,0,Single vehicle crash,V1: Travelling straight ahead / V2: Travelling straight ahead,V1: N  / V2: N,Dry,Daylight,Clear,0,0,83,58,FALSE,41.90241817,-71.35561188
9562,6/19/2010,June,Saturday,16:08,1,2,0,0,"Sideswipe, same direction",V1: Travelling straight ahead / V2: Travelling straight ahead,V1: S  / V2: S,Dry,Daylight,Clear,0,0,83,58,FALSE,34.24438675,-73.6513909
9563,6/20/2010,June,Sunday,14:15,1,2,0,0,Angle,V1: Travelling straight ahead / V2: Slowing or stopped in traffic,V1: S  / V2: S,Dry,Daylight,Clear,0.35,0,90,65,FALSE,41.91277813,-71.30920153
9564,6/21/2010,June,Monday,3:40,1,1,0,0,Single vehicle crash,V1: Travelling straight ahead,V1: S,Dry,Dark - lighted roadway,Cloudy,0,0,90,65,FALSE,41.9047201,-71.32287329
9565,6/21/2010,June,Monday,6:55,1,2,0,0,Angle,V1: Slowing or stopped in traffic / V2: Travelling straight ahead,V1: S  / V2: W,Dry,Daylight,Clear,0,0,90,65,FALSE,41.93405012,-71.31579284
9566,6/21/2010,June,Monday,15:58,1,3,0,0,Rear-end,V1: Slowing or stopped in traffic / V2: Slowing or stopped in traffic / V3: Slowing or stopped in traffic,V1: N  / V2: N  / V3: N,Dry,Daylight,Clear,0,0,90,65,FALSE,41.95257611,-71.26987665
9567,6/21/2010,June,Monday,21:35,1,2,0,0,Rear-end,V1: Travelling straight ahead / V2: Slowing or stopped in traffic,V1: N  / V2: N,Dry,Dark - lighted roadway,Cloudy,0,0,90,65,FALSE,34.24438675,-73.6513909
9568,6/22/2010,June,Tuesday,16:48,2,1,2,0,Single vehicle crash,V1: Travelling straight ahead,V1: N,Dry,Daylight,Clear,0.01,0,87,60,FALSE,41.94127052,-71.26890833
9569,6/23/2010,June,Wednesday,13:59,2,1,1,0,Single vehicle crash,V1: Turning left,V1: N,Dry,Daylight,Clear,0.16,0,88,67,FALSE,41.94757814,-71.27890389
9570,6/23/2010,June,Wednesday,18:12,2,2,1,0,Angle,V1: Travelling straight ahead / V2: Travelling straight ahead,V1: N  / V2: W,Dry,Daylight,Clear,0.16,0,88,67,FALSE,41.94396167,-71.27662963
9571,6/25/2010,June,Friday,14:21,1,3,0,0,"Sideswipe, opposite direction",V1: Travelling straight ahead / V2: Travelling straight ahead / V3: Travelling straight ahead,V1: N  / V2: E  / V3: S,Dry,Daylight,Clear,0,0,87,64,FALSE,41.94450501,-71.28411703
9572,6/25/2010,June,Friday,19:10,2,2,2,0,Rear-end,V1: Travelling straight ahead / V2: Slowing or stopped in traffic,V1: E  / V2: E,Dry,Daylight,Clear,0,0,87,64,FALSE,41.97015292,-71.29135147
9573,6/26/2010,June,Saturday,16:11,1,2,0,0,Angle,V1: Travelling straight ahead / V2: Travelling straight ahead,V1: E  / V2: S,Dry,Daylight,Clear,0,0,87,63,FALSE,41.9346977,-71.27777936
9574,6/27/2010,June,Sunday,1:59,1,1,0,0,Single vehicle crash,V1: Leaving traffic lane,V1: N,Dry,Dark - lighted roadway,Clear,0,0,89,68,FALSE,41.91235352,-71.31166819
9575,6/27/2010,June,Sunday,16:55,2,2,2,0,Angle,V1: Turning left / V2: Travelling straight ahead,V1: E  / V2: N,Dry,Daylight,Clear,0,0,89,68,FALSE,41.92762143,-71.35470547
9576,6/29/2010,June,Tuesday,2:34,1,1,0,0,Single vehicle crash,V1: Travelling straight ahead,V1: E,Dry,Dark - lighted roadway,Clear,0,0,92,69,FALSE,41.93397921,-71.30659863
9577,6/29/2010,June,Tuesday,14:16,1,2,0,0,Angle,V1: Travelling straight ahead / V2: Travelling straight ahead,V1: E  / V2: S,Dry,Daylight,Clear,0,0,92,69,FALSE,41.90804202,-71.37220475
9578,6/29/2010,June,Tuesday,17:55,1,2,0,0,Angle,V1: Turning left / V2: Travelling straight ahead,V1: S  / V2: W,Dry,Daylight,Clear,0,0,92,69,FALSE,41.9339911,-71.30301574
9579,6/30/2010,June,Wednesday,9:00,1,2,0,0,Angle,V1: Turning right / V2: Travelling straight ahead,V1: 0 / V2: 0,Dry,Daylight,Clear,0,0,82,59,FALSE,41.93302504,-71.28502452
9580,6/30/2010,June,Wednesday,13:57,1,2,0,0,Angle,V1: Travelling straight ahead / V2: Turning right,V1: 0 / V2: 0,Dry,Daylight,Clear,0,0,82,59,FALSE,41.9404815,-71.28139686
9581,7/1/2010,July,Thursday,10:26,1,2,0,0,Rear-end,V1: Travelling straight ahead / V2: Slowing or stopped in traffic,V1: E  / V2: E,Dry,Daylight,Clear,0,0,77,53,FALSE,41.93421769,-71.2996754
9582,7/1/2010,July,Thursday,15:01,1,2,0,0,Rear-end,V1: Travelling straight ahead / V2: Travelling straight ahead,V1: S  / V2: S,Dry,Daylight,Clear,0,0,77,53,FALSE,41.89938073,-71.35524848
9583,7/1/2010,July,Thursday,20:51,1,2,0,0,Angle,V1: Turning right / V2: Slowing or stopped in traffic,V1: S  / V2: N,Dry,Dark - lighted roadway,Clear,0,0,77,53,FALSE,41.91711015,-71.37372238
9584,7/2/2010,July,Friday,0:02,1,2,0,0,Angle,V1: Travelling straight ahead / V2: Travelling straight ahead,V1: S  / V2: N,Dry,Dark - lighted roadway,Clear,0,0,83,54,FALSE,41.94450501,-71.28411703
9585,7/2/2010,July,Friday,14:03,1,2,0,0,Rear-end,V1: Travelling straight ahead / V2: Travelling straight ahead,V1: N  / V2: N,Dry,Daylight,Clear,0,0,83,54,FALSE,41.96643836,-71.29074265
9586,7/2/2010,July,Friday,17:28,1,2,0,0,Rear-end,V1: Travelling straight ahead / V2: Travelling straight ahead,V1: S  / V2: S,Dry,Daylight,Clear,0,0,83,54,FALSE,41.91194929,-71.36233897
9587,7/2/2010,July,Friday,18:11,1,2,0,0,Angle,V1: Backing / V2: Other,V1: W  / V2: E,Dry,Daylight,Clear,0,0,83,54,FALSE,41.93791223,-71.27222085
9588,7/3/2010,July,Saturday,11:50,2,2,1,0,Angle,V1: Travelling straight ahead / V2: Travelling straight ahead,V1: N  / V2: N,Dry,Daylight,Clear,0,0,87,54,FALSE,41.9294618,-71.35365772
9589,7/3/2010,July,Saturday,15:01,2,2,6,0,Rear-end,V1: Slowing or stopped in traffic / V2: Travelling straight ahead,V1: E  / V2: E,Dry,Daylight,Clear,0,0,87,54,FALSE,41.92614915,-71.34628794
9590,7/4/2010,July,Sunday,1:10,2,2,1,0,Rear-end,V1: Turning left / V2: Slowing or stopped in traffic,V1: E  / V2: E,Dry,Dark - lighted roadway,Clear,0,0,95,64,FALSE,41.90398911,-71.37048698
9591,7/4/2010,July,Sunday,1:55,2,1,1,0,Single vehicle crash,V1: Travelling straight ahead,V1: N,Dry,Dark - lighted roadway,Clear,0,0,95,64,FALSE,41.91252917,-71.31060659
9592,7/4/2010,July,Sunday,20:34,1,1,0,0,0,V1: Travelling straight ahead,V1: E,Wet,Dark - lighted roadway,Clear,0,0,95,64,FALSE,41.94395483,-71.28036193
9593,7/5/2010,July,Monday,11:22,1,2,0,0,Rear-end,V1: Travelling straight ahead / V2: Parked,V1: N  / V2: 0,Dry,Daylight,Clear,0,0,99,63,FALSE,41.92156107,-71.25861655
9594,7/5/2010,July,Monday,22:37,1,1,0,0,Single vehicle crash,V1: Turning right,V1: W,Dry,Dark - roadway not lighted,Clear,0,0,99,63,FALSE,41.90928709,-71.29021338
9595,7/6/2010,July,Tuesday,8:08,1,2,0,0,Rear-end,V1: Slowing or stopped in traffic / V2: Slowing or stopped in traffic,V1: W  / V2: W,Dry,Daylight,Clear,0,0,102,71,FALSE,41.95287787,-71.26899686
9596,7/7/2010,July,Wednesday,1:42,1,2,0,0,Head-on,V1: Parked / V2: Travelling straight ahead,V1: E  / V2: E,Dry,Dark - lighted roadway,Clear,0,0,96,73,FALSE,41.93493296,-71.282776
9597,7/8/2010,July,Thursday,20:55,1,4,0,0,"Sideswipe, same direction",V1: Travelling straight ahead / V2: Slowing or stopped in traffic / V3: Slowing or stopped in traffic / V4: Slowing or stopped in traffic,V1: W  / V2: 0 / V3: 0 / V4: 0,Dry,Dark - lighted roadway,Clear,0,0,90,71,FALSE,41.94463852,-71.27684554
9598,7/9/2010,July,Friday,12:54,1,2,0,0,Angle,V1: Entering traffic lane / V2: Travelling straight ahead,V1: N  / V2: W,Dry,Daylight,Clear,0.28,0,92,72,FALSE,41.94798222,-71.28126953
9599,7/9/2010,July,Friday,13:12,1,2,0,0,Angle,V1: Travelling straight ahead / V2: Turning left,V1: W  / V2: 0,Dry,Daylight,Clear,0.28,0,92,72,FALSE,41.9486259,-71.27756695
9600,7/9/2010,July,Friday,13:24,1,3,0,0,Rear-end,V1: Travelling straight ahead / V2: Slowing or stopped in traffic / V3: Slowing or stopped in traffic,V1: N  / V2: N  / V3: N,Dry,Daylight,Clear,0.28,0,92,72,FALSE,41.93126899,-71.35288693
9601,7/9/2010,July,Friday,14:50,2,2,1,0,Rear-end,V1: Travelling straight ahead / V2: Slowing or stopped in traffic,V1: N  / V2: N,Dry,Daylight,Clear,0.28,0,92,72,FALSE,41.95593405,-71.30346756
9602,7/9/2010,July,Friday,15:54,1,2,0,0,0,V1: Turning left / V2: Slowing or stopped in traffic,V1: E  / V2: S,Dry,Daylight,Clear,0.28,0,92,72,FALSE,41.94472389,-71.28236781
9603,7/9/2010,July,Friday,19:06,2,2,3,0,"Sideswipe, same direction",V1: Travelling straight ahead / V2: Travelling straight ahead,V1: S  / V2: S,Dry,Daylight,Clear,0.28,0,92,72,FALSE,41.8990797,-71.35507779
9604,7/10/2010,July,Saturday,10:49,2,2,1,0,Angle,V1: Travelling straight ahead / V2: Travelling straight ahead,V1: E  / V2: S,Dry,Daylight,Clear,0.08,0,89,70,FALSE,41.94121777,-71.2768631
9605,7/10/2010,July,Saturday,13:59,2,2,2,0,Head-on,V1: Other / V2: Travelling straight ahead,V1: S  / V2: N,Dry,Daylight,Cloudy/Rain,0.08,0,89,70,FALSE,41.95593405,-71.30346756
9606,7/10/2010,July,Saturday,13:59,2,2,4,0,Rear-end,V1: Slowing or stopped in traffic / V2: Travelling straight ahead,V1: S  / V2: S,Wet,Daylight,Rain,0.08,0,89,70,FALSE,41.95481616,-71.30479144
9607,7/10/2010,July,Saturday,16:20,1,2,0,0,Rear-end,V1: Travelling straight ahead / V2: Slowing or stopped in traffic,V1: W  / V2: W,Dry,Daylight,Cloudy,0.08,0,89,70,FALSE,41.93050355,-71.33614937
9608,7/11/2010,July,Sunday,0:58,1,2,0,0,Rear-end,V1: 0 / V2: Parked,V1: W  / V2: 0,Dry,Dark - lighted roadway,Clear,0.24,0,88,67,FALSE,41.93859203,-71.28194638
9609,7/11/2010,July,Sunday,12:31,1,2,0,0,Rear-end,V1: Slowing or stopped in traffic / V2: Slowing or stopped in traffic,V1: N  / V2: N,Dry,Daylight,Clear,0.24,0,88,67,FALSE,34.24438675,-73.6513909
9610,7/11/2010,July,Sunday,13:48,1,2,0,0,Rear-end,V1: Travelling straight ahead / V2: Slowing or stopped in traffic,V1: N  / V2: N,Dry,Daylight,Clear,0.24,0,88,67,FALSE,41.92508738,-71.35628348
9611,7/11/2010,July,Sunday,14:43,1,2,0,0,Angle,V1: Turning left / V2: Travelling straight ahead,V1: S  / V2: N,Dry,Daylight,Clear,0.24,0,88,67,FALSE,41.96207697,-71.29835824
9612,7/12/2010,July,Monday,5:30,2,2,1,0,Head-on,V1: Turning right / V2: Slowing or stopped in traffic,V1: N  / V2: W,Dry,Daylight,Clear,0,0,88,69,FALSE,41.94210306,-71.26984487
9613,7/12/2010,July,Monday,12:27,1,2,0,0,Angle,V1: Turning right / V2: Travelling straight ahead,V1: N  / V2: N,Dry,Daylight,Clear,0,0,88,69,FALSE,41.92762143,-71.35470547
9614,7/12/2010,July,Monday,18:18,1,2,0,0,Rear-end,V1: Travelling straight ahead / V2: Slowing or stopped in traffic,V1: W  / V2: W,Dry,Daylight,Clear,0,0,88,69,FALSE,41.93207931,-71.29280404
9615,7/13/2010,July,Tuesday,5:54,1,1,0,0,Single vehicle crash,V1: Travelling straight ahead,V1: S,Dry,Dusk,Cloudy,0.23,0,90,72,FALSE,41.94885809,-71.29782914
9616,7/13/2010,July,Tuesday,13:50,1,2,0,0,Angle,V1: Turning left / V2: Travelling straight ahead,V1: 0 / V2: 0,Dry,Daylight,Clear,0.23,0,90,72,FALSE,41.93306281,-71.28502226
9617,7/13/2010,July,Tuesday,14:08,2,2,2,0,Angle,V1: 0 / V2: 0,V1: S  / V2: N,Dry,Daylight,Clear,0.23,0,90,72,FALSE,41.95484304,-71.28856385
9618,7/13/2010,July,Tuesday,16:03,1,2,0,0,Rear-end,V1: Slowing or stopped in traffic / V2: Slowing or stopped in traffic,V1: S  / V2: S,Dry,Daylight,Clear,0.23,0,90,72,FALSE,41.97396423,-71.2952382
9619,7/13/2010,July,Tuesday,18:06,1,2,0,0,Angle,V1: Turning left / V2: Travelling straight ahead,V1: W  / V2: N,Wet,Daylight,Rain,0.23,0,90,72,FALSE,41.91982212,-71.35857678
9620,7/13/2010,July,Tuesday,18:08,2,2,1,0,Rear-end,V1: Travelling straight ahead / V2: Slowing or stopped in traffic,V1: S  / V2: S,Dry,Daylight,Cloudy,0.23,0,90,72,FALSE,41.96019052,-71.3011813
9621,7/13/2010,July,Tuesday,18:22,2,2,2,0,Rear-end,V1: Travelling straight ahead / V2: Slowing or stopped in traffic,V1: S  / V2: S,Wet,Daylight,Rain,0.23,0,90,72,FALSE,41.89861001,-71.36943215
9622,7/13/2010,July,Tuesday,22:45,2,1,1,0,Angle,V1: Travelling straight ahead,V1: W,Wet,Dark - lighted roadway,Cloudy/Rain,0.23,0,90,72,FALSE,41.90920404,-71.28729549
9623,7/14/2010,July,Wednesday,0:03,1,2,0,0,Angle,V1: Turning left / V2: Travelling straight ahead,V1: N  / V2: S,Dry,Dark - lighted roadway,Clear,1.46,0,81,67,FALSE,41.95076301,-71.27397064
9624,7/14/2010,July,Wednesday,14:39,2,2,2,0,"Sideswipe, same direction",V1: Turning right / V2: Travelling straight ahead,V1: S  / V2: S,Wet,Daylight,Cloudy/Rain,1.46,0,81,67,FALSE,41.90538488,-71.36569048
9625,7/15/2010,July,Thursday,14:21,1,2,0,0,"Sideswipe, same direction",V1: Travelling straight ahead / V2: Travelling straight ahead,V1: S  / V2: S,Dry,Daylight,Clear,0,0,80,67,FALSE,41.89903243,-71.355186
9626,7/15/2010,July,Thursday,16:52,1,2,0,0,"Sideswipe, opposite direction",V1: Turning right / V2: Travelling straight ahead,V1: S  / V2: W,Dry,Daylight,Clear,0,0,80,67,FALSE,41.93405012,-71.31579284
9627,7/16/2010,July,Friday,16:30,1,2,0,0,Rear-end,V1: Travelling straight ahead / V2: 0,V1: S  / V2: 0,Dry,Daylight,Clear,0.01,0,89,66,FALSE,41.97396396,-71.29523823
9628,7/16/2010,July,Friday,16:32,2,2,2,0,Rear-end,V1: Travelling straight ahead / V2: Slowing or stopped in traffic,V1: S  / V2: S,Dry,Daylight,Clear,0.01,0,89,66,FALSE,41.92446027,-71.28906707
9629,7/16/2010,July,Friday,17:55,1,2,0,0,"Sideswipe, same direction",V1: Entering traffic lane / V2: Travelling straight ahead,V1: W  / V2: W,Dry,Daylight,Clear,0.01,0,89,66,FALSE,41.9201887,-71.3570252
9630,7/16/2010,July,Friday,23:46,1,2,0,0,Rear-end,V1: Travelling straight ahead / V2: Travelling straight ahead,V1: S  / V2: S,Dry,Dark - roadway not lighted,Clear,0.01,0,89,66,FALSE,34.24438675,-73.6513909
9631,7/17/2010,July,Saturday,15:23,1,2,0,0,Rear-end,V1: Travelling straight ahead / V2: Slowing or stopped in traffic,V1: N  / V2: N,Dry,Daylight,Clear,0,0,93,73,FALSE,41.94382171,-71.28506735
9632,7/18/2010,July,Sunday,0:17,1,1,0,0,Single vehicle crash,V1: Entering traffic lane,V1: N,Dry,Dark - roadway not lighted,Clear,0,0,93,69,FALSE,41.92886018,-71.3230987
9633,7/18/2010,July,Sunday,14:30,1,3,0,0,Rear-end,V1: Travelling straight ahead / V2: Slowing or stopped in traffic / V3: Slowing or stopped in traffic,V1: N  / V2: N  / V3: N,Dry,Daylight,Clear,0,0,93,69,FALSE,41.92886054,-71.32309841
9634,7/18/2010,July,Sunday,17:18,2,3,1,0,Angle,V1: Turning left / V2: Travelling straight ahead / V3: Travelling straight ahead,V1: S  / V2: N  / V3: S,Dry,Daylight,Clear,0,0,93,69,FALSE,41.92762143,-71.35470547
9635,7/19/2010,July,Monday,8:54,1,2,0,0,Angle,V1: Travelling straight ahead / V2: Travelling straight ahead,V1: E  / V2: S,Dry,Daylight,Clear,0.19,0,86,65,FALSE,41.9370756,-71.28238678
9636,7/19/2010,July,Monday,12:39,1,2,0,0,Angle,V1: Turning left / V2: Travelling straight ahead,V1: W  / V2: S,Wet,Daylight,Cloudy/Rain,0.19,0,86,65,FALSE,41.90998013,-71.35802082
9637,7/19/2010,July,Monday,13:26,1,2,0,0,Rear-end,V1: Travelling straight ahead / V2: Travelling straight ahead,V1: N  / V2: N,Wet,Daylight,Rain,0.19,0,86,65,FALSE,41.94905361,-71.28943946
9638,7/20/2010,July,Tuesday,17:08,2,1,1,0,Single vehicle crash,V1: Leaving traffic lane,V1: W,Dry,Daylight,Clear,0,0,88,70,FALSE,41.91150222,-71.30398721
9639,7/21/2010,July,Wednesday,1:42,1,1,0,0,Single vehicle crash,V1: Travelling straight ahead,V1: N,Dry,Dark - lighted roadway,Clear,0.01,0,89,67,FALSE,41.90231844,-71.35595143
9640,7/21/2010,July,Wednesday,9:45,1,2,0,0,"Sideswipe, same direction",V1: Parked / V2: 0,V1: 0 / V2: 0,Dry,Daylight,Clear,0.01,0,89,67,FALSE,41.94361968,-71.28045986
9641,7/21/2010,July,Wednesday,13:23,1,2,0,0,Rear-end,V1: Slowing or stopped in traffic / V2: Travelling straight ahead,V1: E  / V2: E,Dry,Daylight,Clear,0.01,0,89,67,FALSE,41.94757814,-71.27890389
9642,7/21/2010,July,Wednesday,18:12,1,2,0,0,Angle,V1: Travelling straight ahead / V2: Travelling straight ahead,V1: W  / V2: N,Wet,Daylight,Rain,0.01,0,89,67,FALSE,41.91653724,-71.36001753
9643,7/22/2010,July,Thursday,22:09,2,2,1,0,0,V1: Turning left / V2: Travelling straight ahead,V1: N  / V2: S,Dry,Dark - lighted roadway,Clear,0,0,87,68,FALSE,41.90998013,-71.35802082
9644,7/23/2010,July,Friday,0:50,1,1,0,0,Single vehicle crash,V1: Travelling straight ahead,V1: N,Dry,Dark - lighted roadway,Cloudy,0.52,0,78,62,FALSE,41.92066484,-71.29827954
9645,7/23/2010,July,Friday,12:45,2,2,1,0,Single vehicle crash,V1: Travelling straight ahead / V2: Turning left,V1: E  / V2: S,Dry,Daylight,Cloudy,0.52,0,78,62,FALSE,41.93330113,-71.29909858
9646,7/23/2010,July,Friday,13:28,1,2,0,0,Angle,V1: Turning right / V2: Travelling straight ahead,V1: N  / V2: E,Wet,Daylight,Cloudy,0.52,0,78,62,FALSE,41.94413491,-71.27260127
9647,7/23/2010,July,Friday,14:45,1,2,0,0,Angle,V1: Travelling straight ahead / V2: Travelling straight ahead,V1: W  / V2: N,Wet,Daylight,Cloudy/Rain,0.52,0,78,62,FALSE,41.95401985,-71.28889809
9648,7/23/2010,July,Friday,15:09,1,2,0,0,Angle,V1: Travelling straight ahead / V2: Travelling straight ahead,V1: E  / V2: N,Wet,Daylight,Rain,0.52,0,78,62,FALSE,41.9370756,-71.28238678
9649,7/23/2010,July,Friday,18:32,1,2,0,0,Angle,V1: Turning left / V2: 0,V1: N  / V2: N,Wet,Daylight,Rain,0.52,0,78,62,FALSE,41.93503657,-71.2848971
9650,7/23/2010,July,Friday,19:00,1,1,0,0,Single vehicle crash,V1: Travelling straight ahead,V1: S,Wet,Dusk,Rain,0.52,0,78,62,FALSE,34.24438675,-73.6513909
9651,7/23/2010,July,Friday,22:16,1,2,0,0,Rear-end,V1: Slowing or stopped in traffic / V2: Travelling straight ahead,V1: S  / V2: S,Wet,Dark - lighted roadway,Cloudy/Rain,0.52,0,78,62,FALSE,41.91420591,-71.36119762
9652,7/23/2010,July,Friday,23:00,1,1,0,0,Single vehicle crash,V1: Turning left,V1: E,Wet,Dark - lighted roadway,Cloudy,0.52,0,78,62,FALSE,41.93152244,-71.29127014
9653,7/24/2010,July,Saturday,6:28,1,1,0,0,Single vehicle crash,V1: Travelling straight ahead,V1: N,Dry,Daylight,Clear,0.43,0,91,67,FALSE,41.92886054,-71.32309841
9654,7/24/2010,July,Saturday,8:58,2,1,1,0,Single vehicle crash,V1: Travelling straight ahead,V1: 0,Dry,Daylight,Cloudy,0.43,0,91,67,FALSE,41.93614231,-71.28376233
9655,7/24/2010,July,Saturday,10:44,0,3,0,0,Single vehicle crash,V1: 0 / V2: 0 / V3: 0,V1: 0 / V2: 0 / V3: 0,Dry,Daylight,Clear,0.43,0,91,67,FALSE,34.24438675,-73.6513909
9656,7/24/2010,July,Saturday,12:58,1,2,0,0,"Sideswipe, same direction",V1: Travelling straight ahead / V2: Travelling straight ahead,V1: S  / V2: S,Dry,Daylight,Clear,0.43,0,91,67,FALSE,41.92160851,-71.35780084
9657,7/24/2010,July,Saturday,15:47,1,2,0,0,Rear-end,V1: Slowing or stopped in traffic / V2: Travelling straight ahead,V1: S  / V2: S,Dry,Daylight,Clear,0.43,0,91,67,FALSE,41.95593405,-71.30346756
9658,7/24/2010,July,Saturday,16:13,1,2,0,0,Angle,V1: Turning right / V2: Travelling straight ahead,V1: E  / V2: S,Dry,Daylight,Cloudy,0.43,0,91,67,FALSE,41.91982212,-71.35857678
9659,7/25/2010,July,Sunday,13:14,1,2,0,0,"Sideswipe, same direction",V1: Backing / V2: Travelling straight ahead,V1: E  / V2: W,Dry,Daylight,Clear,0,0,92,69,FALSE,41.91207743,-71.27589315
9660,7/25/2010,July,Sunday,22:05,1,1,0,0,Single vehicle crash,V1: Travelling straight ahead,V1: S,Dry,Dark - lighted roadway,Clear,0,0,92,69,FALSE,41.91982212,-71.35857678
9661,7/26/2010,July,Monday,8:20,2,2,1,0,"Sideswipe, same direction",V1: Changing lanes / V2: Travelling straight ahead,V1: S  / V2: S,Dry,Daylight,Clear,0,0,85,60,FALSE,41.92280259,-71.35728124
9662,7/26/2010,July,Monday,15:48,1,2,0,0,Rear-end,V1: Travelling straight ahead / V2: Travelling straight ahead,V1: N  / V2: N,Dry,Daylight,Clear,0,0,85,60,FALSE,41.91035947,-71.36314658
9663,7/26/2010,July,Monday,21:09,2,2,1,0,Angle,V1: Travelling straight ahead / V2: Turning left,V1: N  / V2: E,Dry,Dark - lighted roadway,Clear,0,0,85,60,FALSE,41.9170943,-71.35975551
9664,7/27/2010,July,Tuesday,13:38,2,2,1,0,Angle,V1: Turning left / V2: Travelling straight ahead,V1: E  / V2: W,Dry,Daylight,Clear,0,0,92,56,FALSE,41.92387717,-71.35158914
9665,7/27/2010,July,Tuesday,15:41,1,2,0,0,Angle,V1: Entering traffic lane / V2: Travelling straight ahead,V1: N  / V2: E,Dry,Daylight,Clear,0,0,92,56,FALSE,41.95451461,-71.24992613
9666,7/29/2010,July,Thursday,16:00,1,2,0,0,Rear-end,V1: Travelling straight ahead / V2: Slowing or stopped in traffic,V1: E  / V2: E,Dry,Daylight,Clear,0.03,0,90,69,FALSE,34.24438675,-73.6513909