ID,DATE,Month,Day of week,Crash Time,Crash Severity,Number of Vehicles,Total Nonfatal Injuries,Total Fatal Injuries,Manner of Collision,Vehicle Action Prior to Crash,Vehicle Travel Directions,Road Surface Condition,Ambient Light,Weather Condition,PRCP,SNOW,TMAX,TMIN,Ice,Longtitute,Latitute
9667,7/30/2010,July,Friday,14:57,1,2,0,0,Rear-end,V1: Slowing or stopped in traffic / V2: Slowing or stopped in traffic,V1: S  / V2: S,Dry,Daylight,Clear,0,0,83,57,FALSE,41.92644259,-71.35554103
9668,7/30/2010,July,Friday,19:00,1,1,0,0,Single vehicle crash,V1: Travelling straight ahead,V1: 0,Dry,Daylight,Clear,0,0,83,57,FALSE,41.90420087,-71.31961643
9669,7/31/2010,July,Saturday,20:49,1,3,0,0,Rear-end,V1: Travelling straight ahead / V2: Slowing or stopped in traffic / V3: Slowing or stopped in traffic,V1: S  / V2: S  / V3: S,Dry,Dark - lighted roadway,Clear,0,0,80,57,FALSE,41.91982212,-71.35857678
9670,8/2/2010,August,Monday,20:56,1,1,0,0,Single vehicle crash,V1: Travelling straight ahead,V1: S,Dry,Dark - lighted roadway,Clear,0,0,84,58,FALSE,41.91616881,-71.37347126
9671,8/3/2010,August,Tuesday,8:50,1,2,0,0,Angle,V1: Turning left / V2: Turning left,V1: S  / V2: N,Dry,Daylight,Clear,0,0,86,66,FALSE,41.94217059,-71.28456247
9672,8/3/2010,August,Tuesday,15:12,2,3,1,0,Rear-end,V1: Slowing or stopped in traffic / V2: Slowing or stopped in traffic / V3: Changing lanes,V1: N  / V2: N  / V3: N,Dry,Daylight,Clear,0,0,86,66,FALSE,41.95593405,-71.30346756
9673,8/4/2010,August,Wednesday,17:05,1,1,0,0,Single vehicle crash,V1: Travelling straight ahead,V1: N,Dry,Daylight,Clear,0,0,90,72,FALSE,41.95518928,-71.30389339
9674,8/4/2010,August,Wednesday,18:29,1,2,0,0,Angle,V1: Backing / V2: Parked,V1: N  / V2: 0,Dry,Dark - roadway not lighted,Clear,0,0,90,72,FALSE,41.94040694,-71.28017529
9675,8/5/2010,August,Thursday,9:46,2,2,1,0,"Sideswipe, same direction",V1: Turning left / V2: Travelling straight ahead,V1: N  / V2: N,Dry,Daylight,Cloudy,0.1,0,91,72,FALSE,41.90935938,-71.36365972
9676,8/5/2010,August,Thursday,16:51,1,2,0,0,Angle,V1: Turning left / V2: Travelling straight ahead,V1: W  / V2: N,Wet,Daylight,Cloudy/Rain,0.1,0,91,72,FALSE,41.91360772,-71.36150084
9677,8/5/2010,August,Thursday,18:00,1,1,0,0,Single vehicle crash,V1: Making U-turn,V1: E,"Water (standing, moving)",Daylight,Snow,0.1,0,91,72,FALSE,41.92753918,-71.22353051
9678,8/5/2010,August,Thursday,18:25,1,2,0,0,Angle,V1: Travelling straight ahead / V2: Travelling straight ahead,V1: W  / V2: S,Wet,Daylight,Rain,0.1,0,91,72,FALSE,41.93840858,-71.28352591
9679,8/5/2010,August,Thursday,18:25,1,2,0,0,Rear-end,V1: Slowing or stopped in traffic / V2: Slowing or stopped in traffic,V1: E  / V2: E,Wet,Daylight,Clear,0.1,0,91,72,FALSE,41.93398416,-71.31904724
9680,8/6/2010,August,Friday,1:17,1,2,0,0,Rear-end,V1: Travelling straight ahead / V2: Travelling straight ahead,V1: S  / V2: S,Dry,Daylight,Clear,0,0,89,62,FALSE,41.93408801,-71.29983342
9681,8/6/2010,August,Friday,3:30,1,2,0,0,Rear-end,V1: Travelling straight ahead / V2: Travelling straight ahead,V1: S  / V2: S,Dry,Dark - roadway not lighted,Clear,0,0,89,62,FALSE,41.92927402,-71.32377045
9682,8/6/2010,August,Friday,12:37,1,2,0,0,"Sideswipe, same direction",V1: Travelling straight ahead / V2: Parked,V1: N  / V2: 0,Dry,Daylight,Clear,0,0,89,62,FALSE,41.91845009,-71.26546908
9683,8/6/2010,August,Friday,16:37,1,2,0,0,Angle,V1: Turning left / V2: Travelling straight ahead,V1: E  / V2: S,Dry,Daylight,Clear,0,0,89,62,FALSE,41.92387717,-71.35158914
9684,8/6/2010,August,Friday,22:48,1,2,0,0,Angle,V1: Travelling straight ahead / V2: 0,V1: E  / V2: E,Dry,Dark - lighted roadway,Clear,0,0,89,62,FALSE,41.94472389,-71.28236781
9685,8/7/2010,August,Saturday,6:10,2,2,1,0,Rear-end,V1: Slowing or stopped in traffic / V2: Slowing or stopped in traffic,V1: 0 / V2: 0,Dry,Daylight,Cloudy,0,0,81,55,FALSE,34.24438675,-73.6513909
9686,8/7/2010,August,Saturday,14:02,1,2,0,0,Rear-end,V1: Slowing or stopped in traffic / V2: Travelling straight ahead,V1: W  / V2: W,Dry,Daylight,Clear,0,0,81,55,FALSE,41.95454637,-71.25223579
9687,8/7/2010,August,Saturday,14:21,2,2,2,0,Angle,V1: Turning left / V2: 0,V1: 0 / V2: W,Dry,Daylight,Clear,0,0,81,55,FALSE,41.89721113,-71.36942089
9688,8/8/2010,August,Sunday,7:20,1,2,0,0,"Sideswipe, same direction",V1: Turning left / V2: Travelling straight ahead,V1: S  / V2: S,Dry,Daylight,Clear,0,0,85,59,FALSE,41.89903243,-71.355186
9689,8/8/2010,August,Sunday,21:40,1,2,0,0,Rear-end,V1: Travelling straight ahead / V2: Slowing or stopped in traffic,V1: N  / V2: N,Dry,Dark - roadway not lighted,Clear,0,0,85,59,FALSE,41.96941345,-71.29547608
9690,8/10/2010,August,Tuesday,0:43,1,1,0,0,Single vehicle crash,V1: Travelling straight ahead,V1: S,Wet,Dark - lighted roadway,Rain,0.16,0,91,70,FALSE,34.24438675,-73.6513909
9691,8/10/2010,August,Tuesday,16:22,1,2,0,0,Rear-end,V1: Entering traffic lane / V2: Slowing or stopped in traffic,V1: S  / V2: 0,Dry,Daylight,Cloudy,0.16,0,91,70,FALSE,41.90053869,-71.36201959
9692,8/11/2010,August,Wednesday,18:15,1,2,0,0,Angle,V1: Travelling straight ahead / V2: Travelling straight ahead,V1: N  / V2: W,Dry,Daylight,Clear,0,0,89,65,FALSE,41.93304448,-71.28634923
9693,8/12/2010,August,Thursday,10:35,1,2,0,0,Rear-end,V1: Travelling straight ahead / V2: Slowing or stopped in traffic,V1: N  / V2: N,Dry,Daylight,Clear,0,0,83,62,FALSE,41.95593405,-71.30346756
9694,8/12/2010,August,Thursday,11:35,1,2,0,0,Angle,V1: Turning right / V2: Travelling straight ahead,V1: 0 / V2: 0,Dry,Daylight,Clear,0,0,83,62,FALSE,41.93005808,-71.2848478
9695,8/12/2010,August,Thursday,16:48,1,2,0,0,"Sideswipe, opposite direction",V1: Turning right / V2: Slowing or stopped in traffic,V1: W  / V2: E,Dry,Daylight,Cloudy,0,0,83,62,FALSE,41.95076302,-71.27397064
9696,8/12/2010,August,Thursday,17:24,1,2,0,0,"Sideswipe, same direction",V1: Travelling straight ahead / V2: Turning right,V1: E  / V2: E,Wet,Daylight,Rain,0,0,83,62,FALSE,34.24438675,-73.6513909
9697,8/12/2010,August,Thursday,18:00,1,2,0,0,Angle,V1: Turning right / V2: Travelling straight ahead,V1: N  / V2: N,Wet,Daylight,Rain,0,0,83,62,FALSE,41.95484304,-71.28856385
9698,8/12/2010,August,Thursday,18:23,0,3,0,0,Rear-end,V1: 0 / V2: Travelling straight ahead / V3: Travelling straight ahead,V1: 0 / V2: S  / V3: S,Dry,Daylight,Clear,0,0,83,62,FALSE,41.96019116,-71.30118086
9699,8/13/2010,August,Friday,6:45,1,2,0,0,"Sideswipe, same direction",V1: Travelling straight ahead / V2: Turning right,V1: S  / V2: S,Dry,Daylight,Clear,0,0,80,56,FALSE,41.92141393,-71.35534523
9700,8/13/2010,August,Friday,10:08,1,1,0,0,Single vehicle crash,V1: Parked,V1: 0,Dry,Daylight,Clear,0,0,80,56,FALSE,41.9201619,-71.32120842
9701,8/13/2010,August,Friday,15:01,1,2,0,0,"Sideswipe, same direction",V1: Travelling straight ahead / V2: Travelling straight ahead,V1: N  / V2: N,Dry,Daylight,Clear,0,0,80,56,FALSE,41.95593405,-71.30346756
9702,8/13/2010,August,Friday,16:24,1,2,0,0,Angle,V1: Travelling straight ahead / V2: Turning right,V1: S  / V2: S,Dry,Daylight,Cloudy,0,0,80,56,FALSE,41.92280259,-71.35728124
9703,8/13/2010,August,Friday,17:48,1,1,0,0,Single vehicle crash,V1: Travelling straight ahead,V1: N,Dry,Daylight,Clear,0,0,80,56,FALSE,41.94009747,-71.28023645
9704,8/13/2010,August,Friday,19:09,1,3,0,0,Rear-end,V1: Slowing or stopped in traffic / V2: Slowing or stopped in traffic / V3: Slowing or stopped in traffic,V1: S  / V2: S  / V3: S,Dry,Daylight,Cloudy,0,0,80,56,FALSE,41.90998013,-71.35802082
9705,8/14/2010,August,Saturday,10:28,2,2,3,0,"Sideswipe, opposite direction",V1: Turning left / V2: Travelling straight ahead,V1: S  / V2: N,Dry,Daylight,Clear,0,0,83,51,FALSE,41.89733197,-71.36979234
9706,8/14/2010,August,Saturday,11:07,1,3,0,0,"Sideswipe, same direction",V1: Changing lanes / V2: Travelling straight ahead / V3: 0,V1: N  / V2: 0 / V3: 0,Dry,Daylight,Clear,0,0,83,51,FALSE,41.91982212,-71.35857678
9707,8/14/2010,August,Saturday,12:32,1,2,0,0,Rear-end,V1: Travelling straight ahead / V2: Slowing or stopped in traffic,V1: N  / V2: 0,Dry,Daylight,Clear,0,0,83,51,FALSE,41.93503657,-71.2848971
9708,8/14/2010,August,Saturday,12:40,1,2,0,0,Rear-end,V1: Travelling straight ahead / V2: Slowing or stopped in traffic,V1: N  / V2: N,Dry,Daylight,Clear,0,0,83,51,FALSE,41.95130281,-71.27263126
9709,8/14/2010,August,Saturday,17:07,1,2,0,0,Head-on,V1: 0 / V2: Turning right,V1: 0 / V2: S,Dry,Daylight,Clear,0,0,83,51,FALSE,41.89618753,-71.37039513
9710,8/14/2010,August,Saturday,19:00,1,2,0,0,Angle,V1: Travelling straight ahead / V2: Entering traffic lane,V1: W  / V2: N,Dry,Daylight,Clear,0,0,83,51,FALSE,41.94444966,-71.2795884
9711,8/15/2010,August,Sunday,2:10,2,3,2,0,Rear-end,V1: Leaving traffic lane / V2: Travelling straight ahead / V3: Leaving traffic lane,V1: S  / V2: S  / V3: S,Dry,Dark - roadway not lighted,Clear,0,0,81,55,FALSE,41.92927402,-71.32377045
9712,8/15/2010,August,Sunday,15:10,2,2,1,0,Rear-end,V1: Slowing or stopped in traffic / V2: Travelling straight ahead,V1: N  / V2: N,Dry,Daylight,Cloudy,0,0,81,55,FALSE,34.24438675,-73.6513909
9713,8/16/2010,August,Monday,12:19,1,2,0,0,Rear-end,V1: Travelling straight ahead / V2: Slowing or stopped in traffic,V1: N  / V2: N,Dry,Daylight,Cloudy,0.09,0,82,66,FALSE,41.92014284,-71.35719783
9714,8/16/2010,August,Monday,16:07,1,2,0,0,Angle,V1: Entering traffic lane / V2: Travelling straight ahead,V1: W  / V2: N,Dry,Daylight,Cloudy,0.09,0,82,66,FALSE,41.91982212,-71.35857678
9715,8/17/2010,August,Tuesday,8:07,1,2,0,0,Angle,V1: Turning right / V2: Turning right,V1: N  / V2: W,Dry,Daylight,Cloudy,0,0,91,72,FALSE,41.90331408,-71.33105041
9716,8/17/2010,August,Tuesday,17:35,2,2,2,0,Rear-end,V1: Travelling straight ahead / V2: Changing lanes,V1: N  / V2: N,Dry,Daylight,Clear,0,0,91,72,FALSE,41.95514928,-71.30432065
9717,8/17/2010,August,Tuesday,20:00,1,2,0,0,Rear-end,V1: Slowing or stopped in traffic / V2: Travelling straight ahead,V1: W  / V2: W,Dry,Dark - lighted roadway,Clear,0,0,91,72,FALSE,34.24438675,-73.6513909
9718,8/17/2010,August,Tuesday,21:34,1,1,0,0,Single vehicle crash,V1: Changing lanes,V1: N,Dry,Dark - lighted roadway,Clear,0,0,91,72,FALSE,41.92886054,-71.32309841
9719,8/18/2010,August,Wednesday,18:07,2,2,1,0,Angle,V1: Travelling straight ahead / V2: Travelling straight ahead,V1: W  / V2: S,Dry,Daylight,Cloudy,0,0,86,63,FALSE,41.89733197,-71.36979234
9720,8/18/2010,August,Wednesday,20:10,2,3,5,0,Rear-end,V1: Slowing or stopped in traffic / V2: Travelling straight ahead / V3: Travelling straight ahead,V1: S  / V2: S  / V3: S,Dry,Dusk,Clear,0,0,86,63,FALSE,41.93269195,-71.32821357
9721,8/19/2010,August,Thursday,10:20,2,2,1,0,Angle,V1: Turning left / V2: Travelling straight ahead,V1: E  / V2: N,Dry,Daylight,Clear,0,0,92,58,FALSE,41.92762143,-71.35470547
9722,8/19/2010,August,Thursday,16:34,1,1,0,0,Single vehicle crash,V1: Travelling straight ahead,V1: N,Dry,Daylight,Clear,0,0,92,58,FALSE,41.90451641,-71.36613394
9723,8/20/2010,August,Friday,12:27,2,2,3,0,Rear-end,V1: Travelling straight ahead / V2: Slowing or stopped in traffic,V1: N  / V2: N,Dry,Daylight,Clear,0.01,0,89,59,FALSE,41.95076301,-71.27397064
9724,8/20/2010,August,Friday,15:37,2,2,1,0,Rear-end,V1: Slowing or stopped in traffic / V2: Travelling straight ahead,V1: N  / V2: N,Dry,Daylight,Clear,0.01,0,89,59,FALSE,41.92886054,-71.32309841
9725,8/20/2010,August,Friday,16:00,2,1,1,0,Single vehicle crash,V1: Entering traffic lane,V1: E,Dry,Daylight,Cloudy,0.01,0,89,59,FALSE,41.90846105,-71.36412011
9726,8/20/2010,August,Friday,16:16,1,2,0,0,Angle,V1: Entering traffic lane / V2: Travelling straight ahead,V1: N  / V2: E,Dry,Daylight,Clear,0.01,0,89,59,FALSE,41.94121777,-71.2768631
9727,8/20/2010,August,Friday,17:39,1,1,0,0,Single vehicle crash,V1: Turning right,V1: W,Dry,Daylight,Clear,0.01,0,89,59,FALSE,41.94450246,-71.27650412
9728,8/20/2010,August,Friday,17:48,1,2,0,0,Angle,V1: Turning left / V2: Travelling straight ahead,V1: N  / V2: S,Dry,Daylight,Clear,0.01,0,89,59,FALSE,41.95180679,-71.2898592
9729,8/20/2010,August,Friday,21:21,1,2,0,0,Rear-end,V1: Travelling straight ahead / V2: Travelling straight ahead,V1: N  / V2: N,Dry,Dark - lighted roadway,Clear,0.01,0,89,59,FALSE,41.93091656,-71.35304355
9730,8/21/2010,August,Saturday,1:13,1,2,0,0,Angle,V1: Parked / V2: 0,V1: 0 / V2: 0,Dry,Dark - lighted roadway,Cloudy,0,0,82,52,FALSE,41.93044888,-71.29542926
9731,8/21/2010,August,Saturday,18:20,1,2,0,0,Angle,V1: Travelling straight ahead / V2: Backing,V1: W  / V2: W,Dry,Dusk,Clear,0,0,82,52,FALSE,41.93549621,-71.27895129
9732,8/22/2010,August,Sunday,1:09,0,1,0,0,Single vehicle crash,V1: Leaving traffic lane,V1: N,Dry,Dark - lighted roadway,Clear,0.96,0,70,64,FALSE,41.95328858,-71.26903323
9733,8/22/2010,August,Sunday,12:26,2,3,2,0,Rear-end,V1: Travelling straight ahead / V2: Travelling straight ahead / V3: Travelling straight ahead,V1: W  / V2: W  / V3: W,Wet,Daylight,Cloudy/Rain,0.96,0,70,64,FALSE,41.91711015,-71.37372238
9734,8/22/2010,August,Sunday,21:10,1,2,0,0,Angle,V1: Making U-turn / V2: Travelling straight ahead,V1: W  / V2: W,Wet,Daylight,Cloudy/Rain,0.96,0,70,64,FALSE,41.93352412,-71.3238863
9735,8/23/2010,August,Monday,0:04,1,1,0,0,Single vehicle crash,V1: Travelling straight ahead,V1: W,Wet,Dark - lighted roadway,Rain,1.17,0,66,60,FALSE,41.92054648,-71.30916027
9736,8/23/2010,August,Monday,8:28,1,2,0,0,Rear-end,V1: Travelling straight ahead / V2: Slowing or stopped in traffic,V1: E  / V2: E,Wet,Daylight,Rain,1.17,0,66,60,FALSE,41.9520005,-71.27111331
9737,8/23/2010,August,Monday,11:10,1,1,0,0,Single vehicle crash,V1: Travelling straight ahead,V1: S,Wet,Daylight,Cloudy/Rain,1.17,0,66,60,FALSE,41.90907863,-71.36380534
9738,8/23/2010,August,Monday,13:33,1,2,0,0,Rear-end,V1: Travelling straight ahead / V2: Slowing or stopped in traffic,V1: W  / V2: W,Wet,Daylight,Rain,1.17,0,66,60,FALSE,41.95484304,-71.28856385
9739,8/23/2010,August,Monday,13:46,1,2,0,0,Rear-end,V1: Travelling straight ahead / V2: Travelling straight ahead,V1: N  / V2: N,Wet,Daylight,Cloudy/Rain,1.17,0,66,60,FALSE,34.24438675,-73.6513909
9740,8/24/2010,August,Tuesday,15:02,1,2,0,0,Rear-end,V1: Travelling straight ahead / V2: Travelling straight ahead,V1: N  / V2: N,Wet,Daylight,Rain,0.8,0,63,60,FALSE,41.97015292,-71.29135147
9741,8/24/2010,August,Tuesday,15:15,1,2,0,0,Rear-end,V1: Travelling straight ahead / V2: Slowing or stopped in traffic,V1: E  / V2: E,Wet,Daylight,Rain,0.8,0,63,60,FALSE,41.93608922,-71.296466
9742,8/24/2010,August,Tuesday,15:58,1,3,0,0,Rear-end,V1: Turning left / V2: Travelling straight ahead / V3: Travelling straight ahead,V1: 0 / V2: 0 / V3: 0,Wet,Daylight,Cloudy/Rain,0.8,0,63,60,FALSE,41.97335718,-71.27538203
9743,8/25/2010,August,Wednesday,3:04,2,1,1,0,Single vehicle crash,V1: Travelling straight ahead,V1: E,Wet,Dark - lighted roadway,Cloudy/Rain,1.29,0,68,62,FALSE,41.89905997,-71.37776342
9744,8/25/2010,August,Wednesday,14:10,1,1,0,0,Angle,V1: Turning right,V1: W,Dry,Daylight,Clear,1.29,0,68,62,FALSE,41.91339525,-71.36160728
9745,8/26/2010,August,Thursday,16:14,1,2,0,0,Angle,V1: Turning left / V2: Travelling straight ahead,V1: S  / V2: E,Dry,Daylight,Cloudy,0,0,85,60,FALSE,41.95180679,-71.2898592
9746,8/26/2010,August,Thursday,18:10,2,2,1,0,Angle,V1: Turning left / V2: Travelling straight ahead,V1: S  / V2: W,Dry,Daylight,Clear,0,0,85,60,FALSE,41.91982212,-71.35857678
9747,8/26/2010,August,Thursday,18:52,1,2,0,0,Rear-end,V1: Turning left / V2: Travelling straight ahead,V1: N  / V2: S,Dry,Daylight,Clear,0,0,85,60,FALSE,41.90198819,-71.36742244
9748,8/27/2010,August,Friday,0:40,2,2,1,0,Rear-to-rear,V1: Travelling straight ahead / V2: Parked,V1: W  / V2: W,Dry,Dark - lighted roadway,Clear,0,0,81,55,FALSE,41.93992917,-71.26756021
9749,8/27/2010,August,Friday,4:53,2,2,2,0,Head-on,V1: Travelling straight ahead / V2: Turning left,V1: S  / V2: N,Dry,Dark - lighted roadway,Clear,0,0,81,55,FALSE,41.92762143,-71.35470547
9750,8/27/2010,August,Friday,5:29,2,1,2,0,Single vehicle crash,V1: Turning left,V1: 0,Dry,Dawn,Clear,0,0,81,55,FALSE,41.93946861,-71.28168616
9751,8/27/2010,August,Friday,10:03,1,2,0,0,Head-on,V1: Turning left / V2: Travelling straight ahead,V1: W  / V2: E,Dry,Daylight,Clear,0,0,81,55,FALSE,41.89903243,-71.355186
9752,8/27/2010,August,Friday,17:11,1,2,0,0,Angle,V1: Changing lanes / V2: Travelling straight ahead,V1: S  / V2: S,Dry,Daylight,Clear,0,0,81,55,FALSE,41.90964751,-71.36351027
9753,8/27/2010,August,Friday,20:36,1,2,0,0,Rear-end,V1: Slowing or stopped in traffic / V2: Travelling straight ahead,V1: N  / V2: N,Dry,Dark - lighted roadway,Clear,0,0,81,55,FALSE,41.92014284,-71.35719783
9754,8/28/2010,August,Saturday,9:24,1,1,0,0,Single vehicle crash,V1: Changing lanes,V1: N,Dry,Daylight,Clear,0,0,83,50,FALSE,41.90231844,-71.35595143
9755,8/28/2010,August,Saturday,16:45,1,2,0,0,"Sideswipe, same direction",V1: Turning right / V2: Travelling straight ahead,V1: E  / V2: E,Dry,Daylight,Clear,0,0,83,50,FALSE,41.95409609,-71.24464974
9756,8/29/2010,August,Sunday,1:20,1,5,0,0,Rear-end,V1: Travelling straight ahead / V2: Slowing or stopped in traffic / V3: Slowing or stopped in traffic / V4: Slowing or stopped in traffic / V5: Slowing or stopped in traffic,V1: N  / V2: N  / V3: N  / V4: N  / V5: N,Dry,Dark - roadway not lighted,Clear,0,0,94,58,FALSE,41.92886054,-71.32309841
9757,8/29/2010,August,Sunday,1:39,2,4,3,0,Rear-end,V1: Travelling straight ahead / V2: Travelling straight ahead / V3: Travelling straight ahead / V4: Travelling straight ahead,V1: N  / V2: N  / V3: N  / V4: N,Dry,Dark - roadway not lighted,Clear,0,0,94,58,FALSE,41.92886054,-71.32309841
9758,8/29/2010,August,Sunday,16:45,2,2,1,0,Rear-end,V1: Travelling straight ahead / V2: Travelling straight ahead,V1: E  / V2: E,Dry,Daylight,Clear,0,0,94,58,FALSE,41.93398416,-71.31904724
9759,8/30/2010,August,Monday,7:45,2,2,2,0,Angle,V1: Turning left / V2: Travelling straight ahead,V1: E  / V2: W,Dry,Dusk,Clear,0,0,93,59,FALSE,34.24438675,-73.6513909
9760,8/30/2010,August,Monday,13:47,1,2,0,0,Rear-end,V1: Travelling straight ahead / V2: Travelling straight ahead,V1: S  / V2: S,Dry,Daylight,Clear,0,0,93,59,FALSE,41.91035947,-71.36314658
9761,8/31/2010,August,Tuesday,9:20,1,2,0,0,Angle,V1: Travelling straight ahead / V2: Travelling straight ahead,V1: N  / V2: W,Dry,Daylight,Clear,0,0,96,65,FALSE,41.94396167,-71.27662963
9762,8/31/2010,August,Tuesday,11:14,2,2,1,0,Rear-end,V1: Travelling straight ahead / V2: Slowing or stopped in traffic,V1: N  / V2: N,Dry,Daylight,Clear,0,0,96,65,FALSE,41.93608923,-71.296466
9763,8/31/2010,August,Tuesday,13:26,1,2,0,0,Angle,V1: Turning left / V2: Travelling straight ahead,V1: N  / V2: W,Dry,Daylight,Clear,0,0,96,65,FALSE,34.24438675,-73.6513909
9764,9/1/2010,September,Wednesday,12:11,1,2,0,0,"Sideswipe, same direction",V1: Travelling straight ahead / V2: Travelling straight ahead,V1: E  / V2: E,Dry,Daylight,Clear,0,0,96,68,FALSE,41.91982212,-71.35857678
9765,9/1/2010,September,Wednesday,15:42,2,2,1,0,Angle,V1: Entering traffic lane / V2: Travelling straight ahead,V1: S  / V2: S,Dry,Daylight,Clear,0,0,96,68,FALSE,41.93421769,-71.2996754
9766,9/1/2010,September,Wednesday,17:53,1,2,0,0,Rear-end,V1: Slowing or stopped in traffic / V2: Travelling straight ahead,V1: N  / V2: N,Dry,Daylight,Clear,0,0,96,68,FALSE,41.90637923,-71.35691051
9767,9/1/2010,September,Wednesday,19:45,1,2,0,0,"Sideswipe, same direction",V1: Turning right / V2: Travelling straight ahead,V1: N  / V2: N,Dry,Dark - lighted roadway,Clear,0,0,96,68,FALSE,41.94472176,-71.2812504
9768,9/1/2010,September,Wednesday,20:42,1,2,0,0,Rear-end,V1: Slowing or stopped in traffic / V2: Travelling straight ahead,V1: N  / V2: N,Dry,Dark - lighted roadway,Clear,0,0,96,68,FALSE,41.92508738,-71.35628348
9769,9/2/2010,September,Thursday,12:58,1,2,0,0,Rear-end,V1: Entering traffic lane / V2: Slowing or stopped in traffic,V1: N  / V2: N,Dry,Daylight,Clear,0,0,95,68,FALSE,41.93409799,-71.31895722
9770,9/2/2010,September,Thursday,16:45,1,2,0,0,Rear-end,V1: Travelling straight ahead / V2: Travelling straight ahead,V1: S  / V2: S,Dry,Daylight,Clear,0,0,95,68,FALSE,41.94450501,-71.28411703
9771,9/3/2010,September,Friday,9:17,1,1,0,0,0,V1: Entering traffic lane,V1: S,Dry,Daylight,Cloudy,1.18,0,83,69,FALSE,41.95401169,-71.26450211
9772,9/3/2010,September,Friday,13:22,1,1,0,0,Single vehicle crash,V1: Travelling straight ahead,V1: S,Wet,Daylight,Rain,1.18,0,83,69,FALSE,41.90255038,-71.35612579
9773,9/3/2010,September,Friday,13:55,1,2,0,0,"Sideswipe, same direction",V1: Travelling straight ahead / V2: Travelling straight ahead,V1: S  / V2: S,Wet,Daylight,Rain,1.18,0,83,69,FALSE,41.89861001,-71.36943215
9774,9/3/2010,September,Friday,14:25,1,1,0,0,Single vehicle crash,V1: Travelling straight ahead,V1: S,Wet,Daylight,Rain,1.18,0,83,69,FALSE,41.89861001,-71.36943215
9775,9/3/2010,September,Friday,16:16,1,2,0,0,Angle,V1: Travelling straight ahead / V2: Travelling straight ahead,V1: E  / V2: S,Wet,Daylight,Cloudy/Rain,1.18,0,83,69,FALSE,41.9370756,-71.28238678
9776,9/4/2010,September,Saturday,15:35,0,1,0,0,Rear-end,V1: Parked,V1: S,Dry,Daylight,Clear,0.02,0,82,61,FALSE,41.90861269,-71.31628883
9777,9/5/2010,September,Sunday,1:18,1,2,0,0,Rear-end,V1: Travelling straight ahead / V2: Slowing or stopped in traffic,V1: N  / V2: N,Dry,Daylight,Clear,0,0,76,54,FALSE,34.24438675,-73.6513909
9778,9/5/2010,September,Sunday,17:05,1,2,0,0,Angle,V1: Entering traffic lane / V2: Travelling straight ahead,V1: W  / V2: S,Dry,Daylight,Clear,0,0,76,54,FALSE,41.94121777,-71.2768631
9779,9/5/2010,September,Sunday,18:25,2,2,3,0,Angle,V1: Turning left / V2: Travelling straight ahead,V1: E  / V2: E,Dry,Daylight,Clear,0,0,76,54,FALSE,41.93397271,-71.31092751
9780,9/6/2010,September,Monday,1:30,2,3,1,0,Rear-end,V1: Travelling straight ahead / V2: Parked / V3: Parked,V1: E  / V2: 0 / V3: 0,Dry,Dark - lighted roadway,Clear,0,0,79,49,FALSE,41.92203556,-71.35456894
9781,9/6/2010,September,Monday,14:19,1,2,0,0,Rear-end,V1: Travelling straight ahead / V2: Slowing or stopped in traffic,V1: S  / V2: S,Dry,Daylight,Clear,0,0,79,49,FALSE,41.95814204,-71.28762358
9782,9/7/2010,September,Tuesday,14:06,2,1,1,0,Single vehicle crash,V1: Travelling straight ahead,V1: E,Dry,Daylight,Clear,0,0,84,61,FALSE,41.94266548,-71.27512617
9783,9/7/2010,September,Tuesday,21:01,2,2,1,0,Head-on,V1: Travelling straight ahead / V2: Travelling straight ahead,V1: S  / V2: N,Dry,Dark - lighted roadway,Clear,0,0,84,61,FALSE,41.94586371,-71.28073807
9784,9/8/2010,September,Wednesday,8:02,2,2,1,0,Rear-end,V1: Travelling straight ahead / V2: Slowing or stopped in traffic,V1: S  / V2: S,Wet,Daylight,Cloudy/Rain,0.04,0,87,61,FALSE,41.95287787,-71.26899686
9785,9/8/2010,September,Wednesday,17:00,1,2,0,0,Rear-end,V1: Slowing or stopped in traffic / V2: Slowing or stopped in traffic,V1: W  / V2: W,Dry,Daylight,Clear,0.04,0,87,61,FALSE,41.93325584,-71.32533529
9786,9/8/2010,September,Wednesday,23:27,2,2,1,0,Rear-end,V1: Slowing or stopped in traffic / V2: Travelling straight ahead,V1: W  / V2: W,Dry,Dark - lighted roadway,Clear,0.04,0,87,61,FALSE,41.9483337,-71.27794679
9787,9/9/2010,September,Thursday,13:27,1,2,0,0,Rear-end,V1: Travelling straight ahead / V2: Travelling straight ahead,V1: N  / V2: N,Dry,Daylight,Clear,0,0,76,54,FALSE,41.92644259,-71.35554103
9788,9/10/2010,September,Friday,7:51,2,2,1,0,Rear-end,V1: Slowing or stopped in traffic / V2: Slowing or stopped in traffic,V1: E  / V2: E,Dry,Daylight,Clear,0,0,72,55,FALSE,41.93409799,-71.31895722
9789,9/10/2010,September,Friday,7:59,1,2,0,0,Angle,V1: Travelling straight ahead / V2: Travelling straight ahead,V1: 0 / V2: 0,Dry,Daylight,Clear,0,0,72,55,FALSE,41.93601097,-71.28269451