ID,DATE,Month,Day of week,Crash Time,Crash Severity,Number of Vehicles,Total Nonfatal Injuries,Total Fatal Injuries,Manner of Collision,Vehicle Action Prior to Crash,Vehicle Travel Directions,Road Surface Condition,Ambient Light,Weather Condition,PRCP,SNOW,TMAX,TMIN,Ice,Longtitute,Latitute
9790,9/10/2010,September,Friday,8:28,1,2,0,0,Angle,V1: Travelling straight ahead / V2: Turning left,V1: 0 / V2: 0,Dry,Daylight,Clear,0,0,72,55,FALSE,41.95346983,-71.28483859
9791,9/10/2010,September,Friday,8:50,0,2,0,0,Rear-end,V1: Slowing or stopped in traffic / V2: Slowing or stopped in traffic,V1: 0 / V2: 0,Dry,Daylight,Clear,0,0,72,55,FALSE,41.95428602,-71.28497548
9792,9/10/2010,September,Friday,13:50,0,2,0,0,"Sideswipe, opposite direction",V1: Slowing or stopped in traffic / V2: 0,V1: N  / V2: 0,Dry,Daylight,Cloudy,0,0,72,55,FALSE,34.24438675,-73.6513909
9793,9/10/2010,September,Friday,22:50,2,2,1,0,"Sideswipe, same direction",V1: Travelling straight ahead / V2: Parked,V1: E  / V2: E,Dry,Dark - 0 roadway lighting,Clear,0,0,72,55,FALSE,41.92230442,-71.35423278
9794,9/11/2010,September,Saturday,9:00,2,2,1,0,Rear-end,V1: Overtaking/passing / V2: Travelling straight ahead,V1: W  / V2: W,Dry,Daylight,Clear,0,0,72,51,FALSE,41.93332563,-71.32495937
9795,9/11/2010,September,Saturday,10:42,2,2,3,0,Rear-end,V1: Slowing or stopped in traffic / V2: Slowing or stopped in traffic,V1: W  / V2: W,Dry,Daylight,Cloudy,0,0,72,51,FALSE,41.93325584,-71.32533529
9796,9/11/2010,September,Saturday,15:41,1,2,0,0,Rear-end,V1: Travelling straight ahead / V2: Travelling straight ahead,V1: S  / V2: S,Dry,Daylight,Clear,0,0,72,51,FALSE,41.93325584,-71.32533529
9797,9/11/2010,September,Saturday,16:32,1,1,0,0,Angle,V1: Travelling straight ahead,V1: S,Dry,Daylight,Clear,0,0,72,51,FALSE,41.90086769,-71.36799095
9798,9/13/2010,September,Monday,15:27,1,1,0,0,Single vehicle crash,V1: 0,V1: N,Dry,Daylight,Cloudy,0,0,68,55,FALSE,34.24438675,-73.6513909
9799,9/14/2010,September,Tuesday,11:05,2,2,1,0,Angle,V1: Travelling straight ahead / V2: Travelling straight ahead,V1: E  / V2: N,Dry,Dark - lighted roadway,Clear,0,0,79,55,FALSE,41.95428602,-71.28497548
9800,9/14/2010,September,Tuesday,12:16,1,2,0,0,Rear-end,V1: Travelling straight ahead / V2: Slowing or stopped in traffic,V1: S  / V2: S,Dry,Daylight,Clear,0,0,79,55,FALSE,41.89689882,-71.37290749
9801,9/14/2010,September,Tuesday,14:45,2,1,1,0,Single vehicle crash,V1: 0,V1: 0,Dry,Daylight,Clear,0,0,79,55,FALSE,41.97015292,-71.29135147
9802,9/14/2010,September,Tuesday,17:13,2,2,2,0,Rear-end,V1: Travelling straight ahead / V2: Travelling straight ahead,V1: N  / V2: N,Dry,Daylight,Cloudy,0,0,79,55,FALSE,41.95640623,-71.28800655
9803,9/14/2010,September,Tuesday,19:47,1,2,0,0,Angle,V1: Travelling straight ahead / V2: Travelling straight ahead,V1: E  / V2: N,Dry,Dark - lighted roadway,Clear,0,0,79,55,FALSE,41.93840858,-71.28352591
9804,9/15/2010,September,Wednesday,6:55,1,2,0,0,Rear-end,V1: Travelling straight ahead / V2: Travelling straight ahead,V1: 0 / V2: 0,Dry,Daylight,Clear,0,0,71,49,FALSE,34.24438675,-73.6513909
9805,9/15/2010,September,Wednesday,8:19,1,2,0,0,Angle,V1: Turning left / V2: Turning left,V1: W  / V2: N,Dry,Daylight,Cloudy,0,0,71,49,FALSE,41.94450501,-71.28411703
9806,9/16/2010,September,Thursday,7:45,1,2,0,0,Angle,V1: Entering traffic lane / V2: Travelling straight ahead,V1: E  / V2: E,Wet,Dark - lighted roadway,Cloudy/Rain,0.35,0,70,43,FALSE,34.24438675,-73.6513909
9807,9/16/2010,September,Thursday,14:23,2,2,2,0,Rear-end,V1: Travelling straight ahead / V2: Travelling straight ahead,V1: N  / V2: N,Dry,Daylight,Clear,0.35,0,70,43,FALSE,41.90636683,-71.31709721
9808,9/17/2010,September,Friday,11:09,1,2,0,0,Rear-end,V1: Slowing or stopped in traffic / V2: Slowing or stopped in traffic,V1: W  / V2: W,Dry,Daylight,Cloudy,0.49,0,71,50,FALSE,34.24438675,-73.6513909
9809,9/17/2010,September,Friday,12:25,1,2,0,0,Angle,V1: Travelling straight ahead / V2: Travelling straight ahead,V1: S  / V2: W,Dry,Daylight,Clear,0.49,0,71,50,FALSE,41.91360772,-71.36150084
9810,9/17/2010,September,Friday,13:09,1,1,0,0,Single vehicle crash,V1: Travelling straight ahead,V1: N,Dry,Daylight,Cloudy,0.49,0,71,50,FALSE,41.94472389,-71.28236781
9811,9/17/2010,September,Friday,18:54,1,2,0,0,Angle,V1: Turning left / V2: Travelling straight ahead,V1: S  / V2: N,Dry,Daylight,Clear,0.49,0,71,50,FALSE,41.94450501,-71.28411703
9812,9/18/2010,September,Saturday,5:00,1,2,0,0,Rear-end,V1: Travelling straight ahead / V2: Travelling straight ahead,V1: N  / V2: N,Dry,Dark - roadway not lighted,Clear,0,0,68,48,FALSE,41.92886054,-71.32309841
9813,9/19/2010,September,Sunday,1:40,1,1,0,0,Single vehicle crash,V1: Travelling straight ahead,V1: S,Dry,Dark - lighted roadway,Clear,0,0,78,48,FALSE,41.92057013,-71.29837236
9814,9/20/2010,September,Monday,10:52,1,2,0,0,Rear-end,V1: Travelling straight ahead / V2: Slowing or stopped in traffic,V1: N  / V2: N,Dry,Daylight,Clear,0,0,71,52,FALSE,41.90858125,-71.35758797
9815,9/20/2010,September,Monday,16:33,1,2,0,0,Angle,V1: Slowing or stopped in traffic / V2: Turning left,V1: E  / V2: W,Dry,Daylight,Clear,0,0,71,52,FALSE,41.92014284,-71.35719783
9816,9/20/2010,September,Monday,16:58,1,2,0,0,Rear-end,V1: Slowing or stopped in traffic / V2: Slowing or stopped in traffic,V1: E  / V2: E,Dry,Daylight,Clear,0,0,71,52,FALSE,41.97015292,-71.29135147
9817,9/21/2010,September,Tuesday,8:30,2,3,1,0,Rear-end,V1: Travelling straight ahead / V2: Travelling straight ahead / V3: Travelling straight ahead,V1: N  / V2: N  / V3: N,Dry,Daylight,Clear,0,0,73,42,FALSE,41.96495942,-71.28974962
9818,9/21/2010,September,Tuesday,19:17,1,2,0,0,Rear-end,V1: Travelling straight ahead / V2: Slowing or stopped in traffic,V1: N  / V2: N,Dry,Dark - lighted roadway,Clear,0,0,73,42,FALSE,41.92160851,-71.35780084
9819,9/22/2010,September,Wednesday,15:40,1,2,0,0,Angle,V1: Travelling straight ahead / V2: Travelling straight ahead,V1: S  / V2: W,Dry,Daylight,Cloudy,0,0,85,60,FALSE,41.89766937,-71.36570621
9820,9/22/2010,September,Wednesday,15:48,1,2,0,0,Rear-end,V1: Travelling straight ahead / V2: Slowing or stopped in traffic,V1: N  / V2: N,Dry,Daylight,Clear,0,0,85,60,FALSE,41.91977399,-71.35859774
9821,9/22/2010,September,Wednesday,20:03,2,1,1,0,Single vehicle crash,V1: Travelling straight ahead,V1: N,Dry,Dark - lighted roadway,Clear,0,0,85,60,FALSE,41.92032146,-71.30804221
9822,9/23/2010,September,Thursday,11:40,2,1,1,0,Single vehicle crash,V1: Travelling straight ahead,V1: N,Dry,Daylight,Clear,0,0,77,57,FALSE,41.92886054,-71.32309841
9823,9/23/2010,September,Thursday,17:23,1,2,0,0,Rear-end,V1: Slowing or stopped in traffic / V2: Travelling straight ahead,V1: 0 / V2: 0,Dry,Daylight,Clear,0,0,77,57,FALSE,41.95410074,-71.26056496
9824,9/23/2010,September,Thursday,18:06,1,2,0,0,Angle,V1: Turning left / V2: Travelling straight ahead,V1: S  / V2: S,Dry,Daylight,Clear,0,0,77,57,FALSE,34.24438675,-73.6513909
9825,9/24/2010,September,Friday,7:00,1,2,0,0,Angle,V1: Entering traffic lane / V2: Travelling straight ahead,V1: E  / V2: E,Dry,Daylight,Clear,0,0,80,56,FALSE,41.90846105,-71.36412011
9826,9/24/2010,September,Friday,18:32,1,2,0,0,Angle,V1: Overtaking/passing / V2: Turning left,V1: W  / V2: W,Dry,Dusk,Cloudy,0,0,80,56,FALSE,41.90998013,-71.35802082
9827,9/24/2010,September,Friday,18:56,3,2,0,1,Angle,V1: Travelling straight ahead / V2: Turning left,V1: E  / V2: N,Dry,Daylight,Cloudy,0,0,80,56,FALSE,41.91063286,-71.30011454
9828,9/25/2010,September,Saturday,2:00,2,2,1,0,Single vehicle crash,V1: Travelling straight ahead / V2: 0,V1: N  / V2: 0,Dry,Dark - lighted roadway,Clear,0,0,89,63,FALSE,41.95488851,-71.3019815
9829,9/25/2010,September,Saturday,17:54,1,2,0,0,Angle,V1: Entering traffic lane / V2: Travelling straight ahead,V1: S  / V2: N,Dry,Daylight,Clear,0,0,89,63,FALSE,41.8987078,-71.36909214
9830,9/27/2010,September,Monday,6:05,1,2,0,0,Rear-end,V1: Slowing or stopped in traffic / V2: Slowing or stopped in traffic,V1: S  / V2: S,Dry,Dusk,Cloudy,0.19,0,63,58,FALSE,41.97015292,-71.29135147
9831,9/27/2010,September,Monday,6:48,2,1,1,0,Single vehicle crash,V1: Travelling straight ahead,V1: N,Dry,Dawn,Rain,0.19,0,63,58,FALSE,41.92678916,-71.2236064
9832,9/27/2010,September,Monday,11:40,1,2,0,0,Angle,V1: Changing lanes / V2: Entering traffic lane,V1: W  / V2: N,Wet,Daylight,Cloudy/Rain,0.19,0,63,58,FALSE,41.95079497,-71.27389201
9833,9/27/2010,September,Monday,14:49,1,1,0,0,Single vehicle crash,V1: Travelling straight ahead,V1: E,Wet,Daylight,Cloudy/Rain,0.19,0,63,58,FALSE,41.9263317,-71.30728796
9834,9/28/2010,September,Tuesday,5:07,1,2,0,0,Angle,V1: Travelling straight ahead / V2: Travelling straight ahead,V1: N  / V2: E,Wet,Daylight,Cloudy,0.16,0,78,62,FALSE,41.94757814,-71.27890389
9835,9/29/2010,September,Wednesday,4:37,1,1,0,0,Single vehicle crash,V1: Travelling straight ahead,V1: N,Wet,Dark - lighted roadway,Cloudy,0,0,83,65,FALSE,41.9602118,-71.28782033
9836,9/29/2010,September,Wednesday,16:15,2,2,3,0,Angle,V1: Travelling straight ahead / V2: Travelling straight ahead,V1: W  / V2: N,Dry,Daylight,Clear,0,0,83,65,FALSE,41.92241545,-71.31336866
9837,9/29/2010,September,Wednesday,16:45,1,2,0,0,"Sideswipe, same direction",V1: Travelling straight ahead / V2: Travelling straight ahead,V1: S  / V2: S,Dry,Daylight,Clear,0,0,83,65,FALSE,34.24438675,-73.6513909
9838,9/29/2010,September,Wednesday,18:30,1,2,0,0,Rear-end,V1: Entering traffic lane / V2: Entering traffic lane,V1: N  / V2: N,Dry,Dusk,Clear,0,0,83,65,FALSE,34.24438675,-73.6513909
9839,9/30/2010,September,Thursday,16:45,0,2,0,0,Rear-end,V1: Slowing or stopped in traffic / V2: Travelling straight ahead,V1: N  / V2: N,0,Daylight,Clear,0.02,0,79,65,FALSE,41.9023143,-71.35595636
9840,10/1/2010,October,Friday,11:16,1,1,0,0,Single vehicle crash,V1: Travelling straight ahead,V1: W,Dry,Daylight,Cloudy,0.49,0,82,56,FALSE,41.93365798,-71.32924077
9841,10/1/2010,October,Friday,13:11,1,2,0,0,Rear-end,V1: Travelling straight ahead / V2: Turning left,V1: N  / V2: N,Wet,Daylight,Rain,0.49,0,82,56,FALSE,34.24438675,-73.6513909
9842,10/1/2010,October,Friday,13:17,1,2,0,0,Single vehicle crash,V1: Travelling straight ahead / V2: Parked,V1: N  / V2: 0,Wet,Daylight,Cloudy/Rain,0.49,0,82,56,FALSE,41.93924225,-71.27810624
9843,10/1/2010,October,Friday,16:34,1,1,0,0,Single vehicle crash,V1: Turning right,V1: S,Wet,Daylight,Cloudy/Rain,0.49,0,82,56,FALSE,41.92521765,-71.28783389
9844,10/1/2010,October,Friday,16:34,1,2,0,0,Rear-end,V1: Travelling straight ahead / V2: Turning left,V1: 0 / V2: 0,Wet,Daylight,Rain,0.49,0,82,56,FALSE,41.94752948,-71.27896865
9845,10/1/2010,October,Friday,17:05,1,2,0,0,Rear-end,V1: Slowing or stopped in traffic / V2: Travelling straight ahead,V1: N  / V2: N,Wet,Daylight,Rain,0.49,0,82,56,FALSE,41.92508738,-71.35628348
9846,10/1/2010,October,Friday,19:01,1,2,0,0,Angle,V1: Travelling straight ahead / V2: 0,V1: N  / V2: 0,Wet,Dark - lighted roadway,Rain,0.49,0,82,56,FALSE,41.91653724,-71.36001753
9847,10/1/2010,October,Friday,19:30,1,2,0,0,Rear-end,V1: Travelling straight ahead / V2: Travelling straight ahead,V1: N  / V2: N,Wet,Dark - lighted roadway,Rain,0.49,0,82,56,FALSE,41.90231125,-71.35597671
9848,10/2/2010,October,Saturday,10:49,2,1,1,0,Single vehicle crash,V1: Travelling straight ahead,V1: S,Dry,Daylight,Clear,0,0,69,46,FALSE,41.96022747,-71.30115634
9849,10/2/2010,October,Saturday,14:45,1,2,0,0,Rear-end,V1: Slowing or stopped in traffic / V2: Slowing or stopped in traffic,V1: S  / V2: S,Dry,Daylight,Clear,0,0,69,46,FALSE,41.9024767,-71.35600008
9850,10/3/2010,October,Sunday,15:26,1,2,0,0,Rear-end,V1: Travelling straight ahead / V2: Travelling straight ahead,V1: E  / V2: E,Dry,Daylight,Clear,0,0,57,43,FALSE,41.91232419,-71.2681305
9851,10/3/2010,October,Sunday,21:16,2,2,2,0,"Sideswipe, opposite direction",V1: Travelling straight ahead / V2: Travelling straight ahead,V1: S  / V2: N,Dry,Dark - roadway not lighted,Cloudy,0,0,57,43,FALSE,41.937923,-71.33128418
9852,10/4/2010,October,Monday,11:04,1,2,0,0,Rear-end,V1: Travelling straight ahead / V2: Slowing or stopped in traffic,V1: N  / V2: N,Dry,Daylight,Cloudy,0.16,0,62,52,FALSE,41.9023143,-71.35595636
9853,10/4/2010,October,Monday,15:15,2,2,2,0,Rear-end,V1: Turning left / V2: Travelling straight ahead,V1: 0 / V2: 0,Dry,Daylight,Clear,0.16,0,62,52,FALSE,41.91649569,-71.30362942
9854,10/5/2010,October,Tuesday,5:18,3,2,0,1,Rear-end,V1: Travelling straight ahead / V2: Travelling straight ahead,V1: S  / V2: S,Wet,Dark - roadway not lighted,Rain,0.35,0,58,54,FALSE,41.90261276,-71.35590972
9855,10/5/2010,October,Tuesday,13:42,1,2,0,0,"Sideswipe, same direction",V1: Turning right / V2: Turning right,V1: W  / V2: W,Dry,Daylight,Cloudy,0.35,0,58,54,FALSE,41.89857836,-71.35503726
9856,10/5/2010,October,Tuesday,19:00,1,2,0,0,Rear-end,V1: Travelling straight ahead / V2: Slowing or stopped in traffic,V1: E  / V2: E,Wet,Dark - lighted roadway,Cloudy/Rain,0.35,0,58,54,FALSE,41.95076301,-71.27397064
9857,10/5/2010,October,Tuesday,19:09,1,2,0,0,Rear-end,V1: Slowing or stopped in traffic / V2: Travelling straight ahead,V1: S  / V2: 0,Wet,Daylight,Cloudy/Rain,0.35,0,58,54,FALSE,41.92508738,-71.35628348
9858,10/6/2010,October,Wednesday,9:51,2,2,1,0,Angle,V1: Making U-turn / V2: Making U-turn,V1: E  / V2: S,Wet,Daylight,Rain,1.46,0,59,49,FALSE,34.24438675,-73.6513909
9859,10/6/2010,October,Wednesday,10:30,1,2,0,0,"Sideswipe, same direction",V1: Travelling straight ahead / V2: Travelling straight ahead,V1: N  / V2: N,Wet,Daylight,Cloudy/Rain,1.46,0,59,49,FALSE,41.92298399,-71.3572054
9860,10/6/2010,October,Wednesday,11:12,1,2,0,0,Angle,V1: Changing lanes / V2: Travelling straight ahead,V1: N  / V2: N,Wet,Daylight,Cloudy/Rain,1.46,0,59,49,FALSE,41.92762143,-71.35470547
9861,10/6/2010,October,Wednesday,13:40,1,2,0,0,Rear-end,V1: Travelling straight ahead / V2: Turning right,V1: S  / V2: S,Wet,Daylight,Cloudy/Rain,1.46,0,59,49,FALSE,41.8990797,-71.35507779
9862,10/6/2010,October,Wednesday,13:55,2,2,1,0,Rear-end,V1: Travelling straight ahead / V2: Slowing or stopped in traffic,V1: E  / V2: E,Wet,Daylight,Cloudy/Rain,1.46,0,59,49,FALSE,41.95287787,-71.26899686
9863,10/6/2010,October,Wednesday,14:07,1,2,0,0,Angle,V1: Entering traffic lane / V2: Travelling straight ahead,V1: W  / V2: S,Wet,Daylight,Rain,1.46,0,59,49,FALSE,41.93404812,-71.31577712
9864,10/6/2010,October,Wednesday,17:20,1,2,0,0,Rear-end,V1: Travelling straight ahead / V2: Slowing or stopped in traffic,V1: W  / V2: W,Wet,Dusk,Cloudy/Rain,1.46,0,59,49,FALSE,41.94698712,-71.2796715
9865,10/6/2010,October,Wednesday,20:22,1,2,0,0,Rear-end,V1: Travelling straight ahead / V2: Turning left,V1: N  / V2: N,Wet,Dark - lighted roadway,Cloudy/Rain,1.46,0,59,49,FALSE,41.90697288,-71.36488171
9866,10/7/2010,October,Thursday,12:10,2,3,2,0,Rear-end,V1: Slowing or stopped in traffic / V2: Slowing or stopped in traffic / V3: Slowing or stopped in traffic,V1: S  / V2: S  / V3: S,Dry,Daylight,Clear,0.02,0,66,48,FALSE,41.94234382,-71.27289652
9867,10/7/2010,October,Thursday,14:52,2,2,1,0,Angle,V1: Entering traffic lane / V2: Travelling straight ahead,V1: S  / V2: S,Dry,Daylight,Clear,0.02,0,66,48,FALSE,41.94757814,-71.27890389
9868,10/7/2010,October,Thursday,16:41,2,3,1,0,Rear-end,V1: Travelling straight ahead / V2: Travelling straight ahead / V3: Travelling straight ahead,V1: N  / V2: N  / V3: N,Dry,Daylight,Clear,0.02,0,66,48,FALSE,41.91035947,-71.36314658
9869,10/7/2010,October,Thursday,19:54,2,2,1,0,Rear-end,V1: Travelling straight ahead / V2: Travelling straight ahead,V1: S  / V2: S,Dry,Dark - lighted roadway,Clear,0.02,0,66,48,FALSE,34.24438675,-73.6513909
9870,10/9/2010,October,Saturday,13:48,1,2,0,0,Angle,V1: Entering traffic lane / V2: Travelling straight ahead,V1: N  / V2: N,Dry,Daylight,Clear,0,0,66,38,FALSE,41.92762143,-71.35470547
9871,10/9/2010,October,Saturday,19:20,1,2,0,0,"Sideswipe, same direction",V1: Travelling straight ahead / V2: Travelling straight ahead,V1: S  / V2: S,Dry,Dark - lighted roadway,Cloudy,0,0,66,38,FALSE,41.92762143,-71.35470547
9872,10/9/2010,October,Saturday,20:13,1,2,0,0,Angle,V1: Travelling straight ahead / V2: Travelling straight ahead,V1: N  / V2: N,Dry,Dark - roadway not lighted,Clear,0,0,66,38,FALSE,41.90231844,-71.35595143
9873,10/10/2010,October,Sunday,2:00,2,4,2,0,Head-on,V1: Changing lanes / V2: Travelling straight ahead / V3: Parked / V4: Parked,V1: S  / V2: S  / V3: S  / V4: S,Dry,Dark - roadway not lighted,Clear,0,0,67,34,FALSE,41.92927403,-71.32377045
9874,10/11/2010,October,Monday,8:01,2,1,1,0,0,V1: Turning right,V1: N,Dry,Daylight,Clear,0.03,0,72,42,FALSE,41.91512128,-71.38025781
9875,10/11/2010,October,Monday,17:48,1,3,0,0,Rear-end,V1: Travelling straight ahead / V2: Slowing or stopped in traffic / V3: Slowing or stopped in traffic,V1: S  / V2: S  / V3: S,Dry,Daylight,Clear,0.03,0,72,42,FALSE,41.92508738,-71.35628348
9876,10/11/2010,October,Monday,18:47,1,2,0,0,Angle,V1: Changing lanes / V2: Travelling straight ahead,V1: 0 / V2: 0,Dry,Dark - lighted roadway,Clear,0.03,0,72,42,FALSE,34.24438675,-73.6513909
9877,10/12/2010,October,Tuesday,6:10,1,2,0,0,0,V1: Travelling straight ahead / V2: Travelling straight ahead,V1: N  / V2: N,Dry,Dark - roadway not lighted,Cloudy,0.02,0,67,43,FALSE,41.96941345,-71.29547608
9878,10/12/2010,October,Tuesday,11:45,2,1,1,0,Single vehicle crash,V1: Travelling straight ahead,V1: S,Dry,Daylight,Clear,0.02,0,67,43,FALSE,41.96019052,-71.3011813
9879,10/12/2010,October,Tuesday,20:12,2,1,2,0,Single vehicle crash,V1: Travelling straight ahead,V1: N,Wet,Dawn,Rain,0.02,0,67,43,FALSE,41.90393415,-71.35043312
9880,10/13/2010,October,Wednesday,7:50,2,2,2,0,Rear-end,V1: Entering traffic lane / V2: Entering traffic lane,V1: N  / V2: N,Dry,Daylight,Clear,0,0,65,38,FALSE,41.9023143,-71.35595636
9881,10/13/2010,October,Wednesday,14:44,1,2,0,0,Rear-end,V1: Slowing or stopped in traffic / V2: Travelling straight ahead,V1: N  / V2: N,Dry,Daylight,Clear,0,0,65,38,FALSE,41.94450501,-71.28411703
9882,10/13/2010,October,Wednesday,15:14,2,1,1,0,Single vehicle crash,V1: Travelling straight ahead,V1: N,Dry,Daylight,Clear,0,0,65,38,FALSE,41.91206245,-71.25878902
9883,10/13/2010,October,Wednesday,17:44,2,2,1,0,Rear-end,V1: Travelling straight ahead / V2: Slowing or stopped in traffic,V1: N  / V2: N,Dry,Daylight,Clear,0,0,65,38,FALSE,34.24438675,-73.6513909
9884,10/13/2010,October,Wednesday,22:30,1,2,0,0,"Sideswipe, same direction",V1: Travelling straight ahead / V2: Changing lanes,V1: S  / V2: S,0,Daylight,Clear,0,0,65,38,FALSE,41.93457798,-71.29922805
9885,10/14/2010,October,Thursday,20:52,1,2,0,0,0,V1: Travelling straight ahead / V2: Travelling straight ahead,V1: N  / V2: S,Dry,Dark - roadway not lighted,Cloudy,0.48,0,60,36,FALSE,34.24438675,-73.6513909
9886,10/15/2010,October,Friday,8:16,2,2,2,0,Rear-end,V1: Slowing or stopped in traffic / V2: Travelling straight ahead,V1: S  / V2: S,Dry,Daylight,Clear,1.16,0,56,44,FALSE,41.93732881,-71.28475709
9887,10/15/2010,October,Friday,12:22,1,2,0,0,"Sideswipe, same direction",V1: Travelling straight ahead / V2: Turning right,V1: W  / V2: W,Dry,Daylight,Clear,1.16,0,56,44,FALSE,41.95092704,-71.27356709
9888,10/15/2010,October,Friday,13:03,1,2,0,0,Angle,V1: Turning left / V2: Travelling straight ahead,V1: E  / V2: W,Dry,Daylight,Cloudy,1.16,0,56,44,FALSE,41.91982212,-71.35857678
9889,10/15/2010,October,Friday,15:36,1,3,0,0,Rear-end,V1: Travelling straight ahead / V2: Slowing or stopped in traffic / V3: Slowing or stopped in traffic,V1: S  / V2: S  / V3: S,Dry,Daylight,Cloudy,1.16,0,56,44,FALSE,41.92762143,-71.35470547
9890,10/15/2010,October,Friday,16:23,1,1,0,0,Single vehicle crash,V1: Turning left,V1: S,Wet,Daylight,Cloudy/Rain,1.16,0,56,44,FALSE,41.92446027,-71.28906707
9891,10/15/2010,October,Friday,17:18,2,2,2,0,Rear-end,V1: Travelling straight ahead / V2: Slowing or stopped in traffic,V1: S  / V2: S,Wet,Daylight,Rain,1.16,0,56,44,FALSE,41.90257525,-71.35603965
9892,10/15/2010,October,Friday,18:00,2,2,2,0,Rear-end,V1: Slowing or stopped in traffic / V2: Slowing or stopped in traffic,V1: N  / V2: N,Wet,Dusk,Cloudy,1.16,0,56,44,FALSE,41.90231125,-71.35597671
9893,10/16/2010,October,Saturday,10:52,0,1,0,0,"Sideswipe, same direction",V1: Parked,V1: 0,Wet,Dark - lighted roadway,Rain,0,0,59,44,FALSE,41.9281147,-71.29790884
9894,10/18/2010,October,Monday,10:08,1,2,0,0,"Sideswipe, same direction",V1: Making U-turn / V2: Travelling straight ahead,V1: S  / V2: S,Dry,Daylight,Clear,0,0,61,40,FALSE,41.89903243,-71.355186
9895,10/18/2010,October,Monday,13:45,1,1,0,0,"Sideswipe, same direction",V1: Travelling straight ahead,V1: W,Dry,Daylight,Clear,0,0,61,40,FALSE,41.94029895,-71.27837942
9896,10/18/2010,October,Monday,17:07,1,2,0,0,Rear-end,V1: Travelling straight ahead / V2: Slowing or stopped in traffic,V1: N  / V2: N,Dry,Daylight,Clear,0,0,61,40,FALSE,41.90309574,-71.35603097
9897,10/19/2010,October,Tuesday,7:40,1,2,0,0,Rear-end,V1: Slowing or stopped in traffic / V2: Slowing or stopped in traffic,V1: N  / V2: N,Dry,Daylight,Cloudy,0,0,60,36,FALSE,41.97015292,-71.29135147
9898,10/19/2010,October,Tuesday,10:09,1,4,0,0,Rear-end,V1: Travelling straight ahead / V2: Slowing or stopped in traffic / V3: Slowing or stopped in traffic / V4: Slowing or stopped in traffic,V1: W  / V2: W  / V3: W  / V4: W,Dry,Daylight,Clear,0,0,60,36,FALSE,41.93397236,-71.31089967
9899,10/19/2010,October,Tuesday,14:18,2,2,2,0,Rear-end,V1: Travelling straight ahead / V2: Travelling straight ahead,V1: S  / V2: S,Dry,Daylight,Clear,0,0,60,36,FALSE,41.95593405,-71.30346756
9900,10/19/2010,October,Tuesday,14:51,1,3,0,0,Rear-end,V1: Travelling straight ahead / V2: Travelling straight ahead / V3: Travelling straight ahead,V1: N  / V2: N  / V3: N,Dry,Daylight,Clear,0,0,60,36,FALSE,41.92886054,-71.32309841
9901,10/19/2010,October,Tuesday,15:40,2,3,2,0,Rear-end,V1: Travelling straight ahead / V2: Turning left / V3: Travelling straight ahead,V1: N  / V2: N  / V3: S,Dry,Daylight,Clear,0,0,60,36,FALSE,41.9374227,-71.29402673
9902,10/19/2010,October,Tuesday,22:00,1,2,0,0,Rear-end,V1: Travelling straight ahead / V2: Slowing or stopped in traffic,V1: N  / V2: N,Dry,Dark - lighted roadway,Clear,0,0,60,36,FALSE,41.93846875,-71.28469502
9903,10/20/2010,October,Wednesday,16:46,1,2,0,0,Angle,V1: Turning left / V2: Travelling straight ahead,V1: S  / V2: S,Dry,Daylight,Cloudy,0,0,63,36,FALSE,41.91982212,-71.35857678
9904,10/20/2010,October,Wednesday,18:45,1,2,0,0,Rear-end,V1: Travelling straight ahead / V2: Slowing or stopped in traffic,V1: S  / V2: S,Dry,Dark - roadway not lighted,Clear,0,0,63,36,FALSE,41.96019052,-71.3011813
9905,10/21/2010,October,Thursday,2:40,1,1,0,0,Single vehicle crash,V1: Travelling straight ahead,V1: S,Dry,Daylight,Clear,0.03,0,60,36,FALSE,41.97396423,-71.2952382
9906,10/21/2010,October,Thursday,8:07,1,2,0,0,Angle,V1: Turning left / V2: Slowing or stopped in traffic,V1: E  / V2: 0,Dry,Daylight,Clear,0.03,0,60,36,FALSE,41.93401501,-71.31496153
9907,10/21/2010,October,Thursday,13:13,1,2,0,0,Angle,V1: Backing / V2: Parked,V1: E  / V2: 0,Wet,Daylight,Cloudy/Rain,0.03,0,60,36,FALSE,41.95850213,-71.29654376
9908,10/21/2010,October,Thursday,16:59,1,2,0,0,Single vehicle crash,V1: Slowing or stopped in traffic / V2: Travelling straight ahead,V1: E  / V2: E,Wet,Daylight,Clear,0.03,0,60,36,FALSE,41.94625923,-71.28694634
9909,10/21/2010,October,Thursday,17:16,1,2,0,0,Rear-end,V1: Travelling straight ahead / V2: Slowing or stopped in traffic,V1: W  / V2: W,Wet,Daylight,Cloudy,0.03,0,60,36,FALSE,41.94344652,-71.28559566
9910,10/22/2010,October,Friday,11:00,1,2,0,0,Angle,V1: Travelling straight ahead / V2: Travelling straight ahead,V1: S  / V2: S,Dry,Daylight,Clear,0,0,53,35,FALSE,41.94757814,-71.27890389