ID,DATE,Month,Day of week,Crash Time,Crash Severity,Number of Vehicles,Total Nonfatal Injuries,Total Fatal Injuries,Manner of Collision,Vehicle Action Prior to Crash,Vehicle Travel Directions,Road Surface Condition,Ambient Light,Weather Condition,PRCP,SNOW,TMAX,TMIN,Ice,Longtitute,Latitute
9911,10/23/2010,October,Saturday,8:59,1,2,0,0,Rear-end,V1: Travelling straight ahead / V2: Turning left,V1: N  / V2: N,Dry,Daylight,Clear,0,0,60,32,TRUE,41.96306612,-71.28865133
9912,10/23/2010,October,Saturday,22:38,1,2,0,0,Rear-end,V1: Travelling straight ahead / V2: Slowing or stopped in traffic,V1: S  / V2: S,Dry,Dark - lighted roadway,Clear,0,0,60,32,TRUE,41.96643836,-71.29074265
9913,10/24/2010,October,Sunday,13:42,1,2,0,0,Angle,V1: Travelling straight ahead / V2: Changing lanes,V1: S  / V2: S,Dry,Daylight,Clear,0,0,52,40,FALSE,41.94431166,-71.28140274
9914,10/24/2010,October,Sunday,20:20,1,1,0,0,Single vehicle crash,V1: Travelling straight ahead,V1: N,Dry,Dark - lighted roadway,Cloudy,0,0,52,40,FALSE,41.9255712,-71.28732108
9915,10/25/2010,October,Monday,8:05,0,2,0,0,0,V1: Travelling straight ahead / V2: Travelling straight ahead,V1: N  / V2: N,Dry,Daylight,Clear,0.02,0,68,49,FALSE,41.92886018,-71.3230987
9916,10/25/2010,October,Monday,13:43,2,1,1,0,Angle,V1: Turning right,V1: E,Dry,Daylight,Clear,0.02,0,68,49,FALSE,41.90086769,-71.36799095
9917,10/25/2010,October,Monday,21:20,2,2,2,0,Head-on,V1: Turning left / V2: Travelling straight ahead,V1: S  / V2: N,Wet,Daylight,Cloudy/Rain,0.02,0,68,49,FALSE,41.91816133,-71.25763887
9918,10/26/2010,October,Tuesday,16:52,1,2,0,0,Rear-end,V1: Slowing or stopped in traffic / V2: Slowing or stopped in traffic,V1: N  / V2: N,Dry,Dusk,Cloudy,0.02,0,77,63,FALSE,34.24438675,-73.6513909
9919,10/27/2010,October,Wednesday,7:28,1,2,0,0,Angle,V1: Turning right / V2: Travelling straight ahead,V1: S  / V2: W,Dry,Daylight,Cloudy,0.12,0,68,64,FALSE,41.95484304,-71.28856385
9920,10/27/2010,October,Wednesday,7:44,1,2,0,0,Angle,V1: Entering traffic lane / V2: Travelling straight ahead,V1: E  / V2: S,Wet,Daylight,Cloudy/Rain,0.12,0,68,64,FALSE,41.94007226,-71.29032337
9921,10/27/2010,October,Wednesday,10:56,1,1,0,0,Single vehicle crash,V1: Turning right,V1: E,Wet,Daylight,Cloudy/Rain,0.12,0,68,64,FALSE,41.93624497,-71.30086222
9922,10/27/2010,October,Wednesday,20:41,1,2,0,0,Rear-end,V1: Entering traffic lane / V2: Travelling straight ahead,V1: E  / V2: 0,Wet,Daylight,Cloudy/Rain,0.12,0,68,64,FALSE,41.93409504,-71.31976536
9923,10/27/2010,October,Wednesday,22:47,1,2,0,0,Angle,V1: Entering traffic lane / V2: Travelling straight ahead,V1: S  / V2: N,Dry,Daylight,Clear,0.12,0,68,64,FALSE,41.91078702,-71.36292905
9924,10/27/2010,October,Wednesday,23:07,1,2,0,0,Rear-end,V1: Travelling straight ahead / V2: Slowing or stopped in traffic,V1: W  / V2: W,Wet,Daylight,Rain,0.12,0,68,64,FALSE,41.92416457,-71.35104162
9925,10/28/2010,October,Thursday,18:49,1,2,0,0,Angle,V1: Travelling straight ahead / V2: Turning left,V1: N  / V2: E,Dry,Dark - lighted roadway,Clear,0,0,78,50,FALSE,41.94231024,-71.28253433
9926,10/29/2010,October,Friday,1:38,1,1,0,0,Single vehicle crash,V1: Travelling straight ahead,V1: N,Dry,Dark - roadway not lighted,Clear,0,0,58,42,FALSE,41.95593405,-71.30346756
9927,10/29/2010,October,Friday,6:40,1,1,0,0,Single vehicle crash,V1: Travelling straight ahead,V1: N,Dry,Dawn,Cloudy,0,0,58,42,FALSE,41.92886018,-71.3230987
9928,10/29/2010,October,Friday,14:14,0,1,0,0,Single vehicle crash,V1: Parked,V1: 0,Dry,Daylight,Cloudy,0,0,58,42,FALSE,34.24438675,-73.6513909
9929,10/29/2010,October,Friday,15:39,1,2,0,0,Rear-end,V1: Travelling straight ahead / V2: Slowing or stopped in traffic,V1: N  / V2: N,Dry,Daylight,Clear,0,0,58,42,FALSE,41.91263345,-71.30949787
9930,10/29/2010,October,Friday,16:15,1,2,0,0,Angle,V1: Travelling straight ahead / V2: Travelling straight ahead,V1: E  / V2: E,Dry,Daylight,Clear,0,0,58,42,FALSE,34.24438675,-73.6513909
9931,10/29/2010,October,Friday,16:42,1,2,0,0,Rear-end,V1: Travelling straight ahead / V2: Slowing or stopped in traffic,V1: W  / V2: W,Dry,Daylight,Clear,0,0,58,42,FALSE,41.94245198,-71.28698244
9932,10/29/2010,October,Friday,17:02,1,2,0,0,Rear-end,V1: Travelling straight ahead / V2: Travelling straight ahead,V1: W  / V2: W,Dry,Daylight,Cloudy,0,0,58,42,FALSE,41.97015292,-71.29135147
9933,10/29/2010,October,Friday,17:57,1,2,0,0,Rear-end,V1: Entering traffic lane / V2: Entering traffic lane,V1: N  / V2: N,Dry,Dark - lighted roadway,Clear,0,0,58,42,FALSE,34.24438675,-73.6513909
9934,10/30/2010,October,Saturday,1:19,1,1,0,0,Single vehicle crash,V1: Changing lanes,V1: N,Dry,Dark - roadway not lighted,Clear,0,0,58,36,FALSE,41.92886018,-71.3230987
9935,10/30/2010,October,Saturday,13:25,1,2,0,0,Angle,V1: Turning left / V2: Travelling straight ahead,V1: E  / V2: W,Dry,Daylight,Clear,0,0,58,36,FALSE,41.90964751,-71.36351027
9936,10/31/2010,October,Sunday,13:30,1,2,0,0,Angle,V1: Turning left / V2: Travelling straight ahead,V1: E  / V2: W,Dry,Daylight,Clear,0,0,60,33,FALSE,41.93404812,-71.31577712
9937,10/31/2010,October,Sunday,17:09,1,2,0,0,"Sideswipe, same direction",V1: Travelling straight ahead / V2: Entering traffic lane,V1: W  / V2: W,Dry,Daylight,Clear,0,0,60,33,FALSE,41.93079328,-71.29782729
9938,10/31/2010,October,Sunday,18:38,2,2,3,0,Angle,V1: Turning left / V2: Travelling straight ahead,V1: E  / V2: W,Dry,Dark - lighted roadway,Cloudy,0,0,60,33,FALSE,41.92446027,-71.28906707
9939,11/1/2010,November,Monday,15:22,1,2,0,0,Rear-end,V1: Slowing or stopped in traffic / V2: Travelling straight ahead,V1: N  / V2: N,Dry,Daylight,Clear,0,0,51,29,TRUE,41.92521765,-71.28783389
9940,11/2/2010,November,Tuesday,0:13,2,2,3,0,Angle,V1: Turning right / V2: Slowing or stopped in traffic,V1: N  / V2: W,Dry,Dark - lighted roadway,Clear,0,0,48,26,TRUE,41.95484304,-71.28856385
9941,11/2/2010,November,Tuesday,5:12,2,1,1,0,Single vehicle crash,V1: Travelling straight ahead,V1: N,Dry,Dark - lighted roadway,Clear,0,0,48,26,TRUE,41.92033522,-71.25811271
9942,11/2/2010,November,Tuesday,7:00,1,2,0,0,Angle,V1: Entering traffic lane / V2: Travelling straight ahead,V1: N  / V2: N,Dry,Dark - roadway not lighted,Clear,0,0,48,26,TRUE,41.94450501,-71.28411703
9943,11/2/2010,November,Tuesday,17:00,1,2,0,0,Rear-end,V1: Entering traffic lane / V2: Slowing or stopped in traffic,V1: S  / V2: 0,Dry,Daylight,Cloudy,0,0,48,26,TRUE,41.97015292,-71.29135147
9944,11/2/2010,November,Tuesday,17:45,0,2,0,0,Angle,V1: Travelling straight ahead / V2: Travelling straight ahead,V1: S  / V2: E,Dry,Dusk,Clear,0,0,48,26,TRUE,41.94133847,-71.29038176
9945,11/2/2010,November,Tuesday,18:03,1,3,0,0,Rear-end,V1: Travelling straight ahead / V2: Slowing or stopped in traffic / V3: Slowing or stopped in traffic,V1: S  / V2: S  / V3: S,Dry,Dusk,Clear,0,0,48,26,TRUE,41.91816133,-71.25763887
9946,11/2/2010,November,Tuesday,18:11,2,1,1,0,Single vehicle crash,V1: Travelling straight ahead,V1: N,Dry,Dark - roadway not lighted,Cloudy,0,0,48,26,TRUE,41.93846875,-71.28469502
9947,11/3/2010,November,Wednesday,9:49,1,2,0,0,Rear-end,V1: Travelling straight ahead / V2: Slowing or stopped in traffic,V1: S  / V2: S,Dry,Daylight,Clear,0,0,52,23,TRUE,41.96643836,-71.29074265
9948,11/3/2010,November,Wednesday,14:03,1,1,0,0,0,V1: Backing,V1: N,Dry,Daylight,Clear,0,0,52,23,TRUE,41.91996059,-71.2435861
9949,11/3/2010,November,Wednesday,14:33,2,2,1,0,Angle,V1: Turning left / V2: Travelling straight ahead,V1: S  / V2: S,Dry,Daylight,Clear,0,0,52,23,TRUE,41.9110765,-71.36278231
9950,11/3/2010,November,Wednesday,15:30,2,2,1,0,Rear-end,V1: Travelling straight ahead / V2: Slowing or stopped in traffic,V1: S  / V2: S,Dry,Daylight,Clear,0,0,52,23,TRUE,41.96712418,-71.29097941
9951,11/3/2010,November,Wednesday,19:13,1,1,0,0,Single vehicle crash,V1: Slowing or stopped in traffic,V1: N,Dry,Dark - lighted roadway,Clear,0,0,52,23,TRUE,41.92886018,-71.3230987
9952,11/4/2010,November,Thursday,5:22,2,1,1,0,Single vehicle crash,V1: Travelling straight ahead,V1: E,Dry,Dark - lighted roadway,Cloudy,0.71,0,52,31,TRUE,41.94361429,-71.27453022
9953,11/4/2010,November,Thursday,7:51,1,2,0,0,Rear-end,V1: Slowing or stopped in traffic / V2: Travelling straight ahead,V1: N  / V2: N,Wet,Daylight,Rain,0.71,0,52,31,TRUE,41.93347293,-71.3194515
9954,11/4/2010,November,Thursday,12:36,1,1,0,0,Single vehicle crash,V1: Making U-turn,V1: S,Wet,Daylight,Cloudy/Rain,0.71,0,52,31,TRUE,41.91869929,-71.25161691
9955,11/4/2010,November,Thursday,13:49,2,2,1,0,Angle,V1: Travelling straight ahead / V2: Travelling straight ahead,V1: E  / V2: N,Wet,Daylight,Rain,0.71,0,52,31,TRUE,41.95130281,-71.27263126
9956,11/4/2010,November,Thursday,14:45,1,1,0,0,Single vehicle crash,V1: Travelling straight ahead,V1: S,Wet,Daylight,Rain,0.71,0,52,31,TRUE,41.90796653,-71.35739499
9957,11/4/2010,November,Thursday,18:05,1,2,0,0,Angle,V1: Turning left / V2: Travelling straight ahead,V1: W  / V2: N,Wet,Dark - lighted roadway,Cloudy/Rain,0.71,0,52,31,TRUE,41.93846875,-71.28469502
9958,11/4/2010,November,Thursday,19:01,1,1,0,0,Single vehicle crash,V1: Travelling straight ahead,V1: W,Wet,Dark - roadway not lighted,Rain,0.71,0,52,31,TRUE,41.91996059,-71.2435861
9959,11/4/2010,November,Thursday,19:05,1,2,0,0,Angle,V1: Travelling straight ahead / V2: Travelling straight ahead,V1: N  / V2: N,Dry,Dark - lighted roadway,Clear,0.71,0,52,31,TRUE,41.94899329,-71.27709861
9960,11/4/2010,November,Thursday,19:52,1,2,0,0,"Sideswipe, same direction",V1: Changing lanes / V2: Travelling straight ahead,V1: N  / V2: N,Wet,Dark - roadway not lighted,Rain,0.71,0,52,31,TRUE,34.24438675,-73.6513909
9961,11/5/2010,November,Friday,7:32,1,2,0,0,Rear-end,V1: Slowing or stopped in traffic / V2: Slowing or stopped in traffic,V1: N  / V2: N,Dry,Daylight,Clear,0.48,0,62,44,FALSE,41.95516711,-71.30414185
9962,11/5/2010,November,Friday,11:34,1,2,0,0,Rear-end,V1: Travelling straight ahead / V2: Slowing or stopped in traffic,V1: N  / V2: N,Wet,Daylight,Cloudy/Rain,0.48,0,62,44,FALSE,41.92890096,-71.35392056
9963,11/5/2010,November,Friday,19:40,1,2,0,0,"Sideswipe, same direction",V1: Changing lanes / V2: Travelling straight ahead,V1: N  / V2: N,Dry,Dark - lighted roadway,Clear,0.48,0,62,44,FALSE,34.24438675,-73.6513909
9964,11/6/2010,November,Saturday,15:38,1,2,0,0,Angle,V1: Entering traffic lane / V2: Travelling straight ahead,V1: E  / V2: S,Dry,Daylight,Cloudy,0,0,50,40,FALSE,41.92762143,-71.35470547
9965,11/6/2010,November,Saturday,16:27,1,2,0,0,Rear-end,V1: Travelling straight ahead / V2: Slowing or stopped in traffic,V1: N  / V2: 0,Dry,Daylight,Cloudy,0,0,50,40,FALSE,41.90998013,-71.35802082
9966,11/6/2010,November,Saturday,17:32,1,3,0,0,Rear-end,V1: Travelling straight ahead / V2: Slowing or stopped in traffic / V3: Slowing or stopped in traffic,V1: S  / V2: S  / V3: S,Dry,Daylight,Cloudy,0,0,50,40,FALSE,41.92890096,-71.35392056
9967,11/6/2010,November,Saturday,18:00,2,2,1,0,Angle,V1: Turning left / V2: Travelling straight ahead,V1: W  / V2: N,Dry,Dark - lighted roadway,Clear,0,0,50,40,FALSE,41.95026235,-71.27502451
9968,11/7/2010,November,Sunday,14:13,1,1,0,0,0,V1: Changing lanes,V1: W,Dry,Daylight,Cloudy,0.18,0,43,35,FALSE,41.94586371,-71.28073807
9969,11/8/2010,November,Monday,3:48,1,1,0,0,Single vehicle crash,V1: Slowing or stopped in traffic,V1: S,Slush,Dark - lighted roadway,Rain,0.88,0.4,48,33,FALSE,41.9285717,-71.35408126
9970,11/8/2010,November,Monday,7:27,1,2,0,0,Angle,V1: Turning left / V2: Travelling straight ahead,V1: N  / V2: S,Wet,Daylight,Rain,0.88,0.4,48,33,FALSE,41.93357119,-71.30035285
9971,11/8/2010,November,Monday,15:19,1,2,0,0,Rear-end,V1: Slowing or stopped in traffic / V2: Slowing or stopped in traffic,V1: S  / V2: S,Wet,Daylight,Rain,0.88,0.4,48,33,FALSE,41.92014284,-71.35719783
9972,11/8/2010,November,Monday,18:00,0,1,0,0,Single vehicle crash,V1: Travelling straight ahead,V1: S,Wet,Dark - lighted roadway,Rain,0.88,0.4,48,33,FALSE,41.93874704,-71.29215575
9973,11/8/2010,November,Monday,18:35,1,2,0,0,"Sideswipe, same direction",V1: Travelling straight ahead / V2: Overtaking/passing,V1: N  / V2: N,Wet,Dark - roadway not lighted,Rain,0.88,0.4,48,33,FALSE,34.24438675,-73.6513909
9974,11/9/2010,November,Tuesday,8:57,1,1,0,0,Angle,V1: Travelling straight ahead,V1: S,Dry,Daylight,Cloudy,0.16,0,52,44,FALSE,41.95451461,-71.24992613
9975,11/9/2010,November,Tuesday,14:40,1,2,0,0,Angle,V1: Turning left / V2: Travelling straight ahead,V1: E  / V2: S,Dry,Daylight,Cloudy,0.16,0,52,44,FALSE,41.90846105,-71.36412011
9976,11/9/2010,November,Tuesday,17:25,2,2,2,0,Angle,V1: Turning left / V2: Travelling straight ahead,V1: E  / V2: W,Wet,Dark - lighted roadway,Rain,0.16,0,52,44,FALSE,41.93397761,-71.31903245
9977,11/9/2010,November,Tuesday,17:32,1,2,0,0,Rear-end,V1: Slowing or stopped in traffic / V2: Travelling straight ahead,V1: S  / V2: S,Wet,Dark - lighted roadway,Cloudy/Rain,0.16,0,52,44,FALSE,41.95808616,-71.28762486
9978,11/9/2010,November,Tuesday,18:20,1,2,0,0,"Sideswipe, same direction",V1: Changing lanes / V2: Travelling straight ahead,V1: W  / V2: W,Dry,Dark - lighted roadway,Rain,0.16,0,52,44,FALSE,41.94955733,-71.27636671
9979,11/10/2010,November,Wednesday,13:40,1,2,0,0,Rear-end,V1: Entering traffic lane / V2: 0,V1: N  / V2: 0,Dry,Daylight,Cloudy,0.16,0,46,43,FALSE,34.24438675,-73.6513909
9980,11/10/2010,November,Wednesday,17:11,2,2,1,0,Rear-end,V1: Travelling straight ahead / V2: Slowing or stopped in traffic,V1: E  / V2: E,Dry,Dusk,Clear,0.16,0,46,43,FALSE,41.95076301,-71.27397064
9981,11/10/2010,November,Wednesday,23:50,2,2,1,0,"Sideswipe, same direction",V1: Entering traffic lane / V2: Travelling straight ahead,V1: S  / V2: S,Dry,Dark - 0 roadway lighting,Clear,0.16,0,46,43,FALSE,34.24438675,-73.6513909
9982,11/11/2010,November,Thursday,13:00,1,2,0,0,Angle,V1: Travelling straight ahead / V2: Turning left,V1: E  / V2: W,Dry,Daylight,Clear,0,0,48,36,FALSE,41.93118399,-71.26031362
9983,11/11/2010,November,Thursday,16:45,1,2,0,0,Angle,V1: Entering traffic lane / V2: 0,V1: S  / V2: S,Dry,Dusk,Clear,0,0,48,36,FALSE,41.95260998,-71.26978509
9984,11/12/2010,November,Friday,17:11,1,2,0,0,Rear-end,V1: Travelling straight ahead / V2: Slowing or stopped in traffic,V1: S  / V2: S,Dry,Dark - lighted roadway,Clear,0,0,56,35,FALSE,41.90086769,-71.36799095
9985,11/12/2010,November,Friday,22:36,1,1,0,0,"Sideswipe, same direction",V1: Turning left,V1: S,Dry,Daylight,Clear,0,0,56,35,FALSE,34.24438675,-73.6513909
9986,11/13/2010,November,Saturday,1:02,1,1,0,0,Single vehicle crash,V1: Travelling straight ahead,V1: W,Dry,Dark - lighted roadway,Clear,0,0,64,31,TRUE,41.95306235,-71.26844094
9987,11/13/2010,November,Saturday,9:13,1,2,0,0,Angle,V1: Turning left / V2: Travelling straight ahead,V1: N  / V2: W,Dry,Daylight,Clear,0,0,64,31,TRUE,34.24438675,-73.6513909
9988,11/13/2010,November,Saturday,13:07,1,2,0,0,Angle,V1: Travelling straight ahead / V2: Turning left,V1: S  / V2: N,Dry,Daylight,Clear,0,0,64,31,TRUE,41.93349765,-71.28500406
9989,11/13/2010,November,Saturday,20:10,1,2,0,0,Angle,V1: Turning left / V2: Travelling straight ahead,V1: S  / V2: N,Dry,Dark - lighted roadway,Clear,0,0,64,31,TRUE,41.89618753,-71.37039513
9990,11/14/2010,November,Sunday,11:52,1,2,0,0,"Sideswipe, same direction",V1: Travelling straight ahead / V2: Travelling straight ahead,V1: E  / V2: E,Dry,Daylight,Clear,0,0,54,29,TRUE,41.93269195,-71.32821357
9991,11/14/2010,November,Sunday,13:07,1,2,0,0,Rear-end,V1: Travelling straight ahead / V2: Travelling straight ahead,V1: W  / V2: W,Dry,Daylight,Clear,0,0,54,29,TRUE,41.93414522,-71.30494865
9992,11/15/2010,November,Monday,16:56,2,2,1,0,Rear-end,V1: Slowing or stopped in traffic / V2: Travelling straight ahead,V1: N  / V2: N,Dry,Dark - lighted roadway,Clear,0,0,56,44,FALSE,41.91309373,-71.36175852
9993,11/15/2010,November,Monday,17:46,1,2,0,0,Angle,V1: Turning left / V2: Travelling straight ahead,V1: S  / V2: S,Dry,Dark - lighted roadway,Cloudy,0,0,56,44,FALSE,41.95484304,-71.28856385
9994,11/16/2010,November,Tuesday,18:30,1,1,0,0,0,V1: Travelling straight ahead,V1: W,Wet,Dark - lighted roadway,Rain,0.07,0,56,48,FALSE,41.95451461,-71.24992613
9995,11/16/2010,November,Tuesday,19:45,1,2,0,0,Angle,V1: Travelling straight ahead / V2: Turning left,V1: N  / V2: N,Wet,Dark - lighted roadway,Rain,0.07,0,56,48,FALSE,34.24438675,-73.6513909
9996,11/17/2010,November,Wednesday,3:28,2,1,1,0,Single vehicle crash,V1: Travelling straight ahead,V1: S,Wet,Dark - lighted roadway,Rain,1.68,0,66,48,FALSE,41.89861001,-71.36943215
9997,11/17/2010,November,Wednesday,9:51,1,3,0,0,Angle,V1: Turning left / V2: Travelling straight ahead / V3: Travelling straight ahead,V1: W  / V2: S  / V3: E,Wet,Daylight,Cloudy,1.68,0,66,48,FALSE,41.95006744,-71.27542775
9998,11/17/2010,November,Wednesday,20:09,1,3,0,0,Rear-end,V1: Travelling straight ahead / V2: Travelling straight ahead / V3: Travelling straight ahead,V1: N  / V2: N  / V3: N,Wet,Daylight,Cloudy/Rain,1.68,0,66,48,FALSE,41.92508738,-71.35628348
9999,11/18/2010,November,Thursday,10:51,2,2,1,0,Rear-end,V1: Slowing or stopped in traffic / V2: Travelling straight ahead,V1: N  / V2: N,Dry,Daylight,Clear,0,0,55,37,FALSE,41.90244882,-71.35599258
10000,11/18/2010,November,Thursday,19:03,1,1,0,0,Single vehicle crash,V1: Travelling straight ahead,V1: N,Dry,Dark - lighted roadway,Clear,0,0,55,37,FALSE,34.24438675,-73.6513909
10001,11/18/2010,November,Thursday,21:35,1,1,0,0,0,V1: Travelling straight ahead,V1: S,Dry,Dark - lighted roadway,Clear,0,0,55,37,FALSE,41.95484304,-71.28856385
10002,11/19/2010,November,Friday,16:52,1,2,0,0,Angle,V1: Turning left / V2: Travelling straight ahead,V1: W  / V2: N,Dry,Dark - lighted roadway,Clear,0,0,46,26,TRUE,41.90086769,-71.36799095
10003,11/19/2010,November,Friday,17:48,1,2,0,0,Angle,V1: Turning left / V2: Travelling straight ahead,V1: E  / V2: W,Dry,Dark - lighted roadway,Clear,0,0,46,26,TRUE,41.94757814,-71.27890389
10004,11/19/2010,November,Friday,17:49,2,2,1,0,Rear-end,V1: Slowing or stopped in traffic / V2: Slowing or stopped in traffic,V1: S  / V2: S,Dry,Dark - lighted roadway,Clear,0,0,46,26,TRUE,41.90304129,-71.36688276
10005,11/20/2010,November,Saturday,23:16,2,2,1,0,Rear-end,V1: Slowing or stopped in traffic / V2: Slowing or stopped in traffic,V1: S  / V2: S,Dry,Daylight,Clear,0,0,53,27,TRUE,41.93393836,-71.3077318
10006,11/21/2010,November,Sunday,12:54,2,2,1,0,Angle,V1: Turning left / V2: Travelling straight ahead,V1: W  / V2: N,Dry,Daylight,Clear,0,0,42,29,TRUE,41.93176935,-71.3436681
10007,11/21/2010,November,Sunday,16:31,1,2,0,0,Head-on,V1: Turning left / V2: Travelling straight ahead,V1: E  / V2: W,Dry,Dusk,Cloudy,0,0,42,29,TRUE,41.91982212,-71.35857678
10008,11/22/2010,November,Monday,7:12,1,2,0,0,"Sideswipe, same direction",V1: Changing lanes / V2: Travelling straight ahead,V1: N  / V2: N,Dry,Daylight,Clear,0,0,57,31,TRUE,41.90053869,-71.36201959
10009,11/23/2010,November,Tuesday,17:32,1,2,0,0,Angle,V1: Turning left / V2: Travelling straight ahead,V1: N  / V2: E,Dry,Dark - lighted roadway,Cloudy,0,0,63,49,FALSE,41.95451461,-71.24992613
10010,11/24/2010,November,Wednesday,9:47,1,1,0,0,Single vehicle crash,V1: Slowing or stopped in traffic,V1: S,Dry,Daylight,Clear,0,0,50,31,TRUE,41.95476501,-71.31098841
10011,11/24/2010,November,Wednesday,11:35,1,1,0,0,Single vehicle crash,V1: Travelling straight ahead,V1: 0,Dry,Daylight,Clear,0,0,50,31,TRUE,41.94818118,-71.27977261
10012,11/24/2010,November,Wednesday,12:16,1,2,0,0,Angle,V1: Turning left / V2: Turning left,V1: S  / V2: S,Dry,Daylight,Clear,0,0,50,31,TRUE,41.91760691,-71.31957433
10013,11/24/2010,November,Wednesday,16:17,2,2,1,0,Rear-end,V1: Slowing or stopped in traffic / V2: Travelling straight ahead,V1: S  / V2: S,Dry,Dusk,Clear,0,0,50,31,TRUE,41.97015292,-71.29135147
10014,11/24/2010,November,Wednesday,17:12,2,2,1,0,Rear-end,V1: Travelling straight ahead / V2: Slowing or stopped in traffic,V1: S  / V2: S,Dry,Dark - lighted roadway,Clear,0,0,50,31,TRUE,41.91982212,-71.35857678
10015,11/25/2010,November,Thursday,2:40,1,2,0,0,Rear-to-rear,V1: Travelling straight ahead / V2: Slowing or stopped in traffic,V1: N  / V2: 0,Dry,Dark - lighted roadway,Clear,0,0,41,27,TRUE,41.90209319,-71.32038145
10016,11/26/2010,November,Friday,3:50,1,2,0,0,Rear-end,V1: Slowing or stopped in traffic / V2: 0,V1: N  / V2: 0,Wet,Dark - lighted roadway,Rain,0.18,0,52,26,TRUE,34.24438675,-73.6513909
10017,11/26/2010,November,Friday,7:53,1,2,0,0,Angle,V1: Overtaking/passing / V2: Turning left,V1: N  / V2: N,Wet,Daylight,Rain,0.18,0,52,26,TRUE,41.93118399,-71.26031362
10018,11/26/2010,November,Friday,12:09,1,2,0,0,Angle,V1: Turning left / V2: Slowing or stopped in traffic,V1: S  / V2: W,Dry,Daylight,Cloudy,0.18,0,52,26,TRUE,41.93623387,-71.28481203
10019,11/26/2010,November,Friday,12:41,1,2,0,0,Angle,V1: Travelling straight ahead / V2: Travelling straight ahead,V1: N  / V2: W,Dry,Daylight,Cloudy,0.18,0,52,26,TRUE,41.89863276,-71.35506105
10020,11/26/2010,November,Friday,14:53,1,1,0,0,Single vehicle crash,V1: Travelling straight ahead,V1: W,Dry,Daylight,Cloudy,0.18,0,52,26,TRUE,41.90732121,-71.36197671
10021,11/26/2010,November,Friday,19:16,1,2,0,0,"Sideswipe, same direction",V1: Parked / V2: Travelling straight ahead,V1: 0 / V2: E,Dry,Dark - lighted roadway,Clear,0.18,0,52,26,TRUE,41.93519057,-71.2942242
10022,11/26/2010,November,Friday,23:29,1,2,0,0,Angle,V1: Turning left / V2: Travelling straight ahead,V1: E  / V2: W,Dry,Dark - lighted roadway,Cloudy,0.18,0,52,26,TRUE,41.91982212,-71.35857678
10023,11/26/2010,November,Friday,23:49,1,2,0,0,Angle,V1: Making U-turn / V2: Travelling straight ahead,V1: S  / V2: S,Dry,Dark - lighted roadway,Clear,0.18,0,52,26,TRUE,41.89733197,-71.36979234
10024,11/27/2010,November,Saturday,1:35,1,3,0,0,Angle,V1: Slowing or stopped in traffic / V2: Travelling straight ahead / V3: Travelling straight ahead,V1: N  / V2: N  / V3: N,Dry,Dark - roadway not lighted,Clear,0,0,43,26,TRUE,41.90231844,-71.35595143
10025,11/27/2010,November,Saturday,11:21,1,2,0,0,Rear-end,V1: Travelling straight ahead / V2: Slowing or stopped in traffic,V1: E  / V2: E,Dry,Daylight,Clear,0,0,43,26,TRUE,41.93398416,-71.31904724
10026,11/27/2010,November,Saturday,16:39,1,1,0,0,Single vehicle crash,V1: Travelling straight ahead,V1: N,Dry,Dusk,Clear,0,0,43,26,TRUE,41.92875826,-71.30021625
10027,11/28/2010,November,Sunday,11:14,1,2,0,0,Angle,V1: Entering traffic lane / V2: Travelling straight ahead,V1: N  / V2: E,Dry,Daylight,Clear,0,0,44,25,TRUE,41.95064045,-71.27423251
10028,11/28/2010,November,Sunday,13:46,1,2,0,0,Angle,V1: Travelling straight ahead / V2: Entering traffic lane,V1: S  / V2: E,Dry,Daylight,Clear,0,0,44,25,TRUE,41.91982212,-71.35857678
10029,11/29/2010,November,Monday,12:29,1,2,0,0,Angle,V1: Travelling straight ahead / V2: Travelling straight ahead,V1: W  / V2: S,Dry,Daylight,Clear,0,0,49,21,TRUE,41.93357119,-71.30035285
10030,11/29/2010,November,Monday,17:45,2,2,3,0,Rear-end,V1: Travelling straight ahead / V2: Slowing or stopped in traffic,V1: S  / V2: S,Dry,Dark - lighted roadway,Clear,0,0,49,21,TRUE,41.94450501,-71.28411703
10031,11/29/2010,November,Monday,22:52,1,2,0,0,Rear-end,V1: Slowing or stopped in traffic / V2: Travelling straight ahead,V1: S  / V2: S,Dry,Daylight,Clear,0,0,49,21,TRUE,41.94670688,-71.27563596
10032,11/30/2010,November,Tuesday,9:38,1,2,0,0,Angle,V1: Backing / V2: Travelling straight ahead,V1: N  / V2: E,Dry,Daylight,Clear,0,0,50,26,TRUE,41.92881479,-71.28182448
10033,11/30/2010,November,Tuesday,16:45,1,1,0,0,Angle,V1: Travelling straight ahead,V1: 0,Dry,Dark - lighted roadway,Clear,0,0,50,26,TRUE,41.94757814,-71.27890389
10034,11/30/2010,November,Tuesday,17:17,1,2,0,0,Angle,V1: Travelling straight ahead / V2: Turning left,V1: S  / V2: E,Dry,Dark - lighted roadway,Clear,0,0,50,26,TRUE,41.93070818,-71.35313629