ID,DATE,Month,Day of week,Crash Time,Crash Severity,Number of Vehicles,Total Nonfatal Injuries,Total Fatal Injuries,Manner of Collision,Vehicle Action Prior to Crash,Vehicle Travel Directions,Road Surface Condition,Ambient Light,Weather Condition,PRCP,SNOW,TMAX,TMIN,Ice,Longtitute,Latitute
10035,11/30/2010,November,Tuesday,20:57,1,2,0,0,Angle,V1: Slowing or stopped in traffic / V2: Slowing or stopped in traffic,V1: W  / V2: 0,Dry,Dark - lighted roadway,Cloudy,0,0,50,26,TRUE,41.94127626,-71.29046998
10036,11/30/2010,November,Tuesday,23:41,1,1,0,0,Single vehicle crash,V1: Travelling straight ahead,V1: N,Dry,Dark - lighted roadway,Cloudy,0,0,50,26,TRUE,41.95329736,-71.30356365
10037,12/1/2010,December,Wednesday,11:26,1,2,0,0,Rear-end,V1: Backing / V2: Slowing or stopped in traffic,V1: W  / V2: E,Dry,Daylight,Cloudy,0.47,0,56,43,FALSE,41.9670489,-71.27283596
10038,12/1/2010,December,Wednesday,13:40,2,2,2,0,Angle,V1: Travelling straight ahead / V2: Turning left,V1: W  / V2: E,Wet,Daylight,Rain,0.47,0,56,43,FALSE,41.95130281,-71.27263126
10039,12/1/2010,December,Wednesday,14:17,2,3,5,0,Rear-end,V1: Slowing or stopped in traffic / V2: Slowing or stopped in traffic / V3: Travelling straight ahead,V1: N  / V2: N  / V3: N,Wet,Daylight,Rain,0.47,0,56,43,FALSE,41.92644259,-71.35554103
10040,12/1/2010,December,Wednesday,14:21,1,2,0,0,Rear-end,V1: Travelling straight ahead / V2: Travelling straight ahead,V1: N  / V2: N,Wet,Daylight,Cloudy/Rain,0.47,0,56,43,FALSE,41.91982212,-71.35857678
10041,12/1/2010,December,Wednesday,14:33,1,2,0,0,Angle,V1: Turning left / V2: Travelling straight ahead,V1: E  / V2: S,Wet,Daylight,Rain,0.47,0,56,43,FALSE,41.95180679,-71.2898592
10042,12/1/2010,December,Wednesday,15:30,1,2,0,0,Rear-end,V1: Travelling straight ahead / V2: Slowing or stopped in traffic,V1: E  / V2: E,Wet,Daylight,Cloudy/Rain,0.47,0,56,43,FALSE,34.24438675,-73.6513909
10043,12/1/2010,December,Wednesday,17:58,1,2,0,0,Rear-end,V1: Travelling straight ahead / V2: Slowing or stopped in traffic,V1: E  / V2: E,Wet,Dark - lighted roadway,Cloudy/Rain,0.47,0,56,43,FALSE,41.95287787,-71.26899686
10044,12/2/2010,December,Thursday,10:35,1,2,0,0,Angle,V1: Changing lanes / V2: Travelling straight ahead,V1: S  / V2: S,Dry,Daylight,Cloudy,0,0,48,30,TRUE,41.94472176,-71.2812504
10045,12/2/2010,December,Thursday,14:49,1,2,0,0,Rear-end,V1: Travelling straight ahead / V2: Turning left,V1: W  / V2: W,Dry,Daylight,Clear,0,0,48,30,TRUE,41.93365798,-71.32924077
10046,12/2/2010,December,Thursday,15:20,1,2,0,0,Rear-end,V1: Travelling straight ahead / V2: Slowing or stopped in traffic,V1: N  / V2: N,Dry,Daylight,Cloudy,0,0,48,30,TRUE,34.24438675,-73.6513909
10047,12/3/2010,December,Friday,17:46,1,2,0,0,"Sideswipe, same direction",V1: Travelling straight ahead / V2: Travelling straight ahead,V1: S  / V2: S,Dry,Dark - lighted roadway,Clear,0,0,41,30,TRUE,41.94928318,-71.28964082
10048,12/3/2010,December,Friday,19:06,1,2,0,0,Rear-end,V1: Travelling straight ahead / V2: Slowing or stopped in traffic,V1: E  / V2: S,Dry,Dark - lighted roadway,Clear,0,0,41,30,TRUE,41.9210362,-71.35804604
10049,12/3/2010,December,Friday,23:17,1,1,0,0,"Sideswipe, same direction",V1: Travelling straight ahead,V1: S,Dry,Dark - roadway not lighted,Clear,0,0,41,30,TRUE,41.93804592,-71.31642932
10050,12/4/2010,December,Saturday,17:24,1,2,0,0,Rear-end,V1: Backing / V2: Slowing or stopped in traffic,V1: W  / V2: E,Dry,Dark - roadway not lighted,Clear,0,0,42,27,TRUE,41.90471269,-71.36422854
10051,12/4/2010,December,Saturday,20:42,2,2,2,0,Rear-end,V1: Travelling straight ahead / V2: Slowing or stopped in traffic,V1: E  / V2: E,Dry,Dark - lighted roadway,Clear,0,0,42,27,TRUE,41.91982212,-71.35857678
10052,12/5/2010,December,Sunday,2:45,2,4,1,0,Rear-end,V1: Travelling straight ahead / V2: Travelling straight ahead / V3: Travelling straight ahead / V4: Travelling straight ahead,V1: N  / V2: N  / V3: N  / V4: N,Dry,Dark - roadway not lighted,Clear,0,0,35,23,TRUE,41.95593405,-71.30346756
10053,12/5/2010,December,Sunday,21:15,1,2,0,0,Rear-end,V1: Travelling straight ahead / V2: Slowing or stopped in traffic,V1: N  / V2: N,Dry,Dark - lighted roadway,Clear,0,0,35,23,TRUE,41.93732881,-71.28475709
10054,12/6/2010,December,Monday,4:15,2,1,1,0,Single vehicle crash,V1: Travelling straight ahead,V1: N,Dry,Dark - roadway not lighted,Clear,0,0,34,23,TRUE,41.90053869,-71.36201959
10055,12/6/2010,December,Monday,13:03,1,2,0,0,"Sideswipe, opposite direction",V1: Travelling straight ahead / V2: Turning left,V1: S  / V2: W,Dry,Daylight,Clear,0,0,34,23,TRUE,41.90998013,-71.35802082
10056,12/6/2010,December,Monday,13:07,1,2,0,0,Rear-end,V1: Travelling straight ahead / V2: Travelling straight ahead,V1: S  / V2: S,Dry,Daylight,Clear,0,0,34,23,TRUE,41.94274018,-71.28432859
10057,12/6/2010,December,Monday,15:32,1,2,0,0,Rear-end,V1: Slowing or stopped in traffic / V2: Slowing or stopped in traffic,V1: S  / V2: S,Dry,Daylight,Clear,0,0,34,23,TRUE,41.90583648,-71.35680335
10058,12/7/2010,December,Tuesday,6:45,1,5,0,0,Rear-end,V1: Travelling straight ahead / V2: Travelling straight ahead / V3: Changing lanes / V4: Travelling straight ahead / V5: Travelling straight ahead,V1: N  / V2: N  / V3: N  / V4: N  / V5: N,Dry,Daylight,Clear,0,0,37,25,TRUE,41.89835459,-71.36941126
10059,12/7/2010,December,Tuesday,14:38,1,2,0,0,Rear-end,V1: Travelling straight ahead / V2: Travelling straight ahead,V1: N  / V2: N,Dry,Daylight,Clear,0,0,37,25,TRUE,41.93095021,-71.35302857
10060,12/7/2010,December,Tuesday,16:54,1,2,0,0,Angle,V1: Entering traffic lane / V2: Travelling straight ahead,V1: E  / V2: N,Dry,Dark - lighted roadway,Cloudy,0,0,37,25,TRUE,41.94695626,-71.28766111
10061,12/7/2010,December,Tuesday,20:17,1,1,0,0,Single vehicle crash,V1: Travelling straight ahead,V1: N,Dry,Dark - lighted roadway,Clear,0,0,37,25,TRUE,41.91439678,-71.23428684
10062,12/7/2010,December,Tuesday,22:36,1,1,0,0,Single vehicle crash,V1: Travelling straight ahead,V1: N,Dry,Dark - lighted roadway,Clear,0,0,37,25,TRUE,41.91928983,-71.26430379
10063,12/8/2010,December,Wednesday,6:33,1,2,0,0,Rear-end,V1: Travelling straight ahead / V2: Slowing or stopped in traffic,V1: W  / V2: W,Dry,Daylight,Clear,0,0,33,21,TRUE,41.9341021,-71.30369928
10064,12/8/2010,December,Wednesday,12:49,2,2,1,0,Angle,V1: Turning left / V2: Travelling straight ahead,V1: W  / V2: N,Dry,Daylight,Clear,0,0,33,21,TRUE,41.89733197,-71.36979234
10065,12/8/2010,December,Wednesday,13:09,1,2,0,0,Angle,V1: Travelling straight ahead / V2: Travelling straight ahead,V1: N  / V2: W,0,Daylight,Clear,0,0,33,21,TRUE,41.9404815,-71.28139686
10066,12/8/2010,December,Wednesday,14:07,1,2,0,0,Angle,V1: Travelling straight ahead / V2: Travelling straight ahead,V1: S  / V2: E,Dry,Daylight,Clear,0,0,33,21,TRUE,41.94121777,-71.2768631
10067,12/8/2010,December,Wednesday,17:07,1,2,0,0,Rear-end,V1: Travelling straight ahead / V2: Slowing or stopped in traffic,V1: N  / V2: N,Dry,Dark - roadway not lighted,Clear,0,0,33,21,TRUE,41.91649569,-71.30362942
10068,12/8/2010,December,Wednesday,17:30,2,2,2,0,Rear-end,V1: Other / V2: Slowing or stopped in traffic,V1: N  / V2: N,Dry,Dark - lighted roadway,Clear,0,0,33,21,TRUE,41.9210362,-71.35804604
10069,12/8/2010,December,Wednesday,19:02,1,2,0,0,"Sideswipe, opposite direction",V1: Turning left / V2: Turning right,V1: S  / V2: N,Dry,Dark - lighted roadway,Clear,0,0,33,21,TRUE,41.93947683,-71.28464542
10070,12/9/2010,December,Thursday,11:00,1,2,0,0,Angle,V1: Turning right / V2: Travelling straight ahead,V1: S  / V2: S,Dry,Daylight,Clear,0,0,30,14,TRUE,41.91982212,-71.35857678
10071,12/10/2010,December,Friday,14:26,2,2,3,0,"Sideswipe, same direction",V1: Other / V2: Travelling straight ahead,V1: W  / V2: W,Dry,Daylight,Clear,0,0,28,7,TRUE,41.93358571,-71.32352844
10072,12/11/2010,December,Saturday,1:35,1,1,0,0,Single vehicle crash,V1: Travelling straight ahead,V1: N,Dry,Dark - lighted roadway,Clear,0,0,47,25,TRUE,41.90231844,-71.35595143
10073,12/11/2010,December,Saturday,7:05,1,1,0,0,Single vehicle crash,V1: Travelling straight ahead,V1: W,Ice,Dawn,Cloudy,0,0,47,25,TRUE,34.24438675,-73.6513909
10074,12/11/2010,December,Saturday,14:42,1,2,0,0,Rear-end,V1: Travelling straight ahead / V2: Slowing or stopped in traffic,V1: S  / V2: S,Dry,Daylight,Clear,0,0,47,25,TRUE,41.93386542,-71.30225536
10075,12/11/2010,December,Saturday,22:01,1,2,0,0,Angle,V1: Turning left / V2: Travelling straight ahead,V1: S  / V2: N,Dry,Dark - lighted roadway,Clear,0,0,47,25,TRUE,41.90086769,-71.36799095
10076,12/12/2010,December,Sunday,6:55,1,1,0,0,Single vehicle crash,V1: Travelling straight ahead,V1: E,Ice,Daylight,Cloudy/Rain,1.35,0,55,22,TRUE,41.95280552,-71.29400877
10077,12/12/2010,December,Sunday,7:01,2,1,1,0,Single vehicle crash,V1: Turning right,V1: N,Dry,Daylight,Cloudy/Rain,1.35,0,55,22,TRUE,41.93525581,-71.27772654
10078,12/12/2010,December,Sunday,8:03,1,2,0,0,Head-on,V1: Turning left / V2: Slowing or stopped in traffic,V1: E  / V2: W,Dry,Daylight,Clear,1.35,0,55,22,TRUE,41.91482581,-71.36088324
10079,12/12/2010,December,Sunday,15:36,1,2,0,0,Rear-end,V1: Slowing or stopped in traffic / V2: Travelling straight ahead,V1: N  / V2: N,Wet,Dark - lighted roadway,Rain,1.35,0,55,22,TRUE,41.90998013,-71.35802082
10080,12/12/2010,December,Sunday,16:40,1,2,0,0,Angle,V1: Entering traffic lane / V2: Travelling straight ahead,V1: E  / V2: S,Wet,Dark - lighted roadway,Cloudy/Rain,1.35,0,55,22,TRUE,41.89903243,-71.355186
10081,12/12/2010,December,Sunday,16:56,1,2,0,0,Rear-end,V1: Entering traffic lane / V2: Slowing or stopped in traffic,V1: N  / V2: N,Wet,Dark - roadway not lighted,Rain,1.35,0,55,22,TRUE,41.90231125,-71.35597671
10082,12/12/2010,December,Sunday,23:23,1,1,0,0,Single vehicle crash,V1: Travelling straight ahead,V1: S,Wet,Dark - lighted roadway,Rain,1.35,0,55,22,TRUE,41.89861001,-71.36943215
10083,12/13/2010,December,Monday,12:21,1,2,0,0,Angle,V1: Turning left / V2: Travelling straight ahead,V1: E  / V2: W,Wet,Daylight,Rain,0.28,0,57,34,FALSE,41.94701106,-71.2760815
10084,12/13/2010,December,Monday,13:17,2,1,1,0,Single vehicle crash,V1: Travelling straight ahead,V1: S,Dry,Daylight,Clear,0.28,0,57,34,FALSE,41.91952706,-71.29900673
10085,12/13/2010,December,Monday,14:10,2,2,1,0,Rear-end,V1: Slowing or stopped in traffic / V2: Slowing or stopped in traffic,V1: E  / V2: E,Wet,Daylight,Rain,0.28,0,57,34,FALSE,41.95287787,-71.26899686
10086,12/13/2010,December,Monday,17:30,2,2,1,0,Rear-end,V1: Travelling straight ahead / V2: Slowing or stopped in traffic,V1: 0 / V2: 0,Dry,Dark - lighted roadway,Clear,0.28,0,57,34,FALSE,41.94803744,-71.28855696
10087,12/14/2010,December,Tuesday,10:31,1,2,0,0,Angle,V1: Travelling straight ahead / V2: Turning left,V1: N  / V2: W,Dry,Daylight,Clear,0,0,34,19,TRUE,41.91902322,-71.35778764
10088,12/14/2010,December,Tuesday,15:30,1,1,0,0,Single vehicle crash,V1: Backing,V1: N,Dry,Daylight,Clear,0,0,34,19,TRUE,41.90079802,-71.34806874
10089,12/14/2010,December,Tuesday,16:30,1,2,0,0,Rear-end,V1: Slowing or stopped in traffic / V2: Travelling straight ahead,V1: N  / V2: N,Dry,Dark - lighted roadway,Cloudy,0,0,34,19,TRUE,41.90241817,-71.35561188
10090,12/15/2010,December,Wednesday,7:31,1,2,0,0,Angle,V1: Travelling straight ahead / V2: Travelling straight ahead,V1: W  / V2: N,Dry,Daylight,Clear,0,0,26,16,TRUE,41.9076497,-71.36453092
10091,12/15/2010,December,Wednesday,20:15,1,2,0,0,Rear-end,V1: Travelling straight ahead / V2: Travelling straight ahead,V1: S  / V2: S,0,Dark - lighted roadway,Clear,0,0,26,16,TRUE,41.92512913,-71.35626524
10092,12/16/2010,December,Thursday,12:47,1,3,0,0,Rear-end,V1: Travelling straight ahead / V2: Slowing or stopped in traffic / V3: Slowing or stopped in traffic,V1: E  / V2: E  / V3: E,Dry,Daylight,Clear,0,0,34,16,TRUE,41.95312956,-71.26820548
10093,12/16/2010,December,Thursday,18:53,1,1,0,0,Head-on,V1: Turning left,V1: S,Dry,Dark - lighted roadway,Cloudy,0,0,34,16,TRUE,41.91982212,-71.35857678
10094,12/17/2010,December,Friday,12:06,1,2,0,0,Rear-end,V1: Entering traffic lane / V2: Entering traffic lane,V1: 0 / V2: N,Dry,Daylight,Clear,0,0,37,11,TRUE,34.24438675,-73.6513909
10095,12/17/2010,December,Friday,15:45,1,2,0,0,Rear-end,V1: Travelling straight ahead / V2: Travelling straight ahead,V1: W  / V2: W,Dry,Daylight,Clear,0,0,37,11,TRUE,41.93357119,-71.30035285
10096,12/17/2010,December,Friday,15:47,1,2,0,0,Rear-end,V1: Travelling straight ahead / V2: Turning left,V1: S  / V2: S,Dry,Daylight,Clear,0,0,37,11,TRUE,41.92446027,-71.28906707
10097,12/17/2010,December,Friday,20:46,1,2,0,0,Angle,V1: Backing / V2: Travelling straight ahead,V1: W  / V2: N,Dry,Dark - lighted roadway,Clear,0,0,37,11,TRUE,41.93224434,-71.29384739
10098,12/18/2010,December,Saturday,9:03,1,1,0,0,Single vehicle crash,V1: Other,V1: N,Dry,Daylight,Cloudy,0,0,40,15,TRUE,41.95518928,-71.30389339
10099,12/18/2010,December,Saturday,10:41,1,2,0,0,Angle,V1: Entering traffic lane / V2: Turning left,V1: E  / V2: W,Dry,Daylight,Clear,0,0,40,15,TRUE,41.94217059,-71.28456247
10100,12/18/2010,December,Saturday,13:31,1,2,0,0,Angle,V1: Turning left / V2: Travelling straight ahead,V1: S  / V2: N,Dry,Daylight,Clear,0,0,40,15,TRUE,41.96363909,-71.30084509
10101,12/18/2010,December,Saturday,17:13,2,2,3,0,Angle,V1: Entering traffic lane / V2: Travelling straight ahead,V1: N  / V2: S,Dry,Dark - 0 roadway lighting,Clear,0,0,40,15,TRUE,41.91325585,-71.3590575
10102,12/19/2010,December,Sunday,12:17,1,2,0,0,Angle,V1: Turning left / V2: Travelling straight ahead,V1: W  / V2: N,Dry,Daylight,Clear,0,0,36,17,TRUE,41.91653724,-71.36001753
10103,12/19/2010,December,Sunday,17:31,1,2,0,0,Rear-end,V1: Travelling straight ahead / V2: Slowing or stopped in traffic,V1: S  / V2: S,Dry,Dark - lighted roadway,Cloudy,0,0,36,17,TRUE,41.93096865,-71.35302037
10104,12/20/2010,December,Monday,15:06,1,2,0,0,Angle,V1: Turning right / V2: Slowing or stopped in traffic,V1: E  / V2: N,Snow,Daylight,Snow,0.13,1.8,32,24,TRUE,41.95354482,-71.26647994
10105,12/20/2010,December,Monday,15:26,1,2,0,0,Angle,V1: Entering traffic lane / V2: Travelling straight ahead,V1: S  / V2: N,Dry,Daylight,Cloudy,0.13,1.8,32,24,TRUE,41.94799617,-71.27838738
10106,12/20/2010,December,Monday,15:30,1,2,0,0,Angle,V1: Travelling straight ahead / V2: Turning left,V1: W  / V2: E,Wet,Daylight,Snow,0.13,1.8,32,24,TRUE,41.95234013,-71.29601132
10107,12/20/2010,December,Monday,22:56,1,2,0,0,"Sideswipe, same direction",V1: Travelling straight ahead / V2: Travelling straight ahead,V1: N  / V2: N,Snow,Dark - roadway not lighted,Snow,0.13,1.8,32,24,TRUE,41.90231844,-71.35595143
10108,12/21/2010,December,Tuesday,15:29,2,2,1,0,Angle,V1: Travelling straight ahead / V2: Travelling straight ahead,V1: W  / V2: S,Wet,Daylight,Cloudy,0.02,0.2,41,24,TRUE,41.94121777,-71.2768631
10109,12/21/2010,December,Tuesday,17:50,1,2,0,0,Rear-end,V1: Travelling straight ahead / V2: Travelling straight ahead,V1: N  / V2: N,Dry,Dark - lighted roadway,Cloudy,0.02,0.2,41,24,TRUE,34.24438675,-73.6513909
10110,12/21/2010,December,Tuesday,18:00,1,2,0,0,Rear-end,V1: Slowing or stopped in traffic / V2: Slowing or stopped in traffic,V1: N  / V2: N,0,Dark - lighted roadway,Clear,0.02,0.2,41,24,TRUE,41.93821188,-71.25002331
10111,12/21/2010,December,Tuesday,23:24,1,2,0,0,Rear-end,V1: Travelling straight ahead / V2: Travelling straight ahead,V1: S  / V2: S,Dry,Dark - roadway not lighted,Clear,0.02,0.2,41,24,TRUE,41.92927403,-71.32377045
10112,12/22/2010,December,Wednesday,6:26,2,2,2,0,Angle,V1: Turning left / V2: Travelling straight ahead,V1: E  / V2: W,Dry,Dawn,Cloudy,0.12,2.8,39,29,TRUE,41.96939377,-71.29355357
10113,12/22/2010,December,Wednesday,13:05,1,2,0,0,Rear-end,V1: Travelling straight ahead / V2: Travelling straight ahead,V1: N  / V2: N,"Sand, mud, dirt, oil, gravel",Daylight,Cloudy,0.12,2.8,39,29,TRUE,41.89838665,-71.3692541
10114,12/22/2010,December,Wednesday,15:40,1,2,0,0,Rear-end,V1: Travelling straight ahead / V2: Slowing or stopped in traffic,V1: S  / V2: S,Wet,Daylight,Snow,0.12,2.8,39,29,TRUE,34.24438675,-73.6513909
10115,12/22/2010,December,Wednesday,16:15,1,2,0,0,Angle,V1: Making U-turn / V2: Travelling straight ahead,V1: N  / V2: S,Wet,Daylight,Snow,0.12,2.8,39,29,TRUE,41.8991352,-71.35508813
10116,12/22/2010,December,Wednesday,21:00,1,1,0,0,Single vehicle crash,V1: Travelling straight ahead,V1: E,"Sand, mud, dirt, oil, gravel",Dark - lighted roadway,Snow,0.12,2.8,39,29,TRUE,41.93599743,-71.32960245
10117,12/22/2010,December,Wednesday,21:01,1,2,0,0,"Sideswipe, same direction",V1: Changing lanes / V2: Travelling straight ahead,V1: S  / V2: S,Wet,Dark - lighted roadway,Snow,0.12,2.8,39,29,TRUE,41.92508738,-71.35628348
10118,12/22/2010,December,Wednesday,23:39,1,2,0,0,Angle,V1: Travelling straight ahead / V2: Turning right,V1: S  / V2: S,Wet,Dark - lighted roadway,Snow,0.12,2.8,39,29,TRUE,41.92351491,-71.35698204
10119,12/23/2010,December,Thursday,4:38,1,1,0,0,Head-on,V1: Travelling straight ahead,V1: S,Wet,Dark - lighted roadway,Snow,0.13,0.9,38,29,TRUE,41.89804027,-71.37674712
10120,12/23/2010,December,Thursday,6:59,1,3,0,0,Rear-end,V1: Slowing or stopped in traffic / V2: Slowing or stopped in traffic / V3: Slowing or stopped in traffic,V1: W  / V2: W  / V3: W,Snow,Daylight,Snow,0.13,0.9,38,29,TRUE,41.95484304,-71.28856385
10121,12/23/2010,December,Thursday,9:40,2,2,1,0,Angle,V1: Travelling straight ahead / V2: Travelling straight ahead,V1: E  / V2: S,Dry,Daylight,Clear,0.13,0.9,38,29,TRUE,41.93808003,-71.27597724
10122,12/23/2010,December,Thursday,11:49,1,2,0,0,Rear-end,V1: Travelling straight ahead / V2: 0,V1: S  / V2: S,Dry,Daylight,Cloudy,0.13,0.9,38,29,TRUE,41.95410074,-71.26056496
10123,12/23/2010,December,Thursday,13:23,1,2,0,0,Angle,V1: Turning left / V2: Travelling straight ahead,V1: W  / V2: N,Dry,Daylight,Clear,0.13,0.9,38,29,TRUE,41.91194929,-71.36233897
10124,12/23/2010,December,Thursday,13:36,1,2,0,0,Angle,V1: Travelling straight ahead / V2: Travelling straight ahead,V1: N  / V2: N,Wet,Daylight,Cloudy,0.13,0.9,38,29,TRUE,41.89733197,-71.36979234
10125,12/23/2010,December,Thursday,15:20,1,2,0,0,Angle,V1: Travelling straight ahead / V2: 0,V1: S  / V2: E,Dry,Daylight,Cloudy,0.13,0.9,38,29,TRUE,41.92351491,-71.35698204
10126,12/23/2010,December,Thursday,16:01,2,2,1,0,Rear-end,V1: Slowing or stopped in traffic / V2: Slowing or stopped in traffic,V1: N  / V2: N,Dry,Daylight,Cloudy,0.13,0.9,38,29,TRUE,41.90217475,-71.35579772
10127,12/23/2010,December,Thursday,17:13,2,2,1,0,"Sideswipe, same direction",V1: Travelling straight ahead / V2: Turning left,V1: N  / V2: W,Ice,Dark - lighted roadway,Cloudy,0.13,0.9,38,29,TRUE,41.95640623,-71.28800655
10128,12/23/2010,December,Thursday,17:56,1,2,0,0,Angle,V1: Travelling straight ahead / V2: Travelling straight ahead,V1: 0 / V2: 0,Dry,Dark - lighted roadway,Clear,0.13,0.9,38,29,TRUE,41.94104078,-71.29346158
10129,12/23/2010,December,Thursday,19:27,1,2,0,0,Rear-end,V1: Slowing or stopped in traffic / V2: Travelling straight ahead,V1: S  / V2: S,Dry,Dark - lighted roadway,Cloudy,0.13,0.9,38,29,TRUE,41.94234382,-71.27289652
10130,12/23/2010,December,Thursday,20:37,1,2,0,0,"Sideswipe, same direction",V1: Changing lanes / V2: Travelling straight ahead,V1: S  / V2: S,Snow,Daylight,Snow,0.13,0.9,38,29,TRUE,34.24438675,-73.6513909
10131,12/24/2010,December,Friday,14:26,1,1,0,0,Single vehicle crash,V1: Travelling straight ahead,V1: E,Dry,Daylight,Clear,0,0,39,24,TRUE,41.90833986,-71.37122031
10132,12/24/2010,December,Friday,15:25,1,2,0,0,Angle,V1: Turning right / V2: Travelling straight ahead,V1: S  / V2: W,Dry,Daylight,Cloudy,0,0,39,24,TRUE,41.91723587,-71.37241026
10133,12/24/2010,December,Friday,16:49,1,2,0,0,Rear-end,V1: Travelling straight ahead / V2: Travelling straight ahead,V1: S  / V2: S,Dry,Daylight,Clear,0,0,39,24,TRUE,41.89593486,-71.37051583
10134,12/24/2010,December,Friday,17:00,2,2,1,0,Rear-end,V1: Slowing or stopped in traffic / V2: Travelling straight ahead,V1: E  / V2: E,Dry,Dark - lighted roadway,Clear,0,0,39,24,TRUE,34.24438675,-73.6513909
10135,12/26/2010,December,Sunday,12:54,2,1,1,0,Single vehicle crash,V1: Travelling straight ahead,V1: N,Snow,Daylight,Snow,1.1,10.5,32,24,TRUE,41.92753918,-71.22353051
10136,12/26/2010,December,Sunday,13:47,1,2,0,0,Angle,V1: Turning left / V2: Turning right,V1: E  / V2: S,Snow,Daylight,Snow,1.1,10.5,32,24,TRUE,41.93150481,-71.33366365
10137,12/26/2010,December,Sunday,14:42,1,1,0,0,Single vehicle crash,V1: Travelling straight ahead,V1: S,Snow,Daylight,Snow,1.1,10.5,32,24,TRUE,41.92610358,-71.30765632
10138,12/26/2010,December,Sunday,15:30,1,2,0,0,Angle,V1: Travelling straight ahead / V2: Entering traffic lane,V1: N  / V2: E,Snow,Daylight,Snow,1.1,10.5,32,24,TRUE,41.90009716,-71.37718127
10139,12/26/2010,December,Sunday,16:54,1,1,0,0,Single vehicle crash,V1: Travelling straight ahead,V1: 0,Snow,Dark - lighted roadway,Snow,1.1,10.5,32,24,TRUE,41.93700062,-71.24937292
10140,12/26/2010,December,Sunday,19:45,1,2,0,0,Rear-end,V1: Travelling straight ahead / V2: Slowing or stopped in traffic,V1: N  / V2: N,Snow,Dark - lighted roadway,Snow,1.1,10.5,32,24,TRUE,41.96021054,-71.28783809
10141,12/27/2010,December,Monday,9:37,1,2,0,0,Angle,V1: Slowing or stopped in traffic / V2: Turning left,V1: S  / V2: N,Snow,Daylight,Snow,0.84,7,31,16,TRUE,41.92508738,-71.35628348
10142,12/27/2010,December,Monday,13:58,1,2,0,0,Angle,V1: Travelling straight ahead / V2: Parked,V1: N  / V2: N,Ice,Daylight,Cloudy,0.84,7,31,16,TRUE,41.90231844,-71.35595143
10143,12/27/2010,December,Monday,15:31,2,1,1,0,Single vehicle crash,V1: Travelling straight ahead,V1: N,Slush,Daylight,Snow,0.84,7,31,16,TRUE,41.95593405,-71.30346756
10144,12/27/2010,December,Monday,15:42,1,2,0,0,Rear-end,V1: Travelling straight ahead / V2: Travelling straight ahead,V1: W  / V2: W,Snow,Daylight,Snow,0.84,7,31,16,TRUE,41.93397921,-71.30659863
10145,12/27/2010,December,Monday,16:28,1,2,0,0,Angle,V1: Travelling straight ahead / V2: 0,V1: W  / V2: S,Snow,Daylight,Clear,0.84,7,31,16,TRUE,41.93830895,-71.28203041
10146,12/27/2010,December,Monday,21:14,0,2,0,0,"Sideswipe, opposite direction",V1: Travelling straight ahead / V2: Travelling straight ahead,V1: N  / V2: S,Snow,Dark - lighted roadway,Snow,0.84,7,31,16,TRUE,41.89958085,-71.35626667
10147,12/29/2010,December,Wednesday,6:25,2,2,1,0,"Sideswipe, same direction",V1: Travelling straight ahead / V2: Travelling straight ahead,V1: N  / V2: N,Wet,Dawn,Cloudy/Rain,0,0,38,19,TRUE,41.89838665,-71.3692541
10148,12/29/2010,December,Wednesday,6:47,1,2,0,0,Angle,V1: Travelling straight ahead / V2: Travelling straight ahead,V1: S  / V2: E,Ice,Daylight,Clear,0,0,38,19,TRUE,41.95130281,-71.27263126
10149,12/29/2010,December,Wednesday,19:01,1,2,0,0,Rear-end,V1: Slowing or stopped in traffic / V2: Travelling straight ahead,V1: E  / V2: E,Dry,Dark - lighted roadway,Clear,0,0,38,19,TRUE,41.9340896,-71.29983557
10150,12/30/2010,December,Thursday,18:15,1,2,0,0,"Sideswipe, same direction",V1: Turning right / V2: Travelling straight ahead,V1: N  / V2: N,Dry,Dark - roadway not lighted,Clear,0,0,42,12,TRUE,41.95593405,-71.30346756
10151,12/31/2010,December,Friday,11:23,1,2,0,0,Rear-end,V1: Slowing or stopped in traffic / V2: Travelling straight ahead,V1: N  / V2: N,Dry,Daylight,Clear,0,0,49,20,TRUE,41.92508738,-71.35628348
10152,12/31/2010,December,Friday,11:40,2,3,1,0,Rear-end,V1: Slowing or stopped in traffic / V2: Slowing or stopped in traffic / V3: Travelling straight ahead,V1: N  / V2: N  / V3: N,Dry,Daylight,Clear,0,0,49,20,TRUE,41.92508738,-71.35628348
10153,12/31/2010,December,Friday,17:41,2,2,2,0,Angle,V1: Travelling straight ahead / V2: 0,V1: N  / V2: E,Wet,Dark - lighted roadway,Clear,0,0,49,20,TRUE,41.93524005,-71.27513601