ID,DATE,Month,Day of week,Crash Time,Crash Severity,Number of Vehicles,Total Nonfatal Injuries,Total Fatal Injuries,Manner of Collision,Vehicle Action Prior to Crash,Vehicle Travel Directions,Road Surface Condition,Ambient Light,Weather Condition,PRCP,SNOW,TMAX,TMIN,Ice,Longtitute,Latitute
10154,1/1/2011,January,Saturday,9:08,1,2,0,0,Angle,V1: Backing / V2: Parked,V1: E  / V2: 0,Dry,Daylight,Clear,0,0,57,30,TRUE,41.90000015,-71.37320288
10155,1/1/2011,January,Saturday,13:12,1,2,0,0,Rear-end,V1: Slowing or stopped in traffic / V2: Travelling straight ahead,V1: N  / V2: N,Dry,Daylight,Clear,0,0,57,30,TRUE,41.92619805,-71.35570778
10156,1/1/2011,January,Saturday,17:06,1,3,0,0,Rear-end,V1: Slowing or stopped in traffic / V2: Slowing or stopped in traffic / V3: Slowing or stopped in traffic,V1: S  / V2: S  / V3: S,Dry,Dark - lighted roadway,Clear,0,0,57,30,TRUE,41.92163421,-71.35778991
10157,1/2/2011,January,Sunday,15:09,2,2,1,0,Angle,V1: Entering traffic lane / V2: Travelling straight ahead,V1: S  / V2: W,Wet,Daylight,Cloudy,0.19,0,48,35,FALSE,41.93808003,-71.27597724
10158,1/2/2011,January,Sunday,19:36,2,2,2,0,Rear-end,V1: Travelling straight ahead / V2: Turning left,V1: E  / V2: E,Wet,Dark - lighted roadway,Fog,0.19,0,48,35,FALSE,41.92387717,-71.35158914
10159,1/3/2011,January,Monday,6:09,1,2,0,0,"Sideswipe, same direction",V1: Overtaking/passing / V2: Turning right,V1: N  / V2: E,Dry,Dark - lighted roadway,Clear,0,0,36,22,TRUE,41.93503657,-71.2848971
10160,1/3/2011,January,Monday,14:07,1,2,0,0,Rear-end,V1: Travelling straight ahead / V2: Slowing or stopped in traffic,V1: E  / V2: E,Dry,Daylight,Clear,0,0,36,22,TRUE,41.94079913,-71.29537217
10161,1/3/2011,January,Monday,15:26,1,2,0,0,Angle,V1: Travelling straight ahead / V2: Turning left,V1: N  / V2: W,Dry,Daylight,Clear,0,0,36,22,TRUE,41.95263042,-71.2895305
10162,1/4/2011,January,Tuesday,7:31,1,2,0,0,Angle,V1: Making U-turn / V2: Travelling straight ahead,V1: W  / V2: W,Dry,Daylight,Clear,0,0,40,19,TRUE,34.24438675,-73.6513909
10163,1/4/2011,January,Tuesday,16:40,1,2,0,0,Angle,V1: Turning left / V2: Turning left,V1: E  / V2: W,Dry,Dusk,Clear,0,0,40,19,TRUE,41.89618753,-71.37039513
10164,1/5/2011,January,Wednesday,2:11,1,2,0,0,Angle,V1: Travelling straight ahead / V2: Travelling straight ahead,V1: W  / V2: S,Dry,Daylight,Clear,0,0,40,19,TRUE,41.92014284,-71.35719783
10165,1/5/2011,January,Wednesday,8:39,1,2,0,0,Angle,V1: Travelling straight ahead / V2: Travelling straight ahead,V1: W  / V2: E,Dry,Dark - lighted roadway,Clear,0,0,40,19,TRUE,34.24438675,-73.6513909
10166,1/5/2011,January,Wednesday,16:40,2,4,1,0,Rear-end,V1: Slowing or stopped in traffic / V2: Slowing or stopped in traffic / V3: Slowing or stopped in traffic / V4: Travelling straight ahead,V1: S  / V2: S  / V3: S  / V4: S,Dry,Dark - roadway not lighted,Clear,0,0,40,19,TRUE,41.96019116,-71.30118086
10167,1/6/2011,January,Thursday,9:32,1,2,0,0,Angle,V1: Parked / V2: Backing,V1: 0 / V2: 0,Dry,Daylight,Clear,0,0,33,13,TRUE,41.94621733,-71.28699269
10168,1/6/2011,January,Thursday,13:53,1,3,0,0,Rear-end,V1: Slowing or stopped in traffic / V2: Slowing or stopped in traffic / V3: Slowing or stopped in traffic,V1: N  / V2: N  / V3: N,Dry,Daylight,Clear,0,0,33,13,TRUE,41.94455607,-71.28030443
10169,1/6/2011,January,Thursday,14:38,1,3,0,0,Rear-end,V1: Slowing or stopped in traffic / V2: Slowing or stopped in traffic / V3: Slowing or stopped in traffic,V1: E  / V2: E  / V3: E,Dry,Daylight,Clear,0,0,33,13,TRUE,41.96939377,-71.29355357
10170,1/6/2011,January,Thursday,19:44,2,2,3,0,Rear-end,V1: Travelling straight ahead / V2: Slowing or stopped in traffic,V1: E  / V2: E,Dry,Dark - lighted roadway,Clear,0,0,33,13,TRUE,41.90390829,-71.37412402
10171,1/7/2011,January,Friday,14:34,1,2,0,0,Angle,V1: Travelling straight ahead / V2: Turning left,V1: S  / V2: N,Dry,Daylight,Clear,0,0,36,13,TRUE,41.90086769,-71.36799095
10172,1/7/2011,January,Friday,18:13,1,2,0,0,Rear-end,V1: Travelling straight ahead / V2: Slowing or stopped in traffic,V1: S  / V2: S,Dry,Dark - lighted roadway,Cloudy,0,0,36,13,TRUE,41.97015292,-71.29135147
10173,1/8/2011,January,Saturday,1:29,1,2,0,0,Angle,V1: Turning left / V2: Parked,V1: W  / V2: 0,Dry,Dark - lighted roadway,Cloudy,0.13,1.7,33,25,TRUE,41.95435465,-71.2551507
10174,1/8/2011,January,Saturday,5:11,2,2,1,0,Rear-end,V1: Travelling straight ahead / V2: Travelling straight ahead,V1: E  / V2: E,Wet,Dark - roadway not lighted,Cloudy/Rain,0.13,1.7,33,25,TRUE,41.96939377,-71.29355357
10175,1/8/2011,January,Saturday,7:26,1,2,0,0,"Sideswipe, same direction",V1: Travelling straight ahead / V2: Travelling straight ahead,V1: N  / V2: N,Snow,Daylight,Snow,0.13,1.7,33,25,TRUE,41.92886018,-71.3230987
10176,1/8/2011,January,Saturday,8:40,1,1,0,0,Single vehicle crash,V1: Travelling straight ahead,V1: N,Snow,Daylight,Snow,0.13,1.7,33,25,TRUE,41.92886018,-71.3230987
10177,1/8/2011,January,Saturday,9:05,1,1,0,0,Single vehicle crash,V1: Travelling straight ahead,V1: S,Snow,Daylight,Snow,0.13,1.7,33,25,TRUE,41.96019116,-71.30118086
10178,1/10/2011,January,Monday,5:52,1,2,0,0,Rear-end,V1: Backing / V2: Parked,V1: W  / V2: E,Snow,Dark - lighted roadway,Cloudy,0,0,35,20,TRUE,41.91133328,-71.38019828
10179,1/10/2011,January,Monday,18:08,1,2,0,0,"Sideswipe, opposite direction",V1: Travelling straight ahead / V2: 0,V1: N  / V2: 0,Dry,Dark - lighted roadway,Clear,0,0,35,20,TRUE,41.91592656,-71.35891619
10180,1/11/2011,January,Tuesday,15:04,1,3,0,0,Rear-end,V1: Slowing or stopped in traffic / V2: Slowing or stopped in traffic / V3: Slowing or stopped in traffic,V1: N  / V2: N  / V3: N,Wet,Daylight,Cloudy,0,0,33,14,TRUE,41.93095021,-71.35302857
10181,1/11/2011,January,Tuesday,15:19,1,2,0,0,Angle,V1: Travelling straight ahead / V2: Turning left,V1: S  / V2: W,Dry,Daylight,Cloudy,0,0,33,14,TRUE,41.93742983,-71.26519759
10182,1/11/2011,January,Tuesday,16:06,1,2,0,0,Rear-end,V1: Slowing or stopped in traffic / V2: Slowing or stopped in traffic,V1: E  / V2: E,Dry,Dusk,Clear,0,0,33,14,TRUE,41.90881902,-71.33856754
10183,1/12/2011,January,Wednesday,13:05,1,2,0,0,Angle,V1: 0 / V2: 0,V1: 0 / V2: N,Snow,Dark - lighted roadway,Snow,1.63,13.9,33,25,TRUE,41.96610443,-71.29838793
10184,1/12/2011,January,Wednesday,23:46,1,2,0,0,Angle,V1: Travelling straight ahead / V2: Travelling straight ahead,V1: E  / V2: N,Snow,Dark - lighted roadway,Cloudy,1.63,13.9,33,25,TRUE,41.95428602,-71.28497548
10185,1/13/2011,January,Thursday,12:07,1,2,0,0,Rear-end,V1: Slowing or stopped in traffic / V2: Slowing or stopped in traffic,V1: 0 / V2: S,Dry,Daylight,Clear,0,0,32,15,TRUE,41.9170943,-71.35975551
10186,1/14/2011,January,Friday,7:56,1,2,0,0,Rear-end,V1: Slowing or stopped in traffic / V2: Slowing or stopped in traffic,V1: E  / V2: E,Ice,Daylight,Cloudy,0,0,27,10,TRUE,41.92508738,-71.35628348
10187,1/15/2011,January,Saturday,12:27,2,3,1,0,Rear-end,V1: Travelling straight ahead / V2: Slowing or stopped in traffic / V3: Slowing or stopped in traffic,V1: N  / V2: N  / V3: N,Wet,Daylight,Clear,0,0.1,33,3,TRUE,41.91463957,-71.35904891
10188,1/15/2011,January,Saturday,17:49,1,2,0,0,Angle,V1: Entering traffic lane / V2: Travelling straight ahead,V1: E  / V2: S,Wet,Dark - lighted roadway,Cloudy/Rain,0,0.1,33,3,TRUE,41.93458273,-71.29922214
10189,1/16/2011,January,Sunday,21:24,1,1,0,0,Single vehicle crash,V1: Travelling straight ahead,V1: 0,Snow,Dark - lighted roadway,Clear,0,0,35,17,TRUE,41.9512159,-71.27620673
10190,1/17/2011,January,Monday,14:48,2,1,1,0,Single vehicle crash,V1: Travelling straight ahead,V1: S,Dry,Daylight,Clear,0,0,24,8,TRUE,41.95250372,-71.27005525
10191,1/17/2011,January,Monday,15:53,1,2,0,0,Rear-end,V1: Slowing or stopped in traffic / V2: Slowing or stopped in traffic,V1: S  / V2: S,Dry,Daylight,Clear,0,0,24,8,TRUE,41.92508738,-71.35628348
10192,1/18/2011,January,Tuesday,9:44,0,1,0,0,Single vehicle crash,V1: Travelling straight ahead,V1: N,Snow,Daylight,Rain,0.78,0.9,40,13,TRUE,41.90231844,-71.35595143
10193,1/18/2011,January,Tuesday,9:50,2,1,1,0,Single vehicle crash,V1: Travelling straight ahead,V1: N,Snow,Daylight,Rain,0.78,0.9,40,13,TRUE,41.90231844,-71.35595143
10194,1/18/2011,January,Tuesday,10:30,1,1,0,0,Single vehicle crash,V1: Travelling straight ahead,V1: N,Slush,Daylight,Snow,0.78,0.9,40,13,TRUE,41.9065047,-71.31998576
10195,1/18/2011,January,Tuesday,10:58,2,2,1,0,Angle,V1: Turning left / V2: Travelling straight ahead,V1: S  / V2: N,Slush,Daylight,Cloudy,0.78,0.9,40,13,TRUE,41.89733197,-71.36979234
10196,1/18/2011,January,Tuesday,11:53,1,2,0,0,Angle,V1: Travelling straight ahead / V2: Travelling straight ahead,V1: N  / V2: E,Dry,Daylight,Cloudy/Rain,0.78,0.9,40,13,TRUE,41.94430701,-71.30913523
10197,1/18/2011,January,Tuesday,16:24,1,2,0,0,Angle,V1: Turning right / V2: Travelling straight ahead,V1: W  / V2: W,Slush,Daylight,Rain,0.78,0.9,40,13,TRUE,41.92919758,-71.33856145
10198,1/18/2011,January,Tuesday,16:48,2,2,1,0,Single vehicle crash,V1: Travelling straight ahead / V2: 0,V1: W  / V2: 0,Wet,Dusk,Rain,0.78,0.9,40,13,TRUE,41.94758208,-71.27687472
10199,1/19/2011,January,Wednesday,17:11,1,1,0,0,Single vehicle crash,V1: Backing,V1: E,Wet,Dark - lighted roadway,Rain,0.07,0,42,32,TRUE,41.94780219,-71.28327927
10200,1/19/2011,January,Wednesday,21:35,2,2,3,0,Angle,V1: Changing lanes / V2: Travelling straight ahead,V1: W  / V2: E,Dry,Dark - roadway not lighted,Clear,0.07,0,42,32,TRUE,41.91791282,-71.36537825
10201,1/20/2011,January,Thursday,8:43,1,2,0,0,Angle,V1: Turning right / V2: Parked,V1: E  / V2: 0,"Sand, mud, dirt, oil, gravel",Daylight,Clear,0,0,34,25,TRUE,41.94533717,-71.28817237
10202,1/20/2011,January,Thursday,9:39,1,2,0,0,Rear-end,V1: Travelling straight ahead / V2: Travelling straight ahead,V1: N  / V2: N,Dry,Daylight,Cloudy,0,0,34,25,TRUE,41.90689155,-71.31691122
10203,1/21/2011,January,Friday,5:32,1,2,0,0,Rear-end,V1: Travelling straight ahead / V2: Travelling straight ahead,V1: N  / V2: N,Snow,Dark - lighted roadway,Snow,0.44,5.1,32,19,TRUE,41.91547966,-71.35898404
10204,1/21/2011,January,Friday,8:43,1,2,0,0,Rear-end,V1: Travelling straight ahead / V2: Travelling straight ahead,V1: W  / V2: E,Snow,Daylight,Snow,0.44,5.1,32,19,TRUE,41.93359015,-71.30040441
10205,1/21/2011,January,Friday,11:56,1,3,0,0,Head-on,V1: Travelling straight ahead / V2: Parked / V3: Parked,V1: N  / V2: 0 / V3: 0,Snow,Daylight,Snow,0.44,5.1,32,19,TRUE,41.92050663,-71.32550718
10206,1/21/2011,January,Friday,12:39,1,2,0,0,Rear-end,V1: Backing / V2: Slowing or stopped in traffic,V1: W  / V2: E,Snow,Daylight,Snow,0.44,5.1,32,19,TRUE,41.96168949,-71.29564355
10207,1/22/2011,January,Saturday,13:07,1,1,0,0,Single vehicle crash,V1: Travelling straight ahead,V1: N,Ice,Daylight,Clear,0,0,27,6,TRUE,41.93388599,-71.34178663
10208,1/22/2011,January,Saturday,15:52,1,2,0,0,Angle,V1: Turning right / V2: Travelling straight ahead,V1: W  / V2: W,Wet,Daylight,Clear,0,0,27,6,TRUE,41.94757814,-71.27890389
10209,1/22/2011,January,Saturday,20:42,1,2,0,0,Angle,V1: Turning right / V2: Travelling straight ahead,V1: N  / V2: N,Dry,Dark - lighted roadway,Clear,0,0,27,6,TRUE,41.93095021,-71.35302857
10210,1/24/2011,January,Monday,14:23,1,2,0,0,Angle,V1: Turning left / V2: Travelling straight ahead,V1: W  / V2: S,Dry,Daylight,Clear,0,0,15,-5,TRUE,41.90877956,-71.35765064
10211,1/24/2011,January,Monday,15:13,1,1,0,0,Single vehicle crash,V1: Travelling straight ahead,V1: N,Wet,Daylight,Snow,0,0,15,-5,TRUE,41.92521765,-71.28783389
10212,1/25/2011,January,Tuesday,10:05,1,1,0,0,Single vehicle crash,V1: Travelling straight ahead,V1: S,Snow,Daylight,Snow,0.08,1.3,33,3,TRUE,34.24438675,-73.6513909
10213,1/25/2011,January,Tuesday,12:12,1,2,0,0,Angle,V1: Turning right / V2: Parked,V1: N  / V2: 0,Snow,Daylight,Snow,0.08,1.3,33,3,TRUE,41.9433528,-71.28693534
10214,1/25/2011,January,Tuesday,12:53,1,2,0,0,Angle,V1: Travelling straight ahead / V2: Travelling straight ahead,V1: W  / V2: N,Snow,Daylight,Snow,0.08,1.3,33,3,TRUE,41.90077974,-71.37280136
10215,1/25/2011,January,Tuesday,13:24,1,2,0,0,Angle,V1: Turning left / V2: Travelling straight ahead,V1: E  / V2: S,Wet,Daylight,Cloudy,0.08,1.3,33,3,TRUE,41.92521765,-71.28783389
10216,1/25/2011,January,Tuesday,17:24,0,2,0,0,Rear-end,V1: Travelling straight ahead / V2: Slowing or stopped in traffic,V1: W  / V2: W,Dry,Dark - lighted roadway,Clear,0.08,1.3,33,3,TRUE,41.95130281,-71.27263126
10217,1/26/2011,January,Wednesday,13:30,1,2,0,0,Angle,V1: Turning left / V2: Travelling straight ahead,V1: 0 / V2: 0,Snow,Daylight,Snow,0.24,3,33,7,TRUE,41.8995813,-71.35626681
10218,1/26/2011,January,Wednesday,21:34,1,1,0,0,Single vehicle crash,V1: Travelling straight ahead,V1: N,Slush,Dark - roadway not lighted,Snow,0.24,3,33,7,TRUE,41.90231844,-71.35595143
10219,1/26/2011,January,Wednesday,21:55,2,2,1,0,Rear-end,V1: Travelling straight ahead / V2: Travelling straight ahead,V1: N  / V2: N,Slush,Dark - roadway not lighted,Snow,0.24,3,33,7,TRUE,41.95593405,-71.30346756
10220,1/27/2011,January,Thursday,12:27,2,2,2,0,Rear-end,V1: Slowing or stopped in traffic / V2: Travelling straight ahead,V1: S  / V2: S,Wet,Daylight,Clear,0.67,6.5,34,19,TRUE,41.9170943,-71.35975551
10221,1/27/2011,January,Thursday,13:34,0,2,0,0,Angle,V1: Entering traffic lane / V2: Turning left,V1: S  / V2: E,Dry,Daylight,Clear,0.67,6.5,34,19,TRUE,41.95484304,-71.28856385
10222,1/27/2011,January,Thursday,14:03,2,3,1,0,Angle,V1: Turning left / V2: Travelling straight ahead / V3: Slowing or stopped in traffic,V1: 0 / V2: 0 / V3: 0,Dry,Daylight,Clear,0.67,6.5,34,19,TRUE,41.91816133,-71.25763887
10223,1/27/2011,January,Thursday,16:50,1,2,0,0,Single vehicle crash,V1: Travelling straight ahead / V2: Entering traffic lane,V1: N  / V2: N,Wet,Daylight,Cloudy,0.67,6.5,34,19,TRUE,41.93736134,-71.31636422
10224,1/27/2011,January,Thursday,17:00,1,2,0,0,Angle,V1: Entering traffic lane / V2: Travelling straight ahead,V1: E  / V2: S,Wet,Dusk,Clear,0.67,6.5,34,19,TRUE,41.94861042,-71.27758702
10225,1/28/2011,January,Friday,14:04,1,3,0,0,Angle,V1: Travelling straight ahead / V2: Turning left / V3: Slowing or stopped in traffic,V1: S  / V2: N  / V3: S,Dry,Daylight,Clear,0,0,36,11,TRUE,41.90998013,-71.35802082
10226,1/28/2011,January,Friday,16:17,1,2,0,0,Rear-end,V1: Slowing or stopped in traffic / V2: Leaving traffic lane,V1: N  / V2: N,Dry,Daylight,Cloudy,0,0,36,11,TRUE,41.93051616,-71.33611756
10227,1/28/2011,January,Friday,18:50,1,2,0,0,Rear-end,V1: Travelling straight ahead / V2: Slowing or stopped in traffic,V1: S  / V2: S,Wet,Dark - lighted roadway,Clear,0,0,36,11,TRUE,41.90257902,-71.35602454
10228,1/29/2011,January,Saturday,5:09,1,1,0,0,Single vehicle crash,V1: Travelling straight ahead,V1: N,Dry,Dark - lighted roadway,Cloudy,0,0,39,19,TRUE,41.8970935,-71.36991414
10229,1/29/2011,January,Saturday,13:53,1,2,0,0,Angle,V1: Backing / V2: Travelling straight ahead,V1: S  / V2: W,Wet,Daylight,Clear,0,0,39,19,TRUE,41.93954333,-71.28289628
10230,1/29/2011,January,Saturday,13:55,1,2,0,0,Angle,V1: Turning left / V2: Travelling straight ahead,V1: W  / V2: N,Dry,Daylight,Clear,0,0,39,19,TRUE,41.91653724,-71.36001753
10231,1/29/2011,January,Saturday,16:59,1,2,0,0,Rear-end,V1: Slowing or stopped in traffic / V2: Travelling straight ahead,V1: E  / V2: E,Dry,Dusk,Cloudy,0,0,39,19,TRUE,41.91982212,-71.35857678
10232,1/31/2011,January,Monday,7:23,1,2,0,0,Rear-end,V1: Entering traffic lane / V2: Slowing or stopped in traffic,V1: N  / V2: N,Dry,Daylight,Clear,0,0,29,7,TRUE,41.93409799,-71.31895722
10233,1/31/2011,January,Monday,9:24,1,2,0,0,Angle,V1: Entering traffic lane / V2: Travelling straight ahead,V1: E  / V2: S,Dry,Daylight,Clear,0,0,29,7,TRUE,41.90846105,-71.36412011
10234,2/1/2011,February,Tuesday,5:24,2,1,1,0,Single vehicle crash,V1: Travelling straight ahead,V1: N,Ice,Dark - lighted roadway,Snow,0.54,4.6,24,8,TRUE,34.24438675,-73.6513909
10235,2/1/2011,February,Tuesday,12:00,1,2,0,0,Angle,V1: Entering traffic lane / V2: Travelling straight ahead,V1: S  / V2: N,Snow,Daylight,Snow,0.54,4.6,24,8,TRUE,41.94803744,-71.28855696
10236,2/1/2011,February,Tuesday,15:41,1,2,0,0,Angle,V1: Turning left / V2: Travelling straight ahead,V1: E  / V2: S,Snow,Daylight,Snow,0.54,4.6,24,8,TRUE,41.90650554,-71.36512641
10237,2/1/2011,February,Tuesday,21:51,1,1,0,0,Single vehicle crash,V1: Travelling straight ahead,V1: E,Snow,Dark - lighted roadway,Cloudy,0.54,4.6,24,8,TRUE,34.24438675,-73.6513909
10238,2/2/2011,February,Wednesday,8:49,1,2,0,0,Rear-end,V1: Travelling straight ahead / V2: Travelling straight ahead,V1: S  / V2: S,Ice,Daylight,Snow,0.84,1.8,36,20,TRUE,34.24438675,-73.6513909
10239,2/2/2011,February,Wednesday,10:10,1,2,0,0,Rear-end,V1: Travelling straight ahead / V2: Travelling straight ahead,V1: E  / V2: E,Snow,Daylight,Snow,0.84,1.8,36,20,TRUE,41.93674307,-71.33019829
10240,2/2/2011,February,Wednesday,12:09,1,2,0,0,Rear-end,V1: Travelling straight ahead / V2: Travelling straight ahead,V1: N  / V2: N,Snow,Daylight,Snow,0.84,1.8,36,20,TRUE,41.91982212,-71.35857678
10241,2/2/2011,February,Wednesday,19:37,1,2,0,0,Angle,V1: Turning right / V2: Travelling straight ahead,V1: W  / V2: W,Wet,Dark - lighted roadway,Snow,0.84,1.8,36,20,TRUE,41.91982212,-71.35857678
10242,2/2/2011,February,Wednesday,20:26,1,1,0,0,0,V1: Turning right,V1: 0,Snow,Dark - lighted roadway,Snow,0.84,1.8,36,20,TRUE,41.91770782,-71.36760369
10243,2/3/2011,February,Thursday,6:00,1,2,0,0,Rear-end,V1: Travelling straight ahead / V2: Travelling straight ahead,V1: E  / V2: E,Wet,Dark - lighted roadway,Clear,0,0,29,11,TRUE,41.95367356,-71.26594173
10244,2/3/2011,February,Thursday,6:53,1,2,0,0,Angle,V1: Travelling straight ahead / V2: Travelling straight ahead,V1: N  / V2: E,Ice,Dawn,Cloudy,0,0,29,11,TRUE,41.95278884,-71.3086994
10245,2/3/2011,February,Thursday,8:24,1,2,0,0,Angle,V1: Backing / V2: Travelling straight ahead,V1: 0 / V2: E,Ice,Daylight,Clear,0,0,29,11,TRUE,41.94192162,-71.28773244
10246,2/3/2011,February,Thursday,9:21,1,2,0,0,"Sideswipe, same direction",V1: Travelling straight ahead / V2: Parked,V1: S  / V2: S,Snow,Daylight,Clear,0,0,29,11,TRUE,41.94460384,-71.2731757
10247,2/3/2011,February,Thursday,11:39,1,1,0,0,Single vehicle crash,V1: Other,V1: S,Dry,Daylight,Clear,0,0,29,11,TRUE,41.93388284,-71.31993479
10248,2/3/2011,February,Thursday,14:56,1,2,0,0,Angle,V1: Travelling straight ahead / V2: Slowing or stopped in traffic,V1: N  / V2: W,Wet,Daylight,Clear,0,0,29,11,TRUE,41.9437397,-71.27525752
10249,2/3/2011,February,Thursday,18:55,1,2,0,0,Angle,V1: Turning left / V2: Travelling straight ahead,V1: W  / V2: N,Snow,Dark - lighted roadway,Clear,0,0,29,11,TRUE,41.95076301,-71.27397064
10250,2/4/2011,February,Friday,11:06,1,2,0,0,Rear-end,V1: Backing / V2: Travelling straight ahead,V1: N  / V2: N,Dry,Daylight,Clear,0,0,35,1,TRUE,41.94231024,-71.28253433
10251,2/4/2011,February,Friday,15:49,1,2,0,0,Angle,V1: Turning left / V2: Slowing or stopped in traffic,V1: S  / V2: N,Wet,Daylight,Clear,0,0,35,1,TRUE,41.91844661,-71.35916812
10252,2/4/2011,February,Friday,23:50,1,1,0,0,Single vehicle crash,V1: Travelling straight ahead,V1: N,Dry,Dark - roadway not lighted,Clear,0,0,35,1,TRUE,41.95514928,-71.30432065
10253,2/5/2011,February,Saturday,2:35,1,2,0,0,Rear-end,V1: Travelling straight ahead / V2: Slowing or stopped in traffic,V1: N  / V2: 0,Dry,Dark - lighted roadway,Clear,0.35,0,48,13,TRUE,41.93874704,-71.29215576
10254,2/5/2011,February,Saturday,7:25,2,1,1,0,Single vehicle crash,V1: Turning right,V1: S,Ice,Daylight,Clear,0.35,0,48,13,TRUE,41.93349673,-71.32022962
10255,2/5/2011,February,Saturday,9:55,1,2,0,0,Rear-end,V1: Changing lanes / V2: Slowing or stopped in traffic,V1: N  / V2: N,"Sand, mud, dirt, oil, gravel",Daylight,Cloudy,0.35,0,48,13,TRUE,41.91697399,-71.35861888
10256,2/5/2011,February,Saturday,13:38,1,2,0,0,Rear-end,V1: Travelling straight ahead / V2: Slowing or stopped in traffic,V1: S  / V2: S,Wet,Daylight,Rain,0.35,0,48,13,TRUE,41.94543241,-71.28550382
10257,2/5/2011,February,Saturday,17:35,1,2,0,0,Angle,V1: Entering traffic lane / V2: Travelling straight ahead,V1: W  / V2: N,Wet,Dark - lighted roadway,Fog,0.35,0,48,13,TRUE,41.92967331,-71.35356335
10258,2/6/2011,February,Sunday,13:42,1,2,0,0,Angle,V1: Turning right / V2: Travelling straight ahead,V1: S  / V2: E,Dry,Daylight,Clear,0,0,46,29,TRUE,41.95260998,-71.26978509
10259,2/7/2011,February,Monday,14:15,1,3,0,0,Rear-end,V1: Slowing or stopped in traffic / V2: Slowing or stopped in traffic / V3: Travelling straight ahead,V1: E  / V2: E  / V3: E,Dry,Daylight,Clear,0,0,46,27,TRUE,41.93207931,-71.29280404
10260,2/8/2011,February,Tuesday,6:51,1,2,0,0,Angle,V1: Travelling straight ahead / V2: Travelling straight ahead,V1: W  / V2: E,Snow,Daylight,Snow,0.16,0.8,39,16,TRUE,41.98174078,-71.27648184
10261,2/8/2011,February,Tuesday,15:34,1,2,0,0,Rear-end,V1: Entering traffic lane / V2: Entering traffic lane,V1: N  / V2: N,Wet,Daylight,Rain,0.16,0.8,39,16,TRUE,41.93409799,-71.31895722
10262,2/8/2011,February,Tuesday,15:56,2,2,2,0,Head-on,V1: Travelling straight ahead / V2: Travelling straight ahead,V1: S  / V2: N,Dry,Daylight,Clear,0.16,0.8,39,16,TRUE,41.94413491,-71.27260127
10263,2/8/2011,February,Tuesday,22:49,1,1,0,0,Single vehicle crash,V1: Travelling straight ahead,V1: 0,Dry,Dark - lighted roadway,Clear,0.16,0.8,39,16,TRUE,41.94348168,-71.28050031
10264,2/9/2011,February,Wednesday,8:06,1,2,0,0,Rear-end,V1: Slowing or stopped in traffic / V2: Slowing or stopped in traffic,V1: E  / V2: E,Dry,Daylight,Clear,0,0,31,11,TRUE,41.93398416,-71.31904724
10265,2/9/2011,February,Wednesday,8:25,1,2,0,0,Rear-end,V1: Travelling straight ahead / V2: Turning left,V1: N  / V2: N,Dry,Daylight,Clear,0,0,31,11,TRUE,41.94666472,-71.28742757
10266,2/9/2011,February,Wednesday,10:54,1,1,0,0,Single vehicle crash,V1: Turning left,V1: S,Dry,Daylight,Clear,0,0,31,11,TRUE,41.93152244,-71.29127014
10267,2/9/2011,February,Wednesday,11:25,1,2,0,0,Angle,V1: Slowing or stopped in traffic / V2: Backing,V1: W  / V2: 0,Dry,Daylight,Clear,0,0,31,11,TRUE,41.89618753,-71.37039513
10268,2/9/2011,February,Wednesday,11:29,1,2,0,0,Angle,V1: Travelling straight ahead / V2: Travelling straight ahead,V1: W  / V2: N,Dry,Daylight,Clear,0,0,31,11,TRUE,41.95428602,-71.28497548
10269,2/9/2011,February,Wednesday,21:10,1,1,0,0,Single vehicle crash,V1: Changing lanes,V1: N,Wet,Dark - roadway not lighted,Snow,0,0,31,11,TRUE,41.95428777,-71.3119492
10270,2/9/2011,February,Wednesday,23:35,2,3,3,0,Rear-end,V1: Changing lanes / V2: Changing lanes / V3: Travelling straight ahead,V1: S  / V2: S  / V3: S,Dry,Dark - roadway not lighted,Clear,0,0,31,11,TRUE,41.90433577,-71.35012688
10271,2/10/2011,February,Thursday,14:40,2,2,1,0,Rear-end,V1: 0 / V2: 0,V1: N  / V2: N,Dry,Daylight,Clear,0,0,31,11,TRUE,41.95346753,-71.27950422
10272,2/10/2011,February,Thursday,17:55,1,2,0,0,Angle,V1: Turning right / V2: Travelling straight ahead,V1: S  / V2: E,Dry,Dark - lighted roadway,Clear,0,0,31,11,TRUE,41.95260998,-71.26978509
10273,2/11/2011,February,Friday,9:08,1,1,0,0,Single vehicle crash,V1: Turning left,V1: E,Dry,Daylight,Clear,0,0,31,1,TRUE,41.93503657,-71.2848971
10274,2/11/2011,February,Friday,9:35,1,2,0,0,"Sideswipe, same direction",V1: Travelling straight ahead / V2: Parked,V1: N  / V2: 0,Dry,Daylight,Clear,0,0,31,1,TRUE,41.94627589,-71.28697123
10275,2/11/2011,February,Friday,13:11,2,2,1,0,Rear-end,V1: Travelling straight ahead / V2: Slowing or stopped in traffic,V1: N  / V2: N,Dry,Daylight,Clear,0,0,31,1,TRUE,41.95640623,-71.28800655
10276,2/11/2011,February,Friday,14:40,1,2,0,0,Angle,V1: Turning right / V2: Travelling straight ahead,V1: 0 / V2: 0,Dry,Daylight,Clear,0,0,31,1,TRUE,41.94040539,-71.28014995
10277,2/11/2011,February,Friday,16:28,1,2,0,0,Angle,V1: Entering traffic lane / V2: Overtaking/passing,V1: E  / V2: S,Dry,Daylight,Clear,0,0,31,1,TRUE,41.95260998,-71.26978509