ID,DATE,Month,Day of week,Crash Time,Crash Severity,Number of Vehicles,Total Nonfatal Injuries,Total Fatal Injuries,Manner of Collision,Vehicle Action Prior to Crash,Vehicle Travel Directions,Road Surface Condition,Ambient Light,Weather Condition,PRCP,SNOW,TMAX,TMIN,Ice,Longtitute,Latitute
10278,2/11/2011,February,Friday,19:45,2,2,1,0,Angle,V1: Travelling straight ahead / V2: Travelling straight ahead,V1: E  / V2: S,Dry,Dark - lighted roadway,Clear,0,0,31,1,TRUE,41.93711096,-71.29262459
10279,2/11/2011,February,Friday,19:53,2,3,1,0,Rear-end,V1: Travelling straight ahead / V2: Travelling straight ahead / V3: Travelling straight ahead,V1: S  / V2: S  / V3: S,Dry,Dark - lighted roadway,Clear,0,0,31,1,TRUE,41.90601947,-71.35683853
10280,2/12/2011,February,Saturday,8:17,3,2,2,1,Rear-end,V1: Travelling straight ahead / V2: Travelling straight ahead,V1: S  / V2: S,Dry,Daylight,Clear,0,0,40,6,TRUE,41.90261276,-71.35590972
10281,2/12/2011,February,Saturday,12:46,1,2,0,0,Rear-end,V1: Slowing or stopped in traffic / V2: Slowing or stopped in traffic,V1: N  / V2: N,Dry,Daylight,Cloudy,0,0,40,6,TRUE,41.9224407,-71.35744057
10282,2/13/2011,February,Sunday,12:55,2,2,1,0,Angle,V1: Travelling straight ahead / V2: Travelling straight ahead,V1: N  / V2: 0,Dry,Dark - lighted roadway,Clear,0,0,37,19,TRUE,41.92241545,-71.31336866
10283,2/13/2011,February,Sunday,21:14,1,2,0,0,"Sideswipe, same direction",V1: Changing lanes / V2: Travelling straight ahead,V1: S  / V2: S,Dry,Dark - lighted roadway,Clear,0,0,37,19,TRUE,41.91420591,-71.36119762
10284,2/14/2011,February,Monday,10:05,1,1,0,0,Single vehicle crash,V1: Turning left,V1: W,"Sand, mud, dirt, oil, gravel",Daylight,Clear,0,0,53,35,FALSE,41.93664277,-71.30148744
10285,2/14/2011,February,Monday,16:23,2,2,1,0,Angle,V1: Travelling straight ahead / V2: Travelling straight ahead,V1: 0 / V2: 0,Dry,Daylight,Clear,0,0,53,35,FALSE,41.9370756,-71.28238678
10286,2/15/2011,February,Tuesday,8:31,1,2,0,0,0,V1: Travelling straight ahead / V2: Travelling straight ahead,V1: N  / V2: S,Ice,Daylight,Clear,0,0,35,15,TRUE,41.94494667,-71.30772391
10287,2/15/2011,February,Tuesday,9:02,1,2,0,0,Angle,V1: Travelling straight ahead / V2: Travelling straight ahead,V1: S  / V2: E,Dry,Daylight,Clear,0,0,35,15,TRUE,41.91150222,-71.30398721
10288,2/15/2011,February,Tuesday,17:42,1,2,0,0,Rear-end,V1: Travelling straight ahead / V2: Slowing or stopped in traffic,V1: S  / V2: S,Dry,Dusk,Clear,0,0,35,15,TRUE,41.91982212,-71.35857678
10289,2/16/2011,February,Wednesday,6:55,1,2,0,0,Angle,V1: Travelling straight ahead / V2: Turning left,V1: E  / V2: N,Dry,Daylight,Clear,0,0,39,15,TRUE,41.9483337,-71.27794679
10290,2/17/2011,February,Thursday,11:50,1,1,0,0,Rear-end,V1: Slowing or stopped in traffic,V1: E,Dry,Daylight,Clear,0,0,60,30,TRUE,41.93357119,-71.30035285
10291,2/17/2011,February,Thursday,13:26,2,2,2,0,Angle,V1: Turning left / V2: Travelling straight ahead,V1: 0 / V2: 0,Dry,Daylight,Clear,0,0,60,30,TRUE,41.95130281,-71.27263126
10292,2/17/2011,February,Thursday,16:12,2,2,2,0,Rear-end,V1: Slowing or stopped in traffic / V2: Slowing or stopped in traffic,V1: W  / V2: W,"Water (standing, moving)",Daylight,Clear,0,0,60,30,TRUE,41.95130281,-71.27263126
10293,2/17/2011,February,Thursday,22:23,2,1,1,0,Head-on,V1: Travelling straight ahead,V1: W,Dry,Dark - lighted roadway,Cloudy,0,0,60,30,TRUE,41.93416905,-71.30446726
10294,2/18/2011,February,Friday,1:53,1,1,0,0,Single vehicle crash,V1: Travelling straight ahead,V1: S,Dry,Dark - lighted roadway,Clear,0.02,0,63,35,FALSE,41.92461466,-71.25962095
10295,2/18/2011,February,Friday,6:29,1,2,0,0,Angle,V1: Slowing or stopped in traffic / V2: Travelling straight ahead,V1: N  / V2: W,"Sand, mud, dirt, oil, gravel",Daylight,Clear,0.02,0,63,35,FALSE,41.94472176,-71.2812504
10296,2/18/2011,February,Friday,9:35,1,2,0,0,Rear-end,V1: Travelling straight ahead / V2: Travelling straight ahead,V1: E  / V2: W,Dry,Daylight,Clear,0.02,0,63,35,FALSE,41.94344652,-71.28559566
10297,2/18/2011,February,Friday,14:57,1,2,0,0,Angle,V1: Turning left / V2: Travelling straight ahead,V1: S  / V2: N,Dry,Daylight,Clear,0.02,0,63,35,FALSE,41.95076301,-71.27397064
10298,2/19/2011,February,Saturday,2:50,1,2,0,0,Rear-end,V1: Travelling straight ahead / V2: Travelling straight ahead,V1: N  / V2: N,Dry,Dark - roadway not lighted,Clear,0,0,46,17,TRUE,41.92886018,-71.3230987
10299,2/19/2011,February,Saturday,12:47,2,2,3,0,Angle,V1: Travelling straight ahead / V2: Turning left,V1: N  / V2: S,Dry,Daylight,Cloudy,0,0,46,17,TRUE,41.90086769,-71.36799095
10300,2/19/2011,February,Saturday,12:56,1,2,0,0,Angle,V1: Travelling straight ahead / V2: Turning right,V1: 0 / V2: 0,0,Daylight,Clear,0,0,46,17,TRUE,41.93503657,-71.2848971
10301,2/19/2011,February,Saturday,13:17,2,2,1,0,Rear-end,V1: Slowing or stopped in traffic / V2: Slowing or stopped in traffic,V1: S  / V2: S,Dry,Daylight,Clear,0,0,46,17,TRUE,41.92890096,-71.35392056
10302,2/19/2011,February,Saturday,18:28,2,2,2,0,Rear-end,V1: Slowing or stopped in traffic / V2: Slowing or stopped in traffic,V1: S  / V2: S,Dry,Dark - lighted roadway,Cloudy,0,0,46,17,TRUE,41.92976304,-71.35352331
10303,2/20/2011,February,Sunday,3:01,1,1,0,0,Single vehicle crash,V1: Turning left,V1: E,Dry,Dark - lighted roadway,Cloudy,0,0,37,15,TRUE,41.95014256,-71.29883489
10304,2/21/2011,February,Monday,7:58,1,1,0,0,Single vehicle crash,V1: Travelling straight ahead,V1: S,Wet,Daylight,Snow,0.05,0.9,29,14,TRUE,41.96303438,-71.30014734
10305,2/21/2011,February,Monday,17:36,1,1,0,0,Single vehicle crash,V1: Slowing or stopped in traffic,V1: S,Snow,Daylight,Snow,0.05,0.9,29,14,TRUE,41.92450732,-71.22834088
10306,2/21/2011,February,Monday,20:54,1,2,0,0,"Sideswipe, same direction",V1: Travelling straight ahead / V2: Slowing or stopped in traffic,V1: W  / V2: W,Dry,Dark - lighted roadway,Clear,0.05,0.9,29,14,TRUE,41.90802697,-71.29721195
10307,2/23/2011,February,Wednesday,16:49,2,2,4,0,Rear-end,V1: Slowing or stopped in traffic / V2: Slowing or stopped in traffic,V1: E  / V2: E,Dry,Dark - lighted roadway,Clear,0,0,44,12,TRUE,41.94292045,-71.27681606
10308,2/24/2011,February,Thursday,22:54,2,2,2,0,Angle,V1: Making U-turn / V2: Slowing or stopped in traffic,V1: S  / V2: N,Dry,Dark - lighted roadway,Cloudy,0,0,44,12,TRUE,41.92256687,-71.35448223
10309,2/25/2011,February,Friday,13:52,2,2,1,0,Rear-end,V1: Slowing or stopped in traffic / V2: Travelling straight ahead,V1: S  / V2: S,Wet,Daylight,Rain,2.27,1,51,28,TRUE,41.93397236,-71.31089967
10310,2/25/2011,February,Friday,14:57,1,4,0,0,"Sideswipe, same direction",V1: Slowing or stopped in traffic / V2: Travelling straight ahead / V3: Changing lanes / V4: Travelling straight ahead,V1: N  / V2: N  / V3: N  / V4: N,Wet,Daylight,Rain,2.27,1,51,28,TRUE,41.95593405,-71.30346756
10311,2/25/2011,February,Friday,16:29,1,3,0,0,Rear-end,V1: Travelling straight ahead / V2: Travelling straight ahead / V3: Slowing or stopped in traffic,V1: E  / V2: E  / V3: E,Wet,Daylight,Rain,2.27,1,51,28,TRUE,41.93394912,-71.30898994
10312,2/25/2011,February,Friday,22:42,1,1,0,0,Single vehicle crash,V1: Travelling straight ahead,V1: N,Snow,Dark - lighted roadway,Snow,2.27,1,51,28,TRUE,41.93885386,-71.25041494
10313,2/26/2011,February,Saturday,7:37,2,2,1,0,Angle,V1: Entering traffic lane / V2: Travelling straight ahead,V1: S  / V2: W,Ice,Daylight,Cloudy,0,0,38,23,TRUE,41.93207931,-71.29280404
10314,2/26/2011,February,Saturday,10:47,1,2,0,0,"Sideswipe, same direction",V1: Travelling straight ahead / V2: Travelling straight ahead,V1: S  / V2: S,Dry,Daylight,Clear,0,0,38,23,TRUE,34.24438675,-73.6513909
10315,2/27/2011,February,Sunday,5:33,2,2,1,0,Rear-end,V1: Parked / V2: Travelling straight ahead,V1: S  / V2: S,Snow,Dawn,Snow,0.17,2.1,34,20,TRUE,41.96019116,-71.30118086
10316,2/27/2011,February,Sunday,8:00,1,1,0,0,Single vehicle crash,V1: Travelling straight ahead,V1: N,Slush,Daylight,Snow,0.17,2.1,34,20,TRUE,41.92886018,-71.3230987
10317,2/28/2011,February,Monday,7:03,1,2,0,0,Angle,V1: 0 / V2: 0,V1: E  / V2: N,Wet,Daylight,Cloudy,0.47,0,50,23,TRUE,41.93846875,-71.28469502
10318,2/28/2011,February,Monday,13:12,1,2,0,0,Angle,V1: Travelling straight ahead / V2: Travelling straight ahead,V1: W  / V2: N,Dry,Daylight,Cloudy,0.47,0,50,23,TRUE,41.94260227,-71.28075947
10319,2/28/2011,February,Monday,17:40,1,2,0,0,Angle,V1: Turning right / V2: Slowing or stopped in traffic,V1: W  / V2: E,Dry,Daylight,Cloudy,0.47,0,50,23,TRUE,41.95076301,-71.27397064
10320,2/28/2011,February,Monday,19:48,1,1,0,0,Single vehicle crash,V1: Travelling straight ahead,V1: N,Ice,Dawn,Rain,0.47,0,50,23,TRUE,41.9248738,-71.2269953
10321,2/28/2011,February,Monday,20:22,1,2,0,0,Head-on,V1: Slowing or stopped in traffic / V2: Travelling straight ahead,V1: N  / V2: S,Ice,Daylight,Rain,0.47,0,50,23,TRUE,41.92571375,-71.34153106
10322,3/1/2011,March,Tuesday,16:30,1,2,0,0,"Sideswipe, same direction",V1: Entering traffic lane / V2: Travelling straight ahead,V1: S  / V2: S,Dry,Daylight,Clear,0,0,42,23,TRUE,41.9439902,-71.28153651
10323,3/2/2011,March,Wednesday,20:21,1,2,0,0,Rear-end,V1: Travelling straight ahead / V2: Turning right,V1: N  / V2: W,Dry,Dark - lighted roadway,Clear,0,0,48,22,TRUE,41.95484304,-71.28856385
10324,3/3/2011,March,Thursday,12:54,1,2,0,0,"Sideswipe, same direction",V1: Turning right / V2: Travelling straight ahead,V1: W  / V2: 0,Dry,Daylight,Clear,0,0,31,12,TRUE,41.94757814,-71.27890389
10325,3/3/2011,March,Thursday,18:30,1,3,0,0,Rear-end,V1: Travelling straight ahead / V2: 0 / V3: Travelling straight ahead,V1: N  / V2: 0 / V3: N,Dry,Dark - lighted roadway,Clear,0,0,31,12,TRUE,41.96712418,-71.29097941
10326,3/4/2011,March,Friday,5:18,1,2,0,0,"Sideswipe, same direction",V1: Travelling straight ahead / V2: Parked,V1: S  / V2: S,Dry,Daylight,Cloudy,0,0,39,12,TRUE,41.92890261,-71.29761646
10327,3/4/2011,March,Friday,19:36,1,2,0,0,Rear-end,V1: Travelling straight ahead / V2: Travelling straight ahead,V1: N  / V2: N,Dry,Dark - lighted roadway,Clear,0,0,39,12,TRUE,41.90565961,-71.35666401
10328,3/5/2011,March,Saturday,14:40,2,2,1,0,Angle,V1: Turning left / V2: Travelling straight ahead,V1: W  / V2: E,Dry,Daylight,Clear,0,0,55,25,TRUE,41.96939377,-71.29355357
10329,3/5/2011,March,Saturday,21:24,2,2,6,0,Head-on,V1: Travelling straight ahead / V2: Travelling straight ahead,V1: S  / V2: W,Dry,Dark - lighted roadway,Clear,0,0,55,25,TRUE,41.90898958,-71.31609431
10330,3/6/2011,March,Sunday,9:30,1,1,0,0,Single vehicle crash,V1: Travelling straight ahead,V1: W,Dry,Daylight,Clear,0.14,0,62,48,FALSE,41.92571375,-71.34153106
10331,3/6/2011,March,Sunday,21:39,1,1,0,0,"Sideswipe, same direction",V1: Travelling straight ahead,V1: S,Dry,Dark - roadway not lighted,Clear,0.14,0,62,48,FALSE,41.96019116,-71.30118086
10332,3/6/2011,March,Sunday,22:35,1,2,0,0,Angle,V1: Travelling straight ahead / V2: Travelling straight ahead,V1: W  / V2: N,Dry,Daylight,Cloudy,0.14,0,62,48,FALSE,41.93732881,-71.28475709
10333,3/7/2011,March,Monday,9:38,1,3,0,0,Rear-end,V1: Slowing or stopped in traffic / V2: Slowing or stopped in traffic / V3: Slowing or stopped in traffic,V1: W  / V2: W  / V3: W,Wet,Daylight,Cloudy/Rain,0.51,0,57,27,TRUE,41.96939377,-71.29355357
10334,3/7/2011,March,Monday,14:12,2,1,1,0,Single vehicle crash,V1: Travelling straight ahead,V1: S,Wet,Dark - lighted roadway,Rain,0.51,0,57,27,TRUE,41.91176052,-71.26784124
10335,3/7/2011,March,Monday,14:38,2,2,1,0,Rear-end,V1: Travelling straight ahead / V2: Travelling straight ahead,V1: S  / V2: S,Dry,Daylight,Clear,0.51,0,57,27,TRUE,41.94609513,-71.28666142
10336,3/7/2011,March,Monday,17:25,1,2,0,0,"Sideswipe, same direction",V1: 0 / V2: 0,V1: W  / V2: W,Dry,Daylight,Clear,0.51,0,57,27,TRUE,41.89915739,-71.35509258
10337,3/8/2011,March,Tuesday,16:24,2,1,1,0,0,V1: Slowing or stopped in traffic,V1: E,Dry,Daylight,Cloudy,0,0,46,22,TRUE,41.94007226,-71.29032337
10338,3/10/2011,March,Thursday,17:44,1,2,0,0,Angle,V1: Travelling straight ahead / V2: Travelling straight ahead,V1: N  / V2: E,Dry,Dawn,Clear,0.07,0,46,34,FALSE,41.94472176,-71.2812504
10339,3/11/2011,March,Friday,11:36,1,2,0,0,Angle,V1: Turning left / V2: Travelling straight ahead,V1: 0 / V2: S,Wet,Daylight,Rain,0.53,0,55,42,FALSE,41.90538488,-71.36569048
10340,3/11/2011,March,Friday,14:19,1,2,0,0,Head-on,V1: Travelling straight ahead / V2: Travelling straight ahead,V1: S  / V2: N,Dry,Daylight,Clear,0.53,0,55,42,FALSE,41.92068643,-71.29825687
10341,3/11/2011,March,Friday,21:40,2,2,1,0,Rear-end,V1: Travelling straight ahead / V2: Travelling straight ahead,V1: E  / V2: E,Dry,Dark - lighted roadway,Cloudy,0.53,0,55,42,FALSE,41.95412511,-71.26145837
10342,3/12/2011,March,Saturday,18:08,1,2,0,0,Angle,V1: Overtaking/passing / V2: Turning right,V1: E  / V2: E,Dry,Dark - lighted roadway,Clear,0,0,54,36,FALSE,41.92474743,-71.34966832
10343,3/12/2011,March,Saturday,20:00,1,2,0,0,Angle,V1: Turning right / V2: Travelling straight ahead,V1: W  / V2: W,Dry,Daylight,Clear,0,0,54,36,FALSE,41.93394954,-71.30903288
10344,3/12/2011,March,Saturday,22:00,1,1,0,0,Single vehicle crash,V1: Travelling straight ahead,V1: W,Dry,Dark - lighted roadway,Clear,0,0,54,36,FALSE,41.90920389,-71.28742407
10345,3/13/2011,March,Sunday,17:25,1,2,0,0,Angle,V1: Turning left / V2: Turning right,V1: N  / V2: S,Dry,Daylight,Clear,0,0,53,34,FALSE,41.93723012,-71.28375224
10346,3/13/2011,March,Sunday,21:13,1,2,0,0,Rear-end,V1: Slowing or stopped in traffic / V2: Travelling straight ahead,V1: S  / V2: S,Dry,Dark - roadway not lighted,Cloudy,0,0,53,34,FALSE,41.90998013,-71.35802082
10347,3/14/2011,March,Monday,13:46,1,2,0,0,Rear-end,V1: Entering traffic lane / V2: Entering traffic lane,V1: N  / V2: N,Dry,Daylight,Cloudy,0,0,39,25,TRUE,41.93409799,-71.31895722
10348,3/14/2011,March,Monday,23:40,2,1,1,0,Single vehicle crash,V1: Leaving traffic lane,V1: S,Dry,Daylight,Cloudy,0,0,39,25,TRUE,41.93916571,-71.28465952
10349,3/15/2011,March,Tuesday,11:03,1,2,0,0,Angle,V1: Travelling straight ahead / V2: Travelling straight ahead,V1: N  / V2: E,Dry,Daylight,Clear,0,0,48,22,TRUE,41.9404815,-71.28139686
10350,3/18/2011,March,Friday,15:33,1,2,0,0,Rear-end,V1: Travelling straight ahead / V2: Slowing or stopped in traffic,V1: W  / V2: W,Dry,Daylight,Clear,0,0,73,43,FALSE,41.92111112,-71.35572735
10351,3/18/2011,March,Friday,15:55,2,2,1,0,Head-on,V1: Travelling straight ahead / V2: Travelling straight ahead,V1: N  / V2: S,Dry,Daylight,Clear,0,0,73,43,FALSE,41.90122633,-71.32143267
10352,3/19/2011,March,Saturday,2:38,2,1,1,0,Single vehicle crash,V1: Turning right,V1: S,Dry,Dark - lighted roadway,Clear,0,0,53,27,TRUE,41.90261276,-71.35590972
10353,3/19/2011,March,Saturday,21:43,1,2,0,0,"Sideswipe, same direction",V1: Turning left / V2: Turning left,V1: E  / V2: E,Dry,Dark - lighted roadway,Clear,0,0,53,27,TRUE,41.94472389,-71.28236781
10354,3/20/2011,March,Sunday,20:58,1,2,0,0,"Sideswipe, same direction",V1: Changing lanes / V2: Travelling straight ahead,V1: S  / V2: S,Dry,Dark - lighted roadway,Cloudy,0,0,48,23,TRUE,41.90565961,-71.35666401
10355,3/21/2011,March,Monday,6:47,1,2,0,0,Rear-end,V1: Travelling straight ahead / V2: Parked,V1: E  / V2: 0,Dry,Dawn,Clear,0.19,0.8,40,32,TRUE,41.90025585,-71.34924724
10356,3/21/2011,March,Monday,8:20,1,2,0,0,Angle,V1: Turning left / V2: Travelling straight ahead,V1: N  / V2: S,Dry,Daylight,Cloudy,0.19,0.8,40,32,TRUE,34.24438675,-73.6513909
10357,3/21/2011,March,Monday,15:30,1,2,0,0,Rear-end,V1: Turning left / V2: Slowing or stopped in traffic,V1: E  / V2: 0,Wet,Daylight,Snow,0.19,0.8,40,32,TRUE,41.9521262,-71.29159081
10358,3/22/2011,March,Tuesday,11:03,1,2,0,0,Rear-end,V1: Slowing or stopped in traffic / V2: Travelling straight ahead,V1: S  / V2: S,Dry,Daylight,Cloudy,0,0,47,31,TRUE,41.9446632,-71.28341486
10359,3/22/2011,March,Tuesday,13:19,1,2,0,0,Rear-end,V1: Slowing or stopped in traffic / V2: Travelling straight ahead,V1: E  / V2: E,Dry,Daylight,Cloudy,0,0,47,31,TRUE,41.95130281,-71.27263126
10360,3/22/2011,March,Tuesday,13:48,1,2,0,0,"Sideswipe, same direction",V1: Parked / V2: Turning left,V1: W  / V2: W,Dry,Daylight,Cloudy,0,0,47,31,TRUE,41.94021848,-71.30088452
10361,3/22/2011,March,Tuesday,15:23,2,2,1,0,"Sideswipe, same direction",V1: Entering traffic lane / V2: Travelling straight ahead,V1: E  / V2: E,Dry,Daylight,Clear,0,0,47,31,TRUE,41.93241799,-71.32962049
10362,3/23/2011,March,Wednesday,10:48,1,2,0,0,Rear-end,V1: Slowing or stopped in traffic / V2: Travelling straight ahead,V1: W  / V2: W,Dry,Daylight,Cloudy,0,0,43,28,TRUE,41.91744794,-71.3702147
10363,3/24/2011,March,Thursday,15:28,2,2,1,0,Rear-end,V1: Turning left / V2: Travelling straight ahead,V1: W  / V2: N,Dry,Daylight,Cloudy,0.02,0.3,39,26,TRUE,41.9374227,-71.29402673
10364,3/24/2011,March,Thursday,15:56,2,4,2,0,Angle,V1: Travelling straight ahead / V2: Travelling straight ahead / V3: Turning left / V4: Travelling straight ahead,V1: N  / V2: N  / V3: N  / V4: S,Dry,Daylight,Clear,0.02,0.3,39,26,TRUE,41.91193931,-71.35877489
10365,3/25/2011,March,Friday,20:09,1,2,0,0,Angle,V1: Turning left / V2: Travelling straight ahead,V1: S  / V2: 0,Dry,Dark - lighted roadway,Cloudy,0,0,46,24,TRUE,41.92298399,-71.3572054
10366,3/26/2011,March,Saturday,9:59,1,1,0,0,Single vehicle crash,V1: Travelling straight ahead,V1: W,Dry,Daylight,Clear,0,0,42,22,TRUE,41.94266173,-71.28390998
10367,3/26/2011,March,Saturday,21:51,1,2,0,0,Angle,V1: Travelling straight ahead / V2: Travelling straight ahead,V1: N  / V2: W,Dry,Daylight,Clear,0,0,42,22,TRUE,41.94330896,-71.27265641
10368,3/27/2011,March,Sunday,16:00,1,2,0,0,"Sideswipe, opposite direction",V1: Travelling straight ahead / V2: Travelling straight ahead,V1: S  / V2: 0,"Sand, mud, dirt, oil, gravel",Daylight,Clear,0,0,47,24,TRUE,41.93939755,-71.28043305
10369,3/28/2011,March,Monday,14:29,2,2,1,0,Angle,V1: Travelling straight ahead / V2: Turning right,V1: S  / V2: E,Dry,Daylight,Clear,0,0,48,26,TRUE,41.92387717,-71.35158914
10370,3/28/2011,March,Monday,16:17,1,2,0,0,Rear-end,V1: Travelling straight ahead / V2: Travelling straight ahead,V1: N  / V2: N,Dry,Daylight,Clear,0,0,48,26,TRUE,41.91215033,-71.31272121
10371,3/28/2011,March,Monday,20:06,1,3,0,0,Angle,V1: Turning left / V2: Travelling straight ahead / V3: Slowing or stopped in traffic,V1: N  / V2: S  / V3: E,Dry,Daylight,Clear,0,0,48,26,TRUE,41.89618753,-71.37039513
10372,3/29/2011,March,Tuesday,16:20,1,2,0,0,Rear-end,V1: Travelling straight ahead / V2: Travelling straight ahead,V1: N  / V2: N,Wet,Daylight,Cloudy,0,0,52,27,TRUE,41.90231125,-71.35597671
10373,3/29/2011,March,Tuesday,16:39,1,2,0,0,Angle,V1: Entering traffic lane / V2: Travelling straight ahead,V1: 0 / V2: 0,Dry,Daylight,Clear,0,0,52,27,TRUE,41.94217059,-71.28456247
10374,3/29/2011,March,Tuesday,18:07,1,1,0,0,Single vehicle crash,V1: Travelling straight ahead,V1: W,Dry,Daylight,Clear,0,0,52,27,TRUE,41.94472389,-71.28236781
10375,3/29/2011,March,Tuesday,19:00,1,2,0,0,Rear-end,V1: Travelling straight ahead / V2: Slowing or stopped in traffic,V1: E  / V2: E,Dry,Dusk,Clear,0,0,52,27,TRUE,41.94701106,-71.2760815
10376,3/30/2011,March,Wednesday,17:45,1,2,0,0,Angle,V1: Travelling straight ahead / V2: Turning right,V1: E  / V2: S,Dry,Dusk,Clear,0,0,58,26,TRUE,41.93407766,-71.28161044
10377,3/31/2011,March,Thursday,15:42,1,2,0,0,Angle,V1: Travelling straight ahead / V2: Turning left,V1: W  / V2: E,Wet,Daylight,Cloudy,0.45,2,47,32,TRUE,41.95262126,-71.26975458
10378,3/31/2011,March,Thursday,17:08,1,2,0,0,Rear-end,V1: Travelling straight ahead / V2: Slowing or stopped in traffic,V1: N  / V2: N,Wet,Daylight,Snow,0.45,2,47,32,TRUE,41.94845803,-71.30212015
10379,3/31/2011,March,Thursday,19:33,1,2,0,0,Angle,V1: Entering traffic lane / V2: Travelling straight ahead,V1: S  / V2: W,Dry,Daylight,Clear,0.45,2,47,32,TRUE,41.91215946,-71.26429558
10380,3/31/2011,March,Thursday,23:07,2,1,1,0,Single vehicle crash,V1: Travelling straight ahead,V1: S,Wet,Dark - roadway not lighted,Snow,0.45,2,47,32,TRUE,41.97880581,-71.27906127
10381,4/1/2011,April,Friday,14:22,1,2,0,0,Angle,V1: Overtaking/passing / V2: Turning right,V1: N  / V2: E,Dry,Daylight,Clear,0.5,0,40,32,TRUE,41.95433338,-71.29671015
10382,4/1/2011,April,Friday,14:48,1,2,0,0,"Sideswipe, same direction",V1: Travelling straight ahead / V2: Changing lanes,V1: 0 / V2: W,Wet,Daylight,Cloudy,0.5,0,40,32,TRUE,41.9196173,-71.35943313
10383,4/1/2011,April,Friday,15:12,1,2,0,0,Rear-end,V1: Travelling straight ahead / V2: Slowing or stopped in traffic,V1: S  / V2: S,Wet,Daylight,Cloudy,0.5,0,40,32,TRUE,41.92560528,-71.3560508
10384,4/2/2011,April,Saturday,12:01,1,1,0,0,Single vehicle crash,V1: Travelling straight ahead,V1: N,Wet,Daylight,Cloudy,0,0,55,32,TRUE,41.95593405,-71.30346756
10385,4/2/2011,April,Saturday,20:15,1,1,0,0,Single vehicle crash,V1: Travelling straight ahead,V1: S,Dry,Dark - roadway not lighted,Clear,0,0,55,32,TRUE,41.92927403,-71.32377045
10386,4/3/2011,April,Sunday,11:41,2,2,1,0,"Sideswipe, same direction",V1: Changing lanes / V2: Travelling straight ahead,V1: S  / V2: S,Dry,Daylight,Clear,0,0,58,34,FALSE,41.92018996,-71.35841603
10387,4/3/2011,April,Sunday,14:30,2,3,2,0,Rear-end,V1: Travelling straight ahead / V2: Travelling straight ahead / V3: Travelling straight ahead,V1: N  / V2: N  / V3: N,Dry,Daylight,Clear,0,0,58,34,FALSE,41.90591337,-71.35681813
10388,4/4/2011,April,Monday,7:53,1,2,0,0,Rear-end,V1: Slowing or stopped in traffic / V2: Slowing or stopped in traffic,V1: S  / V2: S,Wet,Daylight,Cloudy/Rain,0.11,0,49,33,FALSE,41.94140605,-71.28436439
10389,4/4/2011,April,Monday,9:05,2,2,1,0,Single vehicle crash,V1: Other / V2: 0,V1: S  / V2: 0,Dry,Daylight,Cloudy,0.11,0,49,33,FALSE,41.96019116,-71.30118086
10390,4/4/2011,April,Monday,10:39,0,2,0,0,Rear-end,V1: Travelling straight ahead / V2: Travelling straight ahead,V1: N  / V2: N,Wet,Daylight,Cloudy/Rain,0.11,0,49,33,FALSE,41.96643836,-71.29074265
10391,4/4/2011,April,Monday,20:50,1,2,0,0,Angle,V1: Turning left / V2: Travelling straight ahead,V1: N  / V2: S,Dry,Dark - lighted roadway,Clear,0.11,0,49,33,FALSE,41.97095476,-71.29121735
10392,4/5/2011,April,Tuesday,15:20,2,2,1,0,Angle,V1: Travelling straight ahead / V2: Turning left,V1: E  / V2: W,Wet,Daylight,Cloudy,0.13,0,60,38,FALSE,41.95006744,-71.27542775
10393,4/7/2011,April,Thursday,17:30,1,2,0,0,Angle,V1: Travelling straight ahead / V2: Travelling straight ahead,V1: E  / V2: W,Dry,Daylight,Clear,0,0,56,28,TRUE,41.947438,-71.28724201
10394,4/7/2011,April,Thursday,18:54,1,2,0,0,Rear-end,V1: Slowing or stopped in traffic / V2: Travelling straight ahead,V1: E  / V2: E,Dry,Daylight,Cloudy,0,0,56,28,TRUE,41.93398416,-71.31904724
10395,4/7/2011,April,Thursday,19:15,1,2,0,0,Angle,V1: Entering traffic lane / V2: Travelling straight ahead,V1: S  / V2: W,Dry,Daylight,Clear,0,0,56,28,TRUE,41.93406554,-71.30574057
10396,4/8/2011,April,Friday,17:45,1,2,0,0,Angle,V1: Turning left / V2: Turning right,V1: 0 / V2: 0,Dry,Daylight,Clear,0,0,55,27,TRUE,41.94213878,-71.28262423
10397,4/8/2011,April,Friday,20:24,1,1,0,0,Single vehicle crash,V1: Travelling straight ahead,V1: S,Dry,Dark - roadway not lighted,Clear,0,0,55,27,TRUE,41.97396396,-71.29523823
10398,4/10/2011,April,Sunday,19:31,2,2,1,0,Angle,V1: Turning left / V2: Travelling straight ahead,V1: E  / V2: W,Dry,Daylight,Clear,0,0,62,36,FALSE,41.93357119,-71.30035285
10399,4/12/2011,April,Tuesday,5:48,1,2,0,0,Rear-end,V1: Travelling straight ahead / V2: Slowing or stopped in traffic,V1: N  / V2: N,Dry,Dawn,Cloudy,0.18,0,59,44,FALSE,41.91982212,-71.35857678
10400,4/12/2011,April,Tuesday,14:03,1,2,0,0,Head-on,V1: Turning right / V2: 0,V1: S  / V2: E,Wet,Daylight,Cloudy,0.18,0,59,44,FALSE,41.93821188,-71.25002331