ID,DATE,Month,Day of week,Crash Time,Crash Severity,Number of Vehicles,Total Nonfatal Injuries,Total Fatal Injuries,Manner of Collision,Vehicle Action Prior to Crash,Vehicle Travel Directions,Road Surface Condition,Ambient Light,Weather Condition,PRCP,SNOW,TMAX,TMIN,Ice,Longtitute,Latitute
10401,4/12/2011,April,Tuesday,15:52,2,2,1,0,Rear-end,V1: Slowing or stopped in traffic / V2: Slowing or stopped in traffic,V1: W  / V2: W,Wet,Daylight,Cloudy,0.18,0,59,44,FALSE,41.95484304,-71.28856385
10402,4/13/2011,April,Wednesday,0:40,2,1,2,0,"Sideswipe, same direction",V1: Travelling straight ahead,V1: S,Wet,Dark - roadway not lighted,Rain,1.66,0,48,42,FALSE,41.92927403,-71.32377045
10403,4/13/2011,April,Wednesday,20:40,1,2,0,0,Angle,V1: Entering traffic lane / V2: Travelling straight ahead,V1: W  / V2: N,Wet,Daylight,Cloudy/Rain,1.66,0,48,42,FALSE,41.89733197,-71.36979234
10404,4/14/2011,April,Thursday,14:11,1,2,0,0,Angle,V1: Entering traffic lane / V2: Travelling straight ahead,V1: S  / V2: E,Dry,Daylight,Clear,0.01,0,66,42,FALSE,34.24438675,-73.6513909
10405,4/14/2011,April,Thursday,17:00,1,2,0,0,Angle,V1: Turning right / V2: Overtaking/passing,V1: S  / V2: S,Dry,Daylight,Clear,0.01,0,66,42,FALSE,41.91918746,-71.29927116
10406,4/15/2011,April,Friday,11:40,2,2,1,0,Rear-to-rear,V1: Slowing or stopped in traffic / V2: Slowing or stopped in traffic,V1: N  / V2: N,Dry,Daylight,Clear,0,0,49,31,TRUE,41.90231125,-71.35597671
10407,4/15/2011,April,Friday,16:54,1,2,0,0,Rear-end,V1: Slowing or stopped in traffic / V2: Slowing or stopped in traffic,V1: 0 / V2: 0,Wet,Daylight,Cloudy/Rain,0,0,49,31,TRUE,41.90235081,-71.35584231
10408,4/15/2011,April,Friday,18:07,1,2,0,0,Rear-end,V1: Travelling straight ahead / V2: Slowing or stopped in traffic,V1: N  / V2: N,Dry,Daylight,Clear,0,0,49,31,TRUE,41.91360772,-71.36150084
10409,4/15/2011,April,Friday,18:53,2,2,1,0,Rear-end,V1: Travelling straight ahead / V2: Slowing or stopped in traffic,V1: E  / V2: E,Dry,Daylight,Clear,0,0,49,31,TRUE,41.93441875,-71.30730117
10410,4/15/2011,April,Friday,23:49,1,2,0,0,Angle,V1: Turning left / V2: Travelling straight ahead,V1: W  / V2: N,Dry,Daylight,Clear,0,0,49,31,TRUE,41.90081079,-71.36802017
10411,4/16/2011,April,Saturday,12:14,1,2,0,0,Rear-end,V1: Travelling straight ahead / V2: Parked,V1: N  / V2: N,Dry,Dark - roadway not lighted,Cloudy,0.17,0,48,30,TRUE,41.92203556,-71.35456894
10412,4/16/2011,April,Saturday,22:12,2,1,1,0,Single vehicle crash,V1: Slowing or stopped in traffic,V1: E,Dry,Daylight,Clear,0.17,0,48,30,TRUE,41.93624398,-71.26400311
10413,4/17/2011,April,Sunday,15:54,1,1,0,0,Angle,V1: Travelling straight ahead,V1: S,Dry,Daylight,Clear,1.24,0,66,47,FALSE,41.89733197,-71.36979234
10414,4/19/2011,April,Tuesday,12:39,1,2,0,0,Rear-end,V1: Travelling straight ahead / V2: Slowing or stopped in traffic,V1: S  / V2: S,Dry,Daylight,Cloudy,0.06,0,53,41,FALSE,41.93623387,-71.28481203
10415,4/19/2011,April,Tuesday,12:50,1,2,0,0,Rear-end,V1: Travelling straight ahead / V2: Travelling straight ahead,V1: N  / V2: N,Dry,Daylight,Clear,0.06,0,53,41,FALSE,41.90562745,-71.35675337
10416,4/20/2011,April,Wednesday,5:05,1,2,0,0,Angle,V1: Travelling straight ahead / V2: Travelling straight ahead,V1: E  / V2: N,Dry,Daylight,Clear,0,0,49,40,FALSE,41.93569218,-71.28018883
10417,4/20/2011,April,Wednesday,11:39,1,2,0,0,Angle,V1: Entering traffic lane / V2: Travelling straight ahead,V1: E  / V2: S,Dry,Daylight,Cloudy,0,0,49,40,FALSE,41.94121777,-71.2768631
10418,4/21/2011,April,Thursday,10:44,1,2,0,0,Angle,V1: Travelling straight ahead / V2: Turning right,V1: W  / V2: W,Dry,Daylight,Clear,0,0,57,37,FALSE,41.94313451,-71.27152156
10419,4/21/2011,April,Thursday,14:19,1,2,0,0,Angle,V1: Travelling straight ahead / V2: Backing,V1: S  / V2: 0,Dry,Daylight,Clear,0,0,57,37,FALSE,41.94289978,-71.28216962
10420,4/21/2011,April,Thursday,16:05,1,3,0,0,Rear-end,V1: Slowing or stopped in traffic / V2: Slowing or stopped in traffic / V3: Travelling straight ahead,V1: W  / V2: W  / V3: W,Dry,Daylight,Clear,0,0,57,37,FALSE,41.95358311,-71.26631062
10421,4/21/2011,April,Thursday,18:00,2,2,1,0,Head-on,V1: Turning left / V2: Travelling straight ahead,V1: N  / V2: S,Dry,Daylight,Clear,0,0,57,37,FALSE,41.90529604,-71.33573163
10422,4/22/2011,April,Friday,11:59,1,1,0,0,0,V1: Other,V1: 0,Dry,Daylight,Clear,0,0,56,31,TRUE,41.93704441,-71.2945536
10423,4/23/2011,April,Saturday,12:51,1,2,0,0,Angle,V1: Turning left / V2: Travelling straight ahead,V1: E  / V2: W,Wet,Daylight,Cloudy/Rain,0.53,0,52,41,FALSE,41.93359015,-71.30040441
10424,4/23/2011,April,Saturday,20:27,1,2,0,0,Rear-end,V1: Changing lanes / V2: Slowing or stopped in traffic,V1: N  / V2: N,Wet,Dark - lighted roadway,Cloudy,0.53,0,52,41,FALSE,41.92508738,-71.35628348
10425,4/25/2011,April,Monday,14:41,1,2,0,0,"Sideswipe, same direction",V1: Travelling straight ahead / V2: Changing lanes,V1: N  / V2: N,Dry,Daylight,Cloudy,0,0,65,48,FALSE,41.90231844,-71.35595143
10426,4/25/2011,April,Monday,19:04,1,2,0,0,Rear-end,V1: Slowing or stopped in traffic / V2: Travelling straight ahead,V1: 0 / V2: 0,Wet,Dusk,Cloudy,0,0,65,48,FALSE,41.9170943,-71.35975551
10427,4/26/2011,April,Tuesday,14:01,1,2,0,0,"Sideswipe, same direction",V1: Travelling straight ahead / V2: Travelling straight ahead,V1: W  / V2: W,Dry,Daylight,Clear,0,0,78,48,FALSE,41.95123805,-71.27279331
10428,4/27/2011,April,Wednesday,5:10,2,1,1,0,Single vehicle crash,V1: Travelling straight ahead,V1: W,Dry,Daylight,Clear,0.12,0,76,59,FALSE,34.24438675,-73.6513909
10429,4/27/2011,April,Wednesday,14:40,2,2,1,0,Rear-end,V1: Slowing or stopped in traffic / V2: Slowing or stopped in traffic,V1: S  / V2: S,Dry,Daylight,Cloudy,0.12,0,76,59,FALSE,41.9023143,-71.35595636
10430,4/27/2011,April,Wednesday,18:35,1,3,0,0,Angle,V1: Travelling straight ahead / V2: 0 / V3: Travelling straight ahead,V1: S  / V2: 0 / V3: N,Dry,Daylight,Clear,0.12,0,76,59,FALSE,41.9374227,-71.29402673
10431,4/28/2011,April,Thursday,3:46,1,2,0,0,Angle,V1: Travelling straight ahead / V2: Entering traffic lane,V1: S  / V2: N,Wet,Daylight,Cloudy/Rain,0.37,0,64,59,FALSE,41.91982212,-71.35857678
10432,4/28/2011,April,Thursday,12:19,1,1,0,0,Single vehicle crash,V1: Backing,V1: N,Wet,Daylight,Cloudy,0.37,0,64,59,FALSE,41.93353264,-71.28500259
10433,4/28/2011,April,Thursday,12:42,2,1,1,0,Single vehicle crash,V1: Travelling straight ahead,V1: S,Wet,Daylight,Rain,0.37,0,64,59,FALSE,41.89870872,-71.3690971
10434,4/28/2011,April,Thursday,16:11,1,2,0,0,Angle,V1: 0 / V2: Travelling straight ahead,V1: S  / V2: W,Wet,Daylight,Cloudy/Rain,0.37,0,64,59,FALSE,41.91819965,-71.36378494
10435,4/28/2011,April,Thursday,16:56,2,3,1,0,Rear-end,V1: Travelling straight ahead / V2: Slowing or stopped in traffic / V3: Slowing or stopped in traffic,V1: S  / V2: S  / V3: S,Wet,Daylight,Cloudy/Rain,0.37,0,64,59,FALSE,41.91982212,-71.35857678
10436,4/28/2011,April,Thursday,18:30,1,2,0,0,Angle,V1: Travelling straight ahead / V2: Turning right,V1: S  / V2: E,Dry,Daylight,Cloudy,0.37,0,64,59,FALSE,41.92521765,-71.28783389
10437,4/29/2011,April,Friday,9:43,1,2,0,0,"Sideswipe, same direction",V1: Overtaking/passing / V2: Slowing or stopped in traffic,V1: E  / V2: E,Dry,Daylight,Clear,0,0,75,55,FALSE,41.94465021,-71.28221355
10438,4/29/2011,April,Friday,16:37,1,2,0,0,Angle,V1: Travelling straight ahead / V2: Changing lanes,V1: N  / V2: N,Wet,Daylight,Clear,0,0,75,55,FALSE,41.89956012,-71.35528711
10439,4/29/2011,April,Friday,17:09,1,2,0,0,Rear-end,V1: Travelling straight ahead / V2: Slowing or stopped in traffic,V1: S  / V2: S,Dry,Daylight,Clear,0,0,75,55,FALSE,41.9446632,-71.28341486
10440,4/29/2011,April,Friday,20:16,1,3,0,0,Rear-end,V1: Slowing or stopped in traffic / V2: Slowing or stopped in traffic / V3: Travelling straight ahead,V1: N  / V2: N  / V3: N,Dry,Dark - lighted roadway,Clear,0,0,75,55,FALSE,41.95247714,-71.28958883
10441,4/30/2011,April,Saturday,3:40,0,1,0,0,Single vehicle crash,V1: Leaving traffic lane,V1: N,Dry,Dark - lighted roadway,Clear,0,0,62,43,FALSE,41.90898958,-71.31609431
10442,4/30/2011,April,Saturday,12:58,1,2,0,0,Angle,V1: Entering traffic lane / V2: Travelling straight ahead,V1: W  / V2: S,Dry,Daylight,Cloudy,0,0,62,43,FALSE,41.95430711,-71.29671779
10443,4/30/2011,April,Saturday,13:41,1,2,0,0,Rear-end,V1: Travelling straight ahead / V2: Slowing or stopped in traffic,V1: N  / V2: N,Dry,Daylight,Cloudy,0,0,62,43,FALSE,41.96712418,-71.29097941
10444,5/1/2011,May,Sunday,18:51,2,2,1,0,Angle,V1: Entering traffic lane / V2: Travelling straight ahead,V1: W  / V2: N,Dry,Daylight,Clear,0,0,59,38,FALSE,41.90081079,-71.36802017
10445,5/2/2011,May,Monday,13:42,1,2,0,0,Rear-end,V1: Travelling straight ahead / V2: Slowing or stopped in traffic,V1: S  / V2: S,Dry,Daylight,Clear,0,0,73,35,FALSE,41.94245198,-71.28698244
10446,5/3/2011,May,Tuesday,13:02,1,2,0,0,Rear-end,V1: Travelling straight ahead / V2: Slowing or stopped in traffic,V1: N  / V2: N,Dry,Daylight,Clear,0,0,72,51,FALSE,41.92508738,-71.35628348
10447,5/3/2011,May,Tuesday,16:42,1,2,0,0,Angle,V1: Turning left / V2: Travelling straight ahead,V1: W  / V2: E,Dry,Daylight,Cloudy,0,0,72,51,FALSE,41.92541831,-71.35750537
10448,5/3/2011,May,Tuesday,17:24,2,2,1,0,Rear-end,V1: Travelling straight ahead / V2: Travelling straight ahead,V1: S  / V2: S,Dry,Daylight,Cloudy,0,0,72,51,FALSE,41.95484304,-71.28856385
10449,5/3/2011,May,Tuesday,17:28,1,2,0,0,Angle,V1: Entering traffic lane / V2: Travelling straight ahead,V1: 0 / V2: 0,Dry,Daylight,Clear,0,0,72,51,FALSE,41.9348634,-71.29887283
10450,5/3/2011,May,Tuesday,17:50,1,2,0,0,Angle,V1: Turning left / V2: Slowing or stopped in traffic,V1: W  / V2: E,Dry,Daylight,Cloudy,0,0,72,51,FALSE,41.90086769,-71.36799095
10451,5/4/2011,May,Wednesday,7:35,1,1,0,0,Single vehicle crash,V1: Travelling straight ahead,V1: N,Wet,Dark - lighted roadway,Rain,0.44,0,64,47,FALSE,41.94003156,-71.31531882
10452,5/4/2011,May,Wednesday,9:13,1,2,0,0,Rear-end,V1: Slowing or stopped in traffic / V2: Slowing or stopped in traffic,V1: 0 / V2: E,Dry,Daylight,Cloudy,0.44,0,64,47,FALSE,41.93398416,-71.31904724
10453,5/4/2011,May,Wednesday,15:57,1,2,0,0,Angle,V1: Entering traffic lane / V2: Travelling straight ahead,V1: E  / V2: W,Wet,Daylight,Rain,0.44,0,64,47,FALSE,41.94583562,-71.28075083
10454,5/4/2011,May,Wednesday,22:28,1,2,0,0,"Sideswipe, same direction",V1: Changing lanes / V2: Travelling straight ahead,V1: S  / V2: S,Wet,Dark - 0 roadway lighting,Cloudy/Rain,0.44,0,64,47,FALSE,41.91619723,-71.35885587
10455,5/5/2011,May,Thursday,16:12,2,4,3,0,Rear-end,V1: Travelling straight ahead / V2: Travelling straight ahead / V3: Travelling straight ahead / V4: Travelling straight ahead,V1: 0 / V2: 0 / V3: 0 / V4: 0,Wet,Daylight,Cloudy/Rain,0.13,0,60,42,FALSE,41.9341021,-71.30369928
10456,5/5/2011,May,Thursday,16:30,1,2,0,0,Angle,V1: Turning right / V2: Travelling straight ahead,V1: W  / V2: N,Dry,Daylight,Cloudy/Rain,0.13,0,60,42,FALSE,41.90964751,-71.36351027
10457,5/5/2011,May,Thursday,17:40,1,2,0,0,Angle,V1: Entering traffic lane / V2: Travelling straight ahead,V1: W  / V2: N,Dry,Daylight,Clear,0.13,0,60,42,FALSE,41.91449065,-71.36105328
10458,5/6/2011,May,Friday,8:28,1,2,0,0,"Sideswipe, same direction",V1: Changing lanes / V2: Travelling straight ahead,V1: S  / V2: S,Dry,Daylight,Clear,0,0,70,41,FALSE,41.96019116,-71.30118086
10459,5/6/2011,May,Friday,19:09,1,5,0,0,Angle,V1: Other / V2: Parked / V3: Parked / V4: Parked / V5: Slowing or stopped in traffic,V1: E  / V2: 0 / V3: 0 / V4: 0 / V5: 0,Dry,Dusk,Clear,0,0,70,41,FALSE,41.89625678,-71.37035697
10460,5/7/2011,May,Saturday,15:00,1,2,0,0,Angle,V1: Turning left / V2: Travelling straight ahead,V1: E  / V2: N,Dry,Daylight,Cloudy,0.26,0,71,49,FALSE,41.91360772,-71.36150084
10461,5/7/2011,May,Saturday,18:31,1,2,0,0,Angle,V1: Turning right / V2: Travelling straight ahead,V1: N  / V2: N,Dry,Daylight,Cloudy,0.26,0,71,49,FALSE,41.94210306,-71.26984487
10462,5/7/2011,May,Saturday,20:38,1,2,0,0,Rear-end,V1: Travelling straight ahead / V2: Travelling straight ahead,V1: S  / V2: S,Wet,Dark - lighted roadway,Cloudy,0.26,0,71,49,FALSE,41.93821188,-71.25002331
10463,5/7/2011,May,Saturday,22:20,1,2,0,0,"Sideswipe, opposite direction",V1: Travelling straight ahead / V2: 0,V1: E  / V2: W,Dry,Daylight,Clear,0.26,0,71,49,FALSE,41.89700718,-71.37329333
10464,5/8/2011,May,Sunday,3:35,1,3,0,0,Rear-end,V1: Travelling straight ahead / V2: Travelling straight ahead / V3: Travelling straight ahead,V1: N  / V2: N  / V3: N,Dry,Dark - roadway not lighted,Cloudy,0,0,61,44,FALSE,41.95593405,-71.30346756
10465,5/9/2011,May,Monday,20:37,1,2,0,0,Rear-end,V1: Backing / V2: Travelling straight ahead,V1: W  / V2: W,Dry,Daylight,Clear,0,0,69,46,FALSE,41.94774199,-71.2839801
10466,5/10/2011,May,Tuesday,11:18,1,1,0,0,Single vehicle crash,V1: Travelling straight ahead,V1: 0,Wet,Daylight,Rain,0.04,0,59,47,FALSE,34.24438675,-73.6513909
10467,5/10/2011,May,Tuesday,12:08,1,2,0,0,Rear-end,V1: Backing / V2: Slowing or stopped in traffic,V1: W  / V2: W,Wet,Daylight,Cloudy/Rain,0.04,0,59,47,FALSE,41.9483337,-71.27794679
10468,5/10/2011,May,Tuesday,15:01,2,2,1,0,Rear-end,V1: Slowing or stopped in traffic / V2: Travelling straight ahead,V1: N  / V2: N,Dry,Daylight,Cloudy,0.04,0,59,47,FALSE,41.93608923,-71.296466
10469,5/10/2011,May,Tuesday,15:22,2,2,2,0,Angle,V1: Travelling straight ahead / V2: Turning left,V1: W  / V2: S,Wet,Daylight,Cloudy,0.04,0,59,47,FALSE,41.94757814,-71.27890389
10470,5/10/2011,May,Tuesday,17:35,1,2,0,0,Rear-end,V1: Travelling straight ahead / V2: Slowing or stopped in traffic,V1: W  / V2: W,Dry,Daylight,Cloudy,0.04,0,59,47,FALSE,41.89804027,-71.37674712
10471,5/11/2011,May,Wednesday,12:51,1,2,0,0,"Sideswipe, same direction",V1: Entering traffic lane / V2: Travelling straight ahead,V1: E  / V2: E,Dry,Daylight,Cloudy,0.04,0,64,47,FALSE,41.94382694,-71.2799293
10472,5/12/2011,May,Thursday,19:18,1,2,0,0,Angle,V1: Entering traffic lane / V2: 0,V1: S  / V2: E,Wet,Dusk,Clear,0,0,60,46,FALSE,41.92387717,-71.35158914
10473,5/13/2011,May,Friday,16:34,1,2,0,0,"Sideswipe, same direction",V1: Overtaking/passing / V2: Travelling straight ahead,V1: N  / V2: N,Dry,Daylight,Clear,0,0,70,41,FALSE,41.92958945,-71.34515269
10474,5/14/2011,May,Saturday,16:40,1,2,0,0,Rear-end,V1: Travelling straight ahead / V2: Turning left,V1: N  / V2: N,Dry,Daylight,Clear,0,0,67,43,FALSE,41.9483337,-71.27794679
10475,5/14/2011,May,Saturday,16:40,2,2,2,0,"Sideswipe, same direction",V1: Changing lanes / V2: Travelling straight ahead,V1: N  / V2: N,Dry,Daylight,Cloudy,0,0,67,43,FALSE,41.95517503,-71.3039697
10476,5/14/2011,May,Saturday,19:15,2,3,1,0,Rear-end,V1: Slowing or stopped in traffic / V2: Travelling straight ahead / V3: Changing lanes,V1: S  / V2: S  / V3: S,Dry,Daylight,Cloudy,0,0,67,43,FALSE,41.96019116,-71.30118086
10477,5/15/2011,May,Sunday,7:28,1,2,0,0,Angle,V1: Turning left / V2: Travelling straight ahead,V1: N  / V2: S,Dry,Daylight,Cloudy,0.7,0,70,50,FALSE,41.90086769,-71.36799095
10478,5/15/2011,May,Sunday,19:52,1,2,0,0,Rear-end,V1: Travelling straight ahead / V2: Changing lanes,V1: N  / V2: N,Dry,Dark - roadway not lighted,Cloudy,0.7,0,70,50,FALSE,41.95593405,-71.30346756
10479,5/15/2011,May,Sunday,20:57,2,2,1,0,Rear-end,V1: Travelling straight ahead / V2: 0,V1: E  / V2: E,Dry,Dark - lighted roadway,Cloudy,0.7,0,70,50,FALSE,41.9544421,-71.28597225
10480,5/16/2011,May,Monday,14:14,2,3,2,0,Rear-end,V1: Slowing or stopped in traffic / V2: Slowing or stopped in traffic / V3: Slowing or stopped in traffic,V1: E  / V2: E  / V3: E,Wet,Daylight,Cloudy/Rain,0.14,0,51,47,FALSE,41.94431166,-71.28140274
10481,5/16/2011,May,Monday,18:14,2,1,1,0,Single vehicle crash,V1: Travelling straight ahead,V1: S,Wet,Daylight,Rain,0.14,0,51,47,FALSE,41.93503657,-71.2848971
10482,5/16/2011,May,Monday,20:33,1,2,0,0,Angle,V1: Turning left / V2: Travelling straight ahead,V1: W  / V2: S,Wet,Dark - lighted roadway,Cloudy/Rain,0.14,0,51,47,FALSE,41.94701106,-71.2760815
10483,5/17/2011,May,Tuesday,23:32,2,2,1,0,Single vehicle crash,V1: Travelling straight ahead / V2: 0,V1: W  / V2: 0,Wet,Dark - roadway not lighted,Rain,0.34,0,50,47,FALSE,41.96297142,-71.28899391
10484,5/18/2011,May,Wednesday,14:30,1,2,0,0,"Sideswipe, same direction",V1: Turning right / V2: Travelling straight ahead,V1: N  / V2: W,Wet,Daylight,Rain,0.13,0,62,50,FALSE,41.92241545,-71.31336866
10485,5/18/2011,May,Wednesday,16:56,2,1,1,0,Single vehicle crash,V1: Travelling straight ahead,V1: S,Wet,Daylight,Cloudy,0.13,0,62,50,FALSE,41.90636683,-71.31709721
10486,5/18/2011,May,Wednesday,19:11,1,2,0,0,Rear-end,V1: Changing lanes / V2: Slowing or stopped in traffic,V1: S  / V2: 0,Wet,Daylight,Cloudy/Rain,0.13,0,62,50,FALSE,41.95260998,-71.26978509
10487,5/19/2011,May,Thursday,10:10,1,2,0,0,"Sideswipe, same direction",V1: Travelling straight ahead / V2: Changing lanes,V1: N  / V2: N,Wet,Daylight,Cloudy,0.32,0,71,52,FALSE,41.95593405,-71.30346756
10488,5/19/2011,May,Thursday,13:35,1,2,0,0,Rear-end,V1: Travelling straight ahead / V2: Slowing or stopped in traffic,V1: N  / V2: N,Wet,Daylight,Cloudy,0.32,0,71,52,FALSE,41.89989056,-71.38003733
10489,5/19/2011,May,Thursday,16:47,2,2,1,0,Rear-end,V1: Travelling straight ahead / V2: Slowing or stopped in traffic,V1: 0 / V2: 0,Wet,Daylight,Rain,0.32,0,71,52,FALSE,41.95234013,-71.29601132
10490,5/19/2011,May,Thursday,17:44,1,2,0,0,Rear-end,V1: Travelling straight ahead / V2: Slowing or stopped in traffic,V1: E  / V2: E,Dry,Daylight,Clear,0.32,0,71,52,FALSE,41.9527198,-71.26948817
10491,5/19/2011,May,Thursday,18:14,1,2,0,0,Rear-end,V1: Travelling straight ahead / V2: Slowing or stopped in traffic,V1: N  / V2: N,Wet,Daylight,Cloudy/Rain,0.32,0,71,52,FALSE,41.89822635,-71.35493642
10492,5/20/2011,May,Friday,6:58,1,2,0,0,Angle,V1: Travelling straight ahead / V2: Travelling straight ahead,V1: S  / V2: E,Wet,Daylight,Cloudy,0.07,0,74,52,FALSE,41.9404815,-71.28139686
10493,5/21/2011,May,Saturday,12:10,1,2,0,0,Angle,V1: Turning left / V2: Travelling straight ahead,V1: W  / V2: N,Dry,Daylight,Clear,0,0,76,48,FALSE,41.95484304,-71.28856385
10494,5/23/2011,May,Monday,1:59,1,1,0,0,Single vehicle crash,V1: Travelling straight ahead,V1: S,Dry,Dark - roadway not lighted,Cloudy,0.07,0,64,48,FALSE,41.93150481,-71.33366365
10495,5/23/2011,May,Monday,3:45,2,1,1,0,Single vehicle crash,V1: Travelling straight ahead,V1: S,Dry,Dark - roadway not lighted,Clear,0.07,0,64,48,FALSE,41.92927403,-71.32377045
10496,5/23/2011,May,Monday,5:30,1,3,0,0,Rear-end,V1: Travelling straight ahead / V2: Travelling straight ahead / V3: Travelling straight ahead,V1: W  / V2: W  / V3: W,Wet,Daylight,Cloudy/Rain,0.07,0,64,48,FALSE,41.95305339,-71.27718856
10497,5/23/2011,May,Monday,10:30,2,2,1,0,Rear-end,V1: Slowing or stopped in traffic / V2: Travelling straight ahead,V1: S  / V2: S,Dry,Daylight,Clear,0.07,0,64,48,FALSE,41.90261276,-71.35590972
10498,5/24/2011,May,Tuesday,7:49,2,2,4,0,Angle,V1: Entering traffic lane / V2: Travelling straight ahead,V1: W  / V2: N,Dry,Daylight,Cloudy,0.42,0,80,62,FALSE,41.90964751,-71.36351027
10499,5/24/2011,May,Tuesday,9:45,2,2,1,0,Angle,V1: Changing lanes / V2: Travelling straight ahead,V1: N  / V2: N,Dry,Daylight,Cloudy,0.42,0,80,62,FALSE,41.90053869,-71.36201959
10500,5/24/2011,May,Tuesday,12:18,2,3,1,0,Rear-end,V1: Slowing or stopped in traffic / V2: Travelling straight ahead / V3: Travelling straight ahead,V1: N  / V2: N  / V3: N,Dry,Daylight,Clear,0.42,0,80,62,FALSE,41.92762143,-71.35470547
10501,5/24/2011,May,Tuesday,12:36,1,2,0,0,"Sideswipe, same direction",V1: Changing lanes / V2: Travelling straight ahead,V1: N  / V2: N,Dry,Daylight,Clear,0.42,0,80,62,FALSE,41.92608921,-71.35578036
10502,5/24/2011,May,Tuesday,16:26,1,2,0,0,Rear-end,V1: Slowing or stopped in traffic / V2: Travelling straight ahead,V1: S  / V2: S,Dry,Daylight,Cloudy,0.42,0,80,62,FALSE,41.93742983,-71.26519759
10503,5/25/2011,May,Wednesday,20:10,1,2,0,0,Angle,V1: Travelling straight ahead / V2: Entering traffic lane,V1: S  / V2: W,Dry,Dusk,Clear,0,0,78,57,FALSE,41.92762143,-71.35470547
10504,5/26/2011,May,Thursday,14:53,2,2,3,0,Rear-end,V1: Travelling straight ahead / V2: Travelling straight ahead,V1: E  / V2: E,Dry,Daylight,Clear,0,0,78,54,FALSE,41.95260998,-71.26978509
10505,5/26/2011,May,Thursday,17:30,1,2,0,0,Angle,V1: Travelling straight ahead / V2: Turning left,V1: W  / V2: E,Dry,Daylight,Clear,0,0,78,54,FALSE,41.9446632,-71.28341486
10506,5/26/2011,May,Thursday,19:18,1,2,0,0,"Sideswipe, same direction",V1: Changing lanes / V2: Travelling straight ahead,V1: N  / V2: N,Dry,Daylight,Cloudy,0,0,78,54,FALSE,41.90565961,-71.35666401
10507,5/27/2011,May,Friday,16:52,1,2,0,0,Rear-end,V1: Turning left / V2: Travelling straight ahead,V1: E  / V2: E,Dry,Daylight,Clear,0,0,90,63,FALSE,41.94861042,-71.27758702
10508,5/29/2011,May,Sunday,5:15,2,1,1,0,Single vehicle crash,V1: Travelling straight ahead,V1: E,Dry,Daylight,Clear,0,0,82,65,FALSE,41.94873143,-71.30181727
10509,5/29/2011,May,Sunday,14:15,1,2,0,0,Angle,V1: Travelling straight ahead / V2: Travelling straight ahead,V1: N  / V2: E,Dry,Daylight,Clear,0,0,82,65,FALSE,41.95056017,-71.27440404
10510,5/29/2011,May,Sunday,22:25,1,2,0,0,Rear-end,V1: Turning left / V2: Travelling straight ahead,V1: S  / V2: S,Dry,Dark - lighted roadway,Clear,0,0,82,65,FALSE,41.92639534,-71.35557363
10511,5/31/2011,May,Tuesday,12:25,2,2,2,0,Angle,V1: Travelling straight ahead / V2: Turning left,V1: N  / V2: W,Dry,Daylight,Clear,0,0,85,62,FALSE,41.92755534,-71.35475097
10512,5/31/2011,May,Tuesday,16:11,2,2,1,0,"Sideswipe, same direction",V1: Making U-turn / V2: Travelling straight ahead,V1: 0 / V2: W,Dry,Daylight,Clear,0,0,85,62,FALSE,41.92286924,-71.35342782
10513,5/31/2011,May,Tuesday,17:41,1,1,0,0,Single vehicle crash,V1: Travelling straight ahead,V1: N,Dry,Daylight,Clear,0,0,85,62,FALSE,41.91786024,-71.22693464
10514,6/1/2011,June,Wednesday,15:03,2,2,1,0,"Sideswipe, opposite direction",V1: Travelling straight ahead / V2: Travelling straight ahead,V1: E  / V2: E,Dry,Daylight,Clear,0.03,0,81,61,FALSE,41.95019661,-71.29508517
10515,6/2/2011,June,Thursday,2:43,1,1,0,0,Single vehicle crash,V1: Travelling straight ahead,V1: S,Dry,Dark - lighted roadway,Clear,0,0,79,52,FALSE,41.90314872,-71.37275935
10516,6/2/2011,June,Thursday,6:48,1,2,0,0,Rear-end,V1: Slowing or stopped in traffic / V2: Slowing or stopped in traffic,V1: E  / V2: E,Dry,Daylight,Clear,0,0,79,52,FALSE,41.93396194,-71.31986685
10517,6/2/2011,June,Thursday,13:50,2,2,1,0,Rear-end,V1: Slowing or stopped in traffic / V2: Turning right,V1: N  / V2: N,Dry,Daylight,Clear,0,0,79,52,FALSE,41.91732039,-71.35849213
10518,6/2/2011,June,Thursday,14:05,1,2,0,0,Angle,V1: Turning right / V2: Travelling straight ahead,V1: S  / V2: S,Dry,Daylight,Clear,0,0,79,52,FALSE,41.94705951,-71.27957967
10519,6/2/2011,June,Thursday,15:47,1,3,0,0,Rear-end,V1: Slowing or stopped in traffic / V2: Slowing or stopped in traffic / V3: Slowing or stopped in traffic,V1: W  / V2: W  / V3: W,Dry,Daylight,Clear,0,0,79,52,FALSE,41.93608922,-71.296466
10520,6/2/2011,June,Thursday,15:50,2,1,1,0,Single vehicle crash,V1: Travelling straight ahead,V1: S,Dry,Daylight,Clear,0,0,79,52,FALSE,41.90261276,-71.35590972
10521,6/2/2011,June,Thursday,17:45,1,2,0,0,Angle,V1: Entering traffic lane / V2: Travelling straight ahead,V1: 0 / V2: 0,Dry,Daylight,Clear,0,0,79,52,FALSE,41.93421769,-71.2996754
10522,6/2/2011,June,Thursday,20:02,2,2,1,0,Rear-end,V1: Travelling straight ahead / V2: Slowing or stopped in traffic,V1: S  / V2: S,Dry,Daylight,Clear,0,0,79,52,FALSE,41.97015292,-71.29135147
10523,6/2/2011,June,Thursday,21:20,1,1,0,0,Single vehicle crash,V1: Travelling straight ahead,V1: W,Dry,Dark - lighted roadway,Clear,0,0,79,52,FALSE,41.93358571,-71.32352844