ID,DATE,Month,Day of week,Crash Time,Crash Severity,Number of Vehicles,Total Nonfatal Injuries,Total Fatal Injuries,Manner of Collision,Vehicle Action Prior to Crash,Vehicle Travel Directions,Road Surface Condition,Ambient Light,Weather Condition,PRCP,SNOW,TMAX,TMIN,Ice,Longtitute,Latitute
10524,6/3/2011,June,Friday,13:46,1,1,0,0,Single vehicle crash,V1: Leaving traffic lane,V1: N,Dry,Daylight,Clear,0,0,72,50,FALSE,34.24438675,-73.6513909
10525,6/4/2011,June,Saturday,15:29,1,2,0,0,Rear-end,V1: Travelling straight ahead / V2: Slowing or stopped in traffic,V1: N  / V2: N,Dry,Daylight,Clear,0,0,68,45,FALSE,41.94757814,-71.27890389
10526,6/5/2011,June,Sunday,22:21,1,2,0,0,Rear-end,V1: Turning left / V2: Parked,V1: E  / V2: 0,Dry,Dark - lighted roadway,Clear,0,0,74,41,FALSE,41.9405869,-71.29142338
10527,6/6/2011,June,Monday,8:50,2,2,1,0,Angle,V1: Turning left / V2: Turning left,V1: 0 / V2: 0,Dry,Daylight,Clear,0,0,82,51,FALSE,41.94140605,-71.28436439
10528,6/6/2011,June,Monday,11:39,1,2,0,0,"Sideswipe, same direction",V1: Changing lanes / V2: Travelling straight ahead,V1: N  / V2: N,Dry,Daylight,Clear,0,0,82,51,FALSE,41.94450501,-71.28411703
10529,6/6/2011,June,Monday,14:49,2,1,1,0,Single vehicle crash,V1: Travelling straight ahead,V1: S,Dry,Daylight,Clear,0,0,82,51,FALSE,41.92910435,-71.30316001
10530,6/7/2011,June,Tuesday,15:54,1,4,0,0,Rear-end,V1: Slowing or stopped in traffic / V2: Slowing or stopped in traffic / V3: Slowing or stopped in traffic / V4: Slowing or stopped in traffic,V1: E  / V2: E  / V3: E  / V4: E,Dry,Daylight,Clear,0,0,92,55,FALSE,41.96943481,-71.29290798
10531,6/8/2011,June,Wednesday,5:50,2,2,1,0,Rear-end,V1: Travelling straight ahead / V2: Travelling straight ahead,V1: S  / V2: S,Dry,Daylight,Clear,0.02,0,96,62,FALSE,41.95338618,-71.28917553
10532,6/8/2011,June,Wednesday,18:54,2,1,1,0,Single vehicle crash,V1: Travelling straight ahead,V1: W,Dry,Dawn,Clear,0.02,0,96,62,FALSE,41.90924405,-71.3389641
10533,6/8/2011,June,Wednesday,21:09,1,2,0,0,Head-on,V1: Travelling straight ahead / V2: Turning left,V1: E  / V2: W,Dry,Dark - lighted roadway,Cloudy,0.02,0,96,62,FALSE,41.93268269,-71.29622047
10534,6/9/2011,June,Thursday,3:52,1,1,0,0,Single vehicle crash,V1: Travelling straight ahead,V1: S,Dry,Dark - lighted roadway,Clear,0.48,0,91,66,FALSE,41.90261276,-71.35590972
10535,6/9/2011,June,Thursday,13:23,2,1,1,0,Angle,V1: Travelling straight ahead,V1: S,Dry,Daylight,Clear,0.48,0,91,66,FALSE,41.94330896,-71.27265641
10536,6/10/2011,June,Friday,12:16,1,1,0,0,"Sideswipe, same direction",V1: Travelling straight ahead,V1: N,Dry,Daylight,Cloudy,0,0,81,62,FALSE,41.90998013,-71.35802082
10537,6/11/2011,June,Saturday,1:26,1,1,0,0,Single vehicle crash,V1: Travelling straight ahead,V1: N,Dry,Dark - lighted roadway,Clear,0.25,0,63,52,FALSE,41.90231844,-71.35595143
10538,6/11/2011,June,Saturday,4:04,2,1,1,0,Single vehicle crash,V1: Leaving traffic lane,V1: S,Dry,Dark - lighted roadway,Cloudy,0.25,0,63,52,FALSE,41.91740145,-71.25758362
10539,6/11/2011,June,Saturday,10:24,1,2,0,0,Angle,V1: Turning left / V2: Travelling straight ahead,V1: W  / V2: N,Wet,Daylight,Cloudy/Rain,0.25,0,63,52,FALSE,41.89863276,-71.35506105
10540,6/11/2011,June,Saturday,13:34,1,2,0,0,Rear-end,V1: Travelling straight ahead / V2: Slowing or stopped in traffic,V1: N  / V2: N,Wet,Daylight,Cloudy/Rain,0.25,0,63,52,FALSE,41.90998013,-71.35802082
10541,6/12/2011,June,Sunday,16:55,1,2,0,0,Rear-end,V1: Travelling straight ahead / V2: Slowing or stopped in traffic,V1: N  / V2: N,Dry,Daylight,Cloudy,0.9,0,59,52,FALSE,41.90998013,-71.35802082
10542,6/13/2011,June,Monday,8:54,1,2,0,0,Rear-end,V1: Travelling straight ahead / V2: Slowing or stopped in traffic,V1: N  / V2: N,Wet,Daylight,Cloudy,0.12,0,68,53,FALSE,41.91640833,-71.33956115
10543,6/13/2011,June,Monday,12:31,1,1,0,0,Single vehicle crash,V1: Travelling straight ahead,V1: 0,Dry,Daylight,Clear,0.12,0,68,53,FALSE,41.94047537,-71.2510767
10544,6/13/2011,June,Monday,13:28,1,2,0,0,Angle,V1: Travelling straight ahead / V2: Travelling straight ahead,V1: W  / V2: S,Dry,Daylight,Clear,0.12,0,68,53,FALSE,41.93830895,-71.28203041
10545,6/13/2011,June,Monday,13:39,1,2,0,0,"Sideswipe, same direction",V1: Changing lanes / V2: Travelling straight ahead,V1: N  / V2: N,Dry,Daylight,Cloudy,0.12,0,68,53,FALSE,41.92014285,-71.35719783
10546,6/13/2011,June,Monday,14:00,1,2,0,0,"Sideswipe, same direction",V1: Travelling straight ahead / V2: Travelling straight ahead,V1: N  / V2: N,Dry,Daylight,Cloudy,0.12,0,68,53,FALSE,41.92014285,-71.35719783
10547,6/13/2011,June,Monday,19:15,2,1,1,0,0,V1: Making U-turn,V1: N,Dry,Dusk,Clear,0.12,0,68,53,FALSE,41.92735023,-71.30565163
10548,6/14/2011,June,Tuesday,11:18,2,1,1,0,Single vehicle crash,V1: Travelling straight ahead,V1: N,Dry,Daylight,Clear,0.06,0,59,51,FALSE,41.92886018,-71.3230987
10549,6/14/2011,June,Tuesday,15:42,1,2,0,0,Rear-end,V1: Overtaking/passing / V2: Slowing or stopped in traffic,V1: S  / V2: S,Dry,Daylight,Cloudy,0.06,0,59,51,FALSE,41.93608923,-71.296466
10550,6/15/2011,June,Wednesday,20:05,2,1,1,0,Single vehicle crash,V1: Travelling straight ahead,V1: N,Dry,Daylight,Clear,0,0,74,51,FALSE,34.24438675,-73.6513909
10551,6/16/2011,June,Thursday,18:20,1,2,0,0,Angle,V1: Travelling straight ahead / V2: Travelling straight ahead,V1: E  / V2: N,Dry,Daylight,Clear,0,0,89,52,FALSE,41.89766936,-71.36570621
10552,6/17/2011,June,Friday,10:53,1,2,0,0,Angle,V1: Making U-turn / V2: Travelling straight ahead,V1: E  / V2: W,Wet,Daylight,Cloudy,0.25,0,72,60,FALSE,41.93358571,-71.32352844
10553,6/17/2011,June,Friday,14:35,1,2,0,0,Angle,V1: Travelling straight ahead / V2: Travelling straight ahead,V1: 0 / V2: 0,Dry,Daylight,Clear,0.25,0,72,60,FALSE,41.93918335,-71.28177085
10554,6/17/2011,June,Friday,22:13,1,2,0,0,Rear-end,V1: Slowing or stopped in traffic / V2: Travelling straight ahead,V1: S  / V2: S,Wet,Dark - lighted roadway,Cloudy/Rain,0.25,0,72,60,FALSE,41.92508738,-71.35628348
10555,6/17/2011,June,Friday,22:40,1,1,0,0,Single vehicle crash,V1: Travelling straight ahead,V1: E,Wet,Dark - lighted roadway,Rain,0.25,0,72,60,FALSE,41.90940966,-71.36263732
10556,6/18/2011,June,Saturday,3:00,1,1,0,0,"Sideswipe, same direction",V1: Travelling straight ahead,V1: N,Wet,Dark - roadway not lighted,Cloudy,0,0,86,62,FALSE,41.92886018,-71.3230987
10557,6/18/2011,June,Saturday,13:30,1,2,0,0,Rear-end,V1: Travelling straight ahead / V2: Travelling straight ahead,V1: W  / V2: W,Dry,Daylight,Clear,0,0,86,62,FALSE,41.93359015,-71.30040441
10558,6/18/2011,June,Saturday,23:13,1,1,0,0,Single vehicle crash,V1: Travelling straight ahead,V1: W,Dry,Dark - lighted roadway,Clear,0,0,86,62,FALSE,41.9503588,-71.29833749
10559,6/20/2011,June,Monday,8:13,1,2,0,0,Angle,V1: Turning right / V2: Travelling straight ahead,V1: N  / V2: N,Dry,Daylight,Clear,0,0,84,52,FALSE,41.90964751,-71.36351027
10560,6/20/2011,June,Monday,13:15,1,2,0,0,Angle,V1: Turning left / V2: Travelling straight ahead,V1: W  / V2: N,Dry,Daylight,Clear,0,0,84,52,FALSE,41.92013171,-71.35844148
10561,6/20/2011,June,Monday,13:31,1,2,0,0,Angle,V1: Travelling straight ahead / V2: Travelling straight ahead,V1: N  / V2: W,Dry,Daylight,Clear,0,0,84,52,FALSE,41.94330896,-71.27265641
10562,6/20/2011,June,Monday,15:20,0,2,0,0,Rear-end,V1: Slowing or stopped in traffic / V2: Travelling straight ahead,V1: 0 / V2: 0,Dry,Daylight,Clear,0,0,84,52,FALSE,41.94496867,-71.28468664
10563,6/21/2011,June,Tuesday,6:20,1,2,0,0,Angle,V1: Entering traffic lane / V2: Travelling straight ahead,V1: E  / V2: E,Dry,Daylight,Clear,0,0,86,56,FALSE,41.93400377,-71.31615871
10564,6/22/2011,June,Wednesday,7:43,1,2,0,0,Rear-end,V1: Slowing or stopped in traffic / V2: Travelling straight ahead,V1: N  / V2: N,Dry,Daylight,Cloudy,0.88,0,72,66,FALSE,41.97015292,-71.29135147
10565,6/22/2011,June,Wednesday,8:31,1,2,0,0,Rear-end,V1: Slowing or stopped in traffic / V2: Travelling straight ahead,V1: N  / V2: N,Wet,Daylight,Cloudy/Rain,0.88,0,72,66,FALSE,41.9148212,-71.25770714
10566,6/22/2011,June,Wednesday,12:54,1,2,0,0,Angle,V1: Travelling straight ahead / V2: Travelling straight ahead,V1: S  / V2: E,Wet,Daylight,Rain,0.88,0,72,66,FALSE,41.9370756,-71.28238678
10567,6/22/2011,June,Wednesday,16:13,1,2,0,0,Angle,V1: Turning left / V2: Travelling straight ahead,V1: E  / V2: N,Wet,Daylight,Cloudy/Rain,0.88,0,72,66,FALSE,41.95484304,-71.28856385
10568,6/23/2011,June,Thursday,16:23,1,2,0,0,Rear-end,V1: Travelling straight ahead / V2: Slowing or stopped in traffic,V1: S  / V2: S,Wet,Daylight,Rain,0.25,0,66,58,FALSE,41.90998013,-71.35802082
10569,6/23/2011,June,Thursday,22:36,2,1,1,0,Single vehicle crash,V1: Travelling straight ahead,V1: S,Dry,Dark - lighted roadway,Clear,0.25,0,66,58,FALSE,41.91407149,-71.28230063
10570,6/25/2011,June,Saturday,13:30,1,2,0,0,Rear-end,V1: Travelling straight ahead / V2: Slowing or stopped in traffic,V1: S  / V2: N,Dry,Daylight,Clear,0.23,0,76,57,FALSE,41.92014284,-71.35719783
10571,6/25/2011,June,Saturday,23:54,2,1,1,0,Single vehicle crash,V1: Travelling straight ahead,V1: 0,Dry,Daylight,Clear,0.23,0,76,57,FALSE,41.91740145,-71.25758362
10572,6/26/2011,June,Sunday,16:55,1,2,0,0,Rear-end,V1: Travelling straight ahead / V2: Slowing or stopped in traffic,V1: N  / V2: N,Dry,Daylight,Cloudy,0.01,0,81,61,FALSE,41.9120082,-71.2587778
10573,6/26/2011,June,Sunday,20:00,1,1,0,0,Head-on,V1: Turning right,V1: N,Wet,Daylight,Cloudy/Rain,0.01,0,81,61,FALSE,41.9317298,-71.3012081
10574,6/27/2011,June,Monday,14:13,2,3,1,0,Rear-end,V1: Slowing or stopped in traffic / V2: Travelling straight ahead / V3: Travelling straight ahead,V1: E  / V2: E  / V3: E,Dry,Daylight,Clear,0,0,87,62,FALSE,41.93403731,-71.30601704
10575,6/27/2011,June,Monday,17:35,2,1,1,0,Single vehicle crash,V1: Travelling straight ahead,V1: N,Dry,Daylight,Clear,0,0,87,62,FALSE,41.90934583,-71.38094357
10576,6/29/2011,June,Wednesday,11:20,1,1,0,0,Single vehicle crash,V1: Travelling straight ahead,V1: 0,Dry,Daylight,Clear,0,0,88,64,FALSE,41.9191518,-71.35268122
10577,6/30/2011,June,Thursday,10:48,1,1,0,0,Single vehicle crash,V1: Travelling straight ahead,V1: W,Dry,Daylight,Clear,0,0,83,59,FALSE,41.92616865,-71.3603011
10578,7/3/2011,July,Sunday,13:30,1,2,0,0,Angle,V1: Changing lanes / V2: Travelling straight ahead,V1: N  / V2: S,Dry,Daylight,Cloudy,0,0,81,64,FALSE,41.94066438,-71.28948653
10579,7/5/2011,July,Tuesday,22:16,1,2,0,0,Rear-end,V1: Turning left / V2: Parked,V1: W  / V2: 0,Dry,Daylight,Clear,0,0,94,65,FALSE,41.93698246,-71.29280726
10580,7/6/2011,July,Wednesday,15:17,2,2,1,0,Head-on,V1: Turning left / V2: Slowing or stopped in traffic,V1: W  / V2: S,Dry,Daylight,Clear,0,0,92,62,FALSE,41.89721113,-71.36942089
10581,7/6/2011,July,Wednesday,17:25,1,2,0,0,Angle,V1: Travelling straight ahead / V2: Slowing or stopped in traffic,V1: S  / V2: S,Dry,Daylight,Clear,0,0,92,62,FALSE,41.91482581,-71.36088324
10582,7/6/2011,July,Wednesday,20:46,2,1,1,0,Angle,V1: Entering traffic lane,V1: S,Dry,Dark - lighted roadway,Clear,0,0,92,62,FALSE,41.9693528,-71.29423459
10583,7/6/2011,July,Wednesday,21:07,1,2,0,0,Angle,V1: Turning left / V2: Travelling straight ahead,V1: S  / V2: N,Dry,Dark - lighted roadway,Clear,0,0,92,62,FALSE,41.90081079,-71.36802017
10584,7/6/2011,July,Wednesday,21:14,1,2,0,0,Angle,V1: Turning left / V2: Turning left,V1: W  / V2: E,Dry,Dark - lighted roadway,Cloudy,0,0,92,62,FALSE,41.93742983,-71.26519759
10585,7/7/2011,July,Thursday,13:03,1,2,0,0,Angle,V1: Travelling straight ahead / V2: Turning left,V1: E  / V2: E,Dry,Daylight,Clear,0,0,92,69,FALSE,41.94341039,-71.27862625
10586,7/7/2011,July,Thursday,22:18,2,2,1,0,Angle,V1: Travelling straight ahead / V2: Turning left,V1: W  / V2: E,Dry,Daylight,Clear,0,0,92,69,FALSE,41.94757814,-71.27890389
10587,7/8/2011,July,Friday,3:30,1,2,0,0,"Sideswipe, opposite direction",V1: Travelling straight ahead / V2: Parked,V1: E  / V2: W,Wet,Dark - roadway not lighted,Cloudy/Rain,1.99,0,77,68,FALSE,41.9148212,-71.25770714
10588,7/8/2011,July,Friday,8:00,1,1,0,0,Single vehicle crash,V1: Changing lanes,V1: S,Wet,Daylight,Cloudy/Rain,1.99,0,77,68,FALSE,41.93349672,-71.32022962
10589,7/8/2011,July,Friday,12:45,1,2,0,0,Angle,V1: Turning left / V2: Travelling straight ahead,V1: S  / V2: S,Dry,Daylight,Clear,1.99,0,77,68,FALSE,41.94757814,-71.27890389
10590,7/8/2011,July,Friday,19:49,1,2,0,0,Angle,V1: Slowing or stopped in traffic / V2: Travelling straight ahead,V1: N  / V2: E,Wet,Daylight,Cloudy/Rain,1.99,0,77,68,FALSE,41.95428602,-71.28497548
10591,7/8/2011,July,Friday,21:07,1,1,0,0,Single vehicle crash,V1: Travelling straight ahead,V1: E,Wet,Dark - roadway not lighted,Rain,1.99,0,77,68,FALSE,41.93626522,-71.28819739
10592,7/9/2011,July,Saturday,16:58,1,2,0,0,Rear-end,V1: Travelling straight ahead / V2: Slowing or stopped in traffic,V1: W  / V2: W,Dry,Daylight,Clear,0.21,0,87,61,FALSE,41.92614915,-71.34628794
10593,7/9/2011,July,Saturday,23:41,2,1,1,0,Single vehicle crash,V1: Travelling straight ahead,V1: E,Dry,Dark - roadway not lighted,Clear,0.21,0,87,61,FALSE,41.92281332,-71.25240219
10594,7/10/2011,July,Sunday,12:20,1,2,0,0,Rear-end,V1: Travelling straight ahead / V2: Travelling straight ahead,V1: W  / V2: W,Dry,Daylight,Clear,0,0,87,56,FALSE,41.93398011,-71.31150783
10595,7/10/2011,July,Sunday,13:29,2,1,1,0,Rear-end,V1: Turning right,V1: E,Dry,Daylight,Clear,0,0,87,56,FALSE,41.96207697,-71.29835824
10596,7/11/2011,July,Monday,16:47,2,2,3,0,Rear-end,V1: Travelling straight ahead / V2: Travelling straight ahead,V1: S  / V2: S,Dry,Daylight,Clear,0,0,91,64,FALSE,41.92927403,-71.32377045
10597,7/12/2011,July,Tuesday,18:40,1,2,0,0,Angle,V1: Turning left / V2: Travelling straight ahead,V1: W  / V2: 0,Dry,Daylight,Clear,0.06,0,94,71,FALSE,41.93505312,-71.29860583
10598,7/13/2011,July,Wednesday,8:22,1,2,0,0,Angle,V1: Turning left / V2: Slowing or stopped in traffic,V1: W  / V2: E,Dry,Daylight,Clear,1.13,0,88,63,FALSE,41.95819153,-71.29650333
10599,7/14/2011,July,Thursday,13:14,1,2,0,0,Rear-end,V1: Slowing or stopped in traffic / V2: Travelling straight ahead,V1: S  / V2: S,Dry,Daylight,Clear,0.18,0,75,60,FALSE,41.92117901,-71.3579836
10600,7/14/2011,July,Thursday,18:50,1,2,0,0,Angle,V1: Turning left / V2: Travelling straight ahead,V1: N  / V2: E,Dry,Daylight,Clear,0.18,0,75,60,FALSE,41.9120082,-71.2587778
10601,7/14/2011,July,Thursday,23:28,2,1,1,0,Rear-end,V1: Travelling straight ahead,V1: 0,Dry,Dark - lighted roadway,Clear,0.18,0,75,60,FALSE,41.92112992,-71.29695643
10602,7/14/2011,July,Thursday,23:28,2,1,1,0,Rear-end,V1: Travelling straight ahead,V1: 0,Dry,Dark - lighted roadway,Clear,0.18,0,75,60,FALSE,41.92112992,-71.29695643
10603,7/15/2011,July,Friday,1:45,1,2,0,0,Angle,V1: Turning left / V2: Travelling straight ahead,V1: E  / V2: E,Dry,Dark - lighted roadway,Clear,0,0,83,58,FALSE,41.93405012,-71.31579284
10604,7/15/2011,July,Friday,12:29,1,2,0,0,Rear-end,V1: Travelling straight ahead / V2: Turning right,V1: S  / V2: S,Dry,Daylight,Clear,0,0,83,58,FALSE,41.94495215,-71.2846593
10605,7/15/2011,July,Friday,14:39,1,2,0,0,Angle,V1: Turning left / V2: Travelling straight ahead,V1: N  / V2: S,Wet,Daylight,Clear,0,0,83,58,FALSE,41.90964751,-71.36351027
10606,7/16/2011,July,Saturday,7:04,2,1,1,0,Single vehicle crash,V1: Travelling straight ahead,V1: N,Dry,Daylight,Clear,0,0,90,59,FALSE,41.93529001,-71.26254381
10607,7/16/2011,July,Saturday,11:06,1,2,0,0,Angle,V1: Travelling straight ahead / V2: Travelling straight ahead,V1: N  / V2: E,Dry,Daylight,Clear,0,0,90,59,FALSE,41.95287787,-71.26899686
10608,7/17/2011,July,Sunday,15:06,1,2,0,0,Rear-end,V1: Travelling straight ahead / V2: Slowing or stopped in traffic,V1: S  / V2: S,Dry,Daylight,Clear,0,0,92,64,FALSE,41.92508738,-71.35628348
10609,7/18/2011,July,Monday,16:03,2,2,1,0,Rear-end,V1: Travelling straight ahead / V2: Travelling straight ahead,V1: W  / V2: W,Dry,Daylight,Cloudy,0.02,0,88,70,FALSE,41.9483337,-71.27794679
10610,7/20/2011,July,Wednesday,2:38,1,1,0,0,Single vehicle crash,V1: Travelling straight ahead,V1: N,Dry,Dark - lighted roadway,Clear,0,0,90,73,FALSE,34.24438675,-73.6513909
10611,7/21/2011,July,Thursday,8:26,1,2,0,0,Rear-end,V1: Travelling straight ahead / V2: Travelling straight ahead,V1: N  / V2: N,Dry,Daylight,Clear,0,0,93,71,FALSE,41.94140605,-71.28436439
10612,7/21/2011,July,Thursday,13:55,1,2,0,0,Head-on,V1: Travelling straight ahead / V2: Travelling straight ahead,V1: S  / V2: N,Dry,Daylight,Clear,0,0,93,71,FALSE,41.94450501,-71.28411703
10613,7/22/2011,July,Friday,8:33,1,2,0,0,Angle,V1: Travelling straight ahead / V2: 0,V1: W  / V2: 0,Dry,Daylight,Clear,0,0,103,74,FALSE,41.90986398,-71.35918392
10614,7/22/2011,July,Friday,19:09,1,2,0,0,0,V1: 0 / V2: 0,V1: 0 / V2: 0,Dry,Dusk,Clear,0,0,103,74,FALSE,41.89618753,-71.37039513
10615,7/24/2011,July,Sunday,7:24,1,1,0,0,Single vehicle crash,V1: Travelling straight ahead,V1: W,Wet,Daylight,Rain,0,0,82,64,FALSE,41.92593714,-71.28846374
10616,7/24/2011,July,Sunday,12:17,1,2,0,0,Rear-end,V1: Slowing or stopped in traffic / V2: Travelling straight ahead,V1: N  / V2: N,Wet,Daylight,Cloudy/Rain,0,0,82,64,FALSE,41.89947708,-71.35515679
10617,7/24/2011,July,Sunday,16:40,1,2,0,0,Angle,V1: Travelling straight ahead / V2: Turning left,V1: W  / V2: N,Dry,Daylight,Clear,0,0,82,64,FALSE,41.91982212,-71.35857678
10618,7/25/2011,July,Monday,10:17,2,2,1,0,Angle,V1: Entering traffic lane / V2: Travelling straight ahead,V1: E  / V2: S,Dry,Daylight,Cloudy,0.12,0,74,62,FALSE,41.90086769,-71.36799095
10619,7/25/2011,July,Monday,10:17,1,2,0,0,Rear-end,V1: Travelling straight ahead / V2: Slowing or stopped in traffic,V1: S  / V2: S,Dry,Daylight,Clear,0.12,0,74,62,FALSE,41.93976913,-71.29072872
10620,7/25/2011,July,Monday,10:45,2,1,1,0,Single vehicle crash,V1: Slowing or stopped in traffic,V1: N,Dry,Daylight,Clear,0.12,0,74,62,FALSE,41.91594423,-71.30461186
10621,7/25/2011,July,Monday,15:48,2,2,1,0,Angle,V1: Turning left / V2: Travelling straight ahead,V1: S  / V2: W,Dry,Daylight,Clear,0.12,0,74,62,FALSE,41.93421769,-71.2996754
10622,7/27/2011,July,Wednesday,20:14,1,2,0,0,"Sideswipe, same direction",V1: Travelling straight ahead / V2: Turning right,V1: W  / V2: W,Dry,Dawn,Clear,0,0,87,62,FALSE,41.92512529,-71.35642344
10623,7/27/2011,July,Wednesday,20:34,1,2,0,0,Rear-end,V1: Travelling straight ahead / V2: Travelling straight ahead,V1: N  / V2: N,Dry,Daylight,Cloudy,0,0,87,62,FALSE,41.90754781,-71.34230844
10624,7/27/2011,July,Wednesday,20:40,1,2,0,0,Rear-end,V1: Turning left / V2: Turning left,V1: S  / V2: S,Dry,Dark - lighted roadway,Clear,0,0,87,62,FALSE,41.90081079,-71.36802017
10625,7/28/2011,July,Thursday,20:20,1,2,0,0,Angle,V1: Travelling straight ahead / V2: Turning right,V1: N  / V2: N,Dry,Dark - lighted roadway,Clear,0,0,86,61,FALSE,41.91035947,-71.36314658
10626,7/28/2011,July,Thursday,20:56,1,2,0,0,Rear-end,V1: Slowing or stopped in traffic / V2: Travelling straight ahead,V1: S  / V2: S,Dry,Dark - lighted roadway,Cloudy,0,0,86,61,FALSE,41.9032544,-71.35618601
10627,7/29/2011,July,Friday,23:34,2,2,5,0,Angle,V1: Travelling straight ahead / V2: Travelling straight ahead,V1: E  / V2: S,Dry,Dark - lighted roadway,Clear,0.04,0,80,64,FALSE,41.91337209,-71.36161888
10628,7/30/2011,July,Saturday,9:00,2,2,2,0,Angle,V1: Entering traffic lane / V2: Travelling straight ahead,V1: W  / V2: 0,Dry,Daylight,Clear,0.01,0,91,66,FALSE,41.93742983,-71.26519759
10629,7/30/2011,July,Saturday,20:20,1,2,0,0,Single vehicle crash,V1: Turning left / V2: Travelling straight ahead,V1: E  / V2: E,Dry,Dark - lighted roadway,Clear,0.01,0,91,66,FALSE,41.89903243,-71.355186
10630,8/1/2011,August,Monday,12:31,1,2,0,0,Angle,V1: Travelling straight ahead / V2: Travelling straight ahead,V1: E  / V2: N,Dry,Daylight,Clear,0,0,92,66,FALSE,41.95180679,-71.2898592
10631,8/1/2011,August,Monday,22:20,1,2,0,0,Angle,V1: Travelling straight ahead / V2: Travelling straight ahead,V1: 0 / V2: 0,Dry,Daylight,Clear,0,0,92,66,FALSE,41.95180679,-71.2898592
10632,8/2/2011,August,Tuesday,14:28,1,2,0,0,Rear-end,V1: Other / V2: Parked,V1: N  / V2: 0,Dry,Daylight,Clear,0.11,0,92,64,FALSE,41.93819347,-71.28014953
10633,8/2/2011,August,Tuesday,14:30,2,1,1,0,Single vehicle crash,V1: Entering traffic lane,V1: 0,Dry,Daylight,Clear,0.11,0,92,64,FALSE,41.95512251,-71.30458914
10634,8/2/2011,August,Tuesday,17:18,1,2,0,0,Angle,V1: Turning left / V2: Travelling straight ahead,V1: E  / V2: S,Dry,Daylight,Cloudy,0.11,0,92,64,FALSE,41.91982212,-71.35857678
10635,8/2/2011,August,Tuesday,18:10,2,1,1,0,Angle,V1: Travelling straight ahead,V1: N,Dry,Daylight,Clear,0.11,0,92,64,FALSE,41.94396167,-71.27662963
10636,8/4/2011,August,Thursday,6:36,0,2,0,0,Head-on,V1: Entering traffic lane / V2: Turning left,V1: S  / V2: N,Dry,Daylight,Clear,0,0,83,62,FALSE,41.94496867,-71.28468664
10637,8/4/2011,August,Thursday,19:34,1,2,0,0,Rear-end,V1: Travelling straight ahead / V2: Parked,V1: N  / V2: N,Dry,Daylight,Cloudy,0,0,83,62,FALSE,34.24438675,-73.6513909
10638,8/5/2011,August,Friday,13:56,2,2,1,0,Rear-end,V1: Turning left / V2: Overtaking/passing,V1: W  / V2: W,Dry,Daylight,Cloudy,0,0,82,64,FALSE,41.95451461,-71.24992613
10639,8/6/2011,August,Saturday,5:32,1,1,0,0,Single vehicle crash,V1: Turning right,V1: N,Dry,Dawn,Cloudy,0.05,0,87,68,FALSE,41.92762143,-71.35470547
10640,8/6/2011,August,Saturday,11:43,1,2,0,0,Angle,V1: Entering traffic lane / V2: Travelling straight ahead,V1: N  / V2: E,Dry,Daylight,Clear,0.05,0,87,68,FALSE,41.93414522,-71.30494865
10641,8/6/2011,August,Saturday,12:11,1,1,0,0,Single vehicle crash,V1: Travelling straight ahead,V1: N,Dry,Daylight,Clear,0.05,0,87,68,FALSE,41.91329854,-71.30797099
10642,8/7/2011,August,Sunday,0:20,1,2,0,0,Rear-end,V1: Travelling straight ahead / V2: Travelling straight ahead,V1: S  / V2: S,Wet,Dark - roadway not lighted,Rain,1.98,0,75,68,FALSE,41.90261276,-71.35590972
10643,8/7/2011,August,Sunday,13:54,1,2,0,0,Rear-end,V1: Travelling straight ahead / V2: Slowing or stopped in traffic,V1: N  / V2: N,Wet,Daylight,Cloudy/Rain,1.98,0,75,68,FALSE,41.92521765,-71.28783389
10644,8/8/2011,August,Monday,1:00,3,1,0,1,Single vehicle crash,V1: 0,V1: S,Wet,Dark - roadway not lighted,Cloudy,0.8,0,86,69,FALSE,41.92927403,-71.32377045
10645,8/8/2011,August,Monday,13:19,1,2,0,0,Rear-end,V1: Backing / V2: Backing,V1: E  / V2: W,Dry,Daylight,Clear,0.8,0,86,69,FALSE,41.95250372,-71.27005525
10646,8/8/2011,August,Monday,17:34,1,2,0,0,"Sideswipe, same direction",V1: Changing lanes / V2: Travelling straight ahead,V1: N  / V2: N,Dry,Daylight,Clear,0.8,0,86,69,FALSE,41.95593405,-71.30346756
10647,8/9/2011,August,Tuesday,20:00,1,2,0,0,Angle,V1: Turning left / V2: Travelling straight ahead,V1: E  / V2: S,Wet,Dark - lighted roadway,Cloudy/Rain,0.38,0,84,66,FALSE,41.92906748,-71.2246876
10648,8/10/2011,August,Wednesday,13:52,1,2,0,0,Rear-end,V1: Slowing or stopped in traffic / V2: Travelling straight ahead,V1: S  / V2: S,Dry,Daylight,Clear,0.77,0,87,63,FALSE,41.92827027,-71.3542517
10649,8/10/2011,August,Wednesday,15:39,2,1,1,0,Angle,V1: Turning right,V1: 0,Dry,Daylight,Clear,0.77,0,87,63,FALSE,41.94245198,-71.28698244
10650,8/11/2011,August,Thursday,14:08,1,2,0,0,Angle,V1: Travelling straight ahead / V2: Travelling straight ahead,V1: W  / V2: N,Dry,Daylight,Clear,0,0,83,60,FALSE,41.94472176,-71.2812504
10651,8/11/2011,August,Thursday,18:00,1,2,0,0,Angle,V1: Travelling straight ahead / V2: Entering traffic lane,V1: S  / V2: W,Dry,Daylight,Clear,0,0,83,60,FALSE,41.94245198,-71.28698244
10652,8/12/2011,August,Friday,9:15,1,2,0,0,Rear-end,V1: Slowing or stopped in traffic / V2: Travelling straight ahead,V1: W  / V2: W,Dry,Daylight,Clear,0,0,83,56,FALSE,41.94330896,-71.27265641
10653,8/12/2011,August,Friday,20:30,2,2,1,0,Angle,V1: Turning left / V2: Travelling straight ahead,V1: W  / V2: S,Dry,Dark - lighted roadway,Clear,0,0,83,56,FALSE,41.90086769,-71.36799095