ID,DATE,Month,Day of week,Crash Time,Crash Severity,Number of Vehicles,Total Nonfatal Injuries,Total Fatal Injuries,Manner of Collision,Vehicle Action Prior to Crash,Vehicle Travel Directions,Road Surface Condition,Ambient Light,Weather Condition,PRCP,SNOW,TMAX,TMIN,Ice,Longtitute,Latitute
10654,8/12/2011,August,Friday,20:40,2,1,2,0,Single vehicle crash,V1: Travelling straight ahead,V1: E,Dry,Dark - lighted roadway,Clear,0,0,83,56,FALSE,34.24438675,-73.6513909
10655,8/15/2011,August,Monday,7:57,1,2,0,0,Angle,V1: Turning left / V2: Travelling straight ahead,V1: N  / V2: W,Wet,Daylight,Rain,1.87,0,70,60,FALSE,41.89716151,-71.37384288
10656,8/15/2011,August,Monday,9:49,1,1,0,0,Single vehicle crash,V1: Travelling straight ahead,V1: S,Wet,Daylight,Cloudy/Rain,1.87,0,70,60,FALSE,41.96019116,-71.30118086
10657,8/15/2011,August,Monday,14:07,1,2,0,0,Angle,V1: Travelling straight ahead / V2: Travelling straight ahead,V1: E  / V2: N,Wet,Daylight,Rain,1.87,0,70,60,FALSE,41.94512722,-71.28855145
10658,8/15/2011,August,Monday,14:47,0,1,0,0,Angle,V1: Travelling straight ahead,V1: S,Wet,Daylight,Rain,1.87,0,70,60,FALSE,41.89861001,-71.36943215
10659,8/15/2011,August,Monday,14:59,1,2,0,0,Rear-end,V1: Slowing or stopped in traffic / V2: Slowing or stopped in traffic,V1: N  / V2: N,Wet,Daylight,Cloudy/Rain,1.87,0,70,60,FALSE,41.92508738,-71.35628348
10660,8/15/2011,August,Monday,16:06,1,2,0,0,Single vehicle crash,V1: Slowing or stopped in traffic / V2: Travelling straight ahead,V1: E  / V2: E,Wet,Daylight,Cloudy/Rain,1.87,0,70,60,FALSE,41.95437986,-71.25499915
10661,8/15/2011,August,Monday,17:25,1,2,0,0,Angle,V1: Turning left / V2: Travelling straight ahead,V1: W  / V2: E,Wet,Daylight,Rain,1.87,0,70,60,FALSE,41.93348005,-71.29992568
10662,8/16/2011,August,Tuesday,8:01,1,2,0,0,Angle,V1: Travelling straight ahead / V2: Turning right,V1: S  / V2: N,Dry,Daylight,Clear,0.02,0,73,60,FALSE,41.89721113,-71.36942089
10663,8/16/2011,August,Tuesday,9:16,1,1,0,0,"Sideswipe, same direction",V1: Travelling straight ahead,V1: 0,Dry,Daylight,Cloudy,0.02,0,73,60,FALSE,41.90906851,-71.36863776
10664,8/16/2011,August,Tuesday,14:07,1,2,0,0,"Sideswipe, same direction",V1: Travelling straight ahead / V2: Travelling straight ahead,V1: W  / V2: N,Dry,Daylight,Cloudy,0.02,0,73,60,FALSE,41.92014284,-71.35719783
10665,8/17/2011,August,Wednesday,5:00,1,3,0,0,Rear-end,V1: Travelling straight ahead / V2: Travelling straight ahead / V3: 0,V1: N  / V2: N  / V3: 0,Dry,Dawn,Clear,0,0,88,58,FALSE,41.92886018,-71.3230987
10666,8/17/2011,August,Wednesday,21:21,2,2,1,0,Angle,V1: Travelling straight ahead / V2: Turning left,V1: E  / V2: N,Dry,Dark - lighted roadway,Clear,0,0,88,58,FALSE,41.93359015,-71.30040441
10667,8/18/2011,August,Thursday,12:49,1,2,0,0,Angle,V1: Entering traffic lane / V2: Travelling straight ahead,V1: S  / V2: W,Dry,Daylight,Clear,0,0,87,64,FALSE,41.95263255,-71.26972406
10668,8/19/2011,August,Friday,11:28,1,1,0,0,Single vehicle crash,V1: Travelling straight ahead,V1: E,Dry,Daylight,Clear,0,0,88,68,FALSE,41.94470808,-71.28228025
10669,8/19/2011,August,Friday,12:25,2,2,4,0,Rear-end,V1: Travelling straight ahead / V2: Travelling straight ahead,V1: W  / V2: W,Dry,Daylight,Clear,0,0,88,68,FALSE,41.93406554,-71.30574057
10670,8/19/2011,August,Friday,15:03,1,2,0,0,"Sideswipe, same direction",V1: Changing lanes / V2: Travelling straight ahead,V1: W  / V2: W,Dry,Daylight,Clear,0,0,88,68,FALSE,34.24438675,-73.6513909
10671,8/19/2011,August,Friday,15:45,0,1,0,0,Angle,V1: Travelling straight ahead,V1: W,Dry,Daylight,Cloudy,0,0,88,68,FALSE,41.95271157,-71.26951043
10672,8/20/2011,August,Saturday,19:29,2,2,1,0,Head-on,V1: Travelling straight ahead / V2: Turning left,V1: N  / V2: S,Dry,Dusk,Clear,0.12,0,85,68,FALSE,41.9317298,-71.3012081
10673,8/21/2011,August,Sunday,9:19,1,1,0,0,Single vehicle crash,V1: Travelling straight ahead,V1: E,Dry,Daylight,Clear,0.02,0,84,66,FALSE,41.98174078,-71.27648184
10674,8/21/2011,August,Sunday,19:13,2,2,1,0,Angle,V1: Travelling straight ahead / V2: Travelling straight ahead,V1: S  / V2: E,Dry,Daylight,Clear,0.02,0,84,66,FALSE,41.93692353,-71.281137
10675,8/21/2011,August,Sunday,21:18,1,2,0,0,Rear-end,V1: Travelling straight ahead / V2: Slowing or stopped in traffic,V1: S  / V2: S,Dry,Dark - lighted roadway,Clear,0.02,0,84,66,FALSE,41.91982212,-71.35857678
10676,8/22/2011,August,Monday,10:57,1,2,0,0,"Sideswipe, opposite direction",V1: Travelling straight ahead / V2: Travelling straight ahead,V1: S  / V2: N,Dry,Daylight,Clear,0.09,0,80,60,FALSE,41.95484304,-71.28856385
10677,8/22/2011,August,Monday,11:19,1,1,0,0,"Sideswipe, same direction",V1: Travelling straight ahead,V1: S,Dry,Daylight,Clear,0.09,0,80,60,FALSE,41.90902439,-71.33875524
10678,8/22/2011,August,Monday,14:50,1,2,0,0,Rear-end,V1: Travelling straight ahead / V2: Travelling straight ahead,V1: S  / V2: S,Dry,Daylight,Clear,0.09,0,80,60,FALSE,41.93394954,-71.30903288
10679,8/22/2011,August,Monday,18:39,1,2,0,0,Angle,V1: Travelling straight ahead / V2: Travelling straight ahead,V1: W  / V2: N,Dry,Daylight,Clear,0.09,0,80,60,FALSE,41.92644259,-71.35554103
10680,8/23/2011,August,Tuesday,14:13,2,2,1,0,Angle,V1: Entering traffic lane / V2: Travelling straight ahead,V1: E  / V2: S,Dry,Daylight,Clear,0,0,82,55,FALSE,41.9412121,-71.28297598
10681,8/23/2011,August,Tuesday,17:40,2,3,1,0,Rear-end,V1: Travelling straight ahead / V2: Slowing or stopped in traffic / V3: Slowing or stopped in traffic,V1: N  / V2: S  / V3: N,Dry,Daylight,Clear,0,0,82,55,FALSE,41.89541252,-71.37076533
10682,8/23/2011,August,Tuesday,19:02,0,2,0,0,Rear-end,V1: Slowing or stopped in traffic / V2: Slowing or stopped in traffic,V1: S  / V2: 0,Dry,Daylight,Clear,0,0,82,55,FALSE,41.97015292,-71.29135147
10683,8/24/2011,August,Wednesday,6:22,1,3,0,0,Rear-end,V1: Slowing or stopped in traffic / V2: Slowing or stopped in traffic / V3: Slowing or stopped in traffic,V1: N  / V2: N  / V3: N,Dry,Daylight,Clear,0,0,81,56,FALSE,41.90231844,-71.35595143
10684,8/24/2011,August,Wednesday,17:37,2,2,2,0,Rear-end,V1: Slowing or stopped in traffic / V2: Travelling straight ahead,V1: S  / V2: 0,Dry,Daylight,Clear,0,0,81,56,FALSE,41.94396388,-71.30988659
10685,8/25/2011,August,Thursday,7:46,2,2,1,0,Rear-end,V1: Slowing or stopped in traffic / V2: Slowing or stopped in traffic,V1: E  / V2: E,Dry,Daylight,Clear,0.17,0,85,66,FALSE,41.93408043,-71.3165191
10686,8/26/2011,August,Friday,1:30,1,2,0,0,Rear-end,V1: Travelling straight ahead / V2: Slowing or stopped in traffic,V1: S  / V2: S,Dry,Daylight,Clear,0,0,90,69,FALSE,41.96019116,-71.30118086
10687,8/26/2011,August,Friday,15:59,1,2,0,0,Rear-end,V1: Travelling straight ahead / V2: Slowing or stopped in traffic,V1: N  / V2: N,Dry,Daylight,Clear,0,0,90,69,FALSE,41.94548184,-71.28559201
10688,8/26/2011,August,Friday,17:20,1,2,0,0,"Sideswipe, opposite direction",V1: Travelling straight ahead / V2: Travelling straight ahead,V1: E  / V2: W,Dry,Daylight,Clear,0,0,90,69,FALSE,41.96483483,-71.25955358
10689,8/26/2011,August,Friday,22:24,1,2,0,0,Rear-end,V1: Slowing or stopped in traffic / V2: Travelling straight ahead,V1: W  / V2: W,Dry,Dark - lighted roadway,Clear,0,0,90,69,FALSE,41.9264113,-71.34441258
10690,8/27/2011,August,Saturday,12:34,2,2,1,0,Rear-end,V1: Travelling straight ahead / V2: Slowing or stopped in traffic,V1: N  / V2: N,Wet,Daylight,Cloudy/Rain,0.25,0,78,66,FALSE,41.9156749,-71.35896018
10691,8/27/2011,August,Saturday,13:10,1,2,0,0,Rear-end,V1: Slowing or stopped in traffic / V2: Travelling straight ahead,V1: 0 / V2: E,Dry,Daylight,Clear,0.25,0,78,66,FALSE,41.94213878,-71.28262423
10692,8/28/2011,August,Sunday,0:53,1,1,0,0,Single vehicle crash,V1: Turning right,V1: S,Dry,Dark - roadway not lighted,Clear,1.88,0,76,65,FALSE,41.95075074,-71.30752067
10693,8/28/2011,August,Sunday,9:40,1,1,0,0,"Sideswipe, same direction",V1: Travelling straight ahead,V1: N,Wet,Other,Rain,1.88,0,76,65,FALSE,41.95331718,-71.30343738
10694,8/28/2011,August,Sunday,14:30,0,1,0,0,0,V1: Parked,V1: 0,Wet,Daylight,Clear,1.88,0,76,65,FALSE,41.94426894,-71.24848924
10695,8/28/2011,August,Sunday,19:47,1,2,0,0,Angle,V1: Entering traffic lane / V2: Travelling straight ahead,V1: N  / V2: E,Dry,Dark - lighted roadway,Rain,1.88,0,76,65,FALSE,41.91711015,-71.37372238
10696,8/28/2011,August,Sunday,19:59,1,2,0,0,Angle,V1: Travelling straight ahead / V2: Entering traffic lane,V1: W  / V2: S,Dry,Dark - lighted roadway,Cloudy,1.88,0,76,65,FALSE,41.94757814,-71.27890389
10697,8/29/2011,August,Monday,12:44,1,2,0,0,Rear-end,V1: Slowing or stopped in traffic / V2: Travelling straight ahead,V1: N  / V2: N,Dry,Daylight,Clear,0,0,82,57,FALSE,41.92852012,-71.35410629
10698,8/29/2011,August,Monday,14:58,2,1,1,0,Single vehicle crash,V1: Travelling straight ahead,V1: S,Dry,Daylight,Clear,0,0,82,57,FALSE,41.92927403,-71.32377045
10699,8/29/2011,August,Monday,16:20,2,2,1,0,Rear-end,V1: Slowing or stopped in traffic / V2: Travelling straight ahead,V1: S  / V2: S,Dry,Daylight,Clear,0,0,82,57,FALSE,41.94625923,-71.28694634
10700,8/29/2011,August,Monday,17:52,1,2,0,0,Rear-end,V1: Slowing or stopped in traffic / V2: Travelling straight ahead,V1: W  / V2: W,Dry,Daylight,Clear,0,0,82,57,FALSE,41.95130281,-71.27263126
10701,8/30/2011,August,Tuesday,8:20,1,3,0,0,0,V1: Turning right / V2: Slowing or stopped in traffic / V3: Slowing or stopped in traffic,V1: W  / V2: E  / V3: E,Dry,Daylight,Clear,0,0,83,54,FALSE,41.95076301,-71.27397064
10702,8/30/2011,August,Tuesday,12:58,1,2,0,0,Angle,V1: Travelling straight ahead / V2: 0,V1: N  / V2: W,Dry,Daylight,Clear,0,0,83,54,FALSE,41.90964751,-71.36351027
10703,8/31/2011,August,Wednesday,15:58,1,1,0,0,Single vehicle crash,V1: Overtaking/passing,V1: N,Dry,Daylight,Clear,0,0,84,55,FALSE,41.9472108,-71.28786501
10704,8/31/2011,August,Wednesday,16:24,1,2,0,0,Angle,V1: 0 / V2: 0,V1: E  / V2: E,Dry,Daylight,Clear,0,0,84,55,FALSE,41.94468022,-71.28325128
10705,9/1/2011,September,Thursday,10:31,2,2,1,0,Angle,V1: Turning right / V2: Overtaking/passing,V1: W  / V2: W,Dry,Daylight,Clear,0,0,80,58,FALSE,41.9341021,-71.30369928
10706,9/1/2011,September,Thursday,13:30,2,2,1,0,Rear-end,V1: Travelling straight ahead / V2: Travelling straight ahead,V1: N  / V2: N,Dry,Daylight,Clear,0,0,80,58,FALSE,41.92508738,-71.35628348
10707,9/1/2011,September,Thursday,17:48,1,2,0,0,Rear-end,V1: Slowing or stopped in traffic / V2: Travelling straight ahead,V1: S  / V2: S,Dry,Daylight,Clear,0,0,80,58,FALSE,41.92161419,-71.35782411
10708,9/1/2011,September,Thursday,19:51,2,2,3,0,Rear-end,V1: Slowing or stopped in traffic / V2: Travelling straight ahead,V1: E  / V2: E,Dry,Dark - lighted roadway,Clear,0,0,80,58,FALSE,41.93359015,-71.30040441
10709,9/1/2011,September,Thursday,22:36,1,2,0,0,"Sideswipe, same direction",V1: Changing lanes / V2: Travelling straight ahead,V1: W  / V2: W,Dry,Dark - lighted roadway,Clear,0,0,80,58,FALSE,41.95019519,-71.27516444
10710,9/1/2011,September,Thursday,23:40,1,1,0,0,Single vehicle crash,V1: Travelling straight ahead,V1: N,Dry,Dark - lighted roadway,Clear,0,0,80,58,FALSE,41.93306281,-71.28502226
10711,9/2/2011,September,Friday,7:59,1,2,0,0,Angle,V1: Entering traffic lane / V2: Travelling straight ahead,V1: W  / V2: S,Dry,Daylight,Clear,0,0,76,57,FALSE,41.95130281,-71.27263126
10712,9/2/2011,September,Friday,11:32,2,2,1,0,Rear-end,V1: Travelling straight ahead / V2: Slowing or stopped in traffic,V1: E  / V2: E,Dry,Daylight,Clear,0,0,76,57,FALSE,41.95287787,-71.26899686
10713,9/2/2011,September,Friday,14:14,1,2,0,0,"Sideswipe, same direction",V1: Travelling straight ahead / V2: Changing lanes,V1: E  / V2: E,Dry,Daylight,Clear,0,0,76,57,FALSE,41.94766661,-71.27879697
10714,9/5/2011,September,Monday,12:34,1,2,0,0,Angle,V1: Turning left / V2: Travelling straight ahead,V1: N  / V2: W,Dry,Daylight,Clear,0,0,84,67,FALSE,41.9446632,-71.28341486
10715,9/5/2011,September,Monday,17:48,2,3,2,0,"Sideswipe, same direction",V1: Overtaking/passing / V2: Travelling straight ahead / V3: Travelling straight ahead,V1: N  / V2: N  / V3: S,Dry,Dusk,Cloudy,0,0,84,67,FALSE,41.92184862,-71.29453246
10716,9/6/2011,September,Tuesday,6:40,1,1,0,0,Single vehicle crash,V1: Turning left,V1: N,Wet,Daylight,Cloudy/Rain,1.37,0,73,57,FALSE,41.92508738,-71.35628348
10717,9/6/2011,September,Tuesday,16:50,1,2,0,0,Rear-end,V1: Travelling straight ahead / V2: Slowing or stopped in traffic,V1: E  / V2: E,Wet,Daylight,Cloudy/Rain,1.37,0,73,57,FALSE,41.93723012,-71.28375224
10718,9/6/2011,September,Tuesday,18:15,1,2,0,0,Angle,V1: Turning left / V2: Travelling straight ahead,V1: 0 / V2: 0,Wet,Daylight,Rain,1.37,0,73,57,FALSE,41.93421769,-71.2996754
10719,9/6/2011,September,Tuesday,18:45,1,2,0,0,Rear-end,V1: Turning right / V2: Travelling straight ahead,V1: S  / V2: W,Wet,Dusk,Rain,1.37,0,73,57,FALSE,41.93409504,-71.31976536
10720,9/7/2011,September,Wednesday,17:20,1,2,0,0,Rear-end,V1: Travelling straight ahead / V2: Slowing or stopped in traffic,V1: S  / V2: S,Wet,Daylight,Cloudy/Rain,0.23,0,64,58,FALSE,41.89938073,-71.35524848
10721,9/7/2011,September,Wednesday,17:32,1,2,0,0,Rear-end,V1: Slowing or stopped in traffic / V2: Slowing or stopped in traffic,V1: E  / V2: E,Wet,Daylight,Cloudy/Rain,0.23,0,64,58,FALSE,41.96939377,-71.29355357
10722,9/7/2011,September,Wednesday,18:24,1,2,0,0,Rear-end,V1: Slowing or stopped in traffic / V2: Travelling straight ahead,V1: W  / V2: W,Wet,Daylight,Cloudy/Rain,0.23,0,64,58,FALSE,41.93359015,-71.30040441
10723,9/7/2011,September,Wednesday,19:43,1,1,0,0,Single vehicle crash,V1: Travelling straight ahead,V1: E,Wet,Dark - lighted roadway,Cloudy/Rain,0.23,0,64,58,FALSE,41.9483337,-71.27794679
10724,9/7/2011,September,Wednesday,20:17,1,1,0,0,Rear-end,V1: Slowing or stopped in traffic,V1: S,Wet,Dark - lighted roadway,Cloudy/Rain,0.23,0,64,58,FALSE,41.89618753,-71.37039513
10725,9/7/2011,September,Wednesday,23:13,1,2,0,0,"Sideswipe, same direction",V1: Travelling straight ahead / V2: Parked,V1: E  / V2: 0,Wet,Dark - lighted roadway,Cloudy/Rain,0.23,0,64,58,FALSE,41.95428602,-71.28497548
10726,9/8/2011,September,Thursday,9:40,1,2,0,0,Rear-end,V1: Travelling straight ahead / V2: Slowing or stopped in traffic,V1: S  / V2: 0,Wet,Daylight,Cloudy/Rain,1.88,0,64,58,FALSE,41.92508738,-71.35628348
10727,9/8/2011,September,Thursday,10:20,2,1,1,0,Single vehicle crash,V1: Travelling straight ahead,V1: S,Wet,Daylight,Cloudy/Rain,1.88,0,64,58,FALSE,34.24438675,-73.6513909
10728,9/9/2011,September,Friday,4:20,1,2,0,0,"Sideswipe, same direction",V1: Entering traffic lane / V2: Travelling straight ahead,V1: E  / V2: E,Dry,Dark - lighted roadway,Clear,0,0,80,58,FALSE,41.94472389,-71.28236781
10729,9/9/2011,September,Friday,12:56,1,2,0,0,Angle,V1: Travelling straight ahead / V2: Backing,V1: W  / V2: S,Dry,Daylight,Clear,0,0,80,58,FALSE,41.91977399,-71.35859774
10730,9/9/2011,September,Friday,16:47,1,2,0,0,"Sideswipe, same direction",V1: Travelling straight ahead / V2: Changing lanes,V1: W  / V2: W,Dry,Daylight,Cloudy,0,0,80,58,FALSE,41.94661476,-71.28014357
10731,9/10/2011,September,Saturday,13:39,1,2,0,0,Rear-end,V1: Slowing or stopped in traffic / V2: Travelling straight ahead,V1: S  / V2: S,Dry,Daylight,Clear,0,0,76,52,FALSE,41.91977399,-71.35859774
10732,9/12/2011,September,Monday,5:17,1,2,0,0,Angle,V1: Travelling straight ahead / V2: Travelling straight ahead,V1: N  / V2: W,Dry,Dark - lighted roadway,Cloudy,0,0,84,56,FALSE,41.93359015,-71.30040441
10733,9/12/2011,September,Monday,14:08,1,2,0,0,"Sideswipe, same direction",V1: Entering traffic lane / V2: Travelling straight ahead,V1: N  / V2: N,Dry,Daylight,Clear,0,0,84,56,FALSE,41.94021848,-71.30088452
10734,9/12/2011,September,Monday,14:36,2,1,1,0,Single vehicle crash,V1: Travelling straight ahead,V1: N,Dry,Daylight,Clear,0,0,84,56,FALSE,41.93927314,-71.26707461
10735,9/13/2011,September,Tuesday,15:44,2,2,1,0,"Sideswipe, same direction",V1: Turning right / V2: Travelling straight ahead,V1: 0 / V2: 0,Dry,Daylight,Clear,0,0,85,62,FALSE,41.94290043,-71.28636176
10736,9/13/2011,September,Tuesday,17:13,2,3,4,0,Rear-end,V1: Slowing or stopped in traffic / V2: Slowing or stopped in traffic / V3: Travelling straight ahead,V1: S  / V2: S  / V3: S,Dry,Daylight,Clear,0,0,85,62,FALSE,41.9210426,-71.35807244
10737,9/13/2011,September,Tuesday,17:47,2,2,1,0,Angle,V1: Entering traffic lane / V2: Travelling straight ahead,V1: S  / V2: W,Dry,Daylight,Clear,0,0,85,62,FALSE,41.95076301,-71.27397064
10738,9/14/2011,September,Wednesday,7:58,2,2,1,0,Rear-end,V1: Travelling straight ahead / V2: Travelling straight ahead,V1: S  / V2: S,Dry,Daylight,Clear,0,0,87,66,FALSE,41.93421769,-71.2996754
10739,9/14/2011,September,Wednesday,17:20,2,2,1,0,Rear-end,V1: Travelling straight ahead / V2: Slowing or stopped in traffic,V1: S  / V2: S,Dry,Daylight,Clear,0,0,87,66,FALSE,41.90261276,-71.35590972
10740,9/15/2011,September,Thursday,15:12,1,2,0,0,Rear-end,V1: Slowing or stopped in traffic / V2: Travelling straight ahead,V1: S  / V2: S,Wet,Daylight,Cloudy/Rain,0.81,0,84,51,FALSE,41.90998013,-71.35802082
10741,9/15/2011,September,Thursday,17:26,1,2,0,0,"Sideswipe, same direction",V1: Parked / V2: Backing,V1: S  / V2: S,Dry,Daylight,Cloudy,0.81,0,84,51,FALSE,41.90335831,-71.31678483
10742,9/16/2011,September,Friday,9:00,2,2,1,0,Angle,V1: Travelling straight ahead / V2: Travelling straight ahead,V1: E  / V2: 0,Dry,Daylight,Clear,0,0,67,45,FALSE,41.91109113,-71.2812054
10743,9/16/2011,September,Friday,12:15,2,2,1,0,Rear-end,V1: Slowing or stopped in traffic / V2: Travelling straight ahead,V1: S  / V2: S,Dry,Daylight,Clear,0,0,67,45,FALSE,41.94548184,-71.28559201
10744,9/16/2011,September,Friday,15:38,1,2,0,0,Rear-end,V1: Entering traffic lane / V2: Entering traffic lane,V1: S  / V2: S,Dry,Daylight,Clear,0,0,67,45,FALSE,41.97015292,-71.29135147
10745,9/16/2011,September,Friday,17:52,1,2,0,0,Angle,V1: Travelling straight ahead / V2: Turning left,V1: E  / V2: N,Dry,Daylight,Clear,0,0,67,45,FALSE,41.93403731,-71.30601704
10746,9/17/2011,September,Saturday,16:10,1,2,0,0,Rear-end,V1: Travelling straight ahead / V2: Turning left,V1: E  / V2: E,Dry,Daylight,Clear,0,0,65,41,FALSE,41.95383309,-71.24335001
10747,9/18/2011,September,Sunday,12:14,2,2,3,0,0,V1: Other / V2: Other,V1: 0 / V2: 0,Dry,Daylight,Clear,0,0,67,45,FALSE,41.90331408,-71.33105041
10748,9/19/2011,September,Monday,11:05,1,2,0,0,Rear-end,V1: Travelling straight ahead / V2: Parked,V1: W  / V2: W,Dry,Daylight,Clear,0,0,69,44,FALSE,41.94666472,-71.28742757
10749,9/19/2011,September,Monday,14:44,1,2,0,0,Rear-end,V1: Turning left / V2: Travelling straight ahead,V1: E  / V2: S,Dry,Daylight,Clear,0,0,69,44,FALSE,41.957056,-71.29620333
10750,9/20/2011,September,Tuesday,11:31,1,2,0,0,Rear-end,V1: Slowing or stopped in traffic / V2: Turning left,V1: S  / V2: S,Dry,Daylight,Cloudy,0.02,0,66,51,FALSE,41.9076497,-71.36453092
10751,9/20/2011,September,Tuesday,13:05,1,4,0,0,Rear-end,V1: Travelling straight ahead / V2: Slowing or stopped in traffic / V3: Slowing or stopped in traffic / V4: Parked,V1: N  / V2: N  / V3: N  / V4: 0,Wet,Daylight,Rain,0.02,0,66,51,FALSE,41.94191488,-71.28774208
10752,9/20/2011,September,Tuesday,14:28,1,2,0,0,Angle,V1: Turning left / V2: Travelling straight ahead,V1: W  / V2: S,Wet,Daylight,Rain,0.02,0,66,51,FALSE,41.94274018,-71.28432859
10753,9/20/2011,September,Tuesday,15:19,1,2,0,0,Rear-end,V1: Slowing or stopped in traffic / V2: Travelling straight ahead,V1: N  / V2: N,Wet,Daylight,Cloudy/Rain,0.02,0,66,51,FALSE,41.90081079,-71.36802017
10754,9/20/2011,September,Tuesday,17:41,2,1,1,0,Single vehicle crash,V1: Changing lanes,V1: S,Dry,Daylight,Clear,0.02,0,66,51,FALSE,34.24438675,-73.6513909
10755,9/20/2011,September,Tuesday,20:42,2,2,1,0,"Sideswipe, same direction",V1: Travelling straight ahead / V2: Turning left,V1: W  / V2: E,Wet,Dark - lighted roadway,Cloudy,0.02,0,66,51,FALSE,41.89893416,-71.36224167
10756,9/21/2011,September,Wednesday,16:45,1,1,0,0,Single vehicle crash,V1: Travelling straight ahead,V1: S,Dry,Daylight,Clear,0,0,80,56,FALSE,41.9201672,-71.24335952
10757,9/22/2011,September,Thursday,10:33,1,2,0,0,"Sideswipe, same direction",V1: Travelling straight ahead / V2: Changing lanes,V1: S  / V2: S,Dry,Daylight,Rain,0.59,0,74,64,FALSE,41.90257525,-71.35603965
10758,9/22/2011,September,Thursday,19:08,2,1,1,0,0,V1: Turning right,V1: S,Dry,Dusk,Clear,0.59,0,74,64,FALSE,41.94548184,-71.28559201
10759,9/22/2011,September,Thursday,19:36,0,2,0,0,Angle,V1: Parked / V2: 0,V1: 0 / V2: 0,Dry,Dusk,Clear,0.59,0,74,64,FALSE,41.90916749,-71.36827922
10760,9/23/2011,September,Friday,1:47,1,1,0,0,Single vehicle crash,V1: Travelling straight ahead,V1: N,Dry,Dark - lighted roadway,Cloudy,0.65,0,75,67,FALSE,41.93063849,-71.32598439
10761,9/23/2011,September,Friday,7:54,2,1,2,0,Single vehicle crash,V1: Travelling straight ahead,V1: N,Dry,Daylight,Clear,0.65,0,75,67,FALSE,41.9148212,-71.25770714
10762,9/23/2011,September,Friday,13:33,1,2,0,0,Rear-end,V1: Travelling straight ahead / V2: Travelling straight ahead,V1: S  / V2: S,"Water (standing, moving)",Daylight,Cloudy/Rain,0.65,0,75,67,FALSE,41.90257902,-71.35602454
10763,9/23/2011,September,Friday,14:00,2,2,1,0,Rear-end,V1: Travelling straight ahead / V2: Travelling straight ahead,V1: E  / V2: E,Wet,Daylight,Cloudy/Rain,0.65,0,75,67,FALSE,41.93269195,-71.32821357
10764,9/23/2011,September,Friday,15:38,1,2,0,0,Rear-end,V1: Slowing or stopped in traffic / V2: Travelling straight ahead,V1: E  / V2: E,Wet,Daylight,Cloudy/Rain,0.65,0,75,67,FALSE,41.93393836,-71.3077318
10765,9/23/2011,September,Friday,17:24,2,2,1,0,Angle,V1: Turning left / V2: Travelling straight ahead,V1: E  / V2: W,Dry,Daylight,Clear,0.65,0,75,67,FALSE,41.94757814,-71.27890389
10766,9/23/2011,September,Friday,18:00,1,2,0,0,Rear-end,V1: Slowing or stopped in traffic / V2: Travelling straight ahead,V1: E  / V2: E,Dry,Daylight,Cloudy,0.65,0,75,67,FALSE,41.94234382,-71.27289652
10767,9/23/2011,September,Friday,19:02,1,2,0,0,0,V1: Entering traffic lane / V2: Travelling straight ahead,V1: E  / V2: N,Wet,Dark - lighted roadway,Cloudy/Rain,0.65,0,75,67,FALSE,41.93503657,-71.2848971
10768,9/23/2011,September,Friday,22:26,1,1,0,0,Rear-end,V1: Slowing or stopped in traffic,V1: E,Wet,Dark - lighted roadway,Rain,0.65,0,75,67,FALSE,41.93359015,-71.30040441
10769,9/24/2011,September,Saturday,14:19,1,1,0,0,Single vehicle crash,V1: Travelling straight ahead,V1: W,Dry,Daylight,Clear,0.28,0,81,68,FALSE,41.93079236,-71.22614318
10770,9/25/2011,September,Sunday,0:15,0,2,0,0,Single vehicle crash,V1: Parked / V2: 0,V1: 0 / V2: 0,Dry,Dark - lighted roadway,Clear,0,0,83,67,FALSE,41.95479973,-71.26670685
10771,9/25/2011,September,Sunday,10:04,1,2,0,0,"Sideswipe, same direction",V1: Travelling straight ahead / V2: Parked,V1: E  / V2: 0,Dry,Daylight,Clear,0,0,83,67,FALSE,41.9252838,-71.34838973
10772,9/25/2011,September,Sunday,21:07,1,1,0,0,Single vehicle crash,V1: Turning left,V1: S,Dry,Dark - lighted roadway,Clear,0,0,83,67,FALSE,41.89880429,-71.37713636
10773,9/26/2011,September,Monday,5:42,1,1,0,0,Single vehicle crash,V1: Turning right,V1: N,Dry,Dark - roadway not lighted,Cloudy,0,0,83,64,FALSE,41.9023143,-71.35595636
10774,9/26/2011,September,Monday,12:59,2,2,1,0,Angle,V1: Travelling straight ahead / V2: Turning right,V1: N  / V2: E,Dry,Daylight,Clear,0,0,83,64,FALSE,41.91482581,-71.36088324
10775,9/26/2011,September,Monday,16:27,2,1,1,0,Rear-end,V1: Slowing or stopped in traffic,V1: N,Dry,Daylight,Clear,0,0,83,64,FALSE,41.90241817,-71.35561188
10776,9/27/2011,September,Tuesday,10:02,1,1,0,0,Single vehicle crash,V1: Making U-turn,V1: N,Dry,Daylight,Cloudy,0,0,81,63,FALSE,41.94450046,-71.27306088