ID,DATE,Month,Day of week,Crash Time,Crash Severity,Number of Vehicles,Total Nonfatal Injuries,Total Fatal Injuries,Manner of Collision,Vehicle Action Prior to Crash,Vehicle Travel Directions,Road Surface Condition,Ambient Light,Weather Condition,PRCP,SNOW,TMAX,TMIN,Ice,Longtitute,Latitute
10777,9/28/2011,September,Wednesday,14:50,2,2,1,0,Angle,V1: Travelling straight ahead / V2: Entering traffic lane,V1: S  / V2: E,Dry,Daylight,Clear,0.07,0,77,62,FALSE,41.9348634,-71.29887283
10778,9/29/2011,September,Thursday,14:45,1,1,0,0,Single vehicle crash,V1: Travelling straight ahead,V1: E,Dry,Daylight,Clear,0.63,0,76,60,FALSE,34.24438675,-73.6513909
10779,9/29/2011,September,Thursday,16:16,2,2,3,0,Head-on,V1: Travelling straight ahead / V2: Travelling straight ahead,V1: W  / V2: E,Dry,Daylight,Cloudy,0.63,0,76,60,FALSE,41.93659517,-71.29539559
10780,9/30/2011,September,Friday,7:00,2,1,1,0,Single vehicle crash,V1: Travelling straight ahead,V1: E,Dry,Daylight,Clear,1.03,0,77,55,FALSE,41.94262835,-71.27478469
10781,9/30/2011,September,Friday,14:17,1,2,0,0,Rear-end,V1: Travelling straight ahead / V2: Travelling straight ahead,V1: S  / V2: S,Dry,Daylight,Clear,1.03,0,77,55,FALSE,41.94757814,-71.27890389
10782,9/30/2011,September,Friday,20:59,1,2,0,0,Rear-end,V1: Changing lanes / V2: Travelling straight ahead,V1: S  / V2: S,Dry,Dark - roadway not lighted,Clear,1.03,0,77,55,FALSE,41.92927403,-71.32377045
10783,9/30/2011,September,Friday,23:12,1,1,0,0,Single vehicle crash,V1: Travelling straight ahead,V1: S,"Water (standing, moving)",Dark - lighted roadway,Rain,1.03,0,77,55,FALSE,41.89703193,-71.37338145
10784,10/1/2011,October,Saturday,15:51,2,3,4,0,Rear-end,V1: Slowing or stopped in traffic / V2: Slowing or stopped in traffic / V3: Travelling straight ahead,V1: S  / V2: S  / V3: S,Dry,Daylight,Clear,0.23,0,76,59,FALSE,41.92187502,-71.29444161
10785,10/1/2011,October,Saturday,15:54,2,2,1,0,Angle,V1: Turning left / V2: Travelling straight ahead,V1: W  / V2: S,Dry,Daylight,Cloudy,0.23,0,76,59,FALSE,41.89618753,-71.37039513
10786,10/2/2011,October,Sunday,11:26,2,2,2,0,Angle,V1: Entering traffic lane / V2: Travelling straight ahead,V1: E  / V2: S,Dry,Daylight,Cloudy,0.03,0,68,53,FALSE,41.92155561,-71.25861416
10787,10/2/2011,October,Sunday,17:59,2,2,1,0,Angle,V1: Entering traffic lane / V2: Travelling straight ahead,V1: W  / V2: N,Dry,Dark - lighted roadway,Cloudy,0.03,0,68,53,FALSE,41.91420591,-71.36119762
10788,10/3/2011,October,Monday,13:13,1,3,0,0,Rear-end,V1: Slowing or stopped in traffic / V2: Slowing or stopped in traffic / V3: Travelling straight ahead,V1: N  / V2: N  / V3: N,Dry,Daylight,Clear,0.06,0,70,53,FALSE,41.94450501,-71.28411703
10789,10/3/2011,October,Monday,14:11,2,2,4,0,Angle,V1: Entering traffic lane / V2: Travelling straight ahead,V1: S  / V2: S,Dry,Daylight,Clear,0.06,0,70,53,FALSE,41.94472389,-71.28236781
10790,10/3/2011,October,Monday,18:16,1,2,0,0,Angle,V1: Backing / V2: Parked,V1: W  / V2: 0,Wet,Daylight,Cloudy/Rain,0.06,0,70,53,FALSE,41.95252119,-71.29529649
10791,10/4/2011,October,Tuesday,17:32,1,2,0,0,Angle,V1: Turning left / V2: Travelling straight ahead,V1: N  / V2: S,Wet,Daylight,Cloudy/Rain,0.59,0,68,53,FALSE,41.94472389,-71.28236781
10792,10/5/2011,October,Wednesday,15:10,1,2,0,0,Rear-end,V1: Slowing or stopped in traffic / V2: 0,V1: N  / V2: N,Dry,Daylight,Clear,0,0,69,43,FALSE,41.89947708,-71.35515679
10793,10/6/2011,October,Thursday,7:47,2,2,1,0,Angle,V1: Entering traffic lane / V2: Travelling straight ahead,V1: N  / V2: S,Dry,Daylight,Clear,0,0,62,40,FALSE,41.92629779,-71.3217932
10794,10/6/2011,October,Thursday,10:05,1,2,0,0,Angle,V1: Travelling straight ahead / V2: Travelling straight ahead,V1: W  / V2: W,Dry,Daylight,Clear,0,0,62,40,FALSE,41.94472176,-71.2812504
10795,10/7/2011,October,Friday,7:55,2,4,2,0,Rear-end,V1: Slowing or stopped in traffic / V2: Slowing or stopped in traffic / V3: Slowing or stopped in traffic / V4: Travelling straight ahead,V1: N  / V2: N  / V3: N  / V4: N,Dry,Daylight,Clear,0,0,65,37,FALSE,41.95514928,-71.30432065
10796,10/7/2011,October,Friday,16:24,2,2,1,0,Angle,V1: Travelling straight ahead / V2: Entering traffic lane,V1: S  / V2: E,Dry,Daylight,Clear,0,0,65,37,FALSE,41.94958347,-71.27632657
10797,10/7/2011,October,Friday,17:15,1,2,0,0,"Sideswipe, opposite direction",V1: Turning left / V2: Turning right,V1: E  / V2: S,Dry,Daylight,Clear,0,0,65,37,FALSE,41.90498112,-71.31911009
10798,10/8/2011,October,Saturday,2:00,2,2,2,0,Angle,V1: 0 / V2: Travelling straight ahead,V1: S  / V2: S,Dry,Dark - roadway not lighted,Clear,0,0,81,44,FALSE,41.90261276,-71.35590972
10799,10/8/2011,October,Saturday,13:55,1,3,0,0,Rear-end,V1: Slowing or stopped in traffic / V2: Slowing or stopped in traffic / V3: Travelling straight ahead,V1: S  / V2: 0 / V3: S,Dry,Daylight,Clear,0,0,81,44,FALSE,41.92014284,-71.35719783
10800,10/8/2011,October,Saturday,13:58,1,2,0,0,Rear-end,V1: Travelling straight ahead / V2: Slowing or stopped in traffic,V1: S  / V2: S,Dry,Daylight,Clear,0,0,81,44,FALSE,41.92852012,-71.35410629
10801,10/8/2011,October,Saturday,19:25,1,2,0,0,"Sideswipe, same direction",V1: Turning left / V2: Travelling straight ahead,V1: S  / V2: S,Dry,Daylight,Clear,0,0,81,44,FALSE,41.89733197,-71.36979234
10802,10/10/2011,October,Monday,16:10,2,2,1,0,"Sideswipe, same direction",V1: Changing lanes / V2: Travelling straight ahead,V1: W  / V2: W,Dry,Daylight,Clear,0,0,85,51,FALSE,41.97015292,-71.29135147
10803,10/11/2011,October,Tuesday,7:07,1,2,0,0,Rear-end,V1: Slowing or stopped in traffic / V2: Slowing or stopped in traffic,V1: N  / V2: N,Dry,Daylight,Clear,0,0,70,51,FALSE,41.91982212,-71.35857678
10804,10/11/2011,October,Tuesday,10:22,1,2,0,0,Angle,V1: Entering traffic lane / V2: Travelling straight ahead,V1: E  / V2: N,Dry,Daylight,Clear,0,0,70,51,FALSE,41.94213878,-71.28262423
10805,10/11/2011,October,Tuesday,15:24,1,2,0,0,"Sideswipe, same direction",V1: Travelling straight ahead / V2: Turning left,V1: E  / V2: 0,Wet,Daylight,Cloudy/Rain,0,0,70,51,FALSE,41.9008693,-71.34385087
10806,10/11/2011,October,Tuesday,22:58,1,1,0,0,Single vehicle crash,V1: Travelling straight ahead,V1: S,Dry,Dark - lighted roadway,Clear,0,0,70,51,FALSE,41.90376957,-71.36650837
10807,10/11/2011,October,Tuesday,23:10,2,1,1,0,Single vehicle crash,V1: Travelling straight ahead,V1: N,Dry,Dark - lighted roadway,Clear,0,0,70,51,FALSE,41.9298975,-71.3451275
10808,10/12/2011,October,Wednesday,17:46,1,2,0,0,"Sideswipe, opposite direction",V1: Travelling straight ahead / V2: Turning left,V1: N  / V2: S,Dry,Dusk,Cloudy,0.13,0,61,51,FALSE,41.94431166,-71.28140274
10809,10/13/2011,October,Thursday,7:25,1,2,0,0,Angle,V1: Turning right / V2: Travelling straight ahead,V1: W  / V2: N,Wet,Dark - lighted roadway,Rain,0.86,0,65,57,FALSE,41.96207697,-71.29835824
10810,10/13/2011,October,Thursday,8:48,1,2,0,0,Rear-end,V1: Slowing or stopped in traffic / V2: Slowing or stopped in traffic,V1: N  / V2: N,Wet,Daylight,Cloudy/Rain,0.86,0,65,57,FALSE,41.93409173,-71.31894301
10811,10/13/2011,October,Thursday,16:50,1,1,0,0,Single vehicle crash,V1: Travelling straight ahead,V1: N,Dry,Daylight,Cloudy,0.86,0,65,57,FALSE,41.94928318,-71.28964082
10812,10/13/2011,October,Thursday,17:00,1,2,0,0,Rear-end,V1: Travelling straight ahead / V2: Travelling straight ahead,V1: S  / V2: S,Dry,Daylight,Cloudy,0.86,0,65,57,FALSE,41.89903243,-71.355186
10813,10/13/2011,October,Thursday,17:10,1,2,0,0,Angle,V1: Turning left / V2: Travelling straight ahead,V1: S  / V2: W,Dry,Daylight,Cloudy,0.86,0,65,57,FALSE,41.92416457,-71.35104162
10814,10/13/2011,October,Thursday,17:39,1,2,0,0,"Sideswipe, opposite direction",V1: Travelling straight ahead / V2: Travelling straight ahead,V1: N  / V2: S,Wet,Dusk,Cloudy/Rain,0.86,0,65,57,FALSE,41.96082042,-71.29676295
10815,10/13/2011,October,Thursday,18:10,1,2,0,0,Angle,V1: Entering traffic lane / V2: Travelling straight ahead,V1: S  / V2: W,Wet,Dusk,Cloudy/Rain,0.86,0,65,57,FALSE,41.95090811,-71.27361366
10816,10/13/2011,October,Thursday,18:44,1,2,0,0,"Sideswipe, opposite direction",V1: Travelling straight ahead / V2: Turning left,V1: N  / V2: W,Wet,Dark - lighted roadway,Rain,0.86,0,65,57,FALSE,41.96254208,-71.28828373
10817,10/14/2011,October,Friday,8:46,1,2,0,0,Angle,V1: Travelling straight ahead / V2: Travelling straight ahead,V1: S  / V2: E,Wet,Daylight,Cloudy/Rain,0.59,0,70,59,FALSE,41.93393836,-71.3077318
10818,10/14/2011,October,Friday,9:57,1,2,0,0,"Sideswipe, same direction",V1: Travelling straight ahead / V2: Travelling straight ahead,V1: S  / V2: S,Wet,Daylight,Cloudy/Rain,0.59,0,70,59,FALSE,41.90697288,-71.36488171
10819,10/14/2011,October,Friday,13:00,2,2,1,0,Rear-end,V1: Slowing or stopped in traffic / V2: Travelling straight ahead,V1: 0 / V2: 0,Wet,Daylight,Rain,0.59,0,70,59,FALSE,41.89541252,-71.37076533
10820,10/14/2011,October,Friday,14:34,1,2,0,0,Rear-end,V1: Slowing or stopped in traffic / V2: Slowing or stopped in traffic,V1: S  / V2: S,Wet,Daylight,Cloudy/Rain,0.59,0,70,59,FALSE,41.90376957,-71.36650837
10821,10/14/2011,October,Friday,15:52,1,2,0,0,Angle,V1: Travelling straight ahead / V2: Turning left,V1: N  / V2: W,Wet,Daylight,Cloudy/Rain,0.59,0,70,59,FALSE,41.95484304,-71.28856385
10822,10/14/2011,October,Friday,17:20,0,1,0,0,Single vehicle crash,V1: 0,V1: 0,Wet,Dark - lighted roadway,Rain,0.59,0,70,59,FALSE,41.93152244,-71.29127014
10823,10/14/2011,October,Friday,18:58,1,2,0,0,Angle,V1: Travelling straight ahead / V2: Turning left,V1: E  / V2: N,Wet,Dark - lighted roadway,Cloudy/Rain,0.59,0,70,59,FALSE,41.93401501,-71.31496153
10824,10/15/2011,October,Saturday,9:41,1,2,0,0,Head-on,V1: Turning left / V2: Travelling straight ahead,V1: S  / V2: N,Dry,Daylight,Clear,0,0,67,54,FALSE,41.94140605,-71.28436439
10825,10/15/2011,October,Saturday,16:47,1,2,0,0,Angle,V1: Turning left / V2: 0,V1: S  / V2: W,Wet,Daylight,Cloudy/Rain,0,0,67,54,FALSE,41.92387717,-71.35158914
10826,10/15/2011,October,Saturday,19:27,2,1,1,0,Single vehicle crash,V1: Travelling straight ahead,V1: 0,Dry,Dark - lighted roadway,Clear,0,0,67,54,FALSE,41.93044785,-71.26035342
10827,10/18/2011,October,Tuesday,8:58,2,1,1,0,"Sideswipe, same direction",V1: Travelling straight ahead,V1: W,Dry,Daylight,Cloudy,0,0,71,49,FALSE,41.91331229,-71.32502812
10828,10/18/2011,October,Tuesday,15:31,2,3,1,0,Angle,V1: Entering traffic lane / V2: Travelling straight ahead / V3: Travelling straight ahead,V1: S  / V2: W  / V3: 0,Dry,Daylight,Cloudy,0,0,71,49,FALSE,41.94757814,-71.27890389
10829,10/19/2011,October,Wednesday,8:36,1,2,0,0,Angle,V1: Entering traffic lane / V2: Travelling straight ahead,V1: E  / V2: S,Dry,Daylight,Cloudy/Rain,1.9,0,60,49,FALSE,41.93569218,-71.28018883
10830,10/19/2011,October,Wednesday,10:41,1,3,0,0,Angle,V1: Entering traffic lane / V2: Travelling straight ahead / V3: Travelling straight ahead,V1: W  / V2: N  / V3: S,Wet,Daylight,Rain,1.9,0,60,49,FALSE,41.94231024,-71.28253433
10831,10/19/2011,October,Wednesday,12:50,1,2,0,0,Rear-end,V1: Slowing or stopped in traffic / V2: 0,V1: E  / V2: 0,Wet,Daylight,Rain,1.9,0,60,49,FALSE,41.93393836,-71.3077318
10832,10/19/2011,October,Wednesday,15:08,1,2,0,0,Angle,V1: Travelling straight ahead / V2: Travelling straight ahead,V1: W  / V2: W,Wet,Daylight,Cloudy/Rain,1.9,0,60,49,FALSE,41.94450501,-71.28411703
10833,10/19/2011,October,Wednesday,16:16,1,2,0,0,Rear-end,V1: Travelling straight ahead / V2: Slowing or stopped in traffic,V1: 0 / V2: E,Wet,Daylight,Cloudy/Rain,1.9,0,60,49,FALSE,41.92387717,-71.35158914
10834,10/19/2011,October,Wednesday,16:22,1,1,0,0,Rear-end,V1: Travelling straight ahead,V1: N,Wet,Dawn,Rain,1.9,0,60,49,FALSE,41.93114796,-71.26031158
10835,10/19/2011,October,Wednesday,17:26,1,2,0,0,Angle,V1: Travelling straight ahead / V2: Turning left,V1: N  / V2: W,Wet,Daylight,Cloudy/Rain,1.9,0,60,49,FALSE,41.95484304,-71.28856385
10836,10/20/2011,October,Thursday,14:15,1,2,0,0,Rear-end,V1: Slowing or stopped in traffic / V2: Slowing or stopped in traffic,V1: W  / V2: W,Dry,Daylight,Clear,0.48,0,71,55,FALSE,41.90168645,-71.34227839
10837,10/20/2011,October,Thursday,18:32,1,2,0,0,Angle,V1: Travelling straight ahead / V2: Turning left,V1: N  / V2: S,Dry,Dark - lighted roadway,Clear,0.48,0,71,55,FALSE,41.95568257,-71.28823954
10838,10/21/2011,October,Friday,9:38,1,2,0,0,Angle,V1: Travelling straight ahead / V2: Slowing or stopped in traffic,V1: 0 / V2: 0,Dry,Daylight,Clear,0,0,65,46,FALSE,41.89903243,-71.355186
10839,10/21/2011,October,Friday,15:20,1,2,0,0,Rear-end,V1: Slowing or stopped in traffic / V2: Travelling straight ahead,V1: 0 / V2: 0,Dry,Daylight,Clear,0,0,65,46,FALSE,41.95076301,-71.27397064
10840,10/21/2011,October,Friday,16:53,1,2,0,0,Angle,V1: Travelling straight ahead / V2: Turning left,V1: W  / V2: N,Dry,Daylight,Clear,0,0,65,46,FALSE,41.93421769,-71.2996754
10841,10/21/2011,October,Friday,17:30,1,2,0,0,Angle,V1: Changing lanes / V2: Travelling straight ahead,V1: W  / V2: W,Dry,Daylight,Clear,0,0,65,46,FALSE,41.95130281,-71.27263126
10842,10/22/2011,October,Saturday,0:44,1,3,0,0,Rear-end,V1: Travelling straight ahead / V2: Slowing or stopped in traffic / V3: Slowing or stopped in traffic,V1: S  / V2: S  / V3: S,Dry,Dark - lighted roadway,Cloudy,0,0,63,41,FALSE,41.90697288,-71.36488171
10843,10/22/2011,October,Saturday,16:41,1,1,0,0,Angle,V1: Slowing or stopped in traffic,V1: N,Dry,Daylight,Clear,0,0,63,41,FALSE,41.94586371,-71.28073807
10844,10/22/2011,October,Saturday,16:53,2,2,2,0,Rear-end,V1: Travelling straight ahead / V2: Slowing or stopped in traffic,V1: W  / V2: W,Dry,Daylight,Clear,0,0,63,41,FALSE,41.94612002,-71.3054315
10845,10/22/2011,October,Saturday,19:44,2,2,1,0,"Sideswipe, same direction",V1: Travelling straight ahead / V2: Travelling straight ahead,V1: S  / V2: S,Dry,Dark - roadway not lighted,Cloudy,0,0,63,41,FALSE,41.91982212,-71.35857678
10846,10/22/2011,October,Saturday,23:55,2,1,1,0,Single vehicle crash,V1: Travelling straight ahead,V1: S,Dry,Dark - roadway not lighted,Clear,0,0,63,41,FALSE,41.92927403,-71.32377045
10847,10/23/2011,October,Sunday,0:19,1,1,0,0,"Sideswipe, same direction",V1: Travelling straight ahead,V1: S,Dry,Dark - roadway not lighted,Clear,0,0,60,36,FALSE,41.96019116,-71.30118086
10848,10/24/2011,October,Monday,7:05,1,3,0,0,Angle,V1: Turning left / V2: Travelling straight ahead / V3: Slowing or stopped in traffic,V1: N  / V2: S  / V3: 0,Dry,Dawn,Clear,0,0,62,34,FALSE,41.90086769,-71.36799095
10849,10/25/2011,October,Tuesday,14:52,1,2,0,0,"Sideswipe, same direction",V1: Travelling straight ahead / V2: Turning left,V1: N  / V2: N,Dry,Daylight,Cloudy,0.04,0,61,41,FALSE,41.91211176,-71.37248336
10850,10/25/2011,October,Tuesday,15:18,1,2,0,0,Rear-end,V1: Slowing or stopped in traffic / V2: Slowing or stopped in traffic,V1: S  / V2: S,Dry,Daylight,Clear,0.04,0,61,41,FALSE,41.94234382,-71.27289652
10851,10/25/2011,October,Tuesday,15:28,1,4,0,0,Rear-end,V1: Changing lanes / V2: Travelling straight ahead / V3: Travelling straight ahead / V4: Travelling straight ahead,V1: S  / V2: S  / V3: S  / V4: S,Dry,Daylight,Clear,0.04,0,61,41,FALSE,41.89861001,-71.36943215
10852,10/26/2011,October,Wednesday,11:37,1,2,0,0,Angle,V1: Turning left / V2: Travelling straight ahead,V1: E  / V2: W,Dry,Daylight,Cloudy,0,0,51,40,FALSE,41.94472389,-71.28236781
10853,10/26/2011,October,Wednesday,17:25,2,2,2,0,Rear-end,V1: Travelling straight ahead / V2: Slowing or stopped in traffic,V1: W  / V2: W,Dry,Dusk,Cloudy,0,0,51,40,FALSE,41.94861042,-71.27758702
10854,10/27/2011,October,Thursday,12:33,2,2,2,0,Angle,V1: Travelling straight ahead / V2: Travelling straight ahead,V1: W  / V2: N,Dry,Daylight,Clear,1.15,0,47,33,FALSE,41.93830895,-71.28203041
10855,10/27/2011,October,Thursday,13:38,2,2,1,0,Angle,V1: Travelling straight ahead / V2: Entering traffic lane,V1: E  / V2: S,Dry,Daylight,Clear,1.15,0,47,33,FALSE,41.94657257,-71.28019315
10856,10/27/2011,October,Thursday,14:41,1,2,0,0,Angle,V1: Backing / V2: Travelling straight ahead,V1: S  / V2: S,Wet,Daylight,Rain,1.15,0,47,33,FALSE,41.93691035,-71.27563866
10857,10/27/2011,October,Thursday,16:33,1,2,0,0,Angle,V1: Travelling straight ahead / V2: Turning left,V1: W  / V2: N,Wet,Daylight,Cloudy/Rain,1.15,0,47,33,FALSE,41.93874704,-71.29215576
10858,10/27/2011,October,Thursday,18:55,1,2,0,0,Rear-end,V1: Slowing or stopped in traffic / V2: Travelling straight ahead,V1: S  / V2: S,Dry,Dark - lighted roadway,Clear,1.15,0,47,33,FALSE,41.91449065,-71.36105328
10859,10/27/2011,October,Thursday,20:08,1,2,0,0,Rear-end,V1: Slowing or stopped in traffic / V2: Travelling straight ahead,V1: 0 / V2: 0,Wet,Dark - lighted roadway,Snow,1.15,0,47,33,FALSE,41.93423781,-71.29965041
10860,10/28/2011,October,Friday,4:03,1,2,0,0,Angle,V1: Travelling straight ahead / V2: Travelling straight ahead,V1: S  / V2: E,Wet,Dark - lighted roadway,Cloudy,0,0,48,32,TRUE,41.94450501,-71.28411703
10861,10/28/2011,October,Friday,5:48,2,2,1,0,Angle,V1: Entering traffic lane / V2: Travelling straight ahead,V1: S  / V2: W,Dry,Dark - lighted roadway,Clear,0,0,48,32,TRUE,41.93394954,-71.30903288
10862,10/28/2011,October,Friday,12:50,1,2,0,0,Angle,V1: Travelling straight ahead / V2: Travelling straight ahead,V1: 0 / V2: W,Dry,Daylight,Clear,0,0,48,32,TRUE,41.90500517,-71.33616438
10863,10/28/2011,October,Friday,13:16,1,1,0,0,Single vehicle crash,V1: Travelling straight ahead,V1: E,Dry,Daylight,Clear,0,0,48,32,TRUE,41.91640833,-71.33956115
10864,10/28/2011,October,Friday,13:57,1,2,0,0,Angle,V1: Turning right / V2: Travelling straight ahead,V1: N  / V2: E,Dry,Daylight,Clear,0,0,48,32,TRUE,41.92616865,-71.3603011
10865,10/29/2011,October,Saturday,0:48,2,1,1,0,Single vehicle crash,V1: Travelling straight ahead,V1: S,Dry,Dark - lighted roadway,Clear,1.35,0.8,46,32,TRUE,41.93832519,-71.33246746
10866,10/29/2011,October,Saturday,1:16,2,1,1,0,Single vehicle crash,V1: Travelling straight ahead,V1: W,Dry,Dark - lighted roadway,Clear,1.35,0.8,46,32,TRUE,41.94142558,-71.28841992
10867,10/29/2011,October,Saturday,14:03,2,2,1,0,Angle,V1: Turning left / V2: Travelling straight ahead,V1: N  / V2: S,Wet,Daylight,Cloudy/Rain,1.35,0.8,46,32,TRUE,41.92241545,-71.31336866
10868,10/29/2011,October,Saturday,18:31,1,1,0,0,Single vehicle crash,V1: Travelling straight ahead,V1: E,Wet,Dark - lighted roadway,Snow,1.35,0.8,46,32,TRUE,41.94774809,-71.28390704
10869,10/29/2011,October,Saturday,20:30,1,1,0,0,Single vehicle crash,V1: Turning right,V1: N,Snow,Dark - lighted roadway,Snow,1.35,0.8,46,32,TRUE,41.9446632,-71.28341486
10870,10/29/2011,October,Saturday,22:04,1,1,0,0,Single vehicle crash,V1: Travelling straight ahead,V1: S,Snow,Dark - lighted roadway,Snow,1.35,0.8,46,32,TRUE,41.92512913,-71.35626524
10871,10/30/2011,October,Sunday,3:20,1,1,0,0,Single vehicle crash,V1: Travelling straight ahead,V1: N,Snow,Dark - roadway not lighted,Snow,0.21,1.5,47,27,TRUE,41.92927403,-71.32377045
10872,10/30/2011,October,Sunday,5:50,1,2,0,0,"Sideswipe, same direction",V1: Other / V2: Travelling straight ahead,V1: N  / V2: N,Snow,Dark - roadway not lighted,Snow,0.21,1.5,47,27,TRUE,41.89446625,-71.3758336
10873,10/30/2011,October,Sunday,9:07,2,2,1,0,Angle,V1: Entering traffic lane / V2: Travelling straight ahead,V1: W  / V2: W,Dry,Daylight,Clear,0.21,1.5,47,27,TRUE,41.93397761,-71.31903245
10874,10/30/2011,October,Sunday,14:42,2,2,2,0,"Sideswipe, opposite direction",V1: Turning left / V2: Travelling straight ahead,V1: N  / V2: S,Wet,Daylight,Cloudy,0.21,1.5,47,27,TRUE,41.93102074,-71.35299719
10875,10/30/2011,October,Sunday,16:18,2,2,1,0,Rear-end,V1: Changing lanes / V2: Travelling straight ahead,V1: N  / V2: N,Dry,Daylight,Clear,0.21,1.5,47,27,TRUE,41.90241817,-71.35561188
10876,11/1/2011,November,Tuesday,13:04,2,2,1,0,Rear-end,V1: Travelling straight ahead / V2: Slowing or stopped in traffic,V1: N  / V2: N,Dry,Daylight,Clear,0,0,54,31,TRUE,41.91982212,-71.35857678
10877,11/2/2011,November,Wednesday,12:25,2,3,4,0,Rear-end,V1: Travelling straight ahead / V2: Slowing or stopped in traffic / V3: Slowing or stopped in traffic,V1: W  / V2: W  / V3: W,Dry,Daylight,Clear,0,0,58,30,TRUE,41.93379033,-71.30179601
10878,11/2/2011,November,Wednesday,12:41,1,2,0,0,Rear-end,V1: Slowing or stopped in traffic / V2: Turning left,V1: S  / V2: S,Dry,Daylight,Clear,0,0,58,30,TRUE,41.91482581,-71.36088324
10879,11/2/2011,November,Wednesday,18:13,1,2,0,0,Rear-end,V1: Slowing or stopped in traffic / V2: Travelling straight ahead,V1: S  / V2: S,Dry,Dark - lighted roadway,Clear,0,0,58,30,TRUE,41.96643836,-71.29074265
10880,11/3/2011,November,Thursday,9:53,1,2,0,0,Angle,V1: Turning left / V2: Travelling straight ahead,V1: W  / V2: N,"Water (standing, moving)",Daylight,Clear,0,0,62,32,TRUE,41.89618753,-71.37039513
10881,11/3/2011,November,Thursday,12:46,1,2,0,0,Angle,V1: Turning right / V2: Travelling straight ahead,V1: W  / V2: E,Dry,Daylight,Clear,0,0,62,32,TRUE,41.89716151,-71.37384288
10882,11/3/2011,November,Thursday,16:19,2,1,1,0,Single vehicle crash,V1: Travelling straight ahead,V1: N,Dry,Daylight,Clear,0,0,62,32,TRUE,41.90241817,-71.35561188
10883,11/4/2011,November,Friday,11:54,1,2,0,0,Rear-end,V1: Slowing or stopped in traffic / V2: Travelling straight ahead,V1: E  / V2: E,Dry,Daylight,Clear,0,0,52,33,FALSE,41.93269195,-71.32821357
10884,11/4/2011,November,Friday,14:24,1,2,0,0,Angle,V1: Travelling straight ahead / V2: Travelling straight ahead,V1: 0 / V2: 0,Dry,Daylight,Clear,0,0,52,33,FALSE,41.92073245,-71.33852481
10885,11/4/2011,November,Friday,14:48,1,2,0,0,Angle,V1: Travelling straight ahead / V2: Turning left,V1: W  / V2: W,Dry,Daylight,Clear,0,0,52,33,FALSE,41.94757814,-71.27890389
10886,11/4/2011,November,Friday,14:51,2,2,1,0,Rear-end,V1: Slowing or stopped in traffic / V2: Slowing or stopped in traffic,V1: E  / V2: E,Dry,Daylight,Clear,0,0,52,33,FALSE,41.9483337,-71.27794679
10887,11/4/2011,November,Friday,16:55,2,1,1,0,Single vehicle crash,V1: Travelling straight ahead,V1: 0,Dry,Daylight,Clear,0,0,52,33,FALSE,41.91329854,-71.30797099
10888,11/4/2011,November,Friday,18:19,2,1,2,0,Single vehicle crash,V1: Travelling straight ahead,V1: N,Dry,Dark - roadway not lighted,Clear,0,0,52,33,FALSE,41.92886018,-71.3230987
10889,11/4/2011,November,Friday,18:32,2,2,1,0,Rear-end,V1: Travelling straight ahead / V2: Travelling straight ahead,V1: N  / V2: N,Dry,Dark - lighted roadway,Cloudy,0,0,52,33,FALSE,41.90198819,-71.36742244
10890,11/4/2011,November,Friday,21:08,2,2,2,0,Angle,V1: Entering traffic lane / V2: 0,V1: W  / V2: S,Dry,Dark - lighted roadway,Clear,0,0,52,33,FALSE,41.95090811,-71.27361366
10891,11/4/2011,November,Friday,22:41,1,1,0,0,Single vehicle crash,V1: Travelling straight ahead,V1: S,Dry,Dark - roadway not lighted,Clear,0,0,52,33,FALSE,41.93163412,-71.2603711
10892,11/5/2011,November,Saturday,16:13,1,2,0,0,Angle,V1: Slowing or stopped in traffic / V2: Travelling straight ahead,V1: N  / V2: W,Dry,Daylight,Clear,0,0,49,26,TRUE,41.94019537,-71.27660007
10893,11/5/2011,November,Saturday,22:26,1,2,0,0,Angle,V1: Slowing or stopped in traffic / V2: Turning left,V1: N  / V2: E,Dry,Dark - lighted roadway,Clear,0,0,49,26,TRUE,41.9120082,-71.2587778
10894,11/6/2011,November,Sunday,5:40,2,1,1,0,Single vehicle crash,V1: Travelling straight ahead,V1: N,Dry,Dawn,Clear,0,0,57,23,TRUE,41.94127052,-71.26890833
10895,11/6/2011,November,Sunday,6:52,2,2,2,0,Angle,V1: Travelling straight ahead / V2: Travelling straight ahead,V1: S  / V2: E,Dry,Daylight,Clear,0,0,57,23,TRUE,41.94431166,-71.28140274
10896,11/6/2011,November,Sunday,11:11,2,3,1,0,Rear-end,V1: Slowing or stopped in traffic / V2: Slowing or stopped in traffic / V3: Slowing or stopped in traffic,V1: S  / V2: S  / V3: S,Dry,Daylight,Clear,0,0,57,23,TRUE,41.92508738,-71.35628348
10897,11/6/2011,November,Sunday,12:44,1,2,0,0,Rear-end,V1: Slowing or stopped in traffic / V2: Travelling straight ahead,V1: N  / V2: N,Dry,Daylight,Clear,0,0,57,23,TRUE,41.96941345,-71.29547608