ID,DATE,Month,Day of week,Crash Time,Crash Severity,Number of Vehicles,Total Nonfatal Injuries,Total Fatal Injuries,Manner of Collision,Vehicle Action Prior to Crash,Vehicle Travel Directions,Road Surface Condition,Ambient Light,Weather Condition,PRCP,SNOW,TMAX,TMIN,Ice,Longtitute,Latitute
10898,11/6/2011,November,Sunday,13:16,2,2,1,0,Rear-end,V1: Slowing or stopped in traffic / V2: Slowing or stopped in traffic,V1: N  / V2: N,Dry,Daylight,Clear,0,0,57,23,TRUE,41.92014284,-71.35719783
10899,11/7/2011,November,Monday,7:19,2,2,1,0,Rear-end,V1: Slowing or stopped in traffic / V2: Travelling straight ahead,V1: S  / V2: S,Wet,Daylight,Clear,0,0,64,39,FALSE,41.92226308,-71.29318434
10900,11/7/2011,November,Monday,7:27,2,2,1,0,Angle,V1: Travelling straight ahead / V2: Travelling straight ahead,V1: E  / V2: W,Wet,Daylight,Clear,0,0,64,39,FALSE,41.96939377,-71.29355357
10901,11/7/2011,November,Monday,9:13,1,2,0,0,Rear-end,V1: Travelling straight ahead / V2: Turning left,V1: S  / V2: S,Dry,Daylight,Clear,0,0,64,39,FALSE,41.95076301,-71.27397064
10902,11/7/2011,November,Monday,13:16,1,2,0,0,Rear-end,V1: Travelling straight ahead / V2: Travelling straight ahead,V1: S  / V2: S,Dry,Daylight,Clear,0,0,64,39,FALSE,41.94330896,-71.27265641
10903,11/7/2011,November,Monday,17:08,1,3,0,0,Rear-to-rear,V1: Travelling straight ahead / V2: Slowing or stopped in traffic / V3: Slowing or stopped in traffic,V1: S  / V2: S  / V3: S,Dry,Dark - lighted roadway,Clear,0,0,64,39,FALSE,34.24438675,-73.6513909
10904,11/8/2011,November,Tuesday,14:52,1,2,0,0,Angle,V1: Turning right / V2: Travelling straight ahead,V1: 0 / V2: 0,Dry,Daylight,Clear,0,0,71,38,FALSE,41.89541252,-71.37076533
10905,11/8/2011,November,Tuesday,21:43,1,3,0,0,Rear-end,V1: Travelling straight ahead / V2: Parked / V3: Parked,V1: E  / V2: E  / V3: E,Dry,Dark - lighted roadway,Clear,0,0,71,38,FALSE,41.94563994,-71.27937153
10906,11/9/2011,November,Wednesday,7:10,1,2,0,0,Rear-end,V1: Travelling straight ahead / V2: Slowing or stopped in traffic,V1: W  / V2: W,Dry,Daylight,Clear,0,0,68,41,FALSE,41.93365972,-71.30092201
10907,11/9/2011,November,Wednesday,12:04,1,2,0,0,Angle,V1: Turning left / V2: Turning left,V1: W  / V2: S,Dry,Daylight,Clear,0,0,68,41,FALSE,41.95078238,-71.27223268
10908,11/9/2011,November,Wednesday,15:49,2,1,1,0,Single vehicle crash,V1: Travelling straight ahead,V1: 0,Dry,Daylight,Clear,0,0,68,41,FALSE,41.91046327,-71.32103601
10909,11/9/2011,November,Wednesday,16:14,2,2,3,0,Angle,V1: Travelling straight ahead / V2: Travelling straight ahead,V1: E  / V2: N,Dry,Daylight,Clear,0,0,68,41,FALSE,41.94396167,-71.27662963
10910,11/9/2011,November,Wednesday,17:10,1,2,0,0,"Sideswipe, same direction",V1: Travelling straight ahead / V2: Parked,V1: N  / V2: 0,Dry,Dark - lighted roadway,Clear,0,0,68,41,FALSE,41.94257686,-71.27448379
10911,11/10/2011,November,Thursday,3:06,1,2,0,0,Angle,V1: 0 / V2: Travelling straight ahead,V1: E  / V2: N,Wet,Daylight,Cloudy/Rain,1.06,0,61,52,FALSE,41.94683059,-71.28375978
10912,11/10/2011,November,Thursday,16:03,2,2,1,0,Rear-end,V1: Travelling straight ahead / V2: Slowing or stopped in traffic,V1: N  / V2: N,Wet,Daylight,Rain,1.06,0,61,52,FALSE,41.9454408,-71.2855188
10913,11/10/2011,November,Thursday,18:21,2,2,2,0,Angle,V1: Travelling straight ahead / V2: Travelling straight ahead,V1: N  / V2: W,Wet,Dark - lighted roadway,Clear,1.06,0,61,52,FALSE,41.96941345,-71.29547608
10914,11/11/2011,November,Friday,6:09,1,1,0,0,Single vehicle crash,V1: Travelling straight ahead,V1: N,Dry,Dark - roadway not lighted,Clear,0,0,56,39,FALSE,41.95593405,-71.30346756
10915,11/11/2011,November,Friday,11:54,1,2,0,0,Rear-end,V1: Travelling straight ahead / V2: Slowing or stopped in traffic,V1: N  / V2: N,Dry,Daylight,Clear,0,0,56,39,FALSE,41.9023143,-71.35595636
10916,11/11/2011,November,Friday,19:28,1,2,0,0,"Sideswipe, same direction",V1: Changing lanes / V2: Travelling straight ahead,V1: S  / V2: S,Dry,Dark - lighted roadway,Clear,0,0,56,39,FALSE,41.90261276,-71.35590972
10917,11/11/2011,November,Friday,19:30,2,2,5,0,Angle,V1: Travelling straight ahead / V2: Travelling straight ahead,V1: E  / V2: S,Dry,Dark - lighted roadway,Cloudy,0,0,56,39,FALSE,41.96712418,-71.29097941
10918,11/11/2011,November,Friday,21:05,1,2,0,0,Angle,V1: Travelling straight ahead / V2: Travelling straight ahead,V1: 0 / V2: 0,Wet,Dark - roadway not lighted,Rain,0,0,56,39,FALSE,41.94431166,-71.28140274
10919,11/12/2011,November,Saturday,2:45,2,1,1,0,Single vehicle crash,V1: Leaving traffic lane,V1: S,Dry,Dark - lighted roadway,Clear,0,0,53,32,TRUE,41.92697521,-71.2853638
10920,11/12/2011,November,Saturday,12:00,1,2,0,0,Angle,V1: Travelling straight ahead / V2: Turning right,V1: W  / V2: N,Dry,Daylight,Clear,0,0,53,32,TRUE,34.24438675,-73.6513909
10921,11/13/2011,November,Sunday,12:03,1,2,0,0,Angle,V1: Turning left / V2: Travelling straight ahead,V1: E  / V2: E,Dry,Daylight,Clear,0,0,62,34,FALSE,41.91982212,-71.35857678
10922,11/13/2011,November,Sunday,17:45,1,1,0,0,Angle,V1: Travelling straight ahead,V1: W,Dry,Daylight,Clear,0,0,62,34,FALSE,41.93742983,-71.26519759
10923,11/14/2011,November,Monday,10:41,1,2,0,0,Angle,V1: Travelling straight ahead / V2: Turning left,V1: S  / V2: E,Dry,Daylight,Clear,0.01,0,67,55,FALSE,41.90498112,-71.31911009
10924,11/16/2011,November,Wednesday,8:12,1,1,0,0,Single vehicle crash,V1: Travelling straight ahead,V1: S,Dry,Daylight,Cloudy,0.92,0,58,52,FALSE,41.91463957,-71.35904891
10925,11/16/2011,November,Wednesday,15:13,1,2,0,0,Rear-end,V1: Travelling straight ahead / V2: Slowing or stopped in traffic,V1: S  / V2: S,Wet,Daylight,Rain,0.92,0,58,52,FALSE,41.91555446,-71.36051036
10926,11/16/2011,November,Wednesday,15:15,1,2,0,0,Rear-end,V1: Travelling straight ahead / V2: Slowing or stopped in traffic,V1: W  / V2: W,Wet,Daylight,Cloudy/Rain,0.92,0,58,52,FALSE,41.96306612,-71.28865133
10927,11/16/2011,November,Wednesday,16:37,1,2,0,0,Angle,V1: Turning left / V2: Travelling straight ahead,V1: S  / V2: E,Wet,Dark - 0 roadway lighting,Rain,0.92,0,58,52,FALSE,41.9483337,-71.27794679
10928,11/16/2011,November,Wednesday,18:25,1,2,0,0,Rear-end,V1: Travelling straight ahead / V2: Slowing or stopped in traffic,V1: N  / V2: N,Wet,Dark - lighted roadway,Rain,0.92,0,58,52,FALSE,41.91325585,-71.3590575
10929,11/16/2011,November,Wednesday,20:40,1,2,0,0,Angle,V1: Parked / V2: Parked,V1: 0 / V2: 0,Wet,Dark - lighted roadway,Rain,0.92,0,58,52,FALSE,41.93815893,-71.27951678
10930,11/16/2011,November,Wednesday,21:03,1,2,0,0,Rear-end,V1: Travelling straight ahead / V2: Parked,V1: E  / V2: E,Wet,Dark - lighted roadway,Rain,0.92,0,58,52,FALSE,41.93400102,-71.313274
10931,11/17/2011,November,Thursday,17:12,1,2,0,0,Rear-end,V1: Travelling straight ahead / V2: Slowing or stopped in traffic,V1: E  / V2: E,Wet,Dark - lighted roadway,Rain,0.28,0,54,36,FALSE,41.95287787,-71.26899686
10932,11/18/2011,November,Friday,16:15,1,2,0,0,Angle,V1: Travelling straight ahead / V2: Turning left,V1: W  / V2: S,Dry,Dusk,Clear,0,0,45,28,TRUE,41.94472389,-71.28236781
10933,11/18/2011,November,Friday,17:34,1,2,0,0,"Sideswipe, same direction",V1: Slowing or stopped in traffic / V2: Travelling straight ahead,V1: N  / V2: N,Dry,Dark - lighted roadway,Clear,0,0,45,28,TRUE,41.9396344,-71.26732859
10934,11/19/2011,November,Saturday,14:52,2,1,1,0,Single vehicle crash,V1: Travelling straight ahead,V1: W,Dry,Daylight,Clear,0,0,54,29,TRUE,41.90464384,-71.3241181
10935,11/19/2011,November,Saturday,18:39,1,2,0,0,Angle,V1: Entering traffic lane / V2: Travelling straight ahead,V1: W  / V2: N,Dry,Dark - lighted roadway,Clear,0,0,54,29,TRUE,41.91653724,-71.36001753
10936,11/20/2011,November,Sunday,3:44,1,2,0,0,Single vehicle crash,V1: Travelling straight ahead / V2: Travelling straight ahead,V1: S  / V2: S,Dry,Dark - roadway not lighted,Clear,0,0,67,48,FALSE,41.96019116,-71.30118086
10937,11/20/2011,November,Sunday,13:03,2,2,1,0,Rear-end,V1: Slowing or stopped in traffic / V2: Travelling straight ahead,V1: N  / V2: N,Dry,Daylight,Clear,0,0,67,48,FALSE,41.89733197,-71.36979234
10938,11/20/2011,November,Sunday,16:05,1,2,0,0,Rear-end,V1: Slowing or stopped in traffic / V2: Slowing or stopped in traffic,V1: N  / V2: N,Dry,Dusk,Cloudy,0,0,67,48,FALSE,41.92360365,-71.35694218
10939,11/21/2011,November,Monday,12:27,1,2,0,0,Rear-end,V1: Slowing or stopped in traffic / V2: Travelling straight ahead,V1: N  / V2: N,Dry,Daylight,Clear,0,0,55,28,TRUE,41.9224407,-71.35744056
10940,11/21/2011,November,Monday,12:40,2,2,2,0,Angle,V1: Entering traffic lane / V2: Entering traffic lane,V1: S  / V2: N,Dry,Daylight,Clear,0,0,55,28,TRUE,41.94574442,-71.28910698
10941,11/21/2011,November,Monday,16:40,1,2,0,0,Rear-end,V1: Travelling straight ahead / V2: Slowing or stopped in traffic,V1: S  / V2: S,Dry,Dark - lighted roadway,Clear,0,0,55,28,TRUE,41.89749146,-71.35475207
10942,11/21/2011,November,Monday,16:50,1,2,0,0,Rear-end,V1: Slowing or stopped in traffic / V2: Travelling straight ahead,V1: S  / V2: S,Dry,Dark - lighted roadway,Clear,0,0,55,28,TRUE,34.24438675,-73.6513909
10943,11/21/2011,November,Monday,16:57,1,2,0,0,Angle,V1: Entering traffic lane / V2: Travelling straight ahead,V1: S  / V2: W,Dry,Dark - lighted roadway,Clear,0,0,55,28,TRUE,41.93874704,-71.29215576
10944,11/22/2011,November,Tuesday,8:09,2,1,1,0,Single vehicle crash,V1: Travelling straight ahead,V1: N,Dry,Daylight,Clear,0.09,0,48,26,TRUE,41.94935199,-71.30788457
10945,11/22/2011,November,Tuesday,15:00,1,1,0,0,Single vehicle crash,V1: Turning left,V1: N,Dry,Daylight,Cloudy,0.09,0,48,26,TRUE,41.93917682,-71.28985166
10946,11/22/2011,November,Tuesday,23:38,1,1,0,0,Single vehicle crash,V1: Backing,V1: E,Wet,Dark - lighted roadway,Cloudy/Rain,0.09,0,48,26,TRUE,41.94266173,-71.28390998
10947,11/23/2011,November,Wednesday,15:24,2,2,1,0,Rear-end,V1: Slowing or stopped in traffic / V2: Travelling straight ahead,V1: E  / V2: E,Dry,Daylight,Cloudy,1.5,0,48,35,FALSE,41.93608923,-71.296466
10948,11/23/2011,November,Wednesday,17:10,1,2,0,0,Head-on,V1: Turning right / V2: Slowing or stopped in traffic,V1: N  / V2: S,Dry,Dark - lighted roadway,Clear,1.5,0,48,35,FALSE,41.95484304,-71.28856385
10949,11/23/2011,November,Wednesday,18:32,1,1,0,0,Single vehicle crash,V1: Travelling straight ahead,V1: N,Wet,Dark - lighted roadway,Cloudy/Rain,1.5,0,48,35,FALSE,41.95027561,-71.29009929
10950,11/25/2011,November,Friday,9:32,1,2,0,0,Rear-end,V1: Travelling straight ahead / V2: Travelling straight ahead,V1: N  / V2: N,Dry,Daylight,Clear,0,0,61,28,TRUE,41.94898405,-71.28937601
10951,11/25/2011,November,Friday,15:49,1,2,0,0,Rear-end,V1: Parked / V2: Backing,V1: 0 / V2: N,Dry,Daylight,Clear,0,0,61,28,TRUE,41.95263042,-71.28953049
10952,11/25/2011,November,Friday,18:00,1,2,0,0,Rear-end,V1: Entering traffic lane / V2: Entering traffic lane,V1: S  / V2: S,Dry,Dark - roadway not lighted,Clear,0,0,61,28,TRUE,41.92014284,-71.35719783
10953,11/26/2011,November,Saturday,1:31,2,2,1,0,Angle,V1: Turning right / V2: Slowing or stopped in traffic,V1: W  / V2: E,Dry,Dark - lighted roadway,Clear,0,0,65,32,TRUE,41.91982212,-71.35857678
10954,11/26/2011,November,Saturday,11:08,1,2,0,0,Angle,V1: Slowing or stopped in traffic / V2: Travelling straight ahead,V1: W  / V2: S,Dry,Daylight,Clear,0,0,65,32,TRUE,41.94379284,-71.27981397
10955,11/26/2011,November,Saturday,17:04,1,2,0,0,Rear-end,V1: Slowing or stopped in traffic / V2: Travelling straight ahead,V1: N  / V2: N,Dry,Dark - lighted roadway,Clear,0,0,65,32,TRUE,41.93118399,-71.26031362
10956,11/26/2011,November,Saturday,17:58,2,1,1,0,Single vehicle crash,V1: Travelling straight ahead,V1: N,Dry,Dark - lighted roadway,Clear,0,0,65,32,TRUE,41.91209771,-71.2678641
10957,11/26/2011,November,Saturday,23:33,1,2,0,0,Angle,V1: Overtaking/passing / V2: Slowing or stopped in traffic,V1: W  / V2: 0,Dry,Dark - lighted roadway,Clear,0,0,65,32,TRUE,34.24438675,-73.6513909
10958,11/27/2011,November,Sunday,16:06,2,3,1,0,Rear-end,V1: Travelling straight ahead / V2: Travelling straight ahead / V3: Turning left,V1: N  / V2: S  / V3: N,Dry,Dusk,Cloudy,0,0,59,30,TRUE,41.90978893,-71.31543487
10959,11/27/2011,November,Sunday,20:20,1,2,0,0,Rear-end,V1: Slowing or stopped in traffic / V2: Travelling straight ahead,V1: 0 / V2: W,Dry,Dark - lighted roadway,Clear,0,0,59,30,TRUE,41.93397921,-71.30659863
10960,11/28/2011,November,Monday,18:40,2,2,3,0,Rear-end,V1: Slowing or stopped in traffic / V2: Slowing or stopped in traffic,V1: S  / V2: S,Dry,Dark - lighted roadway,Clear,0,0,66,53,FALSE,41.95931508,-71.28774175
10961,11/29/2011,November,Tuesday,17:15,2,2,2,0,Rear-end,V1: Travelling straight ahead / V2: Travelling straight ahead,V1: E  / V2: E,Dry,Dark - lighted roadway,Clear,0.03,0,67,47,FALSE,34.24438675,-73.6513909
10962,11/30/2011,November,Wednesday,8:26,2,2,1,0,Angle,V1: Travelling straight ahead / V2: Entering traffic lane,V1: N  / V2: E,Dry,Daylight,Clear,0.94,0,65,39,FALSE,41.93742983,-71.26519759
10963,11/30/2011,November,Wednesday,18:21,2,1,1,0,Single vehicle crash,V1: Travelling straight ahead,V1: N,Dry,Dark - lighted roadway,Clear,0.94,0,65,39,FALSE,41.95437986,-71.25499915
10964,12/1/2011,December,Thursday,18:26,1,1,0,0,Single vehicle crash,V1: Travelling straight ahead,V1: E,Dry,Dark - lighted roadway,Clear,0,0,49,28,TRUE,41.95401169,-71.26450211
10965,12/1/2011,December,Thursday,19:34,1,2,0,0,"Sideswipe, opposite direction",V1: 0 / V2: Travelling straight ahead,V1: W  / V2: E,Dry,Dark - lighted roadway,Clear,0,0,49,28,TRUE,41.92568571,-71.35857579
10966,12/1/2011,December,Thursday,21:43,1,2,0,0,"Sideswipe, same direction",V1: Turning right / V2: Turning right,V1: S  / V2: S,Dry,Dark - lighted roadway,Clear,0,0,49,28,TRUE,41.89903243,-71.355186
10967,12/1/2011,December,Thursday,21:43,1,2,0,0,"Sideswipe, same direction",V1: Turning right / V2: Travelling straight ahead,V1: S  / V2: S,Dry,Dark - lighted roadway,Clear,0,0,49,28,TRUE,41.89903243,-71.355186
10968,12/2/2011,December,Friday,8:24,1,2,0,0,Angle,V1: Entering traffic lane / V2: Travelling straight ahead,V1: S  / V2: W,Dry,Daylight,Clear,0,0,50,25,TRUE,34.24438675,-73.6513909
10969,12/2/2011,December,Friday,10:02,1,2,0,0,Rear-end,V1: Travelling straight ahead / V2: Turning left,V1: E  / V2: E,Dry,Daylight,Clear,0,0,50,25,TRUE,41.91549076,-71.25741115
10970,12/2/2011,December,Friday,11:41,1,2,0,0,Angle,V1: Turning left / V2: Travelling straight ahead,V1: S  / V2: N,Dry,Daylight,Clear,0,0,50,25,TRUE,41.90081079,-71.36802017
10971,12/2/2011,December,Friday,11:57,2,2,1,0,Rear-end,V1: Travelling straight ahead / V2: Travelling straight ahead,V1: W  / V2: W,Dry,Daylight,Clear,0,0,50,25,TRUE,41.95439592,-71.24643935
10972,12/2/2011,December,Friday,18:19,2,2,5,0,Angle,V1: Turning left / V2: Travelling straight ahead,V1: E  / V2: S,Dry,Dark - lighted roadway,Clear,0,0,50,25,TRUE,41.93348005,-71.29992568
10973,12/4/2011,December,Sunday,17:45,1,3,0,0,Rear-end,V1: Travelling straight ahead / V2: Slowing or stopped in traffic / V3: Travelling straight ahead,V1: 0 / V2: S  / V3: 0,Dry,Dark - lighted roadway,Clear,0,0,53,25,TRUE,41.91723587,-71.37241026
10974,12/4/2011,December,Sunday,18:09,1,1,0,0,Single vehicle crash,V1: Turning right,V1: W,Dry,Dark - roadway not lighted,Clear,0,0,53,25,TRUE,41.91329854,-71.30797099
10975,12/5/2011,December,Monday,14:55,1,2,0,0,Rear-end,V1: Travelling straight ahead / V2: Travelling straight ahead,V1: 0 / V2: 0,Dry,Daylight,Clear,0,0,61,42,FALSE,34.24438675,-73.6513909
10976,12/5/2011,December,Monday,15:16,1,2,0,0,Rear-end,V1: Travelling straight ahead / V2: Travelling straight ahead,V1: N  / V2: N,Dry,Daylight,Cloudy,0,0,61,42,FALSE,41.91982212,-71.35857678
10977,12/5/2011,December,Monday,22:30,1,1,0,0,Single vehicle crash,V1: Travelling straight ahead,V1: N,Wet,Dark - lighted roadway,Cloudy/Rain,0,0,61,42,FALSE,34.24438675,-73.6513909
10978,12/6/2011,December,Tuesday,11:43,1,2,0,0,Rear-end,V1: Travelling straight ahead / V2: Slowing or stopped in traffic,V1: N  / V2: N,Wet,Daylight,Cloudy,0.35,0,60,51,FALSE,41.90998013,-71.35802082
10979,12/6/2011,December,Tuesday,21:33,2,2,1,0,Rear-end,V1: Slowing or stopped in traffic / V2: Travelling straight ahead,V1: N  / V2: S,Wet,Dark - roadway not lighted,Rain,0.35,0,60,51,FALSE,41.92927403,-71.32377045
10980,12/7/2011,December,Wednesday,3:03,1,1,0,0,Single vehicle crash,V1: Travelling straight ahead,V1: S,Wet,Dark - lighted roadway,Rain,1.84,0,57,45,FALSE,41.93723012,-71.28375224
10981,12/7/2011,December,Wednesday,6:51,1,2,0,0,Rear-end,V1: Travelling straight ahead / V2: Travelling straight ahead,V1: E  / V2: E,Wet,Daylight,Cloudy/Rain,1.84,0,57,45,FALSE,41.93403731,-71.30601704
10982,12/7/2011,December,Wednesday,12:48,1,2,0,0,Angle,V1: Travelling straight ahead / V2: Travelling straight ahead,V1: N  / V2: W,Wet,Daylight,Cloudy/Rain,1.84,0,57,45,FALSE,41.9110765,-71.36278231
10983,12/7/2011,December,Wednesday,16:00,1,2,0,0,Rear-end,V1: Entering traffic lane / V2: Travelling straight ahead,V1: S  / V2: S,Wet,Dark - lighted roadway,Cloudy/Rain,1.84,0,57,45,FALSE,41.91337209,-71.36161888
10984,12/7/2011,December,Wednesday,16:58,0,3,0,0,Angle,V1: Turning left / V2: Travelling straight ahead / V3: 0,V1: N  / V2: 0 / V3: 0,Wet,Dark - lighted roadway,Rain,1.84,0,57,45,FALSE,41.91657651,-71.35875486
10985,12/7/2011,December,Wednesday,17:34,1,2,0,0,Angle,V1: Travelling straight ahead / V2: Travelling straight ahead,V1: W  / V2: S,Wet,Dark - lighted roadway,Cloudy/Rain,1.84,0,57,45,FALSE,41.94121777,-71.2768631
10986,12/7/2011,December,Wednesday,22:41,1,2,0,0,"Sideswipe, same direction",V1: Turning right / V2: Travelling straight ahead,V1: E  / V2: E,Dry,Daylight,Clear,1.84,0,57,45,FALSE,41.93518136,-71.28488512
10987,12/8/2011,December,Thursday,1:25,2,4,3,0,Head-on,V1: 0 / V2: Travelling straight ahead / V3: Travelling straight ahead / V4: Travelling straight ahead,V1: N  / V2: N  / V3: N  / V4: N,Wet,Dark - lighted roadway,Rain,0.83,0,46,29,TRUE,34.24438675,-73.6513909
10988,12/8/2011,December,Thursday,14:10,1,2,0,0,Angle,V1: Backing / V2: Entering traffic lane,V1: N  / V2: W,Dry,Daylight,Clear,0.83,0,46,29,TRUE,41.94472176,-71.2812504
10989,12/8/2011,December,Thursday,16:05,2,2,5,0,Rear-end,V1: 0 / V2: 0,V1: N  / V2: N,Dry,Daylight,Clear,0.83,0,46,29,TRUE,41.94721655,-71.28786974
10990,12/9/2011,December,Friday,7:00,1,2,0,0,Angle,V1: Slowing or stopped in traffic / V2: Travelling straight ahead,V1: S  / V2: W,Dry,Daylight,Clear,0,0,52,27,TRUE,41.91255534,-71.27060571
10991,12/9/2011,December,Friday,10:52,1,2,0,0,Angle,V1: Travelling straight ahead / V2: Travelling straight ahead,V1: S  / V2: S,Dry,Daylight,Clear,0,0,52,27,TRUE,41.92508738,-71.35628348
10992,12/9/2011,December,Friday,18:10,2,1,1,0,Head-on,V1: Turning left,V1: 0,Dry,Dark - lighted roadway,Clear,0,0,52,27,TRUE,41.93676556,-71.24918472
10993,12/9/2011,December,Friday,19:08,2,2,2,0,Rear-end,V1: Travelling straight ahead / V2: Slowing or stopped in traffic,V1: S  / V2: S,Dry,Dark - lighted roadway,Clear,0,0,52,27,TRUE,41.90998013,-71.35802082
10994,12/9/2011,December,Friday,21:11,1,1,0,0,Single vehicle crash,V1: Travelling straight ahead,V1: N,Dry,Dark - roadway not lighted,Clear,0,0,52,27,TRUE,41.95593405,-71.30346756
10995,12/10/2011,December,Saturday,19:15,1,2,0,0,Angle,V1: Turning right / V2: Travelling straight ahead,V1: N  / V2: E,Dry,Dark - lighted roadway,Clear,0.03,0,46,26,TRUE,41.94395483,-71.28036193
10996,12/10/2011,December,Saturday,19:34,1,2,0,0,"Sideswipe, opposite direction",V1: Travelling straight ahead / V2: Travelling straight ahead,V1: 0 / V2: N,0,Dark - lighted roadway,Clear,0.03,0,46,26,TRUE,41.93304448,-71.28634923
10997,12/10/2011,December,Saturday,20:44,1,2,0,0,Rear-end,V1: Travelling straight ahead / V2: Slowing or stopped in traffic,V1: N  / V2: N,Dry,Dark - lighted roadway,Clear,0.03,0,46,26,TRUE,41.92014284,-71.35719783
10998,12/10/2011,December,Saturday,21:16,2,1,1,0,Single vehicle crash,V1: Travelling straight ahead,V1: 0,Dry,Dark - lighted roadway,Clear,0.03,0,46,26,TRUE,41.937923,-71.33128418
10999,12/11/2011,December,Sunday,13:00,1,2,0,0,Rear-end,V1: Slowing or stopped in traffic / V2: Slowing or stopped in traffic,V1: W  / V2: W,Dry,Daylight,Clear,0,0,39,21,TRUE,41.93269195,-71.32821357
11000,12/11/2011,December,Sunday,17:22,1,2,0,0,Angle,V1: Travelling straight ahead / V2: Travelling straight ahead,V1: W  / V2: N,Dry,Dark - lighted roadway,Clear,0,0,39,21,TRUE,41.93623387,-71.28481203
11001,12/12/2011,December,Monday,15:07,1,1,0,0,Single vehicle crash,V1: Travelling straight ahead,V1: W,Dry,Daylight,Cloudy,0,0,47,24,TRUE,41.94413491,-71.27260127
11002,12/12/2011,December,Monday,16:10,1,2,0,0,Angle,V1: Backing / V2: Parked,V1: S  / V2: 0,Dry,Dark - lighted roadway,Clear,0,0,47,24,TRUE,41.93679704,-71.28006642
11003,12/12/2011,December,Monday,16:48,1,1,0,0,Single vehicle crash,V1: Turning right,V1: S,Dry,Dark - lighted roadway,Clear,0,0,47,24,TRUE,41.91982212,-71.35857678
11004,12/12/2011,December,Monday,17:18,2,2,3,0,Angle,V1: Travelling straight ahead / V2: Slowing or stopped in traffic,V1: W  / V2: S,Dry,Dark - lighted roadway,Clear,0,0,47,24,TRUE,41.93304448,-71.28634923
11005,12/12/2011,December,Monday,18:45,1,2,0,0,Angle,V1: Travelling straight ahead / V2: Slowing or stopped in traffic,V1: S  / V2: E,Dry,Dark - lighted roadway,Clear,0,0,47,24,TRUE,41.94217059,-71.28456247
11006,12/12/2011,December,Monday,19:29,1,2,0,0,Angle,V1: Backing / V2: Travelling straight ahead,V1: N  / V2: E,Dry,Daylight,Clear,0,0,47,24,TRUE,41.93305697,-71.29797022
11007,12/13/2011,December,Tuesday,7:29,1,2,0,0,Angle,V1: Entering traffic lane / V2: Travelling straight ahead,V1: E  / V2: N,Dry,Daylight,Clear,0,0,46,21,TRUE,41.94210306,-71.26984487
11008,12/13/2011,December,Tuesday,8:00,2,2,1,0,Rear-end,V1: Travelling straight ahead / V2: Slowing or stopped in traffic,V1: S  / V2: S,Dry,Daylight,Clear,0,0,46,21,TRUE,41.94604197,-71.28656899
11009,12/14/2011,December,Wednesday,8:24,2,2,1,0,Rear-end,V1: Travelling straight ahead / V2: Travelling straight ahead,V1: W  / V2: W,0,Daylight,Clear,0,0,44,28,TRUE,34.24438675,-73.6513909
11010,12/15/2011,December,Thursday,14:05,2,2,1,0,Angle,V1: 0 / V2: 0,V1: 0 / V2: 0,Wet,Daylight,Cloudy/Rain,0.09,0,53,33,FALSE,41.9170943,-71.35975551
11011,12/15/2011,December,Thursday,16:51,2,2,2,0,Rear-end,V1: Travelling straight ahead / V2: Slowing or stopped in traffic,V1: N  / V2: N,Dry,Dark - lighted roadway,Cloudy,0.09,0,53,33,FALSE,41.90851446,-71.357567
11012,12/15/2011,December,Thursday,18:59,2,3,2,0,"Sideswipe, opposite direction",V1: Travelling straight ahead / V2: Travelling straight ahead / V3: Travelling straight ahead,V1: W  / V2: W  / V3: E,Wet,Dark - lighted roadway,Cloudy/Rain,0.09,0,53,33,FALSE,41.91764046,-71.31951616
11013,12/15/2011,December,Thursday,21:39,1,2,0,0,Angle,V1: Turning left / V2: Travelling straight ahead,V1: N  / V2: S,Dry,Dark - lighted roadway,Clear,0.09,0,53,33,FALSE,41.90964751,-71.36351027
11014,12/16/2011,December,Friday,15:36,1,2,0,0,Rear-end,V1: Travelling straight ahead / V2: Slowing or stopped in traffic,V1: W  / V2: W,0,Daylight,Clear,0,0,53,37,FALSE,41.90086769,-71.36799095
11015,12/16/2011,December,Friday,17:06,2,2,1,0,Rear-end,V1: Slowing or stopped in traffic / V2: Slowing or stopped in traffic,V1: S  / V2: S,Dry,Dark - roadway not lighted,Clear,0,0,53,37,FALSE,41.96019116,-71.30118086
11016,12/16/2011,December,Friday,19:11,1,2,0,0,Angle,V1: Entering traffic lane / V2: 0,V1: E  / V2: 0,Wet,Dark - lighted roadway,Rain,0,0,53,37,FALSE,41.92387717,-71.35158914
11017,12/17/2011,December,Saturday,16:31,1,1,0,0,Single vehicle crash,V1: Travelling straight ahead,V1: E,Dry,Dark - lighted roadway,Clear,0,0,42,27,TRUE,41.93150481,-71.33366365