ID,DATE,Month,Day of week,Crash Time,Crash Severity,Number of Vehicles,Total Nonfatal Injuries,Total Fatal Injuries,Manner of Collision,Vehicle Action Prior to Crash,Vehicle Travel Directions,Road Surface Condition,Ambient Light,Weather Condition,PRCP,SNOW,TMAX,TMIN,Ice,Longtitute,Latitute
11018,12/17/2011,December,Saturday,19:54,2,3,2,0,Rear-end,V1: Travelling straight ahead / V2: Travelling straight ahead / V3: Slowing or stopped in traffic,V1: S  / V2: S  / V3: S,Dry,Dark - lighted roadway,Clear,0,0,42,27,TRUE,41.91982212,-71.35857678
11019,12/18/2011,December,Sunday,12:00,1,2,0,0,"Sideswipe, same direction",V1: Travelling straight ahead / V2: Travelling straight ahead,V1: E  / V2: S,Dry,Daylight,Clear,0,0,29,13,TRUE,41.95076301,-71.27397064
11020,12/18/2011,December,Sunday,18:27,1,2,0,0,Angle,V1: Backing / V2: Travelling straight ahead,V1: S  / V2: S,Dry,Dark - roadway not lighted,Clear,0,0,29,13,TRUE,41.96019116,-71.30118086
11021,12/19/2011,December,Monday,7:53,1,2,0,0,Rear-end,V1: Slowing or stopped in traffic / V2: Slowing or stopped in traffic,V1: E  / V2: E,Dry,Daylight,Clear,0,0,44,11,TRUE,41.95204979,-71.27503273
11022,12/19/2011,December,Monday,12:52,1,1,0,0,"Sideswipe, same direction",V1: Turning left,V1: N,Dry,Daylight,Clear,0,0,44,11,TRUE,41.93601097,-71.28269451
11023,12/20/2011,December,Tuesday,23:04,2,2,1,0,Angle,V1: Turning left / V2: Travelling straight ahead,V1: E  / V2: N,Dry,Daylight,Cloudy,0,0,45,25,TRUE,41.92762143,-71.35470547
11024,12/21/2011,December,Wednesday,4:15,2,1,1,0,Single vehicle crash,V1: Leaving traffic lane,V1: E,Dry,Dark - lighted roadway,Clear,0.08,0,57,28,TRUE,41.92637605,-71.28865228
11025,12/21/2011,December,Wednesday,12:15,1,2,0,0,Rear-end,V1: Travelling straight ahead / V2: Slowing or stopped in traffic,V1: W  / V2: W,Wet,Daylight,Cloudy/Rain,0.08,0,57,28,TRUE,41.93269195,-71.32821357
11026,12/21/2011,December,Wednesday,14:24,2,2,1,0,Rear-end,V1: Travelling straight ahead / V2: Slowing or stopped in traffic,V1: W  / V2: W,Wet,Daylight,Cloudy/Rain,0.08,0,57,28,TRUE,41.95458602,-71.28693798
11027,12/21/2011,December,Wednesday,16:39,0,1,0,0,Single vehicle crash,V1: Turning left,V1: E,Wet,Daylight,Rain,0.08,0,57,28,TRUE,41.94261556,-71.28378704
11028,12/21/2011,December,Wednesday,16:53,1,2,0,0,Angle,V1: Turning left / V2: Travelling straight ahead,V1: S  / V2: E,Wet,Dark - lighted roadway,Cloudy,0.08,0,57,28,TRUE,41.91982212,-71.35857678
11029,12/21/2011,December,Wednesday,18:10,1,3,0,0,Rear-end,V1: Travelling straight ahead / V2: Changing lanes / V3: Travelling straight ahead,V1: N  / V2: N  / V3: N,Wet,Dark - roadway not lighted,Rain,0.08,0,57,28,TRUE,41.95514928,-71.30432065
11030,12/21/2011,December,Wednesday,20:41,2,2,3,0,Angle,V1: Turning left / V2: Travelling straight ahead,V1: N  / V2: W,Wet,Dark - lighted roadway,Rain,0.08,0,57,28,TRUE,41.96943481,-71.29290798
11031,12/22/2011,December,Thursday,12:28,1,1,0,0,Single vehicle crash,V1: Travelling straight ahead,V1: N,Dry,Daylight,Clear,0.06,0,57,43,FALSE,41.92461465,-71.25962095
11032,12/22/2011,December,Thursday,13:54,1,2,0,0,Rear-end,V1: Slowing or stopped in traffic / V2: Travelling straight ahead,V1: N  / V2: N,Dry,Daylight,Clear,0.06,0,57,43,FALSE,41.90217475,-71.35579772
11033,12/22/2011,December,Thursday,19:49,1,1,0,0,Single vehicle crash,V1: Leaving traffic lane,V1: S,Dry,Dark - roadway not lighted,Clear,0.06,0,57,43,FALSE,41.9314426,-71.31480491
11034,12/22/2011,December,Thursday,20:41,2,1,1,0,Single vehicle crash,V1: Travelling straight ahead,V1: S,Dry,Dark - lighted roadway,Clear,0.06,0,57,43,FALSE,34.24438675,-73.6513909
11035,12/22/2011,December,Thursday,20:41,2,1,1,0,Single vehicle crash,V1: Travelling straight ahead,V1: S,Dry,Dark - lighted roadway,Clear,0.06,0,57,43,FALSE,34.24438675,-73.6513909
11036,12/22/2011,December,Thursday,23:26,1,1,0,0,Single vehicle crash,V1: Travelling straight ahead,V1: W,Dry,Dark - lighted roadway,Cloudy,0.06,0,57,43,FALSE,41.9237892,-71.31631552
11037,12/23/2011,December,Friday,13:35,1,2,0,0,Angle,V1: Turning left / V2: Turning left,V1: S  / V2: S,Dry,Daylight,Clear,0.53,0,44,29,TRUE,41.92014284,-71.35719783
11038,12/23/2011,December,Friday,23:51,2,2,4,0,Angle,V1: Turning right / V2: Travelling straight ahead,V1: S  / V2: N,Dry,Dark - lighted roadway,Cloudy,0.53,0,44,29,TRUE,41.89903243,-71.355186
11039,12/24/2011,December,Saturday,8:15,1,1,0,0,Single vehicle crash,V1: Travelling straight ahead,V1: 0,Dry,Daylight,Clear,0,0,32,17,TRUE,41.92675288,-71.34334435
11040,12/24/2011,December,Saturday,9:18,1,2,0,0,Angle,V1: Travelling straight ahead / V2: 0,V1: N  / V2: W,Dry,Daylight,Clear,0,0,32,17,TRUE,41.91082902,-71.36290776
11041,12/24/2011,December,Saturday,12:35,1,2,0,0,Angle,V1: Backing / V2: Parked,V1: S  / V2: E,Dry,Daylight,Clear,0,0,32,17,TRUE,41.95386861,-71.28955493
11042,12/24/2011,December,Saturday,15:41,2,2,5,0,Angle,V1: Entering traffic lane / V2: Travelling straight ahead,V1: W  / V2: S,Dry,Daylight,Clear,0,0,32,17,TRUE,41.92762143,-71.35470547
11043,12/24/2011,December,Saturday,16:57,2,2,1,0,Angle,V1: Turning left / V2: Parked,V1: S  / V2: 0,Dry,Dark - lighted roadway,Clear,0,0,32,17,TRUE,34.24438675,-73.6513909
11044,12/24/2011,December,Saturday,20:32,1,2,0,0,Rear-end,V1: Slowing or stopped in traffic / V2: Travelling straight ahead,V1: W  / V2: W,Dry,Dark - lighted roadway,Clear,0,0,32,17,TRUE,41.93524005,-71.27513601
11045,12/26/2011,December,Monday,0:43,1,1,0,0,Single vehicle crash,V1: Travelling straight ahead,V1: S,Wet,Dark - lighted roadway,Cloudy,0,0,46,23,TRUE,41.91404536,-71.32163969
11046,12/26/2011,December,Monday,12:14,1,2,0,0,"Sideswipe, same direction",V1: Travelling straight ahead / V2: Turning left,V1: N  / V2: N,Dry,Daylight,Clear,0,0,46,23,TRUE,41.92508738,-71.35628348
11047,12/26/2011,December,Monday,13:31,1,2,0,0,Rear-end,V1: Travelling straight ahead / V2: Slowing or stopped in traffic,V1: S  / V2: S,Dry,Daylight,Clear,0,0,46,23,TRUE,41.93624398,-71.26400311
11048,12/26/2011,December,Monday,17:58,1,2,0,0,Angle,V1: Travelling straight ahead / V2: Turning right,V1: S  / V2: S,Dry,Dark - lighted roadway,Clear,0,0,46,23,TRUE,41.94450501,-71.28411703
11049,12/26/2011,December,Monday,19:58,1,2,0,0,Angle,V1: Turning left / V2: Turning left,V1: N  / V2: N,Dry,Dark - lighted roadway,Rain,0,0,46,23,TRUE,41.97015292,-71.29135147
11050,12/27/2011,December,Tuesday,21:30,1,2,0,0,Rear-end,V1: Travelling straight ahead / V2: Travelling straight ahead,V1: S  / V2: S,Wet,Dark - lighted roadway,Rain,0.38,0,57,23,TRUE,41.90964751,-71.36351027
11051,12/27/2011,December,Tuesday,23:10,2,1,1,0,Single vehicle crash,V1: Travelling straight ahead,V1: E,Wet,Dark - lighted roadway,Cloudy/Rain,0.38,0,57,23,TRUE,41.90330575,-71.33304145
11052,12/28/2011,December,Wednesday,1:06,1,1,0,0,Single vehicle crash,V1: Turning left,V1: S,Wet,Dark - lighted roadway,Cloudy/Rain,0.09,0,57,28,TRUE,41.94058326,-71.28312094
11053,12/29/2011,December,Thursday,8:13,2,1,1,0,Single vehicle crash,V1: Travelling straight ahead,V1: S,Dry,Daylight,Clear,0,0,33,22,TRUE,41.95180679,-71.2898592
11054,12/29/2011,December,Thursday,13:41,1,1,0,0,Single vehicle crash,V1: Turning left,V1: N,Dry,Daylight,Clear,0,0,33,22,TRUE,41.91035947,-71.36314658
11055,12/29/2011,December,Thursday,22:54,1,2,0,0,Rear-end,V1: Travelling straight ahead / V2: Parked,V1: E  / V2: 0,Dry,Dark - lighted roadway,Clear,0,0,33,22,TRUE,41.90434907,-71.36845652
11056,12/30/2011,December,Friday,18:02,2,2,1,0,Angle,V1: Turning left / V2: Travelling straight ahead,V1: S  / V2: W,Dry,Dark - lighted roadway,Clear,0,0,46,24,TRUE,41.91653724,-71.36001753
11057,12/30/2011,December,Friday,18:40,1,2,0,0,Rear-end,V1: Travelling straight ahead / V2: Travelling straight ahead,V1: S  / V2: S,Dry,Dark - lighted roadway,Clear,0,0,46,24,TRUE,41.91982212,-71.35857678
11058,12/30/2011,December,Friday,21:55,2,1,1,0,Single vehicle crash,V1: Travelling straight ahead,V1: W,Dry,Dark - roadway not lighted,Cloudy,0,0,46,24,TRUE,41.95305339,-71.27718856
11059,12/31/2011,December,Saturday,20:56,1,2,0,0,Angle,V1: Turning left / V2: Travelling straight ahead,V1: N  / V2: E,Dry,Dark - lighted roadway,Clear,0,0,41,31,TRUE,41.93393836,-71.3077318
11060,1/1/2012,January,Sunday,7:39,2,1,1,0,Single vehicle crash,V1: Turning left,V1: S,Ice,Daylight,Clear,0,0,41,29,TRUE,41.94380247,-71.29534008
11061,1/1/2012,January,Sunday,16:17,1,1,0,0,0,V1: Overtaking/passing,V1: E,Dry,Daylight,Clear,0,0,41,29,TRUE,41.91744473,-71.30513843
11062,1/2/2012,January,Monday,7:45,1,2,0,0,Angle,V1: Turning left / V2: Travelling straight ahead,V1: S  / V2: N,Dry,Daylight,Clear,0.04,0,53,29,TRUE,41.94625923,-71.28694634
11063,1/3/2012,January,Tuesday,8:47,1,1,0,0,Single vehicle crash,V1: Travelling straight ahead,V1: W,Dry,Daylight,Clear,0,0,50,23,TRUE,41.93915387,-71.26698825
11064,1/3/2012,January,Tuesday,14:54,1,2,0,0,"Sideswipe, same direction",V1: Turning right / V2: Travelling straight ahead,V1: W  / V2: W,Dry,Daylight,Cloudy,0,0,50,23,TRUE,41.93399204,-71.31250112
11065,1/5/2012,January,Thursday,15:57,1,1,0,0,Single vehicle crash,V1: Travelling straight ahead,V1: S,Dry,Daylight,Clear,0,0,28,10,TRUE,41.95076301,-71.27397064
11066,1/5/2012,January,Thursday,16:21,1,2,0,0,Rear-end,V1: Travelling straight ahead / V2: Travelling straight ahead,V1: E  / V2: E,Dry,Dusk,Clear,0,0,28,10,TRUE,41.94007226,-71.29032337
11067,1/5/2012,January,Thursday,17:12,1,2,0,0,Head-on,V1: Slowing or stopped in traffic / V2: Turning left,V1: N  / V2: N,Dry,Dark - lighted roadway,Clear,0,0,28,10,TRUE,41.95484304,-71.28856385
11068,1/6/2012,January,Friday,7:32,1,2,0,0,Angle,V1: Slowing or stopped in traffic / V2: Slowing or stopped in traffic,V1: E  / V2: E,Snow,Daylight,Snow,0.01,0.1,39,24,TRUE,41.94237269,-71.28709313
11069,1/7/2012,January,Saturday,3:20,2,2,1,0,Rear-end,V1: Travelling straight ahead / V2: Travelling straight ahead,V1: S  / V2: S,Dry,Dark - roadway not lighted,Clear,0,0,53,24,TRUE,41.92927403,-71.32377045
11070,1/7/2012,January,Saturday,14:38,1,2,0,0,Rear-end,V1: Slowing or stopped in traffic / V2: Travelling straight ahead,V1: N  / V2: N,Dry,Daylight,Clear,0,0,53,24,TRUE,41.92961264,-71.35361684
11071,1/9/2012,January,Monday,21:37,2,1,2,0,Single vehicle crash,V1: Travelling straight ahead,V1: E,Dry,Dark - lighted roadway,Clear,0,0,45,23,TRUE,34.24438675,-73.6513909
11072,1/10/2012,January,Tuesday,11:04,2,2,1,0,Angle,V1: Entering traffic lane / V2: Travelling straight ahead,V1: N  / V2: E,Dry,Daylight,Cloudy,0.06,0.4,40,23,TRUE,41.93395006,-71.30907995
11073,1/11/2012,January,Wednesday,13:21,1,3,0,0,Rear-to-rear,V1: Slowing or stopped in traffic / V2: Slowing or stopped in traffic / V3: Travelling straight ahead,V1: N  / V2: N  / V3: N,Dry,Daylight,Clear,0,0,46,24,TRUE,41.91484486,-71.35902934
11074,1/11/2012,January,Wednesday,14:52,1,2,0,0,Rear-end,V1: Slowing or stopped in traffic / V2: Travelling straight ahead,V1: E  / V2: E,Dry,Daylight,Clear,0,0,46,24,TRUE,41.9365932,-71.29539949
11075,1/12/2012,January,Thursday,8:17,1,2,0,0,Angle,V1: Turning left / V2: Travelling straight ahead,V1: S  / V2: E,Wet,Daylight,Rain,0.26,0,43,24,TRUE,41.93358571,-71.32352844
11076,1/12/2012,January,Thursday,8:25,1,2,0,0,Angle,V1: Turning left / V2: Travelling straight ahead,V1: W  / V2: N,Wet,Daylight,Rain,0.26,0,43,24,TRUE,41.90529604,-71.33573163
11077,1/12/2012,January,Thursday,9:51,1,2,0,0,Rear-end,V1: Travelling straight ahead / V2: Travelling straight ahead,V1: W  / V2: W,Wet,Daylight,Cloudy/Rain,0.26,0,43,24,TRUE,41.93395923,-71.30683992
11078,1/12/2012,January,Thursday,10:15,1,2,0,0,Angle,V1: Travelling straight ahead / V2: Changing lanes,V1: E  / V2: E,Wet,Daylight,Cloudy/Rain,0.26,0,43,24,TRUE,41.94722567,-71.27936732
11079,1/12/2012,January,Thursday,12:30,1,1,0,0,Single vehicle crash,V1: Travelling straight ahead,V1: S,Wet,Daylight,Rain,0.26,0,43,24,TRUE,41.93804592,-71.31642932
11080,1/12/2012,January,Thursday,18:21,1,2,0,0,Rear-end,V1: Travelling straight ahead / V2: 0,V1: W  / V2: 0,Wet,Dark - lighted roadway,Cloudy/Rain,0.26,0,43,24,TRUE,34.24438675,-73.6513909
11081,1/12/2012,January,Thursday,19:17,1,2,0,0,Angle,V1: Travelling straight ahead / V2: Travelling straight ahead,V1: E  / V2: N,Wet,Dawn,Rain,0.26,0,43,24,TRUE,34.24438675,-73.6513909
11082,1/12/2012,January,Thursday,21:39,1,2,0,0,"Sideswipe, same direction",V1: Turning left / V2: Changing lanes,V1: E  / V2: W,Dry,Dark - lighted roadway,Clear,0.26,0,43,24,TRUE,41.94453702,-71.27310148
11083,1/13/2012,January,Friday,15:15,1,2,0,0,Angle,V1: Turning left / V2: Travelling straight ahead,V1: E  / V2: S,Dry,Daylight,Cloudy,0.86,0,43,34,FALSE,41.90846105,-71.36412011
11084,1/13/2012,January,Friday,15:23,2,2,2,0,Angle,V1: Turning left / V2: Travelling straight ahead,V1: W  / V2: E,Dry,Daylight,Clear,0.86,0,43,34,FALSE,41.90086769,-71.36799095
11085,1/13/2012,January,Friday,22:43,2,2,1,0,Angle,V1: Turning left / V2: Travelling straight ahead,V1: E  / V2: N,Dry,Dark - lighted roadway,Cloudy,0.86,0,43,34,FALSE,41.90376957,-71.36650837
11086,1/14/2012,January,Saturday,1:20,2,2,1,0,Rear-end,V1: Travelling straight ahead / V2: Travelling straight ahead,V1: S  / V2: S,Dry,Dark - lighted roadway,Clear,0,0,55,26,TRUE,41.89840413,-71.37011361
11087,1/14/2012,January,Saturday,2:35,1,2,0,0,Angle,V1: Entering traffic lane / V2: Turning left,V1: W  / V2: 0,Dry,Dark - lighted roadway,Cloudy,0,0,55,26,TRUE,41.89625678,-71.37035697
11088,1/15/2012,January,Sunday,21:22,1,1,0,0,Single vehicle crash,V1: Travelling straight ahead,V1: E,Dry,Dark - roadway not lighted,Clear,0,0,36,8,TRUE,41.93409799,-71.31895722
11089,1/16/2012,January,Monday,23:33,1,1,0,0,Single vehicle crash,V1: Turning right,V1: S,Snow,Dark - lighted roadway,Snow,0,0,19,6,TRUE,41.95180679,-71.2898592
11090,1/17/2012,January,Tuesday,0:00,1,1,0,0,Single vehicle crash,V1: Travelling straight ahead,V1: S,Snow,Dark - lighted roadway,Snow,0.19,0.1,37,6,TRUE,41.92037782,-71.29849684
11091,1/17/2012,January,Tuesday,1:28,1,1,0,0,Single vehicle crash,V1: Travelling straight ahead,V1: N,Snow,Dark - lighted roadway,Snow,0.19,0.1,37,6,TRUE,41.96019116,-71.30118086
11092,1/17/2012,January,Tuesday,5:15,2,1,1,0,Single vehicle crash,V1: Travelling straight ahead,V1: N,Snow,Dark - roadway not lighted,Snow,0.19,0.1,37,6,TRUE,41.96941345,-71.29547608
11093,1/17/2012,January,Tuesday,10:30,1,2,0,0,Angle,V1: Backing / V2: Travelling straight ahead,V1: E  / V2: S,Dry,Daylight,Clear,0.19,0.1,37,6,TRUE,41.94651267,-71.28982584
11094,1/17/2012,January,Tuesday,15:28,1,2,0,0,Angle,V1: Travelling straight ahead / V2: Turning right,V1: W  / V2: E,Wet,Daylight,Cloudy,0.19,0.1,37,6,TRUE,41.94861042,-71.27758702
11095,1/17/2012,January,Tuesday,23:42,1,1,0,0,Single vehicle crash,V1: Travelling straight ahead,V1: S,Snow,Dark - lighted roadway,Snow,0.19,0.1,37,6,TRUE,41.95180679,-71.2898592
11096,1/18/2012,January,Wednesday,7:38,1,2,0,0,Rear-end,V1: Slowing or stopped in traffic / V2: Slowing or stopped in traffic,V1: W  / V2: W,Dry,Daylight,Clear,0.06,0,51,35,FALSE,41.9339911,-71.30301574
11097,1/18/2012,January,Wednesday,11:52,2,2,2,0,Angle,V1: Travelling straight ahead / V2: Turning left,V1: W  / V2: N,Dry,Daylight,Cloudy,0.06,0,51,35,FALSE,41.94757814,-71.27890389
11098,1/18/2012,January,Wednesday,12:12,1,2,0,0,Angle,V1: Travelling straight ahead / V2: Changing lanes,V1: E  / V2: E,Dry,Daylight,Clear,0.06,0,51,35,FALSE,41.94678156,-71.27993214
11099,1/18/2012,January,Wednesday,13:19,1,2,0,0,Angle,V1: Turning right / V2: Travelling straight ahead,V1: W  / V2: W,Dry,Daylight,Clear,0.06,0,51,35,FALSE,41.94832533,-71.27795772
11100,1/18/2012,January,Wednesday,14:16,1,2,0,0,Angle,V1: Turning left / V2: Travelling straight ahead,V1: E  / V2: S,Dry,Daylight,Clear,0.06,0,51,35,FALSE,41.90500517,-71.33616438
11101,1/18/2012,January,Wednesday,14:41,1,2,0,0,Angle,V1: Travelling straight ahead / V2: Travelling straight ahead,V1: S  / V2: W,Dry,Daylight,Clear,0.06,0,51,35,FALSE,41.90804202,-71.37220475
11102,1/18/2012,January,Wednesday,17:07,1,2,0,0,"Sideswipe, same direction",V1: Travelling straight ahead / V2: Turning left,V1: W  / V2: W,Dry,Dark - lighted roadway,Clear,0.06,0,51,35,FALSE,41.91981411,-71.35860614
11103,1/19/2012,January,Thursday,17:26,1,2,0,0,Rear-end,V1: Slowing or stopped in traffic / V2: Travelling straight ahead,V1: S  / V2: S,Dry,Dark - lighted roadway,Cloudy,0,0,40,12,TRUE,41.92512589,-71.28797051
11104,1/19/2012,January,Thursday,22:43,1,2,0,0,"Sideswipe, same direction",V1: Travelling straight ahead / V2: Travelling straight ahead,V1: E  / V2: W,Snow,Dark - lighted roadway,Snow,0,0,40,12,TRUE,41.89898806,-71.35554848
11105,1/19/2012,January,Thursday,22:52,1,2,0,0,"Sideswipe, opposite direction",V1: Travelling straight ahead / V2: Travelling straight ahead,V1: W  / V2: E,Snow,Dark - lighted roadway,Snow,0,0,40,12,TRUE,41.95416263,-71.24505694
11106,1/19/2012,January,Thursday,22:55,2,1,2,0,Single vehicle crash,V1: Slowing or stopped in traffic,V1: S,Snow,Dark - lighted roadway,Snow,0,0,40,12,TRUE,41.95180679,-71.2898592
11107,1/19/2012,January,Thursday,22:56,1,1,0,0,0,V1: Turning right,V1: N,Snow,Dark - lighted roadway,Snow,0,0,40,12,TRUE,41.93268269,-71.29622047
11108,1/19/2012,January,Thursday,22:58,1,2,0,0,Angle,V1: Turning right / V2: Slowing or stopped in traffic,V1: E  / V2: W,Snow,Dark - lighted roadway,Snow,0,0,40,12,TRUE,41.93359015,-71.30040441
11109,1/20/2012,January,Friday,0:50,1,2,0,0,Angle,V1: Overtaking/passing / V2: Travelling straight ahead,V1: N  / V2: N,Snow,Dark - roadway not lighted,Snow,0.31,4.7,30,12,TRUE,41.96941345,-71.29547608
11110,1/20/2012,January,Friday,2:41,1,1,0,0,Single vehicle crash,V1: Travelling straight ahead,V1: S,Snow,Dark - lighted roadway,Snow,0.31,4.7,30,12,TRUE,41.94162263,-71.26930517
11111,1/20/2012,January,Friday,4:19,2,2,1,0,Head-on,V1: Travelling straight ahead / V2: Travelling straight ahead,V1: N  / V2: N,Ice,Dark - lighted roadway,Snow,0.31,4.7,30,12,TRUE,41.89835459,-71.36941126
11112,1/20/2012,January,Friday,6:44,0,1,0,0,Single vehicle crash,V1: 0,V1: S,Snow,Dark - lighted roadway,Snow,0.31,4.7,30,12,TRUE,41.91092941,-71.31445189
11113,1/20/2012,January,Friday,7:31,1,1,0,0,Single vehicle crash,V1: Travelling straight ahead,V1: W,Snow,Daylight,Snow,0.31,4.7,30,12,TRUE,34.24438675,-73.6513909
11114,1/20/2012,January,Friday,8:20,1,2,0,0,Rear-end,V1: Slowing or stopped in traffic / V2: Slowing or stopped in traffic,V1: S  / V2: S,Snow,Daylight,Clear,0.31,4.7,30,12,TRUE,41.97095476,-71.29121735
11115,1/21/2012,January,Saturday,11:55,1,1,0,0,Single vehicle crash,V1: Travelling straight ahead,V1: E,Snow,Daylight,Snow,0,0,32,14,TRUE,41.93578407,-71.26769467
11116,1/21/2012,January,Saturday,13:25,1,1,0,0,Single vehicle crash,V1: Turning right,V1: N,Snow,Daylight,Snow,0,0,32,14,TRUE,41.90638632,-71.35686316
11117,1/21/2012,January,Saturday,17:11,0,1,0,0,Single vehicle crash,V1: 0,V1: 0,Snow,Dark - lighted roadway,Snow,0,0,32,14,TRUE,34.24438675,-73.6513909
11118,1/21/2012,January,Saturday,19:41,1,2,0,0,Rear-end,V1: Slowing or stopped in traffic / V2: Travelling straight ahead,V1: N  / V2: N,Snow,Dark - lighted roadway,Snow,0,0,32,14,TRUE,41.90529604,-71.33573163
11119,1/22/2012,January,Sunday,3:05,1,1,0,0,Single vehicle crash,V1: Travelling straight ahead,V1: W,Snow,Dark - lighted roadway,Clear,0.26,3.4,23,12,TRUE,41.91044592,-71.28309302
11120,1/23/2012,January,Monday,16:36,2,2,4,0,Angle,V1: Travelling straight ahead / V2: Travelling straight ahead,V1: E  / V2: W,Dry,Daylight,Clear,0,0,34,11,TRUE,41.90086769,-71.36799095
11121,1/23/2012,January,Monday,18:29,2,2,2,0,Angle,V1: Travelling straight ahead / V2: Turning left,V1: E  / V2: N,Wet,Dark - lighted roadway,Rain,0,0,34,11,TRUE,41.91063286,-71.30011454
11122,1/24/2012,January,Tuesday,9:12,2,2,1,0,Angle,V1: Entering traffic lane / V2: Travelling straight ahead,V1: E  / V2: E,Wet,Daylight,Clear,0.23,0,53,29,TRUE,41.9446632,-71.28341486
11123,1/24/2012,January,Tuesday,10:20,1,1,0,0,"Sideswipe, same direction",V1: Slowing or stopped in traffic,V1: E,Dry,Daylight,Clear,0.23,0,53,29,TRUE,41.91596028,-71.22567714
11124,1/24/2012,January,Tuesday,17:15,1,2,0,0,Angle,V1: Turning left / V2: Travelling straight ahead,V1: 0 / V2: 0,Dry,Dusk,Clear,0.23,0,53,29,TRUE,41.94757814,-71.27890389
11125,1/25/2012,January,Wednesday,17:15,2,2,1,0,Angle,V1: Turning left / V2: Travelling straight ahead,V1: 0 / V2: 0,Dry,Dark - lighted roadway,Clear,0,0,58,31,TRUE,34.24438675,-73.6513909
11126,1/25/2012,January,Wednesday,22:46,1,2,0,0,Angle,V1: Changing lanes / V2: Travelling straight ahead,V1: W  / V2: W,Dry,Dark - lighted roadway,Clear,0,0,58,31,TRUE,41.91981411,-71.35860614
11127,1/26/2012,January,Thursday,7:25,2,1,1,0,Single vehicle crash,V1: Travelling straight ahead,V1: N,Dry,Daylight,Clear,0,0,43,32,TRUE,41.93608923,-71.296466
11128,1/26/2012,January,Thursday,18:10,1,2,0,0,"Sideswipe, same direction",V1: Changing lanes / V2: Travelling straight ahead,V1: S  / V2: S,Wet,Dark - roadway not lighted,Rain,0,0,43,32,TRUE,41.96019116,-71.30118086
11129,1/26/2012,January,Thursday,22:22,1,1,0,0,Single vehicle crash,V1: Travelling straight ahead,V1: E,Wet,Dark - lighted roadway,Cloudy/Rain,0,0,43,32,TRUE,41.91238786,-71.26777322
11130,1/27/2012,January,Friday,15:32,2,2,1,0,Angle,V1: Travelling straight ahead / V2: Changing lanes,V1: N  / V2: N,Wet,Daylight,Rain,0.49,0,42,32,TRUE,41.89618753,-71.37039513
11131,1/27/2012,January,Friday,17:39,1,2,0,0,Rear-end,V1: Travelling straight ahead / V2: Travelling straight ahead,V1: W  / V2: W,Wet,Dark - lighted roadway,Rain,0.49,0,42,32,TRUE,41.93393836,-71.3077318
11132,1/28/2012,January,Saturday,3:15,1,1,0,0,Single vehicle crash,V1: Travelling straight ahead,V1: E,Dry,Dark - lighted roadway,Clear,0.4,0,56,32,TRUE,41.90771517,-71.29772379
11133,1/28/2012,January,Saturday,3:45,1,1,0,0,Single vehicle crash,V1: Travelling straight ahead,V1: S,Dry,Dark - lighted roadway,Clear,0.4,0,56,32,TRUE,41.91693926,-71.30269018
11134,1/28/2012,January,Saturday,16:46,2,1,1,0,Single vehicle crash,V1: Travelling straight ahead,V1: N,Dry,Dusk,Clear,0.4,0,56,32,TRUE,41.96207961,-71.28806006
11135,1/28/2012,January,Saturday,17:55,3,1,2,1,Single vehicle crash,V1: Travelling straight ahead,V1: S,Dry,Daylight,Clear,0.4,0,56,32,TRUE,41.89733197,-71.36979234
11136,1/29/2012,January,Sunday,13:28,2,3,2,0,Rear-end,V1: Slowing or stopped in traffic / V2: Travelling straight ahead / V3: Travelling straight ahead,V1: 0 / V2: 0 / V3: S,Dry,Daylight,Clear,0,0,47,30,TRUE,41.92644259,-71.35554103
11137,1/29/2012,January,Sunday,17:11,1,2,0,0,Angle,V1: Travelling straight ahead / V2: Turning left,V1: S  / V2: E,Dry,Dusk,Clear,0,0,47,30,TRUE,41.92014284,-71.35719782
11138,1/30/2012,January,Monday,7:19,2,2,1,0,Rear-end,V1: Entering traffic lane / V2: Slowing or stopped in traffic,V1: E  / V2: E,Dry,Daylight,Clear,0,0,44,29,TRUE,41.90217475,-71.35579772
11139,1/30/2012,January,Monday,16:33,1,2,0,0,"Sideswipe, same direction",V1: Travelling straight ahead / V2: Turning right,V1: W  / V2: W,Dry,Daylight,Clear,0,0,44,29,TRUE,41.93404812,-71.31577712
11140,2/1/2012,February,Wednesday,18:55,2,2,1,0,Rear-end,V1: Travelling straight ahead / V2: Travelling straight ahead,V1: N  / V2: N,Dry,Dark - lighted roadway,Clear,0,0,55,28,TRUE,41.96535572,-71.29008886
11141,2/2/2012,February,Thursday,12:44,1,2,0,0,Rear-end,V1: 0 / V2: 0,V1: 0 / V2: 0,Dry,Daylight,Cloudy,0,0,61,33,FALSE,41.92508738,-71.35628348
11142,2/3/2012,February,Friday,6:40,1,4,0,0,"Sideswipe, same direction",V1: Travelling straight ahead / V2: 0 / V3: Travelling straight ahead / V4: Travelling straight ahead,V1: N  / V2: 0 / V3: N  / V4: N,Dry,Daylight,Clear,0,0,42,26,TRUE,41.90231844,-71.35595143