ID,DATE,Month,Day of week,Crash Time,Crash Severity,Number of Vehicles,Total Nonfatal Injuries,Total Fatal Injuries,Manner of Collision,Vehicle Action Prior to Crash,Vehicle Travel Directions,Road Surface Condition,Ambient Light,Weather Condition,PRCP,SNOW,TMAX,TMIN,Ice,Longtitute,Latitute
11143,2/3/2012,February,Friday,13:40,2,3,4,0,Rear-end,V1: Travelling straight ahead / V2: Slowing or stopped in traffic / V3: Slowing or stopped in traffic,V1: N  / V2: N  / V3: N,Dry,Daylight,Clear,0,0,42,26,TRUE,41.92967926,-71.35358763
11144,2/3/2012,February,Friday,17:51,2,2,1,0,Rear-end,V1: Slowing or stopped in traffic / V2: Travelling straight ahead,V1: N  / V2: N,Dry,Dark - lighted roadway,Clear,0,0,42,26,TRUE,41.89863276,-71.35506105
11145,2/3/2012,February,Friday,18:05,1,2,0,0,Rear-end,V1: Travelling straight ahead / V2: Slowing or stopped in traffic,V1: N  / V2: N,Dry,Dark - lighted roadway,Clear,0,0,42,26,TRUE,41.89863276,-71.35506105
11146,2/3/2012,February,Friday,19:36,1,2,0,0,Angle,V1: Turning left / V2: Travelling straight ahead,V1: S  / V2: W,Dry,Dark - lighted roadway,Clear,0,0,42,26,TRUE,41.93405012,-71.31579284
11147,2/4/2012,February,Saturday,13:59,1,1,0,0,Single vehicle crash,V1: Travelling straight ahead,V1: S,Dry,Daylight,Clear,0,0,40,25,TRUE,41.92502909,-71.28811463
11148,2/5/2012,February,Sunday,17:26,1,2,0,0,"Sideswipe, same direction",V1: Changing lanes / V2: Travelling straight ahead,V1: 0 / V2: 0,Dry,Dark - lighted roadway,Clear,0,0,47,18,TRUE,34.24438675,-73.6513909
11149,2/6/2012,February,Monday,17:24,2,3,1,0,Angle,V1: Turning left / V2: Travelling straight ahead / V3: Slowing or stopped in traffic,V1: E  / V2: N  / V3: W,Dry,Dark - lighted roadway,Clear,0,0,37,18,TRUE,41.93359015,-71.30040441
11150,2/7/2012,February,Tuesday,7:15,1,1,0,0,Single vehicle crash,V1: Travelling straight ahead,V1: S,Dry,Daylight,Clear,0,0,51,26,TRUE,41.93848316,-71.26638066
11151,2/7/2012,February,Tuesday,16:15,2,2,1,0,Rear-end,V1: Travelling straight ahead / V2: Slowing or stopped in traffic,V1: N  / V2: N,Dry,Daylight,Clear,0,0,51,26,TRUE,41.9572264,-71.28778031
11152,2/7/2012,February,Tuesday,18:10,1,2,0,0,Angle,V1: Travelling straight ahead / V2: Turning right,V1: S  / V2: S,Dry,Dark - lighted roadway,Clear,0,0,51,26,TRUE,41.92927052,-71.30297901
11153,2/8/2012,February,Wednesday,14:44,0,2,0,0,Rear-end,V1: Travelling straight ahead / V2: Parked,V1: E  / V2: 0,Dry,Daylight,Clear,0,0,50,20,TRUE,41.93400102,-71.313274
11154,2/8/2012,February,Wednesday,17:09,2,2,5,0,Angle,V1: Overtaking/passing / V2: Turning right,V1: N  / V2: N,Dry,Dusk,Clear,0,0,50,20,TRUE,41.96643836,-71.29074265
11155,2/9/2012,February,Thursday,15:30,1,2,0,0,Angle,V1: Travelling straight ahead / V2: Parked,V1: W  / V2: 0,Dry,Daylight,Clear,0,0,39,20,TRUE,41.94450501,-71.28411703
11156,2/10/2012,February,Friday,8:50,1,2,0,0,Rear-end,V1: Travelling straight ahead / V2: Travelling straight ahead,V1: 0 / V2: S,Dry,Daylight,Clear,0,0,47,20,TRUE,41.95130281,-71.27263126
11157,2/10/2012,February,Friday,17:48,1,2,0,0,Angle,V1: Turning left / V2: Slowing or stopped in traffic,V1: W  / V2: E,Dry,Dark - lighted roadway,Clear,0,0,47,20,TRUE,41.94213878,-71.28262423
11158,2/11/2012,February,Saturday,0:13,2,1,2,0,Single vehicle crash,V1: Travelling straight ahead,V1: E,Wet,Dark - lighted roadway,Rain,0.21,0,51,24,TRUE,41.95180679,-71.2898592
11159,2/11/2012,February,Saturday,14:18,1,2,0,0,"Sideswipe, same direction",V1: Changing lanes / V2: Travelling straight ahead,V1: N  / V2: N,Dry,Daylight,Clear,0.21,0,51,24,TRUE,34.24438675,-73.6513909
11160,2/12/2012,February,Sunday,3:24,1,2,0,0,Rear-end,V1: Slowing or stopped in traffic / V2: Travelling straight ahead,V1: W  / V2: W,Dry,Dark - lighted roadway,Snow,0.04,0,34,16,TRUE,34.24438675,-73.6513909
11161,2/12/2012,February,Sunday,11:05,1,2,0,0,Angle,V1: Travelling straight ahead / V2: Turning right,V1: E  / V2: N,Dry,Daylight,Clear,0.04,0,34,16,TRUE,41.95427846,-71.28492179
11162,2/12/2012,February,Sunday,12:20,1,1,0,0,Single vehicle crash,V1: Travelling straight ahead,V1: W,Dry,Daylight,Clear,0.04,0,34,16,TRUE,41.89804027,-71.37674712
11163,2/12/2012,February,Sunday,15:57,1,2,0,0,Angle,V1: Travelling straight ahead / V2: Travelling straight ahead,V1: E  / V2: N,Dry,Daylight,Clear,0.04,0,34,16,TRUE,41.93269195,-71.32821357
11164,2/12/2012,February,Sunday,16:02,1,2,0,0,Angle,V1: Travelling straight ahead / V2: Turning left,V1: S  / V2: W,Dry,Daylight,Clear,0.04,0,34,16,TRUE,41.90998013,-71.35802082
11165,2/12/2012,February,Sunday,17:25,1,2,0,0,Angle,V1: Entering traffic lane / V2: Travelling straight ahead,V1: 0 / V2: 0,Dry,Daylight,Clear,0.04,0,34,16,TRUE,41.94919845,-71.27683758
11166,2/13/2012,February,Monday,5:04,1,2,0,0,Rear-end,V1: Travelling straight ahead / V2: Slowing or stopped in traffic,V1: E  / V2: E,Dry,Dark - lighted roadway,Clear,0,0,30,14,TRUE,41.93601097,-71.28269451
11167,2/13/2012,February,Monday,11:52,1,2,0,0,Rear-end,V1: Backing / V2: Slowing or stopped in traffic,V1: E  / V2: E,Dry,Daylight,Clear,0,0,30,14,TRUE,41.89903243,-71.355186
11168,2/14/2012,February,Tuesday,14:13,1,2,0,0,Angle,V1: Travelling straight ahead / V2: Travelling straight ahead,V1: S  / V2: E,Dry,Daylight,Clear,0,0,44,23,TRUE,41.94104175,-71.27240003
11169,2/15/2012,February,Wednesday,6:39,2,3,2,0,Rear-end,V1: Travelling straight ahead / V2: Travelling straight ahead / V3: Turning left,V1: S  / V2: S  / V3: S,Wet,Dawn,Cloudy/Rain,0.01,0,43,26,TRUE,41.95338618,-71.28917553
11170,2/15/2012,February,Wednesday,16:21,1,2,0,0,Angle,V1: Turning left / V2: Travelling straight ahead,V1: N  / V2: E,Dry,Daylight,Cloudy,0.01,0,43,26,TRUE,41.9483337,-71.27794679
11171,2/16/2012,February,Thursday,7:00,1,1,0,0,Single vehicle crash,V1: Turning left,V1: E,Dry,Daylight,Clear,0,0,45,26,TRUE,41.9426037,-71.28375544
11172,2/16/2012,February,Thursday,11:32,1,2,0,0,Rear-end,V1: Turning left / V2: Slowing or stopped in traffic,V1: N  / V2: E,Dry,Daylight,Cloudy,0,0,45,26,TRUE,41.95180679,-71.2898592
11173,2/16/2012,February,Thursday,18:37,2,2,1,0,Rear-end,V1: Slowing or stopped in traffic / V2: Slowing or stopped in traffic,V1: W  / V2: 0,Wet,Dark - lighted roadway,Rain,0,0,45,26,TRUE,34.24438675,-73.6513909
11174,2/17/2012,February,Friday,9:00,2,2,1,0,Angle,V1: Entering traffic lane / V2: Travelling straight ahead,V1: S  / V2: W,Wet,Daylight,Rain,0.04,0,47,26,TRUE,41.93418941,-71.29971076
11175,2/17/2012,February,Friday,12:52,1,2,0,0,"Sideswipe, opposite direction",V1: Travelling straight ahead / V2: Travelling straight ahead,V1: S  / V2: N,Dry,Daylight,Clear,0.04,0,47,26,TRUE,41.92799786,-71.34505088
11176,2/18/2012,February,Saturday,1:27,0,2,0,0,Head-on,V1: 0 / V2: Travelling straight ahead,V1: S  / V2: S,Dry,Dark - roadway not lighted,Clear,0,0,54,29,TRUE,41.92927403,-71.32377045
11177,2/20/2012,February,Monday,8:04,1,2,0,0,Rear-end,V1: Travelling straight ahead / V2: 0,V1: N  / V2: N,Dry,Daylight,Clear,0,0,49,24,TRUE,41.91981411,-71.35860614
11178,2/20/2012,February,Monday,20:31,2,1,1,0,Single vehicle crash,V1: Travelling straight ahead,V1: W,Dry,Dark - lighted roadway,Clear,0,0,49,24,TRUE,41.93710246,-71.24773409
11179,2/21/2012,February,Tuesday,16:14,3,1,0,1,Angle,V1: Travelling straight ahead,V1: W,Dry,Daylight,Clear,0,0,43,19,TRUE,41.9446632,-71.28341486
11180,2/22/2012,February,Wednesday,8:10,1,1,0,0,Single vehicle crash,V1: Turning right,V1: N,Wet,Daylight,Cloudy,0.05,0,43,25,TRUE,41.92521765,-71.28783389
11181,2/22/2012,February,Wednesday,19:25,1,1,0,0,Single vehicle crash,V1: Travelling straight ahead,V1: E,Dry,Dark - lighted roadway,Clear,0.05,0,43,25,TRUE,41.93051616,-71.33611756
11182,2/23/2012,February,Thursday,8:44,2,2,1,0,Angle,V1: Travelling straight ahead / V2: Travelling straight ahead,V1: S  / V2: W,Dry,Daylight,Clear,0,0,58,38,FALSE,41.94774809,-71.28390704
11183,2/23/2012,February,Thursday,9:20,2,2,1,0,"Sideswipe, same direction",V1: Changing lanes / V2: Travelling straight ahead,V1: S  / V2: S,Dry,Daylight,Clear,0,0,58,38,FALSE,41.89861001,-71.36943215
11184,2/23/2012,February,Thursday,12:21,2,2,1,0,Angle,V1: Travelling straight ahead / V2: Slowing or stopped in traffic,V1: W  / V2: S,Dry,Daylight,Cloudy,0,0,58,38,FALSE,41.94757814,-71.27890389
11185,2/23/2012,February,Thursday,13:00,1,2,0,0,Angle,V1: Travelling straight ahead / V2: Travelling straight ahead,V1: N  / V2: E,Dry,Daylight,Cloudy,0,0,58,38,FALSE,41.94472176,-71.2812504
11186,2/23/2012,February,Thursday,15:08,2,2,1,0,Rear-end,V1: Travelling straight ahead / V2: Travelling straight ahead,V1: W  / V2: W,Wet,Daylight,Clear,0,0,58,38,FALSE,41.93386542,-71.30225536
11187,2/23/2012,February,Thursday,16:10,1,2,0,0,Angle,V1: Turning left / V2: Travelling straight ahead,V1: 0 / V2: 0,Dry,Daylight,Clear,0,0,58,38,FALSE,41.90086769,-71.36799094
11188,2/23/2012,February,Thursday,16:15,1,2,0,0,Angle,V1: Turning left / V2: Travelling straight ahead,V1: W  / V2: E,Dry,Daylight,Clear,0,0,58,38,FALSE,34.24438675,-73.6513909
11189,2/24/2012,February,Friday,16:12,1,2,0,0,Rear-end,V1: Travelling straight ahead / V2: Slowing or stopped in traffic,V1: S  / V2: S,Dry,Daylight,Clear,0,0,59,31,TRUE,41.93608923,-71.296466
11190,2/24/2012,February,Friday,16:53,1,2,0,0,Rear-end,V1: Slowing or stopped in traffic / V2: Slowing or stopped in traffic,V1: 0 / V2: 0,Wet,Daylight,Rain,0,0,59,31,TRUE,34.24438675,-73.6513909
11191,2/24/2012,February,Friday,17:01,1,2,0,0,Angle,V1: Travelling straight ahead / V2: Turning left,V1: W  / V2: S,Wet,Daylight,Cloudy/Rain,0,0,59,31,TRUE,41.94757814,-71.27890389
11192,2/25/2012,February,Saturday,8:40,1,2,0,0,Angle,V1: Travelling straight ahead / V2: Turning left,V1: 0 / V2: 0,Dry,Daylight,Clear,0.46,0.3,41,33,FALSE,41.94450501,-71.28411703
11193,2/25/2012,February,Saturday,16:22,1,2,0,0,Rear-end,V1: Slowing or stopped in traffic / V2: Slowing or stopped in traffic,V1: 0 / V2: 0,Dry,Daylight,Clear,0.46,0.3,41,33,FALSE,41.92644259,-71.35554103
11194,2/27/2012,February,Monday,15:00,2,1,1,0,Single vehicle crash,V1: Travelling straight ahead,V1: E,Dry,Daylight,Clear,0,0,43,18,TRUE,41.9527874,-71.2764957
11195,2/28/2012,February,Tuesday,20:56,2,1,1,0,Single vehicle crash,V1: Travelling straight ahead,V1: N,Dry,Dark - lighted roadway,Clear,0,0,50,18,TRUE,34.24438675,-73.6513909
11196,2/29/2012,February,Wednesday,8:44,1,2,0,0,Angle,V1: Turning left / V2: Travelling straight ahead,V1: S  / V2: W,Wet,Daylight,Clear,0,0,51,28,TRUE,41.93406554,-71.30574057
11197,2/29/2012,February,Wednesday,9:15,1,2,0,0,Rear-end,V1: Slowing or stopped in traffic / V2: Slowing or stopped in traffic,V1: E  / V2: S,Dry,Daylight,Cloudy,0,0,51,28,TRUE,41.90257525,-71.35603965
11198,2/29/2012,February,Wednesday,12:24,1,1,0,0,Single vehicle crash,V1: Travelling straight ahead,V1: N,Wet,Daylight,Snow,0,0,51,28,TRUE,41.92014027,-71.3157144
11199,2/29/2012,February,Wednesday,15:50,1,2,0,0,Angle,V1: Turning left / V2: Travelling straight ahead,V1: E  / V2: S,Wet,Daylight,Cloudy,0,0,51,28,TRUE,41.9120082,-71.2587778
11200,3/1/2012,March,Thursday,0:05,1,1,0,0,Single vehicle crash,V1: Overtaking/passing,V1: N,Slush,Dark - roadway not lighted,Rain,0.82,3.2,40,31,TRUE,41.92886018,-71.3230987
11201,3/1/2012,March,Thursday,4:25,2,3,2,0,Rear-end,V1: Travelling straight ahead / V2: Travelling straight ahead / V3: Travelling straight ahead,V1: N  / V2: N  / V3: N,Ice,Dark - roadway not lighted,Snow,0.82,3.2,40,31,TRUE,34.24438675,-73.6513909
11202,3/1/2012,March,Thursday,10:13,2,2,1,0,Angle,V1: Slowing or stopped in traffic / V2: Travelling straight ahead,V1: S  / V2: N,Wet,Daylight,Rain,0.82,3.2,40,31,TRUE,41.91555446,-71.36051036
11203,3/1/2012,March,Thursday,13:04,1,2,0,0,Angle,V1: Overtaking/passing / V2: Parked,V1: N  / V2: 0,Wet,Daylight,Cloudy,0.82,3.2,40,31,TRUE,41.94488724,-71.28456045
11204,3/1/2012,March,Thursday,18:35,2,2,1,0,Angle,V1: Travelling straight ahead / V2: Travelling straight ahead,V1: N  / V2: W,Dry,Dark - lighted roadway,Clear,0.82,3.2,40,31,TRUE,41.93304448,-71.28634923
11205,3/1/2012,March,Thursday,20:24,1,2,0,0,Angle,V1: Travelling straight ahead / V2: Travelling straight ahead,V1: E  / V2: S,Snow,Dark - lighted roadway,Snow,0.82,3.2,40,31,TRUE,41.94774809,-71.28390704
11206,3/1/2012,March,Thursday,22:35,2,1,1,0,Single vehicle crash,V1: 0,V1: N,Ice,Dark - lighted roadway,Snow,0.82,3.2,40,31,TRUE,41.90474145,-71.31772514
11207,3/2/2012,March,Friday,7:03,1,1,0,0,Single vehicle crash,V1: Travelling straight ahead,V1: W,Ice,Daylight,Cloudy,0.24,0.2,37,24,TRUE,34.24438675,-73.6513909
11208,3/2/2012,March,Friday,22:37,2,1,2,0,Single vehicle crash,V1: Leaving traffic lane,V1: E,Dry,Dark - lighted roadway,Cloudy,0.24,0.2,37,24,TRUE,41.90500517,-71.33616438
11209,3/3/2012,March,Saturday,11:10,2,2,1,0,Angle,V1: Slowing or stopped in traffic / V2: Turning left,V1: 0 / V2: 0,Dry,Daylight,Cloudy,0.18,0,39,24,TRUE,41.94245198,-71.28698244
11210,3/3/2012,March,Saturday,16:37,1,3,0,0,Rear-end,V1: Slowing or stopped in traffic / V2: Slowing or stopped in traffic / V3: Slowing or stopped in traffic,V1: S  / V2: S  / V3: S,Dry,Daylight,Clear,0.18,0,39,24,TRUE,41.92692586,-71.35519281
11211,3/5/2012,March,Monday,10:28,1,1,0,0,Single vehicle crash,V1: Travelling straight ahead,V1: N,Dry,Daylight,Clear,0,0,41,27,TRUE,41.96363638,-71.28901083
11212,3/5/2012,March,Monday,12:45,2,3,6,0,Rear-end,V1: Travelling straight ahead / V2: Slowing or stopped in traffic / V3: Slowing or stopped in traffic,V1: N  / V2: N  / V3: N,Dry,Daylight,Clear,0,0,41,27,TRUE,41.91035947,-71.36314658
11213,3/6/2012,March,Tuesday,14:27,2,1,1,0,Single vehicle crash,V1: 0,V1: E,Dry,Daylight,Clear,0,0,31,19,TRUE,41.91032596,-71.29893153
11214,3/6/2012,March,Tuesday,16:14,1,2,0,0,Rear-end,V1: Slowing or stopped in traffic / V2: Travelling straight ahead,V1: W  / V2: W,Dry,Daylight,Clear,0,0,31,19,TRUE,41.93874704,-71.29215576
11215,3/7/2012,March,Wednesday,17:58,1,2,0,0,Angle,V1: Travelling straight ahead / V2: Travelling straight ahead,V1: E  / V2: S,Dry,Dark - lighted roadway,Clear,0,0,41,19,TRUE,41.94757814,-71.27890389
11216,3/7/2012,March,Wednesday,18:15,0,2,0,0,Angle,V1: Travelling straight ahead / V2: Travelling straight ahead,V1: 0 / V2: 0,Dry,Dusk,Clear,0,0,41,19,TRUE,41.93503657,-71.2848971
11217,3/8/2012,March,Thursday,19:19,2,2,1,0,Angle,V1: Travelling straight ahead / V2: Travelling straight ahead,V1: E  / V2: S,Dry,Dark - lighted roadway,Clear,0,0,59,37,FALSE,41.92241545,-71.31336866
11218,3/9/2012,March,Friday,10:56,1,2,0,0,Angle,V1: Entering traffic lane / V2: Travelling straight ahead,V1: E  / V2: S,Dry,Daylight,Clear,0.12,0,65,38,FALSE,41.89863572,-71.37700787
11219,3/9/2012,March,Friday,15:18,1,3,0,0,Rear-end,V1: Travelling straight ahead / V2: Slowing or stopped in traffic / V3: 0,V1: W  / V2: W  / V3: 0,Dry,Daylight,Clear,0.12,0,65,38,FALSE,41.89903243,-71.355186
11220,3/9/2012,March,Friday,17:07,1,3,0,0,Rear-end,V1: Travelling straight ahead / V2: Slowing or stopped in traffic / V3: Slowing or stopped in traffic,V1: N  / V2: N  / V3: N,Dry,Daylight,Clear,0.12,0,65,38,FALSE,41.92644259,-71.35554103
11221,3/10/2012,March,Saturday,1:34,2,1,3,0,Single vehicle crash,V1: Travelling straight ahead,V1: N,Dry,Dark - lighted roadway,Clear,0,0,48,29,TRUE,41.937923,-71.33128418
11222,3/10/2012,March,Saturday,8:44,1,2,0,0,Angle,V1: Slowing or stopped in traffic / V2: Slowing or stopped in traffic,V1: N  / V2: 0,Dry,Daylight,Clear,0,0,48,29,TRUE,34.24438675,-73.6513909
11223,3/12/2012,March,Monday,15:42,1,2,0,0,"Sideswipe, same direction",V1: Travelling straight ahead / V2: Turning right,V1: S  / V2: S,Dry,Daylight,Clear,0,0,55,29,TRUE,41.90697288,-71.36488171
11224,3/13/2012,March,Tuesday,10:23,2,2,1,0,Angle,V1: Turning left / V2: Travelling straight ahead,V1: 0 / V2: 0,Wet,Daylight,Cloudy,0,0,75,35,FALSE,41.93624398,-71.26400311
11225,3/14/2012,March,Wednesday,7:44,1,2,0,0,Angle,V1: Turning left / V2: Travelling straight ahead,V1: N  / V2: W,Dry,Daylight,Cloudy,0.06,0,67,44,FALSE,41.90086769,-71.36799094
11226,3/14/2012,March,Wednesday,16:57,1,2,0,0,Rear-end,V1: Travelling straight ahead / V2: Slowing or stopped in traffic,V1: W  / V2: W,Dry,Daylight,Clear,0.06,0,67,44,FALSE,41.90939747,-71.28575775
11227,3/15/2012,March,Thursday,14:16,1,2,0,0,Angle,V1: Travelling straight ahead / V2: Travelling straight ahead,V1: N  / V2: W,Dry,Daylight,Clear,0,0,58,38,FALSE,41.91082902,-71.36290776
11228,3/16/2012,March,Friday,12:03,1,2,0,0,Angle,V1: Travelling straight ahead / V2: Travelling straight ahead,V1: N  / V2: W,Dry,Daylight,Cloudy,0,0,49,33,FALSE,41.89618753,-71.37039513
11229,3/16/2012,March,Friday,14:45,1,2,0,0,Rear-end,V1: Travelling straight ahead / V2: Travelling straight ahead,V1: S  / V2: S,Wet,Daylight,Cloudy,0,0,49,33,FALSE,41.91954079,-71.25775248
11230,3/16/2012,March,Friday,14:51,1,2,0,0,Rear-end,V1: Travelling straight ahead / V2: Slowing or stopped in traffic,V1: E  / V2: E,Dry,Daylight,Cloudy,0,0,49,33,FALSE,41.95437986,-71.25499915
11231,3/16/2012,March,Friday,16:27,1,1,0,0,Single vehicle crash,V1: Changing lanes,V1: S,Wet,Daylight,Cloudy,0,0,49,33,FALSE,41.90261276,-71.35590972
11232,3/16/2012,March,Friday,18:39,2,2,1,0,Angle,V1: Turning left / V2: Travelling straight ahead,V1: N  / V2: S,Dry,Dusk,Clear,0,0,49,33,FALSE,41.91692298,-71.29607671
11233,3/17/2012,March,Saturday,16:34,2,2,1,0,Rear-end,V1: Slowing or stopped in traffic / V2: Travelling straight ahead,V1: S  / V2: S,Dry,Daylight,Clear,0.03,0,44,33,FALSE,41.97015292,-71.29135147
11234,3/18/2012,March,Sunday,1:05,1,2,0,0,"Sideswipe, opposite direction",V1: Travelling straight ahead / V2: Travelling straight ahead,V1: S  / V2: N,Dry,Dark - lighted roadway,Clear,0,0,56,35,FALSE,41.89867838,-71.34654981
11235,3/18/2012,March,Sunday,4:25,0,1,0,0,Single vehicle crash,V1: Travelling straight ahead,V1: N,Dry,Dark - roadway not lighted,Clear,0,0,56,35,FALSE,41.96490281,-71.29746373
11236,3/18/2012,March,Sunday,22:15,1,1,0,0,0,V1: Travelling straight ahead,V1: N,Dry,Dark - roadway not lighted,Clear,0,0,56,35,FALSE,41.92886018,-71.3230987
11237,3/19/2012,March,Monday,8:24,1,2,0,0,Angle,V1: Overtaking/passing / V2: Slowing or stopped in traffic,V1: S  / V2: S,Dry,Daylight,Clear,0,0,71,39,FALSE,41.94245198,-71.28698244
11238,3/19/2012,March,Monday,11:16,2,2,1,0,Angle,V1: Turning left / V2: Travelling straight ahead,V1: E  / V2: S,Dry,Daylight,Cloudy,0,0,71,39,FALSE,41.92644259,-71.35554103
11239,3/19/2012,March,Monday,11:30,1,2,0,0,Rear-end,V1: Turning left / V2: Travelling straight ahead,V1: S  / V2: S,Dry,Daylight,Clear,0,0,71,39,FALSE,41.95410074,-71.26056496
11240,3/19/2012,March,Monday,15:26,1,2,0,0,"Sideswipe, same direction",V1: Travelling straight ahead / V2: 0,V1: S  / V2: 0,Dry,Daylight,Clear,0,0,71,39,FALSE,41.94431166,-71.28140274
11241,3/19/2012,March,Monday,16:42,1,2,0,0,Rear-end,V1: Slowing or stopped in traffic / V2: Travelling straight ahead,V1: S  / V2: S,Dry,Daylight,Clear,0,0,71,39,FALSE,41.97015292,-71.29135147
11242,3/19/2012,March,Monday,16:52,1,2,0,0,Angle,V1: Turning left / V2: Travelling straight ahead,V1: N  / V2: W,Dry,Daylight,Clear,0,0,71,39,FALSE,41.95287787,-71.26899686
11243,3/19/2012,March,Monday,19:29,1,2,0,0,Rear-end,V1: Travelling straight ahead / V2: Slowing or stopped in traffic,V1: S  / V2: S,Dry,Dark - lighted roadway,Clear,0,0,71,39,FALSE,41.92642156,-71.32186815
11244,3/19/2012,March,Monday,21:28,1,2,0,0,Rear-end,V1: Travelling straight ahead / V2: Slowing or stopped in traffic,V1: N  / V2: N,Dry,Dark - lighted roadway,Clear,0,0,71,39,FALSE,34.24438675,-73.6513909
11245,3/19/2012,March,Monday,22:01,1,1,0,0,Single vehicle crash,V1: Travelling straight ahead,V1: W,Dry,Dark - lighted roadway,Clear,0,0,71,39,FALSE,34.24438675,-73.6513909
11246,3/19/2012,March,Monday,22:21,1,1,0,0,Single vehicle crash,V1: Travelling straight ahead,V1: N,Dry,Dark - lighted roadway,Clear,0,0,71,39,FALSE,41.93273689,-71.29265008
11247,3/20/2012,March,Tuesday,10:55,2,2,2,0,Angle,V1: Travelling straight ahead / V2: Travelling straight ahead,V1: N  / V2: E,Dry,Daylight,Clear,0,0,82,40,FALSE,41.94458656,-71.27648461
11248,3/20/2012,March,Tuesday,15:26,1,2,0,0,Rear-end,V1: Travelling straight ahead / V2: Turning left,V1: W  / V2: W,Dry,Daylight,Clear,0,0,82,40,FALSE,41.91035947,-71.36314658
11249,3/20/2012,March,Tuesday,19:11,2,2,4,0,Angle,V1: Other / V2: Turning left,V1: E  / V2: N,Dry,Dark - lighted roadway,Clear,0,0,82,40,FALSE,41.94591875,-71.28363134
11250,3/21/2012,March,Wednesday,17:44,1,2,0,0,Angle,V1: Slowing or stopped in traffic / V2: Travelling straight ahead,V1: E  / V2: S,Dry,Daylight,Clear,0,0,79,40,FALSE,41.9120082,-71.2587778
11251,3/21/2012,March,Wednesday,20:31,1,2,0,0,"Sideswipe, opposite direction",V1: Travelling straight ahead / V2: Travelling straight ahead,V1: N  / V2: S,Dry,Dark - lighted roadway,Clear,0,0,79,40,FALSE,41.94201587,-71.2912461
11252,3/22/2012,March,Thursday,8:05,1,2,0,0,"Sideswipe, opposite direction",V1: Travelling straight ahead / V2: Travelling straight ahead,V1: E  / V2: 0,Dry,Daylight,Clear,0,0,78,48,FALSE,41.93431274,-71.24972247
11253,3/22/2012,March,Thursday,16:48,1,2,0,0,"Sideswipe, same direction",V1: Changing lanes / V2: Travelling straight ahead,V1: E  / V2: E,Dry,Daylight,Clear,0,0,78,48,FALSE,41.95130281,-71.27263126
11254,3/25/2012,March,Sunday,0:57,1,1,0,0,Single vehicle crash,V1: Travelling straight ahead,V1: W,Dry,Dark - lighted roadway,Clear,0.01,0,59,42,FALSE,41.91456112,-71.37273232
11255,3/25/2012,March,Sunday,16:33,2,2,1,0,Angle,V1: Travelling straight ahead / V2: Travelling straight ahead,V1: 0 / V2: 0,Dry,Daylight,Clear,0.01,0,59,42,FALSE,41.94450501,-71.28411703
11256,3/26/2012,March,Monday,10:24,1,1,0,0,Single vehicle crash,V1: Travelling straight ahead,V1: N,Wet,Daylight,Cloudy,0.01,0,49,37,FALSE,41.92886018,-71.3230987
11257,3/26/2012,March,Monday,10:39,1,2,0,0,Angle,V1: Travelling straight ahead / V2: Travelling straight ahead,V1: E  / V2: E,Dry,Daylight,Clear,0.01,0,49,37,FALSE,41.94625923,-71.28694634
11258,3/27/2012,March,Tuesday,13:46,2,2,3,0,Head-on,V1: Turning left / V2: Travelling straight ahead,V1: S  / V2: N,Dry,Daylight,Clear,0,0,51,26,TRUE,41.91282113,-71.36189527
11259,3/28/2012,March,Wednesday,15:43,1,2,0,0,"Sideswipe, same direction",V1: Changing lanes / V2: Travelling straight ahead,V1: S  / V2: S,Dry,Daylight,Clear,0,0,50,26,TRUE,41.92508738,-71.35628348
11260,3/29/2012,March,Thursday,14:09,1,2,0,0,Angle,V1: Turning right / V2: Travelling straight ahead,V1: N  / V2: N,Dry,Daylight,Cloudy,0.13,0,50,35,FALSE,41.94430701,-71.30913523
11261,3/29/2012,March,Thursday,15:13,1,2,0,0,Angle,V1: Travelling straight ahead / V2: Travelling straight ahead,V1: E  / V2: N,Wet,Daylight,Clear,0.13,0,50,35,FALSE,34.24438675,-73.6513909
11262,3/30/2012,March,Friday,0:30,2,2,2,0,Head-on,V1: Travelling straight ahead / V2: Turning left,V1: N  / V2: S,Dry,Dark - lighted roadway,Clear,0.02,0,47,34,FALSE,41.9170943,-71.35975551
11263,3/30/2012,March,Friday,8:31,1,2,0,0,Angle,V1: Turning left / V2: Travelling straight ahead,V1: N  / V2: 0,Dry,Daylight,Clear,0.02,0,47,34,FALSE,41.89541252,-71.37076533
11264,3/30/2012,March,Friday,11:53,1,2,0,0,Rear-end,V1: Slowing or stopped in traffic / V2: Travelling straight ahead,V1: S  / V2: S,Dry,Daylight,Clear,0.02,0,47,34,FALSE,41.95484304,-71.28856385
11265,3/30/2012,March,Friday,12:16,1,2,0,0,Rear-end,V1: Slowing or stopped in traffic / V2: Travelling straight ahead,V1: E  / V2: E,Dry,Daylight,Clear,0.02,0,47,34,FALSE,41.97015292,-71.29135147
11266,3/30/2012,March,Friday,12:30,1,2,0,0,Angle,V1: Travelling straight ahead / V2: Backing,V1: E  / V2: N,Dry,Daylight,Clear,0.02,0,47,34,FALSE,41.93880071,-71.26671815