ID,DATE,Month,Day of week,Crash Time,Crash Severity,Number of Vehicles,Total Nonfatal Injuries,Total Fatal Injuries,Manner of Collision,Vehicle Action Prior to Crash,Vehicle Travel Directions,Road Surface Condition,Ambient Light,Weather Condition,PRCP,SNOW,TMAX,TMIN,Ice,Longtitute,Latitute
11267,3/30/2012,March,Friday,14:15,1,2,0,0,Rear-end,V1: Slowing or stopped in traffic / V2: Travelling straight ahead,V1: N  / V2: S,Dry,Daylight,Clear,0.02,0,47,34,FALSE,41.97110827,-71.29119258
11268,3/30/2012,March,Friday,14:38,1,2,0,0,Angle,V1: Entering traffic lane / V2: Travelling straight ahead,V1: S  / V2: W,Dry,Daylight,Clear,0.02,0,47,34,FALSE,41.95257611,-71.26987665
11269,3/30/2012,March,Friday,17:57,2,1,1,0,Single vehicle crash,V1: Travelling straight ahead,V1: W,Dry,Daylight,Clear,0.02,0,47,34,FALSE,41.95385223,-71.26520463
11270,3/30/2012,March,Friday,19:32,1,2,0,0,Angle,V1: Travelling straight ahead / V2: Turning left,V1: E  / V2: S,Dry,Dark - roadway not lighted,Clear,0.02,0,47,34,FALSE,41.91981411,-71.35860614
11271,3/31/2012,March,Saturday,10:14,3,1,0,1,Single vehicle crash,V1: Travelling straight ahead,V1: S,Wet,Daylight,Cloudy/Rain,0.06,0,54,35,FALSE,41.92927403,-71.32377045
11272,3/31/2012,March,Saturday,10:20,1,3,0,0,Rear-end,V1: Travelling straight ahead / V2: Slowing or stopped in traffic / V3: Slowing or stopped in traffic,V1: N  / V2: S  / V3: S,Wet,Daylight,Rain,0.06,0,54,35,FALSE,41.92927403,-71.32377045
11273,3/31/2012,March,Saturday,13:40,1,2,0,0,Rear-end,V1: Slowing or stopped in traffic / V2: Travelling straight ahead,V1: W  / V2: W,Wet,Daylight,Cloudy,0.06,0,54,35,FALSE,41.93393836,-71.3077318
11274,3/31/2012,March,Saturday,16:00,1,2,0,0,Angle,V1: Entering traffic lane / V2: Travelling straight ahead,V1: W  / V2: W,Wet,Daylight,Cloudy,0.06,0,54,35,FALSE,41.94765964,-71.27880538
11275,4/1/2012,April,Sunday,12:09,2,1,1,0,Single vehicle crash,V1: Travelling straight ahead,V1: 0,Dry,Daylight,Clear,0.02,0,42,26,TRUE,41.92279203,-71.35723949
11276,4/2/2012,April,Monday,4:18,0,2,0,0,"Sideswipe, same direction",V1: Travelling straight ahead / V2: Travelling straight ahead,V1: N  / V2: N,Dry,Dark - lighted roadway,Clear,0.12,0,53,27,TRUE,41.96019116,-71.30118086
11277,4/2/2012,April,Monday,11:19,1,2,0,0,Rear-end,V1: Travelling straight ahead / V2: Travelling straight ahead,V1: E  / V2: 0,Dry,Daylight,Clear,0.12,0,53,27,TRUE,41.95204978,-71.27503273
11278,4/3/2012,April,Tuesday,15:25,2,2,1,0,Rear-end,V1: Travelling straight ahead / V2: Slowing or stopped in traffic,V1: E  / V2: E,Dry,Daylight,Clear,0,0,56,30,TRUE,41.93394439,-71.3070192
11279,4/4/2012,April,Wednesday,13:55,2,3,1,0,Angle,V1: Travelling straight ahead / V2: Travelling straight ahead / V3: Travelling straight ahead,V1: S  / V2: S  / V3: S,Dry,Daylight,Clear,0,0,60,31,TRUE,41.90136542,-71.36010843
11280,4/5/2012,April,Thursday,17:17,1,2,0,0,Single vehicle crash,V1: Changing lanes / V2: Travelling straight ahead,V1: 0 / V2: 0,Dry,Daylight,Clear,0.01,0,66,35,FALSE,41.91981411,-71.35860614
11281,4/6/2012,April,Friday,17:07,1,2,0,0,"Sideswipe, same direction",V1: Changing lanes / V2: Travelling straight ahead,V1: 0 / V2: N,Dry,Daylight,Clear,0,0,54,28,TRUE,41.91619723,-71.35885587
11282,4/6/2012,April,Friday,21:58,2,3,4,0,Rear-end,V1: Travelling straight ahead / V2: Slowing or stopped in traffic / V3: Parked,V1: S  / V2: S  / V3: 0,Dry,Dark - lighted roadway,Clear,0,0,54,28,TRUE,41.9250735,-71.35622629
11283,4/8/2012,April,Sunday,0:53,1,1,0,0,Single vehicle crash,V1: Travelling straight ahead,V1: N,Dry,Dark - roadway not lighted,Clear,0,0,57,33,FALSE,41.92886018,-71.3230987
11284,4/8/2012,April,Sunday,2:24,1,1,0,0,Single vehicle crash,V1: 0,V1: S,Dry,Dark - roadway not lighted,Clear,0,0,57,33,FALSE,41.93349673,-71.32022962
11285,4/8/2012,April,Sunday,18:29,1,1,0,0,Single vehicle crash,V1: Travelling straight ahead,V1: E,Dry,Daylight,Clear,0,0,57,33,FALSE,41.9127912,-71.37246995
11286,4/9/2012,April,Monday,9:08,2,1,1,0,Single vehicle crash,V1: Travelling straight ahead,V1: N,Dry,Daylight,Cloudy,0,0,54,40,FALSE,41.9503588,-71.29833749
11287,4/9/2012,April,Monday,15:10,2,2,1,0,Rear-end,V1: Travelling straight ahead / V2: Slowing or stopped in traffic,V1: S  / V2: S,Dry,Daylight,Clear,0,0,54,40,FALSE,41.94007226,-71.29032337
11288,4/9/2012,April,Monday,15:41,1,2,0,0,Rear-end,V1: Slowing or stopped in traffic / V2: Slowing or stopped in traffic,V1: N  / V2: N,Dry,Daylight,Clear,0,0,54,40,FALSE,41.95312956,-71.26820548
11289,4/9/2012,April,Monday,17:46,1,1,0,0,Single vehicle crash,V1: Turning left,V1: N,Dry,Daylight,Clear,0,0,54,40,FALSE,41.94474439,-71.28165133
11290,4/9/2012,April,Monday,22:16,2,2,3,0,0,V1: Turning right / V2: Travelling straight ahead,V1: S  / V2: N,Dry,Dark - lighted roadway,Rain,0,0,54,40,FALSE,34.24438675,-73.6513909
11291,4/10/2012,April,Tuesday,8:32,1,1,0,0,Single vehicle crash,V1: Travelling straight ahead,V1: N,Dry,Daylight,Clear,0,0,61,38,FALSE,41.94144826,-71.28440151
11292,4/11/2012,April,Wednesday,13:54,2,2,1,0,Head-on,V1: Entering traffic lane / V2: Turning left,V1: W  / V2: E,Dry,Daylight,Cloudy,0,0,65,34,FALSE,41.94110719,-71.29253847
11293,4/11/2012,April,Wednesday,14:52,2,2,2,0,Angle,V1: Travelling straight ahead / V2: Travelling straight ahead,V1: N  / V2: W,Dry,Daylight,Clear,0,0,65,34,FALSE,41.94121777,-71.2768631
11294,4/11/2012,April,Wednesday,17:11,1,1,0,0,Single vehicle crash,V1: Turning right,V1: E,Dry,Daylight,Clear,0,0,65,34,FALSE,41.94872235,-71.28913727
11295,4/12/2012,April,Thursday,11:20,1,2,0,0,Angle,V1: Backing / V2: Travelling straight ahead,V1: 0 / V2: E,Dry,Daylight,Clear,0,0,60,35,FALSE,41.89877036,-71.35512121
11296,4/12/2012,April,Thursday,18:05,0,1,0,0,Single vehicle crash,V1: Turning left,V1: W,Dry,Daylight,Cloudy,0,0,60,35,FALSE,41.93601097,-71.28269451
11297,4/12/2012,April,Thursday,20:52,1,2,0,0,Rear-end,V1: Slowing or stopped in traffic / V2: Travelling straight ahead,V1: N  / V2: 0,Wet,Dark - roadway not lighted,Cloudy,0,0,60,35,FALSE,41.90529604,-71.33573163
11298,4/13/2012,April,Friday,3:22,1,1,0,0,Single vehicle crash,V1: Travelling straight ahead,V1: N,Dry,Dark - lighted roadway,Clear,0.11,0,59,31,TRUE,41.95814204,-71.28762358
11299,4/13/2012,April,Friday,9:15,1,2,0,0,Rear-end,V1: Slowing or stopped in traffic / V2: Travelling straight ahead,V1: N  / V2: N,Dry,Daylight,Clear,0.11,0,59,31,TRUE,41.95814204,-71.28762358
11300,4/13/2012,April,Friday,12:20,2,2,3,0,Angle,V1: Turning left / V2: Travelling straight ahead,V1: N  / V2: W,Dry,Daylight,Clear,0.11,0,59,31,TRUE,41.93405012,-71.31579284
11301,4/13/2012,April,Friday,13:05,1,1,0,0,Single vehicle crash,V1: Turning right,V1: S,Dry,Daylight,Clear,0.11,0,59,31,TRUE,41.94034029,-71.27907033
11302,4/13/2012,April,Friday,16:45,0,2,0,0,Rear-end,V1: Slowing or stopped in traffic / V2: Slowing or stopped in traffic,V1: S  / V2: S,Dry,Daylight,Clear,0.11,0,59,31,TRUE,41.97015292,-71.29135147
11303,4/14/2012,April,Saturday,21:15,1,2,0,0,Rear-end,V1: Travelling straight ahead / V2: Parked,V1: S  / V2: 0,Dry,Dark - lighted roadway,Cloudy,0,0,66,32,TRUE,41.93601097,-71.28269451
11304,4/15/2012,April,Sunday,13:00,1,2,0,0,Rear-end,V1: Slowing or stopped in traffic / V2: 0,V1: S  / V2: 0,Dry,Daylight,Clear,0,0,74,43,FALSE,41.90682608,-71.35698151
11305,4/15/2012,April,Sunday,13:00,2,2,1,0,Rear-end,V1: Slowing or stopped in traffic / V2: Slowing or stopped in traffic,V1: S  / V2: 0,Dry,Daylight,Clear,0,0,74,43,FALSE,41.90682608,-71.35698151
11306,4/15/2012,April,Sunday,15:28,1,2,0,0,Single vehicle crash,V1: Travelling straight ahead / V2: Turning left,V1: E  / V2: W,Dry,Daylight,Clear,0,0,74,43,FALSE,41.93348005,-71.29992568
11307,4/16/2012,April,Monday,15:22,2,2,2,0,Rear-end,V1: Slowing or stopped in traffic / V2: Slowing or stopped in traffic,V1: W  / V2: W,Dry,Daylight,Clear,0,0,74,52,FALSE,41.90086769,-71.36799095
11308,4/17/2012,April,Tuesday,0:38,2,2,1,0,Single vehicle crash,V1: Other / V2: 0,V1: N  / V2: 0,Dry,Dark - roadway not lighted,Clear,0,0,87,52,FALSE,41.95409703,-71.30218031
11309,4/17/2012,April,Tuesday,0:43,0,1,0,0,Single vehicle crash,V1: Leaving traffic lane,V1: W,Dry,Dark - lighted roadway,Clear,0,0,87,52,FALSE,41.94586371,-71.28073807
11310,4/17/2012,April,Tuesday,9:06,2,2,1,0,Head-on,V1: Travelling straight ahead / V2: Travelling straight ahead,V1: E  / V2: W,Dry,Daylight,Clear,0,0,87,52,FALSE,41.93406554,-71.30574057
11311,4/17/2012,April,Tuesday,16:47,2,2,2,0,Angle,V1: Slowing or stopped in traffic / V2: Overtaking/passing,V1: E  / V2: W,Dry,Daylight,Clear,0,0,87,52,FALSE,41.92203556,-71.35456894
11312,4/18/2012,April,Wednesday,11:37,1,1,0,0,Angle,V1: Parked,V1: E,Dry,Daylight,Clear,0,0,86,51,FALSE,41.93401031,-71.31414519
11313,4/18/2012,April,Wednesday,12:29,1,2,0,0,Rear-end,V1: Slowing or stopped in traffic / V2: Slowing or stopped in traffic,V1: S  / V2: S,Dry,Daylight,Clear,0,0,86,51,FALSE,41.92644259,-71.35554103
11314,4/18/2012,April,Wednesday,17:41,1,2,0,0,Angle,V1: Turning left / V2: Travelling straight ahead,V1: 0 / V2: 0,Dry,Daylight,Clear,0,0,86,51,FALSE,41.90964751,-71.36351027
11315,4/18/2012,April,Wednesday,18:32,2,2,1,0,Single vehicle crash,V1: Travelling straight ahead / V2: Parked,V1: W  / V2: 0,Wet,Daylight,Cloudy/Rain,0,0,86,51,FALSE,41.90542258,-71.32472726
11316,4/19/2012,April,Thursday,7:20,0,2,0,0,Angle,V1: Entering traffic lane / V2: Travelling straight ahead,V1: N  / V2: N,Dry,Daylight,Cloudy,0,0,67,46,FALSE,41.95593405,-71.30346756
11317,4/19/2012,April,Thursday,15:00,1,3,0,0,Rear-end,V1: Slowing or stopped in traffic / V2: Slowing or stopped in traffic / V3: Travelling straight ahead,V1: W  / V2: W  / V3: 0,Dry,Daylight,Clear,0,0,67,46,FALSE,34.24438675,-73.6513909
11318,4/20/2012,April,Friday,8:07,2,3,1,0,"Sideswipe, same direction",V1: Slowing or stopped in traffic / V2: Travelling straight ahead / V3: Slowing or stopped in traffic,V1: S  / V2: S  / V3: S,Dry,Daylight,Clear,0,0,68,45,FALSE,41.92927403,-71.32377045
11319,4/20/2012,April,Friday,13:36,2,2,1,0,Angle,V1: Travelling straight ahead / V2: Travelling straight ahead,V1: W  / V2: E,Dry,Daylight,Clear,0,0,68,45,FALSE,41.94472176,-71.2812504
11320,4/20/2012,April,Friday,13:46,2,2,1,0,Rear-end,V1: Slowing or stopped in traffic / V2: Slowing or stopped in traffic,V1: E  / V2: E,Dry,Daylight,Clear,0,0,68,45,FALSE,34.24438675,-73.6513909
11321,4/20/2012,April,Friday,16:48,1,2,0,0,"Sideswipe, opposite direction",V1: Travelling straight ahead / V2: Travelling straight ahead,V1: S  / V2: N,Dry,Daylight,Clear,0,0,68,45,FALSE,41.93979336,-71.25131572
11322,4/20/2012,April,Friday,17:00,1,2,0,0,Angle,V1: 0 / V2: 0,V1: S  / V2: S,Dry,Daylight,Clear,0,0,68,45,FALSE,41.89733197,-71.36979234
11323,4/20/2012,April,Friday,18:48,1,2,0,0,Angle,V1: Travelling straight ahead / V2: Entering traffic lane,V1: N  / V2: W,Dry,Dusk,Clear,0,0,68,45,FALSE,41.94512722,-71.28855145
11324,4/21/2012,April,Saturday,7:41,1,1,0,0,Single vehicle crash,V1: Travelling straight ahead,V1: N,Dry,Daylight,Clear,0.04,0,74,47,FALSE,41.92908297,-71.32292227
11325,4/21/2012,April,Saturday,18:53,1,1,0,0,Single vehicle crash,V1: 0,V1: N,Dry,Daylight,Clear,0.04,0,74,47,FALSE,41.95593405,-71.30346756
11326,4/22/2012,April,Sunday,8:52,1,2,0,0,Angle,V1: Turning left / V2: Travelling straight ahead,V1: E  / V2: N,Dry,Daylight,Cloudy,0,0,76,55,FALSE,41.95484304,-71.28856385
11327,4/22/2012,April,Sunday,14:54,1,2,0,0,Rear-end,V1: Slowing or stopped in traffic / V2: Travelling straight ahead,V1: W  / V2: W,Wet,Daylight,Rain,0,0,76,55,FALSE,34.24438675,-73.6513909
11328,4/23/2012,April,Monday,15:48,1,2,0,0,Angle,V1: Travelling straight ahead / V2: Entering traffic lane,V1: E  / V2: E,Dry,Daylight,Clear,2.85,0,63,44,FALSE,41.95437986,-71.25499915
11329,4/23/2012,April,Monday,17:48,2,1,1,0,Single vehicle crash,V1: 0,V1: E,Dry,Daylight,Cloudy,2.85,0,63,44,FALSE,41.94431166,-71.28140274
11330,4/24/2012,April,Tuesday,6:05,1,3,0,0,"Sideswipe, same direction",V1: Changing lanes / V2: 0 / V3: Travelling straight ahead,V1: N  / V2: 0 / V3: N,Dry,Daylight,Clear,0.34,0,61,45,FALSE,41.90231844,-71.35595143
11331,4/24/2012,April,Tuesday,6:25,1,1,0,0,Single vehicle crash,V1: Travelling straight ahead,V1: N,Wet,Daylight,Clear,0.34,0,61,45,FALSE,41.95514928,-71.30432065
11332,4/24/2012,April,Tuesday,7:21,1,2,0,0,Rear-end,V1: Entering traffic lane / V2: Entering traffic lane,V1: E  / V2: E,Dry,Dawn,Clear,0.34,0,61,45,FALSE,41.93405012,-71.31579284
11333,4/24/2012,April,Tuesday,9:12,1,1,0,0,Angle,V1: Travelling straight ahead,V1: N,Dry,Daylight,Clear,0.34,0,61,45,FALSE,41.9515834,-71.29702782
11334,4/24/2012,April,Tuesday,12:15,1,2,0,0,Angle,V1: Travelling straight ahead / V2: Turning left,V1: S  / V2: W,Dry,Daylight,Clear,0.34,0,61,45,FALSE,41.91891265,-71.31713881
11335,4/24/2012,April,Tuesday,14:45,1,2,0,0,Angle,V1: Travelling straight ahead / V2: Turning left,V1: 0 / V2: 0,Dry,Daylight,Clear,0.34,0,61,45,FALSE,41.95090811,-71.27361366
11336,4/25/2012,April,Wednesday,6:59,1,2,0,0,Angle,V1: Travelling straight ahead / V2: Travelling straight ahead,V1: E  / V2: S,Dry,Daylight,Clear,0,0,58,40,FALSE,41.94121777,-71.2768631
11337,4/25/2012,April,Wednesday,8:16,1,2,0,0,Angle,V1: Travelling straight ahead / V2: Travelling straight ahead,V1: N  / V2: W,Dry,Daylight,Clear,0,0,58,40,FALSE,41.89618753,-71.37039513
11338,4/25/2012,April,Wednesday,9:47,1,1,0,0,Single vehicle crash,V1: Travelling straight ahead,V1: S,Wet,Daylight,Clear,0,0,58,40,FALSE,41.94474439,-71.28165133
11339,4/25/2012,April,Wednesday,20:47,1,2,0,0,Angle,V1: Turning left / V2: Travelling straight ahead,V1: S  / V2: N,Dry,Dark - lighted roadway,Clear,0,0,58,40,FALSE,41.92241545,-71.31336866
11340,4/26/2012,April,Thursday,16:03,1,2,0,0,Rear-end,V1: Slowing or stopped in traffic / V2: Turning left,V1: S  / V2: S,Dry,Daylight,Cloudy,0,0,65,37,FALSE,41.90529604,-71.33573163
11341,4/26/2012,April,Thursday,17:03,1,2,0,0,"Sideswipe, same direction",V1: Travelling straight ahead / V2: Travelling straight ahead,V1: N  / V2: E,Wet,Daylight,Cloudy/Rain,0,0,65,37,FALSE,41.94292045,-71.27681606
11342,4/26/2012,April,Thursday,17:52,2,2,4,0,Rear-end,V1: Slowing or stopped in traffic / V2: Slowing or stopped in traffic,V1: E  / V2: E,Dry,Daylight,Clear,0,0,65,37,FALSE,41.93397761,-71.31903245
11343,4/26/2012,April,Thursday,20:06,1,2,0,0,Angle,V1: Entering traffic lane / V2: Travelling straight ahead,V1: E  / V2: S,Dry,Dusk,Clear,0,0,65,37,FALSE,41.9110765,-71.36278231
11344,4/27/2012,April,Friday,10:31,1,2,0,0,Rear-end,V1: Slowing or stopped in traffic / V2: Travelling straight ahead,V1: N  / V2: N,Dry,Daylight,Clear,0,0,66,40,FALSE,34.24438675,-73.6513909
11345,4/27/2012,April,Friday,10:44,0,1,0,0,Single vehicle crash,V1: Travelling straight ahead,V1: E,Dry,Daylight,Clear,0,0,66,40,FALSE,41.94519466,-71.28103716
11346,4/27/2012,April,Friday,14:15,1,2,0,0,Single vehicle crash,V1: Travelling straight ahead / V2: Travelling straight ahead,V1: E  / V2: E,Wet,Daylight,Cloudy/Rain,0,0,66,40,FALSE,41.9340043,-71.31613691
11347,4/27/2012,April,Friday,19:16,1,2,0,0,Rear-end,V1: Slowing or stopped in traffic / V2: Travelling straight ahead,V1: N  / V2: N,Dry,Dusk,Clear,0,0,66,40,FALSE,41.90650554,-71.36512641
11348,4/27/2012,April,Friday,20:13,1,2,0,0,Rear-end,V1: Travelling straight ahead / V2: Slowing or stopped in traffic,V1: E  / V2: E,Dry,Dark - lighted roadway,Clear,0,0,66,40,FALSE,41.9248613,-71.34939717
11349,4/28/2012,April,Saturday,3:53,1,1,0,0,Single vehicle crash,V1: Travelling straight ahead,V1: N,Dry,Dark - roadway not lighted,Clear,0,0,60,30,TRUE,41.90231844,-71.35595143
11350,4/28/2012,April,Saturday,8:58,2,2,1,0,Rear-end,V1: Travelling straight ahead / V2: Slowing or stopped in traffic,V1: N  / V2: N,Dry,Daylight,Clear,0,0,60,30,TRUE,41.93409173,-71.31894301
11351,4/28/2012,April,Saturday,9:58,1,2,0,0,Single vehicle crash,V1: Travelling straight ahead / V2: Travelling straight ahead,V1: N  / V2: N,Wet,Daylight,Cloudy/Rain,0,0,60,30,TRUE,34.24438675,-73.6513909
11352,4/29/2012,April,Sunday,12:15,1,2,0,0,Rear-end,V1: Parked / V2: Travelling straight ahead,V1: W  / V2: W,Dry,Daylight,Clear,0,0,61,33,FALSE,41.93433869,-71.30116609
11353,4/29/2012,April,Sunday,15:13,1,2,0,0,Rear-end,V1: Travelling straight ahead / V2: Travelling straight ahead,V1: E  / V2: E,Dry,Daylight,Clear,0,0,61,33,FALSE,41.92485703,-71.34940736
11354,4/30/2012,April,Monday,13:30,0,1,0,0,Single vehicle crash,V1: Travelling straight ahead,V1: S,Dry,Daylight,Clear,0,0,62,30,TRUE,41.91183911,-71.2771474
11355,4/30/2012,April,Monday,16:44,1,2,0,0,Rear-end,V1: 0 / V2: 0,V1: 0 / V2: 0,Dry,Daylight,Clear,0,0,62,30,TRUE,34.24438675,-73.6513909
11356,5/1/2012,May,Tuesday,14:25,1,2,0,0,Rear-end,V1: Turning right / V2: Travelling straight ahead,V1: N  / V2: N,Dry,Daylight,Clear,0.04,0,65,37,FALSE,41.91653724,-71.36001753
11357,5/1/2012,May,Tuesday,16:55,1,2,0,0,Angle,V1: Entering traffic lane / V2: Travelling straight ahead,V1: S  / V2: W,Wet,Daylight,Rain,0.04,0,65,37,FALSE,41.95078511,-71.27391628
11358,5/1/2012,May,Tuesday,18:24,1,2,0,0,Angle,V1: Turning left / V2: Travelling straight ahead,V1: S  / V2: S,Dry,Daylight,Cloudy,0.04,0,65,37,FALSE,41.91977948,-71.35862075
11359,5/2/2012,May,Wednesday,9:04,2,2,2,0,Angle,V1: Travelling straight ahead / V2: Travelling straight ahead,V1: W  / V2: N,Wet,Daylight,Rain,0.51,0,50,45,FALSE,41.9483337,-71.27794679
11360,5/2/2012,May,Wednesday,17:02,1,2,0,0,Angle,V1: Entering traffic lane / V2: Travelling straight ahead,V1: 0 / V2: 0,Dry,Daylight,Clear,0.51,0,50,45,FALSE,41.94019537,-71.27660007
11361,5/2/2012,May,Wednesday,18:17,1,2,0,0,Angle,V1: Travelling straight ahead / V2: Entering traffic lane,V1: W  / V2: N,Wet,Daylight,Cloudy/Rain,0.51,0,50,45,FALSE,41.94464309,-71.28080126
11362,5/2/2012,May,Wednesday,19:39,1,2,0,0,Rear-end,V1: Travelling straight ahead / V2: Travelling straight ahead,V1: W  / V2: W,Dry,Dusk,Clear,0.51,0,50,45,FALSE,41.9495447,-71.27638351
11363,5/3/2012,May,Thursday,1:24,1,2,0,0,"Sideswipe, same direction",V1: Travelling straight ahead / V2: Entering traffic lane,V1: N  / V2: N,Dry,Dark - roadway not lighted,Clear,0.08,0,55,46,FALSE,41.92886018,-71.3230987
11364,5/3/2012,May,Thursday,10:59,1,2,0,0,Angle,V1: Turning left / V2: Travelling straight ahead,V1: N  / V2: S,Wet,Daylight,Cloudy/Rain,0.08,0,55,46,FALSE,41.95263255,-71.26972406
11365,5/3/2012,May,Thursday,13:04,1,1,0,0,Single vehicle crash,V1: Travelling straight ahead,V1: S,Wet,Daylight,Cloudy/Rain,0.08,0,55,46,FALSE,41.90527025,-71.34355347
11366,5/4/2012,May,Friday,15:42,1,2,0,0,Angle,V1: Entering traffic lane / V2: Travelling straight ahead,V1: W  / V2: E,Dry,Daylight,Clear,0.02,0,54,46,FALSE,41.95287787,-71.26899686
11367,5/5/2012,May,Saturday,3:18,1,1,0,0,Single vehicle crash,V1: Travelling straight ahead,V1: S,Wet,Dark - roadway not lighted,Rain,0.03,0,57,50,FALSE,41.9394908,-71.31391359
11368,5/5/2012,May,Saturday,9:00,1,1,0,0,Single vehicle crash,V1: Turning right,V1: N,Wet,Daylight,Clear,0.03,0,57,50,FALSE,41.95455899,-71.30190911
11369,5/7/2012,May,Monday,5:37,2,1,1,0,Angle,V1: Entering traffic lane,V1: W,0,Daylight,Clear,0,0,64,47,FALSE,41.96643836,-71.29074265
11370,5/7/2012,May,Monday,7:48,1,1,0,0,Single vehicle crash,V1: Travelling straight ahead,V1: E,Dry,Daylight,Clear,0,0,64,47,FALSE,41.92910435,-71.30316001
11371,5/7/2012,May,Monday,13:19,1,2,0,0,Rear-end,V1: Backing / V2: 0,V1: E  / V2: E,Dry,Daylight,Clear,0,0,64,47,FALSE,41.90588782,-71.37669559
11372,5/7/2012,May,Monday,18:29,2,2,2,0,Rear-end,V1: Travelling straight ahead / V2: Travelling straight ahead,V1: S  / V2: S,Dry,Daylight,Clear,0,0,64,47,FALSE,41.91894647,-71.31708813
11373,5/8/2012,May,Tuesday,13:30,2,2,1,0,Angle,V1: Parked / V2: Turning left,V1: W  / V2: E,Dry,Daylight,Cloudy,0.02,0,73,50,FALSE,41.9409301,-71.27503856
11374,5/8/2012,May,Tuesday,15:00,1,2,0,0,Rear-end,V1: Turning left / V2: Travelling straight ahead,V1: W  / V2: W,Dry,Daylight,Clear,0.02,0,73,50,FALSE,34.24438675,-73.6513909
11375,5/8/2012,May,Tuesday,18:40,0,2,0,0,Rear-end,V1: Slowing or stopped in traffic / V2: Slowing or stopped in traffic,V1: S  / V2: S,Dry,Daylight,Clear,0.02,0,73,50,FALSE,41.97396396,-71.29523823
11376,5/9/2012,May,Wednesday,10:45,0,1,0,0,Single vehicle crash,V1: Travelling straight ahead,V1: S,Wet,Daylight,Cloudy/Rain,0.26,0,59,50,FALSE,41.89861001,-71.36943215
11377,5/9/2012,May,Wednesday,10:45,0,1,0,0,Single vehicle crash,V1: Travelling straight ahead,V1: S,Wet,Daylight,Cloudy/Rain,0.26,0,59,50,FALSE,41.89861001,-71.36943215
11378,5/9/2012,May,Wednesday,13:20,2,2,1,0,Angle,V1: Travelling straight ahead / V2: Turning left,V1: N  / V2: S,Snow,Daylight,Rain,0.26,0,59,50,FALSE,41.92675288,-71.34334435
11379,5/9/2012,May,Wednesday,14:24,1,2,0,0,Rear-end,V1: Slowing or stopped in traffic / V2: Travelling straight ahead,V1: E  / V2: E,Dry,Daylight,Clear,0.26,0,59,50,FALSE,41.95076301,-71.27397064
11380,5/9/2012,May,Wednesday,16:38,1,3,0,0,Rear-end,V1: Travelling straight ahead / V2: Slowing or stopped in traffic / V3: Slowing or stopped in traffic,V1: E  / V2: E  / V3: E,Wet,Daylight,Cloudy/Rain,0.26,0,59,50,FALSE,41.94344652,-71.28559566
11381,5/10/2012,May,Thursday,1:29,1,1,0,0,Single vehicle crash,V1: Travelling straight ahead,V1: E,Wet,Dark - lighted roadway,Cloudy/Rain,2.11,0,61,53,FALSE,41.93304448,-71.28634923
11382,5/10/2012,May,Thursday,2:51,2,2,7,0,Angle,V1: Turning left / V2: Travelling straight ahead,V1: 0 / V2: E,Wet,Daylight,Rain,2.11,0,61,53,FALSE,41.93414522,-71.30494865
11383,5/10/2012,May,Thursday,6:50,1,2,0,0,Rear-end,V1: Slowing or stopped in traffic / V2: Travelling straight ahead,V1: W  / V2: W,Wet,Daylight,Rain,2.11,0,61,53,FALSE,41.93441875,-71.30730117
11384,5/10/2012,May,Thursday,9:17,1,2,0,0,Rear-end,V1: Travelling straight ahead / V2: Travelling straight ahead,V1: E  / V2: E,Wet,Daylight,Cloudy/Rain,2.11,0,61,53,FALSE,41.96712418,-71.29097941
11385,5/11/2012,May,Friday,17:23,1,2,0,0,"Sideswipe, same direction",V1: Travelling straight ahead / V2: Changing lanes,V1: S  / V2: S,Dry,Daylight,Clear,0.06,0,69,44,FALSE,41.89903243,-71.355186
11386,5/12/2012,May,Saturday,14:49,1,2,0,0,Angle,V1: Turning left / V2: Turning left,V1: W  / V2: W,Dry,Daylight,Clear,0,0,65,39,FALSE,41.91977948,-71.35862075
11387,5/12/2012,May,Saturday,16:20,1,2,0,0,Angle,V1: Turning left / V2: Turning right,V1: W  / V2: E,Dry,Daylight,Cloudy,0,0,65,39,FALSE,41.89618753,-71.37039513
11388,5/13/2012,May,Sunday,2:13,2,1,1,0,Single vehicle crash,V1: 0,V1: W,Dry,Dark - lighted roadway,Clear,0,0,80,45,FALSE,41.92387717,-71.35158914
11389,5/14/2012,May,Monday,7:55,0,2,0,0,Rear-end,V1: Travelling straight ahead / V2: Travelling straight ahead,V1: N  / V2: N,Dry,Daylight,Clear,0,0,83,54,FALSE,41.95428777,-71.3119492
11390,5/14/2012,May,Monday,8:02,1,2,0,0,Rear-end,V1: Travelling straight ahead / V2: Travelling straight ahead,V1: E  / V2: E,Dry,Daylight,Cloudy,0,0,83,54,FALSE,34.24438675,-73.6513909
11391,5/14/2012,May,Monday,11:32,1,1,0,0,Single vehicle crash,V1: Turning right,V1: S,Dry,Daylight,Cloudy,0,0,83,54,FALSE,41.91619723,-71.35885587
11392,5/14/2012,May,Monday,15:15,1,2,0,0,Angle,V1: Entering traffic lane / V2: Slowing or stopped in traffic,V1: W  / V2: N,Dry,Daylight,Clear,0,0,83,54,FALSE,34.24438675,-73.6513909
11393,5/15/2012,May,Tuesday,16:38,2,2,5,0,Rear-end,V1: Travelling straight ahead / V2: Slowing or stopped in traffic,V1: S  / V2: S,Wet,Daylight,Cloudy/Rain,0.02,0,72,57,FALSE,41.93923609,-71.3175535
11394,5/15/2012,May,Tuesday,17:13,1,2,0,0,Rear-end,V1: Slowing or stopped in traffic / V2: Travelling straight ahead,V1: W  / V2: W,Wet,Daylight,Cloudy/Rain,0.02,0,72,57,FALSE,34.24438675,-73.6513909
11395,5/15/2012,May,Tuesday,17:24,2,3,3,0,Rear-end,V1: Slowing or stopped in traffic / V2: Slowing or stopped in traffic / V3: Slowing or stopped in traffic,V1: S  / V2: S  / V3: 0,Wet,Daylight,Cloudy/Rain,0.02,0,72,57,FALSE,41.92298549,-71.35714757