ID,DATE,Month,Day of week,Crash Time,Crash Severity,Number of Vehicles,Total Nonfatal Injuries,Total Fatal Injuries,Manner of Collision,Vehicle Action Prior to Crash,Vehicle Travel Directions,Road Surface Condition,Ambient Light,Weather Condition,PRCP,SNOW,TMAX,TMIN,Ice,Longtitute,Latitute
11396,5/16/2012,May,Wednesday,10:30,1,1,0,0,Single vehicle crash,V1: Travelling straight ahead,V1: N,Wet,Daylight,Rain,0.7,0,72,59,FALSE,41.94396388,-71.30988659
11397,5/16/2012,May,Wednesday,17:51,1,2,0,0,Rear-end,V1: Travelling straight ahead / V2: Travelling straight ahead,V1: E  / V2: E,Dry,Daylight,Clear,0.7,0,72,59,FALSE,41.93576336,-71.26666394
11398,5/16/2012,May,Wednesday,19:56,2,1,1,0,Single vehicle crash,V1: Travelling straight ahead,V1: 0,Dry,Dark - lighted roadway,Clear,0.7,0,72,59,FALSE,41.90922558,-71.28637599
11399,5/17/2012,May,Thursday,13:32,1,2,0,0,Angle,V1: Turning right / V2: Travelling straight ahead,V1: W  / V2: S,Wet,Daylight,Cloudy,0.54,0,73,54,FALSE,41.91981411,-71.35860614
11400,5/18/2012,May,Friday,14:50,1,2,0,0,Angle,V1: Backing / V2: Slowing or stopped in traffic,V1: N  / V2: W,Dry,Daylight,Clear,0,0,74,43,FALSE,41.92467364,-71.28868344
11401,5/18/2012,May,Friday,17:10,2,2,1,0,Rear-end,V1: Slowing or stopped in traffic / V2: Slowing or stopped in traffic,V1: E  / V2: E,Dry,Daylight,Clear,0,0,74,43,FALSE,41.93397271,-71.31092751
11402,5/19/2012,May,Saturday,12:32,0,1,0,0,Single vehicle crash,V1: Travelling straight ahead,V1: S,Dry,Daylight,Clear,0,0,74,47,FALSE,41.93310636,-71.29819563
11403,5/20/2012,May,Sunday,1:04,0,6,0,0,Rear-end,V1: Travelling straight ahead / V2: Slowing or stopped in traffic / V3: Travelling straight ahead / V4: Travelling straight ahead / V5: Travelling straight ahead / V6: Travelling straight ahead,V1: N  / V2: N  / V3: N  / V4: N  / V5: N  / V6: N,Dry,Dark - roadway not lighted,Clear,0,0,77,47,FALSE,41.90231844,-71.35595143
11404,5/20/2012,May,Sunday,1:26,1,1,0,0,Single vehicle crash,V1: Travelling straight ahead,V1: S,Dry,Dark - lighted roadway,Clear,0,0,77,47,FALSE,41.95263255,-71.26972406
11405,5/21/2012,May,Monday,8:59,1,3,0,0,Rear-end,V1: 0 / V2: Travelling straight ahead / V3: Travelling straight ahead,V1: 0 / V2: E  / V3: E,Dry,Daylight,Clear,0,0,82,47,FALSE,41.93357119,-71.30035285
11406,5/22/2012,May,Tuesday,12:48,1,2,0,0,"Sideswipe, same direction",V1: Overtaking/passing / V2: Travelling straight ahead,V1: W  / V2: W,Wet,Daylight,Rain,0.1,0,70,54,FALSE,41.89867838,-71.34654981
11407,5/22/2012,May,Tuesday,14:12,1,2,0,0,Angle,V1: Entering traffic lane / V2: Travelling straight ahead,V1: E  / V2: S,Dry,Daylight,Clear,0.1,0,70,54,FALSE,34.24438675,-73.6513909
11408,5/22/2012,May,Tuesday,16:38,2,2,2,0,Angle,V1: Making U-turn / V2: Travelling straight ahead,V1: W  / V2: W,Wet,Daylight,Cloudy/Rain,0.1,0,70,54,FALSE,41.94344652,-71.28559566
11409,5/22/2012,May,Tuesday,18:02,2,1,1,0,Single vehicle crash,V1: Travelling straight ahead,V1: E,Dry,Daylight,Clear,0.1,0,70,54,FALSE,41.90529604,-71.33573163
11410,5/23/2012,May,Wednesday,12:21,2,2,3,0,Rear-end,V1: Travelling straight ahead / V2: Turning right,V1: S  / V2: S,Dry,Daylight,Clear,0.4,0,64,54,FALSE,41.92212124,-71.35446181
11411,5/23/2012,May,Wednesday,15:35,1,2,0,0,Angle,V1: Turning left / V2: Travelling straight ahead,V1: W  / V2: E,Dry,Daylight,Clear,0.4,0,64,54,FALSE,41.94757814,-71.27890389
11412,5/23/2012,May,Wednesday,17:44,1,2,0,0,Rear-end,V1: Slowing or stopped in traffic / V2: Travelling straight ahead,V1: S  / V2: S,Dry,Daylight,Clear,0.4,0,64,54,FALSE,34.24438675,-73.6513909
11413,5/24/2012,May,Thursday,9:15,2,2,1,0,Angle,V1: Slowing or stopped in traffic / V2: Travelling straight ahead,V1: S  / V2: E,Dry,Daylight,Cloudy,0.02,0,80,57,FALSE,41.94472176,-71.2812504
11414,5/24/2012,May,Thursday,16:21,1,2,0,0,Angle,V1: Travelling straight ahead / V2: Travelling straight ahead,V1: 0 / V2: 0,Dry,Daylight,Clear,0.02,0,80,57,FALSE,41.930656,-71.35315937
11415,5/25/2012,May,Friday,5:50,1,2,0,0,Rear-end,V1: Travelling straight ahead / V2: Entering traffic lane,V1: S  / V2: S,Dry,Daylight,Clear,0,0,78,57,FALSE,41.90257898,-71.35602542
11416,5/25/2012,May,Friday,10:32,2,2,1,0,Rear-end,V1: Travelling straight ahead / V2: Travelling straight ahead,V1: S  / V2: S,Dry,Daylight,Cloudy,0,0,78,57,FALSE,41.93923609,-71.3175535
11417,5/25/2012,May,Friday,14:13,1,2,0,0,Angle,V1: Entering traffic lane / V2: Travelling straight ahead,V1: E  / V2: S,Dry,Daylight,Cloudy,0,0,78,57,FALSE,41.9110765,-71.36278231
11418,5/25/2012,May,Friday,16:10,2,2,2,0,Angle,V1: Turning left / V2: Travelling straight ahead,V1: 0 / V2: 0,Dry,Daylight,Clear,0,0,78,57,FALSE,41.94213878,-71.28262423
11419,5/25/2012,May,Friday,18:59,1,2,0,0,Rear-end,V1: Travelling straight ahead / V2: Slowing or stopped in traffic,V1: E  / V2: E,Dry,Daylight,Clear,0,0,78,57,FALSE,41.9374227,-71.29402673
11420,5/26/2012,May,Saturday,17:53,0,2,0,0,"Sideswipe, same direction",V1: Entering traffic lane / V2: Travelling straight ahead,V1: N  / V2: N,Dry,Daylight,Clear,0.01,0,71,59,FALSE,41.90053869,-71.36201959
11421,5/26/2012,May,Saturday,21:17,1,2,0,0,Rear-end,V1: Travelling straight ahead / V2: Slowing or stopped in traffic,V1: E  / V2: E,Dry,Dark - lighted roadway,Clear,0.01,0,71,59,FALSE,41.97015292,-71.29135147
11422,5/27/2012,May,Sunday,14:32,1,2,0,0,Head-on,V1: Turning left / V2: Parked,V1: W  / V2: E,Dry,Daylight,Clear,0,0,85,60,FALSE,41.91641607,-71.33960865
11423,5/27/2012,May,Sunday,18:47,1,2,0,0,"Sideswipe, opposite direction",V1: Travelling straight ahead / V2: Slowing or stopped in traffic,V1: N  / V2: S,Dry,Daylight,Clear,0,0,85,60,FALSE,41.94880398,-71.29130243
11424,5/28/2012,May,Monday,14:43,1,2,0,0,Rear-end,V1: Slowing or stopped in traffic / V2: Slowing or stopped in traffic,V1: N  / V2: N,Dry,Daylight,Clear,0,0,83,62,FALSE,41.89947708,-71.35515679
11425,5/28/2012,May,Monday,17:45,1,2,0,0,"Sideswipe, same direction",V1: Turning left / V2: Turning left,V1: W  / V2: W,Dry,Daylight,Clear,0,0,83,62,FALSE,41.97015292,-71.29135147
11426,5/28/2012,May,Monday,18:56,1,2,0,0,Angle,V1: Travelling straight ahead / V2: Entering traffic lane,V1: S  / V2: W,Dry,Daylight,Clear,0,0,83,62,FALSE,41.90086769,-71.36799095
11427,5/29/2012,May,Tuesday,10:42,2,2,1,0,Angle,V1: Entering traffic lane / V2: Travelling straight ahead,V1: E  / V2: N,Dry,Daylight,Clear,0,0,79,61,FALSE,41.93830895,-71.28203041
11428,5/29/2012,May,Tuesday,17:55,0,1,0,0,Single vehicle crash,V1: Travelling straight ahead,V1: S,Dry,Daylight,Clear,0,0,79,61,FALSE,41.92927403,-71.32377045
11429,5/30/2012,May,Wednesday,6:23,2,2,2,0,Angle,V1: Travelling straight ahead / V2: Travelling straight ahead,V1: S  / V2: E,Dry,Daylight,Clear,0,0,89,63,FALSE,41.93808003,-71.27597724
11430,5/30/2012,May,Wednesday,6:45,1,2,0,0,Single vehicle crash,V1: Travelling straight ahead / V2: Slowing or stopped in traffic,V1: N  / V2: N,Dry,Daylight,Clear,0,0,89,63,FALSE,34.24438675,-73.6513909
11431,5/30/2012,May,Wednesday,19:20,0,1,0,0,Single vehicle crash,V1: Travelling straight ahead,V1: S,Dry,Daylight,Clear,0,0,89,63,FALSE,41.93745501,-71.32118388
11432,5/31/2012,May,Thursday,4:10,2,2,1,0,Angle,V1: 0 / V2: 0,V1: 0 / V2: 0,Dry,Daylight,Clear,0,0,78,59,FALSE,41.92241545,-71.31336866
11433,5/31/2012,May,Thursday,16:20,1,2,0,0,Rear-end,V1: Slowing or stopped in traffic / V2: Travelling straight ahead,V1: W  / V2: W,Dry,Daylight,Clear,0,0,78,59,FALSE,41.94396167,-71.27662963
11434,5/31/2012,May,Thursday,18:01,2,1,3,0,Single vehicle crash,V1: 0,V1: 0,Dry,Daylight,Clear,0,0,78,59,FALSE,41.94565808,-71.28532488
11435,6/1/2012,June,Friday,6:39,1,2,0,0,"Sideswipe, opposite direction",V1: Travelling straight ahead / V2: Travelling straight ahead,V1: E  / V2: W,Dry,Daylight,Clear,0,0,85,59,FALSE,41.9486259,-71.27756695
11436,6/1/2012,June,Friday,11:35,2,2,2,0,Rear-end,V1: Travelling straight ahead / V2: Travelling straight ahead,V1: N  / V2: 0,Dry,Dark - lighted roadway,Clear,0,0,85,59,FALSE,41.94450501,-71.28411703
11437,6/1/2012,June,Friday,13:56,1,2,0,0,Rear-end,V1: Slowing or stopped in traffic / V2: Travelling straight ahead,V1: N  / V2: N,Dry,Daylight,Clear,0,0,85,59,FALSE,41.90998013,-71.35802082
11438,6/1/2012,June,Friday,16:14,2,2,1,0,Rear-end,V1: Slowing or stopped in traffic / V2: Travelling straight ahead,V1: N  / V2: N,Dry,Daylight,Clear,0,0,85,59,FALSE,41.91981411,-71.35860614
11439,6/2/2012,June,Saturday,6:49,2,1,1,0,Single vehicle crash,V1: Travelling straight ahead,V1: E,Wet,Daylight,Rain,0.15,0,71,53,FALSE,34.24438675,-73.6513909
11440,6/2/2012,June,Saturday,9:16,0,1,0,0,Single vehicle crash,V1: Travelling straight ahead,V1: S,Wet,Daylight,Rain,0.15,0,71,53,FALSE,41.93349673,-71.32022962
11441,6/3/2012,June,Sunday,9:20,0,2,0,0,Rear-end,V1: Slowing or stopped in traffic / V2: Travelling straight ahead,V1: S  / V2: S,Dry,Daylight,Clear,0.68,0,65,54,FALSE,41.90255025,-71.35612621
11442,6/3/2012,June,Sunday,9:53,0,3,0,0,Rear-end,V1: Slowing or stopped in traffic / V2: Slowing or stopped in traffic / V3: Travelling straight ahead,V1: S  / V2: S  / V3: S,Dry,Daylight,Clear,0.68,0,65,54,FALSE,41.90255025,-71.35612621
11443,6/4/2012,June,Monday,9:59,1,2,0,0,Angle,V1: Travelling straight ahead / V2: Travelling straight ahead,V1: E  / V2: E,Wet,Daylight,Cloudy/Rain,0.01,0,70,51,FALSE,41.93405012,-71.31579284
11444,6/5/2012,June,Tuesday,12:45,1,2,0,0,Angle,V1: Travelling straight ahead / V2: Turning left,V1: S  / V2: W,Dry,Daylight,Clear,0.47,0,53,48,FALSE,41.91954079,-71.25775248
11445,6/5/2012,June,Tuesday,15:09,1,2,0,0,Angle,V1: Travelling straight ahead / V2: Travelling straight ahead,V1: E  / V2: E,Dry,Daylight,Cloudy,0.47,0,53,48,FALSE,34.24438675,-73.6513909
11446,6/5/2012,June,Tuesday,17:25,2,2,2,0,Angle,V1: 0 / V2: 0,V1: N  / V2: N,Dry,Daylight,Clear,0.47,0,53,48,FALSE,41.96643836,-71.29074265
11447,6/6/2012,June,Wednesday,18:51,2,2,2,0,Angle,V1: Turning left / V2: Travelling straight ahead,V1: N  / V2: S,Dry,Daylight,Clear,0.03,0,57,44,FALSE,41.90086769,-71.36799095
11448,6/6/2012,June,Wednesday,21:54,2,1,1,0,Single vehicle crash,V1: Travelling straight ahead,V1: S,Dry,Dark - lighted roadway,Clear,0.03,0,57,44,FALSE,41.94832626,-71.24734363
11449,6/7/2012,June,Thursday,20:20,2,1,1,0,Single vehicle crash,V1: Travelling straight ahead,V1: W,Wet,Dark - lighted roadway,Cloudy,0.06,0,68,51,FALSE,41.90519304,-71.31897503
11450,6/9/2012,June,Saturday,0:15,1,2,0,0,Angle,V1: Turning left / V2: Travelling straight ahead,V1: E  / V2: S,Dry,0,Clear,0.02,0,79,52,FALSE,41.91325585,-71.3590575
11451,6/9/2012,June,Saturday,13:17,2,2,4,0,Angle,V1: Travelling straight ahead / V2: Travelling straight ahead,V1: S  / V2: W,Dry,Daylight,Clear,0.02,0,79,52,FALSE,41.93585833,-71.27194106
11452,6/9/2012,June,Saturday,17:59,2,1,1,0,Single vehicle crash,V1: Turning right,V1: W,Dry,Daylight,Clear,0.02,0,79,52,FALSE,41.94757814,-71.27890389
11453,6/9/2012,June,Saturday,18:50,2,1,1,0,Single vehicle crash,V1: Travelling straight ahead,V1: W,Dry,Daylight,Clear,0.02,0,79,52,FALSE,41.94455607,-71.28030443
11454,6/9/2012,June,Saturday,20:09,0,2,0,0,0,V1: Backing / V2: Parked,V1: W  / V2: 0,Dry,Dusk,Clear,0.02,0,79,52,FALSE,41.96203436,-71.29010374
11455,6/9/2012,June,Saturday,21:27,1,2,0,0,"Sideswipe, opposite direction",V1: Travelling straight ahead / V2: Travelling straight ahead,V1: S  / V2: N,Dry,Dark - lighted roadway,Clear,0.02,0,79,52,FALSE,34.24438675,-73.6513909
11456,6/10/2012,June,Sunday,0:18,1,4,0,0,"Sideswipe, same direction",V1: Travelling straight ahead / V2: Parked / V3: Parked / V4: Parked,V1: N  / V2: 0 / V3: 0 / V4: 0,Dry,Dark - lighted roadway,Clear,0,0,79,55,FALSE,41.92833587,-71.24604541
11457,6/10/2012,June,Sunday,12:58,2,2,1,0,Rear-end,V1: Travelling straight ahead / V2: Slowing or stopped in traffic,V1: N  / V2: N,Dry,Daylight,Clear,0,0,79,55,FALSE,41.92644259,-71.35554103
11458,6/10/2012,June,Sunday,18:06,1,2,0,0,Angle,V1: Travelling straight ahead / V2: Turning left,V1: W  / V2: S,Dry,Daylight,Clear,0,0,79,55,FALSE,41.95437986,-71.25499915
11459,6/10/2012,June,Sunday,18:44,2,2,1,0,Rear-end,V1: Slowing or stopped in traffic / V2: Slowing or stopped in traffic,V1: N  / V2: N,Dry,Daylight,Clear,0,0,79,55,FALSE,41.92886018,-71.3230987
11460,6/10/2012,June,Sunday,23:17,0,2,0,0,"Sideswipe, opposite direction",V1: Travelling straight ahead / V2: Parked,V1: W  / V2: 0,Dry,Dark - roadway not lighted,Cloudy,0,0,79,55,FALSE,41.9421905,-71.29178425
11461,6/11/2012,June,Monday,3:54,2,1,1,0,Single vehicle crash,V1: Travelling straight ahead,V1: W,Dry,Dark - lighted roadway,Clear,0,0,83,52,FALSE,41.95406324,-71.28344717
11462,6/11/2012,June,Monday,12:29,1,2,0,0,Angle,V1: Travelling straight ahead / V2: Slowing or stopped in traffic,V1: W  / V2: N,Dry,Daylight,Cloudy,0,0,83,52,FALSE,41.95428602,-71.28497548
11463,6/11/2012,June,Monday,14:25,1,2,0,0,Angle,V1: Travelling straight ahead / V2: Turning left,V1: S  / V2: E,Dry,Daylight,Clear,0,0,83,52,FALSE,41.90081079,-71.36802017
11464,6/11/2012,June,Monday,16:08,1,2,0,0,Angle,V1: Backing / V2: Slowing or stopped in traffic,V1: S  / V2: S,Dry,Daylight,Cloudy,0,0,83,52,FALSE,41.93742983,-71.26519759
11465,6/12/2012,June,Tuesday,9:22,0,1,0,0,Single vehicle crash,V1: Turning left,V1: S,Dry,Daylight,Clear,0,0,76,56,FALSE,41.94258565,-71.28370739
11466,6/12/2012,June,Tuesday,13:54,1,2,0,0,Angle,V1: Turning left / V2: Travelling straight ahead,V1: N  / V2: S,Dry,Daylight,Clear,0,0,76,56,FALSE,41.89877036,-71.35512121
11467,6/12/2012,June,Tuesday,14:07,1,2,0,0,Rear-end,V1: Travelling straight ahead / V2: Travelling straight ahead,V1: E  / V2: E,Wet,Daylight,Clear,0,0,76,56,FALSE,41.95234013,-71.29601132
11468,6/13/2012,June,Wednesday,3:45,1,2,0,0,Rear-end,V1: Travelling straight ahead / V2: Turning right,V1: N  / V2: N,Wet,Daylight,Cloudy/Rain,0.17,0,75,61,FALSE,41.95484304,-71.28856385
11469,6/13/2012,June,Wednesday,9:46,2,2,1,0,Angle,V1: Travelling straight ahead / V2: Entering traffic lane,V1: S  / V2: W,Wet,Daylight,Cloudy/Rain,0.17,0,75,61,FALSE,41.94121777,-71.2768631
11470,6/13/2012,June,Wednesday,12:19,2,2,2,0,Angle,V1: Entering traffic lane / V2: Travelling straight ahead,V1: S  / V2: S,Wet,Daylight,Cloudy/Rain,0.17,0,75,61,FALSE,41.94661476,-71.28014357
11471,6/13/2012,June,Wednesday,12:38,2,2,2,0,Rear-end,V1: Travelling straight ahead / V2: Turning right,V1: N  / V2: N,Wet,Daylight,Cloudy/Rain,0.17,0,75,61,FALSE,41.91852862,-71.25448006
11472,6/13/2012,June,Wednesday,14:10,1,2,0,0,Rear-end,V1: Slowing or stopped in traffic / V2: Travelling straight ahead,V1: 0 / V2: 0,Dry,Daylight,Clear,0.17,0,75,61,FALSE,41.93269195,-71.32821357
11473,6/13/2012,June,Wednesday,14:35,1,2,0,0,Rear-end,V1: Travelling straight ahead / V2: Slowing or stopped in traffic,V1: S  / V2: S,Wet,Daylight,Cloudy/Rain,0.17,0,75,61,FALSE,41.92626385,-71.34598617
11474,6/13/2012,June,Wednesday,16:08,1,2,0,0,Angle,V1: Turning left / V2: Travelling straight ahead,V1: S  / V2: N,Wet,Daylight,Rain,0.17,0,75,61,FALSE,41.94140605,-71.28436439
11475,6/13/2012,June,Wednesday,16:27,1,3,0,0,Rear-end,V1: Slowing or stopped in traffic / V2: Slowing or stopped in traffic / V3: Slowing or stopped in traffic,V1: S  / V2: S  / V3: S,Wet,Daylight,Cloudy/Rain,0.17,0,75,61,FALSE,41.96019116,-71.30118086
11476,6/13/2012,June,Wednesday,18:20,1,2,0,0,Angle,V1: Slowing or stopped in traffic / V2: Turning left,V1: E  / V2: W,Wet,Daylight,Cloudy/Rain,0.17,0,75,61,FALSE,41.92242117,-71.25900962
11477,6/14/2012,June,Thursday,10:28,2,1,2,0,Single vehicle crash,V1: Travelling straight ahead,V1: 0,Dry,Daylight,Clear,0.4,0,66,60,FALSE,41.94257686,-71.27448379
11478,6/14/2012,June,Thursday,18:35,2,2,2,0,Angle,V1: Entering traffic lane / V2: Travelling straight ahead,V1: E  / V2: S,Dry,Daylight,Clear,0.4,0,66,60,FALSE,41.9340896,-71.29983557
11479,6/15/2012,June,Friday,6:00,1,2,0,0,Rear-end,V1: Slowing or stopped in traffic / V2: Slowing or stopped in traffic,V1: E  / V2: E,Dry,Daylight,Clear,0,0,73,51,FALSE,41.94213878,-71.28262423
11480,6/15/2012,June,Friday,16:48,1,2,0,0,Angle,V1: Turning right / V2: Travelling straight ahead,V1: S  / V2: S,Dry,Daylight,Clear,0,0,73,51,FALSE,41.94413491,-71.27260127
11481,6/15/2012,June,Friday,17:19,1,1,0,0,Angle,V1: Entering traffic lane,V1: E,Dry,Daylight,Clear,0,0,73,51,FALSE,41.96306612,-71.28865133
11482,6/16/2012,June,Saturday,15:03,1,2,0,0,Angle,V1: Backing / V2: Parked,V1: N  / V2: 0,Dry,Daylight,Clear,0,0,73,50,FALSE,41.94130377,-71.29225534
11483,6/17/2012,June,Sunday,13:27,1,2,0,0,Angle,V1: Changing lanes / V2: Travelling straight ahead,V1: N  / V2: N,Dry,Daylight,Clear,0,0,69,52,FALSE,34.24438675,-73.6513909
11484,6/17/2012,June,Sunday,14:07,1,2,0,0,Rear-end,V1: Travelling straight ahead / V2: Travelling straight ahead,V1: W  / V2: W,Dry,Daylight,Clear,0,0,69,52,FALSE,41.92014284,-71.35719783
11485,6/17/2012,June,Sunday,16:17,1,2,0,0,"Sideswipe, opposite direction",V1: Turning right / V2: Turning left,V1: W  / V2: N,Dry,Daylight,Clear,0,0,69,52,FALSE,41.93723012,-71.28375224
11486,6/18/2012,June,Monday,16:24,2,2,2,0,Rear-end,V1: Travelling straight ahead / V2: Slowing or stopped in traffic,V1: W  / V2: W,Dry,Daylight,Clear,0,0,70,46,FALSE,41.95203239,-71.27501715
11487,6/18/2012,June,Monday,19:42,2,1,1,0,Single vehicle crash,V1: Leaving traffic lane,V1: 0,Dry,Daylight,Clear,0,0,70,46,FALSE,41.95437986,-71.25499915
11488,6/19/2012,June,Tuesday,7:52,2,1,1,0,Angle,V1: Turning right,V1: E,Dry,Daylight,Clear,0,0,74,52,FALSE,41.94210306,-71.26984487
11489,6/19/2012,June,Tuesday,12:13,1,1,0,0,Single vehicle crash,V1: Travelling straight ahead,V1: N,Dry,Daylight,Cloudy,0,0,74,52,FALSE,41.93668658,-71.330151
11490,6/19/2012,June,Tuesday,13:47,1,2,0,0,Rear-end,V1: Travelling straight ahead / V2: Slowing or stopped in traffic,V1: W  / V2: W,Dry,Daylight,Clear,0,0,74,52,FALSE,41.93393179,-71.30265691
11491,6/19/2012,June,Tuesday,15:22,1,2,0,0,Rear-end,V1: Slowing or stopped in traffic / V2: Slowing or stopped in traffic,V1: S  / V2: S,Dry,Daylight,Cloudy,0,0,74,52,FALSE,41.90682608,-71.35698151
11492,6/20/2012,June,Wednesday,11:06,1,1,0,0,Single vehicle crash,V1: Turning right,V1: W,Dry,Daylight,Clear,0,0,74,58,FALSE,41.93269195,-71.32821357
11493,6/20/2012,June,Wednesday,11:21,1,1,0,0,Single vehicle crash,V1: Travelling straight ahead,V1: S,Dry,Daylight,Clear,0,0,74,58,FALSE,41.93039003,-71.29083979
11494,6/20/2012,June,Wednesday,18:52,2,2,1,0,Rear-end,V1: Slowing or stopped in traffic / V2: Travelling straight ahead,V1: S  / V2: S,Dry,Daylight,Clear,0,0,74,58,FALSE,41.92762143,-71.35470547
11495,6/20/2012,June,Wednesday,19:10,2,3,4,0,Rear-end,V1: Travelling straight ahead / V2: Slowing or stopped in traffic / V3: Slowing or stopped in traffic,V1: S  / V2: S  / V3: S,Wet,Daylight,Clear,0,0,74,58,FALSE,41.9170943,-71.35975551
11496,6/21/2012,June,Thursday,10:54,1,2,0,0,Angle,V1: Travelling straight ahead / V2: Travelling straight ahead,V1: 0 / V2: 0,Dry,Daylight,Clear,0,0,97,70,FALSE,41.93207931,-71.29280404
11497,6/22/2012,June,Friday,7:40,2,2,1,0,Angle,V1: Travelling straight ahead / V2: Travelling straight ahead,V1: E  / V2: N,Dry,Daylight,Clear,0,0,98,71,FALSE,41.93269195,-71.32821357
11498,6/22/2012,June,Friday,10:58,2,2,2,0,Angle,V1: Entering traffic lane / V2: Travelling straight ahead,V1: E  / V2: 0,Dry,Daylight,Clear,0,0,98,71,FALSE,41.90846105,-71.36412011
11499,6/22/2012,June,Friday,12:26,2,3,3,0,Rear-end,V1: Travelling straight ahead / V2: Slowing or stopped in traffic / V3: Travelling straight ahead,V1: S  / V2: S  / V3: N,Dry,Daylight,Clear,0,0,98,71,FALSE,41.91981411,-71.35860614
11500,6/22/2012,June,Friday,17:33,2,2,1,0,Angle,V1: Turning left / V2: Travelling straight ahead,V1: S  / V2: N,Dry,Daylight,Cloudy,0,0,98,71,FALSE,41.90998013,-71.35802082
11501,6/22/2012,June,Friday,19:34,2,2,3,0,Rear-end,V1: Travelling straight ahead / V2: Slowing or stopped in traffic,V1: E  / V2: E,Wet,Dusk,Cloudy/Rain,0,0,98,71,FALSE,41.93457798,-71.29922805
11502,6/23/2012,June,Saturday,14:40,1,2,0,0,Rear-end,V1: Travelling straight ahead / V2: Travelling straight ahead,V1: N  / V2: N,Wet,Daylight,Cloudy,0.13,0,98,68,FALSE,41.91325585,-71.3590575
11503,6/23/2012,June,Saturday,19:07,2,2,1,0,Angle,V1: Travelling straight ahead / V2: Travelling straight ahead,V1: N  / V2: W,Dry,Daylight,Clear,0.13,0,98,68,FALSE,41.94121777,-71.2768631
11504,6/24/2012,June,Sunday,15:01,1,2,0,0,Angle,V1: Travelling straight ahead / V2: Travelling straight ahead,V1: N  / V2: W,Dry,Daylight,Clear,0.28,0,89,60,FALSE,41.94472176,-71.2812504
11505,6/24/2012,June,Sunday,18:14,2,2,1,0,Rear-end,V1: Slowing or stopped in traffic / V2: Travelling straight ahead,V1: N  / V2: N,Dry,Daylight,Clear,0.28,0,89,60,FALSE,41.92508738,-71.35628348
11506,6/24/2012,June,Sunday,18:36,1,2,0,0,Rear-end,V1: Travelling straight ahead / V2: Travelling straight ahead,V1: E  / V2: E,Dry,Daylight,Clear,0.28,0,89,60,FALSE,41.93260615,-71.33159487
11507,6/24/2012,June,Sunday,21:08,2,1,1,0,Single vehicle crash,V1: Travelling straight ahead,V1: N,Dry,Dark - lighted roadway,Clear,0.28,0,89,60,FALSE,41.94231336,-71.24977495
11508,6/25/2012,June,Monday,12:50,1,2,0,0,Angle,V1: Travelling straight ahead / V2: 0,V1: N  / V2: 0,Wet,Daylight,Rain,0.01,0,87,64,FALSE,41.89835459,-71.36941126
11509,6/27/2012,June,Wednesday,2:35,1,2,0,0,"Sideswipe, same direction",V1: Travelling straight ahead / V2: Parked,V1: S  / V2: 0,Dry,Dark - lighted roadway,Clear,0.01,0,77,58,FALSE,41.95433338,-71.29671015
11510,6/27/2012,June,Wednesday,7:39,1,2,0,0,Angle,V1: Parked / V2: Entering traffic lane,V1: W  / V2: S,Dry,Daylight,Clear,0.01,0,77,58,FALSE,41.93404812,-71.31577712
11511,6/27/2012,June,Wednesday,16:57,1,2,0,0,Angle,V1: Travelling straight ahead / V2: Travelling straight ahead,V1: S  / V2: S,Dry,Daylight,Clear,0.01,0,77,58,FALSE,34.24438675,-73.6513909
11512,6/28/2012,June,Thursday,9:30,2,2,2,0,Angle,V1: Turning left / V2: Travelling straight ahead,V1: 0 / V2: 0,Dry,Daylight,Clear,0,0,81,59,FALSE,41.9483337,-71.27794679
11513,6/28/2012,June,Thursday,9:46,2,1,1,0,Single vehicle crash,V1: Travelling straight ahead,V1: E,Dry,Daylight,Clear,0,0,81,59,FALSE,41.90330575,-71.33304145
11514,6/28/2012,June,Thursday,9:52,1,3,0,0,Angle,V1: Turning left / V2: Travelling straight ahead / V3: Slowing or stopped in traffic,V1: W  / V2: S  / V3: E,Dry,Daylight,Clear,0,0,81,59,FALSE,41.91598612,-71.2832367
11515,6/28/2012,June,Thursday,11:32,1,2,0,0,Rear-end,V1: Travelling straight ahead / V2: Travelling straight ahead,V1: N  / V2: N,Dry,Daylight,Clear,0,0,81,59,FALSE,41.92481266,-71.35634048
11516,6/29/2012,June,Friday,22:11,2,3,4,0,Angle,V1: Travelling straight ahead / V2: Travelling straight ahead / V3: Travelling straight ahead,V1: W  / V2: W  / V3: W,Dry,Dark - lighted roadway,Clear,0,0,87,61,FALSE,41.9446632,-71.28341486
11517,6/30/2012,June,Saturday,10:31,1,2,0,0,Angle,V1: Travelling straight ahead / V2: Turning right,V1: E  / V2: N,Dry,Daylight,Clear,0.14,0,88,63,FALSE,41.94461786,-71.29001803
11518,6/30/2012,June,Saturday,17:13,1,2,0,0,Rear-end,V1: Travelling straight ahead / V2: Slowing or stopped in traffic,V1: N  / V2: N,Dry,Daylight,Clear,0.14,0,88,63,FALSE,41.90231844,-71.35595143
11519,6/30/2012,June,Saturday,17:13,1,1,0,0,Single vehicle crash,V1: Changing lanes,V1: N,Dry,Daylight,Clear,0.14,0,88,63,FALSE,41.91413445,-71.33481219
11520,7/1/2012,July,Sunday,17:10,2,2,1,0,Rear-end,V1: Travelling straight ahead / V2: Turning right,V1: N  / V2: N,0,Daylight,Cloudy,0,0,93,66,FALSE,41.92900797,-71.28446457
11521,7/1/2012,July,Sunday,19:45,1,2,0,0,Angle,V1: Turning right / V2: Overtaking/passing,V1: N  / V2: N,Wet,Other,Clear,0,0,93,66,FALSE,41.89863276,-71.35506105