ID,DATE,Month,Day of week,Crash Time,Crash Severity,Number of Vehicles,Total Nonfatal Injuries,Total Fatal Injuries,Manner of Collision,Vehicle Action Prior to Crash,Vehicle Travel Directions,Road Surface Condition,Ambient Light,Weather Condition,PRCP,SNOW,TMAX,TMIN,Ice,Longtitute,Latitute
11522,7/2/2012,July,Monday,1:29,2,1,1,0,Single vehicle crash,V1: Travelling straight ahead,V1: S,Dry,Dark - lighted roadway,Clear,0.08,0,92,64,FALSE,41.92793231,-71.28463985
11523,7/2/2012,July,Monday,14:13,1,2,0,0,Angle,V1: Travelling straight ahead / V2: Turning left,V1: W  / V2: S,Dry,Daylight,Cloudy,0.08,0,92,64,FALSE,41.90998013,-71.35802082
11524,7/3/2012,July,Tuesday,8:50,2,2,3,0,Rear-end,V1: Travelling straight ahead / V2: Travelling straight ahead,V1: E  / V2: W,Dry,Daylight,Clear,0.02,0,86,63,FALSE,41.91795224,-71.36498628
11525,7/4/2012,July,Wednesday,7:20,2,1,2,0,Single vehicle crash,V1: Travelling straight ahead,V1: S,Wet,Daylight,Rain,0.08,0,88,66,FALSE,41.94388756,-71.272513
11526,7/4/2012,July,Wednesday,20:30,2,2,1,0,Angle,V1: Turning left / V2: Travelling straight ahead,V1: E  / V2: N,Dry,Dark - lighted roadway,Clear,0.08,0,88,66,FALSE,41.95370498,-71.2890337
11527,7/4/2012,July,Wednesday,20:59,2,2,1,0,"Sideswipe, same direction",V1: Travelling straight ahead / V2: Parked,V1: S  / V2: N,Dry,Dark - lighted roadway,Clear,0.08,0,88,66,FALSE,41.91711617,-71.23280883
11528,7/6/2012,July,Friday,10:00,2,2,1,0,Angle,V1: Travelling straight ahead / V2: Travelling straight ahead,V1: N  / V2: 0,Dry,Daylight,Clear,0,0,86,63,FALSE,41.94472176,-71.2812504
11529,7/6/2012,July,Friday,11:30,1,2,0,0,Rear-end,V1: Backing / V2: Turning left,V1: E  / V2: W,Dry,Daylight,Clear,0,0,86,63,FALSE,41.94604197,-71.28656899
11530,7/7/2012,July,Saturday,9:43,1,2,0,0,0,V1: Backing / V2: 0,V1: E  / V2: E,Dry,Daylight,Cloudy,0,0,89,66,FALSE,41.94431166,-71.28140274
11531,7/7/2012,July,Saturday,14:18,1,2,0,0,Rear-end,V1: Travelling straight ahead / V2: Slowing or stopped in traffic,V1: S  / V2: S,Dry,Daylight,Clear,0,0,89,66,FALSE,41.91461419,-71.37275618
11532,7/7/2012,July,Saturday,16:06,1,2,0,0,Angle,V1: Travelling straight ahead / V2: Slowing or stopped in traffic,V1: W  / V2: S,Dry,Daylight,Clear,0,0,89,66,FALSE,41.94245198,-71.28698244
11533,7/7/2012,July,Saturday,22:50,1,1,0,0,Single vehicle crash,V1: Travelling straight ahead,V1: W,Dry,Dark - lighted roadway,Clear,0,0,89,66,FALSE,41.94474439,-71.28165133
11534,7/8/2012,July,Sunday,0:44,1,2,0,0,Rear-end,V1: Travelling straight ahead / V2: Travelling straight ahead,V1: S  / V2: S,Dry,Dark - roadway not lighted,Clear,0,0,88,65,FALSE,41.90261276,-71.35590972
11535,7/8/2012,July,Sunday,0:46,2,2,2,0,Rear-end,V1: Travelling straight ahead / V2: Slowing or stopped in traffic,V1: S  / V2: S,Dry,Dark - roadway not lighted,Cloudy,0,0,88,65,FALSE,41.90261276,-71.35590972
11536,7/8/2012,July,Sunday,1:30,2,1,1,0,Single vehicle crash,V1: Travelling straight ahead,V1: W,Dry,Dark - lighted roadway,Clear,0,0,88,65,FALSE,41.91126127,-71.30294796
11537,7/8/2012,July,Sunday,15:59,2,2,1,0,Rear-end,V1: Slowing or stopped in traffic / V2: Travelling straight ahead,V1: W  / V2: W,Wet,Daylight,Rain,0,0,88,65,FALSE,41.93601097,-71.28269451
11538,7/8/2012,July,Sunday,21:42,0,1,0,0,Single vehicle crash,V1: Travelling straight ahead,V1: W,Dry,Dark - lighted roadway,Clear,0,0,88,65,FALSE,41.95451461,-71.24992613
11539,7/9/2012,July,Monday,16:59,1,2,0,0,Angle,V1: Turning left / V2: Travelling straight ahead,V1: W  / V2: S,Dry,Daylight,Clear,0,0,92,62,FALSE,41.95180679,-71.2898592
11540,7/9/2012,July,Monday,23:59,1,1,0,0,Single vehicle crash,V1: Leaving traffic lane,V1: E,Dry,Dark - roadway not lighted,Clear,0,0,92,62,FALSE,41.93428155,-71.29791325
11541,7/10/2012,July,Tuesday,13:40,1,2,0,0,"Sideswipe, opposite direction",V1: Travelling straight ahead / V2: 0,V1: W  / V2: 0,Dry,Daylight,Clear,0,0,84,58,FALSE,41.93359015,-71.30040441
11542,7/10/2012,July,Tuesday,15:01,2,1,1,0,Single vehicle crash,V1: Travelling straight ahead,V1: E,Dry,Daylight,Clear,0,0,84,58,FALSE,41.93577983,-71.26749093
11543,7/10/2012,July,Tuesday,15:25,1,2,0,0,Rear-end,V1: Travelling straight ahead / V2: Slowing or stopped in traffic,V1: S  / V2: S,Dry,Daylight,Clear,0,0,84,58,FALSE,41.92508738,-71.35628348
11544,7/10/2012,July,Tuesday,15:35,2,2,1,0,Angle,V1: Travelling straight ahead / V2: Turning left,V1: W  / V2: W,Dry,Daylight,Clear,0,0,84,58,FALSE,34.24438675,-73.6513909
11545,7/10/2012,July,Tuesday,15:35,2,2,2,0,"Sideswipe, opposite direction",V1: Travelling straight ahead / V2: 0,V1: S  / V2: 0,Dry,Daylight,Clear,0,0,84,58,FALSE,41.93126899,-71.35288693
11546,7/11/2012,July,Wednesday,18:54,2,2,2,0,Angle,V1: Entering traffic lane / V2: Travelling straight ahead,V1: W  / V2: N,Dry,Daylight,Clear,0,0,87,61,FALSE,41.92900797,-71.28446457
11547,7/12/2012,July,Thursday,10:32,1,2,0,0,Angle,V1: Travelling straight ahead / V2: Travelling straight ahead,V1: N  / V2: E,Dry,Daylight,Clear,0,0,89,62,FALSE,41.94231024,-71.28253433
11548,7/12/2012,July,Thursday,10:38,1,1,0,0,Single vehicle crash,V1: Backing,V1: N,Dry,Daylight,Clear,0,0,89,62,FALSE,41.91085001,-71.36289712
11549,7/12/2012,July,Thursday,15:23,1,1,0,0,Single vehicle crash,V1: Travelling straight ahead,V1: S,Dry,Daylight,Clear,0,0,89,62,FALSE,41.90261276,-71.35590972
11550,7/12/2012,July,Thursday,17:04,2,2,1,0,0,V1: Travelling straight ahead / V2: Changing lanes,V1: N  / V2: N,Dry,Daylight,Clear,0,0,89,62,FALSE,41.95593405,-71.30346756
11551,7/13/2012,July,Friday,7:15,1,2,0,0,Single vehicle crash,V1: Travelling straight ahead / V2: Parked,V1: W  / V2: E,Dry,Daylight,Cloudy,0,0,92,64,FALSE,41.90307594,-71.33949228
11552,7/13/2012,July,Friday,8:55,2,2,1,0,Angle,V1: Turning left / V2: Travelling straight ahead,V1: N  / V2: N,Dry,Daylight,Clear,0,0,92,64,FALSE,34.24438675,-73.6513909
11553,7/13/2012,July,Friday,10:19,1,2,0,0,Angle,V1: Travelling straight ahead / V2: Turning left,V1: N  / V2: W,Dry,Daylight,Clear,0,0,92,64,FALSE,41.91317152,-71.3617195
11554,7/13/2012,July,Friday,15:39,1,2,0,0,Rear-end,V1: Travelling straight ahead / V2: Slowing or stopped in traffic,V1: N  / V2: N,Dry,Daylight,Clear,0,0,92,64,FALSE,41.91653724,-71.36001753
11555,7/13/2012,July,Friday,17:39,1,1,0,0,Single vehicle crash,V1: Travelling straight ahead,V1: N,Dry,Daylight,Clear,0,0,92,64,FALSE,41.91539605,-71.35899035
11556,7/14/2012,July,Saturday,10:29,2,2,3,0,Head-on,V1: Travelling straight ahead / V2: Travelling straight ahead,V1: N  / V2: S,Dry,Daylight,Clear,0,0,87,68,FALSE,41.91092941,-71.31445189
11557,7/14/2012,July,Saturday,14:28,1,2,0,0,Angle,V1: Travelling straight ahead / V2: Travelling straight ahead,V1: E  / V2: S,Dry,Daylight,Clear,0,0,87,68,FALSE,41.93304448,-71.28634923
11558,7/14/2012,July,Saturday,18:38,1,2,0,0,Angle,V1: Turning left / V2: Travelling straight ahead,V1: E  / V2: N,Dry,Daylight,Clear,0,0,87,68,FALSE,41.93359015,-71.30040441
11559,7/15/2012,July,Sunday,16:46,1,2,0,0,Angle,V1: Turning left / V2: Turning left,V1: E  / V2: W,Dry,Daylight,Cloudy,0,0,95,66,FALSE,41.92242117,-71.25900962
11560,7/16/2012,July,Monday,10:47,1,1,0,0,Single vehicle crash,V1: Travelling straight ahead,V1: W,Dry,Daylight,Clear,0,0,90,71,FALSE,41.93150481,-71.33366365
11561,7/16/2012,July,Monday,12:29,1,2,0,0,Angle,V1: Entering traffic lane / V2: Travelling straight ahead,V1: N  / V2: N,Dry,Daylight,Clear,0,0,90,71,FALSE,41.91325585,-71.3590575
11562,7/16/2012,July,Monday,15:01,2,2,3,0,"Sideswipe, opposite direction",V1: Turning left / V2: Travelling straight ahead,V1: W  / V2: S,Dry,Daylight,Cloudy,0,0,90,71,FALSE,41.90041992,-71.3682197
11563,7/17/2012,July,Tuesday,20:52,1,1,0,0,Rear-end,V1: Travelling straight ahead,V1: S,Dry,Dark - lighted roadway,Clear,0,0,95,71,FALSE,41.92467588,-71.35449728
11564,7/18/2012,July,Wednesday,17:58,1,2,0,0,Angle,V1: Travelling straight ahead / V2: Turning left,V1: E  / V2: N,Wet,Daylight,Cloudy,0.02,0,97,74,FALSE,41.94775652,-71.2786883
11565,7/19/2012,July,Thursday,11:27,2,2,4,0,Angle,V1: Turning left / V2: Travelling straight ahead,V1: E  / V2: E,Dry,Daylight,Clear,0.37,0,99,65,FALSE,41.95079497,-71.27389201
11566,7/19/2012,July,Thursday,11:27,1,2,0,0,Angle,V1: Travelling straight ahead / V2: Travelling straight ahead,V1: N  / V2: E,Dry,Daylight,Clear,0.37,0,99,65,FALSE,41.93814207,-71.27951979
11567,7/19/2012,July,Thursday,14:41,1,2,0,0,Angle,V1: Turning left / V2: 0,V1: S  / V2: 0,Dry,Daylight,Cloudy,0.37,0,99,65,FALSE,41.90998013,-71.35802082
11568,7/19/2012,July,Thursday,14:53,2,2,1,0,Rear-end,V1: Slowing or stopped in traffic / V2: Slowing or stopped in traffic,V1: N  / V2: N,Dry,Daylight,Clear,0.37,0,99,65,FALSE,41.92508738,-71.35628348
11569,7/19/2012,July,Thursday,16:05,1,3,0,0,Rear-end,V1: Slowing or stopped in traffic / V2: Slowing or stopped in traffic / V3: Slowing or stopped in traffic,V1: S  / V2: S  / V3: S,Dry,Daylight,Clear,0.37,0,99,65,FALSE,41.96019116,-71.30118086
11570,7/20/2012,July,Friday,6:10,2,2,1,0,Rear-end,V1: Travelling straight ahead / V2: Travelling straight ahead,V1: E  / V2: E,Dry,Daylight,Cloudy,0.01,0,84,65,FALSE,41.93359015,-71.30040441
11571,7/20/2012,July,Friday,13:24,1,2,0,0,"Sideswipe, same direction",V1: Changing lanes / V2: Travelling straight ahead,V1: N  / V2: N,Dry,Daylight,Cloudy,0.01,0,84,65,FALSE,41.90241817,-71.35561188
11572,7/20/2012,July,Friday,20:27,2,2,2,0,Rear-end,V1: Travelling straight ahead / V2: Slowing or stopped in traffic,V1: E  / V2: E,Dry,Dark - lighted roadway,Clear,0.01,0,84,65,FALSE,41.96939377,-71.29355357
11573,7/21/2012,July,Saturday,16:10,1,2,0,0,Angle,V1: Turning left / V2: Travelling straight ahead,V1: 0 / V2: 0,Dry,Daylight,Clear,0.01,0,71,54,FALSE,41.94450379,-71.27581201
11574,7/21/2012,July,Saturday,20:11,1,2,0,0,Rear-end,V1: Travelling straight ahead / V2: Travelling straight ahead,V1: N  / V2: 0,0,Dusk,Clear,0.01,0,71,54,FALSE,34.24438675,-73.6513909
11575,7/22/2012,July,Sunday,13:53,2,2,3,0,Angle,V1: Slowing or stopped in traffic / V2: Travelling straight ahead,V1: N  / V2: W,Dry,Daylight,Cloudy,0,0,80,56,FALSE,41.93585833,-71.27194106
11576,7/22/2012,July,Sunday,19:00,1,2,0,0,Rear-end,V1: Travelling straight ahead / V2: Parked,V1: W  / V2: 0,Dry,Daylight,Clear,0,0,80,56,FALSE,41.93251418,-71.28546616
11577,7/23/2012,July,Monday,16:55,2,2,2,0,"Sideswipe, same direction",V1: Changing lanes / V2: Travelling straight ahead,V1: S  / V2: S,Dry,Daylight,Clear,0,0,84,63,FALSE,41.93577972,-71.31831446
11578,7/25/2012,July,Wednesday,3:30,1,1,0,0,Single vehicle crash,V1: Travelling straight ahead,V1: N,Dry,Dark - lighted roadway,Clear,0.02,0,92,62,FALSE,41.92470703,-71.3398994
11579,7/26/2012,July,Thursday,8:28,1,1,0,0,Single vehicle crash,V1: Changing lanes,V1: N,Dry,Daylight,Cloudy,0,0,86,64,FALSE,41.89562676,-71.37473253
11580,7/26/2012,July,Thursday,11:57,1,2,0,0,Angle,V1: Overtaking/passing / V2: Turning left,V1: N  / V2: W,Dry,Daylight,Clear,0,0,86,64,FALSE,41.94496867,-71.28468664
11581,7/26/2012,July,Thursday,12:43,2,2,1,0,Head-on,V1: Travelling straight ahead / V2: Travelling straight ahead,V1: S  / V2: N,Dry,Daylight,Clear,0,0,86,64,FALSE,41.94140605,-71.28436439
11582,7/26/2012,July,Thursday,15:33,1,2,0,0,"Sideswipe, opposite direction",V1: Turning left / V2: Travelling straight ahead,V1: N  / V2: S,Dry,Daylight,Clear,0,0,86,64,FALSE,41.9120082,-71.2587778
11583,7/26/2012,July,Thursday,16:15,0,2,0,0,Angle,V1: Travelling straight ahead / V2: Travelling straight ahead,V1: 0 / V2: W,Dry,Daylight,Clear,0,0,86,64,FALSE,41.92387717,-71.35158914
11584,7/26/2012,July,Thursday,16:16,2,3,3,0,Rear-end,V1: Travelling straight ahead / V2: Travelling straight ahead / V3: Travelling straight ahead,V1: N  / V2: N  / V3: N,Dry,Daylight,Clear,0,0,86,64,FALSE,41.96712418,-71.29097941
11585,7/26/2012,July,Thursday,22:05,2,2,1,0,Rear-end,V1: Turning left / V2: Travelling straight ahead,V1: 0 / V2: 0,Wet,Dark - lighted roadway,Cloudy/Rain,0,0,86,64,FALSE,41.90454047,-71.36612164
11586,7/27/2012,July,Friday,15:30,1,2,0,0,Angle,V1: Entering traffic lane / V2: Travelling straight ahead,V1: S  / V2: W,Dry,Daylight,Cloudy,0.01,0,83,69,FALSE,41.9439902,-71.28153651
11587,7/27/2012,July,Friday,15:49,1,1,0,0,Single vehicle crash,V1: Travelling straight ahead,V1: N,Dry,Daylight,Clear,0.01,0,83,69,FALSE,41.93223928,-71.29381389
11588,7/27/2012,July,Friday,15:52,1,2,0,0,"Sideswipe, same direction",V1: Travelling straight ahead / V2: Turning left,V1: S  / V2: E,Dry,Daylight,Cloudy,0.01,0,83,69,FALSE,41.93503657,-71.2848971
11589,7/28/2012,July,Saturday,17:13,1,2,0,0,Single vehicle crash,V1: Travelling straight ahead / V2: Entering traffic lane,V1: S  / V2: E,Wet,Daylight,Cloudy/Rain,0,0,86,63,FALSE,41.91790012,-71.35941335
11590,7/28/2012,July,Saturday,20:53,1,2,0,0,Rear-end,V1: Slowing or stopped in traffic / V2: Travelling straight ahead,V1: W  / V2: W,Wet,Dark - lighted roadway,Rain,0,0,86,63,FALSE,41.92446027,-71.28906707
11591,7/28/2012,July,Saturday,22:14,1,2,0,0,Angle,V1: Travelling straight ahead / V2: Turning right,V1: N  / V2: W,Dry,Dark - lighted roadway,Cloudy,0,0,86,63,FALSE,41.90964751,-71.36351027
11592,7/29/2012,July,Sunday,0:08,0,1,0,0,Single vehicle crash,V1: Slowing or stopped in traffic,V1: S,Dry,Dark - lighted roadway,Clear,1.3,0,81,65,FALSE,41.93723012,-71.28375224
11593,7/29/2012,July,Sunday,15:23,1,2,0,0,Rear-end,V1: Slowing or stopped in traffic / V2: Travelling straight ahead,V1: S  / V2: S,Dry,Daylight,Clear,1.3,0,81,65,FALSE,41.89947708,-71.35515679
11594,7/29/2012,July,Sunday,19:52,1,2,0,0,Angle,V1: Entering traffic lane / V2: Turning left,V1: S  / V2: N,Dry,Dusk,Cloudy,1.3,0,81,65,FALSE,34.24438675,-73.6513909
11595,7/30/2012,July,Monday,1:45,2,2,1,0,Angle,V1: Travelling straight ahead / V2: Parked,V1: W  / V2: 0,Dry,Dark - lighted roadway,Clear,0,0,72,60,FALSE,41.92065582,-71.36600092
11596,7/30/2012,July,Monday,9:08,1,1,0,0,Single vehicle crash,V1: Travelling straight ahead,V1: E,Dry,Daylight,Clear,0,0,72,60,FALSE,34.24438675,-73.6513909
11597,7/30/2012,July,Monday,14:03,1,1,0,0,Single vehicle crash,V1: Travelling straight ahead,V1: W,Dry,Daylight,Clear,0,0,72,60,FALSE,41.90451433,-71.32469478
11598,7/30/2012,July,Monday,16:21,2,2,2,0,Single vehicle crash,V1: Turning right / V2: Travelling straight ahead,V1: S  / V2: S,Dry,Daylight,Clear,0,0,72,60,FALSE,41.9340896,-71.29983557
11599,7/30/2012,July,Monday,17:20,2,3,3,0,Rear-end,V1: Turning left / V2: Travelling straight ahead / V3: Slowing or stopped in traffic,V1: W  / V2: 0 / V3: 0,Dry,Daylight,Clear,0,0,72,60,FALSE,41.95484304,-71.28856385
11600,7/30/2012,July,Monday,22:42,1,1,0,0,Single vehicle crash,V1: Travelling straight ahead,V1: N,Dry,Dark - lighted roadway,Clear,0,0,72,60,FALSE,34.24438675,-73.6513909
11601,7/31/2012,July,Tuesday,16:57,2,2,1,0,Rear-end,V1: Slowing or stopped in traffic / V2: Travelling straight ahead,V1: E  / V2: W,Dry,Daylight,Cloudy,0,0,83,60,FALSE,41.94132723,-71.28855484
11602,7/31/2012,July,Tuesday,18:08,1,2,0,0,Angle,V1: Entering traffic lane / V2: Travelling straight ahead,V1: N  / V2: E,Wet,Daylight,Cloudy/Rain,0,0,83,60,FALSE,41.93359015,-71.30040441
11603,7/31/2012,July,Tuesday,21:05,1,2,0,0,Angle,V1: Travelling straight ahead / V2: Travelling straight ahead,V1: E  / V2: S,Wet,Dark - lighted roadway,Cloudy/Rain,0,0,83,60,FALSE,34.24438675,-73.6513909
11604,8/1/2012,August,Wednesday,10:49,1,2,0,0,Angle,V1: Travelling straight ahead / V2: 0,V1: S  / V2: 0,Dry,Dark - lighted roadway,Cloudy,0.44,0,76,63,FALSE,41.93152244,-71.29127014
11605,8/1/2012,August,Wednesday,11:56,1,1,0,0,Single vehicle crash,V1: Travelling straight ahead,V1: S,Dry,Daylight,Clear,0.44,0,76,63,FALSE,41.91869929,-71.25161691
11606,8/1/2012,August,Wednesday,15:40,1,1,0,0,"Sideswipe, same direction",V1: Travelling straight ahead,V1: S,Dry,Daylight,Clear,0.44,0,76,63,FALSE,41.92508738,-71.35628348
11607,8/1/2012,August,Wednesday,16:22,2,1,1,0,Single vehicle crash,V1: Travelling straight ahead,V1: W,Dry,Daylight,Clear,0.44,0,76,63,FALSE,41.90964751,-71.36351027
11608,8/1/2012,August,Wednesday,19:05,2,2,2,0,Angle,V1: Travelling straight ahead / V2: Travelling straight ahead,V1: E  / V2: S,Dry,Daylight,Clear,0.44,0,76,63,FALSE,41.94683059,-71.28375978
11609,8/2/2012,August,Thursday,6:53,1,2,0,0,Rear-end,V1: Other / V2: Overtaking/passing,V1: S  / V2: S,Dry,Daylight,Clear,0,0,86,66,FALSE,41.92886018,-71.3230987
11610,8/2/2012,August,Thursday,15:46,1,2,0,0,Rear-end,V1: Backing / V2: Other,V1: E  / V2: 0,0,Daylight,Clear,0,0,86,66,FALSE,41.93404812,-71.31577712
11611,8/3/2012,August,Friday,10:15,1,2,0,0,Angle,V1: Turning left / V2: Travelling straight ahead,V1: S  / V2: E,Dry,Daylight,Clear,0.04,0,90,69,FALSE,41.91981411,-71.35860614
11612,8/3/2012,August,Friday,13:58,1,2,0,0,Angle,V1: Travelling straight ahead / V2: Travelling straight ahead,V1: W  / V2: N,Dry,Daylight,Clear,0.04,0,90,69,FALSE,41.94201874,-71.28943664
11613,8/3/2012,August,Friday,16:13,1,2,0,0,Rear-end,V1: Slowing or stopped in traffic / V2: Travelling straight ahead,V1: W  / V2: W,Dry,Daylight,Clear,0.04,0,90,69,FALSE,41.95076301,-71.27397064
11614,8/5/2012,August,Sunday,11:52,1,2,0,0,Angle,V1: Entering traffic lane / V2: Travelling straight ahead,V1: S  / V2: N,Dry,Daylight,Clear,0,0,93,74,FALSE,41.91816133,-71.25763887
11615,8/5/2012,August,Sunday,12:00,2,1,1,0,Single vehicle crash,V1: Travelling straight ahead,V1: W,Dry,Daylight,Clear,0,0,93,74,FALSE,41.97447143,-71.2760334
11616,8/6/2012,August,Monday,10:50,1,1,0,0,Single vehicle crash,V1: Travelling straight ahead,V1: S,Dry,Daylight,Clear,0.05,0,87,73,FALSE,41.93804592,-71.31642932
11617,8/6/2012,August,Monday,11:13,2,2,1,0,Rear-end,V1: Travelling straight ahead / V2: Slowing or stopped in traffic,V1: S  / V2: S,Dry,Daylight,Clear,0.05,0,87,73,FALSE,41.97015292,-71.29135147
11618,8/6/2012,August,Monday,12:27,2,3,2,0,Rear-end,V1: Turning right / V2: Slowing or stopped in traffic / V3: Travelling straight ahead,V1: W  / V2: W  / V3: W,Dry,Daylight,Clear,0.05,0,87,73,FALSE,41.9446632,-71.28341486
11619,8/7/2012,August,Tuesday,22:11,2,2,2,0,Rear-end,V1: Travelling straight ahead / V2: Other,V1: S  / V2: S,Dry,Dark - lighted roadway,Clear,0,0,88,59,FALSE,41.9495447,-71.27638351
11620,8/9/2012,August,Thursday,10:30,2,2,1,0,Angle,V1: Turning left / V2: Travelling straight ahead,V1: N  / V2: E,Dry,Daylight,Clear,0,0,89,64,FALSE,41.95287787,-71.26899686
11621,8/9/2012,August,Thursday,12:34,1,2,0,0,Angle,V1: Entering traffic lane / V2: Travelling straight ahead,V1: E  / V2: 0,Dry,Daylight,Clear,0,0,89,64,FALSE,41.93794168,-71.27268635
11622,8/9/2012,August,Thursday,13:03,1,2,0,0,0,V1: Parked / V2: Turning right,V1: W  / V2: E,Wet,Daylight,Clear,0,0,89,64,FALSE,41.94661476,-71.28014357
11623,8/9/2012,August,Thursday,13:17,1,2,0,0,Rear-end,V1: Travelling straight ahead / V2: Slowing or stopped in traffic,V1: S  / V2: S,Dry,Daylight,Clear,0,0,89,64,FALSE,34.24438675,-73.6513909
11624,8/9/2012,August,Thursday,15:43,1,2,0,0,Angle,V1: Entering traffic lane / V2: Travelling straight ahead,V1: S  / V2: S,Dry,Daylight,Clear,0,0,89,64,FALSE,41.90519008,-71.36750798
11625,8/9/2012,August,Thursday,17:21,1,2,0,0,Rear-end,V1: Slowing or stopped in traffic / V2: Slowing or stopped in traffic,V1: W  / V2: W,Dry,Daylight,Clear,0,0,89,64,FALSE,41.91987271,-71.35727438
11626,8/10/2012,August,Friday,8:20,1,2,0,0,Rear-end,V1: Slowing or stopped in traffic / V2: Slowing or stopped in traffic,V1: N  / V2: N,Dry,Daylight,Clear,0,0,90,69,FALSE,41.95593405,-71.30346756
11627,8/11/2012,August,Saturday,9:58,1,2,0,0,Rear-end,V1: Travelling straight ahead / V2: Slowing or stopped in traffic,V1: N  / V2: N,Dry,Daylight,Clear,3.96,0,87,71,FALSE,41.94704884,-71.304084
11628,8/12/2012,August,Sunday,18:03,1,2,0,0,Angle,V1: Turning left / V2: Travelling straight ahead,V1: E  / V2: W,Dry,Daylight,Clear,0.38,0,85,70,FALSE,34.24438675,-73.6513909
11629,8/13/2012,August,Monday,17:29,2,2,3,0,Rear-end,V1: Backing / V2: Travelling straight ahead,V1: W  / V2: E,Dry,Daylight,Rain,0,0,85,66,FALSE,41.94292045,-71.27681606
11630,8/14/2012,August,Tuesday,17:12,1,2,0,0,Angle,V1: Turning right / V2: Turning right,V1: W  / V2: W,Dry,Daylight,Clear,0,0,87,63,FALSE,41.92762143,-71.35470547
11631,8/14/2012,August,Tuesday,18:38,1,2,0,0,Rear-end,V1: Travelling straight ahead / V2: Turning left,V1: S  / V2: S,Dry,Daylight,Clear,0,0,87,63,FALSE,41.93742983,-71.26519759
11632,8/15/2012,August,Wednesday,16:45,1,3,0,0,Rear-end,V1: Travelling straight ahead / V2: Slowing or stopped in traffic / V3: Slowing or stopped in traffic,V1: S  / V2: S  / V3: S,Dry,Daylight,Clear,0,0,87,65,FALSE,34.24438675,-73.6513909
11633,8/15/2012,August,Wednesday,17:30,1,2,0,0,Angle,V1: Entering traffic lane / V2: Travelling straight ahead,V1: S  / V2: W,Dry,Daylight,Cloudy,0,0,87,65,FALSE,41.95260998,-71.26978509
11634,8/15/2012,August,Wednesday,20:14,1,2,0,0,Head-on,V1: Turning left / V2: Travelling straight ahead,V1: E  / V2: W,0,Dark - lighted roadway,Clear,0,0,87,65,FALSE,41.93359015,-71.30040441
11635,8/15/2012,August,Wednesday,20:29,1,2,0,0,"Sideswipe, same direction",V1: Travelling straight ahead / V2: Travelling straight ahead,V1: N  / V2: N,Dry,Dark - lighted roadway,Clear,0,0,87,65,FALSE,41.90081079,-71.36802017
11636,8/16/2012,August,Thursday,14:21,1,2,0,0,Angle,V1: Changing lanes / V2: Travelling straight ahead,V1: S  / V2: S,Dry,Daylight,Clear,0.94,0,84,65,FALSE,41.91981411,-71.35860614
11637,8/16/2012,August,Thursday,15:02,2,7,2,0,Head-on,V1: Travelling straight ahead / V2: Travelling straight ahead / V3: Travelling straight ahead / V4: Travelling straight ahead / V5: Travelling straight ahead / V6: Travelling straight ahead / V7: Travelling straight ahead,V1: S  / V2: N  / V3: N  / V4: N  / V5: N  / V6: S  / V7: S,Dry,Daylight,Clear,0.94,0,84,65,FALSE,41.95593405,-71.30346756
11638,8/16/2012,August,Thursday,15:29,2,2,3,0,Rear-end,V1: Travelling straight ahead / V2: Travelling straight ahead,V1: N  / V2: N,Dry,Daylight,Clear,0.94,0,84,65,FALSE,34.24438675,-73.6513909
11639,8/17/2012,August,Friday,18:20,2,2,1,0,Angle,V1: Turning left / V2: Travelling straight ahead,V1: W  / V2: N,Dry,Daylight,Clear,0.08,0,87,62,FALSE,41.91449065,-71.36105328
11640,8/17/2012,August,Friday,18:21,2,1,1,0,Single vehicle crash,V1: Turning left,V1: S,Dry,Daylight,Clear,0.08,0,87,62,FALSE,41.93808003,-71.27597724
11641,8/18/2012,August,Saturday,6:57,1,1,0,0,Single vehicle crash,V1: Travelling straight ahead,V1: N,Wet,Daylight,Cloudy/Rain,0.01,0,87,66,FALSE,41.92613701,-71.26032457
11642,8/18/2012,August,Saturday,7:52,1,2,0,0,Angle,V1: Turning left / V2: Travelling straight ahead,V1: N  / V2: E,Wet,Daylight,Rain,0.01,0,87,66,FALSE,41.93091656,-71.35304355
11643,8/18/2012,August,Saturday,12:31,1,2,0,0,Rear-end,V1: Slowing or stopped in traffic / V2: Slowing or stopped in traffic,V1: N  / V2: N,Wet,Daylight,Cloudy,0.01,0,87,66,FALSE,41.90998013,-71.35802082
11644,8/18/2012,August,Saturday,13:26,1,2,0,0,Angle,V1: 0 / V2: 0,V1: N  / V2: N,Dry,Daylight,Clear,0.01,0,87,66,FALSE,41.90998013,-71.35802082
11645,8/18/2012,August,Saturday,17:24,1,2,0,0,Angle,V1: Entering traffic lane / V2: Travelling straight ahead,V1: S  / V2: W,Wet,Dusk,Cloudy/Rain,0.01,0,87,66,FALSE,41.92873572,-71.28081566
11646,8/18/2012,August,Saturday,19:24,1,2,0,0,"Sideswipe, same direction",V1: Overtaking/passing / V2: Turning right,V1: S  / V2: S,Dry,Daylight,Cloudy,0.01,0,87,66,FALSE,41.91918746,-71.29927116
11647,8/18/2012,August,Saturday,20:01,1,2,0,0,"Sideswipe, same direction",V1: Slowing or stopped in traffic / V2: Travelling straight ahead,V1: S  / V2: S,Dry,Dark - lighted roadway,Cloudy,0.01,0,87,66,FALSE,41.90682608,-71.35698151