ID,DATE,Month,Day of week,Crash Time,Crash Severity,Number of Vehicles,Total Nonfatal Injuries,Total Fatal Injuries,Manner of Collision,Vehicle Action Prior to Crash,Vehicle Travel Directions,Road Surface Condition,Ambient Light,Weather Condition,PRCP,SNOW,TMAX,TMIN,Ice,Longtitute,Latitute
11648,8/19/2012,August,Sunday,0:15,1,2,0,0,Rear-end,V1: Travelling straight ahead / V2: Parked,V1: N  / V2: 0,Dry,Dark - lighted roadway,Cloudy,0.32,0,69,56,FALSE,41.90090771,-71.37724731
11649,8/19/2012,August,Sunday,18:35,2,1,1,0,Single vehicle crash,V1: Travelling straight ahead,V1: N,Dry,Daylight,Clear,0.32,0,69,56,FALSE,41.96653904,-71.27240467
11650,8/20/2012,August,Monday,17:20,1,2,0,0,Angle,V1: Travelling straight ahead / V2: Travelling straight ahead,V1: E  / V2: N,Dry,Daylight,Clear,0,0,77,56,FALSE,41.92241545,-71.31336866
11651,8/21/2012,August,Tuesday,16:30,1,2,0,0,Rear-end,V1: Slowing or stopped in traffic / V2: Travelling straight ahead,V1: E  / V2: E,Dry,Daylight,Clear,0,0,80,61,FALSE,41.93409799,-71.31895722
11652,8/22/2012,August,Wednesday,17:53,1,1,0,0,"Sideswipe, same direction",V1: Travelling straight ahead,V1: S,Dry,Daylight,Clear,0,0,85,58,FALSE,41.9023143,-71.35595636
11653,8/23/2012,August,Thursday,19:08,2,2,2,0,Rear-end,V1: Travelling straight ahead / V2: Slowing or stopped in traffic,V1: N  / V2: N,Dry,Daylight,Clear,0,0,85,58,FALSE,41.93608923,-71.296466
11654,8/24/2012,August,Friday,17:03,2,2,3,0,Rear-end,V1: Slowing or stopped in traffic / V2: Slowing or stopped in traffic,V1: W  / V2: W,Dry,Daylight,Rain,0,0,86,62,FALSE,41.93357119,-71.30035285
11655,8/24/2012,August,Friday,21:17,2,2,1,0,Head-on,V1: Travelling straight ahead / V2: Travelling straight ahead,V1: E  / V2: W,Dry,Dark - lighted roadway,Clear,0,0,86,62,FALSE,41.89620564,-71.37674469
11656,8/25/2012,August,Saturday,20:00,1,2,0,0,Angle,V1: Entering traffic lane / V2: Travelling straight ahead,V1: E  / V2: N,Dry,Dark - lighted roadway,Clear,0,0,86,64,FALSE,41.93830895,-71.28203041
11657,8/25/2012,August,Saturday,22:57,1,1,0,0,Single vehicle crash,V1: Travelling straight ahead,V1: S,Dry,Dark - lighted roadway,Clear,0,0,86,64,FALSE,41.93979336,-71.25131572
11658,8/26/2012,August,Sunday,3:55,2,1,2,0,Single vehicle crash,V1: Travelling straight ahead,V1: N,Dry,Dark - roadway not lighted,Clear,0,0,81,60,FALSE,41.93736134,-71.31636422
11659,8/26/2012,August,Sunday,9:55,1,2,0,0,Rear-end,V1: Travelling straight ahead / V2: Travelling straight ahead,V1: N  / V2: N,Dry,Daylight,Clear,0,0,81,60,FALSE,34.24438675,-73.6513909
11660,8/26/2012,August,Sunday,17:58,1,2,0,0,Angle,V1: Parked / V2: Backing,V1: 0 / V2: N,Dry,Daylight,Clear,0,0,81,60,FALSE,41.94139918,-71.27793868
11661,8/28/2012,August,Tuesday,9:40,1,1,0,0,Single vehicle crash,V1: Travelling straight ahead,V1: S,Wet,Daylight,Rain,0.08,0,85,56,FALSE,41.90261276,-71.35590972
11662,8/28/2012,August,Tuesday,12:45,1,2,0,0,Rear-end,V1: Turning left / V2: Travelling straight ahead,V1: S  / V2: S,Dry,Daylight,Clear,0.08,0,85,56,FALSE,41.92159452,-71.29539172
11663,8/28/2012,August,Tuesday,15:36,2,2,1,0,Rear-end,V1: 0 / V2: 0,V1: E  / V2: E,Dry,Daylight,Clear,0.08,0,85,56,FALSE,41.92734628,-71.34208364
11664,8/28/2012,August,Tuesday,16:23,2,3,3,0,Rear-end,V1: Travelling straight ahead / V2: Slowing or stopped in traffic / V3: Slowing or stopped in traffic,V1: N  / V2: N  / V3: N,Dry,Daylight,Clear,0.08,0,85,56,FALSE,41.95287787,-71.26899686
11665,8/28/2012,August,Tuesday,17:03,1,2,0,0,Angle,V1: Backing / V2: Travelling straight ahead,V1: S  / V2: W,Dry,Daylight,Clear,0.08,0,85,56,FALSE,41.94255051,-71.29380577
11666,8/28/2012,August,Tuesday,18:30,1,2,0,0,Rear-end,V1: 0 / V2: Travelling straight ahead,V1: 0 / V2: S,Dry,Daylight,Clear,0.08,0,85,56,FALSE,41.92913759,-71.30312381
11667,8/29/2012,August,Wednesday,16:58,2,2,2,0,Angle,V1: Turning left / V2: Travelling straight ahead,V1: N  / V2: E,Dry,Daylight,Clear,1.8,0,87,56,FALSE,41.94920419,-71.29260593
11668,8/31/2012,August,Friday,11:33,2,2,1,0,Rear-end,V1: Slowing or stopped in traffic / V2: Slowing or stopped in traffic,V1: S  / V2: S,Dry,Daylight,Clear,0,0,83,52,FALSE,41.93405012,-71.31579284
11669,8/31/2012,August,Friday,15:42,1,2,0,0,"Sideswipe, same direction",V1: Travelling straight ahead / V2: Changing lanes,V1: S  / V2: S,Dry,Daylight,Clear,0,0,83,52,FALSE,41.90257525,-71.35603965
11670,8/31/2012,August,Friday,16:16,2,5,6,0,Rear-end,V1: Slowing or stopped in traffic / V2: Slowing or stopped in traffic / V3: Slowing or stopped in traffic / V4: Slowing or stopped in traffic / V5: Slowing or stopped in traffic,V1: S  / V2: S  / V3: S  / V4: S  / V5: S,Dry,Daylight,Clear,0,0,83,52,FALSE,41.96712418,-71.29097941
11671,9/2/2012,September,Sunday,4:20,2,1,1,0,Single vehicle crash,V1: Travelling straight ahead,V1: S,Dry,Dark - roadway not lighted,Clear,0,0,79,58,FALSE,41.92927403,-71.32377045
11672,9/2/2012,September,Sunday,17:43,1,1,0,0,Single vehicle crash,V1: Leaving traffic lane,V1: W,Wet,Daylight,Rain,0,0,79,58,FALSE,41.90992924,-71.25686041
11673,9/3/2012,September,Monday,15:13,2,2,1,0,Angle,V1: Turning left / V2: Travelling straight ahead,V1: 0 / V2: E,Dry,Daylight,Clear,0,0,80,55,FALSE,41.91869929,-71.25161691
11674,9/3/2012,September,Monday,15:54,1,2,0,0,Rear-end,V1: Travelling straight ahead / V2: Travelling straight ahead,V1: N  / V2: N,Dry,Daylight,Clear,0,0,80,55,FALSE,41.90231844,-71.35595143
11675,9/4/2012,September,Tuesday,7:39,2,1,1,0,Single vehicle crash,V1: Travelling straight ahead,V1: E,Wet,Daylight,Rain,0,0,81,56,FALSE,41.9540829,-71.24456829
11676,9/4/2012,September,Tuesday,12:36,1,2,0,0,Rear-end,V1: Travelling straight ahead / V2: Slowing or stopped in traffic,V1: S  / V2: S,Wet,Daylight,Cloudy/Rain,0,0,81,56,FALSE,41.91790012,-71.35941335
11677,9/4/2012,September,Tuesday,13:50,2,2,1,0,Angle,V1: Turning left / V2: Travelling straight ahead,V1: E  / V2: N,Wet,Daylight,Cloudy/Rain,0,0,81,56,FALSE,41.89733197,-71.36979234
11678,9/5/2012,September,Wednesday,8:45,2,3,1,0,Rear-end,V1: Travelling straight ahead / V2: Slowing or stopped in traffic / V3: Slowing or stopped in traffic,V1: S  / V2: S  / V3: S,Wet,Daylight,Cloudy/Rain,0.43,0,75,65,FALSE,41.96643836,-71.29074265
11679,9/5/2012,September,Wednesday,8:50,1,2,0,0,Angle,V1: Entering traffic lane / V2: Travelling straight ahead,V1: W  / V2: N,Wet,Daylight,Cloudy,0.43,0,75,65,FALSE,41.9076497,-71.36453092
11680,9/5/2012,September,Wednesday,9:51,1,2,0,0,Angle,V1: Turning left / V2: Travelling straight ahead,V1: S  / V2: E,Wet,Daylight,Cloudy/Rain,0.43,0,75,65,FALSE,41.92014284,-71.35719783
11681,9/5/2012,September,Wednesday,11:20,1,1,0,0,Single vehicle crash,V1: Travelling straight ahead,V1: N,Wet,Daylight,Rain,0.43,0,75,65,FALSE,41.89424233,-71.37603105
11682,9/5/2012,September,Wednesday,11:42,1,2,0,0,Angle,V1: Travelling straight ahead / V2: Travelling straight ahead,V1: S  / V2: E,Dry,Daylight,Clear,0.43,0,75,65,FALSE,41.94872235,-71.28913727
11683,9/5/2012,September,Wednesday,16:03,2,3,1,0,Angle,V1: Turning left / V2: Travelling straight ahead / V3: Travelling straight ahead,V1: S  / V2: N  / V3: N,Dry,Daylight,Cloudy,0.43,0,75,65,FALSE,34.24438675,-73.6513909
11684,9/6/2012,September,Thursday,6:22,1,2,0,0,Angle,V1: Travelling straight ahead / V2: Changing lanes,V1: N  / V2: N,Dry,Daylight,Clear,0.54,0,76,62,FALSE,34.24438675,-73.6513909
11685,9/6/2012,September,Thursday,14:04,2,2,1,0,Angle,V1: Travelling straight ahead / V2: Turning left,V1: W  / V2: E,Dry,Daylight,Clear,0.54,0,76,62,FALSE,41.93406554,-71.30574057
11686,9/6/2012,September,Thursday,16:39,1,2,0,0,Angle,V1: Backing / V2: Parked,V1: S  / V2: W,Dry,Daylight,Clear,0.54,0,76,62,FALSE,41.93478503,-71.27953611
11687,9/6/2012,September,Thursday,17:33,1,2,0,0,"Sideswipe, same direction",V1: Travelling straight ahead / V2: Changing lanes,V1: S  / V2: S,Dry,Daylight,Clear,0.54,0,76,62,FALSE,34.24438675,-73.6513909
11688,9/8/2012,September,Saturday,1:00,1,2,0,0,Rear-end,V1: Changing lanes / V2: Changing lanes,V1: S  / V2: S,Dry,Daylight,Cloudy,0,0,85,69,FALSE,41.9170943,-71.35975551
11689,9/8/2012,September,Saturday,20:46,1,1,0,0,Single vehicle crash,V1: Travelling straight ahead,V1: S,Wet,Dark - roadway not lighted,Rain,0,0,85,69,FALSE,41.89861001,-71.36943215
11690,9/9/2012,September,Sunday,11:04,2,2,1,0,Angle,V1: Entering traffic lane / V2: Travelling straight ahead,V1: S  / V2: W,Dry,Daylight,Cloudy,0.48,0,81,61,FALSE,34.24438675,-73.6513909
11691,9/10/2012,September,Monday,0:44,1,1,0,0,Single vehicle crash,V1: Turning right,V1: S,Dry,Dark - lighted roadway,Clear,0.01,0,72,53,FALSE,41.95180679,-71.2898592
11692,9/10/2012,September,Monday,11:40,1,2,0,0,Rear-end,V1: Travelling straight ahead / V2: Travelling straight ahead,V1: S  / V2: S,Dry,Daylight,Clear,0.01,0,72,53,FALSE,41.9446632,-71.28341486
11693,9/10/2012,September,Monday,16:21,1,3,0,0,Angle,V1: Travelling straight ahead / V2: Parked / V3: Parked,V1: S  / V2: 0 / V3: 0,Dry,Daylight,Clear,0.01,0,72,53,FALSE,41.92366669,-71.29051599
11694,9/11/2012,September,Tuesday,9:34,1,2,0,0,Angle,V1: Travelling straight ahead / V2: Travelling straight ahead,V1: W  / V2: N,Dry,Daylight,Clear,0,0,69,46,FALSE,41.93304448,-71.28634923
11695,9/11/2012,September,Tuesday,17:18,2,2,1,0,Rear-end,V1: Travelling straight ahead / V2: Slowing or stopped in traffic,V1: S  / V2: S,Dry,Daylight,Clear,0,0,69,46,FALSE,41.93742983,-71.26519759
11696,9/11/2012,September,Tuesday,19:58,1,2,0,0,Rear-end,V1: Travelling straight ahead / V2: Travelling straight ahead,V1: N  / V2: N,Dry,Dark - roadway not lighted,Clear,0,0,69,46,FALSE,41.90231844,-71.35595143
11697,9/12/2012,September,Wednesday,10:00,2,1,1,0,Single vehicle crash,V1: Travelling straight ahead,V1: N,Dry,Daylight,Clear,0,0,74,47,FALSE,41.95678774,-71.29614349
11698,9/12/2012,September,Wednesday,14:06,2,2,2,0,"Sideswipe, opposite direction",V1: Travelling straight ahead / V2: Travelling straight ahead,V1: S  / V2: N,Dry,Daylight,Clear,0,0,74,47,FALSE,41.97264902,-71.27505888
11699,9/12/2012,September,Wednesday,14:40,1,2,0,0,"Sideswipe, same direction",V1: Changing lanes / V2: Travelling straight ahead,V1: N  / V2: N,Dry,Daylight,Cloudy,0,0,74,47,FALSE,34.24438675,-73.6513909
11700,9/13/2012,September,Thursday,15:50,2,2,1,0,Rear-end,V1: Turning right / V2: Travelling straight ahead,V1: 0 / V2: 0,Dry,Daylight,Clear,0,0,79,47,FALSE,41.95130136,-71.2743981
11701,9/14/2012,September,Friday,8:05,1,1,0,0,"Sideswipe, opposite direction",V1: Slowing or stopped in traffic,V1: W,Dry,Daylight,Clear,0,0,82,57,FALSE,41.89903243,-71.355186
11702,9/14/2012,September,Friday,12:06,2,2,1,0,Angle,V1: Travelling straight ahead / V2: Entering traffic lane,V1: 0 / V2: 0,Dry,Daylight,Clear,0,0,82,57,FALSE,41.94121777,-71.2768631
11703,9/14/2012,September,Friday,22:45,2,1,1,0,Single vehicle crash,V1: Travelling straight ahead,V1: N,Wet,Dark - lighted roadway,Cloudy,0,0,82,57,FALSE,41.90231844,-71.35595143
11704,9/15/2012,September,Saturday,0:08,1,2,0,0,Angle,V1: Travelling straight ahead / V2: Turning right,V1: S  / V2: S,Dry,Dark - lighted roadway,Clear,0,0,81,59,FALSE,41.93306281,-71.28502226
11705,9/16/2012,September,Sunday,5:00,1,1,0,0,Single vehicle crash,V1: Travelling straight ahead,V1: S,Dry,Dark - lighted roadway,Clear,0.03,0,74,47,FALSE,34.24438675,-73.6513909
11706,9/16/2012,September,Sunday,13:58,1,2,0,0,Rear-end,V1: Slowing or stopped in traffic / V2: Slowing or stopped in traffic,V1: E  / V2: E,Dry,Daylight,Clear,0.03,0,74,47,FALSE,34.24438675,-73.6513909
11707,9/17/2012,September,Monday,18:41,0,2,0,0,Angle,V1: Turning left / V2: Parked,V1: N  / V2: N,Dry,Dark - lighted roadway,Clear,0,0,73,44,FALSE,41.93405012,-71.31579284
11708,9/19/2012,September,Wednesday,6:02,2,2,1,0,Head-on,V1: Turning left / V2: Turning left,V1: N  / V2: S,Dry,Daylight,Clear,0.94,0,76,58,FALSE,41.92675288,-71.34334435
11709,9/19/2012,September,Wednesday,16:03,1,1,0,0,Single vehicle crash,V1: Leaving traffic lane,V1: W,Dry,Daylight,Clear,0.94,0,76,58,FALSE,41.93742983,-71.26519759
11710,9/20/2012,September,Thursday,13:42,1,2,0,0,Rear-end,V1: Travelling straight ahead / V2: Slowing or stopped in traffic,V1: S  / V2: S,Dry,Daylight,Clear,0,0,74,49,FALSE,41.91482581,-71.36088324
11711,9/20/2012,September,Thursday,22:27,3,2,1,1,Head-on,V1: Leaving traffic lane / V2: Travelling straight ahead,V1: S  / V2: N,Dry,Dark - lighted roadway,Clear,0,0,74,49,FALSE,41.95221709,-71.28969778
11712,9/21/2012,September,Friday,8:30,2,2,2,0,Rear-end,V1: Entering traffic lane / V2: Slowing or stopped in traffic,V1: E  / V2: E,Dry,Daylight,Clear,0,0,68,45,FALSE,41.93397761,-71.31903245
11713,9/21/2012,September,Friday,15:38,2,2,1,0,Rear-end,V1: Entering traffic lane / V2: Entering traffic lane,V1: S  / V2: S,Dry,Daylight,Cloudy,0,0,68,45,FALSE,41.93409303,-71.31976539
11714,9/21/2012,September,Friday,17:09,1,2,0,0,Rear-end,V1: Slowing or stopped in traffic / V2: Slowing or stopped in traffic,V1: E  / V2: E,Dry,Daylight,Clear,0,0,68,45,FALSE,41.89903243,-71.355186
11715,9/22/2012,September,Saturday,17:30,1,2,0,0,Angle,V1: Entering traffic lane / V2: Travelling straight ahead,V1: W  / V2: N,Dry,Daylight,Clear,0.02,0,67,47,FALSE,41.91194929,-71.36233897
11716,9/25/2012,September,Tuesday,19:30,1,2,0,0,Rear-end,V1: Slowing or stopped in traffic / V2: 0,V1: S  / V2: 0,Dry,Dark - roadway not lighted,Clear,0,0,68,40,FALSE,41.91208531,-71.32654323
11717,9/26/2012,September,Wednesday,8:25,1,2,0,0,Angle,V1: Turning left / V2: Travelling straight ahead,V1: E  / V2: W,Dry,Daylight,Clear,0,0,74,43,FALSE,41.93406554,-71.30574057
11718,9/26/2012,September,Wednesday,14:47,1,2,0,0,Angle,V1: Turning left / V2: Travelling straight ahead,V1: N  / V2: S,Dry,Daylight,Clear,0,0,74,43,FALSE,41.95180679,-71.2898592
11719,9/26/2012,September,Wednesday,17:43,1,2,0,0,Angle,V1: Travelling straight ahead / V2: Turning left,V1: S  / V2: E,Dry,Daylight,Cloudy,0,0,74,43,FALSE,41.92644259,-71.35554103
11720,9/27/2012,September,Thursday,15:49,2,3,3,0,Rear-end,V1: Travelling straight ahead / V2: Slowing or stopped in traffic / V3: Slowing or stopped in traffic,V1: W  / V2: W  / V3: 0,Dry,Daylight,Clear,0,0,74,61,FALSE,41.94361429,-71.27453022
11721,9/27/2012,September,Thursday,18:05,1,2,0,0,Angle,V1: Entering traffic lane / V2: Travelling straight ahead,V1: S  / V2: W,Dry,Daylight,Clear,0,0,74,61,FALSE,41.95260998,-71.26978509
11722,9/27/2012,September,Thursday,20:57,2,2,1,0,Rear-end,V1: Travelling straight ahead / V2: Slowing or stopped in traffic,V1: E  / V2: E,Dry,Dark - lighted roadway,Clear,0,0,74,61,FALSE,41.93397975,-71.31145644
11723,9/28/2012,September,Friday,1:27,2,1,1,0,Single vehicle crash,V1: Travelling straight ahead,V1: S,Dry,Dark - lighted roadway,Clear,0.02,0,74,50,FALSE,41.93164315,-71.24510822
11724,9/28/2012,September,Friday,16:44,1,2,0,0,Angle,V1: Turning left / V2: Travelling straight ahead,V1: W  / V2: W,Wet,Daylight,Cloudy/Rain,0.02,0,74,50,FALSE,41.90314872,-71.37275935
11725,9/28/2012,September,Friday,22:21,2,1,1,0,Angle,V1: Travelling straight ahead,V1: N,Wet,Dark - lighted roadway,Clear,0.02,0,74,50,FALSE,41.90081079,-71.36802017
11726,9/29/2012,September,Saturday,0:40,1,1,0,0,Single vehicle crash,V1: Travelling straight ahead,V1: S,Dry,Dark - roadway not lighted,Clear,1.13,0,58,53,FALSE,41.90261276,-71.35590972
11727,9/30/2012,September,Sunday,11:55,2,2,2,0,Angle,V1: Travelling straight ahead / V2: Slowing or stopped in traffic,V1: S  / V2: E,Wet,Daylight,Cloudy/Rain,0.04,0,56,54,FALSE,41.92644259,-71.35554103
11728,9/30/2012,September,Sunday,20:35,2,1,2,0,Single vehicle crash,V1: Entering traffic lane,V1: N,Wet,Dark - lighted roadway,Cloudy/Rain,0.04,0,56,54,FALSE,41.91344166,-71.37771308
11729,10/2/2012,October,Tuesday,9:23,1,2,0,0,Angle,V1: Turning left / V2: Travelling straight ahead,V1: E  / V2: S,Dry,Daylight,Clear,0,0,72,48,FALSE,41.93518136,-71.28488512
11730,10/3/2012,October,Wednesday,7:01,1,1,0,0,Single vehicle crash,V1: Turning right,V1: S,Wet,Daylight,Cloudy,0.18,0,72,54,FALSE,41.95751468,-71.30400437
11731,10/3/2012,October,Wednesday,7:15,1,4,0,0,Rear-end,V1: Slowing or stopped in traffic / V2: Slowing or stopped in traffic / V3: Slowing or stopped in traffic / V4: 0,V1: S  / V2: S  / V3: S  / V4: S,Wet,Daylight,Rain,0.18,0,72,54,FALSE,41.95090811,-71.27361366
11732,10/3/2012,October,Wednesday,11:06,1,2,0,0,Rear-end,V1: Slowing or stopped in traffic / V2: Slowing or stopped in traffic,V1: E  / V2: E,0,Daylight,Cloudy,0.18,0,72,54,FALSE,41.94018405,-71.3021772
11733,10/4/2012,October,Thursday,17:16,1,2,0,0,"Sideswipe, same direction",V1: Backing / V2: Parked,V1: 0 / V2: U,Dry,Daylight,Cloudy,0.04,0,66,59,FALSE,41.94590068,-71.286322
11734,10/6/2012,October,Saturday,3:41,2,1,1,0,Single vehicle crash,V1: Travelling straight ahead,V1: S,Dry,Dark - lighted roadway,Clear,0,0,79,56,FALSE,41.95437986,-71.25499915
11735,10/6/2012,October,Saturday,10:18,1,2,0,0,Rear-end,V1: Travelling straight ahead / V2: Slowing or stopped in traffic,V1: E  / V2: E,0,Daylight,Clear,0,0,79,56,FALSE,41.89749762,-71.37501774
11736,10/6/2012,October,Saturday,18:38,1,2,0,0,Angle,V1: Turning left / V2: Turning left,V1: N  / V2: W,Wet,Dark - lighted roadway,Rain,0,0,79,56,FALSE,41.95451461,-71.24992613
11737,10/7/2012,October,Sunday,1:35,1,1,0,0,Single vehicle crash,V1: Travelling straight ahead,V1: N,Dry,Dark - roadway not lighted,Clear,0.11,0,78,42,FALSE,41.95593405,-71.30346756
11738,10/7/2012,October,Sunday,3:54,2,1,1,0,Single vehicle crash,V1: Travelling straight ahead,V1: N,Dry,Dark - roadway not lighted,Clear,0.11,0,78,42,FALSE,41.92886018,-71.3230987
11739,10/7/2012,October,Sunday,16:15,1,2,0,0,Rear-end,V1: Slowing or stopped in traffic / V2: Travelling straight ahead,V1: 0 / V2: 0,Wet,Daylight,Cloudy/Rain,0.11,0,78,42,FALSE,41.93403731,-71.30601704
11740,10/8/2012,October,Monday,12:55,2,2,1,0,Head-on,V1: Turning left / V2: Travelling straight ahead,V1: W  / V2: E,Dry,Daylight,Cloudy,0.21,0,59,39,FALSE,41.90367103,-71.37749381
11741,10/8/2012,October,Monday,15:29,1,2,0,0,Rear-end,V1: Travelling straight ahead / V2: Slowing or stopped in traffic,V1: S  / V2: S,Dry,Daylight,Cloudy,0.21,0,59,39,FALSE,41.90304129,-71.36688276
11742,10/9/2012,October,Tuesday,9:29,1,2,0,0,Angle,V1: Travelling straight ahead / V2: Turning left,V1: N  / V2: S,Wet,Daylight,Cloudy,0,0,59,39,FALSE,41.95056017,-71.27440404
11743,10/9/2012,October,Tuesday,16:37,1,2,0,0,Angle,V1: Turning left / V2: Travelling straight ahead,V1: W  / V2: N,Dry,Daylight,Cloudy,0,0,59,39,FALSE,41.95484304,-71.28856385
11744,10/9/2012,October,Tuesday,21:26,1,1,0,0,Single vehicle crash,V1: Travelling straight ahead,V1: S,Dry,Dark - lighted roadway,Clear,0,0,59,39,FALSE,41.93647358,-71.29179577
11745,10/9/2012,October,Tuesday,21:26,1,1,0,0,Single vehicle crash,V1: Travelling straight ahead,V1: S,Dry,Dark - lighted roadway,Clear,0,0,59,39,FALSE,41.93647358,-71.29179577
11746,10/10/2012,October,Wednesday,8:59,1,2,0,0,Rear-end,V1: Travelling straight ahead / V2: Slowing or stopped in traffic,V1: S  / V2: S,Wet,Daylight,Cloudy/Rain,0.02,0,57,51,FALSE,41.90682608,-71.35698151
11747,10/10/2012,October,Wednesday,15:52,1,2,0,0,Angle,V1: Entering traffic lane / V2: Travelling straight ahead,V1: S  / V2: E,Wet,Daylight,Rain,0.02,0,57,51,FALSE,41.9340896,-71.29983557
11748,10/10/2012,October,Wednesday,16:59,1,2,0,0,Angle,V1: Entering traffic lane / V2: Travelling straight ahead,V1: E  / V2: W,Dry,Daylight,Cloudy,0.02,0,57,51,FALSE,41.94449733,-71.28185359
11749,10/10/2012,October,Wednesday,17:56,1,2,0,0,Rear-end,V1: Slowing or stopped in traffic / V2: Travelling straight ahead,V1: W  / V2: W,Wet,Daylight,Cloudy,0.02,0,57,51,FALSE,41.95338048,-71.26718633
11750,10/11/2012,October,Thursday,9:44,1,2,0,0,Rear-end,V1: Travelling straight ahead / V2: Slowing or stopped in traffic,V1: E  / V2: E,Dry,Daylight,Clear,0.48,0,62,43,FALSE,41.93457798,-71.29922805
11751,10/11/2012,October,Thursday,10:00,1,1,0,0,Single vehicle crash,V1: Travelling straight ahead,V1: N,Dry,Daylight,Clear,0.48,0,62,43,FALSE,41.96941345,-71.29547608
11752,10/11/2012,October,Thursday,13:20,1,2,0,0,"Sideswipe, same direction",V1: Changing lanes / V2: Travelling straight ahead,V1: S  / V2: S,Dry,Daylight,Clear,0.48,0,62,43,FALSE,41.96019116,-71.30118086
11753,10/11/2012,October,Thursday,16:40,2,2,1,0,Angle,V1: Slowing or stopped in traffic / V2: Turning right,V1: N  / V2: E,Dry,Daylight,Clear,0.48,0,62,43,FALSE,41.89863276,-71.35506105
11754,10/11/2012,October,Thursday,16:43,2,1,1,0,Single vehicle crash,V1: Travelling straight ahead,V1: S,Dry,Daylight,Clear,0.48,0,62,43,FALSE,41.94430701,-71.30913523
11755,10/11/2012,October,Thursday,17:09,2,2,1,0,Angle,V1: Entering traffic lane / V2: Travelling straight ahead,V1: E  / V2: N,Dry,Daylight,Clear,0.48,0,62,43,FALSE,41.94499193,-71.27949099
11756,10/11/2012,October,Thursday,17:09,2,2,1,0,"Sideswipe, same direction",V1: Overtaking/passing / V2: Travelling straight ahead,V1: N  / V2: N,Dry,Daylight,Clear,0.48,0,62,43,FALSE,41.93503657,-71.2848971
11757,10/11/2012,October,Thursday,17:30,2,1,1,0,Single vehicle crash,V1: Changing lanes,V1: N,Dry,Daylight,Clear,0.48,0,62,43,FALSE,34.24438675,-73.6513909
11758,10/11/2012,October,Thursday,17:52,2,1,1,0,Single vehicle crash,V1: Slowing or stopped in traffic,V1: W,Dry,Dusk,Clear,0.48,0,62,43,FALSE,41.89827644,-71.36609866
11759,10/11/2012,October,Thursday,23:36,2,1,1,0,Head-on,V1: Travelling straight ahead,V1: E,Dry,Dark - lighted roadway,Clear,0.48,0,62,43,FALSE,41.96799819,-71.27366832
11760,10/12/2012,October,Friday,10:27,1,2,0,0,Rear-end,V1: Slowing or stopped in traffic / V2: Slowing or stopped in traffic,V1: S  / V2: S,Dry,Daylight,Cloudy,0,0,61,41,FALSE,41.95287787,-71.26899686
11761,10/12/2012,October,Friday,14:10,1,2,0,0,Angle,V1: Entering traffic lane / V2: Travelling straight ahead,V1: W  / V2: N,Dry,Daylight,Cloudy,0,0,61,41,FALSE,41.89733197,-71.36979234
11762,10/12/2012,October,Friday,18:22,2,2,2,0,Rear-end,V1: Travelling straight ahead / V2: Slowing or stopped in traffic,V1: W  / V2: W,Dry,Dark - lighted roadway,Cloudy,0,0,61,41,FALSE,41.93359015,-71.30040441
11763,10/12/2012,October,Friday,22:04,1,1,0,0,Single vehicle crash,V1: Travelling straight ahead,V1: E,Dry,Dark - lighted roadway,Cloudy,0,0,61,41,FALSE,41.93730181,-71.2941945
11764,10/13/2012,October,Saturday,1:12,1,1,0,0,Single vehicle crash,V1: Travelling straight ahead,V1: S,Dry,Dark - roadway not lighted,Clear,0.04,0,56,29,TRUE,41.91475932,-71.33593032
11765,10/13/2012,October,Saturday,2:39,1,1,0,0,Single vehicle crash,V1: Travelling straight ahead,V1: S,0,Dark - lighted roadway,Cloudy/Rain,0.04,0,56,29,TRUE,41.89804027,-71.37674712
11766,10/13/2012,October,Saturday,6:36,1,1,0,0,Single vehicle crash,V1: Travelling straight ahead,V1: S,Dry,Daylight,Clear,0.04,0,56,29,TRUE,41.9340896,-71.29983557
11767,10/13/2012,October,Saturday,10:03,1,2,0,0,Angle,V1: Parked / V2: Backing,V1: W  / V2: W,Dry,Daylight,Clear,0.04,0,56,29,TRUE,41.9210426,-71.35807244
11768,10/13/2012,October,Saturday,21:55,1,2,0,0,Angle,V1: Travelling straight ahead / V2: Turning left,V1: S  / V2: W,Dry,Dark - lighted roadway,Clear,0.04,0,56,29,TRUE,41.89618753,-71.37039513
11769,10/14/2012,October,Sunday,0:31,1,1,0,0,Single vehicle crash,V1: Travelling straight ahead,V1: N,Dry,Dark - lighted roadway,Clear,0.02,0,55,29,TRUE,41.92675288,-71.34334435
11770,10/14/2012,October,Sunday,2:35,2,1,2,0,Single vehicle crash,V1: Travelling straight ahead,V1: N,Dry,Dark - roadway not lighted,Clear,0.02,0,55,29,TRUE,41.95593405,-71.30346756
11771,10/14/2012,October,Sunday,3:17,1,2,0,0,Rear-end,V1: Travelling straight ahead / V2: Parked,V1: W  / V2: W,Dry,Dark - lighted roadway,Clear,0.02,0,55,29,TRUE,34.24438675,-73.6513909
11772,10/14/2012,October,Sunday,22:20,1,1,0,0,Single vehicle crash,V1: Travelling straight ahead,V1: S,Dry,Dark - roadway not lighted,Clear,0.02,0,55,29,TRUE,41.96019116,-71.30118086