ID,DATE,Month,Day of week,Crash Time,Crash Severity,Number of Vehicles,Total Nonfatal Injuries,Total Fatal Injuries,Manner of Collision,Vehicle Action Prior to Crash,Vehicle Travel Directions,Road Surface Condition,Ambient Light,Weather Condition,PRCP,SNOW,TMAX,TMIN,Ice,Longtitute,Latitute
11773,10/15/2012,October,Monday,7:31,1,2,0,0,"Sideswipe, same direction",V1: Travelling straight ahead / V2: Travelling straight ahead,V1: N  / V2: N,Dry,Daylight,Clear,0.04,0,68,46,FALSE,41.90221556,-71.34117567
11774,10/16/2012,October,Tuesday,8:34,1,2,0,0,Rear-end,V1: Travelling straight ahead / V2: Slowing or stopped in traffic,V1: S  / V2: S,Dry,Daylight,Clear,0.4,0,72,52,FALSE,41.94172858,-71.2694315
11775,10/17/2012,October,Wednesday,15:29,2,2,1,0,Angle,V1: Travelling straight ahead / V2: Backing,V1: N  / V2: E,Dry,Daylight,Clear,0,0,58,32,TRUE,41.909406,-71.26555553
11776,10/18/2012,October,Thursday,15:15,2,2,1,0,Angle,V1: Entering traffic lane / V2: Travelling straight ahead,V1: S  / V2: W,Dry,Daylight,Cloudy,0,0,63,32,TRUE,41.92616865,-71.3603011
11777,10/19/2012,October,Friday,14:07,1,2,0,0,Angle,V1: Entering traffic lane / V2: Travelling straight ahead,V1: W  / V2: N,Dry,Daylight,Clear,0.01,0,66,36,FALSE,41.91555446,-71.36051036
11778,10/19/2012,October,Friday,16:09,2,2,6,0,Rear-end,V1: Slowing or stopped in traffic / V2: Travelling straight ahead,V1: 0 / V2: S,Wet,Daylight,Rain,0.01,0,66,36,FALSE,41.90376957,-71.36650837
11779,10/19/2012,October,Friday,19:31,1,2,0,0,"Sideswipe, opposite direction",V1: Travelling straight ahead / V2: Turning left,V1: N  / V2: S,Wet,Dark - lighted roadway,Cloudy/Rain,0.01,0,66,36,FALSE,34.24438675,-73.6513909
11780,10/20/2012,October,Saturday,2:29,1,1,0,0,Single vehicle crash,V1: Travelling straight ahead,V1: S,Wet,Dark - lighted roadway,Rain,0.4,0,70,54,FALSE,41.89861001,-71.36943215
11781,10/20/2012,October,Saturday,14:39,0,2,0,0,Angle,V1: Parked / V2: Parked,V1: 0 / V2: 0,Dry,Daylight,Clear,0.4,0,70,54,FALSE,41.94431638,-71.27881165
11782,10/22/2012,October,Monday,6:47,2,1,1,0,Rear-end,V1: Slowing or stopped in traffic,V1: N,Dry,Dawn,Clear,0,0,66,42,FALSE,41.95593405,-71.30346756
11783,10/22/2012,October,Monday,15:59,2,2,1,0,Angle,V1: Travelling straight ahead / V2: Entering traffic lane,V1: S  / V2: W,Dry,Daylight,Cloudy,0,0,66,42,FALSE,41.94019537,-71.27660007
11784,10/22/2012,October,Monday,16:24,2,3,3,0,Rear-end,V1: Travelling straight ahead / V2: Slowing or stopped in traffic / V3: Travelling straight ahead,V1: N  / V2: N  / V3: S,Dry,Daylight,Clear,0,0,66,42,FALSE,41.93558301,-71.29754455
11785,10/23/2012,October,Tuesday,16:15,1,2,0,0,Angle,V1: Turning left / V2: Travelling straight ahead,V1: E  / V2: S,Dry,Daylight,Clear,0,0,67,42,FALSE,41.9412121,-71.28297598
11786,10/23/2012,October,Tuesday,17:37,1,2,0,0,Rear-end,V1: Travelling straight ahead / V2: Slowing or stopped in traffic,V1: W  / V2: W,Dry,Daylight,Clear,0,0,67,42,FALSE,41.94955733,-71.27636671
11787,10/23/2012,October,Tuesday,18:38,1,2,0,0,Rear-end,V1: Travelling straight ahead / V2: Turning right,V1: E  / V2: S,Dry,Dark - lighted roadway,Clear,0,0,67,42,FALSE,41.94245198,-71.28698244
11788,10/23/2012,October,Tuesday,19:07,1,1,0,0,Single vehicle crash,V1: Travelling straight ahead,V1: S,Dry,Dark - lighted roadway,Clear,0,0,67,42,FALSE,41.92375711,-71.33946144
11789,10/25/2012,October,Thursday,15:01,1,1,0,0,Single vehicle crash,V1: Travelling straight ahead,V1: S,Dry,Daylight,Clear,0,0,53,37,FALSE,41.9029362,-71.35822942
11790,10/25/2012,October,Thursday,21:43,1,1,0,0,Single vehicle crash,V1: Travelling straight ahead,V1: W,Dry,Dark - lighted roadway,Clear,0,0,53,37,FALSE,34.24438675,-73.6513909
11791,10/26/2012,October,Friday,10:02,1,2,0,0,Angle,V1: Turning left / V2: Travelling straight ahead,V1: W  / V2: 0,Dry,Daylight,Clear,0,0,67,37,FALSE,41.94757814,-71.27890389
11792,10/26/2012,October,Friday,12:14,2,2,1,0,Angle,V1: Turning left / V2: Travelling straight ahead,V1: E  / V2: N,Dry,Daylight,Clear,0,0,67,37,FALSE,41.95180679,-71.2898592
11793,10/26/2012,October,Friday,14:15,1,2,0,0,Rear-end,V1: Travelling straight ahead / V2: Slowing or stopped in traffic,V1: W  / V2: W,Dry,Daylight,Clear,0,0,67,37,FALSE,41.91608626,-71.37759037
11794,10/26/2012,October,Friday,16:42,1,2,0,0,Rear-end,V1: Travelling straight ahead / V2: Slowing or stopped in traffic,V1: S  / V2: S,Dry,Daylight,Clear,0,0,67,37,FALSE,34.24438675,-73.6513909
11795,10/26/2012,October,Friday,22:40,1,1,0,0,Single vehicle crash,V1: Travelling straight ahead,V1: S,Dry,Dark - roadway not lighted,Clear,0,0,67,37,FALSE,41.92900797,-71.28446457
11796,10/27/2012,October,Saturday,13:15,2,2,2,0,Angle,V1: Changing lanes / V2: Travelling straight ahead,V1: N  / V2: N,Dry,Daylight,Cloudy,0,0,68,39,FALSE,41.92160636,-71.32886237
11797,10/27/2012,October,Saturday,14:20,1,1,0,0,Single vehicle crash,V1: Travelling straight ahead,V1: N,Dry,Daylight,Clear,0,0,68,39,FALSE,41.92886018,-71.3230987
11798,10/27/2012,October,Saturday,16:30,2,1,1,0,Single vehicle crash,V1: Travelling straight ahead,V1: W,Dry,Daylight,Clear,0,0,68,39,FALSE,41.95026372,-71.2985466
11799,10/28/2012,October,Sunday,12:27,2,2,1,0,Rear-end,V1: Slowing or stopped in traffic / V2: Slowing or stopped in traffic,V1: E  / V2: E,Wet,Daylight,Cloudy/Rain,0,0,68,42,FALSE,41.91619723,-71.35885587
11800,10/28/2012,October,Sunday,17:09,1,2,0,0,"Sideswipe, same direction",V1: Changing lanes / V2: Travelling straight ahead,V1: S  / V2: S,Wet,Dusk,Cloudy/Rain,0,0,68,42,FALSE,41.93359015,-71.30040441
11801,10/30/2012,October,Tuesday,11:21,2,3,1,0,Rear-end,V1: Travelling straight ahead / V2: Slowing or stopped in traffic / V3: Slowing or stopped in traffic,V1: S  / V2: S  / V3: S,Dry,Daylight,Clear,2.04,0,64,54,FALSE,41.9340896,-71.29983557
11802,10/30/2012,October,Tuesday,16:26,2,2,1,0,Angle,V1: Turning left / V2: Travelling straight ahead,V1: S  / V2: N,Wet,Daylight,Cloudy/Rain,2.04,0,64,54,FALSE,41.9120082,-71.2587778
11803,10/30/2012,October,Tuesday,18:25,1,3,0,0,Rear-end,V1: Slowing or stopped in traffic / V2: Slowing or stopped in traffic / V3: Travelling straight ahead,V1: N  / V2: N  / V3: N,Wet,Dark - lighted roadway,Cloudy/Rain,2.04,0,64,54,FALSE,41.90086769,-71.36799095
11804,10/30/2012,October,Tuesday,21:12,1,1,0,0,Single vehicle crash,V1: Travelling straight ahead,V1: N,Wet,Dark - lighted roadway,Cloudy/Rain,2.04,0,64,54,FALSE,41.92033836,-71.2581143
11805,10/30/2012,October,Tuesday,23:30,0,1,0,0,Single vehicle crash,V1: Travelling straight ahead,V1: N,Wet,Dark - lighted roadway,Cloudy/Rain,2.04,0,64,54,FALSE,34.24438675,-73.6513909
11806,10/31/2012,October,Wednesday,6:41,1,1,0,0,Single vehicle crash,V1: Travelling straight ahead,V1: N,Dry,Dawn,Cloudy,0.92,0,68,52,FALSE,41.93176935,-71.3436681
11807,10/31/2012,October,Wednesday,6:58,1,2,0,0,Angle,V1: Travelling straight ahead / V2: Turning left,V1: W  / V2: S,Dry,Daylight,Cloudy,0.92,0,68,52,FALSE,41.93276047,-71.29660964
11808,11/1/2012,November,Thursday,10:00,1,2,0,0,"Sideswipe, same direction",V1: Turning left / V2: Travelling straight ahead,V1: S  / V2: E,Dry,Daylight,Clear,0.01,0,56,43,FALSE,41.93742983,-71.26519759
11809,11/2/2012,November,Friday,8:32,2,2,3,0,Angle,V1: Turning left / V2: Travelling straight ahead,V1: S  / V2: W,Dry,Daylight,Cloudy,0,0,58,42,FALSE,41.94757814,-71.27890389
11810,11/2/2012,November,Friday,9:48,2,3,1,0,Angle,V1: Travelling straight ahead / V2: Travelling straight ahead / V3: Slowing or stopped in traffic,V1: N  / V2: W  / V3: S,Dry,Daylight,Cloudy/Rain,0,0,58,42,FALSE,41.93304448,-71.28634923
11811,11/2/2012,November,Friday,18:50,1,2,0,0,"Sideswipe, same direction",V1: Travelling straight ahead / V2: Entering traffic lane,V1: W  / V2: W,Dry,Dark - lighted roadway,Clear,0,0,58,42,FALSE,41.94472176,-71.2812504
11812,11/3/2012,November,Saturday,13:54,1,2,0,0,Angle,V1: Backing / V2: Turning left,V1: E  / V2: E,Dry,Daylight,Clear,0,0,52,39,FALSE,41.91619723,-71.35885587
11813,11/4/2012,November,Sunday,18:26,1,2,0,0,"Sideswipe, same direction",V1: Travelling straight ahead / V2: Changing lanes,V1: S  / V2: S,Dry,Dark - lighted roadway,Clear,0,0,55,33,FALSE,41.91619723,-71.35885587
11814,11/5/2012,November,Monday,17:29,1,1,0,0,Rear-end,V1: Changing lanes,V1: N,Dry,Dark - roadway not lighted,Clear,0,0,55,30,TRUE,34.24438675,-73.6513909
11815,11/5/2012,November,Monday,18:34,2,2,2,0,Angle,V1: Turning right / V2: Travelling straight ahead,V1: W  / V2: W,Dry,Dark - lighted roadway,Clear,0,0,55,30,TRUE,41.94757814,-71.27890389
11816,11/5/2012,November,Monday,20:11,1,1,0,0,Single vehicle crash,V1: Travelling straight ahead,V1: N,Dry,Dark - lighted roadway,Clear,0,0,55,30,TRUE,41.93493915,-71.26208933
11817,11/6/2012,November,Tuesday,7:33,2,1,1,0,Single vehicle crash,V1: Travelling straight ahead,V1: N,Dry,Daylight,Clear,0,0,46,22,TRUE,41.92886018,-71.3230987
11818,11/6/2012,November,Tuesday,14:03,1,2,0,0,Rear-end,V1: Travelling straight ahead / V2: Slowing or stopped in traffic,V1: E  / V2: E,Dry,Daylight,Clear,0,0,46,22,TRUE,41.93357119,-71.30035285
11819,11/6/2012,November,Tuesday,14:19,1,2,0,0,Angle,V1: Travelling straight ahead / V2: Travelling straight ahead,V1: E  / V2: N,Dry,Daylight,Clear,0,0,46,22,TRUE,41.94774809,-71.28390704
11820,11/6/2012,November,Tuesday,15:00,1,2,0,0,Angle,V1: Travelling straight ahead / V2: Turning left,V1: N  / V2: S,Dry,Daylight,Clear,0,0,46,22,TRUE,41.91981411,-71.35860614
11821,11/6/2012,November,Tuesday,16:51,2,3,1,0,Rear-end,V1: Parked / V2: Parked / V3: Travelling straight ahead,V1: E  / V2: E  / V3: E,Dry,Daylight,Clear,0,0,46,22,TRUE,41.92582442,-71.34707855
11822,11/7/2012,November,Wednesday,2:45,1,2,0,0,Rear-end,V1: Travelling straight ahead / V2: Turning right,V1: S  / V2: S,Dry,Dark - lighted roadway,Clear,0,0,43,22,TRUE,41.93711399,-71.31720674
11823,11/7/2012,November,Wednesday,9:33,1,2,0,0,Rear-end,V1: Slowing or stopped in traffic / V2: Travelling straight ahead,V1: N  / V2: N,Dry,Daylight,Cloudy,0,0,43,22,TRUE,41.94450501,-71.28411703
11824,11/7/2012,November,Wednesday,11:02,1,1,0,0,Rear-end,V1: Backing,V1: N,Dry,Daylight,Cloudy,0,0,43,22,TRUE,41.9337145,-71.3002891
11825,11/9/2012,November,Friday,15:37,1,1,0,0,Single vehicle crash,V1: Backing,V1: N,Dry,Daylight,Clear,0.12,0,39,34,FALSE,41.94217059,-71.28456247
11826,11/10/2012,November,Saturday,12:11,1,2,0,0,Rear-end,V1: Travelling straight ahead / V2: Slowing or stopped in traffic,V1: S  / V2: S,Dry,Daylight,Clear,0,0,54,32,TRUE,41.90257525,-71.35603965
11827,11/10/2012,November,Saturday,19:53,1,1,0,0,Single vehicle crash,V1: Turning right,V1: N,Dry,Dark - lighted roadway,Clear,0,0,54,32,TRUE,41.93359015,-71.30040441
11828,11/11/2012,November,Sunday,6:43,0,1,0,0,Single vehicle crash,V1: Travelling straight ahead,V1: S,Dry,Dark - roadway not lighted,Clear,0,0,56,33,FALSE,41.96916125,-71.2960769
11829,11/11/2012,November,Sunday,15:23,1,1,0,0,Head-on,V1: Other,V1: W,Dry,Daylight,Clear,0,0,56,33,FALSE,41.95078511,-71.27391628
11830,11/12/2012,November,Monday,17:19,1,1,0,0,Angle,V1: Backing,V1: S,Dry,Dark - lighted roadway,Clear,0,0,63,45,FALSE,41.91209105,-71.2758338
11831,11/12/2012,November,Monday,17:20,2,2,1,0,Rear-end,V1: Travelling straight ahead / V2: Slowing or stopped in traffic,V1: S  / V2: S,Dry,Dark - roadway not lighted,Clear,0,0,63,45,FALSE,41.96019116,-71.30118086
11832,11/12/2012,November,Monday,17:23,1,2,0,0,Angle,V1: Travelling straight ahead / V2: Turning left,V1: S  / V2: W,Dry,Dark - lighted roadway,Clear,0,0,63,45,FALSE,41.93732881,-71.28475709
11833,11/12/2012,November,Monday,17:37,1,2,0,0,Rear-end,V1: Travelling straight ahead / V2: Slowing or stopped in traffic,V1: S  / V2: S,Dry,Dark - lighted roadway,Clear,0,0,63,45,FALSE,41.96019116,-71.30118086
11834,11/12/2012,November,Monday,19:29,1,2,0,0,Angle,V1: Travelling straight ahead / V2: Turning left,V1: W  / V2: S,Dry,Dark - lighted roadway,Clear,0,0,63,45,FALSE,41.96939377,-71.29355357
11835,11/13/2012,November,Tuesday,7:02,1,1,0,0,Single vehicle crash,V1: Turning right,V1: N,Wet,Daylight,Cloudy,0.03,0,68,53,FALSE,41.94472176,-71.2812504
11836,11/13/2012,November,Tuesday,16:58,1,2,0,0,Rear-to-rear,V1: Slowing or stopped in traffic / V2: Travelling straight ahead,V1: 0 / V2: N,0,Dark - lighted roadway,Rain,0.03,0,68,53,FALSE,41.89733197,-71.36979234
11837,11/13/2012,November,Tuesday,17:29,1,1,0,0,"Sideswipe, same direction",V1: Slowing or stopped in traffic,V1: N,Wet,Dark - lighted roadway,Cloudy/Rain,0.03,0,68,53,FALSE,41.91981411,-71.35860614
11838,11/13/2012,November,Tuesday,17:35,1,1,0,0,Angle,V1: Travelling straight ahead,V1: 0,Wet,Dark - lighted roadway,Cloudy/Rain,0.03,0,68,53,FALSE,41.92446027,-71.28906707
11839,11/13/2012,November,Tuesday,21:06,2,1,1,0,Single vehicle crash,V1: Travelling straight ahead,V1: 0,0,Dark - lighted roadway,Cloudy/Rain,0.03,0,68,53,FALSE,41.92387717,-71.35158914
11840,11/14/2012,November,Wednesday,3:20,1,1,0,0,Single vehicle crash,V1: Travelling straight ahead,V1: S,Dry,Dark - roadway not lighted,Cloudy,0.22,0,64,34,FALSE,41.90529604,-71.33573163
11841,11/14/2012,November,Wednesday,14:00,1,2,0,0,Head-on,V1: Travelling straight ahead / V2: Travelling straight ahead,V1: N  / V2: S,Dry,Daylight,Clear,0.22,0,64,34,FALSE,41.90623485,-71.31714397
11842,11/14/2012,November,Wednesday,16:26,1,1,0,0,Single vehicle crash,V1: Travelling straight ahead,V1: N,Dry,Dusk,Clear,0.22,0,64,34,FALSE,41.90939064,-71.285775
11843,11/14/2012,November,Wednesday,18:08,2,2,1,0,Rear-end,V1: Slowing or stopped in traffic / V2: Travelling straight ahead,V1: S  / V2: S,Dry,Dark - roadway not lighted,Clear,0.22,0,64,34,FALSE,41.96019116,-71.30118086
11844,11/15/2012,November,Thursday,0:21,0,1,0,0,Rear-end,V1: Parked,V1: U,Dry,Dark - 0 roadway lighting,Clear,0,0,47,31,TRUE,41.93280654,-71.29999707
11845,11/15/2012,November,Thursday,5:33,1,1,0,0,Single vehicle crash,V1: Travelling straight ahead,V1: E,Dry,Dark - lighted roadway,Clear,0,0,47,31,TRUE,41.91258993,-71.27082076
11846,11/15/2012,November,Thursday,6:46,2,2,1,0,Angle,V1: Turning left / V2: Travelling straight ahead,V1: E  / V2: W,Dry,Dawn,Clear,0,0,47,31,TRUE,41.96943481,-71.29290798
11847,11/15/2012,November,Thursday,10:15,1,2,0,0,Angle,V1: Overtaking/passing / V2: Turning left,V1: E  / V2: N,Dry,Daylight,Cloudy,0,0,47,31,TRUE,41.95395992,-71.28274651
11848,11/15/2012,November,Thursday,10:51,1,2,0,0,Angle,V1: Backing / V2: Travelling straight ahead,V1: S  / V2: W,Dry,Daylight,Cloudy,0,0,47,31,TRUE,41.9439902,-71.28153651
11849,11/15/2012,November,Thursday,14:37,1,2,0,0,"Sideswipe, same direction",V1: Changing lanes / V2: Travelling straight ahead,V1: N  / V2: N,Dry,Daylight,Cloudy,0,0,47,31,TRUE,41.91035947,-71.36314658
11850,11/15/2012,November,Thursday,17:53,2,2,1,0,Rear-end,V1: Travelling straight ahead / V2: Slowing or stopped in traffic,V1: N  / V2: N,Dry,Dark - roadway not lighted,Cloudy,0,0,47,31,TRUE,41.95514928,-71.30432065
11851,11/16/2012,November,Friday,15:48,2,1,1,0,Single vehicle crash,V1: Travelling straight ahead,V1: W,Dry,Dusk,Clear,0,0,41,31,TRUE,41.95247732,-71.29251254
11852,11/16/2012,November,Friday,16:56,2,2,1,0,Rear-end,V1: Travelling straight ahead / V2: Travelling straight ahead,V1: S  / V2: S,Dry,Dark - lighted roadway,Clear,0,0,41,31,TRUE,41.94757814,-71.27890389
11853,11/16/2012,November,Friday,17:50,2,2,1,0,Rear-end,V1: Slowing or stopped in traffic / V2: Travelling straight ahead,V1: S  / V2: S,Dry,Dark - lighted roadway,Clear,0,0,41,31,TRUE,41.9250735,-71.35622629
11854,11/16/2012,November,Friday,18:59,1,2,0,0,Rear-end,V1: Changing lanes / V2: Travelling straight ahead,V1: S  / V2: S,Dry,Dark - lighted roadway,Cloudy,0,0,41,31,TRUE,41.96019116,-71.30118086
11855,11/16/2012,November,Friday,19:26,1,2,0,0,Angle,V1: Backing / V2: Parked,V1: E  / V2: 0,Dry,Dark - roadway not lighted,Clear,0,0,41,31,TRUE,41.93401957,-71.28036831
11856,11/16/2012,November,Friday,23:33,1,1,0,0,"Sideswipe, opposite direction",V1: Parked,V1: U,Dry,Dark - lighted roadway,Clear,0,0,41,31,TRUE,41.94257686,-71.27448379
11857,11/17/2012,November,Saturday,8:01,2,1,1,0,"Sideswipe, opposite direction",V1: Travelling straight ahead,V1: S,Dry,Daylight,Clear,0,0,48,28,TRUE,41.91124339,-71.36708529
11858,11/17/2012,November,Saturday,16:26,1,2,0,0,Angle,V1: Entering traffic lane / V2: Travelling straight ahead,V1: W  / V2: N,Dry,Dusk,Clear,0,0,48,28,TRUE,41.90964751,-71.36351027
11859,11/17/2012,November,Saturday,17:37,1,3,0,0,Rear-end,V1: Travelling straight ahead / V2: Travelling straight ahead / V3: Travelling straight ahead,V1: S  / V2: S  / V3: S,Dry,Dark - lighted roadway,Clear,0,0,48,28,TRUE,41.90821405,-71.36424374
11860,11/18/2012,November,Sunday,2:10,1,1,0,0,"Sideswipe, same direction",V1: Travelling straight ahead,V1: N,Dry,Dark - roadway not lighted,Clear,0,0,50,25,TRUE,41.96941345,-71.29547608
11861,11/18/2012,November,Sunday,16:10,1,1,0,0,"Sideswipe, same direction",V1: Turning right,V1: S,Dry,Dusk,Clear,0,0,50,25,TRUE,41.91977948,-71.35862075
11862,11/18/2012,November,Sunday,18:09,1,2,0,0,Angle,V1: Turning left / V2: Travelling straight ahead,V1: W  / V2: E,Dry,Dark - lighted roadway,Clear,0,0,50,25,TRUE,41.95265513,-71.26966302
11863,11/18/2012,November,Sunday,18:30,1,2,0,0,Rear-end,V1: Travelling straight ahead / V2: Slowing or stopped in traffic,V1: W  / V2: W,Dry,Dark - lighted roadway,Clear,0,0,50,25,TRUE,41.95484304,-71.28856385
11864,11/19/2012,November,Monday,8:17,1,2,0,0,Angle,V1: Entering traffic lane / V2: Turning left,V1: S  / V2: 0,Dry,Daylight,Clear,0,0,50,27,TRUE,41.91555446,-71.36051036
11865,11/19/2012,November,Monday,8:35,1,2,0,0,Angle,V1: Turning left / V2: Travelling straight ahead,V1: S  / V2: W,Dry,Daylight,Clear,0,0,50,27,TRUE,41.92141393,-71.35534523
11866,11/19/2012,November,Monday,13:22,1,2,0,0,"Sideswipe, same direction",V1: Parked / V2: Travelling straight ahead,V1: N  / V2: N,Dry,Daylight,Clear,0,0,50,27,TRUE,41.94381949,-71.2757581
11867,11/19/2012,November,Monday,14:06,2,1,2,0,Single vehicle crash,V1: Travelling straight ahead,V1: E,Dry,Daylight,Clear,0,0,50,27,TRUE,41.94132723,-71.28855484
11868,11/19/2012,November,Monday,16:51,1,2,0,0,Rear-end,V1: Travelling straight ahead / V2: Slowing or stopped in traffic,V1: S  / V2: S,Dry,Dark - lighted roadway,Clear,0,0,50,27,TRUE,41.91816133,-71.25763887
11869,11/20/2012,November,Tuesday,7:18,1,1,0,0,Single vehicle crash,V1: Travelling straight ahead,V1: N,Dry,Daylight,Clear,0,0,51,28,TRUE,41.95514928,-71.30432065
11870,11/20/2012,November,Tuesday,8:22,1,2,0,0,Rear-end,V1: Slowing or stopped in traffic / V2: Travelling straight ahead,V1: N  / V2: N,Dry,Daylight,Clear,0,0,51,28,TRUE,41.95524627,-71.30285037
11871,11/20/2012,November,Tuesday,14:41,1,2,0,0,Rear-end,V1: Travelling straight ahead / V2: Slowing or stopped in traffic,V1: W  / V2: W,Dry,Daylight,Clear,0,0,51,28,TRUE,41.94191488,-71.28774208
11872,11/21/2012,November,Wednesday,19:05,1,2,0,0,Rear-end,V1: Travelling straight ahead / V2: Slowing or stopped in traffic,V1: S  / V2: S,Dry,Dawn,Clear,0,0,49,31,TRUE,41.91981411,-71.35860614
11873,11/21/2012,November,Wednesday,19:30,1,1,0,0,Single vehicle crash,V1: Travelling straight ahead,V1: N,Dry,Dark - roadway not lighted,Clear,0,0,49,31,TRUE,41.90231844,-71.35595143
11874,11/21/2012,November,Wednesday,21:53,0,2,0,0,Angle,V1: Travelling straight ahead / V2: Parked,V1: 0 / V2: 0,Dry,Dark - lighted roadway,Cloudy,0,0,49,31,TRUE,41.94382632,-71.2893663
11875,11/22/2012,November,Thursday,12:52,1,2,0,0,Rear-end,V1: Travelling straight ahead / V2: Parked,V1: W  / V2: 0,Dry,Dark - lighted roadway,Clear,0,0,52,38,FALSE,41.93397308,-71.31095663
11876,11/23/2012,November,Friday,6:03,1,2,0,0,Single vehicle crash,V1: Travelling straight ahead / V2: Travelling straight ahead,V1: N  / V2: N,Dry,Daylight,Cloudy,0,0,56,29,TRUE,41.96814114,-71.29590014
11877,11/23/2012,November,Friday,9:54,1,2,0,0,Rear-end,V1: Travelling straight ahead / V2: Slowing or stopped in traffic,V1: N  / V2: N,Dry,Daylight,Clear,0,0,56,29,TRUE,41.92376983,-71.35679936
11878,11/23/2012,November,Friday,15:44,1,3,0,0,Angle,V1: Travelling straight ahead / V2: Slowing or stopped in traffic / V3: Travelling straight ahead,V1: N  / V2: W  / V3: E,Dry,Daylight,Clear,0,0,56,29,TRUE,41.9370756,-71.28238678
11879,11/24/2012,November,Saturday,12:06,1,2,0,0,Rear-end,V1: Slowing or stopped in traffic / V2: Travelling straight ahead,V1: N  / V2: N,Dry,Daylight,Cloudy,0,0,53,34,FALSE,41.92644259,-71.35554103
11880,11/24/2012,November,Saturday,18:39,1,1,0,0,Rear-end,V1: Changing lanes,V1: N,Dry,Dark - lighted roadway,Clear,0,0,53,34,FALSE,41.90235081,-71.35584231
11881,11/25/2012,November,Sunday,14:44,1,2,0,0,Rear-end,V1: Slowing or stopped in traffic / V2: Slowing or stopped in traffic,V1: W  / V2: W,Dry,Daylight,Clear,0,0,47,29,TRUE,41.89903243,-71.355186
11882,11/26/2012,November,Monday,7:20,1,2,0,0,Angle,V1: Turning right / V2: Travelling straight ahead,V1: S  / V2: W,Dry,Daylight,Clear,0,0,40,28,TRUE,41.9374227,-71.29402673
11883,11/27/2012,November,Tuesday,0:42,1,2,0,0,Angle,V1: Turning left / V2: Turning right,V1: E  / V2: N,Wet,Daylight,Snow,0,0,48,26,TRUE,41.95130281,-71.27263126
11884,11/27/2012,November,Tuesday,9:14,1,2,0,0,Angle,V1: Travelling straight ahead / V2: Turning left,V1: N  / V2: W,Wet,Daylight,Snow,0,0,48,26,TRUE,41.91903996,-71.29938319
11885,11/27/2012,November,Tuesday,16:33,2,3,3,0,Angle,V1: Turning left / V2: Travelling straight ahead / V3: Travelling straight ahead,V1: S  / V2: E  / V3: W,Wet,Dark - lighted roadway,Rain,0,0,48,26,TRUE,41.9341021,-71.30369928
11886,11/27/2012,November,Tuesday,22:28,2,3,2,0,Rear-to-rear,V1: Slowing or stopped in traffic / V2: Travelling straight ahead / V3: Travelling straight ahead,V1: S  / V2: S  / V3: S,Ice,Dark - 0 roadway lighting,Snow,0,0,48,26,TRUE,41.90998013,-71.35802082
11887,11/28/2012,November,Wednesday,15:00,1,2,0,0,Angle,V1: Turning left / V2: Travelling straight ahead,V1: W  / V2: E,Dry,Daylight,Clear,0.21,0.4,36,31,TRUE,41.95076301,-71.27397064
11888,11/28/2012,November,Wednesday,16:54,2,2,1,0,Angle,V1: Entering traffic lane / V2: Travelling straight ahead,V1: E  / V2: S,Dry,Dark - lighted roadway,Clear,0.21,0.4,36,31,TRUE,41.90554673,-71.36560389
11889,11/28/2012,November,Wednesday,17:45,2,2,1,0,Angle,V1: Turning left / V2: Travelling straight ahead,V1: W  / V2: E,0,Dark - lighted roadway,Cloudy,0.21,0.4,36,31,TRUE,41.92241545,-71.31336866
11890,11/29/2012,November,Thursday,7:27,1,1,0,0,Single vehicle crash,V1: Travelling straight ahead,V1: E,Wet,Dawn,Clear,0,0,41,24,TRUE,41.93305364,-71.28710644
11891,11/29/2012,November,Thursday,18:07,2,3,3,0,Angle,V1: Travelling straight ahead / V2: Travelling straight ahead / V3: Travelling straight ahead,V1: N  / V2: W  / V3: E,Dry,Dark - lighted roadway,Clear,0,0,41,24,TRUE,41.94104078,-71.29346158
11892,11/29/2012,November,Thursday,18:38,1,2,0,0,"Sideswipe, same direction",V1: Parked / V2: Travelling straight ahead,V1: N  / V2: N,Dry,Dark - lighted roadway,Clear,0,0,41,24,TRUE,41.9446632,-71.28341486
11893,11/30/2012,November,Friday,0:28,1,1,0,0,Single vehicle crash,V1: Travelling straight ahead,V1: W,Dry,Dark - lighted roadway,Clear,0,0,43,28,TRUE,41.94472176,-71.2812504
11894,12/1/2012,December,Saturday,9:16,1,1,0,0,Head-on,V1: Travelling straight ahead,V1: E,Wet,Daylight,Rain,0,0,38,31,TRUE,41.93415442,-71.29780141
11895,12/1/2012,December,Saturday,10:56,1,2,0,0,Angle,V1: Travelling straight ahead / V2: Slowing or stopped in traffic,V1: N  / V2: W,Wet,Daylight,Snow,0,0,38,31,TRUE,41.94472176,-71.2812504
11896,12/1/2012,December,Saturday,12:20,1,2,0,0,Angle,V1: Turning left / V2: Travelling straight ahead,V1: W  / V2: N,Dry,Daylight,Cloudy,0,0,38,31,TRUE,41.89733197,-71.36979234