ID,DATE,Month,Day of week,Crash Time,Crash Severity,Number of Vehicles,Total Nonfatal Injuries,Total Fatal Injuries,Manner of Collision,Vehicle Action Prior to Crash,Vehicle Travel Directions,Road Surface Condition,Ambient Light,Weather Condition,PRCP,SNOW,TMAX,TMIN,Ice,Longtitute,Latitute
11897,12/1/2012,December,Saturday,12:23,1,2,0,0,Angle,V1: Turning left / V2: Travelling straight ahead,V1: S  / V2: N,Wet,Daylight,Cloudy,0,0,38,31,TRUE,41.90081079,-71.36802017
11898,12/1/2012,December,Saturday,21:13,1,2,0,0,Angle,V1: Travelling straight ahead / V2: Travelling straight ahead,V1: N  / V2: E,Wet,Dark - lighted roadway,Cloudy,0,0,38,31,TRUE,41.94563994,-71.27937153
11899,12/2/2012,December,Sunday,17:35,2,2,2,0,Rear-end,V1: Travelling straight ahead / V2: Slowing or stopped in traffic,V1: S  / V2: S,Dry,Dark - lighted roadway,Cloudy,0.04,0.4,36,29,TRUE,41.95484304,-71.28856385
11900,12/3/2012,December,Monday,7:42,1,2,0,0,Head-on,V1: Travelling straight ahead / V2: Turning left,V1: E  / V2: W,Wet,Daylight,Clear,0,0,56,36,FALSE,41.95100336,-71.29610916
11901,12/3/2012,December,Monday,9:31,1,2,0,0,Rear-end,V1: Travelling straight ahead / V2: Travelling straight ahead,V1: W  / V2: W,Wet,Daylight,Cloudy/Rain,0,0,56,36,FALSE,41.92111112,-71.35572735
11902,12/4/2012,December,Tuesday,10:49,1,2,0,0,Rear-end,V1: Slowing or stopped in traffic / V2: Slowing or stopped in traffic,V1: N  / V2: S,Dry,Daylight,Cloudy,0,0,61,29,TRUE,41.95279399,-71.26926096
11903,12/4/2012,December,Tuesday,12:41,1,2,0,0,Rear-end,V1: Slowing or stopped in traffic / V2: Slowing or stopped in traffic,V1: N  / V2: N,Wet,Daylight,Cloudy/Rain,0,0,61,29,TRUE,41.9483337,-71.27794679
11904,12/4/2012,December,Tuesday,15:30,2,2,1,0,Rear-end,V1: Travelling straight ahead / V2: Slowing or stopped in traffic,V1: N  / V2: N,Dry,Daylight,Clear,0,0,61,29,TRUE,41.90242714,-71.35558229
11905,12/4/2012,December,Tuesday,15:44,1,2,0,0,Angle,V1: Travelling straight ahead / V2: Travelling straight ahead,V1: S  / V2: E,Wet,Daylight,Cloudy,0,0,61,29,TRUE,41.93401957,-71.28036831
11906,12/4/2012,December,Tuesday,18:30,2,2,3,0,Rear-end,V1: Travelling straight ahead / V2: Leaving traffic lane,V1: N  / V2: N,Dry,Dark - roadway not lighted,Clear,0,0,61,29,TRUE,41.90231844,-71.35595143
11907,12/4/2012,December,Tuesday,21:02,1,1,0,0,0,V1: Parked,V1: U,Dry,Dark - 0 roadway lighting,Clear,0,0,61,29,TRUE,41.93118399,-71.26031362
11908,12/5/2012,December,Wednesday,7:33,1,3,0,0,Rear-end,V1: Slowing or stopped in traffic / V2: Slowing or stopped in traffic / V3: Slowing or stopped in traffic,V1: N  / V2: N  / V3: N,Dry,Daylight,Cloudy,0.03,0,58,34,FALSE,41.96712418,-71.29097941
11909,12/5/2012,December,Wednesday,9:00,2,4,1,0,Rear-end,V1: Slowing or stopped in traffic / V2: Slowing or stopped in traffic / V3: Travelling straight ahead / V4: Slowing or stopped in traffic,V1: N  / V2: N  / V3: N  / V4: N,Dry,Daylight,Clear,0.03,0,58,34,FALSE,41.92502909,-71.28811463
11910,12/5/2012,December,Wednesday,17:07,2,2,1,0,Rear-end,V1: Slowing or stopped in traffic / V2: Travelling straight ahead,V1: S  / V2: S,Dry,Dark - lighted roadway,Clear,0.03,0,58,34,FALSE,41.90257525,-71.35603965
11911,12/6/2012,December,Thursday,7:06,1,2,0,0,"Sideswipe, opposite direction",V1: Turning right / V2: Travelling straight ahead,V1: S  / V2: N,Dry,Daylight,Clear,0.02,0,57,26,TRUE,41.9370756,-71.28238678
11912,12/6/2012,December,Thursday,9:44,1,2,0,0,"Sideswipe, same direction",V1: Travelling straight ahead / V2: Changing lanes,V1: E  / V2: E,Dry,Daylight,Clear,0.02,0,57,26,TRUE,41.93359015,-71.30040441
11913,12/6/2012,December,Thursday,17:22,2,2,1,0,Rear-end,V1: Slowing or stopped in traffic / V2: Travelling straight ahead,V1: S  / V2: S,Dry,Dark - lighted roadway,Clear,0.02,0,57,26,TRUE,41.89618753,-71.37039513
11914,12/6/2012,December,Thursday,17:45,2,3,3,0,Rear-end,V1: Travelling straight ahead / V2: Travelling straight ahead / V3: Slowing or stopped in traffic,V1: S  / V2: S  / V3: S,Dry,Dark - roadway not lighted,Clear,0.02,0,57,26,TRUE,41.96495942,-71.28974962
11915,12/7/2012,December,Friday,2:39,2,1,1,0,Single vehicle crash,V1: Travelling straight ahead,V1: N,Dry,Dark - lighted roadway,Clear,0,0,41,20,TRUE,41.91342581,-71.32488682
11916,12/7/2012,December,Friday,17:20,1,3,0,0,Angle,V1: Travelling straight ahead / V2: Slowing or stopped in traffic / V3: Slowing or stopped in traffic,V1: E  / V2: E  / V3: E,Wet,Dark - lighted roadway,Rain,0,0,41,20,TRUE,41.92675288,-71.34334435
11917,12/7/2012,December,Friday,19:35,2,2,1,0,"Sideswipe, same direction",V1: Travelling straight ahead / V2: Travelling straight ahead,V1: W  / V2: W,Wet,Dark - lighted roadway,Cloudy/Rain,0,0,41,20,TRUE,41.96933762,-71.29447113
11918,12/8/2012,December,Saturday,1:36,1,2,0,0,"Sideswipe, same direction",V1: Overtaking/passing / V2: Turning left,V1: W  / V2: W,Wet,Dark - lighted roadway,Cloudy/Rain,0.26,0,47,28,TRUE,41.92241545,-71.31336866
11919,12/8/2012,December,Saturday,11:20,1,2,0,0,"Sideswipe, same direction",V1: Travelling straight ahead / V2: Travelling straight ahead,V1: N  / V2: N,Wet,Daylight,Cloudy,0.26,0,47,28,TRUE,41.90231844,-71.35595143
11920,12/8/2012,December,Saturday,15:54,1,2,0,0,Rear-end,V1: Travelling straight ahead / V2: Slowing or stopped in traffic,V1: W  / V2: W,Dry,Daylight,Clear,0.26,0,47,28,TRUE,41.90616258,-71.35680295
11921,12/8/2012,December,Saturday,19:05,1,2,0,0,Angle,V1: Turning left / V2: Travelling straight ahead,V1: N  / V2: W,Wet,Dark - lighted roadway,Cloudy,0.26,0,47,28,TRUE,41.94928318,-71.28964082
11922,12/8/2012,December,Saturday,19:31,1,1,0,0,Single vehicle crash,V1: Travelling straight ahead,V1: E,Wet,Dark - lighted roadway,Cloudy,0.26,0,47,28,TRUE,41.93821188,-71.25002331
11923,12/8/2012,December,Saturday,20:51,1,1,0,0,Single vehicle crash,V1: Travelling straight ahead,V1: S,Wet,Dark - lighted roadway,Cloudy,0.26,0,47,28,TRUE,41.90877956,-71.35765064
11924,12/9/2012,December,Sunday,14:58,1,2,0,0,Rear-end,V1: Slowing or stopped in traffic / V2: Travelling straight ahead,V1: W  / V2: W,Dry,Daylight,Clear,0.22,0,48,38,FALSE,41.94248781,-71.28693305
11925,12/9/2012,December,Sunday,15:31,0,1,0,0,0,V1: Parked,V1: U,Dry,Daylight,Clear,0.22,0,48,38,FALSE,41.93404812,-71.31577712
11926,12/9/2012,December,Sunday,16:57,1,2,0,0,"Sideswipe, same direction",V1: Travelling straight ahead / V2: Parked,V1: N  / V2: N,Dry,Dark - lighted roadway,Cloudy,0.22,0,48,38,FALSE,41.94437269,-71.27476931
11927,12/9/2012,December,Sunday,17:07,2,2,2,0,Angle,V1: Entering traffic lane / V2: Travelling straight ahead,V1: N  / V2: 0,Dry,Dark - lighted roadway,Clear,0.22,0,48,38,FALSE,41.95428602,-71.28497548
11928,12/9/2012,December,Sunday,17:58,1,2,0,0,Angle,V1: Turning left / V2: Travelling straight ahead,V1: N  / V2: S,Wet,Dark - lighted roadway,Rain,0.22,0,48,38,FALSE,41.93044785,-71.26035342
11929,12/9/2012,December,Sunday,20:31,1,2,0,0,Angle,V1: Travelling straight ahead / V2: Turning left,V1: N  / V2: E,Wet,Dark - lighted roadway,Rain,0.22,0,48,38,FALSE,41.91981411,-71.35860614
11930,12/10/2012,December,Monday,5:50,2,2,1,0,Rear-end,V1: Travelling straight ahead / V2: Travelling straight ahead,V1: S  / V2: S,Wet,Dark - roadway not lighted,Rain,0.45,0,49,38,FALSE,34.24438675,-73.6513909
11931,12/10/2012,December,Monday,12:11,1,1,0,0,Single vehicle crash,V1: Travelling straight ahead,V1: S,Wet,Daylight,Rain,0.45,0,49,38,FALSE,41.89861001,-71.36943215
11932,12/10/2012,December,Monday,17:19,1,3,0,0,Angle,V1: Travelling straight ahead / V2: Travelling straight ahead / V3: Slowing or stopped in traffic,V1: W  / V2: N  / V3: W,Wet,Dark - lighted roadway,Cloudy/Rain,0.45,0,49,38,FALSE,41.95428602,-71.28497548
11933,12/10/2012,December,Monday,18:01,1,1,0,0,Single vehicle crash,V1: Travelling straight ahead,V1: S,Wet,Dark - roadway not lighted,Rain,0.45,0,49,38,FALSE,41.89861001,-71.36943215
11934,12/10/2012,December,Monday,22:07,1,2,0,0,"Sideswipe, same direction",V1: Changing lanes / V2: Travelling straight ahead,V1: S  / V2: S,Dry,Dark - roadway not lighted,Clear,0.45,0,49,38,FALSE,41.9483337,-71.27794679
11935,12/11/2012,December,Tuesday,12:06,1,2,0,0,Angle,V1: Travelling straight ahead / V2: Travelling straight ahead,V1: S  / V2: W,Dry,Daylight,Clear,0.49,0,60,47,FALSE,41.93623387,-71.28481203
11936,12/11/2012,December,Tuesday,12:22,2,2,1,0,Angle,V1: Entering traffic lane / V2: Travelling straight ahead,V1: W  / V2: S,Dry,Daylight,Clear,0.49,0,60,47,FALSE,41.90964751,-71.36351027
11937,12/11/2012,December,Tuesday,17:22,1,2,0,0,Rear-end,V1: Travelling straight ahead / V2: Slowing or stopped in traffic,V1: N  / V2: N,Dry,Dark - roadway not lighted,Clear,0.49,0,60,47,FALSE,41.93437326,-71.26169339
11938,12/12/2012,December,Wednesday,6:29,1,2,0,0,"Sideswipe, same direction",V1: Changing lanes / V2: Travelling straight ahead,V1: 0 / V2: 0,Dry,Daylight,Clear,0,0,50,27,TRUE,41.95026235,-71.27502451
11939,12/12/2012,December,Wednesday,13:44,2,1,1,0,Single vehicle crash,V1: Travelling straight ahead,V1: N,Dry,Daylight,Clear,0,0,50,27,TRUE,41.93158,-71.32095983
11940,12/12/2012,December,Wednesday,14:21,1,2,0,0,Rear-end,V1: Slowing or stopped in traffic / V2: Travelling straight ahead,V1: E  / V2: S,Dry,Daylight,Clear,0,0,50,27,TRUE,41.91402282,-71.35905109
11941,12/12/2012,December,Wednesday,14:59,1,2,0,0,Angle,V1: Turning left / V2: Travelling straight ahead,V1: E  / V2: W,Dry,Daylight,Clear,0,0,50,27,TRUE,41.93358571,-71.32352844
11942,12/12/2012,December,Wednesday,17:27,1,2,0,0,Rear-end,V1: Travelling straight ahead / V2: Slowing or stopped in traffic,V1: E  / V2: E,Dry,Dark - lighted roadway,Clear,0,0,50,27,TRUE,41.95271157,-71.26951043
11943,12/12/2012,December,Wednesday,18:57,1,2,0,0,Head-on,V1: Entering traffic lane / V2: Entering traffic lane,V1: W  / V2: E,Dry,Daylight,Clear,0,0,50,27,TRUE,41.90964751,-71.36351027
11944,12/13/2012,December,Thursday,19:31,1,2,0,0,"Sideswipe, same direction",V1: Travelling straight ahead / V2: Changing lanes,V1: N  / V2: N,Dry,Dark - lighted roadway,Clear,0,0,40,25,TRUE,41.95150567,-71.27215145
11945,12/14/2012,December,Friday,17:43,2,1,1,0,"Sideswipe, opposite direction",V1: Travelling straight ahead,V1: N,0,Dark - roadway not lighted,Clear,0,0,45,23,TRUE,41.9564912,-71.26923295
11946,12/14/2012,December,Friday,22:09,1,2,0,0,Rear-end,V1: Travelling straight ahead / V2: Travelling straight ahead,V1: S  / V2: S,Dry,Dark - lighted roadway,Clear,0,0,45,23,TRUE,41.91449065,-71.36105328
11947,12/15/2012,December,Saturday,10:11,2,2,1,0,Rear-end,V1: Parked / V2: Travelling straight ahead,V1: N  / V2: N,Dry,Daylight,Clear,0,0,48,24,TRUE,41.9023143,-71.35595636
11948,12/15/2012,December,Saturday,12:21,1,2,0,0,Angle,V1: Turning left / V2: Travelling straight ahead,V1: E  / V2: W,Dry,Daylight,Clear,0,0,48,24,TRUE,41.93393836,-71.3077318
11949,12/15/2012,December,Saturday,14:00,2,1,2,0,Angle,V1: Travelling straight ahead,V1: S,Dry,Daylight,Clear,0,0,48,24,TRUE,41.92279203,-71.35723949
11950,12/15/2012,December,Saturday,14:03,1,2,0,0,Angle,V1: Travelling straight ahead / V2: Turning left,V1: N  / V2: W,Dry,Daylight,Clear,0,0,48,24,TRUE,41.91449065,-71.36105328
11951,12/15/2012,December,Saturday,14:48,1,1,0,0,Single vehicle crash,V1: Backing,V1: W,Dry,Daylight,Cloudy,0,0,48,24,TRUE,41.94006852,-71.2832191
11952,12/15/2012,December,Saturday,15:12,1,2,0,0,Angle,V1: Turning left / V2: Travelling straight ahead,V1: W  / V2: N,Dry,Daylight,Clear,0,0,48,24,TRUE,41.91085001,-71.36289712
11953,12/15/2012,December,Saturday,20:30,2,2,2,0,Rear-end,V1: Travelling straight ahead / V2: Travelling straight ahead,V1: N  / V2: N,Dry,Dark - roadway not lighted,Clear,0,0,48,24,TRUE,41.90231844,-71.35595143
11954,12/16/2012,December,Sunday,16:18,1,1,0,0,0,V1: Parked,V1: 0,Dry,Daylight,Clear,0,0,44,26,TRUE,41.92132839,-71.35794828
11955,12/17/2012,December,Monday,14:01,1,2,0,0,Rear-end,V1: Travelling straight ahead / V2: Slowing or stopped in traffic,V1: W  / V2: W,Wet,Daylight,Cloudy/Rain,0.32,0,40,31,TRUE,41.93406554,-71.30574057
11956,12/17/2012,December,Monday,14:39,1,2,0,0,Angle,V1: Turning left / V2: Travelling straight ahead,V1: N  / V2: S,Wet,Daylight,Rain,0.32,0,40,31,TRUE,41.96712418,-71.29097941
11957,12/17/2012,December,Monday,15:21,1,2,0,0,Angle,V1: Entering traffic lane / V2: Travelling straight ahead,V1: E  / V2: S,Wet,Daylight,Rain,0.32,0,40,31,TRUE,41.9379976,-71.27595495
11958,12/17/2012,December,Monday,18:45,2,1,1,0,Angle,V1: Travelling straight ahead,V1: S,Wet,Dark - lighted roadway,Cloudy/Rain,0.32,0,40,31,TRUE,41.90086769,-71.36799095
11959,12/17/2012,December,Monday,22:55,1,1,0,0,Single vehicle crash,V1: Entering traffic lane,V1: S,Wet,Dark - roadway not lighted,Rain,0.32,0,40,31,TRUE,41.95075074,-71.30752067
11960,12/18/2012,December,Tuesday,3:17,1,2,0,0,Angle,V1: Turning right / V2: Travelling straight ahead,V1: S  / V2: W,0,Dark - lighted roadway,Rain,0.52,0,47,40,FALSE,41.94396167,-71.27662963
11961,12/18/2012,December,Tuesday,7:19,1,2,0,0,Angle,V1: Travelling straight ahead / V2: Changing lanes,V1: S  / V2: S,"Water (standing, moving)",Daylight,Rain,0.52,0,47,40,FALSE,41.92927403,-71.32377045
11962,12/18/2012,December,Tuesday,10:49,1,2,0,0,Angle,V1: Travelling straight ahead / V2: Travelling straight ahead,V1: N  / V2: W,Wet,Daylight,Cloudy/Rain,0.52,0,47,40,FALSE,41.94928318,-71.28964082
11963,12/18/2012,December,Tuesday,15:28,1,1,0,0,Single vehicle crash,V1: Backing,V1: S,Wet,Daylight,Cloudy,0.52,0,47,40,FALSE,41.9156749,-71.35896018
11964,12/18/2012,December,Tuesday,17:35,2,4,2,0,Rear-end,V1: Travelling straight ahead / V2: Slowing or stopped in traffic / V3: Travelling straight ahead / V4: Slowing or stopped in traffic,V1: W  / V2: W  / V3: W  / V4: W,Wet,Dark - lighted roadway,Cloudy/Rain,0.52,0,47,40,FALSE,41.93304073,-71.29789609
11965,12/18/2012,December,Tuesday,19:08,1,2,0,0,Angle,V1: Turning left / V2: Travelling straight ahead,V1: E  / V2: W,Dry,Dark - lighted roadway,Clear,0.52,0,47,40,FALSE,41.95260998,-71.26978509
11966,12/19/2012,December,Wednesday,13:10,1,2,0,0,Angle,V1: Travelling straight ahead / V2: Turning left,V1: W  / V2: N,Dry,Daylight,Clear,0.31,0,53,40,FALSE,41.9210426,-71.35807244
11967,12/19/2012,December,Wednesday,16:33,2,1,1,0,Head-on,V1: Travelling straight ahead,V1: W,Dry,Dusk,Cloudy,0.31,0,53,40,FALSE,41.93806227,-71.29125944
11968,12/19/2012,December,Wednesday,17:24,2,1,1,0,Single vehicle crash,V1: Travelling straight ahead,V1: N,Dry,Dark - roadway not lighted,Clear,0.31,0,53,40,FALSE,41.91437703,-71.22482029
11969,12/19/2012,December,Wednesday,17:39,1,2,0,0,Angle,V1: Turning right / V2: Travelling straight ahead,V1: N  / V2: E,Dry,Dark - lighted roadway,Clear,0.31,0,53,40,FALSE,41.93624398,-71.26400311
11970,12/19/2012,December,Wednesday,22:03,1,1,0,0,Single vehicle crash,V1: Travelling straight ahead,V1: N,Dry,Dark - lighted roadway,Clear,0.31,0,53,40,FALSE,41.91790012,-71.35941335
11971,12/21/2012,December,Friday,9:14,2,2,2,0,Angle,V1: Travelling straight ahead / V2: Travelling straight ahead,V1: N  / V2: S,Wet,Daylight,Cloudy/Rain,0.01,0,45,27,TRUE,41.90922558,-71.28637599
11972,12/21/2012,December,Friday,12:19,2,2,1,0,Angle,V1: Turning left / V2: Travelling straight ahead,V1: W  / V2: S,"Water (standing, moving)",Daylight,Rain,0.01,0,45,27,TRUE,41.91082902,-71.36290776
11973,12/21/2012,December,Friday,13:21,1,2,0,0,Angle,V1: Turning left / V2: Travelling straight ahead,V1: W  / V2: N,Wet,Daylight,Clear,0.01,0,45,27,TRUE,41.89733197,-71.36979234
11974,12/21/2012,December,Friday,14:16,2,1,2,0,Single vehicle crash,V1: Travelling straight ahead,V1: U,Wet,Daylight,Cloudy,0.01,0,45,27,TRUE,41.95983023,-71.2563077
11975,12/21/2012,December,Friday,15:26,1,2,0,0,Angle,V1: Travelling straight ahead / V2: Parked,V1: E  / V2: 0,Dry,Daylight,Clear,0.01,0,45,27,TRUE,41.94472176,-71.2812504
11976,12/21/2012,December,Friday,16:36,1,2,0,0,Angle,V1: Changing lanes / V2: Travelling straight ahead,V1: S  / V2: S,Dry,Dusk,Clear,0.01,0,45,27,TRUE,41.90538488,-71.36569048
11977,12/21/2012,December,Friday,16:36,1,2,0,0,Angle,V1: Changing lanes / V2: Travelling straight ahead,V1: S  / V2: S,Dry,Dusk,Clear,0.01,0,45,27,TRUE,41.90538488,-71.36569048
11978,12/21/2012,December,Friday,21:53,2,2,1,0,Rear-end,V1: Travelling straight ahead / V2: Slowing or stopped in traffic,V1: S  / V2: S,Dry,Dark - lighted roadway,Cloudy,0.01,0,45,27,TRUE,41.89541252,-71.37076533
11979,12/22/2012,December,Saturday,1:34,2,1,1,0,Single vehicle crash,V1: Travelling straight ahead,V1: E,Dry,Dark - lighted roadway,Clear,0.69,0,54,35,FALSE,41.92611347,-71.25034911
11980,12/22/2012,December,Saturday,4:10,2,1,1,0,Single vehicle crash,V1: Changing lanes,V1: N,Dry,Dark - lighted roadway,Clear,0.69,0,54,35,FALSE,41.90053869,-71.36201959
11981,12/22/2012,December,Saturday,15:41,1,2,0,0,Rear-end,V1: Travelling straight ahead / V2: Travelling straight ahead,V1: N  / V2: N,Dry,Daylight,Clear,0.69,0,54,35,FALSE,41.91981411,-71.35860614
11982,12/22/2012,December,Saturday,15:41,1,2,0,0,Rear-end,V1: Travelling straight ahead / V2: Travelling straight ahead,V1: N  / V2: N,Dry,Daylight,Clear,0.69,0,54,35,FALSE,41.91981411,-71.35860614
11983,12/22/2012,December,Saturday,15:56,0,1,0,0,Head-on,V1: Travelling straight ahead,V1: 0,0,Dawn,Clear,0.69,0,54,35,FALSE,41.9328016,-71.30487068
11984,12/22/2012,December,Saturday,15:56,0,1,0,0,Head-on,V1: Travelling straight ahead,V1: 0,Dry,Dawn,Clear,0.69,0,54,35,FALSE,41.9328016,-71.30487068
11985,12/23/2012,December,Sunday,20:25,1,3,0,0,Rear-end,V1: Travelling straight ahead / V2: Travelling straight ahead / V3: Travelling straight ahead,V1: S  / V2: S  / V3: S,Dry,Dark - roadway not lighted,Clear,0,0,39,26,TRUE,41.92762143,-71.35470547
11986,12/24/2012,December,Monday,17:32,1,2,0,0,Angle,V1: Turning left / V2: Travelling straight ahead,V1: E  / V2: W,Dry,Dark - lighted roadway,Clear,0,0,39,26,TRUE,41.93404812,-71.31577712
11987,12/24/2012,December,Monday,19:56,2,3,1,0,Rear-end,V1: Travelling straight ahead / V2: Parked / V3: Parked,V1: N  / V2: Reported but invalid / V3: Reported but invalid,Dry,Dark - roadway not lighted,Clear,0,0,39,26,TRUE,41.92675008,-71.24114446
11988,12/24/2012,December,Monday,22:01,1,2,0,0,Angle,V1: Parked / V2: Turning right,V1: E  / V2: N,Dry,Dark - lighted roadway,Clear,0,0,39,26,TRUE,41.91206038,-71.37248418
11989,12/25/2012,December,Tuesday,1:34,1,1,0,0,Single vehicle crash,V1: Travelling straight ahead,V1: S,Snow,Dark - lighted roadway,Snow,0.04,0.4,42,27,TRUE,41.95234013,-71.29601132
11990,12/27/2012,December,Thursday,17:36,1,2,0,0,Rear-end,V1: Slowing or stopped in traffic / V2: Travelling straight ahead,V1: N  / V2: N,Wet,Dark - roadway not lighted,Rain,0.93,0,46,19,TRUE,41.95514928,-71.30432065
11991,12/27/2012,December,Thursday,17:57,2,2,1,0,Rear-end,V1: Travelling straight ahead / V2: Travelling straight ahead,V1: S  / V2: S,Wet,Dark - lighted roadway,Rain,0.93,0,46,19,TRUE,41.93152244,-71.29127014
11992,12/28/2012,December,Friday,12:19,2,2,1,0,Rear-end,V1: Travelling straight ahead / V2: Travelling straight ahead,V1: N  / V2: S,Dry,Daylight,Clear,0.22,0.3,48,27,TRUE,41.92967926,-71.35358763
11993,12/28/2012,December,Friday,13:00,2,2,1,0,Rear-end,V1: Travelling straight ahead / V2: Travelling straight ahead,V1: S  / V2: S,Dry,Daylight,Clear,0.22,0.3,48,27,TRUE,41.96019116,-71.30118086
11994,12/28/2012,December,Friday,20:47,1,2,0,0,Angle,V1: Travelling straight ahead / V2: Entering traffic lane,V1: S  / V2: E,Dry,Dark - lighted roadway,Clear,0.22,0.3,48,27,TRUE,41.91230639,-71.36215607
11995,12/28/2012,December,Friday,23:05,1,1,0,0,Single vehicle crash,V1: Turning right,V1: S,Dry,Dark - roadway not lighted,Clear,0.22,0.3,48,27,TRUE,41.97396396,-71.29523823
11996,12/29/2012,December,Saturday,1:05,2,1,1,0,Head-on,V1: Travelling straight ahead,V1: W,Dry,Dark - lighted roadway,Clear,0,0,37,22,TRUE,41.92031935,-71.22862282
11997,12/29/2012,December,Saturday,2:29,2,2,1,0,Angle,V1: Turning left / V2: Travelling straight ahead,V1: E  / V2: S,Dry,Dark - lighted roadway,Clear,0,0,37,22,TRUE,41.9348634,-71.29887283
11998,12/29/2012,December,Saturday,3:22,2,1,1,0,Single vehicle crash,V1: Leaving traffic lane,V1: E,Dry,Dark - lighted roadway,Clear,0,0,37,22,TRUE,41.89666063,-71.37206884
11999,12/29/2012,December,Saturday,14:07,1,2,0,0,Rear-end,V1: Entering traffic lane / V2: Entering traffic lane,V1: N  / V2: N,Dry,Daylight,Cloudy,0,0,37,22,TRUE,41.90512402,-71.35638972
12000,12/29/2012,December,Saturday,17:30,1,1,0,0,Single vehicle crash,V1: Travelling straight ahead,V1: S,Snow,Dark - lighted roadway,Snow,0,0,37,22,TRUE,41.9210426,-71.35807244
12001,12/29/2012,December,Saturday,17:52,1,2,0,0,"Sideswipe, opposite direction",V1: Travelling straight ahead / V2: Travelling straight ahead,V1: S  / V2: N,Snow,Dark - lighted roadway,Snow,0,0,37,22,TRUE,41.93164315,-71.24510822
12002,12/29/2012,December,Saturday,20:11,1,2,0,0,Angle,V1: Travelling straight ahead / V2: Travelling straight ahead,V1: S  / V2: W,Snow,Dark - lighted roadway,Snow,0,0,37,22,TRUE,41.89775016,-71.35622961
12003,12/29/2012,December,Saturday,21:18,1,1,0,0,Single vehicle crash,V1: Travelling straight ahead,V1: S,Snow,Dark - lighted roadway,Snow,0,0,37,22,TRUE,41.92582442,-71.34707855
12004,12/29/2012,December,Saturday,21:30,1,2,0,0,Angle,V1: Turning right / V2: Slowing or stopped in traffic,V1: N  / V2: S,Snow,Dark - lighted roadway,Snow,0,0,37,22,TRUE,41.93732881,-71.28475709
12005,12/29/2012,December,Saturday,21:48,2,1,1,0,Single vehicle crash,V1: Travelling straight ahead,V1: S,Ice,Dark - lighted roadway,Snow,0,0,37,22,TRUE,34.24438675,-73.6513909
12006,12/29/2012,December,Saturday,22:02,2,3,1,0,"Sideswipe, same direction",V1: Changing lanes / V2: Travelling straight ahead / V3: Travelling straight ahead,V1: N  / V2: N  / V3: N,Snow,Dark - lighted roadway,Snow,0,0,37,22,TRUE,41.92644259,-71.35554103
12007,12/29/2012,December,Saturday,22:50,1,1,0,0,Single vehicle crash,V1: Travelling straight ahead,V1: 0,Snow,Dark - lighted roadway,Snow,0,0,37,22,TRUE,41.92315654,-71.2321847
12008,12/30/2012,December,Sunday,0:23,1,2,0,0,Rear-end,V1: Parked / V2: Backing,V1: W  / V2: N,Snow,Dark - lighted roadway,Snow,0.85,4.2,34,26,TRUE,41.94691715,-71.28172047
12009,12/30/2012,December,Sunday,7:14,1,1,0,0,Single vehicle crash,V1: Travelling straight ahead,V1: S,Snow,Daylight,Clear,0.85,4.2,34,26,TRUE,41.93831727,-71.266193
12010,12/30/2012,December,Sunday,13:20,1,2,0,0,Rear-end,V1: Slowing or stopped in traffic / V2: Travelling straight ahead,V1: S  / V2: S,Dry,Daylight,Clear,0.85,4.2,34,26,TRUE,41.90363604,-71.35642528
12011,12/31/2012,December,Monday,11:13,1,2,0,0,Angle,V1: Turning left / V2: Travelling straight ahead,V1: S  / V2: W,"Sand, mud, dirt, oil, gravel",Daylight,Cloudy,0,0,30,18,TRUE,41.89749762,-71.37501774
12012,12/31/2012,December,Monday,17:41,1,3,0,0,Rear-end,V1: Travelling straight ahead / V2: Slowing or stopped in traffic / V3: Slowing or stopped in traffic,V1: N  / V2: N  / V3: N,Dry,Dark - lighted roadway,Clear,0,0,30,18,TRUE,41.89891207,-71.36898868
12013,1/2/2013,January,Wednesday,12:09,1,2,0,0,Angle,V1: Turning right / V2: Overtaking/passing,V1: N  / V2: N,Dry,Daylight,Clear,0,0,38,12,TRUE,41.9540829,-71.24456829
12014,1/2/2013,January,Wednesday,14:27,1,2,0,0,Angle,V1: Turning right / V2: Turning left,V1: S  / V2: E,Dry,Daylight,Clear,0,0,38,12,TRUE,41.94666472,-71.28742757
12015,1/2/2013,January,Wednesday,14:35,1,2,0,0,Rear-end,V1: Entering traffic lane / V2: Entering traffic lane,V1: N  / V2: N,Dry,Daylight,Clear,0,0,38,12,TRUE,41.90148576,-71.3555744
12016,1/3/2013,January,Thursday,11:24,1,2,0,0,Rear-end,V1: Travelling straight ahead / V2: Slowing or stopped in traffic,V1: E  / V2: E,Dry,Daylight,Clear,0,0,32,6,TRUE,41.95279399,-71.26926096