ID,DATE,Month,Day of week,Crash Time,Crash Severity,Number of Vehicles,Total Nonfatal Injuries,Total Fatal Injuries,Manner of Collision,Vehicle Action Prior to Crash,Vehicle Travel Directions,Road Surface Condition,Ambient Light,Weather Condition,PRCP,SNOW,TMAX,TMIN,Ice,Longtitute,Latitute
12017,1/3/2013,January,Thursday,15:04,1,2,0,0,Rear-end,V1: Slowing or stopped in traffic / V2: Travelling straight ahead,V1: S  / V2: S,Dry,Daylight,Clear,0,0,32,6,TRUE,41.97015292,-71.29135147
12018,1/3/2013,January,Thursday,15:21,1,2,0,0,Angle,V1: Entering traffic lane / V2: Travelling straight ahead,V1: S  / V2: Reported but invalid,Dry,Daylight,Clear,0,0,32,6,TRUE,41.9374227,-71.29402673
12019,1/3/2013,January,Thursday,16:04,1,2,0,0,"Sideswipe, same direction",V1: Parked / V2: Travelling straight ahead,V1: E  / V2: E,Ice,Daylight,Clear,0,0,32,6,TRUE,41.94462108,-71.28379269
12020,1/3/2013,January,Thursday,16:43,1,2,0,0,Rear-to-rear,V1: Parked / V2: Backing,V1: Reported but invalid / V2: W,Dry,Dark - lighted roadway,Clear,0,0,32,6,TRUE,41.93709127,-71.27569326
12021,1/4/2013,January,Friday,1:26,1,1,0,0,Single vehicle crash,V1: Leaving traffic lane,V1: E,Dry,Dark - lighted roadway,Snow,0,0,26,6,TRUE,41.91522266,-71.28239065
12022,1/5/2013,January,Saturday,8:48,1,2,0,0,Angle,V1: Entering traffic lane / V2: Travelling straight ahead,V1: N  / V2: E,Dry,Daylight,Clear,0,0,39,15,TRUE,41.94379074,-71.29407807
12023,1/5/2013,January,Saturday,15:32,1,2,0,0,Rear-end,V1: Slowing or stopped in traffic / V2: Slowing or stopped in traffic,V1: N  / V2: N,Dry,Daylight,Clear,0,0,39,15,TRUE,41.92559453,-71.35599569
12024,1/9/2013,January,Wednesday,18:05,1,2,0,0,Angle,V1: Turning left / V2: Slowing or stopped in traffic,V1: S  / V2: N,Dry,Dark - roadway not lighted,Clear,0,0,47,22,TRUE,41.95428602,-71.28497548
12025,1/10/2013,January,Thursday,15:20,1,2,0,0,Rear-end,V1: Travelling straight ahead / V2: Slowing or stopped in traffic,V1: W  / V2: W,Dry,Daylight,Clear,0,0,44,22,TRUE,41.91138357,-71.32740392
12026,1/10/2013,January,Thursday,17:46,1,3,0,0,Rear-end,V1: Slowing or stopped in traffic / V2: Travelling straight ahead / V3: Slowing or stopped in traffic,V1: S  / V2: S  / V3: S,Dry,Dark - roadway not lighted,Cloudy,0,0,44,22,TRUE,41.96019116,-71.30118086
12027,1/11/2013,January,Friday,7:55,1,2,0,0,Rear-end,V1: Travelling straight ahead / V2: Slowing or stopped in traffic,V1: N  / V2: N,Wet,Daylight,Clear,0,0,47,24,TRUE,41.91619723,-71.35885587
12028,1/11/2013,January,Friday,9:38,1,2,0,0,Rear-end,V1: Backing / V2: Parked,V1: S  / V2: Reported but invalid,Wet,Daylight,Cloudy,0,0,47,24,TRUE,41.93507804,-71.28489367
12029,1/11/2013,January,Friday,17:30,1,2,0,0,Rear-to-rear,V1: Backing / V2: Parked,V1: S  / V2: S,Dry,Dark - lighted roadway,Cloudy,0,0,47,24,TRUE,41.90075914,-71.37092388
12030,1/11/2013,January,Friday,18:13,1,2,0,0,Rear-end,V1: Travelling straight ahead / V2: Turning right,V1: N  / V2: E,Wet,Dark - lighted roadway,Cloudy/Rain,0,0,47,24,TRUE,41.93846875,-71.28469502
12031,1/11/2013,January,Friday,19:02,2,1,1,0,Single vehicle crash,V1: Travelling straight ahead,V1: S,Wet,Dark - lighted roadway,Rain,0,0,47,24,TRUE,41.9483337,-71.27794679
12032,1/11/2013,January,Friday,19:49,1,2,0,0,Rear-end,V1: Travelling straight ahead / V2: Travelling straight ahead,V1: S  / V2: S,Wet,Dark - roadway not lighted,Rain,0,0,47,24,TRUE,41.90261276,-71.35590972
12033,1/11/2013,January,Friday,20:14,1,1,0,0,Single vehicle crash,V1: Turning left,V1: E,Wet,Dark - roadway not lighted,Rain,0,0,47,24,TRUE,41.98174108,-71.27578697
12034,1/12/2013,January,Saturday,8:39,1,2,0,0,Rear-end,V1: Backing / V2: Slowing or stopped in traffic,V1: W  / V2: E,Wet,Daylight,Cloudy/Rain,0.21,0,39,26,TRUE,41.96708604,-71.29121753
12035,1/14/2013,January,Monday,11:11,1,2,0,0,Angle,V1: Changing lanes / V2: Travelling straight ahead,V1: E  / V2: E,Wet,Daylight,Cloudy,0,0,52,42,FALSE,41.96939377,-71.29355357
12036,1/14/2013,January,Monday,13:55,2,2,2,0,Angle,V1: Travelling straight ahead / V2: Travelling straight ahead,V1: N  / V2: S,Dry,Daylight,Clear,0,0,52,42,FALSE,41.94757814,-71.27890389
12037,1/14/2013,January,Monday,16:22,2,1,1,0,Single vehicle crash,V1: Travelling straight ahead,V1: N,Dry,Daylight,Clear,0,0,52,42,FALSE,41.93521892,-71.29831576
12038,1/14/2013,January,Monday,16:24,1,1,0,0,Single vehicle crash,V1: Travelling straight ahead,V1: S,Dry,Daylight,Clear,0,0,52,42,FALSE,34.24438675,-73.6513909
12039,1/15/2013,January,Tuesday,14:13,1,2,0,0,Rear-end,V1: Travelling straight ahead / V2: Slowing or stopped in traffic,V1: W  / V2: W,Dry,Daylight,Cloudy,0.08,0,62,35,FALSE,41.94007226,-71.29032337
12040,1/16/2013,January,Wednesday,6:58,1,2,0,0,Rear-end,V1: Travelling straight ahead / V2: Slowing or stopped in traffic,V1: E  / V2: E,Snow,Daylight,Snow,0.3,2.4,42,32,TRUE,41.93397761,-71.31903245
12041,1/16/2013,January,Wednesday,7:23,2,2,1,0,Angle,V1: Travelling straight ahead / V2: Travelling straight ahead,V1: W  / V2: E,Snow,Daylight,Snow,0.3,2.4,42,32,TRUE,41.90500517,-71.33616438
12042,1/16/2013,January,Wednesday,16:05,2,2,1,0,Angle,V1: Entering traffic lane / V2: Travelling straight ahead,V1: E  / V2: N,Wet,Daylight,Cloudy,0.3,2.4,42,32,TRUE,41.9370756,-71.28238678
12043,1/16/2013,January,Wednesday,16:22,1,2,0,0,"Sideswipe, opposite direction",V1: Travelling straight ahead / V2: Travelling straight ahead,V1: N  / V2: S,Dry,Dusk,Clear,0.3,2.4,42,32,TRUE,41.91918588,-71.29927236
12044,1/16/2013,January,Wednesday,22:52,2,2,1,0,Angle,V1: Travelling straight ahead / V2: Travelling straight ahead,V1: W  / V2: N,Dry,Dark - lighted roadway,Cloudy,0.3,2.4,42,32,TRUE,41.93269195,-71.32821357
12045,1/17/2013,January,Thursday,6:22,2,1,1,0,Single vehicle crash,V1: Travelling straight ahead,V1: N,Ice,Dawn,Clear,0.21,0.8,34,30,TRUE,41.94153383,-71.28447675
12046,1/17/2013,January,Thursday,11:46,1,2,0,0,Rear-end,V1: Slowing or stopped in traffic / V2: Changing lanes,V1: W  / V2: W,Dry,Daylight,Clear,0.21,0.8,34,30,TRUE,41.94450501,-71.28411703
12047,1/17/2013,January,Thursday,16:00,1,2,0,0,Angle,V1: Travelling straight ahead / V2: Turning left,V1: W  / V2: S,"Sand, mud, dirt, oil, gravel",Daylight,Cloudy,0.21,0.8,34,30,TRUE,41.95260998,-71.26978509
12048,1/17/2013,January,Thursday,21:27,1,2,0,0,Rear-end,V1: Making U-turn / V2: Travelling straight ahead,V1: S  / V2: S,Dry,Dark - lighted roadway,Clear,0.21,0.8,34,30,TRUE,41.89882947,-71.3551367
12049,1/18/2013,January,Friday,8:52,1,2,0,0,Single vehicle crash,V1: Travelling straight ahead / V2: Parked,V1: S  / V2: N,Dry,Daylight,Clear,0,0,44,21,TRUE,41.93152244,-71.29127014
12050,1/18/2013,January,Friday,9:31,1,3,0,0,Rear-to-rear,V1: Travelling straight ahead / V2: Travelling straight ahead / V3: Travelling straight ahead,V1: N  / V2: N  / V3: N,Dry,Daylight,Cloudy,0,0,44,21,TRUE,41.96643836,-71.29074265
12051,1/18/2013,January,Friday,14:04,1,2,0,0,Rear-end,V1: Entering traffic lane / V2: Slowing or stopped in traffic,V1: N  / V2: N,Dry,Daylight,Clear,0,0,44,21,TRUE,41.90231124,-71.35597671
12052,1/18/2013,January,Friday,15:30,2,2,3,0,Rear-end,V1: Slowing or stopped in traffic / V2: Travelling straight ahead,V1: S  / V2: S,Dry,Daylight,Clear,0,0,44,21,TRUE,41.97015292,-71.29135147
12053,1/19/2013,January,Saturday,0:07,1,1,0,0,Single vehicle crash,V1: Travelling straight ahead,V1: S,Dry,Dark - lighted roadway,Clear,0,0,35,17,TRUE,41.93947348,-71.25098572
12054,1/19/2013,January,Saturday,15:41,1,2,0,0,Rear-end,V1: Travelling straight ahead / V2: Slowing or stopped in traffic,V1: N  / V2: N,Dry,Daylight,Clear,0,0,35,17,TRUE,41.90231844,-71.35595143
12055,1/19/2013,January,Saturday,18:06,0,1,0,0,Single vehicle crash,V1: Backing,V1: U,Dry,Dark - lighted roadway,Clear,0,0,35,17,TRUE,41.92609584,-71.22340934
12056,1/20/2013,January,Sunday,16:15,1,1,0,0,Angle,V1: Slowing or stopped in traffic,V1: E,Dry,Daylight,Clear,0,0,47,17,TRUE,41.90376957,-71.36650837
12057,1/20/2013,January,Sunday,19:26,0,2,0,0,"Sideswipe, same direction",V1: Changing lanes / V2: Changing lanes,V1: N  / V2: N,Dry,Dark - lighted roadway,Clear,0,0,47,17,TRUE,41.91082902,-71.36290776
12058,1/21/2013,January,Monday,1:08,1,1,0,0,Single vehicle crash,V1: Travelling straight ahead,V1: E,Dry,Dark - roadway not lighted,Clear,0,0,55,21,TRUE,41.91740884,-71.37503131
12059,1/21/2013,January,Monday,17:40,2,2,3,0,Rear-end,V1: Travelling straight ahead / V2: Slowing or stopped in traffic,V1: S  / V2: S,Wet,Dark - lighted roadway,Snow,0,0,55,21,TRUE,41.9170943,-71.35975551
12060,1/21/2013,January,Monday,19:35,1,2,0,0,Rear-end,V1: Slowing or stopped in traffic / V2: Slowing or stopped in traffic,V1: E  / V2: E,Snow,Dark - lighted roadway,Snow,0,0,55,21,TRUE,41.92404027,-71.32117733
12061,1/21/2013,January,Monday,20:00,1,1,0,0,Single vehicle crash,V1: Travelling straight ahead,V1: N,Snow,Dark - lighted roadway,Snow,0,0,55,21,TRUE,41.90330575,-71.33304145
12062,1/21/2013,January,Monday,23:57,2,1,1,0,Single vehicle crash,V1: Changing lanes,V1: N,Wet,Dark - roadway not lighted,Cloudy,0,0,55,21,TRUE,41.92886018,-71.3230987
12063,1/22/2013,January,Tuesday,14:36,1,2,0,0,Rear-end,V1: Travelling straight ahead / V2: Slowing or stopped in traffic,V1: W  / V2: W,Dry,Daylight,Clear,0.1,1.6,29,20,TRUE,41.96207697,-71.29835824
12064,1/22/2013,January,Tuesday,21:36,2,2,1,0,Rear-end,V1: Travelling straight ahead / V2: Slowing or stopped in traffic,V1: S  / V2: S,Dry,Dark - lighted roadway,Clear,0.1,1.6,29,20,TRUE,41.89618753,-71.37039513
12065,1/23/2013,January,Wednesday,6:56,1,2,0,0,Angle,V1: Turning left / V2: Turning right,V1: W  / V2: N,Dry,Dawn,Cloudy,0,0,26,8,TRUE,41.93505312,-71.29860583
12066,1/23/2013,January,Wednesday,9:38,1,2,0,0,"Sideswipe, same direction",V1: Travelling straight ahead / V2: Travelling straight ahead,V1: N  / V2: N,Dry,Daylight,Clear,0,0,26,8,TRUE,41.91981411,-71.35860614
12067,1/23/2013,January,Wednesday,13:05,1,2,0,0,Angle,V1: Travelling straight ahead / V2: Travelling straight ahead,V1: S  / V2: W,Dry,Daylight,Clear,0,0,26,8,TRUE,41.94121777,-71.2768631
12068,1/23/2013,January,Wednesday,13:16,1,1,0,0,Single vehicle crash,V1: Turning right,V1: W,Dry,Daylight,Clear,0,0,26,8,TRUE,41.93723012,-71.28375224
12069,1/23/2013,January,Wednesday,14:17,2,2,1,0,"Sideswipe, same direction",V1: Travelling straight ahead / V2: Travelling straight ahead,V1: S  / V2: E,Dry,Daylight,Clear,0,0,26,8,TRUE,41.94161856,-71.27925093
12070,1/26/2013,January,Saturday,17:41,2,3,3,0,Rear-end,V1: Travelling straight ahead / V2: Slowing or stopped in traffic / V3: Slowing or stopped in traffic,V1: S  / V2: S  / V3: S,Dry,Dark - lighted roadway,Cloudy,0,0,25,3,TRUE,41.90998013,-71.35802082
12071,1/27/2013,January,Sunday,19:21,1,1,0,0,Single vehicle crash,V1: Travelling straight ahead,V1: S,Dry,Dark - lighted roadway,Clear,0,0,26,10,TRUE,41.937965,-71.28590417
12072,1/28/2013,January,Monday,15:35,1,2,0,0,Angle,V1: Travelling straight ahead / V2: Turning left,V1: N  / V2: W,Wet,Daylight,Snow,0,0,31,11,TRUE,41.94519466,-71.28103716
12073,1/28/2013,January,Monday,17:05,2,3,1,0,Rear-end,V1: Slowing or stopped in traffic / V2: Travelling straight ahead / V3: Travelling straight ahead,V1: S  / V2: S  / V3: S,Wet,Dark - roadway not lighted,Rain,0,0,31,11,TRUE,41.92927403,-71.32377045
12074,1/29/2013,January,Tuesday,12:20,1,3,0,0,Rear-end,V1: Travelling straight ahead / V2: Slowing or stopped in traffic / V3: Slowing or stopped in traffic,V1: S  / V2: S  / V3: S,Wet,Daylight,Cloudy,0.16,0.7,32,15,TRUE,41.91981411,-71.35860614
12075,1/29/2013,January,Tuesday,18:02,1,2,0,0,Rear-end,V1: Travelling straight ahead / V2: Slowing or stopped in traffic,V1: N  / V2: N,Wet,Dark - lighted roadway,Cloudy,0.16,0.7,32,15,TRUE,41.93196369,-71.28509645
12076,1/30/2013,January,Wednesday,14:02,2,1,2,0,Single vehicle crash,V1: Travelling straight ahead,V1: S,Dry,Daylight,Clear,0.12,0,41,28,TRUE,34.24438675,-73.6513909
12077,1/30/2013,January,Wednesday,17:15,1,2,0,0,Rear-end,V1: Travelling straight ahead / V2: Travelling straight ahead,V1: S  / V2: S,Wet,Dark - lighted roadway,Cloudy/Rain,0.12,0,41,28,TRUE,41.89733197,-71.36979234
12078,1/30/2013,January,Wednesday,18:01,1,1,0,0,Single vehicle crash,V1: Turning left,V1: N,Wet,Dark - lighted roadway,Rain,0.12,0,41,28,TRUE,41.94791818,-71.28191291
12079,1/30/2013,January,Wednesday,19:06,2,3,6,0,Angle,V1: Turning left / V2: Travelling straight ahead / V3: Slowing or stopped in traffic,V1: N  / V2: 0 / V3: E,Wet,Dark - lighted roadway,Cloudy,0.12,0,41,28,TRUE,41.90998013,-71.35802082
12080,1/31/2013,January,Thursday,7:57,1,2,0,0,"Sideswipe, opposite direction",V1: Backing / V2: Parked,V1: 0 / V2: 0,Wet,Daylight,Cloudy/Rain,0.6,0,62,41,FALSE,41.93507804,-71.28489367
12081,1/31/2013,January,Thursday,8:29,1,2,0,0,"Sideswipe, same direction",V1: Travelling straight ahead / V2: Changing lanes,V1: E  / V2: E,Wet,Daylight,Cloudy/Rain,0.6,0,62,41,FALSE,41.94805404,-71.27831184
12082,1/31/2013,January,Thursday,14:55,2,2,1,0,0,V1: Entering traffic lane / V2: Travelling straight ahead,V1: Reported but invalid / V2: Reported but invalid,"Sand, mud, dirt, oil, gravel",Daylight,Clear,0.6,0,62,41,FALSE,41.9337145,-71.3002891
12083,2/1/2013,February,Friday,1:35,1,1,0,0,"Sideswipe, same direction",V1: Travelling straight ahead,V1: N,Dry,Dark - roadway not lighted,Clear,0.04,0,58,26,TRUE,41.90241817,-71.35561188
12084,2/1/2013,February,Friday,6:30,1,1,0,0,Single vehicle crash,V1: Travelling straight ahead,V1: S,Dry,Daylight,Clear,0.04,0,58,26,TRUE,41.90261276,-71.35590972
12085,2/1/2013,February,Friday,7:50,1,2,0,0,Angle,V1: Travelling straight ahead / V2: Backing,V1: N  / V2: E,Dry,Daylight,Clear,0.04,0,58,26,TRUE,41.94695626,-71.28766111
12086,2/2/2013,February,Saturday,11:56,1,2,0,0,Rear-end,V1: Slowing or stopped in traffic / V2: Slowing or stopped in traffic,V1: E  / V2: E,Dry,Daylight,Cloudy,0,0,34,18,TRUE,41.93386299,-71.31715934
12087,2/4/2013,February,Monday,9:00,1,2,0,0,Rear-end,V1: Slowing or stopped in traffic / V2: Travelling straight ahead,V1: N  / V2: N,Dry,Daylight,Clear,0,0,33,20,TRUE,41.95593405,-71.30346756
12088,2/4/2013,February,Monday,12:44,0,1,0,0,Single vehicle crash,V1: Travelling straight ahead,V1: S,Dry,Daylight,Cloudy,0,0,33,20,TRUE,41.93186951,-71.31331232
12089,2/6/2013,February,Wednesday,6:55,1,2,0,0,Angle,V1: Travelling straight ahead / V2: Turning left,V1: S  / V2: W,Snow,Dawn,Snow,0.07,0.9,26,22,TRUE,41.95076301,-71.27397064
12090,2/6/2013,February,Wednesday,7:21,1,2,0,0,Rear-end,V1: Travelling straight ahead / V2: Slowing or stopped in traffic,V1: W  / V2: W,Snow,Dawn,Snow,0.07,0.9,26,22,TRUE,41.94474439,-71.28165133
12091,2/6/2013,February,Wednesday,12:01,1,1,0,0,Single vehicle crash,V1: Turning left,V1: S,Snow,Daylight,Clear,0.07,0.9,26,22,TRUE,41.92744538,-71.29301889
12092,2/6/2013,February,Wednesday,15:10,1,2,0,0,"Sideswipe, same direction",V1: Travelling straight ahead / V2: Parked,V1: E  / V2: 0,Dry,Daylight,Clear,0.07,0.9,26,22,TRUE,41.94415162,-71.27320289
12093,2/6/2013,February,Wednesday,16:09,1,2,0,0,Rear-end,V1: Travelling straight ahead / V2: Turning left,V1: N  / V2: N,Dry,Dusk,Clear,0.07,0.9,26,22,TRUE,41.89754623,-71.3696829
12094,2/6/2013,February,Wednesday,17:50,1,2,0,0,Rear-end,V1: Travelling straight ahead / V2: Slowing or stopped in traffic,V1: N  / V2: N,Dry,Dark - lighted roadway,Cloudy,0.07,0.9,26,22,TRUE,41.95822429,-71.28762581
12095,2/7/2013,February,Thursday,8:03,2,2,1,0,Angle,V1: Turning left / V2: Travelling straight ahead,V1: E  / V2: N,Dry,Daylight,Clear,0,0,42,17,TRUE,41.91562886,-71.36047108
12096,2/7/2013,February,Thursday,10:22,1,2,0,0,Rear-end,V1: Turning left / V2: Travelling straight ahead,V1: N  / V2: N,Dry,Daylight,Clear,0,0,42,17,TRUE,41.93608923,-71.296466
12097,2/7/2013,February,Thursday,13:43,1,2,0,0,Rear-to-rear,V1: Backing / V2: Parked,V1: S  / V2: 0,Dry,Daylight,Clear,0,0,42,17,TRUE,41.93507804,-71.28489367
12098,2/7/2013,February,Thursday,15:17,1,2,0,0,"Sideswipe, same direction",V1: Overtaking/passing / V2: Travelling straight ahead,V1: Reported but invalid / V2: Reported but invalid,Dry,Daylight,Clear,0,0,42,17,TRUE,41.95090811,-71.27361366
12099,2/7/2013,February,Thursday,15:41,1,2,0,0,Rear-end,V1: Slowing or stopped in traffic / V2: Travelling straight ahead,V1: N  / V2: N,Dry,Daylight,Clear,0,0,42,17,TRUE,41.9396344,-71.26732859
12100,2/8/2013,February,Friday,6:48,2,2,1,0,Rear-end,V1: Travelling straight ahead / V2: Slowing or stopped in traffic,V1: N  / V2: N,Dry,Dawn,Clear,0,0,32,18,TRUE,41.90650554,-71.36512641
12101,2/8/2013,February,Friday,13:33,1,2,0,0,Rear-end,V1: Slowing or stopped in traffic / V2: Slowing or stopped in traffic,V1: E  / V2: E,Snow,Daylight,Cloudy,0,0,32,18,TRUE,41.92279203,-71.35723949
12102,2/8/2013,February,Friday,13:39,1,1,0,0,Single vehicle crash,V1: Travelling straight ahead,V1: N,Ice,Daylight,Snow,0,0,32,18,TRUE,41.90451433,-71.32469478
12103,2/8/2013,February,Friday,13:48,1,1,0,0,Single vehicle crash,V1: Travelling straight ahead,V1: E,Snow,Daylight,Snow,0,0,32,18,TRUE,41.9123716,-71.26785013
12104,2/8/2013,February,Friday,15:49,1,1,0,0,Single vehicle crash,V1: Travelling straight ahead,V1: W,Snow,Daylight,Snow,0,0,32,18,TRUE,41.92626385,-71.34598617
12105,2/8/2013,February,Friday,16:34,1,1,0,0,Single vehicle crash,V1: Backing,V1: N,Snow,Dark - roadway not lighted,Snow,0,0,32,18,TRUE,41.94245198,-71.28698244
12106,2/8/2013,February,Friday,16:34,1,2,0,0,"Sideswipe, opposite direction",V1: Turning right / V2: Turning left,V1: N  / V2: S,Snow,Daylight,Snow,0,0,32,18,TRUE,41.8995102,-71.35762445
12107,2/9/2013,February,Saturday,16:39,1,2,0,0,Rear-end,V1: Travelling straight ahead / V2: Slowing or stopped in traffic,V1: E  / V2: E,Snow,Dusk,Snow,1.75,21,32,16,TRUE,41.93152244,-71.29127014
12108,2/9/2013,February,Saturday,17:55,0,2,0,0,0,V1: Parked / V2: 0,V1: Reported but invalid / V2: 0,Snow,0,Snow,1.75,21,32,16,TRUE,41.92675288,-71.34334435
12109,2/9/2013,February,Saturday,18:07,1,2,0,0,Rear-end,V1: Travelling straight ahead / V2: Slowing or stopped in traffic,V1: S  / V2: S,Snow,Dark - lighted roadway,Snow,1.75,21,32,16,TRUE,41.93623387,-71.28481203
12110,2/9/2013,February,Saturday,23:33,1,2,0,0,Angle,V1: Backing / V2: Parked,V1: 0 / V2: Reported but invalid,Snow,Dark - lighted roadway,Snow,1.75,21,32,16,TRUE,41.94391945,-71.28157454
12111,2/10/2013,February,Sunday,12:30,1,2,0,0,Rear-end,V1: Slowing or stopped in traffic / V2: Travelling straight ahead,V1: S  / V2: S,Snow,Daylight,Clear,0.1,1.7,23,6,TRUE,41.90572177,-71.31732537
12112,2/10/2013,February,Sunday,16:10,1,1,0,0,Single vehicle crash,V1: Travelling straight ahead,V1: E,Snow,Daylight,Snow,0.1,1.7,23,6,TRUE,41.89804027,-71.37674712
12113,2/10/2013,February,Sunday,19:03,1,2,0,0,Rear-end,V1: Travelling straight ahead / V2: Slowing or stopped in traffic,V1: E  / V2: E,Snow,Dark - lighted roadway,Cloudy,0.1,1.7,23,6,TRUE,41.92387717,-71.35158914
12114,2/10/2013,February,Sunday,19:43,1,1,0,0,Angle,V1: Travelling straight ahead,V1: E,Snow,Dark - lighted roadway,Clear,0.1,1.7,23,6,TRUE,41.89588564,-71.3682051
12115,2/11/2013,February,Monday,9:48,1,2,0,0,Angle,V1: Changing lanes / V2: Travelling straight ahead,V1: N  / V2: N,Slush,Daylight,Rain,0,0,38,6,TRUE,41.95019519,-71.27516444
12116,2/11/2013,February,Monday,12:13,1,2,0,0,Angle,V1: Parked / V2: Travelling straight ahead,V1: Reported but invalid / V2: S,Snow,Daylight,Cloudy/Rain,0,0,38,6,TRUE,41.95545945,-71.2669166
12117,2/11/2013,February,Monday,12:44,1,2,0,0,"Sideswipe, same direction",V1: Backing / V2: Travelling straight ahead,V1: E  / V2: E,Snow,Daylight,Rain,0,0,38,6,TRUE,41.90607716,-71.34985946
12118,2/11/2013,February,Monday,16:26,1,1,0,0,Angle,V1: Backing,V1: S,Snow,Dark - lighted roadway,Snow,0,0,38,6,TRUE,41.90835788,-71.26774187
12119,2/11/2013,February,Monday,18:52,2,2,4,0,Rear-end,V1: Travelling straight ahead / V2: Slowing or stopped in traffic,V1: S  / V2: S,Wet,Dark - lighted roadway,Cloudy,0,0,38,6,TRUE,41.90258798,-71.35603514
12120,2/12/2013,February,Tuesday,6:57,1,2,0,0,Angle,V1: Travelling straight ahead / V2: Slowing or stopped in traffic,V1: N  / V2: E,Ice,Daylight,Clear,0.24,0,46,21,TRUE,41.92241545,-71.31336866
12121,2/12/2013,February,Tuesday,7:50,1,2,0,0,Angle,V1: Travelling straight ahead / V2: Travelling straight ahead,V1: S  / V2: N,Ice,Daylight,Clear,0.24,0,46,21,TRUE,41.93164315,-71.24510822
12122,2/12/2013,February,Tuesday,13:06,0,1,0,0,0,V1: Turning right,V1: E,Wet,Daylight,Clear,0.24,0,46,21,TRUE,41.93732881,-71.28475709
12123,2/12/2013,February,Tuesday,21:13,1,2,0,0,Rear-to-rear,V1: Parked / V2: Backing,V1: U  / V2: U,Ice,Dark - roadway not lighted,Cloudy,0.24,0,46,21,TRUE,34.24438675,-73.6513909
12124,2/13/2013,February,Wednesday,15:30,1,2,0,0,Angle,V1: Travelling straight ahead / V2: Travelling straight ahead,V1: W  / V2: S,"Sand, mud, dirt, oil, gravel",Daylight,Clear,0,0,47,24,TRUE,41.93601097,-71.28269451
12125,2/13/2013,February,Wednesday,15:49,2,2,1,0,Rear-end,V1: Travelling straight ahead / V2: Travelling straight ahead,V1: S  / V2: S,Dry,Daylight,Clear,0,0,47,24,TRUE,41.92927403,-71.32377045
12126,2/14/2013,February,Thursday,19:59,1,1,0,0,Single vehicle crash,V1: Turning right,V1: E,"Sand, mud, dirt, oil, gravel",Dark - lighted roadway,Cloudy,0.05,0.6,45,24,TRUE,41.89863276,-71.35506105
12127,2/15/2013,February,Friday,1:11,1,1,0,0,Single vehicle crash,V1: Turning left,V1: N,Ice,Dark - lighted roadway,Clear,0,0,46,23,TRUE,41.95076301,-71.27397064
12128,2/15/2013,February,Friday,16:14,2,1,1,0,Single vehicle crash,V1: Travelling straight ahead,V1: E,"Sand, mud, dirt, oil, gravel",Daylight,Clear,0,0,46,23,TRUE,41.93843051,-71.29261954
12129,2/15/2013,February,Friday,17:09,1,2,0,0,Angle,V1: Travelling straight ahead / V2: Travelling straight ahead,V1: S  / V2: E,Dry,Dusk,Clear,0,0,46,23,TRUE,41.91981411,-71.35860614
12130,2/16/2013,February,Saturday,7:54,1,2,0,0,Angle,V1: Travelling straight ahead / V2: Turning left,V1: S  / V2: E,Wet,Daylight,Snow,0,0,49,30,TRUE,41.95180679,-71.2898592
12131,2/16/2013,February,Saturday,8:10,1,2,0,0,Angle,V1: Turning left / V2: Travelling straight ahead,V1: E  / V2: E,Wet,Daylight,Cloudy,0,0,49,30,TRUE,41.93398416,-71.31904724
12132,2/16/2013,February,Saturday,14:27,1,2,0,0,Angle,V1: Turning left / V2: Travelling straight ahead,V1: E  / V2: S,Wet,Daylight,Snow,0,0,49,30,TRUE,41.92387717,-71.35158914
12133,2/17/2013,February,Sunday,3:44,2,2,1,0,Rear-end,V1: Parked / V2: Leaving traffic lane,V1: S  / V2: S,Snow,Dark - roadway not lighted,Snow,0.14,2.8,35,20,TRUE,41.92927403,-71.32377045
12134,2/17/2013,February,Sunday,7:08,2,2,2,0,Rear-end,V1: Travelling straight ahead / V2: Travelling straight ahead,V1: N  / V2: N,Snow,Daylight,Snow,0.14,2.8,35,20,TRUE,41.89835459,-71.36941126
12135,2/17/2013,February,Sunday,19:17,1,1,0,0,Single vehicle crash,V1: Travelling straight ahead,V1: W,Dry,Daylight,Cloudy,0.14,2.8,35,20,TRUE,41.94950355,-71.30038137
12136,2/18/2013,February,Monday,9:48,1,2,0,0,"Sideswipe, same direction",V1: Changing lanes / V2: Travelling straight ahead,V1: S  / V2: S,Dry,Daylight,Clear,0.06,0.8,24,14,TRUE,41.9168511,-71.35986807
12137,2/18/2013,February,Monday,15:57,1,2,0,0,Angle,V1: Travelling straight ahead / V2: Travelling straight ahead,V1: W  / V2: S,Dry,Daylight,Clear,0.06,0.8,24,14,TRUE,41.9370756,-71.28238678
12138,2/19/2013,February,Tuesday,6:00,2,1,1,0,Single vehicle crash,V1: Travelling straight ahead,V1: S,Snow,Daylight,Snow,0,0,32,14,TRUE,41.89861001,-71.36943215
12139,2/19/2013,February,Tuesday,10:57,3,1,0,1,Single vehicle crash,V1: Travelling straight ahead,V1: N,Dry,Daylight,Cloudy,0,0,32,14,TRUE,41.91546472,-71.32237373