ID,DATE,Month,Day of week,Crash Time,Crash Severity,Number of Vehicles,Total Nonfatal Injuries,Total Fatal Injuries,Manner of Collision,Vehicle Action Prior to Crash,Vehicle Travel Directions,Road Surface Condition,Ambient Light,Weather Condition,PRCP,SNOW,TMAX,TMIN,Ice,Longtitute,Latitute
12140,2/19/2013,February,Tuesday,12:10,1,2,0,0,Angle,V1: Turning right / V2: Travelling straight ahead,V1: W  / V2: N,Dry,Daylight,Clear,0,0,32,14,TRUE,41.93976913,-71.29072872
12141,2/19/2013,February,Tuesday,13:06,1,2,0,0,Angle,V1: Turning left / V2: Travelling straight ahead,V1: N  / V2: S,Dry,Daylight,Clear,0,0,32,14,TRUE,41.9202709,-71.35840769
12142,2/19/2013,February,Tuesday,16:40,2,2,1,0,Angle,V1: Turning left / V2: Travelling straight ahead,V1: E  / V2: N,Wet,Daylight,Cloudy/Rain,0,0,32,14,TRUE,41.93306281,-71.28502226
12143,2/20/2013,February,Wednesday,9:31,1,2,0,0,Angle,V1: Travelling straight ahead / V2: Turning right,V1: N  / V2: N,Dry,Daylight,Clear,0.52,0,47,22,TRUE,41.92900724,-71.28445227
12144,2/20/2013,February,Wednesday,9:44,1,2,0,0,Rear-to-rear,V1: Slowing or stopped in traffic / V2: Backing,V1: S  / V2: N,Dry,Daylight,Clear,0.52,0,47,22,TRUE,34.24438675,-73.6513909
12145,2/20/2013,February,Wednesday,10:59,2,3,1,0,Angle,V1: Entering traffic lane / V2: Travelling straight ahead / V3: Slowing or stopped in traffic,V1: Reported but invalid / V2: Reported but invalid / V3: Reported but invalid,Dry,Daylight,Clear,0.52,0,47,22,TRUE,41.95260998,-71.26978509
12146,2/20/2013,February,Wednesday,14:40,2,2,1,0,Rear-end,V1: Travelling straight ahead / V2: Slowing or stopped in traffic,V1: N  / V2: N,Dry,Daylight,Clear,0.52,0,47,22,TRUE,41.92644259,-71.35554103
12147,2/20/2013,February,Wednesday,16:55,2,1,1,0,Single vehicle crash,V1: Travelling straight ahead,V1: N,Dry,Daylight,Clear,0.52,0,47,22,TRUE,41.90451641,-71.36613394
12148,2/21/2013,February,Thursday,12:08,1,2,0,0,Rear-end,V1: Travelling straight ahead / V2: Slowing or stopped in traffic,V1: N  / V2: N,Dry,Daylight,Clear,0,0,38,22,TRUE,41.91649569,-71.30362942
12149,2/21/2013,February,Thursday,23:45,1,1,0,0,Single vehicle crash,V1: Travelling straight ahead,V1: N,Dry,Dark - lighted roadway,Clear,0,0,38,22,TRUE,41.92106224,-71.35732826
12150,2/22/2013,February,Friday,14:40,1,2,0,0,Rear-end,V1: Travelling straight ahead / V2: Turning right,V1: N  / V2: N,Dry,Daylight,Clear,0,0,36,24,TRUE,41.91463957,-71.35904891
12151,2/23/2013,February,Saturday,0:10,1,1,0,0,Rear-end,V1: Travelling straight ahead,V1: S,Dry,Dark - roadway not lighted,Clear,0,0,40,26,TRUE,41.97015292,-71.29135147
12152,2/23/2013,February,Saturday,4:40,1,2,0,0,"Sideswipe, same direction",V1: Travelling straight ahead / V2: Changing lanes,V1: S  / V2: S,Dry,Dark - roadway not lighted,Clear,0,0,40,26,TRUE,41.93319076,-71.32049137
12153,2/23/2013,February,Saturday,13:22,1,2,0,0,Angle,V1: Entering traffic lane / V2: Slowing or stopped in traffic,V1: W  / V2: E,Dry,Daylight,Cloudy,0,0,40,26,TRUE,41.93394912,-71.30898994
12154,2/23/2013,February,Saturday,15:37,1,2,0,0,Angle,V1: Entering traffic lane / V2: Travelling straight ahead,V1: S  / V2: E,Wet,Daylight,Rain,0,0,40,26,TRUE,41.94757814,-71.27890389
12155,2/23/2013,February,Saturday,16:19,1,2,0,0,Angle,V1: Turning left / V2: Travelling straight ahead,V1: E  / V2: N,Wet,Daylight,Snow,0,0,40,26,TRUE,41.92900797,-71.28446457
12156,2/23/2013,February,Saturday,17:15,2,2,6,0,Rear-end,V1: Backing / V2: Slowing or stopped in traffic,V1: W  / V2: E,Wet,Dark - lighted roadway,Snow,0,0,40,26,TRUE,41.92508738,-71.35628348
12157,2/24/2013,February,Sunday,18:16,0,1,0,0,Rear-end,V1: Parked,V1: W,Wet,Dark - lighted roadway,Snow,0.84,0.2,39,32,TRUE,41.93839894,-71.28334259
12158,2/25/2013,February,Monday,7:55,2,2,1,0,Rear-end,V1: Travelling straight ahead / V2: Slowing or stopped in traffic,V1: S  / V2: S,Wet,Daylight,Clear,0.4,1.6,39,29,TRUE,41.90998013,-71.35802082
12159,2/25/2013,February,Monday,17:11,0,2,0,0,Angle,V1: Parked / V2: Backing,V1: W  / V2: N,Dry,Dusk,Clear,0.4,1.6,39,29,TRUE,41.94387319,-71.27609157
12160,2/26/2013,February,Tuesday,13:01,1,2,0,0,Rear-end,V1: Slowing or stopped in traffic / V2: Turning left,V1: W  / V2: W,Dry,Daylight,Clear,0,0,43,27,TRUE,41.94257686,-71.27448379
12161,2/27/2013,February,Wednesday,10:46,2,3,3,0,"Sideswipe, opposite direction",V1: Leaving traffic lane / V2: Travelling straight ahead / V3: Travelling straight ahead,V1: E  / V2: W  / V3: W,Wet,Daylight,Rain,0.26,0,46,27,TRUE,41.92054648,-71.30916027
12162,2/27/2013,February,Wednesday,14:44,1,1,0,0,Single vehicle crash,V1: Travelling straight ahead,V1: S,Wet,Daylight,Rain,0.26,0,46,27,TRUE,41.89861001,-71.36943215
12163,2/27/2013,February,Wednesday,19:51,1,2,0,0,"Sideswipe, same direction",V1: Entering traffic lane / V2: Travelling straight ahead,V1: N  / V2: N,Wet,Dark - lighted roadway,Rain,0.26,0,46,27,TRUE,41.91981411,-71.35860614
12164,2/28/2013,February,Thursday,6:10,1,2,0,0,Angle,V1: Travelling straight ahead / V2: Entering traffic lane,V1: N  / V2: S,Wet,Daylight,Cloudy,0.76,0,41,36,FALSE,41.94245198,-71.28698244
12165,2/28/2013,February,Thursday,16:16,2,3,1,0,Rear-end,V1: Entering traffic lane / V2: Slowing or stopped in traffic / V3: Slowing or stopped in traffic,V1: S  / V2: S  / V3: S,Dry,Daylight,Cloudy,0.76,0,41,36,FALSE,41.90257525,-71.35603965
12166,2/28/2013,February,Thursday,18:47,1,1,0,0,Rear-end,V1: Slowing or stopped in traffic,V1: E,Dry,Dark - lighted roadway,Clear,0.76,0,41,36,FALSE,41.97015292,-71.29135147
12167,2/28/2013,February,Thursday,19:15,2,1,1,0,Single vehicle crash,V1: Travelling straight ahead,V1: S,Wet,Dark - roadway not lighted,Cloudy,0.76,0,41,36,FALSE,41.9538733,-71.31696811
12168,2/28/2013,February,Thursday,20:35,1,2,0,0,"Sideswipe, same direction",V1: Turning left / V2: Parked,V1: U  / V2: U,Dry,Dark - lighted roadway,Clear,0.76,0,41,36,FALSE,41.9210426,-71.35807244
12169,3/3/2013,March,Sunday,10:32,1,2,0,0,Rear-end,V1: Travelling straight ahead / V2: Slowing or stopped in traffic,V1: Reported but invalid / V2: Reported but invalid,Dry,Daylight,Clear,0,0,46,33,FALSE,41.94496867,-71.28468664
12170,3/3/2013,March,Sunday,11:02,1,1,0,0,Angle,V1: Travelling straight ahead,V1: N,Dry,Daylight,Clear,0,0,46,33,FALSE,41.94774809,-71.28390704
12171,3/3/2013,March,Sunday,14:56,2,2,2,0,Angle,V1: Turning left / V2: Travelling straight ahead,V1: N  / V2: S,Dry,Daylight,Clear,0,0,46,33,FALSE,41.9156749,-71.35896018
12172,3/4/2013,March,Monday,10:19,0,1,0,0,0,V1: Parked,V1: E,Dry,Daylight,Cloudy,0.01,0.1,44,28,TRUE,41.94612876,-71.27715033
12173,3/4/2013,March,Monday,23:47,0,1,0,0,Single vehicle crash,V1: Travelling straight ahead,V1: S,Dry,Dark - lighted roadway,Clear,0.01,0.1,44,28,TRUE,41.89861001,-71.36943215
12174,3/5/2013,March,Tuesday,8:00,1,1,0,0,Single vehicle crash,V1: Turning left,V1: E,Dry,Daylight,Clear,0,0,43,29,TRUE,41.94266173,-71.28390998
12175,3/5/2013,March,Tuesday,11:11,1,2,0,0,Angle,V1: Travelling straight ahead / V2: Travelling straight ahead,V1: W  / V2: N,Dry,Daylight,Clear,0,0,43,29,TRUE,41.9370756,-71.28238678
12176,3/5/2013,March,Tuesday,17:05,2,3,1,0,Rear-end,V1: Travelling straight ahead / V2: Slowing or stopped in traffic / V3: Slowing or stopped in traffic,V1: S  / V2: S  / V3: S,Dry,Daylight,Cloudy,0,0,43,29,TRUE,41.8969885,-71.35462582
12177,3/6/2013,March,Wednesday,11:31,1,2,0,0,Angle,V1: Turning left / V2: Travelling straight ahead,V1: W  / V2: E,Dry,Daylight,Clear,0.02,0,47,30,TRUE,41.93386542,-71.30225536
12178,3/6/2013,March,Wednesday,16:43,2,2,3,0,Angle,V1: Travelling straight ahead / V2: Turning left,V1: N  / V2: S,Wet,Daylight,Cloudy,0.02,0,47,30,TRUE,41.91449065,-71.36105328
12179,3/6/2013,March,Wednesday,19:14,2,1,1,0,Single vehicle crash,V1: Travelling straight ahead,V1: W,Wet,Dark - lighted roadway,Rain,0.02,0,47,30,TRUE,41.9201672,-71.24335952
12180,3/6/2013,March,Wednesday,19:53,0,2,0,0,Rear-end,V1: Travelling straight ahead / V2: 0,V1: 0 / V2: 0,Wet,Dark - lighted roadway,Rain,0.02,0,47,30,TRUE,41.96712418,-71.29097941
12181,3/6/2013,March,Wednesday,21:57,2,2,2,0,Rear-end,V1: Changing lanes / V2: Travelling straight ahead,V1: S  / V2: S,Wet,Dark - roadway not lighted,Rain,0.02,0,47,30,TRUE,41.96019116,-71.30118086
12182,3/7/2013,March,Thursday,1:17,2,1,1,0,Single vehicle crash,V1: Travelling straight ahead,V1: N,Wet,Dark - lighted roadway,Snow,0.32,2.4,42,32,TRUE,41.94402422,-71.29562381
12183,3/7/2013,March,Thursday,6:46,1,1,0,0,Single vehicle crash,V1: Travelling straight ahead,V1: W,Snow,Daylight,Snow,0.32,2.4,42,32,TRUE,41.90515828,-71.3175266
12184,3/7/2013,March,Thursday,7:10,1,2,0,0,Angle,V1: Changing lanes / V2: Travelling straight ahead,V1: S  / V2: S,Snow,Daylight,Snow,0.32,2.4,42,32,TRUE,41.90261276,-71.35590972
12185,3/7/2013,March,Thursday,10:04,1,1,0,0,Single vehicle crash,V1: Travelling straight ahead,V1: S,Slush,Daylight,Snow,0.32,2.4,42,32,TRUE,41.90689015,-71.29873827
12186,3/7/2013,March,Thursday,13:46,1,1,0,0,Angle,V1: Turning left,V1: W,Slush,Daylight,Snow,0.32,2.4,42,32,TRUE,41.93400167,-71.31333075
12187,3/7/2013,March,Thursday,14:34,1,2,0,0,"Sideswipe, same direction",V1: Travelling straight ahead / V2: Parked,V1: S  / V2: S,Slush,Daylight,Snow,0.32,2.4,42,32,TRUE,41.94311721,-71.28426924
12188,3/7/2013,March,Thursday,20:44,2,2,2,0,Single vehicle crash,V1: Entering traffic lane / V2: Travelling straight ahead,V1: E  / V2: S,Wet,Dark - lighted roadway,Snow,0.32,2.4,42,32,TRUE,41.91619723,-71.35885587
12189,3/7/2013,March,Thursday,21:14,1,2,0,0,Rear-end,V1: Travelling straight ahead / V2: Slowing or stopped in traffic,V1: S  / V2: S,Slush,Dark - lighted roadway,Snow,0.32,2.4,42,32,TRUE,41.9120082,-71.2587778
12190,3/8/2013,March,Friday,9:42,1,1,0,0,Single vehicle crash,V1: Travelling straight ahead,V1: N,Snow,Daylight,Snow,1.46,10.1,34,29,TRUE,41.92753918,-71.22353051
12191,3/8/2013,March,Friday,10:27,0,1,0,0,Single vehicle crash,V1: Travelling straight ahead,V1: N,Snow,Daylight,Snow,1.46,10.1,34,29,TRUE,41.90231124,-71.35597671
12192,3/8/2013,March,Friday,15:00,1,2,0,0,Rear-end,V1: Travelling straight ahead / V2: Backing,V1: Reported but invalid / V2: Reported but invalid,Snow,Daylight,Snow,1.46,10.1,34,29,TRUE,41.90778117,-71.30182275
12193,3/9/2013,March,Saturday,8:05,2,2,2,0,Head-on,V1: Travelling straight ahead / V2: Leaving traffic lane,V1: W  / V2: W,Wet,Daylight,Clear,0.81,7.2,38,29,TRUE,41.94160377,-71.26928268
12194,3/9/2013,March,Saturday,13:41,2,2,1,0,Rear-end,V1: Travelling straight ahead / V2: Slowing or stopped in traffic,V1: S  / V2: S,Dry,Daylight,Clear,0.81,7.2,38,29,TRUE,41.9293518,-71.3537312
12195,3/9/2013,March,Saturday,15:59,1,2,0,0,"Sideswipe, opposite direction",V1: Entering traffic lane / V2: Travelling straight ahead,V1: W  / V2: S,Dry,Daylight,Clear,0.81,7.2,38,29,TRUE,41.93306281,-71.28502226
12196,3/9/2013,March,Saturday,17:04,2,2,1,0,Angle,V1: Travelling straight ahead / V2: Travelling straight ahead,V1: W  / V2: S,Dry,Daylight,Clear,0.81,7.2,38,29,TRUE,41.94757814,-71.27890389
12197,3/9/2013,March,Saturday,18:22,2,2,1,0,Rear-end,V1: Travelling straight ahead / V2: Travelling straight ahead,V1: N  / V2: N,"Sand, mud, dirt, oil, gravel",Dark - lighted roadway,Cloudy,0.81,7.2,38,29,TRUE,41.9250735,-71.35622629
12198,3/10/2013,March,Sunday,11:11,1,2,0,0,Angle,V1: Turning left / V2: Travelling straight ahead,V1: E  / V2: W,Dry,Daylight,Clear,0,0,44,26,TRUE,41.95257611,-71.26987665
12199,3/11/2013,March,Monday,9:09,1,2,0,0,Rear-end,V1: Travelling straight ahead / V2: Slowing or stopped in traffic,V1: Reported but invalid / V2: 0,"Sand, mud, dirt, oil, gravel",Daylight,Cloudy,0,0,46,28,TRUE,41.92241545,-71.31336866
12200,3/12/2013,March,Tuesday,12:14,1,2,0,0,"Sideswipe, same direction",V1: Changing lanes / V2: Travelling straight ahead,V1: W  / V2: W,Dry,Daylight,Clear,0,0,50,36,FALSE,41.93418941,-71.29971076
12201,3/12/2013,March,Tuesday,21:33,1,1,0,0,0,V1: Parked,V1: S,Wet,Dark - lighted roadway,Rain,0,0,50,36,FALSE,34.24438675,-73.6513909
12202,3/13/2013,March,Wednesday,10:38,1,2,0,0,"Sideswipe, same direction",V1: Slowing or stopped in traffic / V2: Changing lanes,V1: E  / V2: E,Dry,Daylight,Clear,0.77,0,56,38,FALSE,41.93359015,-71.30040441
12203,3/13/2013,March,Wednesday,10:44,2,2,1,0,"Sideswipe, same direction",V1: Travelling straight ahead / V2: Parked,V1: N  / V2: N,Dry,Daylight,Clear,0.77,0,56,38,FALSE,41.92963249,-71.30259204
12204,3/13/2013,March,Wednesday,20:46,2,2,3,0,Angle,V1: Travelling straight ahead / V2: 0,V1: S  / V2: 0,Dry,Dark - lighted roadway,Clear,0.77,0,56,38,FALSE,41.90682609,-71.35698151
12205,3/15/2013,March,Friday,5:35,1,2,0,0,Angle,V1: Travelling straight ahead / V2: Travelling straight ahead,V1: E  / V2: N,Dry,Dark - lighted roadway,Clear,0,0,37,20,TRUE,41.94431166,-71.28140274
12206,3/15/2013,March,Friday,22:08,0,1,0,0,Single vehicle crash,V1: Travelling straight ahead,V1: S,Dry,Dark - lighted roadway,Clear,0,0,37,20,TRUE,41.96031685,-71.29671092
12207,3/16/2013,March,Saturday,7:15,1,1,0,0,Single vehicle crash,V1: Travelling straight ahead,V1: S,Dry,Dawn,Clear,0,0,43,22,TRUE,41.9079342,-71.35745922
12208,3/17/2013,March,Sunday,1:03,1,2,0,0,Angle,V1: Travelling straight ahead / V2: Travelling straight ahead,V1: W  / V2: N,Dry,Dark - lighted roadway,Clear,0,0,42,23,TRUE,41.91555446,-71.36051036
12209,3/17/2013,March,Sunday,19:21,1,2,0,0,0,V1: Backing / V2: Parked,V1: U  / V2: U,Dry,Daylight,Clear,0,0,42,23,TRUE,41.94173806,-71.28462074
12210,3/18/2013,March,Monday,2:23,2,1,1,0,Head-on,V1: Travelling straight ahead,V1: N,Dry,Dark - lighted roadway,Clear,0,0,41,17,TRUE,41.96254208,-71.28828373
12211,3/18/2013,March,Monday,8:19,1,2,0,0,"Sideswipe, same direction",V1: Changing lanes / V2: Travelling straight ahead,V1: E  / V2: E,Dry,Daylight,Clear,0,0,41,17,TRUE,41.91981411,-71.35860614
12212,3/18/2013,March,Monday,11:29,2,2,1,0,"Sideswipe, opposite direction",V1: Travelling straight ahead / V2: Slowing or stopped in traffic,V1: N  / V2: S,Dry,Daylight,Clear,0,0,41,17,TRUE,41.96306612,-71.28865133
12213,3/18/2013,March,Monday,19:45,2,2,2,0,Rear-end,V1: Travelling straight ahead / V2: Slowing or stopped in traffic,V1: W  / V2: W,Dry,Dark - roadway not lighted,Clear,0,0,41,17,TRUE,41.95451461,-71.24992613
12214,3/19/2013,March,Tuesday,7:38,1,1,0,0,Head-on,V1: Travelling straight ahead,V1: E,Snow,Daylight,Snow,0.46,3,39,18,TRUE,34.24438675,-73.6513909
12215,3/19/2013,March,Tuesday,9:05,2,1,1,0,Single vehicle crash,V1: Travelling straight ahead,V1: S,Snow,Daylight,Snow,0.46,3,39,18,TRUE,34.24438675,-73.6513909
12216,3/19/2013,March,Tuesday,9:39,1,1,0,0,Single vehicle crash,V1: Travelling straight ahead,V1: S,Snow,Daylight,Snow,0.46,3,39,18,TRUE,41.96303438,-71.30014734
12217,3/19/2013,March,Tuesday,12:43,1,2,0,0,"Sideswipe, opposite direction",V1: Turning left / V2: Slowing or stopped in traffic,V1: W  / V2: N,Wet,Daylight,Cloudy/Rain,0.46,3,39,18,TRUE,41.92838172,-71.2762977
12218,3/20/2013,March,Wednesday,10:58,1,2,0,0,Rear-end,V1: Travelling straight ahead / V2: Turning left,V1: S  / V2: S,Dry,Daylight,Clear,0.6,0,38,26,TRUE,41.89733197,-71.36979234
12219,3/20/2013,March,Wednesday,21:15,2,1,3,0,0,V1: Travelling straight ahead,V1: S,Dry,Dark - lighted roadway,Clear,0.6,0,38,26,TRUE,41.89861001,-71.36943215
12220,3/21/2013,March,Thursday,7:55,1,2,0,0,"Sideswipe, same direction",V1: Turning right / V2: Parked,V1: E  / V2: E,Dry,Daylight,Clear,0,0,42,24,TRUE,41.90938582,-71.36750059
12221,3/22/2013,March,Friday,17:18,1,2,0,0,Angle,V1: Entering traffic lane / V2: Travelling straight ahead,V1: W  / V2: S,Dry,Daylight,Clear,0.14,2.7,38,27,TRUE,41.93505312,-71.29860583
12222,3/23/2013,March,Saturday,7:17,1,1,0,0,Single vehicle crash,V1: Leaving traffic lane,V1: S,Dry,Daylight,Clear,0,0,44,26,TRUE,41.93493915,-71.26208933
12223,3/23/2013,March,Saturday,13:13,1,2,0,0,Head-on,V1: Travelling straight ahead / V2: Travelling straight ahead,V1: W  / V2: E,Dry,Daylight,Clear,0,0,44,26,TRUE,41.95329818,-71.27835521
12224,3/23/2013,March,Saturday,16:40,0,2,0,0,0,V1: 0 / V2: Parked,V1: 0 / V2: Reported but invalid,Dry,Daylight,Clear,0,0,44,26,TRUE,41.96599051,-71.29284356
12225,3/23/2013,March,Saturday,21:51,1,2,0,0,Angle,V1: Slowing or stopped in traffic / V2: Turning right,V1: N  / V2: E,Dry,Dark - lighted roadway,Clear,0,0,44,26,TRUE,41.89618753,-71.37039513
12226,3/24/2013,March,Sunday,13:59,1,1,0,0,"Sideswipe, same direction",V1: Travelling straight ahead,V1: S,Dry,Daylight,Clear,0,0,45,29,TRUE,41.91977948,-71.35862075
12227,3/25/2013,March,Monday,8:31,1,2,0,0,"Sideswipe, same direction",V1: Changing lanes / V2: Changing lanes,V1: N  / V2: N,Dry,Daylight,Clear,0,0,51,29,TRUE,41.90231844,-71.35595143
12228,3/25/2013,March,Monday,8:34,1,1,0,0,"Sideswipe, same direction",V1: Travelling straight ahead,V1: S,Dry,Daylight,Clear,0,0,51,29,TRUE,41.90261276,-71.35590972
12229,3/26/2013,March,Tuesday,7:39,1,2,0,0,Rear-end,V1: Slowing or stopped in traffic / V2: Slowing or stopped in traffic,V1: E  / V2: E,Dry,Daylight,Cloudy,0.09,0.1,48,31,TRUE,41.93409799,-71.31895722
12230,3/26/2013,March,Tuesday,14:28,1,2,0,0,Angle,V1: Travelling straight ahead / V2: Travelling straight ahead,V1: S  / V2: W,Dry,Daylight,Clear,0.09,0.1,48,31,TRUE,41.94396167,-71.27662963
12231,3/26/2013,March,Tuesday,22:33,2,2,1,0,Angle,V1: Entering traffic lane / V2: Travelling straight ahead,V1: S  / V2: W,Dry,Dark - lighted roadway,Clear,0.09,0.1,48,31,TRUE,41.93223928,-71.29381389
12232,3/27/2013,March,Wednesday,8:09,1,1,0,0,Single vehicle crash,V1: Travelling straight ahead,V1: N,Dry,Daylight,Clear,0,0,50,26,TRUE,41.95949687,-71.28775942
12233,3/27/2013,March,Wednesday,8:15,2,1,1,0,Single vehicle crash,V1: Travelling straight ahead,V1: S,Dry,Daylight,Clear,0,0,50,26,TRUE,41.9320737,-71.29643846
12234,3/29/2013,March,Friday,17:29,1,2,0,0,Angle,V1: Travelling straight ahead / V2: Turning left,V1: W  / V2: E,Dry,Daylight,Cloudy,0,0,49,34,FALSE,41.93501828,-71.29865487
12235,3/29/2013,March,Friday,21:11,2,2,1,0,Angle,V1: Turning left / V2: Travelling straight ahead,V1: W  / V2: N,Dry,Dark - lighted roadway,Clear,0,0,49,34,FALSE,41.91082902,-71.36290776
12236,3/29/2013,March,Friday,22:01,2,2,1,0,Rear-end,V1: Travelling straight ahead / V2: Slowing or stopped in traffic,V1: S  / V2: S,Dry,Dark - lighted roadway,Cloudy,0,0,49,34,FALSE,41.91194929,-71.36233897
12237,3/30/2013,March,Saturday,9:59,1,2,0,0,Angle,V1: Backing / V2: Parked,V1: S  / V2: U,Dry,Daylight,Clear,0,0,59,37,FALSE,41.93711096,-71.29262459
12238,3/30/2013,March,Saturday,11:23,2,1,1,0,Single vehicle crash,V1: Travelling straight ahead,V1: S,Dry,Daylight,Clear,0,0,59,37,FALSE,41.96362652,-71.30083669
12239,3/30/2013,March,Saturday,13:37,2,4,1,0,Rear-end,V1: Slowing or stopped in traffic / V2: Slowing or stopped in traffic / V3: Travelling straight ahead / V4: Travelling straight ahead,V1: W  / V2: W  / V3: W  / V4: W,Dry,Daylight,Clear,0,0,59,37,FALSE,41.93359015,-71.30040441
12240,3/30/2013,March,Saturday,20:03,2,2,1,0,Angle,V1: Backing / V2: Parked,V1: W  / V2: 0,Dry,Dark - lighted roadway,Clear,0,0,59,37,FALSE,41.92211012,-71.36318852
12241,3/30/2013,March,Saturday,20:03,2,1,1,0,Single vehicle crash,V1: Changing lanes,V1: N,Dry,Dark - roadway not lighted,Clear,0,0,59,37,FALSE,41.90231844,-71.35595143
12242,3/31/2013,March,Sunday,4:37,1,1,0,0,Single vehicle crash,V1: Travelling straight ahead,V1: W,Dry,Dark - lighted roadway,Clear,0,0,60,27,TRUE,41.92546276,-71.34054275
12243,3/31/2013,March,Sunday,12:17,1,1,0,0,Single vehicle crash,V1: Travelling straight ahead,V1: N,Dry,Daylight,Clear,0,0,60,27,TRUE,41.92298549,-71.35714757
12244,4/1/2013,April,Monday,14:06,1,2,0,0,Angle,V1: Backing / V2: Parked,V1: Reported but invalid / V2: Reported but invalid,Dry,Daylight,Clear,0.26,0,60,27,TRUE,41.89877036,-71.35512121
12245,4/1/2013,April,Monday,15:24,1,2,0,0,Rear-end,V1: Travelling straight ahead / V2: Travelling straight ahead,V1: S  / V2: S,Dry,Daylight,Clear,0.26,0,60,27,TRUE,41.94330896,-71.27265641
12246,4/1/2013,April,Monday,17:31,1,2,0,0,Rear-end,V1: Entering traffic lane / V2: Travelling straight ahead,V1: S  / V2: S,Dry,Daylight,Clear,0.26,0,60,27,TRUE,41.89971033,-71.35535904
12247,4/2/2013,April,Tuesday,16:17,1,2,0,0,Angle,V1: Entering traffic lane / V2: Travelling straight ahead,V1: N  / V2: W,Dry,Daylight,Clear,0.14,0,61,28,TRUE,41.94090246,-71.27361975
12248,4/3/2013,April,Wednesday,21:49,2,1,1,0,Single vehicle crash,V1: Travelling straight ahead,V1: W,Dry,Dark - lighted roadway,Clear,0,0,44,28,TRUE,41.9231384,-71.22902805
12249,4/4/2013,April,Thursday,13:47,2,3,1,0,Rear-end,V1: Slowing or stopped in traffic / V2: Slowing or stopped in traffic / V3: Changing lanes,V1: N  / V2: N  / V3: N,Dry,Daylight,Clear,0,0,48,28,TRUE,41.95593405,-71.30346756
12250,4/4/2013,April,Thursday,13:48,2,3,1,0,Rear-end,V1: Travelling straight ahead / V2: Travelling straight ahead / V3: Slowing or stopped in traffic,V1: W  / V2: W  / V3: W,Dry,Daylight,Clear,0,0,48,28,TRUE,41.93843051,-71.29261954
12251,4/4/2013,April,Thursday,19:52,1,1,0,0,"Sideswipe, opposite direction",V1: Travelling straight ahead,V1: N,0,Dark - 0 roadway lighting,Clear,0,0,48,28,TRUE,41.90521656,-71.30082894
12252,4/5/2013,April,Friday,13:59,1,2,0,0,Rear-end,V1: Travelling straight ahead / V2: Travelling straight ahead,V1: N  / V2: N,Dry,Daylight,Clear,0,0,55,29,TRUE,41.91325585,-71.3590575
12253,4/5/2013,April,Friday,19:04,0,1,0,0,Rear-end,V1: Travelling straight ahead,V1: W,Dry,Daylight,Clear,0,0,55,29,TRUE,41.93405012,-71.31579284
12254,4/6/2013,April,Saturday,12:03,2,2,1,0,Rear-end,V1: Travelling straight ahead / V2: Travelling straight ahead,V1: N  / V2: N,Dry,Daylight,Clear,0,0,61,33,FALSE,41.90231124,-71.35597671
12255,4/6/2013,April,Saturday,13:07,1,2,0,0,Rear-end,V1: Travelling straight ahead / V2: Travelling straight ahead,V1: E  / V2: E,Dry,Daylight,Clear,0,0,61,33,FALSE,41.94586371,-71.28073807
12256,4/6/2013,April,Saturday,14:55,1,2,0,0,Rear-end,V1: Slowing or stopped in traffic / V2: Travelling straight ahead,V1: N  / V2: N,Dry,Daylight,Clear,0,0,61,33,FALSE,41.90241817,-71.35561188
12257,4/6/2013,April,Saturday,15:02,1,2,0,0,"Sideswipe, same direction",V1: Travelling straight ahead / V2: Travelling straight ahead,V1: S  / V2: S,Dry,Daylight,Clear,0,0,61,33,FALSE,41.94231024,-71.28253433
12258,4/6/2013,April,Saturday,15:25,1,2,0,0,Angle,V1: Travelling straight ahead / V2: Backing,V1: W  / V2: W,Dry,Daylight,Clear,0,0,61,33,FALSE,41.90693415,-71.37168202
12259,4/6/2013,April,Saturday,17:53,1,1,0,0,Single vehicle crash,V1: Travelling straight ahead,V1: N,Dry,Daylight,Clear,0,0,61,33,FALSE,41.94799617,-71.27838738
12260,4/7/2013,April,Sunday,6:17,2,1,1,0,Single vehicle crash,V1: Travelling straight ahead,V1: S,Dry,Daylight,Cloudy,0,0,49,25,TRUE,41.89754623,-71.3696829
12261,4/7/2013,April,Sunday,12:44,1,2,0,0,Angle,V1: Slowing or stopped in traffic / V2: Travelling straight ahead,V1: S  / V2: W,Dry,Daylight,Clear,0,0,49,25,TRUE,41.92387717,-71.35158914
12262,4/7/2013,April,Sunday,15:48,2,2,2,0,Rear-end,V1: Travelling straight ahead / V2: Slowing or stopped in traffic,V1: S  / V2: S,Dry,Daylight,Clear,0,0,49,25,TRUE,41.92339151,-71.29102764
12263,4/12/2013,April,Friday,17:10,1,2,0,0,Rear-end,V1: Slowing or stopped in traffic / V2: Travelling straight ahead,V1: N  / V2: N,Wet,Daylight,Cloudy/Rain,0,0,56,40,FALSE,41.95177087,-71.32797909
12264,4/14/2013,April,Sunday,13:45,1,1,0,0,Single vehicle crash,V1: Other,V1: N,Dry,Daylight,Clear,0,0,57,37,FALSE,34.24438675,-73.6513909
12265,4/14/2013,April,Sunday,14:57,1,2,0,0,Rear-end,V1: Travelling straight ahead / V2: Slowing or stopped in traffic,V1: W  / V2: W,Dry,Daylight,Clear,0,0,57,37,FALSE,41.93239993,-71.29481178