ID,DATE,Month,Day of week,Crash Time,Crash Severity,Number of Vehicles,Total Nonfatal Injuries,Total Fatal Injuries,Manner of Collision,Vehicle Action Prior to Crash,Vehicle Travel Directions,Road Surface Condition,Ambient Light,Weather Condition,PRCP,SNOW,TMAX,TMIN,Ice,Longtitute,Latitute
12266,4/15/2013,April,Monday,3:56,1,2,0,0,"Sideswipe, opposite direction",V1: Travelling straight ahead / V2: Parked,V1: N  / V2: 0,Dry,Dark - lighted roadway,Clear,0,0,55,31,TRUE,41.94048151,-71.28139686
12267,4/15/2013,April,Monday,20:30,0,1,0,0,Angle,V1: Parked,V1: 0,Dry,Dark - lighted roadway,Cloudy,0,0,55,31,TRUE,41.94781153,-71.29077417
12268,4/16/2013,April,Tuesday,4:24,1,2,0,0,"Sideswipe, opposite direction",V1: Turning left / V2: Slowing or stopped in traffic,V1: N  / V2: E,Dry,Dark - lighted roadway,Clear,0,0,58,33,FALSE,41.94499193,-71.27949099
12269,4/16/2013,April,Tuesday,10:06,1,1,0,0,Single vehicle crash,V1: Leaving traffic lane,V1: E,Dry,Dark - lighted roadway,Clear,0,0,58,33,FALSE,41.92133613,-71.29624853
12270,4/17/2013,April,Wednesday,3:40,1,1,0,0,Single vehicle crash,V1: Travelling straight ahead,V1: S,Dry,Dark - lighted roadway,Clear,0,0,61,38,FALSE,41.91954079,-71.25775248
12271,4/17/2013,April,Wednesday,6:27,2,1,1,0,Angle,V1: Travelling straight ahead,V1: S,Dry,Daylight,Clear,0,0,61,38,FALSE,41.92241545,-71.31336866
12272,4/17/2013,April,Wednesday,10:30,1,2,0,0,Angle,V1: Travelling straight ahead / V2: Turning left,V1: N  / V2: N,Dry,Daylight,Clear,0,0,61,38,FALSE,41.96643836,-71.29074265
12273,4/17/2013,April,Wednesday,17:44,1,2,0,0,"Sideswipe, same direction",V1: Turning right / V2: Parked,V1: E  / V2: E,Dry,Daylight,Clear,0,0,61,38,FALSE,41.89832132,-71.35496031
12274,4/19/2013,April,Friday,8:08,1,2,0,0,Rear-end,V1: Travelling straight ahead / V2: Parked,V1: S  / V2: 0,"Sand, mud, dirt, oil, gravel",Daylight,Cloudy,0,0,65,39,FALSE,41.95785937,-71.29895455
12275,4/19/2013,April,Friday,14:23,2,2,3,0,Head-on,V1: Travelling straight ahead / V2: Travelling straight ahead,V1: W  / V2: E,Dry,Daylight,Cloudy,0,0,65,39,FALSE,41.92203556,-71.35456894
12276,4/19/2013,April,Friday,18:05,2,1,3,0,Single vehicle crash,V1: Turning right,V1: S,Wet,Daylight,Cloudy,0,0,65,39,FALSE,41.8999173,-71.36847604
12277,4/21/2013,April,Sunday,16:11,1,2,0,0,Angle,V1: Travelling straight ahead / V2: Turning right,V1: N  / V2: W,Dry,Daylight,Clear,0.17,0,61,33,FALSE,41.91653724,-71.36001753
12278,4/21/2013,April,Sunday,21:46,1,2,0,0,Angle,V1: Turning right / V2: Parked,V1: S  / V2: S,Dry,Dark - lighted roadway,Clear,0.17,0,61,33,FALSE,41.89824244,-71.34718458
12279,4/23/2013,April,Tuesday,15:17,1,1,0,0,Angle,V1: Turning left,V1: W,Dry,Daylight,Cloudy,0,0,53,39,FALSE,41.91711015,-71.37372238
12280,4/25/2013,April,Thursday,12:23,1,2,0,0,Rear-end,V1: Slowing or stopped in traffic / V2: Travelling straight ahead,V1: E  / V2: E,Dry,Daylight,Clear,0.08,0,72,43,FALSE,41.93742983,-71.26519759
12281,4/25/2013,April,Thursday,22:08,2,2,1,0,Rear-end,V1: Travelling straight ahead / V2: Travelling straight ahead,V1: S  / V2: S,Dry,Dark - roadway not lighted,Clear,0.08,0,72,43,FALSE,41.90256198,-71.35608558
12282,4/26/2013,April,Friday,20:12,1,2,0,0,Angle,V1: Travelling straight ahead / V2: Turning left,V1: N  / V2: S,Dry,Dark - lighted roadway,Clear,0.01,0,67,38,FALSE,41.94391945,-71.28157454
12283,4/27/2013,April,Saturday,3:18,1,1,0,0,Single vehicle crash,V1: Travelling straight ahead,V1: S,Dry,Dark - roadway not lighted,Clear,0,0,66,35,FALSE,41.90993274,-71.34023024
12284,4/27/2013,April,Saturday,17:24,1,2,0,0,"Sideswipe, same direction",V1: Overtaking/passing / V2: Travelling straight ahead,V1: S  / V2: S,Dry,Daylight,Cloudy,0,0,66,35,FALSE,41.90261276,-71.35590972
12285,4/27/2013,April,Saturday,17:32,1,2,0,0,"Sideswipe, same direction",V1: Changing lanes / V2: Travelling straight ahead,V1: N  / V2: N,Dry,Daylight,Clear,0,0,66,35,FALSE,41.90926275,-71.35780507
12286,4/28/2013,April,Sunday,1:00,2,1,1,0,Single vehicle crash,V1: Travelling straight ahead,V1: N,Dry,Dark - roadway not lighted,Clear,0,0,64,36,FALSE,41.92886018,-71.3230987
12287,4/30/2013,April,Tuesday,9:18,1,1,0,0,"Sideswipe, same direction",V1: Travelling straight ahead,V1: W,Dry,Daylight,Clear,0,0,68,37,FALSE,41.93860766,-71.26115887
12288,4/30/2013,April,Tuesday,11:13,1,2,0,0,Angle,V1: Backing / V2: Parked,V1: S  / V2: Reported but invalid,Dry,Daylight,Clear,0,0,68,37,FALSE,41.94468022,-71.28325128
12289,4/30/2013,April,Tuesday,19:00,1,2,0,0,"Sideswipe, same direction",V1: Entering traffic lane / V2: Entering traffic lane,V1: S  / V2: S,Dry,Daylight,Clear,0,0,68,37,FALSE,41.97396396,-71.29523823
12290,5/1/2013,May,Wednesday,16:43,2,2,2,0,Angle,V1: Entering traffic lane / V2: Travelling straight ahead,V1: E  / V2: S,Dry,Daylight,Clear,0,0,72,35,FALSE,41.90198819,-71.36742244
12291,5/1/2013,May,Wednesday,17:35,2,1,3,0,Single vehicle crash,V1: Travelling straight ahead,V1: S,Dry,Daylight,Clear,0,0,72,35,FALSE,41.95200008,-71.30681783
12292,5/1/2013,May,Wednesday,21:26,1,2,0,0,Angle,V1: Turning left / V2: Slowing or stopped in traffic,V1: S  / V2: W,Dry,Dark - lighted roadway,Clear,0,0,72,35,FALSE,41.93269195,-71.32821357
12293,5/2/2013,May,Thursday,1:15,1,1,0,0,Single vehicle crash,V1: Travelling straight ahead,V1: S,Dry,Dark - roadway not lighted,Clear,0,0,69,40,FALSE,34.24438675,-73.6513909
12294,5/2/2013,May,Thursday,8:53,1,1,0,0,Single vehicle crash,V1: Turning left,V1: N,Dry,Daylight,Clear,0,0,69,40,FALSE,41.89863276,-71.35506105
12295,5/2/2013,May,Thursday,13:28,2,2,1,0,Rear-end,V1: Parked / V2: Backing,V1: W  / V2: W,Dry,Daylight,Clear,0,0,69,40,FALSE,41.94648891,-71.28774862
12296,5/3/2013,May,Friday,15:22,2,3,1,0,Rear-end,V1: Travelling straight ahead / V2: Slowing or stopped in traffic / V3: Slowing or stopped in traffic,V1: W  / V2: W  / V3: W,Dry,Daylight,Clear,0,0,78,40,FALSE,41.93394954,-71.30903288
12297,5/4/2013,May,Saturday,6:34,1,1,0,0,Single vehicle crash,V1: Travelling straight ahead,V1: S,Dry,Dark - lighted roadway,Clear,0,0,60,37,FALSE,41.95754884,-71.2848527
12298,5/4/2013,May,Saturday,16:54,2,2,1,0,Angle,V1: Travelling straight ahead / V2: 0,V1: S  / V2: 0,Dry,Daylight,Clear,0,0,60,37,FALSE,41.94396167,-71.27662963
12299,5/5/2013,May,Sunday,14:06,1,2,0,0,Rear-end,V1: Travelling straight ahead / V2: Slowing or stopped in traffic,V1: S  / V2: S,Dry,Daylight,Clear,0,0,60,34,FALSE,41.9250735,-71.3562263
12300,5/5/2013,May,Sunday,16:50,1,2,0,0,Angle,V1: Turning right / V2: Travelling straight ahead,V1: S  / V2: S,Dry,Daylight,Clear,0,0,60,34,FALSE,41.92007513,-71.35849274
12301,5/5/2013,May,Sunday,19:37,2,2,1,0,Angle,V1: Turning left / V2: Travelling straight ahead,V1: E  / V2: S,Dry,Daylight,Clear,0,0,60,34,FALSE,41.91026562,-71.36319441
12302,5/5/2013,May,Sunday,21:28,1,2,0,0,Angle,V1: Travelling straight ahead / V2: Travelling straight ahead,V1: W  / V2: N,Dry,Dark - lighted roadway,Clear,0,0,60,34,FALSE,41.94121777,-71.2768631
12303,5/6/2013,May,Monday,8:41,1,2,0,0,Angle,V1: Backing / V2: Travelling straight ahead,V1: E  / V2: S,Dry,Daylight,Cloudy,0,0,61,39,FALSE,41.93740207,-71.29399928
12304,5/6/2013,May,Monday,16:48,2,2,1,0,Angle,V1: Travelling straight ahead / V2: Travelling straight ahead,V1: N  / V2: W,Dry,Daylight,Clear,0,0,61,39,FALSE,41.93946861,-71.28168616
12305,5/6/2013,May,Monday,18:47,1,1,0,0,Single vehicle crash,V1: Travelling straight ahead,V1: W,Dry,Daylight,Clear,0,0,61,39,FALSE,41.96669853,-71.29364417
12306,5/7/2013,May,Tuesday,8:46,1,2,0,0,Rear-end,V1: Slowing or stopped in traffic / V2: Travelling straight ahead,V1: S  / V2: S,Dry,Daylight,Clear,0,0,74,43,FALSE,41.9339911,-71.30301574
12307,5/7/2013,May,Tuesday,9:39,1,2,0,0,Angle,V1: Travelling straight ahead / V2: Turning right,V1: S  / V2: E,Dry,Daylight,Clear,0,0,74,43,FALSE,41.94548184,-71.28559201
12308,5/7/2013,May,Tuesday,14:45,1,2,0,0,Rear-end,V1: Travelling straight ahead / V2: Slowing or stopped in traffic,V1: W  / V2: W,Dry,Daylight,Clear,0,0,74,43,FALSE,41.93403731,-71.30601704
12309,5/7/2013,May,Tuesday,16:53,1,2,0,0,Angle,V1: Travelling straight ahead / V2: 0,V1: N  / V2: 0,Dry,Daylight,Clear,0,0,74,43,FALSE,41.89625678,-71.37035697
12310,5/7/2013,May,Tuesday,17:58,1,2,0,0,Angle,V1: Turning left / V2: Travelling straight ahead,V1: N  / V2: E,Dry,Daylight,Clear,0,0,74,43,FALSE,41.94430701,-71.30913523
12311,5/9/2013,May,Thursday,6:58,2,2,1,0,Angle,V1: Travelling straight ahead / V2: Travelling straight ahead,V1: E  / V2: N,Wet,Daylight,Cloudy,0.35,0,73,57,FALSE,41.94625923,-71.28694634
12312,5/9/2013,May,Thursday,19:49,2,2,2,0,Head-on,V1: Travelling straight ahead / V2: Travelling straight ahead,V1: N  / V2: S,Wet,Dusk,Cloudy/Rain,0.35,0,73,57,FALSE,41.91828427,-71.30609778
12313,5/10/2013,May,Friday,11:19,2,2,1,0,"Sideswipe, same direction",V1: Changing lanes / V2: Travelling straight ahead,V1: N  / V2: N,Dry,Daylight,Cloudy,0.25,0,68,54,FALSE,41.91987271,-71.35727438
12314,5/10/2013,May,Friday,14:46,2,2,1,0,Angle,V1: Travelling straight ahead / V2: Travelling straight ahead,V1: E  / V2: W,Dry,Daylight,Clear,0.25,0,68,54,FALSE,41.94459735,-71.28211765
12315,5/10/2013,May,Friday,14:59,1,1,0,0,Single vehicle crash,V1: Backing,V1: E,Dry,Daylight,Clear,0.25,0,68,54,FALSE,41.94800655,-71.2839537
12316,5/10/2013,May,Friday,21:27,2,1,2,0,Single vehicle crash,V1: Travelling straight ahead,V1: S,Dry,Dark - lighted roadway,Clear,0.25,0,68,54,FALSE,41.95280169,-71.29640028
12317,5/11/2013,May,Saturday,10:21,1,2,0,0,Rear-end,V1: Travelling straight ahead / V2: Slowing or stopped in traffic,V1: W  / V2: W,Dry,Daylight,Clear,0.02,0,81,55,FALSE,41.92574085,-71.35879143
12318,5/11/2013,May,Saturday,10:32,1,2,0,0,Angle,V1: Turning left / V2: Travelling straight ahead,V1: E  / V2: N,Dry,Daylight,Cloudy,0.02,0,81,55,FALSE,41.93126899,-71.35288693
12319,5/11/2013,May,Saturday,20:53,2,2,2,0,Rear-end,V1: Travelling straight ahead / V2: Travelling straight ahead,V1: S  / V2: S,0,Daylight,Clear,0.02,0,81,55,FALSE,41.8990797,-71.35507779
12320,5/11/2013,May,Saturday,23:47,2,1,1,0,Single vehicle crash,V1: Travelling straight ahead,V1: E,Dry,Dark - lighted roadway,Cloudy,0.02,0,81,55,FALSE,41.93065123,-71.2909525
12321,5/12/2013,May,Sunday,7:49,2,2,1,0,Angle,V1: Turning left / V2: Changing lanes,V1: N  / V2: S,Wet,Daylight,Cloudy,0.18,0,72,57,FALSE,41.93396483,-71.29999159
12322,5/12/2013,May,Sunday,17:15,1,2,0,0,Rear-end,V1: Travelling straight ahead / V2: Parked,V1: W  / V2: Reported but invalid,Dry,Daylight,Clear,0.18,0,72,57,FALSE,41.95448584,-71.28626459
12323,5/13/2013,May,Monday,0:57,1,2,0,0,Rear-end,V1: Travelling straight ahead / V2: Changing lanes,V1: N  / V2: N,Dry,Dark - roadway not lighted,Clear,0.02,0,74,38,FALSE,41.95593405,-71.30346756
12324,5/15/2013,May,Wednesday,7:44,1,2,0,0,Rear-end,V1: Slowing or stopped in traffic / V2: Slowing or stopped in traffic,V1: U  / V2: U,Dry,Daylight,Clear,0,0,61,35,FALSE,41.8991352,-71.35508813
12325,5/15/2013,May,Wednesday,16:20,1,2,0,0,Rear-end,V1: Slowing or stopped in traffic / V2: Travelling straight ahead,V1: N  / V2: N,Wet,Daylight,Rain,0,0,61,35,FALSE,41.95514928,-71.30432065
12326,5/15/2013,May,Wednesday,17:00,1,2,0,0,Angle,V1: Entering traffic lane / V2: Travelling straight ahead,V1: W  / V2: N,Wet,Daylight,Rain,0,0,61,35,FALSE,41.9404815,-71.28139686
12327,5/15/2013,May,Wednesday,17:30,1,2,0,0,"Sideswipe, same direction",V1: Turning left / V2: Travelling straight ahead,V1: N  / V2: N,Dry,Daylight,Clear,0,0,61,35,FALSE,41.93925682,-71.33385042
12328,5/15/2013,May,Wednesday,18:46,2,2,4,0,Rear-end,V1: Turning right / V2: Travelling straight ahead,V1: E  / V2: E,Wet,Daylight,Rain,0,0,61,35,FALSE,41.94958347,-71.27632657
12329,5/16/2013,May,Thursday,7:50,2,4,1,0,Rear-end,V1: Slowing or stopped in traffic / V2: Slowing or stopped in traffic / V3: Slowing or stopped in traffic / V4: Travelling straight ahead,V1: N  / V2: N  / V3: N  / V4: N,Dry,Daylight,Clear,0.02,0,65,39,FALSE,41.95593405,-71.30346756
12330,5/16/2013,May,Thursday,8:52,2,5,3,0,Angle,V1: Overtaking/passing / V2: Travelling straight ahead / V3: Slowing or stopped in traffic / V4: Slowing or stopped in traffic / V5: Parked,V1: S  / V2: S  / V3: N  / V4: N  / V5: 0,Dry,Daylight,Clear,0.02,0,65,39,FALSE,41.94450501,-71.28411703
12331,5/16/2013,May,Thursday,12:37,2,1,1,0,Single vehicle crash,V1: Backing,V1: N,Dry,Daylight,Clear,0.02,0,65,39,FALSE,41.94318733,-71.28595927
12332,5/17/2013,May,Friday,16:31,1,2,0,0,Rear-end,V1: Travelling straight ahead / V2: Slowing or stopped in traffic,V1: N  / V2: N,Dry,Daylight,Clear,0,0,84,47,FALSE,41.93421769,-71.2996754
12333,5/18/2013,May,Saturday,11:50,1,2,0,0,Angle,V1: Turning right / V2: Travelling straight ahead,V1: E  / V2: S,Dry,Daylight,Clear,0,0,72,37,FALSE,41.96643836,-71.29074265
12334,5/18/2013,May,Saturday,17:30,1,3,0,0,"Sideswipe, same direction",V1: Travelling straight ahead / V2: Travelling straight ahead / V3: Changing lanes,V1: N  / V2: N  / V3: N,Dry,Daylight,Clear,0,0,72,37,FALSE,41.89835459,-71.36941126
12335,5/18/2013,May,Saturday,23:53,2,1,1,0,Single vehicle crash,V1: Travelling straight ahead,V1: S,Dry,Dark - lighted roadway,Clear,0,0,72,37,FALSE,41.89821081,-71.35354975
12336,5/20/2013,May,Monday,1:45,1,1,0,0,Rear-end,V1: Travelling straight ahead,V1: S,Wet,Dark - roadway not lighted,Cloudy,0.12,0,73,49,FALSE,41.94445299,-71.31174652
12337,5/20/2013,May,Monday,12:56,1,2,0,0,Rear-end,V1: Slowing or stopped in traffic / V2: Slowing or stopped in traffic,V1: S  / V2: S,Dry,Daylight,Clear,0.12,0,73,49,FALSE,41.8990797,-71.35507779
12338,5/20/2013,May,Monday,16:16,1,1,0,0,Single vehicle crash,V1: Travelling straight ahead,V1: S,Dry,Daylight,Clear,0.12,0,73,49,FALSE,41.90261276,-71.35590972
12339,5/21/2013,May,Tuesday,7:25,1,2,0,0,"Sideswipe, same direction",V1: Overtaking/passing / V2: Travelling straight ahead,V1: S  / V2: S,Dry,Daylight,Clear,0,0,85,49,FALSE,41.96643836,-71.29074265
12340,5/21/2013,May,Tuesday,13:01,1,2,0,0,Rear-end,V1: Travelling straight ahead / V2: Turning left,V1: N  / V2: N,Dry,Daylight,Clear,0,0,85,49,FALSE,41.91760691,-71.31957433
12341,5/21/2013,May,Tuesday,15:01,1,2,0,0,Rear-end,V1: Travelling straight ahead / V2: Slowing or stopped in traffic,V1: S  / V2: S,Dry,Daylight,Clear,0,0,85,49,FALSE,41.90682608,-71.35698151
12342,5/22/2013,May,Wednesday,7:05,1,2,0,0,"Sideswipe, same direction",V1: Turning left / V2: Overtaking/passing,V1: N  / V2: N,Dry,Daylight,Cloudy,0.23,0,90,49,FALSE,41.9374227,-71.29402673
12343,5/22/2013,May,Wednesday,12:56,1,2,0,0,Rear-end,V1: Travelling straight ahead / V2: Slowing or stopped in traffic,V1: N  / V2: N,Dry,Daylight,Cloudy,0.23,0,90,49,FALSE,41.91657651,-71.35875486
12344,5/22/2013,May,Wednesday,13:38,1,1,0,0,Single vehicle crash,V1: Travelling straight ahead,V1: N,Dry,Daylight,Clear,0.23,0,90,49,FALSE,41.9269735,-71.3452078
12345,5/22/2013,May,Wednesday,16:48,2,1,1,0,Single vehicle crash,V1: Travelling straight ahead,V1: N,Dry,Daylight,Clear,0.23,0,90,49,FALSE,41.95351786,-71.30424849
12346,5/22/2013,May,Wednesday,17:12,1,2,0,0,Rear-end,V1: Changing lanes / V2: Travelling straight ahead,V1: S  / V2: S,Dry,Daylight,Clear,0.23,0,90,49,FALSE,41.97396396,-71.29523823
12347,5/23/2013,May,Thursday,1:49,1,1,0,0,Single vehicle crash,V1: Leaving traffic lane,V1: N,0,Dark - lighted roadway,Cloudy,0.02,0,72,53,FALSE,41.94758208,-71.27687472
12348,5/23/2013,May,Thursday,14:49,2,3,2,0,Rear-end,V1: Travelling straight ahead / V2: Slowing or stopped in traffic / V3: Slowing or stopped in traffic,V1: E  / V2: E  / V3: E,Dry,Daylight,Clear,0.02,0,72,53,FALSE,41.96937504,-71.29386822
12349,5/23/2013,May,Thursday,19:03,1,2,0,0,Rear-end,V1: Travelling straight ahead / V2: Turning left,V1: S  / V2: E,Dry,Dusk,Clear,0.02,0,72,53,FALSE,41.9156364,-71.32216122
12350,5/23/2013,May,Thursday,23:41,1,1,0,0,"Sideswipe, same direction",V1: Travelling straight ahead,V1: S,Wet,Dark - lighted roadway,Rain,0.02,0,72,53,FALSE,41.89903243,-71.355186
12351,5/24/2013,May,Friday,7:51,1,2,0,0,Angle,V1: Slowing or stopped in traffic / V2: Turning left,V1: S  / V2: E,Dry,Daylight,Cloudy,0.7,0,78,63,FALSE,41.94234382,-71.27289652
12352,5/24/2013,May,Friday,11:23,1,1,0,0,Head-on,V1: Parked,V1: W,Dry,Daylight,Cloudy,0.7,0,78,63,FALSE,41.9156749,-71.35896018
12353,5/24/2013,May,Friday,13:51,2,2,2,0,Head-on,V1: Turning left / V2: Travelling straight ahead,V1: S  / V2: W,Wet,Daylight,Cloudy/Rain,0.7,0,78,63,FALSE,41.92387717,-71.35158914
12354,5/25/2013,May,Saturday,14:48,1,2,0,0,Rear-end,V1: Travelling straight ahead / V2: Slowing or stopped in traffic,V1: N  / V2: N,Wet,Daylight,Cloudy/Rain,0.27,0,69,49,FALSE,41.90682608,-71.35698151
12355,5/25/2013,May,Saturday,15:35,2,2,1,0,Angle,V1: Slowing or stopped in traffic / V2: Travelling straight ahead,V1: W  / V2: N,Dry,Daylight,Clear,0.27,0,69,49,FALSE,41.9370756,-71.28238678
12356,5/27/2013,May,Monday,12:13,2,2,1,0,Angle,V1: Turning left / V2: Travelling straight ahead,V1: S  / V2: N,Dry,Daylight,Clear,0,0,62,40,FALSE,41.95130281,-71.27263126
12357,5/27/2013,May,Monday,15:25,1,1,0,0,Single vehicle crash,V1: Travelling straight ahead,V1: S,Dry,Daylight,Clear,0,0,62,40,FALSE,41.92927403,-71.32377045
12358,5/29/2013,May,Wednesday,17:26,2,2,3,0,"Sideswipe, same direction",V1: Changing lanes / V2: Travelling straight ahead,V1: S  / V2: S,Dry,Daylight,Cloudy,0.43,0,79,55,FALSE,41.89903243,-71.355186
12359,5/30/2013,May,Thursday,10:41,1,2,0,0,Angle,V1: Slowing or stopped in traffic / V2: Travelling straight ahead,V1: S  / V2: E,Dry,Daylight,Clear,0.6,0,76,59,FALSE,41.93304448,-71.28634923
12360,5/30/2013,May,Thursday,12:02,2,1,1,0,Single vehicle crash,V1: Other,V1: W,Dry,Daylight,Clear,0.6,0,76,59,FALSE,41.90935938,-71.36365972
12361,5/30/2013,May,Thursday,19:16,1,2,0,0,Rear-end,V1: Travelling straight ahead / V2: Travelling straight ahead,V1: S  / V2: S,Dry,Daylight,Clear,0.6,0,76,59,FALSE,41.95547759,-71.30411407
12362,5/31/2013,May,Friday,5:41,1,1,0,0,Single vehicle crash,V1: Travelling straight ahead,V1: N,Dry,Dawn,Clear,0,0,91,64,FALSE,41.95428777,-71.3119492
12363,6/1/2013,June,Saturday,3:38,2,2,3,0,Head-on,V1: Leaving traffic lane / V2: Travelling straight ahead,V1: E  / V2: W,Dry,Dark - lighted roadway,Clear,0,0,93,64,FALSE,41.92753918,-71.22353051
12364,6/1/2013,June,Saturday,10:31,1,1,0,0,Single vehicle crash,V1: Travelling straight ahead,V1: S,Dry,Daylight,Clear,0,0,93,64,FALSE,41.91571734,-71.32206102
12365,6/2/2013,June,Sunday,19:24,2,2,2,0,"Sideswipe, same direction",V1: Overtaking/passing / V2: Turning right,V1: S  / V2: S,Dry,Daylight,Clear,0,0,91,64,FALSE,41.90244694,-71.31991885
12366,6/4/2013,June,Tuesday,7:03,1,2,0,0,"Sideswipe, same direction",V1: Travelling straight ahead / V2: Slowing or stopped in traffic,V1: E  / V2: E,Dry,Daylight,Clear,0.38,0,74,49,FALSE,41.95075771,-71.29783234
12367,6/6/2013,June,Thursday,8:24,2,1,1,0,Single vehicle crash,V1: Travelling straight ahead,V1: S,Dry,Daylight,Clear,0,0,77,52,FALSE,41.89861001,-71.36943215
12368,6/7/2013,June,Friday,13:37,1,2,0,0,Angle,V1: Entering traffic lane / V2: Travelling straight ahead,V1: W  / V2: N,Wet,Daylight,Rain,0.09,0,74,55,FALSE,41.91392117,-71.36134195
12369,6/7/2013,June,Friday,17:40,2,1,1,0,Single vehicle crash,V1: Changing lanes,V1: S,Wet,Daylight,Rain,0.09,0,74,55,FALSE,41.89861001,-71.36943215
12370,6/7/2013,June,Friday,18:15,1,2,0,0,Rear-end,V1: Travelling straight ahead / V2: Slowing or stopped in traffic,V1: S  / V2: S,Wet,Daylight,Rain,0.09,0,74,55,FALSE,41.90255025,-71.35612621
12371,6/7/2013,June,Friday,18:38,1,1,0,0,Head-on,V1: Turning right,V1: 0,Wet,Dusk,Rain,0.09,0,74,55,FALSE,41.94007226,-71.29032337
12372,6/8/2013,June,Saturday,1:05,1,2,0,0,Angle,V1: Travelling straight ahead / V2: Parked,V1: W  / V2: 0,Wet,Dark - lighted roadway,Rain,4.07,0,60,54,FALSE,41.93709127,-71.27569326
12373,6/8/2013,June,Saturday,1:38,2,1,1,0,Single vehicle crash,V1: Travelling straight ahead,V1: S,Wet,Dark - lighted roadway,Rain,4.07,0,60,54,FALSE,41.89429217,-71.37624177
12374,6/8/2013,June,Saturday,3:53,1,1,0,0,Single vehicle crash,V1: Travelling straight ahead,V1: S,Wet,Dark - lighted roadway,Rain,4.07,0,60,54,FALSE,41.91044592,-71.28309302
12375,6/8/2013,June,Saturday,10:45,1,2,0,0,"Sideswipe, same direction",V1: Travelling straight ahead / V2: Entering traffic lane,V1: N  / V2: N,Wet,Daylight,Clear,4.07,0,60,54,FALSE,41.93095021,-71.35302857
12376,6/8/2013,June,Saturday,14:45,1,1,0,0,Single vehicle crash,V1: Travelling straight ahead,V1: W,Dry,Daylight,Clear,4.07,0,60,54,FALSE,41.94669291,-71.28547481
12377,6/8/2013,June,Saturday,21:31,1,2,0,0,"Sideswipe, same direction",V1: Travelling straight ahead / V2: Parked,V1: E  / V2: E,Dry,Dark - lighted roadway,Clear,4.07,0,60,54,FALSE,41.91819965,-71.36378494
12378,6/8/2013,June,Saturday,23:47,1,2,0,0,Rear-end,V1: Slowing or stopped in traffic / V2: Slowing or stopped in traffic,V1: N  / V2: N,Dry,Dark - lighted roadway,Clear,4.07,0,60,54,FALSE,41.91449065,-71.36105328
12379,6/9/2013,June,Sunday,1:25,1,1,0,0,Single vehicle crash,V1: Turning left,V1: W,Dry,Dark - lighted roadway,Clear,0,0,81,55,FALSE,41.91138357,-71.32740393
12380,6/9/2013,June,Sunday,15:20,1,2,0,0,Rear-end,V1: Travelling straight ahead / V2: Slowing or stopped in traffic,V1: N  / V2: N,Dry,Daylight,Clear,0,0,81,55,FALSE,41.95204979,-71.27503273
12381,6/10/2013,June,Monday,6:35,2,2,1,0,Rear-end,V1: Travelling straight ahead / V2: Travelling straight ahead,V1: N  / V2: N,Dry,Daylight,Clear,0,0,82,55,FALSE,41.90266862,-71.3548198
12382,6/10/2013,June,Monday,8:48,2,2,1,0,Rear-end,V1: Slowing or stopped in traffic / V2: Slowing or stopped in traffic,V1: W  / V2: W,Dry,Daylight,Clear,0,0,82,55,FALSE,41.97015292,-71.29135147
12383,6/10/2013,June,Monday,10:26,1,2,0,0,Rear-end,V1: Slowing or stopped in traffic / V2: Travelling straight ahead,V1: N  / V2: N,Dry,Daylight,Cloudy,0,0,82,55,FALSE,41.93398416,-71.31904724
12384,6/11/2013,June,Tuesday,5:10,1,1,0,0,Single vehicle crash,V1: Travelling straight ahead,V1: S,Wet,Dawn,Rain,1.77,0,71,57,FALSE,41.92927403,-71.32377045
12385,6/11/2013,June,Tuesday,5:10,1,1,0,0,Single vehicle crash,V1: Travelling straight ahead,V1: S,Wet,Dawn,Rain,1.77,0,71,57,FALSE,41.93804592,-71.31642932
12386,6/11/2013,June,Tuesday,10:23,1,1,0,0,Single vehicle crash,V1: Backing,V1: N,Wet,Daylight,Cloudy/Rain,1.77,0,71,57,FALSE,41.95252066,-71.29615757
12387,6/11/2013,June,Tuesday,14:20,1,2,0,0,"Sideswipe, same direction",V1: Changing lanes / V2: Travelling straight ahead,V1: N  / V2: N,Dry,Daylight,Clear,1.77,0,71,57,FALSE,41.90231844,-71.35595143
12388,6/11/2013,June,Tuesday,16:21,2,2,1,0,Rear-end,V1: Travelling straight ahead / V2: Slowing or stopped in traffic,V1: N  / V2: N,Dry,Daylight,Cloudy,1.77,0,71,57,FALSE,41.91062135,-71.35825199
12389,6/11/2013,June,Tuesday,16:59,2,2,1,0,Rear-end,V1: Slowing or stopped in traffic / V2: Travelling straight ahead,V1: S  / V2: S,Dry,Daylight,Clear,1.77,0,71,57,FALSE,41.97015292,-71.29135147
12390,6/11/2013,June,Tuesday,20:37,1,1,0,0,Single vehicle crash,V1: Travelling straight ahead,V1: S,Wet,Dark - lighted roadway,Rain,1.77,0,71,57,FALSE,41.89861001,-71.36943215
12391,6/14/2013,June,Friday,5:40,2,2,1,0,"Sideswipe, same direction",V1: Travelling straight ahead / V2: Travelling straight ahead,V1: S  / V2: S,Wet,Daylight,Rain,1.91,0,65,52,FALSE,41.92927403,-71.32377045
12392,6/14/2013,June,Friday,11:45,1,2,0,0,Rear-end,V1: Travelling straight ahead / V2: Slowing or stopped in traffic,V1: E  / V2: E,Dry,Daylight,Clear,1.91,0,65,52,FALSE,41.95265513,-71.26966302
12393,6/14/2013,June,Friday,15:45,1,2,0,0,Rear-end,V1: Travelling straight ahead / V2: Entering traffic lane,V1: E  / V2: E,Dry,Daylight,Clear,1.91,0,65,52,FALSE,41.95484304,-71.28856385
12394,6/15/2013,June,Saturday,3:33,1,1,0,0,Single vehicle crash,V1: Changing lanes,V1: N,Dry,Dark - roadway not lighted,Clear,0.08,0,72,53,FALSE,41.90231844,-71.35595143