ID,DATE,Month,Day of week,Crash Time,Crash Severity,Number of Vehicles,Total Nonfatal Injuries,Total Fatal Injuries,Manner of Collision,Vehicle Action Prior to Crash,Vehicle Travel Directions,Road Surface Condition,Ambient Light,Weather Condition,PRCP,SNOW,TMAX,TMIN,Ice,Longtitute,Latitute
12395,6/15/2013,June,Saturday,22:48,1,2,0,0,Angle,V1: Turning right / V2: Parked,V1: S  / V2: 0,Dry,Dark - lighted roadway,Clear,0.08,0,72,53,FALSE,41.93650632,-71.27751776
12396,6/17/2013,June,Monday,0:08,1,1,0,0,Single vehicle crash,V1: Travelling straight ahead,V1: 0,Dry,Dark - lighted roadway,Clear,0,0,80,58,FALSE,41.93276047,-71.29660964
12397,6/17/2013,June,Monday,8:58,1,2,0,0,Angle,V1: Turning left / V2: Travelling straight ahead,V1: S  / V2: W,Dry,Daylight,Clear,0,0,80,58,FALSE,41.93435968,-71.2998788
12398,6/18/2013,June,Tuesday,18:28,1,2,0,0,Angle,V1: Travelling straight ahead / V2: Turning left,V1: S  / V2: N,Wet,Daylight,Rain,0.02,0,88,59,FALSE,41.89541252,-71.37076533
12399,6/18/2013,June,Tuesday,19:58,2,2,4,0,"Sideswipe, same direction",V1: Changing lanes / V2: Travelling straight ahead,V1: N  / V2: N,Wet,Dusk,Cloudy,0.02,0,88,59,FALSE,41.96941345,-71.29547608
12400,6/19/2013,June,Wednesday,7:54,2,2,1,0,Rear-end,V1: Travelling straight ahead / V2: Slowing or stopped in traffic,V1: E  / V2: E,Dry,Daylight,Clear,0.78,0,81,55,FALSE,41.93397761,-71.31903245
12401,6/19/2013,June,Wednesday,12:25,1,1,0,0,Single vehicle crash,V1: Turning left,V1: W,Dry,Daylight,Clear,0.78,0,81,55,FALSE,41.91360773,-71.36150084
12402,6/19/2013,June,Wednesday,16:32,2,2,1,0,Rear-end,V1: Travelling straight ahead / V2: Travelling straight ahead,V1: S  / V2: S,Dry,Daylight,Clear,0.78,0,81,55,FALSE,41.95931508,-71.28774175
12403,6/21/2013,June,Friday,7:15,1,2,0,0,Angle,V1: Travelling straight ahead / V2: Travelling straight ahead,V1: S  / V2: E,Dry,Daylight,Clear,0,0,81,57,FALSE,41.93304448,-71.28634923
12404,6/21/2013,June,Friday,16:15,1,2,0,0,Rear-end,V1: Travelling straight ahead / V2: Travelling straight ahead,V1: W  / V2: W,Dry,Daylight,Clear,0,0,81,57,FALSE,41.93832194,-71.29276668
12405,6/21/2013,June,Friday,23:31,1,2,0,0,Rear-end,V1: Travelling straight ahead / V2: Travelling straight ahead,V1: W  / V2: W,Dry,Dark - lighted roadway,Clear,0,0,81,57,FALSE,41.93405012,-71.31579284
12406,6/22/2013,June,Saturday,2:06,1,1,0,0,Single vehicle crash,V1: Leaving traffic lane,V1: E,Dry,Dark - lighted roadway,Clear,0,0,85,60,FALSE,41.90964751,-71.36351027
12407,6/23/2013,June,Sunday,2:47,1,1,0,0,Single vehicle crash,V1: Travelling straight ahead,V1: N,Dry,Dark - lighted roadway,Clear,0,0,84,64,FALSE,41.91298285,-71.30855106
12408,6/23/2013,June,Sunday,12:20,1,2,0,0,Angle,V1: Entering traffic lane / V2: Travelling straight ahead,V1: E  / V2: N,Dry,Daylight,Clear,0,0,84,64,FALSE,41.93518136,-71.28488512
12409,6/24/2013,June,Monday,2:34,1,1,0,0,Single vehicle crash,V1: Travelling straight ahead,V1: S,Dry,Dark - lighted roadway,Clear,0,0,90,69,FALSE,41.96019116,-71.30118086
12410,6/24/2013,June,Monday,10:29,2,5,1,0,Angle,V1: Turning right / V2: Parked / V3: Parked / V4: Parked / V5: Parked,V1: N  / V2: Reported but invalid / V3: Reported but invalid / V4: Reported but invalid / V5: Reported but invalid,Dry,Daylight,Clear,0,0,90,69,FALSE,41.92381998,-71.3567771
12411,6/24/2013,June,Monday,11:25,1,2,0,0,"Sideswipe, same direction",V1: Travelling straight ahead / V2: Slowing or stopped in traffic,V1: W  / V2: E,Dry,Daylight,Clear,0,0,90,69,FALSE,41.92387717,-71.35158914
12412,6/24/2013,June,Monday,14:26,2,2,1,0,Rear-to-rear,V1: Backing / V2: Travelling straight ahead,V1: N  / V2: E,Dry,Daylight,Clear,0,0,90,69,FALSE,41.93285939,-71.30998788
12413,6/25/2013,June,Tuesday,7:40,1,2,0,0,Rear-end,V1: Slowing or stopped in traffic / V2: Slowing or stopped in traffic,V1: N  / V2: N,Dry,Daylight,Clear,0.02,0,96,67,FALSE,41.95514928,-71.30432065
12414,6/25/2013,June,Tuesday,10:34,2,1,1,0,Single vehicle crash,V1: Travelling straight ahead,V1: W,Dry,Daylight,Clear,0.02,0,96,67,FALSE,41.93269195,-71.32821357
12415,6/26/2013,June,Wednesday,8:16,1,2,0,0,Rear-end,V1: Slowing or stopped in traffic / V2: Slowing or stopped in traffic,V1: S  / V2: S,Dry,Daylight,Clear,0,0,95,70,FALSE,41.95234013,-71.29601132
12416,6/26/2013,June,Wednesday,8:22,2,2,1,0,"Sideswipe, same direction",V1: Entering traffic lane / V2: Travelling straight ahead,V1: E  / V2: E,Dry,Daylight,Clear,0,0,95,70,FALSE,41.93400377,-71.31615871
12417,6/27/2013,June,Thursday,10:05,2,3,2,0,Angle,V1: Entering traffic lane / V2: Travelling straight ahead / V3: Parked,V1: N  / V2: E  / V3: Reported but invalid,Dry,Daylight,Clear,0.01,0,92,65,FALSE,41.94361429,-71.27453022
12418,6/27/2013,June,Thursday,10:41,2,1,2,0,Single vehicle crash,V1: Leaving traffic lane,V1: S,Dry,Daylight,Clear,0.01,0,92,65,FALSE,41.96019116,-71.30118086
12419,6/27/2013,June,Thursday,13:39,1,2,0,0,Angle,V1: Backing / V2: Parked,V1: S  / V2: S,Dry,Daylight,Cloudy,0.01,0,92,65,FALSE,41.93485989,-71.28278266
12420,6/27/2013,June,Thursday,14:14,1,1,0,0,Head-on,V1: Slowing or stopped in traffic,V1: E,Dry,Daylight,Cloudy,0.01,0,92,65,FALSE,41.97015292,-71.29135147
12421,6/27/2013,June,Thursday,16:18,2,3,1,0,Rear-end,V1: Travelling straight ahead / V2: Slowing or stopped in traffic / V3: Slowing or stopped in traffic,V1: N  / V2: N  / V3: N,Dry,Daylight,Cloudy,0.01,0,92,65,FALSE,41.95180679,-71.2898592
12422,6/28/2013,June,Friday,12:23,1,1,0,0,Single vehicle crash,V1: Travelling straight ahead,V1: S,Dry,Daylight,Cloudy,0.51,0,73,65,FALSE,41.92927403,-71.32377045
12423,6/28/2013,June,Friday,18:37,2,1,1,0,Single vehicle crash,V1: Travelling straight ahead,V1: E,Dry,Daylight,Clear,0.51,0,73,65,FALSE,41.91946507,-71.24415434
12424,6/30/2013,June,Sunday,13:27,1,2,0,0,Rear-end,V1: Travelling straight ahead / V2: Slowing or stopped in traffic,V1: W  / V2: W,Dry,Daylight,Cloudy,0,0,82,70,FALSE,41.9374227,-71.29402673
12425,7/1/2013,July,Monday,7:44,1,1,0,0,Single vehicle crash,V1: Travelling straight ahead,V1: N,Dry,Daylight,Clear,0.08,0,81,70,FALSE,41.90231844,-71.35595143
12426,7/4/2013,July,Thursday,21:10,1,1,0,0,Head-on,V1: Travelling straight ahead,V1: N,Dry,Dark - roadway not lighted,Clear,0,0,91,72,FALSE,41.95593405,-71.30346756
12427,7/7/2013,July,Sunday,1:29,1,1,0,0,Single vehicle crash,V1: Travelling straight ahead,V1: N,Dry,Dark - lighted roadway,Clear,0,0,95,72,FALSE,41.94172858,-71.2694315
12428,7/8/2013,July,Monday,16:14,1,2,0,0,Angle,V1: Turning left / V2: Travelling straight ahead,V1: N  / V2: W,Dry,Daylight,Clear,0.12,0,94,72,FALSE,41.93404812,-71.31577712
12429,7/9/2013,July,Tuesday,16:38,2,1,1,0,Single vehicle crash,V1: Leaving traffic lane,V1: N,Dry,Daylight,Clear,0,0,93,66,FALSE,41.91817042,-71.25763931
12430,7/10/2013,July,Wednesday,17:33,1,2,0,0,"Sideswipe, same direction",V1: Slowing or stopped in traffic / V2: Travelling straight ahead,V1: N  / V2: N,Dry,Daylight,Cloudy,0,0,78,67,FALSE,41.96592454,-71.27192748
12431,7/10/2013,July,Wednesday,17:35,1,2,0,0,Angle,V1: Entering traffic lane / V2: Travelling straight ahead,V1: S  / V2: W,Dry,Daylight,Clear,0,0,78,67,FALSE,41.94040539,-71.28014995
12432,7/10/2013,July,Wednesday,18:33,2,2,2,0,Angle,V1: Entering traffic lane / V2: Travelling straight ahead,V1: W  / V2: N,Dry,Daylight,Clear,0,0,78,67,FALSE,41.8973332,-71.36979798
12433,7/11/2013,July,Thursday,7:54,1,2,0,0,Rear-end,V1: Slowing or stopped in traffic / V2: Slowing or stopped in traffic,V1: E  / V2: E,Dry,Daylight,Cloudy,0.05,0,86,67,FALSE,41.97015292,-71.29135147
12434,7/11/2013,July,Thursday,11:36,1,2,0,0,Rear-end,V1: Travelling straight ahead / V2: Slowing or stopped in traffic,V1: N  / V2: N,Wet,Daylight,Cloudy/Rain,0.05,0,86,67,FALSE,41.93507804,-71.28489367
12435,7/11/2013,July,Thursday,16:05,1,2,0,0,Angle,V1: Backing / V2: Travelling straight ahead,V1: S  / V2: W,Dry,Daylight,Clear,0.05,0,86,67,FALSE,41.94443408,-71.27949931
12436,7/11/2013,July,Thursday,17:32,1,2,0,0,Rear-end,V1: Slowing or stopped in traffic / V2: Travelling straight ahead,V1: E  / V2: E,Dry,Daylight,Clear,0.05,0,86,67,FALSE,41.93405012,-71.31579284
12437,7/12/2013,July,Friday,7:36,2,1,1,0,Single vehicle crash,V1: Travelling straight ahead,V1: E,Dry,Daylight,Clear,1.28,0,78,66,FALSE,41.94365869,-71.27940271
12438,7/12/2013,July,Friday,10:14,1,2,0,0,"Sideswipe, same direction",V1: Changing lanes / V2: Travelling straight ahead,V1: S  / V2: S,Dry,Daylight,Cloudy,1.28,0,78,66,FALSE,41.91026562,-71.36319441
12439,7/12/2013,July,Friday,11:44,1,2,0,0,Angle,V1: Backing / V2: Travelling straight ahead,V1: E  / V2: S,Dry,Daylight,Cloudy,1.28,0,78,66,FALSE,41.94554464,-71.28570129
12440,7/12/2013,July,Friday,16:17,1,2,0,0,Rear-end,V1: Travelling straight ahead / V2: Slowing or stopped in traffic,V1: S  / V2: S,Dry,Daylight,Clear,1.28,0,78,66,FALSE,41.96019116,-71.30118086
12441,7/13/2013,July,Saturday,2:50,2,1,1,0,Single vehicle crash,V1: Travelling straight ahead,V1: S,Dry,Dark - roadway not lighted,Clear,0.01,0,74,65,FALSE,41.90433577,-71.35012688
12442,7/13/2013,July,Saturday,10:58,1,2,0,0,Angle,V1: Turning left / V2: Turning right,V1: S  / V2: N,Dry,Daylight,Clear,0.01,0,74,65,FALSE,41.93979336,-71.25131572
12443,7/13/2013,July,Saturday,15:01,1,2,0,0,"Sideswipe, same direction",V1: Overtaking/passing / V2: Turning left,V1: N  / V2: N,Wet,Daylight,Cloudy/Rain,0.01,0,74,65,FALSE,41.90009716,-71.37718127
12444,7/13/2013,July,Saturday,16:11,1,2,0,0,Rear-end,V1: Slowing or stopped in traffic / V2: Slowing or stopped in traffic,V1: N  / V2: N,Dry,Daylight,Clear,0.01,0,74,65,FALSE,41.95518324,-71.30396989
12445,7/13/2013,July,Saturday,22:07,0,1,0,0,"Sideswipe, opposite direction",V1: Parked,V1: N,Dry,Dark - lighted roadway,Clear,0.01,0,74,65,FALSE,41.91057333,-71.37236661
12446,7/14/2013,July,Sunday,17:37,1,2,0,0,"Sideswipe, same direction",V1: Turning right / V2: Overtaking/passing,V1: S  / V2: S,Dry,Daylight,Clear,0.12,0,79,65,FALSE,41.91277813,-71.30920153
12447,7/15/2013,July,Monday,10:17,1,2,0,0,Angle,V1: Travelling straight ahead / V2: Travelling straight ahead,V1: W  / V2: E,Dry,Daylight,Clear,0.64,0,92,73,FALSE,41.93584988,-71.28143838
12448,7/15/2013,July,Monday,11:13,2,2,2,0,Angle,V1: Travelling straight ahead / V2: Turning left,V1: N  / V2: E,Dry,Daylight,Cloudy,0.64,0,92,73,FALSE,41.90804202,-71.37220475
12449,7/15/2013,July,Monday,13:40,1,2,0,0,"Sideswipe, same direction",V1: Travelling straight ahead / V2: Travelling straight ahead,V1: S  / V2: S,Dry,Daylight,Clear,0.64,0,92,73,FALSE,41.9491324,-71.27692162
12450,7/15/2013,July,Monday,16:37,1,2,0,0,"Sideswipe, same direction",V1: Changing lanes / V2: Travelling straight ahead,V1: S  / V2: S,Dry,Daylight,Cloudy,0.64,0,92,73,FALSE,41.90231844,-71.35595143
12451,7/15/2013,July,Monday,17:33,1,2,0,0,Angle,V1: Entering traffic lane / V2: Travelling straight ahead,V1: E  / V2: S,Dry,Daylight,Clear,0.64,0,92,73,FALSE,41.93840858,-71.28352591
12452,7/16/2013,July,Tuesday,14:45,1,2,0,0,Angle,V1: Travelling straight ahead / V2: Travelling straight ahead,V1: S  / V2: E,Dry,Daylight,Clear,0,0,94,71,FALSE,41.95260998,-71.26978509
12453,7/16/2013,July,Tuesday,16:48,1,3,0,0,Rear-end,V1: Slowing or stopped in traffic / V2: Slowing or stopped in traffic / V3: Travelling straight ahead,V1: N  / V2: N  / V3: N,Dry,Daylight,Clear,0,0,94,71,FALSE,41.95814204,-71.28762358
12454,7/17/2013,July,Wednesday,8:24,2,2,1,0,Angle,V1: Turning left / V2: Travelling straight ahead,V1: E  / V2: S,Dry,Daylight,Clear,0,0,96,70,FALSE,41.9092031,-71.2947782
12455,7/17/2013,July,Wednesday,14:35,1,3,0,0,Rear-end,V1: Slowing or stopped in traffic / V2: Slowing or stopped in traffic / V3: Travelling straight ahead,V1: E  / V2: E  / V3: E,Dry,Daylight,Clear,0,0,96,70,FALSE,41.95130281,-71.27263126
12456,7/18/2013,July,Thursday,0:04,0,1,0,0,Single vehicle crash,V1: Travelling straight ahead,V1: 0,Dry,Dark - lighted roadway,Clear,0,0,94,74,FALSE,41.93109633,-71.28512988
12457,7/18/2013,July,Thursday,2:02,2,1,1,0,Single vehicle crash,V1: Travelling straight ahead,V1: E,Dry,Dark - lighted roadway,Clear,0,0,94,74,FALSE,41.92031935,-71.22862282
12458,7/18/2013,July,Thursday,13:26,1,2,0,0,Angle,V1: Travelling straight ahead / V2: Backing,V1: N  / V2: W,Dry,Daylight,Clear,0,0,94,74,FALSE,41.94468645,-71.28319343
12459,7/19/2013,July,Friday,16:58,1,2,0,0,Rear-end,V1: Travelling straight ahead / V2: Slowing or stopped in traffic,V1: N  / V2: N,Dry,Daylight,Cloudy,0,0,95,75,FALSE,41.95514928,-71.30432065
12460,7/19/2013,July,Friday,17:55,1,3,0,0,Rear-end,V1: Travelling straight ahead / V2: Slowing or stopped in traffic / V3: Slowing or stopped in traffic,V1: N  / V2: N  / V3: N,Dry,Daylight,Cloudy,0,0,95,75,FALSE,41.95514928,-71.30432065
12461,7/20/2013,July,Saturday,4:02,2,1,1,0,Single vehicle crash,V1: Travelling straight ahead,V1: S,Dry,Dark - lighted roadway,Clear,0,0,100,76,FALSE,41.9120082,-71.2587778
12462,7/20/2013,July,Saturday,14:30,1,2,0,0,Angle,V1: Travelling straight ahead / V2: Slowing or stopped in traffic,V1: S  / V2: E,Dry,Daylight,Clear,0,0,100,76,FALSE,41.92387717,-71.35158914
12463,7/20/2013,July,Saturday,16:06,1,2,0,0,Rear-end,V1: Slowing or stopped in traffic / V2: Slowing or stopped in traffic,V1: S  / V2: S,Wet,Daylight,Rain,0,0,100,76,FALSE,41.92644259,-71.35554103
12464,7/20/2013,July,Saturday,18:47,1,2,0,0,Angle,V1: Travelling straight ahead / V2: Travelling straight ahead,V1: E  / V2: S,Dry,Daylight,Clear,0,0,100,76,FALSE,41.9370756,-71.28238678
12465,7/21/2013,July,Sunday,9:30,1,1,0,0,"Sideswipe, same direction",V1: Overtaking/passing,V1: N,Dry,Daylight,Clear,0.26,0,96,69,FALSE,41.95630046,-71.26919118
12466,7/21/2013,July,Sunday,16:09,2,2,2,0,Angle,V1: Travelling straight ahead / V2: Overtaking/passing,V1: N  / V2: N,Dry,Daylight,Clear,0.26,0,96,69,FALSE,41.92886018,-71.3230987
12467,7/21/2013,July,Sunday,17:46,1,1,0,0,Single vehicle crash,V1: Turning right,V1: S,Dry,Daylight,Clear,0.26,0,96,69,FALSE,41.92242117,-71.25900962
12468,7/21/2013,July,Sunday,22:44,1,2,0,0,Head-on,V1: Travelling straight ahead / V2: Travelling straight ahead,V1: E  / V2: W,Dry,Dark - lighted roadway,Clear,0.26,0,96,69,FALSE,41.95407005,-71.26416136
12469,7/22/2013,July,Monday,17:55,1,2,0,0,Rear-end,V1: Travelling straight ahead / V2: Slowing or stopped in traffic,V1: E  / V2: E,Dry,Daylight,Clear,0,0,85,65,FALSE,41.91562886,-71.36047108
12470,7/23/2013,July,Tuesday,9:50,2,2,2,0,Angle,V1: Entering traffic lane / V2: Travelling straight ahead,V1: S  / V2: W,Dry,Daylight,Clear,0.02,0,85,67,FALSE,41.89749762,-71.37501774
12471,7/23/2013,July,Tuesday,15:44,1,2,0,0,Angle,V1: Travelling straight ahead / V2: Turning left,V1: N  / V2: W,Dry,Daylight,Clear,0.02,0,85,67,FALSE,41.94274018,-71.28432859
12472,7/23/2013,July,Tuesday,16:26,2,2,1,0,Rear-end,V1: Slowing or stopped in traffic / V2: Slowing or stopped in traffic,V1: N  / V2: N,Dry,Daylight,Clear,0.02,0,85,67,FALSE,41.90086769,-71.36799095
12473,7/23/2013,July,Tuesday,23:47,1,1,0,0,Head-on,V1: Turning left,V1: N,Dry,Dark - lighted roadway,Cloudy,0.02,0,85,67,FALSE,41.91420591,-71.36119762
12474,7/24/2013,July,Wednesday,19:05,1,2,0,0,Angle,V1: Travelling straight ahead / V2: Entering traffic lane,V1: E  / V2: N,Dry,Daylight,Clear,0.25,0,88,71,FALSE,41.93569218,-71.28018883
12475,7/24/2013,July,Wednesday,20:25,2,1,1,0,Single vehicle crash,V1: Travelling straight ahead,V1: N,Dry,Daylight,Clear,0.25,0,88,71,FALSE,41.94213878,-71.28262423
12476,7/25/2013,July,Thursday,10:47,1,2,0,0,Angle,V1: Slowing or stopped in traffic / V2: Travelling straight ahead,V1: S  / V2: E,Dry,Daylight,Cloudy,0,0,88,61,FALSE,41.93806227,-71.29125944
12477,7/25/2013,July,Thursday,12:23,2,2,2,0,Angle,V1: Entering traffic lane / V2: Travelling straight ahead,V1: W  / V2: N,Dry,Daylight,Clear,0,0,88,61,FALSE,41.89733197,-71.36979234
12478,7/25/2013,July,Thursday,12:58,1,2,0,0,"Sideswipe, same direction",V1: Travelling straight ahead / V2: Parked,V1: S  / V2: S,Dry,Daylight,Cloudy,0,0,88,61,FALSE,41.94666472,-71.28742757
12479,7/25/2013,July,Thursday,15:08,1,2,0,0,"Sideswipe, same direction",V1: Travelling straight ahead / V2: Travelling straight ahead,V1: S  / V2: S,Wet,Daylight,Rain,0,0,88,61,FALSE,41.91562886,-71.36047108
12480,7/25/2013,July,Thursday,17:10,2,2,1,0,Angle,V1: Entering traffic lane / V2: Travelling straight ahead,V1: W  / V2: N,Wet,Daylight,Rain,0,0,88,61,FALSE,41.93946861,-71.28168616
12481,7/26/2013,July,Friday,9:20,2,1,4,0,Single vehicle crash,V1: Travelling straight ahead,V1: N,Wet,Daylight,Rain,0.58,0,65,59,FALSE,41.92886018,-71.3230987
12482,7/26/2013,July,Friday,9:35,1,2,0,0,Angle,V1: Entering traffic lane / V2: Travelling straight ahead,V1: E  / V2: S,Wet,Daylight,Cloudy/Rain,0.58,0,65,59,FALSE,41.91981411,-71.35860614
12483,7/26/2013,July,Friday,12:53,2,2,1,0,Rear-end,V1: Travelling straight ahead / V2: Slowing or stopped in traffic,V1: N  / V2: N,Wet,Daylight,Cloudy/Rain,0.58,0,65,59,FALSE,41.94604197,-71.28656899
12484,7/26/2013,July,Friday,13:55,2,3,1,0,Rear-end,V1: Travelling straight ahead / V2: Slowing or stopped in traffic / V3: Slowing or stopped in traffic,V1: N  / V2: N  / V3: N,Wet,Daylight,Cloudy/Rain,0.58,0,65,59,FALSE,41.92967926,-71.35358763
12485,7/26/2013,July,Friday,15:48,1,2,0,0,Angle,V1: Entering traffic lane / V2: Travelling straight ahead,V1: S  / V2: E,Wet,Daylight,Cloudy/Rain,0.58,0,65,59,FALSE,41.94234382,-71.27289652
12486,7/26/2013,July,Friday,16:08,1,2,0,0,Rear-end,V1: Slowing or stopped in traffic / V2: Travelling straight ahead,V1: N  / V2: N,Wet,Daylight,Cloudy/Rain,0.58,0,65,59,FALSE,41.91649569,-71.30362942
12487,7/27/2013,July,Saturday,1:41,2,2,3,0,Single vehicle crash,V1: Parked / V2: Leaving traffic lane,V1: 0 / V2: N,Wet,Dark - roadway not lighted,Cloudy,0.32,0,72,62,FALSE,41.9094248,-71.2682418
12488,7/27/2013,July,Saturday,12:06,2,2,2,0,Angle,V1: Turning left / V2: Travelling straight ahead,V1: W  / V2: S,Dry,Daylight,Cloudy,0.32,0,72,62,FALSE,41.90697288,-71.36488171
12489,7/27/2013,July,Saturday,12:22,2,2,1,0,Angle,V1: Overtaking/passing / V2: Turning left,V1: E  / V2: E,Dry,Daylight,Clear,0.32,0,72,62,FALSE,41.92776349,-71.24688035
12490,7/27/2013,July,Saturday,18:38,1,2,0,0,"Sideswipe, same direction",V1: Travelling straight ahead / V2: Travelling straight ahead,V1: N  / V2: N,Dry,Daylight,Clear,0.32,0,72,62,FALSE,41.90636683,-71.31709721
12491,7/28/2013,July,Sunday,9:10,1,2,0,0,Angle,V1: Turning right / V2: Travelling straight ahead,V1: W  / V2: W,Dry,Daylight,Cloudy,0.04,0,86,66,FALSE,41.94861042,-71.27758702
12492,7/28/2013,July,Sunday,9:51,1,2,0,0,"Sideswipe, same direction",V1: Travelling straight ahead / V2: Parked,V1: S  / V2: S,Dry,Daylight,Clear,0.04,0,86,66,FALSE,41.92446027,-71.28906707
12493,7/28/2013,July,Sunday,15:23,2,2,3,0,"Sideswipe, opposite direction",V1: Turning left / V2: Travelling straight ahead,V1: S  / V2: N,Dry,Daylight,Clear,0.04,0,86,66,FALSE,41.93846875,-71.28469502
12494,7/28/2013,July,Sunday,17:22,2,2,3,0,Angle,V1: Travelling straight ahead / V2: Travelling straight ahead,V1: N  / V2: E,Dry,Daylight,Clear,0.04,0,86,66,FALSE,41.95428602,-71.28497548
12495,7/29/2013,July,Monday,16:10,1,2,0,0,Angle,V1: Parked / V2: Turning right,V1: N  / V2: N,Wet,Daylight,Cloudy/Rain,0,0,82,66,FALSE,41.93518136,-71.28488512
12496,7/29/2013,July,Monday,19:59,0,1,0,0,Head-on,V1: Parked,V1: Reported but invalid,Dry,Dark - lighted roadway,Clear,0,0,82,66,FALSE,41.91209188,-71.36396116
12497,7/29/2013,July,Monday,20:14,1,1,0,0,Angle,V1: Turning left,V1: N,Dry,Dusk,Clear,0,0,82,66,FALSE,41.94344652,-71.28559566
12498,7/30/2013,July,Tuesday,9:10,1,2,0,0,Rear-end,V1: Travelling straight ahead / V2: Travelling straight ahead,V1: N  / V2: N,Dry,Daylight,Clear,0,0,84,63,FALSE,41.95524622,-71.30317352
12499,7/30/2013,July,Tuesday,11:11,1,2,0,0,Rear-end,V1: Travelling straight ahead / V2: Travelling straight ahead,V1: S  / V2: S,Dry,Daylight,Clear,0,0,84,63,FALSE,41.95814204,-71.28762358
12500,7/30/2013,July,Tuesday,13:21,1,2,0,0,Angle,V1: Turning left / V2: Travelling straight ahead,V1: W  / V2: S,Dry,Daylight,Clear,0,0,84,63,FALSE,41.93421769,-71.2996754
12501,7/31/2013,July,Wednesday,12:27,2,1,1,0,Angle,V1: Turning right,V1: E,Dry,Daylight,Clear,0,0,85,60,FALSE,41.94566541,-71.28082814
12502,7/31/2013,July,Wednesday,18:04,2,1,1,0,Single vehicle crash,V1: Changing lanes,V1: N,Dry,Daylight,Clear,0,0,85,60,FALSE,41.90231844,-71.35595143
12503,8/1/2013,August,Thursday,7:38,2,2,3,0,Angle,V1: Travelling straight ahead / V2: Turning left,V1: W  / V2: E,Dry,Daylight,Clear,0,0,84,62,FALSE,41.96939377,-71.29355357
12504,8/1/2013,August,Thursday,12:29,2,2,1,0,Rear-end,V1: Travelling straight ahead / V2: Travelling straight ahead,V1: W  / V2: W,Dry,Daylight,Clear,0,0,84,62,FALSE,41.9491324,-71.27692162
12505,8/2/2013,August,Friday,7:29,2,2,1,0,Angle,V1: Travelling straight ahead / V2: Entering traffic lane,V1: W  / V2: E,Dry,Daylight,Clear,0.16,0,82,63,FALSE,41.94843216,-71.27781878
12506,8/2/2013,August,Friday,9:16,1,2,0,0,Angle,V1: Backing / V2: Parked,V1: E  / V2: W,Dry,Daylight,Clear,0.16,0,82,63,FALSE,41.93713905,-71.28297335
12507,8/2/2013,August,Friday,11:35,1,1,0,0,"Sideswipe, same direction",V1: Turning right,V1: S,Dry,Daylight,Clear,0.16,0,82,63,FALSE,41.91977948,-71.35862075
12508,8/2/2013,August,Friday,14:45,2,2,1,0,Angle,V1: Turning left / V2: Travelling straight ahead,V1: N  / V2: W,Dry,Daylight,Clear,0.16,0,82,63,FALSE,41.94701106,-71.2760815
12509,8/2/2013,August,Friday,18:14,1,2,0,0,Angle,V1: Turning right / V2: Turning left,V1: E  / V2: E,Dry,Daylight,Clear,0.16,0,82,63,FALSE,41.92014284,-71.35719783
12510,8/3/2013,August,Saturday,14:35,2,2,1,0,"Sideswipe, same direction",V1: Entering traffic lane / V2: Entering traffic lane,V1: N  / V2: N,Dry,Daylight,Clear,0.02,0,86,65,FALSE,41.92886018,-71.3230987
12511,8/4/2013,August,Sunday,10:07,2,3,1,0,Rear-end,V1: Parked / V2: Parked / V3: Travelling straight ahead,V1: S  / V2: S  / V3: S,Dry,Daylight,Clear,0,0,80,58,FALSE,41.90978893,-71.31543487
12512,8/4/2013,August,Sunday,14:43,1,2,0,0,Rear-end,V1: Slowing or stopped in traffic / V2: Slowing or stopped in traffic,V1: E  / V2: E,Dry,Daylight,Clear,0,0,80,58,FALSE,41.93400377,-71.31615871
12513,8/5/2013,August,Monday,12:32,1,2,0,0,0,V1: Travelling straight ahead / V2: Travelling straight ahead,V1: N  / V2: N,Dry,Daylight,Clear,0.03,0,84,55,FALSE,34.24438675,-73.6513909
12514,8/6/2013,August,Tuesday,10:37,1,2,0,0,"Sideswipe, same direction",V1: Travelling straight ahead / V2: Entering traffic lane,V1: N  / V2: N,Dry,Daylight,Clear,0,0,79,50,FALSE,41.90565961,-71.35666401
12515,8/7/2013,August,Wednesday,20:31,2,2,1,0,Rear-end,V1: Travelling straight ahead / V2: Travelling straight ahead,V1: N  / V2: N,Dry,Dark - roadway not lighted,Cloudy,0,0,82,55,FALSE,41.95593405,-71.30346756
12516,8/8/2013,August,Thursday,19:40,1,2,0,0,Angle,V1: Travelling straight ahead / V2: Turning left,V1: N  / V2: S,Dry,Daylight,Clear,0.06,0,81,57,FALSE,41.91264408,-71.35897617
12517,8/9/2013,August,Friday,9:44,1,2,0,0,Head-on,V1: Travelling straight ahead / V2: Travelling straight ahead,V1: E  / V2: W,Wet,Daylight,Rain,0.04,0,83,66,FALSE,41.94817531,-71.27975318
12518,8/9/2013,August,Friday,10:42,2,2,1,0,Rear-end,V1: Travelling straight ahead / V2: Slowing or stopped in traffic,V1: S  / V2: S,Wet,Daylight,Rain,0.04,0,83,66,FALSE,41.89861001,-71.36943215
12519,8/9/2013,August,Friday,11:00,1,2,0,0,Angle,V1: Travelling straight ahead / V2: Travelling straight ahead,V1: S  / V2: S,Wet,Daylight,Rain,0.04,0,83,66,FALSE,41.89422047,-71.37630647
12520,8/9/2013,August,Friday,11:29,0,1,0,0,0,V1: Parked,V1: U,Dry,Daylight,Clear,0.04,0,83,66,FALSE,41.94590068,-71.286322