ID,DATE,Month,Day of week,Crash Time,Crash Severity,Number of Vehicles,Total Nonfatal Injuries,Total Fatal Injuries,Manner of Collision,Vehicle Action Prior to Crash,Vehicle Travel Directions,Road Surface Condition,Ambient Light,Weather Condition,PRCP,SNOW,TMAX,TMIN,Ice,Longtitute,Latitute
12521,8/9/2013,August,Friday,13:58,1,1,0,0,Single vehicle crash,V1: Making U-turn,V1: 0,Wet,Daylight,Rain,0.04,0,83,66,FALSE,41.9121826,-71.36123066
12522,8/9/2013,August,Friday,15:02,2,2,1,0,Rear-end,V1: Travelling straight ahead / V2: Slowing or stopped in traffic,V1: S  / V2: S,Wet,Daylight,Cloudy/Rain,0.04,0,83,66,FALSE,41.97396396,-71.29523823
12523,8/9/2013,August,Friday,15:33,1,1,0,0,Single vehicle crash,V1: Other,V1: U,Wet,Daylight,Rain,0.04,0,83,66,FALSE,41.91608626,-71.37759037
12524,8/10/2013,August,Saturday,1:55,1,2,0,0,Rear-end,V1: Travelling straight ahead / V2: Travelling straight ahead,V1: N  / V2: N,Wet,Dark - roadway not lighted,Cloudy,2.39,0,74,68,FALSE,41.95593405,-71.30346756
12525,8/10/2013,August,Saturday,12:53,1,2,0,0,Angle,V1: Turning left / V2: Travelling straight ahead,V1: N  / V2: E,Dry,Daylight,Clear,2.39,0,74,68,FALSE,41.94694523,-71.28225083
12526,8/10/2013,August,Saturday,14:59,1,2,0,0,0,V1: Backing / V2: Travelling straight ahead,V1: W  / V2: W,Dry,Daylight,Clear,2.39,0,74,68,FALSE,41.92349936,-71.35691944
12527,8/10/2013,August,Saturday,18:32,2,1,1,0,Single vehicle crash,V1: Turning left,V1: S,Dry,Daylight,Clear,2.39,0,74,68,FALSE,41.93976913,-71.29072872
12528,8/12/2013,August,Monday,0:16,1,1,0,0,Single vehicle crash,V1: Travelling straight ahead,V1: E,Dry,Dark - lighted roadway,Clear,0,0,82,57,FALSE,41.93268269,-71.29622047
12529,8/12/2013,August,Monday,12:45,2,2,1,0,Rear-end,V1: Travelling straight ahead / V2: Parked,V1: N  / V2: N,Dry,Daylight,Clear,0,0,82,57,FALSE,41.92886018,-71.3230987
12530,8/12/2013,August,Monday,14:08,1,2,0,0,Angle,V1: Travelling straight ahead / V2: Changing lanes,V1: E  / V2: E,Dry,Daylight,Clear,0,0,82,57,FALSE,41.93400766,-71.31599952
12531,8/12/2013,August,Monday,16:44,1,2,0,0,"Sideswipe, same direction",V1: Turning left / V2: Turning left,V1: N  / V2: N,Dry,Daylight,Clear,0,0,82,57,FALSE,41.9250735,-71.35622629
12532,8/13/2013,August,Tuesday,12:29,1,2,0,0,Angle,V1: Slowing or stopped in traffic / V2: Travelling straight ahead,V1: E  / V2: E,Wet,Daylight,Cloudy/Rain,0,0,85,62,FALSE,41.90500517,-71.33616438
12533,8/13/2013,August,Tuesday,14:45,2,1,3,0,Single vehicle crash,V1: Travelling straight ahead,V1: N,Dry,Daylight,Clear,0,0,85,62,FALSE,41.91928029,-71.22790444
12534,8/14/2013,August,Wednesday,7:35,2,2,1,0,Rear-end,V1: Travelling straight ahead / V2: Slowing or stopped in traffic,V1: S  / V2: S,Dry,Daylight,Clear,0,0,74,61,FALSE,41.93503657,-71.2848971
12535,8/14/2013,August,Wednesday,14:08,1,2,0,0,Angle,V1: Turning left / V2: Travelling straight ahead,V1: S  / V2: 0,Dry,Daylight,Clear,0,0,74,61,FALSE,41.91230639,-71.36215607
12536,8/14/2013,August,Wednesday,18:32,1,1,0,0,Single vehicle crash,V1: Turning right,V1: S,Dry,Dark - lighted roadway,Clear,0,0,74,61,FALSE,41.91109113,-71.2812054
12537,8/15/2013,August,Thursday,8:30,1,2,0,0,"Sideswipe, same direction",V1: Travelling straight ahead / V2: Leaving traffic lane,V1: S  / V2: S,Dry,Daylight,Clear,0,0,75,51,FALSE,41.90261276,-71.35590972
12538,8/15/2013,August,Thursday,17:06,1,2,0,0,Angle,V1: Travelling straight ahead / V2: Travelling straight ahead,V1: S  / V2: W,Dry,Daylight,Clear,0,0,75,51,FALSE,41.94121777,-71.2768631
12539,8/15/2013,August,Thursday,19:35,1,1,0,0,Single vehicle crash,V1: Travelling straight ahead,V1: N,Dry,Dusk,Clear,0,0,75,51,FALSE,41.96941345,-71.29547608
12540,8/15/2013,August,Thursday,22:41,1,2,0,0,"Sideswipe, same direction",V1: Entering traffic lane / V2: Travelling straight ahead,V1: N  / V2: N,Dry,Dark - lighted roadway,Clear,0,0,75,51,FALSE,41.91619723,-71.35885587
12541,8/16/2013,August,Friday,7:50,1,1,0,0,Single vehicle crash,V1: Entering traffic lane,V1: S,Dry,Daylight,Clear,0,0,80,53,FALSE,41.97396396,-71.29523823
12542,8/16/2013,August,Friday,8:19,1,2,0,0,Angle,V1: Turning left / V2: Travelling straight ahead,V1: N  / V2: S,Dry,Daylight,Clear,0,0,80,53,FALSE,41.91035947,-71.36314658
12543,8/16/2013,August,Friday,10:11,1,2,0,0,Angle,V1: Turning left / V2: Travelling straight ahead,V1: S  / V2: N,Dry,Daylight,Clear,0,0,80,53,FALSE,41.89733197,-71.36979234
12544,8/16/2013,August,Friday,13:21,1,2,0,0,Angle,V1: Entering traffic lane / V2: Travelling straight ahead,V1: N  / V2: S,Dry,Daylight,Clear,0,0,80,53,FALSE,41.91697399,-71.35861888
12545,8/18/2013,August,Sunday,15:47,2,1,1,0,Single vehicle crash,V1: Travelling straight ahead,V1: N,Dry,Daylight,Clear,0,0,82,55,FALSE,41.93844367,-71.3326379
12546,8/18/2013,August,Sunday,18:27,1,1,0,0,0,V1: Travelling straight ahead,V1: W,Wet,Daylight,Cloudy/Rain,0,0,82,55,FALSE,41.93014481,-71.29714681
12547,8/19/2013,August,Monday,8:51,1,2,0,0,Angle,V1: Turning left / V2: Overtaking/passing,V1: S  / V2: W,Dry,Daylight,Clear,0,0,81,57,FALSE,41.92387717,-71.35158914
12548,8/19/2013,August,Monday,9:59,2,2,1,0,Angle,V1: Turning left / V2: Travelling straight ahead,V1: E  / V2: W,Dry,Daylight,Clear,0,0,81,57,FALSE,41.93404812,-71.31577712
12549,8/19/2013,August,Monday,14:22,1,2,0,0,Angle,V1: Turning left / V2: Travelling straight ahead,V1: E  / V2: N,Dry,Daylight,Clear,0,0,81,57,FALSE,41.94757814,-71.27890389
12550,8/19/2013,August,Monday,16:04,1,1,0,0,Single vehicle crash,V1: Parked,V1: W,Dry,Daylight,Clear,0,0,81,57,FALSE,41.94666472,-71.28742757
12551,8/19/2013,August,Monday,18:24,2,1,1,0,Single vehicle crash,V1: Travelling straight ahead,V1: W,Dry,Daylight,Clear,0,0,81,57,FALSE,41.9201672,-71.24335952
12552,8/20/2013,August,Tuesday,8:06,1,2,0,0,Angle,V1: Other / V2: Parked,V1: S  / V2: Reported but invalid,Dry,Daylight,Clear,0,0,83,59,FALSE,41.93051616,-71.33611756
12553,8/20/2013,August,Tuesday,15:34,2,1,1,0,Angle,V1: Turning right,V1: N,Dry,Daylight,Clear,0,0,83,59,FALSE,41.94450501,-71.28411703
12554,8/20/2013,August,Tuesday,17:31,1,2,0,0,"Sideswipe, same direction",V1: Changing lanes / V2: Travelling straight ahead,V1: N  / V2: N,Dry,Daylight,Clear,0,0,83,59,FALSE,41.90451641,-71.36613394
12555,8/21/2013,August,Wednesday,8:04,1,1,0,0,Single vehicle crash,V1: Turning left,V1: E,Dry,Daylight,Clear,0,0,89,61,FALSE,41.94266173,-71.28390998
12556,8/21/2013,August,Wednesday,10:06,1,2,0,0,Angle,V1: Changing lanes / V2: Travelling straight ahead,V1: W  / V2: W,Dry,Daylight,Clear,0,0,89,61,FALSE,41.95076301,-71.27397064
12557,8/21/2013,August,Wednesday,21:40,1,2,0,0,Angle,V1: Backing / V2: Parked,V1: W  / V2: Reported but invalid,Dry,Dark - lighted roadway,Clear,0,0,89,61,FALSE,41.93270432,-71.27794393
12558,8/22/2013,August,Thursday,7:16,1,1,0,0,Single vehicle crash,V1: Turning left,V1: E,0,Daylight,Clear,0,0,91,64,FALSE,41.94266173,-71.28390998
12559,8/22/2013,August,Thursday,10:01,1,2,0,0,Angle,V1: Turning left / V2: Turning left,V1: W  / V2: S,Dry,Daylight,Clear,0,0,91,64,FALSE,41.95484304,-71.28856385
12560,8/22/2013,August,Thursday,11:18,2,2,1,0,Single vehicle crash,V1: Backing / V2: Travelling straight ahead,V1: E  / V2: E,Dry,Daylight,Clear,0,0,91,64,FALSE,41.94155642,-71.27886884
12561,8/23/2013,August,Friday,13:50,1,1,0,0,Single vehicle crash,V1: Travelling straight ahead,V1: N,Dry,Daylight,Clear,0.02,0,86,67,FALSE,41.92886018,-71.3230987
12562,8/23/2013,August,Friday,15:22,2,3,2,0,"Sideswipe, opposite direction",V1: Turning left / V2: Travelling straight ahead / V3: Travelling straight ahead,V1: W  / V2: N  / V3: S,Dry,Daylight,Clear,0.02,0,86,67,FALSE,41.95484304,-71.28856385
12563,8/23/2013,August,Friday,16:04,2,2,2,0,Angle,V1: Turning right / V2: Travelling straight ahead,V1: E  / V2: S,Dry,Daylight,Clear,0.02,0,86,67,FALSE,41.93840858,-71.28352591
12564,8/23/2013,August,Friday,17:10,1,2,0,0,Rear-end,V1: Travelling straight ahead / V2: Slowing or stopped in traffic,V1: S  / V2: S,Dry,Daylight,Clear,0.02,0,86,67,FALSE,41.96019116,-71.30118086
12565,8/23/2013,August,Friday,21:12,1,1,0,0,Single vehicle crash,V1: Travelling straight ahead,V1: S,Dry,Dark - roadway not lighted,Clear,0.02,0,86,67,FALSE,41.90261276,-71.35590972
12566,8/23/2013,August,Friday,21:49,1,2,0,0,Angle,V1: Turning left / V2: Travelling straight ahead,V1: W  / V2: S,Dry,Dark - lighted roadway,Clear,0.02,0,86,67,FALSE,41.90998013,-71.35802082
12567,8/24/2013,August,Saturday,8:07,1,2,0,0,Angle,V1: Entering traffic lane / V2: Travelling straight ahead,V1: W  / V2: N,Dry,Daylight,Clear,0,0,79,54,FALSE,41.93830895,-71.28203041
12568,8/24/2013,August,Saturday,10:19,1,2,0,0,Rear-end,V1: Turning right / V2: Slowing or stopped in traffic,V1: W  / V2: W,Dry,Daylight,Clear,0,0,79,54,FALSE,41.93359015,-71.30040441
12569,8/25/2013,August,Sunday,11:12,2,2,1,0,Angle,V1: Turning left / V2: Travelling straight ahead,V1: E  / V2: W,0,Daylight,Clear,0,0,76,50,FALSE,41.94757815,-71.27890388
12570,8/25/2013,August,Sunday,20:18,1,2,0,0,Head-on,V1: Travelling straight ahead / V2: 0,V1: W  / V2: 0,Dry,Dark - lighted roadway,Clear,0,0,76,50,FALSE,41.93503657,-71.2848971
12571,8/26/2013,August,Monday,8:38,1,1,0,0,Single vehicle crash,V1: Turning left,V1: 0,0,Daylight,Cloudy,0,0,85,52,FALSE,41.90325436,-71.31889204
12572,8/27/2013,August,Tuesday,13:29,1,2,0,0,Angle,V1: Entering traffic lane / V2: Travelling straight ahead,V1: W  / V2: N,Dry,Daylight,Clear,0.51,0,82,65,FALSE,41.9351051,-71.28617808
12573,8/27/2013,August,Tuesday,14:51,1,1,0,0,Single vehicle crash,V1: Travelling straight ahead,V1: N,Dry,Daylight,Clear,0.51,0,82,65,FALSE,41.92756529,-71.2417296
12574,8/27/2013,August,Tuesday,15:47,1,2,0,0,Angle,V1: Entering traffic lane / V2: Travelling straight ahead,V1: S  / V2: E,Dry,Daylight,Clear,0.51,0,82,65,FALSE,41.94757814,-71.27890389
12575,8/27/2013,August,Tuesday,16:03,2,3,1,0,Rear-end,V1: Travelling straight ahead / V2: Travelling straight ahead / V3: Slowing or stopped in traffic,V1: S  / V2: S  / V3: S,Dry,Daylight,Clear,0.51,0,82,65,FALSE,41.92639157,-71.35556191
12576,8/27/2013,August,Tuesday,19:22,2,2,2,0,Rear-end,V1: Travelling straight ahead / V2: Travelling straight ahead,V1: N  / V2: N,Dry,Dark - lighted roadway,Clear,0.51,0,82,65,FALSE,41.9198727,-71.35727438
12577,8/27/2013,August,Tuesday,19:33,2,2,1,0,"Sideswipe, same direction",V1: Changing lanes / V2: Travelling straight ahead,V1: S  / V2: S,Dry,Dusk,Clear,0.51,0,82,65,FALSE,41.91230639,-71.36215607
12578,8/28/2013,August,Wednesday,5:53,2,2,2,0,Angle,V1: Entering traffic lane / V2: Travelling straight ahead,V1: E  / V2: N,Dry,Dawn,Clear,0.03,0,81,60,FALSE,41.9404815,-71.28139686
12579,8/29/2013,August,Thursday,18:47,2,1,1,0,Single vehicle crash,V1: Leaving traffic lane,V1: S,Dry,Dark - lighted roadway,Clear,0,0,85,62,FALSE,41.95476501,-71.31098841
12580,8/30/2013,August,Friday,13:15,1,2,0,0,Rear-end,V1: Slowing or stopped in traffic / V2: Slowing or stopped in traffic,V1: S  / V2: S,Dry,Daylight,Clear,0.01,0,67,61,FALSE,41.97396396,-71.29523823
12581,8/30/2013,August,Friday,13:55,1,2,0,0,Rear-end,V1: Slowing or stopped in traffic / V2: Slowing or stopped in traffic,V1: E  / V2: E,Dry,Daylight,Clear,0.01,0,67,61,FALSE,41.95076301,-71.27397064
12582,8/30/2013,August,Friday,14:35,1,1,0,0,Single vehicle crash,V1: Turning left,V1: U,Dry,Daylight,Clear,0.01,0,67,61,FALSE,41.9115249,-71.25830253
12583,8/31/2013,August,Saturday,9:55,1,2,0,0,Angle,V1: Travelling straight ahead / V2: Parked,V1: E  / V2: N,Dry,Daylight,Cloudy,0,0,82,59,FALSE,41.93582799,-71.27015595
12584,8/31/2013,August,Saturday,10:24,1,2,0,0,Angle,V1: Backing / V2: Parked,V1: E  / V2: N,Dry,Daylight,Clear,0,0,82,59,FALSE,41.91885862,-71.29769913
12585,8/31/2013,August,Saturday,14:42,1,2,0,0,Angle,V1: Travelling straight ahead / V2: Travelling straight ahead,V1: N  / V2: W,Dry,Daylight,Cloudy,0,0,82,59,FALSE,41.93268269,-71.29622047
12586,9/1/2013,September,Sunday,0:00,1,2,0,0,Rear-end,V1: 0 / V2: Travelling straight ahead,V1: S  / V2: S,Dry,Dark - roadway not lighted,Cloudy,0.14,0,81,69,FALSE,41.96019116,-71.30118086
12587,9/1/2013,September,Sunday,4:24,1,1,0,0,Single vehicle crash,V1: Travelling straight ahead,V1: S,Wet,Dark - lighted roadway,Cloudy/Rain,0.14,0,81,69,FALSE,41.93359015,-71.30040441
12588,9/2/2013,September,Monday,14:40,1,1,0,0,Single vehicle crash,V1: Travelling straight ahead,V1: S,Wet,Daylight,Rain,0.86,0,81,69,FALSE,41.89861001,-71.36943215
12589,9/2/2013,September,Monday,18:50,1,2,0,0,Rear-to-rear,V1: Backing / V2: Parked,V1: S  / V2: U,Wet,Dusk,Cloudy/Rain,0.86,0,81,69,FALSE,41.90623716,-71.35682302
12590,9/3/2013,September,Tuesday,20:43,1,2,0,0,Rear-end,V1: Travelling straight ahead / V2: Travelling straight ahead,V1: S  / V2: S,Dry,Dark - lighted roadway,Cloudy,0.19,0,81,69,FALSE,41.93252042,-71.28505461
12591,9/4/2013,September,Wednesday,10:12,1,2,0,0,Rear-end,V1: Travelling straight ahead / V2: Slowing or stopped in traffic,V1: W  / V2: W,Dry,Daylight,Clear,0.02,0,82,57,FALSE,41.95043895,-71.27465659
12592,9/4/2013,September,Wednesday,11:59,2,2,1,0,Angle,V1: Turning left / V2: Travelling straight ahead,V1: E  / V2: S,Dry,Daylight,Clear,0.02,0,82,57,FALSE,41.91044592,-71.28309302
12593,9/4/2013,September,Wednesday,17:59,1,2,0,0,Angle,V1: Travelling straight ahead / V2: Turning left,V1: E  / V2: N,Dry,Daylight,Clear,0.02,0,82,57,FALSE,41.92796871,-71.28963266
12594,9/5/2013,September,Thursday,7:25,1,1,0,0,Single vehicle crash,V1: Turning right,V1: W,Dry,Daylight,Cloudy,0,0,82,57,FALSE,41.93664277,-71.30148744
12595,9/5/2013,September,Thursday,10:44,1,2,0,0,Rear-end,V1: Travelling straight ahead / V2: Slowing or stopped in traffic,V1: N  / V2: N,Wet,Daylight,Cloudy,0,0,82,57,FALSE,41.90086769,-71.36799095
12596,9/6/2013,September,Friday,7:14,1,2,0,0,Angle,V1: Entering traffic lane / V2: Travelling straight ahead,V1: E  / V2: S,Dry,Daylight,Clear,0.03,0,71,45,FALSE,41.96712418,-71.29097941
12597,9/6/2013,September,Friday,9:33,1,2,0,0,"Sideswipe, same direction",V1: Travelling straight ahead / V2: Parked,V1: S  / V2: S,Dry,Daylight,Clear,0.03,0,71,45,FALSE,41.95095038,-71.30287095
12598,9/6/2013,September,Friday,14:39,1,3,0,0,Rear-end,V1: Travelling straight ahead / V2: Slowing or stopped in traffic / V3: Slowing or stopped in traffic,V1: Reported but invalid / V2: Reported but invalid / V3: Reported but invalid,Dry,Daylight,Clear,0.03,0,71,45,FALSE,41.93608923,-71.296466
12599,9/6/2013,September,Friday,15:15,1,2,0,0,Angle,V1: Entering traffic lane / V2: Travelling straight ahead,V1: E  / V2: W,Dry,Daylight,Clear,0.03,0,71,45,FALSE,41.95263255,-71.26972406
12600,9/6/2013,September,Friday,15:51,1,2,0,0,Angle,V1: Travelling straight ahead / V2: Travelling straight ahead,V1: E  / V2: S,Dry,Daylight,Clear,0.03,0,71,45,FALSE,41.93830895,-71.28203041
12601,9/6/2013,September,Friday,16:42,2,2,1,0,Rear-end,V1: Travelling straight ahead / V2: Slowing or stopped in traffic,V1: S  / V2: S,Dry,Daylight,Cloudy,0.03,0,71,45,FALSE,41.89938073,-71.35524848
12602,9/7/2013,September,Saturday,10:28,2,2,2,0,Rear-end,V1: Travelling straight ahead / V2: Slowing or stopped in traffic,V1: S  / V2: S,Dry,Daylight,Clear,0,0,69,46,FALSE,41.91981411,-71.35860614
12603,9/7/2013,September,Saturday,11:41,1,2,0,0,Angle,V1: Entering traffic lane / V2: Turning left,V1: Reported but invalid / V2: Reported but invalid,Dry,Daylight,Clear,0,0,69,46,FALSE,41.93421769,-71.2996754
12604,9/8/2013,September,Sunday,9:39,1,1,0,0,Angle,V1: Turning right,V1: W,Dry,Daylight,Clear,0,0,80,47,FALSE,41.94519466,-71.28103716
12605,9/9/2013,September,Monday,13:29,2,2,1,0,Rear-end,V1: Travelling straight ahead / V2: Slowing or stopped in traffic,V1: N  / V2: N,Dry,Daylight,Clear,0,0,78,43,FALSE,41.94330896,-71.27265641
12606,9/9/2013,September,Monday,22:40,1,1,0,0,Single vehicle crash,V1: Turning right,V1: S,Dry,Dark - roadway not lighted,Clear,0,0,78,43,FALSE,41.91678859,-71.29830852
12607,9/10/2013,September,Tuesday,9:51,1,2,0,0,Angle,V1: Slowing or stopped in traffic / V2: Travelling straight ahead,V1: E  / V2: N,Wet,Daylight,Clear,0,0,70,44,FALSE,41.93014481,-71.29714681
12608,9/10/2013,September,Tuesday,12:08,1,2,0,0,Angle,V1: Entering traffic lane / V2: Travelling straight ahead,V1: E  / V2: S,Dry,Daylight,Cloudy,0,0,70,44,FALSE,41.94121777,-71.2768631
12609,9/10/2013,September,Tuesday,13:57,1,2,0,0,Rear-end,V1: Travelling straight ahead / V2: Slowing or stopped in traffic,V1: W  / V2: W,Dry,Daylight,Cloudy,0,0,70,44,FALSE,41.94472176,-71.2812504
12610,9/11/2013,September,Wednesday,8:57,1,2,0,0,Rear-end,V1: Slowing or stopped in traffic / V2: Backing,V1: S  / V2: S,Dry,Daylight,Clear,0,0,75,63,FALSE,41.95484304,-71.28856385
12611,9/13/2013,September,Friday,22:57,1,2,0,0,Angle,V1: Turning left / V2: Turning right,V1: N  / V2: E,Dry,Dark - lighted roadway,Clear,0.32,0,86,68,FALSE,41.92014284,-71.35719783
12612,9/15/2013,September,Sunday,20:24,1,2,0,0,Rear-end,V1: Travelling straight ahead / V2: Slowing or stopped in traffic,V1: S  / V2: S,Dry,Dark - roadway not lighted,Clear,0,0,71,46,FALSE,41.902391,-71.35597701
12613,9/16/2013,September,Monday,15:14,1,2,0,0,Rear-end,V1: Travelling straight ahead / V2: Travelling straight ahead,V1: S  / V2: S,0,Daylight,Clear,0.02,0,74,47,FALSE,41.93505312,-71.29860583
12614,9/16/2013,September,Monday,17:04,2,3,3,0,Angle,V1: Turning left / V2: Travelling straight ahead / V3: Slowing or stopped in traffic,V1: W  / V2: N  / V3: W,Dry,Daylight,Clear,0.02,0,74,47,FALSE,41.9483337,-71.27794679
12615,9/17/2013,September,Tuesday,23:04,2,1,1,0,Single vehicle crash,V1: Travelling straight ahead,V1: N,Dry,Dark - lighted roadway,Clear,0.01,0,69,41,FALSE,41.91853922,-71.35914382
12616,9/18/2013,September,Wednesday,9:26,1,2,0,0,Rear-end,V1: Slowing or stopped in traffic / V2: Slowing or stopped in traffic,V1: E  / V2: E,Dry,Daylight,Clear,0,0,62,39,FALSE,41.9497648,-71.29418058
12617,9/18/2013,September,Wednesday,14:11,1,2,0,0,Rear-end,V1: Travelling straight ahead / V2: Travelling straight ahead,V1: N  / V2: N,Dry,Daylight,Clear,0,0,62,39,FALSE,34.24438675,-73.6513909
12618,9/18/2013,September,Wednesday,14:17,1,2,0,0,"Sideswipe, same direction",V1: Turning left / V2: Travelling straight ahead,V1: N  / V2: N,Dry,Daylight,Clear,0,0,62,39,FALSE,41.94450501,-71.28411703
12619,9/19/2013,September,Thursday,13:21,2,2,1,0,Rear-end,V1: Travelling straight ahead / V2: Slowing or stopped in traffic,V1: E  / V2: E,Dry,Daylight,Clear,0,0,76,42,FALSE,41.89618753,-71.37039513
12620,9/19/2013,September,Thursday,14:33,1,2,0,0,Angle,V1: Turning left / V2: Travelling straight ahead,V1: Reported but invalid / V2: Reported but invalid,Dry,Daylight,Clear,0,0,76,42,FALSE,41.9340896,-71.29983557
12621,9/20/2013,September,Friday,4:20,1,1,0,0,Single vehicle crash,V1: Travelling straight ahead,V1: S,Dry,Dark - roadway not lighted,Clear,0,0,82,46,FALSE,41.89530157,-71.37531708
12622,9/21/2013,September,Saturday,11:10,1,1,0,0,Single vehicle crash,V1: Entering traffic lane,V1: W,Dry,Daylight,Clear,0,0,83,47,FALSE,41.94472176,-71.2812504
12623,9/23/2013,September,Monday,7:09,1,2,0,0,Angle,V1: Overtaking/passing / V2: Travelling straight ahead,V1: E  / V2: S,Dry,Daylight,Clear,0.09,0,75,45,FALSE,41.9374227,-71.29402673
12624,9/23/2013,September,Monday,9:31,1,2,0,0,Angle,V1: Entering traffic lane / V2: Changing lanes,V1: N  / V2: N,Dry,Daylight,Clear,0.09,0,75,45,FALSE,41.92781831,-71.35456449
12625,9/23/2013,September,Monday,16:02,2,2,1,0,"Sideswipe, same direction",V1: Travelling straight ahead / V2: Changing lanes,V1: N  / V2: N,Dry,Daylight,Clear,0.09,0,75,45,FALSE,41.90053869,-71.36201959
12626,9/23/2013,September,Monday,16:11,1,3,0,0,Rear-end,V1: Slowing or stopped in traffic / V2: Slowing or stopped in traffic / V3: Travelling straight ahead,V1: S  / V2: S  / V3: S,Dry,Daylight,Clear,0.09,0,75,45,FALSE,41.9189892,-71.25769129
12627,9/23/2013,September,Monday,16:32,1,4,0,0,Rear-end,V1: Slowing or stopped in traffic / V2: Slowing or stopped in traffic / V3: Slowing or stopped in traffic / V4: Slowing or stopped in traffic,V1: S  / V2: S  / V3: S  / V4: S,Dry,Daylight,Clear,0.09,0,75,45,FALSE,41.96019116,-71.30118086
12628,9/24/2013,September,Tuesday,10:00,2,1,1,0,Single vehicle crash,V1: Travelling straight ahead,V1: N,Dry,Daylight,Clear,0,0,67,42,FALSE,41.93437326,-71.26169339
12629,9/24/2013,September,Tuesday,11:11,1,2,0,0,"Sideswipe, same direction",V1: Travelling straight ahead / V2: Parked,V1: S  / V2: S,Dry,Daylight,Clear,0,0,67,42,FALSE,41.94627589,-71.28697123
12630,9/24/2013,September,Tuesday,15:21,1,2,0,0,Rear-end,V1: Travelling straight ahead / V2: Slowing or stopped in traffic,V1: W  / V2: W,Dry,Daylight,Clear,0,0,67,42,FALSE,41.94450501,-71.28411703
12631,9/24/2013,September,Tuesday,15:31,1,2,0,0,Angle,V1: Travelling straight ahead / V2: Entering traffic lane,V1: S  / V2: W,Dry,Daylight,Clear,0,0,67,42,FALSE,41.94757814,-71.27890389
12632,9/24/2013,September,Tuesday,19:39,1,2,0,0,Angle,V1: Travelling straight ahead / V2: Travelling straight ahead,V1: E  / V2: N,Dry,Dark - lighted roadway,Clear,0,0,67,42,FALSE,41.94625923,-71.28694634
12633,9/25/2013,September,Wednesday,10:00,1,2,0,0,Angle,V1: Entering traffic lane / V2: Travelling straight ahead,V1: W  / V2: W,Dry,Daylight,Clear,0,0,71,43,FALSE,41.93359015,-71.30040441
12634,9/27/2013,September,Friday,18:58,1,2,0,0,Rear-end,V1: Slowing or stopped in traffic / V2: Travelling straight ahead,V1: S  / V2: S,Dry,Dusk,Clear,0,0,67,52,FALSE,41.96712418,-71.29097941
12635,9/28/2013,September,Saturday,10:30,2,2,2,0,Angle,V1: Travelling straight ahead / V2: Travelling straight ahead,V1: W  / V2: S,Dry,Daylight,Clear,0,0,67,45,FALSE,41.93808003,-71.27597724
12636,9/28/2013,September,Saturday,14:05,1,2,0,0,Angle,V1: Turning left / V2: Travelling straight ahead,V1: E  / V2: N,Dry,Daylight,Clear,0,0,67,45,FALSE,41.96306612,-71.28865133
12637,9/28/2013,September,Saturday,23:55,2,2,2,0,Rear-end,V1: Parked / V2: Travelling straight ahead,V1: S  / V2: S,Dry,Dark - roadway not lighted,Clear,0,0,67,45,FALSE,41.91428871,-71.33632402
12638,9/29/2013,September,Sunday,1:15,1,1,0,0,Single vehicle crash,V1: Travelling straight ahead,V1: S,Dry,Dark - lighted roadway,Clear,0,0,74,41,FALSE,41.89738942,-71.37264787
12639,9/30/2013,September,Monday,11:20,1,2,0,0,Angle,V1: Travelling straight ahead / V2: Travelling straight ahead,V1: S  / V2: S,Dry,Daylight,Clear,0,0,70,43,FALSE,41.94705951,-71.27957967
12640,9/30/2013,September,Monday,15:00,1,2,0,0,Angle,V1: Entering traffic lane / V2: Travelling straight ahead,V1: E  / V2: W,Dry,Daylight,Clear,0,0,70,43,FALSE,41.93404812,-71.31577712
12641,9/30/2013,September,Monday,15:22,2,2,1,0,Rear-end,V1: Travelling straight ahead / V2: Travelling straight ahead,V1: W  / V2: W,Dry,Daylight,Clear,0,0,70,43,FALSE,41.90565961,-71.35666401
12642,9/30/2013,September,Monday,15:43,2,2,1,0,Rear-end,V1: Travelling straight ahead / V2: Slowing or stopped in traffic,V1: N  / V2: N,Dry,Daylight,Clear,0,0,70,43,FALSE,41.95265513,-71.26966302
12643,10/1/2013,October,Tuesday,11:16,1,2,0,0,Rear-end,V1: Slowing or stopped in traffic / V2: Slowing or stopped in traffic,V1: N  / V2: N,Dry,Daylight,Clear,0,0,70,43,FALSE,41.92446027,-71.28906707
12644,10/1/2013,October,Tuesday,13:35,1,2,0,0,Rear-end,V1: Slowing or stopped in traffic / V2: Slowing or stopped in traffic,V1: S  / V2: S,Dry,Daylight,Clear,0,0,70,43,FALSE,41.9615918,-71.28797635
12645,10/1/2013,October,Tuesday,14:14,1,3,0,0,Rear-end,V1: Slowing or stopped in traffic / V2: Slowing or stopped in traffic / V3: Slowing or stopped in traffic,V1: E  / V2: E  / V3: E,Dry,Daylight,Clear,0,0,70,43,FALSE,41.95283385,-71.26913546
12646,10/1/2013,October,Tuesday,17:09,2,3,1,0,Rear-end,V1: Changing lanes / V2: Slowing or stopped in traffic / V3: Slowing or stopped in traffic,V1: S  / V2: S  / V3: S,Dry,Daylight,Clear,0,0,70,43,FALSE,41.96019116,-71.30118086