ID,DATE,Month,Day of week,Crash Time,Crash Severity,Number of Vehicles,Total Nonfatal Injuries,Total Fatal Injuries,Manner of Collision,Vehicle Action Prior to Crash,Vehicle Travel Directions,Road Surface Condition,Ambient Light,Weather Condition,PRCP,SNOW,TMAX,TMIN,Ice,Longtitute,Latitute
12647,10/2/2013,October,Wednesday,11:25,1,2,0,0,Angle,V1: Entering traffic lane / V2: Travelling straight ahead,V1: E  / V2: S,Dry,Daylight,Clear,0,0,79,43,FALSE,41.90846105,-71.36412011
12648,10/2/2013,October,Wednesday,12:37,2,2,1,0,Rear-to-rear,V1: Backing / V2: Slowing or stopped in traffic,V1: S  / V2: W,Dry,Daylight,Clear,0,0,79,43,FALSE,41.92156655,-71.3578448
12649,10/2/2013,October,Wednesday,12:47,2,2,6,0,Rear-end,V1: Slowing or stopped in traffic / V2: Slowing or stopped in traffic,V1: N  / V2: N,Dry,Daylight,Clear,0,0,79,43,FALSE,41.93505312,-71.29860583
12650,10/2/2013,October,Wednesday,16:05,2,2,1,0,Angle,V1: Travelling straight ahead / V2: Turning left,V1: E  / V2: W,Dry,Daylight,Clear,0,0,79,43,FALSE,41.91750868,-71.36960129
12651,10/2/2013,October,Wednesday,20:21,1,2,0,0,Angle,V1: Travelling straight ahead / V2: Travelling straight ahead,V1: S  / V2: S,Dry,Dark - roadway not lighted,Clear,0,0,79,43,FALSE,41.89861001,-71.36943215
12652,10/2/2013,October,Wednesday,20:22,2,1,1,0,Single vehicle crash,V1: Travelling straight ahead,V1: E,0,Dark - lighted roadway,Clear,0,0,79,43,FALSE,41.9521262,-71.29159081
12653,10/2/2013,October,Wednesday,20:24,1,2,0,0,Rear-end,V1: Slowing or stopped in traffic / V2: Travelling straight ahead,V1: S  / V2: S,Dry,Dark - roadway not lighted,Clear,0,0,79,43,FALSE,41.89861001,-71.36943215
12654,10/3/2013,October,Thursday,8:37,2,1,1,0,Single vehicle crash,V1: Travelling straight ahead,V1: N,Dry,Daylight,Clear,0,0,82,51,FALSE,41.95447725,-71.25383749
12655,10/4/2013,October,Friday,2:06,1,1,0,0,Single vehicle crash,V1: Travelling straight ahead,V1: W,Dry,Dark - lighted roadway,Clear,0,0,81,48,FALSE,41.92686196,-71.27473418
12656,10/4/2013,October,Friday,11:00,1,2,0,0,Angle,V1: Backing / V2: Parked,V1: E  / V2: E,Wet,Daylight,Cloudy/Rain,0,0,81,48,FALSE,41.93660725,-71.29196959
12657,10/4/2013,October,Friday,11:02,1,2,0,0,Rear-end,V1: Travelling straight ahead / V2: Slowing or stopped in traffic,V1: S  / V2: S,Wet,Daylight,Cloudy/Rain,0,0,81,48,FALSE,41.94861042,-71.27758702
12658,10/4/2013,October,Friday,11:14,2,2,1,0,Rear-end,V1: Travelling straight ahead / V2: Slowing or stopped in traffic,V1: S  / V2: S,Dry,Daylight,Cloudy,0,0,81,48,FALSE,41.92639157,-71.35556191
12659,10/4/2013,October,Friday,15:32,1,1,0,0,Single vehicle crash,V1: Travelling straight ahead,V1: S,Wet,Daylight,Cloudy,0,0,81,48,FALSE,41.94691118,-71.27106605
12660,10/5/2013,October,Saturday,9:49,1,2,0,0,Rear-end,V1: Travelling straight ahead / V2: Turning left,V1: S  / V2: S,Dry,Daylight,Clear,1.52,0,64,48,FALSE,41.94586371,-71.28073807
12661,10/6/2013,October,Sunday,17:37,1,1,0,0,Single vehicle crash,V1: Travelling straight ahead,V1: W,Dry,Daylight,Clear,0.02,0,69,57,FALSE,41.95326077,-71.26769405
12662,10/7/2013,October,Monday,7:28,1,2,0,0,Angle,V1: Entering traffic lane / V2: Travelling straight ahead,V1: N  / V2: W,Dry,Daylight,Clear,0.13,0,61,57,FALSE,41.94066438,-71.28948653
12663,10/8/2013,October,Tuesday,7:49,1,2,0,0,Rear-end,V1: Travelling straight ahead / V2: Travelling straight ahead,V1: W  / V2: W,Dry,Daylight,Clear,0.07,0,78,52,FALSE,41.95484304,-71.28856385
12664,10/10/2013,October,Thursday,10:43,1,1,0,0,Head-on,V1: Turning right,V1: S,Dry,Daylight,Clear,0,0,63,43,FALSE,41.9266774,-71.28570389
12665,10/10/2013,October,Thursday,11:26,1,2,0,0,Rear-end,V1: Backing / V2: Slowing or stopped in traffic,V1: N  / V2: N,Dry,Daylight,Clear,0,0,63,43,FALSE,41.93386542,-71.30225536
12666,10/10/2013,October,Thursday,18:20,1,1,0,0,Single vehicle crash,V1: Travelling straight ahead,V1: N,Dry,Dark - roadway not lighted,Clear,0,0,63,43,FALSE,41.92886018,-71.3230987
12667,10/11/2013,October,Friday,14:59,1,1,0,0,Single vehicle crash,V1: Leaving traffic lane,V1: N,Dry,Daylight,Clear,0,0,66,48,FALSE,41.95593405,-71.30346756
12668,10/12/2013,October,Saturday,3:25,1,2,0,0,Rear-end,V1: Travelling straight ahead / V2: Travelling straight ahead,V1: N  / V2: N,Dry,Dark - roadway not lighted,Clear,0,0,69,50,FALSE,41.92886018,-71.3230987
12669,10/13/2013,October,Sunday,4:41,1,2,0,0,Angle,V1: Slowing or stopped in traffic / V2: Travelling straight ahead,V1: N  / V2: W,Dry,Dark - lighted roadway,Clear,0,0,65,46,FALSE,41.93823112,-71.28076302
12670,10/13/2013,October,Sunday,10:26,1,2,0,0,Angle,V1: Travelling straight ahead / V2: Travelling straight ahead,V1: N  / V2: W,Dry,Daylight,Clear,0,0,65,46,FALSE,41.94472176,-71.2812504
12671,10/13/2013,October,Sunday,14:01,1,1,0,0,Single vehicle crash,V1: Turning right,V1: N,Dry,Daylight,Clear,0,0,65,46,FALSE,41.90407213,-71.38059965
12672,10/14/2013,October,Monday,15:32,1,2,0,0,Angle,V1: Entering traffic lane / V2: Backing,V1: E  / V2: E,Dry,Daylight,Clear,0,0,61,33,FALSE,41.91255756,-71.25860217
12673,10/15/2013,October,Tuesday,1:05,1,3,0,0,"Sideswipe, same direction",V1: Travelling straight ahead / V2: Travelling straight ahead / V3: Travelling straight ahead,V1: S  / V2: S  / V3: S,Dry,Dark - roadway not lighted,Cloudy,0,0,67,33,FALSE,41.9258097,-71.3266762
12674,10/15/2013,October,Tuesday,10:03,2,2,1,0,Rear-end,V1: Travelling straight ahead / V2: Travelling straight ahead,V1: N  / V2: N,Dry,Daylight,Clear,0,0,67,33,FALSE,41.94989701,-71.27577511
12675,10/15/2013,October,Tuesday,11:54,1,2,0,0,Rear-end,V1: Travelling straight ahead / V2: Travelling straight ahead,V1: N  / V2: N,Dry,Daylight,Clear,0,0,67,33,FALSE,41.95731038,-71.28775715
12676,10/15/2013,October,Tuesday,12:17,1,1,0,0,Rear-end,V1: Backing,V1: E,Dry,Daylight,Clear,0,0,67,33,FALSE,41.94425231,-71.27121842
12677,10/16/2013,October,Wednesday,6:42,1,3,0,0,Rear-end,V1: Slowing or stopped in traffic / V2: Travelling straight ahead / V3: Travelling straight ahead,V1: N  / V2: N  / V3: N,Dry,Daylight,Cloudy,0,0,71,44,FALSE,41.95593405,-71.30346756
12678,10/17/2013,October,Thursday,6:38,1,1,0,0,0,V1: Travelling straight ahead,V1: E,Dry,Daylight,Clear,0,0,63,48,FALSE,41.93608922,-71.296466
12679,10/17/2013,October,Thursday,23:58,2,1,1,0,Single vehicle crash,V1: Travelling straight ahead,V1: N,Dry,Dark - roadway not lighted,Clear,0,0,63,48,FALSE,41.90241817,-71.35561188
12680,10/18/2013,October,Friday,10:35,1,2,0,0,Angle,V1: Turning left / V2: Travelling straight ahead,V1: E  / V2: N,Dry,Daylight,Clear,0.03,0,73,58,FALSE,41.93623387,-71.28481203
12681,10/18/2013,October,Friday,13:43,2,2,2,0,Rear-end,V1: Travelling straight ahead / V2: Slowing or stopped in traffic,V1: E  / V2: E,Dry,Daylight,Clear,0.03,0,73,58,FALSE,41.95076301,-71.27397064
12682,10/18/2013,October,Friday,15:01,1,2,0,0,Angle,V1: Turning left / V2: Travelling straight ahead,V1: S  / V2: W,Dry,Daylight,Clear,0.03,0,73,58,FALSE,41.9348634,-71.29887283
12683,10/18/2013,October,Friday,18:44,1,2,0,0,Angle,V1: Entering traffic lane / V2: Travelling straight ahead,V1: W  / V2: E,Dry,Dark - lighted roadway,Clear,0.03,0,73,58,FALSE,41.94766661,-71.27879697
12684,10/19/2013,October,Saturday,3:20,1,1,0,0,Single vehicle crash,V1: Travelling straight ahead,V1: S,Dry,Dark - roadway not lighted,Clear,0,0,70,39,FALSE,41.90993274,-71.34023024
12685,10/19/2013,October,Saturday,9:17,1,2,0,0,Rear-end,V1: Travelling straight ahead / V2: Slowing or stopped in traffic,V1: Reported but invalid / V2: Reported but invalid,Dry,Daylight,Clear,0,0,70,39,FALSE,41.94625923,-71.28694634
12686,10/19/2013,October,Saturday,19:02,2,2,2,0,Angle,V1: Turning left / V2: Travelling straight ahead,V1: E  / V2: S,Dry,Dark - lighted roadway,Clear,0,0,70,39,FALSE,41.91619723,-71.35885587
12687,10/19/2013,October,Saturday,23:19,1,1,0,0,Single vehicle crash,V1: Turning right,V1: W,Dry,Dark - lighted roadway,Clear,0,0,70,39,FALSE,41.94450501,-71.28411703
12688,10/22/2013,October,Tuesday,7:49,1,2,0,0,Angle,V1: Travelling straight ahead / V2: Entering traffic lane,V1: W  / V2: Reported but invalid,Dry,Daylight,Clear,0,0,68,34,FALSE,41.94254637,-71.2868523
12689,10/23/2013,October,Wednesday,8:36,1,2,0,0,Angle,V1: Entering traffic lane / V2: Travelling straight ahead,V1: E  / V2: E,Dry,Daylight,Cloudy,0,0,71,37,FALSE,41.93397921,-71.30659863
12690,10/23/2013,October,Wednesday,10:36,2,2,1,0,Angle,V1: Turning left / V2: Travelling straight ahead,V1: Reported but invalid / V2: Reported but invalid,Dry,Daylight,Cloudy,0,0,71,37,FALSE,41.94722567,-71.27936732
12691,10/23/2013,October,Wednesday,16:09,1,2,0,0,Angle,V1: Entering traffic lane / V2: Travelling straight ahead,V1: E  / V2: W,Dry,Daylight,Cloudy,0,0,71,37,FALSE,41.91295686,-71.35935687
12692,10/24/2013,October,Thursday,21:11,1,2,0,0,Angle,V1: Entering traffic lane / V2: Turning left,V1: S  / V2: E,Dry,Dark - lighted roadway,Clear,0,0,52,37,FALSE,41.9170943,-71.35975551
12693,10/25/2013,October,Friday,0:59,2,1,1,0,Single vehicle crash,V1: Travelling straight ahead,V1: S,Dry,Dark - lighted roadway,Clear,0,0,55,33,FALSE,41.93118399,-71.26031362
12694,10/25/2013,October,Friday,15:35,1,2,0,0,Rear-end,V1: Travelling straight ahead / V2: Slowing or stopped in traffic,V1: S  / V2: S,Dry,Daylight,Clear,0,0,55,33,FALSE,41.96019116,-71.30118086
12695,10/28/2013,October,Monday,7:38,1,2,0,0,Rear-end,V1: Travelling straight ahead / V2: Slowing or stopped in traffic,V1: E  / V2: E,Dry,Daylight,Clear,0,0,58,29,TRUE,41.93276047,-71.29660964
12696,10/28/2013,October,Monday,7:50,1,1,0,0,Single vehicle crash,V1: Travelling straight ahead,V1: S,Dry,Daylight,Clear,0,0,58,29,TRUE,41.9480745,-71.27956453
12697,10/29/2013,October,Tuesday,12:48,1,2,0,0,Angle,V1: Entering traffic lane / V2: Travelling straight ahead,V1: S  / V2: E,Dry,Daylight,Clear,0,0,60,29,TRUE,41.94757814,-71.27890389
12698,10/30/2013,October,Wednesday,7:47,1,2,0,0,Rear-end,V1: Slowing or stopped in traffic / V2: Slowing or stopped in traffic,V1: W  / V2: W,Dry,Dawn,Cloudy,0,0,52,29,TRUE,41.95454637,-71.25223579
12699,10/30/2013,October,Wednesday,7:59,1,1,0,0,Head-on,V1: Travelling straight ahead,V1: W,Dry,Daylight,Cloudy,0,0,52,29,TRUE,41.89567723,-71.37063889
12700,10/30/2013,October,Wednesday,10:43,1,2,0,0,Angle,V1: Slowing or stopped in traffic / V2: Travelling straight ahead,V1: W  / V2: N,Wet,Daylight,Cloudy/Rain,0,0,52,29,TRUE,41.93742983,-71.26519759
12701,10/30/2013,October,Wednesday,15:30,1,2,0,0,Rear-end,V1: Travelling straight ahead / V2: Slowing or stopped in traffic,V1: E  / V2: 0,Dry,Daylight,Clear,0,0,52,29,TRUE,41.93394439,-71.3070192
12702,10/30/2013,October,Wednesday,18:51,2,3,1,0,Rear-end,V1: Travelling straight ahead / V2: Slowing or stopped in traffic / V3: Slowing or stopped in traffic,V1: N  / V2: N  / V3: N,Wet,Dark - lighted roadway,Cloudy,0,0,52,29,TRUE,41.9250735,-71.35622629
12703,10/30/2013,October,Wednesday,19:21,1,2,0,0,Rear-end,V1: Travelling straight ahead / V2: Travelling straight ahead,V1: S  / V2: S,Dry,Dark - roadway not lighted,Clear,0,0,52,29,TRUE,41.89843915,-71.35498996
12704,10/30/2013,October,Wednesday,19:35,1,2,0,0,Rear-end,V1: Parked / V2: Travelling straight ahead,V1: S  / V2: S,Dry,Dark - lighted roadway,Clear,0,0,52,29,TRUE,41.89903243,-71.355186
12705,10/30/2013,October,Wednesday,23:57,1,1,0,0,Single vehicle crash,V1: Travelling straight ahead,V1: E,Dry,Dark - lighted roadway,Clear,0,0,52,29,TRUE,41.90331201,-71.33315459
12706,10/31/2013,October,Thursday,11:35,1,2,0,0,Angle,V1: Slowing or stopped in traffic / V2: Travelling straight ahead,V1: W  / V2: N,Dry,Daylight,Cloudy,0.01,0,54,32,TRUE,41.94121777,-71.2768631
12707,10/31/2013,October,Thursday,18:24,0,1,0,0,Single vehicle crash,V1: Travelling straight ahead,V1: W,Wet,Daylight,Clear,0.01,0,54,32,TRUE,41.91193931,-71.35877489
12708,11/1/2013,November,Friday,7:10,1,2,0,0,Single vehicle crash,V1: Entering traffic lane / V2: 0,V1: S  / V2: 0,Dry,Daylight,Cloudy,0.15,0,66,33,FALSE,41.95476501,-71.31098841
12709,11/1/2013,November,Friday,14:44,2,2,1,0,Angle,V1: Turning left / V2: Travelling straight ahead,V1: E  / V2: W,Wet,Daylight,Cloudy,0.15,0,66,33,FALSE,41.91723587,-71.37241026
12710,11/1/2013,November,Friday,14:59,2,2,1,0,Angle,V1: Travelling straight ahead / V2: Turning left,V1: N  / V2: E,Wet,Daylight,Cloudy,0.15,0,66,33,FALSE,41.94213878,-71.28262423
12711,11/1/2013,November,Friday,15:24,1,2,0,0,"Sideswipe, same direction",V1: Changing lanes / V2: Travelling straight ahead,V1: N  / V2: N,Dry,Daylight,Clear,0.15,0,66,33,FALSE,41.91463957,-71.35904891
12712,11/2/2013,November,Saturday,13:09,1,1,0,0,Angle,V1: Travelling straight ahead,V1: N,Dry,Daylight,Clear,0.08,0,69,50,FALSE,41.90937959,-71.29288796
12713,11/2/2013,November,Saturday,14:13,1,2,0,0,Rear-end,V1: Travelling straight ahead / V2: Slowing or stopped in traffic,V1: N  / V2: N,Dry,Daylight,Clear,0.08,0,69,50,FALSE,41.92967926,-71.35358763
12714,11/3/2013,November,Sunday,1:59,1,1,0,0,Single vehicle crash,V1: Travelling straight ahead,V1: W,Dry,Dark - lighted roadway,Clear,0,0,67,42,FALSE,41.92571375,-71.34153106
12715,11/3/2013,November,Sunday,8:27,1,2,0,0,Angle,V1: Travelling straight ahead / V2: Travelling straight ahead,V1: N  / V2: E,Wet,Daylight,Cloudy,0,0,67,42,FALSE,41.94431166,-71.28140274
12716,11/3/2013,November,Sunday,9:07,2,1,1,0,Single vehicle crash,V1: Travelling straight ahead,V1: N,Wet,Daylight,Rain,0,0,67,42,FALSE,41.9621428,-71.28808547
12717,11/3/2013,November,Sunday,9:21,1,1,0,0,Single vehicle crash,V1: Turning left,V1: W,Wet,Daylight,Cloudy,0,0,67,42,FALSE,41.93624398,-71.26400311
12718,11/4/2013,November,Monday,7:30,1,2,0,0,Rear-end,V1: Slowing or stopped in traffic / V2: Slowing or stopped in traffic,V1: W  / V2: W,Dry,Daylight,Clear,0,0,46,28,TRUE,41.93333297,-71.29924928
12719,11/4/2013,November,Monday,11:35,1,1,0,0,"Sideswipe, same direction",V1: Travelling straight ahead,V1: E,Dry,Daylight,Clear,0,0,46,28,TRUE,41.9330242,-71.28826962
12720,11/5/2013,November,Tuesday,15:04,1,1,0,0,Single vehicle crash,V1: Travelling straight ahead,V1: S,Dry,Daylight,Clear,0,0,44,24,TRUE,41.9015302,-71.32110201
12721,11/6/2013,November,Wednesday,11:56,1,2,0,0,Rear-end,V1: Travelling straight ahead / V2: Slowing or stopped in traffic,V1: N  / V2: N,Dry,Daylight,Clear,0,0,51,25,TRUE,41.91981411,-71.35860614
12722,11/6/2013,November,Wednesday,12:22,1,2,0,0,Rear-end,V1: Travelling straight ahead / V2: Slowing or stopped in traffic,V1: S  / V2: S,Dry,Daylight,Clear,0,0,51,25,TRUE,41.92111112,-71.35572735
12723,11/6/2013,November,Wednesday,12:50,2,2,1,0,Rear-end,V1: Travelling straight ahead / V2: Slowing or stopped in traffic,V1: N  / V2: N,Dry,Daylight,Clear,0,0,51,25,TRUE,41.95731038,-71.28775715
12724,11/6/2013,November,Wednesday,13:29,1,2,0,0,Angle,V1: Changing lanes / V2: Travelling straight ahead,V1: N  / V2: N,Dry,Daylight,Clear,0,0,51,25,TRUE,41.92890236,-71.35392825
12725,11/6/2013,November,Wednesday,14:32,1,2,0,0,Angle,V1: Entering traffic lane / V2: Travelling straight ahead,V1: E  / V2: S,Dry,Daylight,Clear,0,0,51,25,TRUE,41.96712418,-71.29097941
12726,11/7/2013,November,Thursday,8:41,1,2,0,0,"Sideswipe, same direction",V1: Overtaking/passing / V2: Turning right,V1: N  / V2: N,Dry,Daylight,Cloudy,0.04,0,60,37,FALSE,41.95949687,-71.28775942
12727,11/7/2013,November,Thursday,13:47,2,3,2,0,Rear-end,V1: Travelling straight ahead / V2: Slowing or stopped in traffic / V3: Slowing or stopped in traffic,V1: E  / V2: E  / V3: E,Wet,Daylight,Rain,0.04,0,60,37,FALSE,41.94066438,-71.28948653
12728,11/7/2013,November,Thursday,14:25,1,1,0,0,Single vehicle crash,V1: Turning right,V1: N,Wet,Daylight,Rain,0.04,0,60,37,FALSE,41.90927215,-71.38090317
12729,11/8/2013,November,Friday,7:50,1,2,0,0,Rear-end,V1: Slowing or stopped in traffic / V2: Travelling straight ahead,V1: N  / V2: N,Dry,Daylight,Cloudy,0.39,0,65,31,TRUE,41.95593405,-71.30346756
12730,11/8/2013,November,Friday,8:37,1,2,0,0,Angle,V1: Travelling straight ahead / V2: Travelling straight ahead,V1: S  / V2: E,Dry,Daylight,Clear,0.39,0,65,31,TRUE,41.93518136,-71.28488512
12731,11/8/2013,November,Friday,12:25,1,2,0,0,Rear-end,V1: Travelling straight ahead / V2: Travelling straight ahead,V1: S  / V2: S,Dry,Daylight,Clear,0.39,0,65,31,TRUE,41.91555446,-71.36051036
12732,11/8/2013,November,Friday,16:14,2,2,1,0,Rear-end,V1: Travelling straight ahead / V2: Slowing or stopped in traffic,V1: N  / V2: N,Dry,Dusk,Clear,0.39,0,65,31,TRUE,41.92494308,-71.35628339
12733,11/9/2013,November,Saturday,10:59,1,2,0,0,Rear-end,V1: Turning left / V2: Travelling straight ahead,V1: W  / V2: E,Dry,Daylight,Clear,0,0,52,28,TRUE,41.94121777,-71.2768631
12734,11/10/2013,November,Sunday,18:31,1,1,0,0,"Sideswipe, same direction",V1: Travelling straight ahead,V1: S,Dry,Dark - roadway not lighted,Clear,0.09,0,45,29,TRUE,41.92927403,-71.32377045
12735,11/10/2013,November,Sunday,21:49,2,2,1,0,Angle,V1: Travelling straight ahead / V2: Travelling straight ahead,V1: E  / V2: N,Dry,Dark - lighted roadway,Clear,0.09,0,45,29,TRUE,41.93269195,-71.32821357
12736,11/11/2013,November,Monday,21:07,2,2,1,0,Rear-end,V1: Slowing or stopped in traffic / V2: Travelling straight ahead,V1: S  / V2: S,Dry,Dark - lighted roadway,Clear,0.06,0,55,38,FALSE,41.92644259,-71.35554103
12737,11/12/2013,November,Tuesday,9:17,1,1,0,0,Single vehicle crash,V1: Travelling straight ahead,V1: N,Wet,Daylight,Cloudy,0.02,0,53,38,FALSE,41.94629007,-71.27514523
12738,11/12/2013,November,Tuesday,12:30,1,2,0,0,"Sideswipe, same direction",V1: Entering traffic lane / V2: Travelling straight ahead,V1: E  / V2: E,Wet,Daylight,Rain,0.02,0,53,38,FALSE,41.93405012,-71.31579284
12739,11/12/2013,November,Tuesday,12:42,1,1,0,0,Rear-end,V1: Parked,V1: N,Dry,Daylight,Clear,0.02,0,53,38,FALSE,41.94958347,-71.27632657
12740,11/12/2013,November,Tuesday,19:09,2,2,1,0,Rear-end,V1: Travelling straight ahead / V2: Slowing or stopped in traffic,V1: W  / V2: W,Dry,Dark - lighted roadway,Clear,0.02,0,53,38,FALSE,41.92633454,-71.34480984
12741,11/13/2013,November,Wednesday,8:48,1,2,0,0,"Sideswipe, same direction",V1: Turning right / V2: Travelling straight ahead,V1: E  / V2: E,Dry,Daylight,Clear,0.08,0,39,24,TRUE,41.93401501,-71.31496153
12742,11/13/2013,November,Wednesday,12:16,2,3,2,0,Rear-end,V1: Travelling straight ahead / V2: Slowing or stopped in traffic / V3: Slowing or stopped in traffic,V1: N  / V2: N  / V3: 0,Dry,Daylight,Clear,0.08,0,39,24,TRUE,41.92014284,-71.35719783
12743,11/13/2013,November,Wednesday,21:52,1,1,0,0,Single vehicle crash,V1: Backing,V1: N,Dry,Dark - lighted roadway,Clear,0.08,0,39,24,TRUE,41.91977948,-71.35862075
12744,11/14/2013,November,Thursday,12:49,1,2,0,0,Angle,V1: Backing / V2: Parked,V1: W  / V2: 0,Dry,Daylight,Clear,0,0,38,25,TRUE,41.94391945,-71.28157454
12745,11/15/2013,November,Friday,6:49,1,5,0,0,Rear-end,V1: Slowing or stopped in traffic / V2: Travelling straight ahead / V3: Slowing or stopped in traffic / V4: Slowing or stopped in traffic / V5: Travelling straight ahead,V1: N  / V2: N  / V3: N  / V4: N  / V5: N,Dry,Daylight,Clear,0,0,52,29,TRUE,41.95593405,-71.30346756
12746,11/15/2013,November,Friday,6:51,1,2,0,0,Rear-end,V1: Slowing or stopped in traffic / V2: Travelling straight ahead,V1: N  / V2: N,Dry,Dawn,Clear,0,0,52,29,TRUE,41.93623387,-71.28481203
12747,11/16/2013,November,Saturday,7:05,1,2,0,0,Rear-end,V1: Slowing or stopped in traffic / V2: Slowing or stopped in traffic,V1: N  / V2: N,Dry,Dawn,Clear,0,0,60,31,TRUE,41.9224407,-71.35744057
12748,11/16/2013,November,Saturday,8:44,2,2,1,0,Angle,V1: Travelling straight ahead / V2: Travelling straight ahead,V1: W  / V2: E,Dry,Daylight,Clear,0,0,60,31,TRUE,41.94330896,-71.27265641
12749,11/16/2013,November,Saturday,11:21,1,2,0,0,"Sideswipe, opposite direction",V1: Backing / V2: Parked,V1: E  / V2: E,Dry,Daylight,Clear,0,0,60,31,TRUE,41.89558402,-71.36508611
12750,11/16/2013,November,Saturday,11:34,1,2,0,0,Angle,V1: Entering traffic lane / V2: Travelling straight ahead,V1: N  / V2: E,Dry,Daylight,Clear,0,0,60,31,TRUE,41.95354482,-71.26647994
12751,11/16/2013,November,Saturday,17:37,0,1,0,0,Single vehicle crash,V1: Backing,V1: N,"Sand, mud, dirt, oil, gravel",Dusk,Clear,0,0,60,31,TRUE,41.90606362,-71.29968918
12752,11/17/2013,November,Sunday,0:59,2,1,2,0,Single vehicle crash,V1: Turning right,V1: N,Dry,Dark - roadway not lighted,Clear,0,0,61,35,FALSE,41.93804592,-71.31642932
12753,11/17/2013,November,Sunday,2:42,1,1,0,0,Single vehicle crash,V1: Travelling straight ahead,V1: S,Dry,Dark - lighted roadway,Cloudy,0,0,61,35,FALSE,41.96306612,-71.28865133
12754,11/17/2013,November,Sunday,14:13,1,4,0,0,Rear-end,V1: Slowing or stopped in traffic / V2: Slowing or stopped in traffic / V3: Slowing or stopped in traffic / V4: Slowing or stopped in traffic,V1: W  / V2: W  / V3: W  / V4: W,Wet,Daylight,Rain,0,0,61,35,FALSE,41.96943481,-71.29290798
12755,11/18/2013,November,Monday,7:37,1,2,0,0,Rear-end,V1: Slowing or stopped in traffic / V2: Travelling straight ahead,V1: N  / V2: N,Wet,Daylight,Cloudy/Rain,0.58,0,64,35,FALSE,41.92886018,-71.3230987
12756,11/18/2013,November,Monday,13:33,1,2,0,0,Rear-end,V1: Travelling straight ahead / V2: Slowing or stopped in traffic,V1: E  / V2: E,Dry,Daylight,Clear,0.58,0,64,35,FALSE,41.97015292,-71.29135147
12757,11/18/2013,November,Monday,14:18,2,2,2,0,Rear-end,V1: Travelling straight ahead / V2: Slowing or stopped in traffic,V1: N  / V2: N,Dry,Daylight,Clear,0.58,0,64,35,FALSE,41.93843051,-71.29261954
12758,11/19/2013,November,Tuesday,6:15,1,2,0,0,Rear-end,V1: Slowing or stopped in traffic / V2: Travelling straight ahead,V1: N  / V2: N,Dry,Dawn,Clear,0.06,0,68,39,FALSE,41.95971173,-71.30091858
12759,11/22/2013,November,Friday,8:30,1,2,0,0,Rear-end,V1: Slowing or stopped in traffic / V2: Travelling straight ahead,V1: N  / V2: S,Wet,Daylight,Cloudy/Rain,0.01,0,48,21,TRUE,41.97396396,-71.29523823
12760,11/22/2013,November,Friday,10:46,1,2,0,0,Rear-end,V1: Slowing or stopped in traffic / V2: Travelling straight ahead,V1: S  / V2: S,Wet,Daylight,Rain,0.01,0,48,21,TRUE,41.96643836,-71.29074265
12761,11/22/2013,November,Friday,15:05,1,2,0,0,Angle,V1: Entering traffic lane / V2: Travelling straight ahead,V1: N  / V2: N,Dry,Daylight,Clear,0.01,0,48,21,TRUE,41.95137986,-71.27446159
12762,11/22/2013,November,Friday,15:22,2,3,2,0,Rear-end,V1: Travelling straight ahead / V2: Slowing or stopped in traffic / V3: Slowing or stopped in traffic,V1: S  / V2: S  / V3: S,Wet,Daylight,Cloudy,0.01,0,48,21,TRUE,41.91653724,-71.36001753
12763,11/22/2013,November,Friday,18:14,1,2,0,0,Angle,V1: Turning left / V2: Slowing or stopped in traffic,V1: W  / V2: E,Wet,Dark - lighted roadway,Cloudy,0.01,0,48,21,TRUE,41.91463957,-71.35904891
12764,11/24/2013,November,Sunday,14:24,1,2,0,0,Angle,V1: Travelling straight ahead / V2: Travelling straight ahead,V1: E  / V2: N,Dry,Daylight,Clear,0,0,48,22,TRUE,41.9370756,-71.28238678
12765,11/25/2013,November,Monday,0:10,1,2,0,0,Rear-end,V1: Other / V2: Backing,V1: S  / V2: N,Dry,Dark - lighted roadway,Clear,0,0,28,16,TRUE,41.90582226,-71.36546869
12766,11/25/2013,November,Monday,13:17,1,1,0,0,Single vehicle crash,V1: Travelling straight ahead,V1: E,Dry,Daylight,Clear,0,0,28,16,TRUE,41.94817849,-71.27976371
12767,11/25/2013,November,Monday,19:43,1,2,0,0,"Sideswipe, opposite direction",V1: Turning left / V2: Travelling straight ahead,V1: E  / V2: W,Dry,Dark - lighted roadway,Clear,0,0,28,16,TRUE,41.96939377,-71.29355357
12768,11/26/2013,November,Tuesday,6:40,1,2,0,0,Rear-end,V1: Travelling straight ahead / V2: Travelling straight ahead,V1: N  / V2: N,Dry,Dawn,Cloudy,0,0,35,16,TRUE,41.92886018,-71.3230987