ID,DATE,Month,Day of week,Crash Time,Crash Severity,Number of Vehicles,Total Nonfatal Injuries,Total Fatal Injuries,Manner of Collision,Vehicle Action Prior to Crash,Vehicle Travel Directions,Road Surface Condition,Ambient Light,Weather Condition,PRCP,SNOW,TMAX,TMIN,Ice,Longtitute,Latitute
12769,11/26/2013,November,Tuesday,9:24,1,2,0,0,Rear-end,V1: Travelling straight ahead / V2: Slowing or stopped in traffic,V1: E  / V2: E,Dry,Daylight,Clear,0,0,35,16,TRUE,41.94344652,-71.28559566
12770,11/26/2013,November,Tuesday,15:44,1,2,0,0,Rear-end,V1: Slowing or stopped in traffic / V2: Slowing or stopped in traffic,V1: W  / V2: W,Wet,Daylight,Cloudy,0,0,35,16,TRUE,41.93386542,-71.30225536
12771,11/26/2013,November,Tuesday,16:53,1,3,0,0,Rear-end,V1: Slowing or stopped in traffic / V2: Slowing or stopped in traffic / V3: Travelling straight ahead,V1: S  / V2: S  / V3: S,Wet,Dark - lighted roadway,Rain,0,0,35,16,TRUE,41.89863246,-71.35506092
12772,11/27/2013,November,Wednesday,11:03,1,2,0,0,Angle,V1: Turning left / V2: Travelling straight ahead,V1: W  / V2: N,Wet,Daylight,Rain,1,0,59,35,FALSE,41.91082902,-71.36290776
12773,11/27/2013,November,Wednesday,12:24,2,1,1,0,Single vehicle crash,V1: Turning left,V1: S,Wet,Daylight,Cloudy/Rain,1,0,59,35,FALSE,41.94330896,-71.27265641
12774,11/27/2013,November,Wednesday,21:31,1,1,0,0,Single vehicle crash,V1: Travelling straight ahead,V1: S,Dry,Dark - lighted roadway,Clear,1,0,59,35,FALSE,41.96207697,-71.29835824
12775,11/28/2013,November,Thursday,1:41,1,1,0,0,Single vehicle crash,V1: 0,V1: 0,Dry,Dark - roadway not lighted,Clear,1.85,0,62,29,TRUE,41.90231844,-71.35595143
12776,12/1/2013,December,Sunday,0:20,1,1,0,0,Single vehicle crash,V1: Travelling straight ahead,V1: S,Dry,Dark - roadway not lighted,Clear,0,0,38,15,TRUE,41.92703773,-71.32564636
12777,12/1/2013,December,Sunday,12:53,2,2,1,0,Angle,V1: Turning left / V2: Travelling straight ahead,V1: N  / V2: E,Wet,Daylight,Rain,0,0,38,15,TRUE,41.89962839,-71.35630199
12778,12/3/2013,December,Tuesday,6:51,2,2,2,0,Rear-end,V1: Travelling straight ahead / V2: Slowing or stopped in traffic,V1: N  / V2: N,Dry,Daylight,Clear,0,0,41,35,FALSE,41.95180679,-71.2898592
12779,12/3/2013,December,Tuesday,15:01,1,2,0,0,Angle,V1: Travelling straight ahead / V2: Backing,V1: W  / V2: N,Dry,Daylight,Clear,0,0,41,35,FALSE,41.96708604,-71.29121753
12780,12/3/2013,December,Tuesday,15:02,2,1,1,0,Angle,V1: Turning right,V1: E,Dry,Daylight,Clear,0,0,41,35,FALSE,41.94365869,-71.27940271
12781,12/3/2013,December,Tuesday,15:06,1,1,0,0,Single vehicle crash,V1: Travelling straight ahead,V1: W,Dry,Daylight,Clear,0,0,41,35,FALSE,41.93143765,-71.33382389
12782,12/4/2013,December,Wednesday,8:02,1,3,0,0,Angle,V1: Travelling straight ahead / V2: Travelling straight ahead / V3: Travelling straight ahead,V1: E  / V2: N  / V3: W,Dry,Daylight,Clear,0,0,49,28,TRUE,41.93806227,-71.29125944
12783,12/4/2013,December,Wednesday,17:05,1,2,0,0,Head-on,V1: Slowing or stopped in traffic / V2: Slowing or stopped in traffic,V1: W  / V2: E,Dry,Dark - lighted roadway,Clear,0,0,49,28,TRUE,41.95451461,-71.24992613
12784,12/5/2013,December,Thursday,13:53,2,3,1,0,Angle,V1: Entering traffic lane / V2: Slowing or stopped in traffic / V3: Slowing or stopped in traffic,V1: S  / V2: W  / V3: E,Wet,Daylight,Cloudy,0.01,0,46,28,TRUE,41.93405012,-71.31579284
12785,12/5/2013,December,Thursday,15:39,1,2,0,0,"Sideswipe, same direction",V1: Travelling straight ahead / V2: Turning right,V1: E  / V2: E,Wet,Daylight,Rain,0.01,0,46,28,TRUE,41.93386542,-71.30225536
12786,12/5/2013,December,Thursday,17:13,1,2,0,0,Angle,V1: Turning left / V2: Travelling straight ahead,V1: S  / V2: N,Wet,Dark - lighted roadway,Fog,0.01,0,46,28,TRUE,41.90086769,-71.36799095
12787,12/6/2013,December,Friday,5:40,1,1,0,0,Single vehicle crash,V1: Travelling straight ahead,V1: S,Wet,Dark - lighted roadway,Cloudy/Rain,0.02,0,55,36,FALSE,41.89861001,-71.36943215
12788,12/6/2013,December,Friday,11:37,1,3,0,0,Angle,V1: Entering traffic lane / V2: Travelling straight ahead / V3: Slowing or stopped in traffic,V1: S  / V2: E  / V3: N,Wet,Daylight,Cloudy,0.02,0,55,36,FALSE,41.93808003,-71.27597724
12789,12/6/2013,December,Friday,12:03,2,2,1,0,Rear-end,V1: Slowing or stopped in traffic / V2: Slowing or stopped in traffic,V1: S  / V2: S,Wet,Daylight,Cloudy/Rain,0.02,0,55,36,FALSE,41.89867838,-71.34654981
12790,12/6/2013,December,Friday,14:17,2,2,1,0,Angle,V1: Turning right / V2: Turning left,V1: N  / V2: S,Dry,Daylight,Cloudy,0.02,0,55,36,FALSE,41.93518136,-71.28488512
12791,12/6/2013,December,Friday,17:04,1,2,0,0,Rear-end,V1: Travelling straight ahead / V2: Slowing or stopped in traffic,V1: S  / V2: S,Wet,Dark - lighted roadway,Cloudy/Rain,0.02,0,55,36,FALSE,41.90998013,-71.35802082
12792,12/6/2013,December,Friday,19:54,2,2,1,0,Rear-end,V1: Travelling straight ahead / V2: Slowing or stopped in traffic,V1: N  / V2: N,Wet,Dark - lighted roadway,Cloudy/Rain,0.02,0,55,36,FALSE,41.9250735,-71.35622629
12793,12/7/2013,December,Saturday,0:49,1,2,0,0,"Sideswipe, opposite direction",V1: Travelling straight ahead / V2: Travelling straight ahead,V1: N  / V2: N,Ice,Dark - roadway not lighted,Rain,0.62,0,56,33,FALSE,41.92886018,-71.3230987
12794,12/9/2013,December,Monday,8:22,2,2,1,0,Rear-end,V1: Slowing or stopped in traffic / V2: Travelling straight ahead,V1: S  / V2: S,Wet,Daylight,Rain,0.09,0.4,31,19,TRUE,41.90261276,-71.35590972
12795,12/9/2013,December,Monday,16:55,1,2,0,0,Angle,V1: Travelling straight ahead / V2: Travelling straight ahead,V1: S  / V2: E,Wet,Dark - roadway not lighted,Cloudy/Rain,0.09,0.4,31,19,TRUE,41.9348634,-71.29887283
12796,12/10/2013,December,Tuesday,11:58,1,2,0,0,Rear-end,V1: Travelling straight ahead / V2: Travelling straight ahead,V1: N  / V2: N,Wet,Daylight,Cloudy,0.2,0,40,30,TRUE,41.97015292,-71.29135147
12797,12/10/2013,December,Tuesday,17:00,1,2,0,0,Angle,V1: Entering traffic lane / V2: Travelling straight ahead,V1: W  / V2: N,Wet,Dark - lighted roadway,Clear,0.2,0,40,30,TRUE,41.91077064,-71.36293735
12798,12/10/2013,December,Tuesday,19:17,1,2,0,0,Rear-end,V1: Travelling straight ahead / V2: Changing lanes,V1: N  / V2: N,Wet,Dark - roadway not lighted,Snow,0.2,0,40,30,TRUE,41.95593405,-71.30346756
12799,12/11/2013,December,Wednesday,7:13,1,2,0,0,Angle,V1: Turning left / V2: Travelling straight ahead,V1: W  / V2: N,Dry,Daylight,Clear,0.14,1.6,33,21,TRUE,41.93732881,-71.28475709
12800,12/11/2013,December,Wednesday,10:43,1,2,0,0,Angle,V1: Travelling straight ahead / V2: Travelling straight ahead,V1: W  / V2: S,Dry,Daylight,Clear,0.14,1.6,33,21,TRUE,41.94121777,-71.2768631
12801,12/11/2013,December,Wednesday,17:58,1,2,0,0,Rear-end,V1: Travelling straight ahead / V2: Slowing or stopped in traffic,V1: E  / V2: E,Dry,Dark - lighted roadway,Clear,0.14,1.6,33,21,TRUE,41.93394146,-71.30816431
12802,12/12/2013,December,Thursday,2:10,1,1,0,0,"Sideswipe, same direction",V1: Travelling straight ahead,V1: N,Dry,Dark - roadway not lighted,Clear,0,0,32,17,TRUE,41.90231844,-71.35595143
12803,12/12/2013,December,Thursday,4:56,2,1,1,0,Single vehicle crash,V1: Leaving traffic lane,V1: N,Dry,Dark - lighted roadway,Clear,0,0,32,17,TRUE,41.9396344,-71.26732859
12804,12/12/2013,December,Thursday,7:42,2,2,1,0,Rear-end,V1: Slowing or stopped in traffic / V2: Slowing or stopped in traffic,V1: N  / V2: N,Dry,Daylight,Clear,0,0,32,17,TRUE,41.94017217,-71.3024186
12805,12/12/2013,December,Thursday,15:49,1,1,0,0,Single vehicle crash,V1: Travelling straight ahead,V1: W,Dry,Daylight,Clear,0,0,32,17,TRUE,41.95401169,-71.26450211
12806,12/12/2013,December,Thursday,16:06,1,2,0,0,Angle,V1: Turning left / V2: Travelling straight ahead,V1: W  / V2: S,Dry,Daylight,Clear,0,0,32,17,TRUE,41.91325585,-71.3590575
12807,12/12/2013,December,Thursday,16:57,0,2,0,0,Angle,V1: Parked / V2: Parked,V1: 0 / V2: 0,Dry,Daylight,Clear,0,0,32,17,TRUE,41.92890236,-71.35392825
12808,12/12/2013,December,Thursday,18:20,2,2,1,0,Rear-end,V1: Slowing or stopped in traffic / V2: Travelling straight ahead,V1: S  / V2: S,Dry,Dark - lighted roadway,Clear,0,0,32,17,TRUE,41.95102405,-71.30675604
12809,12/13/2013,December,Friday,10:56,1,2,0,0,Rear-end,V1: Travelling straight ahead / V2: Turning right,V1: S  / V2: W,Dry,Daylight,Clear,0,0,27,12,TRUE,41.94431166,-71.28140274
12810,12/14/2013,December,Saturday,4:56,0,1,0,0,Single vehicle crash,V1: Travelling straight ahead,V1: W,Dry,Dark - lighted roadway,Clear,0,0,31,12,TRUE,41.93396492,-71.28514622
12811,12/14/2013,December,Saturday,13:22,1,2,0,0,Rear-end,V1: Travelling straight ahead / V2: Slowing or stopped in traffic,V1: S  / V2: S,Dry,Daylight,Cloudy,0,0,31,12,TRUE,41.92890236,-71.35392825
12812,12/14/2013,December,Saturday,18:31,1,2,0,0,Rear-end,V1: Turning right / V2: Turning right,V1: E  / V2: E,Snow,Dark - lighted roadway,Snow,0,0,31,12,TRUE,41.94245198,-71.28698244
12813,12/15/2013,December,Sunday,0:23,1,1,0,0,Single vehicle crash,V1: Travelling straight ahead,V1: E,Snow,Dark - lighted roadway,Snow,0.94,4.8,37,12,TRUE,41.94292045,-71.27681606
12814,12/15/2013,December,Sunday,8:47,1,1,0,0,Single vehicle crash,V1: Travelling straight ahead,V1: N,Wet,Daylight,Snow,0.94,4.8,37,12,TRUE,41.90231844,-71.35595143
12815,12/17/2013,December,Tuesday,8:36,2,2,1,0,Angle,V1: Slowing or stopped in traffic / V2: Slowing or stopped in traffic,V1: S  / V2: E,Ice,Daylight,Cloudy,0,0,30,4,TRUE,41.90804202,-71.37220475
12816,12/17/2013,December,Tuesday,14:09,1,1,0,0,Single vehicle crash,V1: Turning right,V1: N,Ice,Daylight,Snow,0,0,30,4,TRUE,41.91747212,-71.29725591
12817,12/18/2013,December,Wednesday,10:21,1,2,0,0,Angle,V1: Turning left / V2: Turning left,V1: W  / V2: E,Wet,Daylight,Clear,0.16,1.9,26,4,TRUE,41.94625923,-71.28694634
12818,12/19/2013,December,Thursday,11:49,1,2,0,0,Angle,V1: Turning left / V2: Travelling straight ahead,V1: W  / V2: S,Dry,Daylight,Clear,0,0,36,23,TRUE,41.90376957,-71.36650837
12819,12/19/2013,December,Thursday,11:49,1,1,0,0,Single vehicle crash,V1: Travelling straight ahead,V1: W,Wet,Daylight,Clear,0,0,36,23,TRUE,41.92571375,-71.34153106
12820,12/19/2013,December,Thursday,21:51,1,1,0,0,Single vehicle crash,V1: Travelling straight ahead,V1: N,Wet,Dark - lighted roadway,Clear,0,0,36,23,TRUE,41.91740145,-71.25758362
12821,12/20/2013,December,Friday,7:38,1,1,0,0,Single vehicle crash,V1: Travelling straight ahead,V1: N,Wet,Daylight,Cloudy,0,0,45,26,TRUE,41.95428777,-71.3119492
12822,12/20/2013,December,Friday,12:15,2,2,1,0,Angle,V1: Travelling straight ahead / V2: Slowing or stopped in traffic,V1: S  / V2: E,Wet,Daylight,Clear,0,0,45,26,TRUE,41.94591875,-71.28363134
12823,12/20/2013,December,Friday,18:42,1,2,0,0,Rear-end,V1: Slowing or stopped in traffic / V2: Travelling straight ahead,V1: N  / V2: N,Wet,Dark - lighted roadway,Clear,0,0,45,26,TRUE,41.92967926,-71.35358763
12824,12/20/2013,December,Friday,19:54,2,1,1,0,Single vehicle crash,V1: Travelling straight ahead,V1: W,Wet,Dark - lighted roadway,Clear,0,0,45,26,TRUE,41.94845803,-71.30212015
12825,12/20/2013,December,Friday,20:15,2,1,1,0,Angle,V1: Travelling straight ahead,V1: N,Wet,Dark - 0 roadway lighting,Clear,0,0,45,26,TRUE,41.92762143,-71.35470547
12826,12/20/2013,December,Friday,20:47,2,2,1,0,Angle,V1: Travelling straight ahead / V2: Turning left,V1: N  / V2: W,Wet,Dark - lighted roadway,Clear,0,0,45,26,TRUE,41.90376957,-71.36650837
12827,12/21/2013,December,Saturday,19:25,1,1,0,0,"Sideswipe, same direction",V1: Travelling straight ahead,V1: W,Dry,Dark - roadway not lighted,Clear,0,0,53,28,TRUE,41.9396344,-71.26732859
12828,12/22/2013,December,Sunday,4:29,1,2,0,0,Rear-end,V1: Travelling straight ahead / V2: Travelling straight ahead,V1: N  / V2: N,Dry,Dark - roadway not lighted,Clear,0,0,58,44,FALSE,41.90231844,-71.35595143
12829,12/22/2013,December,Sunday,15:49,1,2,0,0,Angle,V1: Turning right / V2: Travelling straight ahead,V1: S  / V2: W,Dry,Daylight,Clear,0,0,58,44,FALSE,41.93406554,-71.30574057
12830,12/22/2013,December,Sunday,17:49,1,2,0,0,Angle,V1: Entering traffic lane / V2: Travelling straight ahead,V1: W  / V2: N,Wet,Dark - lighted roadway,Rain,0,0,58,44,FALSE,41.92161419,-71.35782411
12831,12/22/2013,December,Sunday,22:03,1,2,0,0,Angle,V1: Backing / V2: Travelling straight ahead,V1: E  / V2: S,Dry,Dark - lighted roadway,Cloudy,0,0,58,44,FALSE,41.89614826,-71.37139413
12832,12/23/2013,December,Monday,10:06,1,2,0,0,Angle,V1: Slowing or stopped in traffic / V2: Turning left,V1: W  / V2: S,Wet,Daylight,Rain,0,0,63,37,FALSE,41.93394954,-71.30903288
12833,12/23/2013,December,Monday,11:51,1,2,0,0,Angle,V1: Entering traffic lane / V2: Travelling straight ahead,V1: N  / V2: S,Wet,Daylight,Rain,0,0,63,37,FALSE,41.90878043,-71.36396001
12834,12/23/2013,December,Monday,13:25,0,2,0,0,Angle,V1: Backing / V2: Parked,V1: N  / V2: W,Wet,Daylight,Rain,0,0,63,37,FALSE,41.94104028,-71.30879675
12835,12/23/2013,December,Monday,13:50,1,2,0,0,Rear-end,V1: Travelling straight ahead / V2: Slowing or stopped in traffic,V1: N  / V2: N,Wet,Daylight,Rain,0,0,63,37,FALSE,41.93055913,-71.35320185
12836,12/23/2013,December,Monday,15:15,1,2,0,0,"Sideswipe, same direction",V1: Entering traffic lane / V2: Travelling straight ahead,V1: N  / V2: N,Wet,Daylight,Rain,0,0,63,37,FALSE,41.91981411,-71.35860614
12837,12/24/2013,December,Tuesday,5:35,2,1,0,0,Single vehicle crash,V1: Travelling straight ahead,V1: N,Dry,Dark - roadway not lighted,Clear,0.7,0,39,33,FALSE,41.90053869,-71.36201959
12838,12/24/2013,December,Tuesday,15:44,2,1,1,0,Angle,V1: Turning left,V1: S,Dry,Daylight,Clear,0.7,0,39,33,FALSE,41.95056017,-71.27440404
12839,12/26/2013,December,Thursday,11:45,1,2,0,0,Angle,V1: Travelling straight ahead / V2: Travelling straight ahead,V1: N  / V2: N,Dry,Daylight,Clear,0,0,24,14,TRUE,41.90261276,-71.35590972
12840,12/26/2013,December,Thursday,18:46,2,2,2,0,Rear-end,V1: Travelling straight ahead / V2: Travelling straight ahead,V1: S  / V2: S,Wet,Dark - roadway not lighted,Clear,0,0,24,14,TRUE,41.93804592,-71.31642932
12841,12/26/2013,December,Thursday,19:02,2,2,1,0,Rear-end,V1: Travelling straight ahead / V2: Slowing or stopped in traffic,V1: W  / V2: W,Wet,Dark - lighted roadway,Rain,0,0,24,14,TRUE,41.93386542,-71.30225536
12842,12/27/2013,December,Friday,12:15,1,2,0,0,Rear-end,V1: Travelling straight ahead / V2: Slowing or stopped in traffic,V1: W  / V2: W,Dry,Daylight,Clear,0.07,0.2,38,22,TRUE,41.93358571,-71.32352844
12843,12/29/2013,December,Sunday,9:30,1,1,0,0,Single vehicle crash,V1: Travelling straight ahead,V1: N,Dry,Daylight,Cloudy,0,0,49,28,TRUE,41.95859676,-71.29655608
12844,12/29/2013,December,Sunday,15:17,1,2,0,0,Rear-end,V1: Travelling straight ahead / V2: Slowing or stopped in traffic,V1: S  / V2: S,Wet,Daylight,Cloudy/Rain,0,0,49,28,TRUE,41.91125427,-71.35850237
12845,12/29/2013,December,Sunday,17:21,1,2,0,0,Angle,V1: Entering traffic lane / V2: Travelling straight ahead,V1: W  / V2: S,Wet,Dark - lighted roadway,Rain,0,0,49,28,TRUE,41.94356759,-71.28177068
12846,12/29/2013,December,Sunday,23:41,0,1,0,0,Angle,V1: Parked,V1: 0,Dry,Dark - lighted roadway,Clear,0,0,49,28,TRUE,41.94499193,-71.27949098
12847,12/29/2013,December,Sunday,23:54,1,1,0,0,Single vehicle crash,V1: Travelling straight ahead,V1: S,Wet,Dark - lighted roadway,Rain,0,0,49,28,TRUE,41.97880581,-71.27906127
12848,12/31/2013,December,Tuesday,12:16,1,2,0,0,Angle,V1: Backing / V2: Travelling straight ahead,V1: N  / V2: E,Dry,Daylight,Clear,0,0,44,15,TRUE,41.91949453,-71.35988356
12849,12/31/2013,December,Tuesday,13:19,1,2,0,0,Angle,V1: Changing lanes / V2: Travelling straight ahead,V1: S  / V2: S,Dry,Daylight,Clear,0,0,44,15,TRUE,41.92298549,-71.35714757
12850,12/31/2013,December,Tuesday,14:10,1,4,0,0,Angle,V1: Travelling straight ahead / V2: Parked / V3: Parked / V4: Parked,V1: E  / V2: S  / V3: S  / V4: S,Dry,Daylight,Clear,0,0,44,15,TRUE,41.94257686,-71.27448379
12851,1/1/2014,January,Wednesday,11:56,2,3,3,0,"Sideswipe, same direction",V1: Changing lanes / V2: Travelling straight ahead / V3: Travelling straight ahead,V1: N  / V2: N  / V3: N,Dry,Daylight,Clear,0,0,44,14,TRUE,41.95593405,-71.30346756
12852,1/1/2014,January,Wednesday,13:38,1,2,0,0,"Sideswipe, same direction",V1: Turning right / V2: Parked,V1: W  / V2: W,Dry,Daylight,Clear,0,0,44,14,TRUE,41.93769219,-71.26549187
12853,1/1/2014,January,Wednesday,17:30,2,3,2,0,Head-on,V1: Changing lanes / V2: Travelling straight ahead / V3: Travelling straight ahead,V1: S  / V2: N  / V3: N,Dry,Dark - lighted roadway,Cloudy,0,0,44,14,TRUE,41.96495942,-71.28974962
12854,1/2/2014,January,Thursday,8:20,2,1,1,0,Single vehicle crash,V1: Travelling straight ahead,V1: W,Snow,Daylight,Snow,0.04,0.3,29,14,TRUE,41.91138357,-71.32740392
12855,1/2/2014,January,Thursday,8:24,1,2,0,0,Angle,V1: Travelling straight ahead / V2: Travelling straight ahead,V1: E  / V2: W,Snow,Daylight,Snow,0.04,0.3,29,14,TRUE,41.94214429,-71.28642822
12856,1/2/2014,January,Thursday,10:01,1,1,0,0,Single vehicle crash,V1: Travelling straight ahead,V1: E,Snow,Daylight,Snow,0.04,0.3,29,14,TRUE,41.93239993,-71.29481178
12857,1/2/2014,January,Thursday,12:29,1,1,0,0,Single vehicle crash,V1: Travelling straight ahead,V1: E,Snow,Daylight,Snow,0.04,0.3,29,14,TRUE,41.89780703,-71.37609272
12858,1/2/2014,January,Thursday,12:55,1,2,0,0,Rear-end,V1: Slowing or stopped in traffic / V2: Travelling straight ahead,V1: N  / V2: N,Snow,Daylight,Snow,0.04,0.3,29,14,TRUE,41.92886018,-71.3230987
12859,1/2/2014,January,Thursday,13:50,2,2,2,0,Angle,V1: Travelling straight ahead / V2: Travelling straight ahead,V1: N  / V2: N,Snow,Daylight,Snow,0.04,0.3,29,14,TRUE,41.95593405,-71.30346756
12860,1/2/2014,January,Thursday,13:56,1,2,0,0,Single vehicle crash,V1: Travelling straight ahead / V2: Other,V1: E  / V2: W,Snow,Daylight,Snow,0.04,0.3,29,14,TRUE,41.92461465,-71.25962095
12861,1/2/2014,January,Thursday,15:38,1,1,0,0,Single vehicle crash,V1: Travelling straight ahead,V1: S,Snow,Daylight,Snow,0.04,0.3,29,14,TRUE,41.96019116,-71.30118086
12862,1/2/2014,January,Thursday,18:16,1,2,0,0,Angle,V1: Travelling straight ahead / V2: Turning right,V1: W  / V2: W,Snow,Dark - lighted roadway,Snow,0.04,0.3,29,14,TRUE,41.95234013,-71.29601132
12863,1/2/2014,January,Thursday,18:49,1,1,0,0,Single vehicle crash,V1: Travelling straight ahead,V1: S,Snow,Dark - roadway not lighted,Snow,0.04,0.3,29,14,TRUE,41.89861001,-71.36943215
12864,1/3/2014,January,Friday,9:58,2,2,5,0,Angle,V1: Travelling straight ahead / V2: Travelling straight ahead,V1: N  / V2: E,Snow,Daylight,Snow,0.8,8.7,27,3,TRUE,41.9515834,-71.29702782
12865,1/3/2014,January,Friday,10:02,1,2,0,0,Angle,V1: Travelling straight ahead / V2: Turning left,V1: N  / V2: W,Snow,Daylight,Snow,0.8,8.7,27,3,TRUE,41.92521765,-71.28783389
12866,1/3/2014,January,Friday,10:36,1,2,0,0,Angle,V1: Turning right / V2: Slowing or stopped in traffic,V1: N  / V2: W,Snow,Daylight,Snow,0.8,8.7,27,3,TRUE,41.94245198,-71.28698244
12867,1/3/2014,January,Friday,11:14,1,2,0,0,Rear-end,V1: Turning left / V2: Travelling straight ahead,V1: S  / V2: S,Snow,Daylight,Clear,0.8,8.7,27,3,TRUE,41.9483337,-71.27794679
12868,1/3/2014,January,Friday,12:54,1,3,0,0,Rear-end,V1: Slowing or stopped in traffic / V2: Travelling straight ahead / V3: Travelling straight ahead,V1: N  / V2: N  / V3: S,Snow,Daylight,Clear,0.8,8.7,27,3,TRUE,41.95076301,-71.27397064
12869,1/3/2014,January,Friday,15:10,1,1,0,0,Single vehicle crash,V1: Travelling straight ahead,V1: W,Snow,Daylight,Cloudy,0.8,8.7,27,3,TRUE,41.90213562,-71.37117801
12870,1/3/2014,January,Friday,16:33,1,2,0,0,"Sideswipe, opposite direction",V1: Slowing or stopped in traffic / V2: Travelling straight ahead,V1: E  / V2: W,Snow,Daylight,Clear,0.8,8.7,27,3,TRUE,41.9123716,-71.26785013
12871,1/4/2014,January,Saturday,1:44,1,1,0,0,Single vehicle crash,V1: Travelling straight ahead,V1: W,Snow,Dark - lighted roadway,Snow,0.03,0.2,15,-6,TRUE,41.95375322,-71.26561683
12872,1/4/2014,January,Saturday,10:05,1,2,0,0,Angle,V1: Travelling straight ahead / V2: Travelling straight ahead,V1: E  / V2: W,Ice,Daylight,Clear,0.03,0.2,15,-6,TRUE,41.92626385,-71.34598617
12873,1/4/2014,January,Saturday,10:09,1,2,0,0,Angle,V1: Slowing or stopped in traffic / V2: Travelling straight ahead,V1: S  / V2: W,Snow,Daylight,Clear,0.03,0.2,15,-6,TRUE,41.95234013,-71.29601132
12874,1/4/2014,January,Saturday,10:41,1,1,0,0,Single vehicle crash,V1: Turning right,V1: W,Snow,Daylight,Clear,0.03,0.2,15,-6,TRUE,41.90168645,-71.34227839
12875,1/4/2014,January,Saturday,17:58,1,2,0,0,Angle,V1: Turning left / V2: Travelling straight ahead,V1: N  / V2: S,Snow,Dark - lighted roadway,Cloudy,0.03,0.2,15,-6,TRUE,41.89541252,-71.37076533
12876,1/5/2014,January,Sunday,8:16,1,1,0,0,Single vehicle crash,V1: Travelling straight ahead,V1: S,Slush,Daylight,Cloudy,0,0,28,-6,TRUE,41.92754704,-71.30533032
12877,1/5/2014,January,Sunday,11:57,1,2,0,0,Angle,V1: Turning left / V2: Travelling straight ahead,V1: E  / V2: N,Wet,Daylight,Cloudy,0,0,28,-6,TRUE,41.90086769,-71.36799095
12878,1/6/2014,January,Monday,9:59,2,1,1,0,Single vehicle crash,V1: Travelling straight ahead,V1: E,Wet,Daylight,Rain,0.21,0,55,16,TRUE,41.93777592,-71.31514561
12879,1/6/2014,January,Monday,13:43,1,2,0,0,Angle,V1: Leaving traffic lane / V2: Travelling straight ahead,V1: S  / V2: S,Wet,Daylight,Rain,0.21,0,55,16,TRUE,41.96019116,-71.30118086
12880,1/6/2014,January,Monday,18:25,1,1,0,0,Single vehicle crash,V1: Travelling straight ahead,V1: N,Wet,Dark - lighted roadway,Clear,0.21,0,55,16,TRUE,41.92090736,-71.28643366
12881,1/7/2014,January,Tuesday,6:21,1,2,0,0,Head-on,V1: Turning left / V2: Travelling straight ahead,V1: E  / V2: W,Dry,Dawn,Clear,0.13,0.2,58,11,TRUE,41.96939377,-71.29355357
12882,1/7/2014,January,Tuesday,13:30,1,2,0,0,Rear-end,V1: Travelling straight ahead / V2: Slowing or stopped in traffic,V1: S  / V2: S,Dry,Daylight,Clear,0.13,0.2,58,11,TRUE,41.9024767,-71.35600008
12883,1/7/2014,January,Tuesday,14:56,1,2,0,0,Head-on,V1: Turning left / V2: Travelling straight ahead,V1: N  / V2: S,Dry,Daylight,Clear,0.13,0.2,58,11,TRUE,41.92639157,-71.35556191
12884,1/8/2014,January,Wednesday,8:19,1,2,0,0,Rear-end,V1: Slowing or stopped in traffic / V2: Slowing or stopped in traffic,V1: E  / V2: E,Dry,Daylight,Clear,0,0,17,6,TRUE,41.94450501,-71.28411703
12885,1/8/2014,January,Wednesday,14:15,1,2,0,0,Angle,V1: Turning left / V2: Travelling straight ahead,V1: E  / V2: S,Dry,Daylight,Clear,0,0,17,6,TRUE,41.93306281,-71.28502226
12886,1/8/2014,January,Wednesday,22:11,1,2,0,0,Rear-end,V1: Travelling straight ahead / V2: Parked,V1: E  / V2: 0,Dry,Dark - lighted roadway,Clear,0,0,17,6,TRUE,41.93663339,-71.2786231
12887,1/9/2014,January,Thursday,16:26,1,2,0,0,Angle,V1: Turning left / V2: Travelling straight ahead,V1: N  / V2: E,Dry,Daylight,Clear,0,0,23,6,TRUE,41.92675288,-71.34334435
12888,1/9/2014,January,Thursday,19:51,1,1,0,0,Single vehicle crash,V1: Turning left,V1: W,"Sand, mud, dirt, oil, gravel",Dark - lighted roadway,Clear,0,0,23,6,TRUE,41.94173806,-71.28462074
12889,1/10/2014,January,Friday,1:20,1,2,0,0,Rear-end,V1: Parked / V2: Travelling straight ahead,V1: S  / V2: S,Dry,Dark - roadway not lighted,Clear,0,0,30,9,TRUE,41.93804592,-71.31642932
12890,1/10/2014,January,Friday,7:12,2,2,1,0,"Sideswipe, same direction",V1: Travelling straight ahead / V2: Travelling straight ahead,V1: W  / V2: E,Snow,Daylight,Snow,0,0,30,9,TRUE,41.93406554,-71.30574057
12891,1/10/2014,January,Friday,7:53,2,1,1,0,Single vehicle crash,V1: Travelling straight ahead,V1: W,Snow,Daylight,Snow,0,0,30,9,TRUE,41.94625923,-71.28694634
12892,1/10/2014,January,Friday,8:22,1,2,0,0,Head-on,V1: Travelling straight ahead / V2: Other,V1: S  / V2: S,Snow,Daylight,Snow,0,0,30,9,TRUE,41.97396396,-71.29523823