ID,DATE,Month,Day of week,Crash Time,Crash Severity,Number of Vehicles,Total Nonfatal Injuries,Total Fatal Injuries,Manner of Collision,Vehicle Action Prior to Crash,Vehicle Travel Directions,Road Surface Condition,Ambient Light,Weather Condition,PRCP,SNOW,TMAX,TMIN,Ice,Longtitute,Latitute
12893,1/10/2014,January,Friday,19:58,1,2,0,0,Angle,V1: Turning right / V2: Slowing or stopped in traffic,V1: N  / V2: N,Wet,Dark - lighted roadway,Clear,0,0,30,9,TRUE,41.94472176,-71.2812504
12894,1/10/2014,January,Friday,20:24,1,2,0,0,Angle,V1: Travelling straight ahead / V2: Turning right,V1: N  / V2: N,Wet,Dark - roadway not lighted,Rain,0,0,30,9,TRUE,41.92438633,-71.31040772
12895,1/11/2014,January,Saturday,0:40,2,2,1,0,Rear-end,V1: Leaving traffic lane / V2: Backing,V1: N  / V2: N,Wet,Dark - roadway not lighted,Fog,0.13,0.9,44,18,TRUE,41.90101278,-71.3600587
12896,1/11/2014,January,Saturday,0:58,1,2,0,0,Angle,V1: Travelling straight ahead / V2: Travelling straight ahead,V1: S  / V2: W,Ice,Dark - lighted roadway,Rain,0.13,0.9,44,18,TRUE,41.92387717,-71.35158914
12897,1/11/2014,January,Saturday,1:10,2,1,1,0,Single vehicle crash,V1: Travelling straight ahead,V1: W,Ice,Dark - roadway not lighted,Rain,0.13,0.9,44,18,TRUE,41.92616865,-71.3603011
12898,1/11/2014,January,Saturday,9:47,1,2,0,0,Angle,V1: Entering traffic lane / V2: Travelling straight ahead,V1: W  / V2: S,"Sand, mud, dirt, oil, gravel",Daylight,Cloudy,0.13,0.9,44,18,TRUE,41.94121777,-71.2768631
12899,1/11/2014,January,Saturday,15:48,1,1,0,0,Single vehicle crash,V1: Travelling straight ahead,V1: N,Wet,Daylight,Rain,0.13,0.9,44,18,TRUE,41.91316207,-71.25837783
12900,1/11/2014,January,Saturday,16:35,1,2,0,0,Rear-end,V1: Travelling straight ahead / V2: Slowing or stopped in traffic,V1: N  / V2: N,Wet,Dusk,Rain,0.13,0.9,44,18,TRUE,41.91981411,-71.35860614
12901,1/11/2014,January,Saturday,17:50,1,1,0,0,Rear-end,V1: Backing,V1: N,Wet,Dark - roadway not lighted,Rain,0.13,0.9,44,18,TRUE,41.948669,-71.27531793
12902,1/11/2014,January,Saturday,19:00,1,2,0,0,Angle,V1: Entering traffic lane / V2: Travelling straight ahead,V1: N  / V2: S,Wet,Dark - roadway not lighted,Rain,0.13,0.9,44,18,TRUE,41.93306281,-71.28502226
12903,1/11/2014,January,Saturday,23:34,1,2,0,0,Rear-end,V1: Travelling straight ahead / V2: Slowing or stopped in traffic,V1: N  / V2: N,Wet,Dark - lighted roadway,Rain,0.13,0.9,44,18,TRUE,41.91981411,-71.35860614
12904,1/13/2014,January,Monday,7:10,2,1,1,0,Single vehicle crash,V1: Travelling straight ahead,V1: S,Dry,Daylight,Clear,0,0,47,29,TRUE,41.96019116,-71.30118086
12905,1/13/2014,January,Monday,7:40,1,2,0,0,Rear-end,V1: Travelling straight ahead / V2: Travelling straight ahead,V1: S  / V2: S,Dry,Daylight,Clear,0,0,47,29,TRUE,41.96019116,-71.30118086
12906,1/13/2014,January,Monday,13:40,1,2,0,0,Angle,V1: Other / V2: Parked,V1: E  / V2: Reported but invalid,Dry,Daylight,Clear,0,0,47,29,TRUE,41.94391945,-71.28157454
12907,1/13/2014,January,Monday,14:37,2,2,2,0,Rear-end,V1: Travelling straight ahead / V2: Slowing or stopped in traffic,V1: N  / V2: N,Dry,Daylight,Clear,0,0,47,29,TRUE,41.92521765,-71.28783389
12908,1/13/2014,January,Monday,15:31,1,2,0,0,Rear-end,V1: Turning left / V2: Travelling straight ahead,V1: N  / V2: N,Dry,Daylight,Clear,0,0,47,29,TRUE,41.95808616,-71.28762486
12909,1/14/2014,January,Tuesday,2:03,1,1,0,0,Single vehicle crash,V1: Travelling straight ahead,V1: E,Wet,Dark - lighted roadway,Cloudy,0.02,0,50,30,TRUE,41.91481632,-71.25770912
12910,1/15/2014,January,Wednesday,6:40,1,2,0,0,"Sideswipe, opposite direction",V1: Travelling straight ahead / V2: Travelling straight ahead,V1: W  / V2: E,Ice,Daylight,Cloudy,0.8,0,48,31,TRUE,41.93152244,-71.29127014
12911,1/15/2014,January,Wednesday,7:17,1,2,0,0,Angle,V1: Entering traffic lane / V2: Travelling straight ahead,V1: N  / V2: W,Ice,Daylight,Clear,0.8,0,48,31,TRUE,41.92517263,-71.34865517
12912,1/15/2014,January,Wednesday,15:42,2,1,1,0,Single vehicle crash,V1: Travelling straight ahead,V1: N,Dry,Daylight,Cloudy,0.8,0,48,31,TRUE,41.95076301,-71.27397064
12913,1/15/2014,January,Wednesday,16:58,1,2,0,0,Rear-end,V1: Travelling straight ahead / V2: Slowing or stopped in traffic,V1: E  / V2: E,Dry,Dusk,Clear,0.8,0,48,31,TRUE,41.95279399,-71.26926096
12914,1/15/2014,January,Wednesday,18:04,1,2,0,0,"Sideswipe, opposite direction",V1: Leaving traffic lane / V2: Travelling straight ahead,V1: N  / V2: S,Wet,Dusk,Clear,0.8,0,48,31,TRUE,41.92226308,-71.29318434
12915,1/16/2014,January,Thursday,5:26,1,2,0,0,Angle,V1: Travelling straight ahead / V2: Travelling straight ahead,V1: N  / V2: W,Dry,Dark - lighted roadway,Clear,0.03,0,49,30,TRUE,41.94472176,-71.2812504
12916,1/17/2014,January,Friday,7:54,1,2,0,0,Angle,V1: Slowing or stopped in traffic / V2: Backing,V1: W  / V2: E,Dry,Daylight,Clear,0,0,40,32,TRUE,41.93287867,-71.31010159
12917,1/17/2014,January,Friday,12:11,2,2,1,0,Angle,V1: Travelling straight ahead / V2: Travelling straight ahead,V1: W  / V2: S,Dry,Daylight,Clear,0,0,40,32,TRUE,41.93742983,-71.26519759
12918,1/17/2014,January,Friday,13:17,0,1,0,0,Single vehicle crash,V1: Backing,V1: 0,Dry,Daylight,Clear,0,0,40,32,TRUE,41.94173806,-71.28462074
12919,1/17/2014,January,Friday,14:28,1,2,0,0,Angle,V1: Turning left / V2: Travelling straight ahead,V1: N  / V2: N,Dry,Daylight,Clear,0,0,40,32,TRUE,41.93365798,-71.32924077
12920,1/17/2014,January,Friday,15:01,1,1,0,0,Single vehicle crash,V1: 0,V1: 0,Dry,Daylight,Clear,0,0,40,32,TRUE,41.9472108,-71.28786501
12921,1/17/2014,January,Friday,17:06,2,2,1,0,Angle,V1: Entering traffic lane / V2: Travelling straight ahead,V1: N  / V2: E,Wet,Dark - lighted roadway,Rain,0,0,40,32,TRUE,41.92675288,-71.34334435
12922,1/18/2014,January,Saturday,7:22,1,1,0,0,Single vehicle crash,V1: Parked,V1: W,Wet,Daylight,Cloudy/Rain,0.03,0,45,28,TRUE,41.8990797,-71.35507779
12923,1/18/2014,January,Saturday,12:08,1,2,0,0,Rear-end,V1: Travelling straight ahead / V2: Travelling straight ahead,V1: N  / V2: N,Wet,Daylight,Snow,0.03,0,45,28,TRUE,41.91619723,-71.35885587
12924,1/20/2014,January,Monday,7:57,1,2,0,0,"Sideswipe, same direction",V1: Overtaking/passing / V2: Slowing or stopped in traffic,V1: E  / V2: E,Dry,Daylight,Clear,0.03,0.3,36,28,TRUE,41.95452768,-71.25097178
12925,1/21/2014,January,Tuesday,12:27,1,2,0,0,Rear-end,V1: Parked / V2: Backing,V1: E  / V2: W,Dry,Daylight,Cloudy,0,0,44,18,TRUE,41.95271157,-71.26951043
12926,1/21/2014,January,Tuesday,22:01,1,1,0,0,Single vehicle crash,V1: Travelling straight ahead,V1: E,Snow,Dark - lighted roadway,Snow,0,0,44,18,TRUE,41.89804027,-71.37674712
12927,1/22/2014,January,Wednesday,11:04,1,13,0,0,Head-on,V1: Travelling straight ahead / V2: Parked / V3: Parked / V4: Parked / V5: Parked / V6: Parked / V7: Parked / V8: Parked / V9: Parked / V10: Parked / V11: Parked / V12: Parked / V13: Parked,V1: N  / V2: E  / V3: E  / V4: E  / V5: E  / V6: E  / V7: E  / V8: E  / V9: E  / V10: W  / V11: S  / V12: S  / V13: S,Wet,Daylight,Clear,0.3,9.6,19,8,TRUE,41.90540753,-71.36567803
12928,1/22/2014,January,Wednesday,19:48,2,2,1,0,Angle,V1: Travelling straight ahead / V2: Overtaking/passing,V1: S  / V2: S,Wet,Dark - roadway not lighted,Cloudy,0.3,9.6,19,8,TRUE,41.92927403,-71.32377045
12929,1/23/2014,January,Thursday,14:10,2,2,1,0,Rear-end,V1: Slowing or stopped in traffic / V2: Travelling straight ahead,V1: E  / V2: E,Dry,Daylight,Clear,0.01,0.2,17,0,TRUE,41.93392932,-71.3169363
12930,1/23/2014,January,Thursday,17:21,1,2,0,0,Angle,V1: Parked / V2: Travelling straight ahead,V1: Reported but invalid / V2: N,Snow,Dark - roadway not lighted,Clear,0.01,0.2,17,0,TRUE,41.8992122,-71.36458416
12931,1/24/2014,January,Friday,8:37,1,2,0,0,Head-on,V1: Travelling straight ahead / V2: Turning right,V1: E  / V2: W,Dry,Daylight,Clear,0,0,24,0,TRUE,41.90498112,-71.31911009
12932,1/24/2014,January,Friday,8:53,1,1,0,0,Head-on,V1: Other,V1: E,Snow,Daylight,Clear,0,0,24,0,TRUE,41.94614169,-71.28674226
12933,1/24/2014,January,Friday,13:05,1,2,0,0,"Sideswipe, same direction",V1: Slowing or stopped in traffic / V2: Turning left,V1: N  / V2: N,"Sand, mud, dirt, oil, gravel",Daylight,Clear,0,0,24,0,TRUE,41.92351058,-71.35224612
12934,1/24/2014,January,Friday,13:27,2,1,1,0,Rear-end,V1: Slowing or stopped in traffic,V1: S,Dry,Daylight,Clear,0,0,24,0,TRUE,41.90261276,-71.35590972
12935,1/24/2014,January,Friday,16:00,1,3,0,0,Rear-end,V1: Slowing or stopped in traffic / V2: Slowing or stopped in traffic / V3: Slowing or stopped in traffic,V1: S  / V2: S  / V3: S,Dry,Daylight,Cloudy,0,0,24,0,TRUE,41.96019116,-71.30118086
12936,1/24/2014,January,Friday,17:02,1,2,0,0,"Sideswipe, opposite direction",V1: Entering traffic lane / V2: Travelling straight ahead,V1: S  / V2: W,Dry,Dark - lighted roadway,Clear,0,0,24,0,TRUE,41.95263255,-71.26972406
12937,1/24/2014,January,Friday,20:45,1,1,0,0,Single vehicle crash,V1: Turning left,V1: E,"Sand, mud, dirt, oil, gravel",Dark - lighted roadway,Clear,0,0,24,0,TRUE,41.94785393,-71.27857057
12938,1/25/2014,January,Saturday,11:38,1,2,0,0,Angle,V1: Slowing or stopped in traffic / V2: Travelling straight ahead,V1: N  / V2: E,Dry,Daylight,Cloudy,0,0,20,5,TRUE,41.94472176,-71.2812504
12939,1/25/2014,January,Saturday,12:08,2,2,2,0,Angle,V1: Turning left / V2: Travelling straight ahead,V1: E  / V2: S,Dry,Daylight,Cloudy,0,0,20,5,TRUE,41.92944781,-71.24502657
12940,1/25/2014,January,Saturday,12:49,1,2,0,0,Rear-end,V1: Travelling straight ahead / V2: Slowing or stopped in traffic,V1: N  / V2: N,Dry,Daylight,Cloudy,0,0,20,5,TRUE,41.92639157,-71.35556191
12941,1/26/2014,January,Sunday,3:09,1,1,0,0,Single vehicle crash,V1: Travelling straight ahead,V1: S,Wet,Dark - roadway not lighted,Clear,0.01,0.2,38,15,TRUE,41.96019116,-71.30118086
12942,1/26/2014,January,Sunday,15:22,1,2,0,0,Angle,V1: Turning left / V2: Turning left,V1: S  / V2: E,Wet,Daylight,Cloudy,0.01,0.2,38,15,TRUE,41.94234382,-71.27289652
12943,1/26/2014,January,Sunday,16:34,0,2,0,0,Angle,V1: Entering traffic lane / V2: Travelling straight ahead,V1: E  / V2: S,Dry,Dusk,Clear,0.01,0.2,38,15,TRUE,41.93518136,-71.28488512
12944,1/26/2014,January,Sunday,19:31,2,2,3,0,Angle,V1: Turning right / V2: Travelling straight ahead,V1: E  / V2: N,Dry,Dark - lighted roadway,Cloudy,0.01,0.2,38,15,TRUE,41.93095021,-71.35302857
12945,1/27/2014,January,Monday,13:44,1,2,0,0,Rear-end,V1: Travelling straight ahead / V2: Travelling straight ahead,V1: W  / V2: W,Dry,Daylight,Clear,0,0,42,15,TRUE,41.93401501,-71.31496153
12946,1/27/2014,January,Monday,15:47,2,2,1,0,"Sideswipe, opposite direction",V1: Slowing or stopped in traffic / V2: Parked,V1: E  / V2: W,Dry,Daylight,Clear,0,0,42,15,TRUE,41.94384689,-71.28933564
12947,1/29/2014,January,Wednesday,20:54,2,2,1,0,Angle,V1: Travelling straight ahead / V2: Travelling straight ahead,V1: W  / V2: S,Dry,Dark - lighted roadway,Clear,0.04,0.5,22,11,TRUE,41.94019537,-71.27660007
12948,1/30/2014,January,Thursday,1:29,2,2,1,0,Angle,V1: Travelling straight ahead / V2: Parked,V1: S  / V2: 0,Dry,Dark - lighted roadway,Clear,0,0,26,8,TRUE,41.91740145,-71.25758362
12949,1/30/2014,January,Thursday,12:24,1,2,0,0,Angle,V1: Travelling straight ahead / V2: Entering traffic lane,V1: W  / V2: S,Dry,Daylight,Clear,0,0,26,8,TRUE,41.94661476,-71.28014357
12950,1/30/2014,January,Thursday,13:56,1,4,0,0,Rear-end,V1: Slowing or stopped in traffic / V2: Slowing or stopped in traffic / V3: Slowing or stopped in traffic / V4: Slowing or stopped in traffic,V1: E  / V2: E  / V3: E  / V4: E,Dry,Daylight,Clear,0,0,26,8,TRUE,41.94021848,-71.30088452
12951,1/30/2014,January,Thursday,18:20,0,1,0,0,0,V1: Parked,V1: Reported but invalid,Dry,Dark - lighted roadway,Clear,0,0,26,8,TRUE,41.94590068,-71.286322
12952,1/31/2014,January,Friday,4:48,1,1,0,0,Single vehicle crash,V1: Travelling straight ahead,V1: E,Dry,Dark - lighted roadway,Clear,0,0,30,8,TRUE,41.91963326,-71.24395781
12953,1/31/2014,January,Friday,17:06,1,1,0,0,Single vehicle crash,V1: Backing,V1: E,Snow,Dark - roadway not lighted,Snow,0,0,30,8,TRUE,41.8998158,-71.37779853
12954,2/1/2014,February,Saturday,7:17,2,2,1,0,Angle,V1: Travelling straight ahead / V2: Parked,V1: W  / V2: U,Dry,Daylight,Clear,0,0,43,24,TRUE,41.92287351,-71.31368988
12955,2/1/2014,February,Saturday,10:18,2,2,1,0,Angle,V1: Travelling straight ahead / V2: Turning left,V1: E  / V2: W,Dry,Daylight,Clear,0,0,43,24,TRUE,41.93821188,-71.25002331
12956,2/2/2014,February,Sunday,0:17,2,2,1,0,Single vehicle crash,V1: Travelling straight ahead / V2: Parked,V1: N  / V2: 0,Dry,Other,Clear,0,0,45,29,TRUE,41.92374553,-71.35182855
12957,2/2/2014,February,Sunday,3:45,1,1,0,0,Single vehicle crash,V1: Leaving traffic lane,V1: N,Wet,Dark - roadway not lighted,Clear,0,0,45,29,TRUE,41.95593405,-71.30346756
12958,2/3/2014,February,Monday,11:45,1,1,0,0,Single vehicle crash,V1: Slowing or stopped in traffic,V1: S,Snow,Daylight,Snow,0,0,53,33,FALSE,41.95273414,-71.2847248
12959,2/3/2014,February,Monday,11:59,1,1,0,0,Single vehicle crash,V1: Travelling straight ahead,V1: W,Snow,Daylight,Snow,0,0,53,33,FALSE,41.90853455,-71.29627421
12960,2/4/2014,February,Tuesday,14:14,2,2,1,0,Angle,V1: Travelling straight ahead / V2: Travelling straight ahead,V1: S  / V2: W,Dry,Daylight,Clear,0.37,3.6,36,15,TRUE,41.94396167,-71.27662963
12961,2/5/2014,February,Wednesday,6:41,1,3,0,0,Angle,V1: Turning left / V2: Travelling straight ahead / V3: Slowing or stopped in traffic,V1: S  / V2: N  / V3: W,Snow,Daylight,Snow,0.26,2.2,37,16,TRUE,41.94231024,-71.28253433
12962,2/5/2014,February,Wednesday,13:40,1,1,0,0,Single vehicle crash,V1: Leaving traffic lane,V1: N,Snow,Daylight,Snow,0.26,2.2,37,16,TRUE,41.89493871,-71.37540379
12963,2/5/2014,February,Wednesday,14:09,1,2,0,0,Rear-end,V1: Travelling straight ahead / V2: Travelling straight ahead,V1: W  / V2: W,Snow,Daylight,Snow,0.26,2.2,37,16,TRUE,41.95090811,-71.27361366
12964,2/6/2014,February,Thursday,6:53,1,2,0,0,Rear-end,V1: Travelling straight ahead / V2: Slowing or stopped in traffic,V1: N  / V2: N,Snow,Daylight,Clear,0.72,3.2,33,17,TRUE,41.9295435,-71.30268448
12965,2/6/2014,February,Thursday,7:16,1,2,0,0,Rear-end,V1: Travelling straight ahead / V2: Slowing or stopped in traffic,V1: W  / V2: W,Ice,Daylight,Clear,0.72,3.2,33,17,TRUE,41.95406324,-71.28344717
12966,2/6/2014,February,Thursday,8:30,2,1,1,0,Single vehicle crash,V1: Travelling straight ahead,V1: N,Wet,Daylight,Cloudy,0.72,3.2,33,17,TRUE,34.24438675,-73.6513909
12967,2/6/2014,February,Thursday,10:46,1,1,0,0,Single vehicle crash,V1: Turning left,V1: E,Wet,Daylight,Clear,0.72,3.2,33,17,TRUE,41.94380247,-71.29534008
12968,2/7/2014,February,Friday,8:00,1,2,0,0,Angle,V1: Backing / V2: Travelling straight ahead,V1: N  / V2: E,Dry,Daylight,Clear,0,0,33,8,TRUE,41.90966187,-71.2971759
12969,2/7/2014,February,Friday,16:21,1,2,0,0,Angle,V1: Travelling straight ahead / V2: Travelling straight ahead,V1: S  / V2: E,Dry,Daylight,Clear,0,0,33,8,TRUE,41.93359015,-71.30040441
12970,2/7/2014,February,Friday,16:24,1,3,0,0,Rear-end,V1: Slowing or stopped in traffic / V2: Slowing or stopped in traffic / V3: Travelling straight ahead,V1: S  / V2: S  / V3: S,Dry,Daylight,Clear,0,0,33,8,TRUE,41.89903243,-71.355186
12971,2/8/2014,February,Saturday,7:40,1,2,0,0,Rear-end,V1: Travelling straight ahead / V2: Travelling straight ahead,V1: S  / V2: S,Dry,Daylight,Cloudy,0,0,33,8,TRUE,34.24438675,-73.6513909
12972,2/8/2014,February,Saturday,11:40,2,3,1,0,"Sideswipe, same direction",V1: Travelling straight ahead / V2: Travelling straight ahead / V3: Travelling straight ahead,V1: N  / V2: N  / V3: N,Dry,Daylight,Cloudy,0,0,33,8,TRUE,41.90231844,-71.35595143
12973,2/8/2014,February,Saturday,12:30,1,2,0,0,Rear-end,V1: Travelling straight ahead / V2: Slowing or stopped in traffic,V1: W  / V2: W,Dry,Daylight,Clear,0,0,33,8,TRUE,41.93359015,-71.30040441
12974,2/8/2014,February,Saturday,13:37,1,2,0,0,Rear-end,V1: Travelling straight ahead / V2: Travelling straight ahead,V1: N  / V2: N,Dry,Daylight,Clear,0,0,33,8,TRUE,41.90158138,-71.35560765
12975,2/9/2014,February,Sunday,1:27,2,1,4,0,Single vehicle crash,V1: Changing lanes,V1: N,Dry,Dark - roadway not lighted,Cloudy,0,0,32,14,TRUE,41.92886018,-71.3230987
12976,2/9/2014,February,Sunday,16:20,1,2,0,0,"Sideswipe, same direction",V1: Changing lanes / V2: Travelling straight ahead,V1: N  / V2: N,Dry,Daylight,Clear,0,0,32,14,TRUE,41.9079342,-71.35745922
12977,2/10/2014,February,Monday,14:14,2,2,2,0,Rear-end,V1: Travelling straight ahead / V2: Slowing or stopped in traffic,V1: S  / V2: S,Dry,Daylight,Clear,0.05,1.1,33,18,TRUE,41.91402282,-71.35905109
12978,2/10/2014,February,Monday,15:09,2,2,2,0,Rear-end,V1: Travelling straight ahead / V2: Slowing or stopped in traffic,V1: N  / V2: N,Dry,Daylight,Clear,0.05,1.1,33,18,TRUE,41.95808616,-71.28762486
12979,2/11/2014,February,Tuesday,6:53,1,2,0,0,Rear-end,V1: Travelling straight ahead / V2: Turning left,V1: N  / V2: N,Dry,Daylight,Clear,0,0,31,3,TRUE,41.96643836,-71.29074265
12980,2/11/2014,February,Tuesday,14:53,1,2,0,0,Rear-end,V1: Travelling straight ahead / V2: Travelling straight ahead,V1: S  / V2: S,Dry,Daylight,Clear,0,0,31,3,TRUE,41.9024767,-71.35600008
12981,2/12/2014,February,Wednesday,8:05,1,2,0,0,Angle,V1: Entering traffic lane / V2: Travelling straight ahead,V1: E  / V2: S,Ice,Daylight,Clear,0,0,28,3,TRUE,41.96643836,-71.29074265
12982,2/12/2014,February,Wednesday,11:00,1,2,0,0,Rear-end,V1: Travelling straight ahead / V2: Slowing or stopped in traffic,V1: W  / V2: W,Dry,Daylight,Clear,0,0,28,3,TRUE,41.91819965,-71.36378494
12983,2/12/2014,February,Wednesday,13:00,1,2,0,0,Angle,V1: Backing / V2: Parked,V1: W  / V2: Reported but invalid,Snow,Daylight,Clear,0,0,28,3,TRUE,41.94356759,-71.28177068
12984,2/12/2014,February,Wednesday,16:52,2,2,3,0,Rear-end,V1: Travelling straight ahead / V2: Slowing or stopped in traffic,V1: S  / V2: S,Dry,Daylight,Clear,0,0,28,3,TRUE,41.89995818,-71.35548913
12985,2/12/2014,February,Wednesday,22:50,1,2,0,0,"Sideswipe, same direction",V1: Overtaking/passing / V2: Travelling straight ahead,V1: S  / V2: S,Dry,Dark - roadway not lighted,Clear,0,0,28,3,TRUE,41.90255025,-71.35612621
12986,2/13/2014,February,Thursday,2:07,1,1,0,0,Single vehicle crash,V1: Turning right,V1: S,Snow,Dark - lighted roadway,Clear,0,0,29,3,TRUE,41.89891207,-71.36898868
12987,2/13/2014,February,Thursday,11:59,1,2,0,0,"Sideswipe, opposite direction",V1: Turning right / V2: Turning left,V1: E  / V2: W,Snow,Daylight,Snow,0,0,29,3,TRUE,41.92279203,-71.35723949
12988,2/13/2014,February,Thursday,12:26,1,2,0,0,Angle,V1: Travelling straight ahead / V2: Travelling straight ahead,V1: E  / V2: W,Snow,Daylight,Snow,0,0,29,3,TRUE,41.89774845,-71.35622431
12989,2/13/2014,February,Thursday,15:12,2,1,1,0,Single vehicle crash,V1: Travelling straight ahead,V1: S,Snow,Daylight,Snow,0,0,29,3,TRUE,41.90397266,-71.30292523
12990,2/13/2014,February,Thursday,16:11,1,1,0,0,Single vehicle crash,V1: Travelling straight ahead,V1: W,Snow,Daylight,Snow,0,0,29,3,TRUE,41.95848482,-71.3091566
12991,2/14/2014,February,Friday,1:54,1,1,0,0,Single vehicle crash,V1: Travelling straight ahead,V1: N,Ice,Dark - lighted roadway,Snow,1.75,2.5,37,25,TRUE,41.94380247,-71.29534008
12992,2/14/2014,February,Friday,6:20,1,2,0,0,Angle,V1: Travelling straight ahead / V2: Turning left,V1: W  / V2: E,Ice,Daylight,Snow,1.75,2.5,37,25,TRUE,41.9340896,-71.29983557
12993,2/14/2014,February,Friday,9:09,1,2,0,0,Angle,V1: Entering traffic lane / V2: Travelling straight ahead,V1: N  / V2: E,Wet,Daylight,Cloudy,1.75,2.5,37,25,TRUE,41.9196605,-71.35925141
12994,2/14/2014,February,Friday,11:29,1,2,0,0,Head-on,V1: Turning left / V2: Slowing or stopped in traffic,V1: N  / V2: E,Dry,Daylight,Clear,1.75,2.5,37,25,TRUE,41.95180679,-71.2898592
12995,2/14/2014,February,Friday,17:05,1,2,0,0,Angle,V1: Travelling straight ahead / V2: Entering traffic lane,V1: S  / V2: N,Dry,Dark - lighted roadway,Clear,1.75,2.5,37,25,TRUE,41.95260998,-71.26978509
12996,2/15/2014,February,Saturday,11:10,1,2,0,0,"Sideswipe, opposite direction",V1: Backing / V2: Parked,V1: N  / V2: S,Dry,Daylight,Cloudy,0,0,38,24,TRUE,41.91026562,-71.36319441
12997,2/15/2014,February,Saturday,15:30,1,2,0,0,Angle,V1: Turning left / V2: Turning right,V1: N  / V2: E,Snow,Daylight,Snow,0,0,38,24,TRUE,41.95428602,-71.28497548
12998,2/15/2014,February,Saturday,15:31,1,2,0,0,Angle,V1: Travelling straight ahead / V2: Travelling straight ahead,V1: S  / V2: W,Snow,Daylight,Snow,0,0,38,24,TRUE,41.92387717,-71.35158914
12999,2/15/2014,February,Saturday,16:20,2,2,2,0,Angle,V1: Travelling straight ahead / V2: Travelling straight ahead,V1: E  / V2: N,Snow,Daylight,Snow,0,0,38,24,TRUE,41.9118689,-71.3652303
13000,2/15/2014,February,Saturday,19:49,1,2,0,0,Rear-end,V1: Slowing or stopped in traffic / V2: Slowing or stopped in traffic,V1: N  / V2: N,Snow,Dark - lighted roadway,Snow,0,0,38,24,TRUE,41.90231844,-71.35595143
13001,2/15/2014,February,Saturday,20:06,0,1,0,0,Single vehicle crash,V1: Travelling straight ahead,V1: N,Snow,Dark - roadway not lighted,Snow,0,0,38,24,TRUE,41.92886018,-71.3230987
13002,2/15/2014,February,Saturday,23:32,1,3,0,0,"Sideswipe, same direction",V1: Turning right / V2: Travelling straight ahead / V3: Slowing or stopped in traffic,V1: E  / V2: E  / V3: N,Snow,Dark - lighted roadway,Snow,0,0,38,24,TRUE,41.93359015,-71.30040441
13003,2/16/2014,February,Sunday,2:11,1,1,0,0,"Sideswipe, same direction",V1: Travelling straight ahead,V1: N,Snow,Dark - lighted roadway,Snow,0.42,6.4,36,20,TRUE,41.89804013,-71.37048593
13004,2/16/2014,February,Sunday,14:20,2,2,2,0,"Sideswipe, opposite direction",V1: Travelling straight ahead / V2: Travelling straight ahead,V1: E  / V2: W,Snow,Daylight,Clear,0.42,6.4,36,20,TRUE,41.91249825,-71.27020023
13005,2/17/2014,February,Monday,15:49,1,1,0,0,Single vehicle crash,V1: Backing,V1: 0,"Sand, mud, dirt, oil, gravel",Daylight,Cloudy,0,0,33,13,TRUE,41.90619077,-71.31626051
13006,2/17/2014,February,Monday,22:08,0,2,0,0,Head-on,V1: Parked / V2: Travelling straight ahead,V1: U  / V2: S,Ice,Dark - lighted roadway,Clear,0,0,33,13,TRUE,41.91097522,-71.26478978
13007,2/18/2014,February,Tuesday,12:19,1,2,0,0,Head-on,V1: Turning right / V2: Travelling straight ahead,V1: N  / V2: S,Snow,Daylight,Snow,0,0,31,4,TRUE,41.89808235,-71.35639186
13008,2/18/2014,February,Tuesday,12:29,1,1,0,0,Single vehicle crash,V1: Turning right,V1: E,Snow,Daylight,Snow,0,0,31,4,TRUE,41.93269195,-71.32821357
13009,2/18/2014,February,Tuesday,12:47,1,2,0,0,Angle,V1: Turning right / V2: Travelling straight ahead,V1: W  / V2: E,Snow,Daylight,Snow,0,0,31,4,TRUE,41.93127032,-71.29114995
13010,2/18/2014,February,Tuesday,12:47,1,2,0,0,"Sideswipe, opposite direction",V1: Travelling straight ahead / V2: Travelling straight ahead,V1: W  / V2: E,Snow,Daylight,Snow,0,0,31,4,TRUE,41.94819568,-71.27982021
13011,2/18/2014,February,Tuesday,13:00,1,2,0,0,Rear-end,V1: Slowing or stopped in traffic / V2: Slowing or stopped in traffic,V1: E  / V2: E,Snow,Daylight,Snow,0,0,31,4,TRUE,41.94241819,-71.28702961
13012,2/18/2014,February,Tuesday,13:21,2,1,1,0,Single vehicle crash,V1: Travelling straight ahead,V1: N,Snow,Daylight,Snow,0,0,31,4,TRUE,41.92886018,-71.3230987
13013,2/18/2014,February,Tuesday,13:58,2,1,2,0,Single vehicle crash,V1: Travelling straight ahead,V1: S,Snow,Daylight,Snow,0,0,31,4,TRUE,41.93900809,-71.29180049
13014,2/18/2014,February,Tuesday,14:43,1,2,0,0,Angle,V1: Travelling straight ahead / V2: Travelling straight ahead,V1: E  / V2: N,Snow,Daylight,Snow,0,0,31,4,TRUE,41.95428602,-71.28497548
13015,2/18/2014,February,Tuesday,19:32,1,2,0,0,"Sideswipe, opposite direction",V1: Slowing or stopped in traffic / V2: Travelling straight ahead,V1: E  / V2: W,Ice,Dark - lighted roadway,Cloudy,0,0,31,4,TRUE,41.8995102,-71.35762445