ID,DATE,Month,Day of week,Crash Time,Crash Severity,Number of Vehicles,Total Nonfatal Injuries,Total Fatal Injuries,Manner of Collision,Vehicle Action Prior to Crash,Vehicle Travel Directions,Road Surface Condition,Ambient Light,Weather Condition,PRCP,SNOW,TMAX,TMIN,Ice,Longtitute,Latitute
13016,2/19/2014,February,Wednesday,9:03,1,2,0,0,Rear-end,V1: Travelling straight ahead / V2: Slowing or stopped in traffic,V1: N  / V2: N,Dry,Daylight,Clear,0.13,3.3,35,13,TRUE,41.92967926,-71.35358763
13017,2/19/2014,February,Wednesday,9:17,1,2,0,0,"Sideswipe, opposite direction",V1: Travelling straight ahead / V2: Parked,V1: W  / V2: E,Snow,Daylight,Clear,0.13,3.3,35,13,TRUE,41.96424539,-71.29072355
13018,2/19/2014,February,Wednesday,16:16,1,2,0,0,Angle,V1: Entering traffic lane / V2: Travelling straight ahead,V1: N  / V2: E,Wet,Dusk,Cloudy/Rain,0.13,3.3,35,13,TRUE,41.89801322,-71.3676568
13019,2/19/2014,February,Wednesday,18:28,2,2,2,0,Angle,V1: Slowing or stopped in traffic / V2: Travelling straight ahead,V1: S  / V2: N,Wet,Dark - lighted roadway,Clear,0.13,3.3,35,13,TRUE,41.92762143,-71.35470547
13020,2/19/2014,February,Wednesday,18:31,1,2,0,0,Angle,V1: Turning right / V2: Parked,V1: W  / V2: W,Ice,Dark - roadway not lighted,Rain,0.13,3.3,35,13,TRUE,41.94903817,-71.30341581
13021,2/20/2014,February,Thursday,8:49,1,1,0,0,Single vehicle crash,V1: Travelling straight ahead,V1: N,Ice,Daylight,Clear,0.42,0,39,13,TRUE,41.96121606,-71.29697178
13022,2/20/2014,February,Thursday,10:58,1,2,0,0,Angle,V1: Turning left / V2: Travelling straight ahead,V1: E  / V2: N,Dry,Daylight,Clear,0.42,0,39,13,TRUE,41.94213878,-71.28262423
13023,2/20/2014,February,Thursday,11:31,2,2,1,0,Rear-end,V1: Travelling straight ahead / V2: Slowing or stopped in traffic,V1: N  / V2: N,Dry,Daylight,Clear,0.42,0,39,13,TRUE,41.9250735,-71.35622629
13024,2/20/2014,February,Thursday,12:03,1,2,0,0,"Sideswipe, same direction",V1: Overtaking/passing / V2: Turning right,V1: W  / V2: W,Dry,Daylight,Clear,0.42,0,39,13,TRUE,41.91891265,-71.31713881
13025,2/20/2014,February,Thursday,12:07,1,2,0,0,Angle,V1: Turning right / V2: Parked,V1: 0 / V2: 0,Dry,Daylight,Clear,0.42,0,39,13,TRUE,41.94425985,-71.281241
13026,2/20/2014,February,Thursday,13:28,1,2,0,0,Rear-end,V1: Slowing or stopped in traffic / V2: Travelling straight ahead,V1: S  / V2: S,Wet,Daylight,Clear,0.42,0,39,13,TRUE,41.97015292,-71.29135147
13027,2/21/2014,February,Friday,15:25,1,2,0,0,"Sideswipe, same direction",V1: Entering traffic lane / V2: Travelling straight ahead,V1: N  / V2: N,Wet,Daylight,Rain,0.28,0,52,32,TRUE,41.90976076,-71.36345171
13028,2/21/2014,February,Friday,16:42,1,2,0,0,Angle,V1: Travelling straight ahead / V2: Turning left,V1: N  / V2: S,Wet,Dusk,Fog,0.28,0,52,32,TRUE,41.95484304,-71.28856385
13029,2/21/2014,February,Friday,17:32,1,2,0,0,Rear-end,V1: Travelling straight ahead / V2: Slowing or stopped in traffic,V1: S  / V2: S,Wet,Dark - roadway not lighted,Fog,0.28,0,52,32,TRUE,41.91331229,-71.32502812
13030,2/24/2014,February,Monday,12:40,2,2,1,0,Rear-end,V1: Travelling straight ahead / V2: Travelling straight ahead,V1: N  / V2: N,Dry,Daylight,Clear,0,0,55,31,TRUE,41.93126899,-71.35288693
13031,2/24/2014,February,Monday,16:31,0,2,0,0,Single vehicle crash,V1: Parked / V2: 0,V1: W  / V2: W,Dry,Daylight,Clear,0,0,55,31,TRUE,41.94091075,-71.27425223
13032,2/24/2014,February,Monday,21:08,1,2,0,0,Rear-end,V1: Travelling straight ahead / V2: Parked,V1: W  / V2: Reported but invalid,Dry,Dark - lighted roadway,Clear,0,0,55,31,TRUE,41.94911369,-71.2897354
13033,2/25/2014,February,Tuesday,14:15,1,2,0,0,Rear-end,V1: Slowing or stopped in traffic / V2: Travelling straight ahead,V1: S  / V2: S,Dry,Daylight,Clear,0,0,55,18,TRUE,41.9348634,-71.29887283
13034,2/25/2014,February,Tuesday,14:30,1,2,0,0,Rear-end,V1: Turning left / V2: Travelling straight ahead,V1: E  / V2: E,Dry,Daylight,Clear,0,0,55,18,TRUE,41.91144597,-71.27996503
13035,2/25/2014,February,Tuesday,15:07,1,2,0,0,"Sideswipe, same direction",V1: Slowing or stopped in traffic / V2: Parked,V1: N  / V2: N,Dry,Daylight,Clear,0,0,55,18,TRUE,41.91522266,-71.28239065
13036,2/25/2014,February,Tuesday,21:53,1,2,0,0,"Sideswipe, same direction",V1: Parked / V2: 0,V1: N  / V2: 0,Dry,Dark - lighted roadway,Clear,0,0,55,18,TRUE,41.89448136,-71.37581985
13037,2/26/2014,February,Wednesday,15:12,1,2,0,0,Angle,V1: Travelling straight ahead / V2: Travelling straight ahead,V1: N  / V2: W,Dry,Daylight,Clear,0,0,32,13,TRUE,41.94472176,-71.2812504
13038,2/27/2014,February,Thursday,14:28,1,2,0,0,0,V1: Changing lanes / V2: Travelling straight ahead,V1: N  / V2: N,Dry,Daylight,Clear,0,0,33,5,TRUE,41.91224146,-71.36218933
13039,2/27/2014,February,Thursday,15:27,1,2,0,0,Rear-end,V1: Backing / V2: Slowing or stopped in traffic,V1: W  / V2: E,Wet,Daylight,Cloudy,0,0,33,5,TRUE,41.89903243,-71.355186
13040,2/27/2014,February,Thursday,18:30,1,2,0,0,Rear-end,V1: Travelling straight ahead / V2: Parked,V1: S  / V2: S,Dry,Dark - lighted roadway,Clear,0,0,33,5,TRUE,41.9255712,-71.28732108
13041,2/27/2014,February,Thursday,19:47,1,2,0,0,Rear-end,V1: Travelling straight ahead / V2: Travelling straight ahead,V1: N  / V2: N,Dry,Dark - lighted roadway,Cloudy,0,0,33,5,TRUE,41.90519967,-71.35646124
13042,2/28/2014,February,Friday,15:31,1,1,0,0,Single vehicle crash,V1: Turning right,V1: E,Dry,Daylight,Clear,0.05,1,30,7,TRUE,41.93624398,-71.26400311
13043,3/1/2014,March,Saturday,14:48,1,2,0,0,Rear-to-rear,V1: Backing / V2: Travelling straight ahead,V1: W  / V2: S,Dry,Daylight,Clear,0,0,27,3,TRUE,41.93396483,-71.29999159
13044,3/1/2014,March,Saturday,17:50,1,1,0,0,Single vehicle crash,V1: Making U-turn,V1: S,Dry,Dark - lighted roadway,Clear,0,0,27,3,TRUE,41.90232174,-71.35726511
13045,3/3/2014,March,Monday,10:12,1,1,0,0,Single vehicle crash,V1: Entering traffic lane,V1: S,Dry,Daylight,Clear,0,0,37,20,TRUE,41.95552889,-71.30701684
13046,3/3/2014,March,Monday,11:00,1,2,0,0,Rear-end,V1: Turning left / V2: Turning right,V1: W  / V2: W,Dry,Daylight,Cloudy,0,0,37,20,TRUE,41.89618753,-71.37039513
13047,3/3/2014,March,Monday,14:58,1,2,0,0,Angle,V1: Overtaking/passing / V2: Slowing or stopped in traffic,V1: S  / V2: S,Dry,Daylight,Clear,0,0,37,20,TRUE,41.94231024,-71.28253433
13048,3/4/2014,March,Tuesday,6:54,1,3,0,0,Rear-end,V1: Travelling straight ahead / V2: Slowing or stopped in traffic / V3: Slowing or stopped in traffic,V1: E  / V2: E  / V3: E,Dry,Daylight,Clear,0,0,24,4,TRUE,41.93379033,-71.30179601
13049,3/4/2014,March,Tuesday,8:13,1,2,0,0,Angle,V1: Travelling straight ahead / V2: Turning left,V1: S  / V2: N,Dry,Daylight,Clear,0,0,24,4,TRUE,41.94191488,-71.28774208
13050,3/4/2014,March,Tuesday,9:06,1,2,0,0,"Sideswipe, same direction",V1: Travelling straight ahead / V2: Turning right,V1: N  / V2: N,Dry,Daylight,Clear,0,0,24,4,TRUE,41.92390496,-71.35673937
13051,3/4/2014,March,Tuesday,13:21,1,2,0,0,"Sideswipe, same direction",V1: Travelling straight ahead / V2: Turning right,V1: N  / V2: W,Dry,Daylight,Clear,0,0,24,4,TRUE,41.92279203,-71.35723949
13052,3/4/2014,March,Tuesday,14:24,1,3,0,0,Rear-end,V1: Travelling straight ahead / V2: Slowing or stopped in traffic / V3: Slowing or stopped in traffic,V1: S  / V2: S  / V3: S,Dry,Daylight,Clear,0,0,24,4,TRUE,41.9079342,-71.35745922
13053,3/4/2014,March,Tuesday,16:02,1,2,0,0,Rear-end,V1: Slowing or stopped in traffic / V2: Travelling straight ahead,V1: S  / V2: S,Dry,Daylight,Cloudy,0,0,24,4,TRUE,41.96019116,-71.30118086
13054,3/4/2014,March,Tuesday,20:12,1,1,0,0,Single vehicle crash,V1: Backing,V1: E,Dry,Dark - lighted roadway,Clear,0,0,24,4,TRUE,41.9421795,-71.29186637
13055,3/6/2014,March,Thursday,9:32,1,2,0,0,Rear-end,V1: Slowing or stopped in traffic / V2: Travelling straight ahead,V1: S  / V2: S,Dry,Daylight,Clear,0,0,33,10,TRUE,41.96019116,-71.30118086
13056,3/6/2014,March,Thursday,15:17,2,2,1,0,Rear-end,V1: Travelling straight ahead / V2: Travelling straight ahead,V1: E  / V2: E,Dry,Daylight,Clear,0,0,33,10,TRUE,41.93365798,-71.32924077
13057,3/6/2014,March,Thursday,19:37,1,2,0,0,Angle,V1: Parked / V2: Backing,V1: W  / V2: N,Dry,Dark - lighted roadway,Clear,0,0,33,10,TRUE,41.90542132,-71.36578931
13058,3/7/2014,March,Friday,2:22,1,1,0,0,Single vehicle crash,V1: Leaving traffic lane,V1: N,Dry,Dark - lighted roadway,Clear,0,0,31,6,TRUE,41.92112992,-71.29695643
13059,3/7/2014,March,Friday,6:55,1,2,0,0,Rear-end,V1: Slowing or stopped in traffic / V2: Slowing or stopped in traffic,V1: S  / V2: S,Dry,Daylight,Clear,0,0,31,6,TRUE,41.969492,-71.29394533
13060,3/7/2014,March,Friday,14:23,1,2,0,0,Angle,V1: Travelling straight ahead / V2: Turning left,V1: W  / V2: S,Dry,Daylight,Clear,0,0,31,6,TRUE,41.94021848,-71.30088452
13061,3/7/2014,March,Friday,17:10,1,3,0,0,Rear-end,V1: Travelling straight ahead / V2: Travelling straight ahead / V3: Travelling straight ahead,V1: S  / V2: S  / V3: S,Dry,Dusk,Clear,0,0,31,6,TRUE,41.96019116,-71.30118086
13062,3/8/2014,March,Saturday,13:14,1,2,0,0,Rear-end,V1: Slowing or stopped in traffic / V2: Travelling straight ahead,V1: N  / V2: N,Dry,Daylight,Clear,0,0,39,9,TRUE,41.95265513,-71.26966302
13063,3/8/2014,March,Saturday,16:22,1,2,0,0,Angle,V1: Travelling straight ahead / V2: 0,V1: E  / V2: N,Dry,Daylight,Clear,0,0,39,9,TRUE,41.93808003,-71.27597724
13064,3/8/2014,March,Saturday,19:53,2,2,1,0,"Sideswipe, opposite direction",V1: Leaving traffic lane / V2: Travelling straight ahead,V1: E  / V2: W,Dry,Dark - lighted roadway,Clear,0,0,39,9,TRUE,41.93586963,-71.27263642
13065,3/8/2014,March,Saturday,20:08,2,2,1,0,Angle,V1: Turning left / V2: Travelling straight ahead,V1: W  / V2: E,Dry,Dark - lighted roadway,Clear,0,0,39,9,TRUE,41.92675288,-71.34334435
13066,3/9/2014,March,Sunday,13:48,1,2,0,0,Angle,V1: Travelling straight ahead / V2: Turning left,V1: W  / V2: S,Dry,Daylight,Clear,0,0,58,26,TRUE,41.92387717,-71.35158914
13067,3/9/2014,March,Sunday,17:12,1,3,0,0,"Sideswipe, opposite direction",V1: Travelling straight ahead / V2: Slowing or stopped in traffic / V3: Slowing or stopped in traffic,V1: N  / V2: S  / V3: S,Dry,Daylight,Clear,0,0,58,26,TRUE,41.91482581,-71.36088324
13068,3/9/2014,March,Sunday,22:32,1,2,0,0,Angle,V1: Travelling straight ahead / V2: Travelling straight ahead,V1: N  / V2: E,Dry,Dark - lighted roadway,Clear,0,0,58,26,TRUE,41.94472176,-71.2812504
13069,3/10/2014,March,Monday,5:00,1,1,0,0,Single vehicle crash,V1: Travelling straight ahead,V1: S,Dry,Dark - roadway not lighted,Clear,0,0.2,44,28,TRUE,34.24438675,-73.6513909
13070,3/10/2014,March,Monday,8:13,1,2,0,0,Angle,V1: Turning left / V2: Travelling straight ahead,V1: N  / V2: S,Wet,Daylight,Snow,0,0.2,44,28,TRUE,41.92626189,-71.32177515
13071,3/10/2014,March,Monday,10:49,1,2,0,0,Rear-end,V1: Travelling straight ahead / V2: Slowing or stopped in traffic,V1: N  / V2: N,Wet,Daylight,Cloudy,0,0.2,44,28,TRUE,41.90846105,-71.36412011
13072,3/10/2014,March,Monday,13:35,1,2,0,0,Rear-end,V1: Slowing or stopped in traffic / V2: Travelling straight ahead,V1: N  / V2: N,Dry,Daylight,Clear,0,0.2,44,28,TRUE,41.92762143,-71.35470547
13073,3/10/2014,March,Monday,15:03,2,2,1,0,Rear-end,V1: Travelling straight ahead / V2: Slowing or stopped in traffic,V1: S  / V2: S,Dry,Daylight,Clear,0,0.2,44,28,TRUE,41.95484304,-71.28856385
13074,3/10/2014,March,Monday,15:45,2,2,1,0,Angle,V1: Turning left / V2: Turning left,V1: E  / V2: N,Dry,Daylight,Clear,0,0.2,44,28,TRUE,41.95234013,-71.29601132
13075,3/10/2014,March,Monday,17:37,1,2,0,0,Angle,V1: Turning left / V2: Travelling straight ahead,V1: S  / V2: W,Dry,Daylight,Clear,0,0.2,44,28,TRUE,41.9348634,-71.29887283
13076,3/12/2014,March,Wednesday,9:37,1,2,0,0,Angle,V1: Turning left / V2: Travelling straight ahead,V1: W  / V2: E,Dry,Daylight,Clear,0,0,61,35,FALSE,41.94611779,-71.27624462
13077,3/13/2014,March,Thursday,10:06,1,2,0,0,Rear-end,V1: Slowing or stopped in traffic / V2: Slowing or stopped in traffic,V1: S  / V2: S,Wet,Daylight,Snow,0.52,0.3,60,24,TRUE,41.96643836,-71.29074265
13078,3/13/2014,March,Thursday,16:53,1,2,0,0,Rear-end,V1: Slowing or stopped in traffic / V2: Travelling straight ahead,V1: N  / V2: N,Dry,Daylight,Clear,0.52,0.3,60,24,TRUE,41.90138155,-71.35551376
13079,3/13/2014,March,Thursday,17:00,1,2,0,0,"Sideswipe, same direction",V1: Turning right / V2: Travelling straight ahead,V1: S  / V2: S,Dry,Daylight,Clear,0.52,0.3,60,24,TRUE,41.94757814,-71.27890389
13080,3/14/2014,March,Friday,8:49,1,2,0,0,Angle,V1: Travelling straight ahead / V2: Travelling straight ahead,V1: W  / V2: W,Dry,Daylight,Clear,0.06,1.2,24,11,TRUE,41.94313451,-71.27152156
13081,3/14/2014,March,Friday,10:50,1,4,0,0,Angle,V1: Slowing or stopped in traffic / V2: Slowing or stopped in traffic / V3: Turning left / V4: Turning left,V1: E  / V2: E  / V3: W  / V4: S,Dry,Daylight,Clear,0.06,1.2,24,11,TRUE,41.94245198,-71.28698244
13082,3/15/2014,March,Saturday,15:13,1,2,0,0,Rear-end,V1: Entering traffic lane / V2: Slowing or stopped in traffic,V1: N  / V2: N,Dry,Daylight,Clear,0,0,42,14,TRUE,41.90217475,-71.35579772
13083,3/15/2014,March,Saturday,17:09,1,2,0,0,Angle,V1: Travelling straight ahead / V2: Travelling straight ahead,V1: S  / V2: W,Dry,Daylight,Clear,0,0,42,14,TRUE,41.94396167,-71.27662963
13084,3/15/2014,March,Saturday,17:13,1,2,0,0,Rear-end,V1: Travelling straight ahead / V2: Travelling straight ahead,V1: N  / V2: N,Dry,Daylight,Clear,0,0,42,14,TRUE,41.90138316,-71.35551479
13085,3/17/2014,March,Monday,6:40,1,2,0,0,Head-on,V1: Turning left / V2: Travelling straight ahead,V1: W  / V2: E,Dry,Daylight,Clear,0,0,37,17,TRUE,41.93623387,-71.28481203
13086,3/18/2014,March,Tuesday,4:32,1,1,0,0,Single vehicle crash,V1: Travelling straight ahead,V1: W,Dry,Daylight,Clear,0,0,32,12,TRUE,41.92240546,-71.28736593
13087,3/18/2014,March,Tuesday,9:53,1,2,0,0,Angle,V1: Travelling straight ahead / V2: Travelling straight ahead,V1: N  / V2: N,Dry,Daylight,Clear,0,0,32,12,TRUE,41.89733197,-71.36979234
13088,3/19/2014,March,Wednesday,15:43,1,3,0,0,Rear-end,V1: Slowing or stopped in traffic / V2: Slowing or stopped in traffic / V3: Slowing or stopped in traffic,V1: W  / V2: W  / V3: W,Dry,Daylight,Clear,0,0,42,12,TRUE,41.9341021,-71.30369928
13089,3/19/2014,March,Wednesday,20:12,2,2,2,0,"Sideswipe, same direction",V1: Changing lanes / V2: Travelling straight ahead,V1: N  / V2: N,Dry,Dark - roadway not lighted,Clear,0,0,42,12,TRUE,41.95593405,-71.30346756
13090,3/20/2014,March,Thursday,5:57,1,1,0,0,Single vehicle crash,V1: Travelling straight ahead,V1: E,Wet,Dark - lighted roadway,Rain,0.41,0,48,19,TRUE,41.90135516,-71.36921066
13091,3/20/2014,March,Thursday,9:08,1,1,0,0,Single vehicle crash,V1: Travelling straight ahead,V1: N,Wet,Daylight,Cloudy,0.41,0,48,19,TRUE,41.95593405,-71.30346756
13092,3/20/2014,March,Thursday,9:28,1,2,0,0,Angle,V1: Travelling straight ahead / V2: Travelling straight ahead,V1: S  / V2: E,Dry,Daylight,Clear,0.41,0,48,19,TRUE,41.92132839,-71.35794828
13093,3/21/2014,March,Friday,1:22,1,1,0,0,Single vehicle crash,V1: Travelling straight ahead,V1: S,Dry,Dark - lighted roadway,Cloudy,0,0,55,36,FALSE,41.90198819,-71.36742244
13094,3/21/2014,March,Friday,15:56,2,2,2,0,Angle,V1: Turning left / V2: Travelling straight ahead,V1: N  / V2: S,Dry,Daylight,Clear,0,0,55,36,FALSE,41.94121777,-71.2768631
13095,3/21/2014,March,Friday,17:03,1,2,0,0,Rear-end,V1: Slowing or stopped in traffic / V2: Travelling straight ahead,V1: N  / V2: N,Dry,Daylight,Clear,0,0,55,36,FALSE,34.24438675,-73.6513909
13096,3/21/2014,March,Friday,17:51,1,2,0,0,Angle,V1: Turning left / V2: Travelling straight ahead,V1: S  / V2: W,Dry,Daylight,Clear,0,0,55,36,FALSE,41.93358571,-71.32352844
13097,3/21/2014,March,Friday,18:24,1,2,0,0,Rear-end,V1: Travelling straight ahead / V2: Travelling straight ahead,V1: N  / V2: N,Dry,Dark - lighted roadway,Clear,0,0,55,36,FALSE,41.95514928,-71.30432065
13098,3/21/2014,March,Friday,21:45,1,1,0,0,Single vehicle crash,V1: Travelling straight ahead,V1: S,Dry,Dark - lighted roadway,Clear,0,0,55,36,FALSE,41.89746668,-71.35474595
13099,3/22/2014,March,Saturday,13:03,1,2,0,0,Angle,V1: Travelling straight ahead / V2: Entering traffic lane,V1: S  / V2: E,Dry,Daylight,Clear,0,0,46,23,TRUE,41.94661476,-71.28014357
13100,3/22/2014,March,Saturday,22:29,2,2,1,0,Rear-end,V1: Travelling straight ahead / V2: Travelling straight ahead,V1: W  / V2: W,Dry,Dark - lighted roadway,Clear,0,0,46,23,TRUE,41.93403731,-71.30601704
13101,3/23/2014,March,Sunday,7:31,1,2,0,0,Single vehicle crash,V1: Travelling straight ahead / V2: Changing lanes,V1: S  / V2: 0,Dry,Daylight,Clear,0,0,59,25,TRUE,34.24438675,-73.6513909
13102,3/23/2014,March,Sunday,13:14,1,2,0,0,Angle,V1: Entering traffic lane / V2: Travelling straight ahead,V1: W  / V2: N,Dry,Daylight,Clear,0,0,59,25,TRUE,41.95484304,-71.28856385
13103,3/23/2014,March,Sunday,17:15,2,1,1,0,Single vehicle crash,V1: Travelling straight ahead,V1: E,Dry,Daylight,Clear,0,0,59,25,TRUE,41.93306281,-71.28502226
13104,3/24/2014,March,Monday,5:11,2,1,1,0,"Sideswipe, same direction",V1: Travelling straight ahead,V1: S,Dry,Dark - lighted roadway,Cloudy,0,0,45,15,TRUE,41.90086769,-71.36799095
13105,3/26/2014,March,Wednesday,7:52,1,1,0,0,Single vehicle crash,V1: Travelling straight ahead,V1: W,Snow,Daylight,Snow,0,0,39,15,TRUE,41.94518389,-71.24791395
13106,3/26/2014,March,Wednesday,11:04,1,2,0,0,Angle,V1: Backing / V2: Parked,V1: N  / V2: Reported but invalid,Wet,Daylight,Cloudy,0,0,39,15,TRUE,41.91260335,-71.30880343
13107,3/26/2014,March,Wednesday,13:47,1,2,0,0,Angle,V1: Turning left / V2: Travelling straight ahead,V1: E  / V2: S,Dry,Daylight,Cloudy,0,0,39,15,TRUE,41.90538488,-71.36569048
13108,3/27/2014,March,Thursday,13:17,2,2,1,0,Rear-end,V1: Travelling straight ahead / V2: Slowing or stopped in traffic,V1: S  / V2: S,Dry,Daylight,Clear,0,0,36,19,TRUE,41.89733197,-71.36979234
13109,3/27/2014,March,Thursday,14:49,1,2,0,0,Rear-end,V1: Travelling straight ahead / V2: Slowing or stopped in traffic,V1: S  / V2: S,Dry,Daylight,Clear,0,0,36,19,TRUE,41.8990797,-71.35507779
13110,3/27/2014,March,Thursday,21:18,1,2,0,0,"Sideswipe, same direction",V1: Changing lanes / V2: Travelling straight ahead,V1: W  / V2: W,Dry,Dark - lighted roadway,Clear,0,0,36,19,TRUE,41.94661476,-71.28014357
13111,3/28/2014,March,Friday,1:11,2,1,1,0,Single vehicle crash,V1: Leaving traffic lane,V1: W,Dry,Dark - lighted roadway,Clear,0,0,47,19,TRUE,41.93119431,-71.32654863
13112,3/28/2014,March,Friday,7:17,1,2,0,0,Rear-end,V1: Travelling straight ahead / V2: Slowing or stopped in traffic,V1: S  / V2: S,Dry,Daylight,Clear,0,0,47,19,TRUE,41.95731038,-71.28775715
13113,3/28/2014,March,Friday,23:47,2,1,1,0,Single vehicle crash,V1: Travelling straight ahead,V1: W,Wet,Dark - lighted roadway,Cloudy/Rain,0,0,47,19,TRUE,41.94586371,-71.28073807
13114,3/29/2014,March,Saturday,1:01,1,1,0,0,Single vehicle crash,V1: Travelling straight ahead,V1: N,Dry,Dark - lighted roadway,Clear,0.06,0,56,35,FALSE,41.95814204,-71.28762358
13115,3/29/2014,March,Saturday,12:26,2,2,2,0,Angle,V1: Turning left / V2: Travelling straight ahead,V1: E  / V2: S,Dry,Daylight,Clear,0.06,0,56,35,FALSE,41.94191488,-71.28774208
13116,3/29/2014,March,Saturday,12:58,1,2,0,0,Angle,V1: Turning right / V2: Travelling straight ahead,V1: W  / V2: W,Dry,Daylight,Clear,0.06,0,56,35,FALSE,41.92349936,-71.35691944
13117,3/29/2014,March,Saturday,15:17,2,2,1,0,Rear-end,V1: Travelling straight ahead / V2: Slowing or stopped in traffic,V1: S  / V2: S,Wet,Daylight,Cloudy/Rain,0.06,0,56,35,FALSE,41.93608923,-71.296466
13118,3/29/2014,March,Saturday,15:38,1,2,0,0,Rear-end,V1: Travelling straight ahead / V2: Slowing or stopped in traffic,V1: N  / V2: N,Wet,Daylight,Rain,0.06,0,56,35,FALSE,41.95183367,-71.28984897
13119,3/29/2014,March,Saturday,20:09,1,1,0,0,Single vehicle crash,V1: Slowing or stopped in traffic,V1: E,Wet,Dark - roadway not lighted,Rain,0.06,0,56,35,FALSE,41.89804832,-71.36350547
13120,3/30/2014,March,Sunday,8:55,1,2,0,0,Angle,V1: Turning right / V2: Travelling straight ahead,V1: N  / V2: N,Wet,Daylight,Cloudy/Rain,2.71,0,54,35,FALSE,41.94210306,-71.26984487
13121,3/30/2014,March,Sunday,11:49,1,2,0,0,Angle,V1: Turning left / V2: Travelling straight ahead,V1: E  / V2: W,Wet,Daylight,Rain,2.71,0,54,35,FALSE,41.91723587,-71.37241026
13122,3/31/2014,March,Monday,1:04,2,2,2,0,Rear-end,V1: Travelling straight ahead / V2: Entering traffic lane,V1: S  / V2: S,Ice,Dark - roadway not lighted,Rain,1.14,0,45,33,FALSE,41.96019116,-71.30118086
13123,3/31/2014,March,Monday,7:00,2,3,1,0,Rear-end,V1: Slowing or stopped in traffic / V2: Slowing or stopped in traffic / V3: Travelling straight ahead,V1: N  / V2: N  / V3: N,Wet,Daylight,Rain,1.14,0,45,33,FALSE,41.95593405,-71.30346756
13124,3/31/2014,March,Monday,7:30,1,1,0,0,"Sideswipe, same direction",V1: Travelling straight ahead,V1: N,Wet,Daylight,Rain,1.14,0,45,33,FALSE,41.95593405,-71.30346756
13125,3/31/2014,March,Monday,8:07,1,2,0,0,Angle,V1: Turning right / V2: Travelling straight ahead,V1: N  / V2: E,Wet,Daylight,Rain,1.14,0,45,33,FALSE,41.93623387,-71.28481203
13126,3/31/2014,March,Monday,11:44,1,2,0,0,Angle,V1: Travelling straight ahead / V2: Travelling straight ahead,V1: S  / V2: E,Wet,Daylight,Cloudy/Rain,1.14,0,45,33,FALSE,41.94818087,-71.27772019
13127,3/31/2014,March,Monday,17:59,2,3,1,0,"Sideswipe, same direction",V1: Changing lanes / V2: Slowing or stopped in traffic / V3: Slowing or stopped in traffic,V1: 0 / V2: N  / V3: N,Wet,Daylight,Cloudy,1.14,0,45,33,FALSE,41.95593405,-71.30346756
13128,4/1/2014,April,Tuesday,17:35,1,2,0,0,Rear-end,V1: Travelling straight ahead / V2: Slowing or stopped in traffic,V1: E  / V2: E,Dry,Daylight,Clear,0.1,0,38,32,TRUE,41.93397921,-71.30659863
13129,4/1/2014,April,Tuesday,22:07,2,3,1,0,"Sideswipe, same direction",V1: Travelling straight ahead / V2: Changing lanes / V3: Travelling straight ahead,V1: S  / V2: S  / V3: N,Dry,Dark - lighted roadway,Clear,0.1,0,38,32,TRUE,41.92332167,-71.35699833
13130,4/2/2014,April,Wednesday,14:10,1,2,0,0,Angle,V1: Travelling straight ahead / V2: Travelling straight ahead,V1: E  / V2: E,Dry,Daylight,Cloudy,0,0,53,29,TRUE,41.94990799,-71.27157339
13131,4/2/2014,April,Wednesday,15:12,1,2,0,0,Rear-end,V1: Slowing or stopped in traffic / V2: Travelling straight ahead,V1: W  / V2: W,Dry,Daylight,Clear,0,0,53,29,TRUE,41.93002785,-71.29974717
13132,4/2/2014,April,Wednesday,19:39,2,2,1,0,Single vehicle crash,V1: Travelling straight ahead / V2: Travelling straight ahead,V1: N  / V2: S,Dry,Dusk,Clear,0,0,53,29,TRUE,41.95819153,-71.29650333
13133,4/3/2014,April,Thursday,10:27,1,2,0,0,Angle,V1: Turning left / V2: Travelling straight ahead,V1: W  / V2: S,Dry,Daylight,Clear,0,0,57,29,TRUE,41.94757814,-71.27890389
13134,4/3/2014,April,Thursday,12:39,1,1,0,0,Single vehicle crash,V1: Travelling straight ahead,V1: S,Dry,Daylight,Clear,0,0,57,29,TRUE,41.93489841,-71.28277915
13135,4/3/2014,April,Thursday,17:39,1,2,0,0,Angle,V1: Entering traffic lane / V2: Travelling straight ahead,V1: N  / V2: S,Dry,Daylight,Clear,0,0,57,29,TRUE,41.95260998,-71.26978509
13136,4/3/2014,April,Thursday,20:10,1,1,0,0,Single vehicle crash,V1: 0,V1: N,Dry,Dark - lighted roadway,Clear,0,0,57,29,TRUE,41.89965798,-71.36501287
13137,4/4/2014,April,Friday,1:00,2,2,1,0,"Sideswipe, same direction",V1: Travelling straight ahead / V2: Travelling straight ahead,V1: S  / V2: S,Dry,Dark - roadway not lighted,Clear,0,0,61,33,FALSE,41.92212566,-71.32976643
13138,4/4/2014,April,Friday,1:09,2,1,1,0,Single vehicle crash,V1: Travelling straight ahead,V1: S,Dry,Dark - lighted roadway,Clear,0,0,61,33,FALSE,41.91996059,-71.2435861
13139,4/5/2014,April,Saturday,16:03,1,2,0,0,Rear-to-rear,V1: Parked / V2: Backing,V1: E  / V2: 0,Dry,Daylight,Cloudy,0.29,0,51,37,FALSE,41.93398979,-71.29996038
13140,4/5/2014,April,Saturday,16:03,1,2,0,0,Rear-end,V1: Changing lanes / V2: Travelling straight ahead,V1: E  / V2: N,Dry,Daylight,Clear,0.29,0,51,37,FALSE,41.95593405,-71.30346756