ID,DATE,Month,Day of week,Crash Time,Crash Severity,Number of Vehicles,Total Nonfatal Injuries,Total Fatal Injuries,Manner of Collision,Vehicle Action Prior to Crash,Vehicle Travel Directions,Road Surface Condition,Ambient Light,Weather Condition,PRCP,SNOW,TMAX,TMIN,Ice,Longtitute,Latitute
13141,4/6/2014,April,Sunday,11:44,2,2,1,0,Rear-end,V1: Slowing or stopped in traffic / V2: Travelling straight ahead,V1: W  / V2: W,Dry,Daylight,Clear,0,0,53,29,TRUE,41.95368177,-71.24281263
13142,4/6/2014,April,Sunday,12:36,1,2,0,0,Angle,V1: Backing / V2: Slowing or stopped in traffic,V1: E  / V2: N,Dry,Daylight,Clear,0,0,53,29,TRUE,41.89877036,-71.35512121
13143,4/6/2014,April,Sunday,14:44,1,2,0,0,Angle,V1: Turning right / V2: Travelling straight ahead,V1: E  / V2: S,Dry,Daylight,Clear,0,0,53,29,TRUE,41.95078511,-71.27391628
13144,4/6/2014,April,Sunday,21:11,1,1,0,0,Single vehicle crash,V1: Travelling straight ahead,V1: S,Dry,Dark - lighted roadway,Clear,0,0,53,29,TRUE,41.93119431,-71.32654862
13145,4/7/2014,April,Monday,11:01,2,2,2,0,Rear-end,V1: Slowing or stopped in traffic / V2: Slowing or stopped in traffic,V1: N  / V2: N,Dry,Daylight,Cloudy,0,0,60,30,TRUE,41.95454637,-71.25223579
13146,4/8/2014,April,Tuesday,8:00,2,2,1,0,Angle,V1: Leaving traffic lane / V2: Travelling straight ahead,V1: S  / V2: S,Wet,Daylight,Rain,0.46,0,61,35,FALSE,41.90261276,-71.35590972
13147,4/8/2014,April,Tuesday,17:32,1,2,0,0,Rear-end,V1: Travelling straight ahead / V2: Travelling straight ahead,V1: W  / V2: W,Dry,Daylight,Clear,0.46,0,61,35,FALSE,41.94290043,-71.28636176
13148,4/8/2014,April,Tuesday,19:00,1,2,0,0,"Sideswipe, opposite direction",V1: Turning left / V2: Entering traffic lane,V1: E  / V2: N,Dry,Daylight,Cloudy,0.46,0,61,35,FALSE,41.94234382,-71.27289652
13149,4/8/2014,April,Tuesday,20:22,1,1,0,0,Single vehicle crash,V1: Travelling straight ahead,V1: W,Dry,Dark - lighted roadway,Clear,0.46,0,61,35,FALSE,41.93623387,-71.28481203
13150,4/9/2014,April,Wednesday,7:40,1,2,0,0,Rear-end,V1: Travelling straight ahead / V2: Travelling straight ahead,V1: W  / V2: W,Dry,Daylight,Clear,0.41,0,61,38,FALSE,41.93398011,-71.31150783
13151,4/9/2014,April,Wednesday,8:14,2,1,1,0,Angle,V1: Backing,V1: N,Dry,Daylight,Clear,0.41,0,61,38,FALSE,41.91743553,-71.37503677
13152,4/9/2014,April,Wednesday,15:35,1,2,0,0,Rear-end,V1: Slowing or stopped in traffic / V2: Travelling straight ahead,V1: S  / V2: S,Dry,Daylight,Clear,0.41,0,61,38,FALSE,41.90261276,-71.35590972
13153,4/9/2014,April,Wednesday,16:42,1,2,0,0,"Sideswipe, opposite direction",V1: Leaving traffic lane / V2: Travelling straight ahead,V1: W  / V2: E,Dry,Daylight,Clear,0.41,0,61,38,FALSE,41.91249825,-71.27020023
13154,4/10/2014,April,Thursday,14:50,1,2,0,0,"Sideswipe, same direction",V1: Overtaking/passing / V2: Turning left,V1: N  / V2: N,Dry,Daylight,Clear,0,0,63,28,TRUE,41.94313451,-71.27152156
13155,4/10/2014,April,Thursday,17:04,2,2,1,0,Rear-end,V1: Slowing or stopped in traffic / V2: Travelling straight ahead,V1: E  / V2: E,Dry,Daylight,Clear,0,0,63,28,TRUE,41.93394532,-71.31682316
13156,4/10/2014,April,Thursday,20:23,1,2,0,0,Angle,V1: Entering traffic lane / V2: Travelling straight ahead,V1: N  / V2: N,Dry,Dark - lighted roadway,Clear,0,0,63,28,TRUE,41.93391909,-71.32115817
13157,4/11/2014,April,Friday,15:43,1,2,0,0,Rear-end,V1: Travelling straight ahead / V2: Slowing or stopped in traffic,V1: N  / V2: N,Dry,Daylight,Clear,0,0,56,38,FALSE,41.95814204,-71.28762358
13158,4/11/2014,April,Friday,18:45,1,2,0,0,Rear-end,V1: Slowing or stopped in traffic / V2: Travelling straight ahead,V1: E  / V2: E,Dry,Daylight,Clear,0,0,56,38,FALSE,41.89903243,-71.355186
13159,4/12/2014,April,Saturday,13:09,2,2,1,0,Angle,V1: Travelling straight ahead / V2: Travelling straight ahead,V1: N  / V2: E,Dry,Daylight,Clear,0.01,0,72,46,FALSE,41.93585833,-71.27194106
13160,4/12/2014,April,Saturday,13:17,1,2,0,0,0,V1: Backing / V2: Slowing or stopped in traffic,V1: W  / V2: E,Dry,Daylight,Clear,0.01,0,72,46,FALSE,41.91026562,-71.36319441
13161,4/12/2014,April,Saturday,13:50,2,1,1,0,Angle,V1: Travelling straight ahead,V1: S,Dry,Daylight,Clear,0.01,0,72,46,FALSE,41.93840858,-71.28352591
13162,4/12/2014,April,Saturday,14:42,1,1,0,0,Single vehicle crash,V1: Travelling straight ahead,V1: E,Dry,Daylight,Clear,0.01,0,72,46,FALSE,41.94774809,-71.28390704
13163,4/13/2014,April,Sunday,1:07,1,1,0,0,Single vehicle crash,V1: Travelling straight ahead,V1: W,Dry,Dark - lighted roadway,Clear,0,0,71,43,FALSE,41.91716845,-71.34353894
13164,4/13/2014,April,Sunday,20:10,2,1,1,0,Single vehicle crash,V1: Travelling straight ahead,V1: E,Dry,Dark - roadway not lighted,Clear,0,0,71,43,FALSE,41.94224233,-71.24982247
13165,4/13/2014,April,Sunday,20:29,1,1,0,0,Single vehicle crash,V1: Backing,V1: S,Dry,Dark - lighted roadway,Clear,0,0,71,43,FALSE,41.89597093,-71.37207379
13166,4/13/2014,April,Sunday,21:47,1,1,0,0,Single vehicle crash,V1: Turning right,V1: S,Dry,Dark - roadway not lighted,Clear,0,0,71,43,FALSE,41.94845803,-71.30212015
13167,4/15/2014,April,Tuesday,9:22,1,2,0,0,Angle,V1: Entering traffic lane / V2: Travelling straight ahead,V1: W  / V2: N,Wet,Daylight,Cloudy/Rain,0.11,0,73,55,FALSE,41.9076497,-71.36453092
13168,4/15/2014,April,Tuesday,13:09,1,2,0,0,Angle,V1: Backing / V2: Parked,V1: W  / V2: Reported but invalid,Wet,Daylight,Rain,0.11,0,73,55,FALSE,41.94254637,-71.2868523
13169,4/15/2014,April,Tuesday,15:32,1,2,0,0,Angle,V1: Travelling straight ahead / V2: Travelling straight ahead,V1: E  / V2: S,Wet,Daylight,Cloudy/Rain,0.11,0,73,55,FALSE,41.9370756,-71.28238678
13170,4/16/2014,April,Wednesday,6:40,2,4,1,0,Rear-end,V1: Slowing or stopped in traffic / V2: Slowing or stopped in traffic / V3: Slowing or stopped in traffic / V4: Slowing or stopped in traffic,V1: N  / V2: N  / V3: N  / V4: N,Snow,Dawn,Cloudy,2,0.4,65,32,TRUE,41.95428777,-71.3119492
13171,4/16/2014,April,Wednesday,17:10,2,2,2,0,Angle,V1: Travelling straight ahead / V2: Travelling straight ahead,V1: S  / V2: E,Dry,Daylight,Clear,2,0.4,65,32,TRUE,41.93584988,-71.28143838
13172,4/17/2014,April,Thursday,6:39,1,2,0,0,Rear-end,V1: Travelling straight ahead / V2: Travelling straight ahead,V1: E  / V2: E,Dry,Daylight,Clear,0,0,48,28,TRUE,41.90982396,-71.35947305
13173,4/17/2014,April,Thursday,9:50,1,1,0,0,Single vehicle crash,V1: Other,V1: N,Dry,Daylight,Clear,0,0,48,28,TRUE,41.92886018,-71.3230987
13174,4/17/2014,April,Thursday,17:55,1,2,0,0,Rear-end,V1: Slowing or stopped in traffic / V2: Travelling straight ahead,V1: E  / V2: E,Dry,Daylight,Clear,0,0,48,28,TRUE,41.93400377,-71.31615872
13175,4/17/2014,April,Thursday,23:36,1,2,0,0,"Sideswipe, same direction",V1: Travelling straight ahead / V2: Travelling straight ahead,V1: N  / V2: N,Dry,Dark - lighted roadway,Clear,0,0,48,28,TRUE,41.89541252,-71.37076533
13176,4/18/2014,April,Friday,17:55,1,2,0,0,"Sideswipe, opposite direction",V1: Travelling straight ahead / V2: Travelling straight ahead,V1: E  / V2: W,Dry,Daylight,Clear,0,0,44,28,TRUE,41.89887422,-71.35641214
13177,4/19/2014,April,Saturday,13:54,1,2,0,0,Angle,V1: Parked / V2: Backing,V1: W  / V2: W,Dry,Daylight,Clear,0,0,48,30,TRUE,41.94293865,-71.27882678
13178,4/19/2014,April,Saturday,14:25,2,2,1,0,"Sideswipe, same direction",V1: Making U-turn / V2: Travelling straight ahead,V1: S  / V2: N,Dry,Daylight,Clear,0,0,48,30,TRUE,41.92298549,-71.35714757
13179,4/20/2014,April,Sunday,1:44,2,2,2,0,Rear-end,V1: Travelling straight ahead / V2: Changing lanes,V1: N  / V2: N,Dry,Dark - roadway not lighted,Clear,0,0,66,31,TRUE,41.92886018,-71.3230987
13180,4/20/2014,April,Sunday,6:13,2,1,1,0,Single vehicle crash,V1: Travelling straight ahead,V1: N,Dry,Dark - roadway not lighted,Clear,0,0,66,31,TRUE,41.95593405,-71.30346756
13181,4/20/2014,April,Sunday,10:52,1,2,0,0,Angle,V1: Entering traffic lane / V2: Travelling straight ahead,V1: S  / V2: W,Dry,Daylight,Clear,0,0,66,31,TRUE,41.93404812,-71.31577712
13182,4/20/2014,April,Sunday,16:32,1,2,0,0,Rear-end,V1: Slowing or stopped in traffic / V2: Travelling straight ahead,V1: W  / V2: W,Dry,Daylight,Clear,0,0,66,31,TRUE,41.90919939,-71.28842698
13183,4/20/2014,April,Sunday,16:40,1,2,0,0,"Sideswipe, same direction",V1: Changing lanes / V2: Travelling straight ahead,V1: N  / V2: N,Dry,Daylight,Clear,0,0,66,31,TRUE,41.92886018,-71.3230987
13184,4/20/2014,April,Sunday,21:38,1,2,0,0,Rear-end,V1: Turning right / V2: Parked,V1: S  / V2: 0,Dry,Dark - roadway not lighted,Clear,0,0,66,31,TRUE,41.94398064,-71.28776705
13185,4/20/2014,April,Sunday,22:32,2,2,1,0,Rear-end,V1: Travelling straight ahead / V2: Slowing or stopped in traffic,V1: N  / V2: N,Dry,Dark - lighted roadway,Clear,0,0,66,31,TRUE,41.92161419,-71.35782411
13186,4/21/2014,April,Monday,10:51,1,2,0,0,Rear-end,V1: Slowing or stopped in traffic / V2: Travelling straight ahead,V1: W  / V2: W,Dry,Daylight,Clear,0,0,56,31,TRUE,41.89907077,-71.35493556
13187,4/21/2014,April,Monday,20:30,1,2,0,0,"Sideswipe, opposite direction",V1: Other / V2: Slowing or stopped in traffic,V1: N  / V2: S,Dry,Dark - lighted roadway,Clear,0,0,56,31,TRUE,41.94450501,-71.28411703
13188,4/22/2014,April,Tuesday,16:02,2,1,1,0,Single vehicle crash,V1: Travelling straight ahead,V1: E,Dry,Daylight,Clear,0,0,67,33,FALSE,41.92020565,-71.35843604
13189,4/22/2014,April,Tuesday,22:32,1,2,0,0,"Sideswipe, same direction",V1: Changing lanes / V2: Travelling straight ahead,V1: N  / V2: N,Wet,Dark - roadway not lighted,Cloudy/Rain,0,0,67,33,FALSE,41.96941345,-71.29547608
13190,4/22/2014,April,Tuesday,23:56,1,1,0,0,Single vehicle crash,V1: Travelling straight ahead,V1: N,Wet,Dark - lighted roadway,Rain,0,0,67,33,FALSE,41.92620792,-71.22377502
13191,4/23/2014,April,Wednesday,11:37,1,1,0,0,Single vehicle crash,V1: Leaving traffic lane,V1: S,Wet,Daylight,Rain,0.07,0,70,45,FALSE,41.93804592,-71.31642932
13192,4/23/2014,April,Wednesday,14:10,1,2,0,0,Rear-end,V1: Travelling straight ahead / V2: Turning left,V1: W  / V2: S,Dry,Daylight,Cloudy,0.07,0,70,45,FALSE,41.95428602,-71.28497548
13193,4/24/2014,April,Thursday,6:07,2,1,1,0,Single vehicle crash,V1: Travelling straight ahead,V1: N,Dry,Daylight,Clear,0.33,0,54,41,FALSE,41.92886018,-71.3230987
13194,4/24/2014,April,Thursday,13:33,1,2,0,0,Rear-end,V1: Backing / V2: Slowing or stopped in traffic,V1: N  / V2: S,Dry,Daylight,Clear,0.33,0,54,41,FALSE,41.91026562,-71.36319441
13195,4/24/2014,April,Thursday,18:30,2,2,3,0,Rear-end,V1: Travelling straight ahead / V2: Slowing or stopped in traffic,V1: S  / V2: S,Dry,Daylight,Clear,0.33,0,54,41,FALSE,41.91449065,-71.36105328
13196,4/25/2014,April,Friday,6:20,1,1,0,0,Single vehicle crash,V1: Travelling straight ahead,V1: N,Dry,Daylight,Clear,0,0,61,40,FALSE,41.90241817,-71.35561188
13197,4/25/2014,April,Friday,15:54,1,2,0,0,Angle,V1: Turning left / V2: Travelling straight ahead,V1: N  / V2: S,Dry,Daylight,Cloudy,0,0,61,40,FALSE,41.9483337,-71.27794679
13198,4/25/2014,April,Friday,15:56,1,2,0,0,Rear-end,V1: Travelling straight ahead / V2: Slowing or stopped in traffic,V1: E  / V2: E,Dry,Daylight,Clear,0,0,61,40,FALSE,41.93395544,-71.31670818
13199,4/25/2014,April,Friday,16:27,1,1,0,0,Single vehicle crash,V1: Travelling straight ahead,V1: 0,Dry,Daylight,Clear,0,0,61,40,FALSE,41.9243555,-71.32131199
13200,4/26/2014,April,Saturday,10:13,1,2,0,0,Angle,V1: Slowing or stopped in traffic / V2: Travelling straight ahead,V1: W  / V2: N,Wet,Daylight,Cloudy/Rain,0,0,66,42,FALSE,41.89733197,-71.36979234
13201,4/26/2014,April,Saturday,13:43,1,2,0,0,Angle,V1: Turning right / V2: Travelling straight ahead,V1: S  / V2: S,Wet,Daylight,Rain,0,0,66,42,FALSE,41.90878043,-71.36396001
13202,4/26/2014,April,Saturday,16:59,1,2,0,0,"Sideswipe, same direction",V1: Travelling straight ahead / V2: Slowing or stopped in traffic,V1: E  / V2: E,Dry,Daylight,Cloudy,0,0,66,42,FALSE,41.93405012,-71.31579284
13203,4/26/2014,April,Saturday,17:54,1,2,0,0,Angle,V1: Turning left / V2: Travelling straight ahead,V1: W  / V2: W,Dry,Daylight,Clear,0,0,66,42,FALSE,41.95279399,-71.26926096
13204,4/26/2014,April,Saturday,20:26,1,1,0,0,Head-on,V1: Travelling straight ahead,V1: W,Wet,Dark - lighted roadway,Cloudy,0,0,66,42,FALSE,41.91990285,-71.26348786
13205,4/27/2014,April,Sunday,7:45,1,1,0,0,Single vehicle crash,V1: Travelling straight ahead,V1: E,Wet,Daylight,Cloudy,0.43,0,46,41,FALSE,41.93628409,-71.28608551
13206,4/27/2014,April,Sunday,21:08,1,2,0,0,Angle,V1: Travelling straight ahead / V2: Travelling straight ahead,V1: W  / V2: N,Dry,Dark - lighted roadway,Clear,0.43,0,46,41,FALSE,41.9094124,-71.36265877
13207,4/27/2014,April,Sunday,23:37,1,1,0,0,Single vehicle crash,V1: Travelling straight ahead,V1: E,Dry,Dark - lighted roadway,Cloudy,0.43,0,46,41,FALSE,41.95265513,-71.26966302
13208,4/28/2014,April,Monday,6:44,1,2,0,0,"Sideswipe, opposite direction",V1: Turning left / V2: Slowing or stopped in traffic,V1: E  / V2: W,Dry,Daylight,Clear,0.02,0,50,36,FALSE,41.94274018,-71.28432859
13209,4/29/2014,April,Tuesday,8:19,1,2,0,0,Angle,V1: Backing / V2: Travelling straight ahead,V1: E  / V2: S,Dry,Daylight,Cloudy,0,0,60,42,FALSE,41.89614826,-71.37139413
13210,4/29/2014,April,Tuesday,8:23,1,2,0,0,Angle,V1: Backing / V2: Parked,V1: N  / V2: Reported but invalid,Dry,Daylight,Clear,0,0,60,42,FALSE,41.9340765,-71.28158124
13211,4/29/2014,April,Tuesday,12:04,1,1,0,0,Single vehicle crash,V1: Travelling straight ahead,V1: W,Dry,Daylight,Clear,0,0,60,42,FALSE,41.94471772,-71.28177758
13212,4/29/2014,April,Tuesday,17:49,1,2,0,0,Angle,V1: Entering traffic lane / V2: Travelling straight ahead,V1: S  / V2: W,Dry,Daylight,Cloudy,0,0,60,42,FALSE,41.9200126,-71.35779701
13213,4/30/2014,April,Wednesday,8:58,2,2,1,0,Rear-end,V1: Turning left / V2: Travelling straight ahead,V1: N  / V2: N,Wet,Daylight,Rain,0.03,0,46,39,FALSE,41.95273414,-71.2847248
13214,4/30/2014,April,Wednesday,16:02,1,2,0,0,Rear-end,V1: Slowing or stopped in traffic / V2: Travelling straight ahead,V1: S  / V2: S,Wet,Daylight,Rain,0.03,0,46,39,FALSE,41.96019116,-71.30118086
13215,4/30/2014,April,Wednesday,17:34,2,2,1,0,Rear-end,V1: Travelling straight ahead / V2: Slowing or stopped in traffic,V1: N  / V2: N,Wet,Dusk,Rain,0.03,0,46,39,FALSE,41.92242117,-71.25900962
13216,5/1/2014,May,Thursday,3:46,2,1,1,0,Single vehicle crash,V1: Travelling straight ahead,V1: N,Wet,Dark - lighted roadway,Rain,1.12,0,59,40,FALSE,41.93624398,-71.26400311
13217,5/1/2014,May,Thursday,17:09,1,2,0,0,Angle,V1: Turning left / V2: Travelling straight ahead,V1: E  / V2: S,Dry,Daylight,Clear,1.12,0,59,40,FALSE,41.96712418,-71.29097941
13218,5/2/2014,May,Friday,7:49,1,2,0,0,Angle,V1: Turning left / V2: Travelling straight ahead,V1: W  / V2: N,Dry,Daylight,Cloudy,0.22,0,67,51,FALSE,41.91653724,-71.36001753
13219,5/2/2014,May,Friday,17:46,1,2,0,0,Angle,V1: Travelling straight ahead / V2: Turning left,V1: S  / V2: W,Dry,Daylight,Clear,0.22,0,67,51,FALSE,41.89541252,-71.37076533
13220,5/2/2014,May,Friday,18:03,1,2,0,0,Angle,V1: Travelling straight ahead / V2: Entering traffic lane,V1: N  / V2: S,Dry,Daylight,Clear,0.22,0,67,51,FALSE,41.94766661,-71.27879697
13221,5/2/2014,May,Friday,21:21,2,2,1,0,Angle,V1: Travelling straight ahead / V2: Travelling straight ahead,V1: N  / V2: E,Dry,Dark - lighted roadway,Clear,0.22,0,67,51,FALSE,41.94472176,-71.2812504
13222,5/3/2014,May,Saturday,22:04,2,2,1,0,0,V1: Travelling straight ahead / V2: Travelling straight ahead,V1: S  / V2: N,Dry,Dark - lighted roadway,Clear,0,0,69,40,FALSE,41.94604197,-71.28656899
13223,5/5/2014,May,Monday,10:01,2,2,1,0,Rear-end,V1: Travelling straight ahead / V2: Travelling straight ahead,V1: S  / V2: S,Dry,Daylight,Cloudy,0,0,64,49,FALSE,41.95451461,-71.24992613
13224,5/5/2014,May,Monday,15:40,0,2,0,0,Angle,V1: Turning left / V2: Turning left,V1: S  / V2: N,Dry,Daylight,Clear,0,0,64,49,FALSE,41.90964751,-71.36351027
13225,5/5/2014,May,Monday,21:12,2,2,1,0,Rear-end,V1: Travelling straight ahead / V2: Slowing or stopped in traffic,V1: E  / V2: E,Dry,Dark - lighted roadway,Clear,0,0,64,49,FALSE,41.94474439,-71.28165133
13226,5/6/2014,May,Tuesday,8:42,2,2,2,0,Angle,V1: Turning left / V2: Travelling straight ahead,V1: N  / V2: S,Dry,Daylight,Clear,0,0,68,42,FALSE,41.90857957,-71.36406078
13227,5/6/2014,May,Tuesday,17:25,1,2,0,0,Angle,V1: Turning left / V2: Travelling straight ahead,V1: E  / V2: W,Dry,Daylight,Clear,0,0,68,42,FALSE,41.95395992,-71.28274651
13228,5/6/2014,May,Tuesday,17:51,1,2,0,0,Rear-end,V1: Slowing or stopped in traffic / V2: Slowing or stopped in traffic,V1: N  / V2: N,Dry,Daylight,Clear,0,0,68,42,FALSE,41.96643836,-71.29074265
13229,5/7/2014,May,Wednesday,10:38,1,3,0,0,Rear-end,V1: Slowing or stopped in traffic / V2: Slowing or stopped in traffic / V3: Travelling straight ahead,V1: S  / V2: S  / V3: S,Dry,Daylight,Clear,0,0,66,38,FALSE,41.94845803,-71.30212015
13230,5/7/2014,May,Wednesday,15:56,1,2,0,0,Rear-end,V1: Entering traffic lane / V2: Slowing or stopped in traffic,V1: N  / V2: N,Dry,Daylight,Clear,0,0,66,38,FALSE,41.90257525,-71.35603965
13231,5/8/2014,May,Thursday,6:51,1,1,0,0,Single vehicle crash,V1: Turning left,V1: E,Dry,Daylight,Clear,0,0,71,40,FALSE,41.94266173,-71.28390998
13232,5/8/2014,May,Thursday,16:01,1,2,0,0,Angle,V1: Entering traffic lane / V2: Travelling straight ahead,V1: N  / V2: E,Dry,Daylight,Clear,0,0,71,40,FALSE,41.91981411,-71.35860614
13233,5/8/2014,May,Thursday,16:23,2,1,1,0,Single vehicle crash,V1: Overtaking/passing,V1: S,Dry,Daylight,Clear,0,0,71,40,FALSE,41.94495215,-71.2846593
13234,5/9/2014,May,Friday,3:25,2,2,3,0,Rear-end,V1: Travelling straight ahead / V2: Travelling straight ahead,V1: S  / V2: S,Dry,Dark - roadway not lighted,Clear,0,0,69,47,FALSE,41.89861001,-71.36943215
13235,5/9/2014,May,Friday,12:43,1,2,0,0,Rear-end,V1: Travelling straight ahead / V2: Parked,V1: W  / V2: 0,Wet,Daylight,Rain,0,0,69,47,FALSE,41.9340765,-71.28158124
13236,5/9/2014,May,Friday,16:18,1,2,0,0,Angle,V1: Turning left / V2: Travelling straight ahead,V1: W  / V2: N,Dry,Daylight,Cloudy,0,0,69,47,FALSE,41.89733197,-71.36979234
13237,5/9/2014,May,Friday,20:39,1,2,0,0,Angle,V1: Travelling straight ahead / V2: Turning left,V1: E  / V2: N,Dry,Dark - lighted roadway,Cloudy,0,0,69,47,FALSE,41.93359015,-71.30040441
13238,5/9/2014,May,Friday,21:46,1,2,0,0,"Sideswipe, same direction",V1: Turning right / V2: Travelling straight ahead,V1: N  / V2: N,Dry,Dark - lighted roadway,Cloudy,0,0,69,47,FALSE,41.92161419,-71.35782411
13239,5/10/2014,May,Saturday,10:32,1,2,0,0,Angle,V1: Travelling straight ahead / V2: Travelling straight ahead,V1: W  / V2: N,Dry,Daylight,Clear,0.06,0,64,55,FALSE,41.94121777,-71.2768631
13240,5/10/2014,May,Saturday,17:41,1,1,0,0,Single vehicle crash,V1: Travelling straight ahead,V1: S,Dry,Daylight,Clear,0.06,0,64,55,FALSE,41.90433577,-71.35012688
13241,5/11/2014,May,Sunday,1:17,1,3,0,0,Rear-end,V1: Travelling straight ahead / V2: Slowing or stopped in traffic / V3: Slowing or stopped in traffic,V1: N  / V2: N  / V3: N,Wet,Dark - lighted roadway,Clear,0.2,0,82,56,FALSE,41.91449065,-71.36105328
13242,5/11/2014,May,Sunday,9:41,1,2,0,0,Rear-end,V1: Slowing or stopped in traffic / V2: Slowing or stopped in traffic,V1: N  / V2: N,Dry,Daylight,Clear,0.2,0,82,56,FALSE,41.92014284,-71.35719783
13243,5/11/2014,May,Sunday,19:03,1,2,0,0,Rear-end,V1: Travelling straight ahead / V2: Parked,V1: W  / V2: W,Dry,Daylight,Clear,0.2,0,82,56,FALSE,41.94586371,-71.28073806
13244,5/12/2014,May,Monday,10:10,1,2,0,0,Rear-end,V1: Slowing or stopped in traffic / V2: Travelling straight ahead,V1: N  / V2: N,Dry,Daylight,Clear,0,0,82,52,FALSE,41.94804118,-71.28856015
13245,5/12/2014,May,Monday,19:19,1,3,0,0,Angle,V1: Slowing or stopped in traffic / V2: Travelling straight ahead / V3: Entering traffic lane,V1: S  / V2: N  / V3: W,Dry,Dusk,Clear,0,0,82,52,FALSE,41.89733197,-71.36979234
13246,5/13/2014,May,Tuesday,1:21,2,1,1,0,Single vehicle crash,V1: Travelling straight ahead,V1: N,Dry,Dark - lighted roadway,Clear,0,0,84,51,FALSE,41.90451433,-71.32469478
13247,5/13/2014,May,Tuesday,15:18,1,1,0,0,Single vehicle crash,V1: Leaving traffic lane,V1: S,Dry,Daylight,Clear,0,0,84,51,FALSE,41.89861001,-71.36943215
13248,5/13/2014,May,Tuesday,17:51,1,3,0,0,Rear-end,V1: Slowing or stopped in traffic / V2: Slowing or stopped in traffic / V3: Travelling straight ahead,V1: N  / V2: N  / V3: N,Dry,Daylight,Clear,0,0,84,51,FALSE,34.24438675,-73.6513909
13249,5/14/2014,May,Wednesday,7:44,1,2,0,0,"Sideswipe, same direction",V1: Changing lanes / V2: Travelling straight ahead,V1: E  / V2: E,Dry,Daylight,Cloudy,0,0,61,43,FALSE,41.94757815,-71.27890388
13250,5/14/2014,May,Wednesday,13:51,1,1,0,0,Single vehicle crash,V1: Travelling straight ahead,V1: N,Dry,Daylight,Clear,0,0,61,43,FALSE,41.91390396,-71.23550137
13251,5/14/2014,May,Wednesday,16:57,1,2,0,0,Rear-end,V1: Slowing or stopped in traffic / V2: Travelling straight ahead,V1: N  / V2: N,Dry,Daylight,Clear,0,0,61,43,FALSE,41.93398416,-71.31904724
13252,5/14/2014,May,Wednesday,21:51,1,1,0,0,Single vehicle crash,V1: Travelling straight ahead,V1: N,Dry,Dark - roadway not lighted,Clear,0,0,61,43,FALSE,41.93118399,-71.26031362
13253,5/15/2014,May,Thursday,11:45,1,3,0,0,Angle,V1: Turning left / V2: Travelling straight ahead / V3: Travelling straight ahead,V1: W  / V2: S  / V3: N,Dry,Daylight,Clear,0,0,74,47,FALSE,41.93732881,-71.28475709
13254,5/15/2014,May,Thursday,13:59,1,2,0,0,Rear-end,V1: Travelling straight ahead / V2: Slowing or stopped in traffic,V1: W  / V2: W,Dry,Daylight,Clear,0,0,74,47,FALSE,41.94254637,-71.2868523
13255,5/15/2014,May,Thursday,18:08,1,2,0,0,Angle,V1: Overtaking/passing / V2: Turning right,V1: E  / V2: S,Dry,Daylight,Clear,0,0,74,47,FALSE,41.93394954,-71.30903288
13256,5/16/2014,May,Friday,6:19,1,2,0,0,"Sideswipe, same direction",V1: Overtaking/passing / V2: Turning right,V1: N  / V2: N,Dry,Daylight,Clear,0,0,76,61,FALSE,41.96643836,-71.29074265
13257,5/16/2014,May,Friday,6:55,1,2,0,0,Angle,V1: Entering traffic lane / V2: Turning right,V1: E  / V2: S,Dry,Daylight,Cloudy,0,0,76,61,FALSE,41.94254637,-71.2868523
13258,5/16/2014,May,Friday,14:42,1,2,0,0,Rear-end,V1: Travelling straight ahead / V2: Slowing or stopped in traffic,V1: W  / V2: W,Dry,Daylight,Clear,0,0,76,61,FALSE,41.95484304,-71.28856385
13259,5/16/2014,May,Friday,16:03,1,2,0,0,Rear-end,V1: Slowing or stopped in traffic / V2: Travelling straight ahead,V1: E  / V2: E,Wet,Daylight,Cloudy/Rain,0,0,76,61,FALSE,41.9455488,-71.28570853
13260,5/16/2014,May,Friday,16:15,1,2,0,0,Angle,V1: Entering traffic lane / V2: Travelling straight ahead,V1: W  / V2: W,Dry,Daylight,Clear,0,0,76,61,FALSE,41.91981411,-71.35860614
13261,5/16/2014,May,Friday,17:47,2,4,1,0,Rear-end,V1: Travelling straight ahead / V2: Slowing or stopped in traffic / V3: Slowing or stopped in traffic / V4: Slowing or stopped in traffic,V1: N  / V2: N  / V3: N  / V4: N,Wet,Daylight,Clear,0,0,76,61,FALSE,41.95428777,-71.3119492
13262,5/17/2014,May,Saturday,2:27,1,2,0,0,Angle,V1: Turning right / V2: Slowing or stopped in traffic,V1: E  / V2: S,Dry,Dark - lighted roadway,Clear,0.78,0,74,62,FALSE,41.93359015,-71.30040441
13263,5/17/2014,May,Saturday,6:28,2,2,1,0,Angle,V1: Changing lanes / V2: Travelling straight ahead,V1: S  / V2: S,Wet,Dawn,Rain,0.78,0,74,62,FALSE,34.24438675,-73.6513909
13264,5/17/2014,May,Saturday,18:40,1,2,0,0,Rear-end,V1: Entering traffic lane / V2: Travelling straight ahead,V1: N  / V2: N,Dry,Daylight,Clear,0.78,0,74,62,FALSE,41.93393657,-71.31690363
13265,5/18/2014,May,Sunday,13:48,1,2,0,0,Rear-end,V1: Travelling straight ahead / V2: Travelling straight ahead,V1: N  / V2: N,Dry,Daylight,Clear,0.03,0,78,48,FALSE,41.8990797,-71.35507779