ID,DATE,Month,Day of week,Crash Time,Crash Severity,Number of Vehicles,Total Nonfatal Injuries,Total Fatal Injuries,Manner of Collision,Vehicle Action Prior to Crash,Vehicle Travel Directions,Road Surface Condition,Ambient Light,Weather Condition,PRCP,SNOW,TMAX,TMIN,Ice,Longtitute,Latitute
13266,5/19/2014,May,Monday,6:07,1,2,0,0,Angle,V1: Backing / V2: Travelling straight ahead,V1: W  / V2: N,Dry,Daylight,Clear,0,0,70,49,FALSE,41.90863936,-71.26769655
13267,5/19/2014,May,Monday,13:57,1,1,0,0,"Sideswipe, same direction",V1: Travelling straight ahead,V1: N,Dry,Daylight,Clear,0,0,70,49,FALSE,41.90754782,-71.34230844
13268,5/19/2014,May,Monday,15:01,2,2,3,0,Rear-end,V1: Travelling straight ahead / V2: Slowing or stopped in traffic,V1: N  / V2: N,Dry,Daylight,Cloudy,0,0,70,49,FALSE,41.95514928,-71.30432065
13269,5/20/2014,May,Tuesday,14:09,1,2,0,0,Rear-end,V1: Travelling straight ahead / V2: Travelling straight ahead,V1: N  / V2: N,Dry,Daylight,Clear,0.03,0,69,46,FALSE,41.91211068,-71.31284728
13270,5/20/2014,May,Tuesday,15:22,1,2,0,0,Angle,V1: Travelling straight ahead / V2: Travelling straight ahead,V1: W  / V2: N,Dry,Daylight,Clear,0.03,0,69,46,FALSE,41.93840858,-71.28352591
13271,5/20/2014,May,Tuesday,18:32,2,3,1,0,Rear-end,V1: Travelling straight ahead / V2: Slowing or stopped in traffic / V3: Slowing or stopped in traffic,V1: S  / V2: S  / V3: S,Dry,Daylight,Clear,0.03,0,69,46,FALSE,41.95076301,-71.27397064
13272,5/21/2014,May,Wednesday,0:06,1,1,0,0,Single vehicle crash,V1: Travelling straight ahead,V1: W,Dry,Dark - lighted roadway,Clear,0,0,75,44,FALSE,41.95026372,-71.2985466
13273,5/22/2014,May,Thursday,16:53,2,2,1,0,Angle,V1: Entering traffic lane / V2: Travelling straight ahead,V1: S  / V2: N,Wet,Daylight,Cloudy/Rain,0,0,74,48,FALSE,41.90682609,-71.35698151
13274,5/23/2014,May,Friday,7:16,1,2,0,0,Angle,V1: Making U-turn / V2: Travelling straight ahead,V1: W  / V2: E,Dry,Daylight,Clear,0.26,0,68,44,FALSE,41.96545307,-71.27164578
13275,5/23/2014,May,Friday,13:04,2,2,2,0,Angle,V1: Entering traffic lane / V2: Travelling straight ahead,V1: W  / V2: N,Dry,Daylight,Clear,0.26,0,68,44,FALSE,41.91653724,-71.36001753
13276,5/23/2014,May,Friday,14:48,1,2,0,0,Angle,V1: Turning right / V2: Travelling straight ahead,V1: W  / V2: W,Dry,Daylight,Clear,0.26,0,68,44,FALSE,41.93358571,-71.32352844
13277,5/23/2014,May,Friday,15:36,2,2,1,0,Rear-end,V1: Travelling straight ahead / V2: Slowing or stopped in traffic,V1: S  / V2: S,Wet,Daylight,Cloudy,0.26,0,68,44,FALSE,41.96643836,-71.29074265
13278,5/23/2014,May,Friday,16:07,1,2,0,0,Angle,V1: Turning left / V2: Travelling straight ahead,V1: S  / V2: N,Dry,Daylight,Cloudy,0.26,0,68,44,FALSE,41.90529604,-71.33573163
13279,5/23/2014,May,Friday,18:45,1,2,0,0,Head-on,V1: Turning left / V2: Travelling straight ahead,V1: N  / V2: S,Dry,Dusk,Clear,0.26,0,68,44,FALSE,41.92014284,-71.35719783
13280,5/24/2014,May,Saturday,12:42,1,2,0,0,Angle,V1: Backing / V2: Parked,V1: S  / V2: E,Dry,Daylight,Clear,0,0,64,51,FALSE,41.90136515,-71.37343879
13281,5/24/2014,May,Saturday,15:57,1,1,0,0,Single vehicle crash,V1: Other,V1: N,Dry,Daylight,Clear,0,0,64,51,FALSE,41.94347636,-71.28555341
13282,5/24/2014,May,Saturday,19:01,1,2,0,0,Rear-end,V1: Slowing or stopped in traffic / V2: Travelling straight ahead,V1: N  / V2: N,Dry,Daylight,Clear,0,0,64,51,FALSE,41.93091656,-71.35304355
13283,5/25/2014,May,Sunday,19:18,1,2,0,0,Head-on,V1: Travelling straight ahead / V2: Travelling straight ahead,V1: E  / V2: W,Dry,Daylight,Clear,0.02,0,69,48,FALSE,41.9250735,-71.35622629
13284,5/26/2014,May,Monday,1:00,1,1,0,0,Single vehicle crash,V1: Travelling straight ahead,V1: N,Dry,Dark - roadway not lighted,Clear,0,0,74,52,FALSE,34.24438675,-73.6513909
13285,5/26/2014,May,Monday,9:50,1,1,0,0,Single vehicle crash,V1: Entering traffic lane,V1: S,Dry,Daylight,Cloudy,0,0,74,52,FALSE,41.95476501,-71.31098841
13286,5/26/2014,May,Monday,22:19,2,2,1,0,Rear-end,V1: Travelling straight ahead / V2: Slowing or stopped in traffic,V1: N  / V2: N,Dry,Dark - lighted roadway,Clear,0,0,74,52,FALSE,41.9250735,-71.35622629
13287,5/27/2014,May,Tuesday,0:26,1,2,0,0,"Sideswipe, same direction",V1: Turning left / V2: Turning left,V1: W  / V2: W,Dry,Dark - lighted roadway,Clear,0.02,0,78,57,FALSE,41.97015292,-71.29135147
13288,5/28/2014,May,Wednesday,6:50,1,2,0,0,Rear-end,V1: Travelling straight ahead / V2: Slowing or stopped in traffic,V1: W  / V2: W,Dry,Daylight,Cloudy,0.07,0,78,49,FALSE,41.95435465,-71.2551507
13289,5/28/2014,May,Wednesday,13:39,1,2,0,0,Angle,V1: Turning left / V2: Travelling straight ahead,V1: W  / V2: W,Wet,Daylight,Rain,0.07,0,78,49,FALSE,41.9484982,-71.28894749
13290,5/28/2014,May,Wednesday,18:18,1,2,0,0,Rear-end,V1: Slowing or stopped in traffic / V2: Travelling straight ahead,V1: N  / V2: N,Dry,Daylight,Cloudy,0.07,0,78,49,FALSE,34.24438675,-73.6513909
13291,5/29/2014,May,Thursday,17:26,1,2,0,0,Head-on,V1: Turning left / V2: Travelling straight ahead,V1: N  / V2: W,Dry,Daylight,Clear,0.02,0,52,38,FALSE,41.96939377,-71.29355357
13292,5/30/2014,May,Friday,18:37,1,2,0,0,Angle,V1: Turning left / V2: Travelling straight ahead,V1: E  / V2: W,Dry,Daylight,Clear,0,0,67,38,FALSE,41.93359015,-71.30040441
13293,5/30/2014,May,Friday,20:14,2,2,2,0,Rear-end,V1: Travelling straight ahead / V2: Slowing or stopped in traffic,V1: S  / V2: S,Wet,Dark - lighted roadway,Cloudy/Rain,0,0,67,38,FALSE,41.91449065,-71.36105328
13294,5/30/2014,May,Friday,21:46,1,1,0,0,Single vehicle crash,V1: Travelling straight ahead,V1: S,Wet,Dark - lighted roadway,Rain,0,0,67,38,FALSE,41.92728585,-71.22352064
13295,5/31/2014,May,Saturday,2:05,2,2,1,0,"Sideswipe, same direction",V1: Travelling straight ahead / V2: Travelling straight ahead,V1: S  / V2: S,Dry,Dark - roadway not lighted,Clear,0.17,0,74,47,FALSE,41.90261276,-71.35590972
13296,5/31/2014,May,Saturday,14:35,2,3,1,0,Rear-end,V1: Travelling straight ahead / V2: Slowing or stopped in traffic / V3: Slowing or stopped in traffic,V1: S  / V2: S  / V3: S,Dry,Daylight,Clear,0.17,0,74,47,FALSE,41.91044592,-71.28309302
13297,5/31/2014,May,Saturday,15:05,1,2,0,0,"Sideswipe, same direction",V1: Turning left / V2: Slowing or stopped in traffic,V1: S  / V2: S,Dry,Daylight,Clear,0.17,0,74,47,FALSE,41.92781831,-71.35456449
13298,5/31/2014,May,Saturday,18:22,1,2,0,0,Angle,V1: Travelling straight ahead / V2: Turning left,V1: S  / V2: E,Dry,Daylight,Clear,0.17,0,74,47,FALSE,41.93732881,-71.28475709
13299,5/31/2014,May,Saturday,22:00,2,2,1,0,Angle,V1: Entering traffic lane / V2: Travelling straight ahead,V1: S  / V2: W,Dry,Dark - lighted roadway,Clear,0.17,0,74,47,FALSE,41.94757814,-71.27890389
13300,5/31/2014,May,Saturday,23:28,2,2,3,0,Rear-end,V1: Travelling straight ahead / V2: Slowing or stopped in traffic,V1: E  / V2: E,Dry,Dark - lighted roadway,Cloudy,0.17,0,74,47,FALSE,41.9693978,-71.29147118
13301,5/31/2014,May,Saturday,23:29,2,1,1,0,Single vehicle crash,V1: Turning left,V1: W,Dry,Dark - lighted roadway,Clear,0.17,0,74,47,FALSE,41.91035947,-71.36314658
13302,6/1/2014,June,Sunday,11:40,1,1,0,0,Single vehicle crash,V1: Travelling straight ahead,V1: N,Dry,Daylight,Clear,0,0,66,44,FALSE,41.92572773,-71.22425874
13303,6/1/2014,June,Sunday,23:26,1,1,0,0,Single vehicle crash,V1: Travelling straight ahead,V1: E,Dry,Dark - lighted roadway,Clear,0,0,66,44,FALSE,41.9396344,-71.26732859
13304,6/2/2014,June,Monday,12:59,1,2,0,0,Single vehicle crash,V1: Backing / V2: Parked,V1: Reported but invalid / V2: 0,Dry,Daylight,Clear,0,0,76,50,FALSE,41.94112543,-71.28299596
13305,6/2/2014,June,Monday,17:06,1,2,0,0,Rear-end,V1: Travelling straight ahead / V2: Slowing or stopped in traffic,V1: S  / V2: S,Dry,Daylight,Clear,0,0,76,50,FALSE,41.9693978,-71.29147118
13306,6/3/2014,June,Tuesday,8:21,1,2,0,0,Angle,V1: Turning right / V2: Travelling straight ahead,V1: N  / V2: N,Dry,Daylight,Clear,0,0,83,53,FALSE,41.94286338,-71.27076088
13307,6/3/2014,June,Tuesday,13:00,2,2,1,0,Rear-end,V1: Travelling straight ahead / V2: Travelling straight ahead,V1: S  / V2: S,Dry,Daylight,Clear,0,0,83,53,FALSE,41.90261276,-71.35590972
13308,6/4/2014,June,Wednesday,8:25,1,1,0,0,Single vehicle crash,V1: Turning left,V1: W,Dry,Daylight,Clear,0.1,0,82,54,FALSE,41.91035947,-71.36314658
13309,6/5/2014,June,Thursday,15:16,1,2,0,0,Angle,V1: Travelling straight ahead / V2: Entering traffic lane,V1: S  / V2: E,Wet,Daylight,Cloudy/Rain,0.04,0,70,55,FALSE,41.93421769,-71.2996754
13310,6/5/2014,June,Thursday,17:15,2,2,1,0,Angle,V1: Entering traffic lane / V2: Travelling straight ahead,V1: N  / V2: S,Wet,Daylight,Cloudy,0.04,0,70,55,FALSE,41.93421769,-71.2996754
13311,6/6/2014,June,Friday,15:55,1,2,0,0,"Sideswipe, same direction",V1: Changing lanes / V2: Travelling straight ahead,V1: E  / V2: E,Dry,Daylight,Clear,0.64,0,62,54,FALSE,41.95090811,-71.27361366
13312,6/6/2014,June,Friday,20:53,2,2,2,0,Angle,V1: Travelling straight ahead / V2: Travelling straight ahead,V1: N  / V2: W,Dry,Dark - lighted roadway,Clear,0.64,0,62,54,FALSE,41.90998013,-71.35802082
13313,6/7/2014,June,Saturday,10:19,1,2,0,0,Rear-end,V1: Travelling straight ahead / V2: Slowing or stopped in traffic,V1: E  / V2: E,Dry,Daylight,Clear,0,0,78,55,FALSE,41.94132723,-71.28855484
13314,6/8/2014,June,Sunday,1:05,1,1,0,0,Single vehicle crash,V1: Travelling straight ahead,V1: N,Dry,Dark - lighted roadway,Clear,0,0,85,56,FALSE,41.94903817,-71.30341581
13315,6/9/2014,June,Monday,8:37,1,2,0,0,Rear-end,V1: Slowing or stopped in traffic / V2: Travelling straight ahead,V1: E  / V2: E,Dry,Daylight,Clear,0,0,89,58,FALSE,41.93383776,-71.30208663
13316,6/9/2014,June,Monday,14:48,2,2,1,0,Angle,V1: Turning right / V2: Slowing or stopped in traffic,V1: W  / V2: S,Dry,Daylight,Clear,0,0,89,58,FALSE,41.95484304,-71.28856385
13317,6/10/2014,June,Tuesday,6:55,1,2,0,0,Angle,V1: Travelling straight ahead / V2: Travelling straight ahead,V1: N  / V2: W,Wet,Daylight,Rain,0.13,0,79,62,FALSE,41.94472176,-71.2812504
13318,6/10/2014,June,Tuesday,8:05,2,4,2,0,Rear-end,V1: Travelling straight ahead / V2: Slowing or stopped in traffic / V3: Travelling straight ahead / V4: Travelling straight ahead,V1: N  / V2: N  / V3: N  / V4: N,Wet,Daylight,Cloudy/Rain,0.13,0,79,62,FALSE,41.95514928,-71.30432065
13319,6/10/2014,June,Tuesday,18:30,1,2,0,0,Rear-end,V1: Entering traffic lane / V2: Travelling straight ahead,V1: E  / V2: E,Wet,Daylight,Cloudy/Rain,0.13,0,79,62,FALSE,41.93395221,-71.31674482
13320,6/11/2014,June,Wednesday,8:20,2,2,1,0,Rear-end,V1: Slowing or stopped in traffic / V2: Leaving traffic lane,V1: N  / V2: N,Dry,Daylight,Clear,0.51,0,76,57,FALSE,41.92886018,-71.3230987
13321,6/11/2014,June,Wednesday,8:45,1,2,0,0,Angle,V1: Travelling straight ahead / V2: Slowing or stopped in traffic,V1: W  / V2: W,Dry,Daylight,Clear,0.51,0,76,57,FALSE,41.89625678,-71.37035697
13322,6/11/2014,June,Wednesday,12:22,2,1,1,0,"Sideswipe, same direction",V1: Travelling straight ahead,V1: N,Dry,Daylight,Clear,0.51,0,76,57,FALSE,41.95924037,-71.26976928
13323,6/11/2014,June,Wednesday,14:11,1,2,0,0,Angle,V1: Turning left / V2: Travelling straight ahead,V1: E  / V2: S,Wet,Daylight,Clear,0.51,0,76,57,FALSE,41.94007226,-71.29032337
13324,6/11/2014,June,Wednesday,22:15,1,1,0,0,Single vehicle crash,V1: Backing,V1: E,Dry,Dark - roadway not lighted,Clear,0.51,0,76,57,FALSE,41.95963735,-71.28584458
13325,6/12/2014,June,Thursday,18:20,1,2,0,0,"Sideswipe, same direction",V1: Travelling straight ahead / V2: Entering traffic lane,V1: E  / V2: S,Dry,Daylight,Cloudy,0.01,0,73,54,FALSE,41.93398011,-71.31150783
13326,6/12/2014,June,Thursday,22:12,2,2,1,0,Head-on,V1: Travelling straight ahead / V2: Travelling straight ahead,V1: S  / V2: N,Dry,Dark - lighted roadway,Clear,0.01,0,73,54,FALSE,41.94450501,-71.28411703
13327,6/13/2014,June,Friday,14:53,1,2,0,0,Rear-end,V1: Travelling straight ahead / V2: Slowing or stopped in traffic,V1: W  / V2: W,Wet,Daylight,Cloudy/Rain,0.04,0,73,58,FALSE,41.9192009,-71.36100039
13328,6/14/2014,June,Saturday,13:14,2,2,2,0,Rear-end,V1: Travelling straight ahead / V2: Slowing or stopped in traffic,V1: S  / V2: S,Dry,Daylight,Cloudy,0.47,0,71,62,FALSE,41.91420591,-71.36119762
13329,6/15/2014,June,Sunday,15:30,1,2,0,0,Angle,V1: Travelling straight ahead / V2: Turning right,V1: E  / V2: N,Dry,Daylight,Clear,0,0,77,55,FALSE,41.93269195,-71.32821357
13330,6/16/2014,June,Monday,1:48,1,1,0,0,Single vehicle crash,V1: Travelling straight ahead,V1: S,Dry,Dark - roadway not lighted,Clear,0,0,82,54,FALSE,41.96019116,-71.30118086
13331,6/16/2014,June,Monday,7:27,1,3,0,0,Rear-end,V1: Slowing or stopped in traffic / V2: Slowing or stopped in traffic / V3: Travelling straight ahead,V1: N  / V2: N  / V3: N,Dry,Daylight,Clear,0,0,82,54,FALSE,34.24438675,-73.6513909
13332,6/16/2014,June,Monday,10:57,1,2,0,0,Angle,V1: Turning left / V2: Travelling straight ahead,V1: S  / V2: S,Dry,Daylight,Clear,0,0,82,54,FALSE,41.94140605,-71.28436439
13333,6/16/2014,June,Monday,17:54,1,3,0,0,Rear-end,V1: Slowing or stopped in traffic / V2: Travelling straight ahead / V3: Travelling straight ahead,V1: N  / V2: N  / V3: N,Dry,Daylight,Clear,0,0,82,54,FALSE,41.90053869,-71.36201959
13334,6/16/2014,June,Monday,21:16,1,2,0,0,Angle,V1: Travelling straight ahead / V2: Turning left,V1: W  / V2: E,Dry,Dark - lighted roadway,Clear,0,0,82,54,FALSE,41.94757814,-71.27890389
13335,6/16/2014,June,Monday,22:51,1,2,0,0,Rear-to-rear,V1: Backing / V2: Backing,V1: S  / V2: S,Dry,Dark - lighted roadway,Clear,0,0,82,54,FALSE,41.9200126,-71.35779701
13336,6/17/2014,June,Tuesday,14:15,1,2,0,0,Angle,V1: Turning left / V2: Travelling straight ahead,V1: W  / V2: W,Dry,Daylight,Clear,0.04,0,83,58,FALSE,41.9436064,-71.2744723
13337,6/18/2014,June,Wednesday,3:33,1,2,0,0,Head-on,V1: Travelling straight ahead / V2: Parked,V1: W  / V2: 0,Dry,Dark - roadway not lighted,Cloudy,0,0,82,62,FALSE,41.9404815,-71.28139686
13338,6/19/2014,June,Thursday,11:42,1,2,0,0,Angle,V1: Turning left / V2: Slowing or stopped in traffic,V1: E  / V2: S,Dry,Daylight,Clear,0,0,89,67,FALSE,41.93723012,-71.28375224
13339,6/19/2014,June,Thursday,17:03,1,3,0,0,Rear-end,V1: Travelling straight ahead / V2: Travelling straight ahead / V3: Travelling straight ahead,V1: W  / V2: W  / V3: W,Dry,Daylight,Clear,0,0,89,67,FALSE,41.9365932,-71.29539949
13340,6/19/2014,June,Thursday,20:19,2,1,1,0,Single vehicle crash,V1: Entering traffic lane,V1: S,Dry,Dusk,Clear,0,0,89,67,FALSE,41.95437986,-71.25499915
13341,6/20/2014,June,Friday,19:11,1,2,0,0,Rear-to-rear,V1: Backing / V2: Backing,V1: S  / V2: S,Dry,Daylight,Clear,0,0,85,53,FALSE,41.90976076,-71.36345171
13342,6/21/2014,June,Saturday,8:41,1,2,0,0,"Sideswipe, same direction",V1: Parked / V2: Parked,V1: S  / V2: S,Dry,Daylight,Clear,0,0,79,49,FALSE,41.89614826,-71.37139413
13343,6/21/2014,June,Saturday,15:40,2,2,1,0,Angle,V1: Turning left / V2: Travelling straight ahead,V1: E  / V2: W,Dry,Daylight,Clear,0,0,79,49,FALSE,41.91723587,-71.37241026
13344,6/22/2014,June,Sunday,5:17,1,1,0,0,Single vehicle crash,V1: Travelling straight ahead,V1: N,Dry,Daylight,Clear,0,0,79,50,FALSE,41.95593405,-71.30346756
13345,6/22/2014,June,Sunday,12:00,2,1,1,0,"Sideswipe, same direction",V1: Travelling straight ahead,V1: S,Dry,Daylight,Clear,0,0,79,50,FALSE,41.94014629,-71.25139026
13346,6/22/2014,June,Sunday,13:40,1,2,0,0,Angle,V1: Changing lanes / V2: Travelling straight ahead,V1: E  / V2: E,Dry,Daylight,Clear,0,0,79,50,FALSE,41.93405012,-71.31579284
13347,6/22/2014,June,Sunday,13:40,2,1,1,0,Single vehicle crash,V1: Changing lanes,V1: N,Dry,Daylight,Clear,0,0,79,50,FALSE,41.90951199,-71.33945849
13348,6/22/2014,June,Sunday,15:41,1,3,0,0,Angle,V1: Turning left / V2: Travelling straight ahead / V3: Other,V1: E  / V2: W  / V3: E,Dry,Daylight,Clear,0,0,79,50,FALSE,41.92781831,-71.35456449
13349,6/23/2014,June,Monday,13:58,1,3,0,0,Rear-end,V1: Slowing or stopped in traffic / V2: Slowing or stopped in traffic / V3: Travelling straight ahead,V1: S  / V2: S  / V3: S,Dry,Daylight,Clear,0,0,79,51,FALSE,41.94007226,-71.29032337
13350,6/23/2014,June,Monday,15:53,2,2,1,0,Single vehicle crash,V1: Travelling straight ahead / V2: Slowing or stopped in traffic,V1: N  / V2: N,Dry,Daylight,Clear,0,0,79,51,FALSE,41.90565961,-71.35666401
13351,6/23/2014,June,Monday,17:32,2,2,1,0,Angle,V1: Turning left / V2: Travelling straight ahead,V1: S  / V2: S,Dry,Daylight,Clear,0,0,79,51,FALSE,41.9127466,-71.31231941
13352,6/25/2014,June,Wednesday,8:54,2,2,2,0,Angle,V1: Travelling straight ahead / V2: Turning right,V1: N  / V2: E,Dry,Daylight,Clear,0,0,83,58,FALSE,41.93920171,-71.29154003
13353,6/25/2014,June,Wednesday,14:08,3,2,0,1,Rear-end,V1: Slowing or stopped in traffic / V2: Travelling straight ahead,V1: N  / V2: N,Dry,Daylight,Clear,0,0,83,58,FALSE,41.90529604,-71.33573163
13354,6/26/2014,June,Thursday,4:31,1,1,0,0,Single vehicle crash,V1: Travelling straight ahead,V1: E,Wet,Dawn,Cloudy,0.07,0,84,68,FALSE,41.92387717,-71.35158914
13355,6/26/2014,June,Thursday,16:44,1,2,0,0,Angle,V1: Travelling straight ahead / V2: Travelling straight ahead,V1: E  / V2: S,Dry,Daylight,Clear,0.07,0,84,68,FALSE,41.93518136,-71.28488512
13356,6/26/2014,June,Thursday,17:27,1,2,0,0,Rear-end,V1: Travelling straight ahead / V2: Slowing or stopped in traffic,V1: N  / V2: N,Dry,Daylight,Clear,0.07,0,84,68,FALSE,41.95514928,-71.30432065
13357,6/26/2014,June,Thursday,18:01,1,3,0,0,Rear-end,V1: Slowing or stopped in traffic / V2: Slowing or stopped in traffic / V3: Travelling straight ahead,V1: S  / V2: S  / V3: S,Dry,Daylight,Clear,0.07,0,84,68,FALSE,41.89779822,-71.35482869
13358,6/26/2014,June,Thursday,19:33,2,2,2,0,"Sideswipe, same direction",V1: Overtaking/passing / V2: Turning left,V1: E  / V2: E,Dry,Dusk,Clear,0.07,0,84,68,FALSE,41.92141393,-71.35534523
13359,6/26/2014,June,Thursday,21:21,0,1,0,0,"Sideswipe, same direction",V1: Parked,V1: Reported but invalid,Dry,Dark - lighted roadway,Clear,0.07,0,84,68,FALSE,41.90638632,-71.35686316
13360,6/27/2014,June,Friday,5:54,1,1,0,0,Single vehicle crash,V1: Travelling straight ahead,V1: S,Dry,Daylight,Clear,0.02,0,87,55,FALSE,41.93804592,-71.31642932
13361,6/27/2014,June,Friday,13:17,1,2,0,0,Rear-end,V1: Travelling straight ahead / V2: Travelling straight ahead,V1: W  / V2: W,Dry,Daylight,Clear,0.02,0,87,55,FALSE,41.89991475,-71.35545639
13362,6/27/2014,June,Friday,20:18,1,1,0,0,Single vehicle crash,V1: Travelling straight ahead,V1: S,Dry,Daylight,Clear,0.02,0,87,55,FALSE,41.94951809,-71.28983015
13363,6/27/2014,June,Friday,21:31,2,3,2,0,Rear-end,V1: Travelling straight ahead / V2: Parked / V3: Parked,V1: E  / V2: U  / V3: U,Dry,Dark - lighted roadway,Clear,0.02,0,87,55,FALSE,41.90906851,-71.36863776
13364,6/28/2014,June,Saturday,8:20,2,2,1,0,Angle,V1: Travelling straight ahead / V2: Travelling straight ahead,V1: S  / V2: W,Dry,Daylight,Clear,0,0,79,52,FALSE,41.94313451,-71.27152156
13365,6/28/2014,June,Saturday,9:35,2,2,2,0,"Sideswipe, same direction",V1: Travelling straight ahead / V2: Changing lanes,V1: S  / V2: S,Dry,Daylight,Clear,0,0,79,52,FALSE,41.89861001,-71.36943215
13366,6/28/2014,June,Saturday,10:32,2,2,4,0,Rear-end,V1: Travelling straight ahead / V2: Slowing or stopped in traffic,V1: E  / V2: E,Dry,Daylight,Clear,0,0,79,52,FALSE,41.96939377,-71.29355357
13367,6/28/2014,June,Saturday,13:00,2,2,2,0,"Sideswipe, same direction",V1: Travelling straight ahead / V2: Changing lanes,V1: S  / V2: S,Dry,Daylight,Clear,0,0,79,52,FALSE,41.93349673,-71.32022962
13368,6/28/2014,June,Saturday,13:18,1,2,0,0,Rear-to-rear,V1: Backing / V2: Backing,V1: N  / V2: S,Dry,Daylight,Clear,0,0,79,52,FALSE,41.92080848,-71.25553865
13369,6/28/2014,June,Saturday,17:12,2,2,1,0,Rear-end,V1: Turning right / V2: Travelling straight ahead,V1: E  / V2: E,Dry,Daylight,Clear,0,0,79,52,FALSE,41.93223928,-71.29381389
13370,6/29/2014,June,Sunday,1:41,1,2,0,0,"Sideswipe, same direction",V1: Turning right / V2: Travelling straight ahead,V1: N  / V2: N,Dry,Dark - lighted roadway,Clear,0,0,87,54,FALSE,41.89579985,-71.37058032
13371,6/30/2014,June,Monday,12:07,2,2,2,0,Angle,V1: Travelling straight ahead / V2: Travelling straight ahead,V1: S  / V2: N,Dry,Daylight,Clear,0,0,88,61,FALSE,41.91544722,-71.3053485
13372,6/30/2014,June,Monday,17:14,1,2,0,0,Angle,V1: Travelling straight ahead / V2: Turning left,V1: S  / V2: W,Dry,Daylight,Clear,0,0,88,61,FALSE,41.93713919,-71.28476639
13373,7/1/2014,July,Tuesday,1:36,1,1,0,0,Single vehicle crash,V1: Travelling straight ahead,V1: S,Dry,Dark - roadway not lighted,Clear,0,0,89,67,FALSE,41.96019116,-71.30118086
13374,7/1/2014,July,Tuesday,9:52,1,2,0,0,Angle,V1: Turning left / V2: Travelling straight ahead,V1: S  / V2: W,Dry,Daylight,Clear,0,0,89,67,FALSE,41.93404812,-71.31577712
13375,7/1/2014,July,Tuesday,12:27,2,2,2,0,Rear-end,V1: Travelling straight ahead / V2: Slowing or stopped in traffic,V1: N  / V2: N,Dry,Daylight,Clear,0,0,89,67,FALSE,41.90529604,-71.33573163
13376,7/1/2014,July,Tuesday,14:50,2,1,1,0,"Sideswipe, same direction",V1: Travelling straight ahead,V1: N,Dry,Daylight,Clear,0,0,89,67,FALSE,41.92886018,-71.3230987
13377,7/1/2014,July,Tuesday,19:47,1,1,0,0,Head-on,V1: Travelling straight ahead,V1: W,Dry,Daylight,Clear,0,0,89,67,FALSE,41.93524005,-71.27513601
13378,7/1/2014,July,Tuesday,21:31,1,2,0,0,"Sideswipe, same direction",V1: Travelling straight ahead / V2: Changing lanes,V1: S  / V2: S,Dry,Dark - lighted roadway,Clear,0,0,89,67,FALSE,41.90697288,-71.36488171
13379,7/1/2014,July,Tuesday,23:12,2,1,1,0,Single vehicle crash,V1: Travelling straight ahead,V1: W,Dry,Dark - lighted roadway,Clear,0,0,89,67,FALSE,41.93201014,-71.30108439
13380,7/3/2014,July,Thursday,14:52,1,2,0,0,Angle,V1: Travelling straight ahead / V2: Travelling straight ahead,V1: S  / V2: W,Dry,Daylight,Clear,0,0,89,73,FALSE,41.94019537,-71.27660007
13381,7/4/2014,July,Friday,15:15,2,3,1,0,Angle,V1: Travelling straight ahead / V2: Travelling straight ahead / V3: Travelling straight ahead,V1: S  / V2: S  / V3: S,Wet,Daylight,Rain,0,0,92,68,FALSE,41.92927403,-71.32377045
13382,7/4/2014,July,Friday,18:34,1,2,0,0,Rear-end,V1: Turning right / V2: Travelling straight ahead,V1: W  / V2: W,Wet,Daylight,Cloudy/Rain,0,0,92,68,FALSE,41.93379033,-71.30179601
13383,7/4/2014,July,Friday,20:21,1,1,0,0,Single vehicle crash,V1: Travelling straight ahead,V1: E,Wet,Dark - lighted roadway,Rain,0,0,92,68,FALSE,41.95413,-71.28389258
13384,7/5/2014,July,Saturday,3:50,1,1,0,0,Single vehicle crash,V1: Travelling straight ahead,V1: E,Wet,Dawn,Clear,2.3,0,74,57,FALSE,41.95428777,-71.3119492
13385,7/5/2014,July,Saturday,8:26,2,2,1,0,Angle,V1: Travelling straight ahead / V2: Travelling straight ahead,V1: E  / V2: N,Dry,Daylight,Clear,2.3,0,74,57,FALSE,41.93518136,-71.28488512
13386,7/5/2014,July,Saturday,11:25,1,2,0,0,Angle,V1: Entering traffic lane / V2: Travelling straight ahead,V1: E  / V2: S,Dry,Daylight,Clear,2.3,0,74,57,FALSE,41.91790012,-71.35941335
13387,7/5/2014,July,Saturday,11:44,1,2,0,0,Rear-end,V1: Travelling straight ahead / V2: Slowing or stopped in traffic,V1: S  / V2: S,Dry,Daylight,Clear,2.3,0,74,57,FALSE,41.91194929,-71.36233897
13388,7/5/2014,July,Saturday,14:03,1,2,0,0,Angle,V1: Slowing or stopped in traffic / V2: Travelling straight ahead,V1: S  / V2: N,Dry,Daylight,Clear,2.3,0,74,57,FALSE,41.93623387,-71.28481203
13389,7/6/2014,July,Sunday,9:30,2,2,1,0,Rear-end,V1: Travelling straight ahead / V2: Slowing or stopped in traffic,V1: N  / V2: N,Dry,Daylight,Clear,0,0,82,57,FALSE,41.93126899,-71.35288693
13390,7/7/2014,July,Monday,12:23,2,2,2,0,Angle,V1: Entering traffic lane / V2: Travelling straight ahead,V1: E  / V2: S,Dry,Daylight,Clear,0,0,87,64,FALSE,41.9156749,-71.35896018
13391,7/8/2014,July,Tuesday,13:02,2,1,1,0,Single vehicle crash,V1: Travelling straight ahead,V1: S,Dry,Daylight,Clear,0,0,85,69,FALSE,41.93601097,-71.28269451