ID,DATE,Month,Day of week,Crash Time,Crash Severity,Number of Vehicles,Total Nonfatal Injuries,Total Fatal Injuries,Manner of Collision,Vehicle Action Prior to Crash,Vehicle Travel Directions,Road Surface Condition,Ambient Light,Weather Condition,PRCP,SNOW,TMAX,TMIN,Ice,Longtitute,Latitute
13392,7/8/2014,July,Tuesday,15:31,1,2,0,0,Rear-end,V1: Travelling straight ahead / V2: Slowing or stopped in traffic,V1: S  / V2: S,Dry,Daylight,Clear,0,0,85,69,FALSE,41.93244203,-71.29506749
13393,7/9/2014,July,Wednesday,7:42,1,2,0,0,Angle,V1: Entering traffic lane / V2: Travelling straight ahead,V1: W  / V2: N,Dry,Daylight,Clear,0,0,93,71,FALSE,41.91596028,-71.22567714
13394,7/9/2014,July,Wednesday,15:18,1,2,0,0,Rear-end,V1: Travelling straight ahead / V2: Travelling straight ahead,V1: S  / V2: S,Dry,Daylight,Clear,0,0,93,71,FALSE,41.95281392,-71.26919821
13395,7/10/2014,July,Thursday,17:13,1,2,0,0,Angle,V1: Travelling straight ahead / V2: Turning left,V1: W  / V2: N,Dry,Daylight,Clear,0,0,88,69,FALSE,41.95428602,-71.28497548
13396,7/10/2014,July,Thursday,21:33,1,1,0,0,Single vehicle crash,V1: Slowing or stopped in traffic,V1: E,Dry,Dark - lighted roadway,Clear,0,0,88,69,FALSE,41.94450501,-71.28411703
13397,7/11/2014,July,Friday,1:35,1,1,0,0,Rear-end,V1: Backing,V1: S,Dry,Dark - lighted roadway,Clear,0,0,84,63,FALSE,41.89792113,-71.34597991
13398,7/12/2014,July,Saturday,4:39,1,1,0,0,Single vehicle crash,V1: Travelling straight ahead,V1: N,Dry,Dark - lighted roadway,Clear,0,0,83,58,FALSE,41.91949719,-71.24411652
13399,7/12/2014,July,Saturday,7:38,1,2,0,0,Rear-end,V1: Travelling straight ahead / V2: Slowing or stopped in traffic,V1: W  / V2: W,Dry,Daylight,Clear,0,0,83,58,FALSE,41.94286338,-71.27076088
13400,7/12/2014,July,Saturday,8:53,1,2,0,0,Angle,V1: Travelling straight ahead / V2: Turning left,V1: S  / V2: 0,Dry,Daylight,Clear,0,0,83,58,FALSE,41.91325585,-71.3590575
13401,7/12/2014,July,Saturday,9:23,1,2,0,0,Angle,V1: Turning left / V2: Travelling straight ahead,V1: S  / V2: N,Dry,Daylight,Clear,0,0,83,58,FALSE,41.92967926,-71.35358763
13402,7/12/2014,July,Saturday,17:55,1,3,0,0,Rear-to-rear,V1: Travelling straight ahead / V2: Slowing or stopped in traffic / V3: Slowing or stopped in traffic,V1: S  / V2: S  / V3: S,Dry,Daylight,Clear,0,0,83,58,FALSE,41.95287787,-71.26899686
13403,7/13/2014,July,Sunday,3:23,1,1,0,0,Single vehicle crash,V1: Travelling straight ahead,V1: N,Dry,Dark - lighted roadway,Clear,0,0,89,62,FALSE,41.91810938,-71.31862434
13404,7/14/2014,July,Monday,11:40,2,1,1,0,Single vehicle crash,V1: Travelling straight ahead,V1: N,Dry,Daylight,Clear,0,0,84,69,FALSE,41.93656489,-71.31699184
13405,7/15/2014,July,Tuesday,11:24,1,2,0,0,Angle,V1: Turning left / V2: Travelling straight ahead,V1: S  / V2: S,Dry,Daylight,Cloudy,0.11,0,86,71,FALSE,41.9340896,-71.29983557
13406,7/15/2014,July,Tuesday,17:10,2,1,1,0,Single vehicle crash,V1: Turning left,V1: S,Dry,Daylight,Cloudy,0.11,0,86,71,FALSE,41.9446632,-71.28341486
13407,7/16/2014,July,Wednesday,17:44,1,2,0,0,Rear-end,V1: Entering traffic lane / V2: Slowing or stopped in traffic,V1: N  / V2: N,Wet,Daylight,Rain,0.02,0,82,71,FALSE,41.90529604,-71.33573163
13408,7/16/2014,July,Wednesday,17:52,1,2,0,0,Angle,V1: Entering traffic lane / V2: Travelling straight ahead,V1: W  / V2: N,Dry,Daylight,Clear,0.02,0,82,71,FALSE,41.91981411,-71.35860614
13409,7/16/2014,July,Wednesday,18:11,2,2,1,0,Head-on,V1: Travelling straight ahead / V2: Travelling straight ahead,V1: S  / V2: N,Wet,Daylight,Rain,0.02,0,82,71,FALSE,41.90529604,-71.33573163
13410,7/16/2014,July,Wednesday,23:00,1,2,0,0,Rear-end,V1: Travelling straight ahead / V2: Changing lanes,V1: N  / V2: N,Dry,Dark - roadway not lighted,Clear,0.02,0,82,71,FALSE,41.95593405,-71.30346756
13411,7/17/2014,July,Thursday,12:00,1,1,0,0,Single vehicle crash,V1: Travelling straight ahead,V1: S,Dry,Daylight,Clear,0.58,0,75,65,FALSE,41.93023722,-71.28491217
13412,7/17/2014,July,Thursday,12:31,2,2,1,0,"Sideswipe, same direction",V1: Turning left / V2: Travelling straight ahead,V1: S  / V2: S,Dry,Daylight,Clear,0.58,0,75,65,FALSE,41.9170943,-71.35975551
13413,7/18/2014,July,Friday,11:01,1,2,0,0,Angle,V1: Travelling straight ahead / V2: Entering traffic lane,V1: E  / V2: E,Dry,Daylight,Clear,0,0,84,59,FALSE,41.94466366,-71.28341038
13414,7/19/2014,July,Saturday,0:55,2,1,1,0,Single vehicle crash,V1: Travelling straight ahead,V1: W,Dry,Dark - lighted roadway,Clear,0,0,84,60,FALSE,41.93992917,-71.26756021
13415,7/20/2014,July,Sunday,11:30,2,1,1,0,Single vehicle crash,V1: Travelling straight ahead,V1: S,Dry,Daylight,Clear,0,0,80,62,FALSE,41.96960952,-71.27403449
13416,7/21/2014,July,Monday,11:13,1,2,0,0,Angle,V1: Travelling straight ahead / V2: Travelling straight ahead,V1: E  / V2: S,Dry,Daylight,Clear,0.24,0,76,59,FALSE,41.92241545,-71.31336866
13417,7/21/2014,July,Monday,12:02,1,2,0,0,Angle,V1: Backing / V2: Travelling straight ahead,V1: E  / V2: S,Dry,Daylight,Clear,0.24,0,76,59,FALSE,41.95464784,-71.2922251
13418,7/21/2014,July,Monday,17:44,1,2,0,0,Angle,V1: Turning left / V2: Travelling straight ahead,V1: W  / V2: N,Dry,Daylight,Clear,0.24,0,76,59,FALSE,41.95484304,-71.28856385
13419,7/22/2014,July,Tuesday,11:02,1,2,0,0,Rear-end,V1: Travelling straight ahead / V2: Slowing or stopped in traffic,V1: W  / V2: W,Dry,Daylight,Clear,0,0,81,60,FALSE,41.94474439,-71.28165133
13420,7/23/2014,July,Wednesday,13:42,2,2,2,0,Angle,V1: Travelling straight ahead / V2: Travelling straight ahead,V1: W  / V2: S,Dry,Daylight,Clear,0,0,90,65,FALSE,41.94121777,-71.2768631
13421,7/23/2014,July,Wednesday,14:39,1,2,0,0,Angle,V1: Travelling straight ahead / V2: Travelling straight ahead,V1: E  / V2: S,Dry,Daylight,Clear,0,0,90,65,FALSE,41.95180679,-71.2898592
13422,7/23/2014,July,Wednesday,15:11,1,1,0,0,Single vehicle crash,V1: Travelling straight ahead,V1: U,Dry,Daylight,Clear,0,0,90,65,FALSE,41.93396483,-71.29999159
13423,7/23/2014,July,Wednesday,18:43,1,2,0,0,Rear-end,V1: Slowing or stopped in traffic / V2: Travelling straight ahead,V1: S  / V2: S,Dry,Daylight,Clear,0,0,90,65,FALSE,41.95180679,-71.2898592
13424,7/25/2014,July,Friday,17:08,1,2,0,0,Rear-end,V1: 0 / V2: 0,V1: E  / V2: E,Dry,Daylight,Clear,0,0,77,57,FALSE,41.95180679,-71.2898592
13425,7/25/2014,July,Friday,22:10,2,2,2,0,Head-on,V1: Travelling straight ahead / V2: Travelling straight ahead,V1: S  / V2: N,Dry,Daylight,Clear,0,0,77,57,FALSE,41.91130764,-71.35852373
13426,7/26/2014,July,Saturday,17:38,1,2,0,0,"Sideswipe, same direction",V1: Slowing or stopped in traffic / V2: Travelling straight ahead,V1: W  / V2: W,Dry,Daylight,Clear,0,0,84,57,FALSE,41.90081079,-71.36802017
13427,7/26/2014,July,Saturday,18:10,2,2,1,0,Rear-end,V1: Travelling straight ahead / V2: Slowing or stopped in traffic,V1: S  / V2: S,Dry,Daylight,Clear,0,0,84,57,FALSE,41.92927403,-71.32377045
13428,7/27/2014,July,Sunday,13:54,2,2,1,0,Angle,V1: Travelling straight ahead / V2: Travelling straight ahead,V1: S  / V2: W,Wet,Daylight,Clear,0,0,83,64,FALSE,41.94396167,-71.27662963
13429,7/27/2014,July,Sunday,14:01,1,2,0,0,Angle,V1: Turning left / V2: Turning left,V1: N  / V2: N,Wet,Daylight,Cloudy/Rain,0,0,83,64,FALSE,41.92967926,-71.35358763
13430,7/28/2014,July,Monday,14:03,1,2,0,0,Rear-end,V1: Travelling straight ahead / V2: Slowing or stopped in traffic,V1: S  / V2: S,Dry,Daylight,Clear,0.03,0,77,69,FALSE,41.93152244,-71.29127014
13431,7/28/2014,July,Monday,17:20,1,3,0,0,Rear-end,V1: Travelling straight ahead / V2: Slowing or stopped in traffic / V3: Slowing or stopped in traffic,V1: N  / V2: N  / V3: N,Dry,Daylight,Clear,0.03,0,77,69,FALSE,41.93608923,-71.296466
13432,7/29/2014,July,Tuesday,9:49,1,3,0,0,Rear-end,V1: Travelling straight ahead / V2: Slowing or stopped in traffic / V3: Slowing or stopped in traffic,V1: S  / V2: S  / V3: S,Dry,Daylight,Clear,0.02,0,83,62,FALSE,41.95078511,-71.27391628
13433,7/29/2014,July,Tuesday,15:14,1,1,0,0,Single vehicle crash,V1: Travelling straight ahead,V1: N,Dry,Daylight,Clear,0.02,0,83,62,FALSE,41.92886018,-71.3230987
13434,7/29/2014,July,Tuesday,17:53,2,2,2,0,Angle,V1: Entering traffic lane / V2: Travelling straight ahead,V1: E  / V2: S,Dry,Daylight,Clear,0.02,0,83,62,FALSE,41.92387717,-71.35158914
13435,7/29/2014,July,Tuesday,18:25,1,2,0,0,Angle,V1: 0 / V2: Travelling straight ahead,V1: S  / V2: W,Dry,Daylight,Clear,0.02,0,83,62,FALSE,41.94774809,-71.28390704
13436,7/30/2014,July,Wednesday,16:14,1,2,0,0,Angle,V1: Turning left / V2: Travelling straight ahead,V1: W  / V2: E,Dry,Daylight,Cloudy,0,0,83,57,FALSE,41.94832533,-71.27795772
13437,7/30/2014,July,Wednesday,16:39,1,1,0,0,Single vehicle crash,V1: Travelling straight ahead,V1: N,Dry,Daylight,Clear,0,0,83,57,FALSE,41.93118399,-71.26031362
13438,8/1/2014,August,Friday,2:36,1,1,0,0,Single vehicle crash,V1: Travelling straight ahead,V1: W,Dry,Dark - lighted roadway,Clear,0,0,83,60,FALSE,41.94077359,-71.30702008
13439,8/1/2014,August,Friday,8:16,1,2,0,0,"Sideswipe, opposite direction",V1: Travelling straight ahead / V2: Travelling straight ahead,V1: E  / V2: W,Dry,Daylight,Clear,0,0,83,60,FALSE,41.95412511,-71.26145837
13440,8/1/2014,August,Friday,10:44,2,1,1,0,"Sideswipe, opposite direction",V1: Turning right,V1: N,Dry,Daylight,Clear,0,0,83,60,FALSE,41.9472108,-71.28786501
13441,8/2/2014,August,Saturday,15:25,1,2,0,0,Rear-end,V1: Travelling straight ahead / V2: Slowing or stopped in traffic,V1: E  / V2: E,Wet,Daylight,Cloudy,0.02,0,86,64,FALSE,41.93239993,-71.29481178
13442,8/3/2014,August,Sunday,2:40,1,1,0,0,Single vehicle crash,V1: Travelling straight ahead,V1: N,Dry,Dark - lighted roadway,Cloudy,0.17,0,70,61,FALSE,41.90200485,-71.32049696
13443,8/3/2014,August,Sunday,15:48,1,2,0,0,"Sideswipe, same direction",V1: Travelling straight ahead / V2: Changing lanes,V1: N  / V2: N,Dry,Daylight,Cloudy,0.17,0,70,61,FALSE,41.90998013,-71.35802082
13444,8/4/2014,August,Monday,11:07,1,2,0,0,Angle,V1: Overtaking/passing / V2: Turning right,V1: N  / V2: N,Dry,Daylight,Clear,0,0,73,62,FALSE,41.92175383,-71.29485769
13445,8/5/2014,August,Tuesday,14:54,2,2,2,0,Angle,V1: Entering traffic lane / V2: Travelling straight ahead,V1: E  / V2: S,Dry,Daylight,Clear,0,0,87,65,FALSE,41.90877956,-71.35765064
13446,8/5/2014,August,Tuesday,18:12,2,2,1,0,Rear-end,V1: Slowing or stopped in traffic / V2: Travelling straight ahead,V1: S  / V2: S,Dry,Daylight,Clear,0,0,87,65,FALSE,41.8990797,-71.35507779
13447,8/6/2014,August,Wednesday,5:54,1,2,0,0,Angle,V1: Travelling straight ahead / V2: Travelling straight ahead,V1: N  / V2: W,Dry,Daylight,Cloudy,0,0,91,66,FALSE,41.9370756,-71.28238678
13448,8/6/2014,August,Wednesday,7:38,1,2,0,0,Rear-end,V1: Travelling straight ahead / V2: Changing lanes,V1: N  / V2: N,Dry,Daylight,Clear,0,0,91,66,FALSE,41.96941345,-71.29547608
13449,8/7/2014,August,Thursday,9:35,1,2,0,0,"Sideswipe, same direction",V1: Entering traffic lane / V2: Travelling straight ahead,V1: S  / V2: E,Dry,Daylight,Clear,0.15,0,83,56,FALSE,41.89749762,-71.37501774
13450,8/7/2014,August,Thursday,11:04,1,2,0,0,Angle,V1: Travelling straight ahead / V2: Travelling straight ahead,V1: S  / V2: W,Dry,Daylight,Clear,0.15,0,83,56,FALSE,41.94444966,-71.2795884
13451,8/7/2014,August,Thursday,14:07,2,1,1,0,Single vehicle crash,V1: Travelling straight ahead,V1: E,Dry,Daylight,Clear,0.15,0,83,56,FALSE,41.94376754,-71.310308
13452,8/7/2014,August,Thursday,17:25,1,1,0,0,Single vehicle crash,V1: Travelling straight ahead,V1: U,Dry,Daylight,Clear,0.15,0,83,56,FALSE,41.94257686,-71.27448379
13453,8/8/2014,August,Friday,15:49,1,2,0,0,Angle,V1: Entering traffic lane / V2: Travelling straight ahead,V1: S  / V2: W,Dry,Daylight,Clear,0.01,0,82,55,FALSE,41.94757814,-71.27890389
13454,8/8/2014,August,Friday,23:18,2,2,1,0,Rear-end,V1: Travelling straight ahead / V2: Travelling straight ahead,V1: N  / V2: N,Dry,Dark - lighted roadway,Clear,0.01,0,82,55,FALSE,41.91819588,-71.30019517
13455,8/10/2014,August,Sunday,6:05,1,1,0,0,Single vehicle crash,V1: Travelling straight ahead,V1: N,Dry,Daylight,Clear,0,0,85,59,FALSE,41.95517448,-71.30242841
13456,8/10/2014,August,Sunday,12:47,1,2,0,0,Rear-end,V1: Travelling straight ahead / V2: Slowing or stopped in traffic,V1: N  / V2: N,Dry,Daylight,Clear,0,0,85,59,FALSE,41.94344652,-71.28559566
13457,8/11/2014,August,Monday,10:22,1,2,0,0,Angle,V1: Parked / V2: Backing,V1: E  / V2: S,Dry,Daylight,Clear,0,0,87,61,FALSE,41.9380084,-71.29319722
13458,8/11/2014,August,Monday,11:58,1,2,0,0,Rear-end,V1: Travelling straight ahead / V2: Travelling straight ahead,V1: E  / V2: E,Dry,Daylight,Clear,0,0,87,61,FALSE,41.92626385,-71.34598617
13459,8/13/2014,August,Wednesday,11:08,1,1,0,0,Single vehicle crash,V1: Travelling straight ahead,V1: S,Wet,Daylight,Cloudy/Rain,0.19,0,83,62,FALSE,41.89861001,-71.36943215
13460,8/13/2014,August,Wednesday,11:09,2,1,1,0,Single vehicle crash,V1: Travelling straight ahead,V1: N,Wet,Daylight,Cloudy/Rain,0.19,0,83,62,FALSE,41.8945827,-71.3757275
13461,8/14/2014,August,Thursday,20:18,1,1,0,0,Single vehicle crash,V1: Travelling straight ahead,V1: 0,Dry,Dusk,Clear,0.65,0,71,60,FALSE,41.93947348,-71.25098572
13462,8/14/2014,August,Thursday,20:18,1,1,0,0,Single vehicle crash,V1: Travelling straight ahead,V1: S,Dry,Dark - roadway not lighted,Clear,0.65,0,71,60,FALSE,41.91914619,-71.3167912
13463,8/14/2014,August,Thursday,21:45,2,1,1,0,Single vehicle crash,V1: Travelling straight ahead,V1: E,Dry,Dark - lighted roadway,Clear,0.65,0,71,60,FALSE,41.95087205,-71.30658201
13464,8/15/2014,August,Friday,10:28,1,1,0,0,Single vehicle crash,V1: Changing lanes,V1: S,Dry,Daylight,Clear,0,0,78,55,FALSE,41.91937921,-71.35756133
13465,8/16/2014,August,Saturday,15:59,1,2,0,0,Rear-end,V1: Slowing or stopped in traffic / V2: Slowing or stopped in traffic,V1: E  / V2: E,Dry,Daylight,Clear,0,0,76,54,FALSE,41.92626385,-71.34598617
13466,8/17/2014,August,Sunday,10:43,1,2,0,0,Rear-end,V1: Slowing or stopped in traffic / V2: Turning left,V1: N  / V2: W,Dry,Daylight,Cloudy,0,0,80,57,FALSE,41.90998013,-71.35802082
13467,8/17/2014,August,Sunday,13:03,1,2,0,0,Rear-end,V1: Travelling straight ahead / V2: Travelling straight ahead,V1: E  / V2: E,Dry,Daylight,Clear,0,0,80,57,FALSE,41.9010021,-71.36011522
13468,8/18/2014,August,Monday,15:46,2,2,2,0,Angle,V1: Turning left / V2: Travelling straight ahead,V1: N  / V2: S,Dry,Daylight,Clear,0,0,80,55,FALSE,41.91619723,-71.35885587
13469,8/19/2014,August,Tuesday,17:44,2,4,1,0,Rear-end,V1: Slowing or stopped in traffic / V2: Slowing or stopped in traffic / V3: Slowing or stopped in traffic / V4: Travelling straight ahead,V1: E  / V2: E  / V3: E  / V4: E,Dry,Daylight,Clear,0,0,81,50,FALSE,41.93359015,-71.30040441
13470,8/20/2014,August,Wednesday,11:07,1,2,0,0,Rear-end,V1: Travelling straight ahead / V2: Parked,V1: E  / V2: E,Dry,Daylight,Clear,0,0,82,51,FALSE,41.93739289,-71.3219893
13471,8/20/2014,August,Wednesday,12:21,2,2,1,0,Rear-end,V1: Travelling straight ahead / V2: Slowing or stopped in traffic,V1: E  / V2: E,Dry,Daylight,Clear,0,0,82,51,FALSE,41.94666472,-71.28742757
13472,8/20/2014,August,Wednesday,13:47,1,1,0,0,Single vehicle crash,V1: Travelling straight ahead,V1: N,Dry,Daylight,Clear,0,0,82,51,FALSE,41.92461465,-71.25962095
13473,8/20/2014,August,Wednesday,16:40,1,2,0,0,Angle,V1: Turning left / V2: Travelling straight ahead,V1: S  / V2: N,Dry,Daylight,Clear,0,0,82,51,FALSE,41.89863276,-71.35506105
13474,8/20/2014,August,Wednesday,17:16,1,2,0,0,Angle,V1: Turning left / V2: Travelling straight ahead,V1: W  / V2: 0,Dry,Daylight,Clear,0,0,82,51,FALSE,41.94789127,-71.27852431
13475,8/21/2014,August,Thursday,14:32,1,2,0,0,Single vehicle crash,V1: Travelling straight ahead / V2: Turning left,V1: N  / V2: N,Dry,Daylight,Clear,0,0,82,55,FALSE,41.95814204,-71.28762358
13476,8/21/2014,August,Thursday,17:00,0,1,0,0,0,V1: Parked,V1: Reported but invalid,Dry,Daylight,Clear,0,0,82,55,FALSE,41.91026562,-71.36319441
13477,8/21/2014,August,Thursday,20:45,1,2,0,0,Rear-end,V1: Slowing or stopped in traffic / V2: Slowing or stopped in traffic,V1: W  / V2: W,Dry,Dark - lighted roadway,Cloudy,0,0,82,55,FALSE,41.91061909,-71.36301435
13478,8/23/2014,August,Saturday,16:13,2,2,2,0,Rear-end,V1: Travelling straight ahead / V2: Slowing or stopped in traffic,V1: S  / V2: S,Dry,Daylight,Clear,0,0,74,60,FALSE,41.95263042,-71.2895305
13479,8/24/2014,August,Sunday,1:45,1,2,0,0,Rear-end,V1: Travelling straight ahead / V2: Travelling straight ahead,V1: S  / V2: S,Dry,Dark - roadway not lighted,Clear,0,0,75,54,FALSE,41.92927403,-71.32377045
13480,8/24/2014,August,Sunday,15:02,2,3,1,0,Rear-end,V1: Travelling straight ahead / V2: Slowing or stopped in traffic / V3: Slowing or stopped in traffic,V1: E  / V2: E  / V3: E,Dry,Daylight,Clear,0,0,75,54,FALSE,41.93406554,-71.30574057
13481,8/25/2014,August,Monday,11:42,1,1,0,0,Single vehicle crash,V1: Backing,V1: S,Dry,Daylight,Clear,0,0,81,57,FALSE,41.95234013,-71.29601132
13482,8/25/2014,August,Monday,13:45,1,2,0,0,Rear-end,V1: Travelling straight ahead / V2: Slowing or stopped in traffic,V1: N  / V2: N,Dry,Daylight,Clear,0,0,81,57,FALSE,41.93095021,-71.35302857
13483,8/25/2014,August,Monday,16:07,1,3,0,0,Rear-end,V1: Travelling straight ahead / V2: Slowing or stopped in traffic / V3: Slowing or stopped in traffic,V1: E  / V2: E  / V3: E,Dry,Daylight,Clear,0,0,81,57,FALSE,41.96940295,-71.29340298
13484,8/25/2014,August,Monday,18:03,2,2,1,0,0,V1: Slowing or stopped in traffic / V2: Travelling straight ahead,V1: S  / V2: S,Dry,Daylight,Clear,0,0,81,57,FALSE,41.8997171,-71.35536131
13485,8/26/2014,August,Tuesday,8:24,2,2,1,0,Rear-end,V1: Slowing or stopped in traffic / V2: Slowing or stopped in traffic,V1: N  / V2: N,Dry,Daylight,Clear,0,0,91,60,FALSE,41.97015292,-71.29135147
13486,8/26/2014,August,Tuesday,8:37,1,3,0,0,Rear-end,V1: Travelling straight ahead / V2: Slowing or stopped in traffic / V3: Slowing or stopped in traffic,V1: N  / V2: N  / V3: N,Dry,Daylight,Clear,0,0,91,60,FALSE,41.97015292,-71.29135147
13487,8/27/2014,August,Wednesday,19:22,1,1,0,0,Single vehicle crash,V1: Travelling straight ahead,V1: S,Dry,Daylight,Clear,0,0,90,61,FALSE,41.9148212,-71.25770714
13488,8/28/2014,August,Thursday,7:46,1,2,0,0,Head-on,V1: Other / V2: Parked,V1: N  / V2: 0,Dry,Daylight,Clear,0,0,90,63,FALSE,41.94383048,-71.28416814
13489,8/28/2014,August,Thursday,15:47,2,2,1,0,Angle,V1: Turning left / V2: Travelling straight ahead,V1: N  / V2: S,Dry,Daylight,Clear,0,0,90,63,FALSE,41.90998013,-71.35802082
13490,8/28/2014,August,Thursday,17:58,2,3,3,0,Angle,V1: Changing lanes / V2: Slowing or stopped in traffic / V3: Slowing or stopped in traffic,V1: N  / V2: S  / V3: S,Dry,Daylight,Clear,0,0,90,63,FALSE,41.92927403,-71.32377045
13491,8/28/2014,August,Thursday,18:30,1,2,0,0,Rear-end,V1: Changing lanes / V2: Travelling straight ahead,V1: S  / V2: S,Dry,Daylight,Clear,0,0,90,63,FALSE,34.24438675,-73.6513909
13492,8/29/2014,August,Friday,9:44,1,1,0,0,Single vehicle crash,V1: Travelling straight ahead,V1: E,Dry,Daylight,Clear,0,0,85,53,FALSE,41.94431166,-71.28140274
13493,8/29/2014,August,Friday,14:47,2,1,1,0,Single vehicle crash,V1: Travelling straight ahead,V1: E,Dry,Daylight,Clear,0,0,85,53,FALSE,41.93747618,-71.25327991
13494,8/29/2014,August,Friday,17:34,2,2,3,0,Angle,V1: Turning left / V2: Travelling straight ahead,V1: N  / V2: S,Dry,Daylight,Clear,0,0,85,53,FALSE,41.91035947,-71.36314658
13495,8/30/2014,August,Saturday,8:20,1,1,0,0,Single vehicle crash,V1: Travelling straight ahead,V1: E,Dry,Daylight,Clear,0,0,76,49,FALSE,41.93325584,-71.32533529
13496,8/30/2014,August,Saturday,10:46,0,1,0,0,Single vehicle crash,V1: Backing,V1: S,Dry,Daylight,Clear,0,0,76,49,FALSE,41.944732,-71.27753643
13497,8/30/2014,August,Saturday,12:02,1,2,0,0,Rear-end,V1: Travelling straight ahead / V2: Slowing or stopped in traffic,V1: S  / V2: S,Dry,Daylight,Clear,0,0,76,49,FALSE,41.90081079,-71.36802017
13498,8/30/2014,August,Saturday,22:35,3,2,2,1,Angle,V1: Changing lanes / V2: 0,V1: 0 / V2: 0,Dry,Dark - lighted roadway,Clear,0,0,76,49,FALSE,41.90086769,-71.36799095
13499,8/31/2014,August,Sunday,17:11,1,2,0,0,"Sideswipe, same direction",V1: Travelling straight ahead / V2: Changing lanes,V1: N  / V2: N,Dry,Daylight,Cloudy,0,0,77,50,FALSE,41.90724476,-71.36473888
13500,8/31/2014,August,Sunday,19:46,1,2,0,0,Rear-end,V1: Travelling straight ahead / V2: Turning left,V1: N  / V2: N,Wet,Dark - lighted roadway,Rain,0,0,77,50,FALSE,41.94872235,-71.28913727
13501,8/31/2014,August,Sunday,19:59,2,1,1,0,Single vehicle crash,V1: Travelling straight ahead,V1: S,Wet,Dark - lighted roadway,Cloudy/Rain,0,0,77,50,FALSE,41.92906748,-71.2246876
13502,8/31/2014,August,Sunday,20:07,1,2,0,0,Angle,V1: Travelling straight ahead / V2: Travelling straight ahead,V1: W  / V2: N,Wet,Dark - lighted roadway,Rain,0,0,77,50,FALSE,41.94121777,-71.2768631
13503,9/2/2014,September,Tuesday,8:15,2,2,1,0,Angle,V1: Entering traffic lane / V2: Travelling straight ahead,V1: E  / V2: S,Dry,Daylight,Clear,0,0,89,70,FALSE,41.94121777,-71.2768631
13504,9/3/2014,September,Wednesday,14:25,1,2,0,0,Rear-end,V1: Travelling straight ahead / V2: Slowing or stopped in traffic,V1: S  / V2: S,Dry,Daylight,Clear,0,0,92,71,FALSE,41.91264023,-71.3589754
13505,9/3/2014,September,Wednesday,17:58,1,2,0,0,0,V1: Turning left / V2: Travelling straight ahead,V1: N  / V2: S,Dry,Daylight,Clear,0,0,92,71,FALSE,41.94861042,-71.27758702
13506,9/4/2014,September,Thursday,10:26,1,2,0,0,"Sideswipe, same direction",V1: Turning left / V2: Turning left,V1: N  / V2: N,Dry,Daylight,Clear,0,0,86,56,FALSE,41.9250735,-71.35622629
13507,9/4/2014,September,Thursday,13:47,2,1,1,0,Single vehicle crash,V1: Backing,V1: N,Dry,Daylight,Clear,0,0,86,56,FALSE,41.95250372,-71.27005525
13508,9/5/2014,September,Friday,10:53,1,2,0,0,Angle,V1: Entering traffic lane / V2: Travelling straight ahead,V1: E  / V2: N,Dry,Daylight,Clear,0,0,89,57,FALSE,41.93306281,-71.28502226
13509,9/5/2014,September,Friday,14:07,2,2,1,0,"Sideswipe, same direction",V1: Travelling straight ahead / V2: Turning left,V1: S  / V2: W,Dry,Daylight,Clear,0,0,89,57,FALSE,41.93777592,-71.31514561
13510,9/5/2014,September,Friday,16:30,1,2,0,0,Rear-end,V1: Slowing or stopped in traffic / V2: Travelling straight ahead,V1: S  / V2: S,Dry,Daylight,Clear,0,0,89,57,FALSE,41.96019116,-71.30118086
13511,9/5/2014,September,Friday,22:44,2,2,1,0,Angle,V1: Travelling straight ahead / V2: Travelling straight ahead,V1: 0 / V2: S,Dry,Dark - lighted roadway,Clear,0,0,89,57,FALSE,41.91981411,-71.35860614
13512,9/6/2014,September,Saturday,11:33,1,2,0,0,"Sideswipe, same direction",V1: Travelling straight ahead / V2: Parked,V1: N  / V2: Reported but invalid,Dry,Daylight,Cloudy,0,0,89,67,FALSE,41.93528504,-71.29579463
13513,9/6/2014,September,Saturday,14:57,1,2,0,0,Angle,V1: Parked / V2: Backing,V1: E  / V2: N,Dry,Daylight,Cloudy,0,0,89,67,FALSE,41.95261675,-71.2893656
13514,9/6/2014,September,Saturday,22:44,2,1,1,0,Single vehicle crash,V1: Travelling straight ahead,V1: 0,Dry,Dark - lighted roadway,Cloudy,0,0,89,67,FALSE,41.9477186,-71.30312422
13515,9/7/2014,September,Sunday,1:30,1,1,0,0,Single vehicle crash,V1: Travelling straight ahead,V1: S,Wet,Dark - roadway not lighted,Rain,0.23,0,90,63,FALSE,41.92927403,-71.32377045
13516,9/7/2014,September,Sunday,15:01,2,2,1,0,Rear-end,V1: Travelling straight ahead / V2: Slowing or stopped in traffic,V1: N  / V2: N,0,Daylight,Clear,0.23,0,90,63,FALSE,41.93472062,-71.29905054
13517,9/7/2014,September,Sunday,18:03,2,2,1,0,Single vehicle crash,V1: Travelling straight ahead / V2: Turning left,V1: S  / V2: N,Dry,Daylight,Clear,0.23,0,90,63,FALSE,41.9492444,-71.2841621
13518,9/7/2014,September,Sunday,22:04,1,2,0,0,Rear-end,V1: Travelling straight ahead / V2: Slowing or stopped in traffic,V1: S  / V2: S,Dry,Dark - roadway not lighted,Clear,0.23,0,90,63,FALSE,41.90261276,-71.35590972