ID,DATE,Month,Day of week,Crash Time,Crash Severity,Number of Vehicles,Total Nonfatal Injuries,Total Fatal Injuries,Manner of Collision,Vehicle Action Prior to Crash,Vehicle Travel Directions,Road Surface Condition,Ambient Light,Weather Condition,PRCP,SNOW,TMAX,TMIN,Ice,Longtitute,Latitute
13519,9/8/2014,September,Monday,16:09,1,2,0,0,Rear-end,V1: Backing / V2: Travelling straight ahead,V1: W  / V2: W,Dry,Daylight,Clear,0,0,81,53,FALSE,41.90964751,-71.36351027
13520,9/9/2014,September,Tuesday,21:06,2,2,1,0,Rear-end,V1: Slowing or stopped in traffic / V2: Travelling straight ahead,V1: S  / V2: S,Dry,Dark - lighted roadway,Clear,0,0,75,55,FALSE,41.90261276,-71.35590972
13521,9/9/2014,September,Tuesday,23:47,1,2,0,0,"Sideswipe, same direction",V1: Changing lanes / V2: Travelling straight ahead,V1: S  / V2: S,Dry,Dark - roadway not lighted,Clear,0,0,75,55,FALSE,41.97396396,-71.29523823
13522,9/11/2014,September,Thursday,7:03,1,2,0,0,Rear-end,V1: Travelling straight ahead / V2: Slowing or stopped in traffic,V1: E  / V2: E,Dry,Daylight,Clear,0,0,74,61,FALSE,41.9339773,-71.31912419
13523,9/11/2014,September,Thursday,13:36,2,2,1,0,Rear-end,V1: Slowing or stopped in traffic / V2: Slowing or stopped in traffic,V1: S  / V2: S,Dry,Daylight,Cloudy,0,0,74,61,FALSE,41.9251155,-71.35620822
13524,9/11/2014,September,Thursday,15:45,1,2,0,0,Angle,V1: Parked / V2: Backing,V1: Reported but invalid / V2: N,Dry,Daylight,Clear,0,0,74,61,FALSE,41.89541252,-71.37076533
13525,9/12/2014,September,Friday,5:52,2,2,1,0,Angle,V1: Travelling straight ahead / V2: Travelling straight ahead,V1: S  / V2: 0,Dry,Dawn,Cloudy,0,0,80,57,FALSE,41.89867838,-71.34654981
13526,9/12/2014,September,Friday,8:01,1,2,0,0,Angle,V1: Turning left / V2: Turning left,V1: E  / V2: W,Dry,Daylight,Clear,0,0,80,57,FALSE,41.95265513,-71.26966302
13527,9/12/2014,September,Friday,8:45,1,2,0,0,Rear-end,V1: Slowing or stopped in traffic / V2: Slowing or stopped in traffic,V1: N  / V2: N,Dry,Daylight,Clear,0,0,80,57,FALSE,41.90529604,-71.33573163
13528,9/12/2014,September,Friday,13:01,1,2,0,0,Single vehicle crash,V1: Turning left / V2: Travelling straight ahead,V1: S  / V2: W,Dry,Daylight,Clear,0,0,80,57,FALSE,41.94757814,-71.27890389
13529,9/12/2014,September,Friday,14:40,1,2,0,0,Angle,V1: Travelling straight ahead / V2: Changing lanes,V1: W  / V2: W,Dry,Daylight,Clear,0,0,80,57,FALSE,41.94471748,-71.28289151
13530,9/12/2014,September,Friday,16:16,1,3,0,0,Rear-end,V1: Travelling straight ahead / V2: Slowing or stopped in traffic / V3: Slowing or stopped in traffic,V1: E  / V2: E  / V3: E,Dry,Daylight,Clear,0,0,80,57,FALSE,41.94450501,-71.28411703
13531,9/12/2014,September,Friday,17:54,2,4,1,0,Rear-end,V1: Travelling straight ahead / V2: Slowing or stopped in traffic / V3: Slowing or stopped in traffic / V4: Slowing or stopped in traffic,V1: E  / V2: E  / V3: E  / V4: E,Dry,Daylight,Clear,0,0,80,57,FALSE,41.94066438,-71.28948653
13532,9/13/2014,September,Saturday,10:30,1,2,0,0,Angle,V1: Travelling straight ahead / V2: Travelling straight ahead,V1: W  / V2: N,Dry,Daylight,Cloudy,0,0,76,48,FALSE,41.94121777,-71.2768631
13533,9/13/2014,September,Saturday,16:58,1,2,0,0,Angle,V1: Turning left / V2: Travelling straight ahead,V1: S  / V2: N,Dry,Daylight,Cloudy,0,0,76,48,FALSE,41.91653724,-71.36001753
13534,9/14/2014,September,Sunday,17:06,1,1,0,0,Single vehicle crash,V1: Travelling straight ahead,V1: S,Dry,Daylight,Clear,0.17,0,70,50,FALSE,41.92918253,-71.24465402
13535,9/15/2014,September,Monday,6:46,1,1,0,0,Single vehicle crash,V1: Travelling straight ahead,V1: N,Dry,Daylight,Clear,0,0,71,43,FALSE,41.95593405,-71.30346756
13536,9/15/2014,September,Monday,14:07,1,2,0,0,Rear-end,V1: Turning left / V2: Slowing or stopped in traffic,V1: E  / V2: N,Dry,Daylight,Clear,0,0,71,43,FALSE,41.94021848,-71.30088452
13537,9/15/2014,September,Monday,15:28,2,1,1,0,Single vehicle crash,V1: Travelling straight ahead,V1: S,Dry,Daylight,Clear,0,0,71,43,FALSE,41.91329854,-71.30797099
13538,9/16/2014,September,Tuesday,13:56,1,2,0,0,Angle,V1: Parked / V2: Turning right,V1: U  / V2: W,Dry,Daylight,Clear,0,0,71,44,FALSE,41.94021848,-71.30088452
13539,9/17/2014,September,Wednesday,11:25,1,2,0,0,Angle,V1: Making U-turn / V2: Travelling straight ahead,V1: S  / V2: S,Dry,Daylight,Clear,0,0,74,45,FALSE,41.92007447,-71.35755342
13540,9/17/2014,September,Wednesday,15:48,1,2,0,0,Angle,V1: Travelling straight ahead / V2: Turning left,V1: S  / V2: E,Dry,Daylight,Clear,0,0,74,45,FALSE,41.95180679,-71.2898592
13541,9/17/2014,September,Wednesday,17:21,1,1,0,0,Single vehicle crash,V1: Backing,V1: N,Dry,Daylight,Clear,0,0,74,45,FALSE,41.91085001,-71.36289712
13542,9/18/2014,September,Thursday,6:18,1,1,0,0,Angle,V1: Travelling straight ahead,V1: E,Dry,Daylight,Clear,0,0,76,43,FALSE,34.24438675,-73.6513909
13543,9/18/2014,September,Thursday,6:31,1,1,0,0,Single vehicle crash,V1: Travelling straight ahead,V1: S,Dry,Daylight,Clear,0,0,76,43,FALSE,41.91983435,-71.2282789
13544,9/18/2014,September,Thursday,8:00,0,1,0,0,Single vehicle crash,V1: Parked,V1: N,Dry,Daylight,Clear,0,0,76,43,FALSE,41.92249387,-71.29268196
13545,9/18/2014,September,Thursday,10:39,1,2,0,0,Angle,V1: Travelling straight ahead / V2: Turning left,V1: S  / V2: W,Dry,Daylight,Clear,0,0,76,43,FALSE,41.93874704,-71.29215576
13546,9/18/2014,September,Thursday,12:36,2,3,1,0,Rear-end,V1: Changing lanes / V2: Slowing or stopped in traffic / V3: Slowing or stopped in traffic,V1: N  / V2: N  / V3: N,Dry,Daylight,Clear,0,0,76,43,FALSE,41.92762143,-71.35470547
13547,9/18/2014,September,Thursday,14:45,1,1,0,0,Head-on,V1: Travelling straight ahead,V1: W,Dry,Daylight,Clear,0,0,76,43,FALSE,41.94604197,-71.28656899
13548,9/18/2014,September,Thursday,15:44,1,2,0,0,Rear-end,V1: Travelling straight ahead / V2: Travelling straight ahead,V1: E  / V2: E,Dry,Daylight,Clear,0,0,76,43,FALSE,41.91246261,-71.27433648
13549,9/18/2014,September,Thursday,16:20,2,1,1,0,Single vehicle crash,V1: Travelling straight ahead,V1: E,Dry,Daylight,Clear,0,0,76,43,FALSE,41.91257356,-71.270719
13550,9/20/2014,September,Saturday,15:57,1,1,0,0,Single vehicle crash,V1: Travelling straight ahead,V1: E,Dry,Daylight,Clear,0,0,60,35,FALSE,41.93569218,-71.28018883
13551,9/21/2014,September,Sunday,3:06,1,1,0,0,Single vehicle crash,V1: Travelling straight ahead,V1: W,Dry,Dark - lighted roadway,Clear,0,0,73,36,FALSE,41.93409799,-71.31895722
13552,9/22/2014,September,Monday,12:56,1,2,0,0,Angle,V1: Backing / V2: Parked,V1: N  / V2: S,Dry,Daylight,Clear,0.09,0,79,61,FALSE,41.9407489,-71.28130957
13553,9/22/2014,September,Monday,14:17,1,2,0,0,Rear-end,V1: Travelling straight ahead / V2: Turning right,V1: W  / V2: W,Dry,Daylight,Clear,0.09,0,79,61,FALSE,41.93406554,-71.30574057
13554,9/23/2014,September,Tuesday,10:24,1,1,0,0,Single vehicle crash,V1: Travelling straight ahead,V1: S,Dry,Daylight,Clear,0,0,74,40,FALSE,41.95001869,-71.29007929
13555,9/24/2014,September,Wednesday,9:44,1,2,0,0,Angle,V1: Travelling straight ahead / V2: Travelling straight ahead,V1: N  / V2: E,Dry,Daylight,Clear,0,0,73,44,FALSE,41.93663339,-71.2786231
13556,9/24/2014,September,Wednesday,15:50,1,2,0,0,Angle,V1: Travelling straight ahead / V2: Turning left,V1: E  / V2: W,Dry,Daylight,Cloudy,0,0,73,44,FALSE,41.93386542,-71.30225536
13557,9/24/2014,September,Wednesday,18:21,1,2,0,0,Angle,V1: Travelling straight ahead / V2: Turning left,V1: E  / V2: S,Dry,Dusk,Clear,0,0,73,44,FALSE,41.92387717,-71.35158914
13558,9/25/2014,September,Thursday,9:09,1,2,0,0,Rear-end,V1: Travelling straight ahead / V2: Travelling straight ahead,V1: W  / V2: W,Dry,Daylight,Clear,0,0,70,44,FALSE,41.93441875,-71.30730117
13559,9/25/2014,September,Thursday,10:52,2,2,1,0,Angle,V1: Travelling straight ahead / V2: Turning right,V1: W  / V2: W,Dry,Daylight,Cloudy,0,0,70,44,FALSE,41.9339932,-71.31259774
13560,9/25/2014,September,Thursday,13:24,1,2,0,0,Angle,V1: Turning left / V2: Turning left,V1: W  / V2: W,Dry,Daylight,Cloudy,0,0,70,44,FALSE,41.97015292,-71.29135147
13561,9/25/2014,September,Thursday,13:58,1,2,0,0,Rear-end,V1: Turning right / V2: Turning right,V1: N  / V2: N,Dry,Daylight,Clear,0,0,70,44,FALSE,41.93359015,-71.30040441
13562,9/26/2014,September,Friday,14:36,1,2,0,0,Rear-end,V1: Travelling straight ahead / V2: Slowing or stopped in traffic,V1: E  / V2: E,Dry,Daylight,Clear,0.01,0,62,51,FALSE,41.95414045,-71.26296554
13563,9/27/2014,September,Saturday,12:08,1,2,0,0,Rear-end,V1: Travelling straight ahead / V2: Slowing or stopped in traffic,V1: W  / V2: W,Dry,Daylight,Clear,0,0,76,50,FALSE,41.93269195,-71.32821357
13564,9/28/2014,September,Sunday,19:40,1,2,0,0,Angle,V1: Turning left / V2: Travelling straight ahead,V1: E  / V2: E,Dry,Dark - lighted roadway,Clear,0,0,87,51,FALSE,41.92161419,-71.35782411
13565,9/30/2014,September,Tuesday,14:04,2,2,1,0,Single vehicle crash,V1: Overtaking/passing / V2: 0,V1: 0 / V2: 0,Wet,Daylight,Cloudy,0,0,76,56,FALSE,41.90081079,-71.36802017
13566,9/30/2014,September,Tuesday,14:21,1,1,0,0,Single vehicle crash,V1: Travelling straight ahead,V1: S,Wet,Daylight,Rain,0,0,76,56,FALSE,41.93524005,-71.27513601
13567,9/30/2014,September,Tuesday,18:06,2,2,1,0,Angle,V1: Travelling straight ahead / V2: Travelling straight ahead,V1: N  / V2: E,Wet,Dark - lighted roadway,Rain,0,0,76,56,FALSE,41.92675288,-71.34334435
13568,10/1/2014,October,Wednesday,7:31,1,2,0,0,Angle,V1: Turning left / V2: Travelling straight ahead,V1: E  / V2: N,Dry,Daylight,Clear,0.17,0,57,55,FALSE,41.94245198,-71.28698244
13569,10/1/2014,October,Wednesday,11:10,1,1,0,0,Single vehicle crash,V1: Turning left,V1: E,Wet,Daylight,Rain,0.17,0,57,55,FALSE,41.8995102,-71.35762445
13570,10/1/2014,October,Wednesday,16:57,1,1,0,0,Single vehicle crash,V1: Travelling straight ahead,V1: N,Wet,Daylight,Rain,0.17,0,57,55,FALSE,41.91420591,-71.36119762
13571,10/2/2014,October,Thursday,10:19,1,1,0,0,Single vehicle crash,V1: Travelling straight ahead,V1: S,Wet,Daylight,Cloudy/Rain,1.12,0,58,56,FALSE,41.94445299,-71.31174652
13572,10/2/2014,October,Thursday,15:27,1,1,0,0,Single vehicle crash,V1: Turning right,V1: E,Dry,Daylight,Cloudy,1.12,0,58,56,FALSE,41.94471772,-71.28177758
13573,10/3/2014,October,Friday,13:25,1,2,0,0,Angle,V1: Travelling straight ahead / V2: Entering traffic lane,V1: W  / V2: E,Dry,Daylight,Cloudy,0.03,0,57,46,FALSE,41.95260998,-71.26978509
13574,10/3/2014,October,Friday,14:30,2,3,1,0,Angle,V1: Travelling straight ahead / V2: Travelling straight ahead / V3: Travelling straight ahead,V1: 0 / V2: S  / V3: S,Dry,Daylight,Cloudy,0.03,0,57,46,FALSE,41.90261276,-71.35590972
13575,10/3/2014,October,Friday,19:52,1,2,0,0,"Sideswipe, same direction",V1: Making U-turn / V2: Travelling straight ahead,V1: S  / V2: S,Dry,Dark - lighted roadway,Clear,0.03,0,57,46,FALSE,41.89863276,-71.35506105
13576,10/4/2014,October,Saturday,2:50,2,1,1,0,Single vehicle crash,V1: Travelling straight ahead,V1: E,Wet,Dark - lighted roadway,Cloudy,0.03,0,58,49,FALSE,41.9543436,-71.24611331
13577,10/4/2014,October,Saturday,9:57,2,2,1,0,Rear-end,V1: Slowing or stopped in traffic / V2: Slowing or stopped in traffic,V1: S  / V2: S,Wet,Daylight,Cloudy/Rain,0.03,0,58,49,FALSE,41.96643836,-71.29074265
13578,10/4/2014,October,Saturday,14:47,1,2,0,0,Rear-end,V1: Travelling straight ahead / V2: Slowing or stopped in traffic,V1: S  / V2: S,Dry,Daylight,Cloudy,0.03,0,58,49,FALSE,41.95027561,-71.29009929
13579,10/5/2014,October,Sunday,5:18,1,1,0,0,Single vehicle crash,V1: Travelling straight ahead,V1: S,Dry,Dark - lighted roadway,Clear,0.35,0,65,47,FALSE,41.92521765,-71.28783389
13580,10/6/2014,October,Monday,17:06,1,2,0,0,Rear-end,V1: Travelling straight ahead / V2: Slowing or stopped in traffic,V1: E  / V2: E,Dry,Daylight,Clear,0,0,65,36,FALSE,41.9693915,-71.29359186
13581,10/6/2014,October,Monday,17:14,0,1,0,0,Single vehicle crash,V1: Travelling straight ahead,V1: W,Dry,Daylight,Clear,0,0,65,36,FALSE,41.92230442,-71.35423278
13582,10/7/2014,October,Tuesday,8:02,2,2,1,0,Angle,V1: Travelling straight ahead / V2: Slowing or stopped in traffic,V1: N  / V2: N,Dry,Daylight,Clear,0,0,68,35,FALSE,41.93780969,-71.29347219
13583,10/8/2014,October,Wednesday,6:48,1,3,0,0,Rear-end,V1: Travelling straight ahead / V2: Slowing or stopped in traffic / V3: Slowing or stopped in traffic,V1: W  / V2: W  / V3: W,Wet,Daylight,Cloudy/Rain,0.05,0,75,59,FALSE,41.92060873,-71.30989963
13584,10/8/2014,October,Wednesday,9:05,1,2,0,0,Rear-end,V1: Turning right / V2: Travelling straight ahead,V1: E  / V2: N,Wet,Daylight,Cloudy,0.05,0,75,59,FALSE,41.92446027,-71.28906707
13585,10/9/2014,October,Thursday,8:56,2,2,1,0,Head-on,V1: Turning left / V2: Travelling straight ahead,V1: E  / V2: W,Dry,Daylight,Clear,0.02,0,76,42,FALSE,41.94701106,-71.2760815
13586,10/10/2014,October,Friday,4:59,2,2,2,0,Angle,V1: Travelling straight ahead / V2: Travelling straight ahead,V1: S  / V2: E,Dry,Dark - lighted roadway,Clear,0,0,68,38,FALSE,41.93692353,-71.281137
13587,10/10/2014,October,Friday,7:24,1,2,0,0,Rear-end,V1: Entering traffic lane / V2: Slowing or stopped in traffic,V1: E  / V2: E,Dry,Daylight,Clear,0,0,68,38,FALSE,41.93379033,-71.30179601
13588,10/10/2014,October,Friday,8:36,1,2,0,0,Angle,V1: Travelling straight ahead / V2: Turning left,V1: W  / V2: S,Dry,Daylight,Clear,0,0,68,38,FALSE,41.94236771,-71.28826723
13589,10/10/2014,October,Friday,9:54,1,2,0,0,Single vehicle crash,V1: Travelling straight ahead / V2: Turning left,V1: W  / V2: E,Dry,Daylight,Clear,0,0,68,38,FALSE,41.9486259,-71.27756695
13590,10/10/2014,October,Friday,10:44,1,2,0,0,Rear-to-rear,V1: Backing / V2: Parked,V1: E  / V2: E,Dry,Daylight,Clear,0,0,68,38,FALSE,41.89620071,-71.37038787
13591,10/10/2014,October,Friday,11:12,1,2,0,0,Angle,V1: Turning right / V2: Backing,V1: W  / V2: N,Dry,Daylight,Clear,0,0,68,38,FALSE,41.94121777,-71.2768631
13592,10/10/2014,October,Friday,15:04,1,2,0,0,Angle,V1: Overtaking/passing / V2: Travelling straight ahead,V1: W  / V2: W,Dry,Daylight,Clear,0,0,68,38,FALSE,41.94420307,-71.27812256
13593,10/10/2014,October,Friday,18:33,1,2,0,0,Angle,V1: Travelling straight ahead / V2: Travelling straight ahead,V1: W  / V2: N,Dry,Dark - lighted roadway,Clear,0,0,68,38,FALSE,41.94188971,-71.28096806
13594,10/10/2014,October,Friday,18:49,2,5,1,0,Rear-end,V1: Slowing or stopped in traffic / V2: Travelling straight ahead / V3: Travelling straight ahead / V4: Slowing or stopped in traffic / V5: Travelling straight ahead,V1: S  / V2: S  / V3: S  / V4: S  / V5: S,Dry,Dark - roadway not lighted,Clear,0,0,68,38,FALSE,41.96019116,-71.30118086
13595,10/11/2014,October,Saturday,6:14,1,1,0,0,Angle,V1: Turning left,V1: S,Dry,Dawn,Clear,0.02,0,65,39,FALSE,41.93397424,-71.30064264
13596,10/11/2014,October,Saturday,10:11,1,1,0,0,0,V1: Turning right,V1: S,Wet,Daylight,Cloudy/Rain,0.02,0,65,39,FALSE,41.91739569,-71.35962701
13597,10/11/2014,October,Saturday,23:43,1,1,0,0,Single vehicle crash,V1: Turning right,V1: W,Dry,Dark - roadway not lighted,Clear,0.02,0,65,39,FALSE,41.91914655,-71.31731101
13598,10/12/2014,October,Sunday,2:28,1,1,0,0,Single vehicle crash,V1: Leaving traffic lane,V1: N,Dry,Dark - lighted roadway,Clear,0.3,0,51,37,FALSE,41.94097727,-71.31283717
13599,10/12/2014,October,Sunday,9:17,1,2,0,0,Angle,V1: Backing / V2: Travelling straight ahead,V1: W  / V2: S,Dry,Daylight,Clear,0.3,0,51,37,FALSE,41.92450732,-71.22834088
13600,10/12/2014,October,Sunday,19:00,1,2,0,0,Rear-end,V1: Travelling straight ahead / V2: Slowing or stopped in traffic,V1: N  / V2: N,Dry,Dark - lighted roadway,Clear,0.3,0,51,37,FALSE,41.92760355,-71.3414377
13601,10/13/2014,October,Monday,16:00,1,2,0,0,Angle,V1: Backing / V2: Backing,V1: S  / V2: N,Dry,Daylight,Clear,0,0,63,34,FALSE,41.89863276,-71.35506105
13602,10/13/2014,October,Monday,17:05,1,2,0,0,Rear-end,V1: Slowing or stopped in traffic / V2: Slowing or stopped in traffic,V1: S  / V2: S,Dry,Daylight,Cloudy,0,0,63,34,FALSE,41.92762143,-71.35470547
13603,10/14/2014,October,Tuesday,12:20,2,2,1,0,"Sideswipe, same direction",V1: Travelling straight ahead / V2: Leaving traffic lane,V1: N  / V2: N,Dry,Daylight,Clear,0.01,0,66,34,FALSE,41.89835459,-71.36941126
13604,10/15/2014,October,Wednesday,5:02,1,1,0,0,Single vehicle crash,V1: Travelling straight ahead,V1: N,Dry,Dark - lighted roadway,Clear,0,0,76,62,FALSE,41.94140605,-71.28436439
13605,10/15/2014,October,Wednesday,9:58,1,2,0,0,Rear-end,V1: Travelling straight ahead / V2: Parked,V1: N  / V2: N,Dry,Daylight,Clear,0,0,76,62,FALSE,41.94140605,-71.28436439
13606,10/16/2014,October,Thursday,12:23,1,2,0,0,Angle,V1: Travelling straight ahead / V2: Turning left,V1: N  / V2: N,Wet,Daylight,Cloudy/Rain,0.05,0,80,66,FALSE,41.94449733,-71.28185359
13607,10/16/2014,October,Thursday,13:42,1,2,0,0,Rear-end,V1: Travelling straight ahead / V2: Slowing or stopped in traffic,V1: S  / V2: S,Wet,Daylight,Rain,0.05,0,80,66,FALSE,41.91482581,-71.36088324
13608,10/17/2014,October,Friday,5:45,1,1,0,0,Single vehicle crash,V1: Turning left,V1: W,Dry,Dark - lighted roadway,Cloudy,0.94,0,73,58,FALSE,41.92014284,-71.35719783
13609,10/17/2014,October,Friday,8:31,1,2,0,0,Rear-end,V1: Travelling straight ahead / V2: Travelling straight ahead,V1: W  / V2: W,Dry,Daylight,Clear,0.94,0,73,58,FALSE,41.95078511,-71.27391628
13610,10/17/2014,October,Friday,8:32,1,1,0,0,Single vehicle crash,V1: Other,V1: N,Dry,Daylight,Clear,0.94,0,73,58,FALSE,41.94604197,-71.28656899
13611,10/17/2014,October,Friday,12:25,1,2,0,0,Rear-end,V1: Slowing or stopped in traffic / V2: Travelling straight ahead,V1: N  / V2: N,Dry,Daylight,Cloudy,0.94,0,73,58,FALSE,41.96939377,-71.29355357
13612,10/17/2014,October,Friday,14:28,2,2,1,0,Rear-end,V1: Slowing or stopped in traffic / V2: Travelling straight ahead,V1: N  / V2: N,Dry,Daylight,Clear,0.94,0,73,58,FALSE,41.92886018,-71.3230987
13613,10/17/2014,October,Friday,16:32,1,2,0,0,Rear-end,V1: Slowing or stopped in traffic / V2: Changing lanes,V1: S  / V2: S,Dry,Daylight,Clear,0.94,0,73,58,FALSE,41.96019116,-71.30118086
13614,10/17/2014,October,Friday,17:21,1,2,0,0,"Sideswipe, opposite direction",V1: Travelling straight ahead / V2: Travelling straight ahead,V1: W  / V2: W,Dry,Daylight,Clear,0.94,0,73,58,FALSE,41.8995102,-71.35762445
13615,10/18/2014,October,Saturday,17:21,1,1,0,0,Single vehicle crash,V1: Travelling straight ahead,V1: S,Dry,Daylight,Clear,0,0,74,54,FALSE,41.95013101,-71.29886289
13616,10/19/2014,October,Sunday,14:33,2,2,1,0,Angle,V1: Travelling straight ahead / V2: Travelling straight ahead,V1: W  / V2: E,Dry,Daylight,Clear,0,0,72,51,FALSE,41.92630309,-71.34591082
13617,10/19/2014,October,Sunday,16:12,1,2,0,0,Angle,V1: Backing / V2: Parked,V1: U  / V2: 0,Dry,Daylight,Clear,0,0,72,51,FALSE,41.9079342,-71.35745922
13618,10/20/2014,October,Monday,0:15,2,1,1,0,Single vehicle crash,V1: Travelling straight ahead,V1: S,Dry,Dark - roadway not lighted,Clear,0,0,58,32,TRUE,34.24438675,-73.6513909
13619,10/20/2014,October,Monday,7:15,1,1,0,0,Single vehicle crash,V1: Backing,V1: S,Dry,Daylight,Clear,0,0,58,32,TRUE,41.93944388,-71.29351047
13620,10/20/2014,October,Monday,14:05,2,2,1,0,Rear-end,V1: Travelling straight ahead / V2: Slowing or stopped in traffic,V1: S  / V2: S,Dry,Daylight,Cloudy,0,0,58,32,TRUE,41.93874704,-71.29215576
13621,10/21/2014,October,Tuesday,7:05,1,2,0,0,Angle,V1: Turning left / V2: Travelling straight ahead,V1: N  / V2: S,Dry,Dawn,Cloudy,0,0,57,32,TRUE,41.92852012,-71.35410629
13622,10/21/2014,October,Tuesday,12:20,2,2,1,0,Angle,V1: Turning right / V2: Travelling straight ahead,V1: S  / V2: N,Wet,Daylight,Cloudy/Rain,0,0,57,32,TRUE,41.94176879,-71.26947194
13623,10/21/2014,October,Tuesday,15:27,2,2,1,0,Angle,V1: Travelling straight ahead / V2: Travelling straight ahead,V1: S  / V2: N,Wet,Daylight,Rain,0,0,57,32,TRUE,41.90892676,-71.35769769
13624,10/21/2014,October,Tuesday,16:35,1,2,0,0,Rear-end,V1: Travelling straight ahead / V2: Travelling straight ahead,V1: S  / V2: S,Wet,Daylight,Clear,0,0,57,32,TRUE,41.94625923,-71.28694634
13625,10/21/2014,October,Tuesday,16:40,2,2,1,0,Rear-end,V1: Travelling straight ahead / V2: Slowing or stopped in traffic,V1: N  / V2: N,Wet,Daylight,Cloudy/Rain,0,0,57,32,TRUE,41.95412511,-71.26145837
13626,10/21/2014,October,Tuesday,20:59,1,1,0,0,Single vehicle crash,V1: Travelling straight ahead,V1: S,Wet,Dark - roadway not lighted,Cloudy,0,0,57,32,TRUE,41.90927215,-71.38090317
13627,10/22/2014,October,Wednesday,7:55,1,2,0,0,Rear-end,V1: Slowing or stopped in traffic / V2: Travelling straight ahead,V1: N  / V2: N,Wet,Daylight,Rain,0.49,0,62,48,FALSE,41.96365391,-71.29826974
13628,10/22/2014,October,Wednesday,22:30,1,1,0,0,Single vehicle crash,V1: Travelling straight ahead,V1: S,Wet,Dark - lighted roadway,Rain,0.49,0,62,48,FALSE,41.91264023,-71.3589754
13629,10/23/2014,October,Thursday,6:30,1,2,0,0,Angle,V1: Travelling straight ahead / V2: Travelling straight ahead,V1: S  / V2: W,Dry,Dark - lighted roadway,Cloudy,3.62,0,56,51,FALSE,41.9370756,-71.28238678
13630,10/23/2014,October,Thursday,9:00,1,1,0,0,Single vehicle crash,V1: Travelling straight ahead,V1: N,Wet,Daylight,Rain,3.62,0,56,51,FALSE,41.95352072,-71.30425111
13631,10/23/2014,October,Thursday,17:52,1,2,0,0,Angle,V1: Turning left / V2: Travelling straight ahead,V1: W  / V2: E,Wet,Dark - lighted roadway,Cloudy/Rain,3.62,0,56,51,FALSE,41.92675288,-71.34334435
13632,10/23/2014,October,Thursday,23:44,2,2,5,0,Rear-end,V1: Travelling straight ahead / V2: Slowing or stopped in traffic,V1: S  / V2: S,Dry,Dark - lighted roadway,Cloudy,3.62,0,56,51,FALSE,41.90086769,-71.36799095
13633,10/24/2014,October,Friday,2:57,1,1,0,0,Single vehicle crash,V1: Leaving traffic lane,V1: N,Wet,Dark - lighted roadway,Rain,0.48,0,56,48,FALSE,41.93914267,-71.33367484
13634,10/24/2014,October,Friday,7:25,1,2,0,0,Rear-end,V1: Slowing or stopped in traffic / V2: Slowing or stopped in traffic,V1: S  / V2: S,Dry,Daylight,Clear,0.48,0,56,48,FALSE,41.96939377,-71.29355357
13635,10/24/2014,October,Friday,8:16,1,2,0,0,Angle,V1: Turning left / V2: Travelling straight ahead,V1: N  / V2: S,Dry,Daylight,Clear,0.48,0,56,48,FALSE,41.9374227,-71.29402673
13636,10/24/2014,October,Friday,19:01,1,2,0,0,Angle,V1: Entering traffic lane / V2: Travelling straight ahead,V1: W  / V2: N,Dry,Dark - lighted roadway,Cloudy,0.48,0,56,48,FALSE,41.91977948,-71.35862075
13637,10/26/2014,October,Sunday,14:57,2,1,1,0,"Sideswipe, same direction",V1: Turning left,V1: U,"Sand, mud, dirt, oil, gravel",Daylight,Clear,0,0,67,41,FALSE,41.91505683,-71.30589997
13638,10/27/2014,October,Monday,8:49,1,2,0,0,Rear-end,V1: Backing / V2: Slowing or stopped in traffic,V1: E  / V2: E,Dry,Daylight,Clear,0,0,58,40,FALSE,41.93396483,-71.29999159
13639,10/27/2014,October,Monday,13:24,1,2,0,0,Angle,V1: Entering traffic lane / V2: Travelling straight ahead,V1: W  / V2: N,Dry,Daylight,Clear,0,0,58,40,FALSE,41.91987271,-71.35727438
13640,10/28/2014,October,Tuesday,20:54,1,1,0,0,Single vehicle crash,V1: Travelling straight ahead,V1: S,Dry,Dark - roadway not lighted,Clear,0,0,64,37,FALSE,41.90261276,-71.35590972
13641,10/28/2014,October,Tuesday,22:16,2,2,1,0,Rear-end,V1: Entering traffic lane / V2: Entering traffic lane,V1: S  / V2: S,Dry,Dark - roadway not lighted,Clear,0,0,64,37,FALSE,41.90255025,-71.35612621
13642,10/28/2014,October,Tuesday,23:48,1,2,0,0,Rear-end,V1: Turning left / V2: Parked,V1: S  / V2: 0,Dry,Dark - lighted roadway,Clear,0,0,64,37,FALSE,41.94361429,-71.27453022
13643,10/29/2014,October,Wednesday,8:12,1,2,0,0,Rear-end,V1: Backing / V2: Travelling straight ahead,V1: E  / V2: W,Wet,Daylight,Clear,0,0,69,39,FALSE,41.94483307,-71.27829386
13644,10/29/2014,October,Wednesday,10:47,2,2,3,0,Angle,V1: Turning left / V2: Travelling straight ahead,V1: N  / V2: W,Dry,Daylight,Cloudy,0,0,69,39,FALSE,41.93404812,-71.31577712