ID,DATE,Month,Day of week,Crash Time,Crash Severity,Number of Vehicles,Total Nonfatal Injuries,Total Fatal Injuries,Manner of Collision,Vehicle Action Prior to Crash,Vehicle Travel Directions,Road Surface Condition,Ambient Light,Weather Condition,PRCP,SNOW,TMAX,TMIN,Ice,Longtitute,Latitute
13645,10/29/2014,October,Wednesday,12:30,2,1,1,0,Single vehicle crash,V1: Travelling straight ahead,V1: E,Dry,Daylight,Clear,0,0,69,39,FALSE,41.94774809,-71.28390704
13646,10/29/2014,October,Wednesday,14:51,1,2,0,0,Rear-end,V1: Slowing or stopped in traffic / V2: Travelling straight ahead,V1: N  / V2: N,Dry,Daylight,Clear,0,0,69,39,FALSE,41.94074484,-71.30699333
13647,10/29/2014,October,Wednesday,20:16,2,2,1,0,Rear-end,V1: Travelling straight ahead / V2: Slowing or stopped in traffic,V1: E  / V2: E,Wet,Dark - lighted roadway,Cloudy/Rain,0,0,69,39,FALSE,41.92203556,-71.35456894
13648,10/30/2014,October,Thursday,7:17,1,2,0,0,"Sideswipe, same direction",V1: Entering traffic lane / V2: Travelling straight ahead,V1: E  / V2: E,Dry,Daylight,Cloudy,0.06,0,74,40,FALSE,41.91981411,-71.35860614
13649,10/30/2014,October,Thursday,12:53,1,2,0,0,Angle,V1: Travelling straight ahead / V2: Travelling straight ahead,V1: 0 / V2: S,Dry,Daylight,Clear,0.06,0,74,40,FALSE,41.94121777,-71.2768631
13650,10/31/2014,October,Friday,4:05,1,1,0,0,Single vehicle crash,V1: Travelling straight ahead,V1: S,Dry,Dark - roadway not lighted,Clear,0,0,61,39,FALSE,41.92927403,-71.32377045
13651,10/31/2014,October,Friday,16:08,1,2,0,0,Angle,V1: Overtaking/passing / V2: Turning right,V1: S  / V2: S,Dry,Daylight,Cloudy,0,0,61,39,FALSE,41.93009714,-71.30216489
13652,10/31/2014,October,Friday,17:45,1,2,0,0,Angle,V1: Turning left / V2: Travelling straight ahead,V1: E  / V2: N,Dry,Dark - lighted roadway,Clear,0,0,61,39,FALSE,41.9110765,-71.36278231
13653,10/31/2014,October,Friday,20:10,1,1,0,0,Single vehicle crash,V1: Travelling straight ahead,V1: W,Dry,Dark - lighted roadway,Clear,0,0,61,39,FALSE,41.93724336,-71.25618098
13654,11/1/2014,November,Saturday,10:16,1,2,0,0,Angle,V1: Turning left / V2: Travelling straight ahead,V1: W  / V2: N,Wet,Daylight,Cloudy/Rain,0,0,53,40,FALSE,41.95401985,-71.28889809
13655,11/1/2014,November,Saturday,15:17,2,2,1,0,Angle,V1: Travelling straight ahead / V2: Travelling straight ahead,V1: E  / V2: S,Wet,Daylight,Rain,0,0,53,40,FALSE,41.90804202,-71.37220475
13656,11/2/2014,November,Sunday,2:01,1,1,0,0,Head-on,V1: Turning right,V1: 0,Wet,Dark - lighted roadway,Cloudy/Rain,0.65,0,47,37,FALSE,41.97015292,-71.29135147
13657,11/2/2014,November,Sunday,8:33,1,2,0,0,Rear-end,V1: Travelling straight ahead / V2: Slowing or stopped in traffic,V1: N  / V2: N,Wet,Daylight,Rain,0.65,0,47,37,FALSE,41.93608923,-71.296466
13658,11/2/2014,November,Sunday,9:03,1,2,0,0,Angle,V1: Turning left / V2: Travelling straight ahead,V1: W  / V2: N,Wet,Daylight,Rain,0.65,0,47,37,FALSE,41.9365932,-71.29539949
13659,11/2/2014,November,Sunday,12:07,1,2,0,0,Angle,V1: Turning left / V2: Travelling straight ahead,V1: E  / V2: N,Ice,Daylight,Snow,0.65,0,47,37,FALSE,41.94140605,-71.28436439
13660,11/2/2014,November,Sunday,17:18,1,1,0,0,Single vehicle crash,V1: Turning right,V1: W,Dry,Daylight,Clear,0.65,0,47,37,FALSE,41.9472108,-71.28786501
13661,11/2/2014,November,Sunday,20:14,1,2,0,0,"Sideswipe, same direction",V1: Travelling straight ahead / V2: Changing lanes,V1: S  / V2: S,Dry,Dark - roadway not lighted,Clear,0.65,0,47,37,FALSE,41.96019116,-71.30118086
13662,11/4/2014,November,Tuesday,6:45,1,2,0,0,Angle,V1: Travelling straight ahead / V2: 0,V1: N  / V2: 0,Dry,Daylight,Clear,0,0,52,32,TRUE,41.89835459,-71.36941126
13663,11/4/2014,November,Tuesday,6:53,1,2,0,0,"Sideswipe, same direction",V1: Travelling straight ahead / V2: Travelling straight ahead,V1: E  / V2: E,Dry,Daylight,Cloudy,0,0,52,32,TRUE,41.92014284,-71.35719783
13664,11/4/2014,November,Tuesday,14:51,1,1,0,0,"Sideswipe, same direction",V1: Travelling straight ahead,V1: 0,0,Daylight,Clear,0,0,52,32,TRUE,41.91181124,-71.26457374
13665,11/4/2014,November,Tuesday,19:47,1,2,0,0,Angle,V1: Turning left / V2: Travelling straight ahead,V1: E  / V2: W,Dry,Dark - 0 roadway lighting,Clear,0,0,52,32,TRUE,41.96939377,-71.29355357
13666,11/5/2014,November,Wednesday,16:03,2,2,1,0,Rear-end,V1: Travelling straight ahead / V2: Slowing or stopped in traffic,V1: S  / V2: S,Dry,Daylight,Clear,0,0,65,36,FALSE,34.24438675,-73.6513909
13667,11/5/2014,November,Wednesday,17:03,1,2,0,0,Angle,V1: Travelling straight ahead / V2: Turning left,V1: W  / V2: N,Dry,Dark - lighted roadway,Clear,0,0,65,36,FALSE,41.91723587,-71.37241026
13668,11/6/2014,November,Thursday,18:29,1,2,0,0,Angle,V1: Turning left / V2: Travelling straight ahead,V1: E  / V2: S,Wet,Dusk,Cloudy/Rain,0,0,68,48,FALSE,41.93624398,-71.26400311
13669,11/6/2014,November,Thursday,21:30,1,2,0,0,Rear-end,V1: Slowing or stopped in traffic / V2: Travelling straight ahead,V1: S  / V2: S,Wet,Dark - lighted roadway,Cloudy,0,0,68,48,FALSE,41.90682608,-71.35698151
13670,11/7/2014,November,Friday,8:19,2,3,1,0,Rear-end,V1: Travelling straight ahead / V2: Slowing or stopped in traffic / V3: Slowing or stopped in traffic,V1: S  / V2: S  / V3: S,Dry,Daylight,Cloudy,0.42,0,50,45,FALSE,41.9210426,-71.35807244
13671,11/8/2014,November,Saturday,2:18,3,1,0,1,Single vehicle crash,V1: Travelling straight ahead,V1: N,Dry,Dark - roadway not lighted,Clear,0,0,50,31,TRUE,41.90231844,-71.35595143
13672,11/8/2014,November,Saturday,3:34,0,1,0,0,Single vehicle crash,V1: Travelling straight ahead,V1: N,Dry,Dark - roadway not lighted,Clear,0,0,50,31,TRUE,41.90231844,-71.35595143
13673,11/8/2014,November,Saturday,12:39,1,2,0,0,"Sideswipe, same direction",V1: Travelling straight ahead / V2: Parked,V1: S  / V2: S,Dry,Daylight,Clear,0,0,50,31,TRUE,41.95001831,-71.24782187
13674,11/8/2014,November,Saturday,13:45,1,2,0,0,Rear-end,V1: Travelling straight ahead / V2: Slowing or stopped in traffic,V1: S  / V2: 0,Dry,Daylight,Clear,0,0,50,31,TRUE,41.93623387,-71.28481203
13675,11/9/2014,November,Sunday,2:04,2,1,1,0,Single vehicle crash,V1: Travelling straight ahead,V1: N,Dry,Dark - roadway not lighted,Clear,0,0,48,32,TRUE,41.95593405,-71.30346756
13676,11/9/2014,November,Sunday,2:39,1,1,0,0,Single vehicle crash,V1: Travelling straight ahead,V1: N,Dry,Dark - lighted roadway,Cloudy,0,0,48,32,TRUE,41.90540594,-71.33556731
13677,11/9/2014,November,Sunday,20:16,1,2,0,0,Angle,V1: Entering traffic lane / V2: Travelling straight ahead,V1: W  / V2: N,Dry,Dark - lighted roadway,Clear,0,0,48,32,TRUE,41.91082902,-71.36290776
13678,11/9/2014,November,Sunday,22:14,1,1,0,0,Single vehicle crash,V1: Travelling straight ahead,V1: S,Dry,Dark - roadway not lighted,Clear,0,0,48,32,TRUE,41.90823457,-71.33134235
13679,11/10/2014,November,Monday,17:54,2,2,1,0,"Sideswipe, same direction",V1: Turning left / V2: Turning left,V1: N  / V2: N,Dry,Dark - lighted roadway,Clear,0,0,56,29,TRUE,41.9156364,-71.32216122
13680,11/11/2014,November,Tuesday,7:37,1,3,0,0,Angle,V1: Slowing or stopped in traffic / V2: Travelling straight ahead / V3: Slowing or stopped in traffic,V1: E  / V2: N  / V3: W,Dry,Daylight,Fog,0,0,60,30,TRUE,41.9370756,-71.28238678
13681,11/11/2014,November,Tuesday,16:48,1,3,0,0,Rear-end,V1: Travelling straight ahead / V2: Slowing or stopped in traffic / V3: Slowing or stopped in traffic,V1: N  / V2: N  / V3: N,Dry,Dark - lighted roadway,Clear,0,0,60,30,TRUE,41.92644259,-71.35554103
13682,11/11/2014,November,Tuesday,19:01,1,2,0,0,Rear-end,V1: Travelling straight ahead / V2: Slowing or stopped in traffic,V1: N  / V2: N,Dry,Dark - lighted roadway,Cloudy,0,0,60,30,TRUE,41.95437986,-71.25499915
13683,11/12/2014,November,Wednesday,14:23,1,2,0,0,Angle,V1: Entering traffic lane / V2: Travelling straight ahead,V1: E  / V2: E,Dry,Daylight,Clear,0,0,63,32,TRUE,41.94005485,-71.29034666
13684,11/13/2014,November,Thursday,9:52,1,2,0,0,Rear-end,V1: Travelling straight ahead / V2: Slowing or stopped in traffic,V1: S  / V2: S,Dry,Daylight,Clear,0,0,62,32,TRUE,41.95808616,-71.28762486
13685,11/13/2014,November,Thursday,23:18,2,1,1,0,Single vehicle crash,V1: Travelling straight ahead,V1: N,Wet,Dark - lighted roadway,Rain,0,0,62,32,TRUE,41.90582226,-71.36546869
13686,11/14/2014,November,Friday,9:25,1,2,0,0,Angle,V1: Turning left / V2: Travelling straight ahead,V1: N  / V2: S,Wet,Daylight,Cloudy,0.32,0.9,53,32,TRUE,41.92906748,-71.2246876
13687,11/14/2014,November,Friday,11:12,2,2,1,0,Rear-end,V1: Slowing or stopped in traffic / V2: Slowing or stopped in traffic,V1: N  / V2: N,Dry,Daylight,Clear,0.32,0.9,53,32,TRUE,41.9250735,-71.35622629
13688,11/14/2014,November,Friday,16:12,1,3,0,0,"Sideswipe, same direction",V1: Changing lanes / V2: Travelling straight ahead / V3: Slowing or stopped in traffic,V1: N  / V2: N  / V3: N,Dry,Daylight,Clear,0.32,0.9,53,32,TRUE,41.91325585,-71.3590575
13689,11/15/2014,November,Saturday,7:44,1,2,0,0,Angle,V1: Turning right / V2: Travelling straight ahead,V1: E  / V2: S,Dry,Daylight,Clear,0,0,44,24,TRUE,41.94450501,-71.28411703
13690,11/15/2014,November,Saturday,10:48,1,2,0,0,Angle,V1: Travelling straight ahead / V2: Turning left,V1: W  / V2: S,Dry,Daylight,Clear,0,0,44,24,TRUE,41.95173316,-71.27474916
13691,11/15/2014,November,Saturday,15:01,2,2,2,0,Angle,V1: Turning left / V2: Turning right,V1: S  / V2: S,Dry,Daylight,Clear,0,0,44,24,TRUE,41.9110765,-71.36278231
13692,11/15/2014,November,Saturday,16:28,1,2,0,0,Rear-end,V1: Travelling straight ahead / V2: Slowing or stopped in traffic,V1: N  / V2: N,Dry,Dusk,Clear,0,0,44,24,TRUE,41.90998013,-71.35802082
13693,11/15/2014,November,Saturday,20:09,1,2,0,0,Rear-end,V1: Travelling straight ahead / V2: Slowing or stopped in traffic,V1: E  / V2: E,Dry,Dark - lighted roadway,Clear,0,0,44,24,TRUE,41.92014284,-71.35719783
13694,11/15/2014,November,Saturday,22:57,1,1,0,0,Single vehicle crash,V1: Travelling straight ahead,V1: S,Dry,Dark - lighted roadway,Cloudy,0,0,44,24,TRUE,41.90474145,-71.31772514
13695,11/16/2014,November,Sunday,3:09,1,1,0,0,Single vehicle crash,V1: Leaving traffic lane,V1: W,Dry,Dark - lighted roadway,Clear,0,0,44,19,TRUE,41.93046014,-71.33625844
13696,11/16/2014,November,Sunday,6:35,1,1,0,0,Single vehicle crash,V1: Travelling straight ahead,V1: N,Dry,Daylight,Clear,0,0,44,19,TRUE,41.92886018,-71.3230987
13697,11/16/2014,November,Sunday,8:17,1,2,0,0,Angle,V1: Travelling straight ahead / V2: Travelling straight ahead,V1: N  / V2: E,Dry,Daylight,Cloudy,0,0,44,19,TRUE,41.92908322,-71.29539875
13698,11/16/2014,November,Sunday,15:01,1,2,0,0,Angle,V1: Backing / V2: Parked,V1: S  / V2: 0,Dry,Daylight,Cloudy,0,0,44,19,TRUE,41.94685629,-71.28341714
13699,11/16/2014,November,Sunday,17:01,1,2,0,0,Angle,V1: Turning left / V2: Travelling straight ahead,V1: E  / V2: N,Dry,Dark - lighted roadway,Clear,0,0,44,19,TRUE,41.93623387,-71.28481203
13700,11/16/2014,November,Sunday,18:30,1,1,0,0,Single vehicle crash,V1: Travelling straight ahead,V1: S,Wet,Dark - lighted roadway,Rain,0,0,44,19,TRUE,41.95814204,-71.28762358
13701,11/16/2014,November,Sunday,18:30,1,1,0,0,Single vehicle crash,V1: Travelling straight ahead,V1: W,Dry,Dark - roadway not lighted,Cloudy,0,0,44,19,TRUE,41.95451461,-71.24992613
13702,11/17/2014,November,Monday,7:40,1,2,0,0,Rear-end,V1: Slowing or stopped in traffic / V2: Travelling straight ahead,V1: S  / V2: S,Wet,Daylight,Rain,0.38,0,41,22,TRUE,41.90261276,-71.35590972
13703,11/17/2014,November,Monday,13:23,1,2,0,0,Angle,V1: Travelling straight ahead / V2: Backing,V1: W  / V2: E,Wet,Daylight,Cloudy/Rain,0.38,0,41,22,TRUE,41.93769219,-71.26549187
13704,11/17/2014,November,Monday,15:07,1,2,0,0,Rear-end,V1: Travelling straight ahead / V2: Travelling straight ahead,V1: S  / V2: S,Wet,Daylight,Cloudy/Rain,0.38,0,41,22,TRUE,41.9079342,-71.35745922
13705,11/17/2014,November,Monday,17:22,1,3,0,0,Rear-end,V1: Slowing or stopped in traffic / V2: Travelling straight ahead / V3: Travelling straight ahead,V1: W  / V2: W  / V3: W,Wet,Dark - lighted roadway,Rain,0.38,0,41,22,TRUE,41.93396931,-71.31065914
13706,11/17/2014,November,Monday,19:34,2,2,1,0,Angle,V1: Travelling straight ahead / V2: Travelling straight ahead,V1: W  / V2: N,Wet,Dark - lighted roadway,Rain,0.38,0,41,22,TRUE,41.94396167,-71.27662963
13707,11/17/2014,November,Monday,20:34,2,1,1,0,Single vehicle crash,V1: Travelling straight ahead,V1: E,Wet,Dark - lighted roadway,Cloudy/Rain,0.38,0,41,22,TRUE,41.91199534,-71.2762509
13708,11/18/2014,November,Tuesday,8:07,1,2,0,0,Angle,V1: Turning left / V2: Travelling straight ahead,V1: W  / V2: N,Dry,Daylight,Cloudy,1.33,0,58,37,FALSE,41.91194929,-71.36233897
13709,11/18/2014,November,Tuesday,10:54,2,2,1,0,Head-on,V1: Turning left / V2: Travelling straight ahead,V1: W  / V2: E,Dry,Daylight,Clear,1.33,0,58,37,FALSE,41.9483337,-71.27794679
13710,11/18/2014,November,Tuesday,20:19,1,2,0,0,Rear-end,V1: Backing / V2: Parked,V1: E  / V2: N,Dry,Dark - lighted roadway,Clear,1.33,0,58,37,FALSE,41.94164413,-71.29360201
13711,11/20/2014,November,Thursday,11:44,2,1,1,0,Single vehicle crash,V1: Travelling straight ahead,V1: S,Dry,Daylight,Clear,0,0,37,22,TRUE,41.95336525,-71.29682166
13712,11/20/2014,November,Thursday,15:49,1,2,0,0,Rear-end,V1: Travelling straight ahead / V2: Slowing or stopped in traffic,V1: S  / V2: S,Dry,Daylight,Clear,0,0,37,22,TRUE,41.90086769,-71.36799094
13713,11/20/2014,November,Thursday,22:33,2,2,1,0,Rear-end,V1: Travelling straight ahead / V2: Travelling straight ahead,V1: N  / V2: N,Dry,Dark - lighted roadway,Clear,0,0,37,22,TRUE,41.95458099,-71.30791529
13714,11/21/2014,November,Friday,14:23,1,2,0,0,Rear-end,V1: Travelling straight ahead / V2: Slowing or stopped in traffic,V1: S  / V2: S,Dry,Daylight,Clear,0,0,49,25,TRUE,41.92855434,-71.22418311
13715,11/23/2014,November,Sunday,1:11,1,1,0,0,Single vehicle crash,V1: Travelling straight ahead,V1: S,Dry,Dark - lighted roadway,Clear,0,0,44,21,TRUE,41.92241545,-71.31336866
13716,11/23/2014,November,Sunday,16:40,1,2,0,0,Angle,V1: Entering traffic lane / V2: Travelling straight ahead,V1: E  / V2: S,Dry,Dusk,Cloudy,0,0,44,21,TRUE,41.93624398,-71.26400311
13717,11/23/2014,November,Sunday,18:56,1,2,0,0,Angle,V1: Backing / V2: Travelling straight ahead,V1: N  / V2: E,Dry,Dark - lighted roadway,Clear,0,0,44,21,TRUE,41.9170943,-71.35975551
13718,11/24/2014,November,Monday,10:46,2,1,1,0,Single vehicle crash,V1: Travelling straight ahead,V1: S,Wet,Daylight,Rain,0.25,0,60,38,FALSE,41.91021858,-71.339921
13719,11/24/2014,November,Monday,11:19,1,1,0,0,Single vehicle crash,V1: Entering traffic lane,V1: S,Wet,Daylight,Cloudy,0.25,0,60,38,FALSE,41.95516008,-71.3082498
13720,11/24/2014,November,Monday,14:48,1,2,0,0,Rear-end,V1: Slowing or stopped in traffic / V2: Slowing or stopped in traffic,V1: W  / V2: W,Wet,Daylight,Rain,0.25,0,60,38,FALSE,41.94603367,-71.28065053
13721,11/24/2014,November,Monday,16:10,1,3,0,0,Rear-end,V1: Travelling straight ahead / V2: Slowing or stopped in traffic / V3: Slowing or stopped in traffic,V1: S  / V2: S  / V3: S,Dry,Daylight,Cloudy,0.25,0,60,38,FALSE,41.96019116,-71.30118086
13722,11/25/2014,November,Tuesday,10:42,1,2,0,0,Rear-end,V1: Travelling straight ahead / V2: Parked,V1: S  / V2: S,Dry,Daylight,Cloudy,0.73,0,64,56,FALSE,41.91677105,-71.30305221
13723,11/25/2014,November,Tuesday,11:57,0,1,0,0,"Sideswipe, same direction",V1: Parked,V1: S,Dry,Daylight,Cloudy,0.73,0,64,56,FALSE,41.94627589,-71.28697123
13724,11/25/2014,November,Tuesday,16:24,1,2,0,0,Rear-end,V1: Travelling straight ahead / V2: Slowing or stopped in traffic,V1: S  / V2: S,Dry,Dark - lighted roadway,Cloudy,0.73,0,64,56,FALSE,41.92279203,-71.35723949
13725,11/25/2014,November,Tuesday,18:09,1,2,0,0,Angle,V1: Travelling straight ahead / V2: Backing,V1: E  / V2: S,Dry,Dark - lighted roadway,Cloudy,0.73,0,64,56,FALSE,41.93745176,-71.26522218
13726,11/26/2014,November,Wednesday,9:11,1,2,0,0,Angle,V1: Entering traffic lane / V2: Travelling straight ahead,V1: S  / V2: W,Wet,Daylight,Cloudy/Rain,0,0,65,43,FALSE,41.91044592,-71.28309302
13727,11/26/2014,November,Wednesday,10:13,1,2,0,0,Angle,V1: Turning left / V2: Travelling straight ahead,V1: N  / V2: S,Wet,Daylight,Rain,0,0,65,43,FALSE,41.95180679,-71.2898592
13728,11/26/2014,November,Wednesday,13:30,2,1,1,0,Single vehicle crash,V1: Travelling straight ahead,V1: N,Snow,Daylight,Rain,0,0,65,43,FALSE,41.92659207,-71.3249034
13729,11/26/2014,November,Wednesday,13:48,1,2,0,0,"Sideswipe, same direction",V1: Travelling straight ahead / V2: Changing lanes,V1: S  / V2: S,Ice,Daylight,Rain,0,0,65,43,FALSE,41.95547759,-71.30411407
13730,11/26/2014,November,Wednesday,14:36,1,1,0,0,Single vehicle crash,V1: Travelling straight ahead,V1: N,Slush,Daylight,Rain,0,0,65,43,FALSE,41.92734177,-71.2850606
13731,11/26/2014,November,Wednesday,14:41,1,1,0,0,Single vehicle crash,V1: Travelling straight ahead,V1: E,Snow,Daylight,Snow,0,0,65,43,FALSE,41.9479803,-71.29686986
13732,11/26/2014,November,Wednesday,14:57,1,2,0,0,Angle,V1: Entering traffic lane / V2: Travelling straight ahead,V1: S  / V2: W,Slush,Daylight,Cloudy,0,0,65,43,FALSE,41.95237777,-71.29604181
13733,11/26/2014,November,Wednesday,15:21,1,2,0,0,"Sideswipe, opposite direction",V1: Travelling straight ahead / V2: Travelling straight ahead,V1: N  / V2: S,Ice,Daylight,Rain,0,0,65,43,FALSE,41.97555423,-71.27670588
13734,11/26/2014,November,Wednesday,15:33,1,1,0,0,Single vehicle crash,V1: Travelling straight ahead,V1: S,Ice,Daylight,Cloudy,0,0,65,43,FALSE,41.94772737,-71.29670616
13735,11/26/2014,November,Wednesday,18:29,1,2,0,0,Angle,V1: Entering traffic lane / V2: Travelling straight ahead,V1: W  / V2: N,Wet,Dark - lighted roadway,Rain,0,0,65,43,FALSE,41.91082902,-71.36290776
13736,11/27/2014,November,Thursday,2:46,1,1,0,0,Single vehicle crash,V1: Travelling straight ahead,V1: S,Snow,Dark - roadway not lighted,Rain,1.69,0,44,31,TRUE,41.89861001,-71.36943215
13737,11/27/2014,November,Thursday,7:02,1,1,0,0,Single vehicle crash,V1: Travelling straight ahead,V1: N,Ice,Daylight,Clear,1.69,0,44,31,TRUE,41.91819589,-71.30019516
13738,11/27/2014,November,Thursday,17:38,2,2,1,0,Rear-end,V1: Travelling straight ahead / V2: Travelling straight ahead,V1: S  / V2: 0,Wet,Dark - roadway not lighted,Snow,1.69,0,44,31,TRUE,41.89861001,-71.36943215
13739,11/27/2014,November,Thursday,17:52,2,2,1,0,Angle,V1: Turning left / V2: Travelling straight ahead,V1: N  / V2: W,Wet,Dark - lighted roadway,Snow,1.69,0,44,31,TRUE,41.96939377,-71.29355357
13740,11/28/2014,November,Friday,3:23,1,1,0,0,Single vehicle crash,V1: Leaving traffic lane,V1: N,Wet,Dark - lighted roadway,Snow,0.05,0.8,41,29,TRUE,41.93923609,-71.3175535
13741,11/28/2014,November,Friday,19:37,1,3,0,0,Rear-end,V1: Slowing or stopped in traffic / V2: Slowing or stopped in traffic / V3: Slowing or stopped in traffic,V1: S  / V2: S  / V3: S,Dry,Dark - lighted roadway,Clear,0.05,0.8,41,29,TRUE,41.92279203,-71.35723949
13742,11/29/2014,November,Saturday,2:41,1,1,0,0,Single vehicle crash,V1: Travelling straight ahead,V1: N,Dry,Dark - lighted roadway,Cloudy,0.01,0.2,37,18,TRUE,41.93398416,-71.31904724
13743,11/29/2014,November,Saturday,3:48,1,2,0,0,Rear-end,V1: Travelling straight ahead / V2: Parked,V1: S  / V2: 0,Dry,Dark - lighted roadway,Clear,0.01,0.2,37,18,TRUE,41.91200314,-71.36617926
13744,11/29/2014,November,Saturday,6:35,1,1,0,0,Single vehicle crash,V1: Travelling straight ahead,V1: S,Dry,Dawn,Clear,0.01,0.2,37,18,TRUE,41.91966528,-71.33181601
13745,11/29/2014,November,Saturday,17:00,1,2,0,0,Rear-end,V1: Travelling straight ahead / V2: Slowing or stopped in traffic,V1: N  / V2: N,Dry,Dark - lighted roadway,Clear,0.01,0.2,37,18,TRUE,41.90998013,-71.35802082
13746,11/30/2014,November,Sunday,13:19,1,2,0,0,Rear-end,V1: Travelling straight ahead / V2: Travelling straight ahead,V1: S  / V2: S,Dry,Daylight,Clear,0,0,41,19,TRUE,41.90353738,-71.35635566
13747,12/2/2014,December,Tuesday,15:58,1,2,0,0,Rear-end,V1: Slowing or stopped in traffic / V2: Slowing or stopped in traffic,V1: S  / V2: S,Dry,Daylight,Clear,0,0,68,33,FALSE,41.90998013,-71.35802082
13748,12/2/2014,December,Tuesday,16:49,1,1,0,0,Single vehicle crash,V1: Travelling straight ahead,V1: S,Wet,Dark - roadway not lighted,Cloudy/Rain,0,0,68,33,FALSE,41.93349673,-71.32022962
13749,12/2/2014,December,Tuesday,18:18,1,2,0,0,Rear-end,V1: Travelling straight ahead / V2: Slowing or stopped in traffic,V1: S  / V2: S,Wet,Dark - roadway not lighted,Cloudy,0,0,68,33,FALSE,41.96019116,-71.30118086
13750,12/2/2014,December,Tuesday,19:40,2,2,1,0,Angle,V1: Turning left / V2: Turning right,V1: W  / V2: W,Wet,Dark - lighted roadway,Rain,0,0,68,33,FALSE,41.93359015,-71.30040441
13751,12/2/2014,December,Tuesday,22:38,2,1,1,0,Angle,V1: Turning left,V1: N,Wet,Dark - lighted roadway,Rain,0,0,68,33,FALSE,41.9076497,-71.36453092
13752,12/3/2014,December,Wednesday,3:46,1,1,0,0,Single vehicle crash,V1: Backing,V1: E,Wet,Dark - roadway not lighted,Rain,0.2,0.1,40,33,FALSE,41.94415162,-71.27320289
13753,12/3/2014,December,Wednesday,16:34,1,2,0,0,Angle,V1: Entering traffic lane / V2: Travelling straight ahead,V1: W  / V2: S,Wet,Dark - lighted roadway,Rain,0.2,0.1,40,33,FALSE,41.95056017,-71.27440404
13754,12/3/2014,December,Wednesday,17:19,1,3,0,0,Rear-end,V1: Slowing or stopped in traffic / V2: Slowing or stopped in traffic / V3: Slowing or stopped in traffic,V1: W  / V2: W  / V3: W,Wet,Dark - lighted roadway,Cloudy/Rain,0.2,0.1,40,33,FALSE,41.95130281,-71.27263126
13755,12/3/2014,December,Wednesday,19:34,1,2,0,0,Rear-end,V1: Slowing or stopped in traffic / V2: Travelling straight ahead,V1: S  / V2: S,Dry,Dark - lighted roadway,Clear,0.2,0.1,40,33,FALSE,41.90257898,-71.35602542
13756,12/3/2014,December,Wednesday,20:58,1,2,0,0,Rear-end,V1: Travelling straight ahead / V2: Travelling straight ahead,V1: E  / V2: E,Dry,Dark - lighted roadway,Clear,0.2,0.1,40,33,FALSE,41.91512128,-71.38025781
13757,12/4/2014,December,Thursday,13:31,0,1,0,0,0,V1: Parked,V1: 0,Dry,Daylight,Clear,0.11,0,51,30,TRUE,41.89620071,-71.37038787
13758,12/4/2014,December,Thursday,17:06,1,2,0,0,Angle,V1: Turning left / V2: Travelling straight ahead,V1: E  / V2: N,Dry,Dark - lighted roadway,Clear,0.11,0,51,30,TRUE,41.95180679,-71.2898592
13759,12/4/2014,December,Thursday,17:26,1,2,0,0,Angle,V1: Turning left / V2: Turning left,V1: S  / V2: E,Dry,Dark - lighted roadway,Clear,0.11,0,51,30,TRUE,41.90500517,-71.33616438
13760,12/4/2014,December,Thursday,18:08,1,2,0,0,Angle,V1: Backing / V2: Travelling straight ahead,V1: W  / V2: S,Dry,Dark - lighted roadway,Clear,0.11,0,51,30,TRUE,41.89832132,-71.35496031
13761,12/5/2014,December,Friday,17:11,1,2,0,0,"Sideswipe, same direction",V1: Travelling straight ahead / V2: Changing lanes,V1: S  / V2: S,Dry,Dark - roadway not lighted,Clear,0,0,44,23,TRUE,41.94896349,-71.27713653
13762,12/5/2014,December,Friday,18:25,1,3,0,0,"Sideswipe, same direction",V1: Entering traffic lane / V2: Travelling straight ahead / V3: Travelling straight ahead,V1: S  / V2: S  / V3: S,Dry,Dark - roadway not lighted,Clear,0,0,44,23,TRUE,41.89861001,-71.36943215
13763,12/5/2014,December,Friday,19:15,1,2,0,0,Rear-end,V1: Slowing or stopped in traffic / V2: Slowing or stopped in traffic,V1: S  / V2: S,Dry,Dark - lighted roadway,Clear,0,0,44,23,TRUE,41.89861001,-71.36943215
13764,12/5/2014,December,Friday,21:40,1,2,0,0,Rear-end,V1: Parked / V2: Parked,V1: S  / V2: Reported but invalid,Wet,Dark - lighted roadway,Cloudy/Rain,0,0,44,23,TRUE,41.91449065,-71.36105328
13765,12/6/2014,December,Saturday,0:05,1,2,0,0,Angle,V1: Parked / V2: Turning left,V1: 0 / V2: S,Wet,Dark - lighted roadway,Cloudy/Rain,0.23,0,44,23,TRUE,41.93709127,-71.27569326
13766,12/6/2014,December,Saturday,14:10,1,1,0,0,Single vehicle crash,V1: Travelling straight ahead,V1: N,Wet,Daylight,Rain,0.23,0,44,23,TRUE,34.24438675,-73.6513909