ID,DATE,Month,Day of week,Crash Time,Crash Severity,Number of Vehicles,Total Nonfatal Injuries,Total Fatal Injuries,Manner of Collision,Vehicle Action Prior to Crash,Vehicle Travel Directions,Road Surface Condition,Ambient Light,Weather Condition,PRCP,SNOW,TMAX,TMIN,Ice,Longtitute,Latitute
13767,12/7/2014,December,Sunday,1:08,2,1,1,0,Single vehicle crash,V1: Travelling straight ahead,V1: S,Wet,Dark - lighted roadway,Rain,0.93,0,44,33,FALSE,34.24438675,-73.6513909
13768,12/7/2014,December,Sunday,15:39,1,2,0,0,Rear-end,V1: Slowing or stopped in traffic / V2: Travelling straight ahead,V1: E  / V2: E,Dry,Daylight,Clear,0.93,0,44,33,FALSE,41.95281359,-71.29362391
13769,12/8/2014,December,Monday,21:52,2,1,1,0,Single vehicle crash,V1: Travelling straight ahead,V1: N,Ice,Dark - lighted roadway,Rain,0,0,36,20,TRUE,41.92020205,-71.29859307
13770,12/8/2014,December,Monday,22:25,1,1,0,0,Single vehicle crash,V1: Travelling straight ahead,V1: E,Ice,Dark - lighted roadway,Rain,0,0,36,20,TRUE,41.93276047,-71.29660964
13771,12/9/2014,December,Tuesday,8:35,1,2,0,0,Angle,V1: Overtaking/passing / V2: Travelling straight ahead,V1: E  / V2: E,Wet,Daylight,Rain,0.15,0,42,22,TRUE,41.94752744,-71.2865652
13772,12/9/2014,December,Tuesday,8:43,1,2,0,0,Rear-end,V1: Slowing or stopped in traffic / V2: Slowing or stopped in traffic,V1: E  / V2: E,Wet,Daylight,Rain,0.15,0,42,22,TRUE,41.93393836,-71.3077318
13773,12/9/2014,December,Tuesday,9:03,1,2,0,0,Angle,V1: Entering traffic lane / V2: Travelling straight ahead,V1: S  / V2: W,Wet,Daylight,Cloudy/Rain,0.15,0,42,22,TRUE,41.93525581,-71.27772654
13774,12/9/2014,December,Tuesday,15:10,1,1,0,0,Single vehicle crash,V1: Travelling straight ahead,V1: S,Wet,Daylight,Rain,0.15,0,42,22,TRUE,41.89861001,-71.36943215
13775,12/9/2014,December,Tuesday,15:10,1,1,0,0,Single vehicle crash,V1: Travelling straight ahead,V1: S,Wet,Daylight,Rain,0.15,0,42,22,TRUE,41.89861001,-71.36943215
13776,12/9/2014,December,Tuesday,16:26,1,2,0,0,Angle,V1: Entering traffic lane / V2: Travelling straight ahead,V1: S  / V2: W,Wet,Dark - lighted roadway,Rain,0.15,0,42,22,TRUE,41.94757814,-71.27890389
13777,12/9/2014,December,Tuesday,17:18,2,2,1,0,Rear-end,V1: Slowing or stopped in traffic / V2: Travelling straight ahead,V1: E  / V2: E,Wet,Dark - lighted roadway,Rain,0.15,0,42,22,TRUE,41.93403731,-71.30601704
13778,12/9/2014,December,Tuesday,17:52,1,2,0,0,Angle,V1: Entering traffic lane / V2: Travelling straight ahead,V1: W  / V2: N,Wet,Dark - lighted roadway,Rain,0.15,0,42,22,TRUE,41.95271157,-71.26951043
13779,12/9/2014,December,Tuesday,18:55,2,2,1,0,Angle,V1: Entering traffic lane / V2: Travelling straight ahead,V1: E  / V2: N,Wet,Dark - lighted roadway,Rain,0.15,0,42,22,TRUE,41.95437986,-71.25499915
13780,12/10/2014,December,Wednesday,10:52,1,2,0,0,Angle,V1: Travelling straight ahead / V2: Travelling straight ahead,V1: E  / V2: S,Wet,Daylight,Rain,2.6,0,52,40,FALSE,41.90086769,-71.36799095
13781,12/10/2014,December,Wednesday,17:30,1,1,0,0,Head-on,V1: Turning left,V1: W,0,Dark - lighted roadway,Clear,2.6,0,52,40,FALSE,41.94563994,-71.27937153
13782,12/11/2014,December,Thursday,9:32,2,1,1,0,"Sideswipe, same direction",V1: Travelling straight ahead,V1: S,Dry,Daylight,Cloudy,0.35,0,44,33,FALSE,41.95090811,-71.27361366
13783,12/11/2014,December,Thursday,14:22,2,1,1,0,Single vehicle crash,V1: Travelling straight ahead,V1: S,Wet,Daylight,Snow,0.35,0,44,33,FALSE,41.91739569,-71.35962701
13784,12/11/2014,December,Thursday,15:16,1,2,0,0,Angle,V1: Entering traffic lane / V2: Travelling straight ahead,V1: W  / V2: N,Dry,Daylight,Clear,0.35,0,44,33,FALSE,41.95079497,-71.27389201
13785,12/11/2014,December,Thursday,16:57,2,2,1,0,Angle,V1: Turning left / V2: Travelling straight ahead,V1: E  / V2: W,Dry,Dark - lighted roadway,Clear,0.35,0,44,33,FALSE,41.97015292,-71.29135147
13786,12/11/2014,December,Thursday,17:55,2,1,1,0,Single vehicle crash,V1: Travelling straight ahead,V1: W,Dry,Dark - lighted roadway,Clear,0.35,0,44,33,FALSE,41.93269195,-71.32821357
13787,12/11/2014,December,Thursday,18:00,1,2,0,0,Rear-end,V1: Slowing or stopped in traffic / V2: Travelling straight ahead,V1: N  / V2: N,Dry,Dark - roadway not lighted,Cloudy,0.35,0,44,33,FALSE,41.95428778,-71.31194921
13788,12/11/2014,December,Thursday,19:55,1,2,0,0,Angle,V1: Overtaking/passing / V2: Travelling straight ahead,V1: N  / V2: S,Dry,Dark - lighted roadway,Clear,0.35,0,44,33,FALSE,41.9657768,-71.25967156
13789,12/12/2014,December,Friday,9:59,1,2,0,0,Rear-end,V1: Backing / V2: Slowing or stopped in traffic,V1: W  / V2: W,Dry,Daylight,Clear,0.02,0,35,26,TRUE,41.89910139,-71.35500826
13790,12/12/2014,December,Friday,18:38,1,1,0,0,Single vehicle crash,V1: Travelling straight ahead,V1: E,Dry,Dark - lighted roadway,Clear,0.02,0,35,26,TRUE,41.91696013,-71.37494452
13791,12/12/2014,December,Friday,19:52,1,2,0,0,Angle,V1: Turning left / V2: Travelling straight ahead,V1: E  / V2: W,Dry,Dark - lighted roadway,Clear,0.02,0,35,26,TRUE,41.9483337,-71.27794679
13792,12/13/2014,December,Saturday,10:01,2,1,1,0,Single vehicle crash,V1: Backing,V1: S,Dry,Daylight,Clear,0,0,41,26,TRUE,41.92161419,-71.35782411
13793,12/13/2014,December,Saturday,12:22,2,3,3,0,Angle,V1: Turning left / V2: Travelling straight ahead / V3: Slowing or stopped in traffic,V1: N  / V2: S  / V3: E,Dry,Daylight,Clear,0,0,41,26,TRUE,41.91619723,-71.35885587
13794,12/13/2014,December,Saturday,13:49,2,1,1,0,Angle,V1: Turning left,V1: Reported but invalid,Dry,Daylight,Clear,0,0,41,26,TRUE,41.93518136,-71.28488512
13795,12/13/2014,December,Saturday,15:13,1,2,0,0,Angle,V1: Travelling straight ahead / V2: Travelling straight ahead,V1: W  / V2: S,Dry,Daylight,Clear,0,0,41,26,TRUE,41.94757814,-71.27890389
13796,12/13/2014,December,Saturday,16:00,2,2,2,0,Rear-end,V1: Slowing or stopped in traffic / V2: Entering traffic lane,V1: S  / V2: S,Dry,Daylight,Clear,0,0,41,26,TRUE,41.96941314,-71.2940976
13797,12/13/2014,December,Saturday,17:21,1,1,0,0,Single vehicle crash,V1: Travelling straight ahead,V1: N,Dry,Dark - lighted roadway,Clear,0,0,41,26,TRUE,41.93821188,-71.25002331
13798,12/13/2014,December,Saturday,17:43,2,2,2,0,Angle,V1: Turning left / V2: Travelling straight ahead,V1: N  / V2: S,Dry,Dark - lighted roadway,Clear,0,0,41,26,TRUE,41.9483337,-71.27794679
13799,12/14/2014,December,Sunday,9:40,1,2,0,0,Angle,V1: Backing / V2: Parked,V1: E  / V2: Reported but invalid,Dry,Daylight,Clear,0,0,42,28,TRUE,41.91606516,-71.31980248
13800,12/14/2014,December,Sunday,16:44,1,1,0,0,Single vehicle crash,V1: Travelling straight ahead,V1: S,Dry,Dark - roadway not lighted,Clear,0,0,42,28,TRUE,41.92927403,-71.32377045
13801,12/14/2014,December,Sunday,19:15,1,2,0,0,Rear-end,V1: Travelling straight ahead / V2: Slowing or stopped in traffic,V1: E  / V2: E,Dry,Dark - lighted roadway,Clear,0,0,42,28,TRUE,41.96939377,-71.29355357
13802,12/15/2014,December,Monday,10:31,1,2,0,0,Rear-end,V1: Turning right / V2: Turning right,V1: N  / V2: N,Dry,Daylight,Clear,0,0,46,25,TRUE,41.89908968,-71.35498059
13803,12/15/2014,December,Monday,14:55,1,2,0,0,Rear-end,V1: Travelling straight ahead / V2: Travelling straight ahead,V1: E  / V2: E,Dry,Daylight,Clear,0,0,46,25,TRUE,41.9515834,-71.29702782
13804,12/15/2014,December,Monday,15:09,2,1,1,0,Single vehicle crash,V1: Travelling straight ahead,V1: E,Dry,Daylight,Clear,0,0,46,25,TRUE,41.96694404,-71.29091783
13805,12/16/2014,December,Tuesday,14:03,1,1,0,0,Single vehicle crash,V1: Travelling straight ahead,V1: N,Dry,Daylight,Cloudy,0,0,44,25,TRUE,41.90797756,-71.31768015
13806,12/16/2014,December,Tuesday,15:29,1,2,0,0,Angle,V1: Travelling straight ahead / V2: Entering traffic lane,V1: N  / V2: N,Dry,Daylight,Cloudy,0,0,44,25,TRUE,41.9483337,-71.27794679
13807,12/17/2014,December,Wednesday,16:42,1,1,0,0,Angle,V1: Turning right,V1: E,Dry,Dark - lighted roadway,Clear,0.44,0,45,34,FALSE,41.90296685,-71.33969601
13808,12/17/2014,December,Wednesday,17:36,1,3,0,0,Angle,V1: Travelling straight ahead / V2: Turning left / V3: Slowing or stopped in traffic,V1: W  / V2: N  / V3: S,Dry,Dark - lighted roadway,Clear,0.44,0,45,34,FALSE,41.96939377,-71.29355357
13809,12/17/2014,December,Wednesday,19:41,2,3,1,0,Rear-end,V1: Slowing or stopped in traffic / V2: Slowing or stopped in traffic / V3: Travelling straight ahead,V1: S  / V2: S  / V3: S,Dry,Dark - lighted roadway,Cloudy,0.44,0,45,34,FALSE,41.92051152,-71.35830316
13810,12/17/2014,December,Wednesday,20:39,2,2,2,0,Angle,V1: Travelling straight ahead / V2: Travelling straight ahead,V1: S  / V2: N,Dry,Dark - roadway not lighted,Clear,0.44,0,45,34,FALSE,41.96206395,-71.28805376
13811,12/18/2014,December,Thursday,10:59,1,2,0,0,Rear-end,V1: Travelling straight ahead / V2: Travelling straight ahead,V1: E  / V2: E,Dry,Daylight,Clear,0.04,0,48,35,FALSE,41.89618753,-71.37039513
13812,12/18/2014,December,Thursday,12:19,1,2,0,0,Rear-end,V1: Slowing or stopped in traffic / V2: Slowing or stopped in traffic,V1: N  / V2: N,Dry,Daylight,Clear,0.04,0,48,35,FALSE,41.92675288,-71.34334435
13813,12/18/2014,December,Thursday,15:00,1,3,0,0,Rear-end,V1: Travelling straight ahead / V2: Slowing or stopped in traffic / V3: Slowing or stopped in traffic,V1: E  / V2: E  / V3: E,Dry,Daylight,Cloudy,0.04,0,48,35,FALSE,41.93394954,-71.30903288
13814,12/18/2014,December,Thursday,21:08,1,2,0,0,"Sideswipe, opposite direction",V1: Travelling straight ahead / V2: Travelling straight ahead,V1: W  / V2: E,Dry,Dark - lighted roadway,Clear,0.04,0,48,35,FALSE,41.93207931,-71.29280404
13815,12/19/2014,December,Friday,13:32,2,2,1,0,Angle,V1: Travelling straight ahead / V2: Travelling straight ahead,V1: E  / V2: S,Dry,Daylight,Clear,0.01,0,44,29,TRUE,41.94396167,-71.27662963
13816,12/19/2014,December,Friday,13:57,1,2,0,0,Rear-end,V1: Slowing or stopped in traffic / V2: Slowing or stopped in traffic,V1: E  / V2: E,Dry,Daylight,Cloudy,0.01,0,44,29,TRUE,41.90231124,-71.35597671
13817,12/19/2014,December,Friday,15:16,1,2,0,0,Angle,V1: Travelling straight ahead / V2: Entering traffic lane,V1: N  / V2: E,Dry,Daylight,Clear,0.01,0,44,29,TRUE,41.93840858,-71.28352591
13818,12/20/2014,December,Saturday,13:25,1,1,0,0,Single vehicle crash,V1: Leaving traffic lane,V1: N,Dry,Dark - roadway not lighted,Clear,0,0,36,25,TRUE,41.95683727,-71.30271965
13819,12/21/2014,December,Sunday,11:29,2,1,1,0,Single vehicle crash,V1: Turning left,V1: W,Wet,Daylight,Cloudy/Rain,0.08,0,35,28,TRUE,41.9250735,-71.35622629
13820,12/21/2014,December,Sunday,13:14,1,2,0,0,Rear-end,V1: Travelling straight ahead / V2: Turning left,V1: S  / V2: S,Wet,Daylight,Snow,0.08,0,35,28,TRUE,41.9156749,-71.35896018
13821,12/22/2014,December,Monday,7:58,1,2,0,0,Angle,V1: Turning left / V2: Slowing or stopped in traffic,V1: N  / V2: W,Dry,Daylight,Clear,0.02,0,33,32,TRUE,41.93404812,-71.31577712
13822,12/22/2014,December,Monday,12:19,1,2,0,0,Rear-end,V1: Travelling straight ahead / V2: Slowing or stopped in traffic,V1: N  / V2: N,Dry,Daylight,Rain,0.02,0,33,32,TRUE,41.90140954,-71.35553185
13823,12/22/2014,December,Monday,13:39,1,2,0,0,Rear-end,V1: Travelling straight ahead / V2: Slowing or stopped in traffic,V1: E  / V2: E,Dry,Daylight,Cloudy,0.02,0,33,32,TRUE,41.95265513,-71.26966302
13824,12/22/2014,December,Monday,14:34,1,2,0,0,Rear-end,V1: Travelling straight ahead / V2: Slowing or stopped in traffic,V1: W  / V2: W,0,Daylight,Cloudy,0.02,0,33,32,TRUE,41.93312988,-71.29830297
13825,12/22/2014,December,Monday,16:40,1,2,0,0,Angle,V1: Travelling straight ahead / V2: Turning left,V1: W  / V2: S,Wet,Dark - lighted roadway,Rain,0.02,0,33,32,TRUE,41.89832132,-71.35496031
13826,12/22/2014,December,Monday,16:48,1,2,0,0,Rear-end,V1: Slowing or stopped in traffic / V2: Slowing or stopped in traffic,V1: E  / V2: E,Wet,Dark - lighted roadway,Rain,0.02,0,33,32,TRUE,41.94245198,-71.28698244
13827,12/22/2014,December,Monday,17:16,1,2,0,0,Rear-end,V1: Travelling straight ahead / V2: Travelling straight ahead,V1: N  / V2: N,Wet,Dark - lighted roadway,Rain,0.02,0,33,32,TRUE,41.93533053,-71.28487649
13828,12/22/2014,December,Monday,18:05,1,2,0,0,Angle,V1: Turning left / V2: Travelling straight ahead,V1: S  / V2: N,Wet,Dark - lighted roadway,Rain,0.02,0,33,32,TRUE,41.90998013,-71.35802082
13829,12/22/2014,December,Monday,20:51,1,1,0,0,Single vehicle crash,V1: Travelling straight ahead,V1: S,Wet,Dark - roadway not lighted,Rain,0.02,0,33,32,TRUE,41.96019116,-71.30118086
13830,12/23/2014,December,Tuesday,11:40,1,2,0,0,Rear-end,V1: Travelling straight ahead / V2: Travelling straight ahead,V1: W  / V2: W,Wet,Daylight,Cloudy,0.17,0,44,33,FALSE,41.95287787,-71.26899686
13831,12/23/2014,December,Tuesday,13:21,1,2,0,0,Rear-end,V1: Travelling straight ahead / V2: Slowing or stopped in traffic,V1: E  / V2: E,Wet,Daylight,Rain,0.17,0,44,33,FALSE,41.91779712,-71.36669596
13832,12/23/2014,December,Tuesday,16:57,2,2,2,0,Angle,V1: Turning left / V2: Travelling straight ahead,V1: S  / V2: N,Wet,Dark - lighted roadway,Rain,0.17,0,44,33,FALSE,41.91402282,-71.35905109
13833,12/23/2014,December,Tuesday,17:08,2,2,1,0,Rear-end,V1: Travelling straight ahead / V2: Travelling straight ahead,V1: S  / V2: S,Wet,Dark - lighted roadway,Rain,0.17,0,44,33,FALSE,41.95568257,-71.28823954
13834,12/23/2014,December,Tuesday,17:26,2,1,2,0,Single vehicle crash,V1: Turning left,V1: W,Dry,Dark - lighted roadway,Clear,0.17,0,44,33,FALSE,41.94472176,-71.2812504
13835,12/23/2014,December,Tuesday,19:06,1,1,0,0,Single vehicle crash,V1: Turning right,V1: N,Wet,Dark - lighted roadway,Rain,0.17,0,44,33,FALSE,41.93874704,-71.29215576
13836,12/23/2014,December,Tuesday,22:40,1,2,0,0,Angle,V1: Turning left / V2: Travelling straight ahead,V1: W  / V2: E,Wet,Dark - lighted roadway,Cloudy/Rain,0.17,0,44,33,FALSE,41.96939377,-71.29355357
13837,12/24/2014,December,Wednesday,22:40,1,2,0,0,"Sideswipe, same direction",V1: Travelling straight ahead / V2: Travelling straight ahead,V1: S  / V2: S,0,Dark - lighted roadway,Clear,0.16,0,46,43,FALSE,41.91194929,-71.36233897
13838,12/25/2014,December,Thursday,11:02,1,2,0,0,Angle,V1: Travelling straight ahead / V2: Travelling straight ahead,V1: N  / V2: W,Dry,Daylight,Clear,0.57,0,64,44,FALSE,41.94472176,-71.2812504
13839,12/25/2014,December,Thursday,19:22,1,1,0,0,Single vehicle crash,V1: Travelling straight ahead,V1: N,Dry,Dark - roadway not lighted,Clear,0.57,0,64,44,FALSE,34.24438675,-73.6513909
13840,12/26/2014,December,Friday,5:33,1,2,0,0,"Sideswipe, same direction",V1: Overtaking/passing / V2: Slowing or stopped in traffic,V1: S  / V2: S,Wet,Dark - lighted roadway,Cloudy/Rain,0.17,0,57,35,FALSE,41.95410074,-71.26056496
13841,12/26/2014,December,Friday,13:08,1,3,0,0,Rear-end,V1: Travelling straight ahead / V2: Slowing or stopped in traffic / V3: Slowing or stopped in traffic,V1: S  / V2: S  / V3: S,Dry,Daylight,Clear,0.17,0,57,35,FALSE,41.92161419,-71.35782411
13842,12/26/2014,December,Friday,13:21,1,2,0,0,Rear-end,V1: Turning right / V2: Turning right,V1: S  / V2: S,Dry,Daylight,Clear,0.17,0,57,35,FALSE,41.89903243,-71.355186
13843,12/26/2014,December,Friday,14:53,0,2,0,0,Angle,V1: Parked / V2: 0,V1: Reported but invalid / V2: 0,Dry,Daylight,Clear,0.17,0,57,35,FALSE,41.92582442,-71.34707855
13844,12/26/2014,December,Friday,19:10,1,2,0,0,Rear-end,V1: Slowing or stopped in traffic / V2: Slowing or stopped in traffic,V1: N  / V2: N,Dry,Dark - lighted roadway,Clear,0.17,0,57,35,FALSE,41.91981411,-71.35860614
13845,12/27/2014,December,Saturday,10:41,2,2,3,0,Rear-end,V1: Entering traffic lane / V2: Slowing or stopped in traffic,V1: N  / V2: 0,Dry,Daylight,Clear,0,0,50,27,TRUE,41.89863276,-71.35506105
13846,12/27/2014,December,Saturday,11:29,1,2,0,0,Angle,V1: Turning left / V2: Travelling straight ahead,V1: N  / V2: E,Dry,Daylight,Clear,0,0,50,27,TRUE,41.93386542,-71.30225536
13847,12/27/2014,December,Saturday,20:03,1,2,0,0,Angle,V1: Turning left / V2: Travelling straight ahead,V1: W  / V2: W,Dry,Dark - lighted roadway,Clear,0,0,50,27,TRUE,41.91198775,-71.25914302
13848,12/28/2014,December,Sunday,10:35,2,3,2,0,Rear-end,V1: Travelling straight ahead / V2: Slowing or stopped in traffic / V3: Slowing or stopped in traffic,V1: W  / V2: W  / V3: W,Wet,Daylight,Rain,0,0,54,30,TRUE,41.9486259,-71.27756695
13849,12/28/2014,December,Sunday,10:45,1,1,0,0,Single vehicle crash,V1: Other,V1: S,Wet,Daylight,Cloudy,0,0,54,30,TRUE,41.95524977,-71.30771936
13850,12/28/2014,December,Sunday,11:28,1,2,0,0,Rear-end,V1: Travelling straight ahead / V2: Travelling straight ahead,V1: S  / V2: S,Wet,Daylight,Cloudy,0,0,54,30,TRUE,41.93779791,-71.29348849
13851,12/29/2014,December,Monday,1:30,0,1,0,0,Single vehicle crash,V1: Leaving traffic lane,V1: N,Dry,Dark - lighted roadway,Clear,0.1,0,51,28,TRUE,41.957248,-71.26938581
13852,12/29/2014,December,Monday,13:40,1,2,0,0,Single vehicle crash,V1: 0 / V2: 0,V1: 0 / V2: 0,Dry,Daylight,Clear,0.1,0,51,28,TRUE,41.9550604,-71.30836435
13853,12/29/2014,December,Monday,16:19,2,2,4,0,Angle,V1: Travelling straight ahead / V2: Travelling straight ahead,V1: W  / V2: N,Dry,Daylight,Clear,0.1,0,51,28,TRUE,41.93946861,-71.28168616
13854,12/29/2014,December,Monday,17:22,2,2,1,0,"Sideswipe, same direction",V1: Travelling straight ahead / V2: Travelling straight ahead,V1: S  / V2: S,Dry,Dark - lighted roadway,Clear,0.1,0,51,28,TRUE,41.89903243,-71.355186
13855,12/30/2014,December,Tuesday,14:12,2,1,1,0,Single vehicle crash,V1: Leaving traffic lane,V1: S,Dry,Daylight,Clear,0,0,43,21,TRUE,41.90774854,-71.3320563
13856,12/30/2014,December,Tuesday,14:53,2,2,1,0,Angle,V1: Turning left / V2: Travelling straight ahead,V1: N  / V2: W,Dry,Daylight,Clear,0,0,43,21,TRUE,41.94090056,-71.27350684
13857,12/30/2014,December,Tuesday,14:55,1,2,0,0,Angle,V1: Turning left / V2: Travelling straight ahead,V1: W  / V2: N,Dry,Daylight,Clear,0,0,43,21,TRUE,41.90529604,-71.33573163
13858,12/30/2014,December,Tuesday,18:11,2,2,2,0,Rear-end,V1: Travelling straight ahead / V2: Slowing or stopped in traffic,V1: W  / V2: W,Dry,Dark - lighted roadway,Clear,0,0,43,21,TRUE,41.95428602,-71.28497548
13859,12/31/2014,December,Wednesday,5:51,1,2,0,0,Angle,V1: Leaving traffic lane / V2: Travelling straight ahead,V1: S  / V2: W,Dry,Dark - lighted roadway,Clear,0,0,31,13,TRUE,41.96938372,-71.29416437
13860,12/31/2014,December,Wednesday,11:01,1,3,0,0,Rear-end,V1: Travelling straight ahead / V2: Slowing or stopped in traffic / V3: Slowing or stopped in traffic,V1: E  / V2: E  / V3: E,Dry,Daylight,Clear,0,0,31,13,TRUE,41.96939377,-71.29355357
13861,12/31/2014,December,Wednesday,13:34,1,1,0,0,Single vehicle crash,V1: Leaving traffic lane,V1: S,Dry,Daylight,Clear,0,0,31,13,TRUE,41.96021329,-71.30116682
13862,12/31/2014,December,Wednesday,23:29,1,1,0,0,Single vehicle crash,V1: Travelling straight ahead,V1: W,Dry,Dark - lighted roadway,Clear,0,0,31,13,TRUE,41.95265513,-71.26966302
13863,1/1/2015,January,Thursday,1:35,2,1,1,0,Single vehicle crash,V1: Travelling straight ahead,V1: S,Dry,Dark - lighted roadway,Cloudy,0,0,31,13,TRUE,41.94140605,-71.28436439
13864,1/1/2015,January,Thursday,12:52,1,2,0,0,Rear-end,V1: Travelling straight ahead / V2: Travelling straight ahead,V1: S  / V2: S,Dry,Daylight,Clear,0,0,31,13,TRUE,41.94431166,-71.28140274
13865,1/2/2015,January,Friday,0:01,1,2,0,0,Angle,V1: Parked / V2: Backing,V1: W  / V2: N,Dry,Dark - lighted roadway,Clear,0,0,35,21,TRUE,41.93412084,-71.28250112
13866,1/2/2015,January,Friday,12:18,1,2,0,0,"Sideswipe, same direction",V1: Travelling straight ahead / V2: Travelling straight ahead,V1: S  / V2: S,Dry,Daylight,Clear,0,0,35,21,TRUE,41.93457798,-71.29922805
13867,1/2/2015,January,Friday,13:10,1,2,0,0,Angle,V1: Entering traffic lane / V2: Travelling straight ahead,V1: E  / V2: N,Dry,Daylight,Cloudy,0,0,35,21,TRUE,41.91848762,-71.3388006
13868,1/2/2015,January,Friday,21:44,1,2,0,0,Rear-end,V1: Travelling straight ahead / V2: Turning left,V1: N  / V2: N,Dry,Dark - roadway not lighted,Clear,0,0,35,21,TRUE,41.95180679,-71.2898592
13869,1/3/2015,January,Saturday,16:50,2,2,1,0,Rear-end,V1: Slowing or stopped in traffic / V2: Slowing or stopped in traffic,V1: E  / V2: E,Snow,Dark - lighted roadway,Snow,0,0,41,21,TRUE,41.93152244,-71.29127014
13870,1/3/2015,January,Saturday,17:15,1,2,0,0,Angle,V1: Travelling straight ahead / V2: Leaving traffic lane,V1: N  / V2: E,Ice,Dark - lighted roadway,Snow,0,0,41,21,TRUE,41.94899329,-71.27709861
13871,1/3/2015,January,Saturday,17:48,1,1,0,0,Single vehicle crash,V1: Slowing or stopped in traffic,V1: N,Snow,Dark - lighted roadway,Snow,0,0,41,21,TRUE,41.93637379,-71.32451477
13872,1/3/2015,January,Saturday,18:08,1,1,0,0,Single vehicle crash,V1: Travelling straight ahead,V1: N,Snow,Dark - 0 roadway lighting,Snow,0,0,41,21,TRUE,41.92753918,-71.22353051
13873,1/3/2015,January,Saturday,18:08,1,1,0,0,Single vehicle crash,V1: Travelling straight ahead,V1: N,Snow,Dark - 0 roadway lighting,Snow,0,0,41,21,TRUE,41.92753918,-71.22353051
13874,1/3/2015,January,Saturday,22:14,1,2,0,0,Angle,V1: Travelling straight ahead / V2: Travelling straight ahead,V1: E  / V2: S,Snow,Dark - lighted roadway,Rain,0,0,41,21,TRUE,41.95180679,-71.2898592
13875,1/4/2015,January,Sunday,8:03,1,1,0,0,Single vehicle crash,V1: Travelling straight ahead,V1: W,Slush,Daylight,Snow,0.8,1.2,35,21,TRUE,41.92054648,-71.30916027
13876,1/6/2015,January,Tuesday,17:26,1,3,0,0,Angle,V1: Entering traffic lane / V2: Slowing or stopped in traffic / V3: Slowing or stopped in traffic,V1: E  / V2: S  / V3: S,Snow,Dark - lighted roadway,Snow,0,0,38,13,TRUE,41.8990797,-71.35507779
13877,1/6/2015,January,Tuesday,21:48,2,2,1,0,Rear-end,V1: Travelling straight ahead / V2: Slowing or stopped in traffic,V1: S  / V2: S,Dry,Dark - lighted roadway,Clear,0,0,38,13,TRUE,41.90798898,-71.33787279
13878,1/7/2015,January,Wednesday,14:43,1,2,0,0,"Sideswipe, same direction",V1: Changing lanes / V2: Travelling straight ahead,V1: S  / V2: S,Dry,Daylight,Cloudy,0,0,18,10,TRUE,41.92852012,-71.35410629
13879,1/8/2015,January,Thursday,10:00,2,2,1,0,Rear-end,V1: Travelling straight ahead / V2: Travelling straight ahead,V1: N  / V2: N,Dry,Daylight,Clear,0,0,25,-1,TRUE,41.90374044,-71.35619015
13880,1/8/2015,January,Thursday,10:37,1,1,0,0,Angle,V1: Travelling straight ahead,V1: S,Dry,Daylight,Clear,0,0,25,-1,TRUE,41.90428939,-71.35644913
13881,1/8/2015,January,Thursday,17:04,1,2,0,0,Rear-end,V1: Travelling straight ahead / V2: Parked,V1: E  / V2: E,Dry,Daylight,Clear,0,0,25,-1,TRUE,41.95395992,-71.28274651
13882,1/9/2015,January,Friday,8:19,1,2,0,0,Angle,V1: Travelling straight ahead / V2: Travelling straight ahead,V1: E  / V2: N,Dry,Daylight,Cloudy,0,0,25,-1,TRUE,41.94431166,-71.28140274
13883,1/9/2015,January,Friday,9:32,1,2,0,0,Rear-end,V1: Slowing or stopped in traffic / V2: Travelling straight ahead,V1: E  / V2: E,Snow,Daylight,Snow,0,0,25,-1,TRUE,41.93269195,-71.32821357
13884,1/9/2015,January,Friday,9:36,1,2,0,0,Head-on,V1: Slowing or stopped in traffic / V2: Travelling straight ahead,V1: W  / V2: E,Snow,Daylight,Snow,0,0,25,-1,TRUE,41.93248373,-71.29527524
13885,1/9/2015,January,Friday,9:58,2,1,1,0,Single vehicle crash,V1: Travelling straight ahead,V1: W,Snow,Daylight,Snow,0,0,25,-1,TRUE,41.95276239,-71.29426125
13886,1/9/2015,January,Friday,10:00,2,6,1,0,Angle,V1: Travelling straight ahead / V2: Travelling straight ahead / V3: Travelling straight ahead / V4: Travelling straight ahead / V5: Other / V6: Travelling straight ahead,V1: N  / V2: N  / V3: N  / V4: N  / V5: N  / V6: N,Snow,Daylight,Snow,0,0,25,-1,TRUE,41.90231844,-71.35595143
13887,1/9/2015,January,Friday,10:01,1,1,0,0,Single vehicle crash,V1: Turning left,V1: N,Snow,Daylight,Snow,0,0,25,-1,TRUE,41.91824739,-71.3592669
13888,1/9/2015,January,Friday,12:26,1,1,0,0,Angle,V1: Travelling straight ahead,V1: S,Snow,Daylight,Cloudy,0,0,25,-1,TRUE,41.89861001,-71.36943215