ID,DATE,Month,Day of week,Crash Time,Crash Severity,Number of Vehicles,Total Nonfatal Injuries,Total Fatal Injuries,Manner of Collision,Vehicle Action Prior to Crash,Vehicle Travel Directions,Road Surface Condition,Ambient Light,Weather Condition,PRCP,SNOW,TMAX,TMIN,Ice,Longtitute,Latitute
13889,1/9/2015,January,Friday,14:33,1,2,0,0,Rear-end,V1: Entering traffic lane / V2: Slowing or stopped in traffic,V1: N  / V2: N,Snow,Daylight,Snow,0,0,25,-1,TRUE,41.93393648,-71.31690404
13890,1/9/2015,January,Friday,18:16,2,2,1,0,Rear-end,V1: Travelling straight ahead / V2: Slowing or stopped in traffic,V1: N  / V2: N,Dry,Dark - roadway not lighted,Cloudy,0,0,25,-1,TRUE,34.24438675,-73.6513909
13891,1/9/2015,January,Friday,22:10,1,2,0,0,Single vehicle crash,V1: Slowing or stopped in traffic / V2: Parked,V1: N  / V2: N,Snow,Dark - lighted roadway,Clear,0,0,25,-1,TRUE,41.89558402,-71.36508611
13892,1/9/2015,January,Friday,22:16,2,2,4,0,Angle,V1: Turning left / V2: Travelling straight ahead,V1: E  / V2: W,Wet,Dusk,Clear,0,0,25,-1,TRUE,41.96939377,-71.29355357
13893,1/10/2015,January,Saturday,1:08,1,2,0,0,Rear-end,V1: Travelling straight ahead / V2: Parked,V1: E  / V2: 0,Dry,Dark - lighted roadway,Clear,0.03,0.9,28,6,TRUE,41.94619701,-71.28826503
13894,1/10/2015,January,Saturday,11:51,1,2,0,0,Angle,V1: Turning right / V2: Travelling straight ahead,V1: S  / V2: S,Dry,Daylight,Cloudy,0.03,0.9,28,6,TRUE,41.89618753,-71.37039513
13895,1/10/2015,January,Saturday,13:24,2,4,2,0,Rear-end,V1: Slowing or stopped in traffic / V2: Slowing or stopped in traffic / V3: Slowing or stopped in traffic / V4: Slowing or stopped in traffic,V1: N  / V2: N  / V3: N  / V4: N,Dry,Daylight,Clear,0.03,0.9,28,6,TRUE,41.92014284,-71.35719783
13896,1/10/2015,January,Saturday,16:07,1,2,0,0,Angle,V1: Turning left / V2: Travelling straight ahead,V1: N  / V2: S,Dry,Daylight,Clear,0.03,0.9,28,6,TRUE,41.91026562,-71.36319441
13897,1/10/2015,January,Saturday,21:23,1,2,0,0,Angle,V1: Travelling straight ahead / V2: Backing,V1: E  / V2: E,Dry,Dark - lighted roadway,Clear,0.03,0.9,28,6,TRUE,41.9356386,-71.27975693
13898,1/11/2015,January,Sunday,13:01,1,2,0,0,Rear-end,V1: Travelling straight ahead / V2: Travelling straight ahead,V1: E  / V2: E,Dry,Daylight,Clear,0,0,24,6,TRUE,41.91981411,-71.35860614
13899,1/12/2015,January,Monday,2:22,1,1,0,0,Single vehicle crash,V1: Travelling straight ahead,V1: N,Dry,Dark - lighted roadway,Clear,0,0,36,6,TRUE,41.94292045,-71.27681606
13900,1/12/2015,January,Monday,14:32,1,1,0,0,Single vehicle crash,V1: Turning right,V1: N,Dry,Daylight,Clear,0,0,36,6,TRUE,41.96419273,-71.28929449
13901,1/12/2015,January,Monday,15:51,1,2,0,0,Angle,V1: Turning left / V2: Travelling straight ahead,V1: E  / V2: W,Wet,Daylight,Cloudy/Rain,0,0,36,6,TRUE,41.95010976,-71.27534053
13902,1/12/2015,January,Monday,23:38,1,2,0,0,Angle,V1: Travelling straight ahead / V2: Travelling straight ahead,V1: W  / V2: S,Wet,Dark - lighted roadway,Clear,0,0,36,6,TRUE,41.9250735,-71.35622629
13903,1/13/2015,January,Tuesday,14:54,1,1,0,0,Angle,V1: Turning right,V1: W,Dry,Daylight,Clear,0.31,0,38,22,TRUE,41.89903243,-71.355186
13904,1/13/2015,January,Tuesday,18:57,1,2,0,0,Rear-end,V1: Entering traffic lane / V2: Slowing or stopped in traffic,V1: S  / V2: S,Dry,Dark - lighted roadway,Clear,0.31,0,38,22,TRUE,41.90140566,-71.35552934
13905,1/14/2015,January,Wednesday,9:16,1,2,0,0,Rear-end,V1: Travelling straight ahead / V2: Travelling straight ahead,V1: E  / V2: E,Wet,Daylight,Cloudy,0,0,25,13,TRUE,41.93874704,-71.29215576
13906,1/14/2015,January,Wednesday,16:28,2,2,1,0,Rear-end,V1: Slowing or stopped in traffic / V2: Slowing or stopped in traffic,V1: N  / V2: N,Dry,Daylight,Clear,0,0,25,13,TRUE,41.90086769,-71.36799095
13907,1/15/2015,January,Thursday,0:11,1,1,0,0,Single vehicle crash,V1: Travelling straight ahead,V1: W,Snow,Dark - lighted roadway,Snow,0,0,25,17,TRUE,41.95451461,-71.24992613
13908,1/15/2015,January,Thursday,0:59,1,1,0,0,Single vehicle crash,V1: Leaving traffic lane,V1: N,Snow,Dark - lighted roadway,Snow,0,0,25,17,TRUE,41.93493915,-71.26208933
13909,1/15/2015,January,Thursday,6:39,1,2,0,0,Rear-end,V1: Travelling straight ahead / V2: Slowing or stopped in traffic,V1: N  / V2: N,Wet,Dawn,Cloudy,0,0,25,17,TRUE,41.97002497,-71.29355127
13910,1/15/2015,January,Thursday,8:35,1,3,0,0,Rear-end,V1: Travelling straight ahead / V2: Slowing or stopped in traffic / V3: Slowing or stopped in traffic,V1: S  / V2: S  / V3: S,Dry,Daylight,Cloudy,0,0,25,17,TRUE,41.91711015,-71.37372238
13911,1/15/2015,January,Thursday,9:16,2,1,1,0,Single vehicle crash,V1: Travelling straight ahead,V1: W,Wet,Daylight,Cloudy,0,0,25,17,TRUE,41.92387717,-71.35158914
13912,1/15/2015,January,Thursday,17:09,1,2,0,0,Angle,V1: Travelling straight ahead / V2: Travelling straight ahead,V1: E  / V2: W,Wet,Dark - lighted roadway,Rain,0,0,25,17,TRUE,41.92675288,-71.34334435
13913,1/16/2015,January,Friday,5:28,2,4,3,0,Rear-end,V1: Travelling straight ahead / V2: Travelling straight ahead / V3: Travelling straight ahead / V4: Travelling straight ahead,V1: S  / V2: S  / V3: S  / V4: S,Dry,Dawn,Clear,0.03,0.1,29,19,TRUE,41.89861001,-71.36943215
13914,1/16/2015,January,Friday,6:50,1,3,0,0,Rear-end,V1: Slowing or stopped in traffic / V2: Slowing or stopped in traffic / V3: Travelling straight ahead,V1: S  / V2: S  / V3: S,Dry,Dawn,Clear,0.03,0.1,29,19,TRUE,41.89861001,-71.36943215
13915,1/16/2015,January,Friday,8:14,1,2,0,0,Rear-end,V1: Slowing or stopped in traffic / V2: Travelling straight ahead,V1: N  / V2: N,Dry,Daylight,Clear,0.03,0.1,29,19,TRUE,41.90231124,-71.35597671
13916,1/16/2015,January,Friday,8:15,1,1,0,0,Single vehicle crash,V1: Travelling straight ahead,V1: N,Dry,Daylight,Clear,0.03,0.1,29,19,TRUE,41.95516724,-71.3024037
13917,1/16/2015,January,Friday,9:00,1,2,0,0,Rear-end,V1: Slowing or stopped in traffic / V2: Slowing or stopped in traffic,V1: S  / V2: S,Dry,Daylight,Clear,0.03,0.1,29,19,TRUE,41.90255025,-71.35612621
13918,1/16/2015,January,Friday,12:59,1,2,0,0,Angle,V1: Entering traffic lane / V2: Travelling straight ahead,V1: E  / V2: N,Dry,Daylight,Cloudy,0.03,0.1,29,19,TRUE,41.94396167,-71.27662963
13919,1/16/2015,January,Friday,20:12,1,1,0,0,Single vehicle crash,V1: Slowing or stopped in traffic,V1: N,Dry,Dark - lighted roadway,Clear,0.03,0.1,29,19,TRUE,41.89668897,-71.37011877
13920,1/17/2015,January,Saturday,2:28,1,1,0,0,Single vehicle crash,V1: Travelling straight ahead,V1: N,Dry,Dark - lighted roadway,Clear,0,0,39,7,TRUE,41.92767091,-71.24186615
13921,1/17/2015,January,Saturday,14:55,1,2,0,0,Angle,V1: Travelling straight ahead / V2: Travelling straight ahead,V1: S  / V2: N,Dry,Daylight,Clear,0,0,39,7,TRUE,41.92967926,-71.35358763
13922,1/17/2015,January,Saturday,15:42,1,2,0,0,Angle,V1: Backing / V2: Travelling straight ahead,V1: S  / V2: W,Dry,Daylight,Clear,0,0,39,7,TRUE,41.90978893,-71.31543487
13923,1/17/2015,January,Saturday,16:34,1,2,0,0,Rear-end,V1: Slowing or stopped in traffic / V2: Slowing or stopped in traffic,V1: N  / V2: N,Dry,Dusk,Clear,0,0,39,7,TRUE,41.90241817,-71.35561188
13924,1/17/2015,January,Saturday,23:25,2,2,3,0,Single vehicle crash,V1: Travelling straight ahead / V2: Travelling straight ahead,V1: S  / V2: S,Ice,Dark - lighted roadway,Clear,0,0,39,7,TRUE,41.92093941,-71.24220527
13925,1/18/2015,January,Sunday,10:35,1,2,0,0,Angle,V1: Travelling straight ahead / V2: Travelling straight ahead,V1: S  / V2: W,Wet,Daylight,Rain,0,0,24,7,TRUE,41.94104078,-71.29346158
13926,1/19/2015,January,Monday,4:36,2,1,1,0,Single vehicle crash,V1: Travelling straight ahead,V1: W,Ice,Dark - lighted roadway,Clear,0.19,0,53,24,TRUE,41.94678156,-71.27993214
13927,1/19/2015,January,Monday,13:18,2,2,1,0,Angle,V1: Travelling straight ahead / V2: Travelling straight ahead,V1: W  / V2: S,Dry,Daylight,Clear,0.19,0,53,24,TRUE,41.94121777,-71.2768631
13928,1/19/2015,January,Monday,19:33,2,1,2,0,Single vehicle crash,V1: Travelling straight ahead,V1: N,Dry,Dark - lighted roadway,Clear,0.19,0,53,24,TRUE,41.93882838,-71.29370698
13929,1/20/2015,January,Tuesday,10:00,1,4,0,0,Rear-end,V1: Travelling straight ahead / V2: Travelling straight ahead / V3: Travelling straight ahead / V4: Travelling straight ahead,V1: S  / V2: S  / V3: S  / V4: S,Dry,Daylight,Clear,0,0,43,28,TRUE,41.90261276,-71.35590972
13930,1/21/2015,January,Wednesday,8:13,1,2,0,0,Angle,V1: Travelling straight ahead / V2: Travelling straight ahead,V1: S  / V2: W,Dry,Daylight,Clear,0,0,39,18,TRUE,41.93359015,-71.30040441
13931,1/22/2015,January,Thursday,7:07,2,2,1,0,Rear-end,V1: Slowing or stopped in traffic / V2: Entering traffic lane,V1: E  / V2: E,Dry,Daylight,Cloudy,0,0,34,17,TRUE,41.93403459,-71.32176313
13932,1/23/2015,January,Friday,10:19,2,2,1,0,Rear-end,V1: Travelling straight ahead / V2: Slowing or stopped in traffic,V1: N  / V2: N,Dry,Daylight,Clear,0,0,40,20,TRUE,41.96306612,-71.28865133
13933,1/23/2015,January,Friday,14:59,2,2,3,0,Angle,V1: Travelling straight ahead / V2: Travelling straight ahead,V1: W  / V2: N,Dry,Daylight,Clear,0,0,40,20,TRUE,41.93946861,-71.28168616
13934,1/23/2015,January,Friday,17:16,1,2,0,0,"Sideswipe, opposite direction",V1: Travelling straight ahead / V2: Travelling straight ahead,V1: N  / V2: S,Dry,Dark - lighted roadway,Clear,0,0,40,20,TRUE,41.93918335,-71.28177085
13935,1/23/2015,January,Friday,17:45,1,2,0,0,Rear-end,V1: Slowing or stopped in traffic / V2: Travelling straight ahead,V1: S  / V2: S,Dry,Dark - lighted roadway,Clear,0,0,40,20,TRUE,41.92868913,-71.2843971
13936,1/24/2015,January,Saturday,1:17,2,1,1,0,Single vehicle crash,V1: Travelling straight ahead,V1: S,Dry,Dark - lighted roadway,Clear,0.26,2.7,39,20,TRUE,41.89880429,-71.37713636
13937,1/24/2015,January,Saturday,5:40,1,1,0,0,Single vehicle crash,V1: Travelling straight ahead,V1: S,Snow,Dark - roadway not lighted,Snow,0.26,2.7,39,20,TRUE,41.92126564,-71.33048944
13938,1/24/2015,January,Saturday,6:17,2,1,1,0,Single vehicle crash,V1: Travelling straight ahead,V1: E,Snow,Dark - lighted roadway,Snow,0.26,2.7,39,20,TRUE,41.91138357,-71.32740393
13939,1/24/2015,January,Saturday,6:26,1,1,0,0,Single vehicle crash,V1: Travelling straight ahead,V1: N,Snow,Dark - roadway not lighted,Snow,0.26,2.7,39,20,TRUE,41.90231844,-71.35595143
13940,1/24/2015,January,Saturday,8:06,1,1,0,0,Single vehicle crash,V1: Travelling straight ahead,V1: E,Snow,Daylight,Snow,0.26,2.7,39,20,TRUE,41.92875836,-71.30284225
13941,1/24/2015,January,Saturday,8:44,1,2,0,0,Angle,V1: Overtaking/passing / V2: Travelling straight ahead,V1: N  / V2: N,Snow,Daylight,Snow,0.26,2.7,39,20,TRUE,41.92508738,-71.35628348
13942,1/24/2015,January,Saturday,9:05,1,2,0,0,"Sideswipe, opposite direction",V1: Travelling straight ahead / V2: Parked,V1: E  / V2: 0,Snow,Daylight,Snow,0.26,2.7,39,20,TRUE,41.94774576,-71.28187968
13943,1/24/2015,January,Saturday,9:52,2,2,1,0,"Sideswipe, same direction",V1: Travelling straight ahead / V2: Travelling straight ahead,V1: N  / V2: N,Wet,Daylight,Snow,0.26,2.7,39,20,TRUE,34.24438675,-73.6513909
13944,1/24/2015,January,Saturday,18:37,1,1,0,0,Single vehicle crash,V1: Travelling straight ahead,V1: W,Ice,Dark - lighted roadway,Snow,0.26,2.7,39,20,TRUE,41.92364034,-71.31448108
13945,1/24/2015,January,Saturday,18:53,2,2,3,0,Rear-end,V1: Travelling straight ahead / V2: Travelling straight ahead,V1: E  / V2: E,Ice,Dark - lighted roadway,Snow,0.26,2.7,39,20,TRUE,41.91981411,-71.35860614
13946,1/24/2015,January,Saturday,19:22,1,2,0,0,Angle,V1: Entering traffic lane / V2: Travelling straight ahead,V1: W  / V2: N,Wet,Dark - lighted roadway,Snow,0.26,2.7,39,20,TRUE,41.91449065,-71.36105328
13947,1/24/2015,January,Saturday,19:28,2,1,1,0,Single vehicle crash,V1: Travelling straight ahead,V1: S,Wet,Dark - roadway not lighted,Cloudy,0.26,2.7,39,20,TRUE,41.89869337,-71.36914921
13948,1/24/2015,January,Saturday,19:59,1,1,0,0,Single vehicle crash,V1: Turning right,V1: S,Ice,Dark - roadway not lighted,Snow,0.26,2.7,39,20,TRUE,41.91804559,-71.26608914
13949,1/26/2015,January,Monday,14:59,1,2,0,0,Angle,V1: Turning left / V2: Travelling straight ahead,V1: W  / V2: W,Snow,Daylight,Snow,0,0,38,13,TRUE,41.93406554,-71.30574057
13950,1/26/2015,January,Monday,20:56,1,1,0,0,Single vehicle crash,V1: Travelling straight ahead,V1: E,Snow,Dark - lighted roadway,Snow,0,0,38,13,TRUE,41.94231024,-71.28253433
13951,1/27/2015,January,Tuesday,13:11,1,1,0,0,Single vehicle crash,V1: Parked,V1: S,Snow,Daylight,Snow,1.16,14,28,14,TRUE,41.95064045,-71.27423251
13952,1/27/2015,January,Tuesday,16:06,1,2,0,0,"Sideswipe, opposite direction",V1: Backing / V2: Travelling straight ahead,V1: N  / V2: S,Snow,Daylight,Snow,1.16,14,28,14,TRUE,41.94367966,-71.2832889
13953,1/28/2015,January,Wednesday,12:32,1,2,0,0,Angle,V1: Changing lanes / V2: Travelling straight ahead,V1: E  / V2: E,Snow,Daylight,Snow,0.45,6.8,18,11,TRUE,34.24438675,-73.6513909
13954,1/28/2015,January,Wednesday,23:18,1,2,0,0,Angle,V1: Slowing or stopped in traffic / V2: Turning left,V1: S  / V2: E,Snow,Dark - lighted roadway,Cloudy,0.45,6.8,18,11,TRUE,41.93393836,-71.3077318
13955,1/29/2015,January,Thursday,7:42,1,2,0,0,Rear-end,V1: Slowing or stopped in traffic / V2: Slowing or stopped in traffic,V1: N  / V2: N,Ice,Daylight,Clear,0,0,24,-1,TRUE,41.9250735,-71.35622629
13956,1/29/2015,January,Thursday,7:43,1,1,0,0,Single vehicle crash,V1: Turning right,V1: N,Ice,Dawn,Snow,0,0,24,-1,TRUE,41.90375445,-71.33406143
13957,1/29/2015,January,Thursday,16:19,2,2,1,0,Angle,V1: Turning left / V2: Travelling straight ahead,V1: S  / V2: N,Dry,Daylight,Cloudy,0,0,24,-1,TRUE,41.93094906,-71.30158274
13958,1/29/2015,January,Thursday,17:34,1,2,0,0,"Sideswipe, opposite direction",V1: Parked / V2: Turning right,V1: W  / V2: E,Snow,Dark - lighted roadway,Clear,0,0,24,-1,TRUE,41.93926938,-71.28977263
13959,1/29/2015,January,Thursday,18:05,1,2,0,0,Rear-end,V1: Slowing or stopped in traffic / V2: Travelling straight ahead,V1: S  / V2: S,Dry,Dark - roadway not lighted,Cloudy,0,0,24,-1,TRUE,41.96019116,-71.30118086
13960,1/29/2015,January,Thursday,23:07,1,1,0,0,"Sideswipe, same direction",V1: Travelling straight ahead,V1: S,Wet,Dark - lighted roadway,Cloudy,0,0,24,-1,TRUE,41.90935938,-71.36365972
13961,1/30/2015,January,Friday,14:09,1,2,0,0,Rear-to-rear,V1: Backing / V2: Parked,V1: N  / V2: U,Dry,Daylight,Cloudy,0.01,0,34,-1,TRUE,41.95250372,-71.27005525
13962,1/30/2015,January,Friday,16:37,2,2,2,0,Rear-end,V1: Travelling straight ahead / V2: Turning left,V1: S  / V2: S,Wet,Daylight,Snow,0.01,0,34,-1,TRUE,41.91356192,-71.25827206
13963,1/31/2015,January,Saturday,9:07,2,2,1,0,Rear-end,V1: Travelling straight ahead / V2: Slowing or stopped in traffic,V1: S  / V2: S,Snow,Daylight,Clear,0.06,1,34,11,TRUE,41.94710313,-71.2474795
13964,1/31/2015,January,Saturday,16:47,1,2,0,0,Rear-end,V1: Slowing or stopped in traffic / V2: Travelling straight ahead,V1: S  / V2: S,Dry,Daylight,Cloudy,0.06,1,34,11,TRUE,41.90261276,-71.35590972
13965,2/1/2015,February,Sunday,3:09,1,1,0,0,Single vehicle crash,V1: Leaving traffic lane,V1: N,Dry,Dark - lighted roadway,Clear,0,0,22,4,TRUE,41.95457903,-71.29663876
13966,2/1/2015,February,Sunday,12:59,1,2,0,0,Rear-end,V1: Travelling straight ahead / V2: Travelling straight ahead,V1: E  / V2: E,Other,Daylight,Clear,0,0,22,4,TRUE,41.89903243,-71.355186
13967,2/2/2015,February,Monday,3:14,1,1,0,0,Single vehicle crash,V1: Turning left,V1: N,Snow,Dark - lighted roadway,Snow,0.28,3.4,33,5,TRUE,41.93405012,-71.31579284
13968,2/2/2015,February,Monday,7:19,1,2,0,0,Rear-end,V1: Travelling straight ahead / V2: Travelling straight ahead,V1: N  / V2: N,Snow,Daylight,Snow,0.28,3.4,33,5,TRUE,41.89835459,-71.36941126
13969,2/2/2015,February,Monday,13:19,1,2,0,0,Rear-end,V1: Travelling straight ahead / V2: Slowing or stopped in traffic,V1: S  / V2: S,Snow,Daylight,Snow,0.28,3.4,33,5,TRUE,41.95076301,-71.27397064
13970,2/2/2015,February,Monday,14:15,1,2,0,0,Angle,V1: Backing / V2: Other,V1: N  / V2: E,Snow,Daylight,Snow,0.28,3.4,33,5,TRUE,41.94254637,-71.2868523
13971,2/2/2015,February,Monday,23:15,1,1,0,0,Rear-end,V1: Slowing or stopped in traffic,V1: N,Snow,Dark - lighted roadway,Snow,0.28,3.4,33,5,TRUE,41.9170943,-71.35975551
13972,2/3/2015,February,Tuesday,7:43,1,2,0,0,Rear-end,V1: Travelling straight ahead / V2: Slowing or stopped in traffic,V1: E  / V2: E,Snow,Daylight,Snow,0.88,7.8,32,5,TRUE,34.24438675,-73.6513909
13973,2/3/2015,February,Tuesday,14:51,1,2,0,0,Angle,V1: Travelling straight ahead / V2: Travelling straight ahead,V1: S  / V2: E,Wet,Daylight,Clear,0.88,7.8,32,5,TRUE,41.94292045,-71.27681606
13974,2/4/2015,February,Wednesday,7:32,1,2,0,0,"Sideswipe, same direction",V1: Travelling straight ahead / V2: Parked,V1: W  / V2: W,Snow,Daylight,Cloudy,0,0,25,-1,TRUE,41.91583149,-71.36208194
13975,2/4/2015,February,Wednesday,7:57,1,2,0,0,Angle,V1: Travelling straight ahead / V2: Travelling straight ahead,V1: W  / V2: E,Ice,Daylight,Clear,0,0,25,-1,TRUE,41.98174553,-71.27670495
13976,2/4/2015,February,Wednesday,8:23,0,2,0,0,Head-on,V1: Parked / V2: 0,V1: 0 / V2: 0,Snow,Daylight,Clear,0,0,25,-1,TRUE,41.91538955,-71.31970352
13977,2/4/2015,February,Wednesday,9:03,1,2,0,0,Rear-end,V1: Slowing or stopped in traffic / V2: Travelling straight ahead,V1: N  / V2: N,Dry,Daylight,Cloudy,0,0,25,-1,TRUE,41.95514928,-71.30432065
13978,2/4/2015,February,Wednesday,12:42,1,2,0,0,Rear-end,V1: Travelling straight ahead / V2: Slowing or stopped in traffic,V1: S  / V2: S,Dry,Daylight,Clear,0,0,25,-1,TRUE,41.93407914,-71.32165402
13979,2/5/2015,February,Thursday,1:15,2,1,1,0,Single vehicle crash,V1: Travelling straight ahead,V1: N,Wet,Dark - roadway not lighted,Cloudy,0,0,38,9,TRUE,41.91447113,-71.33453867
13980,2/5/2015,February,Thursday,3:40,1,1,0,0,Single vehicle crash,V1: Travelling straight ahead,V1: N,Dry,Dark - roadway not lighted,Cloudy,0,0,38,9,TRUE,41.90053869,-71.36201959
13981,2/5/2015,February,Thursday,10:48,1,2,0,0,Head-on,V1: Turning right / V2: Travelling straight ahead,V1: W  / V2: E,Snow,Daylight,Snow,0,0,38,9,TRUE,41.95180679,-71.2898592
13982,2/5/2015,February,Thursday,15:57,1,1,0,0,Angle,V1: Backing,V1: S,Snow,Daylight,Clear,0,0,38,9,TRUE,41.93118399,-71.26031362
13983,2/5/2015,February,Thursday,18:12,1,3,0,0,Head-on,V1: Travelling straight ahead / V2: Slowing or stopped in traffic / V3: Slowing or stopped in traffic,V1: S  / V2: N  / V3: N,Dry,Dark - lighted roadway,Clear,0,0,38,9,TRUE,41.96643836,-71.29074265
13984,2/6/2015,February,Friday,7:38,1,2,0,0,Rear-end,V1: Slowing or stopped in traffic / V2: Slowing or stopped in traffic,V1: S  / V2: S,"Sand, mud, dirt, oil, gravel",Daylight,Clear,0.03,1.5,35,0,TRUE,41.9340896,-71.29983557
13985,2/6/2015,February,Friday,8:20,1,1,0,0,Single vehicle crash,V1: Other,V1: W,Snow,Daylight,Clear,0.03,1.5,35,0,TRUE,41.89956012,-71.35528711
13986,2/7/2015,February,Saturday,15:16,1,2,0,0,Rear-end,V1: Slowing or stopped in traffic / V2: Travelling straight ahead,V1: N  / V2: N,Dry,Daylight,Cloudy,0,0,22,1,TRUE,41.92781831,-71.35456449
13987,2/7/2015,February,Saturday,16:29,1,2,0,0,Angle,V1: Travelling straight ahead / V2: Turning left,V1: S  / V2: N,Wet,Daylight,Cloudy,0,0,22,1,TRUE,41.91463957,-71.35904891
13988,2/7/2015,February,Saturday,16:56,1,4,0,0,Rear-end,V1: Travelling straight ahead / V2: Travelling straight ahead / V3: Travelling straight ahead / V4: Travelling straight ahead,V1: S  / V2: S  / V3: S  / V4: S,"Sand, mud, dirt, oil, gravel",Dark - lighted roadway,Cloudy/Rain,0,0,22,1,TRUE,41.92967926,-71.35358763
13989,2/7/2015,February,Saturday,18:51,1,2,0,0,Angle,V1: Travelling straight ahead / V2: Turning left,V1: N  / V2: S,Dry,Dark - roadway not lighted,Clear,0,0,22,1,TRUE,41.92241545,-71.31336866
13990,2/8/2015,February,Sunday,2:37,1,2,0,0,Angle,V1: Entering traffic lane / V2: Travelling straight ahead,V1: W  / V2: N,Snow,Dark - lighted roadway,Snow,0.24,3.8,28,19,TRUE,41.91522266,-71.28239065
13991,2/8/2015,February,Sunday,8:19,1,1,0,0,Single vehicle crash,V1: Leaving traffic lane,V1: S,Snow,Daylight,Snow,0.24,3.8,28,19,TRUE,41.90261276,-71.35590972
13992,2/8/2015,February,Sunday,14:39,2,2,2,0,Rear-end,V1: Travelling straight ahead / V2: Travelling straight ahead,V1: N  / V2: N,Snow,Daylight,Snow,0.24,3.8,28,19,TRUE,41.92298549,-71.35714757
13993,2/8/2015,February,Sunday,15:51,1,1,0,0,Single vehicle crash,V1: Turning right,V1: S,Wet,Daylight,Clear,0.24,3.8,28,19,TRUE,41.93804592,-71.31642932
13994,2/9/2015,February,Monday,7:29,2,2,1,0,Angle,V1: Turning left / V2: Travelling straight ahead,V1: E  / V2: S,Snow,Dawn,Snow,0.3,3,33,15,TRUE,41.95180679,-71.2898592
13995,2/9/2015,February,Monday,9:55,2,2,1,0,Rear-end,V1: Travelling straight ahead / V2: Travelling straight ahead,V1: N  / V2: N,Snow,Daylight,Snow,0.3,3,33,15,TRUE,41.92886018,-71.3230987
13996,2/9/2015,February,Monday,10:11,1,2,0,0,Angle,V1: Turning right / V2: Travelling straight ahead,V1: E  / V2: E,Snow,Daylight,Snow,0.3,3,33,15,TRUE,41.95018028,-71.27519518
13997,2/9/2015,February,Monday,15:07,2,2,1,0,Angle,V1: Backing / V2: Parked,V1: E  / V2: S,Snow,Daylight,Snow,0.3,3,33,15,TRUE,41.95079497,-71.27389201
13998,2/9/2015,February,Monday,21:56,1,1,0,0,"Sideswipe, same direction",V1: Travelling straight ahead,V1: S,Snow,Dark - roadway not lighted,Snow,0.3,3,33,15,TRUE,41.90261276,-71.35590972
13999,2/10/2015,February,Tuesday,11:28,1,2,0,0,Angle,V1: Turning right / V2: Travelling straight ahead,V1: W  / V2: N,Dry,Daylight,Clear,0.6,7.2,33,15,TRUE,41.93118399,-71.26031362
14000,2/10/2015,February,Tuesday,14:35,1,2,0,0,Rear-to-rear,V1: Backing / V2: Parked,V1: S  / V2: 0,Snow,Dark - lighted roadway,Snow,0.6,7.2,33,15,TRUE,41.94214429,-71.28642822
14001,2/10/2015,February,Tuesday,15:24,1,2,0,0,Angle,V1: Turning left / V2: Travelling straight ahead,V1: E  / V2: W,Dry,Daylight,Clear,0.6,7.2,33,15,TRUE,41.94757814,-71.27890389
14002,2/10/2015,February,Tuesday,20:57,1,2,0,0,Angle,V1: Travelling straight ahead / V2: Slowing or stopped in traffic,V1: N  / V2: E,Slush,Dark - lighted roadway,Clear,0.6,7.2,33,15,TRUE,41.94472176,-71.2812504
14003,2/10/2015,February,Tuesday,22:24,1,2,0,0,"Sideswipe, opposite direction",V1: Travelling straight ahead / V2: Travelling straight ahead,V1: S  / V2: N,Snow,Dark - roadway not lighted,Clear,0.6,7.2,33,15,TRUE,41.94670688,-71.27563596
14004,2/11/2015,February,Wednesday,15:34,2,2,1,0,Angle,V1: Turning right / V2: Travelling straight ahead,V1: W  / V2: N,Snow,Daylight,Clear,0,0,31,18,TRUE,41.91463957,-71.35904891
14005,2/11/2015,February,Wednesday,19:12,1,2,0,0,Angle,V1: Travelling straight ahead / V2: Travelling straight ahead,V1: N  / V2: W,Snow,Dark - lighted roadway,Clear,0,0,31,18,TRUE,41.93823112,-71.28076302
14006,2/12/2015,February,Thursday,7:31,2,3,1,0,Rear-end,V1: Travelling straight ahead / V2: Slowing or stopped in traffic / V3: Slowing or stopped in traffic,V1: N  / V2: N  / V3: N,Wet,Daylight,Cloudy,0.03,0.6,24,12,TRUE,41.89947708,-71.35515679
14007,2/12/2015,February,Thursday,7:55,1,2,0,0,Rear-end,V1: Changing lanes / V2: Turning right,V1: S  / V2: S,Wet,Daylight,Cloudy,0.03,0.6,24,12,TRUE,41.91977948,-71.35862075
14008,2/12/2015,February,Thursday,16:00,1,2,0,0,Angle,V1: Entering traffic lane / V2: Travelling straight ahead,V1: W  / V2: E,Snow,Daylight,Clear,0.03,0.6,24,12,TRUE,41.93457798,-71.29922805
14009,2/12/2015,February,Thursday,16:01,1,2,0,0,Angle,V1: Turning left / V2: Turning right,V1: S  / V2: N,Snow,Daylight,Snow,0.03,0.6,24,12,TRUE,41.89470058,-71.37518894
14010,2/12/2015,February,Thursday,16:38,2,3,1,0,Rear-end,V1: Travelling straight ahead / V2: Travelling straight ahead / V3: Travelling straight ahead,V1: S  / V2: S  / V3: S,Wet,Daylight,Snow,0.03,0.6,24,12,TRUE,41.95354482,-71.26647994