ID,DATE,Month,Day of week,Crash Time,Crash Severity,Number of Vehicles,Total Nonfatal Injuries,Total Fatal Injuries,Manner of Collision,Vehicle Action Prior to Crash,Vehicle Travel Directions,Road Surface Condition,Ambient Light,Weather Condition,PRCP,SNOW,TMAX,TMIN,Ice,Longtitute,Latitute
14011,2/13/2015,February,Friday,9:50,1,2,0,0,Angle,V1: Travelling straight ahead / V2: Entering traffic lane,V1: S  / V2: W,Snow,Daylight,Snow,0.02,0.3,31,7,TRUE,41.90042794,-71.34453343
14012,2/13/2015,February,Friday,12:33,2,1,1,0,Single vehicle crash,V1: Travelling straight ahead,V1: N,Wet,Daylight,Clear,0.02,0.3,31,7,TRUE,41.90053869,-71.36201959
14013,2/13/2015,February,Friday,14:26,1,2,0,0,Angle,V1: Travelling straight ahead / V2: Travelling straight ahead,V1: W  / V2: N,Dry,Daylight,Clear,0.02,0.3,31,7,TRUE,41.93823112,-71.28076302
14014,2/13/2015,February,Friday,18:31,2,1,1,0,Single vehicle crash,V1: Travelling straight ahead,V1: N,Dry,Dark - lighted roadway,Cloudy,0.02,0.3,31,7,TRUE,41.94431166,-71.28140274
14015,2/14/2015,February,Saturday,15:20,1,2,0,0,Angle,V1: Travelling straight ahead / V2: Travelling straight ahead,V1: W  / V2: N,Snow,Daylight,Snow,0,0,19,-9,TRUE,41.92900797,-71.28446457
14016,2/14/2015,February,Saturday,15:34,1,1,0,0,Single vehicle crash,V1: Leaving traffic lane,V1: N,Snow,Daylight,Snow,0,0,19,-9,TRUE,41.89863276,-71.35506105
14017,2/14/2015,February,Saturday,16:03,1,2,0,0,Angle,V1: Travelling straight ahead / V2: Turning left,V1: W  / V2: N,Snow,Daylight,Snow,0,0,19,-9,TRUE,41.9486259,-71.27756695
14018,2/15/2015,February,Sunday,10:11,1,2,0,0,Angle,V1: Travelling straight ahead / V2: Backing,V1: N  / V2: N,Snow,Daylight,Snow,0.53,10.6,26,-8,TRUE,41.92852012,-71.35410629
14019,2/15/2015,February,Sunday,16:18,1,2,0,0,Angle,V1: Travelling straight ahead / V2: Travelling straight ahead,V1: N  / V2: S,Snow,Daylight,Snow,0.53,10.6,26,-8,TRUE,41.92045606,-71.29845401
14020,2/15/2015,February,Sunday,18:01,1,2,0,0,Rear-end,V1: Travelling straight ahead / V2: Turning right,V1: S  / V2: S,Snow,Dark - roadway not lighted,Snow,0.53,10.6,26,-8,TRUE,41.90268797,-71.35564921
14021,2/16/2015,February,Monday,3:45,1,1,0,0,Single vehicle crash,V1: Travelling straight ahead,V1: N,Wet,Dark - roadway not lighted,Cloudy,0.16,3.5,21,-4,TRUE,41.95593405,-71.30346756
14022,2/16/2015,February,Monday,6:30,1,2,0,0,Rear-end,V1: Travelling straight ahead / V2: Parked,V1: N  / V2: N,Wet,Dawn,Cloudy,0.16,3.5,21,-4,TRUE,41.92886018,-71.3230987
14023,2/16/2015,February,Monday,7:26,1,2,0,0,Rear-end,V1: Travelling straight ahead / V2: Slowing or stopped in traffic,V1: N  / V2: N,Wet,Daylight,Clear,0.16,3.5,21,-4,TRUE,41.93044785,-71.26035342
14024,2/16/2015,February,Monday,10:12,1,2,0,0,Rear-end,V1: Travelling straight ahead / V2: Slowing or stopped in traffic,V1: W  / V2: W,Snow,Daylight,Clear,0.16,3.5,21,-4,TRUE,41.8991352,-71.35508813
14025,2/16/2015,February,Monday,10:43,1,2,0,0,Angle,V1: Entering traffic lane / V2: Travelling straight ahead,V1: W  / V2: S,Wet,Daylight,Clear,0.16,3.5,21,-4,TRUE,41.93742983,-71.26519759
14026,2/16/2015,February,Monday,18:40,2,2,1,0,Rear-end,V1: Travelling straight ahead / V2: Slowing or stopped in traffic,V1: N  / V2: N,Wet,Dark - lighted roadway,Cloudy,0.16,3.5,21,-4,TRUE,41.92014284,-71.35719783
14027,2/17/2015,February,Tuesday,8:08,2,6,1,0,Head-on,V1: Travelling straight ahead / V2: Parked / V3: Parked / V4: Parked / V5: Parked / V6: Parked,V1: N  / V2: S  / V3: N  / V4: N  / V5: N  / V6: N,Snow,Daylight,Cloudy,0,0,21,-3,TRUE,41.94590068,-71.286322
14028,2/17/2015,February,Tuesday,11:29,1,2,0,0,Angle,V1: Travelling straight ahead / V2: Travelling straight ahead,V1: E  / V2: N,Snow,Daylight,Snow,0,0,21,-3,TRUE,41.94172858,-71.2694315
14029,2/17/2015,February,Tuesday,13:19,1,3,0,0,"Sideswipe, same direction",V1: Travelling straight ahead / V2: Parked / V3: Parked,V1: E  / V2: E  / V3: E,Snow,Daylight,Snow,0,0,21,-3,TRUE,41.94382171,-71.28506735
14030,2/17/2015,February,Tuesday,13:31,1,1,0,0,Single vehicle crash,V1: Travelling straight ahead,V1: N,Dry,Daylight,Clear,0,0,21,-3,TRUE,34.24438675,-73.6513909
14031,2/18/2015,February,Wednesday,5:32,2,2,1,0,"Sideswipe, same direction",V1: Travelling straight ahead / V2: 0,V1: N  / V2: 0,Dry,Dark - roadway not lighted,Clear,0.18,4,23,10,TRUE,41.90053869,-71.36201959
14032,2/18/2015,February,Wednesday,12:40,1,2,0,0,Angle,V1: Travelling straight ahead / V2: Travelling straight ahead,V1: N  / V2: N,Dry,Daylight,Cloudy,0.18,4,23,10,TRUE,41.89835459,-71.36941126
14033,2/18/2015,February,Wednesday,13:55,1,2,0,0,Angle,V1: Entering traffic lane / V2: Travelling straight ahead,V1: W  / V2: N,Snow,Daylight,Clear,0.18,4,23,10,TRUE,41.90964751,-71.36351027
14034,2/18/2015,February,Wednesday,23:22,2,2,2,0,Head-on,V1: Travelling straight ahead / V2: Travelling straight ahead,V1: N  / V2: S,Snow,Dark - roadway not lighted,Snow,0.18,4,23,10,TRUE,41.97880581,-71.27906127
14035,2/19/2015,February,Thursday,6:17,2,2,1,0,Angle,V1: Travelling straight ahead / V2: Travelling straight ahead,V1: S  / V2: S,Dry,Dark - roadway not lighted,Cloudy,0.09,2.5,32,14,TRUE,41.90433577,-71.35012688
14036,2/19/2015,February,Thursday,6:21,1,2,0,0,Angle,V1: Turning left / V2: Travelling straight ahead,V1: W  / V2: N,Ice,Daylight,Snow,0.09,2.5,32,14,TRUE,41.94231024,-71.28253433
14037,2/19/2015,February,Thursday,7:28,1,2,0,0,Head-on,V1: Travelling straight ahead / V2: Travelling straight ahead,V1: N  / V2: S,Ice,Daylight,Clear,0.09,2.5,32,14,TRUE,41.92900668,-71.28444301
14038,2/19/2015,February,Thursday,8:15,2,2,1,0,Angle,V1: Travelling straight ahead / V2: Travelling straight ahead,V1: S  / V2: W,Snow,Daylight,Clear,0.09,2.5,32,14,TRUE,41.90616258,-71.35680295
14039,2/19/2015,February,Thursday,16:04,1,2,0,0,Rear-end,V1: Slowing or stopped in traffic / V2: Slowing or stopped in traffic,V1: E  / V2: E,Dry,Daylight,Clear,0.09,2.5,32,14,TRUE,41.93397761,-71.31903245
14040,2/19/2015,February,Thursday,17:05,1,2,0,0,Head-on,V1: Turning right / V2: Slowing or stopped in traffic,V1: N  / V2: W,Dry,Daylight,Cloudy,0.09,2.5,32,14,TRUE,41.92014284,-71.35719783
14041,2/20/2015,February,Friday,6:55,1,3,0,0,Rear-end,V1: Travelling straight ahead / V2: Travelling straight ahead / V3: Travelling straight ahead,V1: N  / V2: N  / V3: N,Dry,Daylight,Clear,0,0,29,3,TRUE,34.24438675,-73.6513909
14042,2/20/2015,February,Friday,15:13,1,2,0,0,Rear-end,V1: Slowing or stopped in traffic / V2: Travelling straight ahead,V1: W  / V2: W,Wet,Daylight,Clear,0,0,29,3,TRUE,41.89863276,-71.35506105
14043,2/20/2015,February,Friday,17:54,1,2,0,0,Angle,V1: Turning left / V2: Travelling straight ahead,V1: N  / V2: W,Dry,Dark - lighted roadway,Clear,0,0,29,3,TRUE,41.91026562,-71.36319441
14044,2/20/2015,February,Friday,18:20,1,2,0,0,Rear-end,V1: Slowing or stopped in traffic / V2: Slowing or stopped in traffic,V1: S  / V2: S,Dry,Dark - roadway not lighted,Clear,0,0,29,3,TRUE,41.9024767,-71.35600008
14045,2/21/2015,February,Saturday,8:50,1,2,0,0,Angle,V1: Turning left / V2: Travelling straight ahead,V1: W  / V2: N,Dry,Daylight,Clear,0,0,19,-8,TRUE,41.95401985,-71.28889809
14046,2/21/2015,February,Saturday,13:36,2,2,1,0,Angle,V1: Entering traffic lane / V2: Travelling straight ahead,V1: N  / V2: S,0,Daylight,Cloudy,0,0,19,-8,TRUE,41.92827027,-71.3542517
14047,2/21/2015,February,Saturday,14:01,1,2,0,0,Angle,V1: Turning right / V2: Travelling straight ahead,V1: W  / V2: S,Dry,Daylight,Clear,0,0,19,-8,TRUE,41.94087812,-71.27241863
14048,2/21/2015,February,Saturday,15:06,1,2,0,0,Single vehicle crash,V1: Slowing or stopped in traffic / V2: Travelling straight ahead,V1: S  / V2: S,Wet,Daylight,Snow,0,0,19,-8,TRUE,41.92387717,-71.35158914
14049,2/21/2015,February,Saturday,18:09,2,2,2,0,Head-on,V1: Travelling straight ahead / V2: Travelling straight ahead,V1: S  / V2: N,Slush,Dark - lighted roadway,Snow,0,0,19,-8,TRUE,41.93164315,-71.24510822
14050,2/22/2015,February,Sunday,11:40,1,2,0,0,Angle,V1: Turning left / V2: Travelling straight ahead,V1: W  / V2: S,Wet,Daylight,Cloudy,0.47,1.3,35,-7,TRUE,41.90086769,-71.36799095
14051,2/22/2015,February,Sunday,12:53,1,2,0,0,"Sideswipe, opposite direction",V1: Travelling straight ahead / V2: Travelling straight ahead,V1: W  / V2: E,Snow,Daylight,Clear,0.47,1.3,35,-7,TRUE,34.24438675,-73.6513909
14052,2/22/2015,February,Sunday,16:40,1,2,0,0,Rear-end,V1: Travelling straight ahead / V2: Travelling straight ahead,V1: W  / V2: W,Wet,Daylight,Cloudy,0.47,1.3,35,-7,TRUE,41.91943031,-71.36011613
14053,2/23/2015,February,Monday,10:52,1,2,0,0,Angle,V1: Travelling straight ahead / V2: Travelling straight ahead,V1: W  / V2: E,Dry,Daylight,Clear,0.1,2.8,43,26,TRUE,41.91963704,-71.35935
14054,2/23/2015,February,Monday,14:35,1,2,0,0,Rear-end,V1: Travelling straight ahead / V2: Slowing or stopped in traffic,V1: N  / V2: N,Dry,Daylight,Clear,0.1,2.8,43,26,TRUE,41.96643836,-71.29074265
14055,2/23/2015,February,Monday,17:27,1,2,0,0,Angle,V1: Entering traffic lane / V2: Travelling straight ahead,V1: E  / V2: S,Dry,Dusk,Clear,0.1,2.8,43,26,TRUE,41.94121777,-71.2768631
14056,2/24/2015,February,Tuesday,20:18,2,2,1,0,Angle,V1: Travelling straight ahead / V2: Travelling straight ahead,V1: W  / V2: N,Ice,Dark - roadway not lighted,Clear,0,0,28,-7,TRUE,41.92240546,-71.28736593
14057,2/24/2015,February,Tuesday,23:03,1,1,0,0,Single vehicle crash,V1: Turning left,V1: N,Ice,Dark - lighted roadway,Snow,0,0,28,-7,TRUE,41.93899089,-71.25374678
14058,2/25/2015,February,Wednesday,1:47,2,2,1,0,Rear-end,V1: Travelling straight ahead / V2: Travelling straight ahead,V1: W  / V2: W,Snow,Dark - lighted roadway,Snow,0.13,3.7,19,-5,TRUE,41.95451461,-71.24992614
14059,2/25/2015,February,Wednesday,5:48,1,2,0,0,Rear-end,V1: Slowing or stopped in traffic / V2: Turning right,V1: S  / V2: S,Ice,Dawn,Snow,0.13,3.7,19,-5,TRUE,41.9339911,-71.30301574
14060,2/25/2015,February,Wednesday,13:29,1,2,0,0,Rear-end,V1: Travelling straight ahead / V2: Travelling straight ahead,V1: N  / V2: N,Dry,Daylight,Clear,0.13,3.7,19,-5,TRUE,41.95414045,-71.26296554
14061,2/25/2015,February,Wednesday,14:59,2,1,1,0,Single vehicle crash,V1: Travelling straight ahead,V1: W,Dry,Daylight,Clear,0.13,3.7,19,-5,TRUE,41.93608923,-71.296466
14062,2/25/2015,February,Wednesday,17:24,2,2,1,0,Angle,V1: Entering traffic lane / V2: Travelling straight ahead,V1: E  / V2: N,Dry,Daylight,Clear,0.13,3.7,19,-5,TRUE,41.93742983,-71.26519759
14063,2/25/2015,February,Wednesday,22:50,1,1,0,0,Single vehicle crash,V1: Travelling straight ahead,V1: N,Dry,Dark - roadway not lighted,Clear,0.13,3.7,19,-5,TRUE,41.96019116,-71.30118086
14064,2/26/2015,February,Thursday,5:58,2,2,2,0,Rear-end,V1: Slowing or stopped in traffic / V2: Slowing or stopped in traffic,V1: N  / V2: N,Dry,Daylight,Cloudy,0,0,37,13,TRUE,34.24438675,-73.6513909
14065,2/26/2015,February,Thursday,6:55,1,2,0,0,"Sideswipe, same direction",V1: Travelling straight ahead / V2: Travelling straight ahead,V1: N  / V2: N,Dry,Daylight,Clear,0,0,37,13,TRUE,41.95593405,-71.30346756
14066,2/26/2015,February,Thursday,7:50,1,2,0,0,Angle,V1: Backing / V2: Travelling straight ahead,V1: W  / V2: S,Wet,Daylight,Cloudy,0,0,37,13,TRUE,41.9076497,-71.36453092
14067,2/26/2015,February,Thursday,14:32,2,2,1,0,Angle,V1: Entering traffic lane / V2: Travelling straight ahead,V1: W  / V2: N,Wet,Daylight,Cloudy,0,0,37,13,TRUE,41.95032144,-71.27490141
14068,2/26/2015,February,Thursday,16:18,1,1,0,0,Single vehicle crash,V1: Changing lanes,V1: S,Dry,Daylight,Clear,0,0,37,13,TRUE,41.92927403,-71.32377045
14069,2/27/2015,February,Friday,11:03,1,2,0,0,Head-on,V1: Turning left / V2: Travelling straight ahead,V1: S  / V2: N,Dry,Daylight,Clear,0.04,0.6,25,2,TRUE,41.92781831,-71.35456449
14070,2/27/2015,February,Friday,11:37,1,2,0,0,Single vehicle crash,V1: Travelling straight ahead / V2: Travelling straight ahead,V1: S  / V2: N,Dry,Daylight,Clear,0.04,0.6,25,2,TRUE,41.92781831,-71.35456449
14071,2/27/2015,February,Friday,14:05,1,2,0,0,Rear-end,V1: Travelling straight ahead / V2: Slowing or stopped in traffic,V1: E  / V2: E,Dry,Daylight,Clear,0.04,0.6,25,2,TRUE,41.94021848,-71.30088452
14072,2/27/2015,February,Friday,16:10,1,2,0,0,Angle,V1: Entering traffic lane / V2: Travelling straight ahead,V1: W  / V2: N,Dry,Daylight,Clear,0.04,0.6,25,2,TRUE,41.95484304,-71.28856385
14073,2/27/2015,February,Friday,17:14,1,2,0,0,"Sideswipe, opposite direction",V1: Travelling straight ahead / V2: Travelling straight ahead,V1: N  / V2: S,Snow,Daylight,Cloudy,0.04,0.6,25,2,TRUE,41.90736261,-71.31788101
14074,2/27/2015,February,Friday,18:22,1,2,0,0,Head-on,V1: Travelling straight ahead / V2: Travelling straight ahead,V1: N  / V2: S,Snow,Daylight,Clear,0.04,0.6,25,2,TRUE,41.93397975,-71.31145644
14075,2/27/2015,February,Friday,19:53,0,1,0,0,0,V1: Parked,V1: 0,Ice,Dark - lighted roadway,Cloudy,0.04,0.6,25,2,TRUE,41.9210426,-71.35807244
14076,2/27/2015,February,Friday,20:37,1,2,0,0,Angle,V1: Slowing or stopped in traffic / V2: Travelling straight ahead,V1: S  / V2: S,Dry,Dark - lighted roadway,Cloudy,0.04,0.6,25,2,TRUE,41.90474145,-71.31772514
14077,2/28/2015,February,Saturday,11:47,1,2,0,0,Angle,V1: Entering traffic lane / V2: Travelling straight ahead,V1: 0 / V2: 0,Ice,Daylight,Clear,0,0,31,1,TRUE,41.9370756,-71.28238678
14078,2/28/2015,February,Saturday,13:34,1,2,0,0,Rear-end,V1: Travelling straight ahead / V2: Slowing or stopped in traffic,V1: N  / V2: N,Dry,Daylight,Clear,0,0,31,1,TRUE,41.90217475,-71.35579772
14079,2/28/2015,February,Saturday,17:14,1,2,0,0,Angle,V1: Changing lanes / V2: Travelling straight ahead,V1: S  / V2: S,Wet,Daylight,Cloudy,0,0,31,1,TRUE,41.92626385,-71.34598617
14080,2/28/2015,February,Saturday,22:45,1,1,0,0,Single vehicle crash,V1: Travelling straight ahead,V1: N,Dry,Dark - lighted roadway,Clear,0,0,31,1,TRUE,41.90053869,-71.36201959
14081,3/1/2015,March,Sunday,1:01,1,1,0,0,Single vehicle crash,V1: Travelling straight ahead,V1: N,Ice,Dark - lighted roadway,Snow,0,0,33,0,TRUE,41.91329854,-71.30797099
14082,3/1/2015,March,Sunday,19:02,1,2,0,0,Rear-end,V1: Slowing or stopped in traffic / V2: Slowing or stopped in traffic,V1: S  / V2: S,Snow,Dark - lighted roadway,Snow,0,0,33,0,TRUE,41.9079342,-71.35745922
14083,3/1/2015,March,Sunday,19:39,2,2,1,0,Angle,V1: Travelling straight ahead / V2: Travelling straight ahead,V1: W  / V2: S,Snow,Dark - lighted roadway,Snow,0,0,33,0,TRUE,41.89827644,-71.36609866
14084,3/1/2015,March,Sunday,19:40,1,1,0,0,Single vehicle crash,V1: Slowing or stopped in traffic,V1: N,Snow,Dark - lighted roadway,Snow,0,0,33,0,TRUE,41.95026372,-71.2985466
14085,3/1/2015,March,Sunday,22:27,2,1,2,0,Single vehicle crash,V1: Travelling straight ahead,V1: S,Snow,Dark - lighted roadway,Snow,0,0,33,0,TRUE,41.91208531,-71.32654323
14086,3/2/2015,March,Monday,4:00,1,1,0,0,Single vehicle crash,V1: Travelling straight ahead,V1: N,Ice,Dark - roadway not lighted,Snow,0.38,4.6,30,6,TRUE,41.92886018,-71.3230987
14087,3/2/2015,March,Monday,15:36,0,2,0,0,"Sideswipe, opposite direction",V1: Turning right / V2: Parked,V1: 0 / V2: 0,Dry,Daylight,Clear,0.38,4.6,30,6,TRUE,41.95384418,-71.26906083
14088,3/2/2015,March,Monday,21:50,3,1,0,1,Single vehicle crash,V1: Turning left,V1: W,Dry,Dark - lighted roadway,Clear,0.38,4.6,30,6,TRUE,41.9446632,-71.28341486
14089,3/3/2015,March,Tuesday,8:24,1,2,0,0,Rear-end,V1: Entering traffic lane / V2: Slowing or stopped in traffic,V1: E  / V2: E,Wet,Daylight,Clear,0,0,38,11,TRUE,41.93398416,-71.31904724
14090,3/3/2015,March,Tuesday,14:12,2,2,1,0,Angle,V1: Travelling straight ahead / V2: Entering traffic lane,V1: S  / V2: E,Dry,Daylight,Cloudy,0,0,38,11,TRUE,41.91790012,-71.35941335
14091,3/3/2015,March,Tuesday,15:07,1,2,0,0,Rear-end,V1: Travelling straight ahead / V2: Travelling straight ahead,V1: E  / V2: E,Wet,Daylight,Cloudy,0,0,38,11,TRUE,41.93395006,-71.30907995
14092,3/3/2015,March,Tuesday,21:29,1,4,0,0,"Sideswipe, same direction",V1: Travelling straight ahead / V2: Travelling straight ahead / V3: Travelling straight ahead / V4: Travelling straight ahead,V1: S  / V2: S  / V3: S  / V4: S,Snow,Dark - roadway not lighted,Snow,0,0,38,11,TRUE,41.96019116,-71.30118086
14093,3/4/2015,March,Wednesday,7:20,1,2,0,0,Head-on,V1: Travelling straight ahead / V2: Travelling straight ahead,V1: S  / V2: N,Slush,Daylight,Cloudy,0.42,1.6,40,14,TRUE,41.9231384,-71.22902806
14094,3/5/2015,March,Thursday,7:19,1,2,0,0,Angle,V1: Entering traffic lane / V2: Travelling straight ahead,V1: N  / V2: E,Snow,Daylight,Snow,0.11,0.7,44,30,TRUE,41.93400167,-71.31333075
14095,3/5/2015,March,Thursday,7:35,1,2,0,0,Angle,V1: Turning right / V2: Slowing or stopped in traffic,V1: S  / V2: E,Snow,Daylight,Snow,0.11,0.7,44,30,TRUE,41.90498112,-71.31911009
14096,3/5/2015,March,Thursday,9:46,2,2,1,0,Rear-end,V1: Slowing or stopped in traffic / V2: Slowing or stopped in traffic,V1: N  / V2: N,Snow,Daylight,Snow,0.11,0.7,44,30,TRUE,41.9023143,-71.35595636
14097,3/5/2015,March,Thursday,12:05,2,2,1,0,Angle,V1: Travelling straight ahead / V2: Travelling straight ahead,V1: W  / V2: S,Slush,Daylight,Snow,0.11,0.7,44,30,TRUE,41.8995102,-71.35762445
14098,3/5/2015,March,Thursday,12:37,1,3,0,0,Angle,V1: Travelling straight ahead / V2: Travelling straight ahead / V3: Travelling straight ahead,V1: S  / V2: N  / V3: N,Ice,Daylight,Snow,0.11,0.7,44,30,TRUE,41.89863276,-71.35506105
14099,3/5/2015,March,Thursday,14:05,1,2,0,0,Head-on,V1: Travelling straight ahead / V2: Travelling straight ahead,V1: W  / V2: E,Slush,Daylight,Cloudy,0.11,0.7,44,30,TRUE,41.90330575,-71.33304145
14100,3/5/2015,March,Thursday,14:44,1,1,0,0,Single vehicle crash,V1: Slowing or stopped in traffic,V1: N,Ice,Daylight,Cloudy,0.11,0.7,44,30,TRUE,41.94960564,-71.28422336
14101,3/5/2015,March,Thursday,15:05,1,2,0,0,Rear-end,V1: Slowing or stopped in traffic / V2: Travelling straight ahead,V1: E  / V2: E,Snow,Daylight,Snow,0.11,0.7,44,30,TRUE,41.92146327,-71.24044959
14102,3/5/2015,March,Thursday,15:53,1,2,0,0,Rear-end,V1: Slowing or stopped in traffic / V2: Travelling straight ahead,V1: S  / V2: S,Wet,Daylight,Cloudy,0.11,0.7,44,30,TRUE,41.96305817,-71.30018574
14103,3/6/2015,March,Friday,7:04,1,3,0,0,Rear-end,V1: Travelling straight ahead / V2: Slowing or stopped in traffic / V3: Slowing or stopped in traffic,V1: S  / V2: S  / V3: S,Dry,Daylight,Clear,0.18,3,31,6,TRUE,41.96694404,-71.29091783
14104,3/6/2015,March,Friday,12:12,2,1,1,0,Single vehicle crash,V1: Travelling straight ahead,V1: N,0,Daylight,Clear,0.18,3,31,6,TRUE,41.91594423,-71.30461186
14105,3/6/2015,March,Friday,15:45,1,2,0,0,"Sideswipe, same direction",V1: Overtaking/passing / V2: Slowing or stopped in traffic,V1: 0 / V2: 0,Dry,Daylight,Clear,0.18,3,31,6,TRUE,41.94191488,-71.28774208
14106,3/6/2015,March,Friday,16:57,1,2,0,0,Angle,V1: Travelling straight ahead / V2: Travelling straight ahead,V1: W  / V2: S,"Sand, mud, dirt, oil, gravel",Dusk,Clear,0.18,3,31,6,TRUE,41.93269195,-71.32821357
14107,3/6/2015,March,Friday,21:13,1,2,0,0,"Sideswipe, same direction",V1: Travelling straight ahead / V2: Changing lanes,V1: E  / V2: E,Dry,Dark - lighted roadway,Clear,0.18,3,31,6,TRUE,41.95287787,-71.26899686
14108,3/8/2015,March,Sunday,3:26,2,1,2,0,Single vehicle crash,V1: Travelling straight ahead,V1: E,Dry,Dark - lighted roadway,Clear,0,0,37,10,TRUE,41.92056096,-71.35644429
14109,3/8/2015,March,Sunday,11:15,1,1,0,0,Single vehicle crash,V1: Travelling straight ahead,V1: S,Dry,Daylight,Cloudy,0,0,37,10,TRUE,34.24438675,-73.6513909
14110,3/8/2015,March,Sunday,12:38,1,2,0,0,"Sideswipe, opposite direction",V1: Slowing or stopped in traffic / V2: Slowing or stopped in traffic,V1: N  / V2: S,Slush,Daylight,Cloudy,0,0,37,10,TRUE,41.94021848,-71.30088452
14111,3/8/2015,March,Sunday,12:58,1,2,0,0,Angle,V1: Entering traffic lane / V2: Travelling straight ahead,V1: W  / V2: N,Wet,Daylight,Cloudy,0,0,37,10,TRUE,41.90081079,-71.36802017
14112,3/9/2015,March,Monday,8:57,1,2,0,0,Rear-end,V1: Slowing or stopped in traffic / V2: Travelling straight ahead,V1: S  / V2: S,Dry,Daylight,Clear,0,0,45,19,TRUE,41.96643836,-71.29074265
14113,3/9/2015,March,Monday,9:25,1,2,0,0,Angle,V1: Travelling straight ahead / V2: Turning left,V1: N  / V2: W,Dry,Daylight,Clear,0,0,45,19,TRUE,41.96999559,-71.27407849
14114,3/9/2015,March,Monday,13:06,1,2,0,0,Rear-end,V1: Travelling straight ahead / V2: Travelling straight ahead,V1: E  / V2: E,"Sand, mud, dirt, oil, gravel",Daylight,Clear,0,0,45,19,TRUE,41.94540058,-71.27408653
14115,3/9/2015,March,Monday,15:36,1,2,0,0,Angle,V1: Travelling straight ahead / V2: Turning left,V1: E  / V2: N,Dry,Daylight,Clear,0,0,45,19,TRUE,41.9483337,-71.27794679
14116,3/9/2015,March,Monday,19:26,1,2,0,0,Rear-end,V1: Travelling straight ahead / V2: Travelling straight ahead,V1: W  / V2: W,Dry,Dark - roadway not lighted,Clear,0,0,45,19,TRUE,41.92734628,-71.34208364
14117,3/10/2015,March,Tuesday,9:04,1,2,0,0,"Sideswipe, same direction",V1: Travelling straight ahead / V2: Parked,V1: E  / V2: E,Wet,Daylight,Clear,0,0,50,21,TRUE,34.24438675,-73.6513909
14118,3/10/2015,March,Tuesday,18:04,2,2,1,0,Angle,V1: Travelling straight ahead / V2: Turning left,V1: W  / V2: N,Dry,Daylight,Clear,0,0,50,21,TRUE,41.9446632,-71.28341486
14119,3/10/2015,March,Tuesday,19:21,2,2,2,0,Rear-end,V1: Travelling straight ahead / V2: Travelling straight ahead,V1: S  / V2: S,Dry,Dark - roadway not lighted,Clear,0,0,50,21,TRUE,41.92927403,-71.32377045
14120,3/10/2015,March,Tuesday,22:57,2,2,1,0,Rear-end,V1: Travelling straight ahead / V2: Slowing or stopped in traffic,V1: N  / V2: N,"Sand, mud, dirt, oil, gravel",Dark - lighted roadway,Cloudy,0,0,50,21,TRUE,41.93409173,-71.31894301
14121,3/11/2015,March,Wednesday,3:15,1,1,0,0,0,V1: Travelling straight ahead,V1: W,Wet,Dark - lighted roadway,Cloudy,0.23,0,53,24,TRUE,41.92852012,-71.35410629
14122,3/12/2015,March,Thursday,8:39,2,2,1,0,Rear-end,V1: Entering traffic lane / V2: Slowing or stopped in traffic,V1: E  / V2: E,Dry,Daylight,Clear,0,0,60,35,FALSE,41.93394016,-71.31688186
14123,3/12/2015,March,Thursday,16:16,1,3,0,0,Rear-end,V1: Travelling straight ahead / V2: Slowing or stopped in traffic / V3: Slowing or stopped in traffic,V1: S  / V2: S  / V3: S,"Sand, mud, dirt, oil, gravel",Daylight,Clear,0,0,60,35,FALSE,41.91981411,-71.35860614
14124,3/12/2015,March,Thursday,16:59,2,2,2,0,Angle,V1: Turning left / V2: Travelling straight ahead,V1: W  / V2: S,Dry,Daylight,Clear,0,0,60,35,FALSE,41.91325585,-71.3590575
14125,3/13/2015,March,Friday,14:57,1,1,0,0,Single vehicle crash,V1: Travelling straight ahead,V1: E,Dry,Daylight,Clear,0,0,41,19,TRUE,41.95250372,-71.27005525
14126,3/14/2015,March,Saturday,18:19,1,2,0,0,Rear-end,V1: Slowing or stopped in traffic / V2: Slowing or stopped in traffic,V1: N  / V2: N,Wet,Dusk,Rain,0,0,45,20,TRUE,41.91981411,-71.35860614
14127,3/14/2015,March,Saturday,21:50,1,2,0,0,Angle,V1: Travelling straight ahead / V2: Travelling straight ahead,V1: W  / V2: N,Wet,Dark - lighted roadway,Rain,0,0,45,20,TRUE,41.94396167,-71.27662963
14128,3/15/2015,March,Sunday,11:33,1,2,0,0,Angle,V1: Turning right / V2: Turning left,V1: N  / V2: N,Dry,Daylight,Cloudy,1.18,0,45,31,TRUE,41.9250735,-71.35622629
14129,3/15/2015,March,Sunday,15:12,1,2,0,0,Rear-end,V1: Slowing or stopped in traffic / V2: Entering traffic lane,V1: S  / V2: S,Dry,Daylight,Cloudy,1.18,0,45,31,TRUE,41.89903243,-71.355186
14130,3/16/2015,March,Monday,1:09,1,1,0,0,Single vehicle crash,V1: Leaving traffic lane,V1: N,Dry,Dark - lighted roadway,Clear,0.2,0.8,45,26,TRUE,41.94450046,-71.27306088
14131,3/16/2015,March,Monday,17:27,1,3,0,0,Rear-end,V1: Travelling straight ahead / V2: Slowing or stopped in traffic / V3: Slowing or stopped in traffic,V1: N  / V2: N  / V3: N,Dry,Daylight,Clear,0.2,0.8,45,26,TRUE,34.24438675,-73.6513909