ID,DATE,Month,Day of week,Crash Time,Crash Severity,Number of Vehicles,Total Nonfatal Injuries,Total Fatal Injuries,Manner of Collision,Vehicle Action Prior to Crash,Vehicle Travel Directions,Road Surface Condition,Ambient Light,Weather Condition,PRCP,SNOW,TMAX,TMIN,Ice,Longtitute,Latitute
14132,3/17/2015,March,Tuesday,14:55,1,2,0,0,"Sideswipe, same direction",V1: Changing lanes / V2: Travelling straight ahead,V1: N  / V2: N,Dry,Daylight,Clear,0.03,0,47,26,TRUE,41.91035947,-71.36314658
14133,3/17/2015,March,Tuesday,17:28,2,2,1,0,Angle,V1: Travelling straight ahead / V2: Travelling straight ahead,V1: N  / V2: S,Dry,Daylight,Clear,0.03,0,47,26,TRUE,41.91918746,-71.29927116
14134,3/17/2015,March,Tuesday,18:46,1,2,0,0,Rear-end,V1: Slowing or stopped in traffic / V2: Travelling straight ahead,V1: N  / V2: N,Dry,Daylight,Clear,0.03,0,47,26,TRUE,41.90519357,-71.35645648
14135,3/17/2015,March,Tuesday,19:50,1,2,0,0,Angle,V1: Turning right / V2: Parked,V1: N  / V2: S,Dry,Dark - lighted roadway,Cloudy,0.03,0,47,26,TRUE,41.91026562,-71.36319441
14136,3/18/2015,March,Wednesday,17:42,2,2,1,0,Rear-end,V1: Slowing or stopped in traffic / V2: Travelling straight ahead,V1: S  / V2: S,Dry,Daylight,Clear,0.1,0,53,23,TRUE,41.9024767,-71.35600008
14137,3/19/2015,March,Thursday,7:00,1,1,0,0,Single vehicle crash,V1: Travelling straight ahead,V1: S,Other,Daylight,Clear,0,0,34,18,TRUE,41.89861001,-71.36943215
14138,3/19/2015,March,Thursday,8:27,1,2,0,0,Rear-end,V1: Travelling straight ahead / V2: Changing lanes,V1: S  / V2: S,Dry,Daylight,Clear,0,0,34,18,TRUE,41.96019116,-71.30118086
14139,3/19/2015,March,Thursday,9:21,2,1,2,0,Single vehicle crash,V1: Travelling straight ahead,V1: N,Dry,Daylight,Clear,0,0,34,18,TRUE,41.91333838,-71.34043193
14140,3/19/2015,March,Thursday,12:26,1,2,0,0,Rear-end,V1: Travelling straight ahead / V2: Travelling straight ahead,V1: W  / V2: W,Dry,Daylight,Clear,0,0,34,18,TRUE,41.94361429,-71.27453022
14141,3/19/2015,March,Thursday,15:20,1,2,0,0,Angle,V1: Backing / V2: Parked,V1: N  / V2: Reported but invalid,Other,Daylight,Clear,0,0,34,18,TRUE,41.91026562,-71.36319441
14142,3/20/2015,March,Friday,5:28,2,1,1,0,Single vehicle crash,V1: Travelling straight ahead,V1: N,"Sand, mud, dirt, oil, gravel",Dark - lighted roadway,Cloudy,0,0,36,14,TRUE,41.92241545,-71.31336866
14143,3/20/2015,March,Friday,15:33,1,2,0,0,Angle,V1: Entering traffic lane / V2: Travelling straight ahead,V1: W  / V2: N,Dry,Daylight,Cloudy,0,0,36,14,TRUE,41.95059973,-71.27431952
14144,3/20/2015,March,Friday,21:26,1,2,0,0,Angle,V1: Backing / V2: Parked,V1: W  / V2: 0,Snow,Dark - lighted roadway,Snow,0,0,36,14,TRUE,41.94722567,-71.27936732
14145,3/20/2015,March,Friday,22:07,1,1,0,0,Single vehicle crash,V1: Travelling straight ahead,V1: 0,Ice,Dark - lighted roadway,Snow,0,0,36,14,TRUE,41.93507984,-71.26224676
14146,3/20/2015,March,Friday,22:34,2,2,3,0,Angle,V1: Travelling straight ahead / V2: Travelling straight ahead,V1: W  / V2: W,Ice,Dark - roadway not lighted,Snow,0,0,36,14,TRUE,41.90920404,-71.28729549
14147,3/20/2015,March,Friday,23:08,1,1,0,0,Single vehicle crash,V1: Travelling straight ahead,V1: S,Ice,Dark - lighted roadway,Snow,0,0,36,14,TRUE,41.92734177,-71.2850606
14148,3/21/2015,March,Saturday,0:52,1,1,0,0,Single vehicle crash,V1: Travelling straight ahead,V1: S,Wet,Dark - roadway not lighted,Snow,0.09,1,36,15,TRUE,41.90255025,-71.35612621
14149,3/21/2015,March,Saturday,7:30,1,1,0,0,Single vehicle crash,V1: Making U-turn,V1: E,Snow,Daylight,Snow,0.09,1,36,15,TRUE,41.92214093,-71.32631044
14150,3/21/2015,March,Saturday,8:32,1,1,0,0,Single vehicle crash,V1: Turning left,V1: E,Snow,Dark - lighted roadway,Snow,0.09,1,36,15,TRUE,41.93401957,-71.28036831
14151,3/21/2015,March,Saturday,10:52,2,2,1,0,Rear-end,V1: Slowing or stopped in traffic / V2: Slowing or stopped in traffic,V1: N  / V2: N,Wet,Daylight,Cloudy,0.09,1,36,15,TRUE,41.90518893,-71.35645287
14152,3/22/2015,March,Sunday,11:08,0,2,0,0,Rear-end,V1: Backing / V2: Parked,V1: U  / V2: 0,Dry,Other,Clear,0.08,1,41,27,TRUE,41.93709127,-71.27569326
14153,3/23/2015,March,Monday,9:04,0,2,0,0,Rear-to-rear,V1: Backing / V2: Parked,V1: N  / V2: 0,Dry,Daylight,Clear,0,0,35,14,TRUE,41.94695626,-71.28766111
14154,3/23/2015,March,Monday,12:15,1,1,0,0,Single vehicle crash,V1: Travelling straight ahead,V1: W,Dry,Daylight,Clear,0,0,35,14,TRUE,41.92888732,-71.28272241
14155,3/23/2015,March,Monday,23:12,2,1,2,0,Single vehicle crash,V1: Travelling straight ahead,V1: W,Dry,Dark - lighted roadway,Clear,0,0,35,14,TRUE,41.93860766,-71.26115887
14156,3/24/2015,March,Tuesday,15:01,2,1,1,0,Single vehicle crash,V1: Travelling straight ahead,V1: E,Dry,Daylight,Clear,0,0,35,14,TRUE,41.95454637,-71.25223579
14157,3/25/2015,March,Wednesday,11:04,1,2,0,0,Angle,V1: Entering traffic lane / V2: Travelling straight ahead,V1: S  / V2: S,Dry,Daylight,Clear,0,0,40,18,TRUE,41.94958347,-71.27632657
14158,3/26/2015,March,Thursday,2:00,1,1,0,0,Angle,V1: Travelling straight ahead,V1: S,Dry,Dark - lighted roadway,Cloudy,0.05,0,50,20,TRUE,41.91661249,-71.26898675
14159,3/26/2015,March,Thursday,14:48,1,2,0,0,Angle,V1: Parked / V2: Backing,V1: 0 / V2: W,Wet,Daylight,Clear,0.05,0,50,20,TRUE,34.24438675,-73.6513909
14160,3/27/2015,March,Friday,10:19,1,1,0,0,"Sideswipe, same direction",V1: Travelling straight ahead,V1: S,Wet,Daylight,Cloudy/Rain,0.85,0,54,39,FALSE,41.91100547,-71.2578715
14161,3/27/2015,March,Friday,12:01,1,2,0,0,Angle,V1: Turning right / V2: Travelling straight ahead,V1: E  / V2: W,Dry,Daylight,Clear,0.85,0,54,39,FALSE,41.95265513,-71.26966302
14162,3/27/2015,March,Friday,14:34,1,1,0,0,Single vehicle crash,V1: Parked,V1: N,Wet,Daylight,Cloudy,0.85,0,54,39,FALSE,41.89618754,-71.37039513
14163,3/28/2015,March,Saturday,3:12,1,2,0,0,"Sideswipe, same direction",V1: 0 / V2: Travelling straight ahead,V1: N  / V2: N,Dry,Dark - roadway not lighted,Cloudy,0.1,0,41,35,FALSE,41.90231844,-71.35595143
14164,3/28/2015,March,Saturday,11:59,2,2,3,0,Angle,V1: Turning left / V2: Travelling straight ahead,V1: E  / V2: W,Wet,Daylight,Snow,0.1,0,41,35,FALSE,41.91723587,-71.37241026
14165,3/28/2015,March,Saturday,15:06,1,2,0,0,Rear-end,V1: Slowing or stopped in traffic / V2: Travelling straight ahead,V1: N  / V2: N,Dry,Daylight,Clear,0.1,0,41,35,FALSE,41.90217475,-71.35579772
14166,3/29/2015,March,Sunday,15:22,1,2,0,0,Angle,V1: Travelling straight ahead / V2: Travelling straight ahead,V1: E  / V2: N,Dry,Daylight,Clear,0.26,1.2,35,23,TRUE,41.94450501,-71.28411703
14167,3/31/2015,March,Tuesday,14:46,1,2,0,0,Rear-end,V1: Travelling straight ahead / V2: Travelling straight ahead,V1: S  / V2: S,Dry,Daylight,Clear,0,0,46,32,TRUE,41.9472108,-71.28786501
14168,3/31/2015,March,Tuesday,16:35,1,2,0,0,Angle,V1: Changing lanes / V2: Travelling straight ahead,V1: S  / V2: S,Dry,Daylight,Clear,0,0,46,32,TRUE,41.95312956,-71.26820548
14169,4/1/2015,April,Wednesday,8:30,1,3,0,0,Angle,V1: Slowing or stopped in traffic / V2: Slowing or stopped in traffic / V3: Travelling straight ahead,V1: N  / V2: N  / V3: N,Dry,Daylight,Clear,0,0,51,28,TRUE,41.95593405,-71.30346756
14170,4/1/2015,April,Wednesday,12:32,2,2,2,0,Angle,V1: Travelling straight ahead / V2: Turning left,V1: W  / V2: S,Dry,Daylight,Clear,0,0,51,28,TRUE,41.94845803,-71.30212015
14171,4/2/2015,April,Thursday,11:42,1,2,0,0,Angle,V1: Turning left / V2: Parked,V1: N  / V2: U,Dry,Daylight,Cloudy,0,0,50,22,TRUE,41.89832132,-71.35496031
14172,4/2/2015,April,Thursday,17:23,1,1,0,0,Single vehicle crash,V1: Turning right,V1: E,Dry,Daylight,Clear,0,0,50,22,TRUE,41.93676851,-71.27982469
14173,4/3/2015,April,Friday,17:06,1,2,0,0,Rear-end,V1: Travelling straight ahead / V2: Slowing or stopped in traffic,V1: N  / V2: N,Wet,Daylight,Rain,0.02,0,58,25,TRUE,41.95428777,-71.3119492
14174,4/3/2015,April,Friday,22:56,2,1,1,0,Single vehicle crash,V1: Travelling straight ahead,V1: N,Wet,Dark - lighted roadway,Cloudy/Rain,0.02,0,58,25,TRUE,41.92571375,-71.34153106
14175,4/4/2015,April,Saturday,13:00,1,2,0,0,Rear-end,V1: Travelling straight ahead / V2: Travelling straight ahead,V1: E  / V2: E,Dry,Daylight,Clear,0.15,0,58,45,FALSE,41.89618753,-71.37039513
14176,4/4/2015,April,Saturday,14:24,1,2,0,0,"Sideswipe, same direction",V1: Turning right / V2: Travelling straight ahead,V1: N  / V2: N,Dry,Daylight,Cloudy,0.15,0,58,45,FALSE,41.90964751,-71.36351027
14177,4/4/2015,April,Saturday,14:59,0,2,0,0,Angle,V1: Turning right / V2: Parked,V1: E  / V2: 0,Dry,Daylight,Clear,0.15,0,58,45,FALSE,41.92279203,-71.35723949
14178,4/4/2015,April,Saturday,15:10,1,2,0,0,Angle,V1: Backing / V2: Slowing or stopped in traffic,V1: E  / V2: E,Dry,Daylight,Clear,0.15,0,58,45,FALSE,41.94705951,-71.27957967
14179,4/4/2015,April,Saturday,17:03,1,2,0,0,"Sideswipe, same direction",V1: Travelling straight ahead / V2: Entering traffic lane,V1: S  / V2: S,Dry,Daylight,Cloudy,0.15,0,58,45,FALSE,41.90255025,-71.35612621
14180,4/5/2015,April,Sunday,15:51,2,2,1,0,Angle,V1: Travelling straight ahead / V2: Turning left,V1: E  / V2: N,Wet,Daylight,Cloudy/Rain,0,0,54,31,TRUE,41.92073844,-71.31123753
14181,4/6/2015,April,Monday,14:13,2,2,1,0,"Sideswipe, same direction",V1: Travelling straight ahead / V2: Slowing or stopped in traffic,V1: S  / V2: S,Dry,Daylight,Clear,0.08,0,51,31,TRUE,41.96207696,-71.29835824
14182,4/7/2015,April,Tuesday,7:50,1,2,0,0,Rear-end,V1: Travelling straight ahead / V2: Slowing or stopped in traffic,V1: N  / V2: N,Dry,Daylight,Cloudy,0,0,55,33,FALSE,41.91981411,-71.35860614
14183,4/7/2015,April,Tuesday,11:15,2,2,1,0,Rear-end,V1: Travelling straight ahead / V2: Travelling straight ahead,V1: E  / V2: E,Wet,Daylight,Rain,0,0,55,33,FALSE,41.93843051,-71.29261954
14184,4/7/2015,April,Tuesday,14:24,1,3,0,0,Rear-end,V1: Travelling straight ahead / V2: Travelling straight ahead / V3: Travelling straight ahead,V1: N  / V2: N  / V3: N,Dry,Daylight,Clear,0,0,55,33,FALSE,41.96712418,-71.29097941
14185,4/7/2015,April,Tuesday,15:43,1,2,0,0,Angle,V1: Turning left / V2: Travelling straight ahead,V1: S  / V2: N,Dry,Daylight,Clear,0,0,55,33,FALSE,41.9483337,-71.27794679
14186,4/9/2015,April,Thursday,6:09,1,1,0,0,Single vehicle crash,V1: Travelling straight ahead,V1: E,Wet,Daylight,Rain,0.55,0,46,33,FALSE,41.93144222,-71.32068617
14187,4/9/2015,April,Thursday,7:09,1,2,0,0,Rear-end,V1: Travelling straight ahead / V2: Travelling straight ahead,V1: S  / V2: S,Wet,Daylight,Rain,0.55,0,46,33,FALSE,41.96712418,-71.29097941
14188,4/9/2015,April,Thursday,14:22,1,1,0,0,Single vehicle crash,V1: Turning right,V1: S,Dry,Daylight,Clear,0.55,0,46,33,FALSE,41.93424988,-71.31751176
14189,4/9/2015,April,Thursday,20:43,2,3,1,0,"Sideswipe, opposite direction",V1: Travelling straight ahead / V2: Travelling straight ahead / V3: Travelling straight ahead,V1: W  / V2: S  / V3: S,Wet,Dark - lighted roadway,Cloudy,0.55,0,46,33,FALSE,41.92014284,-71.35719783
14190,4/10/2015,April,Friday,7:55,2,2,1,0,Rear-end,V1: Travelling straight ahead / V2: Travelling straight ahead,V1: N  / V2: N,Wet,Daylight,Cloudy/Rain,0.1,0,39,34,FALSE,41.9396344,-71.26732859
14191,4/10/2015,April,Friday,15:04,1,2,0,0,Rear-end,V1: Slowing or stopped in traffic / V2: Entering traffic lane,V1: S  / V2: S,Dry,Daylight,Cloudy,0.1,0,39,34,FALSE,41.90362141,-71.3564145
14192,4/10/2015,April,Friday,16:48,2,1,1,0,Single vehicle crash,V1: Travelling straight ahead,V1: E,Wet,Daylight,Cloudy,0.1,0,39,34,FALSE,41.90940966,-71.36263732
14193,4/10/2015,April,Friday,16:54,1,1,0,0,Single vehicle crash,V1: Travelling straight ahead,V1: S,Wet,Daylight,Rain,0.1,0,39,34,FALSE,41.92753918,-71.22353051
14194,4/12/2015,April,Sunday,21:48,1,1,0,0,Single vehicle crash,V1: Travelling straight ahead,V1: N,Dry,Dark - roadway not lighted,Clear,0,0,59,34,FALSE,41.92886018,-71.3230987
14195,4/13/2015,April,Monday,7:39,2,2,1,0,Angle,V1: Turning left / V2: Travelling straight ahead,V1: S  / V2: W,Dry,Daylight,Clear,0,0,68,34,FALSE,41.96939377,-71.29355357
14196,4/13/2015,April,Monday,7:52,2,2,1,0,Rear-end,V1: Travelling straight ahead / V2: Travelling straight ahead,V1: N  / V2: N,Dry,Daylight,Clear,0,0,68,34,FALSE,41.97015292,-71.29135147
14197,4/13/2015,April,Monday,15:53,1,3,0,0,Angle,V1: Travelling straight ahead / V2: Travelling straight ahead / V3: Travelling straight ahead,V1: S  / V2: S  / V3: S,Dry,Daylight,Clear,0,0,68,34,FALSE,41.96019116,-71.30118086
14198,4/13/2015,April,Monday,18:08,1,1,0,0,Angle,V1: Travelling straight ahead,V1: S,Dry,Daylight,Clear,0,0,68,34,FALSE,41.96019116,-71.30118086
14199,4/13/2015,April,Monday,21:58,1,2,0,0,"Sideswipe, same direction",V1: Travelling straight ahead / V2: Parked,V1: W  / V2: 0,Dry,Dark - lighted roadway,Cloudy,0,0,68,34,FALSE,41.94499193,-71.27949098
14200,4/14/2015,April,Tuesday,7:35,1,1,0,0,0,V1: Backing,V1: N,Dry,Daylight,Cloudy,0,0,68,36,FALSE,41.95484304,-71.28856385
14201,4/14/2015,April,Tuesday,8:54,1,2,0,0,Head-on,V1: Turning left / V2: Slowing or stopped in traffic,V1: E  / V2: W,Wet,Daylight,Rain,0,0,68,36,FALSE,41.94661476,-71.28014357
14202,4/14/2015,April,Tuesday,15:34,1,2,0,0,Rear-end,V1: Slowing or stopped in traffic / V2: Travelling straight ahead,V1: N  / V2: N,Dry,Daylight,Cloudy,0,0,68,36,FALSE,41.95514928,-71.30432065
14203,4/14/2015,April,Tuesday,17:56,1,2,0,0,Angle,V1: Entering traffic lane / V2: Travelling straight ahead,V1: E  / V2: S,Dry,Daylight,Clear,0,0,68,36,FALSE,41.9348634,-71.29887283
14204,4/15/2015,April,Wednesday,7:50,1,3,0,0,"Sideswipe, same direction",V1: Travelling straight ahead / V2: Travelling straight ahead / V3: Travelling straight ahead,V1: S  / V2: S  / V3: S,Dry,Daylight,Clear,0.04,0,68,41,FALSE,41.96019116,-71.30118086
14205,4/15/2015,April,Wednesday,9:05,1,2,0,0,Rear-end,V1: Travelling straight ahead / V2: Slowing or stopped in traffic,V1: W  / V2: W,Dry,Daylight,Clear,0.04,0,68,41,FALSE,41.95397419,-71.25879517
14206,4/15/2015,April,Wednesday,9:20,1,2,0,0,Angle,V1: Entering traffic lane / V2: Travelling straight ahead,V1: W  / V2: N,Dry,Daylight,Clear,0.04,0,68,41,FALSE,41.90081079,-71.36802017
14207,4/15/2015,April,Wednesday,14:00,1,2,0,0,Angle,V1: Travelling straight ahead / V2: Travelling straight ahead,V1: W  / V2: N,Dry,Daylight,Clear,0.04,0,68,41,FALSE,41.90638632,-71.35686316
14208,4/16/2015,April,Thursday,7:00,1,4,0,0,Rear-end,V1: Slowing or stopped in traffic / V2: Slowing or stopped in traffic / V3: Slowing or stopped in traffic / V4: Travelling straight ahead,V1: N  / V2: N  / V3: N  / V4: N,Dry,Daylight,Clear,0,0,71,32,TRUE,34.24438675,-73.6513909
14209,4/16/2015,April,Thursday,7:39,2,1,1,0,Single vehicle crash,V1: Travelling straight ahead,V1: S,Dry,Daylight,Clear,0,0,71,32,TRUE,41.91649569,-71.30362942
14210,4/17/2015,April,Friday,7:14,1,2,0,0,Rear-end,V1: Travelling straight ahead / V2: Slowing or stopped in traffic,V1: N  / V2: N,Wet,Daylight,Rain,0.06,0,65,35,FALSE,41.94430701,-71.30913523
14211,4/18/2015,April,Saturday,1:08,2,1,2,0,Single vehicle crash,V1: Travelling straight ahead,V1: N,Dry,Dark - lighted roadway,Clear,0.09,0,64,41,FALSE,41.9127466,-71.31231941
14212,4/18/2015,April,Saturday,11:23,2,1,1,0,Single vehicle crash,V1: Travelling straight ahead,V1: W,Dry,Daylight,Clear,0.09,0,64,41,FALSE,41.93572295,-71.27318609
14213,4/18/2015,April,Saturday,13:01,1,2,0,0,Rear-end,V1: Slowing or stopped in traffic / V2: Turning right,V1: S  / V2: S,Dry,Daylight,Clear,0.09,0,64,41,FALSE,41.90217475,-71.35579772
14214,4/19/2015,April,Sunday,3:27,2,1,1,0,Single vehicle crash,V1: Travelling straight ahead,V1: S,Dry,Dark - roadway not lighted,Clear,0,0,76,39,FALSE,34.24438675,-73.6513909
14215,4/19/2015,April,Sunday,16:03,1,2,0,0,Angle,V1: Turning left / V2: Travelling straight ahead,V1: N  / V2: S,Dry,Daylight,Clear,0,0,76,39,FALSE,41.90877956,-71.35765064
14216,4/20/2015,April,Monday,15:24,1,2,0,0,"Sideswipe, same direction",V1: Changing lanes / V2: Travelling straight ahead,V1: E  / V2: E,Wet,Daylight,Rain,0,0,58,38,FALSE,41.93359015,-71.30040441
14217,4/20/2015,April,Monday,17:32,1,2,0,0,Rear-end,V1: Travelling straight ahead / V2: Travelling straight ahead,V1: E  / V2: E,Wet,Daylight,Rain,0,0,58,38,FALSE,41.93386542,-71.30225536
14218,4/21/2015,April,Tuesday,14:52,1,3,0,0,Rear-end,V1: Travelling straight ahead / V2: Slowing or stopped in traffic / V3: Slowing or stopped in traffic,V1: N  / V2: N  / V3: N,0,Daylight,Clear,0.69,0,57,42,FALSE,41.94450501,-71.28411703
14219,4/21/2015,April,Tuesday,16:24,1,2,0,0,Rear-end,V1: Entering traffic lane / V2: Slowing or stopped in traffic,V1: E  / V2: E,Dry,Daylight,Clear,0.69,0,57,42,FALSE,41.93394015,-71.316882
14220,4/22/2015,April,Wednesday,7:11,1,1,0,0,Single vehicle crash,V1: Travelling straight ahead,V1: N,Dry,Daylight,Clear,0.03,0,72,38,FALSE,41.90231844,-71.35595143
14221,4/22/2015,April,Wednesday,17:49,1,2,0,0,Angle,V1: Entering traffic lane / V2: Travelling straight ahead,V1: S  / V2: S,Dry,Daylight,Cloudy,0.03,0,72,38,FALSE,41.89903243,-71.355186
14222,4/22/2015,April,Wednesday,20:38,1,2,0,0,Rear-end,V1: Travelling straight ahead / V2: Travelling straight ahead,V1: E  / V2: E,Wet,Dark - lighted roadway,Rain,0.03,0,72,38,FALSE,41.93286991,-71.29707897
14223,4/23/2015,April,Thursday,10:21,2,1,1,0,Single vehicle crash,V1: Travelling straight ahead,V1: W,Dry,Daylight,Clear,0.12,0,67,39,FALSE,41.93482341,-71.29539742
14224,4/23/2015,April,Thursday,21:33,2,2,1,0,Angle,V1: Travelling straight ahead / V2: Travelling straight ahead,V1: W  / V2: N,Dry,Dark - lighted roadway,Cloudy,0.12,0,67,39,FALSE,41.92014284,-71.35719783
14225,4/25/2015,April,Saturday,12:23,1,2,0,0,Angle,V1: Travelling straight ahead / V2: Travelling straight ahead,V1: S  / V2: W,Dry,Daylight,Clear,0,0,55,31,TRUE,41.94396167,-71.27662963
14226,4/25/2015,April,Saturday,15:36,0,2,0,0,Angle,V1: Turning left / V2: Travelling straight ahead,V1: E  / V2: N,Dry,Daylight,Clear,0,0,55,31,TRUE,41.95019519,-71.27516444
14227,4/26/2015,April,Sunday,14:21,1,3,0,0,"Sideswipe, same direction",V1: Slowing or stopped in traffic / V2: Parked / V3: Parked,V1: U  / V2: U  / V3: U,Dry,Daylight,Clear,0,0,57,34,FALSE,41.92279203,-71.35723949
14228,4/26/2015,April,Sunday,15:28,1,2,0,0,Single vehicle crash,V1: Turning left / V2: Travelling straight ahead,V1: W  / V2: E,Dry,Daylight,Clear,0,0,57,34,FALSE,41.92675288,-71.34334435
14229,4/26/2015,April,Sunday,16:12,2,1,1,0,Single vehicle crash,V1: Travelling straight ahead,V1: S,Dry,Daylight,Clear,0,0,57,34,FALSE,41.96019116,-71.30118086
14230,4/27/2015,April,Monday,17:34,1,2,0,0,Rear-end,V1: Slowing or stopped in traffic / V2: Slowing or stopped in traffic,V1: N  / V2: N,Dry,Daylight,Cloudy,0,0,57,40,FALSE,41.92521765,-71.28783389
14231,4/28/2015,April,Tuesday,16:26,2,2,2,0,Angle,V1: Entering traffic lane / V2: Travelling straight ahead,V1: E  / V2: S,Dry,Daylight,Clear,0.24,0,58,41,FALSE,41.94007226,-71.29032337
14232,4/28/2015,April,Tuesday,17:14,1,2,0,0,"Sideswipe, same direction",V1: Entering traffic lane / V2: Entering traffic lane,V1: E  / V2: E,Dry,Daylight,Cloudy,0.24,0,58,41,FALSE,41.95130281,-71.27263126
14233,4/29/2015,April,Wednesday,17:44,2,2,1,0,Rear-end,V1: Slowing or stopped in traffic / V2: Travelling straight ahead,V1: W  / V2: W,Dry,Daylight,Clear,0.01,0,66,43,FALSE,41.94007226,-71.29032337
14234,4/29/2015,April,Wednesday,19:16,1,2,0,0,Rear-end,V1: Travelling straight ahead / V2: Travelling straight ahead,V1: S  / V2: S,Dry,Dusk,Clear,0.01,0,66,43,FALSE,41.90251771,-71.35601024
14235,4/30/2015,April,Thursday,14:11,1,2,0,0,"Sideswipe, same direction",V1: Changing lanes / V2: Travelling straight ahead,V1: N  / V2: N,Dry,Daylight,Clear,0,0,63,45,FALSE,41.92967926,-71.35358763
14236,4/30/2015,April,Thursday,16:31,1,2,0,0,Angle,V1: Travelling straight ahead / V2: Travelling straight ahead,V1: W  / V2: S,Dry,Daylight,Clear,0,0,63,45,FALSE,41.93518136,-71.28488512
14237,4/30/2015,April,Thursday,16:42,1,2,0,0,Angle,V1: Turning left / V2: Travelling straight ahead,V1: N  / V2: E,Dry,Daylight,Clear,0,0,63,45,FALSE,41.93441875,-71.30730117
14238,4/30/2015,April,Thursday,18:09,1,2,0,0,Rear-end,V1: Slowing or stopped in traffic / V2: Travelling straight ahead,V1: N  / V2: N,Dry,Dusk,Cloudy,0,0,63,45,FALSE,34.24438675,-73.6513909
14239,5/1/2015,May,Friday,6:35,2,2,1,0,"Sideswipe, same direction",V1: Travelling straight ahead / V2: Travelling straight ahead,V1: N  / V2: N,0,Dawn,Clear,0,0,64,42,FALSE,41.95593405,-71.30346756
14240,5/1/2015,May,Friday,12:40,1,1,0,0,Single vehicle crash,V1: Leaving traffic lane,V1: S,Dry,Daylight,Clear,0,0,64,42,FALSE,41.91025023,-71.25723267
14241,5/2/2015,May,Saturday,10:40,1,2,0,0,Angle,V1: Travelling straight ahead / V2: Turning right,V1: N  / V2: N,Dry,Daylight,Clear,0,0,58,37,FALSE,41.91248525,-71.31087201
14242,5/2/2015,May,Saturday,13:08,1,2,0,0,"Sideswipe, same direction",V1: Overtaking/passing / V2: Overtaking/passing,V1: S  / V2: S,Dry,Daylight,Clear,0,0,58,37,FALSE,41.94495215,-71.2846593
14243,5/2/2015,May,Saturday,21:19,1,1,0,0,Head-on,V1: Travelling straight ahead,V1: N,Dry,Dark - lighted roadway,Clear,0,0,58,37,FALSE,41.94632647,-71.30513388
14244,5/3/2015,May,Sunday,10:38,1,2,0,0,Angle,V1: Turning left / V2: Travelling straight ahead,V1: S  / V2: N,Dry,Daylight,Clear,0,0,67,39,FALSE,41.92781831,-71.35456449
14245,5/4/2015,May,Monday,6:44,1,2,0,0,Angle,V1: Entering traffic lane / V2: Travelling straight ahead,V1: E  / V2: E,Dry,Daylight,Clear,0,0,72,47,FALSE,41.93404812,-71.31577712
14246,5/4/2015,May,Monday,16:30,1,2,0,0,Rear-end,V1: Travelling straight ahead / V2: Slowing or stopped in traffic,V1: E  / V2: E,Dry,Daylight,Clear,0,0,72,47,FALSE,41.95130281,-71.27263126
14247,5/5/2015,May,Tuesday,14:46,1,2,0,0,Rear-end,V1: Travelling straight ahead / V2: Travelling straight ahead,V1: S  / V2: S,Dry,Daylight,Clear,0,0,80,50,FALSE,41.9348736,-71.29885849
14248,5/5/2015,May,Tuesday,16:47,1,2,0,0,Angle,V1: Turning left / V2: Travelling straight ahead,V1: W  / V2: S,Dry,Daylight,Clear,0,0,80,50,FALSE,41.90086769,-71.36799095
14249,5/5/2015,May,Tuesday,22:48,1,1,0,0,Single vehicle crash,V1: Turning right,V1: W,Dry,Dark - lighted roadway,Clear,0,0,80,50,FALSE,41.97015292,-71.29135147
14250,5/6/2015,May,Wednesday,7:35,1,2,0,0,Head-on,V1: Turning left / V2: Travelling straight ahead,V1: W  / V2: N,Dry,Daylight,Clear,0,0,79,54,FALSE,41.93791223,-71.27222085
14251,5/6/2015,May,Wednesday,8:54,1,2,0,0,Rear-end,V1: Slowing or stopped in traffic / V2: Slowing or stopped in traffic,V1: W  / V2: W,Dry,Daylight,Clear,0,0,79,54,FALSE,41.93269195,-71.32821357
14252,5/6/2015,May,Wednesday,9:19,1,1,0,0,Single vehicle crash,V1: Other,V1: N,Dry,Daylight,Clear,0,0,79,54,FALSE,41.94799021,-71.28664034
14253,5/6/2015,May,Wednesday,13:32,1,2,0,0,"Sideswipe, same direction",V1: Turning right / V2: Slowing or stopped in traffic,V1: N  / V2: E,Dry,Daylight,Clear,0,0,79,54,FALSE,41.94472176,-71.2812504
14254,5/6/2015,May,Wednesday,15:19,1,2,0,0,Angle,V1: Overtaking/passing / V2: Turning right,V1: S  / V2: S,Dry,Daylight,Clear,0,0,79,54,FALSE,41.93996495,-71.26759253
14255,5/6/2015,May,Wednesday,16:30,2,2,1,0,Rear-end,V1: Travelling straight ahead / V2: Slowing or stopped in traffic,V1: W  / V2: W,Dry,Daylight,Clear,0,0,79,54,FALSE,41.93397342,-71.31098319
14256,5/6/2015,May,Wednesday,22:38,1,1,0,0,Single vehicle crash,V1: Travelling straight ahead,V1: E,Dry,Dark - roadway not lighted,Clear,0,0,79,54,FALSE,41.93596685,-71.32655954
14257,5/7/2015,May,Thursday,8:34,1,2,0,0,"Sideswipe, same direction",V1: Overtaking/passing / V2: Entering traffic lane,V1: S  / V2: S,Dry,Daylight,Clear,0,0,75,42,FALSE,41.91466585,-71.31958394
14258,5/7/2015,May,Thursday,9:28,0,2,0,0,Angle,V1: Turning left / V2: Travelling straight ahead,V1: S  / V2: N,Dry,Daylight,Clear,0,0,75,42,FALSE,41.95484304,-71.28856385