ID,DATE,Month,Day of week,Crash Time,Crash Severity,Number of Vehicles,Total Nonfatal Injuries,Total Fatal Injuries,Manner of Collision,Vehicle Action Prior to Crash,Vehicle Travel Directions,Road Surface Condition,Ambient Light,Weather Condition,PRCP,SNOW,TMAX,TMIN,Ice,Longtitute,Latitute
14259,5/7/2015,May,Thursday,12:10,2,2,1,0,Angle,V1: Travelling straight ahead / V2: Travelling straight ahead,V1: E  / V2: S,Dry,Daylight,Clear,0,0,75,42,FALSE,41.94121777,-71.2768631
14260,5/7/2015,May,Thursday,14:52,1,2,0,0,Rear-end,V1: Travelling straight ahead / V2: Travelling straight ahead,V1: E  / V2: E,Dry,Daylight,Clear,0,0,75,42,FALSE,41.93358571,-71.32352844
14261,5/7/2015,May,Thursday,15:48,1,2,0,0,Angle,V1: Travelling straight ahead / V2: Travelling straight ahead,V1: W  / V2: N,Dry,Daylight,Clear,0,0,75,42,FALSE,41.94231024,-71.28253433
14262,5/7/2015,May,Thursday,20:45,1,2,0,0,Angle,V1: Travelling straight ahead / V2: Turning left,V1: W  / V2: N,Dry,Dark - lighted roadway,Clear,0,0,75,42,FALSE,41.93359015,-71.30040441
14263,5/8/2015,May,Friday,7:52,1,2,0,0,Angle,V1: Travelling straight ahead / V2: Travelling straight ahead,V1: W  / V2: S,Dry,Daylight,Clear,0,0,85,49,FALSE,41.94512722,-71.28855145
14264,5/8/2015,May,Friday,8:22,1,2,0,0,Rear-to-rear,V1: Parked / V2: Backing,V1: W  / V2: W,Dry,Daylight,Clear,0,0,85,49,FALSE,41.9051903,-71.32603855
14265,5/9/2015,May,Saturday,12:54,1,2,0,0,Rear-end,V1: Travelling straight ahead / V2: Travelling straight ahead,V1: S  / V2: S,Dry,Daylight,Clear,0,0,80,46,FALSE,41.92639157,-71.35556191
14266,5/10/2015,May,Sunday,12:07,1,2,0,0,Rear-end,V1: Making U-turn / V2: Parked,V1: S  / V2: 0,Dry,Daylight,Clear,0,0,77,47,FALSE,41.90919831,-71.28849397
14267,5/11/2015,May,Monday,8:30,2,1,1,0,Single vehicle crash,V1: Travelling straight ahead,V1: N,Dry,Daylight,Clear,0,0,88,63,FALSE,41.8953793,-71.37499095
14268,5/11/2015,May,Monday,8:36,1,1,0,0,Single vehicle crash,V1: Travelling straight ahead,V1: N,Dry,Daylight,Clear,0,0,88,63,FALSE,41.93381745,-71.24890788
14269,5/11/2015,May,Monday,10:26,1,2,0,0,Rear-end,V1: Travelling straight ahead / V2: Slowing or stopped in traffic,V1: N  / V2: N,Dry,Daylight,Clear,0,0,88,63,FALSE,41.92446027,-71.28906707
14270,5/11/2015,May,Monday,12:12,1,2,0,0,"Sideswipe, same direction",V1: Turning right / V2: Travelling straight ahead,V1: W  / V2: W,Dry,Daylight,Clear,0,0,88,63,FALSE,41.94705951,-71.27957967
14271,5/11/2015,May,Monday,18:20,2,1,1,0,Single vehicle crash,V1: Travelling straight ahead,V1: W,Dry,Daylight,Clear,0,0,88,63,FALSE,41.91232419,-71.2681305
14272,5/11/2015,May,Monday,22:20,1,2,0,0,"Sideswipe, same direction",V1: Travelling straight ahead / V2: 0,V1: N  / V2: 0,Dry,Dark - roadway not lighted,Cloudy,0,0,88,63,FALSE,41.89693149,-71.3730013
14273,5/12/2015,May,Tuesday,2:47,1,1,0,0,Single vehicle crash,V1: Travelling straight ahead,V1: E,Wet,Dark - lighted roadway,Rain,0.22,0,87,51,FALSE,41.91044592,-71.28309302
14274,5/12/2015,May,Tuesday,3:10,1,1,0,0,Single vehicle crash,V1: Travelling straight ahead,V1: N,Dry,Dark - roadway not lighted,Clear,0.22,0,87,51,FALSE,41.91308886,-71.33566163
14275,5/12/2015,May,Tuesday,8:35,1,1,0,0,Single vehicle crash,V1: Travelling straight ahead,V1: E,Dry,Daylight,Clear,0.22,0,87,51,FALSE,41.94472048,-71.28234894
14276,5/12/2015,May,Tuesday,17:18,2,3,1,0,Rear-end,V1: Travelling straight ahead / V2: Slowing or stopped in traffic / V3: Travelling straight ahead,V1: S  / V2: S  / V3: S,Dry,Daylight,Clear,0.22,0,87,51,FALSE,41.95437986,-71.25499915
14277,5/13/2015,May,Wednesday,7:33,1,2,0,0,Rear-end,V1: Entering traffic lane / V2: Entering traffic lane,V1: E  / V2: E,Dry,Daylight,Clear,0,0,85,53,FALSE,41.93400377,-71.31615871
14278,5/13/2015,May,Wednesday,15:40,1,3,0,0,Rear-end,V1: Travelling straight ahead / V2: Slowing or stopped in traffic / V3: Slowing or stopped in traffic,V1: N  / V2: N  / V3: N,Dry,Daylight,Clear,0,0,85,53,FALSE,41.95354482,-71.26647994
14279,5/14/2015,May,Thursday,8:13,1,2,0,0,Rear-end,V1: Travelling straight ahead / V2: Slowing or stopped in traffic,V1: E  / V2: E,Dry,Daylight,Clear,0,0,69,41,FALSE,41.92574085,-71.35879143
14280,5/14/2015,May,Thursday,13:55,1,2,0,0,Angle,V1: Turning left / V2: Travelling straight ahead,V1: W  / V2: E,Dry,Daylight,Clear,0,0,69,41,FALSE,41.96943481,-71.29290798
14281,5/15/2015,May,Friday,9:50,1,2,0,0,Rear-end,V1: Slowing or stopped in traffic / V2: Turning left,V1: S  / V2: S,Dry,Daylight,Clear,0,0,74,41,FALSE,41.90564025,-71.35665923
14282,5/15/2015,May,Friday,19:26,2,2,4,0,Angle,V1: Turning right / V2: Travelling straight ahead,V1: S  / V2: W,0,Daylight,Cloudy,0,0,74,41,FALSE,41.92616865,-71.3603011
14283,5/15/2015,May,Friday,19:56,1,2,0,0,Rear-end,V1: Slowing or stopped in traffic / V2: Travelling straight ahead,V1: E  / V2: E,Dry,Dusk,Clear,0,0,74,41,FALSE,41.93269195,-71.32821357
14284,5/16/2015,May,Saturday,5:02,2,1,1,0,Head-on,V1: Travelling straight ahead,V1: N,Dry,Dawn,Cloudy,0,0,74,47,FALSE,41.93623387,-71.28481203
14285,5/16/2015,May,Saturday,10:19,1,1,0,0,Single vehicle crash,V1: Other,V1: W,Dry,Daylight,Clear,0,0,74,47,FALSE,41.94289091,-71.27080446
14286,5/16/2015,May,Saturday,17:05,2,2,1,0,Angle,V1: Entering traffic lane / V2: Travelling straight ahead,V1: E  / V2: S,Dry,Daylight,Cloudy,0,0,74,47,FALSE,41.91026562,-71.36319441
14287,5/16/2015,May,Saturday,17:58,1,2,0,0,Single vehicle crash,V1: Travelling straight ahead / V2: Slowing or stopped in traffic,V1: S  / V2: S,Dry,Daylight,Cloudy,0,0,74,47,FALSE,41.9170943,-71.35975551
14288,5/17/2015,May,Sunday,22:42,1,1,0,0,Single vehicle crash,V1: Travelling straight ahead,V1: W,Dry,Dark - lighted roadway,Clear,0,0,71,55,FALSE,41.95026372,-71.2985466
14289,5/18/2015,May,Monday,3:04,1,1,0,0,Single vehicle crash,V1: Travelling straight ahead,V1: S,Dry,Dark - roadway not lighted,Clear,0,0,83,51,FALSE,41.92927403,-71.32377045
14290,5/18/2015,May,Monday,9:00,2,1,1,0,Single vehicle crash,V1: Travelling straight ahead,V1: W,Dry,Daylight,Clear,0,0,83,51,FALSE,41.93724336,-71.25618098
14291,5/18/2015,May,Monday,12:48,1,2,0,0,Rear-end,V1: Travelling straight ahead / V2: Slowing or stopped in traffic,V1: E  / V2: E,Dry,Daylight,Clear,0,0,83,51,FALSE,41.95283385,-71.26913546
14292,5/18/2015,May,Monday,14:30,1,2,0,0,"Sideswipe, same direction",V1: Changing lanes / V2: Travelling straight ahead,V1: W  / V2: W,Dry,Daylight,Clear,0,0,83,51,FALSE,41.94444966,-71.2795884
14293,5/18/2015,May,Monday,15:01,1,2,0,0,Angle,V1: Travelling straight ahead / V2: Travelling straight ahead,V1: E  / V2: W,Dry,Daylight,Clear,0,0,83,51,FALSE,41.8995102,-71.35762445
14294,5/19/2015,May,Tuesday,13:29,1,2,0,0,Angle,V1: Entering traffic lane / V2: Travelling straight ahead,V1: E  / V2: E,Dry,Daylight,Clear,0,0,70,51,FALSE,41.92349936,-71.35691944
14295,5/20/2015,May,Wednesday,6:51,1,2,0,0,Rear-end,V1: Parked / V2: Travelling straight ahead,V1: U  / V2: E,Dry,Daylight,Clear,0.23,0,64,52,FALSE,41.90369758,-71.36822537
14296,5/20/2015,May,Wednesday,6:58,2,2,1,0,Rear-end,V1: Travelling straight ahead / V2: Slowing or stopped in traffic,V1: S  / V2: S,Dry,Daylight,Clear,0.23,0,64,52,FALSE,41.91981411,-71.35860614
14297,5/20/2015,May,Wednesday,12:59,2,1,1,0,Single vehicle crash,V1: Travelling straight ahead,V1: N,Dry,Daylight,Clear,0.23,0,64,52,FALSE,41.92491583,-71.2266263
14298,5/20/2015,May,Wednesday,14:57,2,2,1,0,Rear-end,V1: Travelling straight ahead / V2: Slowing or stopped in traffic,V1: E  / V2: E,Dry,Daylight,Clear,0.23,0,64,52,FALSE,41.9380084,-71.29319722
14299,5/20/2015,May,Wednesday,19:52,1,2,0,0,Angle,V1: Travelling straight ahead / V2: Turning left,V1: W  / V2: S,Dry,Daylight,Clear,0.23,0,64,52,FALSE,41.94757814,-71.27890389
14300,5/21/2015,May,Thursday,10:26,1,1,0,0,Single vehicle crash,V1: Travelling straight ahead,V1: E,Dry,Daylight,Clear,0,0,69,42,FALSE,41.89716151,-71.37384288
14301,5/21/2015,May,Thursday,15:57,1,2,0,0,Angle,V1: Turning left / V2: Travelling straight ahead,V1: N  / V2: W,Dry,Daylight,Clear,0,0,69,42,FALSE,41.94928318,-71.28964082
14302,5/22/2015,May,Friday,11:19,1,2,0,0,Angle,V1: Travelling straight ahead / V2: Entering traffic lane,V1: N  / V2: W,Dry,Daylight,Clear,0.01,0,69,47,FALSE,41.89733197,-71.36979234
14303,5/22/2015,May,Friday,12:08,1,1,0,0,Single vehicle crash,V1: Parked,V1: E,Dry,Daylight,Clear,0.01,0,69,47,FALSE,41.9314426,-71.31480491
14304,5/22/2015,May,Friday,12:41,2,3,2,0,Rear-end,V1: Travelling straight ahead / V2: Slowing or stopped in traffic / V3: Slowing or stopped in traffic,V1: W  / V2: W  / V3: W,Dry,Daylight,Clear,0.01,0,69,47,FALSE,41.92101262,-71.35585527
14305,5/22/2015,May,Friday,12:43,1,2,0,0,Angle,V1: Turning left / V2: Travelling straight ahead,V1: W  / V2: S,Dry,Daylight,Clear,0.01,0,69,47,FALSE,41.92644259,-71.35554103
14306,5/22/2015,May,Friday,16:29,2,2,2,0,Angle,V1: Turning left / V2: Travelling straight ahead,V1: E  / V2: W,Dry,Daylight,Clear,0.01,0,69,47,FALSE,41.93404812,-71.31577712
14307,5/22/2015,May,Friday,20:39,1,2,0,0,Angle,V1: Backing / V2: Travelling straight ahead,V1: W  / V2: S,0,Dark - lighted roadway,Cloudy,0.01,0,69,47,FALSE,41.91082902,-71.36290776
14308,5/23/2015,May,Saturday,11:21,2,1,1,0,Single vehicle crash,V1: Turning left,V1: E,Wet,Daylight,Cloudy/Rain,0,0,76,43,FALSE,41.94590068,-71.286322
14309,5/23/2015,May,Saturday,23:30,2,1,3,0,Single vehicle crash,V1: Travelling straight ahead,V1: W,Dry,Dark - lighted roadway,Clear,0,0,76,43,FALSE,41.95321421,-71.27776749
14310,5/24/2015,May,Sunday,8:38,2,2,1,0,Angle,V1: Travelling straight ahead / V2: Travelling straight ahead,V1: S  / V2: E,Dry,Daylight,Clear,0,0,67,44,FALSE,41.92241545,-71.31336866
14311,5/24/2015,May,Sunday,10:24,1,1,0,0,Single vehicle crash,V1: Travelling straight ahead,V1: W,Dry,Daylight,Clear,0,0,67,44,FALSE,34.24438675,-73.6513909
14312,5/24/2015,May,Sunday,20:14,2,2,2,0,Angle,V1: Travelling straight ahead / V2: Travelling straight ahead,V1: N  / V2: E,Dry,Dark - roadway not lighted,Clear,0,0,67,44,FALSE,41.93118399,-71.26031362
14313,5/25/2015,May,Monday,12:41,1,2,0,0,Rear-end,V1: Travelling straight ahead / V2: Slowing or stopped in traffic,V1: S  / V2: S,Dry,Daylight,Clear,0,0,83,52,FALSE,41.91130764,-71.35852373
14314,5/25/2015,May,Monday,18:18,1,1,0,0,Single vehicle crash,V1: Travelling straight ahead,V1: E,Dry,Daylight,Clear,0,0,83,52,FALSE,41.89766937,-71.36570621
14315,5/26/2015,May,Tuesday,10:46,1,2,0,0,Rear-end,V1: Slowing or stopped in traffic / V2: Travelling straight ahead,V1: N  / V2: N,Dry,Daylight,Cloudy,0,0,81,57,FALSE,41.93398416,-71.31904724
14316,5/26/2015,May,Tuesday,15:20,1,2,0,0,Angle,V1: Travelling straight ahead / V2: Travelling straight ahead,V1: S  / V2: E,Dry,Daylight,Clear,0,0,81,57,FALSE,41.93899848,-71.2936553
14317,5/26/2015,May,Tuesday,23:08,1,1,0,0,Single vehicle crash,V1: Travelling straight ahead,V1: S,Dry,Dark - roadway not lighted,Clear,0,0,81,57,FALSE,41.93804592,-71.31642932
14318,5/27/2015,May,Wednesday,17:37,2,2,1,0,Head-on,V1: Overtaking/passing / V2: Entering traffic lane,V1: E  / V2: W,Dry,Daylight,Clear,0,0,81,61,FALSE,41.95451461,-71.24992613
14319,5/27/2015,May,Wednesday,17:55,2,3,2,0,Rear-end,V1: Travelling straight ahead / V2: Slowing or stopped in traffic / V3: Slowing or stopped in traffic,V1: N  / V2: N  / V3: N,Dry,Daylight,Clear,0,0,81,61,FALSE,41.95428778,-71.31194921
14320,5/28/2015,May,Thursday,9:27,1,2,0,0,Angle,V1: Backing / V2: Travelling straight ahead,V1: N  / V2: E,Dry,Daylight,Cloudy,0,0,79,62,FALSE,41.91555446,-71.36051036
14321,5/28/2015,May,Thursday,9:38,2,2,1,0,Rear-end,V1: Travelling straight ahead / V2: Slowing or stopped in traffic,V1: W  / V2: W,Dry,Daylight,Clear,0,0,79,62,FALSE,41.96712418,-71.29097941
14322,5/28/2015,May,Thursday,11:21,1,1,0,0,Single vehicle crash,V1: Turning right,V1: E,Dry,Daylight,Clear,0,0,79,62,FALSE,41.94213878,-71.28262423
14323,5/28/2015,May,Thursday,13:48,2,1,2,0,Single vehicle crash,V1: Backing,V1: S,Dry,Daylight,Clear,0,0,79,62,FALSE,41.90616258,-71.35680295
14324,5/29/2015,May,Friday,0:26,2,2,1,0,Rear-end,V1: Travelling straight ahead / V2: Travelling straight ahead,V1: S  / V2: S,Dry,Dark - lighted roadway,Clear,0,0,81,55,FALSE,41.90697288,-71.36488171
14325,5/29/2015,May,Friday,19:33,1,2,0,0,Angle,V1: Turning left / V2: Travelling straight ahead,V1: W  / V2: S,Dry,Daylight,Clear,0,0,81,55,FALSE,41.90086769,-71.36799095
14326,5/30/2015,May,Saturday,5:40,1,1,0,0,Single vehicle crash,V1: Travelling straight ahead,V1: N,Dry,Dawn,Fog,0,0,83,57,FALSE,41.91810973,-71.364077
14327,5/30/2015,May,Saturday,12:25,2,2,1,0,Angle,V1: Entering traffic lane / V2: Travelling straight ahead,V1: W  / V2: N,Dry,Daylight,Clear,0,0,83,57,FALSE,41.91082902,-71.36290776
14328,5/30/2015,May,Saturday,14:26,1,2,0,0,"Sideswipe, same direction",V1: Turning left / V2: Turning left,V1: N  / V2: N,Dry,Daylight,Clear,0,0,83,57,FALSE,41.91035947,-71.36314658
14329,5/31/2015,May,Sunday,11:45,1,2,0,0,Angle,V1: Turning right / V2: Travelling straight ahead,V1: N  / V2: N,Wet,Daylight,Cloudy/Rain,0,0,85,60,FALSE,41.94928318,-71.28964082
14330,5/31/2015,May,Sunday,12:51,1,3,0,0,Rear-end,V1: Travelling straight ahead / V2: Slowing or stopped in traffic / V3: Slowing or stopped in traffic,V1: S  / V2: S  / V3: S,Wet,Daylight,Rain,0,0,85,60,FALSE,41.92574085,-71.35879143
14331,5/31/2015,May,Sunday,13:11,1,2,0,0,Angle,V1: Entering traffic lane / V2: Travelling straight ahead,V1: S  / V2: W,Dry,Daylight,Clear,0,0,85,60,FALSE,41.92387717,-71.35158914
14332,5/31/2015,May,Sunday,20:10,1,2,0,0,"Sideswipe, same direction",V1: Travelling straight ahead / V2: Travelling straight ahead,V1: S  / V2: S,Wet,Dark - roadway not lighted,Rain,0,0,85,60,FALSE,41.93804592,-71.31642932
14333,6/1/2015,June,Monday,10:26,1,1,0,0,Angle,V1: Turning right,V1: S,Wet,Daylight,Cloudy,1.79,0,79,48,FALSE,41.91977948,-71.35862075
14334,6/1/2015,June,Monday,16:05,1,2,0,0,Rear-end,V1: Slowing or stopped in traffic / V2: Slowing or stopped in traffic,V1: S  / V2: S,Dry,Daylight,Clear,1.79,0,79,48,FALSE,41.89938073,-71.35524848
14335,6/2/2015,June,Tuesday,8:50,1,3,0,0,Rear-end,V1: Slowing or stopped in traffic / V2: Slowing or stopped in traffic / V3: Travelling straight ahead,V1: S  / V2: S  / V3: S,Dry,Daylight,Clear,0.61,0,51,46,FALSE,41.96079434,-71.30077274
14336,6/2/2015,June,Tuesday,10:16,1,2,0,0,Angle,V1: Travelling straight ahead / V2: Travelling straight ahead,V1: N  / V2: W,Wet,Daylight,Rain,0.61,0,51,46,FALSE,41.94361429,-71.27453022
14337,6/2/2015,June,Tuesday,15:27,1,2,0,0,Rear-end,V1: Slowing or stopped in traffic / V2: Travelling straight ahead,V1: W  / V2: W,Dry,Daylight,Cloudy,0.61,0,51,46,FALSE,41.90529604,-71.33573163
14338,6/2/2015,June,Tuesday,15:51,2,2,1,0,Rear-end,V1: Travelling straight ahead / V2: Slowing or stopped in traffic,V1: S  / V2: S,Wet,Daylight,Cloudy,0.61,0,51,46,FALSE,41.92161419,-71.35782411
14339,6/3/2015,June,Wednesday,16:03,2,4,1,0,Rear-end,V1: Travelling straight ahead / V2: Slowing or stopped in traffic / V3: Slowing or stopped in traffic / V4: Slowing or stopped in traffic,V1: E  / V2: E  / V3: E  / V4: E,Dry,Daylight,Clear,0.17,0,49,45,FALSE,41.96939377,-71.29355357
14340,6/5/2015,June,Friday,9:02,1,2,0,0,"Sideswipe, same direction",V1: Travelling straight ahead / V2: Turning left,V1: E  / V2: E,Dry,Daylight,Clear,0,0,68,49,FALSE,41.93405012,-71.31579284
14341,6/5/2015,June,Friday,10:21,1,2,0,0,"Sideswipe, same direction",V1: Turning left / V2: Travelling straight ahead,V1: N  / V2: E,Dry,Daylight,Clear,0,0,68,49,FALSE,41.93399785,-71.31794117
14342,6/6/2015,June,Saturday,12:16,1,2,0,0,Angle,V1: Entering traffic lane / V2: Travelling straight ahead,V1: W  / V2: N,Dry,Daylight,Clear,0,0,76,51,FALSE,41.89733197,-71.36979234
14343,6/6/2015,June,Saturday,16:04,2,2,2,0,Angle,V1: Turning left / V2: Travelling straight ahead,V1: N  / V2: S,Dry,Daylight,Clear,0,0,76,51,FALSE,41.91981411,-71.35860614
14344,6/7/2015,June,Sunday,11:38,1,2,0,0,Rear-end,V1: Entering traffic lane / V2: Entering traffic lane,V1: N  / V2: N,Dry,Daylight,Clear,0,0,71,45,FALSE,41.90217475,-71.35579772
14345,6/7/2015,June,Sunday,14:52,2,2,1,0,Angle,V1: Travelling straight ahead / V2: Travelling straight ahead,V1: E  / V2: S,Dry,Daylight,Clear,0,0,71,45,FALSE,41.9370756,-71.28238678
14346,6/7/2015,June,Sunday,18:28,1,2,0,0,Angle,V1: Travelling straight ahead / V2: Travelling straight ahead,V1: W  / V2: N,Dry,Daylight,Clear,0,0,71,45,FALSE,41.9370756,-71.28238678
14347,6/7/2015,June,Sunday,19:02,1,2,0,0,Angle,V1: Travelling straight ahead / V2: Turning left,V1: W  / V2: S,Dry,Daylight,Clear,0,0,71,45,FALSE,41.93404812,-71.31577712
14348,6/8/2015,June,Monday,7:42,1,2,0,0,Rear-end,V1: Backing / V2: Travelling straight ahead,V1: S  / V2: N,Dry,Daylight,Cloudy,0,0,76,49,FALSE,41.9145882,-71.30187294
14349,6/8/2015,June,Monday,8:31,1,2,0,0,"Sideswipe, opposite direction",V1: Backing / V2: Travelling straight ahead,V1: N  / V2: W,Dry,Daylight,Clear,0,0,76,49,FALSE,41.94254637,-71.2868523
14350,6/9/2015,June,Tuesday,12:14,1,2,0,0,Rear-end,V1: Backing / V2: Slowing or stopped in traffic,V1: U  / V2: U,Dry,Daylight,Clear,0,0,74,56,FALSE,41.9337145,-71.3002891
14351,6/10/2015,June,Wednesday,8:28,2,1,2,0,Single vehicle crash,V1: Other,V1: N,Dry,Daylight,Clear,0,0,75,58,FALSE,41.94140605,-71.28436438
14352,6/10/2015,June,Wednesday,11:36,0,2,0,0,Head-on,V1: Travelling straight ahead / V2: Parked,V1: S  / V2: 0,Dry,Daylight,Clear,0,0,75,58,FALSE,41.90051006,-71.37183458
14353,6/10/2015,June,Wednesday,15:17,1,6,0,0,Rear-end,V1: Travelling straight ahead / V2: Parked / V3: Parked / V4: Parked / V5: Parked / V6: Parked,V1: N  / V2: 0 / V3: 0 / V4: 0 / V5: 0 / V6: 0,Dry,Daylight,Clear,0,0,75,58,FALSE,41.92858432,-71.28437027
14354,6/11/2015,June,Thursday,0:19,0,1,0,0,Single vehicle crash,V1: Travelling straight ahead,V1: W,Dry,Dark - roadway not lighted,Clear,0,0,85,61,FALSE,41.89435905,-71.37567159
14355,6/12/2015,June,Friday,13:15,1,2,0,0,Angle,V1: Travelling straight ahead / V2: Travelling straight ahead,V1: W  / V2: N,Dry,Daylight,Clear,0,0,89,65,FALSE,41.95090811,-71.27361366
14356,6/12/2015,June,Friday,15:58,2,1,1,0,Angle,V1: Travelling straight ahead,V1: E,Dry,Daylight,Clear,0,0,89,65,FALSE,41.9374227,-71.29402673
14357,6/12/2015,June,Friday,20:45,1,1,0,0,Single vehicle crash,V1: Travelling straight ahead,V1: S,Dry,Dark - roadway not lighted,Clear,0,0,89,65,FALSE,41.90261276,-71.35590972
14358,6/13/2015,June,Saturday,16:47,1,2,0,0,Angle,V1: Turning left / V2: Slowing or stopped in traffic,V1: S  / V2: W,Dry,Daylight,Clear,0,0,88,68,FALSE,41.93755593,-71.27964705
14359,6/13/2015,June,Saturday,22:20,1,2,0,0,"Sideswipe, same direction",V1: Travelling straight ahead / V2: Travelling straight ahead,V1: N  / V2: N,Dry,Dark - lighted roadway,Clear,0,0,88,68,FALSE,41.90877956,-71.35765064
14360,6/14/2015,June,Sunday,7:51,1,2,0,0,Head-on,V1: Travelling straight ahead / V2: Slowing or stopped in traffic,V1: S  / V2: N,Dry,Daylight,Clear,0,0,85,67,FALSE,41.94450501,-71.28411703
14361,6/14/2015,June,Sunday,23:41,0,1,0,0,0,V1: 0,V1: U,Dry,Dark - lighted roadway,Cloudy,0,0,85,67,FALSE,41.91026562,-71.36319441
14362,6/15/2015,June,Monday,11:00,0,1,0,0,Single vehicle crash,V1: Entering traffic lane,V1: S,Wet,Daylight,Rain,0.14,0,81,56,FALSE,41.95476501,-71.31098841
14363,6/15/2015,June,Monday,11:13,0,2,0,0,"Sideswipe, same direction",V1: Backing / V2: Parked,V1: 0 / V2: 0,0,Daylight,Cloudy/Rain,0.14,0,81,56,FALSE,41.94391945,-71.28157454
14364,6/15/2015,June,Monday,11:38,2,2,1,0,Single vehicle crash,V1: Travelling straight ahead / V2: Slowing or stopped in traffic,V1: N  / V2: N,Wet,Daylight,Rain,0.14,0,81,56,FALSE,41.9472108,-71.28786501
14365,6/16/2015,June,Tuesday,8:33,2,2,1,0,Rear-end,V1: Slowing or stopped in traffic / V2: Travelling straight ahead,V1: N  / V2: N,0,Daylight,Clear,0.52,0,59,55,FALSE,41.97015292,-71.29135147
14366,6/16/2015,June,Tuesday,8:38,2,1,1,0,Angle,V1: Turning right,V1: E,Wet,Daylight,Clear,0.52,0,59,55,FALSE,41.93874704,-71.29215576
14367,6/17/2015,June,Wednesday,19:14,2,2,2,0,Angle,V1: Travelling straight ahead / V2: Travelling straight ahead,V1: N  / V2: S,Dry,Daylight,Cloudy,0,0,77,58,FALSE,41.90330575,-71.33304145
14368,6/18/2015,June,Thursday,12:26,1,2,0,0,Angle,V1: Turning left / V2: Travelling straight ahead,V1: W  / V2: N,Dry,Daylight,Cloudy,0,0,73,49,FALSE,41.95451461,-71.24992613
14369,6/18/2015,June,Thursday,15:01,1,2,0,0,Angle,V1: Travelling straight ahead / V2: Travelling straight ahead,V1: N  / V2: N,Dry,Daylight,Clear,0,0,73,49,FALSE,41.92762143,-71.35470547
14370,6/18/2015,June,Thursday,16:15,1,2,0,0,Rear-end,V1: Travelling straight ahead / V2: Travelling straight ahead,V1: S  / V2: S,Dry,Daylight,Clear,0,0,73,49,FALSE,41.89903243,-71.355186
14371,6/18/2015,June,Thursday,17:24,1,2,0,0,Rear-end,V1: Slowing or stopped in traffic / V2: Travelling straight ahead,V1: N  / V2: N,Dry,Daylight,Clear,0,0,73,49,FALSE,41.89863276,-71.35506105
14372,6/19/2015,June,Friday,6:44,1,2,0,0,Rear-end,V1: Slowing or stopped in traffic / V2: Slowing or stopped in traffic,V1: N  / V2: N,Dry,Daylight,Clear,0,0,77,54,FALSE,41.95428777,-71.3119492
14373,6/19/2015,June,Friday,11:30,1,2,0,0,Head-on,V1: Travelling straight ahead / V2: Travelling straight ahead,V1: N  / V2: E,Dry,Daylight,Clear,0,0,77,54,FALSE,41.90231844,-71.35595143
14374,6/19/2015,June,Friday,12:00,1,2,0,0,"Sideswipe, same direction",V1: Travelling straight ahead / V2: Travelling straight ahead,V1: S  / V2: S,Dry,Daylight,Clear,0,0,77,54,FALSE,41.91739569,-71.35962701
14375,6/19/2015,June,Friday,14:00,1,2,0,0,Rear-end,V1: Travelling straight ahead / V2: Travelling straight ahead,V1: S  / V2: S,Dry,Daylight,Clear,0,0,77,54,FALSE,41.90255025,-71.35612621
14376,6/19/2015,June,Friday,19:40,2,2,1,0,Rear-end,V1: Travelling straight ahead / V2: Travelling straight ahead,V1: S  / V2: S,Dry,Daylight,Clear,0,0,77,54,FALSE,34.24438675,-73.6513909
14377,6/20/2015,June,Saturday,12:00,1,2,0,0,Angle,V1: Turning left / V2: Travelling straight ahead,V1: S  / V2: N,Dry,Daylight,Clear,0,0,87,55,FALSE,41.92781831,-71.35456449
14378,6/21/2015,June,Sunday,10:30,2,2,1,0,Angle,V1: Backing / V2: Slowing or stopped in traffic,V1: E  / V2: S,Wet,Daylight,Rain,0.54,0,77,63,FALSE,41.89614826,-71.37139413
14379,6/21/2015,June,Sunday,11:50,1,1,0,0,Head-on,V1: Travelling straight ahead,V1: N,Wet,Daylight,Rain,0.54,0,77,63,FALSE,41.89646869,-71.37371221
14380,6/22/2015,June,Monday,9:02,2,2,1,0,Rear-end,V1: Travelling straight ahead / V2: Slowing or stopped in traffic,V1: S  / V2: S,Dry,Daylight,Clear,1.17,0,81,63,FALSE,41.96254208,-71.28828373
14381,6/22/2015,June,Monday,15:00,1,2,0,0,Angle,V1: Entering traffic lane / V2: Travelling straight ahead,V1: S  / V2: W,Dry,Daylight,Clear,1.17,0,81,63,FALSE,41.95263255,-71.26972406
14382,6/22/2015,June,Monday,17:15,1,2,0,0,Angle,V1: Turning left / V2: Travelling straight ahead,V1: W  / V2: S,Dry,Daylight,Clear,1.17,0,81,63,FALSE,41.89541252,-71.37076533
14383,6/23/2015,June,Tuesday,10:57,1,2,0,0,"Sideswipe, same direction",V1: Travelling straight ahead / V2: Travelling straight ahead,V1: W  / V2: W,Dry,Daylight,Clear,0,0,89,62,FALSE,41.97015292,-71.29135147
14384,6/24/2015,June,Wednesday,8:27,1,2,0,0,"Sideswipe, opposite direction",V1: Backing / V2: Parked,V1: U  / V2: U,Dry,Daylight,Clear,0.02,0,84,62,FALSE,41.9337145,-71.3002891
14385,6/24/2015,June,Wednesday,10:38,1,1,0,0,Angle,V1: Backing,V1: E,Dry,Daylight,Clear,0.02,0,84,62,FALSE,41.90564025,-71.35665923
14386,6/24/2015,June,Wednesday,11:49,1,1,0,0,"Sideswipe, opposite direction",V1: Turning right,V1: E,Dry,Daylight,Clear,0.02,0,84,62,FALSE,41.9412121,-71.28297598
14387,6/24/2015,June,Wednesday,15:47,2,2,1,0,Rear-end,V1: Travelling straight ahead / V2: Slowing or stopped in traffic,V1: E  / V2: E,Dry,Daylight,Clear,0.02,0,84,62,FALSE,41.92241545,-71.31336866