ID,DATE,Month,Day of week,Crash Time,Crash Severity,Number of Vehicles,Total Nonfatal Injuries,Total Fatal Injuries,Manner of Collision,Vehicle Action Prior to Crash,Vehicle Travel Directions,Road Surface Condition,Ambient Light,Weather Condition,PRCP,SNOW,TMAX,TMIN,Ice,Longtitute,Latitute
14388,6/25/2015,June,Thursday,14:32,2,3,1,0,Rear-end,V1: Travelling straight ahead / V2: Slowing or stopped in traffic / V3: Slowing or stopped in traffic,V1: S  / V2: S  / V3: S,Dry,Daylight,Clear,0,0,85,58,FALSE,41.93874704,-71.29215576
14389,6/26/2015,June,Friday,1:25,0,1,0,0,Single vehicle crash,V1: Travelling straight ahead,V1: S,Dry,Dark - roadway not lighted,Clear,0,0,84,64,FALSE,41.90433577,-71.35012688
14390,6/26/2015,June,Friday,11:14,1,2,0,0,Angle,V1: Backing / V2: Slowing or stopped in traffic,V1: S  / V2: W,Dry,Daylight,Cloudy,0,0,84,64,FALSE,41.93507804,-71.28489367
14391,6/26/2015,June,Friday,12:21,1,2,0,0,Angle,V1: Backing / V2: Travelling straight ahead,V1: W  / V2: N,Dry,Daylight,Clear,0,0,84,64,FALSE,41.95250372,-71.27005525
14392,6/26/2015,June,Friday,13:51,2,2,1,0,Angle,V1: Travelling straight ahead / V2: Travelling straight ahead,V1: S  / V2: S,Dry,Daylight,Clear,0,0,84,64,FALSE,41.92014284,-71.35719783
14393,6/26/2015,June,Friday,18:12,1,2,0,0,"Sideswipe, same direction",V1: Turning left / V2: Turning left,V1: W  / V2: W,Dry,Daylight,Clear,0,0,84,64,FALSE,41.97015292,-71.29135147
14394,6/27/2015,June,Saturday,10:13,2,1,1,0,Single vehicle crash,V1: Travelling straight ahead,V1: W,Dry,Daylight,Clear,0,0,77,51,FALSE,41.92364034,-71.31448108
14395,6/27/2015,June,Saturday,21:20,1,2,0,0,Angle,V1: Turning left / V2: Travelling straight ahead,V1: N  / V2: S,Wet,Dark - lighted roadway,Rain,0,0,77,51,FALSE,41.93623387,-71.28481203
14396,6/28/2015,June,Sunday,11:30,1,2,0,0,Rear-end,V1: Leaving traffic lane / V2: 0,V1: N  / V2: 0,Wet,Daylight,Cloudy/Rain,0.91,0,74,56,FALSE,41.95593405,-71.30346756
14397,6/29/2015,June,Monday,15:51,2,1,1,0,Single vehicle crash,V1: Travelling straight ahead,V1: N,Dry,Daylight,Clear,0.28,0,63,52,FALSE,41.93538009,-71.28380703
14398,6/30/2015,June,Tuesday,16:54,1,2,0,0,"Sideswipe, same direction",V1: Travelling straight ahead / V2: Changing lanes,V1: S  / V2: S,Dry,Daylight,Clear,0,0,76,56,FALSE,41.91463957,-71.35904891
14399,6/30/2015,June,Tuesday,17:41,1,2,0,0,Rear-end,V1: Slowing or stopped in traffic / V2: Travelling straight ahead,V1: N  / V2: N,Dry,Daylight,Clear,0,0,76,56,FALSE,41.89863276,-71.35506105
14400,6/30/2015,June,Tuesday,23:15,1,2,0,0,"Sideswipe, same direction",V1: Travelling straight ahead / V2: Travelling straight ahead,V1: S  / V2: S,Dry,Dark - roadway not lighted,Clear,0,0,76,56,FALSE,41.96019116,-71.30118086
14401,7/1/2015,July,Wednesday,15:09,1,2,0,0,Angle,V1: Turning left / V2: Travelling straight ahead,V1: S  / V2: E,Dry,Daylight,Clear,0.12,0,84,64,FALSE,41.89903243,-71.355186
14402,7/1/2015,July,Wednesday,19:10,1,1,0,0,Single vehicle crash,V1: Turning left,V1: S,Dry,Daylight,Clear,0.12,0,84,64,FALSE,41.93518136,-71.28488512
14403,7/1/2015,July,Wednesday,19:15,1,1,0,0,Single vehicle crash,V1: Turning right,V1: S,Dry,Daylight,Clear,0.12,0,84,64,FALSE,41.91977948,-71.35862075
14404,7/2/2015,July,Thursday,11:37,1,2,0,0,Rear-end,V1: Backing / V2: Other,V1: 0 / V2: U,Dry,Daylight,Clear,0.5,0,83,64,FALSE,41.92349936,-71.35691944
14405,7/2/2015,July,Thursday,12:15,2,2,1,0,Angle,V1: Turning left / V2: Travelling straight ahead,V1: W  / V2: W,Dry,Daylight,Clear,0.5,0,83,64,FALSE,41.94683059,-71.28375978
14406,7/2/2015,July,Thursday,14:02,1,2,0,0,Angle,V1: Turning left / V2: Travelling straight ahead,V1: W  / V2: N,Dry,Daylight,Clear,0.5,0,83,64,FALSE,41.91194929,-71.36233897
14407,7/2/2015,July,Thursday,19:45,1,2,0,0,Single vehicle crash,V1: Travelling straight ahead / V2: Parked,V1: S  / V2: 0,Dry,Daylight,Cloudy,0.5,0,83,64,FALSE,41.91197427,-71.25876603
14408,7/3/2015,July,Friday,13:12,2,2,1,0,"Sideswipe, same direction",V1: Parked / V2: Travelling straight ahead,V1: W  / V2: W,Dry,Daylight,Clear,0,0,83,58,FALSE,41.92703085,-71.34276832
14409,7/3/2015,July,Friday,17:07,1,2,0,0,Rear-end,V1: Slowing or stopped in traffic / V2: Slowing or stopped in traffic,V1: S  / V2: S,Dry,Daylight,Clear,0,0,83,58,FALSE,41.90257898,-71.35602542
14410,7/4/2015,July,Saturday,9:53,1,2,0,0,Angle,V1: Turning left / V2: Travelling straight ahead,V1: W  / V2: S,Dry,Daylight,Clear,0,0,83,59,FALSE,41.90086769,-71.36799095
14411,7/4/2015,July,Saturday,12:30,1,2,0,0,Angle,V1: Travelling straight ahead / V2: Backing,V1: E  / V2: S,Dry,Daylight,Clear,0,0,83,59,FALSE,41.93742595,-71.27846791
14412,7/4/2015,July,Saturday,18:14,2,1,1,0,Single vehicle crash,V1: Travelling straight ahead,V1: N,Dry,Daylight,Clear,0,0,83,59,FALSE,41.91995034,-71.31559261
14413,7/6/2015,July,Monday,4:47,1,1,0,0,Single vehicle crash,V1: Travelling straight ahead,V1: S,Dry,Dark - roadway not lighted,Clear,0,0,86,59,FALSE,41.93686369,-71.3174123
14414,7/6/2015,July,Monday,11:23,1,2,0,0,Rear-end,V1: Entering traffic lane / V2: 0,V1: S  / V2: S,Dry,Daylight,Clear,0,0,86,59,FALSE,41.97015292,-71.29135147
14415,7/6/2015,July,Monday,14:20,1,3,0,0,"Sideswipe, opposite direction",V1: Travelling straight ahead / V2: Travelling straight ahead / V3: Travelling straight ahead,V1: N  / V2: S  / V3: S,0,Daylight,Clear,0,0,86,59,FALSE,41.92279203,-71.35723949
14416,7/6/2015,July,Monday,14:33,1,2,0,0,"Sideswipe, same direction",V1: Changing lanes / V2: Travelling straight ahead,V1: S  / V2: S,Dry,Daylight,Clear,0,0,86,59,FALSE,41.91822697,-71.35927551
14417,7/9/2015,July,Thursday,16:36,2,2,1,0,"Sideswipe, same direction",V1: Turning right / V2: Travelling straight ahead,V1: S  / V2: S,Dry,Daylight,Cloudy,0.52,0,91,64,FALSE,41.90554673,-71.36560389
14418,7/9/2015,July,Thursday,16:39,1,2,0,0,Rear-end,V1: Travelling straight ahead / V2: Slowing or stopped in traffic,V1: S  / V2: S,Dry,Daylight,Cloudy,0.52,0,91,64,FALSE,41.93732881,-71.28475709
14419,7/10/2015,July,Friday,6:17,1,2,0,0,Angle,V1: Travelling straight ahead / V2: Travelling straight ahead,V1: N  / V2: E,Dry,Daylight,Clear,0.73,0,79,60,FALSE,41.94450501,-71.28411703
14420,7/10/2015,July,Friday,12:38,1,4,0,0,Rear-end,V1: Travelling straight ahead / V2: Slowing or stopped in traffic / V3: Slowing or stopped in traffic / V4: Slowing or stopped in traffic,V1: N  / V2: N  / V3: N  / V4: N,Dry,Daylight,Clear,0.73,0,79,60,FALSE,41.89733197,-71.36979234
14421,7/10/2015,July,Friday,12:49,1,2,0,0,Rear-end,V1: Travelling straight ahead / V2: Slowing or stopped in traffic,V1: S  / V2: S,Dry,Daylight,Clear,0.73,0,79,60,FALSE,41.9079342,-71.35745922
14422,7/10/2015,July,Friday,13:30,0,1,0,0,Single vehicle crash,V1: Turning left,V1: W,Dry,Daylight,Clear,0.73,0,79,60,FALSE,41.92698582,-71.35739267
14423,7/10/2015,July,Friday,16:20,1,2,0,0,Rear-end,V1: Travelling straight ahead / V2: Slowing or stopped in traffic,V1: E  / V2: E,Dry,Daylight,Clear,0.73,0,79,60,FALSE,41.95392578,-71.24372577
14424,7/10/2015,July,Friday,21:52,0,1,0,0,Single vehicle crash,V1: 0,V1: 0,Dry,Dark - roadway not lighted,Clear,0.73,0,79,60,FALSE,41.90255025,-71.35612621
14425,7/11/2015,July,Saturday,11:49,1,2,0,0,Rear-end,V1: Travelling straight ahead / V2: Travelling straight ahead,V1: S  / V2: S,Dry,Daylight,Clear,0.01,0,84,59,FALSE,41.96019116,-71.30118086
14426,7/11/2015,July,Saturday,12:11,1,2,0,0,"Sideswipe, opposite direction",V1: Travelling straight ahead / V2: Turning left,V1: E  / V2: E,Dry,Daylight,Clear,0.01,0,84,59,FALSE,41.93742983,-71.2651976
14427,7/11/2015,July,Saturday,15:58,1,1,0,0,Single vehicle crash,V1: Travelling straight ahead,V1: E,Dry,Daylight,Clear,0.01,0,84,59,FALSE,41.91172777,-71.26110837
14428,7/11/2015,July,Saturday,17:20,1,2,0,0,"Sideswipe, same direction",V1: Leaving traffic lane / V2: 0,V1: N  / V2: 0,Dry,Daylight,Clear,0.01,0,84,59,FALSE,41.95593405,-71.30346756
14429,7/11/2015,July,Saturday,18:24,1,1,0,0,Single vehicle crash,V1: Travelling straight ahead,V1: W,0,Daylight,Clear,0.01,0,84,59,FALSE,41.91981411,-71.35860614
14430,7/11/2015,July,Saturday,19:24,2,2,1,0,"Sideswipe, opposite direction",V1: Turning left / V2: Travelling straight ahead,V1: S  / V2: N,Dry,Daylight,Clear,0.01,0,84,59,FALSE,41.94615364,-71.29235375
14431,7/12/2015,July,Sunday,7:11,1,1,0,0,Single vehicle crash,V1: Travelling straight ahead,V1: S,Dry,Daylight,Clear,0,0,89,64,FALSE,41.90261276,-71.35590972
14432,7/12/2015,July,Sunday,14:56,1,2,0,0,"Sideswipe, opposite direction",V1: Entering traffic lane / V2: Travelling straight ahead,V1: N  / V2: E,Dry,Daylight,Clear,0,0,89,64,FALSE,41.90588782,-71.37669559
14433,7/13/2015,July,Monday,4:43,1,1,0,0,Single vehicle crash,V1: Travelling straight ahead,V1: W,Dry,Dawn,Clear,0,0,92,68,FALSE,41.94540058,-71.27408653
14434,7/13/2015,July,Monday,7:48,1,2,0,0,Rear-end,V1: Travelling straight ahead / V2: Slowing or stopped in traffic,V1: S  / V2: S,Dry,Daylight,Clear,0,0,92,68,FALSE,41.9079342,-71.35745922
14435,7/13/2015,July,Monday,12:47,1,1,0,0,Single vehicle crash,V1: Travelling straight ahead,V1: W,Dry,Daylight,Clear,0,0,92,68,FALSE,41.89944209,-71.35821387
14436,7/13/2015,July,Monday,18:38,1,2,0,0,"Sideswipe, opposite direction",V1: Parked / V2: Parked,V1: Reported but invalid / V2: 0,Dry,Daylight,Clear,0,0,92,68,FALSE,41.9210426,-71.35807244
14437,7/14/2015,July,Tuesday,11:51,1,2,0,0,Head-on,V1: Entering traffic lane / V2: Travelling straight ahead,V1: W  / V2: N,Wet,Daylight,Cloudy,0,0,86,62,FALSE,41.95078511,-71.27391628
14438,7/15/2015,July,Wednesday,9:22,1,2,0,0,Rear-end,V1: Parked / V2: Backing,V1: S  / V2: W,Dry,Daylight,Clear,0.72,0,83,67,FALSE,41.89880429,-71.37713636
14439,7/15/2015,July,Wednesday,9:26,1,2,0,0,"Sideswipe, opposite direction",V1: Parked / V2: Backing,V1: W  / V2: E,Dry,Daylight,Cloudy,0.72,0,83,67,FALSE,41.91977948,-71.35862075
14440,7/15/2015,July,Wednesday,15:54,2,2,1,0,Angle,V1: Entering traffic lane / V2: Parked,V1: S  / V2: S,Dry,Daylight,Clear,0.72,0,83,67,FALSE,41.90623485,-71.31714397
14441,7/16/2015,July,Thursday,5:30,2,1,1,0,Single vehicle crash,V1: Travelling straight ahead,V1: S,Dry,Dawn,Clear,0.22,0,87,58,FALSE,34.24438675,-73.6513909
14442,7/16/2015,July,Thursday,11:36,1,2,0,0,Angle,V1: Turning left / V2: Travelling straight ahead,V1: S  / V2: S,Dry,Daylight,Clear,0.22,0,87,58,FALSE,41.9412121,-71.28297598
14443,7/17/2015,July,Friday,4:49,2,2,1,0,Angle,V1: Turning left / V2: Travelling straight ahead,V1: S  / V2: N,Dry,Dawn,Cloudy,0,0,77,56,FALSE,41.9269255,-71.35519307
14444,7/17/2015,July,Friday,12:47,2,1,1,0,Single vehicle crash,V1: Travelling straight ahead,V1: N,Dry,Daylight,Clear,0,0,77,56,FALSE,41.94855147,-71.26708456
14445,7/17/2015,July,Friday,18:03,1,2,0,0,Angle,V1: Entering traffic lane / V2: Travelling straight ahead,V1: W  / V2: W,Dry,Daylight,Clear,0,0,77,56,FALSE,41.91033499,-71.36385156
14446,7/17/2015,July,Friday,18:26,1,3,0,0,0,V1: Travelling straight ahead / V2: Travelling straight ahead / V3: Travelling straight ahead,V1: E  / V2: E  / V3: E,Dry,Daylight,Cloudy,0,0,77,56,FALSE,41.94519466,-71.28103716
14447,7/18/2015,July,Saturday,0:34,1,2,0,0,Angle,V1: Travelling straight ahead / V2: Travelling straight ahead,V1: E  / V2: N,Dry,Dark - lighted roadway,Clear,0,0,81,56,FALSE,41.94450501,-71.28411703
14448,7/18/2015,July,Saturday,14:58,1,2,0,0,Rear-end,V1: Travelling straight ahead / V2: Travelling straight ahead,V1: N  / V2: N,Wet,Daylight,Rain,0,0,81,56,FALSE,41.90998013,-71.35802082
14449,7/18/2015,July,Saturday,17:16,1,2,0,0,Rear-end,V1: Entering traffic lane / V2: Entering traffic lane,V1: N  / V2: N,Dry,Daylight,Clear,0,0,81,56,FALSE,41.89863276,-71.35506105
14450,7/21/2015,July,Tuesday,7:06,1,2,0,0,Rear-end,V1: Travelling straight ahead / V2: Slowing or stopped in traffic,V1: N  / V2: N,Dry,Daylight,Clear,0,0,95,69,FALSE,41.95271157,-71.26951043
14451,7/21/2015,July,Tuesday,14:52,1,2,0,0,Angle,V1: Turning left / V2: Travelling straight ahead,V1: N  / V2: W,Dry,Daylight,Clear,0,0,95,69,FALSE,41.9491324,-71.27692162
14452,7/21/2015,July,Tuesday,15:19,2,2,1,0,Angle,V1: Travelling straight ahead / V2: Turning left,V1: W  / V2: E,Dry,Daylight,Clear,0,0,95,69,FALSE,41.9446632,-71.28341486
14453,7/21/2015,July,Tuesday,21:28,1,1,0,0,Single vehicle crash,V1: Travelling straight ahead,V1: S,Wet,Dark - roadway not lighted,Rain,0,0,95,69,FALSE,41.95525685,-71.30768744
14454,7/22/2015,July,Wednesday,16:51,2,4,2,0,Rear-end,V1: Travelling straight ahead / V2: Slowing or stopped in traffic / V3: Slowing or stopped in traffic / V4: Slowing or stopped in traffic,V1: W  / V2: W  / V3: W  / V4: W,Dry,Daylight,Clear,0,0,90,65,FALSE,41.96932672,-71.29464106
14455,7/23/2015,July,Thursday,12:50,1,2,0,0,Angle,V1: Travelling straight ahead / V2: Travelling straight ahead,V1: W  / V2: N,Dry,Daylight,Clear,0,0,86,59,FALSE,41.93304448,-71.28634923
14456,7/23/2015,July,Thursday,12:59,1,1,0,0,Single vehicle crash,V1: Travelling straight ahead,V1: E,Dry,Daylight,Clear,0,0,86,59,FALSE,41.95398211,-71.25890069
14457,7/24/2015,July,Friday,8:48,1,2,0,0,Angle,V1: Overtaking/passing / V2: Turning left,V1: E  / V2: E,Dry,Daylight,Clear,0,0,84,58,FALSE,41.94379863,-71.27981198
14458,7/24/2015,July,Friday,17:33,1,2,0,0,Rear-end,V1: Travelling straight ahead / V2: Parked,V1: S  / V2: 0,Dry,Daylight,Clear,0,0,84,58,FALSE,41.90903215,-71.3160665
14459,7/25/2015,July,Saturday,1:38,2,1,1,0,Single vehicle crash,V1: Travelling straight ahead,V1: S,Dry,Dark - roadway not lighted,Clear,0.03,0,83,58,FALSE,41.92335443,-71.32873586
14460,7/25/2015,July,Saturday,11:14,1,2,0,0,"Sideswipe, opposite direction",V1: Turning left / V2: Travelling straight ahead,V1: S  / V2: S,Dry,Daylight,Clear,0.03,0,83,58,FALSE,41.9156749,-71.35896018
14461,7/26/2015,July,Sunday,15:31,1,2,0,0,Rear-end,V1: Travelling straight ahead / V2: Slowing or stopped in traffic,V1: W  / V2: W,Dry,Daylight,Clear,0,0,73,59,FALSE,41.93386542,-71.30225536
14462,7/26/2015,July,Sunday,19:46,1,2,0,0,Angle,V1: Backing / V2: Parked,V1: W  / V2: S,Dry,Daylight,Clear,0,0,73,59,FALSE,41.937734,-71.2821987
14463,7/27/2015,July,Monday,10:25,2,2,2,0,Rear-end,V1: Travelling straight ahead / V2: Slowing or stopped in traffic,V1: S  / V2: S,Dry,Daylight,Cloudy,0,0,79,59,FALSE,34.24438675,-73.6513909
14464,7/27/2015,July,Monday,11:30,1,2,0,0,"Sideswipe, same direction",V1: Travelling straight ahead / V2: Changing lanes,V1: N  / V2: N,Dry,Daylight,Clear,0,0,79,59,FALSE,41.95593405,-71.30346756
14465,7/27/2015,July,Monday,23:27,2,1,2,0,Single vehicle crash,V1: Travelling straight ahead,V1: W,Dry,Dark - lighted roadway,Clear,0,0,79,59,FALSE,41.93386542,-71.30225536
14466,7/28/2015,July,Tuesday,10:20,2,2,2,0,"Sideswipe, same direction",V1: Travelling straight ahead / V2: Parked,V1: E  / V2: 0,Dry,Daylight,Clear,0.02,0,83,69,FALSE,41.95396284,-71.28276643
14467,7/29/2015,July,Wednesday,8:03,1,2,0,0,Angle,V1: Turning left / V2: Travelling straight ahead,V1: E  / V2: N,Dry,Daylight,Clear,0.11,0,91,65,FALSE,41.94313451,-71.27152156
14468,7/29/2015,July,Wednesday,17:59,2,2,1,0,Rear-end,V1: Travelling straight ahead / V2: 0,V1: E  / V2: 0,Dry,Daylight,Clear,0.11,0,91,65,FALSE,41.95395992,-71.28274651
14469,7/30/2015,July,Thursday,6:13,1,1,0,0,Single vehicle crash,V1: Travelling straight ahead,V1: S,Dry,Daylight,Clear,0,0,94,67,FALSE,41.94235044,-71.29078162
14470,7/30/2015,July,Thursday,7:40,1,2,0,0,Rear-end,V1: Backing / V2: Travelling straight ahead,V1: N  / V2: E,Dry,Daylight,Clear,0,0,94,67,FALSE,41.9170943,-71.35975551
14471,7/30/2015,July,Thursday,10:01,1,2,0,0,Rear-end,V1: Travelling straight ahead / V2: Travelling straight ahead,V1: S  / V2: S,Dry,Daylight,Clear,0,0,94,67,FALSE,41.94928318,-71.28964082
14472,7/30/2015,July,Thursday,21:45,1,2,0,0,Angle,V1: Travelling straight ahead / V2: Slowing or stopped in traffic,V1: S  / V2: S,Wet,Dark - roadway not lighted,Rain,0,0,94,67,FALSE,41.89861001,-71.36943215
14473,7/31/2015,July,Friday,4:35,2,3,4,0,Head-on,V1: Travelling straight ahead / V2: Travelling straight ahead / V3: Travelling straight ahead,V1: S  / V2: S  / V3: N,Dry,Dark - 0 roadway lighting,Clear,0.03,0,89,69,FALSE,41.90433577,-71.35012688
14474,7/31/2015,July,Friday,6:05,2,2,3,0,Angle,V1: Travelling straight ahead / V2: Travelling straight ahead,V1: N  / V2: N,Dry,Daylight,Clear,0.03,0,89,69,FALSE,41.90241817,-71.35561188
14475,7/31/2015,July,Friday,10:01,1,2,0,0,Angle,V1: Travelling straight ahead / V2: Travelling straight ahead,V1: S  / V2: N,Dry,Daylight,Clear,0.03,0,89,69,FALSE,41.89733197,-71.36979234
14476,7/31/2015,July,Friday,10:40,1,1,0,0,Single vehicle crash,V1: Travelling straight ahead,V1: W,Dry,Daylight,Clear,0.03,0,89,69,FALSE,41.94679169,-71.28752928
14477,7/31/2015,July,Friday,13:38,1,2,0,0,0,V1: Slowing or stopped in traffic / V2: Slowing or stopped in traffic,V1: N  / V2: N,Dry,Daylight,Clear,0.03,0,89,69,FALSE,41.91756535,-71.33136867
14478,7/31/2015,July,Friday,16:11,1,3,0,0,Rear-end,V1: Travelling straight ahead / V2: Slowing or stopped in traffic / V3: Slowing or stopped in traffic,V1: W  / V2: W  / V3: W,Dry,Daylight,Clear,0.03,0,89,69,FALSE,41.9123716,-71.26785013
14479,8/1/2015,August,Saturday,8:49,2,1,1,0,Single vehicle crash,V1: Travelling straight ahead,V1: E,Dry,Daylight,Clear,0,0,90,62,FALSE,41.9337145,-71.3002891
14480,8/1/2015,August,Saturday,10:06,1,2,0,0,Rear-end,V1: Travelling straight ahead / V2: Slowing or stopped in traffic,V1: N  / V2: N,Dry,Daylight,Clear,0,0,90,62,FALSE,41.92014284,-71.35719783
14481,8/1/2015,August,Saturday,11:26,1,2,0,0,"Sideswipe, same direction",V1: Travelling straight ahead / V2: Parked,V1: S  / V2: S,Dry,Daylight,Clear,0,0,90,62,FALSE,41.94808966,-71.28065954
14482,8/1/2015,August,Saturday,12:18,1,2,0,0,Angle,V1: Entering traffic lane / V2: Travelling straight ahead,V1: S  / V2: W,Dry,Daylight,Clear,0,0,90,62,FALSE,41.92416457,-71.35104162
14483,8/1/2015,August,Saturday,13:14,1,2,0,0,Rear-end,V1: Travelling straight ahead / V2: Slowing or stopped in traffic,V1: N  / V2: N,Wet,Daylight,Cloudy/Rain,0,0,90,62,FALSE,41.9250735,-71.35622629
14484,8/1/2015,August,Saturday,18:26,1,1,0,0,Single vehicle crash,V1: Travelling straight ahead,V1: 0,Dry,Daylight,Clear,0,0,90,62,FALSE,41.94817937,-71.27976663
14485,8/1/2015,August,Saturday,23:17,2,1,1,0,Single vehicle crash,V1: Travelling straight ahead,V1: E,Dry,Dark - lighted roadway,Clear,0,0,90,62,FALSE,41.93872856,-71.26959466
14486,8/2/2015,August,Sunday,15:27,2,2,1,0,Angle,V1: Turning left / V2: Travelling straight ahead,V1: S  / V2: W,Dry,Daylight,Clear,0,0,91,61,FALSE,41.92387717,-71.35158914
14487,8/3/2015,August,Monday,7:20,1,2,0,0,Rear-end,V1: Slowing or stopped in traffic / V2: Travelling straight ahead,V1: S  / V2: S,Dry,Daylight,Clear,0,0,89,63,FALSE,41.89832132,-71.35496031
14488,8/4/2015,August,Tuesday,6:36,1,2,0,0,Angle,V1: Turning left / V2: Turning right,V1: E  / V2: N,Wet,Daylight,Cloudy/Rain,0.42,0,90,66,FALSE,41.91200775,-71.25878583
14489,8/4/2015,August,Tuesday,7:40,2,3,2,0,Rear-end,V1: Slowing or stopped in traffic / V2: Slowing or stopped in traffic / V3: Travelling straight ahead,V1: N  / V2: N  / V3: N,Wet,Daylight,Rain,0.42,0,90,66,FALSE,41.95518928,-71.30389339
14490,8/4/2015,August,Tuesday,8:09,1,2,0,0,Rear-end,V1: Slowing or stopped in traffic / V2: Travelling straight ahead,V1: S  / V2: S,Dry,Daylight,Clear,0.42,0,90,66,FALSE,41.96019116,-71.30118086
14491,8/4/2015,August,Tuesday,14:49,1,1,0,0,Single vehicle crash,V1: Travelling straight ahead,V1: E,Dry,Daylight,Clear,0.42,0,90,66,FALSE,41.93304448,-71.28634923
14492,8/4/2015,August,Tuesday,19:42,2,1,1,0,Single vehicle crash,V1: Travelling straight ahead,V1: E,Dry,Daylight,Clear,0.42,0,90,66,FALSE,41.9491324,-71.27692162
14493,8/5/2015,August,Wednesday,5:27,1,1,0,0,Single vehicle crash,V1: Travelling straight ahead,V1: S,Dry,Dawn,Clear,0,0,89,62,FALSE,41.94029895,-71.27837942
14494,8/5/2015,August,Wednesday,15:32,2,2,1,0,Rear-end,V1: Travelling straight ahead / V2: 0,V1: S  / V2: S,Dry,Daylight,Clear,0,0,89,62,FALSE,41.90451641,-71.36613394
14495,8/6/2015,August,Thursday,17:14,1,2,0,0,Angle,V1: Travelling straight ahead / V2: Entering traffic lane,V1: E  / V2: N,Dry,Daylight,Clear,0,0,88,58,FALSE,41.92675288,-71.34334435
14496,8/7/2015,August,Friday,0:00,1,2,0,0,Angle,V1: Backing / V2: Parked,V1: Reported but invalid / V2: 0,Dry,Daylight,Clear,0,0,84,58,FALSE,41.94257686,-71.27448379
14497,8/7/2015,August,Friday,0:36,1,1,0,0,Single vehicle crash,V1: Travelling straight ahead,V1: S,Dry,Dark - roadway not lighted,Clear,0,0,84,58,FALSE,41.92212566,-71.32976643
14498,8/7/2015,August,Friday,13:40,1,2,0,0,Angle,V1: Travelling straight ahead / V2: Travelling straight ahead,V1: N  / V2: W,Dry,Daylight,Cloudy,0,0,84,58,FALSE,41.90638632,-71.35686316
14499,8/7/2015,August,Friday,15:40,2,1,1,0,Head-on,V1: Slowing or stopped in traffic,V1: W,Dry,Daylight,Clear,0,0,84,58,FALSE,41.9339911,-71.30301574
14500,8/8/2015,August,Saturday,17:51,2,1,2,0,Single vehicle crash,V1: Travelling straight ahead,V1: S,Dry,Daylight,Clear,0,0,80,57,FALSE,41.92045606,-71.29845401
14501,8/9/2015,August,Sunday,18:06,2,2,1,0,Angle,V1: Travelling straight ahead / V2: Changing lanes,V1: S  / V2: S,Dry,Daylight,Clear,0,0,82,58,FALSE,41.8990797,-71.35507779
14502,8/10/2015,August,Monday,12:05,1,2,0,0,Rear-end,V1: Slowing or stopped in traffic / V2: Slowing or stopped in traffic,V1: S  / V2: S,Dry,Daylight,Clear,0,0,74,54,FALSE,41.90231125,-71.35597671
14503,8/10/2015,August,Monday,13:53,1,2,0,0,Rear-end,V1: Travelling straight ahead / V2: Slowing or stopped in traffic,V1: E  / V2: E,Dry,Daylight,Clear,0,0,74,54,FALSE,41.94670688,-71.27563596
14504,8/10/2015,August,Monday,17:40,2,2,1,0,Rear-end,V1: Travelling straight ahead / V2: Travelling straight ahead,V1: E  / V2: E,Dry,Daylight,Clear,0,0,74,54,FALSE,41.93386542,-71.30225536
14505,8/11/2015,August,Tuesday,16:39,1,2,0,0,Rear-end,V1: Entering traffic lane / V2: Entering traffic lane,V1: N  / V2: N,Wet,Daylight,Rain,0,0,82,57,FALSE,41.90217475,-71.35579772
14506,8/12/2015,August,Wednesday,1:37,1,1,0,0,Single vehicle crash,V1: Travelling straight ahead,V1: N,Dry,Dark - lighted roadway,Clear,0.69,0,71,67,FALSE,41.95524622,-71.30317347
14507,8/12/2015,August,Wednesday,6:04,1,1,0,0,Head-on,V1: Travelling straight ahead,V1: W,Dry,Daylight,Clear,0.69,0,71,67,FALSE,41.92263082,-71.3537957
14508,8/13/2015,August,Thursday,17:44,2,2,1,0,Rear-end,V1: Travelling straight ahead / V2: Slowing or stopped in traffic,V1: S  / V2: S,Dry,Daylight,Clear,0,0,87,60,FALSE,41.93565281,-71.26310067
14509,8/14/2015,August,Friday,1:22,1,2,0,0,Angle,V1: Travelling straight ahead / V2: Travelling straight ahead,V1: W  / V2: S,Dry,Dark - lighted roadway,Clear,0,0,86,58,FALSE,41.92014284,-71.35719783
14510,8/14/2015,August,Friday,10:29,2,1,2,0,Single vehicle crash,V1: Other,V1: Reported but invalid,Dry,Daylight,Clear,0,0,86,58,FALSE,41.93852889,-71.28350398
14511,8/14/2015,August,Friday,10:37,1,2,0,0,"Sideswipe, same direction",V1: Turning left / V2: Turning left,V1: S  / V2: S,Dry,Daylight,Clear,0,0,86,58,FALSE,41.91981411,-71.35860614
14512,8/14/2015,August,Friday,10:40,1,2,0,0,Angle,V1: Travelling straight ahead / V2: Travelling straight ahead,V1: S  / V2: W,Dry,Daylight,Clear,0,0,86,58,FALSE,41.94396167,-71.27662963
14513,8/14/2015,August,Friday,13:25,1,2,0,0,Rear-end,V1: Travelling straight ahead / V2: Travelling straight ahead,V1: N  / V2: N,Dry,Daylight,Clear,0,0,86,58,FALSE,41.9198727,-71.35727438
14514,8/14/2015,August,Friday,13:51,1,1,0,0,Single vehicle crash,V1: Travelling straight ahead,V1: E,0,Daylight,Clear,0,0,86,58,FALSE,41.95428602,-71.28497548