ID,DATE,Month,Day of week,Crash Time,Crash Severity,Number of Vehicles,Total Nonfatal Injuries,Total Fatal Injuries,Manner of Collision,Vehicle Action Prior to Crash,Vehicle Travel Directions,Road Surface Condition,Ambient Light,Weather Condition,PRCP,SNOW,TMAX,TMIN,Ice,Longtitute,Latitute
14515,8/14/2015,August,Friday,15:09,1,2,0,0,Angle,V1: Travelling straight ahead / V2: Travelling straight ahead,V1: N  / V2: W,Dry,Daylight,Clear,0,0,86,58,FALSE,41.94472176,-71.2812504
14516,8/15/2015,August,Saturday,0:43,2,2,1,0,Rear-end,V1: Travelling straight ahead / V2: Turning left,V1: N  / V2: N,Dry,Dark - lighted roadway,Clear,0,0,87,60,FALSE,41.94007226,-71.29032337
14517,8/15/2015,August,Saturday,2:19,1,1,0,0,Single vehicle crash,V1: Travelling straight ahead,V1: S,Dry,Dark - roadway not lighted,Clear,0,0,87,60,FALSE,41.92458223,-71.32770731
14518,8/15/2015,August,Saturday,15:55,1,1,0,0,Single vehicle crash,V1: Turning right,V1: N,Dry,Daylight,Clear,0,0,87,60,FALSE,41.91235988,-71.31295017
14519,8/15/2015,August,Saturday,16:44,2,3,3,0,Angle,V1: Turning left / V2: Travelling straight ahead / V3: Other,V1: S  / V2: N  / V3: W,Dry,Daylight,Cloudy,0,0,87,60,FALSE,41.90081079,-71.36802017
14520,8/15/2015,August,Saturday,23:10,1,1,0,0,Angle,V1: Travelling straight ahead,V1: S,Dry,Dark - lighted roadway,Clear,0,0,87,60,FALSE,41.94188971,-71.28096806
14521,8/16/2015,August,Sunday,0:55,1,1,0,0,Single vehicle crash,V1: Travelling straight ahead,V1: N,Wet,Dark - roadway not lighted,Cloudy,0.06,0,91,65,FALSE,41.90241817,-71.35561188
14522,8/16/2015,August,Sunday,1:00,1,1,0,0,Single vehicle crash,V1: Backing,V1: E,Dry,Other,Cloudy,0.06,0,91,65,FALSE,41.93404812,-71.31577712
14523,8/16/2015,August,Sunday,1:18,1,2,0,0,"Sideswipe, same direction",V1: Slowing or stopped in traffic / V2: Overtaking/passing,V1: S  / V2: S,Dry,Dark - lighted roadway,Cloudy,0.06,0,91,65,FALSE,41.91449065,-71.36105328
14524,8/16/2015,August,Sunday,7:11,1,1,0,0,Single vehicle crash,V1: Backing,V1: U,"Sand, mud, dirt, oil, gravel",Dawn,Cloudy,0.06,0,91,65,FALSE,41.93637379,-71.32451477
14525,8/16/2015,August,Sunday,12:30,1,2,0,0,Angle,V1: Travelling straight ahead / V2: Travelling straight ahead,V1: S  / V2: U,Dry,Daylight,Clear,0.06,0,91,65,FALSE,41.95257611,-71.26987665
14526,8/16/2015,August,Sunday,13:24,2,1,6,0,Single vehicle crash,V1: Turning left,V1: W,Dry,Daylight,Clear,0.06,0,91,65,FALSE,41.95180679,-71.2898592
14527,8/16/2015,August,Sunday,16:12,2,4,1,0,Rear-end,V1: Slowing or stopped in traffic / V2: Travelling straight ahead / V3: Slowing or stopped in traffic / V4: Slowing or stopped in traffic,V1: N  / V2: N  / V3: N  / V4: N,Dry,Daylight,Clear,0.06,0,91,65,FALSE,41.91238644,-71.31146915
14528,8/17/2015,August,Monday,10:51,1,1,0,0,Single vehicle crash,V1: Travelling straight ahead,V1: N,Dry,Daylight,Clear,0,0,92,66,FALSE,41.95484304,-71.28856385
14529,8/17/2015,August,Monday,14:50,1,2,0,0,Angle,V1: Travelling straight ahead / V2: Turning left,V1: W  / V2: S,Dry,Daylight,Clear,0,0,92,66,FALSE,41.92387717,-71.35158914
14530,8/17/2015,August,Monday,15:39,1,1,0,0,Single vehicle crash,V1: Turning right,V1: U,Dry,Daylight,Clear,0,0,92,66,FALSE,41.9404815,-71.28139686
14531,8/19/2015,August,Wednesday,8:07,2,2,1,0,Angle,V1: Travelling straight ahead / V2: Travelling straight ahead,V1: W  / V2: S,Dry,Daylight,Clear,0,0,94,70,FALSE,41.96939377,-71.29355357
14532,8/19/2015,August,Wednesday,15:11,1,2,0,0,Angle,V1: Turning left / V2: Travelling straight ahead,V1: S  / V2: W,Dry,Daylight,Clear,0,0,94,70,FALSE,41.92387717,-71.35158914
14533,8/19/2015,August,Wednesday,15:34,1,2,0,0,Angle,V1: Travelling straight ahead / V2: Turning left,V1: E  / V2: S,Dry,Daylight,Clear,0,0,94,70,FALSE,41.93359015,-71.30040441
14534,8/19/2015,August,Wednesday,16:30,2,2,2,0,Rear-end,V1: Travelling straight ahead / V2: Slowing or stopped in traffic,V1: S  / V2: 0,Dry,Daylight,Clear,0,0,94,70,FALSE,41.90998013,-71.35802082
14535,8/19/2015,August,Wednesday,23:41,2,2,1,0,Angle,V1: Travelling straight ahead / V2: Travelling straight ahead,V1: N  / V2: W,Dry,Dark - lighted roadway,Cloudy,0,0,94,70,FALSE,41.94472176,-71.2812504
14536,8/19/2015,August,Wednesday,23:50,1,2,0,0,Rear-end,V1: Travelling straight ahead / V2: Travelling straight ahead,V1: N  / V2: N,Dry,Dark - roadway not lighted,Clear,0,0,94,70,FALSE,41.92886018,-71.3230987
14537,8/20/2015,August,Thursday,8:25,1,1,0,0,Single vehicle crash,V1: Travelling straight ahead,V1: W,Dry,Daylight,Clear,0,0,89,71,FALSE,41.90776617,-71.37282811
14538,8/20/2015,August,Thursday,14:32,1,2,0,0,Rear-end,V1: Travelling straight ahead / V2: Slowing or stopped in traffic,V1: N  / V2: N,0,Daylight,Clear,0,0,89,71,FALSE,41.95901011,-71.28770522
14539,8/20/2015,August,Thursday,19:18,1,2,0,0,Rear-end,V1: Slowing or stopped in traffic / V2: Travelling straight ahead,V1: E  / V2: E,Dry,Dusk,Clear,0,0,89,71,FALSE,41.9483337,-71.27794679
14540,8/21/2015,August,Friday,12:32,1,2,0,0,Angle,V1: Travelling straight ahead / V2: Travelling straight ahead,V1: E  / V2: S,Dry,Daylight,Clear,0.13,0,86,72,FALSE,41.93304448,-71.28634923
14541,8/21/2015,August,Friday,15:08,1,2,0,0,"Sideswipe, same direction",V1: Travelling straight ahead / V2: 0,V1: W  / V2: W,Dry,Daylight,Clear,0.13,0,86,72,FALSE,41.9341021,-71.30369928
14542,8/21/2015,August,Friday,17:51,1,2,0,0,Angle,V1: Turning left / V2: Travelling straight ahead,V1: E  / V2: W,Dry,Daylight,Cloudy,0.13,0,86,72,FALSE,41.95265513,-71.26966302
14543,8/21/2015,August,Friday,23:12,2,2,2,0,Rear-end,V1: Travelling straight ahead / V2: Travelling straight ahead,V1: S  / V2: S,Dry,Dark - roadway not lighted,Clear,0.13,0,86,72,FALSE,34.24438675,-73.6513909
14544,8/21/2015,August,Friday,23:52,1,2,0,0,Rear-end,V1: Slowing or stopped in traffic / V2: Slowing or stopped in traffic,V1: S  / V2: S,Dry,Dark - roadway not lighted,Clear,0.13,0,86,72,FALSE,34.24438675,-73.6513909
14545,8/22/2015,August,Saturday,11:56,1,3,0,0,Rear-end,V1: Travelling straight ahead / V2: Travelling straight ahead / V3: Travelling straight ahead,V1: S  / V2: S  / V3: S,Dry,Daylight,Clear,0.29,0,85,69,FALSE,41.9341021,-71.30369928
14546,8/22/2015,August,Saturday,20:08,1,2,0,0,Angle,V1: Parked / V2: Backing,V1: U  / V2: U,0,Dark - lighted roadway,Clear,0.29,0,85,69,FALSE,41.90379881,-71.36649397
14547,8/22/2015,August,Saturday,20:54,1,2,0,0,Angle,V1: Entering traffic lane / V2: Travelling straight ahead,V1: E  / V2: S,Dry,Dark - lighted roadway,Clear,0.29,0,85,69,FALSE,41.90976076,-71.36345171
14548,8/23/2015,August,Sunday,2:49,2,2,1,0,Rear-end,V1: Travelling straight ahead / V2: Travelling straight ahead,V1: N  / V2: N,Dry,Dark - roadway not lighted,Clear,0,0,77,68,FALSE,41.92886018,-71.3230987
14549,8/23/2015,August,Sunday,3:37,2,2,1,0,Rear-end,V1: Travelling straight ahead / V2: Slowing or stopped in traffic,V1: N  / V2: N,Dry,Dark - roadway not lighted,Clear,0,0,77,68,FALSE,41.92886018,-71.3230987
14550,8/23/2015,August,Sunday,3:38,1,2,0,0,Rear-end,V1: Travelling straight ahead / V2: Travelling straight ahead,V1: E  / V2: E,Dry,Dark - lighted roadway,Clear,0,0,77,68,FALSE,41.94245198,-71.28698244
14551,8/24/2015,August,Monday,7:18,1,2,0,0,Rear-to-rear,V1: Travelling straight ahead / V2: Slowing or stopped in traffic,V1: S  / V2: S,Dry,Daylight,Clear,0,0,79,68,FALSE,34.24438675,-73.6513909
14552,8/24/2015,August,Monday,11:23,2,2,3,0,Rear-end,V1: Travelling straight ahead / V2: Slowing or stopped in traffic,V1: W  / V2: W,Wet,Daylight,Cloudy,0,0,79,68,FALSE,41.95329818,-71.27835521
14553,8/24/2015,August,Monday,14:28,2,2,4,0,Rear-end,V1: Travelling straight ahead / V2: Travelling straight ahead,V1: S  / V2: S,Dry,Daylight,Clear,0,0,79,68,FALSE,41.89938073,-71.35524848
14554,8/24/2015,August,Monday,16:03,1,2,0,0,Angle,V1: Travelling straight ahead / V2: Travelling straight ahead,V1: S  / V2: W,Dry,Daylight,Cloudy,0,0,79,68,FALSE,41.92387717,-71.35158914
14555,8/24/2015,August,Monday,16:35,1,2,0,0,Rear-end,V1: Slowing or stopped in traffic / V2: Slowing or stopped in traffic,V1: S  / V2: S,Dry,Daylight,Clear,0,0,79,68,FALSE,41.96019116,-71.30118086
14556,8/26/2015,August,Wednesday,13:44,1,1,0,0,Single vehicle crash,V1: Travelling straight ahead,V1: S,Dry,Daylight,Clear,0.19,0,89,68,FALSE,41.94659156,-71.27549084
14557,8/26/2015,August,Wednesday,16:43,2,2,1,0,Rear-end,V1: Travelling straight ahead / V2: Slowing or stopped in traffic,V1: S  / V2: S,Dry,Daylight,Clear,0.19,0,89,68,FALSE,41.91198775,-71.25914302
14558,8/27/2015,August,Thursday,13:01,2,2,1,0,Rear-end,V1: Entering traffic lane / V2: Travelling straight ahead,V1: E  / V2: E,Dry,Daylight,Clear,0,0,87,59,FALSE,41.93327371,-71.29896937
14559,8/27/2015,August,Thursday,21:45,1,2,0,0,Rear-end,V1: Travelling straight ahead / V2: Slowing or stopped in traffic,V1: S  / V2: S,Dry,Dark - roadway not lighted,Clear,0,0,87,59,FALSE,41.90261276,-71.35590972
14560,8/27/2015,August,Thursday,22:00,1,2,0,0,Rear-end,V1: Travelling straight ahead / V2: Slowing or stopped in traffic,V1: S  / V2: S,Dry,Dark - lighted roadway,Clear,0,0,87,59,FALSE,41.90086769,-71.36799095
14561,8/28/2015,August,Friday,23:07,1,2,0,0,Angle,V1: Entering traffic lane / V2: Travelling straight ahead,V1: N  / V2: W,Dry,Dark - lighted roadway,Clear,0,0,83,57,FALSE,41.93269195,-71.32821357
14562,8/29/2015,August,Saturday,15:13,2,2,2,0,Angle,V1: Travelling straight ahead / V2: Travelling straight ahead,V1: S  / V2: S,Dry,Daylight,Clear,0,0,84,55,FALSE,41.90697288,-71.36488171
14563,8/31/2015,August,Monday,10:53,1,1,0,0,Single vehicle crash,V1: Turning left,V1: S,Dry,Daylight,Clear,0,0,89,64,FALSE,41.93164315,-71.24510822
14564,8/31/2015,August,Monday,17:11,1,2,0,0,Angle,V1: Slowing or stopped in traffic / V2: Entering traffic lane,V1: E  / V2: W,Dry,Daylight,Clear,0,0,89,64,FALSE,41.95076301,-71.27397064
14565,8/31/2015,August,Monday,21:02,1,1,0,0,Rear-to-rear,V1: Parked,V1: 0,Dry,Dark - lighted roadway,Clear,0,0,89,64,FALSE,41.95265513,-71.26966302
14566,9/1/2015,September,Tuesday,6:45,1,2,0,0,Rear-end,V1: Slowing or stopped in traffic / V2: Slowing or stopped in traffic,V1: N  / V2: N,Dry,Daylight,Clear,0,0,90,65,FALSE,41.95593405,-71.30346756
14567,9/1/2015,September,Tuesday,7:29,1,2,0,0,Angle,V1: Entering traffic lane / V2: Travelling straight ahead,V1: N  / V2: E,Dry,Daylight,Clear,0,0,90,65,FALSE,41.93397761,-71.31903245
14568,9/1/2015,September,Tuesday,14:09,1,3,0,0,Rear-end,V1: Travelling straight ahead / V2: Slowing or stopped in traffic / V3: Turning left,V1: S  / V2: S  / V3: S,Dry,Daylight,Clear,0,0,90,65,FALSE,41.91732039,-71.35849213
14569,9/1/2015,September,Tuesday,15:50,1,1,0,0,Single vehicle crash,V1: Parked,V1: N,Dry,Daylight,Clear,0,0,90,65,FALSE,41.95059973,-71.27431952
14570,9/1/2015,September,Tuesday,16:03,2,2,3,0,Angle,V1: Turning left / V2: Travelling straight ahead,V1: N  / V2: S,Dry,Daylight,Clear,0,0,90,65,FALSE,41.89877036,-71.35512121
14571,9/1/2015,September,Tuesday,17:33,1,2,0,0,Angle,V1: Turning left / V2: Travelling straight ahead,V1: W  / V2: E,Dry,Daylight,Clear,0,0,90,65,FALSE,41.94758208,-71.27687472
14572,9/1/2015,September,Tuesday,19:50,2,3,2,0,Rear-end,V1: Travelling straight ahead / V2: Slowing or stopped in traffic / V3: Slowing or stopped in traffic,V1: E  / V2: E  / V3: E,Dry,Dark - lighted roadway,Clear,0,0,90,65,FALSE,41.92556324,-71.34771976
14573,9/2/2015,September,Wednesday,5:32,1,3,0,0,"Sideswipe, same direction",V1: Travelling straight ahead / V2: 0 / V3: Changing lanes,V1: N  / V2: 0 / V3: N,Dry,Daylight,Clear,0,0,90,64,FALSE,34.24438675,-73.6513909
14574,9/2/2015,September,Wednesday,5:45,1,2,0,0,Rear-end,V1: Slowing or stopped in traffic / V2: Slowing or stopped in traffic,V1: N  / V2: N,Dry,Daylight,Clear,0,0,90,64,FALSE,34.24438675,-73.6513909
14575,9/2/2015,September,Wednesday,16:50,1,2,0,0,Rear-end,V1: Travelling straight ahead / V2: Slowing or stopped in traffic,V1: S  / V2: S,Dry,Daylight,Clear,0,0,90,64,FALSE,41.93405012,-71.31579284
14576,9/2/2015,September,Wednesday,18:58,1,2,0,0,Single vehicle crash,V1: Travelling straight ahead / V2: Turning left,V1: W  / V2: E,Dry,Dark - lighted roadway,Clear,0,0,90,64,FALSE,41.93359015,-71.30040441
14577,9/4/2015,September,Friday,9:30,1,2,0,0,Angle,V1: Travelling straight ahead / V2: Turning right,V1: N  / V2: E,Dry,Daylight,Clear,0.09,0,90,66,FALSE,41.90638632,-71.35686316
14578,9/4/2015,September,Friday,12:34,1,1,0,0,Single vehicle crash,V1: Backing,V1: W,Dry,Daylight,Clear,0.09,0,90,66,FALSE,41.91190181,-71.26307675
14579,9/4/2015,September,Friday,15:14,1,1,0,0,Head-on,V1: Turning right,V1: S,Dry,Daylight,Clear,0.09,0,90,66,FALSE,41.94444966,-71.2795884
14580,9/5/2015,September,Saturday,1:21,1,1,0,0,Single vehicle crash,V1: Travelling straight ahead,V1: E,Dry,Dark - lighted roadway,Clear,0,0,74,53,FALSE,41.95451461,-71.24992613
14581,9/5/2015,September,Saturday,2:00,1,3,0,0,"Sideswipe, same direction",V1: Travelling straight ahead / V2: Travelling straight ahead / V3: Travelling straight ahead,V1: S  / V2: S  / V3: S,Dry,Dark - roadway not lighted,Clear,0,0,74,53,FALSE,41.90261276,-71.35590972
14582,9/5/2015,September,Saturday,18:13,1,2,0,0,Angle,V1: Travelling straight ahead / V2: Travelling straight ahead,V1: E  / V2: S,Dry,Daylight,Clear,0,0,74,53,FALSE,41.93791223,-71.27222085
14583,9/7/2015,September,Monday,14:07,1,2,0,0,"Sideswipe, same direction",V1: Changing lanes / V2: Travelling straight ahead,V1: S  / V2: S,Dry,Daylight,Clear,0,0,87,54,FALSE,41.91981411,-71.35860614
14584,9/7/2015,September,Monday,17:43,1,2,0,0,"Sideswipe, same direction",V1: Travelling straight ahead / V2: Entering traffic lane,V1: N  / V2: W,Dry,Daylight,Clear,0,0,87,54,FALSE,41.94210306,-71.26984487
14585,9/8/2015,September,Tuesday,11:45,1,2,0,0,Angle,V1: Turning left / V2: Travelling straight ahead,V1: S  / V2: N,Dry,Daylight,Clear,0,0,90,62,FALSE,41.91082902,-71.36290776
14586,9/8/2015,September,Tuesday,14:45,1,1,0,0,Single vehicle crash,V1: Travelling straight ahead,V1: E,Dry,Daylight,Clear,0,0,90,62,FALSE,41.93051616,-71.33611756
14587,9/8/2015,September,Tuesday,20:48,1,2,0,0,Head-on,V1: Travelling straight ahead / V2: Travelling straight ahead,V1: W  / V2: E,Dry,Dark - lighted roadway,Cloudy,0,0,90,62,FALSE,41.9210426,-71.35807244
14588,9/9/2015,September,Wednesday,8:02,1,2,0,0,Rear-end,V1: Travelling straight ahead / V2: Slowing or stopped in traffic,V1: N  / V2: N,Dry,Daylight,Clear,0,0,96,70,FALSE,41.96097876,-71.28790414
14589,9/9/2015,September,Wednesday,12:15,1,2,0,0,Angle,V1: Turning left / V2: Travelling straight ahead,V1: N  / V2: S,Dry,Daylight,Clear,0,0,96,70,FALSE,41.89618753,-71.37039513
14590,9/10/2015,September,Thursday,6:18,1,1,0,0,Single vehicle crash,V1: Travelling straight ahead,V1: S,Dry,Daylight,Clear,0,0,90,72,FALSE,41.95141466,-71.30707329
14591,9/10/2015,September,Thursday,7:41,1,2,0,0,Rear-end,V1: Turning right / V2: Travelling straight ahead,V1: N  / V2: N,Wet,Daylight,Rain,0,0,90,72,FALSE,41.92886018,-71.3230987
14592,9/10/2015,September,Thursday,11:51,0,1,0,0,Single vehicle crash,V1: Turning left,V1: S,Wet,Daylight,Rain,0,0,90,72,FALSE,41.93843051,-71.29261954
14593,9/10/2015,September,Thursday,13:37,1,2,0,0,Angle,V1: Travelling straight ahead / V2: Turning right,V1: E  / V2: N,Dry,Daylight,Clear,0,0,90,72,FALSE,41.95056017,-71.27440404
14594,9/10/2015,September,Thursday,17:19,1,2,0,0,Rear-end,V1: Slowing or stopped in traffic / V2: Travelling straight ahead,V1: W  / V2: W,Wet,Daylight,Rain,0,0,90,72,FALSE,41.93784562,-71.29342247
14595,9/11/2015,September,Friday,8:05,2,2,1,0,Rear-end,V1: Slowing or stopped in traffic / V2: Slowing or stopped in traffic,V1: N  / V2: N,Wet,Daylight,Cloudy/Rain,1.82,0,75,63,FALSE,41.95593405,-71.30346756
14596,9/11/2015,September,Friday,10:10,2,2,2,0,Rear-end,V1: Travelling straight ahead / V2: Travelling straight ahead,V1: S  / V2: S,Wet,Daylight,Rain,1.82,0,75,63,FALSE,41.96495942,-71.28974962
14597,9/11/2015,September,Friday,10:48,2,2,1,0,Angle,V1: Turning left / V2: Travelling straight ahead,V1: E  / V2: W,Dry,Daylight,Cloudy,1.82,0,75,63,FALSE,41.94757814,-71.27890389
14598,9/11/2015,September,Friday,17:18,1,2,0,0,Angle,V1: Entering traffic lane / V2: Travelling straight ahead,V1: E  / V2: W,Dry,Daylight,Cloudy,1.82,0,75,63,FALSE,41.95260998,-71.26978509
14599,9/11/2015,September,Friday,17:39,1,2,0,0,"Sideswipe, opposite direction",V1: Entering traffic lane / V2: Overtaking/passing,V1: E  / V2: W,Dry,Daylight,Clear,1.82,0,75,63,FALSE,41.93404812,-71.31577712
14600,9/12/2015,September,Saturday,4:48,1,1,0,0,Single vehicle crash,V1: Travelling straight ahead,V1: 0,Dry,Dark - lighted roadway,Clear,0,0,73,57,FALSE,41.9250735,-71.35622629
14601,9/12/2015,September,Saturday,11:41,1,1,0,0,"Sideswipe, same direction",V1: Travelling straight ahead,V1: S,Dry,Daylight,Clear,0,0,73,57,FALSE,41.96019116,-71.30118086
14602,9/14/2015,September,Monday,17:49,1,2,0,0,Angle,V1: Backing / V2: Backing,V1: S  / V2: W,Dry,Daylight,Clear,0.06,0,70,54,FALSE,41.96180404,-71.2978343
14603,9/15/2015,September,Tuesday,9:57,1,2,0,0,Angle,V1: Backing / V2: Parked,V1: U  / V2: U,Dry,Daylight,Clear,0,0,71,55,FALSE,41.93396483,-71.29999159
14604,9/15/2015,September,Tuesday,14:05,2,2,1,0,Angle,V1: Travelling straight ahead / V2: Travelling straight ahead,V1: W  / V2: S,Dry,Daylight,Clear,0,0,71,55,FALSE,41.94330896,-71.27265641
14605,9/15/2015,September,Tuesday,14:25,1,1,0,0,Single vehicle crash,V1: Travelling straight ahead,V1: E,Dry,Daylight,Clear,0,0,71,55,FALSE,41.9483337,-71.27794679
14606,9/15/2015,September,Tuesday,17:28,2,2,1,0,Rear-end,V1: Travelling straight ahead / V2: Travelling straight ahead,V1: S  / V2: S,Dry,Daylight,Clear,0,0,71,55,FALSE,41.9374227,-71.29402673
14607,9/16/2015,September,Wednesday,7:31,1,2,0,0,"Sideswipe, same direction",V1: Travelling straight ahead / V2: Travelling straight ahead,V1: E  / V2: E,Dry,Daylight,Clear,0,0,85,56,FALSE,34.24438675,-73.6513909
14608,9/16/2015,September,Wednesday,10:07,1,2,0,0,Angle,V1: Backing / V2: Parked,V1: N  / V2: U,Dry,Daylight,Clear,0,0,85,56,FALSE,41.94548184,-71.28559201
14609,9/16/2015,September,Wednesday,15:45,1,2,0,0,"Sideswipe, same direction",V1: Travelling straight ahead / V2: Travelling straight ahead,V1: E  / V2: E,Dry,Daylight,Clear,0,0,85,56,FALSE,41.95130281,-71.27263126
14610,9/16/2015,September,Wednesday,16:28,1,2,0,0,Angle,V1: Travelling straight ahead / V2: Travelling straight ahead,V1: E  / V2: N,Dry,Daylight,Clear,0,0,85,56,FALSE,41.9370756,-71.28238678
14611,9/17/2015,September,Thursday,8:23,1,2,0,0,Angle,V1: Turning right / V2: Travelling straight ahead,V1: W  / V2: W,Dry,Daylight,Clear,0,0,86,57,FALSE,41.94861042,-71.27758702
14612,9/17/2015,September,Thursday,19:21,2,2,1,0,Angle,V1: Slowing or stopped in traffic / V2: Travelling straight ahead,V1: N  / V2: E,Dry,Dark - lighted roadway,Clear,0,0,86,57,FALSE,41.95451461,-71.24992613
14613,9/17/2015,September,Thursday,22:16,1,2,0,0,Rear-end,V1: Parked / V2: Travelling straight ahead,V1: U  / V2: E,Dry,Dark - roadway not lighted,Clear,0,0,86,57,FALSE,41.93415442,-71.29780141
14614,9/18/2015,September,Friday,11:24,1,2,0,0,Angle,V1: Entering traffic lane / V2: Travelling straight ahead,V1: W  / V2: S,Dry,Daylight,Clear,0,0,90,58,FALSE,41.92852012,-71.35410629
14615,9/19/2015,September,Saturday,0:08,1,1,0,0,Single vehicle crash,V1: Turning left,V1: N,Dry,Dark - lighted roadway,Clear,0,0,86,59,FALSE,41.89618753,-71.37039513
14616,9/19/2015,September,Saturday,8:59,2,2,1,0,Angle,V1: Entering traffic lane / V2: Travelling straight ahead,V1: N  / V2: E,Dry,Daylight,Clear,0,0,86,59,FALSE,41.94477406,-71.28122812
14617,9/19/2015,September,Saturday,12:18,1,2,0,0,Angle,V1: Entering traffic lane / V2: Travelling straight ahead,V1: E  / V2: S,Dry,Daylight,Clear,0,0,86,59,FALSE,41.94757814,-71.27890389
14618,9/20/2015,September,Sunday,6:30,2,2,1,0,Rear-end,V1: Travelling straight ahead / V2: Travelling straight ahead,V1: S  / V2: S,Dry,Daylight,Clear,0,0,83,64,FALSE,34.24438675,-73.6513909
14619,9/21/2015,September,Monday,7:25,1,2,0,0,Angle,V1: Entering traffic lane / V2: Travelling straight ahead,V1: S  / V2: S,Dry,Daylight,Clear,0,0,79,50,FALSE,41.91981411,-71.35860614
14620,9/21/2015,September,Monday,15:50,1,2,0,0,Head-on,V1: Travelling straight ahead / V2: Parked,V1: S  / V2: 0,Dry,Daylight,Clear,0,0,79,50,FALSE,41.90956485,-71.3760054
14621,9/21/2015,September,Monday,17:15,2,4,1,0,"Sideswipe, same direction",V1: Travelling straight ahead / V2: Changing lanes / V3: Travelling straight ahead / V4: Travelling straight ahead,V1: S  / V2: S  / V3: S  / V4: S,Dry,Daylight,Clear,0,0,79,50,FALSE,41.96019116,-71.30118086
14622,9/22/2015,September,Tuesday,13:56,1,1,0,0,Angle,V1: Travelling straight ahead,V1: W,Dry,Daylight,Clear,0,0,69,51,FALSE,41.93533053,-71.28487649
14623,9/22/2015,September,Tuesday,16:35,2,3,1,0,Rear-end,V1: Slowing or stopped in traffic / V2: Slowing or stopped in traffic / V3: Travelling straight ahead,V1: S  / V2: S  / V3: S,Dry,Daylight,Clear,0,0,69,51,FALSE,41.96019116,-71.30118086
14624,9/22/2015,September,Tuesday,19:42,1,2,0,0,Angle,V1: Turning left / V2: Travelling straight ahead,V1: N  / V2: S,Dry,Dark - lighted roadway,Cloudy,0,0,69,51,FALSE,41.91977948,-71.35862075
14625,9/23/2015,September,Wednesday,5:02,2,1,1,0,"Sideswipe, same direction",V1: Travelling straight ahead,V1: E,Dry,Dawn,Clear,0,0,72,49,FALSE,41.93379033,-71.30179601
14626,9/23/2015,September,Wednesday,8:38,0,2,0,0,Angle,V1: Travelling straight ahead / V2: Travelling straight ahead,V1: S  / V2: W,Dry,Daylight,Clear,0,0,72,49,FALSE,41.93207931,-71.29280404
14627,9/23/2015,September,Wednesday,12:56,1,2,0,0,Angle,V1: Travelling straight ahead / V2: Backing,V1: N  / V2: W,Dry,Daylight,Clear,0,0,72,49,FALSE,41.94705951,-71.27957967
14628,9/23/2015,September,Wednesday,15:40,1,2,0,0,Rear-end,V1: Travelling straight ahead / V2: Travelling straight ahead,V1: N  / V2: N,Dry,Daylight,Clear,0,0,72,49,FALSE,34.24438675,-73.6513909
14629,9/23/2015,September,Wednesday,17:30,2,2,2,0,Angle,V1: Turning left / V2: Travelling straight ahead,V1: N  / V2: S,Dry,Daylight,Clear,0,0,72,49,FALSE,41.90086769,-71.36799095
14630,9/24/2015,September,Thursday,9:20,1,2,0,0,Rear-end,V1: Slowing or stopped in traffic / V2: Travelling straight ahead,V1: N  / V2: N,Dry,Daylight,Clear,0,0,76,47,FALSE,34.24438675,-73.6513909
14631,9/24/2015,September,Thursday,17:10,1,2,0,0,Angle,V1: Backing / V2: Parked,V1: N  / V2: 0,Dry,Daylight,Clear,0,0,76,47,FALSE,41.94017095,-71.30638575
14632,9/24/2015,September,Thursday,17:16,1,3,0,0,Rear-end,V1: Travelling straight ahead / V2: Travelling straight ahead / V3: Travelling straight ahead,V1: S  / V2: S  / V3: S,Dry,Daylight,Clear,0,0,76,47,FALSE,41.89779753,-71.35482851
14633,9/25/2015,September,Friday,7:16,1,2,0,0,Rear-end,V1: Travelling straight ahead / V2: Parked,V1: E  / V2: E,Dry,Daylight,Clear,0,0,75,47,FALSE,41.93501345,-71.28435936
14634,9/26/2015,September,Saturday,14:45,1,2,0,0,Rear-end,V1: Slowing or stopped in traffic / V2: Slowing or stopped in traffic,V1: S  / V2: S,Dry,Daylight,Clear,0,0,70,47,FALSE,41.90257898,-71.35602542
14635,9/27/2015,September,Sunday,7:45,2,1,2,0,Single vehicle crash,V1: Travelling straight ahead,V1: S,Dry,Daylight,Clear,0,0,67,38,FALSE,41.96019116,-71.30118086
14636,9/28/2015,September,Monday,7:56,1,2,0,0,Rear-end,V1: Travelling straight ahead / V2: Slowing or stopped in traffic,V1: N  / V2: N,Dry,Daylight,Clear,0,0,74,39,FALSE,41.95401985,-71.28889809
14637,9/29/2015,September,Tuesday,6:22,2,2,1,0,Angle,V1: Travelling straight ahead / V2: Travelling straight ahead,V1: S  / V2: N,Dry,Dawn,Clear,0,0,80,49,FALSE,41.94417046,-71.31136151
14638,9/30/2015,September,Wednesday,7:31,1,2,0,0,Rear-end,V1: Slowing or stopped in traffic / V2: Slowing or stopped in traffic,V1: S  / V2: S,Wet,Daylight,Rain,0.59,0,82,66,FALSE,41.94531585,-71.2852959