ID,DATE,Month,Day of week,Crash Time,Crash Severity,Number of Vehicles,Total Nonfatal Injuries,Total Fatal Injuries,Manner of Collision,Vehicle Action Prior to Crash,Vehicle Travel Directions,Road Surface Condition,Ambient Light,Weather Condition,PRCP,SNOW,TMAX,TMIN,Ice,Longtitute,Latitute
14639,9/30/2015,September,Wednesday,9:11,1,2,0,0,Rear-end,V1: Travelling straight ahead / V2: Travelling straight ahead,V1: N  / V2: N,Wet,Daylight,Cloudy/Rain,0.59,0,82,66,FALSE,41.89835459,-71.36941126
14640,9/30/2015,September,Wednesday,10:30,1,1,0,0,Single vehicle crash,V1: Travelling straight ahead,V1: E,Wet,Daylight,Rain,0.59,0,82,66,FALSE,41.93505312,-71.29860583
14641,9/30/2015,September,Wednesday,12:16,1,3,0,0,Rear-end,V1: Travelling straight ahead / V2: Slowing or stopped in traffic / V3: Slowing or stopped in traffic,V1: N  / V2: N  / V3: N,Wet,Daylight,Cloudy,0.59,0,82,66,FALSE,41.9348634,-71.29887283
14642,9/30/2015,September,Wednesday,12:52,2,2,1,0,Rear-end,V1: Slowing or stopped in traffic / V2: Slowing or stopped in traffic,V1: N  / V2: N,Wet,Daylight,Cloudy/Rain,0.59,0,82,66,FALSE,41.90217475,-71.35579772
14643,9/30/2015,September,Wednesday,13:24,2,2,1,0,Rear-end,V1: Travelling straight ahead / V2: Travelling straight ahead,V1: W  / V2: W,Wet,Daylight,Cloudy,0.59,0,82,66,FALSE,41.95454637,-71.25223579
14644,9/30/2015,September,Wednesday,23:01,2,1,1,0,Single vehicle crash,V1: Travelling straight ahead,V1: E,Dry,Dark - 0 roadway lighting,Clear,0.59,0,82,66,FALSE,41.93164368,-71.29751858
14645,10/1/2015,October,Thursday,8:21,1,2,0,0,"Sideswipe, same direction",V1: Overtaking/passing / V2: Slowing or stopped in traffic,V1: S  / V2: S,Dry,Daylight,Cloudy,1.7,0,76,54,FALSE,41.93406554,-71.30574057
14646,10/1/2015,October,Thursday,9:48,1,2,0,0,"Sideswipe, opposite direction",V1: Travelling straight ahead / V2: Backing,V1: N  / V2: E,Dry,Daylight,Clear,1.7,0,76,54,FALSE,41.94257686,-71.27448379
14647,10/2/2015,October,Friday,1:00,1,1,0,0,Single vehicle crash,V1: Travelling straight ahead,V1: S,Wet,Dark - lighted roadway,Rain,0.17,0,56,50,FALSE,41.90802087,-71.3549698
14648,10/2/2015,October,Friday,12:32,1,2,0,0,Angle,V1: Entering traffic lane / V2: Travelling straight ahead,V1: E  / V2: S,Wet,Daylight,Cloudy/Rain,0.17,0,56,50,FALSE,41.95180679,-71.2898592
14649,10/2/2015,October,Friday,15:09,1,2,0,0,Rear-end,V1: Travelling straight ahead / V2: Travelling straight ahead,V1: S  / V2: S,Wet,Daylight,Rain,0.17,0,56,50,FALSE,41.89724313,-71.35469068
14650,10/2/2015,October,Friday,15:36,2,2,1,0,Angle,V1: Travelling straight ahead / V2: Travelling straight ahead,V1: W  / V2: S,Wet,Daylight,Cloudy/Rain,0.17,0,56,50,FALSE,41.93946861,-71.28168616
14651,10/3/2015,October,Saturday,9:37,2,2,2,0,Angle,V1: Entering traffic lane / V2: Travelling straight ahead,V1: E  / V2: N,Wet,Daylight,Cloudy/Rain,0.26,0,52,49,FALSE,41.93840858,-71.28352591
14652,10/3/2015,October,Saturday,10:08,1,2,0,0,Angle,V1: Travelling straight ahead / V2: Travelling straight ahead,V1: E  / V2: W,Dry,Daylight,Clear,0.26,0,52,49,FALSE,41.93600288,-71.26364875
14653,10/3/2015,October,Saturday,14:23,1,2,0,0,Angle,V1: Turning left / V2: Turning right,V1: N  / V2: W,Dry,Daylight,Cloudy,0.26,0,52,49,FALSE,41.93405012,-71.31579284
14654,10/4/2015,October,Sunday,11:54,1,2,0,0,Rear-end,V1: Travelling straight ahead / V2: Travelling straight ahead,V1: E  / V2: E,Dry,Daylight,Clear,0.01,0,53,49,FALSE,41.90217475,-71.35579772
14655,10/5/2015,October,Monday,13:21,1,1,0,0,Angle,V1: Slowing or stopped in traffic,V1: W,Dry,Daylight,Cloudy,0,0,58,49,FALSE,41.91981411,-71.35860614
14656,10/5/2015,October,Monday,22:24,0,1,0,0,Single vehicle crash,V1: Parked,V1: E,Dry,Dark - lighted roadway,Clear,0,0,58,49,FALSE,41.93147427,-71.31474768
14657,10/6/2015,October,Tuesday,6:01,1,2,0,0,Rear-end,V1: Travelling straight ahead / V2: Turning left,V1: S  / V2: S,Dry,Daylight,Clear,0,0,61,42,FALSE,41.89733197,-71.36979234
14658,10/6/2015,October,Tuesday,8:10,1,2,0,0,Rear-to-rear,V1: Backing / V2: Parked,V1: N  / V2: U,Dry,Dark - 0 roadway lighting,Clear,0,0,61,42,FALSE,41.93195275,-71.31655302
14659,10/6/2015,October,Tuesday,12:44,2,2,1,0,Rear-end,V1: Slowing or stopped in traffic / V2: Slowing or stopped in traffic,V1: S  / V2: S,Dry,Daylight,Clear,0,0,61,42,FALSE,41.90257898,-71.35602542
14660,10/6/2015,October,Tuesday,14:43,1,2,0,0,Rear-end,V1: Travelling straight ahead / V2: Slowing or stopped in traffic,V1: N  / V2: N,Dry,Daylight,Clear,0,0,61,42,FALSE,41.95640623,-71.28800655
14661,10/6/2015,October,Tuesday,18:34,1,3,0,0,"Sideswipe, same direction",V1: Other / V2: Parked / V3: Travelling straight ahead,V1: S  / V2: S  / V3: S,Dry,Dark - roadway not lighted,Clear,0,0,61,42,FALSE,34.24438675,-73.6513909
14662,10/7/2015,October,Wednesday,2:34,1,1,0,0,Single vehicle crash,V1: Travelling straight ahead,V1: E,Dry,Dark - roadway not lighted,Clear,0,0,71,42,FALSE,41.95417146,-71.31279134
14663,10/7/2015,October,Wednesday,6:20,1,2,0,0,Rear-end,V1: Slowing or stopped in traffic / V2: Travelling straight ahead,V1: N  / V2: N,Dry,Daylight,Clear,0,0,71,42,FALSE,41.92886018,-71.3230987
14664,10/7/2015,October,Wednesday,11:37,0,1,0,0,Single vehicle crash,V1: Backing,V1: 0,Dry,Daylight,Clear,0,0,71,42,FALSE,41.89863276,-71.35506105
14665,10/7/2015,October,Wednesday,13:15,1,2,0,0,"Sideswipe, same direction",V1: Turning right / V2: Travelling straight ahead,V1: N  / V2: N,Dry,Daylight,Clear,0,0,71,42,FALSE,34.24438675,-73.6513909
14666,10/7/2015,October,Wednesday,16:32,1,2,0,0,Angle,V1: Backing / V2: Parked,V1: N  / V2: 0,Dry,Daylight,Clear,0,0,71,42,FALSE,41.93846669,-71.28465499
14667,10/7/2015,October,Wednesday,17:29,2,4,1,0,Rear-end,V1: Travelling straight ahead / V2: Slowing or stopped in traffic / V3: Slowing or stopped in traffic / V4: Slowing or stopped in traffic,V1: S  / V2: S  / V3: S  / V4: S,Dry,Daylight,Clear,0,0,71,42,FALSE,41.94292337,-71.28632959
14668,10/7/2015,October,Wednesday,18:50,1,2,0,0,Angle,V1: Turning left / V2: Travelling straight ahead,V1: W  / V2: W,Dry,Dark - lighted roadway,Clear,0,0,71,42,FALSE,41.91981411,-71.35860614
14669,10/8/2015,October,Thursday,16:36,2,2,1,0,Rear-end,V1: Slowing or stopped in traffic / V2: Travelling straight ahead,V1: S  / V2: S,Dry,Daylight,Clear,0,0,73,42,FALSE,41.92900797,-71.28446457
14670,10/9/2015,October,Friday,10:52,1,2,0,0,"Sideswipe, opposite direction",V1: Turning right / V2: Slowing or stopped in traffic,V1: W  / V2: E,Dry,Daylight,Clear,0,0,68,45,FALSE,41.95180679,-71.2898592
14671,10/9/2015,October,Friday,16:57,2,2,1,0,Angle,V1: Slowing or stopped in traffic / V2: Slowing or stopped in traffic,V1: E  / V2: S,Wet,Dusk,Rain,0,0,68,45,FALSE,41.95037786,-71.26794495
14672,10/9/2015,October,Friday,17:38,1,2,0,0,Rear-end,V1: Travelling straight ahead / V2: Travelling straight ahead,V1: W  / V2: W,Wet,Dusk,Cloudy/Rain,0,0,68,45,FALSE,41.92734628,-71.34208364
14673,10/9/2015,October,Friday,18:30,2,2,1,0,Rear-end,V1: Slowing or stopped in traffic / V2: Travelling straight ahead,V1: S  / V2: S,Dry,Dark - roadway not lighted,Clear,0,0,68,45,FALSE,41.94445299,-71.31174652
14674,10/9/2015,October,Friday,23:27,2,2,1,0,Angle,V1: Turning left / V2: Travelling straight ahead,V1: E  / V2: N,Dry,Dark - lighted roadway,Clear,0,0,68,45,FALSE,41.91653724,-71.36001753
14675,10/10/2015,October,Saturday,15:43,2,2,1,0,Rear-end,V1: Travelling straight ahead / V2: Travelling straight ahead,V1: E  / V2: E,Dry,Daylight,Clear,0.07,0,69,44,FALSE,41.90217475,-71.35579772
14676,10/10/2015,October,Saturday,16:05,1,2,0,0,Angle,V1: Parked / V2: Backing,V1: W  / V2: N,Dry,Daylight,Clear,0.07,0,69,44,FALSE,41.94901202,-71.28338214
14677,10/10/2015,October,Saturday,19:05,2,1,1,0,Single vehicle crash,V1: Changing lanes,V1: S,Dry,Dark - lighted roadway,Clear,0.07,0,69,44,FALSE,34.24438675,-73.6513909
14678,10/11/2015,October,Sunday,17:52,1,2,0,0,"Sideswipe, same direction",V1: Travelling straight ahead / V2: Changing lanes,V1: S  / V2: S,Dry,Daylight,Clear,0,0,63,41,FALSE,41.92927403,-71.32377045
14679,10/12/2015,October,Monday,14:55,1,2,0,0,Rear-end,V1: Travelling straight ahead / V2: Travelling straight ahead,V1: N  / V2: N,Dry,Daylight,Clear,0,0,69,42,FALSE,41.89863276,-71.35506105
14680,10/12/2015,October,Monday,15:23,2,2,1,0,Angle,V1: Travelling straight ahead / V2: Turning left,V1: S  / V2: W,Dry,Daylight,Clear,0,0,69,42,FALSE,41.92521765,-71.28783389
14681,10/13/2015,October,Tuesday,7:49,1,2,0,0,Angle,V1: Entering traffic lane / V2: Slowing or stopped in traffic,V1: S  / V2: W,Wet,Daylight,Cloudy/Rain,0.08,0,76,45,FALSE,41.93330113,-71.29909858
14682,10/13/2015,October,Tuesday,9:50,1,2,0,0,"Sideswipe, same direction",V1: Travelling straight ahead / V2: Travelling straight ahead,V1: S  / V2: S,Wet,Daylight,Rain,0.08,0,76,45,FALSE,41.90261276,-71.35590972
14683,10/13/2015,October,Tuesday,16:20,1,2,0,0,"Sideswipe, same direction",V1: Travelling straight ahead / V2: Changing lanes,V1: S  / V2: S,Dry,Daylight,Clear,0.08,0,76,45,FALSE,41.95111728,-71.27425146
14684,10/13/2015,October,Tuesday,21:29,2,2,1,0,Rear-end,V1: Slowing or stopped in traffic / V2: Travelling straight ahead,V1: S  / V2: S,Dry,Dark - lighted roadway,Clear,0.08,0,76,45,FALSE,41.95949687,-71.28775942
14685,10/14/2015,October,Wednesday,10:42,2,1,2,0,Single vehicle crash,V1: Turning right,V1: E,Dry,Daylight,Clear,0.18,0,73,53,FALSE,41.9483337,-71.27794679
14686,10/14/2015,October,Wednesday,10:51,1,3,0,0,Rear-end,V1: Travelling straight ahead / V2: Travelling straight ahead / V3: Slowing or stopped in traffic,V1: N  / V2: N  / V3: N,Dry,Daylight,Clear,0.18,0,73,53,FALSE,41.95640623,-71.28800655
14687,10/14/2015,October,Wednesday,22:30,2,1,1,0,Single vehicle crash,V1: Travelling straight ahead,V1: S,Dry,Dark - roadway not lighted,Clear,0.18,0,73,53,FALSE,34.24438675,-73.6513909
14688,10/15/2015,October,Thursday,7:52,1,2,0,0,Rear-to-rear,V1: Travelling straight ahead / V2: Slowing or stopped in traffic,V1: N  / V2: N,Dry,Daylight,Clear,0,0,69,37,FALSE,41.93044785,-71.26035342
14689,10/15/2015,October,Thursday,14:09,1,2,0,0,Angle,V1: Turning left / V2: Travelling straight ahead,V1: E  / V2: E,Dry,Daylight,Clear,0,0,69,37,FALSE,41.91981411,-71.35860614
14690,10/15/2015,October,Thursday,18:14,3,1,0,1,Angle,V1: Travelling straight ahead,V1: E,Dry,Dusk,Clear,0,0,69,37,FALSE,41.93601097,-71.28269451
14691,10/16/2015,October,Friday,8:52,1,2,0,0,Rear-end,V1: Travelling straight ahead / V2: Slowing or stopped in traffic,V1: E  / V2: E,Dry,Daylight,Clear,0,0,64,37,FALSE,41.94772228,-71.27707291
14692,10/16/2015,October,Friday,12:32,2,2,1,0,Rear-end,V1: Travelling straight ahead / V2: Slowing or stopped in traffic,V1: E  / V2: E,Other,Daylight,Clear,0,0,64,37,FALSE,41.93044785,-71.26035342
14693,10/16/2015,October,Friday,14:50,2,2,1,0,"Sideswipe, opposite direction",V1: Travelling straight ahead / V2: Travelling straight ahead,V1: W  / V2: S,Dry,Daylight,Clear,0,0,64,37,FALSE,41.92387717,-71.35158914
14694,10/17/2015,October,Saturday,10:27,0,2,0,0,Rear-end,V1: Slowing or stopped in traffic / V2: Slowing or stopped in traffic,V1: N  / V2: N,Dry,Daylight,Clear,0,0,64,35,FALSE,41.9250735,-71.35622629
14695,10/17/2015,October,Saturday,12:25,2,2,1,0,Rear-end,V1: Travelling straight ahead / V2: Slowing or stopped in traffic,V1: S  / V2: S,Dry,Daylight,Clear,0,0,64,35,FALSE,41.89779639,-71.35482823
14696,10/17/2015,October,Saturday,14:15,1,2,0,0,Rear-end,V1: Slowing or stopped in traffic / V2: Travelling straight ahead,V1: N  / V2: N,Dry,Daylight,Clear,0,0,64,35,FALSE,41.90217475,-71.35579772
14697,10/17/2015,October,Saturday,15:01,2,2,1,0,Rear-end,V1: Travelling straight ahead / V2: Travelling straight ahead,V1: Reported but invalid / V2: N,Dry,Daylight,Clear,0,0,64,35,FALSE,41.89863276,-71.35506105
14698,10/18/2015,October,Sunday,10:37,1,2,0,0,Rear-end,V1: Travelling straight ahead / V2: Travelling straight ahead,V1: E  / V2: E,Dry,Daylight,Clear,0,0,56,29,TRUE,41.93207931,-71.29280404
14699,10/19/2015,October,Monday,16:25,1,2,0,0,Angle,V1: Travelling straight ahead / V2: Entering traffic lane,V1: N  / V2: W,Dry,Daylight,Clear,0,0,48,25,TRUE,41.94495215,-71.2846593
14700,10/19/2015,October,Monday,17:29,1,2,0,0,Angle,V1: Travelling straight ahead / V2: Travelling straight ahead,V1: E  / V2: S,Dry,Daylight,Clear,0,0,48,25,TRUE,41.94757814,-71.27890389
14701,10/20/2015,October,Tuesday,14:33,2,2,2,0,Angle,V1: Turning left / V2: Travelling straight ahead,V1: W  / V2: N,Dry,Daylight,Clear,0,0,49,25,TRUE,41.91603176,-71.36026889
14702,10/20/2015,October,Tuesday,15:20,1,2,0,0,Angle,V1: Slowing or stopped in traffic / V2: Travelling straight ahead,V1: W  / V2: N,Dry,Daylight,Clear,0,0,49,25,TRUE,41.93742983,-71.26519759
14703,10/20/2015,October,Tuesday,16:08,1,1,0,0,Single vehicle crash,V1: Travelling straight ahead,V1: W,Dry,Daylight,Clear,0,0,49,25,TRUE,41.94757815,-71.27890389
14704,10/21/2015,October,Wednesday,8:22,1,2,0,0,Rear-end,V1: Slowing or stopped in traffic / V2: Travelling straight ahead,V1: S  / V2: S,Wet,Daylight,Cloudy/Rain,0,0,72,49,FALSE,41.96019116,-71.30118086
14705,10/21/2015,October,Wednesday,9:40,1,2,0,0,Rear-end,V1: Travelling straight ahead / V2: Slowing or stopped in traffic,V1: N  / V2: N,Dry,Daylight,Clear,0,0,72,49,FALSE,41.94398231,-71.28037852
14706,10/21/2015,October,Wednesday,16:15,2,2,1,0,Rear-end,V1: Travelling straight ahead / V2: Changing lanes,V1: S  / V2: S,Dry,Daylight,Clear,0,0,72,49,FALSE,41.90255025,-71.35612621
14707,10/22/2015,October,Thursday,6:30,2,2,1,0,Rear-end,V1: Travelling straight ahead / V2: Travelling straight ahead,V1: N  / V2: N,Dry,Dawn,Clear,0.01,0,69,53,FALSE,41.95593405,-71.30346756
14708,10/22/2015,October,Thursday,7:09,2,2,2,0,Rear-end,V1: Travelling straight ahead / V2: Turning left,V1: E  / V2: E,Dry,Dawn,Clear,0.01,0,69,53,FALSE,41.95234013,-71.29601132
14709,10/22/2015,October,Thursday,10:26,1,2,0,0,Rear-end,V1: Slowing or stopped in traffic / V2: Slowing or stopped in traffic,V1: S  / V2: S,Dry,Daylight,Clear,0.01,0,69,53,FALSE,41.92123981,-71.35798676
14710,10/22/2015,October,Thursday,14:15,2,1,1,0,Single vehicle crash,V1: Travelling straight ahead,V1: N,Dry,Daylight,Cloudy,0.01,0,69,53,FALSE,41.89901145,-71.36718979
14711,10/22/2015,October,Thursday,19:27,1,2,0,0,Rear-end,V1: Travelling straight ahead / V2: Slowing or stopped in traffic,V1: E  / V2: E,Dry,Dark - lighted roadway,Clear,0.01,0,69,53,FALSE,41.92517263,-71.34865517
14712,10/22/2015,October,Thursday,20:31,2,1,1,0,Single vehicle crash,V1: Travelling straight ahead,V1: S,Dry,Dark - lighted roadway,Clear,0.01,0,69,53,FALSE,41.94344652,-71.28559566
14713,10/23/2015,October,Friday,17:13,2,2,1,0,Rear-end,V1: Slowing or stopped in traffic / V2: Travelling straight ahead,V1: N  / V2: N,Dry,Daylight,Clear,0,0,71,44,FALSE,41.97015292,-71.29135147
14714,10/23/2015,October,Friday,17:55,1,2,0,0,Angle,V1: Travelling straight ahead / V2: Turning left,V1: N  / V2: W,Dry,Dusk,Clear,0,0,71,44,FALSE,41.95484304,-71.28856385
14715,10/23/2015,October,Friday,21:01,1,1,0,0,Single vehicle crash,V1: Travelling straight ahead,V1: E,Dry,Dark - lighted roadway,Clear,0,0,71,44,FALSE,41.91226238,-71.27515717
14716,10/24/2015,October,Saturday,6:56,1,2,0,0,"Sideswipe, opposite direction",V1: Turning right / V2: Parked,V1: E  / V2: W,Dry,Daylight,Cloudy,0,0,52,37,FALSE,41.94210306,-71.26984487
14717,10/24/2015,October,Saturday,17:03,2,2,1,0,"Sideswipe, same direction",V1: Travelling straight ahead / V2: Travelling straight ahead,V1: S  / V2: S,Dry,Daylight,Clear,0,0,52,37,FALSE,41.92279203,-71.35723949
14718,10/25/2015,October,Sunday,9:27,2,1,1,0,Single vehicle crash,V1: Turning right,V1: N,"Sand, mud, dirt, oil, gravel",Daylight,Rain,0,0,52,39,FALSE,41.95464751,-71.30190122
14719,10/25/2015,October,Sunday,13:10,1,2,0,0,Rear-end,V1: Travelling straight ahead / V2: Slowing or stopped in traffic,V1: S  / V2: S,Wet,Daylight,Rain,0,0,52,39,FALSE,41.90877956,-71.35765064
14720,10/25/2015,October,Sunday,16:29,1,3,0,0,"Sideswipe, same direction",V1: Travelling straight ahead / V2: Parked / V3: Parked,V1: E  / V2: E  / V3: E,Dry,Daylight,Cloudy,0,0,52,39,FALSE,41.94420307,-71.27812256
14721,10/26/2015,October,Monday,16:23,1,2,0,0,Single vehicle crash,V1: Entering traffic lane / V2: Travelling straight ahead,V1: W  / V2: W,Dry,Daylight,Clear,0.02,0,62,40,FALSE,41.94964008,-71.30006258
14722,10/27/2015,October,Tuesday,13:53,2,2,1,0,Rear-end,V1: Travelling straight ahead / V2: Slowing or stopped in traffic,V1: S  / V2: S,Dry,Daylight,Clear,0,0,56,29,TRUE,41.95019519,-71.27516444
14723,10/27/2015,October,Tuesday,16:07,1,2,0,0,Rear-end,V1: Travelling straight ahead / V2: Slowing or stopped in traffic,V1: N  / V2: N,Dry,Daylight,Clear,0,0,56,29,TRUE,41.9483337,-71.27794679
14724,10/27/2015,October,Tuesday,21:41,1,2,0,0,Rear-end,V1: Travelling straight ahead / V2: Parked,V1: W  / V2: 0,Dry,Dark - 0 roadway lighting,Clear,0,0,56,29,TRUE,41.90499819,-71.36862215
14725,10/28/2015,October,Wednesday,7:53,1,3,0,0,Rear-end,V1: Slowing or stopped in traffic / V2: Slowing or stopped in traffic / V3: Travelling straight ahead,V1: N  / V2: N  / V3: N,Dry,Daylight,Clear,0,0,58,29,TRUE,41.96605688,-71.29681952
14726,10/28/2015,October,Wednesday,10:42,1,2,0,0,Angle,V1: Backing / V2: Travelling straight ahead,V1: Reported but invalid / V2: Reported but invalid,Dry,Daylight,Clear,0,0,58,29,TRUE,41.90564025,-71.35665923
14727,10/28/2015,October,Wednesday,12:14,1,2,0,0,Angle,V1: Turning left / V2: Travelling straight ahead,V1: E  / V2: S,Dry,Daylight,Cloudy,0,0,58,29,TRUE,41.96712418,-71.29097941
14728,10/28/2015,October,Wednesday,14:59,1,2,0,0,Angle,V1: Travelling straight ahead / V2: Travelling straight ahead,V1: E  / V2: N,Wet,Daylight,Rain,0,0,58,29,TRUE,41.94683059,-71.28375978
14729,10/28/2015,October,Wednesday,15:27,2,2,2,0,Rear-end,V1: Slowing or stopped in traffic / V2: Slowing or stopped in traffic,V1: S  / V2: S,Wet,Daylight,Cloudy/Rain,0,0,58,29,TRUE,41.89938073,-71.35524848
14730,10/28/2015,October,Wednesday,15:47,2,2,1,0,Rear-end,V1: Travelling straight ahead / V2: Slowing or stopped in traffic,V1: E  / V2: E,Wet,Daylight,Rain,0,0,58,29,TRUE,41.91981411,-71.35860614
14731,10/28/2015,October,Wednesday,16:14,2,2,2,0,Rear-end,V1: Slowing or stopped in traffic / V2: Travelling straight ahead,V1: N  / V2: N,Wet,Daylight,Cloudy/Rain,0,0,58,29,TRUE,41.89863276,-71.35506105
14732,10/28/2015,October,Wednesday,21:02,0,1,0,0,0,V1: Parked,V1: N,Wet,0,Rain,0,0,58,29,TRUE,41.93518136,-71.28488512
14733,10/29/2015,October,Thursday,6:42,1,2,0,0,Rear-end,V1: Travelling straight ahead / V2: Travelling straight ahead,V1: E  / V2: E,Wet,Dark - lighted roadway,Rain,1.43,0,70,37,FALSE,41.93874704,-71.29215576
14734,10/29/2015,October,Thursday,7:41,1,3,0,0,0,V1: Travelling straight ahead / V2: Slowing or stopped in traffic / V3: Slowing or stopped in traffic,V1: E  / V2: E  / V3: E,Wet,Daylight,Rain,1.43,0,70,37,FALSE,41.97015292,-71.29135147
14735,10/29/2015,October,Thursday,12:22,1,3,0,0,Rear-end,V1: Travelling straight ahead / V2: Slowing or stopped in traffic / V3: Turning left,V1: E  / V2: W  / V3: W,Dry,Daylight,Clear,1.43,0,70,37,FALSE,41.95287787,-71.26899686
14736,10/29/2015,October,Thursday,13:08,2,3,1,0,Rear-end,V1: Travelling straight ahead / V2: Slowing or stopped in traffic / V3: Slowing or stopped in traffic,V1: W  / V2: W  / V3: W,Dry,Daylight,Clear,1.43,0,70,37,FALSE,41.95279399,-71.26926096
14737,10/29/2015,October,Thursday,14:39,1,2,0,0,Angle,V1: Turning left / V2: Slowing or stopped in traffic,V1: S  / V2: N,Dry,Daylight,Clear,1.43,0,70,37,FALSE,41.93628409,-71.28608551
14738,10/29/2015,October,Thursday,15:58,0,1,0,0,Single vehicle crash,V1: Turning right,V1: W,Dry,Daylight,Clear,1.43,0,70,37,FALSE,41.94245198,-71.28698244
14739,10/29/2015,October,Thursday,16:46,1,2,0,0,Angle,V1: Travelling straight ahead / V2: Entering traffic lane,V1: W  / V2: S,Dry,Daylight,Clear,1.43,0,70,37,FALSE,41.95260998,-71.26978509
14740,10/29/2015,October,Thursday,20:08,1,2,0,0,"Sideswipe, same direction",V1: Changing lanes / V2: Travelling straight ahead,V1: N  / V2: N,Dry,Dark - lighted roadway,Clear,1.43,0,70,37,FALSE,41.92762143,-71.35470547
14741,10/30/2015,October,Friday,1:52,0,1,0,0,0,V1: Travelling straight ahead,V1: W,Dry,Dark - lighted roadway,Clear,0.02,0,75,43,FALSE,41.89804027,-71.37674712
14742,10/30/2015,October,Friday,9:48,1,2,0,0,Rear-end,V1: Travelling straight ahead / V2: Slowing or stopped in traffic,V1: S  / V2: S,Dry,Dawn,Clear,0.02,0,75,43,FALSE,41.9092754,-71.35780912
14743,10/30/2015,October,Friday,10:49,1,2,0,0,Angle,V1: Turning left / V2: Travelling straight ahead,V1: N  / V2: S,Dry,Daylight,Clear,0.02,0,75,43,FALSE,41.90529604,-71.33573163
14744,10/30/2015,October,Friday,10:52,0,2,0,0,Angle,V1: Turning right / V2: Travelling straight ahead,V1: E  / V2: N,Dry,Daylight,Clear,0.02,0,75,43,FALSE,41.90964751,-71.36351027
14745,10/30/2015,October,Friday,12:45,1,2,0,0,"Sideswipe, same direction",V1: Travelling straight ahead / V2: Travelling straight ahead,V1: N  / V2: N,Dry,Daylight,Clear,0.02,0,75,43,FALSE,41.92886018,-71.3230987
14746,10/30/2015,October,Friday,12:46,2,1,1,0,Single vehicle crash,V1: Turning right,V1: E,Dry,Daylight,Clear,0.02,0,75,43,FALSE,41.94586371,-71.28073806
14747,10/30/2015,October,Friday,17:03,0,1,0,0,Head-on,V1: Parked,V1: U,Dry,Daylight,Clear,0.02,0,75,43,FALSE,41.89863276,-71.35506105
14748,10/30/2015,October,Friday,18:39,1,1,0,0,Angle,V1: Travelling straight ahead,V1: S,Dry,Daylight,Clear,0.02,0,75,43,FALSE,41.94007226,-71.29032337
14749,10/31/2015,October,Saturday,0:49,1,2,0,0,Angle,V1: Travelling straight ahead / V2: Travelling straight ahead,V1: E  / V2: N,Dry,Dark - lighted roadway,Clear,0,0,61,29,TRUE,41.94431166,-71.28140274
14750,10/31/2015,October,Saturday,0:55,0,1,0,0,Single vehicle crash,V1: Travelling straight ahead,V1: E,Dry,Dark - lighted roadway,Clear,0,0,61,29,TRUE,41.93239993,-71.29481178
14751,10/31/2015,October,Saturday,15:27,2,2,1,0,Rear-end,V1: Travelling straight ahead / V2: Slowing or stopped in traffic,V1: S  / V2: S,Dry,Daylight,Clear,0,0,61,29,TRUE,41.93091656,-71.35304355
14752,11/1/2015,November,Sunday,9:40,1,1,0,0,Single vehicle crash,V1: Travelling straight ahead,V1: N,"Sand, mud, dirt, oil, gravel",Daylight,Rain,0,0,55,29,TRUE,41.95515148,-71.30234998
14753,11/1/2015,November,Sunday,11:57,1,2,0,0,Rear-end,V1: Slowing or stopped in traffic / V2: Slowing or stopped in traffic,V1: S  / V2: S,Dry,Daylight,Cloudy,0,0,55,29,TRUE,41.92521765,-71.28783389
14754,11/2/2015,November,Monday,8:56,1,2,0,0,Angle,V1: Travelling straight ahead / V2: Entering traffic lane,V1: W  / V2: N,Dry,Daylight,Clear,0.01,0,62,48,FALSE,41.93105788,-71.28653129
14755,11/2/2015,November,Monday,9:28,2,2,1,0,Rear-end,V1: Travelling straight ahead / V2: Turning left,V1: E  / V2: E,Dry,Daylight,Clear,0.01,0,62,48,FALSE,41.91208531,-71.32654323
14756,11/2/2015,November,Monday,12:08,2,2,1,0,Rear-end,V1: Slowing or stopped in traffic / V2: Slowing or stopped in traffic,V1: E  / V2: E,Dry,Daylight,Clear,0.01,0,62,48,FALSE,41.95287787,-71.26899686
14757,11/2/2015,November,Monday,14:20,2,2,1,0,Rear-end,V1: Slowing or stopped in traffic / V2: Slowing or stopped in traffic,V1: W  / V2: W,Dry,Daylight,Clear,0.01,0,62,48,FALSE,41.93406554,-71.30574057
14758,11/2/2015,November,Monday,15:03,1,2,0,0,Rear-end,V1: Travelling straight ahead / V2: Slowing or stopped in traffic,V1: S  / V2: S,Dry,Daylight,Clear,0.01,0,62,48,FALSE,41.936133,-71.29638855
14759,11/2/2015,November,Monday,16:56,1,1,0,0,Single vehicle crash,V1: Turning right,V1: E,Dry,Dusk,Clear,0.01,0,62,48,FALSE,41.94161856,-71.27925093