ID,DATE,Month,Day of week,Crash Time,Crash Severity,Number of Vehicles,Total Nonfatal Injuries,Total Fatal Injuries,Manner of Collision,Vehicle Action Prior to Crash,Vehicle Travel Directions,Road Surface Condition,Ambient Light,Weather Condition,PRCP,SNOW,TMAX,TMIN,Ice,Longtitute,Latitute
14760,11/2/2015,November,Monday,18:07,2,1,1,0,Single vehicle crash,V1: Travelling straight ahead,V1: W,Dry,Dark - lighted roadway,Clear,0.01,0,62,48,FALSE,41.89863276,-71.35506105
14761,11/2/2015,November,Monday,19:17,1,2,0,0,Angle,V1: Entering traffic lane / V2: Travelling straight ahead,V1: E  / V2: E,0,Dark - lighted roadway,Cloudy,0.01,0,62,48,FALSE,41.91981411,-71.35860614
14762,11/3/2015,November,Tuesday,14:47,2,2,1,0,Angle,V1: Entering traffic lane / V2: Travelling straight ahead,V1: S  / V2: S,Dry,Daylight,Clear,0,0,63,36,FALSE,41.92927403,-71.32377045
14763,11/3/2015,November,Tuesday,15:22,1,3,0,0,Rear-end,V1: Travelling straight ahead / V2: Slowing or stopped in traffic / V3: Slowing or stopped in traffic,V1: S  / V2: S  / V3: S,Dry,Daylight,Clear,0,0,63,36,FALSE,41.9216498,-71.35505077
14764,11/3/2015,November,Tuesday,20:25,2,2,1,0,Angle,V1: Making U-turn / V2: Travelling straight ahead,V1: S  / V2: N,Dry,Dark - lighted roadway,Cloudy,0,0,63,36,FALSE,41.91981411,-71.35860614
14765,11/4/2015,November,Wednesday,9:19,0,1,0,0,Angle,V1: Travelling straight ahead,V1: W,Dry,Daylight,Clear,0,0,72,38,FALSE,41.9483337,-71.27794679
14766,11/4/2015,November,Wednesday,9:39,1,2,0,0,Angle,V1: Turning left / V2: Travelling straight ahead,V1: S  / V2: W,Dry,Daylight,Clear,0,0,72,38,FALSE,41.93358571,-71.32352844
14767,11/4/2015,November,Wednesday,14:58,0,1,0,0,Single vehicle crash,V1: Turning right,V1: E,Dry,Daylight,Clear,0,0,72,38,FALSE,41.94090246,-71.27361975
14768,11/4/2015,November,Wednesday,19:10,1,1,0,0,Single vehicle crash,V1: Travelling straight ahead,V1: W,Dry,Dark - lighted roadway,Clear,0,0,72,38,FALSE,41.92241545,-71.31336866
14769,11/5/2015,November,Thursday,6:55,1,2,0,0,"Sideswipe, same direction",V1: Travelling straight ahead / V2: Overtaking/passing,V1: N  / V2: N,Dry,Daylight,Clear,0,0,67,41,FALSE,41.95593405,-71.30346756
14770,11/5/2015,November,Thursday,9:38,1,2,0,0,"Sideswipe, same direction",V1: Parked / V2: Travelling straight ahead,V1: W  / V2: W,Dry,Daylight,Clear,0,0,67,41,FALSE,41.90638632,-71.35686316
14771,11/5/2015,November,Thursday,11:00,1,2,0,0,Rear-end,V1: Travelling straight ahead / V2: Slowing or stopped in traffic,V1: S  / V2: S,Dry,Daylight,Clear,0,0,67,41,FALSE,41.95056017,-71.27440404
14772,11/5/2015,November,Thursday,11:44,1,2,0,0,Angle,V1: Parked / V2: Backing,V1: Reported but invalid / V2: Reported but invalid,Dry,Daylight,Clear,0,0,67,41,FALSE,41.93289111,-71.28858206
14773,11/5/2015,November,Thursday,16:39,1,2,0,0,Angle,V1: Travelling straight ahead / V2: Turning left,V1: W  / V2: S,Dry,Dusk,Clear,0,0,67,41,FALSE,41.94757814,-71.27890389
14774,11/6/2015,November,Friday,7:41,1,2,0,0,Rear-to-rear,V1: Parked / V2: Backing,V1: 0 / V2: 0,Dry,Daylight,Cloudy,0.05,0,72,56,FALSE,41.94268105,-71.27523348
14775,11/6/2015,November,Friday,12:53,1,2,0,0,Rear-end,V1: Slowing or stopped in traffic / V2: Slowing or stopped in traffic,V1: N  / V2: N,Dry,Daylight,Clear,0.05,0,72,56,FALSE,41.90217475,-71.35579772
14776,11/6/2015,November,Friday,13:40,0,1,0,0,Head-on,V1: Parked,V1: 0,Other,Daylight,Clear,0.05,0,72,56,FALSE,41.93518136,-71.28488512
14777,11/6/2015,November,Friday,17:22,1,2,0,0,Angle,V1: Turning left / V2: Turning right,V1: N  / V2: S,Dry,Dark - lighted roadway,Clear,0.05,0,72,56,FALSE,41.91200775,-71.25878583
14778,11/6/2015,November,Friday,23:30,1,2,0,0,Single vehicle crash,V1: Travelling straight ahead / V2: Travelling straight ahead,V1: W  / V2: E,Dry,Dark - lighted roadway,Clear,0.05,0,72,56,FALSE,41.95336545,-71.27879974
14779,11/6/2015,November,Friday,23:56,1,1,0,0,Single vehicle crash,V1: Travelling straight ahead,V1: N,Dry,Dark - roadway not lighted,Clear,0.05,0,72,56,FALSE,41.95518928,-71.30389339
14780,11/7/2015,November,Saturday,11:11,1,2,0,0,Rear-end,V1: Entering traffic lane / V2: Entering traffic lane,V1: S  / V2: S,Dry,Daylight,Cloudy,0,0,71,55,FALSE,41.90257525,-71.35603965
14781,11/7/2015,November,Saturday,15:00,2,2,1,0,Rear-end,V1: Travelling straight ahead / V2: Travelling straight ahead,V1: S  / V2: S,Dry,Daylight,Clear,0,0,71,55,FALSE,41.93623387,-71.28481203
14782,11/7/2015,November,Saturday,22:00,2,1,2,0,Single vehicle crash,V1: Turning left,V1: W,Dry,Dark - lighted roadway,Clear,0,0,71,55,FALSE,41.96547499,-71.29665987
14783,11/8/2015,November,Sunday,2:43,1,1,0,0,Single vehicle crash,V1: Leaving traffic lane,V1: S,Dry,Dark - roadway not lighted,Clear,0,0,61,40,FALSE,41.93804592,-71.31642932
14784,11/8/2015,November,Sunday,7:10,2,1,1,0,Single vehicle crash,V1: 0,V1: U,"Sand, mud, dirt, oil, gravel",Daylight,Clear,0,0,61,40,FALSE,41.91824739,-71.3592669
14785,11/8/2015,November,Sunday,14:02,1,2,0,0,Angle,V1: Entering traffic lane / V2: Travelling straight ahead,V1: W  / V2: W,Dry,Daylight,Clear,0,0,61,40,FALSE,41.91981411,-71.35860614
14786,11/8/2015,November,Sunday,15:46,1,2,0,0,Angle,V1: Turning left / V2: Travelling straight ahead,V1: N  / V2: S,Dry,Daylight,Clear,0,0,61,40,FALSE,41.94580048,-71.28915828
14787,11/9/2015,November,Monday,6:55,1,2,0,0,Rear-end,V1: Slowing or stopped in traffic / V2: Travelling straight ahead,V1: N  / V2: N,Dry,Daylight,Clear,0,0,57,30,TRUE,41.95493115,-71.30650863
14788,11/9/2015,November,Monday,8:16,1,2,0,0,Angle,V1: Turning left / V2: Turning left,V1: S  / V2: W,Dry,Daylight,Clear,0,0,57,30,TRUE,41.92474743,-71.34966832
14789,11/9/2015,November,Monday,17:51,1,2,0,0,Angle,V1: Turning right / V2: Travelling straight ahead,V1: S  / V2: E,Dry,Dark - roadway not lighted,Clear,0,0,57,30,TRUE,41.93304448,-71.28634923
14790,11/11/2015,November,Wednesday,14:47,1,2,0,0,Angle,V1: Travelling straight ahead / V2: Entering traffic lane,V1: W  / V2: S,Wet,Daylight,Cloudy/Rain,0.35,0,56,42,FALSE,41.95090811,-71.27361366
14791,11/11/2015,November,Wednesday,17:19,1,2,0,0,0,V1: Turning right / V2: Turning left,V1: S  / V2: N,Dry,Dark - lighted roadway,Clear,0.35,0,56,42,FALSE,41.93601097,-71.28269451
14792,11/11/2015,November,Wednesday,19:07,1,1,0,0,Single vehicle crash,V1: Travelling straight ahead,V1: E,Wet,Dark - lighted roadway,Rain,0.35,0,56,42,FALSE,41.93051616,-71.33611756
14793,11/12/2015,November,Thursday,13:20,1,1,0,0,Single vehicle crash,V1: Turning right,V1: N,Wet,Daylight,Rain,0.12,0,48,45,FALSE,41.95463997,-71.30190093
14794,11/12/2015,November,Thursday,17:26,1,2,0,0,Rear-end,V1: Travelling straight ahead / V2: Slowing or stopped in traffic,V1: W  / V2: W,Wet,Dark - lighted roadway,Rain,0.12,0,48,45,FALSE,41.95312158,-71.26823457
14795,11/12/2015,November,Thursday,20:45,2,1,1,0,Single vehicle crash,V1: Travelling straight ahead,V1: S,Wet,Dark - roadway not lighted,Rain,0.12,0,48,45,FALSE,34.24438675,-73.6513909
14796,11/13/2015,November,Friday,11:00,1,2,0,0,"Sideswipe, same direction",V1: Slowing or stopped in traffic / V2: Travelling straight ahead,V1: N  / V2: N,Dry,Daylight,Clear,0.1,0,58,45,FALSE,41.95593406,-71.30346756
14797,11/13/2015,November,Friday,13:02,1,2,0,0,Angle,V1: Turning left / V2: Travelling straight ahead,V1: E  / V2: W,Dry,Daylight,Clear,0.1,0,58,45,FALSE,41.89775112,-71.35623261
14798,11/13/2015,November,Friday,15:50,2,2,1,0,Rear-end,V1: Travelling straight ahead / V2: Slowing or stopped in traffic,V1: E  / V2: E,Dry,Daylight,Cloudy,0.1,0,58,45,FALSE,41.93621371,-71.32527699
14799,11/13/2015,November,Friday,17:35,1,2,0,0,Angle,V1: Entering traffic lane / V2: Travelling straight ahead,V1: S  / V2: W,Dry,Dark - lighted roadway,Clear,0.1,0,58,45,FALSE,41.94757814,-71.27890389
14800,11/13/2015,November,Friday,20:17,0,2,0,0,0,V1: Parked / V2: 0,V1: Reported but invalid / V2: U,0,0,Cloudy/Rain,0.1,0,58,45,FALSE,41.89832132,-71.35496031
14801,11/14/2015,November,Saturday,14:16,1,2,0,0,Rear-end,V1: Travelling straight ahead / V2: Slowing or stopped in traffic,V1: S  / V2: S,Dry,Daylight,Clear,0.04,0,61,40,FALSE,41.92644259,-71.35554103
14802,11/15/2015,November,Sunday,12:53,1,2,0,0,Angle,V1: Entering traffic lane / V2: Travelling straight ahead,V1: N  / V2: E,Dry,Daylight,Cloudy,0,0,47,30,TRUE,41.94757814,-71.27890389
14803,11/15/2015,November,Sunday,17:02,1,2,0,0,Angle,V1: Backing / V2: Travelling straight ahead,V1: W  / V2: N,Dry,Dark - lighted roadway,Clear,0,0,47,30,TRUE,41.93095021,-71.35302857
14804,11/15/2015,November,Sunday,17:20,1,2,0,0,Angle,V1: Travelling straight ahead / V2: Travelling straight ahead,V1: W  / V2: N,Dry,Dark - lighted roadway,Clear,0,0,47,30,TRUE,41.89827644,-71.36609866
14805,11/15/2015,November,Sunday,22:52,2,1,1,0,Single vehicle crash,V1: Travelling straight ahead,V1: E,Dry,Dark - lighted roadway,Clear,0,0,47,30,TRUE,41.91638157,-71.28506444
14806,11/16/2015,November,Monday,0:19,2,1,1,0,Single vehicle crash,V1: Travelling straight ahead,V1: N,Dry,Dark - lighted roadway,Clear,0,0,55,35,FALSE,41.95464156,-71.30190099
14807,11/16/2015,November,Monday,8:34,1,2,0,0,Rear-end,V1: Slowing or stopped in traffic / V2: Travelling straight ahead,V1: N  / V2: N,Dry,Daylight,Clear,0,0,55,35,FALSE,41.95493114,-71.30650868
14808,11/16/2015,November,Monday,11:29,1,2,0,0,Angle,V1: Slowing or stopped in traffic / V2: Travelling straight ahead,V1: E  / V2: W,Dry,Daylight,Clear,0,0,55,35,FALSE,41.91295686,-71.35935687
14809,11/16/2015,November,Monday,13:46,1,1,0,0,Single vehicle crash,V1: Travelling straight ahead,V1: S,Dry,Daylight,Clear,0,0,55,35,FALSE,41.96019116,-71.30118086
14810,11/16/2015,November,Monday,18:38,1,2,0,0,Rear-end,V1: Slowing or stopped in traffic / V2: Travelling straight ahead,V1: W  / V2: W,Dry,Dark - lighted roadway,Clear,0,0,55,35,FALSE,41.89845915,-71.34680922
14811,11/17/2015,November,Tuesday,5:50,2,2,1,0,Rear-end,V1: Slowing or stopped in traffic / V2: Slowing or stopped in traffic,V1: N  / V2: N,Dry,Dawn,Clear,0,0,62,29,TRUE,41.95518928,-71.30389339
14812,11/17/2015,November,Tuesday,14:06,2,4,1,0,Rear-end,V1: Travelling straight ahead / V2: Slowing or stopped in traffic / V3: Slowing or stopped in traffic / V4: Slowing or stopped in traffic,V1: S  / V2: S  / V3: S  / V4: S,Dry,Daylight,Clear,0,0,62,29,TRUE,41.92762143,-71.35470547
14813,11/17/2015,November,Tuesday,18:55,1,2,0,0,Rear-end,V1: Slowing or stopped in traffic / V2: Travelling straight ahead,V1: W  / V2: W,Dry,Dark - lighted roadway,Clear,0,0,62,29,TRUE,41.93874704,-71.29215576
14814,11/17/2015,November,Tuesday,20:45,2,2,2,0,Angle,V1: Travelling straight ahead / V2: Travelling straight ahead,V1: S  / V2: N,Dry,Dark - lighted roadway,Clear,0,0,62,29,TRUE,41.91264023,-71.3589754
14815,11/18/2015,November,Wednesday,13:39,1,2,0,0,Angle,V1: Backing / V2: Slowing or stopped in traffic,V1: S  / V2: N,Dry,Daylight,Clear,0,0,47,22,TRUE,41.9340896,-71.29983557
14816,11/19/2015,November,Thursday,8:12,1,2,0,0,Angle,V1: Entering traffic lane / V2: Travelling straight ahead,V1: W  / V2: N,Dry,Daylight,Cloudy,0,0,51,22,TRUE,41.94678156,-71.27993214
14817,11/19/2015,November,Thursday,10:33,1,1,0,0,Single vehicle crash,V1: Travelling straight ahead,V1: W,Dry,Dark - lighted roadway,Clear,0,0,51,22,TRUE,41.95451461,-71.24992613
14818,11/19/2015,November,Thursday,11:44,1,3,0,0,"Sideswipe, same direction",V1: Travelling straight ahead / V2: Parked / V3: Parked,V1: E  / V2: 0 / V3: E,Other,Daylight,Cloudy,0,0,51,22,TRUE,41.94448177,-71.27246709
14819,11/19/2015,November,Thursday,16:48,1,1,0,0,0,V1: Travelling straight ahead,V1: E,Dry,Dark - lighted roadway,Clear,0,0,51,22,TRUE,41.95422431,-71.24542062
14820,11/19/2015,November,Thursday,18:27,1,2,0,0,0,V1: Backing / V2: Slowing or stopped in traffic,V1: W  / V2: E,Dry,Dark - lighted roadway,Cloudy,0,0,51,22,TRUE,41.89618753,-71.37039513
14821,11/19/2015,November,Thursday,18:36,2,2,1,0,Rear-end,V1: Slowing or stopped in traffic / V2: Slowing or stopped in traffic,V1: N  / V2: N,Dry,Dark - lighted roadway,Cloudy,0,0,51,22,TRUE,41.9250735,-71.35622629
14822,11/19/2015,November,Thursday,23:47,2,1,1,0,Single vehicle crash,V1: Travelling straight ahead,V1: E,Wet,Dark - lighted roadway,Rain,0,0,51,22,TRUE,41.94257686,-71.27448379
14823,11/20/2015,November,Friday,1:06,0,1,0,0,Single vehicle crash,V1: Travelling straight ahead,V1: E,Wet,Dark - lighted roadway,Rain,1.49,0,59,39,FALSE,41.9341021,-71.30369928
14824,11/20/2015,November,Friday,6:20,1,1,0,0,"Sideswipe, opposite direction",V1: Travelling straight ahead,V1: N,Wet,Daylight,Rain,1.49,0,59,39,FALSE,41.89829548,-71.35644079
14825,11/20/2015,November,Friday,7:52,2,3,1,0,Rear-end,V1: Slowing or stopped in traffic / V2: Travelling straight ahead / V3: Travelling straight ahead,V1: N  / V2: N  / V3: N,Wet,Daylight,Cloudy,1.49,0,59,39,FALSE,41.95593405,-71.30346756
14826,11/20/2015,November,Friday,9:02,2,2,1,0,Rear-end,V1: Slowing or stopped in traffic / V2: Slowing or stopped in traffic,V1: S  / V2: S,Wet,Daylight,Clear,1.49,0,59,39,FALSE,41.95026372,-71.2985466
14827,11/20/2015,November,Friday,14:36,2,1,1,0,Single vehicle crash,V1: Travelling straight ahead,V1: E,Dry,Daylight,Clear,1.49,0,59,39,FALSE,41.91872961,-71.25122308
14828,11/21/2015,November,Saturday,1:20,1,2,0,0,"Sideswipe, same direction",V1: Overtaking/passing / V2: Travelling straight ahead,V1: W  / V2: W,Dry,Dark - lighted roadway,Clear,0,0,62,34,FALSE,41.9374227,-71.29402673
14829,11/21/2015,November,Saturday,11:53,1,2,0,0,Angle,V1: Turning right / V2: Travelling straight ahead,V1: N  / V2: E,Dry,Daylight,Clear,0,0,62,34,FALSE,41.95056017,-71.27440404
14830,11/21/2015,November,Saturday,18:32,1,2,0,0,Angle,V1: Turning left / V2: Travelling straight ahead,V1: E  / V2: S,Dry,Dark - lighted roadway,Clear,0,0,62,34,FALSE,41.92822115,-71.3542845
14831,11/21/2015,November,Saturday,23:47,1,1,0,0,Single vehicle crash,V1: Travelling straight ahead,V1: N,Dry,Dark - roadway not lighted,Cloudy,0,0,62,34,FALSE,41.90850053,-71.3408468
14832,11/22/2015,November,Sunday,5:33,2,1,1,0,Single vehicle crash,V1: Travelling straight ahead,V1: N,Dry,Dark - roadway not lighted,Clear,0,0,51,32,TRUE,41.95593405,-71.30346756
14833,11/22/2015,November,Sunday,16:06,1,1,0,0,Single vehicle crash,V1: Turning right,V1: S,"Water (standing, moving)",Dusk,Rain,0,0,51,32,TRUE,41.95750836,-71.30406361
14834,11/22/2015,November,Sunday,23:40,1,1,0,0,Single vehicle crash,V1: Travelling straight ahead,V1: S,Wet,Dark - roadway not lighted,Rain,0,0,51,32,TRUE,41.93804592,-71.31642932
14835,11/23/2015,November,Monday,11:23,1,2,0,0,Angle,V1: Parked / V2: Other,V1: N  / V2: N,Dry,Daylight,Clear,0.59,0,48,36,FALSE,41.94396167,-71.27662963
14836,11/23/2015,November,Monday,11:32,1,2,0,0,Rear-end,V1: Slowing or stopped in traffic / V2: Slowing or stopped in traffic,V1: S  / V2: S,Dry,Daylight,Clear,0.59,0,48,36,FALSE,41.89938073,-71.35524848
14837,11/23/2015,November,Monday,15:18,1,2,0,0,Rear-end,V1: Travelling straight ahead / V2: Slowing or stopped in traffic,V1: N  / V2: N,Dry,Daylight,Clear,0.59,0,48,36,FALSE,41.94132723,-71.28855484
14838,11/23/2015,November,Monday,16:10,1,2,0,0,Angle,V1: Turning left / V2: Travelling straight ahead,V1: W  / V2: S,Dry,Dusk,Clear,0.59,0,48,36,FALSE,41.93847843,-71.27227648
14839,11/23/2015,November,Monday,16:35,1,2,0,0,Rear-end,V1: Travelling straight ahead / V2: Travelling straight ahead,V1: W  / V2: W,Dry,Dusk,Clear,0.59,0,48,36,FALSE,41.93408925,-71.31975749
14840,11/24/2015,November,Tuesday,7:50,1,2,0,0,Angle,V1: Travelling straight ahead / V2: Travelling straight ahead,V1: W  / V2: S,Dry,Daylight,Clear,0,0,44,21,TRUE,41.93623387,-71.28481203
14841,11/25/2015,November,Wednesday,13:33,1,2,0,0,Angle,V1: Entering traffic lane / V2: Travelling straight ahead,V1: N  / V2: E,Dry,Daylight,Clear,0,0,44,21,TRUE,41.91981411,-71.35860614
14842,11/25/2015,November,Wednesday,15:34,2,2,1,0,Angle,V1: Travelling straight ahead / V2: Travelling straight ahead,V1: S  / V2: E,Dry,Daylight,Clear,0,0,44,21,TRUE,41.94292045,-71.27681606
14843,11/26/2015,November,Thursday,11:21,1,2,0,0,Rear-end,V1: Travelling straight ahead / V2: Backing,V1: S  / V2: E,Dry,Daylight,Cloudy,0,0,48,21,TRUE,41.91977948,-71.35862075
14844,11/26/2015,November,Thursday,12:09,1,2,0,0,Angle,V1: Travelling straight ahead / V2: Travelling straight ahead,V1: E  / V2: E,0,Daylight,Cloudy,0,0,48,21,TRUE,41.95265513,-71.26966302
14845,11/26/2015,November,Thursday,16:28,2,1,1,0,Single vehicle crash,V1: Travelling straight ahead,V1: E,Dry,Dark - lighted roadway,Clear,0,0,48,21,TRUE,41.92311964,-71.23322241
14846,11/26/2015,November,Thursday,20:00,1,2,0,0,Rear-end,V1: Changing lanes / V2: Changing lanes,V1: S  / V2: S,Dry,Dark - roadway not lighted,Clear,0,0,48,21,TRUE,41.90255025,-71.35612621
14847,11/27/2015,November,Friday,9:17,2,1,1,0,Single vehicle crash,V1: Travelling straight ahead,V1: N,Dry,Daylight,Clear,0,0,58,31,TRUE,41.91431427,-71.25795385
14848,11/27/2015,November,Friday,9:40,1,2,0,0,Rear-end,V1: Travelling straight ahead / V2: Travelling straight ahead,V1: N  / V2: N,Wet,Daylight,Rain,0,0,58,31,TRUE,41.90682608,-71.35698151
14849,11/27/2015,November,Friday,9:54,1,2,0,0,Angle,V1: Travelling straight ahead / V2: Travelling straight ahead,V1: E  / V2: N,Dry,Daylight,Clear,0,0,58,31,TRUE,41.91981411,-71.35860614
14850,11/27/2015,November,Friday,13:47,2,5,1,0,Rear-end,V1: Travelling straight ahead / V2: Travelling straight ahead / V3: Travelling straight ahead / V4: Travelling straight ahead / V5: Travelling straight ahead,V1: N  / V2: N  / V3: N  / V4: N  / V5: N,Dry,Daylight,Clear,0,0,58,31,TRUE,41.92644259,-71.35554103
14851,11/27/2015,November,Friday,17:39,0,2,0,0,Angle,V1: Turning left / V2: Travelling straight ahead,V1: S  / V2: W,Dry,Dark - lighted roadway,Clear,0,0,58,31,TRUE,41.93405012,-71.31579284
14852,11/28/2015,November,Saturday,11:52,1,3,0,0,Rear-end,V1: Travelling straight ahead / V2: Slowing or stopped in traffic / V3: Slowing or stopped in traffic,V1: W  / V2: W  / V3: W,Wet,Daylight,Rain,0,0,64,46,FALSE,41.9365932,-71.29539949
14853,11/28/2015,November,Saturday,12:15,1,2,0,0,Angle,V1: Turning left / V2: Slowing or stopped in traffic,V1: W  / V2: N,Wet,Daylight,Cloudy/Rain,0,0,64,46,FALSE,41.95428602,-71.28497548
14854,11/28/2015,November,Saturday,12:20,1,2,0,0,Angle,V1: Travelling straight ahead / V2: Turning left,V1: S  / V2: N,Wet,Daylight,Rain,0,0,64,46,FALSE,41.91790012,-71.35941335
14855,11/28/2015,November,Saturday,16:26,2,2,1,0,"Sideswipe, opposite direction",V1: Travelling straight ahead / V2: Travelling straight ahead,V1: N  / V2: W,Dry,Dark - lighted roadway,Clear,0,0,64,46,FALSE,41.90638632,-71.35686316
14856,11/28/2015,November,Saturday,16:43,1,2,0,0,Head-on,V1: Travelling straight ahead / V2: Slowing or stopped in traffic,V1: N  / V2: W,Dry,Dark - lighted roadway,Clear,0,0,64,46,FALSE,41.89831411,-71.35346624
14857,11/29/2015,November,Sunday,7:19,0,1,0,0,Single vehicle crash,V1: 0,V1: E,0,Dark - lighted roadway,Clear,0.16,0,53,32,TRUE,41.90946987,-71.28836666
14858,11/29/2015,November,Sunday,10:41,1,2,0,0,Rear-end,V1: Entering traffic lane / V2: Entering traffic lane,V1: S  / V2: S,Dry,Daylight,Clear,0.16,0,53,32,TRUE,41.93392895,-71.32206493
14859,11/29/2015,November,Sunday,14:40,1,1,0,0,Single vehicle crash,V1: Travelling straight ahead,V1: E,Dry,Daylight,Clear,0.16,0,53,32,TRUE,41.9527334,-71.29440119
14860,11/29/2015,November,Sunday,16:09,2,2,3,0,Head-on,V1: Travelling straight ahead / V2: Travelling straight ahead,V1: W  / V2: E,Dry,Dusk,Clear,0.16,0,53,32,TRUE,41.91064358,-71.28257575
14861,11/29/2015,November,Sunday,17:51,2,2,1,0,"Sideswipe, opposite direction",V1: Travelling straight ahead / V2: Travelling straight ahead,V1: E  / V2: W,Dry,Dark - lighted roadway,Clear,0.16,0,53,32,TRUE,41.95326461,-71.26767759
14862,11/30/2015,November,Monday,8:30,2,2,1,0,Rear-end,V1: Travelling straight ahead / V2: Travelling straight ahead,V1: N  / V2: N,Dry,Daylight,Clear,0,0,47,28,TRUE,41.90231844,-71.35595143
14863,12/1/2015,December,Tuesday,5:15,0,1,0,0,Single vehicle crash,V1: Travelling straight ahead,V1: N,Dry,Dark - roadway not lighted,Clear,0,0,47,25,TRUE,41.90053869,-71.36201959
14864,12/1/2015,December,Tuesday,6:54,1,2,0,0,Rear-end,V1: Backing / V2: Travelling straight ahead,V1: S  / V2: W,Dry,Daylight,Clear,0,0,47,25,TRUE,41.93507804,-71.28489367
14865,12/1/2015,December,Tuesday,11:52,1,1,0,0,Single vehicle crash,V1: Travelling straight ahead,V1: 0,Dry,Daylight,Cloudy,0,0,47,25,TRUE,41.94775652,-71.2786883
14866,12/1/2015,December,Tuesday,12:08,1,2,0,0,Rear-end,V1: Travelling straight ahead / V2: Travelling straight ahead,V1: E  / V2: E,Wet,Daylight,Cloudy,0,0,47,25,TRUE,41.95271157,-71.26951043
14867,12/1/2015,December,Tuesday,14:41,2,2,1,0,Angle,V1: Travelling straight ahead / V2: Travelling straight ahead,V1: W  / V2: E,Dry,Daylight,Cloudy,0,0,47,25,TRUE,41.89775148,-71.35623373
14868,12/1/2015,December,Tuesday,18:01,2,2,1,0,Rear-end,V1: Travelling straight ahead / V2: Slowing or stopped in traffic,V1: N  / V2: N,Wet,Dark - roadway not lighted,Rain,0,0,47,25,TRUE,41.92886018,-71.3230987
14869,12/1/2015,December,Tuesday,19:35,2,2,1,0,Rear-end,V1: Travelling straight ahead / V2: Slowing or stopped in traffic,V1: N  / V2: N,0,Dark - lighted roadway,Rain,0,0,47,25,TRUE,41.9198727,-71.35727438
14870,12/1/2015,December,Tuesday,20:18,1,2,0,0,Angle,V1: Travelling straight ahead / V2: Entering traffic lane,V1: S  / V2: E,Wet,Dark - roadway not lighted,Rain,0,0,47,25,TRUE,41.92852012,-71.35410629
14871,12/2/2015,December,Wednesday,14:36,1,2,0,0,Angle,V1: Backing / V2: Parked,V1: W  / V2: 0,Wet,Daylight,Cloudy/Rain,0.29,0,44,27,TRUE,41.94257686,-71.27448379
14872,12/2/2015,December,Wednesday,17:19,1,3,0,0,Rear-end,V1: Travelling straight ahead / V2: Travelling straight ahead / V3: Travelling straight ahead,V1: S  / V2: S  / V3: S,Wet,Dark - lighted roadway,Fog,0.29,0,44,27,TRUE,41.96306612,-71.28865133
14873,12/2/2015,December,Wednesday,19:55,2,1,1,0,Single vehicle crash,V1: Travelling straight ahead,V1: N,Dry,Dark - roadway not lighted,Clear,0.29,0,44,27,TRUE,41.95465086,-71.30190134
14874,12/2/2015,December,Wednesday,20:35,2,1,2,0,Single vehicle crash,V1: Travelling straight ahead,V1: S,Wet,Dark - 0 roadway lighting,Fog,0.29,0,44,27,TRUE,41.93084653,-71.22599808
14875,12/3/2015,December,Thursday,9:51,1,1,0,0,Single vehicle crash,V1: Travelling straight ahead,V1: S,Wet,Daylight,Clear,0.12,0,56,40,FALSE,41.90927215,-71.38090317
14876,12/3/2015,December,Thursday,16:00,1,2,0,0,Rear-end,V1: Travelling straight ahead / V2: 0,V1: S  / V2: S,Dry,Dark - lighted roadway,Clear,0.12,0,56,40,FALSE,41.90261276,-71.35590972
14877,12/3/2015,December,Thursday,17:44,1,2,0,0,Rear-end,V1: Travelling straight ahead / V2: Slowing or stopped in traffic,V1: S  / V2: S,Dry,Dark - lighted roadway,Clear,0.12,0,56,40,FALSE,41.95287787,-71.26899686
14878,12/3/2015,December,Thursday,21:13,1,2,0,0,"Sideswipe, opposite direction",V1: Travelling straight ahead / V2: Travelling straight ahead,V1: S  / V2: E,Dry,Dark - lighted roadway,Clear,0.12,0,56,40,FALSE,41.94450501,-71.28411703
14879,12/4/2015,December,Friday,10:54,1,2,0,0,Rear-end,V1: Travelling straight ahead / V2: Travelling straight ahead,V1: N  / V2: N,Dry,Daylight,Clear,0,0,49,29,TRUE,41.94191488,-71.28774208
14880,12/4/2015,December,Friday,17:32,1,2,0,0,Rear-end,V1: Slowing or stopped in traffic / V2: Travelling straight ahead,V1: S  / V2: S,Dry,Dark - roadway not lighted,Clear,0,0,49,29,TRUE,41.96019116,-71.30118086
14881,12/4/2015,December,Friday,18:16,1,2,0,0,Rear-end,V1: Travelling straight ahead / V2: Slowing or stopped in traffic,V1: N  / V2: N,Dry,Dark - roadway not lighted,Clear,0,0,49,29,TRUE,41.9023143,-71.35595636