ID,DATE,Month,Day of week,Crash Time,Crash Severity,Number of Vehicles,Total Nonfatal Injuries,Total Fatal Injuries,Manner of Collision,Vehicle Action Prior to Crash,Vehicle Travel Directions,Road Surface Condition,Ambient Light,Weather Condition,PRCP,SNOW,TMAX,TMIN,Ice,Longtitute,Latitute
14882,12/4/2015,December,Friday,18:58,0,2,0,0,Angle,V1: Travelling straight ahead / V2: Parked,V1: S  / V2: 0,Dry,Dusk,Clear,0,0,49,29,TRUE,41.90638632,-71.35686316
14883,12/4/2015,December,Friday,19:51,1,2,0,0,Angle,V1: Travelling straight ahead / V2: Travelling straight ahead,V1: E  / V2: W,Dry,Dark - lighted roadway,Clear,0,0,49,29,TRUE,41.91064358,-71.28257575
14884,12/5/2015,December,Saturday,1:16,0,1,0,0,Single vehicle crash,V1: Travelling straight ahead,V1: S,Dry,Dark - 0 roadway lighting,Clear,0,0,49,29,TRUE,41.95437986,-71.25499915
14885,12/5/2015,December,Saturday,15:49,1,2,0,0,Rear-end,V1: Slowing or stopped in traffic / V2: Turning right,V1: E  / V2: S,Dry,Daylight,Clear,0,0,49,29,TRUE,41.89903243,-71.355186
14886,12/5/2015,December,Saturday,18:43,2,2,1,0,Rear-end,V1: Travelling straight ahead / V2: Parked,V1: E  / V2: E,Dry,Dark - roadway not lighted,Clear,0,0,49,29,TRUE,41.94887106,-71.28016848
14887,12/6/2015,December,Sunday,11:09,1,2,0,0,"Sideswipe, same direction",V1: Travelling straight ahead / V2: Slowing or stopped in traffic,V1: W  / V2: W,Dry,Daylight,Clear,0,0,53,26,TRUE,41.95428602,-71.28497548
14888,12/7/2015,December,Monday,1:17,2,1,3,0,Single vehicle crash,V1: Travelling straight ahead,V1: S,Dry,Dark - lighted roadway,Fog,0,0,56,27,TRUE,41.94586371,-71.28073807
14889,12/7/2015,December,Monday,9:05,1,2,0,0,Rear-end,V1: Travelling straight ahead / V2: Travelling straight ahead,V1: S  / V2: S,Dry,Daylight,Clear,0,0,56,27,TRUE,41.9365932,-71.29539949
14890,12/7/2015,December,Monday,13:44,1,2,0,0,Angle,V1: Turning left / V2: Travelling straight ahead,V1: E  / V2: N,Dry,Daylight,Clear,0,0,56,27,TRUE,41.89733197,-71.36979234
14891,12/8/2015,December,Tuesday,6:33,1,3,0,0,Rear-end,V1: Slowing or stopped in traffic / V2: Travelling straight ahead / V3: Travelling straight ahead,V1: N  / V2: N  / V3: N,Dry,Dawn,Clear,0,0,56,36,FALSE,41.95593405,-71.30346756
14892,12/8/2015,December,Tuesday,17:12,1,2,0,0,Rear-end,V1: Slowing or stopped in traffic / V2: Travelling straight ahead,V1: S  / V2: S,Dry,Dark - roadway not lighted,Clear,0,0,56,36,FALSE,41.96019116,-71.30118086
14893,12/8/2015,December,Tuesday,23:37,1,2,0,0,Rear-end,V1: Travelling straight ahead / V2: Slowing or stopped in traffic,V1: N  / V2: N,Dry,Dark - lighted roadway,Clear,0,0,56,36,FALSE,41.92014284,-71.35719783
14894,12/9/2015,December,Wednesday,13:01,1,2,0,0,Angle,V1: Travelling straight ahead / V2: Travelling straight ahead,V1: N  / V2: E,Dry,Daylight,Cloudy,0.02,0,42,32,TRUE,41.95451461,-71.24992613
14895,12/9/2015,December,Wednesday,23:09,2,1,1,0,Single vehicle crash,V1: Travelling straight ahead,V1: S,Dry,Dark - lighted roadway,Cloudy,0.02,0,42,32,TRUE,41.95435465,-71.2551507
14896,12/10/2015,December,Thursday,6:28,1,1,0,0,Single vehicle crash,V1: Travelling straight ahead,V1: N,Dry,Dawn,Clear,0,0,46,32,TRUE,34.24438675,-73.6513909
14897,12/10/2015,December,Thursday,9:42,1,2,0,0,Angle,V1: Turning left / V2: Travelling straight ahead,V1: N  / V2: S,Dry,Daylight,Clear,0,0,46,32,TRUE,41.92852012,-71.35410629
14898,12/10/2015,December,Thursday,10:59,1,2,0,0,"Sideswipe, same direction",V1: Travelling straight ahead / V2: Travelling straight ahead,V1: S  / V2: S,Dry,Daylight,Clear,0,0,46,32,TRUE,41.9210426,-71.35807244
14899,12/10/2015,December,Thursday,17:25,2,2,1,0,Rear-end,V1: Travelling straight ahead / V2: Slowing or stopped in traffic,V1: W  / V2: W,Dry,Dark - lighted roadway,Clear,0,0,46,32,TRUE,41.95414045,-71.26296554
14900,12/11/2015,December,Friday,12:19,1,2,0,0,"Sideswipe, same direction",V1: Travelling straight ahead / V2: Parked,V1: N  / V2: N,Dry,Daylight,Clear,0,0,62,43,FALSE,41.95430711,-71.29671779
14901,12/11/2015,December,Friday,17:01,1,3,0,0,Rear-end,V1: Travelling straight ahead / V2: Slowing or stopped in traffic / V3: Slowing or stopped in traffic,V1: S  / V2: S  / V3: S,Dry,Dark - roadway not lighted,Clear,0,0,62,43,FALSE,41.96798901,-71.29647795
14902,12/11/2015,December,Friday,18:07,1,2,0,0,Rear-end,V1: Travelling straight ahead / V2: Slowing or stopped in traffic,V1: N  / V2: N,Dry,Dark - roadway not lighted,Clear,0,0,62,43,FALSE,34.24438675,-73.6513909
14903,12/11/2015,December,Friday,18:18,1,2,0,0,Angle,V1: Slowing or stopped in traffic / V2: Turning left,V1: W  / V2: E,Dry,Dark - lighted roadway,Clear,0,0,62,43,FALSE,41.91082902,-71.36290776
14904,12/12/2015,December,Saturday,8:42,1,3,0,0,"Sideswipe, same direction",V1: Turning left / V2: Travelling straight ahead / V3: Travelling straight ahead,V1: E  / V2: N  / V3: N,Dry,Daylight,Cloudy,0,0,59,46,FALSE,41.94210306,-71.26984487
14905,12/12/2015,December,Saturday,17:00,1,2,0,0,Rear-end,V1: Slowing or stopped in traffic / V2: Travelling straight ahead,V1: N  / V2: N,Dry,Dark - roadway not lighted,Clear,0,0,59,46,FALSE,41.92886018,-71.3230987
14906,12/12/2015,December,Saturday,17:26,1,2,0,0,Angle,V1: Travelling straight ahead / V2: Travelling straight ahead,V1: S  / V2: E,Dry,Dark - lighted roadway,Clear,0,0,59,46,FALSE,41.94757814,-71.27890389
14907,12/12/2015,December,Saturday,18:11,1,1,0,0,Single vehicle crash,V1: Travelling straight ahead,V1: W,Dry,Dark - lighted roadway,Clear,0,0,59,46,FALSE,41.95260998,-71.26978509
14908,12/13/2015,December,Sunday,17:54,1,2,0,0,Angle,V1: Entering traffic lane / V2: Travelling straight ahead,V1: E  / V2: S,Dry,Dark - lighted roadway,Clear,0,0,62,47,FALSE,41.89903243,-71.355186
14909,12/14/2015,December,Monday,10:12,1,2,0,0,Angle,V1: Parked / V2: Backing,V1: E  / V2: S,Dry,Daylight,Clear,0,0,55,46,FALSE,41.94471748,-71.28289151
14910,12/14/2015,December,Monday,14:06,1,2,0,0,Angle,V1: Entering traffic lane / V2: Travelling straight ahead,V1: E  / V2: E,Dry,Daylight,Clear,0,0,55,46,FALSE,41.95451461,-71.24992613
14911,12/15/2015,December,Tuesday,12:19,1,2,0,0,Angle,V1: Travelling straight ahead / V2: Travelling straight ahead,V1: E  / V2: S,Dry,Daylight,Clear,0.68,0,62,46,FALSE,41.92156655,-71.3578448
14912,12/15/2015,December,Tuesday,17:24,2,2,3,0,Rear-end,V1: Travelling straight ahead / V2: Travelling straight ahead,V1: W  / V2: W,Dry,Dark - lighted roadway,Clear,0.68,0,62,46,FALSE,41.95354482,-71.26647994
14913,12/15/2015,December,Tuesday,18:07,1,2,0,0,Rear-end,V1: Slowing or stopped in traffic / V2: Travelling straight ahead,V1: N  / V2: N,Dry,Dark - roadway not lighted,Clear,0.68,0,62,46,FALSE,41.95428778,-71.31194921
14914,12/16/2015,December,Wednesday,20:16,1,2,0,0,Angle,V1: Parked / V2: Travelling straight ahead,V1: Reported but invalid / V2: E,Dry,Dark - lighted roadway,Clear,0,0,59,42,FALSE,41.94471976,-71.28286882
14915,12/17/2015,December,Thursday,7:17,1,2,0,0,Rear-end,V1: Travelling straight ahead / V2: Slowing or stopped in traffic,V1: W  / V2: W,Wet,Daylight,Cloudy,0,0,46,33,FALSE,41.91598612,-71.2832367
14916,12/17/2015,December,Thursday,7:25,2,1,1,0,Single vehicle crash,V1: Turning right,V1: N,Wet,Daylight,Rain,0,0,46,33,FALSE,41.90217475,-71.35579772
14917,12/17/2015,December,Thursday,16:54,2,4,2,0,Rear-end,V1: Slowing or stopped in traffic / V2: Slowing or stopped in traffic / V3: Travelling straight ahead / V4: Travelling straight ahead,V1: N  / V2: N  / V3: N  / V4: N,Wet,Dusk,Rain,0,0,46,33,FALSE,34.24438675,-73.6513909
14918,12/17/2015,December,Thursday,18:01,1,2,0,0,Angle,V1: Entering traffic lane / V2: Travelling straight ahead,V1: W  / V2: S,Wet,Dark - lighted roadway,Cloudy/Rain,0,0,46,33,FALSE,41.94121777,-71.2768631
14919,12/18/2015,December,Friday,16:40,1,2,0,0,Angle,V1: Turning left / V2: Travelling straight ahead,V1: N  / V2: E,Wet,Dusk,Rain,0.5,0,54,40,FALSE,41.95250372,-71.27005525
14920,12/18/2015,December,Friday,17:10,1,2,0,0,Angle,V1: Turning left / V2: Turning left,V1: W  / V2: N,Wet,Dark - lighted roadway,Rain,0.5,0,54,40,FALSE,41.95180679,-71.2898592
14921,12/18/2015,December,Friday,17:20,1,3,0,0,Angle,V1: Travelling straight ahead / V2: Turning left / V3: Slowing or stopped in traffic,V1: N  / V2: S  / V3: N,Wet,Dark - lighted roadway,Cloudy/Rain,0.5,0,54,40,FALSE,41.94928318,-71.28964082
14922,12/18/2015,December,Friday,18:28,1,3,0,0,Angle,V1: Making U-turn / V2: Travelling straight ahead / V3: Travelling straight ahead,V1: S  / V2: N  / V3: N,Wet,Dark - lighted roadway,Cloudy,0.5,0,54,40,FALSE,41.91562886,-71.36047108
14923,12/18/2015,December,Friday,22:00,1,2,0,0,Rear-end,V1: Travelling straight ahead / V2: Slowing or stopped in traffic,V1: E  / V2: E,Wet,Dark - lighted roadway,Cloudy/Rain,0.5,0,54,40,FALSE,41.9250735,-71.35622629
14924,12/19/2015,December,Saturday,10:37,1,1,0,0,Single vehicle crash,V1: Backing,V1: E,Dry,Daylight,Clear,0.1,0,50,32,TRUE,41.9337145,-71.3002891
14925,12/19/2015,December,Saturday,11:03,1,3,0,0,Rear-end,V1: Travelling straight ahead / V2: Travelling straight ahead / V3: Travelling straight ahead,V1: W  / V2: W  / V3: W,Dry,Daylight,Clear,0.1,0,50,32,TRUE,41.94245198,-71.28698244
14926,12/19/2015,December,Saturday,11:33,1,2,0,0,Rear-end,V1: Entering traffic lane / V2: Entering traffic lane,V1: N  / V2: N,Dry,Daylight,Clear,0.1,0,50,32,TRUE,41.89863276,-71.35506105
14927,12/19/2015,December,Saturday,13:49,1,2,0,0,Rear-end,V1: Travelling straight ahead / V2: Travelling straight ahead,V1: N  / V2: N,Dry,Daylight,Clear,0.1,0,50,32,TRUE,41.89863276,-71.35506105
14928,12/19/2015,December,Saturday,14:49,1,3,0,0,Rear-end,V1: Travelling straight ahead / V2: Travelling straight ahead / V3: Travelling straight ahead,V1: E  / V2: E  / V3: E,Dry,Daylight,Clear,0.1,0,50,32,TRUE,41.90978893,-71.31543487
14929,12/19/2015,December,Saturday,17:29,1,2,0,0,Rear-end,V1: Travelling straight ahead / V2: Slowing or stopped in traffic,V1: S  / V2: S,Dry,Dark - lighted roadway,Clear,0.1,0,50,32,TRUE,41.92014284,-71.35719783
14930,12/20/2015,December,Sunday,9:46,1,2,0,0,"Sideswipe, same direction",V1: Travelling straight ahead / V2: Turning right,V1: N  / V2: N,Dry,Daylight,Clear,0,0,40,29,TRUE,41.95731038,-71.28775715
14931,12/21/2015,December,Monday,15:14,1,2,0,0,Rear-end,V1: Travelling straight ahead / V2: Travelling straight ahead,V1: W  / V2: W,Dry,Daylight,Clear,0,0,43,26,TRUE,41.93276047,-71.29660964
14932,12/21/2015,December,Monday,16:06,1,2,0,0,Rear-end,V1: Slowing or stopped in traffic / V2: Slowing or stopped in traffic,V1: W  / V2: W,Dry,Daylight,Clear,0,0,43,26,TRUE,41.95392578,-71.24372577
14933,12/22/2015,December,Tuesday,0:30,1,1,0,0,Single vehicle crash,V1: Travelling straight ahead,V1: N,Dry,Dark - roadway not lighted,Clear,0,0,55,38,FALSE,41.95712375,-71.30575248
14934,12/22/2015,December,Tuesday,9:08,1,2,0,0,Rear-end,V1: Travelling straight ahead / V2: Slowing or stopped in traffic,V1: W  / V2: W,Wet,Daylight,Rain,0,0,55,38,FALSE,41.93976913,-71.29072872
14935,12/22/2015,December,Tuesday,15:48,1,2,0,0,Single vehicle crash,V1: Travelling straight ahead / V2: Turning left,V1: N  / V2: 0,Dry,Daylight,Cloudy,0,0,55,38,FALSE,41.9115249,-71.25830253
14936,12/22/2015,December,Tuesday,17:10,2,2,1,0,Rear-end,V1: Slowing or stopped in traffic / V2: Travelling straight ahead,V1: S  / V2: S,Wet,Dark - lighted roadway,Cloudy/Rain,0,0,55,38,FALSE,41.93518136,-71.28488512
14937,12/22/2015,December,Tuesday,17:19,1,1,0,0,Single vehicle crash,V1: Travelling straight ahead,V1: S,Wet,Dark - lighted roadway,Rain,0,0,55,38,FALSE,41.93519151,-71.32895367
14938,12/22/2015,December,Tuesday,17:20,2,3,1,0,Rear-end,V1: Slowing or stopped in traffic / V2: Slowing or stopped in traffic / V3: Travelling straight ahead,V1: S  / V2: S  / V3: S,Wet,Dark - roadway not lighted,Cloudy,0,0,55,38,FALSE,41.96518687,-71.29785225
14939,12/22/2015,December,Tuesday,17:51,2,1,1,0,Single vehicle crash,V1: Travelling straight ahead,V1: S,Wet,Dark - roadway not lighted,Cloudy,0,0,55,38,FALSE,41.90257525,-71.35603965
14940,12/22/2015,December,Tuesday,21:35,1,1,0,0,Single vehicle crash,V1: Turning right,V1: S,"Sand, mud, dirt, oil, gravel",Dark - lighted roadway,Cloudy,0,0,55,38,FALSE,41.95513805,-71.30838387
14941,12/23/2015,December,Wednesday,7:37,1,2,0,0,Rear-end,V1: Travelling straight ahead / V2: Slowing or stopped in traffic,V1: E  / V2: E,Wet,Daylight,Fog,0.2,0,58,43,FALSE,41.93397761,-71.31903245
14942,12/23/2015,December,Wednesday,17:37,1,2,0,0,Rear-end,V1: Slowing or stopped in traffic / V2: Slowing or stopped in traffic,V1: N  / V2: N,Wet,Dark - lighted roadway,Cloudy/Rain,0.2,0,58,43,FALSE,41.90564025,-71.35665923
14943,12/23/2015,December,Wednesday,17:48,1,3,0,0,Angle,V1: Travelling straight ahead / V2: Travelling straight ahead / V3: Travelling straight ahead,V1: N  / V2: E  / V3: W,Wet,Dark - lighted roadway,Cloudy/Rain,0.2,0,58,43,FALSE,41.93874704,-71.29215576
14944,12/23/2015,December,Wednesday,18:35,1,2,0,0,Rear-end,V1: Slowing or stopped in traffic / V2: Travelling straight ahead,V1: S  / V2: S,Wet,Dark - roadway not lighted,Rain,0.2,0,58,43,FALSE,41.90255025,-71.35612621
14945,12/23/2015,December,Wednesday,19:03,1,1,0,0,Single vehicle crash,V1: Travelling straight ahead,V1: W,Wet,Dark - lighted roadway,Rain,0.2,0,58,43,FALSE,41.91420591,-71.36119762
14946,12/23/2015,December,Wednesday,23:51,1,1,0,0,Single vehicle crash,V1: Travelling straight ahead,V1: N,Wet,Dark - lighted roadway,Rain,0.2,0,58,43,FALSE,41.90907521,-71.35774514
14947,12/24/2015,December,Thursday,9:40,1,1,0,0,Single vehicle crash,V1: Turning right,V1: N,Wet,Daylight,Cloudy,1.4,0,63,42,FALSE,41.95524977,-71.30304531
14948,12/24/2015,December,Thursday,14:57,1,2,0,0,Angle,V1: Entering traffic lane / V2: Travelling straight ahead,V1: W  / V2: N,Dry,Daylight,Cloudy,1.4,0,63,42,FALSE,41.9341804,-71.34149895
14949,12/24/2015,December,Thursday,19:43,1,1,0,0,Single vehicle crash,V1: Travelling straight ahead,V1: S,Wet,Dark - roadway not lighted,Fog,1.4,0,63,42,FALSE,41.90261276,-71.35590972
14950,12/25/2015,December,Friday,6:00,1,2,0,0,Rear-end,V1: Travelling straight ahead / V2: Travelling straight ahead,V1: S  / V2: S,Dry,Dark - roadway not lighted,Clear,0.02,0,68,52,FALSE,41.90433577,-71.35012688
14951,12/25/2015,December,Friday,17:00,2,2,1,0,Head-on,V1: Turning left / V2: Travelling straight ahead,V1: E  / V2: W,Dry,Dark - lighted roadway,Clear,0.02,0,68,52,FALSE,41.93359015,-71.30040441
14952,12/25/2015,December,Friday,18:27,1,2,0,0,Rear-end,V1: Backing / V2: Travelling straight ahead,V1: S  / V2: N,Dry,Dark - lighted roadway,Clear,0.02,0,68,52,FALSE,41.91807022,-71.30037392
14953,12/26/2015,December,Saturday,13:25,1,2,0,0,Rear-end,V1: Slowing or stopped in traffic / V2: Slowing or stopped in traffic,V1: N  / V2: N,Dry,Daylight,Clear,0,0,66,42,FALSE,41.9023143,-71.35595636
14954,12/27/2015,December,Sunday,7:05,1,1,0,0,Single vehicle crash,V1: Other,V1: S,Wet,Dark - roadway not lighted,Cloudy,0.16,0,52,41,FALSE,41.9554281,-71.30713666
14955,12/27/2015,December,Sunday,11:57,1,2,0,0,Rear-end,V1: Travelling straight ahead / V2: Slowing or stopped in traffic,V1: S  / V2: S,Dry,Daylight,Cloudy,0.16,0,52,41,FALSE,41.89938073,-71.35524848
14956,12/27/2015,December,Sunday,13:22,1,2,0,0,Angle,V1: Turning left / V2: Travelling straight ahead,V1: W  / V2: S,Wet,Daylight,Cloudy,0.16,0,52,41,FALSE,41.90839514,-71.26837471
14957,12/28/2015,December,Monday,3:38,1,1,0,0,Single vehicle crash,V1: Travelling straight ahead,V1: N,Dry,Dark - lighted roadway,Clear,0.05,0,60,32,TRUE,41.92298549,-71.35714757
14958,12/28/2015,December,Monday,8:09,1,1,0,0,Angle,V1: Turning right,V1: S,Dry,Daylight,Clear,0.05,0,60,32,TRUE,41.91869929,-71.25161691
14959,12/28/2015,December,Monday,9:44,1,6,0,0,Head-on,V1: Travelling straight ahead / V2: Parked / V3: Parked / V4: Parked / V5: Parked / V6: Parked,V1: S  / V2: 0 / V3: 0 / V4: 0 / V5: 0 / V6: 0,Dry,Daylight,Clear,0.05,0,60,32,TRUE,41.94590068,-71.286322
14960,12/28/2015,December,Monday,11:41,1,2,0,0,Angle,V1: Travelling straight ahead / V2: Turning left,V1: S  / V2: S,Dry,Daylight,Clear,0.05,0,60,32,TRUE,41.90877956,-71.35765064
14961,12/28/2015,December,Monday,12:54,1,2,0,0,Angle,V1: Turning left / V2: Travelling straight ahead,V1: W  / V2: W,Dry,Daylight,Clear,0.05,0,60,32,TRUE,41.92675288,-71.34334435
14962,12/28/2015,December,Monday,16:13,1,3,0,0,Rear-end,V1: Travelling straight ahead / V2: Slowing or stopped in traffic / V3: Slowing or stopped in traffic,V1: N  / V2: N  / V3: N,Dry,Dark - roadway not lighted,Clear,0.05,0,60,32,TRUE,41.95518928,-71.30389339
14963,12/28/2015,December,Monday,17:37,1,2,0,0,Angle,V1: Travelling straight ahead / V2: Turning right,V1: N  / V2: W,Dry,Dark - lighted roadway,Clear,0.05,0,60,32,TRUE,41.95026372,-71.2985466
14964,12/28/2015,December,Monday,18:00,1,2,0,0,Rear-end,V1: Slowing or stopped in traffic / V2: Slowing or stopped in traffic,V1: W  / V2: W,Dry,Dark - lighted roadway,Clear,0.05,0,60,32,TRUE,41.93400377,-71.31615871
14965,12/28/2015,December,Monday,18:07,1,3,0,0,Rear-end,V1: Slowing or stopped in traffic / V2: Slowing or stopped in traffic / V3: Travelling straight ahead,V1: S  / V2: S  / V3: S,Dry,Dark - lighted roadway,Clear,0.05,0,60,32,TRUE,41.9550406,-71.28848654
14966,12/29/2015,December,Tuesday,6:28,2,1,1,0,Single vehicle crash,V1: Travelling straight ahead,V1: N,Slush,Dawn,Snow,0.28,0.6,34,29,TRUE,41.92461465,-71.25962095
14967,12/29/2015,December,Tuesday,8:00,1,2,0,0,Rear-end,V1: Entering traffic lane / V2: Entering traffic lane,V1: S  / V2: S,Slush,Daylight,Rain,0.28,0.6,34,29,TRUE,41.93388284,-71.31993479
14968,12/29/2015,December,Tuesday,11:23,1,2,0,0,Rear-end,V1: Travelling straight ahead / V2: Slowing or stopped in traffic,V1: S  / V2: S,Slush,Daylight,Rain,0.28,0.6,34,29,TRUE,41.92508738,-71.35628348
14969,12/30/2015,December,Wednesday,16:16,1,2,0,0,Rear-end,V1: Travelling straight ahead / V2: Travelling straight ahead,V1: W  / V2: W,Wet,Dark - lighted roadway,Clear,0.44,0.2,39,26,TRUE,41.93269195,-71.32821357
14970,12/31/2015,December,Thursday,0:52,1,1,0,0,Single vehicle crash,V1: Travelling straight ahead,V1: N,Wet,Dark - lighted roadway,Rain,0.17,0,39,26,TRUE,41.95451461,-71.24992613
14971,12/31/2015,December,Thursday,8:46,1,1,0,0,Single vehicle crash,V1: Travelling straight ahead,V1: N,Wet,Dark - roadway not lighted,Clear,0.17,0,39,26,TRUE,41.94378519,-71.28942761
14972,12/31/2015,December,Thursday,12:52,2,1,1,0,Single vehicle crash,V1: Travelling straight ahead,V1: W,Dry,Daylight,Clear,0.17,0,39,26,TRUE,41.95354482,-71.26647994
14973,12/31/2015,December,Thursday,19:58,1,2,0,0,Rear-end,V1: Slowing or stopped in traffic / V2: Travelling straight ahead,V1: E  / V2: E,Dry,Dark - lighted roadway,Cloudy,0.17,0,39,26,TRUE,41.94234382,-71.27289652
14974,1/1/2016,January,Friday,14:37,1,2,0,0,Rear-end,V1: Travelling straight ahead / V2: Travelling straight ahead,V1: N  / V2: N,Dry,Daylight,Cloudy,0,0,49,32,TRUE,41.91035947,-71.36314658
14975,1/1/2016,January,Friday,16:15,1,1,0,0,Single vehicle crash,V1: Leaving traffic lane,V1: S,Dry,Dusk,Cloudy,0,0,49,32,TRUE,41.91977948,-71.35862075
14976,1/2/2016,January,Saturday,9:38,1,1,0,0,Rear-end,V1: Travelling straight ahead,V1: N,Dry,Daylight,Clear,0,0,41,28,TRUE,41.91190181,-71.26307675
14977,1/2/2016,January,Saturday,12:02,1,2,0,0,Angle,V1: Travelling straight ahead / V2: Travelling straight ahead,V1: W  / V2: N,Dry,Daylight,Clear,0,0,41,28,TRUE,41.91981411,-71.35860614
14978,1/2/2016,January,Saturday,14:02,1,2,0,0,Angle,V1: Travelling straight ahead / V2: Travelling straight ahead,V1: W  / V2: N,Dry,Daylight,Clear,0,0,41,28,TRUE,41.94472176,-71.2812504
14979,1/2/2016,January,Saturday,15:25,2,2,1,0,Head-on,V1: Travelling straight ahead / V2: Travelling straight ahead,V1: W  / V2: E,Dry,Daylight,Clear,0,0,41,28,TRUE,41.91996059,-71.2435861
14980,1/2/2016,January,Saturday,16:39,2,2,1,0,"Sideswipe, opposite direction",V1: Travelling straight ahead / V2: Travelling straight ahead,V1: S  / V2: N,Dry,Dark - lighted roadway,Clear,0,0,41,28,TRUE,41.93118399,-71.26031362
14981,1/4/2016,January,Monday,8:21,2,1,2,0,Single vehicle crash,V1: Travelling straight ahead,V1: S,Snow,Daylight,Snow,0,0,45,22,TRUE,41.92424167,-71.25939621
14982,1/4/2016,January,Monday,8:55,1,1,0,0,Angle,V1: Travelling straight ahead,V1: E,Snow,Daylight,Snow,0,0,45,22,TRUE,41.91696013,-71.37494452
14983,1/4/2016,January,Monday,8:58,1,2,0,0,Angle,V1: Travelling straight ahead / V2: Slowing or stopped in traffic,V1: E  / V2: E,Ice,Daylight,Snow,0,0,45,22,TRUE,41.95287787,-71.26899686
14984,1/4/2016,January,Monday,9:08,1,2,0,0,Rear-end,V1: Travelling straight ahead / V2: Slowing or stopped in traffic,V1: E  / V2: E,Snow,Daylight,Snow,0,0,45,22,TRUE,41.93846875,-71.28469502
14985,1/4/2016,January,Monday,9:09,1,1,0,0,Rear-end,V1: Slowing or stopped in traffic,V1: S,Snow,Daylight,Snow,0,0,45,22,TRUE,41.90156182,-71.36972569
14986,1/4/2016,January,Monday,17:04,1,2,0,0,Angle,V1: Entering traffic lane / V2: Travelling straight ahead,V1: W  / V2: N,Wet,Dark - lighted roadway,Cloudy,0,0,45,22,TRUE,41.96254208,-71.28828373
14987,1/5/2016,January,Tuesday,10:42,1,2,0,0,"Sideswipe, same direction",V1: Travelling straight ahead / V2: Changing lanes,V1: W  / V2: W,Dry,Daylight,Clear,0,0.5,30,7,TRUE,41.9483337,-71.27794679
14988,1/5/2016,January,Tuesday,11:15,1,2,0,0,Angle,V1: Turning left / V2: Travelling straight ahead,V1: S  / V2: E,Dry,Daylight,Clear,0,0.5,30,7,TRUE,41.94140605,-71.28436439
14989,1/5/2016,January,Tuesday,11:21,1,2,0,0,Angle,V1: Turning left / V2: Travelling straight ahead,V1: W  / V2: E,Dry,Daylight,Clear,0,0.5,30,7,TRUE,41.90168645,-71.34227839
14990,1/5/2016,January,Tuesday,13:59,1,2,0,0,Angle,V1: Entering traffic lane / V2: Travelling straight ahead,V1: S  / V2: S,Dry,Daylight,Cloudy,0,0.5,30,7,TRUE,41.91981411,-71.35860614
14991,1/5/2016,January,Tuesday,16:46,1,2,0,0,Angle,V1: Turning right / V2: Travelling straight ahead,V1: S  / V2: S,Dry,Dark - lighted roadway,Clear,0,0.5,30,7,TRUE,41.92474743,-71.34966832
14992,1/5/2016,January,Tuesday,18:40,1,3,0,0,Rear-end,V1: Slowing or stopped in traffic / V2: Slowing or stopped in traffic / V3: Travelling straight ahead,V1: W  / V2: W  / V3: W,Dry,Dark - lighted roadway,Clear,0,0.5,30,7,TRUE,41.93269195,-71.32821357
14993,1/5/2016,January,Tuesday,18:42,1,1,0,0,Single vehicle crash,V1: Other,V1: N,Dry,Dark - lighted roadway,Clear,0,0.5,30,7,TRUE,41.89567723,-71.37063889
14994,1/5/2016,January,Tuesday,21:38,1,1,0,0,0,V1: Parked,V1: N,Dry,Dark - lighted roadway,Clear,0,0.5,30,7,TRUE,41.93664277,-71.30148744
14995,1/6/2016,January,Wednesday,11:00,1,1,0,0,Single vehicle crash,V1: Travelling straight ahead,V1: N,Dry,Daylight,Clear,0,0,26,7,TRUE,41.90241817,-71.35561188
14996,1/6/2016,January,Wednesday,15:48,1,2,0,0,Angle,V1: Entering traffic lane / V2: Travelling straight ahead,V1: S  / V2: E,Dry,Daylight,Clear,0,0,26,7,TRUE,41.94757814,-71.27890389
14997,1/7/2016,January,Thursday,6:35,2,1,1,0,Single vehicle crash,V1: Travelling straight ahead,V1: N,Dry,Dawn,Clear,0,0,44,10,TRUE,41.93676556,-71.24918472
14998,1/7/2016,January,Thursday,10:00,2,1,1,0,Single vehicle crash,V1: Travelling straight ahead,V1: S,Dry,Daylight,Clear,0,0,44,10,TRUE,41.93804592,-71.31642932
14999,1/7/2016,January,Thursday,10:59,1,2,0,0,Angle,V1: Travelling straight ahead / V2: Travelling straight ahead,V1: W  / V2: N,Dry,Daylight,Clear,0,0,44,10,TRUE,41.93830895,-71.28203041
15000,1/8/2016,January,Friday,8:08,1,2,0,0,Rear-end,V1: Travelling straight ahead / V2: Turning left,V1: E  / V2: E,Dry,Daylight,Cloudy,0,0,46,19,TRUE,41.9339911,-71.30301574
15001,1/8/2016,January,Friday,9:01,1,1,0,0,Single vehicle crash,V1: Travelling straight ahead,V1: E,Dry,Daylight,Cloudy,0,0,46,19,TRUE,41.96097876,-71.28790414