ID,DATE,Month,Day of week,Crash Time,Crash Severity,Number of Vehicles,Total Nonfatal Injuries,Total Fatal Injuries,Manner of Collision,Vehicle Action Prior to Crash,Vehicle Travel Directions,Road Surface Condition,Ambient Light,Weather Condition,PRCP,SNOW,TMAX,TMIN,Ice,Longtitute,Latitute
15002,1/8/2016,January,Friday,16:44,2,2,1,0,Rear-end,V1: Travelling straight ahead / V2: Travelling straight ahead,V1: W  / V2: W,Dry,Daylight,Clear,0,0,46,19,TRUE,41.95484304,-71.28856385
15003,1/8/2016,January,Friday,17:04,1,2,0,0,Angle,V1: Turning left / V2: Travelling straight ahead,V1: N  / V2: E,Dry,Dark - roadway not lighted,Clear,0,0,46,19,TRUE,41.95451461,-71.24992613
15004,1/8/2016,January,Friday,18:27,1,2,0,0,Rear-end,V1: Travelling straight ahead / V2: Slowing or stopped in traffic,V1: N  / V2: N,Dry,Dark - lighted roadway,Clear,0,0,46,19,TRUE,41.95130281,-71.27263126
15005,1/8/2016,January,Friday,19:25,2,1,1,0,Single vehicle crash,V1: Travelling straight ahead,V1: N,Dry,Dark - lighted roadway,Cloudy,0,0,46,19,TRUE,41.93849962,-71.28068707
15006,1/9/2016,January,Saturday,0:44,2,1,1,0,Single vehicle crash,V1: Travelling straight ahead,V1: E,Dry,Dark - roadway not lighted,Clear,0,0,41,25,TRUE,41.9264113,-71.34441258
15007,1/9/2016,January,Saturday,9:58,2,1,1,0,Single vehicle crash,V1: Travelling straight ahead,V1: S,Wet,Daylight,Clear,0,0,41,25,TRUE,41.94131564,-71.28857127
15008,1/9/2016,January,Saturday,21:14,1,1,0,0,"Sideswipe, opposite direction",V1: Travelling straight ahead,V1: E,Dry,Dark - lighted roadway,Clear,0,0,41,25,TRUE,41.94450501,-71.28411703
15009,1/10/2016,January,Sunday,11:23,1,3,0,0,Head-on,V1: Other / V2: Parked / V3: Parked,V1: 0 / V2: 0 / V3: 0,Wet,Daylight,Cloudy/Rain,0.03,0,45,34,FALSE,41.92734628,-71.34208364
15010,1/10/2016,January,Sunday,11:30,1,2,0,0,"Sideswipe, same direction",V1: Travelling straight ahead / V2: Travelling straight ahead,V1: N  / V2: N,Wet,Daylight,Rain,0.03,0,45,34,FALSE,34.24438675,-73.6513909
15011,1/10/2016,January,Sunday,16:31,1,2,0,0,"Sideswipe, same direction",V1: Travelling straight ahead / V2: Changing lanes,V1: N  / V2: N,Wet,Dusk,Cloudy/Rain,0.03,0,45,34,FALSE,41.9250735,-71.35622629
15012,1/10/2016,January,Sunday,17:48,2,2,1,0,"Sideswipe, same direction",V1: Travelling straight ahead / V2: Changing lanes,V1: N  / V2: N,Wet,Dark - roadway not lighted,Rain,0.03,0,45,34,FALSE,41.90231844,-71.35595143
15013,1/11/2016,January,Monday,11:35,1,1,0,0,Single vehicle crash,V1: Backing,V1: Reported but invalid,Dry,Daylight,Clear,1.27,0,59,33,FALSE,41.9210426,-71.35807244
15014,1/11/2016,January,Monday,12:33,1,2,0,0,Angle,V1: Travelling straight ahead / V2: Travelling straight ahead,V1: S  / V2: E,Dry,Daylight,Clear,1.27,0,59,33,FALSE,41.94121777,-71.2768631
15015,1/11/2016,January,Monday,15:35,1,2,0,0,"Sideswipe, same direction",V1: Turning right / V2: Travelling straight ahead,V1: S  / V2: S,Dry,Daylight,Clear,1.27,0,59,33,FALSE,41.94705951,-71.27957967
15016,1/11/2016,January,Monday,22:03,1,2,0,0,Rear-end,V1: Travelling straight ahead / V2: Turning left,V1: S  / V2: S,Dry,Dark - lighted roadway,Clear,1.27,0,59,33,FALSE,41.91449065,-71.36105328
15017,1/12/2016,January,Tuesday,8:35,1,2,0,0,Rear-end,V1: Turning left / V2: Travelling straight ahead,V1: E  / V2: E,Dry,Daylight,Clear,0,0,38,16,TRUE,41.91200775,-71.25878583
15018,1/12/2016,January,Tuesday,14:58,2,1,1,0,Single vehicle crash,V1: Turning right,V1: W,Dry,Daylight,Clear,0,0,38,16,TRUE,41.89903243,-71.355186
15019,1/12/2016,January,Tuesday,19:07,1,2,0,0,Rear-end,V1: Travelling straight ahead / V2: Slowing or stopped in traffic,V1: W  / V2: W,Snow,Dark - lighted roadway,Snow,0,0,38,16,TRUE,41.9250522,-71.34894205
15020,1/12/2016,January,Tuesday,19:16,1,1,0,0,Single vehicle crash,V1: Travelling straight ahead,V1: S,Snow,Dark - lighted roadway,Snow,0,0,38,16,TRUE,41.95279399,-71.26926096
15021,1/12/2016,January,Tuesday,22:18,1,1,0,0,Single vehicle crash,V1: Travelling straight ahead,V1: S,Snow,Dark - lighted roadway,Snow,0,0,38,16,TRUE,41.9456219,-71.24765112
15022,1/13/2016,January,Wednesday,1:16,1,1,0,0,Single vehicle crash,V1: Travelling straight ahead,V1: S,Snow,Dark - lighted roadway,Snow,0.19,1.5,38,16,TRUE,41.91518568,-71.32272066
15023,1/13/2016,January,Wednesday,6:53,1,2,0,0,Angle,V1: Entering traffic lane / V2: Turning right,V1: N  / V2: E,Snow,Daylight,Clear,0.19,1.5,38,16,TRUE,41.91329854,-71.30797099
15024,1/13/2016,January,Wednesday,9:17,1,2,0,0,Angle,V1: Entering traffic lane / V2: Travelling straight ahead,V1: S  / V2: E,Dry,Daylight,Clear,0.19,1.5,38,16,TRUE,41.91981411,-71.35860614
15025,1/13/2016,January,Wednesday,11:14,1,2,0,0,Rear-end,V1: Slowing or stopped in traffic / V2: Slowing or stopped in traffic,V1: N  / V2: N,Wet,Daylight,Clear,0.19,1.5,38,16,TRUE,41.94431166,-71.28140274
15026,1/13/2016,January,Wednesday,17:05,1,3,0,0,Rear-end,V1: Slowing or stopped in traffic / V2: Slowing or stopped in traffic / V3: Travelling straight ahead,V1: S  / V2: S  / V3: S,Dry,Dark - roadway not lighted,Clear,0.19,1.5,38,16,TRUE,41.96019116,-71.30118086
15027,1/14/2016,January,Thursday,9:06,1,2,0,0,Angle,V1: Turning right / V2: Travelling straight ahead,V1: E  / V2: N,Snow,Daylight,Clear,0,0,29,18,TRUE,41.94744928,-71.29055291
15028,1/14/2016,January,Thursday,10:23,1,2,0,0,Angle,V1: Entering traffic lane / V2: Travelling straight ahead,V1: S  / V2: E,Wet,Daylight,Clear,0,0,29,18,TRUE,41.93304448,-71.28634923
15029,1/14/2016,January,Thursday,16:40,2,2,3,0,Angle,V1: Travelling straight ahead / V2: Travelling straight ahead,V1: W  / V2: N,Dry,Daylight,Clear,0,0,29,18,TRUE,41.89867838,-71.34654981
15030,1/15/2016,January,Friday,11:46,1,2,0,0,Angle,V1: Travelling straight ahead / V2: Travelling straight ahead,V1: N  / V2: S,Dry,Daylight,Cloudy,0,0,31,20,TRUE,41.94701106,-71.2760815
15031,1/15/2016,January,Friday,12:59,1,3,0,0,Rear-end,V1: Travelling straight ahead / V2: Travelling straight ahead / V3: Travelling straight ahead,V1: N  / V2: N  / V3: N,Dry,Daylight,Cloudy,0,0,31,20,TRUE,41.93779791,-71.29348849
15032,1/15/2016,January,Friday,16:03,0,1,0,0,Single vehicle crash,V1: Parked,V1: E,Dry,Daylight,Clear,0,0,31,20,TRUE,41.93792458,-71.26310971
15033,1/15/2016,January,Friday,16:14,1,2,0,0,Angle,V1: Turning left / V2: Travelling straight ahead,V1: E  / V2: S,Dry,Daylight,Cloudy,0,0,31,20,TRUE,41.95260998,-71.26978509
15034,1/17/2016,January,Sunday,9:17,1,1,0,0,Single vehicle crash,V1: Backing,V1: N,Dry,Daylight,Clear,0.45,0,40,28,TRUE,41.93316205,-71.27911181
15035,1/17/2016,January,Sunday,12:04,1,2,0,0,Rear-end,V1: Travelling straight ahead / V2: Slowing or stopped in traffic,V1: S  / V2: S,Wet,Daylight,Cloudy,0.45,0,40,28,TRUE,41.94586371,-71.28073807
15036,1/17/2016,January,Sunday,18:07,2,2,1,0,Angle,V1: Entering traffic lane / V2: Travelling straight ahead,V1: N  / V2: E,Wet,Dark - lighted roadway,Snow,0.45,0,40,28,TRUE,41.93403731,-71.30601704
15037,1/17/2016,January,Sunday,20:11,1,2,0,0,Angle,V1: Travelling straight ahead / V2: Travelling straight ahead,V1: W  / V2: E,Snow,Dark - lighted roadway,Snow,0.45,0,40,28,TRUE,41.93627065,-71.2882112
15038,1/17/2016,January,Sunday,20:32,1,1,0,0,Single vehicle crash,V1: Travelling straight ahead,V1: S,Snow,Dark - lighted roadway,Snow,0.45,0,40,28,TRUE,41.93164315,-71.24510822
15039,1/18/2016,January,Monday,9:42,1,2,0,0,Angle,V1: Turning right / V2: Turning left,V1: S  / V2: S,Wet,Daylight,Clear,0.17,3,35,27,TRUE,41.89625678,-71.37035697
15040,1/18/2016,January,Monday,14:58,1,1,0,0,Single vehicle crash,V1: Turning right,V1: S,Dry,Daylight,Clear,0.17,3,35,27,TRUE,41.932385,-71.32235613
15041,1/18/2016,January,Monday,22:08,1,1,0,0,Single vehicle crash,V1: Turning right,V1: S,Snow,Dark - lighted roadway,Clear,0.17,3,35,27,TRUE,41.9295259,-71.28074589
15042,1/19/2016,January,Tuesday,9:06,2,2,1,0,Angle,V1: Travelling straight ahead / V2: Entering traffic lane,V1: W  / V2: S,Ice,Daylight,Clear,0,0,28,16,TRUE,41.93569218,-71.28018883
15043,1/19/2016,January,Tuesday,9:16,2,2,1,0,"Sideswipe, same direction",V1: Travelling straight ahead / V2: Slowing or stopped in traffic,V1: S  / V2: S,Dry,Daylight,Clear,0,0,28,16,TRUE,41.9079342,-71.35745922
15044,1/19/2016,January,Tuesday,13:18,1,2,0,0,Angle,V1: Travelling straight ahead / V2: Turning left,V1: N  / V2: S,Dry,Daylight,Clear,0,0,28,16,TRUE,41.9483337,-71.27794679
15045,1/19/2016,January,Tuesday,15:50,2,2,1,0,Angle,V1: Turning right / V2: Slowing or stopped in traffic,V1: W  / V2: S,Dry,Daylight,Clear,0,0,28,16,TRUE,41.89903243,-71.355186
15046,1/20/2016,January,Wednesday,8:37,1,2,0,0,Rear-end,V1: Travelling straight ahead / V2: Turning left,V1: E  / V2: E,Dry,Daylight,Clear,0,0,26,15,TRUE,41.95281432,-71.29365268
15047,1/20/2016,January,Wednesday,12:00,1,2,0,0,Rear-end,V1: Slowing or stopped in traffic / V2: Travelling straight ahead,V1: S  / V2: S,Dry,Daylight,Clear,0,0,26,15,TRUE,41.97015292,-71.29135147
15048,1/20/2016,January,Wednesday,15:59,1,2,0,0,"Sideswipe, same direction",V1: Changing lanes / V2: Travelling straight ahead,V1: S  / V2: S,Dry,Daylight,Clear,0,0,26,15,TRUE,41.95130281,-71.27263126
15049,1/20/2016,January,Wednesday,16:19,1,2,0,0,Angle,V1: Turning right / V2: Travelling straight ahead,V1: N  / V2: E,Dry,Daylight,Clear,0,0,26,15,TRUE,41.9210426,-71.35807244
15050,1/21/2016,January,Thursday,13:07,1,2,0,0,"Sideswipe, same direction",V1: Travelling straight ahead / V2: Travelling straight ahead,V1: S  / V2: S,Dry,Daylight,Clear,0,0,38,16,TRUE,41.90998013,-71.35802082
15051,1/21/2016,January,Thursday,14:15,2,2,1,0,Angle,V1: Travelling straight ahead / V2: Travelling straight ahead,V1: N  / V2: W,Dry,Daylight,Cloudy,0,0,38,16,TRUE,41.93808003,-71.27597724
15052,1/21/2016,January,Thursday,15:08,1,2,0,0,"Sideswipe, opposite direction",V1: Travelling straight ahead / V2: Travelling straight ahead,V1: N  / V2: S,Dry,Daylight,Clear,0,0,38,16,TRUE,41.92249387,-71.29268196
15053,1/21/2016,January,Thursday,16:54,1,2,0,0,Rear-end,V1: Slowing or stopped in traffic / V2: Travelling straight ahead,V1: W  / V2: W,Dry,Dusk,Clear,0,0,38,16,TRUE,41.95410582,-71.26069282
15054,1/21/2016,January,Thursday,17:12,2,2,1,0,Angle,V1: Travelling straight ahead / V2: Travelling straight ahead,V1: W  / V2: S,Dry,Dark - lighted roadway,Clear,0,0,38,16,TRUE,41.93269195,-71.32821357
15055,1/22/2016,January,Friday,16:37,1,1,0,0,Single vehicle crash,V1: Other,V1: S,Dry,Dusk,Cloudy,0,0,34,16,TRUE,41.93507804,-71.28489367
15056,1/22/2016,January,Friday,17:35,1,1,0,0,Single vehicle crash,V1: Travelling straight ahead,V1: S,Dry,Dark - lighted roadway,Clear,0,0,34,16,TRUE,41.9127466,-71.31231941
15057,1/22/2016,January,Friday,19:03,1,2,0,0,Angle,V1: Travelling straight ahead / V2: Travelling straight ahead,V1: W  / V2: W,Dry,Dark - lighted roadway,Clear,0,0,34,16,TRUE,41.93374914,-71.3224483
15058,1/22/2016,January,Friday,20:31,0,1,0,0,Angle,V1: Parked,V1: 0,Dry,Dark - lighted roadway,Clear,0,0,34,16,TRUE,41.95250372,-71.27005525
15059,1/23/2016,January,Saturday,13:59,1,2,0,0,Rear-end,V1: Slowing or stopped in traffic / V2: Travelling straight ahead,V1: N  / V2: N,Slush,Daylight,Snow,0,0,31,16,TRUE,41.92446027,-71.28906707
15060,1/23/2016,January,Saturday,14:21,1,2,0,0,Rear-end,V1: Slowing or stopped in traffic / V2: Travelling straight ahead,V1: S  / V2: S,Snow,Daylight,Snow,0,0,31,16,TRUE,41.92045606,-71.29845401
15061,1/23/2016,January,Saturday,18:11,1,1,0,0,Single vehicle crash,V1: Travelling straight ahead,V1: N,Snow,Dark - lighted roadway,Snow,0,0,31,16,TRUE,41.9248738,-71.2269953
15062,1/23/2016,January,Saturday,21:50,1,1,0,0,Single vehicle crash,V1: Travelling straight ahead,V1: S,Snow,Dark - roadway not lighted,Snow,0,0,31,16,TRUE,41.94704789,-71.31001167
15063,1/24/2016,January,Sunday,9:00,1,1,0,0,Single vehicle crash,V1: Travelling straight ahead,V1: E,Dry,Daylight,Clear,0.47,6.3,32,15,TRUE,41.92788253,-71.34068982
15064,1/24/2016,January,Sunday,18:33,2,2,1,0,"Sideswipe, same direction",V1: Travelling straight ahead / V2: Changing lanes,V1: S  / V2: S,Dry,Dark - roadway not lighted,Clear,0.47,6.3,32,15,TRUE,41.90261276,-71.35590972
15065,1/25/2016,January,Monday,3:49,1,1,0,0,Single vehicle crash,V1: Travelling straight ahead,V1: S,Wet,Dark - lighted roadway,Clear,0,0,35,14,TRUE,41.96280335,-71.28845903
15066,1/25/2016,January,Monday,6:38,1,2,0,0,Angle,V1: Turning left / V2: Travelling straight ahead,V1: S  / V2: N,Dry,Dawn,Clear,0,0,35,14,TRUE,41.90998013,-71.35802082
15067,1/25/2016,January,Monday,7:35,1,1,0,0,Single vehicle crash,V1: Travelling straight ahead,V1: S,Snow,Daylight,Clear,0,0,35,14,TRUE,41.96207697,-71.29835824
15068,1/25/2016,January,Monday,8:37,1,4,0,0,Rear-end,V1: Slowing or stopped in traffic / V2: Slowing or stopped in traffic / V3: Slowing or stopped in traffic / V4: Slowing or stopped in traffic,V1: S  / V2: S  / V3: S  / V4: S,Dry,Daylight,Clear,0,0,35,14,TRUE,41.96019116,-71.30118086
15069,1/25/2016,January,Monday,12:35,1,2,0,0,Angle,V1: Turning left / V2: Travelling straight ahead,V1: W  / V2: W,Dry,Daylight,Cloudy,0,0,35,14,TRUE,41.91356192,-71.25827206
15070,1/25/2016,January,Monday,14:54,1,2,0,0,Rear-end,V1: Travelling straight ahead / V2: Travelling straight ahead,V1: N  / V2: N,Dry,Daylight,Cloudy,0,0,35,14,TRUE,41.9446632,-71.28341486
15071,1/26/2016,January,Tuesday,1:42,1,1,0,0,Single vehicle crash,V1: Travelling straight ahead,V1: S,Dry,Dark - lighted roadway,Clear,0,0,40,18,TRUE,41.91996876,-71.29872078
15072,1/26/2016,January,Tuesday,10:01,2,2,2,0,Angle,V1: Travelling straight ahead / V2: Travelling straight ahead,V1: N  / V2: E,Dry,Daylight,Clear,0,0,40,18,TRUE,41.93549621,-71.27895129
15073,1/26/2016,January,Tuesday,11:07,1,1,0,0,Single vehicle crash,V1: Travelling straight ahead,V1: E,Dry,Daylight,Clear,0,0,40,18,TRUE,41.91744794,-71.3702147
15074,1/26/2016,January,Tuesday,11:38,1,2,0,0,Angle,V1: Backing / V2: Parked,V1: E  / V2: Reported but invalid,Wet,Daylight,Snow,0,0,40,18,TRUE,41.94565869,-71.28761826
15075,1/26/2016,January,Tuesday,11:46,1,2,0,0,Rear-end,V1: Slowing or stopped in traffic / V2: Travelling straight ahead,V1: W  / V2: W,Dry,Daylight,Cloudy,0,0,40,18,TRUE,41.93393994,-71.3079523
15076,1/26/2016,January,Tuesday,15:01,1,2,0,0,Angle,V1: Travelling straight ahead / V2: Travelling straight ahead,V1: S  / V2: E,Dry,Daylight,Clear,0,0,40,18,TRUE,41.94774809,-71.28390704
15077,1/26/2016,January,Tuesday,17:34,1,2,0,0,"Sideswipe, same direction",V1: Travelling straight ahead / V2: Travelling straight ahead,V1: E  / V2: E,Dry,Dark - lighted roadway,Clear,0,0,40,18,TRUE,34.24438675,-73.6513909
15078,1/28/2016,January,Thursday,9:06,1,1,0,0,Single vehicle crash,V1: Travelling straight ahead,V1: N,Ice,Daylight,Clear,0,0,47,18,TRUE,41.94037095,-71.25118215
15079,1/28/2016,January,Thursday,15:19,1,1,0,0,Single vehicle crash,V1: Travelling straight ahead,V1: E,Dry,Daylight,Clear,0,0,47,18,TRUE,41.94663099,-71.27554045
15080,1/28/2016,January,Thursday,17:57,1,2,0,0,Angle,V1: Travelling straight ahead / V2: Travelling straight ahead,V1: E  / V2: S,Dry,Dark - lighted roadway,Clear,0,0,47,18,TRUE,41.94757814,-71.27890389
15081,1/28/2016,January,Thursday,18:31,2,1,1,0,Single vehicle crash,V1: Turning left,V1: S,Dry,Dark - lighted roadway,Clear,0,0,47,18,TRUE,41.94774809,-71.28390704
15082,1/29/2016,January,Friday,7:38,1,2,0,0,"Sideswipe, opposite direction",V1: Leaving traffic lane / V2: Travelling straight ahead,V1: W  / V2: E,Dry,Daylight,Cloudy,0,0,43,18,TRUE,41.95026235,-71.27502451
15083,1/29/2016,January,Friday,15:12,1,2,0,0,Angle,V1: Entering traffic lane / V2: Travelling straight ahead,V1: N  / V2: S,Dry,Daylight,Clear,0,0,43,18,TRUE,41.92890236,-71.35392825
15084,1/29/2016,January,Friday,17:46,1,2,0,0,"Sideswipe, same direction",V1: Changing lanes / V2: Travelling straight ahead,V1: E  / V2: E,Dry,Dusk,Clear,0,0,43,18,TRUE,41.95287787,-71.26899686
15085,1/30/2016,January,Saturday,13:07,2,1,1,0,Single vehicle crash,V1: Travelling straight ahead,V1: S,Dry,Daylight,Cloudy,0,0,43,27,TRUE,41.9404815,-71.28139686
15086,1/30/2016,January,Saturday,18:31,1,2,0,0,Rear-end,V1: Parked / V2: Travelling straight ahead,V1: S  / V2: S,Dry,Dark - roadway not lighted,Clear,0,0,43,27,TRUE,41.93860162,-71.26991094
15087,1/30/2016,January,Saturday,22:58,1,2,0,0,Angle,V1: Turning left / V2: Travelling straight ahead,V1: S  / V2: N,Dry,Dark - lighted roadway,Clear,0,0,43,27,TRUE,41.93524005,-71.27513601
15088,1/31/2016,January,Sunday,13:38,1,2,0,0,Angle,V1: Turning left / V2: Travelling straight ahead,V1: W  / V2: S,Dry,Daylight,Clear,0,0,44,27,TRUE,41.94666472,-71.28742757
15089,1/31/2016,January,Sunday,17:02,2,2,1,0,Angle,V1: Entering traffic lane / V2: Turning right,V1: W  / V2: N,Dry,Daylight,Clear,0,0,44,27,TRUE,41.91449065,-71.36105328
15090,1/31/2016,January,Sunday,20:33,2,1,1,0,Single vehicle crash,V1: Travelling straight ahead,V1: 0,Dry,Dark - lighted roadway,Clear,0,0,44,27,TRUE,41.95427391,-71.25559767
15091,2/2/2016,February,Tuesday,2:08,2,1,3,0,Rear-end,V1: Other,V1: W,Dry,Dark - lighted roadway,Clear,0,0,67,27,TRUE,41.95076301,-71.27397064
15092,2/2/2016,February,Tuesday,6:52,1,2,0,0,Angle,V1: Turning left / V2: Travelling straight ahead,V1: W  / V2: S,Dry,Daylight,Clear,0,0,67,27,TRUE,41.97015292,-71.29135147
15093,2/2/2016,February,Tuesday,6:53,1,2,0,0,Rear-end,V1: Travelling straight ahead / V2: Slowing or stopped in traffic,V1: E  / V2: E,Dry,Daylight,Clear,0,0,67,27,TRUE,41.9339911,-71.30301574
15094,2/2/2016,February,Tuesday,8:05,2,4,1,0,Rear-end,V1: Slowing or stopped in traffic / V2: Slowing or stopped in traffic / V3: Slowing or stopped in traffic / V4: Travelling straight ahead,V1: N  / V2: N  / V3: N  / V4: N,Dry,Daylight,Clear,0,0,67,27,TRUE,41.95514928,-71.30432065
15095,2/2/2016,February,Tuesday,8:07,2,2,1,0,"Sideswipe, same direction",V1: Travelling straight ahead / V2: Travelling straight ahead,V1: E  / V2: E,0,Daylight,Clear,0,0,67,27,TRUE,41.93932987,-71.27926205
15096,2/2/2016,February,Tuesday,8:44,1,2,0,0,"Sideswipe, same direction",V1: Changing lanes / V2: Parked,V1: S  / V2: S,Dry,Daylight,Clear,0,0,67,27,TRUE,41.94021848,-71.30088452
15097,2/2/2016,February,Tuesday,10:13,1,2,0,0,Angle,V1: Travelling straight ahead / V2: Turning right,V1: E  / V2: E,Dry,Daylight,Clear,0,0,67,27,TRUE,41.92374553,-71.35182855
15098,2/2/2016,February,Tuesday,10:41,2,2,1,0,Rear-end,V1: Slowing or stopped in traffic / V2: Travelling straight ahead,V1: N  / V2: N,Dry,Daylight,Clear,0,0,67,27,TRUE,41.9202246,-71.35842781
15099,2/2/2016,February,Tuesday,11:40,2,2,1,0,Angle,V1: Travelling straight ahead / V2: Travelling straight ahead,V1: W  / V2: S,Dry,Daylight,Clear,0,0,67,27,TRUE,41.94330896,-71.27265641
15100,2/2/2016,February,Tuesday,18:09,2,2,2,0,Rear-end,V1: Slowing or stopped in traffic / V2: Travelling straight ahead,V1: N  / V2: N,Dry,Dark - lighted roadway,Clear,0,0,67,27,TRUE,41.91981411,-71.35860614
15101,2/2/2016,February,Tuesday,19:57,1,1,0,0,Single vehicle crash,V1: Travelling straight ahead,V1: W,Dry,Dark - lighted roadway,Clear,0,0,67,27,TRUE,41.94173806,-71.28462074
15102,2/2/2016,February,Tuesday,20:18,2,2,1,0,Rear-end,V1: Travelling straight ahead / V2: Slowing or stopped in traffic,V1: S  / V2: S,Dry,Dark - lighted roadway,Clear,0,0,67,27,TRUE,41.90257525,-71.35603965
15103,2/3/2016,February,Wednesday,5:45,2,2,1,0,Rear-end,V1: Slowing or stopped in traffic / V2: Travelling straight ahead,V1: N  / V2: N,Dry,Dawn,Clear,0,0,51,26,TRUE,41.90231844,-71.35595143
15104,2/3/2016,February,Wednesday,5:45,1,2,0,0,Rear-end,V1: Travelling straight ahead / V2: Travelling straight ahead,V1: N  / V2: N,Dry,Dawn,Clear,0,0,51,26,TRUE,41.90231844,-71.35595143
15105,2/3/2016,February,Wednesday,5:50,2,3,1,0,"Sideswipe, same direction",V1: Changing lanes / V2: Travelling straight ahead / V3: Travelling straight ahead,V1: N  / V2: N  / V3: 0,Dry,Dawn,Clear,0,0,51,26,TRUE,41.92886018,-71.3230987
15106,2/3/2016,February,Wednesday,6:52,1,2,0,0,Rear-end,V1: Travelling straight ahead / V2: Slowing or stopped in traffic,V1: N  / V2: N,Dry,Dawn,Cloudy,0,0,51,26,TRUE,41.91902322,-71.35778764
15107,2/3/2016,February,Wednesday,9:53,1,2,0,0,Angle,V1: Entering traffic lane / V2: Travelling straight ahead,V1: S  / V2: W,Dry,Daylight,Cloudy,0,0,51,26,TRUE,41.93406554,-71.30574057
15108,2/3/2016,February,Wednesday,17:19,1,2,0,0,Rear-end,V1: Travelling straight ahead / V2: Slowing or stopped in traffic,V1: W  / V2: W,Wet,Dark - lighted roadway,Rain,0,0,51,26,TRUE,41.95338048,-71.26718633
15109,2/4/2016,February,Thursday,7:35,1,4,0,0,Rear-end,V1: 0 / V2: Travelling straight ahead / V3: Travelling straight ahead / V4: Travelling straight ahead,V1: 0 / V2: N  / V3: N  / V4: N,Wet,Daylight,Rain,1.01,0,56,34,FALSE,41.95712357,-71.30266353
15110,2/4/2016,February,Thursday,9:24,2,3,1,0,Angle,V1: Turning left / V2: Slowing or stopped in traffic / V3: Travelling straight ahead,V1: S  / V2: N  / V3: N,Wet,Daylight,Cloudy/Rain,1.01,0,56,34,FALSE,41.95076301,-71.27397064
15111,2/4/2016,February,Thursday,18:24,2,2,1,0,"Sideswipe, same direction",V1: Overtaking/passing / V2: Slowing or stopped in traffic,V1: E  / V2: E,Dry,Dark - lighted roadway,Clear,1.01,0,56,34,FALSE,41.95406704,-71.24447103
15112,2/4/2016,February,Thursday,18:37,0,1,0,0,Single vehicle crash,V1: Travelling straight ahead,V1: S,Dry,Dark - lighted roadway,Cloudy,1.01,0,56,34,FALSE,41.93119431,-71.32654862
15113,2/4/2016,February,Thursday,19:35,2,2,2,0,Angle,V1: Overtaking/passing / V2: Entering traffic lane,V1: S  / V2: N,Dry,Dark - roadway not lighted,Clear,1.01,0,56,34,FALSE,41.92886018,-71.3230987
15114,2/5/2016,February,Friday,11:26,1,1,0,0,Single vehicle crash,V1: Travelling straight ahead,V1: W,Snow,Daylight,Snow,0.57,0.8,55,32,TRUE,41.93930199,-71.31404876
15115,2/5/2016,February,Friday,12:04,1,2,0,0,Angle,V1: Slowing or stopped in traffic / V2: Travelling straight ahead,V1: E  / V2: S,Snow,Daylight,Snow,0.57,0.8,55,32,TRUE,41.93601097,-71.28269451
15116,2/5/2016,February,Friday,12:41,1,2,0,0,Rear-end,V1: Travelling straight ahead / V2: Slowing or stopped in traffic,V1: W  / V2: W,Snow,Daylight,Snow,0.57,0.8,55,32,TRUE,41.93409799,-71.31895722
15117,2/5/2016,February,Friday,12:53,1,2,0,0,Angle,V1: Travelling straight ahead / V2: Slowing or stopped in traffic,V1: E  / V2: N,Snow,Daylight,Snow,0.57,0.8,55,32,TRUE,41.90529604,-71.33573163
15118,2/5/2016,February,Friday,13:38,1,1,0,0,Single vehicle crash,V1: Travelling straight ahead,V1: E,Snow,Daylight,Snow,0.57,0.8,55,32,TRUE,41.89804027,-71.37674712
15119,2/5/2016,February,Friday,13:41,1,1,0,0,Single vehicle crash,V1: Travelling straight ahead,V1: S,Snow,Daylight,Snow,0.57,0.8,55,32,TRUE,41.93403509,-71.3212106
15120,2/5/2016,February,Friday,14:05,2,2,2,0,Angle,V1: Turning right / V2: Travelling straight ahead,V1: E  / V2: S,Snow,Daylight,Snow,0.57,0.8,55,32,TRUE,41.95180679,-71.2898592
15121,2/5/2016,February,Friday,14:29,1,2,0,0,Angle,V1: Backing / V2: Parked,V1: S  / V2: E,Snow,Daylight,Snow,0.57,0.8,55,32,TRUE,41.9115249,-71.25830253
15122,2/5/2016,February,Friday,14:35,1,1,0,0,Single vehicle crash,V1: Travelling straight ahead,V1: E,Snow,Daylight,Snow,0.57,0.8,55,32,TRUE,41.90853455,-71.29627421
15123,2/5/2016,February,Friday,14:58,2,1,1,0,Single vehicle crash,V1: Travelling straight ahead,V1: S,Snow,Daylight,Snow,0.57,0.8,55,32,TRUE,41.93164315,-71.24510822
15124,2/5/2016,February,Friday,17:55,1,2,0,0,Rear-end,V1: Travelling straight ahead / V2: Travelling straight ahead,V1: S  / V2: S,Snow,Dark - lighted roadway,Cloudy,0.57,0.8,55,32,TRUE,41.91739569,-71.35962701
15125,2/6/2016,February,Saturday,11:29,1,2,0,0,"Sideswipe, same direction",V1: Changing lanes / V2: Travelling straight ahead,V1: S  / V2: S,Dry,Daylight,Clear,1.04,9.2,32,15,TRUE,41.94775652,-71.2786883