ID,DATE,Month,Day of week,Crash Time,Crash Severity,Number of Vehicles,Total Nonfatal Injuries,Total Fatal Injuries,Manner of Collision,Vehicle Action Prior to Crash,Vehicle Travel Directions,Road Surface Condition,Ambient Light,Weather Condition,PRCP,SNOW,TMAX,TMIN,Ice,Longtitute,Latitute
15126,2/6/2016,February,Saturday,15:33,1,1,0,0,Single vehicle crash,V1: Travelling straight ahead,V1: W,Dry,Daylight,Clear,1.04,9.2,32,15,TRUE,34.24438675,-73.6513909
15127,2/6/2016,February,Saturday,16:48,1,1,0,0,Single vehicle crash,V1: Travelling straight ahead,V1: S,Wet,Dark - 0 roadway lighting,Snow,1.04,9.2,32,15,TRUE,41.94880398,-71.29130243
15128,2/7/2016,February,Sunday,0:45,0,2,0,0,Rear-to-rear,V1: Parked / V2: 0,V1: 0 / V2: 0,Dry,Dark - lighted roadway,Clear,0,0,36,16,TRUE,41.91918588,-71.29927236
15129,2/7/2016,February,Sunday,10:59,1,3,0,0,Rear-end,V1: Turning left / V2: Travelling straight ahead / V3: Travelling straight ahead,V1: E  / V2: E  / V3: E,Dry,Daylight,Clear,0,0,36,16,TRUE,41.94432633,-71.30909208
15130,2/7/2016,February,Sunday,16:48,1,1,0,0,Single vehicle crash,V1: Travelling straight ahead,V1: W,Dry,Daylight,Clear,0,0,36,16,TRUE,41.93269195,-71.32821357
15131,2/8/2016,February,Monday,9:20,1,1,0,0,Single vehicle crash,V1: Travelling straight ahead,V1: S,Snow,Daylight,Snow,0,0,45,24,TRUE,41.92485162,-71.33997261
15132,2/8/2016,February,Monday,9:40,1,1,0,0,Single vehicle crash,V1: Turning right,V1: N,Snow,Daylight,Snow,0,0,45,24,TRUE,41.90564025,-71.35665923
15133,2/8/2016,February,Monday,10:15,1,1,0,0,Single vehicle crash,V1: Turning right,V1: W,Snow,Daylight,Snow,0,0,45,24,TRUE,41.91541906,-71.29678348
15134,2/8/2016,February,Monday,13:41,1,1,0,0,Single vehicle crash,V1: Travelling straight ahead,V1: W,Snow,Daylight,Snow,0,0,45,24,TRUE,41.93358571,-71.32352844
15135,2/8/2016,February,Monday,16:08,1,2,0,0,Rear-end,V1: Travelling straight ahead / V2: Backing,V1: N  / V2: S,Wet,Daylight,Snow,0,0,45,24,TRUE,41.92616865,-71.3603011
15136,2/9/2016,February,Tuesday,13:58,1,2,0,0,Rear-end,V1: Entering traffic lane / V2: Entering traffic lane,V1: N  / V2: N,Slush,Daylight,Cloudy,0.35,3.7,32,19,TRUE,41.9023143,-71.35595636
15137,2/9/2016,February,Tuesday,15:13,1,2,0,0,Rear-end,V1: Entering traffic lane / V2: Entering traffic lane,V1: N  / V2: N,Slush,Daylight,Cloudy,0.35,3.7,32,19,TRUE,41.90564025,-71.35665923
15138,2/9/2016,February,Tuesday,15:55,1,2,0,0,Angle,V1: Entering traffic lane / V2: Travelling straight ahead,V1: W  / V2: N,Slush,Daylight,Clear,0.35,3.7,32,19,TRUE,41.95037786,-71.26794495
15139,2/9/2016,February,Tuesday,16:25,1,2,0,0,Rear-to-rear,V1: Parked / V2: Backing,V1: Reported but invalid / V2: W,Dry,Daylight,Cloudy,0.35,3.7,32,19,TRUE,41.91977948,-71.35862075
15140,2/9/2016,February,Tuesday,17:32,1,2,0,0,"Sideswipe, same direction",V1: Entering traffic lane / V2: Entering traffic lane,V1: N  / V2: N,Slush,Dark - lighted roadway,Cloudy,0.35,3.7,32,19,TRUE,41.8991334,-71.35508388
15141,2/9/2016,February,Tuesday,17:34,1,2,0,0,"Sideswipe, same direction",V1: Turning right / V2: Travelling straight ahead,V1: S  / V2: S,Dry,Daylight,Clear,0.35,3.7,32,19,TRUE,41.95260998,-71.26978509
15142,2/10/2016,February,Wednesday,3:40,1,2,0,0,"Sideswipe, same direction",V1: Turning right / V2: Travelling straight ahead,V1: W  / V2: W,Dry,Dark - lighted roadway,Clear,0,0,29,17,TRUE,41.93405012,-71.31579284
15143,2/10/2016,February,Wednesday,8:39,1,2,0,0,Angle,V1: Backing / V2: Parked,V1: N  / V2: N,Snow,Daylight,Snow,0,0,29,17,TRUE,41.94021848,-71.30088452
15144,2/10/2016,February,Wednesday,13:50,1,2,0,0,Angle,V1: Turning left / V2: Travelling straight ahead,V1: E  / V2: N,Wet,Daylight,Snow,0,0,29,17,TRUE,41.93518136,-71.28488512
15145,2/10/2016,February,Wednesday,16:13,1,2,0,0,"Sideswipe, same direction",V1: Travelling straight ahead / V2: Travelling straight ahead,V1: S  / V2: S,Wet,Daylight,Cloudy,0,0,29,17,TRUE,41.95260998,-71.26978509
15146,2/10/2016,February,Wednesday,16:27,2,2,1,0,Rear-end,V1: Travelling straight ahead / V2: Travelling straight ahead,V1: N  / V2: N,Dry,Daylight,Clear,0,0,29,17,TRUE,41.96643836,-71.29074265
15147,2/10/2016,February,Wednesday,22:43,2,1,1,0,Single vehicle crash,V1: Travelling straight ahead,V1: S,Dry,Dark - lighted roadway,Clear,0,0,29,17,TRUE,41.94472176,-71.2812504
15148,2/11/2016,February,Thursday,8:12,1,2,0,0,Head-on,V1: Turning left / V2: Travelling straight ahead,V1: E  / V2: W,Dry,Daylight,Clear,0,0,36,21,TRUE,41.93359015,-71.30040441
15149,2/11/2016,February,Thursday,14:25,2,1,1,0,Single vehicle crash,V1: Travelling straight ahead,V1: N,Dry,Daylight,Clear,0,0,36,21,TRUE,41.93158236,-71.32095794
15150,2/11/2016,February,Thursday,18:12,1,2,0,0,Rear-to-rear,V1: Parked / V2: Backing,V1: Reported but invalid / V2: W,Ice,Dark - lighted roadway,Clear,0,0,36,21,TRUE,41.94925882,-71.29277727
15151,2/11/2016,February,Thursday,19:10,2,2,1,0,Rear-end,V1: Travelling straight ahead / V2: Turning left,V1: S  / V2: S,Dry,Dark - lighted roadway,Clear,0,0,36,21,TRUE,41.94666472,-71.28742757
15152,2/12/2016,February,Friday,8:16,1,2,0,0,Rear-end,V1: Entering traffic lane / V2: Entering traffic lane,V1: E  / V2: E,Dry,Daylight,Clear,0,0,31,5,TRUE,41.93400377,-71.31615871
15153,2/12/2016,February,Friday,19:15,0,1,0,0,Single vehicle crash,V1: Travelling straight ahead,V1: S,Dry,Dark - roadway not lighted,Clear,0,0,31,5,TRUE,41.93349673,-71.32022962
15154,2/13/2016,February,Saturday,13:32,2,2,8,0,Angle,V1: Entering traffic lane / V2: Travelling straight ahead,V1: S  / V2: S,Dry,Daylight,Clear,0,0,25,7,TRUE,41.91488488,-71.35902661
15155,2/13/2016,February,Saturday,14:49,2,2,1,0,Angle,V1: Turning right / V2: Travelling straight ahead,V1: S  / V2: W,Dry,Daylight,Clear,0,0,25,7,TRUE,41.93421769,-71.2996754
15156,2/15/2016,February,Monday,15:29,1,2,0,0,Rear-end,V1: Travelling straight ahead / V2: Travelling straight ahead,V1: S  / V2: S,Dry,Daylight,Clear,0,0,13,-10,TRUE,41.9200126,-71.35779701
15157,2/15/2016,February,Monday,21:55,1,1,0,0,Single vehicle crash,V1: Travelling straight ahead,V1: N,Ice,Dark - lighted roadway,Rain,0,0,13,-10,TRUE,41.95484304,-71.28856385
15158,2/15/2016,February,Monday,22:25,1,1,0,0,Single vehicle crash,V1: Turning left,V1: N,Ice,Dark - lighted roadway,Rain,0,0,13,-10,TRUE,41.90529604,-71.33573163
15159,2/15/2016,February,Monday,22:57,1,1,0,0,Single vehicle crash,V1: Travelling straight ahead,V1: S,Snow,Dark - lighted roadway,Snow,0,0,13,-10,TRUE,41.94500631,-71.29609357
15160,2/16/2016,February,Tuesday,13:28,1,2,0,0,"Sideswipe, opposite direction",V1: Turning left / V2: Slowing or stopped in traffic,V1: S  / V2: N,Dry,Daylight,Clear,0.32,0.5,51,-3,TRUE,41.95428602,-71.28497548
15161,2/16/2016,February,Tuesday,14:54,0,3,0,0,Rear-to-rear,V1: Parked / V2: Parked / V3: Parked,V1: S  / V2: S  / V3: S,Wet,Daylight,Cloudy/Rain,0.32,0.5,51,-3,TRUE,34.24438675,-73.6513909
15162,2/17/2016,February,Wednesday,12:09,1,2,0,0,Angle,V1: Leaving traffic lane / V2: Travelling straight ahead,V1: E  / V2: S,Dry,Daylight,Clear,0.31,0,57,30,TRUE,41.91891265,-71.31713881
15163,2/17/2016,February,Wednesday,12:21,1,2,0,0,Angle,V1: Turning left / V2: Travelling straight ahead,V1: W  / V2: S,Dry,Daylight,Clear,0.31,0,57,30,TRUE,41.93518136,-71.28488512
15164,2/17/2016,February,Wednesday,23:32,1,1,0,0,Single vehicle crash,V1: Travelling straight ahead,V1: S,Dry,Dark - lighted roadway,Clear,0.31,0,57,30,TRUE,41.90041992,-71.3682197
15165,2/18/2016,February,Thursday,8:13,1,2,0,0,"Sideswipe, same direction",V1: Travelling straight ahead / V2: Travelling straight ahead,V1: E  / V2: E,Dry,Daylight,Clear,0,0,47,26,TRUE,41.95287787,-71.26899686
15166,2/19/2016,February,Friday,14:27,1,2,0,0,Rear-end,V1: Travelling straight ahead / V2: Slowing or stopped in traffic,V1: S  / V2: S,Dry,Daylight,Clear,0,0,38,17,TRUE,41.9250735,-71.35622629
15167,2/19/2016,February,Friday,22:45,2,1,1,0,Single vehicle crash,V1: Travelling straight ahead,V1: S,Wet,Dark - roadway not lighted,Snow,0,0,38,17,TRUE,41.96019116,-71.30118086
15168,2/20/2016,February,Saturday,12:40,2,2,1,0,Rear-end,V1: Travelling straight ahead / V2: Turning left,V1: S  / V2: S,Dry,Daylight,Clear,0.01,0,45,19,TRUE,41.90964751,-71.36351027
15169,2/20/2016,February,Saturday,12:43,1,1,0,0,Single vehicle crash,V1: Backing,V1: E,Dry,Daylight,Cloudy,0.01,0,45,19,TRUE,41.94380755,-71.27983949
15170,2/20/2016,February,Saturday,21:15,1,1,0,0,Single vehicle crash,V1: Travelling straight ahead,V1: N,Dry,Dark - roadway not lighted,Clear,0.01,0,45,19,TRUE,41.92886018,-71.3230987
15171,2/21/2016,February,Sunday,14:14,1,2,0,0,Angle,V1: Slowing or stopped in traffic / V2: Slowing or stopped in traffic,V1: S  / V2: S,Dry,Daylight,Cloudy,0,0,55,38,FALSE,34.24438675,-73.6513909
15172,2/22/2016,February,Monday,14:15,1,1,0,0,Single vehicle crash,V1: Leaving traffic lane,V1: N,Dry,Daylight,Clear,0,0,54,33,FALSE,34.24438675,-73.6513909
15173,2/23/2016,February,Tuesday,1:25,1,1,0,0,Head-on,V1: Travelling straight ahead,V1: S,Dry,Dark - lighted roadway,Clear,0,0,50,24,TRUE,41.9502561,-71.30585136
15174,2/23/2016,February,Tuesday,14:36,1,2,0,0,"Sideswipe, same direction",V1: Leaving traffic lane / V2: Travelling straight ahead,V1: N  / V2: N,Dry,Daylight,Cloudy,0,0,50,24,TRUE,34.24438675,-73.6513909
15175,2/23/2016,February,Tuesday,23:31,1,2,0,0,"Sideswipe, same direction",V1: Travelling straight ahead / V2: 0,V1: N  / V2: 0,Dry,Dark - roadway not lighted,Clear,0,0,50,24,TRUE,41.90053869,-71.36201959
15176,2/24/2016,February,Wednesday,11:47,1,3,0,0,Rear-end,V1: Travelling straight ahead / V2: Slowing or stopped in traffic / V3: Slowing or stopped in traffic,V1: N  / V2: N  / V3: N,Wet,Daylight,Cloudy/Rain,0.23,0,40,26,TRUE,41.92014284,-71.35719783
15177,2/24/2016,February,Wednesday,18:25,2,1,1,0,Single vehicle crash,V1: Turning right,V1: W,Wet,Dark - lighted roadway,Cloudy/Rain,0.23,0,40,26,TRUE,41.92446027,-71.28906707
15178,2/24/2016,February,Wednesday,18:34,2,2,3,0,Angle,V1: Travelling straight ahead / V2: Travelling straight ahead,V1: E  / V2: N,Wet,Dark - lighted roadway,Rain,0.23,0,40,26,TRUE,41.92240546,-71.28736593
15179,2/25/2016,February,Thursday,4:40,1,1,0,0,Single vehicle crash,V1: Backing,V1: N,Wet,Dark - lighted roadway,Rain,1.04,0,63,40,FALSE,41.94100966,-71.28443529
15180,2/25/2016,February,Thursday,8:56,2,2,2,0,Angle,V1: Travelling straight ahead / V2: Turning left,V1: E  / V2: E,Wet,Daylight,Cloudy,1.04,0,63,40,FALSE,41.96306612,-71.28865133
15181,2/25/2016,February,Thursday,16:46,1,2,0,0,Rear-end,V1: Travelling straight ahead / V2: Slowing or stopped in traffic,V1: N  / V2: N,Wet,Dusk,Rain,1.04,0,63,40,FALSE,41.9068576,-71.3649423
15182,2/26/2016,February,Friday,11:52,1,1,0,0,Single vehicle crash,V1: Other,V1: E,Dry,Daylight,Clear,0.02,0,57,32,TRUE,34.24438675,-73.6513909
15183,2/26/2016,February,Friday,14:07,1,1,0,0,Single vehicle crash,V1: Travelling straight ahead,V1: N,Dry,Daylight,Clear,0.02,0,57,32,TRUE,41.94292337,-71.28632959
15184,2/26/2016,February,Friday,14:59,1,2,0,0,Angle,V1: Travelling straight ahead / V2: Turning left,V1: N  / V2: E,Dry,Daylight,Clear,0.02,0,57,32,TRUE,41.94666472,-71.28742757
15185,2/26/2016,February,Friday,16:04,1,2,0,0,Angle,V1: Entering traffic lane / V2: Travelling straight ahead,V1: W  / V2: W,Dry,Daylight,Clear,0.02,0,57,32,TRUE,41.9008693,-71.34385087
15186,2/26/2016,February,Friday,17:08,1,2,0,0,Rear-end,V1: Entering traffic lane / V2: Slowing or stopped in traffic,V1: N  / V2: N,Dry,Dusk,Clear,0.02,0,57,32,TRUE,41.90140402,-71.35552828
15187,2/27/2016,February,Saturday,2:06,1,1,0,0,Single vehicle crash,V1: Travelling straight ahead,V1: E,Dry,Dark - lighted roadway,Clear,0,0,41,19,TRUE,41.92517263,-71.34865517
15188,2/27/2016,February,Saturday,9:43,1,2,0,0,Rear-to-rear,V1: Backing / V2: Backing,V1: E  / V2: W,Dry,Daylight,Clear,0,0,41,19,TRUE,34.24438675,-73.6513909
15189,2/28/2016,February,Sunday,14:52,1,2,0,0,Rear-end,V1: Slowing or stopped in traffic / V2: Travelling straight ahead,V1: E  / V2: E,Dry,Daylight,Clear,0,0,38,22,TRUE,41.95076301,-71.27397064
15190,2/28/2016,February,Sunday,19:36,1,2,0,0,0,V1: Travelling straight ahead / V2: Turning right,V1: E  / V2: S,Dry,Dark - lighted roadway,Clear,0,0,38,22,TRUE,41.94413618,-71.29124801
15191,2/29/2016,February,Monday,5:47,1,2,0,0,"Sideswipe, opposite direction",V1: Travelling straight ahead / V2: Travelling straight ahead,V1: W  / V2: E,Dry,Daylight,Clear,0,0,57,36,FALSE,41.93585833,-71.27194106
15192,2/29/2016,February,Monday,11:26,1,2,0,0,Angle,V1: Turning left / V2: Travelling straight ahead,V1: W  / V2: W,Dry,Daylight,Cloudy,0,0,57,36,FALSE,41.93732881,-71.28475709
15193,2/29/2016,February,Monday,14:19,1,2,0,0,Rear-end,V1: Travelling straight ahead / V2: Slowing or stopped in traffic,V1: N  / V2: N,Dry,Daylight,Cloudy,0,0,57,36,FALSE,41.92781831,-71.35456449
15194,3/1/2016,March,Tuesday,9:57,2,2,2,0,Angle,V1: Turning left / V2: Travelling straight ahead,V1: S  / V2: N,Dry,Daylight,Clear,0,0,64,33,FALSE,41.92246458,-71.23661861
15195,3/1/2016,March,Tuesday,15:17,1,2,0,0,Angle,V1: Turning left / V2: Travelling straight ahead,V1: S  / V2: N,Dry,Daylight,Clear,0,0,64,33,FALSE,41.92639157,-71.35556191
15196,3/2/2016,March,Wednesday,5:46,1,2,0,0,Rear-end,V1: Travelling straight ahead / V2: Slowing or stopped in traffic,V1: E  / V2: E,Wet,Dark - lighted roadway,Rain,0.09,0,54,33,FALSE,41.93276047,-71.29660964
15197,3/2/2016,March,Wednesday,15:50,1,2,0,0,Rear-end,V1: Travelling straight ahead / V2: Slowing or stopped in traffic,V1: S  / V2: S,Dry,Daylight,Clear,0.09,0,54,33,FALSE,41.9666285,-71.29707511
15198,3/3/2016,March,Thursday,6:25,1,2,0,0,Rear-end,V1: Slowing or stopped in traffic / V2: Travelling straight ahead,V1: N  / V2: N,Dry,Daylight,Clear,0.21,0,54,19,TRUE,41.95475094,-71.30836474
15199,3/3/2016,March,Thursday,15:23,1,2,0,0,Angle,V1: Backing / V2: Travelling straight ahead,V1: N  / V2: E,Dry,Daylight,Clear,0.21,0,54,19,TRUE,41.95190525,-71.2905387
15200,3/3/2016,March,Thursday,18:25,1,2,0,0,Angle,V1: Travelling straight ahead / V2: Travelling straight ahead,V1: N  / V2: N,Dry,Dark - roadway not lighted,Clear,0.21,0,54,19,TRUE,41.90754782,-71.34230844
15201,3/5/2016,March,Saturday,2:14,1,1,0,0,Single vehicle crash,V1: Travelling straight ahead,V1: W,Dry,Dark - lighted roadway,Clear,0.06,0.5,32,22,TRUE,41.93209435,-71.29287808
15202,3/5/2016,March,Saturday,19:44,1,2,0,0,Head-on,V1: Travelling straight ahead / V2: Travelling straight ahead,V1: W  / V2: E,Dry,Dark - lighted roadway,Clear,0.06,0.5,32,22,TRUE,41.91981411,-71.35860614
15203,3/6/2016,March,Sunday,16:55,1,1,0,0,Single vehicle crash,V1: Travelling straight ahead,V1: N,Dry,Daylight,Clear,0,0,37,23,TRUE,41.94217059,-71.28456247
15204,3/6/2016,March,Sunday,23:28,2,1,1,0,Single vehicle crash,V1: Travelling straight ahead,V1: N,Dry,Dark - lighted roadway,Clear,0,0,37,23,TRUE,41.94413491,-71.27260127
15205,3/7/2016,March,Monday,8:41,1,2,0,0,Rear-end,V1: Travelling straight ahead / V2: Travelling straight ahead,V1: E  / V2: E,Dry,Daylight,Cloudy,0,0,44,23,TRUE,41.95808616,-71.28762486
15206,3/7/2016,March,Monday,10:11,1,1,0,0,Single vehicle crash,V1: Travelling straight ahead,V1: E,Dry,Daylight,Cloudy,0,0,44,23,TRUE,41.95006744,-71.27542775
15207,3/7/2016,March,Monday,15:34,1,2,0,0,Angle,V1: Travelling straight ahead / V2: Travelling straight ahead,V1: N  / V2: N,Dry,Daylight,Clear,0,0,44,23,TRUE,41.92781831,-71.35456449
15208,3/8/2016,March,Tuesday,0:26,2,2,1,0,Angle,V1: Travelling straight ahead / V2: Travelling straight ahead,V1: W  / V2: W,Dry,Dark - lighted roadway,Clear,0,0,50,29,TRUE,41.91329854,-71.30797099
15209,3/8/2016,March,Tuesday,6:44,2,2,2,0,Rear-end,V1: Travelling straight ahead / V2: Travelling straight ahead,V1: E  / V2: E,Dry,Daylight,Clear,0,0,50,29,TRUE,41.93398416,-71.31904724
15210,3/8/2016,March,Tuesday,9:05,1,2,0,0,Rear-end,V1: Slowing or stopped in traffic / V2: Travelling straight ahead,V1: S  / V2: S,Dry,Daylight,Clear,0,0,50,29,TRUE,41.96019116,-71.30118086
15211,3/8/2016,March,Tuesday,15:12,1,1,0,0,Angle,V1: Travelling straight ahead,V1: S,Dry,Daylight,Clear,0,0,50,29,TRUE,34.24438675,-73.6513909
15212,3/8/2016,March,Tuesday,15:47,1,2,0,0,Angle,V1: Other / V2: Travelling straight ahead,V1: E  / V2: N,Dry,Daylight,Clear,0,0,50,29,TRUE,41.93840802,-71.29265003
15213,3/8/2016,March,Tuesday,16:19,2,2,1,0,Angle,V1: Travelling straight ahead / V2: Changing lanes,V1: S  / V2: E,Dry,Daylight,Clear,0,0,50,29,TRUE,41.91739569,-71.35962701
15214,3/9/2016,March,Wednesday,13:34,1,2,0,0,"Sideswipe, same direction",V1: Changing lanes / V2: Travelling straight ahead,V1: S  / V2: S,Dry,Daylight,Clear,0,0,60,32,TRUE,41.90998013,-71.35802082
15215,3/10/2016,March,Thursday,7:02,1,2,0,0,Rear-end,V1: Travelling straight ahead / V2: Slowing or stopped in traffic,V1: N  / V2: N,Dry,Daylight,Clear,0,0,70,45,FALSE,41.95263042,-71.2895305
15216,3/10/2016,March,Thursday,7:17,1,2,0,0,Single vehicle crash,V1: Travelling straight ahead / V2: Travelling straight ahead,V1: S  / V2: S,Dry,Daylight,Clear,0,0,70,45,FALSE,41.94158483,-71.2845216
15217,3/10/2016,March,Thursday,14:14,2,4,2,0,Rear-end,V1: Travelling straight ahead / V2: Travelling straight ahead / V3: Travelling straight ahead / V4: Travelling straight ahead,V1: N  / V2: N  / V3: N  / V4: N,Wet,Daylight,Cloudy,0,0,70,45,FALSE,41.95287787,-71.26899686
15218,3/10/2016,March,Thursday,14:30,1,2,0,0,Rear-end,V1: Travelling straight ahead / V2: Travelling straight ahead,V1: E  / V2: E,Wet,Daylight,Cloudy/Rain,0,0,70,45,FALSE,41.96625683,-71.29143663
15219,3/10/2016,March,Thursday,14:39,1,2,0,0,Rear-end,V1: Travelling straight ahead / V2: Slowing or stopped in traffic,V1: S  / V2: S,Dry,Daylight,Cloudy,0,0,70,45,FALSE,41.95931508,-71.28774175
15220,3/10/2016,March,Thursday,16:45,2,2,1,0,Rear-end,V1: Travelling straight ahead / V2: Slowing or stopped in traffic,V1: S  / V2: S,Wet,Daylight,Cloudy,0,0,70,45,FALSE,41.91026562,-71.36319441
15221,3/10/2016,March,Thursday,18:13,1,2,0,0,Angle,V1: Entering traffic lane / V2: Travelling straight ahead,V1: W  / V2: E,Dry,Dark - lighted roadway,Clear,0,0,70,45,FALSE,41.95279399,-71.26926096
15222,3/10/2016,March,Thursday,21:50,2,2,1,0,Single vehicle crash,V1: Travelling straight ahead / V2: Travelling straight ahead,V1: S  / V2: S,Wet,Dark - roadway not lighted,Rain,0,0,70,45,FALSE,41.92212566,-71.32976643
15223,3/11/2016,March,Friday,10:30,1,2,0,0,"Sideswipe, opposite direction",V1: Backing / V2: Parked,V1: 0 / V2: 0,Dry,Daylight,Cloudy,0.16,0,69,48,FALSE,41.9340896,-71.29983557
15224,3/11/2016,March,Friday,11:14,2,2,1,0,Rear-end,V1: Entering traffic lane / V2: Entering traffic lane,V1: N  / V2: N,Dry,Daylight,Cloudy,0.16,0,69,48,FALSE,41.89913176,-71.35507999
15225,3/11/2016,March,Friday,17:12,2,1,1,0,Single vehicle crash,V1: Travelling straight ahead,V1: E,Dry,Daylight,Clear,0.16,0,69,48,FALSE,41.94530477,-71.27629365
15226,3/14/2016,March,Monday,13:56,1,2,0,0,Angle,V1: Travelling straight ahead / V2: Travelling straight ahead,V1: W  / V2: N,Wet,Daylight,Rain,0,0,66,40,FALSE,41.94173806,-71.28462074
15227,3/14/2016,March,Monday,14:37,2,2,1,0,Rear-end,V1: Travelling straight ahead / V2: Travelling straight ahead,V1: E  / V2: E,Wet,Daylight,Rain,0,0,66,40,FALSE,41.96604345,-71.29249975
15228,3/14/2016,March,Monday,14:58,1,2,0,0,Angle,V1: Making U-turn / V2: Travelling straight ahead,V1: N  / V2: N,Wet,Daylight,Rain,0,0,66,40,FALSE,41.9246488,-71.35436766
15229,3/14/2016,March,Monday,23:29,1,1,0,0,Single vehicle crash,V1: Travelling straight ahead,V1: N,Dry,Dark - roadway not lighted,Cloudy,0,0,66,40,FALSE,41.95593405,-71.30346756
15230,3/15/2016,March,Tuesday,12:29,1,3,0,0,Rear-end,V1: Travelling straight ahead / V2: Slowing or stopped in traffic / V3: Slowing or stopped in traffic,V1: S  / V2: S  / V3: S,Wet,Daylight,Rain,0.79,0,44,39,FALSE,41.93294317,-71.30065777
15231,3/15/2016,March,Tuesday,15:13,1,2,0,0,Angle,V1: Travelling straight ahead / V2: Entering traffic lane,V1: S  / V2: E,Wet,Daylight,Rain,0.79,0,44,39,FALSE,41.91981411,-71.35860614
15232,3/16/2016,March,Wednesday,7:48,1,2,0,0,Angle,V1: Entering traffic lane / V2: Travelling straight ahead,V1: S  / V2: E,Dry,Daylight,Cloudy,0.19,0,49,42,FALSE,41.90971613,-71.36633979
15233,3/16/2016,March,Wednesday,13:55,1,2,0,0,Rear-end,V1: Slowing or stopped in traffic / V2: Slowing or stopped in traffic,V1: N  / V2: N,Dry,Daylight,Cloudy,0.19,0,49,42,FALSE,41.92508738,-71.35628348
15234,3/16/2016,March,Wednesday,22:33,2,2,3,0,Rear-end,V1: Travelling straight ahead / V2: Slowing or stopped in traffic,V1: S  / V2: S,Wet,Dark - lighted roadway,Cloudy,0.19,0,49,42,FALSE,41.9340896,-71.29983557
15235,3/17/2016,March,Thursday,15:02,1,1,0,0,Single vehicle crash,V1: Travelling straight ahead,V1: S,Dry,Daylight,Clear,0.02,0,51,42,FALSE,41.94140605,-71.28436439
15236,3/17/2016,March,Thursday,15:10,1,2,0,0,Rear-end,V1: Slowing or stopped in traffic / V2: Travelling straight ahead,V1: S  / V2: S,Dry,Daylight,Clear,0.02,0,51,42,FALSE,41.93156958,-71.29118638
15237,3/17/2016,March,Thursday,16:34,2,5,1,0,Single vehicle crash,V1: Travelling straight ahead / V2: Parked / V3: Parked / V4: Parked / V5: Parked,V1: N  / V2: 0 / V3: 0 / V4: 0 / V5: 0,Dry,Daylight,Clear,0.02,0,51,42,FALSE,41.91488488,-71.35902661
15238,3/17/2016,March,Thursday,17:38,1,2,0,0,Rear-end,V1: Overtaking/passing / V2: Slowing or stopped in traffic,V1: S  / V2: S,Dry,Daylight,Cloudy,0.02,0,51,42,FALSE,41.94245198,-71.28698244
15239,3/17/2016,March,Thursday,18:19,2,2,2,0,"Sideswipe, same direction",V1: Travelling straight ahead / V2: Travelling straight ahead,V1: E  / V2: S,Wet,Dusk,Rain,0.02,0,51,42,FALSE,41.93359015,-71.30040441
15240,3/18/2016,March,Friday,14:20,1,2,0,0,Angle,V1: Entering traffic lane / V2: Travelling straight ahead,V1: E  / V2: S,Dry,Daylight,Clear,0.03,0,65,36,FALSE,41.94757814,-71.27890389
15241,3/19/2016,March,Saturday,13:31,1,2,0,0,Angle,V1: Turning left / V2: Travelling straight ahead,V1: W  / V2: N,Wet,Daylight,Cloudy,0.02,0,53,26,TRUE,41.93608923,-71.296466
15242,3/19/2016,March,Saturday,17:45,2,2,1,0,Angle,V1: Travelling straight ahead / V2: Travelling straight ahead,V1: S  / V2: W,Dry,Daylight,Clear,0.02,0,53,26,TRUE,41.94330896,-71.27265641
15243,3/19/2016,March,Saturday,18:18,1,1,0,0,Single vehicle crash,V1: Turning left,V1: N,Dry,Daylight,Clear,0.02,0,53,26,TRUE,41.94330896,-71.27265641
15244,3/20/2016,March,Sunday,4:25,1,2,0,0,"Sideswipe, same direction",V1: Travelling straight ahead / V2: Travelling straight ahead,V1: N  / V2: N,Dry,Dark - lighted roadway,Clear,0,0,48,24,TRUE,41.95503274,-71.30213423
15245,3/20/2016,March,Sunday,5:17,0,1,0,0,Single vehicle crash,V1: Travelling straight ahead,V1: S,Dry,Dark - lighted roadway,Clear,0,0,48,24,TRUE,41.93044785,-71.26035342
15246,3/20/2016,March,Sunday,9:58,1,2,0,0,Single vehicle crash,V1: Travelling straight ahead / V2: Parked,V1: S  / V2: 0,Dry,Daylight,Clear,0,0,48,24,TRUE,41.90902439,-71.33875524
15247,3/20/2016,March,Sunday,12:55,1,2,0,0,Rear-end,V1: Entering traffic lane / V2: Entering traffic lane,V1: N  / V2: N,Dry,Daylight,Clear,0,0,48,24,TRUE,41.89912636,-71.35506725
15248,3/20/2016,March,Sunday,20:00,1,1,0,0,Single vehicle crash,V1: Travelling straight ahead,V1: N,Dry,Dark - lighted roadway,Clear,0,0,48,24,TRUE,41.9374227,-71.29402673
15249,3/21/2016,March,Monday,5:11,1,1,0,0,Single vehicle crash,V1: Travelling straight ahead,V1: E,Snow,Dark - 0 roadway lighting,Snow,0.27,3.5,40,24,TRUE,41.90920406,-71.2869727
15250,3/21/2016,March,Monday,7:07,1,1,0,0,Single vehicle crash,V1: Travelling straight ahead,V1: S,Snow,Daylight,Snow,0.27,3.5,40,24,TRUE,41.90433577,-71.35012688
15251,3/21/2016,March,Monday,11:47,1,2,0,0,Angle,V1: Backing / V2: Travelling straight ahead,V1: W  / V2: S,Wet,Daylight,Snow,0.27,3.5,40,24,TRUE,41.93396483,-71.29999159