ID,DATE,Month,Day of week,Crash Time,Crash Severity,Number of Vehicles,Total Nonfatal Injuries,Total Fatal Injuries,Manner of Collision,Vehicle Action Prior to Crash,Vehicle Travel Directions,Road Surface Condition,Ambient Light,Weather Condition,PRCP,SNOW,TMAX,TMIN,Ice,Longtitute,Latitute
15252,3/21/2016,March,Monday,13:04,2,2,4,0,Angle,V1: Entering traffic lane / V2: Travelling straight ahead,V1: W  / V2: S,Dry,Daylight,Clear,0.27,3.5,40,24,TRUE,41.9079342,-71.35745922
15253,3/23/2016,March,Wednesday,7:30,1,2,0,0,"Sideswipe, opposite direction",V1: Other / V2: Travelling straight ahead,V1: E  / V2: W,Dry,Daylight,Clear,0,0,51,32,TRUE,41.94021848,-71.30088452
15254,3/23/2016,March,Wednesday,8:33,1,1,0,0,Single vehicle crash,V1: Travelling straight ahead,V1: S,Wet,Daylight,Cloudy/Rain,0,0,51,32,TRUE,41.9103653,-71.31493796
15255,3/24/2016,March,Thursday,7:28,1,2,0,0,"Sideswipe, same direction",V1: Parked / V2: Turning left,V1: W  / V2: W,Dry,Daylight,Clear,0,0,65,39,FALSE,41.940223,-71.30079864
15256,3/24/2016,March,Thursday,15:53,1,2,0,0,Rear-end,V1: Travelling straight ahead / V2: Slowing or stopped in traffic,V1: S  / V2: S,Dry,Daylight,Clear,0,0,65,39,FALSE,41.95484304,-71.28856385
15257,3/24/2016,March,Thursday,16:49,2,2,4,0,Rear-end,V1: Travelling straight ahead / V2: Slowing or stopped in traffic,V1: W  / V2: W,Dry,Daylight,Clear,0,0,65,39,FALSE,41.94472176,-71.2812504
15258,3/25/2016,March,Friday,10:39,1,2,0,0,Angle,V1: Turning right / V2: Travelling straight ahead,V1: S  / V2: S,Dry,Daylight,Clear,0,0,45,37,FALSE,41.89541252,-71.37076533
15259,3/25/2016,March,Friday,10:42,2,2,2,0,Angle,V1: Travelling straight ahead / V2: Travelling straight ahead,V1: E  / V2: N,Wet,Daylight,Cloudy/Rain,0,0,45,37,FALSE,41.94472176,-71.2812504
15260,3/25/2016,March,Friday,11:56,2,2,2,0,Rear-end,V1: Travelling straight ahead / V2: Slowing or stopped in traffic,V1: S  / V2: S,Dry,Daylight,Cloudy,0,0,45,37,FALSE,41.95949687,-71.28775942
15261,3/25/2016,March,Friday,15:47,1,2,0,0,Rear-end,V1: Travelling straight ahead / V2: Slowing or stopped in traffic,V1: S  / V2: S,Dry,Daylight,Clear,0,0,45,37,FALSE,41.96019116,-71.30118086
15262,3/26/2016,March,Saturday,3:59,1,1,0,0,Single vehicle crash,V1: 0,V1: E,Dry,Dark - lighted roadway,Clear,0.02,0,60,37,FALSE,41.95204979,-71.27503273
15263,3/26/2016,March,Saturday,12:07,1,2,0,0,Rear-end,V1: Travelling straight ahead / V2: Travelling straight ahead,V1: W  / V2: W,Dry,Daylight,Cloudy,0.02,0,60,37,FALSE,41.95260998,-71.26978509
15264,3/26/2016,March,Saturday,16:40,1,2,0,0,Angle,V1: Entering traffic lane / V2: Travelling straight ahead,V1: S  / V2: W,Dry,Daylight,Clear,0.02,0,60,37,FALSE,41.91981411,-71.35860614
15265,3/26/2016,March,Saturday,17:25,2,1,1,0,Single vehicle crash,V1: Travelling straight ahead,V1: N,Dry,Daylight,Clear,0.02,0,60,37,FALSE,41.90200485,-71.32049696
15266,3/27/2016,March,Sunday,10:25,1,2,0,0,"Sideswipe, same direction",V1: Changing lanes / V2: Travelling straight ahead,V1: W  / V2: W,Dry,Daylight,Clear,0,0,47,29,TRUE,41.95250372,-71.27005525
15267,3/28/2016,March,Monday,9:06,1,3,0,0,Rear-end,V1: Slowing or stopped in traffic / V2: Travelling straight ahead / V3: Travelling straight ahead,V1: E  / V2: E  / V3: E,Wet,Daylight,Rain,0,0,54,35,FALSE,41.94958347,-71.27632657
15268,3/28/2016,March,Monday,13:14,1,2,0,0,Angle,V1: Turning left / V2: Travelling straight ahead,V1: N  / V2: W,Wet,Daylight,Rain,0,0,54,35,FALSE,41.94472176,-71.2812504
15269,3/28/2016,March,Monday,16:08,2,2,1,0,"Sideswipe, same direction",V1: Changing lanes / V2: Travelling straight ahead,V1: W  / V2: W,Wet,Daylight,Rain,0,0,54,35,FALSE,41.93404812,-71.31577712
15270,3/28/2016,March,Monday,17:10,1,2,0,0,Angle,V1: Entering traffic lane / V2: Travelling straight ahead,V1: S  / V2: E,Dry,Daylight,Cloudy,0,0,54,35,FALSE,41.93584988,-71.28143838
15271,3/29/2016,March,Tuesday,7:02,1,2,0,0,Rear-end,V1: Slowing or stopped in traffic / V2: Travelling straight ahead,V1: S  / V2: N,Dry,Daylight,Clear,0.32,0,46,38,FALSE,41.9191209,-71.33085659
15272,3/29/2016,March,Tuesday,7:03,1,2,0,0,Angle,V1: Travelling straight ahead / V2: Travelling straight ahead,V1: S  / V2: E,Dry,Daylight,Clear,0.32,0,46,38,FALSE,41.94104078,-71.29346158
15273,3/29/2016,March,Tuesday,8:40,1,1,0,0,Single vehicle crash,V1: Travelling straight ahead,V1: S,Dry,Daylight,Clear,0.32,0,46,38,FALSE,41.9079342,-71.35745922
15274,3/30/2016,March,Wednesday,6:40,1,3,0,0,Rear-end,V1: Slowing or stopped in traffic / V2: Travelling straight ahead / V3: Travelling straight ahead,V1: N  / V2: N  / V3: N,Dry,Daylight,Clear,0,0,55,28,TRUE,41.95593405,-71.30346756
15275,3/30/2016,March,Wednesday,9:20,1,4,0,0,Rear-end,V1: Travelling straight ahead / V2: Slowing or stopped in traffic / V3: Slowing or stopped in traffic / V4: Slowing or stopped in traffic,V1: S  / V2: S  / V3: S  / V4: S,Dry,Daylight,Clear,0,0,55,28,TRUE,34.24438675,-73.6513909
15276,3/30/2016,March,Wednesday,13:21,2,2,1,0,Angle,V1: Travelling straight ahead / V2: Turning left,V1: N  / V2: W,Dry,Daylight,Clear,0,0,55,28,TRUE,41.93874704,-71.29215576
15277,3/30/2016,March,Wednesday,17:06,1,2,0,0,Angle,V1: Turning left / V2: Travelling straight ahead,V1: E  / V2: N,Dry,Daylight,Clear,0,0,55,28,TRUE,41.89618753,-71.37039513
15278,3/30/2016,March,Wednesday,23:54,1,1,0,0,Single vehicle crash,V1: Travelling straight ahead,V1: N,Dry,Dark - lighted roadway,Clear,0,0,55,28,TRUE,41.93713627,-71.31555926
15279,3/31/2016,March,Thursday,12:51,2,1,1,0,Single vehicle crash,V1: Travelling straight ahead,V1: N,Dry,Daylight,Clear,0,0,56,29,TRUE,41.94376754,-71.310308
15280,3/31/2016,March,Thursday,15:46,1,2,0,0,Rear-end,V1: Travelling straight ahead / V2: Travelling straight ahead,V1: S  / V2: S,Dry,Daylight,Clear,0,0,56,29,TRUE,41.92927403,-71.32377045
15281,3/31/2016,March,Thursday,15:51,1,1,0,0,Single vehicle crash,V1: Travelling straight ahead,V1: E,Dry,Daylight,Clear,0,0,56,29,TRUE,41.93762783,-71.26439504
15282,3/31/2016,March,Thursday,16:10,1,2,0,0,Rear-end,V1: Slowing or stopped in traffic / V2: Travelling straight ahead,V1: W  / V2: W,Dry,Daylight,Clear,0,0,56,29,TRUE,41.93584988,-71.28143838
15283,4/1/2016,April,Friday,7:46,1,2,0,0,Rear-end,V1: Travelling straight ahead / V2: Slowing or stopped in traffic,V1: S  / V2: S,Wet,Daylight,Cloudy,0.01,0,71,49,FALSE,41.92781831,-71.35456449
15284,4/1/2016,April,Friday,7:55,1,2,0,0,"Sideswipe, same direction",V1: Changing lanes / V2: Travelling straight ahead,V1: N  / V2: N,Wet,Daylight,Cloudy,0.01,0,71,49,FALSE,41.95518324,-71.30396989
15285,4/1/2016,April,Friday,8:50,1,1,0,0,Single vehicle crash,V1: Travelling straight ahead,V1: N,Dry,Daylight,Clear,0.01,0,71,49,FALSE,41.92927403,-71.32377045
15286,4/1/2016,April,Friday,16:50,2,1,1,0,Single vehicle crash,V1: Travelling straight ahead,V1: N,Dry,Daylight,Cloudy,0.01,0,71,49,FALSE,41.90998013,-71.35802082
15287,4/1/2016,April,Friday,16:59,2,2,1,0,Single vehicle crash,V1: Slowing or stopped in traffic / V2: Travelling straight ahead,V1: N  / V2: N,Dry,Daylight,Cloudy,0.01,0,71,49,FALSE,41.95204979,-71.27503273
15288,4/2/2016,April,Saturday,3:44,2,1,1,0,Single vehicle crash,V1: Travelling straight ahead,V1: N,Dry,Dark - roadway not lighted,Cloudy,0.07,0,63,47,FALSE,41.95194108,-71.30613986
15289,4/2/2016,April,Saturday,11:11,1,2,0,0,Rear-to-rear,V1: Backing / V2: Parked,V1: Reported but invalid / V2: Reported but invalid,Wet,Daylight,Rain,0.07,0,63,47,FALSE,41.94213878,-71.28262423
15290,4/2/2016,April,Saturday,12:04,2,2,1,0,Angle,V1: Travelling straight ahead / V2: Turning left,V1: N  / V2: E,Wet,Daylight,Cloudy/Rain,0.07,0,63,47,FALSE,41.95484304,-71.28856385
15291,4/2/2016,April,Saturday,13:30,1,2,0,0,Rear-end,V1: Turning right / V2: Travelling straight ahead,V1: E  / V2: N,Wet,Daylight,Cloudy/Rain,0.07,0,63,47,FALSE,41.9365932,-71.29539949
15292,4/2/2016,April,Saturday,14:19,1,2,0,0,Rear-end,V1: Travelling straight ahead / V2: Slowing or stopped in traffic,V1: N  / V2: N,Wet,Daylight,Rain,0.07,0,63,47,FALSE,41.91026562,-71.36319441
15293,4/2/2016,April,Saturday,17:31,2,2,2,0,Rear-end,V1: Travelling straight ahead / V2: Slowing or stopped in traffic,V1: E  / V2: E,Wet,Daylight,Rain,0.07,0,63,47,FALSE,41.93525581,-71.27772654
15294,4/3/2016,April,Sunday,10:57,1,2,0,0,Angle,V1: Travelling straight ahead / V2: Backing,V1: W  / V2: S,Wet,Daylight,Clear,1.13,0.8,48,32,TRUE,41.92838162,-71.24598859
15295,4/3/2016,April,Sunday,11:49,2,2,1,0,"Sideswipe, same direction",V1: Travelling straight ahead / V2: Changing lanes,V1: N  / V2: N,Dry,Daylight,Snow,1.13,0.8,48,32,TRUE,41.90053869,-71.36201959
15296,4/4/2016,April,Monday,8:04,1,2,0,0,Rear-end,V1: Slowing or stopped in traffic / V2: Slowing or stopped in traffic,V1: N  / V2: N,Snow,Daylight,Snow,0.08,2.1,38,24,TRUE,41.93400377,-71.31615871
15297,4/4/2016,April,Monday,8:08,1,2,0,0,Angle,V1: Travelling straight ahead / V2: Slowing or stopped in traffic,V1: S  / V2: S,Wet,Daylight,Snow,0.08,2.1,38,24,TRUE,41.93777592,-71.31514561
15298,4/4/2016,April,Monday,9:10,1,2,0,0,"Sideswipe, opposite direction",V1: Travelling straight ahead / V2: Travelling straight ahead,V1: E  / V2: W,Snow,Daylight,Snow,0.08,2.1,38,24,TRUE,41.90474145,-71.31772514
15299,4/4/2016,April,Monday,14:05,3,1,0,1,Single vehicle crash,V1: Travelling straight ahead,V1: S,Wet,Daylight,Snow,0.08,2.1,38,24,TRUE,41.9341021,-71.30369928
15300,4/4/2016,April,Monday,14:06,1,1,0,0,Single vehicle crash,V1: Travelling straight ahead,V1: E,Snow,Daylight,Snow,0.08,2.1,38,24,TRUE,41.9156364,-71.32216122
15301,4/4/2016,April,Monday,14:09,1,1,0,0,Single vehicle crash,V1: Travelling straight ahead,V1: W,Snow,Daylight,Snow,0.08,2.1,38,24,TRUE,41.91342581,-71.32488682
15302,4/4/2016,April,Monday,16:11,1,2,0,0,Angle,V1: Turning left / V2: Travelling straight ahead,V1: E  / V2: E,Snow,Daylight,Snow,0.08,2.1,38,24,TRUE,41.95019519,-71.27516444
15303,4/4/2016,April,Monday,20:35,1,2,0,0,"Sideswipe, same direction",V1: Travelling straight ahead / V2: Travelling straight ahead,V1: S  / V2: S,Snow,Dark - roadway not lighted,Snow,0.08,2.1,38,24,TRUE,41.90255025,-71.35612621
15304,4/5/2016,April,Tuesday,0:52,1,2,0,0,Angle,V1: Entering traffic lane / V2: Travelling straight ahead,V1: N  / V2: E,Snow,Dark - lighted roadway,Snow,0.42,5.7,31,23,TRUE,41.95428602,-71.28497548
15305,4/5/2016,April,Tuesday,8:05,1,3,0,0,Rear-end,V1: Slowing or stopped in traffic / V2: Slowing or stopped in traffic / V3: Travelling straight ahead,V1: N  / V2: N  / V3: N,Dry,Daylight,Clear,0.42,5.7,31,23,TRUE,34.24438675,-73.6513909
15306,4/5/2016,April,Tuesday,8:41,1,2,0,0,Rear-end,V1: Travelling straight ahead / V2: Slowing or stopped in traffic,V1: E  / V2: E,Dry,Daylight,Clear,0.42,5.7,31,23,TRUE,41.92734628,-71.34208364
15307,4/5/2016,April,Tuesday,14:12,1,2,0,0,Rear-end,V1: Travelling straight ahead / V2: Slowing or stopped in traffic,V1: E  / V2: E,Dry,Daylight,Clear,0.42,5.7,31,23,TRUE,41.9483337,-71.27794679
15308,4/5/2016,April,Tuesday,21:19,1,1,0,0,Single vehicle crash,V1: Travelling straight ahead,V1: W,Slush,Dark - lighted roadway,Clear,0.42,5.7,31,23,TRUE,41.94660388,-71.27550634
15309,4/6/2016,April,Wednesday,7:42,1,3,0,0,Rear-end,V1: Slowing or stopped in traffic / V2: Slowing or stopped in traffic / V3: Travelling straight ahead,V1: N  / V2: N  / V3: N,Dry,Daylight,Cloudy,0,0,39,17,TRUE,41.92886018,-71.3230987
15310,4/6/2016,April,Wednesday,8:13,1,2,0,0,Rear-end,V1: Travelling straight ahead / V2: Changing lanes,V1: N  / V2: N,Dry,Daylight,Cloudy,0,0,39,17,TRUE,41.92886018,-71.3230987
15311,4/6/2016,April,Wednesday,14:28,1,2,0,0,Angle,V1: Entering traffic lane / V2: Travelling straight ahead,V1: E  / V2: S,Dry,Daylight,Cloudy,0,0,39,17,TRUE,41.93518136,-71.28488512
15312,4/7/2016,April,Thursday,8:58,2,2,1,0,Rear-end,V1: Slowing or stopped in traffic / V2: Slowing or stopped in traffic,V1: E  / V2: E,Wet,Daylight,Cloudy,0.03,0,53,18,TRUE,41.9380084,-71.29319722
15313,4/8/2016,April,Friday,4:13,1,1,0,0,Single vehicle crash,V1: Travelling straight ahead,V1: E,Dry,Dark - lighted roadway,Clear,1.4,0,58,44,FALSE,41.93039003,-71.29083979
15314,4/8/2016,April,Friday,4:59,2,3,3,0,Angle,V1: Turning left / V2: Slowing or stopped in traffic / V3: Travelling straight ahead,V1: N  / V2: S  / V3: S,Wet,Dark - lighted roadway,Cloudy,1.4,0,58,44,FALSE,41.93404812,-71.31577712
15315,4/8/2016,April,Friday,15:03,1,2,0,0,Angle,V1: Travelling straight ahead / V2: Changing lanes,V1: E  / V2: E,Wet,Daylight,Cloudy,1.4,0,58,44,FALSE,41.94757814,-71.27890389
15316,4/8/2016,April,Friday,19:56,1,1,0,0,Single vehicle crash,V1: Leaving traffic lane,V1: S,Dry,Dark - roadway not lighted,Clear,1.4,0,58,44,FALSE,41.95770206,-71.30333529
15317,4/9/2016,April,Saturday,14:34,1,2,0,0,"Sideswipe, same direction",V1: Changing lanes / V2: Travelling straight ahead,V1: S  / V2: S,Dry,Daylight,Cloudy,0.04,0,54,28,TRUE,41.95076301,-71.27397064
15318,4/10/2016,April,Sunday,11:42,2,2,1,0,Angle,V1: Travelling straight ahead / V2: Travelling straight ahead,V1: W  / V2: S,Dry,Daylight,Clear,0,0,48,29,TRUE,41.94330896,-71.27265641
15319,4/11/2016,April,Monday,12:06,1,2,0,0,Rear-end,V1: Travelling straight ahead / V2: Slowing or stopped in traffic,V1: E  / V2: E,Dry,Daylight,Clear,0,0,52,29,TRUE,41.96939377,-71.29355357
15320,4/12/2016,April,Tuesday,16:43,1,1,0,0,Single vehicle crash,V1: Travelling straight ahead,V1: W,Wet,Daylight,Cloudy,0.01,0,59,42,FALSE,41.91625084,-71.3771758
15321,4/13/2016,April,Wednesday,7:10,1,2,0,0,Rear-end,V1: Slowing or stopped in traffic / V2: Slowing or stopped in traffic,V1: N  / V2: N,Dry,Daylight,Clear,0.31,0,58,29,TRUE,41.95444678,-71.31093097
15322,4/13/2016,April,Wednesday,9:20,1,2,0,0,Rear-end,V1: Travelling straight ahead / V2: Slowing or stopped in traffic,V1: S  / V2: S,Dry,Daylight,Clear,0.31,0,58,29,TRUE,41.91044592,-71.28309302
15323,4/13/2016,April,Wednesday,14:13,1,2,0,0,Rear-end,V1: Travelling straight ahead / V2: Travelling straight ahead,V1: N  / V2: N,Dry,Daylight,Clear,0.31,0,58,29,TRUE,41.94625923,-71.28694634
15324,4/13/2016,April,Wednesday,15:45,2,2,1,0,Rear-end,V1: Travelling straight ahead / V2: Travelling straight ahead,V1: N  / V2: N,Dry,Daylight,Clear,0.31,0,58,29,TRUE,41.93725008,-71.31549578
15325,4/13/2016,April,Wednesday,17:29,1,2,0,0,"Sideswipe, same direction",V1: Parked / V2: Travelling straight ahead,V1: S  / V2: S,Dry,Daylight,Clear,0.31,0,58,29,TRUE,41.96599051,-71.29284356
15326,4/14/2016,April,Thursday,15:51,1,2,0,0,Rear-end,V1: Travelling straight ahead / V2: Travelling straight ahead,V1: E  / V2: E,Dry,Daylight,Clear,0,0,57,31,TRUE,41.96939377,-71.29355357
15327,4/14/2016,April,Thursday,17:59,1,3,0,0,Rear-end,V1: Travelling straight ahead / V2: Slowing or stopped in traffic / V3: Turning right,V1: W  / V2: W  / V3: W,Dry,Daylight,Clear,0,0,57,31,TRUE,41.9200126,-71.35779701
15328,4/15/2016,April,Friday,12:14,1,2,0,0,Rear-to-rear,V1: Backing / V2: Backing,V1: W  / V2: E,Dry,Daylight,Clear,0,0,53,33,FALSE,41.91082902,-71.36290776
15329,4/15/2016,April,Friday,17:32,1,2,0,0,"Sideswipe, opposite direction",V1: Turning left / V2: Travelling straight ahead,V1: W  / V2: S,Dry,Daylight,Clear,0,0,53,33,FALSE,41.97095476,-71.29121735
15330,4/15/2016,April,Friday,23:47,2,1,1,0,Single vehicle crash,V1: Backing,V1: S,Dry,Dark - lighted roadway,Clear,0,0,53,33,FALSE,41.93458273,-71.29922214
15331,4/16/2016,April,Saturday,3:16,2,1,3,0,Single vehicle crash,V1: Travelling straight ahead,V1: S,Dry,Dark - lighted roadway,Clear,0,0,58,37,FALSE,41.93032894,-71.30197822
15332,4/16/2016,April,Saturday,6:44,1,2,0,0,Angle,V1: Turning left / V2: Travelling straight ahead,V1: E  / V2: 0,Dry,Daylight,Clear,0,0,58,37,FALSE,41.95180679,-71.2898592
15333,4/16/2016,April,Saturday,8:06,1,2,0,0,"Sideswipe, same direction",V1: Overtaking/passing / V2: Parked,V1: E  / V2: E,Dry,Daylight,Clear,0,0,58,37,FALSE,41.93038085,-71.31403357
15334,4/16/2016,April,Saturday,12:15,1,2,0,0,Angle,V1: Turning left / V2: Overtaking/passing,V1: W  / V2: W,Dry,Daylight,Clear,0,0,58,37,FALSE,41.92136207,-71.24079106
15335,4/18/2016,April,Monday,7:42,2,1,1,0,Single vehicle crash,V1: Leaving traffic lane,V1: E,Dry,Daylight,Clear,0,0,66,34,FALSE,41.91681257,-71.34133861
15336,4/19/2016,April,Tuesday,16:47,2,2,1,0,Rear-end,V1: Travelling straight ahead / V2: Slowing or stopped in traffic,V1: S  / V2: S,Dry,Daylight,Clear,0.03,0,73,38,FALSE,41.91819589,-71.30019516
15337,4/19/2016,April,Tuesday,17:31,1,2,0,0,Rear-end,V1: Travelling straight ahead / V2: Slowing or stopped in traffic,V1: S  / V2: S,Dry,Daylight,Clear,0.03,0,73,38,FALSE,41.92877782,-71.30354648
15338,4/20/2016,April,Wednesday,15:29,1,2,0,0,Angle,V1: Entering traffic lane / V2: Travelling straight ahead,V1: W  / V2: S,Dry,Daylight,Clear,0,0,60,41,FALSE,41.92827027,-71.3542517
15339,4/21/2016,April,Thursday,4:48,1,1,0,0,Single vehicle crash,V1: Travelling straight ahead,V1: 0,"Water (standing, moving)",Dark - lighted roadway,Clear,0,0,62,37,FALSE,41.90732982,-71.33736497
15340,4/21/2016,April,Thursday,7:34,1,2,0,0,"Sideswipe, same direction",V1: Changing lanes / V2: Travelling straight ahead,V1: S  / V2: S,Dry,Daylight,Clear,0,0,62,37,FALSE,41.93421769,-71.2996754
15341,4/21/2016,April,Thursday,17:19,2,1,1,0,Single vehicle crash,V1: Travelling straight ahead,V1: E,Dry,Daylight,Clear,0,0,62,37,FALSE,41.90330575,-71.33304145
15342,4/22/2016,April,Friday,12:42,1,2,0,0,Rear-end,V1: Travelling straight ahead / V2: Travelling straight ahead,V1: S  / V2: S,Dry,Daylight,Clear,0,0,75,41,FALSE,41.90682608,-71.35698151
15343,4/22/2016,April,Friday,13:16,2,1,1,0,Single vehicle crash,V1: Travelling straight ahead,V1: W,Dry,Daylight,Clear,0,0,75,41,FALSE,41.93875509,-71.26064413
15344,4/23/2016,April,Saturday,11:45,1,2,0,0,Rear-end,V1: Travelling straight ahead / V2: Slowing or stopped in traffic,V1: S  / V2: S,Wet,Daylight,Cloudy,0.23,0,79,55,FALSE,41.91790012,-71.35941335
15345,4/23/2016,April,Saturday,20:58,1,2,0,0,Angle,V1: Travelling straight ahead / V2: Making U-turn,V1: E  / V2: S,Dry,Dark - lighted roadway,Cloudy,0.23,0,79,55,FALSE,41.95076301,-71.27397064
15346,4/24/2016,April,Sunday,2:35,1,1,0,0,Single vehicle crash,V1: Travelling straight ahead,V1: N,Dry,Dark - roadway not lighted,Clear,0.02,0,62,38,FALSE,41.89835459,-71.36941126
15347,4/24/2016,April,Sunday,3:38,2,2,4,0,Rear-end,V1: Travelling straight ahead / V2: Travelling straight ahead,V1: S  / V2: S,Dry,Dark - roadway not lighted,Clear,0.02,0,62,38,FALSE,41.95381253,-71.30546622
15348,4/24/2016,April,Sunday,17:06,1,3,0,0,Rear-end,V1: Travelling straight ahead / V2: Slowing or stopped in traffic / V3: Slowing or stopped in traffic,V1: S  / V2: S  / V3: S,Dry,Daylight,Clear,0.02,0,62,38,FALSE,41.91981411,-71.35860614
15349,4/25/2016,April,Monday,5:43,2,3,2,0,Head-on,V1: Turning left / V2: Travelling straight ahead / V3: Travelling straight ahead,V1: N  / V2: S  / V3: N,Dry,Dawn,Cloudy,0,0,64,39,FALSE,41.93624398,-71.26400311
15350,4/25/2016,April,Monday,9:52,2,2,2,0,Angle,V1: Changing lanes / V2: Travelling straight ahead,V1: E  / V2: E,Dry,Daylight,Cloudy,0,0,64,39,FALSE,41.95086402,-71.27372214
15351,4/25/2016,April,Monday,15:16,1,2,0,0,Rear-end,V1: Slowing or stopped in traffic / V2: Travelling straight ahead,V1: S  / V2: S,Dry,Daylight,Cloudy,0,0,64,39,FALSE,41.92446027,-71.28906707
15352,4/25/2016,April,Monday,15:42,1,2,0,0,Angle,V1: Backing / V2: Backing,V1: E  / V2: N,Dry,Daylight,Clear,0,0,64,39,FALSE,41.94257686,-71.27448379
15353,4/26/2016,April,Tuesday,10:50,2,1,1,0,Single vehicle crash,V1: Turning left,V1: W,Wet,Daylight,Cloudy,0.02,0,66,42,FALSE,41.93637379,-71.32451477
15354,4/26/2016,April,Tuesday,10:59,2,2,1,0,Angle,V1: Travelling straight ahead / V2: 0,V1: 0 / V2: 0,Dry,Daylight,Cloudy,0.02,0,66,42,FALSE,41.93624398,-71.26400311
15355,4/27/2016,April,Wednesday,8:00,1,2,0,0,Rear-end,V1: Travelling straight ahead / V2: Travelling straight ahead,V1: N  / V2: N,0,0,Clear,0.15,0,44,32,TRUE,41.94431166,-71.28140274
15356,4/27/2016,April,Wednesday,12:19,1,2,0,0,"Sideswipe, opposite direction",V1: Turning left / V2: Travelling straight ahead,V1: W  / V2: N,Dry,Daylight,Clear,0.15,0,44,32,TRUE,41.94245198,-71.28698244
15357,4/27/2016,April,Wednesday,14:39,0,1,0,0,Single vehicle crash,V1: Travelling straight ahead,V1: S,Dry,Daylight,Clear,0.15,0,44,32,TRUE,41.91456112,-71.37273232
15358,4/27/2016,April,Wednesday,15:13,1,2,0,0,"Sideswipe, same direction",V1: Travelling straight ahead / V2: Overtaking/passing,V1: S  / V2: S,Dry,Daylight,Clear,0.15,0,44,32,TRUE,41.94450501,-71.28411703
15359,4/27/2016,April,Wednesday,15:42,2,1,1,0,Angle,V1: Turning right,V1: N,Dry,Daylight,Clear,0.15,0,44,32,TRUE,41.91356192,-71.25827206
15360,4/28/2016,April,Thursday,1:11,1,1,0,0,Single vehicle crash,V1: Travelling straight ahead,V1: W,Dry,Dark - lighted roadway,Clear,0,0,61,35,FALSE,41.95479718,-71.28828171
15361,4/28/2016,April,Thursday,8:54,1,2,0,0,"Sideswipe, opposite direction",V1: Travelling straight ahead / V2: Travelling straight ahead,V1: S  / V2: N,Dry,Daylight,Clear,0,0,61,35,FALSE,41.93155811,-71.24509174
15362,4/28/2016,April,Thursday,15:47,1,2,0,0,Angle,V1: Travelling straight ahead / V2: Turning left,V1: N  / V2: W,Dry,Daylight,Clear,0,0,61,35,FALSE,41.93294317,-71.30065777
15363,4/29/2016,April,Friday,11:20,1,1,0,0,Single vehicle crash,V1: Travelling straight ahead,V1: S,Dry,Daylight,Clear,0,0,62,36,FALSE,41.92767774,-71.34123299
15364,4/29/2016,April,Friday,14:39,1,2,0,0,Rear-end,V1: Travelling straight ahead / V2: Parked,V1: S  / V2: S,Dry,Daylight,Clear,0,0,62,36,FALSE,41.94604197,-71.28656899
15365,4/29/2016,April,Friday,16:47,1,2,0,0,Angle,V1: Turning left / V2: Travelling straight ahead,V1: E  / V2: W,Dry,Daylight,Clear,0,0,62,36,FALSE,41.93405012,-71.31579284
15366,4/29/2016,April,Friday,18:24,2,2,2,0,Head-on,V1: Travelling straight ahead / V2: Travelling straight ahead,V1: W  / V2: E,Dry,Dusk,Clear,0,0,62,36,FALSE,41.92653953,-71.34391093
15367,4/30/2016,April,Saturday,10:10,2,1,1,0,Single vehicle crash,V1: Travelling straight ahead,V1: N,Dry,Daylight,Clear,0,0,59,37,FALSE,41.90564025,-71.35665923
15368,4/30/2016,April,Saturday,10:51,1,2,0,0,Rear-end,V1: Travelling straight ahead / V2: Slowing or stopped in traffic,V1: W  / V2: W,Dry,Daylight,Clear,0,0,59,37,FALSE,41.91981411,-71.35860614
15369,4/30/2016,April,Saturday,13:04,1,2,0,0,Rear-end,V1: Travelling straight ahead / V2: Slowing or stopped in traffic,V1: E  / V2: E,Dry,Daylight,Clear,0,0,59,37,FALSE,41.91711015,-71.37372238
15370,4/30/2016,April,Saturday,13:23,1,3,0,0,Rear-end,V1: Travelling straight ahead / V2: Slowing or stopped in traffic / V3: Slowing or stopped in traffic,V1: E  / V2: E  / V3: E,Dry,Daylight,Clear,0,0,59,37,FALSE,41.91952034,-71.3597901
15371,4/30/2016,April,Saturday,16:26,1,2,0,0,Angle,V1: Travelling straight ahead / V2: Travelling straight ahead,V1: S  / V2: W,Dry,Daylight,Clear,0,0,59,37,FALSE,41.93528504,-71.29579463
15372,5/1/2016,May,Sunday,1:00,1,2,0,0,Rear-end,V1: Slowing or stopped in traffic / V2: Travelling straight ahead,V1: N  / V2: N,Dry,Dark - lighted roadway,Clear,0,0,64,38,FALSE,41.92014284,-71.35719783
15373,5/1/2016,May,Sunday,1:42,1,1,0,0,Single vehicle crash,V1: Travelling straight ahead,V1: S,Dry,Dark - roadway not lighted,Clear,0,0,64,38,FALSE,41.89965798,-71.36501287
15374,5/1/2016,May,Sunday,18:19,1,2,0,0,Angle,V1: Slowing or stopped in traffic / V2: Turning left,V1: N  / V2: W,Dry,Daylight,Cloudy,0,0,64,38,FALSE,41.94245198,-71.28698244
15375,5/2/2016,May,Monday,7:37,1,3,0,0,Angle,V1: Travelling straight ahead / V2: Parked / V3: Parked,V1: E  / V2: 0 / V3: 0,Dry,Daylight,Cloudy,0.12,0,54,41,FALSE,41.94020436,-71.30157852