ID,DATE,Month,Day of week,Crash Time,Crash Severity,Number of Vehicles,Total Nonfatal Injuries,Total Fatal Injuries,Manner of Collision,Vehicle Action Prior to Crash,Vehicle Travel Directions,Road Surface Condition,Ambient Light,Weather Condition,PRCP,SNOW,TMAX,TMIN,Ice,Longtitute,Latitute
15376,5/2/2016,May,Monday,12:53,1,2,0,0,Head-on,V1: Turning left / V2: Slowing or stopped in traffic,V1: N  / V2: E,Wet,Daylight,Rain,0.12,0,54,41,FALSE,41.92616865,-71.3603011
15377,5/2/2016,May,Monday,12:59,1,2,0,0,Angle,V1: Turning left / V2: Travelling straight ahead,V1: S  / V2: W,Wet,Daylight,Cloudy/Rain,0.12,0,54,41,FALSE,41.95484304,-71.28856385
15378,5/3/2016,May,Tuesday,6:47,1,2,0,0,Rear-end,V1: Travelling straight ahead / V2: Slowing or stopped in traffic,V1: W  / V2: W,Wet,Daylight,Rain,0.28,0,55,45,FALSE,41.93397921,-71.30659863
15379,5/3/2016,May,Tuesday,9:00,1,2,0,0,Rear-end,V1: Travelling straight ahead / V2: Travelling straight ahead,V1: N  / V2: N,Wet,Daylight,Cloudy/Rain,0.28,0,55,45,FALSE,34.24438675,-73.6513909
15380,5/3/2016,May,Tuesday,16:47,1,2,0,0,"Sideswipe, same direction",V1: Changing lanes / V2: Travelling straight ahead,V1: N  / V2: N,0,Daylight,Cloudy,0.28,0,55,45,FALSE,41.91732039,-71.35849213
15381,5/4/2016,May,Wednesday,18:43,1,2,0,0,Angle,V1: Turning left / V2: Travelling straight ahead,V1: E  / V2: S,Wet,Dusk,Cloudy/Rain,0.13,0,50,43,FALSE,41.93359015,-71.30040441
15382,5/5/2016,May,Thursday,15:29,2,1,1,0,Single vehicle crash,V1: Travelling straight ahead,V1: N,Wet,Daylight,Rain,0.6,0,52,42,FALSE,41.91367775,-71.2824418
15383,5/5/2016,May,Thursday,20:44,1,2,0,0,"Sideswipe, same direction",V1: Travelling straight ahead / V2: Travelling straight ahead,V1: S  / V2: S,Wet,Dark - lighted roadway,Rain,0.6,0,52,42,FALSE,41.89867553,-71.35507975
15384,5/5/2016,May,Thursday,23:48,0,1,0,0,Single vehicle crash,V1: Travelling straight ahead,V1: W,Wet,Dark - lighted roadway,Cloudy,0.6,0,52,42,FALSE,41.9239442,-71.32113423
15385,5/6/2016,May,Friday,11:37,2,2,1,0,"Sideswipe, same direction",V1: Changing lanes / V2: Travelling straight ahead,V1: N  / V2: N,Dry,Daylight,Clear,0.2,0,47,43,FALSE,41.9693978,-71.29147118
15386,5/6/2016,May,Friday,12:13,2,2,1,0,Rear-end,V1: Travelling straight ahead / V2: Slowing or stopped in traffic,V1: S  / V2: S,Dry,Daylight,Clear,0.2,0,47,43,FALSE,41.96752287,-71.29111658
15387,5/6/2016,May,Friday,18:03,1,2,0,0,Angle,V1: Turning left / V2: Travelling straight ahead,V1: W  / V2: E,Wet,Dusk,Cloudy,0.2,0,47,43,FALSE,41.93404812,-71.31577712
15388,5/7/2016,May,Saturday,6:55,1,1,0,0,Single vehicle crash,V1: Travelling straight ahead,V1: N,Dry,Daylight,Cloudy,0.15,0,58,45,FALSE,41.89835459,-71.36941126
15389,5/7/2016,May,Saturday,12:46,1,2,0,0,Rear-end,V1: Backing / V2: Parked,V1: S  / V2: N,Wet,Daylight,Cloudy,0.15,0,58,45,FALSE,41.93396483,-71.29999159
15390,5/7/2016,May,Saturday,21:42,1,2,0,0,Rear-end,V1: Travelling straight ahead / V2: Travelling straight ahead,V1: S  / V2: S,Dry,Dark - lighted roadway,Clear,0.15,0,58,45,FALSE,41.91977948,-71.35862075
15391,5/8/2016,May,Sunday,12:01,1,2,0,0,Angle,V1: Turning left / V2: Travelling straight ahead,V1: E  / V2: W,Wet,Daylight,Cloudy,0,0,54,46,FALSE,41.94738348,-71.27916297
15392,5/8/2016,May,Sunday,12:41,1,2,0,0,Rear-end,V1: Travelling straight ahead / V2: Slowing or stopped in traffic,V1: 0 / V2: 0,Snow,Daylight,Cloudy/Rain,0,0,54,46,FALSE,41.93396137,-71.28497308
15393,5/9/2016,May,Monday,15:01,2,1,2,0,Single vehicle crash,V1: Travelling straight ahead,V1: S,Dry,Daylight,Clear,0.03,0,65,44,FALSE,41.96019116,-71.30118086
15394,5/9/2016,May,Monday,20:42,2,2,2,0,Head-on,V1: Changing lanes / V2: Travelling straight ahead,V1: W  / V2: E,Dry,Dark - lighted roadway,Clear,0.03,0,65,44,FALSE,41.95334234,-71.26734488
15395,5/11/2016,May,Wednesday,9:03,1,2,0,0,"Sideswipe, same direction",V1: Slowing or stopped in traffic / V2: Travelling straight ahead,V1: N  / V2: N,Dry,Daylight,Clear,0,0,73,41,FALSE,41.90231844,-71.35595143
15396,5/11/2016,May,Wednesday,10:30,1,2,0,0,Rear-end,V1: Travelling straight ahead / V2: Slowing or stopped in traffic,V1: W  / V2: W,Dry,Daylight,Clear,0,0,73,41,FALSE,41.91004641,-71.36513179
15397,5/11/2016,May,Wednesday,10:34,1,2,0,0,"Sideswipe, same direction",V1: Changing lanes / V2: Travelling straight ahead,V1: N  / V2: N,Dry,Daylight,Clear,0,0,73,41,FALSE,41.91488488,-71.35902661
15398,5/11/2016,May,Wednesday,16:03,1,2,0,0,Rear-end,V1: Travelling straight ahead / V2: Slowing or stopped in traffic,V1: W  / V2: W,Dry,Daylight,Clear,0,0,73,41,FALSE,41.95076301,-71.27397064
15399,5/12/2016,May,Thursday,7:19,2,2,3,0,Angle,V1: Turning left / V2: Travelling straight ahead,V1: W  / V2: S,Dry,Daylight,Clear,0,0,80,47,FALSE,41.94625923,-71.28694634
15400,5/12/2016,May,Thursday,22:18,2,2,1,0,Angle,V1: Turning left / V2: Travelling straight ahead,V1: N  / V2: W,Dry,Dark - roadway not lighted,Clear,0,0,80,47,FALSE,41.93403509,-71.3212106
15401,5/13/2016,May,Friday,11:03,1,2,0,0,"Sideswipe, same direction",V1: Travelling straight ahead / V2: Parked,V1: W  / V2: W,Dry,Daylight,Clear,0,0,81,48,FALSE,41.94289978,-71.28216962
15402,5/13/2016,May,Friday,14:58,1,2,0,0,Rear-end,V1: Slowing or stopped in traffic / V2: Travelling straight ahead,V1: S  / V2: S,Dry,Daylight,Cloudy,0,0,81,48,FALSE,41.96518687,-71.29785225
15403,5/13/2016,May,Friday,17:20,1,2,0,0,Angle,V1: Turning left / V2: Travelling straight ahead,V1: S  / V2: W,Dry,Daylight,Clear,0,0,81,48,FALSE,41.92387717,-71.35158914
15404,5/13/2016,May,Friday,17:32,1,2,0,0,Angle,V1: Entering traffic lane / V2: Travelling straight ahead,V1: W  / V2: N,Dry,Daylight,Clear,0,0,81,48,FALSE,41.90081079,-71.36802017
15405,5/13/2016,May,Friday,17:56,1,1,0,0,Single vehicle crash,V1: Leaving traffic lane,V1: S,Wet,Daylight,Cloudy/Rain,0,0,81,48,FALSE,41.91363437,-71.34033235
15406,5/14/2016,May,Saturday,21:11,1,2,0,0,Angle,V1: Travelling straight ahead / V2: Entering traffic lane,V1: N  / V2: W,Dry,Dark - lighted roadway,Clear,0.27,0,74,54,FALSE,41.89733197,-71.36979234
15407,5/15/2016,May,Sunday,0:47,1,1,0,0,Single vehicle crash,V1: Travelling straight ahead,V1: W,Dry,Dark - lighted roadway,Clear,0.01,0,78,49,FALSE,41.91795224,-71.36498628
15408,5/16/2016,May,Monday,0:49,1,1,0,0,Single vehicle crash,V1: Travelling straight ahead,V1: N,Dry,Dark - lighted roadway,Clear,0,0,61,40,FALSE,41.91082902,-71.36290776
15409,5/16/2016,May,Monday,13:57,1,2,0,0,Rear-end,V1: Travelling straight ahead / V2: Travelling straight ahead,V1: W  / V2: W,Dry,Daylight,Clear,0,0,61,40,FALSE,41.94388756,-71.272513
15410,5/16/2016,May,Monday,16:53,1,2,0,0,Angle,V1: Turning left / V2: Travelling straight ahead,V1: N  / V2: W,Dry,Daylight,Clear,0,0,61,40,FALSE,41.94861042,-71.27758702
15411,5/17/2016,May,Tuesday,7:25,2,2,2,0,Rear-end,V1: Travelling straight ahead / V2: Slowing or stopped in traffic,V1: N  / V2: N,Dry,Daylight,Clear,0,0,61,42,FALSE,41.95593405,-71.30346756
15412,5/17/2016,May,Tuesday,11:35,1,2,0,0,"Sideswipe, same direction",V1: Travelling straight ahead / V2: Changing lanes,V1: E  / V2: E,Dry,Daylight,Cloudy,0,0,61,42,FALSE,41.94983852,-71.2758895
15413,5/17/2016,May,Tuesday,20:40,2,2,1,0,Rear-end,V1: Travelling straight ahead / V2: Slowing or stopped in traffic,V1: N  / V2: N,Dry,Dark - lighted roadway,Cloudy,0,0,61,42,FALSE,41.91092348,-71.35836993
15414,5/18/2016,May,Wednesday,6:19,1,1,0,0,Single vehicle crash,V1: Travelling straight ahead,V1: E,Dry,Daylight,Clear,0,0,73,50,FALSE,41.9363901,-71.31246856
15415,5/18/2016,May,Wednesday,6:19,2,1,3,0,Single vehicle crash,V1: Travelling straight ahead,V1: N,Dry,Daylight,Clear,0,0,73,50,FALSE,41.95433518,-71.3115792
15416,5/18/2016,May,Wednesday,6:55,1,2,0,0,Rear-end,V1: Slowing or stopped in traffic / V2: Travelling straight ahead,V1: N  / V2: N,Dry,Daylight,Clear,0,0,73,50,FALSE,34.24438675,-73.6513909
15417,5/18/2016,May,Wednesday,14:08,2,2,1,0,Rear-end,V1: Travelling straight ahead / V2: Turning left,V1: N  / V2: N,Dry,Daylight,Clear,0,0,73,50,FALSE,41.9396344,-71.26732859
15418,5/19/2016,May,Thursday,9:30,1,1,0,0,Single vehicle crash,V1: Travelling straight ahead,V1: S,Dry,Daylight,Clear,0,0,67,50,FALSE,34.24438675,-73.6513909
15419,5/19/2016,May,Thursday,23:07,1,1,0,0,Single vehicle crash,V1: Travelling straight ahead,V1: S,Wet,Dark - roadway not lighted,Rain,0,0,67,50,FALSE,41.93804592,-71.31642932
15420,5/20/2016,May,Friday,7:15,1,2,0,0,Angle,V1: Backing / V2: Parked,V1: N  / V2: 0,Dry,Daylight,Clear,0.07,0,71,46,FALSE,41.92394359,-71.35672222
15421,5/21/2016,May,Saturday,11:01,1,2,0,0,Angle,V1: Travelling straight ahead / V2: Travelling straight ahead,V1: N  / V2: W,Dry,Daylight,Cloudy,0,0,76,47,FALSE,41.90919367,-71.28879543
15422,5/21/2016,May,Saturday,16:15,1,2,0,0,Rear-end,V1: Slowing or stopped in traffic / V2: Travelling straight ahead,V1: W  / V2: W,Dry,Daylight,Clear,0,0,76,47,FALSE,41.93269195,-71.32821357
15423,5/22/2016,May,Sunday,17:08,2,2,1,0,Rear-end,V1: Travelling straight ahead / V2: Slowing or stopped in traffic,V1: N  / V2: N,Dry,Daylight,Cloudy,0,0,75,51,FALSE,41.93111979,-71.35276661
15424,5/22/2016,May,Sunday,18:10,1,2,0,0,Head-on,V1: Turning left / V2: Travelling straight ahead,V1: W  / V2: E,Dry,Daylight,Clear,0,0,75,51,FALSE,41.93359015,-71.30040441
15425,5/23/2016,May,Monday,14:44,1,2,0,0,Rear-end,V1: Slowing or stopped in traffic / V2: Travelling straight ahead,V1: E  / V2: 0,Dry,Daylight,Clear,0,0,68,43,FALSE,41.90804202,-71.37220475
15426,5/24/2016,May,Tuesday,8:01,1,1,0,0,Single vehicle crash,V1: Travelling straight ahead,V1: W,Dry,Daylight,Clear,0.3,0,78,49,FALSE,41.89565513,-71.36950975
15427,5/24/2016,May,Tuesday,13:07,1,2,0,0,"Sideswipe, same direction",V1: Changing lanes / V2: Travelling straight ahead,V1: N  / V2: N,Dry,Daylight,Clear,0.3,0,78,49,FALSE,41.90638632,-71.35686316
15428,5/24/2016,May,Tuesday,17:46,1,2,0,0,Angle,V1: Turning left / V2: Travelling straight ahead,V1: E  / V2: W,Wet,Daylight,Rain,0.3,0,78,49,FALSE,41.91981411,-71.35860614
15429,5/24/2016,May,Tuesday,18:06,1,2,0,0,Angle,V1: Turning left / V2: Travelling straight ahead,V1: N  / V2: W,Wet,Daylight,Rain,0.3,0,78,49,FALSE,41.89642653,-71.37125251
15430,5/25/2016,May,Wednesday,9:02,1,2,0,0,Angle,V1: Travelling straight ahead / V2: Travelling straight ahead,V1: S  / V2: W,Dry,Daylight,Clear,0.03,0,58,52,FALSE,41.95234013,-71.29601132
15431,5/25/2016,May,Wednesday,16:15,1,2,0,0,Angle,V1: Backing / V2: Backing,V1: E  / V2: W,Dry,Daylight,Clear,0.03,0,58,52,FALSE,41.91082902,-71.36290776
15432,5/25/2016,May,Wednesday,17:25,1,2,0,0,Head-on,V1: Travelling straight ahead / V2: Slowing or stopped in traffic,V1: W  / V2: S,Dry,Daylight,Clear,0.03,0,58,52,FALSE,41.93399278,-71.32367634
15433,5/26/2016,May,Thursday,6:48,1,2,0,0,Rear-end,V1: Travelling straight ahead / V2: Slowing or stopped in traffic,V1: E  / V2: E,Dry,Daylight,Clear,0,0,90,55,FALSE,41.92734628,-71.34208364
15434,5/26/2016,May,Thursday,7:34,1,2,0,0,Angle,V1: Turning left / V2: Entering traffic lane,V1: W  / V2: S,Dry,Daylight,Clear,0,0,90,55,FALSE,41.9515834,-71.29702782
15435,5/26/2016,May,Thursday,9:55,1,2,0,0,Angle,V1: Turning left / V2: Travelling straight ahead,V1: W  / V2: N,Dry,Daylight,Clear,0,0,90,55,FALSE,41.89733197,-71.36979234
15436,5/26/2016,May,Thursday,12:00,1,2,0,0,0,V1: Overtaking/passing / V2: Parked,V1: W  / V2: W,Dry,Daylight,Clear,0,0,90,55,FALSE,41.93359015,-71.30040441
15437,5/26/2016,May,Thursday,15:48,2,2,1,0,Angle,V1: Travelling straight ahead / V2: Travelling straight ahead,V1: N  / V2: E,Dry,Daylight,Clear,0,0,90,55,FALSE,41.94472176,-71.2812504
15438,5/26/2016,May,Thursday,15:50,2,1,1,0,Angle,V1: Entering traffic lane,V1: W,Dry,Daylight,Clear,0,0,90,55,FALSE,41.91420591,-71.36119762
15439,5/27/2016,May,Friday,8:57,2,2,3,0,Angle,V1: Turning left / V2: Travelling straight ahead,V1: N  / V2: E,Dry,Daylight,Clear,0,0,91,59,FALSE,41.94379074,-71.29407807
15440,5/28/2016,May,Saturday,14:26,1,2,0,0,Angle,V1: Travelling straight ahead / V2: Travelling straight ahead,V1: S  / V2: W,Dry,Daylight,Clear,0,0,85,61,FALSE,41.90919367,-71.28879543
15441,5/28/2016,May,Saturday,17:31,2,3,1,0,Rear-end,V1: Travelling straight ahead / V2: Slowing or stopped in traffic / V3: Slowing or stopped in traffic,V1: N  / V2: N  / V3: N,Dry,Daylight,Clear,0,0,85,61,FALSE,41.93457798,-71.29922805
15442,5/29/2016,May,Sunday,2:20,0,1,0,0,Single vehicle crash,V1: Backing,V1: N,Dry,Dark - lighted roadway,Clear,0,0,92,62,FALSE,41.94935129,-71.27982523
15443,5/29/2016,May,Sunday,7:07,1,2,0,0,Angle,V1: Turning left / V2: Travelling straight ahead,V1: W  / V2: E,Dry,Daylight,Clear,0,0,92,62,FALSE,41.95175422,-71.27159917
15444,5/29/2016,May,Sunday,11:50,2,2,1,0,"Sideswipe, same direction",V1: Turning left / V2: Travelling straight ahead,V1: N  / V2: W,Dry,Daylight,Clear,0,0,92,62,FALSE,41.91711015,-71.37372238
15445,5/29/2016,May,Sunday,19:24,1,2,0,0,Rear-end,V1: Slowing or stopped in traffic / V2: Travelling straight ahead,V1: N  / V2: N,Dry,Dawn,Clear,0,0,92,62,FALSE,41.89541252,-71.37076533
15446,5/29/2016,May,Sunday,22:06,2,2,1,0,Angle,V1: Turning left / V2: Travelling straight ahead,V1: S  / V2: N,Dry,Dark - lighted roadway,Clear,0,0,92,62,FALSE,41.92146402,-71.29580835
15447,5/30/2016,May,Monday,0:12,1,1,0,0,Single vehicle crash,V1: Travelling straight ahead,V1: E,Wet,Dark - lighted roadway,Cloudy,1,0,70,54,FALSE,41.93359015,-71.30040441
15448,5/30/2016,May,Monday,9:01,1,2,0,0,Rear-end,V1: Travelling straight ahead / V2: Slowing or stopped in traffic,V1: E  / V2: E,Wet,Daylight,Cloudy/Rain,1,0,70,54,FALSE,41.9250735,-71.35622629
15449,5/30/2016,May,Monday,12:08,0,2,0,0,0,V1: Parked / V2: 0,V1: 0 / V2: 0,Wet,Daylight,Clear,1,0,70,54,FALSE,41.9210426,-71.35807244
15450,5/30/2016,May,Monday,12:11,1,3,0,0,Rear-end,V1: Travelling straight ahead / V2: Slowing or stopped in traffic / V3: Travelling straight ahead,V1: S  / V2: S  / V3: S,Wet,Daylight,Cloudy/Rain,1,0,70,54,FALSE,41.95076301,-71.27397064
15451,5/31/2016,May,Tuesday,11:35,1,1,0,0,Single vehicle crash,V1: Travelling straight ahead,V1: S,Dry,Daylight,Clear,0.62,0,72,55,FALSE,41.96019116,-71.30118086
15452,5/31/2016,May,Tuesday,19:23,1,2,0,0,"Sideswipe, same direction",V1: Travelling straight ahead / V2: Parked,V1: W  / V2: W,Dry,Daylight,Clear,0.62,0,72,55,FALSE,41.95431128,-71.29109564
15453,6/1/2016,June,Wednesday,8:36,1,2,0,0,"Sideswipe, opposite direction",V1: Turning left / V2: Travelling straight ahead,V1: E  / V2: S,Dry,Daylight,Clear,0,0,85,58,FALSE,41.93359015,-71.30040441
15454,6/1/2016,June,Wednesday,12:50,1,2,0,0,"Sideswipe, opposite direction",V1: Backing / V2: Parked,V1: S  / V2: S,Dry,Daylight,Clear,0,0,85,58,FALSE,41.93506658,-71.29858702
15455,6/1/2016,June,Wednesday,14:59,1,2,0,0,"Sideswipe, opposite direction",V1: Turning left / V2: Turning right,V1: E  / V2: W,Dry,Daylight,Clear,0,0,85,58,FALSE,41.94140605,-71.28436439
15456,6/3/2016,June,Friday,12:46,1,2,0,0,Rear-end,V1: Entering traffic lane / V2: Slowing or stopped in traffic,V1: E  / V2: E,Dry,Daylight,Cloudy,0,0,76,57,FALSE,41.94799617,-71.27838738
15457,6/3/2016,June,Friday,15:41,1,2,0,0,"Sideswipe, same direction",V1: Travelling straight ahead / V2: Travelling straight ahead,V1: N  / V2: N,Dry,Daylight,Clear,0,0,76,57,FALSE,41.90682608,-71.35698151
15458,6/3/2016,June,Friday,15:49,2,2,1,0,Angle,V1: Entering traffic lane / V2: Travelling straight ahead,V1: E  / V2: S,Dry,Daylight,Cloudy,0,0,76,57,FALSE,41.89986146,-71.36850453
15459,6/3/2016,June,Friday,18:22,2,3,1,0,Rear-end,V1: Travelling straight ahead / V2: Slowing or stopped in traffic / V3: Slowing or stopped in traffic,V1: W  / V2: W  / V3: W,Dry,Daylight,Clear,0,0,76,57,FALSE,41.92631327,-71.34501308
15460,6/4/2016,June,Saturday,10:45,2,2,1,0,Angle,V1: Turning left / V2: Travelling straight ahead,V1: N  / V2: E,Dry,Daylight,Clear,0,0,73,59,FALSE,41.93495654,-71.29649674
15461,6/5/2016,June,Sunday,11:00,1,2,0,0,Angle,V1: Entering traffic lane / V2: Travelling straight ahead,V1: N  / V2: E,Wet,Daylight,Cloudy/Rain,0,0,84,62,FALSE,41.91977948,-71.35862075
15462,6/5/2016,June,Sunday,14:54,1,2,0,0,Rear-end,V1: Turning left / V2: Turning left,V1: N  / V2: N,Wet,Daylight,Cloudy/Rain,0,0,84,62,FALSE,41.8996327,-71.35630927
15463,6/5/2016,June,Sunday,15:57,1,2,0,0,Angle,V1: Turning left / V2: Travelling straight ahead,V1: S  / V2: W,Wet,Daylight,Cloudy/Rain,0,0,84,62,FALSE,41.92416457,-71.35104162
15464,6/5/2016,June,Sunday,16:24,1,2,0,0,Rear-end,V1: Turning right / V2: Turning right,V1: N  / V2: N,Wet,Daylight,Rain,0,0,84,62,FALSE,41.89912097,-71.35505451
15465,6/6/2016,June,Monday,10:21,2,1,1,0,Single vehicle crash,V1: Travelling straight ahead,V1: E,Dry,Daylight,Clear,0.6,0,68,63,FALSE,41.93712169,-71.2550201
15466,6/6/2016,June,Monday,11:05,1,1,0,0,Angle,V1: Travelling straight ahead,V1: S,Dry,Daylight,Clear,0.6,0,68,63,FALSE,41.95466142,-71.28863588
15467,6/7/2016,June,Tuesday,9:54,2,1,1,0,Angle,V1: Turning right,V1: W,Dry,Daylight,Clear,0,0,86,63,FALSE,41.94548184,-71.28559201
15468,6/7/2016,June,Tuesday,12:01,1,2,0,0,Angle,V1: Turning left / V2: Backing,V1: W  / V2: S,Dry,Daylight,Cloudy,0,0,86,63,FALSE,41.90302489,-71.34662995
15469,6/7/2016,June,Tuesday,15:14,1,3,0,0,Angle,V1: Slowing or stopped in traffic / V2: Travelling straight ahead / V3: Travelling straight ahead,V1: N  / V2: S  / V3: W,Dry,Daylight,Clear,0,0,86,63,FALSE,41.93304448,-71.28634923
15470,6/8/2016,June,Wednesday,5:37,1,2,0,0,Rear-end,V1: Travelling straight ahead / V2: Travelling straight ahead,V1: N  / V2: N,Dry,Daylight,Clear,0.51,0,84,55,FALSE,41.90231844,-71.35595143
15471,6/8/2016,June,Wednesday,16:02,2,2,1,0,Rear-end,V1: Travelling straight ahead / V2: Slowing or stopped in traffic,V1: N  / V2: N,Dry,Daylight,Clear,0.51,0,84,55,FALSE,41.9365932,-71.29539949
15472,6/9/2016,June,Thursday,11:00,1,3,0,0,Rear-end,V1: Slowing or stopped in traffic / V2: Slowing or stopped in traffic / V3: Travelling straight ahead,V1: N  / V2: N  / V3: N,Dry,Daylight,Clear,0.04,0,75,50,FALSE,41.95477942,-71.30806404
15473,6/9/2016,June,Thursday,12:15,2,2,1,0,Rear-end,V1: Slowing or stopped in traffic / V2: Travelling straight ahead,V1: N  / V2: N,Dry,Daylight,Clear,0.04,0,75,50,FALSE,41.89965798,-71.36501287
15474,6/9/2016,June,Thursday,13:17,1,2,0,0,"Sideswipe, same direction",V1: Travelling straight ahead / V2: Entering traffic lane,V1: N  / V2: E,Dry,Daylight,Clear,0.04,0,75,50,FALSE,41.94210306,-71.26984487
15475,6/9/2016,June,Thursday,14:34,1,1,0,0,Single vehicle crash,V1: Turning right,V1: W,Dry,Daylight,Clear,0.04,0,75,50,FALSE,41.93623387,-71.28481203
15476,6/9/2016,June,Thursday,16:26,1,2,0,0,Rear-end,V1: Travelling straight ahead / V2: Slowing or stopped in traffic,V1: S  / V2: S,Dry,Daylight,Cloudy,0.04,0,75,50,FALSE,41.89733197,-71.36979234
15477,6/9/2016,June,Thursday,17:18,1,2,0,0,Rear-end,V1: Travelling straight ahead / V2: Slowing or stopped in traffic,V1: N  / V2: N,Dry,Daylight,Clear,0.04,0,75,50,FALSE,41.91200775,-71.25878583
15478,6/10/2016,June,Friday,1:40,1,1,0,0,Single vehicle crash,V1: Travelling straight ahead,V1: S,Dry,Dark - roadway not lighted,Clear,0,0,71,53,FALSE,41.90433577,-71.35012688
15479,6/10/2016,June,Friday,13:55,2,1,1,0,Single vehicle crash,V1: Travelling straight ahead,V1: S,Dry,Daylight,Clear,0,0,71,53,FALSE,41.89733197,-71.36979234
15480,6/10/2016,June,Friday,17:32,1,1,0,0,Single vehicle crash,V1: Turning right,V1: W,Dry,Daylight,Clear,0,0,71,53,FALSE,41.93624398,-71.26400311
15481,6/11/2016,June,Saturday,9:28,2,1,1,0,Angle,V1: Turning right,V1: W,Dry,Daylight,Cloudy,0,0,72,48,FALSE,41.95484304,-71.28856385
15482,6/11/2016,June,Saturday,12:05,1,2,0,0,Rear-end,V1: Entering traffic lane / V2: Entering traffic lane,V1: N  / V2: N,Dry,Daylight,Cloudy,0,0,72,48,FALSE,41.89913025,-71.35507643
15483,6/12/2016,June,Sunday,1:17,2,1,1,0,Single vehicle crash,V1: Travelling straight ahead,V1: E,Dry,Dark - lighted roadway,Clear,0.09,0,71,53,FALSE,41.93860766,-71.26115887
15484,6/12/2016,June,Sunday,13:50,1,2,0,0,Rear-end,V1: Entering traffic lane / V2: Slowing or stopped in traffic,V1: S  / V2: S,Dry,Daylight,Clear,0.09,0,71,53,FALSE,41.97015292,-71.29135147
15485,6/12/2016,June,Sunday,14:00,1,2,0,0,Angle,V1: Parked / V2: Turning right,V1: U  / V2: U,Dry,Daylight,Clear,0.09,0,71,53,FALSE,41.90564025,-71.35665923
15486,6/12/2016,June,Sunday,16:07,1,2,0,0,Rear-end,V1: Travelling straight ahead / V2: Slowing or stopped in traffic,V1: E  / V2: E,Dry,Daylight,Clear,0.09,0,71,53,FALSE,41.9358404,-71.27085834
15487,6/13/2016,June,Monday,10:38,2,2,2,0,Rear-end,V1: Travelling straight ahead / V2: Slowing or stopped in traffic,V1: W  / V2: W,Dry,Daylight,Clear,0,0,80,53,FALSE,41.93614012,-71.28373974
15488,6/13/2016,June,Monday,20:34,1,2,0,0,Angle,V1: Turning left / V2: Travelling straight ahead,V1: N  / V2: E,Dry,Dusk,Clear,0,0,80,53,FALSE,41.89642653,-71.37125251
15489,6/14/2016,June,Tuesday,12:45,1,2,0,0,"Sideswipe, same direction",V1: Other / V2: Overtaking/passing,V1: S  / V2: S,Dry,Daylight,Clear,0,0,73,54,FALSE,41.89749762,-71.37501774
15490,6/14/2016,June,Tuesday,14:50,1,2,0,0,Single vehicle crash,V1: Parked / V2: Turning left,V1: U  / V2: E,Dry,Daylight,Clear,0,0,73,54,FALSE,41.90564025,-71.35665923
15491,6/14/2016,June,Tuesday,15:32,2,2,1,0,Head-on,V1: Turning right / V2: Travelling straight ahead,V1: N  / V2: E,Dry,Daylight,Clear,0,0,73,54,FALSE,41.93601097,-71.28269451
15492,6/15/2016,June,Wednesday,8:15,1,1,0,0,Single vehicle crash,V1: Travelling straight ahead,V1: N,Dry,Daylight,Clear,0,0,81,56,FALSE,34.24438675,-73.6513909
15493,6/15/2016,June,Wednesday,9:49,2,2,2,0,Angle,V1: Entering traffic lane / V2: Travelling straight ahead,V1: S  / V2: E,Dry,Daylight,Clear,0,0,81,56,FALSE,41.94292045,-71.27681606
15494,6/15/2016,June,Wednesday,14:45,2,1,1,0,Single vehicle crash,V1: Backing,V1: N,Dry,Daylight,Clear,0,0,81,56,FALSE,41.95078511,-71.27391628
15495,6/15/2016,June,Wednesday,17:14,2,1,1,0,Head-on,V1: Travelling straight ahead,V1: S,Dry,Dusk,Clear,0,0,81,56,FALSE,41.93506658,-71.29858702
15496,6/15/2016,June,Wednesday,19:12,2,1,1,0,Single vehicle crash,V1: Travelling straight ahead,V1: E,Dry,Dusk,Clear,0,0,81,56,FALSE,41.94293138,-71.27688728
15497,6/16/2016,June,Thursday,8:05,1,2,0,0,Angle,V1: Travelling straight ahead / V2: Travelling straight ahead,V1: S  / V2: S,Dry,Daylight,Clear,0,0,87,60,FALSE,41.96019116,-71.30118086
15498,6/17/2016,June,Friday,7:49,1,2,0,0,Angle,V1: Travelling straight ahead / V2: Travelling straight ahead,V1: W  / V2: N,Dry,Daylight,Clear,0,0,86,56,FALSE,41.94774809,-71.28390704
15499,6/17/2016,June,Friday,14:14,2,2,2,0,Angle,V1: Travelling straight ahead / V2: Travelling straight ahead,V1: N  / V2: E,Dry,Daylight,Clear,0,0,86,56,FALSE,41.95451461,-71.24992613
15500,6/17/2016,June,Friday,16:17,2,2,1,0,Rear-end,V1: Travelling straight ahead / V2: Slowing or stopped in traffic,V1: E  / V2: E,Dry,Daylight,Clear,0,0,86,56,FALSE,41.93306281,-71.28502226
15501,6/17/2016,June,Friday,17:02,2,5,2,0,"Sideswipe, opposite direction",V1: Slowing or stopped in traffic / V2: Slowing or stopped in traffic / V3: Slowing or stopped in traffic / V4: Slowing or stopped in traffic / V5: Slowing or stopped in traffic,V1: N  / V2: S  / V3: S  / V4: S  / V5: N,Dry,Daylight,Clear,0,0,86,56,FALSE,41.9250735,-71.35622629
15502,6/17/2016,June,Friday,18:41,1,1,0,0,Single vehicle crash,V1: Making U-turn,V1: S,Dry,Daylight,Clear,0,0,86,56,FALSE,41.92607905,-71.35584487
15503,6/18/2016,June,Saturday,9:37,2,2,2,0,Rear-end,V1: Travelling straight ahead / V2: Travelling straight ahead,V1: S  / V2: S,Dry,Daylight,Clear,0.04,0,81,53,FALSE,41.89903243,-71.355186
15504,6/19/2016,June,Sunday,19:18,2,2,1,0,Angle,V1: Travelling straight ahead / V2: Travelling straight ahead,V1: E  / V2: N,Dry,Daylight,Clear,0,0,81,54,FALSE,41.93528504,-71.29579463