ID,DATE,Month,Day of week,Crash Time,Crash Severity,Number of Vehicles,Total Nonfatal Injuries,Total Fatal Injuries,Manner of Collision,Vehicle Action Prior to Crash,Vehicle Travel Directions,Road Surface Condition,Ambient Light,Weather Condition,PRCP,SNOW,TMAX,TMIN,Ice,Longtitute,Latitute
15505,6/20/2016,June,Monday,7:18,2,3,1,0,Rear-end,V1: Travelling straight ahead / V2: Slowing or stopped in traffic / V3: Slowing or stopped in traffic,V1: E  / V2: E  / V3: E,Dry,Daylight,Clear,0,0,79,58,FALSE,41.93398416,-71.31904724
15506,6/20/2016,June,Monday,8:54,1,2,0,0,Angle,V1: Parked / V2: Backing,V1: N  / V2: N,Dry,Daylight,Clear,0,0,79,58,FALSE,41.9340122,-71.29454348
15507,6/20/2016,June,Monday,10:52,1,2,0,0,Angle,V1: Entering traffic lane / V2: Turning right,V1: E  / V2: N,Dry,Daylight,Clear,0,0,79,58,FALSE,41.89883701,-71.35647386
15508,6/20/2016,June,Monday,13:46,1,2,0,0,Angle,V1: Parked / V2: Travelling straight ahead,V1: N  / V2: E,Dry,Daylight,Clear,0,0,79,58,FALSE,41.9340896,-71.29983557
15509,6/20/2016,June,Monday,14:31,1,2,0,0,Rear-end,V1: Travelling straight ahead / V2: Slowing or stopped in traffic,V1: S  / V2: S,Dry,Daylight,Clear,0,0,79,58,FALSE,41.9250735,-71.35622629
15510,6/21/2016,June,Tuesday,7:20,1,2,0,0,"Sideswipe, same direction",V1: Travelling straight ahead / V2: Changing lanes,V1: S  / V2: S,Wet,Daylight,Cloudy,0.53,0,80,62,FALSE,41.9156749,-71.35896018
15511,6/21/2016,June,Tuesday,14:35,1,2,0,0,Rear-end,V1: Travelling straight ahead / V2: Slowing or stopped in traffic,V1: W  / V2: W,Dry,Daylight,Clear,0.53,0,80,62,FALSE,41.91711015,-71.37372238
15512,6/21/2016,June,Tuesday,15:07,1,2,0,0,Rear-end,V1: Entering traffic lane / V2: Entering traffic lane,V1: S  / V2: S,Dry,Daylight,Clear,0.53,0,80,62,FALSE,41.89991365,-71.35545576
15513,6/21/2016,June,Tuesday,16:02,2,2,2,0,Angle,V1: Travelling straight ahead / V2: Travelling straight ahead,V1: N  / V2: E,Dry,Daylight,Clear,0.53,0,80,62,FALSE,41.94121777,-71.2768631
15514,6/21/2016,June,Tuesday,18:26,1,1,0,0,Rear-end,V1: Slowing or stopped in traffic,V1: S,Dry,Daylight,Clear,0.53,0,80,62,FALSE,41.96939847,-71.29413088
15515,6/22/2016,June,Wednesday,7:07,2,2,1,0,Rear-end,V1: Travelling straight ahead / V2: Slowing or stopped in traffic,V1: N  / V2: N,Dry,Daylight,Clear,0.02,0,87,55,FALSE,41.91891265,-71.31713881
15516,6/22/2016,June,Wednesday,7:56,1,1,0,0,Single vehicle crash,V1: Travelling straight ahead,V1: W,Dry,Daylight,Clear,0.02,0,87,55,FALSE,41.93051616,-71.33611756
15517,6/22/2016,June,Wednesday,12:29,1,1,0,0,Single vehicle crash,V1: Travelling straight ahead,V1: N,Dry,Daylight,Clear,0.02,0,87,55,FALSE,41.94604197,-71.28656899
15518,6/22/2016,June,Wednesday,14:39,1,2,0,0,Rear-end,V1: Travelling straight ahead / V2: Slowing or stopped in traffic,V1: W  / V2: W,Dry,Daylight,Clear,0.02,0,87,55,FALSE,41.94519466,-71.28103716
15519,6/22/2016,June,Wednesday,14:43,0,2,0,0,0,V1: Parked / V2: Parked,V1: 0 / V2: 0,Dry,Daylight,Clear,0.02,0,87,55,FALSE,41.94019537,-71.27660007
15520,6/22/2016,June,Wednesday,16:32,2,2,1,0,Rear-end,V1: Travelling straight ahead / V2: Slowing or stopped in traffic,V1: E  / V2: E,Dry,Daylight,Clear,0.02,0,87,55,FALSE,41.92675288,-71.34334435
15521,6/22/2016,June,Wednesday,18:32,1,2,0,0,Angle,V1: Entering traffic lane / V2: Travelling straight ahead,V1: S  / V2: E,Dry,Daylight,Clear,0.02,0,87,55,FALSE,41.93359015,-71.30040441
15522,6/22/2016,June,Wednesday,19:36,2,3,2,0,"Sideswipe, same direction",V1: Changing lanes / V2: Travelling straight ahead / V3: Travelling straight ahead,V1: S  / V2: S  / V3: S,Dry,Dusk,Clear,0.02,0,87,55,FALSE,41.91966528,-71.33181601
15523,6/23/2016,June,Thursday,12:45,1,2,0,0,Rear-end,V1: Entering traffic lane / V2: Slowing or stopped in traffic,V1: S  / V2: S,Dry,Daylight,Clear,0,0,81,53,FALSE,41.90353706,-71.3563555
15524,6/24/2016,June,Friday,6:48,2,2,1,0,Angle,V1: Travelling straight ahead / V2: Travelling straight ahead,V1: N  / V2: E,Dry,Daylight,Clear,0,0,87,56,FALSE,41.94472176,-71.2812504
15525,6/24/2016,June,Friday,11:12,1,2,0,0,Rear-end,V1: Slowing or stopped in traffic / V2: Entering traffic lane,V1: N  / V2: N,Dry,Daylight,Clear,0,0,87,56,FALSE,41.8991313,-71.35507891
15526,6/24/2016,June,Friday,14:21,2,2,2,0,Angle,V1: Turning left / V2: Travelling straight ahead,V1: S  / V2: N,Dry,Daylight,Clear,0,0,87,56,FALSE,41.92781831,-71.35456449
15527,6/24/2016,June,Friday,18:11,1,2,0,0,Angle,V1: Turning left / V2: Travelling straight ahead,V1: W  / V2: N,Dry,Daylight,Clear,0,0,87,56,FALSE,41.89733197,-71.36979234
15528,6/24/2016,June,Friday,18:56,1,2,0,0,Rear-end,V1: Travelling straight ahead / V2: Travelling straight ahead,V1: S  / V2: S,Dry,Daylight,Clear,0,0,87,56,FALSE,41.9079342,-71.35745922
15529,6/24/2016,June,Friday,19:59,1,1,0,0,Single vehicle crash,V1: Turning right,V1: N,Dry,Daylight,Clear,0,0,87,56,FALSE,41.93601097,-71.28269451
15530,6/24/2016,June,Friday,20:24,2,2,1,0,Rear-end,V1: Travelling straight ahead / V2: Travelling straight ahead,V1: W  / V2: W,Dry,Daylight,Clear,0,0,87,56,FALSE,41.93623387,-71.28481203
15531,6/24/2016,June,Friday,23:03,1,2,0,0,Angle,V1: Travelling straight ahead / V2: Travelling straight ahead,V1: W  / V2: N,Dry,Dark - lighted roadway,Clear,0,0,87,56,FALSE,41.94472176,-71.2812504
15532,6/25/2016,June,Saturday,5:54,2,2,2,0,Angle,V1: Travelling straight ahead / V2: Travelling straight ahead,V1: N  / V2: W,Dry,Dawn,Clear,0,0,81,53,FALSE,41.94472176,-71.2812504
15533,6/26/2016,June,Sunday,14:07,1,2,0,0,Angle,V1: Travelling straight ahead / V2: Travelling straight ahead,V1: W  / V2: E,Dry,Daylight,Clear,0,0,83,54,FALSE,41.95260998,-71.26978509
15534,6/26/2016,June,Sunday,14:10,2,3,1,0,Rear-end,V1: Travelling straight ahead / V2: Slowing or stopped in traffic / V3: Slowing or stopped in traffic,V1: N  / V2: N  / V3: N,Dry,Daylight,Clear,0,0,83,54,FALSE,41.93091648,-71.35304359
15535,6/26/2016,June,Sunday,17:16,2,1,1,0,Single vehicle crash,V1: Changing lanes,V1: S,Dry,Daylight,Clear,0,0,83,54,FALSE,41.90261276,-71.35590972
15536,6/26/2016,June,Sunday,18:52,1,2,0,0,Angle,V1: Travelling straight ahead / V2: Travelling straight ahead,V1: S  / V2: E,Dry,Daylight,Clear,0,0,83,54,FALSE,41.97015292,-71.29135147
15537,6/27/2016,June,Monday,12:09,2,2,1,0,Rear-end,V1: Slowing or stopped in traffic / V2: Travelling straight ahead,V1: E  / V2: E,Dry,Daylight,Clear,0,0,85,59,FALSE,41.91505683,-71.30589997
15538,6/27/2016,June,Monday,19:16,1,2,0,0,Angle,V1: Turning left / V2: Turning right,V1: E  / V2: W,Dry,Daylight,Clear,0,0,85,59,FALSE,41.91653724,-71.36001753
15539,6/27/2016,June,Monday,23:41,1,1,0,0,Single vehicle crash,V1: Backing,V1: N,Dry,Dark - lighted roadway,Clear,0,0,85,59,FALSE,41.94409389,-71.28413442
15540,6/28/2016,June,Tuesday,12:47,1,1,0,0,Single vehicle crash,V1: Travelling straight ahead,V1: E,0,Daylight,Clear,0,0,83,65,FALSE,41.93359015,-71.30040441
15541,6/28/2016,June,Tuesday,16:44,1,2,0,0,Angle,V1: Turning left / V2: Travelling straight ahead,V1: S  / V2: N,Dry,Daylight,Cloudy,0,0,83,65,FALSE,41.95484304,-71.28856385
15542,6/29/2016,June,Wednesday,2:25,1,1,0,0,Single vehicle crash,V1: Turning right,V1: N,Wet,Dark - roadway not lighted,Rain,0.51,0,79,67,FALSE,41.95410835,-71.30217024
15543,6/29/2016,June,Wednesday,14:44,1,1,0,0,Single vehicle crash,V1: Turning right,V1: E,Dry,Daylight,Clear,0.51,0,79,67,FALSE,41.94472176,-71.2812504
15544,6/29/2016,June,Wednesday,16:49,1,1,0,0,Single vehicle crash,V1: Travelling straight ahead,V1: E,Wet,Daylight,Cloudy/Rain,0.51,0,79,67,FALSE,41.89719562,-71.3693667
15545,6/29/2016,June,Wednesday,18:07,1,2,0,0,Single vehicle crash,V1: Turning left / V2: Travelling straight ahead,V1: S  / V2: N,Dry,Daylight,Clear,0.51,0,79,67,FALSE,41.90818711,-71.36675878
15546,6/30/2016,June,Thursday,10:09,2,2,1,0,Angle,V1: Travelling straight ahead / V2: Travelling straight ahead,V1: S  / V2: N,Dry,Daylight,Clear,0,0,86,62,FALSE,41.91555446,-71.36051036
15547,6/30/2016,June,Thursday,11:29,2,1,1,0,Single vehicle crash,V1: Turning left,V1: N,Dry,Daylight,Clear,0,0,86,62,FALSE,41.94832533,-71.27795772
15548,6/30/2016,June,Thursday,12:10,1,2,0,0,Rear-end,V1: Slowing or stopped in traffic / V2: Travelling straight ahead,V1: E  / V2: E,Dry,Daylight,Clear,0,0,86,62,FALSE,41.93398416,-71.31904724
15549,6/30/2016,June,Thursday,16:05,2,3,2,0,Angle,V1: Overtaking/passing / V2: Travelling straight ahead / V3: Turning left,V1: N  / V2: S  / V3: W,Dry,Daylight,Clear,0,0,86,62,FALSE,41.95451461,-71.24992613
15550,6/30/2016,June,Thursday,17:10,2,1,1,0,Single vehicle crash,V1: Travelling straight ahead,V1: S,Dry,Daylight,Clear,0,0,86,62,FALSE,41.92796871,-71.28963266
15551,6/30/2016,June,Thursday,17:32,1,2,0,0,Head-on,V1: Travelling straight ahead / V2: Travelling straight ahead,V1: S  / V2: N,Dry,Daylight,Clear,0,0,86,62,FALSE,41.94322247,-71.29101679
15552,7/1/2016,July,Friday,1:09,2,1,1,0,Single vehicle crash,V1: Travelling straight ahead,V1: S,Dry,Dark - lighted roadway,Clear,0,0,86,63,FALSE,41.96452213,-71.25937483
15553,7/1/2016,July,Friday,8:17,1,2,0,0,Angle,V1: Travelling straight ahead / V2: Travelling straight ahead,V1: N  / V2: W,Dry,Daylight,Clear,0,0,86,63,FALSE,41.94472176,-71.2812504
15554,7/1/2016,July,Friday,11:13,2,1,1,0,Single vehicle crash,V1: Travelling straight ahead,V1: W,Dry,Daylight,Clear,0,0,86,63,FALSE,41.95451582,-71.25002352
15555,7/1/2016,July,Friday,13:03,1,2,0,0,"Sideswipe, same direction",V1: Travelling straight ahead / V2: Parked,V1: S  / V2: S,Dry,Daylight,Clear,0,0,86,63,FALSE,41.94344652,-71.28559566
15556,7/1/2016,July,Friday,15:39,1,1,0,0,Single vehicle crash,V1: Leaving traffic lane,V1: S,Dry,Daylight,Clear,0,0,86,63,FALSE,41.9351974,-71.34138102
15557,7/1/2016,July,Friday,17:39,1,2,0,0,Angle,V1: Turning left / V2: Travelling straight ahead,V1: S  / V2: N,Dry,Daylight,Clear,0,0,86,63,FALSE,41.92781831,-71.35456449
15558,7/1/2016,July,Friday,20:01,1,2,0,0,Rear-end,V1: Travelling straight ahead / V2: Travelling straight ahead,V1: W  / V2: W,Dry,Daylight,Clear,0,0,86,63,FALSE,41.93359015,-71.30040441
15559,7/2/2016,July,Saturday,6:03,1,1,0,0,Single vehicle crash,V1: Travelling straight ahead,V1: N,Dry,Dawn,Clear,0.25,0,86,65,FALSE,41.92886018,-71.3230987
15560,7/2/2016,July,Saturday,13:38,1,2,0,0,Angle,V1: Travelling straight ahead / V2: Travelling straight ahead,V1: N  / V2: W,Dry,Daylight,Clear,0.25,0,86,65,FALSE,41.94472176,-71.2812504
15561,7/2/2016,July,Saturday,14:38,1,2,0,0,Angle,V1: Entering traffic lane / V2: Travelling straight ahead,V1: S  / V2: S,Dry,Daylight,Clear,0.25,0,86,65,FALSE,41.93359015,-71.30040441
15562,7/2/2016,July,Saturday,15:15,2,1,1,0,Single vehicle crash,V1: Travelling straight ahead,V1: S,Dry,Daylight,Clear,0.25,0,86,65,FALSE,41.90261276,-71.35590972
15563,7/3/2016,July,Sunday,10:34,1,2,0,0,Rear-end,V1: Travelling straight ahead / V2: Slowing or stopped in traffic,V1: N  / V2: N,Dry,Daylight,Clear,0,0,80,56,FALSE,41.90141207,-71.35553349
15564,7/3/2016,July,Sunday,13:37,1,2,0,0,"Sideswipe, same direction",V1: Travelling straight ahead / V2: Travelling straight ahead,V1: N  / V2: N,Dry,Daylight,Clear,0,0,80,56,FALSE,41.95593405,-71.30346756
15565,7/3/2016,July,Sunday,16:34,2,2,1,0,Angle,V1: Travelling straight ahead / V2: Travelling straight ahead,V1: N  / V2: W,Dry,Daylight,Clear,0,0,80,56,FALSE,41.94472176,-71.2812504
15566,7/4/2016,July,Monday,19:43,1,1,0,0,Single vehicle crash,V1: Turning left,V1: E,Dry,Daylight,Clear,0,0,85,56,FALSE,41.94844427,-71.290061
15567,7/5/2016,July,Tuesday,16:01,2,2,1,0,Angle,V1: Turning left / V2: Travelling straight ahead,V1: W  / V2: S,Dry,Daylight,Clear,0.36,0,90,64,FALSE,41.94213878,-71.28262423
15568,7/5/2016,July,Tuesday,16:05,1,2,0,0,Angle,V1: Turning left / V2: Travelling straight ahead,V1: W  / V2: S,Dry,Daylight,Clear,0.36,0,90,64,FALSE,41.90998013,-71.35802082
15569,7/5/2016,July,Tuesday,16:16,1,2,0,0,Angle,V1: Turning left / V2: Travelling straight ahead,V1: W  / V2: E,Dry,Daylight,Clear,0.36,0,90,64,FALSE,41.95451461,-71.24992613
15570,7/5/2016,July,Tuesday,18:04,2,2,1,0,Rear-end,V1: Travelling straight ahead / V2: Travelling straight ahead,V1: S  / V2: S,Dry,Daylight,Clear,0.36,0,90,64,FALSE,41.90257898,-71.35602542
15571,7/5/2016,July,Tuesday,18:22,1,2,0,0,Rear-end,V1: Slowing or stopped in traffic / V2: Travelling straight ahead,V1: N  / V2: N,Dry,Daylight,Clear,0.36,0,90,64,FALSE,41.90521152,-71.35647046
15572,7/6/2016,July,Wednesday,7:22,1,2,0,0,Rear-end,V1: Slowing or stopped in traffic / V2: Slowing or stopped in traffic,V1: N  / V2: N,0,Daylight,Clear,0,0,85,66,FALSE,41.92241545,-71.31336866
15573,7/6/2016,July,Wednesday,7:50,1,2,0,0,Rear-end,V1: Travelling straight ahead / V2: Slowing or stopped in traffic,V1: W  / V2: W,Dry,Daylight,Clear,0,0,85,66,FALSE,41.93585833,-71.27194106
15574,7/6/2016,July,Wednesday,10:08,1,2,0,0,Single vehicle crash,V1: Travelling straight ahead / V2: Travelling straight ahead,V1: W  / V2: E,0,Daylight,Cloudy,0,0,85,66,FALSE,41.93660813,-71.2889375
15575,7/6/2016,July,Wednesday,13:09,2,2,1,0,Rear-end,V1: Slowing or stopped in traffic / V2: Travelling straight ahead,V1: W  / V2: W,Dry,Daylight,Clear,0,0,85,66,FALSE,41.9483337,-71.27794679
15576,7/6/2016,July,Wednesday,15:12,1,1,0,0,Single vehicle crash,V1: Turning left,V1: S,Dry,Daylight,Clear,0,0,85,66,FALSE,41.90804202,-71.37220475
15577,7/7/2016,July,Thursday,8:14,1,2,0,0,Rear-end,V1: Slowing or stopped in traffic / V2: Travelling straight ahead,V1: W  / V2: W,Dry,Daylight,Clear,0,0,95,69,FALSE,41.93386542,-71.30225536
15578,7/7/2016,July,Thursday,12:30,1,2,0,0,Angle,V1: Travelling straight ahead / V2: Travelling straight ahead,V1: E  / V2: N,Dry,Daylight,Clear,0,0,95,69,FALSE,41.90564025,-71.35665923
15579,7/7/2016,July,Thursday,15:41,2,1,1,0,Single vehicle crash,V1: Travelling straight ahead,V1: E,Dry,Daylight,Clear,0,0,95,69,FALSE,41.93039003,-71.29083979
15580,7/7/2016,July,Thursday,16:52,1,2,0,0,Rear-end,V1: Travelling straight ahead / V2: Travelling straight ahead,V1: E  / V2: E,Wet,Daylight,Rain,0,0,95,69,FALSE,41.94430701,-71.30913523
15581,7/7/2016,July,Thursday,21:28,1,2,0,0,"Sideswipe, same direction",V1: Travelling straight ahead / V2: Travelling straight ahead,V1: E  / V2: E,Dry,Dark - lighted roadway,Clear,0,0,95,69,FALSE,41.9446632,-71.28341486
15582,7/8/2016,July,Friday,15:27,1,2,0,0,Angle,V1: Travelling straight ahead / V2: Turning left,V1: W  / V2: N,Dry,Daylight,Clear,0.01,0,88,63,FALSE,41.93359015,-71.30040441
15583,7/9/2016,July,Saturday,18:31,1,1,0,0,Single vehicle crash,V1: Travelling straight ahead,V1: E,Dry,Daylight,Clear,0,0,70,59,FALSE,41.92781831,-71.35456449
15584,7/9/2016,July,Saturday,19:17,1,2,0,0,Rear-end,V1: Slowing or stopped in traffic / V2: Travelling straight ahead,V1: S  / V2: S,Dry,Daylight,Clear,0,0,70,59,FALSE,41.90257898,-71.35602542
15585,7/9/2016,July,Saturday,22:35,2,1,1,0,Single vehicle crash,V1: Travelling straight ahead,V1: W,Wet,Dark - lighted roadway,Clear,0,0,70,59,FALSE,41.94066438,-71.28948653
15586,7/10/2016,July,Sunday,17:14,2,3,1,0,Angle,V1: Travelling straight ahead / V2: Travelling straight ahead / V3: Slowing or stopped in traffic,V1: S  / V2: E  / V3: W,Dry,Daylight,Cloudy,0.11,0,67,60,FALSE,41.90086769,-71.36799095
15587,7/11/2016,July,Monday,17:10,1,2,0,0,Rear-end,V1: Travelling straight ahead / V2: Slowing or stopped in traffic,V1: S  / V2: S,Dry,Daylight,Clear,0.1,0,72,56,FALSE,41.9374227,-71.29402673
15588,7/12/2016,July,Tuesday,8:20,2,2,2,0,Rear-end,V1: Slowing or stopped in traffic / V2: Travelling straight ahead,V1: N  / V2: N,Dry,Daylight,Clear,0,0,79,57,FALSE,41.92886018,-71.3230987
15589,7/12/2016,July,Tuesday,11:29,1,2,0,0,Angle,V1: Turning left / V2: Parked,V1: 0 / V2: Reported but invalid,Dry,Daylight,Clear,0,0,79,57,FALSE,41.94590068,-71.286322
15590,7/12/2016,July,Tuesday,17:46,1,3,0,0,"Sideswipe, same direction",V1: Travelling straight ahead / V2: Slowing or stopped in traffic / V3: Slowing or stopped in traffic,V1: N  / V2: N  / V3: N,Dry,Daylight,Clear,0,0,79,57,FALSE,41.95593405,-71.30346756
15591,7/13/2016,July,Wednesday,13:58,1,2,0,0,Rear-end,V1: Travelling straight ahead / V2: Slowing or stopped in traffic,V1: N  / V2: W,Dry,Daylight,Clear,0,0,88,60,FALSE,41.95401985,-71.28889809
15592,7/13/2016,July,Wednesday,16:18,2,2,1,0,Angle,V1: Changing lanes / V2: Travelling straight ahead,V1: S  / V2: S,Dry,Daylight,Clear,0,0,88,60,FALSE,41.94586371,-71.28073807
15593,7/13/2016,July,Wednesday,18:31,1,2,0,0,Rear-end,V1: Parked / V2: Backing,V1: 0 / V2: S,Dry,Daylight,Clear,0,0,88,60,FALSE,41.94021848,-71.30088452
15594,7/14/2016,July,Thursday,9:47,1,1,0,0,Single vehicle crash,V1: Backing,V1: E,Dry,Daylight,Clear,0,0,86,68,FALSE,41.92508738,-71.35628348
15595,7/14/2016,July,Thursday,12:41,2,2,1,0,"Sideswipe, same direction",V1: Changing lanes / V2: Travelling straight ahead,V1: E  / V2: E,Wet,Daylight,Cloudy/Rain,0,0,86,68,FALSE,41.93404812,-71.31577712
15596,7/14/2016,July,Thursday,12:42,1,2,0,0,Angle,V1: Travelling straight ahead / V2: Turning right,V1: S  / V2: S,Wet,Daylight,Cloudy,0,0,86,68,FALSE,41.9340896,-71.29983557
15597,7/14/2016,July,Thursday,13:42,1,2,0,0,Rear-end,V1: Slowing or stopped in traffic / V2: Travelling straight ahead,V1: N  / V2: N,Wet,Daylight,Cloudy/Rain,0,0,86,68,FALSE,41.93503657,-71.2848971
15598,7/14/2016,July,Thursday,18:35,1,2,0,0,Rear-end,V1: Slowing or stopped in traffic / V2: Slowing or stopped in traffic,V1: N  / V2: N,Dry,Daylight,Clear,0,0,86,68,FALSE,41.94928318,-71.28964082
15599,7/15/2016,July,Friday,11:11,1,2,0,0,Rear-end,V1: Slowing or stopped in traffic / V2: Travelling straight ahead,V1: W  / V2: W,Dry,Daylight,Clear,0.2,0,84,71,FALSE,41.93359015,-71.30040441
15600,7/15/2016,July,Friday,12:58,1,2,0,0,Rear-end,V1: Parked / V2: Backing,V1: S  / V2: S,Dry,Daylight,Clear,0.2,0,84,71,FALSE,41.95237777,-71.29604181
15601,7/15/2016,July,Friday,12:59,1,2,0,0,Angle,V1: Travelling straight ahead / V2: Travelling straight ahead,V1: E  / V2: E,Dry,Daylight,Clear,0.2,0,84,71,FALSE,41.90935938,-71.36365972
15602,7/15/2016,July,Friday,13:40,1,2,0,0,Angle,V1: Turning right / V2: Travelling straight ahead,V1: E  / V2: W,Dry,Daylight,Clear,0.2,0,84,71,FALSE,41.93358571,-71.32352844
15603,7/15/2016,July,Friday,14:54,2,2,1,0,Angle,V1: Turning left / V2: Travelling straight ahead,V1: S  / V2: N,Dry,Daylight,Clear,0.2,0,84,71,FALSE,41.92781831,-71.35456449
15604,7/15/2016,July,Friday,14:54,3,2,0,1,Angle,V1: Turning left / V2: Travelling straight ahead,V1: S  / V2: N,Dry,Daylight,Clear,0.2,0,84,71,FALSE,41.92781831,-71.35456449
15605,7/15/2016,July,Friday,15:15,1,2,0,0,Rear-end,V1: Travelling straight ahead / V2: Travelling straight ahead,V1: N  / V2: N,Dry,Daylight,Cloudy,0.2,0,84,71,FALSE,41.92508738,-71.35628348
15606,7/15/2016,July,Friday,22:58,1,3,0,0,"Sideswipe, same direction",V1: Travelling straight ahead / V2: Parked / V3: Parked,V1: E  / V2: 0 / V3: 0,Dry,Dark - lighted roadway,Clear,0.2,0,84,71,FALSE,41.95234013,-71.29601132
15607,7/16/2016,July,Saturday,1:06,2,2,1,0,Rear-end,V1: Travelling straight ahead / V2: Slowing or stopped in traffic,V1: N  / V2: N,Dry,Dark - roadway not lighted,Clear,0.01,0,95,67,FALSE,41.91035947,-71.36314658
15608,7/16/2016,July,Saturday,14:11,1,2,0,0,Rear-end,V1: Travelling straight ahead / V2: Slowing or stopped in traffic,V1: S  / V2: S,Dry,Daylight,Clear,0.01,0,95,67,FALSE,41.95859676,-71.29655608
15609,7/16/2016,July,Saturday,21:11,2,2,1,0,Angle,V1: Turning left / V2: Travelling straight ahead,V1: N  / V2: S,Dry,Dark - 0 roadway lighting,Clear,0.01,0,95,67,FALSE,41.90998013,-71.35802082
15610,7/17/2016,July,Sunday,2:47,2,3,6,0,Rear-end,V1: Travelling straight ahead / V2: Travelling straight ahead / V3: Travelling straight ahead,V1: S  / V2: S  / V3: S,Dry,Dark - lighted roadway,Clear,0,0,93,69,FALSE,34.24438675,-73.6513909
15611,7/17/2016,July,Sunday,3:04,1,2,0,0,Rear-end,V1: Changing lanes / V2: Travelling straight ahead,V1: N  / V2: N,Dry,Dark - roadway not lighted,Clear,0,0,93,69,FALSE,34.24438675,-73.6513909
15612,7/18/2016,July,Monday,13:38,1,2,0,0,Rear-end,V1: Slowing or stopped in traffic / V2: Travelling straight ahead,V1: E  / V2: E,Dry,Daylight,Clear,1.2,0,87,67,FALSE,41.93398416,-71.31904724
15613,7/19/2016,July,Tuesday,13:38,1,2,0,0,Rear-end,V1: Travelling straight ahead / V2: Travelling straight ahead,V1: S  / V2: S,Dry,Daylight,Clear,0.02,0,93,71,FALSE,41.90353706,-71.3563555
15614,7/19/2016,July,Tuesday,20:00,2,2,1,0,Angle,V1: Travelling straight ahead / V2: Other,V1: W  / V2: N,Dry,Dusk,Clear,0.02,0,93,71,FALSE,41.94021848,-71.30088452
15615,7/19/2016,July,Tuesday,22:42,1,2,0,0,Angle,V1: Backing / V2: Parked,V1: S  / V2: 0,Dry,Dark - lighted roadway,Clear,0.02,0,93,71,FALSE,34.24438675,-73.6513909
15616,7/20/2016,July,Wednesday,7:35,1,3,0,0,Rear-end,V1: Travelling straight ahead / V2: Slowing or stopped in traffic / V3: Slowing or stopped in traffic,V1: N  / V2: N  / V3: N,Dry,Daylight,Clear,0,0,86,56,FALSE,41.95593405,-71.30346756
15617,7/20/2016,July,Wednesday,8:05,1,2,0,0,"Sideswipe, same direction",V1: Travelling straight ahead / V2: Changing lanes,V1: N  / V2: 0,Dry,Daylight,Clear,0,0,86,56,FALSE,41.92886018,-71.3230987
15618,7/20/2016,July,Wednesday,19:09,1,4,0,0,Angle,V1: Entering traffic lane / V2: Travelling straight ahead / V3: Slowing or stopped in traffic / V4: Slowing or stopped in traffic,V1: S  / V2: S  / V3: N  / V4: N,Dry,Daylight,Clear,0,0,86,56,FALSE,41.93359015,-71.30040441
15619,7/20/2016,July,Wednesday,20:06,1,1,0,0,Single vehicle crash,V1: Travelling straight ahead,V1: E,Dry,Dark - lighted roadway,Clear,0,0,86,56,FALSE,41.89792413,-71.35483547
15620,7/21/2016,July,Thursday,0:01,1,1,0,0,Single vehicle crash,V1: Travelling straight ahead,V1: N,Dry,Dark - lighted roadway,Clear,0,0,84,58,FALSE,41.9030112,-71.31918896
15621,7/21/2016,July,Thursday,8:45,1,2,0,0,Rear-end,V1: Slowing or stopped in traffic / V2: Travelling straight ahead,V1: W  / V2: W,Dry,Daylight,Clear,0,0,84,58,FALSE,41.91816133,-71.25763887
15622,7/21/2016,July,Thursday,15:42,1,1,0,0,Single vehicle crash,V1: Travelling straight ahead,V1: S,Dry,Daylight,Clear,0,0,84,58,FALSE,41.90783179,-71.34289734
15623,7/21/2016,July,Thursday,20:30,1,1,0,0,Single vehicle crash,V1: Travelling straight ahead,V1: E,Dry,Dark - lighted roadway,Clear,0,0,84,58,FALSE,41.91230271,-71.36084127
15624,7/21/2016,July,Thursday,20:39,2,1,1,0,Single vehicle crash,V1: Travelling straight ahead,V1: S,Dry,Dark - lighted roadway,Clear,0,0,84,58,FALSE,41.92045606,-71.29845401
15625,7/22/2016,July,Friday,22:17,2,1,1,0,Single vehicle crash,V1: Travelling straight ahead,V1: E,Wet,Dark - roadway not lighted,Rain,0,0,91,64,FALSE,41.94450501,-71.28411703
15626,7/23/2016,July,Saturday,2:45,2,4,1,0,Rear-end,V1: Travelling straight ahead / V2: Slowing or stopped in traffic / V3: Travelling straight ahead / V4: Travelling straight ahead,V1: N  / V2: N  / V3: N  / V4: N,Dry,Dark - roadway not lighted,Clear,0.02,0,92,69,FALSE,34.24438675,-73.6513909
15627,7/23/2016,July,Saturday,14:46,1,1,0,0,Single vehicle crash,V1: Travelling straight ahead,V1: E,Dry,Daylight,Clear,0.02,0,92,69,FALSE,41.9333356,-71.32490567
15628,7/23/2016,July,Saturday,19:12,1,1,0,0,Single vehicle crash,V1: Leaving traffic lane,V1: W,Dry,Daylight,Clear,0.02,0,92,69,FALSE,41.92675288,-71.34334435
15629,7/24/2016,July,Sunday,0:16,1,2,0,0,Angle,V1: Travelling straight ahead / V2: Slowing or stopped in traffic,V1: S  / V2: E,Dry,Dark - lighted roadway,Clear,0,0,96,64,FALSE,41.89618753,-71.37039513
15630,7/24/2016,July,Sunday,14:23,1,2,0,0,Angle,V1: Turning right / V2: Travelling straight ahead,V1: N  / V2: N,Dry,Daylight,Clear,0,0,96,64,FALSE,41.90564025,-71.35665923