ID,DATE,Month,Day of week,Crash Time,Crash Severity,Number of Vehicles,Total Nonfatal Injuries,Total Fatal Injuries,Manner of Collision,Vehicle Action Prior to Crash,Vehicle Travel Directions,Road Surface Condition,Ambient Light,Weather Condition,PRCP,SNOW,TMAX,TMIN,Ice,Longtitute,Latitute
15631,7/25/2016,July,Monday,9:13,1,2,0,0,Rear-end,V1: Travelling straight ahead / V2: Turning left,V1: S  / V2: S,Dry,Daylight,Clear,0,0,92,65,FALSE,41.95814204,-71.28762358
15632,7/25/2016,July,Monday,11:17,2,1,1,0,Single vehicle crash,V1: Travelling straight ahead,V1: S,Dry,Daylight,Clear,0,0,92,65,FALSE,41.91826012,-71.35506101
15633,7/25/2016,July,Monday,11:49,2,1,1,0,Single vehicle crash,V1: Travelling straight ahead,V1: S,Dry,Daylight,Clear,0,0,92,65,FALSE,41.96306612,-71.28865133
15634,7/26/2016,July,Tuesday,7:47,1,2,0,0,Angle,V1: Backing / V2: Parked,V1: S  / V2: U,Dry,Dark - lighted roadway,Clear,0,0,96,69,FALSE,41.91913578,-71.36531513
15635,7/26/2016,July,Tuesday,8:10,1,2,0,0,"Sideswipe, same direction",V1: Changing lanes / V2: Travelling straight ahead,V1: S  / V2: S,Dry,Daylight,Clear,0,0,96,69,FALSE,41.90081079,-71.36802017
15636,7/26/2016,July,Tuesday,12:27,1,2,0,0,Angle,V1: Travelling straight ahead / V2: Travelling straight ahead,V1: N  / V2: E,Dry,Daylight,Clear,0,0,96,69,FALSE,41.93518136,-71.28488512
15637,7/26/2016,July,Tuesday,16:00,1,1,0,0,Single vehicle crash,V1: Leaving traffic lane,V1: S,Dry,Daylight,Clear,0,0,96,69,FALSE,41.93804592,-71.31642932
15638,7/26/2016,July,Tuesday,16:43,2,3,1,0,Angle,V1: Turning left / V2: Travelling straight ahead / V3: Slowing or stopped in traffic,V1: E  / V2: N  / V3: W,Dry,Daylight,Clear,0,0,96,69,FALSE,41.94213878,-71.28262423
15639,7/26/2016,July,Tuesday,16:44,1,2,0,0,Rear-end,V1: Turning left / V2: Backing,V1: W  / V2: S,Dry,Daylight,Clear,0,0,96,69,FALSE,41.91764377,-71.29695211
15640,7/28/2016,July,Thursday,9:51,2,2,3,0,Angle,V1: Turning left / V2: Travelling straight ahead,V1: W  / V2: S,Dry,Daylight,Clear,0,0,93,67,FALSE,41.94449733,-71.28185359
15641,7/28/2016,July,Thursday,14:45,1,2,0,0,Angle,V1: Turning left / V2: Travelling straight ahead,V1: S  / V2: N,Dry,Daylight,Clear,0,0,93,67,FALSE,41.89733197,-71.36979234
15642,7/28/2016,July,Thursday,16:18,2,2,1,0,Rear-end,V1: Entering traffic lane / V2: Entering traffic lane,V1: N  / V2: N,Dry,Daylight,Clear,0,0,93,67,FALSE,41.89908739,-71.35497519
15643,7/29/2016,July,Friday,10:35,1,2,0,0,Angle,V1: Overtaking/passing / V2: Slowing or stopped in traffic,V1: S  / V2: S,Dry,Daylight,Cloudy,0.01,0,93,70,FALSE,41.94171729,-71.27232701
15644,7/29/2016,July,Friday,11:32,1,1,0,0,Single vehicle crash,V1: Travelling straight ahead,V1: S,Dry,Daylight,Clear,0.01,0,93,70,FALSE,41.94466049,-71.28223392
15645,7/29/2016,July,Friday,11:46,2,2,1,0,Rear-end,V1: Travelling straight ahead / V2: Travelling straight ahead,V1: S  / V2: S,Wet,Daylight,Cloudy,0.01,0,93,70,FALSE,41.93869377,-71.26660887
15646,7/29/2016,July,Friday,11:53,1,2,0,0,"Sideswipe, same direction",V1: Changing lanes / V2: Travelling straight ahead,V1: E  / V2: E,Dry,Daylight,Clear,0.01,0,93,70,FALSE,41.95250372,-71.27005525
15647,7/29/2016,July,Friday,13:56,1,2,0,0,Single vehicle crash,V1: Travelling straight ahead / V2: Other,V1: S  / V2: S,Dry,Daylight,Clear,0.01,0,93,70,FALSE,41.93282202,-71.28503662
15648,7/29/2016,July,Friday,18:49,1,2,0,0,Rear-to-rear,V1: Backing / V2: Turning left,V1: S  / V2: S,Dry,Daylight,Clear,0.01,0,93,70,FALSE,41.95281392,-71.26919821
15649,7/30/2016,July,Saturday,14:07,1,2,0,0,Angle,V1: Travelling straight ahead / V2: Turning left,V1: E  / V2: W,Dry,Daylight,Clear,0.02,0,84,66,FALSE,41.93359015,-71.30040441
15650,7/31/2016,July,Sunday,10:09,2,2,1,0,Angle,V1: Entering traffic lane / V2: Travelling straight ahead,V1: S  / V2: W,Dry,Daylight,Cloudy,0.01,0,89,67,FALSE,41.93304448,-71.28634923
15651,7/31/2016,July,Sunday,23:52,1,1,0,0,Single vehicle crash,V1: Travelling straight ahead,V1: E,Dry,Dark - lighted roadway,Clear,0.01,0,89,67,FALSE,41.92827027,-71.3542517
15652,8/1/2016,August,Monday,9:29,1,2,0,0,Rear-end,V1: Travelling straight ahead / V2: Slowing or stopped in traffic,V1: E  / V2: 0,Dry,Daylight,Clear,0.02,0,80,64,FALSE,41.96643836,-71.29074265
15653,8/1/2016,August,Monday,16:33,2,2,1,0,Head-on,V1: Travelling straight ahead / V2: Travelling straight ahead,V1: S  / V2: N,Dry,Daylight,Clear,0.02,0,80,64,FALSE,41.9449401,-71.28464095
15654,8/2/2016,August,Tuesday,10:42,1,1,0,0,Single vehicle crash,V1: Turning right,V1: N,Wet,Daylight,Rain,0,0,81,64,FALSE,41.93397801,-71.31891093
15655,8/2/2016,August,Tuesday,17:12,1,2,0,0,Angle,V1: Turning left / V2: Parked,V1: E  / V2: E,Dry,Daylight,Clear,0,0,81,64,FALSE,41.94755234,-71.28626122
15656,8/2/2016,August,Tuesday,17:59,1,2,0,0,Rear-end,V1: Slowing or stopped in traffic / V2: Travelling straight ahead,V1: N  / V2: N,Dry,Daylight,Clear,0,0,81,64,FALSE,41.90564025,-71.35665923
15657,8/3/2016,August,Wednesday,3:07,1,1,0,0,Head-on,V1: Travelling straight ahead,V1: W,Dry,Dark - lighted roadway,Clear,0.14,0,73,57,FALSE,41.94629499,-71.29238277
15658,8/3/2016,August,Wednesday,6:50,1,2,0,0,Rear-end,V1: Travelling straight ahead / V2: Travelling straight ahead,V1: N  / V2: N,Dry,Daylight,Fog,0.14,0,73,57,FALSE,41.92886018,-71.3230987
15659,8/3/2016,August,Wednesday,12:15,1,2,0,0,Angle,V1: Overtaking/passing / V2: Travelling straight ahead,V1: E  / V2: E,Dry,Daylight,Clear,0.14,0,73,57,FALSE,41.90636683,-71.31709721
15660,8/3/2016,August,Wednesday,19:28,2,2,1,0,Angle,V1: Travelling straight ahead / V2: Turning left,V1: N  / V2: S,Dry,Daylight,Clear,0.14,0,73,57,FALSE,41.95484304,-71.28856385
15661,8/4/2016,August,Thursday,5:53,2,2,1,0,Angle,V1: Turning right / V2: Travelling straight ahead,V1: S  / V2: W,Dry,Daylight,Clear,0,0,83,56,FALSE,41.93835925,-71.28258771
15662,8/4/2016,August,Thursday,9:07,1,2,0,0,Rear-end,V1: Turning right / V2: Travelling straight ahead,V1: E  / V2: N,Dry,Daylight,Clear,0,0,83,56,FALSE,41.95484304,-71.28856385
15663,8/5/2016,August,Friday,10:00,1,2,0,0,Angle,V1: Entering traffic lane / V2: Travelling straight ahead,V1: N  / V2: E,Dry,Daylight,Clear,0,0,87,57,FALSE,41.90157022,-71.32988352
15664,8/5/2016,August,Friday,11:55,1,2,0,0,Angle,V1: Travelling straight ahead / V2: Entering traffic lane,V1: W  / V2: W,Dry,Daylight,Clear,0,0,87,57,FALSE,41.9483337,-71.27794679
15665,8/5/2016,August,Friday,13:28,1,2,0,0,Rear-end,V1: Slowing or stopped in traffic / V2: Travelling straight ahead,V1: S  / V2: S,Dry,Daylight,Clear,0,0,87,57,FALSE,41.95833078,-71.30257523
15666,8/5/2016,August,Friday,14:12,1,2,0,0,Angle,V1: Travelling straight ahead / V2: Turning left,V1: S  / V2: N,Dry,Daylight,Clear,0,0,87,57,FALSE,41.9340896,-71.29983557
15667,8/5/2016,August,Friday,21:32,2,2,2,0,"Sideswipe, opposite direction",V1: Travelling straight ahead / V2: Travelling straight ahead,V1: E  / V2: W,Dry,Dark - lighted roadway,Clear,0,0,87,57,FALSE,41.91608626,-71.37759037
15668,8/6/2016,August,Saturday,8:06,2,1,2,0,Single vehicle crash,V1: Travelling straight ahead,V1: E,Dry,Daylight,Clear,0,0,86,62,FALSE,41.95931508,-71.28774175
15669,8/6/2016,August,Saturday,10:51,1,2,0,0,Angle,V1: Turning left / V2: Travelling straight ahead,V1: S  / V2: N,Dry,Daylight,Clear,0,0,86,62,FALSE,41.91649601,-71.36003742
15670,8/6/2016,August,Saturday,12:03,1,2,0,0,Rear-end,V1: Travelling straight ahead / V2: Slowing or stopped in traffic,V1: N  / V2: N,Dry,Daylight,Clear,0,0,86,62,FALSE,41.9250735,-71.35622629
15671,8/7/2016,August,Sunday,17:16,2,2,2,0,Angle,V1: Entering traffic lane / V2: Travelling straight ahead,V1: W  / V2: S,Dry,Daylight,Clear,0.05,0,90,63,FALSE,41.93808003,-71.27597724
15672,8/8/2016,August,Monday,3:34,1,1,0,0,Single vehicle crash,V1: Travelling straight ahead,V1: U,Dry,Dark - roadway not lighted,Clear,0,0,90,61,FALSE,41.93975401,-71.29341717
15673,8/8/2016,August,Monday,6:32,2,1,1,0,Single vehicle crash,V1: Leaving traffic lane,V1: E,Dry,Dawn,Clear,0,0,90,61,FALSE,41.93229783,-71.31784579
15674,8/8/2016,August,Monday,8:28,2,1,1,0,Single vehicle crash,V1: Travelling straight ahead,V1: E,Dry,Daylight,Clear,0,0,90,61,FALSE,41.91512128,-71.38025781
15675,8/8/2016,August,Monday,15:21,1,2,0,0,Rear-end,V1: Slowing or stopped in traffic / V2: Travelling straight ahead,V1: W  / V2: W,Dry,Daylight,Clear,0,0,90,61,FALSE,41.93372708,-71.3014085
15676,8/8/2016,August,Monday,15:45,1,1,0,0,Single vehicle crash,V1: Travelling straight ahead,V1: S,Dry,Daylight,Clear,0,0,90,61,FALSE,41.91721409,-71.33388306
15677,8/8/2016,August,Monday,16:44,2,2,1,0,Angle,V1: Travelling straight ahead / V2: Travelling straight ahead,V1: E  / V2: S,Dry,Daylight,Clear,0,0,90,61,FALSE,41.93996104,-71.2724871
15678,8/9/2016,August,Tuesday,13:01,1,2,0,0,Angle,V1: Backing / V2: Travelling straight ahead,V1: W  / V2: N,Dry,Daylight,Clear,0,0,89,59,FALSE,41.92168546,-71.28691004
15679,8/9/2016,August,Tuesday,13:28,1,2,0,0,Angle,V1: Overtaking/passing / V2: Turning right,V1: E  / V2: S,Dry,Daylight,Clear,0,0,89,59,FALSE,41.89565513,-71.36950975
15680,8/9/2016,August,Tuesday,13:28,1,2,0,0,Rear-end,V1: Slowing or stopped in traffic / V2: Changing lanes,V1: S  / V2: S,Dry,Daylight,Clear,0,0,89,59,FALSE,41.96019116,-71.30118086
15681,8/9/2016,August,Tuesday,18:16,1,1,0,0,Single vehicle crash,V1: Travelling straight ahead,V1: N,Dry,Daylight,Clear,0,0,89,59,FALSE,41.92608385,-71.34191456
15682,8/9/2016,August,Tuesday,19:35,1,2,0,0,Rear-end,V1: Travelling straight ahead / V2: Travelling straight ahead,V1: S  / V2: S,Dry,Dusk,Clear,0,0,89,59,FALSE,41.91475373,-71.33593489
15683,8/10/2016,August,Wednesday,11:51,1,1,0,0,Single vehicle crash,V1: Travelling straight ahead,V1: S,Wet,Daylight,Cloudy/Rain,0,0,92,60,FALSE,41.94625923,-71.28694634
15684,8/10/2016,August,Wednesday,11:59,1,2,0,0,"Sideswipe, same direction",V1: Changing lanes / V2: Travelling straight ahead,V1: N  / V2: N,Wet,Daylight,Rain,0,0,92,60,FALSE,41.91981411,-71.35860614
15685,8/10/2016,August,Wednesday,12:45,1,2,0,0,Rear-end,V1: Travelling straight ahead / V2: Slowing or stopped in traffic,V1: E  / V2: E,Wet,Daylight,Cloudy/Rain,0,0,92,60,FALSE,41.95180679,-71.2898592
15686,8/10/2016,August,Wednesday,15:08,1,2,0,0,Rear-end,V1: Turning right / V2: Slowing or stopped in traffic,V1: S  / V2: S,Wet,Daylight,Rain,0,0,92,60,FALSE,41.89903243,-71.355186
15687,8/11/2016,August,Thursday,17:06,2,2,1,0,Angle,V1: Travelling straight ahead / V2: Travelling straight ahead,V1: W  / V2: S,Dry,Daylight,Clear,0.65,0,78,69,FALSE,41.93528504,-71.29579463
15688,8/12/2016,August,Friday,11:33,1,2,0,0,"Sideswipe, same direction",V1: Travelling straight ahead / V2: Travelling straight ahead,V1: W  / V2: W,Dry,Daylight,Clear,0,0,95,75,FALSE,41.9495447,-71.27638351
15689,8/12/2016,August,Friday,15:31,2,1,1,0,Single vehicle crash,V1: Travelling straight ahead,V1: N,Dry,Daylight,Clear,0,0,95,75,FALSE,41.93503657,-71.2848971
15690,8/12/2016,August,Friday,16:58,1,2,0,0,Rear-end,V1: Travelling straight ahead / V2: Slowing or stopped in traffic,V1: S  / V2: S,Dry,Daylight,Cloudy,0,0,95,75,FALSE,41.91035947,-71.36314658
15691,8/13/2016,August,Saturday,0:45,1,2,0,0,Angle,V1: Travelling straight ahead / V2: Travelling straight ahead,V1: S  / V2: N,Dry,Dark - lighted roadway,Cloudy,0.06,0,96,74,FALSE,41.9250735,-71.35622629
15692,8/13/2016,August,Saturday,4:06,1,1,0,0,Single vehicle crash,V1: Travelling straight ahead,V1: W,Dry,Dark - lighted roadway,Clear,0.06,0,96,74,FALSE,41.93528504,-71.29579463
15693,8/13/2016,August,Saturday,9:53,1,2,0,0,Rear-to-rear,V1: Backing / V2: Backing,V1: N  / V2: S,Dry,Daylight,Clear,0.06,0,96,74,FALSE,41.93397201,-71.31087183
15694,8/13/2016,August,Saturday,17:28,2,1,1,0,Single vehicle crash,V1: Travelling straight ahead,V1: S,Dry,Daylight,Clear,0.06,0,96,74,FALSE,41.91061909,-71.36301435
15695,8/14/2016,August,Sunday,0:20,1,2,0,0,"Sideswipe, same direction",V1: Travelling straight ahead / V2: Travelling straight ahead,V1: S  / V2: S,Wet,Dark - roadway not lighted,Rain,0.34,0,83,68,FALSE,41.91229907,-71.33799712
15696,8/14/2016,August,Sunday,0:50,1,1,0,0,Single vehicle crash,V1: Travelling straight ahead,V1: S,Wet,Dark - roadway not lighted,Rain,0.34,0,83,68,FALSE,41.89415869,-71.37636222
15697,8/14/2016,August,Sunday,2:16,1,2,0,0,Rear-end,V1: 0 / V2: Travelling straight ahead,V1: S  / V2: S,Wet,Dark - lighted roadway,Rain,0.34,0,83,68,FALSE,41.89938073,-71.35524848
15698,8/14/2016,August,Sunday,10:31,2,1,1,0,Single vehicle crash,V1: Travelling straight ahead,V1: W,Dry,Daylight,Clear,0.34,0,83,68,FALSE,41.92896432,-71.30332287
15699,8/14/2016,August,Sunday,13:10,1,3,0,0,Rear-end,V1: Travelling straight ahead / V2: Slowing or stopped in traffic / V3: Slowing or stopped in traffic,V1: N  / V2: N  / V3: N,Dry,Daylight,Clear,0.34,0,83,68,FALSE,41.92644259,-71.35554103
15700,8/14/2016,August,Sunday,17:21,2,3,1,0,Angle,V1: Entering traffic lane / V2: Travelling straight ahead / V3: Travelling straight ahead,V1: S  / V2: W  / V3: E,Dry,Daylight,Clear,0.34,0,83,68,FALSE,41.93269195,-71.32821357
15701,8/15/2016,August,Monday,10:41,1,1,0,0,Single vehicle crash,V1: Other,V1: 0,Dry,Daylight,Clear,0,0,97,73,FALSE,41.89887699,-71.37728327
15702,8/16/2016,August,Tuesday,10:36,1,2,0,0,Head-on,V1: Turning left / V2: Travelling straight ahead,V1: N  / V2: W,Dry,Daylight,Clear,0,0,92,68,FALSE,41.9446632,-71.28341486
15703,8/16/2016,August,Tuesday,11:45,1,2,0,0,Rear-end,V1: Travelling straight ahead / V2: Slowing or stopped in traffic,V1: S  / V2: S,Dry,Daylight,Clear,0,0,92,68,FALSE,41.90353779,-71.35635586
15704,8/16/2016,August,Tuesday,11:57,2,2,1,0,Rear-end,V1: Travelling straight ahead / V2: Slowing or stopped in traffic,V1: E  / V2: E,Dry,Daylight,Cloudy,0,0,92,68,FALSE,41.93386542,-71.30225536
15705,8/16/2016,August,Tuesday,16:44,1,2,0,0,Angle,V1: Entering traffic lane / V2: Travelling straight ahead,V1: E  / V2: S,Dry,Daylight,Cloudy,0,0,92,68,FALSE,41.90877956,-71.35765064
15706,8/17/2016,August,Wednesday,11:16,1,3,0,0,Rear-end,V1: Travelling straight ahead / V2: Slowing or stopped in traffic / V3: Slowing or stopped in traffic,V1: N  / V2: N  / V3: N,Dry,Daylight,Clear,0.08,0,87,69,FALSE,41.91981411,-71.35860614
15707,8/17/2016,August,Wednesday,12:07,2,1,1,0,Single vehicle crash,V1: Backing,V1: N,"Sand, mud, dirt, oil, gravel",Daylight,Clear,0.08,0,87,69,FALSE,41.91613731,-71.29546304
15708,8/18/2016,August,Thursday,13:27,1,2,0,0,Rear-end,V1: Backing / V2: Slowing or stopped in traffic,V1: N  / V2: 0,Dry,Daylight,Clear,0,0,87,64,FALSE,41.89625666,-71.37064312
15709,8/18/2016,August,Thursday,17:54,1,1,0,0,Single vehicle crash,V1: Travelling straight ahead,V1: E,Dry,Daylight,Clear,0,0,87,64,FALSE,41.89567723,-71.37063889
15710,8/18/2016,August,Thursday,21:54,2,1,1,0,Angle,V1: Travelling straight ahead,V1: S,Dry,Dark - roadway not lighted,Clear,0,0,87,64,FALSE,41.94666472,-71.28742757
15711,8/19/2016,August,Friday,10:31,1,1,0,0,Single vehicle crash,V1: Travelling straight ahead,V1: W,Dry,Daylight,Clear,0,0,91,65,FALSE,41.89785374,-71.35527615
15712,8/19/2016,August,Friday,11:12,1,2,0,0,Rear-end,V1: Travelling straight ahead / V2: Slowing or stopped in traffic,V1: W  / V2: W,Dry,Daylight,Clear,0,0,91,65,FALSE,41.91711015,-71.37372238
15713,8/19/2016,August,Friday,13:52,1,2,0,0,Rear-end,V1: Travelling straight ahead / V2: Slowing or stopped in traffic,V1: N  / V2: N,Dry,Daylight,Clear,0,0,91,65,FALSE,41.93421769,-71.2996754
15714,8/19/2016,August,Friday,20:42,1,2,0,0,Angle,V1: Turning left / V2: Travelling straight ahead,V1: S  / V2: N,Dry,Dark - lighted roadway,Clear,0,0,91,65,FALSE,41.91035947,-71.36314658
15715,8/20/2016,August,Saturday,13:37,1,2,0,0,"Sideswipe, opposite direction",V1: Backing / V2: Parked,V1: N  / V2: S,Dry,Daylight,Clear,0,0,89,64,FALSE,41.94468645,-71.28319343
15716,8/20/2016,August,Saturday,16:15,2,2,1,0,Rear-end,V1: Slowing or stopped in traffic / V2: Slowing or stopped in traffic,V1: S  / V2: S,Dry,Daylight,Clear,0,0,89,64,FALSE,41.89992732,-71.35546583
15717,8/21/2016,August,Sunday,0:06,2,1,1,0,Single vehicle crash,V1: Travelling straight ahead,V1: N,Dry,Dark - lighted roadway,Clear,0,0,87,59,FALSE,41.92446027,-71.28906707
15718,8/21/2016,August,Sunday,13:07,2,1,1,0,Single vehicle crash,V1: Turning right,V1: W,Dry,Daylight,Clear,0,0,87,59,FALSE,41.93624398,-71.26400311
15719,8/22/2016,August,Monday,6:37,1,2,0,0,Rear-end,V1: Slowing or stopped in traffic / V2: Travelling straight ahead,V1: S  / V2: S,Dry,Daylight,Clear,0.45,0,88,61,FALSE,41.95814204,-71.28762358
15720,8/22/2016,August,Monday,8:56,2,2,1,0,Angle,V1: Turning left / V2: Travelling straight ahead,V1: W  / V2: S,Dry,Daylight,Clear,0.45,0,88,61,FALSE,41.9483337,-71.27794679
15721,8/22/2016,August,Monday,9:16,0,1,0,0,Single vehicle crash,V1: Travelling straight ahead,V1: E,Dry,Daylight,Clear,0.45,0,88,61,FALSE,41.89979673,-71.37964412
15722,8/22/2016,August,Monday,15:57,2,2,1,0,Rear-end,V1: Slowing or stopped in traffic / V2: Slowing or stopped in traffic,V1: S  / V2: S,Dry,Daylight,Clear,0.45,0,88,61,FALSE,41.92446027,-71.28906707
15723,8/22/2016,August,Monday,16:48,1,3,0,0,Rear-end,V1: Slowing or stopped in traffic / V2: Slowing or stopped in traffic / V3: Travelling straight ahead,V1: N  / V2: N  / V3: N,Dry,Daylight,Clear,0.45,0,88,61,FALSE,41.94519466,-71.28103716
15724,8/23/2016,August,Tuesday,9:37,1,3,0,0,Angle,V1: Overtaking/passing / V2: Turning right / V3: Parked,V1: N  / V2: N  / V3: N,Dry,Daylight,Clear,0,0,82,53,FALSE,41.94432304,-71.27885219
15725,8/23/2016,August,Tuesday,11:00,1,2,0,0,Rear-end,V1: Slowing or stopped in traffic / V2: Travelling straight ahead,V1: S  / V2: S,Dry,Daylight,Clear,0,0,82,53,FALSE,41.94344652,-71.28559566
15726,8/23/2016,August,Tuesday,20:50,1,2,0,0,Angle,V1: Parked / V2: Turning right,V1: 0 / V2: N,Dry,Dark - lighted roadway,Clear,0,0,82,53,FALSE,41.89620071,-71.37038787
15727,8/24/2016,August,Wednesday,8:36,1,2,0,0,Rear-end,V1: Travelling straight ahead / V2: Travelling straight ahead,V1: E  / V2: E,Dry,Daylight,Clear,0,0,83,54,FALSE,41.9521262,-71.29159081
15728,8/24/2016,August,Wednesday,18:35,1,2,0,0,Rear-end,V1: Turning left / V2: Parked,V1: N  / V2: N,Dry,Daylight,Clear,0,0,83,54,FALSE,41.94262835,-71.27478469
15729,8/25/2016,August,Thursday,5:00,1,1,0,0,Single vehicle crash,V1: Travelling straight ahead,V1: S,Dry,Dark - roadway not lighted,Clear,0,0,90,65,FALSE,41.90255025,-71.35612621
15730,8/25/2016,August,Thursday,6:20,1,4,0,0,Rear-end,V1: Travelling straight ahead / V2: Travelling straight ahead / V3: Travelling straight ahead / V4: Travelling straight ahead,V1: N  / V2: N  / V3: N  / V4: N,Dry,Daylight,Clear,0,0,90,65,FALSE,41.96230267,-71.2991791
15731,8/25/2016,August,Thursday,8:47,1,2,0,0,Angle,V1: Parked / V2: Backing,V1: U  / V2: S,Dry,Daylight,Clear,0,0,90,65,FALSE,41.90949017,-71.28552291
15732,8/25/2016,August,Thursday,16:42,1,2,0,0,Angle,V1: Travelling straight ahead / V2: Turning left,V1: N  / V2: W,Dry,Daylight,Clear,0,0,90,65,FALSE,41.89733197,-71.36979234
15733,8/26/2016,August,Friday,0:12,1,1,0,0,"Sideswipe, opposite direction",V1: Travelling straight ahead,V1: E,Dry,Dark - lighted roadway,Clear,0,0,85,69,FALSE,41.95451461,-71.24992613
15734,8/26/2016,August,Friday,9:56,1,2,0,0,Rear-end,V1: Entering traffic lane / V2: Slowing or stopped in traffic,V1: S  / V2: S,Dry,Daylight,Cloudy,0,0,85,69,FALSE,41.89981752,-71.35540043
15735,8/26/2016,August,Friday,14:42,1,2,0,0,Rear-end,V1: Slowing or stopped in traffic / V2: Travelling straight ahead,V1: S  / V2: S,Dry,Daylight,Clear,0,0,85,69,FALSE,41.90362134,-71.35641444
15736,8/27/2016,August,Saturday,0:30,1,1,0,0,Single vehicle crash,V1: Travelling straight ahead,V1: N,Dry,Dark - lighted roadway,Clear,0.04,0,92,64,FALSE,41.94254637,-71.2868523
15737,8/27/2016,August,Saturday,3:12,2,3,1,0,Angle,V1: Travelling straight ahead / V2: Changing lanes / V3: Travelling straight ahead,V1: N  / V2: N  / V3: N,Dry,Dark - lighted roadway,Clear,0.04,0,92,64,FALSE,41.90241817,-71.35561188
15738,8/27/2016,August,Saturday,16:54,1,2,0,0,Angle,V1: Backing / V2: Slowing or stopped in traffic,V1: E  / V2: S,Dry,Daylight,Clear,0.04,0,92,64,FALSE,41.89668897,-71.37011877
15739,8/28/2016,August,Sunday,13:56,2,3,2,0,Angle,V1: Entering traffic lane / V2: Travelling straight ahead / V3: Travelling straight ahead,V1: W  / V2: S  / V3: S,Dry,Daylight,Clear,0,0,89,64,FALSE,41.94121777,-71.2768631
15740,8/28/2016,August,Sunday,14:47,2,2,2,0,Angle,V1: Travelling straight ahead / V2: Travelling straight ahead,V1: N  / V2: E,Dry,Daylight,Clear,0,0,89,64,FALSE,41.93946861,-71.28168616
15741,8/29/2016,August,Monday,18:22,1,2,0,0,Rear-end,V1: Travelling straight ahead / V2: Slowing or stopped in traffic,V1: N  / V2: N,Dry,Daylight,Clear,0,0,89,64,FALSE,41.95514928,-71.30432065
15742,8/30/2016,August,Tuesday,17:01,2,2,1,0,Rear-end,V1: Travelling straight ahead / V2: Slowing or stopped in traffic,V1: S  / V2: S,Dry,Daylight,Clear,0,0,92,57,FALSE,41.9396344,-71.26732859
15743,8/31/2016,August,Wednesday,1:15,2,1,1,0,Single vehicle crash,V1: Turning right,V1: N,Dry,Dark - lighted roadway,Clear,0,0,85,59,FALSE,41.91981411,-71.35860614
15744,8/31/2016,August,Wednesday,8:05,1,2,0,0,Rear-end,V1: Travelling straight ahead / V2: Travelling straight ahead,V1: S  / V2: S,Dry,Daylight,Clear,0,0,85,59,FALSE,41.96019116,-71.30118086
15745,8/31/2016,August,Wednesday,9:53,2,2,1,0,Angle,V1: Entering traffic lane / V2: Travelling straight ahead,V1: W  / V2: N,Dry,Daylight,Clear,0,0,85,59,FALSE,41.94274018,-71.28432859
15746,8/31/2016,August,Wednesday,22:45,2,2,1,0,Angle,V1: Travelling straight ahead / V2: Travelling straight ahead,V1: N  / V2: N,Wet,Dark - roadway not lighted,Clear,0,0,85,59,FALSE,41.92886018,-71.3230987
15747,9/1/2016,September,Thursday,8:08,2,2,1,0,Rear-end,V1: Travelling straight ahead / V2: Slowing or stopped in traffic,V1: S  / V2: S,Wet,Daylight,Rain,0.05,0,83,68,FALSE,41.91891265,-71.31713881
15748,9/1/2016,September,Thursday,8:51,1,4,0,0,Rear-end,V1: Slowing or stopped in traffic / V2: Slowing or stopped in traffic / V3: Slowing or stopped in traffic / V4: Travelling straight ahead,V1: N  / V2: N  / V3: N  / V4: N,Wet,Daylight,Rain,0.05,0,83,68,FALSE,34.24438675,-73.6513909
15749,9/1/2016,September,Thursday,12:24,1,1,0,0,Single vehicle crash,V1: Turning left,V1: W,Wet,Daylight,Cloudy,0.05,0,83,68,FALSE,41.92675288,-71.34334435
15750,9/1/2016,September,Thursday,17:00,1,2,0,0,Rear-end,V1: Travelling straight ahead / V2: Slowing or stopped in traffic,V1: S  / V2: S,Dry,Daylight,Clear,0.05,0,83,68,FALSE,41.96019116,-71.30118086
15751,9/2/2016,September,Friday,6:55,2,1,3,0,Single vehicle crash,V1: Leaving traffic lane,V1: W,Dry,Daylight,Cloudy,0.16,0,73,58,FALSE,41.95678774,-71.29614349
15752,9/2/2016,September,Friday,13:51,2,2,1,0,Rear-end,V1: Travelling straight ahead / V2: Slowing or stopped in traffic,V1: N  / V2: N,Dry,Daylight,Clear,0.16,0,73,58,FALSE,41.93874704,-71.29215576
15753,9/2/2016,September,Friday,14:48,1,2,0,0,Angle,V1: Changing lanes / V2: Travelling straight ahead,V1: S  / V2: S,Dry,Daylight,Clear,0.16,0,73,58,FALSE,41.92023106,-71.358425
15754,9/2/2016,September,Friday,16:53,1,2,0,0,Head-on,V1: Turning left / V2: Travelling straight ahead,V1: N  / V2: S,Dry,Daylight,Clear,0.16,0,73,58,FALSE,34.24438675,-73.6513909
15755,9/2/2016,September,Friday,17:13,2,2,1,0,Rear-end,V1: Travelling straight ahead / V2: Slowing or stopped in traffic,V1: S  / V2: S,Dry,Daylight,Clear,0.16,0,73,58,FALSE,41.92762143,-71.35470547
15756,9/3/2016,September,Saturday,13:26,1,2,0,0,Rear-end,V1: Travelling straight ahead / V2: Slowing or stopped in traffic,V1: N  / V2: N,Dry,Daylight,Clear,0,0,79,57,FALSE,41.90141286,-71.355534
15757,9/3/2016,September,Saturday,13:28,2,1,1,0,Angle,V1: Travelling straight ahead,V1: E,Dry,Daylight,Clear,0,0,79,57,FALSE,41.93624398,-71.26400311