ID,DATE,Month,Day of week,Crash Time,Crash Severity,Number of Vehicles,Total Nonfatal Injuries,Total Fatal Injuries,Manner of Collision,Vehicle Action Prior to Crash,Vehicle Travel Directions,Road Surface Condition,Ambient Light,Weather Condition,PRCP,SNOW,TMAX,TMIN,Ice,Longtitute,Latitute
15758,9/3/2016,September,Saturday,13:47,1,2,0,0,Angle,V1: Turning left / V2: Travelling straight ahead,V1: E  / V2: W,Dry,Daylight,Clear,0,0,79,57,FALSE,41.94757814,-71.27890389
15759,9/3/2016,September,Saturday,20:44,2,2,1,0,Angle,V1: Travelling straight ahead / V2: Entering traffic lane,V1: W  / V2: S,Dry,Dark - lighted roadway,Clear,0,0,79,57,FALSE,41.92387717,-71.35158914
15760,9/4/2016,September,Sunday,1:45,1,1,0,0,Single vehicle crash,V1: Travelling straight ahead,V1: 0,Dry,Dark - lighted roadway,Clear,0,0,75,56,FALSE,41.94281575,-71.28431654
15761,9/4/2016,September,Sunday,16:47,1,2,0,0,"Sideswipe, same direction",V1: Parked / V2: Travelling straight ahead,V1: Reported but invalid / V2: W,Dry,Daylight,Clear,0,0,75,56,FALSE,41.94218017,-71.29186134
15762,9/5/2016,September,Monday,12:07,2,2,1,0,Angle,V1: Travelling straight ahead / V2: Travelling straight ahead,V1: N  / V2: E,Dry,Daylight,Cloudy,0,0,76,58,FALSE,41.90564025,-71.35665923
15763,9/5/2016,September,Monday,14:29,1,2,0,0,Angle,V1: Travelling straight ahead / V2: Travelling straight ahead,V1: W  / V2: N,Dry,Daylight,Cloudy,0,0,76,58,FALSE,41.93584988,-71.28143838
15764,9/5/2016,September,Monday,17:11,1,2,0,0,"Sideswipe, opposite direction",V1: Travelling straight ahead / V2: Turning left,V1: E  / V2: W,Dry,Daylight,Clear,0,0,76,58,FALSE,41.95056017,-71.27440404
15765,9/6/2016,September,Tuesday,9:06,1,2,0,0,Rear-end,V1: Slowing or stopped in traffic / V2: Travelling straight ahead,V1: N  / V2: N,Dry,Daylight,Clear,0.42,0,72,58,FALSE,41.90217475,-71.35579772
15766,9/6/2016,September,Tuesday,12:22,1,2,0,0,Rear-end,V1: Travelling straight ahead / V2: Slowing or stopped in traffic,V1: S  / V2: S,Wet,Daylight,Cloudy,0.42,0,72,58,FALSE,41.92508738,-71.35628348
15767,9/6/2016,September,Tuesday,13:06,2,2,3,0,Rear-end,V1: Travelling straight ahead / V2: Slowing or stopped in traffic,V1: S  / V2: S,Dry,Daylight,Cloudy,0.42,0,72,58,FALSE,41.96207697,-71.29835824
15768,9/6/2016,September,Tuesday,15:47,1,2,0,0,Angle,V1: Turning right / V2: Travelling straight ahead,V1: 0 / V2: W,Dry,Daylight,Clear,0.42,0,72,58,FALSE,41.92521765,-71.28783389
15769,9/7/2016,September,Wednesday,8:26,1,2,0,0,Angle,V1: Travelling straight ahead / V2: Turning left,V1: E  / V2: N,Wet,Daylight,Cloudy,0.04,0,79,64,FALSE,41.95412511,-71.26145837
15770,9/7/2016,September,Wednesday,12:30,1,1,0,0,Single vehicle crash,V1: Travelling straight ahead,V1: S,Dry,Daylight,Clear,0.04,0,79,64,FALSE,41.9230612,-71.24003064
15771,9/7/2016,September,Wednesday,14:30,1,2,0,0,"Sideswipe, same direction",V1: Slowing or stopped in traffic / V2: Travelling straight ahead,V1: E  / V2: E,Dry,Daylight,Clear,0.04,0,79,64,FALSE,41.96599051,-71.29284356
15772,9/7/2016,September,Wednesday,14:53,2,2,1,0,Angle,V1: Entering traffic lane / V2: Travelling straight ahead,V1: E  / V2: N,Dry,Daylight,Cloudy,0.04,0,79,64,FALSE,41.94757814,-71.27890389
15773,9/7/2016,September,Wednesday,22:02,2,2,1,0,Angle,V1: Turning left / V2: Travelling straight ahead,V1: W  / V2: N,Wet,Dark - lighted roadway,Cloudy,0.04,0,79,64,FALSE,41.94586371,-71.28073807
15774,9/7/2016,September,Wednesday,22:47,1,2,0,0,"Sideswipe, same direction",V1: Overtaking/passing / V2: Travelling straight ahead,V1: W  / V2: W,Dry,Dark - lighted roadway,Clear,0.04,0,79,64,FALSE,41.92387717,-71.35158914
15775,9/8/2016,September,Thursday,11:12,1,2,0,0,Angle,V1: Entering traffic lane / V2: Travelling straight ahead,V1: W  / V2: S,Dry,Daylight,Clear,0.08,0,83,68,FALSE,41.95180679,-71.2898592
15776,9/8/2016,September,Thursday,12:21,1,2,0,0,Angle,V1: Entering traffic lane / V2: Travelling straight ahead,V1: S  / V2: W,Dry,Daylight,Clear,0.08,0,83,68,FALSE,41.93418941,-71.29971076
15777,9/8/2016,September,Thursday,13:23,1,2,0,0,Angle,V1: Entering traffic lane / V2: Travelling straight ahead,V1: W  / V2: N,Dry,Daylight,Clear,0.08,0,83,68,FALSE,41.90564025,-71.35665923
15778,9/8/2016,September,Thursday,16:10,1,2,0,0,Rear-end,V1: Travelling straight ahead / V2: Travelling straight ahead,V1: S  / V2: S,Dry,Daylight,Clear,0.08,0,83,68,FALSE,41.97015292,-71.29135147
15779,9/8/2016,September,Thursday,17:44,1,2,0,0,Angle,V1: Travelling straight ahead / V2: Turning right,V1: S  / V2: S,Dry,Daylight,Clear,0.08,0,83,68,FALSE,41.97095476,-71.29121735
15780,9/9/2016,September,Friday,11:29,1,2,0,0,Angle,V1: Travelling straight ahead / V2: Turning right,V1: E  / V2: N,Dry,Daylight,Clear,0,0,83,68,FALSE,41.93601097,-71.28269451
15781,9/9/2016,September,Friday,17:15,1,2,0,0,Angle,V1: Entering traffic lane / V2: Travelling straight ahead,V1: S  / V2: E,Dry,Daylight,Clear,0,0,83,68,FALSE,41.94472176,-71.2812504
15782,9/9/2016,September,Friday,22:58,1,1,0,0,Single vehicle crash,V1: Travelling straight ahead,V1: S,Dry,Dark - lighted roadway,Clear,0,0,83,68,FALSE,41.90212666,-71.36961947
15783,9/10/2016,September,Saturday,13:45,1,2,0,0,Rear-end,V1: Travelling straight ahead / V2: Slowing or stopped in traffic,V1: E  / V2: E,Dry,Daylight,Clear,0,0,94,72,FALSE,41.91795224,-71.36498628
15784,9/10/2016,September,Saturday,17:19,1,2,0,0,Rear-end,V1: Slowing or stopped in traffic / V2: Travelling straight ahead,V1: E  / V2: E,Dry,Daylight,Clear,0,0,94,72,FALSE,41.93269195,-71.32821357
15785,9/10/2016,September,Saturday,18:19,1,2,0,0,Angle,V1: Turning left / V2: Travelling straight ahead,V1: E  / V2: S,Dry,Daylight,Clear,0,0,94,72,FALSE,41.93359015,-71.30040441
15786,9/11/2016,September,Sunday,1:59,1,2,0,0,Rear-end,V1: Travelling straight ahead / V2: Parked,V1: N  / V2: N,Dry,Dark - lighted roadway,Clear,0,0,84,71,FALSE,41.9374227,-71.29402673
15787,9/11/2016,September,Sunday,10:21,2,2,1,0,Rear-end,V1: Entering traffic lane / V2: Entering traffic lane,V1: N  / V2: N,Dry,Daylight,Cloudy/Rain,0,0,84,71,FALSE,41.90141306,-71.35553413
15788,9/11/2016,September,Sunday,12:15,1,3,0,0,Rear-end,V1: Slowing or stopped in traffic / V2: Slowing or stopped in traffic / V3: Slowing or stopped in traffic,V1: E  / V2: E  / V3: E,Wet,Daylight,Cloudy,0,0,84,71,FALSE,41.93269195,-71.32821357
15789,9/12/2016,September,Monday,7:02,1,2,0,0,Rear-end,V1: Travelling straight ahead / V2: Slowing or stopped in traffic,V1: E  / V2: E,Dry,Daylight,Clear,0.01,0,83,50,FALSE,41.96939377,-71.29355357
15790,9/12/2016,September,Monday,9:42,1,1,0,0,Single vehicle crash,V1: Other,V1: S,Dry,Daylight,Clear,0.01,0,83,50,FALSE,41.91790012,-71.35941335
15791,9/12/2016,September,Monday,14:54,1,2,0,0,Rear-end,V1: Travelling straight ahead / V2: Slowing or stopped in traffic,V1: N  / V2: N,Dry,Daylight,Clear,0.01,0,83,50,FALSE,41.91035947,-71.36314658
15792,9/12/2016,September,Monday,16:20,2,2,3,0,Rear-end,V1: Travelling straight ahead / V2: Slowing or stopped in traffic,V1: S  / V2: S,Dry,Daylight,Clear,0.01,0,83,50,FALSE,41.90081079,-71.36802017
15793,9/13/2016,September,Tuesday,6:57,1,2,0,0,Rear-end,V1: Slowing or stopped in traffic / V2: Travelling straight ahead,V1: E  / V2: E,Dry,Dawn,Clear,0,0,80,50,FALSE,41.93397801,-71.31891093
15794,9/13/2016,September,Tuesday,9:22,1,2,0,0,Rear-end,V1: Slowing or stopped in traffic / V2: Travelling straight ahead,V1: S  / V2: S,Dry,Daylight,Clear,0,0,80,50,FALSE,41.93388284,-71.31993479
15795,9/13/2016,September,Tuesday,13:40,1,3,0,0,Angle,V1: Travelling straight ahead / V2: Turning left / V3: Slowing or stopped in traffic,V1: E  / V2: S  / V3: N,Dry,Daylight,Clear,0,0,80,50,FALSE,41.9483337,-71.27794679
15796,9/14/2016,September,Wednesday,1:45,2,2,2,0,Head-on,V1: Other / V2: Travelling straight ahead,V1: N  / V2: S,Dry,Dark - lighted roadway,Clear,0,0,83,53,FALSE,41.96206395,-71.28805376
15797,9/15/2016,September,Thursday,15:50,1,2,0,0,Rear-end,V1: Travelling straight ahead / V2: Turning left,V1: N  / V2: N,Dry,Daylight,Clear,0,0,91,52,FALSE,41.92644259,-71.35554103
15798,9/15/2016,September,Thursday,17:23,2,2,1,0,Angle,V1: Turning left / V2: Travelling straight ahead,V1: N  / V2: S,Dry,Daylight,Clear,0,0,91,52,FALSE,41.90451641,-71.36613394
15799,9/16/2016,September,Friday,12:36,1,2,0,0,Angle,V1: Parked / V2: Backing,V1: N  / V2: S,Dry,Daylight,Clear,0,0,73,44,FALSE,41.9484982,-71.28894749
15800,9/16/2016,September,Friday,13:08,1,2,0,0,Single vehicle crash,V1: Travelling straight ahead / V2: Turning right,V1: N  / V2: S,Dry,Daylight,Clear,0,0,73,44,FALSE,41.94471748,-71.28289151
15801,9/16/2016,September,Friday,15:39,1,2,0,0,Rear-end,V1: Travelling straight ahead / V2: Slowing or stopped in traffic,V1: S  / V2: S,Dry,Daylight,Clear,0,0,73,44,FALSE,41.96019116,-71.30118086
15802,9/17/2016,September,Saturday,14:28,1,2,0,0,Rear-end,V1: Travelling straight ahead / V2: Slowing or stopped in traffic,V1: E  / V2: E,Dry,Daylight,Cloudy,0,0,76,46,FALSE,41.94872235,-71.28913727
15803,9/19/2016,September,Monday,8:07,1,2,0,0,Angle,V1: Entering traffic lane / V2: Entering traffic lane,V1: W  / V2: S,Dry,Daylight,Cloudy,0,0,81,70,FALSE,41.93269195,-71.32821357
15804,9/19/2016,September,Monday,8:43,1,1,0,0,Single vehicle crash,V1: Travelling straight ahead,V1: N,Dry,Daylight,Cloudy,0,0,81,70,FALSE,41.94906512,-71.28191873
15805,9/19/2016,September,Monday,13:41,1,2,0,0,Rear-end,V1: Slowing or stopped in traffic / V2: Travelling straight ahead,V1: W  / V2: W,Dry,Daylight,Clear,0,0,81,70,FALSE,41.92446027,-71.28906707
15806,9/20/2016,September,Tuesday,8:55,1,2,0,0,Rear-end,V1: Slowing or stopped in traffic / V2: Travelling straight ahead,V1: S  / V2: S,Dry,Daylight,Cloudy,0.26,0,74,67,FALSE,41.96019116,-71.30118086
15807,9/20/2016,September,Tuesday,13:26,2,2,1,0,Angle,V1: Leaving traffic lane / V2: Travelling straight ahead,V1: W  / V2: E,Dry,Daylight,Clear,0.26,0,74,67,FALSE,41.92891567,-71.28308165
15808,9/20/2016,September,Tuesday,15:35,1,2,0,0,Angle,V1: Backing / V2: Travelling straight ahead,V1: W  / V2: N,Dry,Daylight,Clear,0.26,0,74,67,FALSE,41.93476686,-71.28491586
15809,9/20/2016,September,Tuesday,17:05,1,2,0,0,Angle,V1: Entering traffic lane / V2: Travelling straight ahead,V1: W  / V2: E,Dry,Daylight,Clear,0.26,0,74,67,FALSE,41.91562886,-71.36047108
15810,9/20/2016,September,Tuesday,17:09,1,2,0,0,Angle,V1: Turning right / V2: Travelling straight ahead,V1: S  / V2: E,Dry,Daylight,Cloudy,0.26,0,74,67,FALSE,41.94450501,-71.28411703
15811,9/21/2016,September,Wednesday,11:33,1,2,0,0,Angle,V1: Travelling straight ahead / V2: Travelling straight ahead,V1: W  / V2: N,Dry,Daylight,Clear,0,0,82,63,FALSE,41.96415723,-71.30120259
15812,9/22/2016,September,Thursday,17:15,2,4,2,0,Rear-end,V1: Travelling straight ahead / V2: 0 / V3: Slowing or stopped in traffic / V4: Slowing or stopped in traffic,V1: S  / V2: 0 / V3: S  / V4: S,Dry,Daylight,Clear,0,0,86,54,FALSE,34.24438675,-73.6513909
15813,9/23/2016,September,Friday,6:00,1,1,0,0,"Sideswipe, opposite direction",V1: Travelling straight ahead,V1: W,Dry,Dark - lighted roadway,Clear,0,0,86,53,FALSE,41.95437986,-71.25499915
15814,9/23/2016,September,Friday,10:29,1,2,0,0,Rear-end,V1: Travelling straight ahead / V2: Travelling straight ahead,V1: S  / V2: S,Dry,Daylight,Clear,0,0,86,53,FALSE,41.91981411,-71.35860614
15815,9/23/2016,September,Friday,15:09,1,2,0,0,Angle,V1: Travelling straight ahead / V2: Travelling straight ahead,V1: W  / V2: S,Dry,Daylight,Clear,0,0,86,53,FALSE,41.95234013,-71.29601132
15816,9/23/2016,September,Friday,15:43,1,2,0,0,Angle,V1: Entering traffic lane / V2: Travelling straight ahead,V1: W  / V2: N,Dry,Daylight,Clear,0,0,86,53,FALSE,41.93294317,-71.30065777
15817,9/24/2016,September,Saturday,10:03,1,3,0,0,Rear-end,V1: Travelling straight ahead / V2: Slowing or stopped in traffic / V3: Slowing or stopped in traffic,V1: E  / V2: E  / V3: E,Dry,Daylight,Clear,0.13,0,83,54,FALSE,41.94382171,-71.28506735
15818,9/24/2016,September,Saturday,12:08,1,2,0,0,Angle,V1: Travelling straight ahead / V2: Travelling straight ahead,V1: E  / V2: S,Dry,Daylight,Clear,0.13,0,83,54,FALSE,41.93406554,-71.30574057
15819,9/24/2016,September,Saturday,16:14,1,2,0,0,Angle,V1: Travelling straight ahead / V2: Travelling straight ahead,V1: W  / V2: S,Dry,Daylight,Clear,0.13,0,83,54,FALSE,41.92014284,-71.35719783
15820,9/24/2016,September,Saturday,17:36,1,1,0,0,Single vehicle crash,V1: Turning right,V1: N,Dry,Daylight,Clear,0.13,0,83,54,FALSE,41.94757814,-71.27890389
15821,9/25/2016,September,Sunday,13:19,1,2,0,0,Rear-end,V1: Travelling straight ahead / V2: Slowing or stopped in traffic,V1: N  / V2: N,Dry,Daylight,Clear,0,0,70,41,FALSE,41.93518136,-71.28488512
15822,9/25/2016,September,Sunday,13:27,1,2,0,0,Head-on,V1: Entering traffic lane / V2: Travelling straight ahead,V1: W  / V2: E,Dry,Daylight,Clear,0,0,70,41,FALSE,41.94591875,-71.28363134
15823,9/26/2016,September,Monday,11:12,1,2,0,0,Rear-end,V1: Travelling straight ahead / V2: Parked,V1: N  / V2: 0,Dry,Daylight,Clear,0,0,68,38,FALSE,41.95397419,-71.25879517
15824,9/26/2016,September,Monday,15:42,1,2,0,0,Angle,V1: Turning left / V2: Turning left,V1: E  / V2: W,Dry,Daylight,Clear,0,0,68,38,FALSE,41.95180679,-71.2898592
15825,9/26/2016,September,Monday,18:03,2,2,1,0,Angle,V1: Travelling straight ahead / V2: Slowing or stopped in traffic,V1: W  / V2: E,Dry,Daylight,Clear,0,0,68,38,FALSE,41.94757814,-71.27890389
15826,9/26/2016,September,Monday,19:14,1,1,0,0,Single vehicle crash,V1: Travelling straight ahead,V1: W,Dry,Dark - lighted roadway,Clear,0,0,68,38,FALSE,41.95329818,-71.27835521
15827,9/27/2016,September,Tuesday,18:16,1,3,0,0,Rear-end,V1: Travelling straight ahead / V2: Travelling straight ahead / V3: Travelling straight ahead,V1: W  / V2: W  / V3: W,Dry,Dark - lighted roadway,Clear,0.27,0,70,38,FALSE,41.96948008,-71.29238929
15828,9/28/2016,September,Wednesday,5:26,1,2,0,0,"Sideswipe, same direction",V1: Travelling straight ahead / V2: Parked,V1: N  / V2: 0,Dry,Dark - lighted roadway,Cloudy,0.14,0,72,55,FALSE,41.94444966,-71.2795884
15829,9/28/2016,September,Wednesday,11:54,1,2,0,0,Rear-end,V1: Slowing or stopped in traffic / V2: Travelling straight ahead,V1: N  / V2: N,Dry,Daylight,Cloudy,0.14,0,72,55,FALSE,41.91678859,-71.29830852
15830,9/28/2016,September,Wednesday,15:45,2,2,1,0,Rear-end,V1: Travelling straight ahead / V2: Slowing or stopped in traffic,V1: S  / V2: S,Dry,Daylight,Clear,0.14,0,72,55,FALSE,34.24438675,-73.6513909
15831,9/28/2016,September,Wednesday,18:55,1,2,0,0,"Sideswipe, opposite direction",V1: Slowing or stopped in traffic / V2: Turning right,V1: W  / V2: E,Wet,Dark - lighted roadway,Rain,0.14,0,72,55,FALSE,41.94928318,-71.28964082
15832,9/29/2016,September,Thursday,7:17,1,3,0,0,Rear-end,V1: Slowing or stopped in traffic / V2: Slowing or stopped in traffic / V3: Travelling straight ahead,V1: N  / V2: N  / V3: N,Dry,Daylight,Clear,0.01,0,60,55,FALSE,41.93656489,-71.31699184
15833,9/29/2016,September,Thursday,7:18,2,1,1,0,Single vehicle crash,V1: Travelling straight ahead,V1: N,Dry,Daylight,Clear,0.01,0,60,55,FALSE,41.92841414,-71.22407131
15834,9/29/2016,September,Thursday,7:54,1,3,0,0,Rear-end,V1: Travelling straight ahead / V2: Travelling straight ahead / V3: Travelling straight ahead,V1: N  / V2: N  / V3: N,Dry,Daylight,Clear,0.01,0,60,55,FALSE,41.95593405,-71.30346756
15835,9/29/2016,September,Thursday,9:28,1,2,0,0,Angle,V1: Entering traffic lane / V2: Travelling straight ahead,V1: N  / V2: E,Dry,Daylight,Cloudy,0.01,0,60,55,FALSE,41.9473205,-71.24745408
15836,9/29/2016,September,Thursday,10:08,1,1,0,0,Single vehicle crash,V1: Turning right,V1: S,Dry,Daylight,Cloudy,0.01,0,60,55,FALSE,41.93118399,-71.26031362
15837,9/29/2016,September,Thursday,13:26,1,2,0,0,Rear-end,V1: Travelling straight ahead / V2: Slowing or stopped in traffic,V1: E  / V2: E,Wet,Daylight,Cloudy,0.01,0,60,55,FALSE,41.93394912,-71.30898994
15838,9/30/2016,September,Friday,13:46,1,2,0,0,"Sideswipe, same direction",V1: Travelling straight ahead / V2: Changing lanes,V1: W  / V2: W,Dry,Daylight,Cloudy,0,0,59,53,FALSE,41.94799617,-71.27838738
15839,9/30/2016,September,Friday,16:08,1,3,0,0,Rear-end,V1: Travelling straight ahead / V2: Slowing or stopped in traffic / V3: Slowing or stopped in traffic,V1: W  / V2: W  / V3: W,Wet,Daylight,Cloudy/Rain,0,0,59,53,FALSE,41.93269195,-71.32821357
15840,9/30/2016,September,Friday,16:56,1,1,0,0,Single vehicle crash,V1: Travelling straight ahead,V1: N,Wet,Daylight,Cloudy/Rain,0,0,59,53,FALSE,41.96732232,-71.2730762
15841,9/30/2016,September,Friday,22:29,2,1,1,0,Single vehicle crash,V1: Travelling straight ahead,V1: S,Dry,Dark - lighted roadway,Rain,0,0,59,53,FALSE,41.91035947,-71.36314658
15842,9/30/2016,September,Friday,22:47,1,1,0,0,Single vehicle crash,V1: Leaving traffic lane,V1: S,Wet,Dark - roadway not lighted,Cloudy/Rain,0,0,59,53,FALSE,41.96019116,-71.30118086
15843,10/1/2016,October,Saturday,5:58,2,2,3,0,Angle,V1: Travelling straight ahead / V2: Turning left,V1: W  / V2: E,Wet,Dark - lighted roadway,Rain,1.45,0,62,55,FALSE,41.96939377,-71.29355357
15844,10/1/2016,October,Saturday,7:52,1,2,0,0,Head-on,V1: Turning left / V2: Travelling straight ahead,V1: E  / V2: W,Wet,Daylight,Rain,1.45,0,62,55,FALSE,41.93359015,-71.30040441
15845,10/1/2016,October,Saturday,10:20,1,1,0,0,Single vehicle crash,V1: Travelling straight ahead,V1: E,Wet,Daylight,Rain,1.45,0,62,55,FALSE,41.95098019,-71.29761373
15846,10/1/2016,October,Saturday,10:23,1,2,0,0,Angle,V1: Turning left / V2: Travelling straight ahead,V1: S  / V2: S,0,Daylight,Rain,1.45,0,62,55,FALSE,41.89733197,-71.36979234
15847,10/1/2016,October,Saturday,12:44,1,1,0,0,Single vehicle crash,V1: Turning right,V1: S,Wet,Daylight,Rain,1.45,0,62,55,FALSE,41.89837519,-71.37074164
15848,10/3/2016,October,Monday,6:16,1,1,0,0,"Sideswipe, same direction",V1: Turning right,V1: E,Dry,Dawn,Cloudy,0,0,58,54,FALSE,41.93623387,-71.28481203
15849,10/3/2016,October,Monday,6:29,1,1,0,0,Single vehicle crash,V1: Travelling straight ahead,V1: E,Dry,Daylight,Clear,0,0,58,54,FALSE,41.95326461,-71.26767759
15850,10/3/2016,October,Monday,10:08,1,1,0,0,Single vehicle crash,V1: Travelling straight ahead,V1: W,Dry,Daylight,Cloudy,0,0,58,54,FALSE,41.93409504,-71.31976536
15851,10/3/2016,October,Monday,15:37,2,1,1,0,Angle,V1: Turning left,V1: S,Dry,Daylight,Clear,0,0,58,54,FALSE,41.9472108,-71.28786501
15852,10/4/2016,October,Tuesday,5:09,1,2,0,0,Angle,V1: Entering traffic lane / V2: Turning left,V1: E  / V2: N,Dry,Dark - lighted roadway,Clear,0,0,73,55,FALSE,41.91649569,-71.30362942
15853,10/4/2016,October,Tuesday,8:15,1,3,0,0,Rear-end,V1: Travelling straight ahead / V2: Changing lanes / V3: Travelling straight ahead,V1: S  / V2: S  / V3: S,Dry,Daylight,Cloudy,0,0,73,55,FALSE,41.96019116,-71.30118086
15854,10/4/2016,October,Tuesday,14:35,1,2,0,0,Angle,V1: Turning right / V2: Slowing or stopped in traffic,V1: E  / V2: U,Dry,Daylight,Clear,0,0,73,55,FALSE,41.92890236,-71.35392825
15855,10/4/2016,October,Tuesday,18:33,1,2,0,0,Rear-end,V1: Entering traffic lane / V2: Travelling straight ahead,V1: E  / V2: E,Dry,Dusk,Clear,0,0,73,55,FALSE,41.93393479,-71.31691168
15856,10/4/2016,October,Tuesday,19:36,1,2,0,0,"Sideswipe, opposite direction",V1: Travelling straight ahead / V2: Travelling straight ahead,V1: W  / V2: E,Dry,Dark - lighted roadway,Clear,0,0,73,55,FALSE,41.95305339,-71.27718856
15857,10/5/2016,October,Wednesday,8:02,2,2,1,0,Angle,V1: Turning left / V2: Travelling straight ahead,V1: N  / V2: E,Dry,Daylight,Clear,0,0,67,45,FALSE,41.94586371,-71.28073807
15858,10/5/2016,October,Wednesday,9:44,1,2,0,0,Angle,V1: Turning right / V2: Travelling straight ahead,V1: N  / V2: N,Dry,Daylight,Clear,0,0,67,45,FALSE,41.91981411,-71.35860614
15859,10/5/2016,October,Wednesday,19:28,1,2,0,0,Angle,V1: Travelling straight ahead / V2: Travelling straight ahead,V1: W  / V2: S,Dry,Dark - lighted roadway,Clear,0,0,67,45,FALSE,41.94245198,-71.28698244
15860,10/5/2016,October,Wednesday,23:51,2,1,3,0,Head-on,V1: Travelling straight ahead,V1: E,Dry,Dark - lighted roadway,Clear,0,0,67,45,FALSE,41.93150481,-71.33366365
15861,10/6/2016,October,Thursday,8:49,1,1,0,0,Single vehicle crash,V1: Backing,V1: W,Dry,Daylight,Clear,0,0,66,39,FALSE,41.93051616,-71.33611756
15862,10/6/2016,October,Thursday,16:57,2,2,1,0,Angle,V1: Travelling straight ahead / V2: Making U-turn,V1: W  / V2: S,Dry,Daylight,Clear,0,0,66,39,FALSE,41.90368729,-71.33833285
15863,10/7/2016,October,Friday,13:03,2,2,1,0,Rear-end,V1: Travelling straight ahead / V2: Parked,V1: S  / V2: S,Dry,Daylight,Clear,0,0,74,40,FALSE,41.91657285,-71.30347751
15864,10/7/2016,October,Friday,14:40,1,2,0,0,"Sideswipe, same direction",V1: Travelling straight ahead / V2: Changing lanes,V1: N  / V2: N,Dry,Daylight,Clear,0,0,74,40,FALSE,34.24438675,-73.6513909
15865,10/7/2016,October,Friday,15:04,1,2,0,0,Rear-end,V1: Travelling straight ahead / V2: Slowing or stopped in traffic,V1: S  / V2: S,Dry,Daylight,Clear,0,0,74,40,FALSE,41.93507804,-71.28489367
15866,10/8/2016,October,Saturday,0:56,2,1,1,0,Single vehicle crash,V1: Travelling straight ahead,V1: S,Dry,Dark - lighted roadway,Clear,0,0,76,42,FALSE,41.91200775,-71.25878583
15867,10/8/2016,October,Saturday,6:55,1,1,0,0,Single vehicle crash,V1: Travelling straight ahead,V1: 0,Dry,Daylight,Cloudy,0,0,76,42,FALSE,41.9015302,-71.32110201
15868,10/9/2016,October,Sunday,9:56,1,2,0,0,Rear-end,V1: Travelling straight ahead / V2: Slowing or stopped in traffic,V1: N  / V2: N,Wet,Daylight,Cloudy/Rain,0.15,0,71,43,FALSE,41.92421037,-71.35660415
15869,10/9/2016,October,Sunday,18:10,1,2,0,0,Rear-end,V1: Slowing or stopped in traffic / V2: Slowing or stopped in traffic,V1: E  / V2: E,Wet,Dark - lighted roadway,Rain,0.15,0,71,43,FALSE,41.89903243,-71.355186
15870,10/10/2016,October,Monday,14:38,2,1,1,0,"Sideswipe, same direction",V1: Travelling straight ahead,V1: W,Dry,Daylight,Clear,1.85,0,62,43,FALSE,41.94455607,-71.28030443
15871,10/11/2016,October,Tuesday,7:51,1,2,0,0,Angle,V1: Entering traffic lane / V2: Travelling straight ahead,V1: S  / V2: N,Dry,Daylight,Clear,0,0,61,36,FALSE,41.95644593,-71.26922365
15872,10/11/2016,October,Tuesday,9:25,1,2,0,0,Angle,V1: Backing / V2: Parked,V1: S  / V2: U,Dry,Daylight,Clear,0,0,61,36,FALSE,41.94685629,-71.28341714
15873,10/11/2016,October,Tuesday,11:42,1,2,0,0,"Sideswipe, opposite direction",V1: Travelling straight ahead / V2: Backing,V1: W  / V2: N,Dry,Daylight,Clear,0,0,61,36,FALSE,41.91542159,-71.30538433
15874,10/12/2016,October,Wednesday,6:22,1,2,0,0,Rear-end,V1: Slowing or stopped in traffic / V2: Travelling straight ahead,V1: N  / V2: N,Dry,Daylight,Clear,0,0,64,36,FALSE,41.90231844,-71.35595143
15875,10/12/2016,October,Wednesday,12:53,1,2,0,0,Angle,V1: Backing / V2: Turning left,V1: W  / V2: E,Dry,Daylight,Clear,0,0,64,36,FALSE,41.89898181,-71.35617491
15876,10/12/2016,October,Wednesday,21:50,2,2,1,0,"Sideswipe, same direction",V1: Travelling straight ahead / V2: Changing lanes,V1: S  / V2: S,Dry,Dark - roadway not lighted,Clear,0,0,64,36,FALSE,41.92927403,-71.32377045
15877,10/13/2016,October,Thursday,9:00,1,3,0,0,Rear-end,V1: Slowing or stopped in traffic / V2: Travelling straight ahead / V3: Travelling straight ahead,V1: N  / V2: N  / V3: N,Dry,Daylight,Clear,0,0,69,39,FALSE,41.95514928,-71.30432065
15878,10/13/2016,October,Thursday,14:34,1,1,0,0,Single vehicle crash,V1: Turning right,V1: W,Dry,Daylight,Clear,0,0,69,39,FALSE,41.90857957,-71.36406078
15879,10/14/2016,October,Friday,16:31,2,2,1,0,Angle,V1: Entering traffic lane / V2: Travelling straight ahead,V1: W  / V2: N,Dry,Daylight,Clear,0.01,0,71,43,FALSE,34.24438675,-73.6513909