ID,DATE,Month,Day of week,Crash Time,Crash Severity,Number of Vehicles,Total Nonfatal Injuries,Total Fatal Injuries,Manner of Collision,Vehicle Action Prior to Crash,Vehicle Travel Directions,Road Surface Condition,Ambient Light,Weather Condition,PRCP,SNOW,TMAX,TMIN,Ice,Longtitute,Latitute
15880,10/15/2016,October,Saturday,7:02,2,1,1,0,Single vehicle crash,V1: Travelling straight ahead,V1: S,Dry,Daylight,Clear,0,0,61,34,FALSE,41.96019116,-71.30118086
15881,10/16/2016,October,Sunday,13:05,1,2,0,0,"Sideswipe, same direction",V1: Travelling straight ahead / V2: Travelling straight ahead,V1: S  / V2: S,Dry,Daylight,Clear,0,0,63,34,FALSE,41.89903243,-71.355186
15882,10/18/2016,October,Tuesday,2:06,1,1,0,0,Single vehicle crash,V1: Travelling straight ahead,V1: S,Dry,Dark - roadway not lighted,Cloudy,0.02,0,79,57,FALSE,34.24438675,-73.6513909
15883,10/18/2016,October,Tuesday,20:18,1,2,0,0,Rear-to-rear,V1: Backing / V2: 0,V1: N  / V2: 0,Dry,Dark - lighted roadway,Clear,0.02,0,79,57,FALSE,41.93091656,-71.35304355
15884,10/19/2016,October,Wednesday,4:08,1,1,0,0,Angle,V1: Travelling straight ahead,V1: E,Dry,Dark - lighted roadway,Cloudy,0,0,78,59,FALSE,41.90339325,-71.30412974
15885,10/19/2016,October,Wednesday,7:02,1,1,0,0,Single vehicle crash,V1: Travelling straight ahead,V1: S,Dry,Daylight,Clear,0,0,78,59,FALSE,41.90433577,-71.35012688
15886,10/19/2016,October,Wednesday,7:21,1,2,0,0,Angle,V1: Turning left / V2: Travelling straight ahead,V1: W  / V2: S,Dry,Daylight,Clear,0,0,78,59,FALSE,41.94845803,-71.30212015
15887,10/19/2016,October,Wednesday,13:57,1,2,0,0,"Sideswipe, same direction",V1: Turning right / V2: Travelling straight ahead,V1: S  / V2: S,Dry,Daylight,Clear,0,0,78,59,FALSE,41.91619723,-71.35885587
15888,10/19/2016,October,Wednesday,23:56,1,1,0,0,Single vehicle crash,V1: Travelling straight ahead,V1: W,Dry,Dark - lighted roadway,Clear,0,0,78,59,FALSE,41.95412163,-71.26109078
15889,10/20/2016,October,Thursday,11:18,1,2,0,0,"Sideswipe, same direction",V1: Changing lanes / V2: Travelling straight ahead,V1: S  / V2: S,Dry,Daylight,Clear,0,0,82,48,FALSE,41.94832533,-71.27795772
15890,10/20/2016,October,Thursday,13:55,2,1,1,0,Angle,V1: Travelling straight ahead,V1: E,Dry,Daylight,Clear,0,0,82,48,FALSE,41.94758208,-71.27687472
15891,10/21/2016,October,Friday,16:11,1,2,0,0,Rear-end,V1: Travelling straight ahead / V2: Slowing or stopped in traffic,V1: S  / V2: S,Wet,Daylight,Cloudy/Rain,0.12,0,68,48,FALSE,41.9396344,-71.26732859
15892,10/21/2016,October,Friday,16:35,1,2,0,0,Rear-end,V1: Travelling straight ahead / V2: Slowing or stopped in traffic,V1: N  / V2: N,Wet,Daylight,Cloudy/Rain,0.12,0,68,48,FALSE,41.93673892,-71.29510971
15893,10/21/2016,October,Friday,17:32,1,2,0,0,"Sideswipe, same direction",V1: Changing lanes / V2: Travelling straight ahead,V1: E  / V2: E,Wet,Dark - lighted roadway,Cloudy/Rain,0.12,0,68,48,FALSE,41.93405012,-71.31579284
15894,10/21/2016,October,Friday,20:12,1,1,0,0,Single vehicle crash,V1: Travelling straight ahead,V1: E,Wet,Dark - lighted roadway,Rain,0.12,0,68,48,FALSE,41.89687588,-71.37788323
15895,10/21/2016,October,Friday,22:22,2,1,1,0,Single vehicle crash,V1: Travelling straight ahead,V1: S,Wet,Dark - roadway not lighted,Rain,0.12,0,68,48,FALSE,41.93804592,-71.31642932
15896,10/22/2016,October,Saturday,1:35,1,1,0,0,Single vehicle crash,V1: Travelling straight ahead,V1: W,Wet,Dark - lighted roadway,Fog,0.59,0,75,64,FALSE,41.97015292,-71.29135147
15897,10/22/2016,October,Saturday,2:41,1,1,0,0,Single vehicle crash,V1: Travelling straight ahead,V1: E,Wet,Dark - lighted roadway,Cloudy,0.59,0,75,64,FALSE,41.92936564,-71.30253741
15898,10/22/2016,October,Saturday,7:55,1,1,0,0,Single vehicle crash,V1: Turning right,V1: N,Dry,Daylight,Clear,0.59,0,75,64,FALSE,41.95356907,-71.30429525
15899,10/22/2016,October,Saturday,10:33,1,3,0,0,Rear-end,V1: Travelling straight ahead / V2: Slowing or stopped in traffic / V3: Turning left,V1: E  / V2: E  / V3: E,Wet,Daylight,Rain,0.59,0,75,64,FALSE,41.91795224,-71.36498628
15900,10/22/2016,October,Saturday,10:49,1,2,0,0,Angle,V1: Turning left / V2: Travelling straight ahead,V1: E  / V2: E,Wet,Daylight,Cloudy/Rain,0.59,0,75,64,FALSE,41.94757814,-71.27890389
15901,10/22/2016,October,Saturday,13:19,1,2,0,0,Angle,V1: Travelling straight ahead / V2: Turning left,V1: N  / V2: N,Dry,Daylight,Cloudy,0.59,0,75,64,FALSE,41.94245198,-71.28698244
15902,10/23/2016,October,Sunday,9:42,1,2,0,0,Rear-end,V1: Slowing or stopped in traffic / V2: Travelling straight ahead,V1: E  / V2: E,Dry,Daylight,Clear,0.12,0,65,43,FALSE,41.93393836,-71.3077318
15903,10/23/2016,October,Sunday,14:32,2,2,1,0,Rear-end,V1: Travelling straight ahead / V2: Travelling straight ahead,V1: N  / V2: N,Dry,Daylight,Clear,0.12,0,65,43,FALSE,41.91325585,-71.3590575
15904,10/24/2016,October,Monday,14:45,2,2,1,0,Rear-end,V1: Travelling straight ahead / V2: Parked,V1: S  / V2: S,Dry,Daylight,Clear,0.03,0,59,45,FALSE,41.94935006,-71.30410088
15905,10/24/2016,October,Monday,15:34,1,2,0,0,Head-on,V1: Turning left / V2: Other,V1: W  / V2: E,Dry,Daylight,Clear,0.03,0,59,45,FALSE,41.91760691,-71.31957433
15906,10/26/2016,October,Wednesday,16:25,1,2,0,0,Rear-to-rear,V1: Backing / V2: Parked,V1: S  / V2: W,Dry,Daylight,Clear,0,0,52,33,FALSE,41.94898405,-71.28937601
15907,10/26/2016,October,Wednesday,17:10,1,2,0,0,Rear-end,V1: Backing / V2: Parked,V1: E  / V2: W,Dry,Daylight,Clear,0,0,52,33,FALSE,41.94757015,-71.30544402
15908,10/26/2016,October,Wednesday,21:17,2,1,1,0,Single vehicle crash,V1: Travelling straight ahead,V1: N,Dry,Dark - roadway not lighted,Cloudy,0,0,52,33,FALSE,41.92880852,-71.3231396
15909,10/26/2016,October,Wednesday,22:34,1,1,0,0,Single vehicle crash,V1: Travelling straight ahead,V1: W,Wet,Dark - lighted roadway,Rain,0,0,52,33,FALSE,41.90438331,-71.30210625
15910,10/27/2016,October,Thursday,10:37,1,2,0,0,Angle,V1: Backing / V2: Parked,V1: E  / V2: 0,0,Daylight,Cloudy,0,0,49,29,TRUE,41.93703969,-71.28239827
15911,10/27/2016,October,Thursday,14:38,1,2,0,0,Angle,V1: Entering traffic lane / V2: Travelling straight ahead,V1: E  / V2: S,Wet,Daylight,Rain,0,0,49,29,TRUE,41.93421769,-71.2996754
15912,10/27/2016,October,Thursday,14:43,1,2,0,0,Angle,V1: Turning left / V2: Slowing or stopped in traffic,V1: W  / V2: N,Wet,Daylight,Cloudy/Rain,0,0,49,29,TRUE,41.9483337,-71.27794679
15913,10/27/2016,October,Thursday,17:13,2,4,1,0,Rear-end,V1: Travelling straight ahead / V2: Slowing or stopped in traffic / V3: Slowing or stopped in traffic / V4: Travelling straight ahead,V1: E  / V2: E  / V3: E  / V4: N,Wet,Daylight,Rain,0,0,49,29,TRUE,41.89618753,-71.37039513
15914,10/27/2016,October,Thursday,17:20,1,2,0,0,Angle,V1: Entering traffic lane / V2: Travelling straight ahead,V1: S  / V2: E,Wet,Dusk,Rain,0,0,49,29,TRUE,41.94757814,-71.27890389
15915,10/27/2016,October,Thursday,19:44,1,1,0,0,Single vehicle crash,V1: Travelling straight ahead,V1: S,Wet,Dark - 0 roadway lighting,Rain,0,0,49,29,TRUE,34.24438675,-73.6513909
15916,10/27/2016,October,Thursday,20:10,1,1,0,0,Single vehicle crash,V1: Travelling straight ahead,V1: S,Wet,Dark - lighted roadway,Rain,0,0,49,29,TRUE,34.24438675,-73.6513909
15917,10/27/2016,October,Thursday,23:06,2,2,2,0,Angle,V1: Turning left / V2: Travelling straight ahead,V1: S  / V2: W,Wet,Dark - lighted roadway,Rain,0,0,49,29,TRUE,41.95279399,-71.26926096
15918,10/28/2016,October,Friday,11:21,2,3,1,0,Angle,V1: Travelling straight ahead / V2: Travelling straight ahead / V3: Parked,V1: S  / V2: W  / V3: 0,Wet,Daylight,Cloudy/Rain,0.76,0,53,30,TRUE,41.94683059,-71.28375978
15919,10/28/2016,October,Friday,17:43,1,1,0,0,Single vehicle crash,V1: Turning right,V1: E,Dry,Dark - lighted roadway,Clear,0.76,0,53,30,TRUE,41.9374227,-71.29402673
15920,10/28/2016,October,Friday,20:03,0,1,0,0,Single vehicle crash,V1: Travelling straight ahead,V1: S,Wet,Dark - lighted roadway,Rain,0.76,0,53,30,TRUE,41.89620071,-71.37038787
15921,10/29/2016,October,Saturday,0:43,0,1,0,0,Single vehicle crash,V1: Travelling straight ahead,V1: N,Dry,Dark - lighted roadway,Cloudy,0.01,0,51,39,FALSE,41.94225649,-71.27227635
15922,10/29/2016,October,Saturday,12:39,1,2,0,0,Angle,V1: Travelling straight ahead / V2: Travelling straight ahead,V1: U  / V2: U,Dry,Daylight,Clear,0.01,0,51,39,FALSE,41.90638632,-71.35686316
15923,10/29/2016,October,Saturday,13:40,1,2,0,0,Rear-end,V1: Slowing or stopped in traffic / V2: Travelling straight ahead,V1: E  / V2: E,Dry,Daylight,Cloudy,0.01,0,51,39,FALSE,41.93207931,-71.29280404
15924,10/29/2016,October,Saturday,14:16,1,1,0,0,Single vehicle crash,V1: Backing,V1: E,Dry,Daylight,Cloudy,0.01,0,51,39,FALSE,41.92085633,-71.35605824
15925,10/29/2016,October,Saturday,16:40,1,2,0,0,Angle,V1: Travelling straight ahead / V2: Travelling straight ahead,V1: S  / V2: W,Dry,Daylight,Clear,0.01,0,51,39,FALSE,41.90616258,-71.35680295
15926,10/30/2016,October,Sunday,10:48,1,2,0,0,Angle,V1: Entering traffic lane / V2: Travelling straight ahead,V1: U  / V2: S,Dry,Daylight,Clear,0,0,59,38,FALSE,41.91981411,-71.35860614
15927,10/30/2016,October,Sunday,16:50,1,2,0,0,Angle,V1: Backing / V2: Slowing or stopped in traffic,V1: W  / V2: S,Wet,Dusk,Rain,0,0,59,38,FALSE,41.90564025,-71.35665923
15928,10/31/2016,October,Monday,10:13,1,1,0,0,Single vehicle crash,V1: Travelling straight ahead,V1: S,Dry,Daylight,Clear,0.29,0,67,39,FALSE,41.91816133,-71.25763887
15929,10/31/2016,October,Monday,17:00,2,2,1,0,Rear-end,V1: Travelling straight ahead / V2: Slowing or stopped in traffic,V1: S  / V2: S,Dry,Daylight,Clear,0.29,0,67,39,FALSE,41.90433577,-71.35012688
15930,11/1/2016,November,Tuesday,6:14,1,2,0,0,Angle,V1: Entering traffic lane / V2: Travelling straight ahead,V1: E  / V2: E,Dry,Dark - lighted roadway,Clear,0,0,54,29,TRUE,41.93400377,-71.31615871
15931,11/1/2016,November,Tuesday,21:41,2,1,1,0,Single vehicle crash,V1: Travelling straight ahead,V1: E,Dry,Dark - lighted roadway,Clear,0,0,54,29,TRUE,41.90357101,-71.30375258
15932,11/2/2016,November,Wednesday,8:04,1,2,0,0,Rear-end,V1: Slowing or stopped in traffic / V2: Travelling straight ahead,V1: N  / V2: N,Dry,Daylight,Clear,0,0,56,29,TRUE,41.95471917,-71.30866609
15933,11/2/2016,November,Wednesday,12:05,1,1,0,0,Single vehicle crash,V1: Travelling straight ahead,V1: S,Dry,Daylight,Cloudy,0,0,56,29,TRUE,41.93396483,-71.29999159
15934,11/2/2016,November,Wednesday,17:04,1,2,0,0,Angle,V1: Entering traffic lane / V2: Travelling straight ahead,V1: W  / V2: S,Dry,Daylight,Clear,0,0,56,29,TRUE,41.89867838,-71.34654981
15935,11/2/2016,November,Wednesday,20:37,1,2,0,0,Angle,V1: Backing / V2: Travelling straight ahead,V1: N  / V2: S,Dry,Dark - lighted roadway,Clear,0,0,56,29,TRUE,41.94583562,-71.28075083
15936,11/3/2016,November,Thursday,5:43,1,2,0,0,Angle,V1: Turning left / V2: Travelling straight ahead,V1: E  / V2: W,Wet,Dark - 0 roadway lighting,Rain,0.02,0,69,50,FALSE,41.96939377,-71.29355357
15937,11/3/2016,November,Thursday,6:20,1,2,0,0,Angle,V1: Turning left / V2: Travelling straight ahead,V1: E  / V2: W,Wet,Dark - lighted roadway,Rain,0.02,0,69,50,FALSE,41.96939377,-71.29355357
15938,11/3/2016,November,Thursday,6:59,1,2,0,0,"Sideswipe, opposite direction",V1: Parked / V2: Turning left,V1: S  / V2: N,Wet,Daylight,Cloudy,0.02,0,69,50,FALSE,41.94808966,-71.28065954
15939,11/3/2016,November,Thursday,11:16,1,2,0,0,Angle,V1: Making U-turn / V2: Parked,V1: N  / V2: 0,0,Daylight,Clear,0.02,0,69,50,FALSE,41.94470064,-71.28305937
15940,11/3/2016,November,Thursday,15:34,1,2,0,0,Angle,V1: Travelling straight ahead / V2: Turning right,V1: S  / V2: S,Dry,Daylight,Cloudy,0.02,0,69,50,FALSE,41.94225649,-71.27227635
15941,11/3/2016,November,Thursday,17:21,1,2,0,0,Angle,V1: Travelling straight ahead / V2: Travelling straight ahead,V1: W  / V2: E,Dry,Daylight,Cloudy,0.02,0,69,50,FALSE,41.93806227,-71.29125944
15942,11/3/2016,November,Thursday,18:12,1,2,0,0,Angle,V1: Entering traffic lane / V2: Entering traffic lane,V1: N  / V2: W,Dry,Dusk,Clear,0.02,0,69,50,FALSE,41.94757814,-71.27890389
15943,11/3/2016,November,Thursday,22:24,0,1,0,0,"Sideswipe, same direction",V1: Parked,V1: E,Dry,Dark - lighted roadway,Clear,0.02,0,69,50,FALSE,41.9271471,-71.2914042
15944,11/4/2016,November,Friday,15:20,1,2,0,0,Rear-end,V1: Travelling straight ahead / V2: Slowing or stopped in traffic,V1: N  / V2: N,Dry,Daylight,Clear,0,0,69,45,FALSE,41.95180679,-71.2898592
15945,11/4/2016,November,Friday,22:40,1,5,0,0,Rear-end,V1: Travelling straight ahead / V2: Travelling straight ahead / V3: Travelling straight ahead / V4: Travelling straight ahead / V5: Travelling straight ahead,V1: N  / V2: N  / V3: N  / V4: N  / V5: N,Dry,Dark - roadway not lighted,Cloudy,0,0,69,45,FALSE,34.24438675,-73.6513909
15946,11/5/2016,November,Saturday,8:43,1,2,0,0,Angle,V1: Travelling straight ahead / V2: Travelling straight ahead,V1: N  / V2: E,Dry,Daylight,Clear,0,0,59,27,TRUE,41.93996104,-71.2724871
15947,11/5/2016,November,Saturday,16:56,1,2,0,0,Angle,V1: Turning left / V2: Travelling straight ahead,V1: N  / V2: W,Dry,Daylight,Clear,0,0,59,27,TRUE,41.91981411,-71.35860614
15948,11/5/2016,November,Saturday,20:27,2,2,3,0,Angle,V1: Entering traffic lane / V2: Travelling straight ahead,V1: W  / V2: S,Dry,Dark - lighted roadway,Clear,0,0,59,27,TRUE,41.94121777,-71.2768631
15949,11/5/2016,November,Saturday,23:04,1,1,0,0,Single vehicle crash,V1: Travelling straight ahead,V1: S,Dry,Dark - lighted roadway,Clear,0,0,59,27,TRUE,41.91481632,-71.25770912
15950,11/6/2016,November,Sunday,1:00,1,1,0,0,Single vehicle crash,V1: Travelling straight ahead,V1: W,Dry,Dark - lighted roadway,Clear,0.03,0,56,27,TRUE,41.9446632,-71.28341486
15951,11/6/2016,November,Sunday,15:28,1,2,0,0,Rear-end,V1: Travelling straight ahead / V2: Slowing or stopped in traffic,V1: N  / V2: N,Dry,Daylight,Cloudy,0.03,0,56,27,TRUE,34.24438675,-73.6513909
15952,11/6/2016,November,Sunday,15:52,2,2,1,0,Angle,V1: Travelling straight ahead / V2: Parked,V1: S  / V2: 0,Dry,Daylight,Clear,0.03,0,56,27,TRUE,41.96121606,-71.29697178
15953,11/7/2016,November,Monday,7:55,1,2,0,0,Angle,V1: Slowing or stopped in traffic / V2: Travelling straight ahead,V1: S  / V2: W,Dry,Daylight,Clear,0.05,0,51,33,FALSE,41.93276047,-71.29660964
15954,11/7/2016,November,Monday,11:05,1,2,0,0,Angle,V1: Turning left / V2: Travelling straight ahead,V1: W  / V2: S,Dry,Daylight,Clear,0.05,0,51,33,FALSE,41.93742983,-71.26519759
15955,11/7/2016,November,Monday,12:16,1,3,0,0,Rear-end,V1: Slowing or stopped in traffic / V2: Travelling straight ahead / V3: Travelling straight ahead,V1: N  / V2: N  / V3: N,Dry,Daylight,Clear,0.05,0,51,33,FALSE,41.92521765,-71.28783389
15956,11/7/2016,November,Monday,15:36,2,2,1,0,Rear-end,V1: Entering traffic lane / V2: Slowing or stopped in traffic,V1: N  / V2: N,Dry,Daylight,Clear,0.05,0,51,33,FALSE,41.90139654,-71.35552345
15957,11/7/2016,November,Monday,18:42,2,2,1,0,Angle,V1: Turning left / V2: Travelling straight ahead,V1: W  / V2: W,Dry,Dark - lighted roadway,Clear,0.05,0,51,33,FALSE,41.95130281,-71.27263126
15958,11/8/2016,November,Tuesday,15:56,2,2,2,0,Angle,V1: Travelling straight ahead / V2: Travelling straight ahead,V1: E  / V2: W,Dry,Daylight,Clear,0,0,48,28,TRUE,41.94330896,-71.27265641
15959,11/8/2016,November,Tuesday,17:38,1,4,0,0,Rear-end,V1: Travelling straight ahead / V2: Travelling straight ahead / V3: Travelling straight ahead / V4: Travelling straight ahead,V1: N  / V2: N  / V3: N  / V4: N,Dry,Dark - roadway not lighted,Clear,0,0,48,28,TRUE,41.95518324,-71.30396989
15960,11/8/2016,November,Tuesday,18:01,1,2,0,0,Rear-end,V1: Travelling straight ahead / V2: Slowing or stopped in traffic,V1: S  / V2: S,Dry,Dark - lighted roadway,Clear,0,0,48,28,TRUE,41.92521765,-71.28783389
15961,11/9/2016,November,Wednesday,14:20,1,2,0,0,"Sideswipe, same direction",V1: Turning left / V2: Turning left,V1: W  / V2: W,Dry,Daylight,Clear,0,0,64,29,TRUE,41.96899106,-71.2914896
15962,11/10/2016,November,Thursday,17:20,1,2,0,0,Angle,V1: Turning left / V2: Travelling straight ahead,V1: W  / V2: N,Dry,Dark - lighted roadway,Clear,0,0,62,35,FALSE,41.94625923,-71.28694634
15963,11/11/2016,November,Friday,4:52,1,2,0,0,"Sideswipe, opposite direction",V1: Travelling straight ahead / V2: Entering traffic lane,V1: N  / V2: S,Dry,Dark - lighted roadway,Clear,0,0,53,35,FALSE,41.94928318,-71.28964082
15964,11/11/2016,November,Friday,10:55,2,1,1,0,Single vehicle crash,V1: Travelling straight ahead,V1: N,Dry,Daylight,Clear,0,0,53,35,FALSE,41.90231844,-71.35595143
15965,11/11/2016,November,Friday,11:54,1,2,0,0,"Sideswipe, same direction",V1: Overtaking/passing / V2: Turning right,V1: N  / V2: N,Dry,Daylight,Cloudy,0,0,53,35,FALSE,41.90200485,-71.32049696
15966,11/11/2016,November,Friday,16:38,1,3,0,0,Angle,V1: Travelling straight ahead / V2: Entering traffic lane / V3: Travelling straight ahead,V1: S  / V2: E  / V3: S,Dry,Dark - lighted roadway,Clear,0,0,53,35,FALSE,41.95260998,-71.26978509
15967,11/11/2016,November,Friday,17:56,1,2,0,0,Angle,V1: Travelling straight ahead / V2: Entering traffic lane,V1: W  / V2: N,Dry,Dark - lighted roadway,Clear,0,0,53,35,FALSE,41.93365323,-71.32303996
15968,11/11/2016,November,Friday,19:13,1,2,0,0,Rear-end,V1: Travelling straight ahead / V2: Slowing or stopped in traffic,V1: E  / V2: E,Dry,Dark - lighted roadway,Clear,0,0,53,35,FALSE,41.93305364,-71.28710644
15969,11/11/2016,November,Friday,20:44,1,1,0,0,Single vehicle crash,V1: Travelling straight ahead,V1: S,Dry,Dark - lighted roadway,Clear,0,0,53,35,FALSE,41.94396291,-71.30988877
15970,11/12/2016,November,Saturday,14:37,2,2,2,0,Angle,V1: Entering traffic lane / V2: Travelling straight ahead,V1: W  / V2: S,Dry,Daylight,Clear,0,0,63,30,TRUE,41.89867838,-71.34654981
15971,11/12/2016,November,Saturday,19:13,1,3,0,0,Rear-end,V1: Slowing or stopped in traffic / V2: Slowing or stopped in traffic / V3: Travelling straight ahead,V1: S  / V2: S  / V3: S,Dry,Dark - lighted roadway,Clear,0,0,63,30,TRUE,41.95484304,-71.28856385
15972,11/13/2016,November,Sunday,9:26,1,1,0,0,Single vehicle crash,V1: Travelling straight ahead,V1: E,Dry,Daylight,Clear,0,0,48,30,TRUE,41.94820624,-71.27985832
15973,11/13/2016,November,Sunday,17:02,1,2,0,0,Angle,V1: Turning left / V2: Travelling straight ahead,V1: S  / V2: E,Dry,Dark - lighted roadway,Clear,0,0,48,30,TRUE,41.93398011,-71.31150783
15974,11/14/2016,November,Monday,7:30,1,1,0,0,Single vehicle crash,V1: Travelling straight ahead,V1: N,Dry,Daylight,Clear,0,0,60,30,TRUE,41.9023143,-71.35595636
15975,11/14/2016,November,Monday,7:46,2,2,1,0,Angle,V1: Turning left / V2: Travelling straight ahead,V1: W  / V2: S,Wet,Daylight,Clear,0,0,60,30,TRUE,41.91044592,-71.28309302
15976,11/14/2016,November,Monday,13:11,1,2,0,0,Angle,V1: Turning right / V2: Travelling straight ahead,V1: E  / V2: S,Dry,Daylight,Clear,0,0,60,30,TRUE,41.96712418,-71.29097941
15977,11/15/2016,November,Tuesday,10:56,1,2,0,0,Angle,V1: Travelling straight ahead / V2: Travelling straight ahead,V1: E  / V2: N,Wet,Daylight,Rain,0,0,65,31,TRUE,41.94121777,-71.2768631
15978,11/15/2016,November,Tuesday,14:52,1,1,0,0,Single vehicle crash,V1: Changing lanes,V1: S,Wet,Daylight,Cloudy/Rain,0,0,65,31,TRUE,41.92458223,-71.32770731
15979,11/15/2016,November,Tuesday,15:47,1,1,0,0,Single vehicle crash,V1: Travelling straight ahead,V1: N,Wet,Daylight,Rain,0,0,65,31,TRUE,41.89646751,-71.37371383
15980,11/15/2016,November,Tuesday,17:50,1,2,0,0,Rear-end,V1: Travelling straight ahead / V2: Slowing or stopped in traffic,V1: S  / V2: S,Wet,Dark - lighted roadway,Rain,0,0,65,31,TRUE,41.9374227,-71.29402673
15981,11/15/2016,November,Tuesday,20:31,2,2,1,0,Head-on,V1: Travelling straight ahead / V2: Travelling straight ahead,V1: N  / V2: W,Wet,Dark - lighted roadway,Cloudy,0,0,65,31,TRUE,41.92014284,-71.35719783
15982,11/15/2016,November,Tuesday,22:04,2,2,1,0,Angle,V1: Turning left / V2: Slowing or stopped in traffic,V1: N  / V2: W,Wet,Dark - lighted roadway,Rain,0,0,65,31,TRUE,41.95076301,-71.27397064
15983,11/16/2016,November,Wednesday,11:55,1,2,0,0,Angle,V1: Entering traffic lane / V2: Travelling straight ahead,V1: N  / V2: E,Dry,Daylight,Cloudy,0.87,0,58,46,FALSE,41.93584988,-71.28143838
15984,11/16/2016,November,Wednesday,15:35,1,2,0,0,Rear-end,V1: Travelling straight ahead / V2: Slowing or stopped in traffic,V1: S  / V2: S,Dry,Dusk,Clear,0.87,0,58,46,FALSE,41.9365932,-71.29539949
15985,11/16/2016,November,Wednesday,16:20,1,2,0,0,Angle,V1: Entering traffic lane / V2: Travelling straight ahead,V1: N  / V2: W,Dry,Dusk,Clear,0.87,0,58,46,FALSE,41.94990799,-71.27157339
15986,11/16/2016,November,Wednesday,23:35,1,1,0,0,Single vehicle crash,V1: Entering traffic lane,V1: N,Dry,Dark - roadway not lighted,Clear,0.87,0,58,46,FALSE,41.93408043,-71.3165191
15987,11/17/2016,November,Thursday,10:40,1,1,0,0,Single vehicle crash,V1: Travelling straight ahead,V1: N,Dry,Daylight,Clear,0,0,55,43,FALSE,41.89525983,-71.37410272
15988,11/17/2016,November,Thursday,14:42,1,2,0,0,Rear-end,V1: Backing / V2: Turning left,V1: E  / V2: S,Dry,Daylight,Cloudy,0,0,55,43,FALSE,41.94637195,-71.2896891
15989,11/17/2016,November,Thursday,17:09,1,2,0,0,Rear-end,V1: Travelling straight ahead / V2: Travelling straight ahead,V1: E  / V2: E,Dry,Dark - lighted roadway,Clear,0,0,55,43,FALSE,41.92675288,-71.34334435
15990,11/17/2016,November,Thursday,19:36,1,1,0,0,Single vehicle crash,V1: Travelling straight ahead,V1: S,Dry,Dark - lighted roadway,Clear,0,0,55,43,FALSE,41.95451461,-71.24992613
15991,11/17/2016,November,Thursday,23:27,0,2,0,0,Angle,V1: Travelling straight ahead / V2: Parked,V1: N  / V2: 0,Dry,Dark - lighted roadway,Cloudy,0,0,55,43,FALSE,41.92045606,-71.29845401
15992,11/18/2016,November,Friday,8:44,1,2,0,0,Angle,V1: Travelling straight ahead / V2: Turning left,V1: W  / V2: S,Dry,Daylight,Clear,0,0,56,38,FALSE,41.9052098,-71.30083876
15993,11/18/2016,November,Friday,13:46,1,2,0,0,Single vehicle crash,V1: Travelling straight ahead / V2: Travelling straight ahead,V1: N  / V2: N,Dry,Daylight,Clear,0,0,56,38,FALSE,34.24438675,-73.6513909
15994,11/18/2016,November,Friday,14:11,1,2,0,0,Rear-end,V1: Travelling straight ahead / V2: Travelling straight ahead,V1: N  / V2: N,Dry,Daylight,Clear,0,0,56,38,FALSE,41.92886018,-71.3230987
15995,11/18/2016,November,Friday,14:15,1,2,0,0,Angle,V1: Travelling straight ahead / V2: Turning left,V1: S  / V2: S,Dry,Daylight,Clear,0,0,56,38,FALSE,41.94257686,-71.27448379
15996,11/18/2016,November,Friday,14:28,1,4,0,0,Rear-end,V1: Slowing or stopped in traffic / V2: Travelling straight ahead / V3: Travelling straight ahead / V4: Travelling straight ahead,V1: N  / V2: N  / V3: N  / V4: N,Dry,Daylight,Clear,0,0,56,38,FALSE,41.92886018,-71.3230987
15997,11/18/2016,November,Friday,16:05,1,2,0,0,Angle,V1: Entering traffic lane / V2: Entering traffic lane,V1: S  / V2: N,Dry,Daylight,Clear,0,0,56,38,FALSE,41.9110765,-71.36278231
15998,11/18/2016,November,Friday,18:01,1,2,0,0,Angle,V1: Travelling straight ahead / V2: Travelling straight ahead,V1: W  / V2: S,Dry,Dark - lighted roadway,Clear,0,0,56,38,FALSE,41.93249146,-71.28641665
15999,11/19/2016,November,Saturday,1:41,1,1,0,0,Single vehicle crash,V1: Travelling straight ahead,V1: N,Dry,Dark - roadway not lighted,Clear,0,0,63,35,FALSE,41.91171913,-71.33695031
16000,11/19/2016,November,Saturday,13:04,1,2,0,0,Angle,V1: Turning left / V2: Travelling straight ahead,V1: S  / V2: N,Dry,Daylight,Clear,0,0,63,35,FALSE,41.90529604,-71.33573163
16001,11/19/2016,November,Saturday,17:16,2,1,1,0,Single vehicle crash,V1: Travelling straight ahead,V1: N,Dry,Dark - lighted roadway,Clear,0,0,63,35,FALSE,41.92890236,-71.35392825
16002,11/19/2016,November,Saturday,17:18,1,2,0,0,Angle,V1: Entering traffic lane / V2: Travelling straight ahead,V1: N  / V2: W,Dry,Dark - lighted roadway,Clear,0,0,63,35,FALSE,41.9094124,-71.36265877