ID,DATE,Month,Day of week,Crash Time,Crash Severity,Number of Vehicles,Total Nonfatal Injuries,Total Fatal Injuries,Manner of Collision,Vehicle Action Prior to Crash,Vehicle Travel Directions,Road Surface Condition,Ambient Light,Weather Condition,PRCP,SNOW,TMAX,TMIN,Ice,Longtitute,Latitute
16003,11/19/2016,November,Saturday,21:57,1,2,0,0,Rear-end,V1: Travelling straight ahead / V2: Parked,V1: N  / V2: Reported but invalid,Dry,Dark - lighted roadway,Clear,0,0,63,35,FALSE,41.9290339,-71.2975697
16004,11/20/2016,November,Sunday,13:29,1,2,0,0,Rear-end,V1: Travelling straight ahead / V2: Travelling straight ahead,V1: E  / V2: E,Dry,Daylight,Clear,0.06,0,56,36,FALSE,41.9515834,-71.29702782
16005,11/20/2016,November,Sunday,17:46,1,2,0,0,Head-on,V1: Turning left / V2: Travelling straight ahead,V1: S  / V2: N,Dry,Dark - lighted roadway,Clear,0.06,0,56,36,FALSE,41.92446027,-71.28906707
16006,11/21/2016,November,Monday,9:46,1,2,0,0,Angle,V1: Travelling straight ahead / V2: Turning left,V1: E  / V2: S,Dry,Daylight,Clear,0,0,47,31,TRUE,41.94612876,-71.27715033
16007,11/21/2016,November,Monday,11:39,1,2,0,0,"Sideswipe, opposite direction",V1: Travelling straight ahead / V2: Turning left,V1: S  / V2: W,Dry,Daylight,Cloudy,0,0,47,31,TRUE,41.93498176,-71.28490091
16008,11/21/2016,November,Monday,14:28,1,2,0,0,Angle,V1: Entering traffic lane / V2: Travelling straight ahead,V1: S  / V2: S,Dry,Daylight,Clear,0,0,47,31,TRUE,41.91981411,-71.35860614
16009,11/21/2016,November,Monday,18:10,1,2,0,0,Rear-end,V1: Travelling straight ahead / V2: Slowing or stopped in traffic,V1: N  / V2: N,Dry,Daylight,Clear,0,0,47,31,TRUE,41.95234013,-71.29601132
16010,11/21/2016,November,Monday,19:37,1,2,0,0,"Sideswipe, same direction",V1: Travelling straight ahead / V2: Travelling straight ahead,V1: W  / V2: W,Dry,Dark - lighted roadway,Clear,0,0,47,31,TRUE,41.93457798,-71.29922805
16011,11/21/2016,November,Monday,22:19,2,1,1,0,Single vehicle crash,V1: Travelling straight ahead,V1: W,Dry,Dark - lighted roadway,Clear,0,0,47,31,TRUE,41.93127032,-71.29114995
16012,11/22/2016,November,Tuesday,6:33,1,2,0,0,Rear-end,V1: Travelling straight ahead / V2: Travelling straight ahead,V1: N  / V2: N,Dry,Dawn,Cloudy,0,0,39,30,TRUE,41.95593405,-71.30346756
16013,11/22/2016,November,Tuesday,8:37,1,1,0,0,Single vehicle crash,V1: Travelling straight ahead,V1: N,Dry,Daylight,Clear,0,0,39,30,TRUE,41.95593405,-71.30346756
16014,11/22/2016,November,Tuesday,8:56,1,2,0,0,Angle,V1: Turning left / V2: Slowing or stopped in traffic,V1: W  / V2: N,Dry,Daylight,Clear,0,0,39,30,TRUE,41.93920171,-71.29154003
16015,11/22/2016,November,Tuesday,10:26,1,2,0,0,Angle,V1: Backing / V2: Travelling straight ahead,V1: S  / V2: N,Dry,Daylight,Cloudy,0,0,39,30,TRUE,41.91255756,-71.25860217
16016,11/22/2016,November,Tuesday,13:17,1,1,0,0,Single vehicle crash,V1: Travelling straight ahead,V1: 0,Dry,Daylight,Clear,0,0,39,30,TRUE,41.93991016,-71.2832493
16017,11/22/2016,November,Tuesday,14:43,1,2,0,0,Rear-end,V1: Slowing or stopped in traffic / V2: Travelling straight ahead,V1: N  / V2: N,Dry,Daylight,Clear,0,0,39,30,TRUE,41.92886018,-71.3230987
16018,11/22/2016,November,Tuesday,15:04,1,2,0,0,Angle,V1: Turning left / V2: Travelling straight ahead,V1: E  / V2: W,Dry,Daylight,Clear,0,0,39,30,TRUE,41.95271157,-71.26951043
16019,11/23/2016,November,Wednesday,4:33,1,1,0,0,Single vehicle crash,V1: Travelling straight ahead,V1: S,Dry,Dark - 0 roadway lighting,Clear,0,0,42,30,TRUE,41.93804592,-71.31642932
16020,11/23/2016,November,Wednesday,10:09,1,2,0,0,Rear-end,V1: Travelling straight ahead / V2: Turning left,V1: N  / V2: W,Dry,Daylight,Clear,0,0,42,30,TRUE,41.90998013,-71.35802082
16021,11/23/2016,November,Wednesday,14:28,2,2,2,0,Angle,V1: Travelling straight ahead / V2: Travelling straight ahead,V1: N  / V2: E,Dry,Daylight,Clear,0,0,42,30,TRUE,41.92241545,-71.31336866
16022,11/23/2016,November,Wednesday,15:38,1,2,0,0,Angle,V1: Turning right / V2: Travelling straight ahead,V1: S  / V2: W,Dry,Daylight,Clear,0,0,42,30,TRUE,41.93499067,-71.28382974
16023,11/23/2016,November,Wednesday,16:43,2,2,1,0,Rear-end,V1: Slowing or stopped in traffic / V2: Travelling straight ahead,V1: N  / V2: N,Dry,Dark - roadway not lighted,Clear,0,0,42,30,TRUE,41.90141048,-71.35553246
16024,11/23/2016,November,Wednesday,17:12,1,1,0,0,Single vehicle crash,V1: Travelling straight ahead,V1: W,Dry,Dark - lighted roadway,Clear,0,0,42,30,TRUE,41.95450786,-71.24955861
16025,11/23/2016,November,Wednesday,19:01,1,2,0,0,Angle,V1: Parked / V2: Turning right,V1: N  / V2: 0,Dry,Dark - lighted roadway,Cloudy,0,0,42,30,TRUE,41.9210426,-71.35807244
16026,11/23/2016,November,Wednesday,20:33,1,2,0,0,Angle,V1: Entering traffic lane / V2: Travelling straight ahead,V1: E  / V2: N,Dry,Dark - lighted roadway,Clear,0,0,42,30,TRUE,41.9370756,-71.28238678
16027,11/24/2016,November,Thursday,3:02,2,1,1,0,Single vehicle crash,V1: Travelling straight ahead,V1: W,Dry,Dark - lighted roadway,Clear,0,0,45,27,TRUE,41.95399578,-71.26459501
16028,11/24/2016,November,Thursday,4:55,1,1,0,0,Single vehicle crash,V1: Travelling straight ahead,V1: S,Dry,Dark - roadway not lighted,Clear,0,0,45,27,TRUE,41.94445299,-71.31174652
16029,11/24/2016,November,Thursday,18:05,2,2,1,0,Angle,V1: Entering traffic lane / V2: Travelling straight ahead,V1: E  / V2: N,Wet,Dark - lighted roadway,Rain,0,0,45,27,TRUE,41.93118399,-71.26031362
16030,11/24/2016,November,Thursday,23:05,1,1,0,0,Single vehicle crash,V1: Turning right,V1: E,Wet,Dark - lighted roadway,Cloudy,0,0,45,27,TRUE,41.93413325,-71.32014115
16031,11/25/2016,November,Friday,12:36,1,2,0,0,Angle,V1: Entering traffic lane / V2: Travelling straight ahead,V1: E  / V2: S,Dry,Daylight,Cloudy,0.06,0,45,27,TRUE,41.91981411,-71.35860614
16032,11/25/2016,November,Friday,15:49,1,2,0,0,Rear-end,V1: Travelling straight ahead / V2: Turning left,V1: N  / V2: W,Wet,Dark - lighted roadway,Rain,0.06,0,45,27,TRUE,41.9374227,-71.29402673
16033,11/25/2016,November,Friday,16:25,1,1,0,0,Single vehicle crash,V1: Travelling straight ahead,V1: E,Wet,Dark - roadway not lighted,Rain,0.06,0,45,27,TRUE,41.95478706,-71.30192896
16034,11/25/2016,November,Friday,16:29,1,2,0,0,Rear-end,V1: Travelling straight ahead / V2: Slowing or stopped in traffic,V1: N  / V2: N,Wet,Dark - lighted roadway,Cloudy/Rain,0.06,0,45,27,TRUE,41.90140262,-71.35552738
16035,11/25/2016,November,Friday,17:45,1,2,0,0,"Sideswipe, same direction",V1: Changing lanes / V2: Travelling straight ahead,V1: S  / V2: S,Wet,Dark - roadway not lighted,Rain,0.06,0,45,27,TRUE,41.90433577,-71.35012688
16036,11/25/2016,November,Friday,20:37,1,2,0,0,Rear-end,V1: Turning right / V2: Turning right,V1: S  / V2: S,Wet,Dark - lighted roadway,Rain,0.06,0,45,27,TRUE,41.97015292,-71.29135147
16037,11/25/2016,November,Friday,23:06,1,1,0,0,Single vehicle crash,V1: Travelling straight ahead,V1: W,Wet,Dark - lighted roadway,Fog,0.06,0,45,27,TRUE,41.93413829,-71.29332495
16038,11/25/2016,November,Friday,23:13,1,1,0,0,Single vehicle crash,V1: Travelling straight ahead,V1: N,Wet,Dark - lighted roadway,Rain,0.06,0,45,27,TRUE,41.92890236,-71.35392825
16039,11/26/2016,November,Saturday,17:33,1,2,0,0,Angle,V1: Turning right / V2: Travelling straight ahead,V1: E  / V2: S,Dry,Dark - lighted roadway,Clear,0.11,0,49,40,FALSE,41.89903243,-71.355186
16040,11/26/2016,November,Saturday,18:40,1,1,0,0,Single vehicle crash,V1: Travelling straight ahead,V1: N,Dry,Dusk,Cloudy,0.11,0,49,40,FALSE,34.24438675,-73.6513909
16041,11/26/2016,November,Saturday,20:40,1,1,0,0,Single vehicle crash,V1: Travelling straight ahead,V1: S,Dry,Dark - lighted roadway,Cloudy,0.11,0,49,40,FALSE,34.24438675,-73.6513909
16042,11/26/2016,November,Saturday,21:19,1,1,0,0,Single vehicle crash,V1: Travelling straight ahead,V1: S,Dry,Dark - lighted roadway,Clear,0.11,0,49,40,FALSE,41.94564965,-71.24763563
16043,11/27/2016,November,Sunday,18:56,1,2,0,0,Single vehicle crash,V1: Backing / V2: Parked,V1: N  / V2: E,Dry,Dark - lighted roadway,Clear,0,0,50,34,FALSE,41.92279203,-71.35723949
16044,11/27/2016,November,Sunday,20:41,1,2,0,0,Angle,V1: Turning left / V2: Travelling straight ahead,V1: W  / V2: S,Dry,Dark - lighted roadway,Clear,0,0,50,34,FALSE,41.90998013,-71.35802082
16045,11/28/2016,November,Monday,4:06,1,1,0,0,Single vehicle crash,V1: Travelling straight ahead,V1: N,Dry,Dark - lighted roadway,Clear,0,0,47,27,TRUE,41.91758766,-71.35954517
16046,11/28/2016,November,Monday,7:20,1,2,0,0,Angle,V1: Slowing or stopped in traffic / V2: Travelling straight ahead,V1: E  / V2: S,Dry,Daylight,Clear,0,0,47,27,TRUE,41.95234013,-71.29601132
16047,11/28/2016,November,Monday,13:24,1,2,0,0,Angle,V1: Entering traffic lane / V2: Travelling straight ahead,V1: E  / V2: S,Dry,Daylight,Clear,0,0,47,27,TRUE,41.90877956,-71.35765064
16048,11/28/2016,November,Monday,13:42,1,1,0,0,Angle,V1: Slowing or stopped in traffic,V1: E,Dry,Daylight,Clear,0,0,47,27,TRUE,41.94501484,-71.28112554
16049,11/28/2016,November,Monday,15:40,2,2,1,0,Angle,V1: Travelling straight ahead / V2: Travelling straight ahead,V1: S  / V2: N,Dry,Daylight,Clear,0,0,47,27,TRUE,41.91337209,-71.36161888
16050,11/28/2016,November,Monday,15:47,1,2,0,0,Angle,V1: Turning left / V2: Travelling straight ahead,V1: S  / V2: W,Dry,Daylight,Clear,0,0,47,27,TRUE,41.93628409,-71.28608551
16051,11/28/2016,November,Monday,16:28,1,2,0,0,0,V1: Entering traffic lane / V2: Travelling straight ahead,V1: W  / V2: N,Dry,Dusk,Clear,0,0,47,27,TRUE,41.9134479,-71.22442461
16052,11/29/2016,November,Tuesday,13:09,2,2,1,0,Angle,V1: Travelling straight ahead / V2: Travelling straight ahead,V1: E  / V2: N,Wet,Daylight,Cloudy/Rain,0,0,46,26,TRUE,41.94928318,-71.28964082
16053,11/29/2016,November,Tuesday,14:48,1,2,0,0,Angle,V1: Changing lanes / V2: Travelling straight ahead,V1: N  / V2: W,Wet,Daylight,Rain,0,0,46,26,TRUE,41.92241545,-71.31336866
16054,11/29/2016,November,Tuesday,20:02,1,2,0,0,Rear-end,V1: Slowing or stopped in traffic / V2: Travelling straight ahead,V1: W  / V2: W,Wet,Dark - lighted roadway,Cloudy/Rain,0,0,46,26,TRUE,41.94464878,-71.28356294
16055,11/30/2016,November,Wednesday,8:23,1,2,0,0,Rear-end,V1: Travelling straight ahead / V2: Travelling straight ahead,V1: E  / V2: E,Wet,Daylight,Cloudy,0.94,0,58,36,FALSE,41.91505683,-71.30589997
16056,11/30/2016,November,Wednesday,8:50,1,1,0,0,Single vehicle crash,V1: Travelling straight ahead,V1: S,Wet,Daylight,Cloudy,0.94,0,58,36,FALSE,41.9115249,-71.25830253
16057,11/30/2016,November,Wednesday,14:35,1,1,0,0,Angle,V1: Backing,V1: S,Wet,Daylight,Cloudy/Rain,0.94,0,58,36,FALSE,41.9156749,-71.35896018
16058,11/30/2016,November,Wednesday,17:13,1,2,0,0,Angle,V1: Backing / V2: Parked,V1: S  / V2: 0,Wet,Dark - lighted roadway,Cloudy/Rain,0.94,0,58,36,FALSE,41.91795886,-71.36494117
16059,11/30/2016,November,Wednesday,21:10,2,2,2,0,Head-on,V1: Travelling straight ahead / V2: Travelling straight ahead,V1: E  / V2: W,Wet,Daylight,Rain,0.94,0,58,36,FALSE,41.9341021,-71.30369928
16060,12/1/2016,December,Thursday,7:01,1,2,0,0,Angle,V1: Turning left / V2: Travelling straight ahead,V1: W  / V2: E,Dry,Daylight,Clear,0.55,0,58,46,FALSE,41.91979327,-71.35869366
16061,12/1/2016,December,Thursday,7:52,2,1,1,0,Single vehicle crash,V1: Travelling straight ahead,V1: E,Dry,Daylight,Clear,0.55,0,58,46,FALSE,41.95188295,-71.27488331
16062,12/1/2016,December,Thursday,8:30,1,2,0,0,Angle,V1: Turning right / V2: Travelling straight ahead,V1: S  / V2: E,Dry,Daylight,Clear,0.55,0,58,46,FALSE,41.93874704,-71.29215576
16063,12/1/2016,December,Thursday,14:27,1,2,0,0,Angle,V1: Turning left / V2: Travelling straight ahead,V1: N  / V2: S,Dry,Daylight,Clear,0.55,0,58,46,FALSE,41.92852012,-71.35410629
16064,12/1/2016,December,Thursday,16:35,1,2,0,0,Angle,V1: Entering traffic lane / V2: Travelling straight ahead,V1: S  / V2: W,Dry,Daylight,Clear,0.55,0,58,46,FALSE,41.91981411,-71.35860614
16065,12/1/2016,December,Thursday,17:12,1,2,0,0,Rear-end,V1: Travelling straight ahead / V2: Travelling straight ahead,V1: N  / V2: N,Dry,Dark - roadway not lighted,Clear,0.55,0,58,46,FALSE,41.90877956,-71.35765064
16066,12/1/2016,December,Thursday,18:00,1,3,0,0,Rear-end,V1: Slowing or stopped in traffic / V2: Slowing or stopped in traffic / V3: Slowing or stopped in traffic,V1: N  / V2: N  / V3: N,Dry,Daylight,Clear,0.55,0,58,46,FALSE,41.95428778,-71.31194921
16067,12/2/2016,December,Friday,0:04,1,1,0,0,Single vehicle crash,V1: Travelling straight ahead,V1: S,Dry,Dark - lighted roadway,Cloudy,0,0,58,35,FALSE,41.90375752,-71.36651429
16068,12/2/2016,December,Friday,17:11,1,2,0,0,Rear-end,V1: Slowing or stopped in traffic / V2: Slowing or stopped in traffic,V1: E  / V2: E,Dry,Dark - lighted roadway,Clear,0,0,58,35,FALSE,41.91981411,-71.35860614
16069,12/2/2016,December,Friday,20:33,2,1,1,0,Single vehicle crash,V1: Travelling straight ahead,V1: N,Dry,Dark - roadway not lighted,Clear,0,0,58,35,FALSE,41.90231844,-71.35595143
16070,12/4/2016,December,Sunday,1:41,2,3,2,0,Head-on,V1: Travelling straight ahead / V2: Travelling straight ahead / V3: Travelling straight ahead,V1: S  / V2: N  / V3: N,Dry,Dark - lighted roadway,Clear,0,0,47,28,TRUE,41.91619723,-71.35885587
16071,12/4/2016,December,Sunday,11:59,1,1,0,0,Single vehicle crash,V1: Travelling straight ahead,V1: N,Dry,Daylight,Clear,0,0,47,28,TRUE,41.91482581,-71.36088324
16072,12/4/2016,December,Sunday,13:49,2,2,1,0,Angle,V1: Travelling straight ahead / V2: Travelling straight ahead,V1: S  / V2: E,Dry,Daylight,Clear,0,0,47,28,TRUE,41.93806227,-71.29125944
16073,12/4/2016,December,Sunday,15:17,2,1,1,0,Single vehicle crash,V1: Leaving traffic lane,V1: E,Dry,Daylight,Clear,0,0,47,28,TRUE,41.93801501,-71.29395954
16074,12/4/2016,December,Sunday,16:15,2,1,1,0,Single vehicle crash,V1: Travelling straight ahead,V1: N,Dry,Daylight,Clear,0,0,47,28,TRUE,41.91413445,-71.33481219
16075,12/4/2016,December,Sunday,17:13,1,1,0,0,Single vehicle crash,V1: Travelling straight ahead,V1: N,Dry,Dark - lighted roadway,Clear,0,0,47,28,TRUE,41.90518842,-71.33589094
16076,12/4/2016,December,Sunday,17:45,1,2,0,0,"Sideswipe, same direction",V1: Changing lanes / V2: Travelling straight ahead,V1: N  / V2: N,Dry,Dark - lighted roadway,Clear,0,0,47,28,TRUE,41.90229038,-71.35605002
16077,12/4/2016,December,Sunday,19:13,2,2,1,0,Angle,V1: Travelling straight ahead / V2: Turning left,V1: S  / V2: E,Dry,Dark - lighted roadway,Clear,0,0,47,28,TRUE,41.92644259,-71.35554103
16078,12/5/2016,December,Monday,6:24,2,4,2,0,Angle,V1: Travelling straight ahead / V2: Travelling straight ahead / V3: Travelling straight ahead / V4: Travelling straight ahead,V1: S  / V2: S  / V3: S  / V4: S,Wet,Dawn,Cloudy/Rain,0.02,0.2,43,25,TRUE,41.89861001,-71.36943215
16079,12/5/2016,December,Monday,6:46,2,2,2,0,Head-on,V1: Travelling straight ahead / V2: Travelling straight ahead,V1: S  / V2: S,Snow,Dawn,Snow,0.02,0.2,43,25,TRUE,41.93349673,-71.32022962
16080,12/5/2016,December,Monday,7:12,1,5,0,0,Single vehicle crash,V1: Travelling straight ahead / V2: Parked / V3: Parked / V4: Parked / V5: Parked,V1: N  / V2: 0 / V3: 0 / V4: 0 / V5: 0,Wet,Daylight,Snow,0.02,0.2,43,25,TRUE,41.90221556,-71.34117567
16081,12/5/2016,December,Monday,10:04,1,2,0,0,"Sideswipe, same direction",V1: Other / V2: Parked,V1: W  / V2: 0,Wet,Daylight,Rain,0.02,0.2,43,25,TRUE,41.94512722,-71.28855145
16082,12/5/2016,December,Monday,14:11,1,2,0,0,Rear-end,V1: Slowing or stopped in traffic / V2: Travelling straight ahead,V1: E  / V2: E,Dry,Daylight,Cloudy,0.02,0.2,43,25,TRUE,41.93398416,-71.31904724
16083,12/5/2016,December,Monday,15:44,2,3,1,0,Rear-end,V1: Travelling straight ahead / V2: Slowing or stopped in traffic / V3: Slowing or stopped in traffic,V1: S  / V2: S  / V3: S,Wet,Daylight,Clear,0.02,0.2,43,25,TRUE,41.9227321,-71.29224684
16084,12/6/2016,December,Tuesday,6:29,1,3,0,0,Angle,V1: Entering traffic lane / V2: Travelling straight ahead / V3: Travelling straight ahead,V1: S  / V2: W  / V3: E,Dry,Dawn,Clear,0.11,0.1,39,27,TRUE,41.91891265,-71.31713881
16085,12/6/2016,December,Tuesday,8:14,2,3,1,0,Rear-end,V1: Travelling straight ahead / V2: Travelling straight ahead / V3: Travelling straight ahead,V1: S  / V2: S  / V3: S,Dry,Daylight,Clear,0.11,0.1,39,27,TRUE,34.24438675,-73.6513909
16086,12/6/2016,December,Tuesday,17:50,1,3,0,0,Rear-end,V1: Slowing or stopped in traffic / V2: Travelling straight ahead / V3: Travelling straight ahead,V1: S  / V2: S  / V3: S,Dry,Dark - roadway not lighted,Clear,0.11,0.1,39,27,TRUE,41.95545357,-71.3043611
16087,12/6/2016,December,Tuesday,19:08,1,2,0,0,"Sideswipe, same direction",V1: Leaving traffic lane / V2: Travelling straight ahead,V1: S  / V2: S,Dry,Daylight,Clear,0.11,0.1,39,27,TRUE,41.91981411,-71.35860614
16088,12/7/2016,December,Wednesday,6:45,1,2,0,0,Rear-end,V1: Travelling straight ahead / V2: Slowing or stopped in traffic,V1: N  / V2: N,Wet,Dawn,Rain,0.14,0,45,27,TRUE,41.90998013,-71.35802082
16089,12/7/2016,December,Wednesday,12:15,1,1,0,0,Single vehicle crash,V1: Travelling straight ahead,V1: S,Wet,Daylight,Rain,0.14,0,45,27,TRUE,34.24438675,-73.6513909
16090,12/7/2016,December,Wednesday,14:00,1,2,0,0,Rear-end,V1: Travelling straight ahead / V2: Travelling straight ahead,V1: S  / V2: S,Dry,Daylight,Clear,0.14,0,45,27,TRUE,41.96019116,-71.30118086
16091,12/7/2016,December,Wednesday,17:46,1,1,0,0,Single vehicle crash,V1: Travelling straight ahead,V1: E,Dry,Dark - lighted roadway,Clear,0.14,0,45,27,TRUE,41.94278544,-71.23734622
16092,12/8/2016,December,Thursday,15:04,1,2,0,0,Rear-to-rear,V1: Parked / V2: Backing,V1: E  / V2: S,Dry,Daylight,Clear,0.04,0,45,29,TRUE,41.91535744,-71.2561591
16093,12/8/2016,December,Thursday,15:06,1,1,0,0,Single vehicle crash,V1: Travelling straight ahead,V1: N,Dry,Daylight,Clear,0.04,0,45,29,TRUE,41.89646751,-71.37371383
16094,12/8/2016,December,Thursday,15:58,1,2,0,0,Angle,V1: Turning left / V2: Travelling straight ahead,V1: W  / V2: E,Dry,Daylight,Clear,0.04,0,45,29,TRUE,41.94519466,-71.28103716
16095,12/9/2016,December,Friday,5:46,1,2,0,0,Rear-end,V1: Parked / V2: Travelling straight ahead,V1: N  / V2: N,Dry,Daylight,Clear,0,0,42,29,TRUE,41.93823112,-71.28076302
16096,12/9/2016,December,Friday,8:11,1,2,0,0,Rear-end,V1: Travelling straight ahead / V2: Slowing or stopped in traffic,V1: W  / V2: W,Dry,Daylight,Clear,0,0,42,29,TRUE,41.95043895,-71.27465659
16097,12/9/2016,December,Friday,13:53,2,2,1,0,Rear-end,V1: Travelling straight ahead / V2: Slowing or stopped in traffic,V1: E  / V2: N,Dry,Daylight,Cloudy,0,0,42,29,TRUE,41.93406554,-71.30574057
16098,12/9/2016,December,Friday,23:44,2,2,1,0,Rear-end,V1: Backing / V2: Parked,V1: W  / V2: E,Dry,Dark - lighted roadway,Clear,0,0,42,29,TRUE,41.94257686,-71.27448379
16099,12/10/2016,December,Saturday,9:53,1,2,0,0,Angle,V1: Parked / V2: Other,V1: S  / V2: S,Dry,Daylight,Clear,0,0,37,19,TRUE,41.93518136,-71.28488512
16100,12/10/2016,December,Saturday,11:22,1,2,0,0,"Sideswipe, same direction",V1: Turning right / V2: Overtaking/passing,V1: N  / V2: N,Dry,Daylight,Clear,0,0,37,19,TRUE,41.90200485,-71.32049696
16101,12/10/2016,December,Saturday,16:26,1,2,0,0,"Sideswipe, same direction",V1: Turning right / V2: Travelling straight ahead,V1: E  / V2: E,Dry,Dark - lighted roadway,Clear,0,0,37,19,TRUE,41.92957656,-71.2817214
16102,12/10/2016,December,Saturday,18:06,1,2,0,0,Rear-end,V1: Slowing or stopped in traffic / V2: Travelling straight ahead,V1: W  / V2: W,Dry,Dark - lighted roadway,Clear,0,0,37,19,TRUE,41.93359015,-71.30040441
16103,12/11/2016,December,Sunday,7:25,2,2,1,0,Head-on,V1: Travelling straight ahead / V2: Parked,V1: N  / V2: S,Dry,Daylight,Clear,0,0,29,10,TRUE,41.90278926,-71.32051754
16104,12/11/2016,December,Sunday,14:28,1,2,0,0,Angle,V1: Backing / V2: Travelling straight ahead,V1: N  / V2: W,Dry,Daylight,Clear,0,0,29,10,TRUE,41.92279203,-71.35723949
16105,12/11/2016,December,Sunday,22:28,2,1,1,0,Single vehicle crash,V1: Travelling straight ahead,V1: N,Snow,Dark - lighted roadway,Snow,0,0,29,10,TRUE,41.9351974,-71.34138102
16106,12/11/2016,December,Sunday,23:31,1,2,0,0,Angle,V1: Travelling straight ahead / V2: Travelling straight ahead,V1: N  / V2: E,Snow,Dark - lighted roadway,Snow,0,0,29,10,TRUE,41.93239993,-71.29481178
16107,12/12/2016,December,Monday,14:12,1,2,0,0,Rear-end,V1: Travelling straight ahead / V2: Slowing or stopped in traffic,V1: W  / V2: W,Wet,Daylight,Cloudy/Rain,0.26,1.3,35,10,TRUE,41.92626385,-71.34598617
16108,12/12/2016,December,Monday,19:29,1,2,0,0,Angle,V1: Travelling straight ahead / V2: Travelling straight ahead,V1: W  / V2: N,Dry,Dark - lighted roadway,Clear,0.26,1.3,35,10,TRUE,41.92014284,-71.35719783
16109,12/12/2016,December,Monday,23:29,1,2,0,0,0,V1: Backing / V2: Slowing or stopped in traffic,V1: W  / V2: E,0,Dark - lighted roadway,Clear,0.26,1.3,35,10,TRUE,41.95019519,-71.27516444
16110,12/13/2016,December,Tuesday,11:37,1,2,0,0,"Sideswipe, opposite direction",V1: Slowing or stopped in traffic / V2: Turning left,V1: S  / V2: E,Dry,Daylight,Clear,0.12,0,46,28,TRUE,41.94188971,-71.28096806
16111,12/13/2016,December,Tuesday,12:38,1,2,0,0,Angle,V1: Turning right / V2: Travelling straight ahead,V1: W  / V2: W,Dry,Daylight,Clear,0.12,0,46,28,TRUE,41.9348168,-71.2802934
16112,12/13/2016,December,Tuesday,20:15,2,2,2,0,Head-on,V1: Travelling straight ahead / V2: Travelling straight ahead,V1: N  / V2: S,Dry,Dark - lighted roadway,Clear,0.12,0,46,28,TRUE,41.91186369,-71.25868042
16113,12/15/2016,December,Thursday,12:33,1,3,0,0,Rear-end,V1: Travelling straight ahead / V2: Travelling straight ahead / V3: Travelling straight ahead,V1: W  / V2: W  / V3: W,Dry,Daylight,Cloudy,0,0,44,24,TRUE,41.96939377,-71.29355357
16114,12/15/2016,December,Thursday,13:22,1,2,0,0,Angle,V1: Travelling straight ahead / V2: Turning left,V1: S  / V2: U,Dry,Daylight,Clear,0,0,44,24,TRUE,41.94274018,-71.28432859
16115,12/15/2016,December,Thursday,13:23,0,1,0,0,Rear-end,V1: Parked,V1: W,Dry,Daylight,Clear,0,0,44,24,TRUE,41.94627589,-71.28697123
16116,12/15/2016,December,Thursday,16:39,1,2,0,0,"Sideswipe, same direction",V1: Travelling straight ahead / V2: Travelling straight ahead,V1: S  / V2: S,Dry,Daylight,Clear,0,0,44,24,TRUE,41.90976076,-71.36345171
16117,12/15/2016,December,Thursday,19:05,1,2,0,0,"Sideswipe, opposite direction",V1: Turning left / V2: Turning right,V1: E  / V2: N,Dry,Dark - lighted roadway,Clear,0,0,44,24,TRUE,41.92890236,-71.35392825
16118,12/16/2016,December,Friday,5:44,1,2,0,0,Rear-end,V1: Travelling straight ahead / V2: Slowing or stopped in traffic,V1: N  / V2: N,Dry,Dark - lighted roadway,Clear,0,0,27,5,TRUE,41.90474145,-71.31772514
16119,12/16/2016,December,Friday,10:36,2,2,1,0,Angle,V1: Travelling straight ahead / V2: Travelling straight ahead,V1: E  / V2: W,Dry,Daylight,Clear,0,0,27,5,TRUE,41.93874704,-71.29215576
16120,12/16/2016,December,Friday,12:33,1,2,0,0,"Sideswipe, same direction",V1: Travelling straight ahead / V2: Travelling straight ahead,V1: N  / V2: N,Dry,Daylight,Clear,0,0,27,5,TRUE,41.89895827,-71.35505517
16121,12/16/2016,December,Friday,17:07,2,2,1,0,Rear-end,V1: Travelling straight ahead / V2: Slowing or stopped in traffic,V1: W  / V2: W,Dry,Dark - lighted roadway,Clear,0,0,27,5,TRUE,41.91739565,-71.37073706
16122,12/16/2016,December,Friday,18:19,1,2,0,0,Angle,V1: Travelling straight ahead / V2: Turning left,V1: S  / V2: N,Dry,Dark - lighted roadway,Clear,0,0,27,5,TRUE,41.90638632,-71.35686316
16123,12/16/2016,December,Friday,19:09,1,2,0,0,Angle,V1: Entering traffic lane / V2: Travelling straight ahead,V1: E  / V2: S,Dry,Dark - lighted roadway,Clear,0,0,27,5,TRUE,41.90964751,-71.36351027
16124,12/17/2016,December,Saturday,3:00,1,1,0,0,Single vehicle crash,V1: Travelling straight ahead,V1: N,Snow,Dark - roadway not lighted,Snow,0.15,1.9,22,5,TRUE,41.97764364,-71.29428811