ID,DATE,Month,Day of week,Crash Time,Crash Severity,Number of Vehicles,Total Nonfatal Injuries,Total Fatal Injuries,Manner of Collision,Vehicle Action Prior to Crash,Vehicle Travel Directions,Road Surface Condition,Ambient Light,Weather Condition,PRCP,SNOW,TMAX,TMIN,Ice,Longtitute,Latitute
16125,12/17/2016,December,Saturday,6:34,1,1,0,0,Single vehicle crash,V1: Travelling straight ahead,V1: N,Snow,Dark - lighted roadway,Snow,0.15,1.9,22,5,TRUE,41.93507984,-71.26224676
16126,12/17/2016,December,Saturday,7:19,1,1,0,0,Angle,V1: Turning right,V1: N,Snow,Daylight,Snow,0.15,1.9,22,5,TRUE,41.89865056,-71.35501459
16127,12/17/2016,December,Saturday,9:19,1,2,0,0,Angle,V1: Turning left / V2: Travelling straight ahead,V1: E  / V2: N,Snow,Daylight,Snow,0.15,1.9,22,5,TRUE,41.94625923,-71.28694634
16128,12/17/2016,December,Saturday,11:00,2,2,1,0,Angle,V1: Travelling straight ahead / V2: Travelling straight ahead,V1: S  / V2: S,Snow,Daylight,Snow,0.15,1.9,22,5,TRUE,41.96019116,-71.30118086
16129,12/17/2016,December,Saturday,11:45,1,2,0,0,Angle,V1: Backing / V2: Parked,V1: N  / V2: 0,Snow,Daylight,Snow,0.15,1.9,22,5,TRUE,41.94391945,-71.28157454
16130,12/17/2016,December,Saturday,14:09,1,2,0,0,Angle,V1: Overtaking/passing / V2: Turning right,V1: W  / V2: W,Dry,Daylight,Clear,0.15,1.9,22,5,TRUE,41.92306919,-71.35306715
16131,12/17/2016,December,Saturday,17:25,2,3,1,0,Rear-end,V1: Entering traffic lane / V2: Travelling straight ahead / V3: Travelling straight ahead,V1: N  / V2: N  / V3: N,Wet,Dark - roadway not lighted,Cloudy,0.15,1.9,22,5,TRUE,41.93407411,-71.3189761
16132,12/18/2016,December,Sunday,9:50,2,3,1,0,"Sideswipe, same direction",V1: Travelling straight ahead / V2: Travelling straight ahead / V3: Changing lanes,V1: S  / V2: S  / V3: S,Wet,Daylight,Rain,0.46,1.9,51,22,TRUE,41.92927403,-71.32377045
16133,12/18/2016,December,Sunday,12:57,1,2,0,0,Angle,V1: Turning left / V2: Travelling straight ahead,V1: W  / V2: S,Wet,Daylight,Rain,0.46,1.9,51,22,TRUE,41.90564025,-71.35665923
16134,12/18/2016,December,Sunday,15:09,1,1,0,0,Single vehicle crash,V1: Turning right,V1: E,Snow,Dark - lighted roadway,Snow,0.46,1.9,51,22,TRUE,41.95484304,-71.28856385
16135,12/18/2016,December,Sunday,17:15,1,2,0,0,"Sideswipe, same direction",V1: Turning right / V2: Turning right,V1: E  / V2: E,Dry,Dark - lighted roadway,Clear,0.46,1.9,51,22,TRUE,41.89903243,-71.355186
16136,12/19/2016,December,Monday,15:46,1,2,0,0,Angle,V1: Entering traffic lane / V2: Travelling straight ahead,V1: E  / V2: N,Dry,Daylight,Clear,0.02,0,56,25,TRUE,41.9404815,-71.28139686
16137,12/19/2016,December,Monday,16:16,1,1,0,0,Single vehicle crash,V1: Travelling straight ahead,V1: N,Dry,Daylight,Clear,0.02,0,56,25,TRUE,41.91918746,-71.29927116
16138,12/19/2016,December,Monday,17:45,2,1,1,0,Single vehicle crash,V1: Travelling straight ahead,V1: N,Dry,Dark - lighted roadway,Clear,0.02,0,56,25,TRUE,41.93519151,-71.32895367
16139,12/20/2016,December,Tuesday,1:07,1,1,0,0,Rear-end,V1: Backing,V1: W,Dry,Dark - roadway not lighted,Clear,0,0,27,17,TRUE,41.93892377,-71.31693391
16140,12/20/2016,December,Tuesday,15:00,1,1,0,0,Single vehicle crash,V1: Travelling straight ahead,V1: N,Dry,Daylight,Clear,0,0,27,17,TRUE,34.24438675,-73.6513909
16141,12/21/2016,December,Wednesday,7:05,2,2,1,0,Rear-end,V1: Travelling straight ahead / V2: Slowing or stopped in traffic,V1: W  / V2: W,Dry,Daylight,Clear,0,0,35,16,TRUE,41.93359015,-71.30040441
16142,12/21/2016,December,Wednesday,9:09,1,2,0,0,Angle,V1: Travelling straight ahead / V2: Travelling straight ahead,V1: N  / V2: W,Dry,Daylight,Clear,0,0,35,16,TRUE,41.94472176,-71.2812504
16143,12/21/2016,December,Wednesday,12:10,1,2,0,0,Rear-end,V1: Slowing or stopped in traffic / V2: Travelling straight ahead,V1: S  / V2: S,Dry,Daylight,Clear,0,0,35,16,TRUE,41.90257898,-71.35602542
16144,12/21/2016,December,Wednesday,12:41,1,2,0,0,Rear-end,V1: Travelling straight ahead / V2: Turning left,V1: W  / V2: W,Dry,Daylight,Cloudy,0,0,35,16,TRUE,41.91711015,-71.37372238
16145,12/22/2016,December,Thursday,7:04,2,1,1,0,Head-on,V1: Leaving traffic lane,V1: N,Dry,Dawn,Clear,0,0,40,25,TRUE,41.91457296,-71.30658441
16146,12/22/2016,December,Thursday,13:22,1,2,0,0,Angle,V1: Travelling straight ahead / V2: Entering traffic lane,V1: W  / V2: W,Dry,Daylight,Cloudy,0,0,40,25,TRUE,41.95260998,-71.26978509
16147,12/23/2016,December,Friday,17:37,2,3,2,0,Rear-end,V1: Travelling straight ahead / V2: Slowing or stopped in traffic / V3: Slowing or stopped in traffic,V1: N  / V2: N  / V3: N,Dry,Dark - lighted roadway,Clear,0,0,41,27,TRUE,41.91981411,-71.35860614
16148,12/24/2016,December,Saturday,6:08,1,1,0,0,Single vehicle crash,V1: Travelling straight ahead,V1: S,Dry,Dark - lighted roadway,Clear,0,0,46,29,TRUE,41.97383094,-71.27564761
16149,12/24/2016,December,Saturday,12:09,1,2,0,0,Angle,V1: Turning left / V2: Travelling straight ahead,V1: W  / V2: N,Wet,Daylight,Rain,0,0,46,29,TRUE,41.89733197,-71.36979234
16150,12/24/2016,December,Saturday,15:48,2,2,2,0,Head-on,V1: Travelling straight ahead / V2: Turning right,V1: W  / V2: S,Dry,Daylight,Clear,0,0,46,29,TRUE,41.94757815,-71.27890388
16151,12/24/2016,December,Saturday,17:35,1,1,0,0,Rear-end,V1: Slowing or stopped in traffic,V1: S,Wet,Dark - lighted roadway,Cloudy,0,0,46,29,TRUE,41.94616556,-71.27499604
16152,12/24/2016,December,Saturday,17:44,1,2,0,0,Rear-end,V1: Travelling straight ahead / V2: Slowing or stopped in traffic,V1: N  / V2: N,Wet,Dark - lighted roadway,Cloudy/Rain,0,0,46,29,TRUE,41.9472108,-71.28786501
16153,12/24/2016,December,Saturday,19:01,1,2,0,0,"Sideswipe, same direction",V1: Travelling straight ahead / V2: Changing lanes,V1: E  / V2: E,Dry,Dark - lighted roadway,Clear,0,0,46,29,TRUE,41.92511357,-71.35637556
16154,12/24/2016,December,Saturday,22:48,1,1,0,0,Single vehicle crash,V1: Overtaking/passing,V1: E,Ice,Dark - roadway not lighted,Clear,0,0,46,29,TRUE,41.93823112,-71.28076302
16155,12/25/2016,December,Sunday,1:13,1,1,0,0,Single vehicle crash,V1: Travelling straight ahead,V1: W,Dry,Dark - lighted roadway,Clear,0.44,0,43,31,TRUE,41.93404812,-71.31577712
16156,12/25/2016,December,Sunday,19:30,1,2,0,0,"Sideswipe, opposite direction",V1: Travelling straight ahead / V2: Travelling straight ahead,V1: E  / V2: W,Dry,Dark - lighted roadway,Clear,0.44,0,43,31,TRUE,41.91235157,-71.26898946
16157,12/26/2016,December,Monday,18:46,1,2,0,0,Rear-end,V1: Travelling straight ahead / V2: Slowing or stopped in traffic,V1: S  / V2: S,Dry,Dark - lighted roadway,Clear,0,0,46,19,TRUE,41.93465133,-71.26184778
16158,12/26/2016,December,Monday,21:39,2,2,1,0,Angle,V1: Turning left / V2: Travelling straight ahead,V1: W  / V2: S,Wet,Dark - lighted roadway,Rain,0,0,46,19,TRUE,41.90998013,-71.35802082
16159,12/27/2016,December,Tuesday,9:50,1,2,0,0,"Sideswipe, same direction",V1: Changing lanes / V2: Travelling straight ahead,V1: E  / V2: E,Wet,Daylight,Rain,0.04,0,56,19,TRUE,41.91981411,-71.35860614
16160,12/27/2016,December,Tuesday,15:20,1,1,0,0,Single vehicle crash,V1: Travelling straight ahead,V1: N,Dry,Daylight,Cloudy,0.04,0,56,19,TRUE,41.9092754,-71.35780912
16161,12/28/2016,December,Wednesday,8:11,1,2,0,0,"Sideswipe, same direction",V1: Turning left / V2: Parked,V1: S  / V2: E,Dry,Daylight,Cloudy,0,0,58,33,FALSE,41.94489736,-71.28345919
16162,12/28/2016,December,Wednesday,14:59,1,2,0,0,Angle,V1: Travelling straight ahead / V2: Entering traffic lane,V1: S  / V2: W,Dry,Daylight,Cloudy,0,0,58,33,FALSE,41.95263042,-71.2895305
16163,12/28/2016,December,Wednesday,17:47,1,2,0,0,Rear-end,V1: Slowing or stopped in traffic / V2: Travelling straight ahead,V1: N  / V2: N,Dry,Dark - lighted roadway,Clear,0,0,58,33,FALSE,41.90140256,-71.35552734
16164,12/29/2016,December,Thursday,17:25,1,2,0,0,"Sideswipe, opposite direction",V1: Travelling straight ahead / V2: Travelling straight ahead,V1: N  / V2: W,Wet,Dark - lighted roadway,Rain,0,0,42,22,TRUE,41.94188971,-71.28096806
16165,12/29/2016,December,Thursday,18:50,1,1,0,0,Single vehicle crash,V1: Travelling straight ahead,V1: S,Wet,Dark - lighted roadway,Rain,0,0,42,22,TRUE,41.9234874,-71.25928685
16166,12/29/2016,December,Thursday,20:05,1,1,0,0,Single vehicle crash,V1: Travelling straight ahead,V1: N,Wet,Dark - lighted roadway,Rain,0,0,42,22,TRUE,41.89867838,-71.34654981
16167,12/29/2016,December,Thursday,20:28,1,2,0,0,Angle,V1: Turning left / V2: Travelling straight ahead,V1: N  / V2: S,Ice,Dark - lighted roadway,Clear,0,0,42,22,TRUE,41.92387717,-71.35158914
16168,12/30/2016,December,Friday,11:23,1,2,0,0,Rear-end,V1: Travelling straight ahead / V2: Slowing or stopped in traffic,V1: N  / V2: N,Dry,Daylight,Clear,0.79,0.2,40,24,TRUE,41.90140082,-71.35552621
16169,12/30/2016,December,Friday,14:30,1,2,0,0,Rear-end,V1: Slowing or stopped in traffic / V2: Travelling straight ahead,V1: E  / V2: E,Wet,Daylight,Snow,0.79,0.2,40,24,TRUE,41.94256849,-71.27443491
16170,12/30/2016,December,Friday,17:17,1,2,0,0,Rear-end,V1: Slowing or stopped in traffic / V2: Slowing or stopped in traffic,V1: W  / V2: W,Dry,Dark - lighted roadway,Cloudy,0.79,0.2,40,24,TRUE,41.93269195,-71.32821357
16171,12/31/2016,December,Saturday,17:37,0,1,0,0,Single vehicle crash,V1: 0,V1: U,Dry,Dark - lighted roadway,Clear,0,0,42,24,TRUE,41.91200775,-71.25878583
16172,1/2/2017,January,Monday,14:14,2,3,1,0,Angle,V1: Turning left / V2: Travelling straight ahead / V3: Slowing or stopped in traffic,V1: S  / V2: N  / V3: U,Dry,Daylight,Clear,0,0,45,22,TRUE,41.92890675,-71.35392632
16173,1/2/2017,January,Monday,18:07,2,2,1,0,Rear-end,V1: Travelling straight ahead / V2: Turning right,V1: S  / V2: W,Wet,Dark - lighted roadway,Rain,0,0,45,22,TRUE,41.9240307,-71.3568444
16174,1/2/2017,January,Monday,18:13,1,2,0,0,"Sideswipe, opposite direction",V1: Travelling straight ahead / V2: Turning left,V1: N  / V2: W,Dry,Dark - lighted roadway,Clear,0,0,45,22,TRUE,41.89733197,-71.36979234
16175,1/3/2017,January,Tuesday,1:57,1,1,0,0,Single vehicle crash,V1: Travelling straight ahead,V1: S,Wet,Dark - lighted roadway,Rain,0.02,0,41,22,TRUE,41.93769989,-71.28366018
16176,1/3/2017,January,Tuesday,4:45,2,2,1,0,Angle,V1: Turning left / V2: Travelling straight ahead,V1: E  / V2: W,Wet,Dark - lighted roadway,Cloudy,0.02,0,41,22,TRUE,41.93359015,-71.30040441
16177,1/3/2017,January,Tuesday,6:42,2,4,2,0,"Sideswipe, same direction",V1: Changing lanes / V2: Travelling straight ahead / V3: Travelling straight ahead / V4: Travelling straight ahead,V1: N  / V2: N  / V3: N  / V4: N,Dry,Dawn,Cloudy,0.02,0,41,22,TRUE,41.90231844,-71.35595143
16178,1/3/2017,January,Tuesday,8:25,2,3,2,0,Angle,V1: Travelling straight ahead / V2: Travelling straight ahead / V3: Slowing or stopped in traffic,V1: N  / V2: W  / V3: S,Wet,Daylight,Cloudy/Rain,0.02,0,41,22,TRUE,41.94757814,-71.27890389
16179,1/3/2017,January,Tuesday,16:49,1,3,0,0,Angle,V1: Entering traffic lane / V2: Travelling straight ahead / V3: Slowing or stopped in traffic,V1: S  / V2: S  / V3: S,Wet,Dusk,Cloudy/Rain,0.02,0,41,22,TRUE,41.94519466,-71.28103716
16180,1/3/2017,January,Tuesday,17:36,3,1,0,1,Single vehicle crash,V1: Travelling straight ahead,V1: N,Wet,Dark - lighted roadway,Rain,0.02,0,41,22,TRUE,41.94711114,-71.28777663
16181,1/3/2017,January,Tuesday,18:37,1,1,0,0,Single vehicle crash,V1: Travelling straight ahead,V1: E,Wet,Dark - lighted roadway,Rain,0.02,0,41,22,TRUE,41.93562646,-71.30275802
16182,1/3/2017,January,Tuesday,19:39,1,2,0,0,Angle,V1: Turning right / V2: Travelling straight ahead,V1: E  / V2: S,Wet,Dark - lighted roadway,Rain,0.02,0,41,22,TRUE,41.89618753,-71.37039513
16183,1/4/2017,January,Wednesday,12:20,1,2,0,0,Rear-end,V1: Slowing or stopped in traffic / V2: Backing,V1: S  / V2: S,Dry,Daylight,Cloudy,0.81,0,44,38,FALSE,41.94828342,-71.27801243
16184,1/4/2017,January,Wednesday,18:09,2,2,1,0,Rear-end,V1: Slowing or stopped in traffic / V2: Slowing or stopped in traffic,V1: N  / V2: N,Wet,Dark - lighted roadway,Rain,0.81,0,44,38,FALSE,41.90217475,-71.35579772
16185,1/5/2017,January,Thursday,16:42,1,2,0,0,Angle,V1: Turning left / V2: Travelling straight ahead,V1: N  / V2: W,Dry,Daylight,Clear,0,0,49,27,TRUE,41.95076301,-71.27397064
16186,1/5/2017,January,Thursday,17:47,2,2,1,0,Rear-end,V1: Travelling straight ahead / V2: Travelling straight ahead,V1: N  / V2: N,Dry,Dark - lighted roadway,Clear,0,0,49,27,TRUE,41.94625923,-71.28694634
16187,1/5/2017,January,Thursday,18:11,1,2,0,0,Angle,V1: Changing lanes / V2: Entering traffic lane,V1: N  / V2: N,Dry,Dark - lighted roadway,Clear,0,0,49,27,TRUE,41.90682608,-71.35698151
16188,1/5/2017,January,Thursday,18:40,1,2,0,0,Rear-end,V1: Travelling straight ahead / V2: Slowing or stopped in traffic,V1: S  / V2: S,Dry,Dark - lighted roadway,Clear,0,0,49,27,TRUE,41.90257898,-71.35602542
16189,1/5/2017,January,Thursday,18:50,1,2,0,0,"Sideswipe, same direction",V1: Travelling straight ahead / V2: Entering traffic lane,V1: S  / V2: W,Dry,Dark - lighted roadway,Clear,0,0,49,27,TRUE,41.94181175,-71.28464889
16190,1/5/2017,January,Thursday,21:22,1,2,0,0,Angle,V1: Turning left / V2: Travelling straight ahead,V1: E  / V2: S,Dry,Dark - lighted roadway,Clear,0,0,49,27,TRUE,41.95180679,-71.2898592
16191,1/6/2017,January,Friday,4:47,1,1,0,0,Single vehicle crash,V1: Turning right,V1: N,Ice,Dark - lighted roadway,Snow,0.06,1.4,33,25,TRUE,41.92014284,-71.35719783
16192,1/6/2017,January,Friday,5:05,1,2,0,0,Angle,V1: Travelling straight ahead / V2: Travelling straight ahead,V1: E  / V2: N,Snow,Daylight,Snow,0.06,1.4,33,25,TRUE,41.93269195,-71.32821357
16193,1/6/2017,January,Friday,5:20,1,1,0,0,Single vehicle crash,V1: Turning left,V1: S,Snow,Dark - lighted roadway,Snow,0.06,1.4,33,25,TRUE,41.93269195,-71.32821357
16194,1/6/2017,January,Friday,5:38,1,1,0,0,Single vehicle crash,V1: Travelling straight ahead,V1: S,Ice,Daylight,Snow,0.06,1.4,33,25,TRUE,41.93831017,-71.33244586
16195,1/6/2017,January,Friday,6:30,1,1,0,0,Single vehicle crash,V1: Travelling straight ahead,V1: N,Snow,Dawn,Snow,0.06,1.4,33,25,TRUE,41.9398835,-71.25139925
16196,1/6/2017,January,Friday,6:43,1,2,0,0,Angle,V1: Turning right / V2: Slowing or stopped in traffic,V1: E  / V2: N,Snow,Dark - lighted roadway,Snow,0.06,1.4,33,25,TRUE,41.95180679,-71.2898592
16197,1/6/2017,January,Friday,7:08,1,1,0,0,Single vehicle crash,V1: Travelling straight ahead,V1: E,Snow,Daylight,Snow,0.06,1.4,33,25,TRUE,41.93150481,-71.33366365
16198,1/6/2017,January,Friday,9:43,1,2,0,0,Angle,V1: Backing / V2: Travelling straight ahead,V1: E  / V2: N,Snow,Daylight,Clear,0.06,1.4,33,25,TRUE,41.96773858,-71.29510252
16199,1/6/2017,January,Friday,10:05,1,1,0,0,Single vehicle crash,V1: Turning right,V1: S,Ice,Daylight,Snow,0.06,1.4,33,25,TRUE,41.92747539,-71.29815129
16200,1/6/2017,January,Friday,14:40,1,2,0,0,"Sideswipe, same direction",V1: Travelling straight ahead / V2: Entering traffic lane,V1: N  / V2: W,Wet,Daylight,Clear,0.06,1.4,33,25,TRUE,41.95484304,-71.28856385
16201,1/7/2017,January,Saturday,12:11,2,2,1,0,Angle,V1: Turning left / V2: Travelling straight ahead,V1: 0 / V2: W,Snow,Daylight,Snow,0.05,1.5,32,19,TRUE,41.94701106,-71.2760815
16202,1/7/2017,January,Saturday,12:46,1,2,0,0,Angle,V1: Entering traffic lane / V2: Travelling straight ahead,V1: S  / V2: S,Snow,Daylight,Snow,0.05,1.5,32,19,TRUE,41.91420591,-71.36119762
16203,1/7/2017,January,Saturday,14:02,1,1,0,0,Single vehicle crash,V1: Travelling straight ahead,V1: N,Snow,Daylight,Snow,0.05,1.5,32,19,TRUE,41.90231844,-71.35595143
16204,1/7/2017,January,Saturday,14:54,1,2,0,0,"Sideswipe, same direction",V1: Travelling straight ahead / V2: Slowing or stopped in traffic,V1: N  / V2: N,Snow,Daylight,Snow,0.05,1.5,32,19,TRUE,41.89690716,-71.3729372
16205,1/7/2017,January,Saturday,15:25,1,1,0,0,Single vehicle crash,V1: Travelling straight ahead,V1: S,Snow,Dusk,Snow,0.05,1.5,32,19,TRUE,41.96019116,-71.30118086
16206,1/7/2017,January,Saturday,16:13,1,2,0,0,Rear-end,V1: Slowing or stopped in traffic / V2: Slowing or stopped in traffic,V1: W  / V2: W,Snow,Daylight,Snow,0.05,1.5,32,19,TRUE,41.94472176,-71.2812504
16207,1/7/2017,January,Saturday,16:29,1,2,0,0,Angle,V1: Slowing or stopped in traffic / V2: Travelling straight ahead,V1: S  / V2: W,Snow,Dark - lighted roadway,Snow,0.05,1.5,32,19,TRUE,41.94066438,-71.28948653
16208,1/7/2017,January,Saturday,22:46,1,1,0,0,Single vehicle crash,V1: Travelling straight ahead,V1: S,Snow,Dark - lighted roadway,Snow,0.05,1.5,32,19,TRUE,41.89893416,-71.36224167
16209,1/8/2017,January,Sunday,1:54,1,2,0,0,"Sideswipe, same direction",V1: Making U-turn / V2: Travelling straight ahead,V1: E  / V2: E,Snow,Dark - lighted roadway,Snow,0.64,12.9,24,9,TRUE,41.89863276,-71.35506105
16210,1/8/2017,January,Sunday,10:30,1,1,0,0,Single vehicle crash,V1: Travelling straight ahead,V1: E,Snow,Daylight,Clear,0.64,12.9,24,9,TRUE,41.93732949,-71.29415609
16211,1/8/2017,January,Sunday,13:48,1,2,0,0,Angle,V1: Backing / V2: Parked,V1: W  / V2: N,Snow,Dark - lighted roadway,Snow,0.64,12.9,24,9,TRUE,41.92789739,-71.27239475
16212,1/8/2017,January,Sunday,15:35,1,2,0,0,Angle,V1: Travelling straight ahead / V2: Turning left,V1: W  / V2: W,Wet,Daylight,Clear,0.64,12.9,24,9,TRUE,41.95082863,-71.27380922
16213,1/9/2017,January,Monday,0:17,2,1,1,0,Single vehicle crash,V1: Travelling straight ahead,V1: E,Wet,Dark - lighted roadway,Cloudy,0,0,22,3,TRUE,41.91908925,-71.36140534
16214,1/9/2017,January,Monday,5:54,1,1,0,0,Single vehicle crash,V1: Turning right,V1: N,Ice,Dark - lighted roadway,Cloudy,0,0,22,3,TRUE,41.89733197,-71.36979234
16215,1/9/2017,January,Monday,7:06,1,2,0,0,Rear-end,V1: Slowing or stopped in traffic / V2: Travelling straight ahead,V1: N  / V2: N,Dry,Daylight,Clear,0,0,22,3,TRUE,34.24438675,-73.6513909
16216,1/9/2017,January,Monday,7:57,2,2,1,0,Rear-end,V1: Travelling straight ahead / V2: Slowing or stopped in traffic,V1: S  / V2: S,Dry,Daylight,Clear,0,0,22,3,TRUE,41.90231125,-71.35597671
16217,1/9/2017,January,Monday,8:10,1,2,0,0,Angle,V1: Turning left / V2: Turning left,V1: N  / V2: E,Dry,Daylight,Clear,0,0,22,3,TRUE,41.94217059,-71.28456247
16218,1/9/2017,January,Monday,17:40,1,2,0,0,Angle,V1: Entering traffic lane / V2: Travelling straight ahead,V1: W  / V2: S,Dry,Dusk,Clear,0,0,22,3,TRUE,41.94757814,-71.27890389
16219,1/9/2017,January,Monday,18:06,1,2,0,0,Angle,V1: Turning left / V2: Travelling straight ahead,V1: E  / V2: E,Dry,Dark - roadway not lighted,Clear,0,0,22,3,TRUE,41.96939377,-71.29355357
16220,1/9/2017,January,Monday,19:13,2,2,2,0,Angle,V1: Travelling straight ahead / V2: Turning left,V1: W  / V2: E,Dry,Dark - roadway not lighted,Clear,0,0,22,3,TRUE,41.96939377,-71.29355357
16221,1/9/2017,January,Monday,19:17,1,1,0,0,Single vehicle crash,V1: Turning left,V1: N,Snow,Dark - lighted roadway,Clear,0,0,22,3,TRUE,41.91692298,-71.29607671
16222,1/9/2017,January,Monday,23:06,1,1,0,0,Single vehicle crash,V1: Travelling straight ahead,V1: E,Snow,Dark - lighted roadway,Clear,0,0,22,3,TRUE,41.92698122,-71.3578765
16223,1/10/2017,January,Tuesday,17:37,1,2,0,0,"Sideswipe, same direction",V1: Travelling straight ahead / V2: Changing lanes,V1: E  / V2: E,Wet,Dark - lighted roadway,Rain,0,0,20,1,TRUE,41.9483337,-71.27794679
16224,1/10/2017,January,Tuesday,23:57,1,1,0,0,Single vehicle crash,V1: Travelling straight ahead,V1: W,Wet,Dark - lighted roadway,Cloudy/Rain,0,0,20,1,TRUE,41.93752087,-71.25310616
16225,1/11/2017,January,Wednesday,7:26,1,2,0,0,Angle,V1: Overtaking/passing / V2: Turning left,V1: S  / V2: W,Wet,Daylight,Rain,0.28,0,50,3,TRUE,41.95484304,-71.28856385
16226,1/11/2017,January,Wednesday,11:17,2,1,1,0,Single vehicle crash,V1: Travelling straight ahead,V1: N,Dry,Daylight,Clear,0.28,0,50,3,TRUE,41.90439975,-71.33515353
16227,1/11/2017,January,Wednesday,12:19,1,2,0,0,Angle,V1: Entering traffic lane / V2: Travelling straight ahead,V1: S  / V2: W,Dry,Daylight,Clear,0.28,0,50,3,TRUE,41.94757814,-71.27890389
16228,1/11/2017,January,Wednesday,14:10,1,1,0,0,Single vehicle crash,V1: Travelling straight ahead,V1: W,Dry,Daylight,Clear,0.28,0,50,3,TRUE,41.95314609,-71.2774842
16229,1/11/2017,January,Wednesday,16:25,1,2,0,0,Rear-end,V1: Travelling straight ahead / V2: Slowing or stopped in traffic,V1: E  / V2: E,Dry,Dusk,Clear,0.28,0,50,3,TRUE,41.93269195,-71.32821357
16230,1/11/2017,January,Wednesday,17:34,2,2,2,0,Rear-end,V1: Travelling straight ahead / V2: Travelling straight ahead,V1: W  / V2: W,Dry,Dark - lighted roadway,Clear,0.28,0,50,3,TRUE,41.93397342,-71.31098319
16231,1/11/2017,January,Wednesday,19:00,1,2,0,0,Rear-end,V1: Slowing or stopped in traffic / V2: Travelling straight ahead,V1: S  / V2: S,Dry,Dark - lighted roadway,Clear,0.28,0,50,3,TRUE,41.96899106,-71.2914896
16232,1/12/2017,January,Thursday,7:48,1,2,0,0,Angle,V1: Entering traffic lane / V2: Travelling straight ahead,V1: N  / V2: N,Dry,Daylight,Clear,0.26,0,56,40,FALSE,41.92759208,-71.35472568
16233,1/12/2017,January,Thursday,8:03,1,2,0,0,Rear-end,V1: Slowing or stopped in traffic / V2: Travelling straight ahead,V1: E  / V2: E,"Sand, mud, dirt, oil, gravel",Daylight,Clear,0.26,0,56,40,FALSE,41.9483337,-71.27794679
16234,1/12/2017,January,Thursday,18:05,1,2,0,0,Angle,V1: Overtaking/passing / V2: Turning left,V1: S  / V2: W,0,Dark - lighted roadway,Cloudy,0.26,0,56,40,FALSE,41.97100394,-71.29120912
16235,1/13/2017,January,Friday,11:03,1,1,0,0,Single vehicle crash,V1: Travelling straight ahead,V1: W,Dry,Daylight,Clear,0.01,0,58,43,FALSE,41.91183911,-71.2771474
16236,1/13/2017,January,Friday,14:33,1,2,0,0,Rear-to-rear,V1: Backing / V2: Parked,V1: S  / V2: 0,Dry,Daylight,Cloudy,0.01,0,58,43,FALSE,41.93426971,-71.29961081
16237,1/13/2017,January,Friday,17:23,1,2,0,0,Rear-end,V1: Travelling straight ahead / V2: Slowing or stopped in traffic,V1: N  / V2: N,Dry,Dark - lighted roadway,Clear,0.01,0,58,43,FALSE,41.91907801,-71.35891659
16238,1/14/2017,January,Saturday,3:45,1,2,0,0,Angle,V1: Slowing or stopped in traffic / V2: Travelling straight ahead,V1: S  / V2: S,Dry,Dark - lighted roadway,Clear,0,0,47,17,TRUE,41.93835148,-71.26623136
16239,1/15/2017,January,Sunday,7:30,2,3,1,0,Rear-end,V1: Travelling straight ahead / V2: Travelling straight ahead / V3: Travelling straight ahead,V1: S  / V2: S  / V3: S,Dry,Daylight,Clear,0,0,31,17,TRUE,41.92927403,-71.32377045
16240,1/15/2017,January,Sunday,16:15,1,2,0,0,Angle,V1: Travelling straight ahead / V2: Entering traffic lane,V1: S  / V2: W,Dry,Daylight,Clear,0,0,31,17,TRUE,41.89957255,-71.3551788
16241,1/15/2017,January,Sunday,16:27,1,2,0,0,Rear-end,V1: Travelling straight ahead / V2: Slowing or stopped in traffic,V1: E  / V2: E,Dry,Daylight,Clear,0,0,31,17,TRUE,41.95484304,-71.28856385
16242,1/16/2017,January,Monday,6:52,1,2,0,0,Angle,V1: Travelling straight ahead / V2: Turning left,V1: W  / V2: E,Dry,Daylight,Clear,0,0,38,15,TRUE,41.93359015,-71.30040441
16243,1/16/2017,January,Monday,8:30,2,2,2,0,Rear-end,V1: Changing lanes / V2: Travelling straight ahead,V1: S  / V2: S,Dry,Daylight,Clear,0,0,38,15,TRUE,41.89861001,-71.36943215
16244,1/16/2017,January,Monday,11:58,2,2,1,0,Angle,V1: Travelling straight ahead / V2: Slowing or stopped in traffic,V1: E  / V2: E,Dry,Daylight,Clear,0,0,38,15,TRUE,41.95437986,-71.25499915
16245,1/16/2017,January,Monday,17:33,1,2,0,0,Angle,V1: Travelling straight ahead / V2: Turning left,V1: E  / V2: W,Dry,Dark - lighted roadway,Clear,0,0,38,15,TRUE,41.94757815,-71.27890388
16246,1/16/2017,January,Monday,18:53,1,2,0,0,"Sideswipe, same direction",V1: Leaving traffic lane / V2: Travelling straight ahead,V1: N  / V2: N,Dry,Dark - lighted roadway,Clear,0,0,38,15,TRUE,41.91082902,-71.36290776
16247,1/16/2017,January,Monday,23:06,1,1,0,0,Single vehicle crash,V1: Backing,V1: E,Dry,Dark - lighted roadway,Clear,0,0,38,15,TRUE,41.93404804,-71.28090349