ID,DATE,Month,Day of week,Crash Time,Crash Severity,Number of Vehicles,Total Nonfatal Injuries,Total Fatal Injuries,Manner of Collision,Vehicle Action Prior to Crash,Vehicle Travel Directions,Road Surface Condition,Ambient Light,Weather Condition,PRCP,SNOW,TMAX,TMIN,Ice,Longtitute,Latitute
16248,1/17/2017,January,Tuesday,8:43,1,2,0,0,Rear-end,V1: Entering traffic lane / V2: Entering traffic lane,V1: N  / V2: N,Dry,Daylight,Cloudy,0,0,41,14,TRUE,41.89860465,-71.35501252
16249,1/18/2017,January,Wednesday,13:26,1,2,0,0,Rear-end,V1: Backing / V2: Travelling straight ahead,V1: E  / V2: E,Wet,Daylight,Rain,0.61,0,43,24,TRUE,41.90393161,-71.38090071
16250,1/18/2017,January,Wednesday,14:07,1,2,0,0,Angle,V1: Travelling straight ahead / V2: Turning left,V1: E  / V2: W,Wet,Daylight,Rain,0.61,0,43,24,TRUE,41.93391909,-71.32115817
16251,1/18/2017,January,Wednesday,17:25,1,1,0,0,Single vehicle crash,V1: Backing,V1: E,Dry,Dark - roadway not lighted,Clear,0.61,0,43,24,TRUE,41.93948748,-71.29018988
16252,1/19/2017,January,Thursday,12:25,2,2,2,0,Head-on,V1: Travelling straight ahead / V2: Travelling straight ahead,V1: S  / V2: N,Dry,Daylight,Clear,0.08,0,40,32,TRUE,41.97762195,-71.27829792
16253,1/19/2017,January,Thursday,19:17,2,1,1,0,Single vehicle crash,V1: Travelling straight ahead,V1: N,Dry,Dark - lighted roadway,Clear,0.08,0,40,32,TRUE,41.937923,-71.33128418
16254,1/20/2017,January,Friday,11:54,1,2,0,0,Head-on,V1: Travelling straight ahead / V2: Travelling straight ahead,V1: W  / V2: E,Dry,Daylight,Clear,0,0,46,30,TRUE,41.95414488,-71.25625402
16255,1/20/2017,January,Friday,12:58,1,2,0,0,Rear-end,V1: Travelling straight ahead / V2: Slowing or stopped in traffic,V1: N  / V2: N,Dry,Daylight,Clear,0,0,46,30,TRUE,41.93624398,-71.26400311
16256,1/20/2017,January,Friday,13:21,1,2,0,0,Angle,V1: Changing lanes / V2: Travelling straight ahead,V1: N  / V2: N,Dry,Daylight,Clear,0,0,46,30,TRUE,41.92890675,-71.35392632
16257,1/20/2017,January,Friday,17:37,1,2,0,0,"Sideswipe, opposite direction",V1: Turning left / V2: Travelling straight ahead,V1: N  / V2: W,Dry,Dark - lighted roadway,Clear,0,0,46,30,TRUE,41.9483337,-71.27794679
16258,1/20/2017,January,Friday,20:01,0,1,0,0,0,V1: Parked,V1: S,Dry,Dark - lighted roadway,Clear,0,0,46,30,TRUE,41.94398231,-71.28037852
16259,1/21/2017,January,Saturday,14:44,1,2,0,0,Angle,V1: Backing / V2: Travelling straight ahead,V1: S  / V2: W,Dry,Daylight,Clear,0,0,43,33,FALSE,41.93580141,-71.29473883
16260,1/21/2017,January,Saturday,21:34,2,2,1,0,Angle,V1: Slowing or stopped in traffic / V2: Travelling straight ahead,V1: S  / V2: W,0,Dark - lighted roadway,Cloudy,0,0,43,33,FALSE,41.93358571,-71.32352844
16261,1/21/2017,January,Saturday,22:10,2,1,1,0,Single vehicle crash,V1: Changing lanes,V1: S,Dry,Dark - roadway not lighted,Clear,0,0,43,33,FALSE,41.89814358,-71.37091566
16262,1/22/2017,January,Sunday,2:48,0,1,0,0,Single vehicle crash,V1: Turning left,V1: W,Dry,Dark - lighted roadway,Fog,0,0,54,34,FALSE,41.92734177,-71.2850606
16263,1/23/2017,January,Monday,7:45,1,2,0,0,Rear-end,V1: Slowing or stopped in traffic / V2: Slowing or stopped in traffic,V1: W  / V2: W,Wet,Daylight,Cloudy/Rain,0.02,0,51,35,FALSE,41.93623387,-71.28481203
16264,1/23/2017,January,Monday,9:57,1,2,0,0,"Sideswipe, same direction",V1: Travelling straight ahead / V2: Parked,V1: W  / V2: W,Dry,Daylight,Clear,0.02,0,51,35,FALSE,41.95315413,-71.29142822
16265,1/23/2017,January,Monday,17:42,2,1,1,0,Single vehicle crash,V1: Travelling straight ahead,V1: W,Wet,Dark - lighted roadway,Cloudy/Rain,0.02,0,51,35,FALSE,41.93734721,-71.25637993
16266,1/24/2017,January,Tuesday,1:26,2,1,1,0,Single vehicle crash,V1: Travelling straight ahead,V1: W,Wet,Dark - lighted roadway,Cloudy/Rain,1.45,0,40,35,FALSE,41.9446632,-71.28341486
16267,1/24/2017,January,Tuesday,11:59,1,2,0,0,Angle,V1: Turning left / V2: Travelling straight ahead,V1: N  / V2: S,Wet,Daylight,Cloudy/Rain,1.45,0,40,35,FALSE,41.91325585,-71.3590575
16268,1/24/2017,January,Tuesday,17:18,1,2,0,0,Angle,V1: Travelling straight ahead / V2: Travelling straight ahead,V1: W  / V2: N,Dry,Dark - lighted roadway,Cloudy,1.45,0,40,35,FALSE,41.92890236,-71.35392825
16269,1/24/2017,January,Tuesday,23:07,2,1,1,0,Single vehicle crash,V1: Travelling straight ahead,V1: S,Wet,Dark - roadway not lighted,Cloudy/Rain,1.45,0,40,35,FALSE,41.90433577,-71.35012688
16270,1/24/2017,January,Tuesday,23:48,1,4,0,0,Angle,V1: Leaving traffic lane / V2: Parked / V3: Parked / V4: Parked,V1: S  / V2: 0 / V3: 0 / V4: 0,Wet,Dark - lighted roadway,Rain,1.45,0,40,35,FALSE,41.9064568,-71.31997207
16271,1/25/2017,January,Wednesday,12:00,2,2,1,0,Angle,V1: Turning left / V2: Travelling straight ahead,V1: N  / V2: W,Dry,Daylight,Clear,0.68,0,44,35,FALSE,41.93269195,-71.32821357
16272,1/26/2017,January,Thursday,14:17,1,1,0,0,Single vehicle crash,V1: Turning left,V1: W,Wet,Daylight,Rain,0,0,45,35,FALSE,41.9265526,-71.34387014
16273,1/26/2017,January,Thursday,15:25,1,2,0,0,Rear-end,V1: Travelling straight ahead / V2: Slowing or stopped in traffic,V1: S  / V2: S,Dry,Daylight,Clear,0,0,45,35,FALSE,41.96019116,-71.30118086
16274,1/26/2017,January,Thursday,15:57,1,1,0,0,Single vehicle crash,V1: Overtaking/passing,V1: W,Wet,Daylight,Rain,0,0,45,35,FALSE,41.90353344,-71.33368854
16275,1/26/2017,January,Thursday,19:25,2,1,0,0,Single vehicle crash,V1: Travelling straight ahead,V1: W,Dry,Dark - lighted roadway,Clear,0,0,45,35,FALSE,41.92616865,-71.3603011
16276,1/27/2017,January,Friday,9:30,1,2,0,0,Angle,V1: Backing / V2: Parked,V1: S  / V2: N,Dry,Daylight,Cloudy,0.04,0,48,37,FALSE,41.93495218,-71.28490297
16277,1/27/2017,January,Friday,13:18,2,2,2,0,Angle,V1: Travelling straight ahead / V2: Travelling straight ahead,V1: E  / V2: N,Dry,Daylight,Cloudy,0.04,0,48,37,FALSE,41.95056017,-71.27440404
16278,1/27/2017,January,Friday,14:33,2,2,3,0,Angle,V1: Entering traffic lane / V2: Travelling straight ahead,V1: W  / V2: E,Dry,Daylight,Clear,0.04,0,48,37,FALSE,41.93406554,-71.30574057
16279,1/28/2017,January,Saturday,2:02,1,2,0,0,"Sideswipe, opposite direction",V1: Travelling straight ahead / V2: Slowing or stopped in traffic,V1: E  / V2: W,Dry,Dark - lighted roadway,Clear,0,0,45,31,TRUE,41.92626385,-71.34598617
16280,1/28/2017,January,Saturday,12:47,1,1,0,0,Angle,V1: Travelling straight ahead,V1: S,Dry,Daylight,Cloudy,0,0,45,31,TRUE,41.90737001,-71.3044315
16281,1/28/2017,January,Saturday,20:21,1,2,0,0,"Sideswipe, same direction",V1: Travelling straight ahead / V2: Changing lanes,V1: W  / V2: W,Dry,Dark - lighted roadway,Clear,0,0,45,31,TRUE,41.952086,-71.27095074
16282,1/29/2017,January,Sunday,17:39,1,2,0,0,Rear-end,V1: Travelling straight ahead / V2: Slowing or stopped in traffic,V1: N  / V2: N,Dry,Dark - lighted roadway,Clear,0,0,40,28,TRUE,41.90682608,-71.35698151
16283,1/30/2017,January,Monday,15:15,2,2,5,0,Head-on,V1: Turning left / V2: Travelling straight ahead,V1: S  / V2: E,Dry,Daylight,Cloudy,0,0,42,19,TRUE,41.93269195,-71.32821357
16284,1/31/2017,January,Tuesday,14:12,1,1,0,0,Single vehicle crash,V1: Travelling straight ahead,V1: W,Snow,Daylight,Snow,0,0,36,17,TRUE,41.92866657,-71.33933715
16285,1/31/2017,January,Tuesday,14:35,1,3,0,0,Rear-end,V1: Slowing or stopped in traffic / V2: Slowing or stopped in traffic / V3: Slowing or stopped in traffic,V1: S  / V2: S  / V3: S,Snow,Daylight,Snow,0,0,36,17,TRUE,41.93777592,-71.31514561
16286,1/31/2017,January,Tuesday,14:37,1,2,0,0,Rear-end,V1: Travelling straight ahead / V2: Travelling straight ahead,V1: S  / V2: S,Snow,Daylight,Snow,0,0,36,17,TRUE,41.94097573,-71.31283825
16287,1/31/2017,January,Tuesday,14:38,1,2,0,0,Rear-end,V1: Slowing or stopped in traffic / V2: Travelling straight ahead,V1: E  / V2: E,Slush,Daylight,Snow,0,0,36,17,TRUE,41.93156958,-71.29118638
16288,1/31/2017,January,Tuesday,14:45,1,3,0,0,Rear-end,V1: Travelling straight ahead / V2: Travelling straight ahead / V3: Travelling straight ahead,V1: N  / V2: N  / V3: N,Snow,Daylight,Snow,0,0,36,17,TRUE,41.91619723,-71.35885587
16289,1/31/2017,January,Tuesday,14:56,1,2,0,0,Single vehicle crash,V1: Entering traffic lane / V2: Travelling straight ahead,V1: W  / V2: W,Snow,Daylight,Snow,0,0,36,17,TRUE,41.95428602,-71.28497548
16290,1/31/2017,January,Tuesday,14:59,1,2,0,0,Rear-end,V1: Parked / V2: Overtaking/passing,V1: S  / V2: S,Wet,Daylight,Snow,0,0,36,17,TRUE,41.93980944,-71.3346278
16291,1/31/2017,January,Tuesday,14:59,1,2,0,0,Head-on,V1: Travelling straight ahead / V2: Overtaking/passing,V1: N  / V2: S,Wet,Daylight,Snow,0,0,36,17,TRUE,41.93980944,-71.3346278
16292,1/31/2017,January,Tuesday,15:04,1,1,0,0,Single vehicle crash,V1: Slowing or stopped in traffic,V1: W,Snow,Daylight,Snow,0,0,36,17,TRUE,41.94330896,-71.27265641
16293,1/31/2017,January,Tuesday,15:05,1,2,0,0,Angle,V1: Travelling straight ahead / V2: Backing,V1: E  / V2: S,Ice,Daylight,Snow,0,0,36,17,TRUE,41.9265526,-71.34387014
16294,1/31/2017,January,Tuesday,15:13,1,2,0,0,Rear-end,V1: Slowing or stopped in traffic / V2: Slowing or stopped in traffic,V1: W  / V2: W,Snow,Daylight,Snow,0,0,36,17,TRUE,41.91044592,-71.28309302
16295,1/31/2017,January,Tuesday,15:22,1,2,0,0,Angle,V1: Travelling straight ahead / V2: Parked,V1: E  / V2: 0,Snow,Daylight,Snow,0,0,36,17,TRUE,41.9147509,-71.36037224
16296,1/31/2017,January,Tuesday,15:25,1,2,0,0,Head-on,V1: Travelling straight ahead / V2: Travelling straight ahead,V1: W  / V2: E,Snow,Daylight,Snow,0,0,36,17,TRUE,41.92753918,-71.22353051
16297,1/31/2017,January,Tuesday,15:25,1,2,0,0,Head-on,V1: Travelling straight ahead / V2: Travelling straight ahead,V1: S  / V2: S,Snow,Daylight,Snow,0,0,36,17,TRUE,41.90255025,-71.35612621
16298,1/31/2017,January,Tuesday,16:16,1,1,0,0,Single vehicle crash,V1: Travelling straight ahead,V1: E,Snow,Daylight,Snow,0,0,36,17,TRUE,41.93708591,-71.25569055
16299,1/31/2017,January,Tuesday,16:42,1,2,0,0,0,V1: Parked / V2: Parked,V1: 0 / V2: 0,Snow,Daylight,Snow,0,0,36,17,TRUE,41.94391179,-71.28157866
16300,1/31/2017,January,Tuesday,16:56,1,2,0,0,Angle,V1: Entering traffic lane / V2: Travelling straight ahead,V1: E  / V2: N,Snow,Daylight,Snow,0,0,36,17,TRUE,41.94066438,-71.28948653
16301,1/31/2017,January,Tuesday,22:47,1,1,0,0,Single vehicle crash,V1: Turning left,V1: N,Snow,Dark - lighted roadway,Snow,0,0,36,17,TRUE,41.89957255,-71.3551788
16302,2/1/2017,February,Wednesday,7:08,1,2,0,0,Head-on,V1: Travelling straight ahead / V2: Travelling straight ahead,V1: N  / V2: S,Snow,Daylight,Clear,0.2,2.7,30,17,TRUE,41.95274541,-71.29323387
16303,2/1/2017,February,Wednesday,8:42,1,2,0,0,Rear-end,V1: Backing / V2: Travelling straight ahead,V1: W  / V2: W,Dry,Daylight,Clear,0.2,2.7,30,17,TRUE,41.93874704,-71.29215576
16304,2/1/2017,February,Wednesday,17:39,2,3,2,0,Rear-end,V1: Slowing or stopped in traffic / V2: Slowing or stopped in traffic / V3: Travelling straight ahead,V1: S  / V2: S  / V3: S,Dry,Dark - lighted roadway,Clear,0.2,2.7,30,17,TRUE,41.95484304,-71.28856385
16305,2/2/2017,February,Thursday,1:34,2,1,1,0,Single vehicle crash,V1: Travelling straight ahead,V1: N,Dry,Dark - lighted roadway,Clear,0,0,43,25,TRUE,41.9289332,-71.34505553
16306,2/2/2017,February,Thursday,19:56,1,2,0,0,Angle,V1: Backing / V2: Travelling straight ahead,V1: S  / V2: N,Dry,Dark - lighted roadway,Cloudy,0,0,43,25,TRUE,41.91402282,-71.35905109
16307,2/3/2017,February,Friday,6:57,1,2,0,0,Angle,V1: Turning left / V2: Turning right,V1: N  / V2: E,Dry,Daylight,Clear,0,0,40,18,TRUE,41.92521765,-71.28783389
16308,2/3/2017,February,Friday,12:46,1,2,0,0,Angle,V1: Travelling straight ahead / V2: Backing,V1: S  / V2: E,Dry,Daylight,Clear,0,0,40,18,TRUE,41.95353716,-71.26651379
16309,2/3/2017,February,Friday,15:11,1,2,0,0,Angle,V1: Entering traffic lane / V2: Entering traffic lane,V1: N  / V2: E,Dry,Daylight,Clear,0,0,40,18,TRUE,41.94574442,-71.28910698
16310,2/3/2017,February,Friday,17:22,1,1,0,0,Single vehicle crash,V1: Making U-turn,V1: E,Dry,Dark - lighted roadway,Clear,0,0,40,18,TRUE,41.94807704,-71.29129008
16311,2/3/2017,February,Friday,18:44,1,2,0,0,Rear-end,V1: Travelling straight ahead / V2: Parked,V1: W  / V2: W,Dry,Dark - lighted roadway,Clear,0,0,40,18,TRUE,41.92357703,-71.35212785
16312,2/4/2017,February,Saturday,16:40,1,2,0,0,Angle,V1: Overtaking/passing / V2: Slowing or stopped in traffic,V1: N  / V2: N,Dry,Daylight,Clear,0,0,35,18,TRUE,41.89957255,-71.3551788
16313,2/5/2017,February,Sunday,20:24,2,2,1,0,Rear-to-rear,V1: Travelling straight ahead / V2: Slowing or stopped in traffic,V1: E  / V2: E,Dry,Dark - lighted roadway,Clear,0,0,37,18,TRUE,41.93269195,-71.32821357
16314,2/7/2017,February,Tuesday,6:06,2,2,1,0,Rear-end,V1: Slowing or stopped in traffic / V2: Travelling straight ahead,V1: S  / V2: S,Dry,Dark - lighted roadway,Cloudy,0,0,43,26,TRUE,41.89679483,-71.3700631
16315,2/7/2017,February,Tuesday,14:16,1,1,0,0,Head-on,V1: Travelling straight ahead,V1: S,Wet,Daylight,Rain,0,0,43,26,TRUE,41.9348634,-71.29887283
16316,2/7/2017,February,Tuesday,16:20,1,2,0,0,Angle,V1: Turning left / V2: Travelling straight ahead,V1: W  / V2: S,Wet,Daylight,Rain,0,0,43,26,TRUE,41.93037211,-71.26037506
16317,2/8/2017,February,Wednesday,13:27,1,2,0,0,Rear-end,V1: Slowing or stopped in traffic / V2: Travelling straight ahead,V1: N  / V2: N,Dry,Daylight,Clear,0.35,0,43,32,TRUE,41.94245198,-71.28698244
16318,2/8/2017,February,Wednesday,14:30,1,2,0,0,"Sideswipe, same direction",V1: Travelling straight ahead / V2: Changing lanes,V1: S  / V2: S,Dry,Daylight,Cloudy,0.35,0,43,32,TRUE,41.90136542,-71.36010843
16319,2/8/2017,February,Wednesday,20:02,2,2,4,0,Head-on,V1: Travelling straight ahead / V2: Travelling straight ahead,V1: S  / V2: N,0,Dark - lighted roadway,Cloudy,0.35,0,43,32,TRUE,41.92511357,-71.35637556
16320,2/9/2017,February,Thursday,10:53,1,2,0,0,Angle,V1: Travelling straight ahead / V2: Travelling straight ahead,V1: E  / V2: W,Snow,Daylight,Snow,0,0,55,31,TRUE,41.90924667,-71.28624384
16321,2/9/2017,February,Thursday,12:25,1,2,0,0,Angle,V1: Travelling straight ahead / V2: Travelling straight ahead,V1: E  / V2: E,Snow,Daylight,Snow,0,0,55,31,TRUE,41.94292045,-71.27681606
16322,2/9/2017,February,Thursday,12:42,1,2,0,0,Angle,V1: Travelling straight ahead / V2: Backing,V1: N  / V2: E,Snow,Daylight,Snow,0,0,55,31,TRUE,41.93186951,-71.31331232
16323,2/9/2017,February,Thursday,12:44,1,2,0,0,Angle,V1: Making U-turn / V2: Travelling straight ahead,V1: N  / V2: N,Snow,Daylight,Snow,0,0,55,31,TRUE,41.89733197,-71.36979234
16324,2/9/2017,February,Thursday,14:00,1,2,0,0,Angle,V1: Slowing or stopped in traffic / V2: Travelling straight ahead,V1: E  / V2: W,Snow,Daylight,Snow,0,0,55,31,TRUE,41.94313451,-71.27152156
16325,2/9/2017,February,Thursday,15:25,1,2,0,0,Head-on,V1: Travelling straight ahead / V2: Travelling straight ahead,V1: S  / V2: N,Snow,Daylight,Snow,0,0,55,31,TRUE,41.96097876,-71.28790414
16326,2/10/2017,February,Friday,14:58,1,2,0,0,Angle,V1: Turning left / V2: Slowing or stopped in traffic,V1: W  / V2: E,Snow,Daylight,Snow,1.29,12.5,39,7,TRUE,41.93421769,-71.2996754
16327,2/10/2017,February,Friday,15:41,2,2,1,0,Rear-end,V1: Slowing or stopped in traffic / V2: Entering traffic lane,V1: N  / V2: N,Slush,Daylight,Cloudy,1.29,12.5,39,7,TRUE,41.9026139,-71.35590577
16328,2/10/2017,February,Friday,21:03,1,2,0,0,"Sideswipe, opposite direction",V1: Overtaking/passing / V2: Slowing or stopped in traffic,V1: S  / V2: N,Snow,Dark - lighted roadway,Cloudy,1.29,12.5,39,7,TRUE,41.90087251,-71.37724383
16329,2/11/2017,February,Saturday,6:20,1,1,0,0,Single vehicle crash,V1: Entering traffic lane,V1: N,Snow,Daylight,Snow,0.16,2.6,28,8,TRUE,41.93448704,-71.31864957
16330,2/11/2017,February,Saturday,11:34,1,2,0,0,Angle,V1: Turning left / V2: Travelling straight ahead,V1: E  / V2: S,Wet,Daylight,Snow,0.16,2.6,28,8,TRUE,41.95180679,-71.2898592
16331,2/11/2017,February,Saturday,19:15,1,1,0,0,Single vehicle crash,V1: Other,V1: N,Snow,Dark - lighted roadway,Snow,0.16,2.6,28,8,TRUE,34.24438675,-73.6513909
16332,2/12/2017,February,Sunday,12:56,2,2,2,0,Head-on,V1: Travelling straight ahead / V2: Travelling straight ahead,V1: N  / V2: S,Snow,Daylight,Snow,0,0,31,17,TRUE,41.92487374,-71.22699592
16333,2/12/2017,February,Sunday,13:39,1,2,0,0,Angle,V1: Travelling straight ahead / V2: Travelling straight ahead,V1: W  / V2: E,Snow,Daylight,Snow,0,0,31,17,TRUE,41.95385334,-71.26519999
16334,2/12/2017,February,Sunday,13:44,1,2,0,0,"Sideswipe, opposite direction",V1: Travelling straight ahead / V2: Travelling straight ahead,V1: E  / V2: W,Snow,Daylight,Snow,0,0,31,17,TRUE,41.8988151,-71.35649558
16335,2/12/2017,February,Sunday,13:55,1,1,0,0,Single vehicle crash,V1: Leaving traffic lane,V1: S,Snow,Daylight,Snow,0,0,31,17,TRUE,41.90327032,-71.30444297
16336,2/12/2017,February,Sunday,14:18,1,2,0,0,"Sideswipe, same direction",V1: Travelling straight ahead / V2: Turning right,V1: S  / V2: S,Snow,Daylight,Snow,0,0,31,17,TRUE,41.91619723,-71.35885587
16337,2/12/2017,February,Sunday,14:22,1,1,0,0,Single vehicle crash,V1: Travelling straight ahead,V1: N,Snow,Daylight,Snow,0,0,31,17,TRUE,41.91087456,-71.26789834
16338,2/12/2017,February,Sunday,14:37,1,2,0,0,Angle,V1: Travelling straight ahead / V2: Travelling straight ahead,V1: N  / V2: N,Ice,Daylight,Snow,0,0,31,17,TRUE,41.90564025,-71.35665923
16339,2/12/2017,February,Sunday,15:21,1,2,0,0,Angle,V1: Travelling straight ahead / V2: Parked,V1: N  / V2: S,Snow,Daylight,Snow,0,0,31,17,TRUE,41.89957255,-71.3551788
16340,2/12/2017,February,Sunday,23:13,2,2,1,0,Rear-end,V1: Entering traffic lane / V2: Travelling straight ahead,V1: S  / V2: S,Wet,Dark - roadway not lighted,Cloudy/Rain,0,0,31,17,TRUE,41.96019116,-71.30118086
16341,2/13/2017,February,Monday,16:33,1,2,0,0,Angle,V1: Turning left / V2: Travelling straight ahead,V1: N  / V2: S,Ice,Daylight,Snow,0.53,3,33,20,TRUE,41.94495215,-71.2846593
16342,2/14/2017,February,Tuesday,12:27,1,2,0,0,Angle,V1: Travelling straight ahead / V2: Travelling straight ahead,V1: S  / V2: W,Dry,Daylight,Clear,0,0,36,19,TRUE,41.96939377,-71.29355357
16343,2/14/2017,February,Tuesday,15:53,1,2,0,0,"Sideswipe, opposite direction",V1: Turning left / V2: Turning left,V1: E  / V2: W,"Sand, mud, dirt, oil, gravel",Daylight,Clear,0,0,36,19,TRUE,41.94548184,-71.28559201
16344,2/15/2017,February,Wednesday,4:59,1,1,0,0,Single vehicle crash,V1: Travelling straight ahead,V1: N,Ice,Daylight,Clear,0,0,37,19,TRUE,41.90241817,-71.35561188
16345,2/15/2017,February,Wednesday,7:20,1,2,0,0,Rear-end,V1: Travelling straight ahead / V2: Changing lanes,V1: N  / V2: N,Dry,Daylight,Clear,0,0,37,19,TRUE,41.95593405,-71.30346756
16346,2/15/2017,February,Wednesday,10:01,2,2,1,0,Rear-end,V1: Slowing or stopped in traffic / V2: Travelling straight ahead,V1: N  / V2: N,Wet,Daylight,Cloudy,0,0,37,19,TRUE,41.9339398,-71.31688595
16347,2/15/2017,February,Wednesday,15:56,1,2,0,0,Angle,V1: Entering traffic lane / V2: Travelling straight ahead,V1: W  / V2: N,Wet,Daylight,Cloudy,0,0,37,19,TRUE,41.9148212,-71.25770714
16348,2/15/2017,February,Wednesday,19:01,1,2,0,0,Rear-end,V1: Turning right / V2: Slowing or stopped in traffic,V1: E  / V2: E,Wet,Dark - lighted roadway,Cloudy/Rain,0,0,37,19,TRUE,41.96899106,-71.2914896
16349,2/16/2017,February,Thursday,11:18,1,2,0,0,Angle,V1: Changing lanes / V2: Travelling straight ahead,V1: W  / V2: W,Dry,Daylight,Clear,0.46,1.1,40,25,TRUE,41.93396377,-71.31987069
16350,2/16/2017,February,Thursday,14:13,1,2,0,0,"Sideswipe, same direction",V1: Travelling straight ahead / V2: Travelling straight ahead,V1: W  / V2: W,Dry,Daylight,Cloudy,0.46,1.1,40,25,TRUE,41.95108383,-71.27317921
16351,2/17/2017,February,Friday,7:51,1,2,0,0,Angle,V1: Turning right / V2: Travelling straight ahead,V1: S  / V2: W,Dry,Daylight,Clear,0,0,36,21,TRUE,41.94104078,-71.29346158
16352,2/17/2017,February,Friday,11:24,2,2,2,0,Angle,V1: Turning right / V2: Travelling straight ahead,V1: S  / V2: W,Dry,Daylight,Clear,0,0,36,21,TRUE,41.93584988,-71.28143838
16353,2/17/2017,February,Friday,11:42,1,2,0,0,Rear-end,V1: Travelling straight ahead / V2: Slowing or stopped in traffic,V1: W  / V2: W,Dry,Daylight,Clear,0,0,36,21,TRUE,41.92626385,-71.34598617
16354,2/17/2017,February,Friday,13:51,1,1,0,0,Single vehicle crash,V1: Turning left,V1: N,Dry,Daylight,Clear,0,0,36,21,TRUE,41.93118399,-71.26031362
16355,2/17/2017,February,Friday,16:32,1,2,0,0,Angle,V1: Backing / V2: Travelling straight ahead,V1: S  / V2: W,Dry,Daylight,Clear,0,0,36,21,TRUE,41.929368,-71.29164371
16356,2/18/2017,February,Saturday,13:14,1,2,0,0,Rear-end,V1: Travelling straight ahead / V2: Slowing or stopped in traffic,V1: E  / V2: E,Dry,Daylight,Clear,0,0,42,20,TRUE,41.93399785,-71.31794117
16357,2/19/2017,February,Sunday,15:46,1,2,0,0,"Sideswipe, same direction",V1: Parked / V2: Turning left,V1: 0 / V2: E,Dry,Daylight,Clear,0,0,49,21,TRUE,41.91082902,-71.36290776
16358,2/20/2017,February,Monday,14:46,1,2,0,0,"Sideswipe, same direction",V1: Turning right / V2: Travelling straight ahead,V1: S  / V2: E,Dry,Daylight,Clear,0,0,62,31,TRUE,41.93386542,-71.30225536
16359,2/21/2017,February,Tuesday,15:39,1,2,0,0,Angle,V1: Turning right / V2: Turning right,V1: W  / V2: W,Dry,Daylight,Clear,0,0,47,23,TRUE,41.95190348,-71.27129776
16360,2/21/2017,February,Tuesday,23:17,1,1,0,0,Single vehicle crash,V1: Travelling straight ahead,V1: S,Dry,Dark - lighted roadway,Cloudy,0,0,47,23,TRUE,41.913287,-71.30795627
16361,2/22/2017,February,Wednesday,2:02,1,1,0,0,Single vehicle crash,V1: Travelling straight ahead,V1: N,Dry,Dark - lighted roadway,Clear,0,0,47,24,TRUE,41.93115985,-71.26031226
16362,2/22/2017,February,Wednesday,12:31,1,2,0,0,Rear-to-rear,V1: Backing / V2: Backing,V1: S  / V2: N,Dry,Daylight,Cloudy,0,0,47,24,TRUE,41.95234013,-71.29601132
16363,2/22/2017,February,Wednesday,16:57,1,2,0,0,Rear-end,V1: Travelling straight ahead / V2: Slowing or stopped in traffic,V1: E  / V2: E,Dry,Daylight,Clear,0,0,47,24,TRUE,41.93386542,-71.30225536
16364,2/22/2017,February,Wednesday,18:33,1,1,0,0,Single vehicle crash,V1: Travelling straight ahead,V1: W,Dry,Dark - lighted roadway,Clear,0,0,47,24,TRUE,41.91183911,-71.2771474
16365,2/23/2017,February,Thursday,18:17,1,2,0,0,Rear-end,V1: Travelling straight ahead / V2: Slowing or stopped in traffic,V1: S  / V2: S,Dry,Dark - lighted roadway,Clear,0,0,58,36,FALSE,41.89957255,-71.3551788
16366,2/23/2017,February,Thursday,20:36,2,1,1,0,Single vehicle crash,V1: Turning left,V1: E,Dry,Dark - roadway not lighted,Clear,0,0,58,36,FALSE,41.94344652,-71.28559566
16367,2/24/2017,February,Friday,1:52,1,1,0,0,Single vehicle crash,V1: Leaving traffic lane,V1: S,Dry,Dark - lighted roadway,Clear,0,0,67,37,FALSE,41.92461465,-71.25962095
16368,2/24/2017,February,Friday,8:11,2,2,1,0,Rear-end,V1: Entering traffic lane / V2: Entering traffic lane,V1: E  / V2: S,Dry,Daylight,Clear,0,0,67,37,FALSE,41.96899106,-71.2914896
16369,2/24/2017,February,Friday,8:39,2,2,1,0,Angle,V1: Turning left / V2: Travelling straight ahead,V1: S  / V2: W,Dry,Daylight,Clear,0,0,67,37,FALSE,41.93405012,-71.31579284
16370,2/24/2017,February,Friday,14:13,1,2,0,0,"Sideswipe, same direction",V1: Turning left / V2: Parked,V1: N  / V2: 0,Dry,Daylight,Clear,0,0,67,37,FALSE,41.93333021,-71.30384298
16371,2/24/2017,February,Friday,14:30,1,2,0,0,Angle,V1: Changing lanes / V2: Travelling straight ahead,V1: N  / V2: N,Dry,Daylight,Clear,0,0,67,37,FALSE,41.96899106,-71.2914896
16372,2/24/2017,February,Friday,19:04,1,3,0,0,Rear-end,V1: Travelling straight ahead / V2: Travelling straight ahead / V3: Slowing or stopped in traffic,V1: S  / V2: S  / V3: S,Dry,Dark - lighted roadway,Clear,0,0,67,37,FALSE,41.94007226,-71.29032337
16373,2/25/2017,February,Saturday,9:41,2,3,2,0,Angle,V1: Travelling straight ahead / V2: Travelling straight ahead / V3: Travelling straight ahead,V1: N  / V2: W  / V3: E,Dry,Daylight,Clear,0,0,71,47,FALSE,41.94472176,-71.2812504