ID,DATE,Month,Day of week,Crash Time,Crash Severity,Number of Vehicles,Total Nonfatal Injuries,Total Fatal Injuries,Manner of Collision,Vehicle Action Prior to Crash,Vehicle Travel Directions,Road Surface Condition,Ambient Light,Weather Condition,PRCP,SNOW,TMAX,TMIN,Ice,Longtitute,Latitute
16374,2/25/2017,February,Saturday,10:37,1,1,0,0,Single vehicle crash,V1: Turning left,V1: S,Dry,Daylight,Cloudy,0,0,71,47,FALSE,41.93977553,-71.25129624
16375,2/25/2017,February,Saturday,10:52,2,2,2,0,Angle,V1: Travelling straight ahead / V2: Travelling straight ahead,V1: N  / V2: E,Dry,Daylight,Clear,0,0,71,47,FALSE,41.94757815,-71.27890388
16376,2/25/2017,February,Saturday,12:16,2,1,1,0,Single vehicle crash,V1: Travelling straight ahead,V1: S,Dry,Daylight,Clear,0,0,71,47,FALSE,41.93777592,-71.31514561
16377,2/25/2017,February,Saturday,18:17,1,2,0,0,Angle,V1: Travelling straight ahead / V2: Turning left,V1: W  / V2: S,Wet,Dark - lighted roadway,Rain,0,0,71,47,FALSE,41.93723012,-71.28375224
16378,2/26/2017,February,Sunday,4:44,0,1,0,0,Single vehicle crash,V1: Travelling straight ahead,V1: S,Dry,Dark - lighted roadway,Clear,0.12,0,70,36,FALSE,41.91198275,-71.32093127
16379,2/26/2017,February,Sunday,18:36,1,2,0,0,Rear-end,V1: Slowing or stopped in traffic / V2: Travelling straight ahead,V1: S  / V2: S,Dry,Dark - roadway not lighted,Clear,0.12,0,70,36,FALSE,41.96019116,-71.30118086
16380,2/27/2017,February,Monday,9:19,1,2,0,0,Angle,V1: Turning left / V2: Travelling straight ahead,V1: E  / V2: E,Dry,Daylight,Clear,0,0,44,26,TRUE,41.89618753,-71.37039513
16381,2/27/2017,February,Monday,11:11,2,2,1,0,Rear-end,V1: Turning left / V2: Travelling straight ahead,V1: N  / V2: N,Dry,Daylight,Clear,0,0,44,26,TRUE,41.95180679,-71.2898592
16382,2/27/2017,February,Monday,18:50,1,2,0,0,Rear-end,V1: Slowing or stopped in traffic / V2: Travelling straight ahead,V1: S  / V2: S,Dry,Dark - lighted roadway,Clear,0,0,44,26,TRUE,41.90257525,-71.35603965
16383,2/28/2017,February,Tuesday,15:19,1,2,0,0,Angle,V1: Turning left / V2: Travelling straight ahead,V1: E  / V2: N,Dry,Daylight,Cloudy,0,0,54,31,TRUE,41.9483337,-71.27794679
16384,3/1/2017,March,Wednesday,8:40,2,1,1,0,Single vehicle crash,V1: Leaving traffic lane,V1: W,Dry,Daylight,Clear,0.06,0,51,38,FALSE,41.90931704,-71.29379287
16385,3/1/2017,March,Wednesday,15:22,2,2,1,0,Angle,V1: Turning left / V2: Travelling straight ahead,V1: N  / V2: S,Dry,Daylight,Clear,0.06,0,51,38,FALSE,41.94757814,-71.27890389
16386,3/1/2017,March,Wednesday,18:10,1,2,0,0,Rear-end,V1: Travelling straight ahead / V2: Slowing or stopped in traffic,V1: N  / V2: N,Dry,Dark - roadway not lighted,Clear,0.06,0,51,38,FALSE,34.24438675,-73.6513909
16387,3/2/2017,March,Thursday,7:31,1,3,0,0,Rear-end,V1: Slowing or stopped in traffic / V2: Slowing or stopped in traffic / V3: Travelling straight ahead,V1: N  / V2: N  / V3: N,Dry,Daylight,Clear,0.07,0,58,48,FALSE,34.24438675,-73.6513909
16388,3/2/2017,March,Thursday,16:39,1,2,0,0,"Sideswipe, opposite direction",V1: Turning left / V2: Travelling straight ahead,V1: N  / V2: S,Dry,Daylight,Clear,0.07,0,58,48,FALSE,41.96712418,-71.29097941
16389,3/3/2017,March,Friday,13:31,0,1,0,0,Single vehicle crash,V1: Travelling straight ahead,V1: W,Dry,Daylight,Clear,0,0,52,24,TRUE,41.94377457,-71.28513191
16390,3/3/2017,March,Friday,13:58,1,1,0,0,Angle,V1: Slowing or stopped in traffic,V1: S,Dry,Daylight,Clear,0,0,52,24,TRUE,41.92925373,-71.24154285
16391,3/3/2017,March,Friday,14:55,1,2,0,0,Angle,V1: Parked / V2: Backing,V1: N  / V2: E,Dry,Daylight,Clear,0,0,52,24,TRUE,41.94246671,-71.28079916
16392,3/3/2017,March,Friday,17:08,1,2,0,0,Angle,V1: Turning left / V2: Travelling straight ahead,V1: E  / V2: S,Dry,Dusk,Clear,0,0,52,24,TRUE,41.96712418,-71.29097941
16393,3/4/2017,March,Saturday,11:09,1,2,0,0,Rear-end,V1: Travelling straight ahead / V2: Turning left,V1: W  / V2: W,Dry,Daylight,Clear,0,0,38,13,TRUE,41.95428602,-71.28497548
16394,3/4/2017,March,Saturday,20:32,2,2,3,0,"Sideswipe, same direction",V1: Travelling straight ahead / V2: Entering traffic lane,V1: W  / V2: N,Dry,Dark - lighted roadway,Clear,0,0,38,13,TRUE,41.94444966,-71.2795884
16395,3/5/2017,March,Sunday,14:44,1,2,0,0,"Sideswipe, same direction",V1: Travelling straight ahead / V2: Entering traffic lane,V1: W  / V2: W,0,Daylight,Clear,0,0,23,9,TRUE,41.94799902,-71.2915628
16396,3/5/2017,March,Sunday,14:59,1,2,0,0,Rear-end,V1: Travelling straight ahead / V2: Slowing or stopped in traffic,V1: E  / V2: E,0,Daylight,Clear,0,0,23,9,TRUE,41.94007226,-71.29032337
16397,3/6/2017,March,Monday,6:30,1,2,0,0,Rear-end,V1: Travelling straight ahead / V2: Travelling straight ahead,V1: N  / V2: N,Dry,Daylight,Clear,0,0,35,11,TRUE,34.24438675,-73.6513909
16398,3/6/2017,March,Monday,10:26,2,2,2,0,Angle,V1: Travelling straight ahead / V2: Backing,V1: E  / V2: N,Dry,Daylight,Clear,0,0,35,11,TRUE,41.93581438,-71.26939064
16399,3/6/2017,March,Monday,19:27,2,2,2,0,Rear-end,V1: Travelling straight ahead / V2: Turning left,V1: N  / V2: N,Dry,Dark - lighted roadway,Clear,0,0,35,11,TRUE,41.96021054,-71.28783809
16400,3/7/2017,March,Tuesday,10:59,2,3,1,0,Rear-end,V1: Slowing or stopped in traffic / V2: Slowing or stopped in traffic / V3: Slowing or stopped in traffic,V1: S  / V2: S  / V3: S,Dry,Daylight,Cloudy,0,0,43,16,TRUE,41.90257898,-71.35602542
16401,3/7/2017,March,Tuesday,13:48,1,2,0,0,"Sideswipe, same direction",V1: Overtaking/passing / V2: Travelling straight ahead,V1: N  / V2: N,Wet,Daylight,Cloudy/Rain,0,0,43,16,TRUE,41.9447068,-71.28299799
16402,3/7/2017,March,Tuesday,14:55,1,1,0,0,Single vehicle crash,V1: Travelling straight ahead,V1: N,Dry,Daylight,Clear,0,0,43,16,TRUE,41.94663537,-71.27554597
16403,3/7/2017,March,Tuesday,16:33,1,2,0,0,"Sideswipe, same direction",V1: Travelling straight ahead / V2: Travelling straight ahead,V1: S  / V2: S,Wet,Daylight,Rain,0,0,43,16,TRUE,41.94872235,-71.28913727
16404,3/7/2017,March,Tuesday,16:46,1,2,0,0,Angle,V1: Travelling straight ahead / V2: Turning left,V1: N  / V2: W,Dry,Daylight,Clear,0,0,43,16,TRUE,41.95484304,-71.28856385
16405,3/8/2017,March,Wednesday,9:08,1,2,0,0,Rear-end,V1: Travelling straight ahead / V2: Slowing or stopped in traffic,V1: S  / V2: S,Dry,Daylight,Clear,0.05,0,51,35,FALSE,41.96135549,-71.28795198
16406,3/8/2017,March,Wednesday,17:00,1,2,0,0,"Sideswipe, same direction",V1: Overtaking/passing / V2: Travelling straight ahead,V1: E  / V2: E,Dry,Daylight,Clear,0.05,0,51,35,FALSE,41.91981411,-71.35860614
16407,3/9/2017,March,Thursday,7:40,1,3,0,0,Rear-end,V1: Slowing or stopped in traffic / V2: Slowing or stopped in traffic / V3: Travelling straight ahead,V1: W  / V2: W  / V3: W,Dry,Daylight,Clear,0,0,58,37,FALSE,41.94016372,-71.30256221
16408,3/9/2017,March,Thursday,10:49,1,2,0,0,"Sideswipe, same direction",V1: Turning left / V2: Travelling straight ahead,V1: S  / V2: N,Dry,Daylight,Clear,0,0,58,37,FALSE,41.94140605,-71.28436439
16409,3/10/2017,March,Friday,14:10,2,2,1,0,Angle,V1: Turning left / V2: Travelling straight ahead,V1: N  / V2: W,Wet,Daylight,Snow,0.03,2,54,30,TRUE,41.89871736,-71.3550176
16410,3/10/2017,March,Friday,15:10,1,2,0,0,Rear-end,V1: Travelling straight ahead / V2: Travelling straight ahead,V1: S  / V2: S,Dry,Daylight,Cloudy,0.03,2,54,30,TRUE,41.90261276,-71.35590972
16411,3/10/2017,March,Friday,21:33,2,2,2,0,Angle,V1: Travelling straight ahead / V2: Travelling straight ahead,V1: W  / V2: S,Dry,Dark - lighted roadway,Clear,0.03,2,54,30,TRUE,41.9250735,-71.35622629
16412,3/11/2017,March,Saturday,9:05,1,2,0,0,Rear-end,V1: Travelling straight ahead / V2: Slowing or stopped in traffic,V1: S  / V2: S,Dry,Dawn,Clear,0.23,3.2,30,12,TRUE,41.95451461,-71.24992613
16413,3/11/2017,March,Saturday,12:40,1,2,0,0,"Sideswipe, same direction",V1: Travelling straight ahead / V2: Changing lanes,V1: S  / V2: S,Dry,Daylight,Clear,0.23,3.2,30,12,TRUE,41.96019116,-71.30118086
16414,3/11/2017,March,Saturday,16:42,2,2,1,0,Angle,V1: Entering traffic lane / V2: Travelling straight ahead,V1: S  / V2: W,Dry,Daylight,Clear,0.23,3.2,30,12,TRUE,41.94757814,-71.27890389
16415,3/12/2017,March,Sunday,1:29,1,3,0,0,Angle,V1: Parked / V2: Travelling straight ahead / V3: Parked,V1: N  / V2: W  / V3: N,Dry,Dark - lighted roadway,Clear,0,0,21,9,TRUE,41.95484304,-71.28856385
16416,3/12/2017,March,Sunday,13:37,1,2,0,0,Rear-end,V1: Travelling straight ahead / V2: Travelling straight ahead,V1: E  / V2: E,Dry,Daylight,Clear,0,0,21,9,TRUE,41.96939377,-71.29355357
16417,3/12/2017,March,Sunday,18:49,1,1,0,0,"Sideswipe, same direction",V1: Slowing or stopped in traffic,V1: E,Dry,Dusk,Clear,0,0,21,9,TRUE,41.93405012,-71.31579284
16418,3/13/2017,March,Monday,11:20,1,2,0,0,Rear-end,V1: Travelling straight ahead / V2: Travelling straight ahead,V1: N  / V2: N,Dry,Daylight,Clear,0,0,28,9,TRUE,34.24438675,-73.6513909
16419,3/14/2017,March,Tuesday,5:54,2,1,1,0,Single vehicle crash,V1: Travelling straight ahead,V1: E,Snow,Dark - lighted roadway,Snow,0.04,0.4,35,12,TRUE,41.94431166,-71.28140274
16420,3/14/2017,March,Tuesday,10:30,1,1,0,0,Single vehicle crash,V1: Travelling straight ahead,V1: N,Snow,Daylight,Snow,0.04,0.4,35,12,TRUE,34.24438675,-73.6513909
16421,3/14/2017,March,Tuesday,11:54,1,2,0,0,Angle,V1: Travelling straight ahead / V2: Travelling straight ahead,V1: N  / V2: E,Snow,Daylight,Snow,0.04,0.4,35,12,TRUE,41.94472176,-71.2812504
16422,3/14/2017,March,Tuesday,17:32,1,1,0,0,Single vehicle crash,V1: Travelling straight ahead,V1: S,Snow,Daylight,Rain,0.04,0.4,35,12,TRUE,41.95495491,-71.30933995
16423,3/15/2017,March,Wednesday,7:53,1,1,0,0,Single vehicle crash,V1: Turning right,V1: W,Ice,Daylight,Clear,1.65,6.6,43,18,TRUE,41.9693528,-71.29423459
16424,3/15/2017,March,Wednesday,16:41,1,2,0,0,Angle,V1: Slowing or stopped in traffic / V2: Travelling straight ahead,V1: S  / V2: S,Wet,Daylight,Cloudy,1.65,6.6,43,18,TRUE,41.93623387,-71.28481203
16425,3/15/2017,March,Wednesday,17:36,1,2,0,0,Rear-end,V1: Slowing or stopped in traffic / V2: Overtaking/passing,V1: W  / V2: W,Wet,Daylight,Cloudy,1.65,6.6,43,18,TRUE,41.95130281,-71.27263126
16426,3/16/2017,March,Thursday,5:56,2,2,2,0,Angle,V1: Travelling straight ahead / V2: Turning left,V1: W  / V2: N,Ice,Dark - lighted roadway,Clear,0,0,29,17,TRUE,41.96939377,-71.29355357
16427,3/16/2017,March,Thursday,8:58,2,3,2,0,Rear-end,V1: Turning left / V2: Slowing or stopped in traffic / V3: Travelling straight ahead,V1: W  / V2: W  / V3: W,Dry,Daylight,Clear,0,0,29,17,TRUE,34.24438675,-73.6513909
16428,3/16/2017,March,Thursday,11:50,2,1,1,0,Single vehicle crash,V1: Travelling straight ahead,V1: W,Dry,Daylight,Clear,0,0,29,17,TRUE,41.92068643,-71.29825687
16429,3/16/2017,March,Thursday,17:33,1,2,0,0,Rear-end,V1: Slowing or stopped in traffic / V2: Slowing or stopped in traffic,V1: W  / V2: W,Wet,Daylight,Clear,0,0,29,17,TRUE,41.96946203,-71.29399438
16430,3/16/2017,March,Thursday,20:48,1,2,0,0,Head-on,V1: Slowing or stopped in traffic / V2: Turning left,V1: E  / V2: W,Dry,Dark - lighted roadway,Clear,0,0,29,17,TRUE,41.94245198,-71.28698244
16431,3/17/2017,March,Friday,7:46,2,2,1,0,Angle,V1: Travelling straight ahead / V2: Travelling straight ahead,V1: N  / V2: E,Dry,Daylight,Cloudy,0,0,36,20,TRUE,41.93306281,-71.28502226
16432,3/17/2017,March,Friday,15:39,1,2,0,0,Angle,V1: Travelling straight ahead / V2: Entering traffic lane,V1: N  / V2: W,Dry,Daylight,Clear,0,0,36,20,TRUE,41.93423426,-71.2849601
16433,3/17/2017,March,Friday,16:35,2,2,2,0,Rear-end,V1: Travelling straight ahead / V2: Parked,V1: W  / V2: 0,Dry,Daylight,Clear,0,0,36,20,TRUE,41.95078511,-71.27391628
16434,3/17/2017,March,Friday,17:54,1,2,0,0,"Sideswipe, same direction",V1: Travelling straight ahead / V2: Travelling straight ahead,V1: W  / V2: W,Dry,Daylight,Clear,0,0,36,20,TRUE,41.91937415,-71.36032915
16435,3/17/2017,March,Friday,23:42,1,1,0,0,Rear-end,V1: Turning left,V1: E,Dry,Dark - lighted roadway,Clear,0,0,36,20,TRUE,41.93584988,-71.28143838
16436,3/17/2017,March,Friday,23:53,1,2,0,0,Rear-end,V1: Travelling straight ahead / V2: Overtaking/passing,V1: W  / V2: W,Dry,Dark - lighted roadway,Clear,0,0,36,20,TRUE,41.95441989,-71.24660775
16437,3/17/2017,March,Friday,23:57,2,2,2,0,Angle,V1: Turning left / V2: Travelling straight ahead,V1: E  / V2: W,Dry,Dark - lighted roadway,Clear,0,0,36,20,TRUE,41.95076301,-71.27397064
16438,3/18/2017,March,Saturday,0:58,3,2,1,1,Rear-end,V1: Travelling straight ahead / V2: Travelling straight ahead,V1: S  / V2: S,Dry,Dark - roadway not lighted,Clear,0,0,45,18,TRUE,41.91732851,-71.33376758
16439,3/18/2017,March,Saturday,7:32,1,1,0,0,Single vehicle crash,V1: Travelling straight ahead,V1: N,Dry,Daylight,Clear,0,0,45,18,TRUE,34.24438675,-73.6513909
16440,3/18/2017,March,Saturday,11:57,1,2,0,0,Angle,V1: Travelling straight ahead / V2: Travelling straight ahead,V1: W  / V2: S,Dry,Daylight,Clear,0,0,45,18,TRUE,41.94774809,-71.28390704
16441,3/19/2017,March,Sunday,10:50,2,3,2,0,Angle,V1: Turning left / V2: Entering traffic lane / V3: Travelling straight ahead,V1: N  / V2: S  / V3: W,Dry,Daylight,Cloudy,0,0,42,23,TRUE,41.93404812,-71.31577712
16442,3/19/2017,March,Sunday,18:09,1,2,0,0,"Sideswipe, same direction",V1: Turning left / V2: Parked,V1: N  / V2: 0,Dry,Daylight,Clear,0,0,42,23,TRUE,41.94379863,-71.27981198
16443,3/19/2017,March,Sunday,18:10,1,1,0,0,Single vehicle crash,V1: Turning left,V1: N,Dry,Daylight,Clear,0,0,42,23,TRUE,41.94262835,-71.27478469
16444,3/20/2017,March,Monday,1:28,2,1,1,0,Single vehicle crash,V1: Travelling straight ahead,V1: N,Dry,Dark - lighted roadway,Clear,0,0,38,31,TRUE,41.92511237,-71.28799064
16445,3/20/2017,March,Monday,7:00,1,2,0,0,Rear-end,V1: Travelling straight ahead / V2: Slowing or stopped in traffic,V1: S  / V2: S,Dry,Daylight,Clear,0,0,38,31,TRUE,41.96917267,-71.29167507
16446,3/20/2017,March,Monday,9:15,1,2,0,0,Angle,V1: Turning left / V2: Turning right,V1: E  / V2: W,Dry,Daylight,Clear,0,0,38,31,TRUE,41.94861042,-71.27758702
16447,3/20/2017,March,Monday,16:14,1,2,0,0,"Sideswipe, same direction",V1: Changing lanes / V2: Travelling straight ahead,V1: W  / V2: W,Dry,Daylight,Clear,0,0,38,31,TRUE,41.95076301,-71.27397064
16448,3/21/2017,March,Tuesday,10:46,1,1,0,0,Single vehicle crash,V1: Travelling straight ahead,V1: E,Dry,Daylight,Clear,0,0,54,28,TRUE,41.94471419,-71.28234733
16449,3/21/2017,March,Tuesday,16:41,1,2,0,0,"Sideswipe, opposite direction",V1: Travelling straight ahead / V2: Making U-turn,V1: S  / V2: E,Dry,Daylight,Clear,0,0,54,28,TRUE,41.93718173,-71.27572056
16450,3/22/2017,March,Wednesday,13:47,1,2,0,0,Rear-end,V1: Slowing or stopped in traffic / V2: Travelling straight ahead,V1: S  / V2: S,Dry,Daylight,Clear,0,0,58,29,TRUE,41.9210426,-71.35807244
16451,3/22/2017,March,Wednesday,15:00,1,2,0,0,Rear-end,V1: Travelling straight ahead / V2: Turning left,V1: E  / V2: E,Dry,Daylight,Clear,0,0,58,29,TRUE,41.95078511,-71.27391628
16452,3/22/2017,March,Wednesday,17:17,1,2,0,0,Rear-end,V1: Turning left / V2: Slowing or stopped in traffic,V1: W  / V2: W,Dry,Daylight,Clear,0,0,58,29,TRUE,41.94472176,-71.2812504
16453,3/23/2017,March,Thursday,13:25,1,2,0,0,Rear-end,V1: Turning left / V2: Backing,V1: N  / V2: N,Dry,Daylight,Clear,0,0,41,16,TRUE,41.93457798,-71.29922805
16454,3/23/2017,March,Thursday,18:03,1,2,0,0,Rear-end,V1: Slowing or stopped in traffic / V2: Slowing or stopped in traffic,V1: E  / V2: E,Dry,Daylight,Clear,0,0,41,16,TRUE,41.89903243,-71.355186
16455,3/23/2017,March,Thursday,19:01,1,2,0,0,Angle,V1: Travelling straight ahead / V2: Travelling straight ahead,V1: S  / V2: E,Dry,Dusk,Clear,0,0,41,16,TRUE,41.93584988,-71.28143838
16456,3/24/2017,March,Friday,16:13,1,3,0,0,Rear-end,V1: Slowing or stopped in traffic / V2: Changing lanes / V3: Travelling straight ahead,V1: S  / V2: S  / V3: S,Dry,Daylight,Clear,0,0,41,16,TRUE,41.9210426,-71.35807244
16457,3/25/2017,March,Saturday,16:38,2,2,1,0,"Sideswipe, opposite direction",V1: Travelling straight ahead / V2: Turning left,V1: S  / V2: W,Wet,Daylight,Cloudy/Rain,0,0,46,27,TRUE,41.92781831,-71.35456449
16458,3/26/2017,March,Sunday,16:59,2,1,2,0,Single vehicle crash,V1: Travelling straight ahead,V1: N,Wet,Daylight,Rain,0.04,0,44,25,TRUE,41.94117651,-71.28116997
16459,3/27/2017,March,Monday,8:12,1,2,0,0,Angle,V1: Travelling straight ahead / V2: Turning left,V1: S  / V2: N,Wet,Daylight,Cloudy,0.03,0,43,25,TRUE,41.95180679,-71.2898592
16460,3/27/2017,March,Monday,9:03,2,1,1,0,Single vehicle crash,V1: Travelling straight ahead,V1: N,Wet,Daylight,Rain,0.03,0,43,25,TRUE,41.89835459,-71.36941126
16461,3/27/2017,March,Monday,15:18,2,2,1,0,Rear-end,V1: Slowing or stopped in traffic / V2: Travelling straight ahead,V1: S  / V2: S,Dry,Daylight,Cloudy,0.03,0,43,25,TRUE,41.9472108,-71.28786501
16462,3/28/2017,March,Tuesday,9:35,1,2,0,0,Rear-end,V1: Travelling straight ahead / V2: Travelling straight ahead,V1: N  / V2: N,Dry,Daylight,Clear,0.46,0,48,36,FALSE,41.9191209,-71.33085659
16463,3/30/2017,March,Thursday,16:21,2,2,2,0,Angle,V1: Travelling straight ahead / V2: Entering traffic lane,V1: W  / V2: S,Dry,Daylight,Cloudy,0.01,0,49,31,TRUE,41.95428602,-71.28497548
16464,3/31/2017,March,Friday,16:54,1,2,0,0,Rear-end,V1: Slowing or stopped in traffic / V2: Travelling straight ahead,V1: E  / V2: E,Wet,Daylight,Cloudy/Rain,0,0,53,30,TRUE,41.93393836,-71.3077318
16465,4/1/2017,April,Saturday,2:14,1,3,0,0,Angle,V1: Travelling straight ahead / V2: Travelling straight ahead / V3: Travelling straight ahead,V1: N  / V2: N  / V3: N,Wet,Dark - roadway not lighted,Rain,1.52,0,38,33,FALSE,41.95593405,-71.30346756
16466,4/1/2017,April,Saturday,2:35,2,1,2,0,Single vehicle crash,V1: Travelling straight ahead,V1: S,Wet,Dark - lighted roadway,Clear,1.52,0,38,33,FALSE,41.9108699,-71.3010061
16467,4/1/2017,April,Saturday,3:40,2,1,1,0,Single vehicle crash,V1: Travelling straight ahead,V1: S,Wet,Dark - roadway not lighted,Rain,1.52,0,38,33,FALSE,41.96019116,-71.30118086
16468,4/1/2017,April,Saturday,10:00,2,2,1,0,Rear-end,V1: Travelling straight ahead / V2: Turning left,V1: W  / V2: W,Wet,Daylight,Rain,1.52,0,38,33,FALSE,41.91739565,-71.37073706
16469,4/1/2017,April,Saturday,22:35,2,2,2,0,Rear-end,V1: Travelling straight ahead / V2: Entering traffic lane,V1: S  / V2: S,Dry,Dark - roadway not lighted,Clear,1.52,0,38,33,FALSE,41.91966528,-71.33181601
16470,4/2/2017,April,Sunday,14:19,2,1,1,0,Single vehicle crash,V1: Turning right,V1: N,Dry,Daylight,Clear,1.23,0.3,38,33,FALSE,41.91555446,-71.36051036
16471,4/4/2017,April,Tuesday,16:29,1,2,0,0,Rear-end,V1: Travelling straight ahead / V2: Slowing or stopped in traffic,V1: S  / V2: S,Wet,Daylight,Cloudy/Rain,0.11,0,64,31,TRUE,41.91200775,-71.25878583
16472,4/4/2017,April,Tuesday,20:13,1,2,0,0,"Sideswipe, same direction",V1: Travelling straight ahead / V2: Travelling straight ahead,V1: N  / V2: N,Wet,Dark - lighted roadway,Rain,0.11,0,64,31,TRUE,41.91082902,-71.36290776
16473,4/4/2017,April,Tuesday,22:30,2,1,1,0,Single vehicle crash,V1: Travelling straight ahead,V1: N,Wet,Dark - roadway not lighted,Rain,0.11,0,64,31,TRUE,41.955005,-71.3020962
16474,4/5/2017,April,Wednesday,7:45,1,3,0,0,Rear-end,V1: Slowing or stopped in traffic / V2: Slowing or stopped in traffic / V3: Travelling straight ahead,V1: N  / V2: N  / V3: N,Dry,Daylight,Cloudy,0.86,0,42,38,FALSE,34.24438675,-73.6513909
16475,4/5/2017,April,Wednesday,8:01,1,2,0,0,"Sideswipe, same direction",V1: Travelling straight ahead / V2: Turning left,V1: W  / V2: W,Dry,Daylight,Cloudy,0.86,0,42,38,FALSE,41.9339911,-71.30301574
16476,4/5/2017,April,Wednesday,14:45,1,2,0,0,Rear-end,V1: Slowing or stopped in traffic / V2: Travelling straight ahead,V1: W  / V2: W,Dry,Daylight,Cloudy,0.86,0,42,38,FALSE,41.93359015,-71.30040441
16477,4/5/2017,April,Wednesday,16:40,1,2,0,0,Angle,V1: Entering traffic lane / V2: Travelling straight ahead,V1: E  / V2: N,Dry,Daylight,Clear,0.86,0,42,38,FALSE,41.94990799,-71.27157339
16478,4/5/2017,April,Wednesday,23:19,1,2,0,0,Rear-end,V1: Travelling straight ahead / V2: Parked,V1: S  / V2: S,Dry,Dark - roadway not lighted,Clear,0.86,0,42,38,FALSE,41.95087512,-71.28004449
16479,4/6/2017,April,Thursday,6:40,1,2,0,0,Rear-end,V1: Entering traffic lane / V2: Entering traffic lane,V1: N  / V2: N,Dry,Daylight,Clear,0.01,0,47,37,FALSE,41.95593405,-71.30346756
16480,4/6/2017,April,Thursday,16:49,1,2,0,0,Angle,V1: Backing / V2: Travelling straight ahead,V1: S  / V2: W,Dry,Daylight,Cloudy,0.01,0,47,37,FALSE,41.93284976,-71.30993102
16481,4/6/2017,April,Thursday,17:24,1,2,0,0,Angle,V1: Entering traffic lane / V2: Travelling straight ahead,V1: S  / V2: W,Wet,Daylight,Cloudy,0.01,0,47,37,FALSE,41.95263255,-71.26972406
16482,4/6/2017,April,Thursday,18:48,1,1,0,0,Single vehicle crash,V1: Travelling straight ahead,V1: S,Wet,Daylight,Cloudy/Rain,0.01,0,47,37,FALSE,41.89534898,-71.37527115
16483,4/7/2017,April,Friday,8:41,1,2,0,0,Rear-end,V1: Travelling straight ahead / V2: Slowing or stopped in traffic,V1: W  / V2: W,Dry,Daylight,Clear,1.31,0,58,37,FALSE,41.95451461,-71.24992613
16484,4/7/2017,April,Friday,10:30,1,2,0,0,Head-on,V1: Turning left / V2: Slowing or stopped in traffic,V1: S  / V2: Reported but invalid,Dry,Daylight,Cloudy,1.31,0,58,37,FALSE,41.9515834,-71.29702782
16485,4/7/2017,April,Friday,16:45,1,3,0,0,"Sideswipe, same direction",V1: Changing lanes / V2: Changing lanes / V3: Travelling straight ahead,V1: N  / V2: N  / V3: N,Dry,Daylight,Clear,1.31,0,58,37,FALSE,41.95593405,-71.30346756
16486,4/7/2017,April,Friday,17:15,2,2,2,0,Head-on,V1: Travelling straight ahead / V2: Travelling straight ahead,V1: S  / V2: N,Dry,Daylight,Cloudy,1.31,0,58,37,FALSE,41.92045606,-71.29845401
16487,4/7/2017,April,Friday,17:16,2,3,2,0,Rear-end,V1: Travelling straight ahead / V2: Slowing or stopped in traffic / V3: Slowing or stopped in traffic,V1: S  / V2: S  / V3: S,Dry,Daylight,Cloudy,1.31,0,58,37,FALSE,41.96019116,-71.30118086
16488,4/7/2017,April,Friday,19:10,1,1,0,0,Single vehicle crash,V1: Travelling straight ahead,V1: N,Wet,Daylight,Rain,1.31,0,58,37,FALSE,41.948413,-71.29735042
16489,4/7/2017,April,Friday,23:42,1,1,0,0,Single vehicle crash,V1: Turning left,V1: W,Dry,Dark - lighted roadway,Cloudy,1.31,0,58,37,FALSE,41.95428602,-71.28497548
16490,4/8/2017,April,Saturday,10:14,1,1,0,0,Single vehicle crash,V1: Travelling straight ahead,V1: S,Dry,Daylight,Cloudy,0.01,0,55,36,FALSE,41.9484982,-71.28894749
16491,4/8/2017,April,Saturday,12:19,1,2,0,0,Rear-end,V1: Slowing or stopped in traffic / V2: Travelling straight ahead,V1: W  / V2: W,Dry,Daylight,Cloudy,0.01,0,55,36,FALSE,41.94234382,-71.27289652
16492,4/8/2017,April,Saturday,12:32,1,2,0,0,Rear-end,V1: Travelling straight ahead / V2: Slowing or stopped in traffic,V1: S  / V2: S,Dry,Daylight,Clear,0.01,0,55,36,FALSE,41.90998013,-71.35802082
16493,4/8/2017,April,Saturday,18:03,1,2,0,0,Rear-end,V1: Travelling straight ahead / V2: Slowing or stopped in traffic,V1: N  / V2: N,Dry,Daylight,Cloudy,0.01,0,55,36,FALSE,41.90231125,-71.35597671
16494,4/9/2017,April,Sunday,13:29,2,2,2,0,Rear-end,V1: Slowing or stopped in traffic / V2: Travelling straight ahead,V1: N  / V2: N,Dry,Daylight,Clear,0,0,50,34,FALSE,41.90520363,-71.35646432
16495,4/9/2017,April,Sunday,17:21,2,3,3,0,"Sideswipe, same direction",V1: Overtaking/passing / V2: Slowing or stopped in traffic / V3: Slowing or stopped in traffic,V1: N  / V2: N  / V3: N,Dry,Daylight,Clear,0,0,50,34,FALSE,41.92014284,-71.35719783
16496,4/9/2017,April,Sunday,21:40,1,1,0,0,Single vehicle crash,V1: Travelling straight ahead,V1: N,Dry,Dark - lighted roadway,Clear,0,0,50,34,FALSE,41.92101644,-71.297338
16497,4/10/2017,April,Monday,4:05,0,1,0,0,Single vehicle crash,V1: Travelling straight ahead,V1: N,Dry,Dark - lighted roadway,Clear,0,0,69,36,FALSE,41.89910449,-71.36687797