ID,DATE,Month,Day of week,Crash Time,Crash Severity,Number of Vehicles,Total Nonfatal Injuries,Total Fatal Injuries,Manner of Collision,Vehicle Action Prior to Crash,Vehicle Travel Directions,Road Surface Condition,Ambient Light,Weather Condition,PRCP,SNOW,TMAX,TMIN,Ice,Longtitute,Latitute
16498,4/10/2017,April,Monday,7:56,1,2,0,0,Angle,V1: Backing / V2: Travelling straight ahead,V1: N  / V2: W,Dry,Daylight,Clear,0,0,69,36,FALSE,41.96619057,-71.29063682
16499,4/10/2017,April,Monday,15:59,1,3,0,0,Rear-end,V1: Slowing or stopped in traffic / V2: Travelling straight ahead / V3: Travelling straight ahead,V1: E  / V2: E  / V3: E,Dry,Daylight,Clear,0,0,69,36,FALSE,41.92582442,-71.34707855
16500,4/10/2017,April,Monday,16:31,1,1,0,0,"Sideswipe, opposite direction",V1: Turning left,V1: S,Dry,Daylight,Clear,0,0,69,36,FALSE,41.93406554,-71.30574057
16501,4/10/2017,April,Monday,21:25,2,2,1,0,Rear-end,V1: Slowing or stopped in traffic / V2: Changing lanes,V1: S  / V2: S,Dry,Dark - lighted roadway,Clear,0,0,69,36,FALSE,41.91653724,-71.36001753
16502,4/12/2017,April,Wednesday,12:22,1,2,0,0,"Sideswipe, same direction",V1: Travelling straight ahead / V2: Entering traffic lane,V1: N  / V2: W,Dry,Daylight,Clear,0,0,81,47,FALSE,41.94766661,-71.27879697
16503,4/12/2017,April,Wednesday,13:27,1,2,0,0,Rear-end,V1: Parked / V2: Backing,V1: U  / V2: N,Dry,Daylight,Clear,0,0,81,47,FALSE,41.94112543,-71.28299596
16504,4/12/2017,April,Wednesday,16:04,1,2,0,0,Rear-end,V1: Travelling straight ahead / V2: Slowing or stopped in traffic,V1: S  / V2: S,Dry,Daylight,Cloudy,0,0,81,47,FALSE,41.89903243,-71.355186
16505,4/12/2017,April,Wednesday,16:51,1,2,0,0,Rear-end,V1: Travelling straight ahead / V2: Travelling straight ahead,V1: N  / V2: N,Dry,Daylight,Clear,0,0,81,47,FALSE,41.93423426,-71.2849601
16506,4/12/2017,April,Wednesday,18:05,1,2,0,0,Angle,V1: Turning left / V2: Travelling straight ahead,V1: W  / V2: S,Dry,Daylight,Clear,0,0,81,47,FALSE,41.93359015,-71.30040441
16507,4/12/2017,April,Wednesday,20:35,1,1,0,0,Single vehicle crash,V1: Travelling straight ahead,V1: W,Dry,Dark - lighted roadway,Clear,0,0,81,47,FALSE,41.93371364,-71.3002899
16508,4/13/2017,April,Thursday,11:23,2,2,1,0,Angle,V1: Turning left / V2: Travelling straight ahead,V1: N  / V2: S,Dry,Daylight,Clear,0,0,75,40,FALSE,41.90086769,-71.36799095
16509,4/13/2017,April,Thursday,19:21,2,3,2,0,Rear-end,V1: Travelling straight ahead / V2: Slowing or stopped in traffic / V3: Slowing or stopped in traffic,V1: N  / V2: N  / V3: N,Dry,Dark - roadway not lighted,Clear,0,0,75,40,FALSE,41.95593405,-71.30346756
16510,4/14/2017,April,Friday,18:05,1,2,0,0,Angle,V1: Travelling straight ahead / V2: Entering traffic lane,V1: S  / V2: E,Dry,Daylight,Clear,0,0,61,35,FALSE,41.93518136,-71.28488512
16511,4/15/2017,April,Saturday,11:58,1,2,0,0,"Sideswipe, same direction",V1: Changing lanes / V2: Travelling straight ahead,V1: S  / V2: S,Dry,Daylight,Clear,0,0,66,35,FALSE,41.89541252,-71.37076533
16512,4/15/2017,April,Saturday,16:20,1,2,0,0,Angle,V1: Backing / V2: Parked,V1: W  / V2: N,Dry,Daylight,Clear,0,0,66,35,FALSE,41.9346977,-71.27777936
16513,4/16/2017,April,Sunday,0:11,1,1,0,0,Angle,V1: Travelling straight ahead,V1: S,Dry,Dark - lighted roadway,Clear,0.05,0,65,37,FALSE,41.94845803,-71.30212015
16514,4/16/2017,April,Sunday,13:51,1,2,0,0,Rear-end,V1: Overtaking/passing / V2: Slowing or stopped in traffic,V1: W  / V2: W,Dry,Daylight,Clear,0.05,0,65,37,FALSE,41.93209435,-71.29287808
16515,4/16/2017,April,Sunday,14:45,2,1,1,0,Single vehicle crash,V1: Leaving traffic lane,V1: N,Dry,Daylight,Clear,0.05,0,65,37,FALSE,41.93604672,-71.28298677
16516,4/17/2017,April,Monday,19:36,1,1,0,0,Single vehicle crash,V1: Travelling straight ahead,V1: W,Dry,Dusk,Clear,0.03,0,87,56,FALSE,41.93404812,-71.31577712
16517,4/18/2017,April,Tuesday,11:10,1,2,0,0,Rear-end,V1: Parked / V2: Travelling straight ahead,V1: S  / V2: S,Dry,Daylight,Clear,0,0,75,45,FALSE,41.94383048,-71.28416814
16518,4/18/2017,April,Tuesday,16:39,1,2,0,0,Rear-end,V1: Travelling straight ahead / V2: Travelling straight ahead,V1: N  / V2: N,Dry,Daylight,Clear,0,0,75,45,FALSE,41.90682609,-71.35698151
16519,4/18/2017,April,Tuesday,19:03,1,2,0,0,Angle,V1: Turning left / V2: Travelling straight ahead,V1: E  / V2: S,Dry,Daylight,Clear,0,0,75,45,FALSE,41.91325585,-71.3590575
16520,4/19/2017,April,Wednesday,8:21,1,2,0,0,Rear-end,V1: Slowing or stopped in traffic / V2: Slowing or stopped in traffic,V1: S  / V2: S,Dry,Daylight,Clear,0,0,56,33,FALSE,41.96941345,-71.29547608
16521,4/19/2017,April,Wednesday,8:46,1,1,0,0,Single vehicle crash,V1: Turning left,V1: E,Dry,Dark - lighted roadway,Clear,0,0,56,33,FALSE,41.93769219,-71.26549187
16522,4/19/2017,April,Wednesday,13:14,1,2,0,0,Rear-end,V1: Travelling straight ahead / V2: Slowing or stopped in traffic,V1: N  / V2: N,Dry,Daylight,Clear,0,0,56,33,FALSE,41.90682609,-71.35698151
16523,4/19/2017,April,Wednesday,13:51,1,2,0,0,"Sideswipe, opposite direction",V1: Slowing or stopped in traffic / V2: Turning left,V1: N  / V2: S,Dry,Daylight,Clear,0,0,56,33,FALSE,41.94379074,-71.29407807
16524,4/21/2017,April,Friday,0:15,1,1,0,0,Single vehicle crash,V1: Travelling straight ahead,V1: N,Dry,Dark - lighted roadway,Cloudy,0.03,0,63,44,FALSE,41.93373678,-71.28498854
16525,4/21/2017,April,Friday,9:23,2,2,1,0,Head-on,V1: Turning left / V2: Travelling straight ahead,V1: E  / V2: N,Wet,Daylight,Cloudy/Rain,0.03,0,63,44,FALSE,41.95484304,-71.28856385
16526,4/21/2017,April,Friday,11:38,1,1,0,0,Single vehicle crash,V1: Slowing or stopped in traffic,V1: W,Wet,Daylight,Cloudy/Rain,0.03,0,63,44,FALSE,41.91625084,-71.3771758
16527,4/21/2017,April,Friday,13:20,1,2,0,0,"Sideswipe, same direction",V1: Travelling straight ahead / V2: Changing lanes,V1: S  / V2: S,Wet,Daylight,Cloudy/Rain,0.03,0,63,44,FALSE,41.94586371,-71.28073807
16528,4/21/2017,April,Friday,15:45,1,2,0,0,Rear-end,V1: Travelling straight ahead / V2: Travelling straight ahead,V1: W  / V2: W,Wet,Daylight,Rain,0.03,0,63,44,FALSE,41.95312956,-71.26820548
16529,4/21/2017,April,Friday,16:39,1,4,0,0,Rear-end,V1: Travelling straight ahead / V2: Slowing or stopped in traffic / V3: Slowing or stopped in traffic / V4: Slowing or stopped in traffic,V1: N  / V2: N  / V3: N  / V4: N,Wet,Daylight,Rain,0.03,0,63,44,FALSE,41.95514928,-71.30432065
16530,4/22/2017,April,Saturday,0:49,1,1,0,0,Single vehicle crash,V1: Turning left,V1: W,Wet,Dark - lighted roadway,Fog,0.52,0,47,43,FALSE,41.91138357,-71.32740392
16531,4/23/2017,April,Sunday,10:08,2,2,1,0,Angle,V1: Turning left / V2: Travelling straight ahead,V1: E  / V2: W,Dry,Daylight,Clear,0.07,0,46,37,FALSE,41.94519466,-71.28103716
16532,4/23/2017,April,Sunday,15:45,1,2,0,0,Head-on,V1: Turning left / V2: Travelling straight ahead,V1: W  / V2: E,Dry,Daylight,Clear,0.07,0,46,37,FALSE,41.89897563,-71.35355299
16533,4/24/2017,April,Monday,6:25,2,2,1,0,Rear-end,V1: Slowing or stopped in traffic / V2: Travelling straight ahead,V1: N  / V2: N,Dry,Daylight,Clear,0,0,66,39,FALSE,41.89804013,-71.37048593
16534,4/24/2017,April,Monday,7:25,1,3,0,0,Rear-end,V1: Slowing or stopped in traffic / V2: Slowing or stopped in traffic / V3: Travelling straight ahead,V1: N  / V2: N  / V3: N,Dry,Daylight,Clear,0,0,66,39,FALSE,41.92886018,-71.3230987
16535,4/24/2017,April,Monday,7:50,1,2,0,0,"Sideswipe, same direction",V1: Travelling straight ahead / V2: Travelling straight ahead,V1: W  / V2: W,Dry,Daylight,Clear,0,0,66,39,FALSE,41.91229865,-71.26557535
16536,4/24/2017,April,Monday,11:20,1,2,0,0,Rear-end,V1: Travelling straight ahead / V2: Turning right,V1: E  / V2: E,Dry,Daylight,Clear,0,0,66,39,FALSE,41.95354482,-71.26647994
16537,4/24/2017,April,Monday,15:53,1,2,0,0,Angle,V1: Backing / V2: Parked,V1: N  / V2: W,Dry,Daylight,Clear,0,0,66,39,FALSE,41.91717876,-71.223873
16538,4/24/2017,April,Monday,17:07,1,2,0,0,Angle,V1: Travelling straight ahead / V2: Travelling straight ahead,V1: S  / V2: E,Dry,Daylight,Cloudy,0,0,66,39,FALSE,41.90998013,-71.35802082
16539,4/25/2017,April,Tuesday,17:45,2,2,1,0,Rear-end,V1: Travelling straight ahead / V2: Slowing or stopped in traffic,V1: S  / V2: S,Dry,Dark - lighted roadway,Clear,0,0,71,42,FALSE,34.24438675,-73.6513909
16540,4/26/2017,April,Wednesday,0:18,1,1,0,0,Single vehicle crash,V1: Travelling straight ahead,V1: N,Wet,Dark - 0 roadway lighting,Rain,1.47,0,57,47,FALSE,34.24438675,-73.6513909
16541,4/26/2017,April,Wednesday,0:43,1,2,0,0,Rear-end,V1: Changing lanes / V2: Slowing or stopped in traffic,V1: N  / V2: N,Wet,Dark - lighted roadway,Rain,1.47,0,57,47,FALSE,41.9693978,-71.29147118
16542,4/26/2017,April,Wednesday,4:56,1,1,0,0,Single vehicle crash,V1: Travelling straight ahead,V1: N,Wet,Dawn,Rain,1.47,0,57,47,FALSE,41.90231844,-71.35595143
16543,4/26/2017,April,Wednesday,7:02,1,2,0,0,Rear-end,V1: Slowing or stopped in traffic / V2: Travelling straight ahead,V1: N  / V2: N,Wet,Daylight,Rain,1.47,0,57,47,FALSE,41.90140042,-71.35552596
16544,4/26/2017,April,Wednesday,7:20,1,2,0,0,Rear-end,V1: Travelling straight ahead / V2: Slowing or stopped in traffic,V1: E  / V2: E,Wet,Daylight,Cloudy/Rain,1.47,0,57,47,FALSE,41.91200775,-71.25878583
16545,4/26/2017,April,Wednesday,8:43,1,1,0,0,Angle,V1: Turning right,V1: N,Wet,Daylight,Cloudy/Rain,1.47,0,57,47,FALSE,41.94160377,-71.26928268
16546,4/26/2017,April,Wednesday,10:07,1,1,0,0,Angle,V1: Turning right,V1: N,Wet,Daylight,Cloudy/Rain,1.47,0,57,47,FALSE,41.94160377,-71.26928268
16547,4/26/2017,April,Wednesday,12:38,1,3,0,0,"Sideswipe, opposite direction",V1: Travelling straight ahead / V2: Slowing or stopped in traffic / V3: Travelling straight ahead,V1: N  / V2: N  / V3: S,Wet,Daylight,Rain,1.47,0,57,47,FALSE,41.92697521,-71.2853638
16548,4/26/2017,April,Wednesday,14:20,1,2,0,0,"Sideswipe, same direction",V1: Turning right / V2: Parked,V1: N  / V2: N,Wet,Daylight,Cloudy/Rain,1.47,0,57,47,FALSE,41.96492173,-71.29699028
16549,4/27/2017,April,Thursday,15:22,1,2,0,0,Rear-end,V1: Slowing or stopped in traffic / V2: Travelling straight ahead,V1: S  / V2: S,Dry,Daylight,Clear,0.38,0,61,52,FALSE,41.92163511,-71.35781502
16550,4/27/2017,April,Thursday,15:52,1,3,0,0,Rear-end,V1: Slowing or stopped in traffic / V2: Slowing or stopped in traffic / V3: Travelling straight ahead,V1: S  / V2: S  / V3: S,Dry,Daylight,Clear,0.38,0,61,52,FALSE,41.95076301,-71.27397064
16551,4/28/2017,April,Friday,16:17,1,2,0,0,0,V1: Backing / V2: Travelling straight ahead,V1: S  / V2: W,Dry,Daylight,Cloudy,0,0,70,52,FALSE,41.90638632,-71.35686316
16552,4/28/2017,April,Friday,17:45,1,2,0,0,Rear-end,V1: Travelling straight ahead / V2: Slowing or stopped in traffic,V1: N  / V2: N,Dry,Daylight,Clear,0,0,70,52,FALSE,34.24438675,-73.6513909
16553,4/28/2017,April,Friday,19:32,1,2,0,0,Angle,V1: Turning right / V2: Turning left,V1: S  / V2: N,Dry,Daylight,Clear,0,0,70,52,FALSE,41.92349936,-71.35691944
16554,4/29/2017,April,Saturday,1:53,1,1,0,0,Single vehicle crash,V1: Travelling straight ahead,V1: N,Dry,Dark - roadway not lighted,Clear,0,0,82,57,FALSE,41.92659207,-71.3249034
16555,4/29/2017,April,Saturday,9:30,1,2,0,0,"Sideswipe, same direction",V1: Travelling straight ahead / V2: Changing lanes,V1: S  / V2: S,Dry,Daylight,Clear,0,0,82,57,FALSE,41.9250735,-71.35622629
16556,4/29/2017,April,Saturday,13:02,2,3,1,0,Rear-end,V1: Travelling straight ahead / V2: Slowing or stopped in traffic / V3: Slowing or stopped in traffic,V1: W  / V2: W  / V3: W,Dry,Daylight,Clear,0,0,82,57,FALSE,41.92387717,-71.35158914
16557,4/29/2017,April,Saturday,13:47,1,1,0,0,Single vehicle crash,V1: Travelling straight ahead,V1: E,Dry,Daylight,Clear,0,0,82,57,FALSE,41.89887699,-71.37728327
16558,4/29/2017,April,Saturday,14:35,2,2,1,0,Rear-end,V1: Travelling straight ahead / V2: Slowing or stopped in traffic,V1: N  / V2: N,Dry,Daylight,Cloudy,0,0,82,57,FALSE,41.95329818,-71.27835521
16559,4/29/2017,April,Saturday,17:18,1,2,0,0,"Sideswipe, same direction",V1: Turning left / V2: Turning left,V1: N  / V2: N,Dry,Daylight,Clear,0,0,82,57,FALSE,41.90877956,-71.35765064
16560,4/29/2017,April,Saturday,20:39,1,2,0,0,Rear-end,V1: Travelling straight ahead / V2: Travelling straight ahead,V1: N  / V2: N,Dry,Dark - lighted roadway,Clear,0,0,82,57,FALSE,41.95450356,-71.28869857
16561,4/29/2017,April,Saturday,20:49,1,2,0,0,"Sideswipe, same direction",V1: Turning left / V2: Turning left,V1: S  / V2: S,Dry,Dark - lighted roadway,Clear,0,0,82,57,FALSE,41.9224407,-71.35744057
16562,4/30/2017,April,Sunday,20:33,1,2,0,0,Angle,V1: Turning left / V2: Travelling straight ahead,V1: N  / V2: W,Dry,Dark - lighted roadway,Cloudy,0,0,87,52,FALSE,41.89677396,-71.3724629
16563,4/30/2017,April,Sunday,21:55,2,1,1,0,Single vehicle crash,V1: Travelling straight ahead,V1: S,Dry,Dark - lighted roadway,Cloudy,0,0,87,52,FALSE,41.89677845,-71.37007127
16564,5/1/2017,May,Monday,9:47,1,2,0,0,Angle,V1: Turning left / V2: Travelling straight ahead,V1: N  / V2: S,Dry,Daylight,Clear,0,0,58,45,FALSE,41.91035947,-71.36314658
16565,5/2/2017,May,Tuesday,4:58,2,2,1,0,Rear-end,V1: Travelling straight ahead / V2: Travelling straight ahead,V1: N  / V2: N,Wet,Dawn,Cloudy/Rain,0.48,0,65,45,FALSE,34.24438675,-73.6513909
16566,5/2/2017,May,Tuesday,17:40,2,2,2,0,Angle,V1: Entering traffic lane / V2: Travelling straight ahead,V1: W  / V2: N,Dry,Daylight,Clear,0.48,0,65,45,FALSE,41.89733197,-71.36979234
16567,5/3/2017,May,Wednesday,8:51,1,2,0,0,Angle,V1: Backing / V2: Parked,V1: N  / V2: N,Dry,Daylight,Clear,0.04,0,70,45,FALSE,41.94391945,-71.28157454
16568,5/3/2017,May,Wednesday,18:25,1,2,0,0,"Sideswipe, same direction",V1: Travelling straight ahead / V2: Changing lanes,V1: N  / V2: N,Dry,Daylight,Clear,0.04,0,70,45,FALSE,41.91035947,-71.36314658
16569,5/4/2017,May,Thursday,7:05,1,2,0,0,Rear-end,V1: Travelling straight ahead / V2: Slowing or stopped in traffic,V1: N  / V2: N,Dry,Daylight,Clear,0,0,67,37,FALSE,41.92886018,-71.3230987
16570,5/4/2017,May,Thursday,7:10,2,2,1,0,Angle,V1: Travelling straight ahead / V2: Changing lanes,V1: N  / V2: N,Dry,Daylight,Clear,0,0,67,37,FALSE,41.92886018,-71.3230987
16571,5/4/2017,May,Thursday,10:25,1,2,0,0,Rear-end,V1: Travelling straight ahead / V2: Travelling straight ahead,V1: E  / V2: E,Dry,Daylight,Clear,0,0,67,37,FALSE,41.93874704,-71.29215576
16572,5/4/2017,May,Thursday,17:51,2,3,2,0,Head-on,V1: Slowing or stopped in traffic / V2: Travelling straight ahead / V3: Turning left,V1: N  / V2: S  / V3: E,Dry,Daylight,Clear,0,0,67,37,FALSE,41.95180679,-71.2898592
16573,5/4/2017,May,Thursday,17:52,1,2,0,0,Angle,V1: Entering traffic lane / V2: Travelling straight ahead,V1: W  / V2: N,Dry,Daylight,Clear,0,0,67,37,FALSE,41.94501484,-71.28112554
16574,5/4/2017,May,Thursday,18:49,1,2,0,0,Rear-end,V1: Travelling straight ahead / V2: Slowing or stopped in traffic,V1: S  / V2: S,Dry,Daylight,Clear,0,0,67,37,FALSE,41.94330896,-71.27265641
16575,5/5/2017,May,Friday,14:04,2,3,1,0,Rear-end,V1: Slowing or stopped in traffic / V2: Slowing or stopped in traffic / V3: Travelling straight ahead,V1: W  / V2: S  / V3: W,Wet,Daylight,Cloudy/Rain,0,0,66,42,FALSE,41.94007226,-71.29032337
16576,5/5/2017,May,Friday,18:22,1,2,0,0,Angle,V1: Turning left / V2: Travelling straight ahead,V1: N  / V2: W,Wet,Daylight,Cloudy/Rain,0,0,66,42,FALSE,41.95090811,-71.27361366
16577,5/5/2017,May,Friday,22:05,2,2,2,0,Angle,V1: Turning left / V2: Travelling straight ahead,V1: W  / V2: E,Wet,Dark - lighted roadway,Cloudy/Rain,0,0,66,42,FALSE,41.95130281,-71.27263126
16578,5/6/2017,May,Saturday,2:11,0,1,0,0,Single vehicle crash,V1: Travelling straight ahead,V1: E,Wet,Dark - lighted roadway,Rain,1.09,0,62,47,FALSE,41.91006953,-71.28401637
16579,5/8/2017,May,Monday,17:30,1,2,0,0,Angle,V1: Changing lanes / V2: Travelling straight ahead,V1: N  / V2: N,Dry,Daylight,Cloudy,0,0,62,41,FALSE,41.95668049,-71.3029608
16580,5/9/2017,May,Tuesday,6:37,1,2,0,0,Rear-end,V1: 0 / V2: 0,V1: 0 / V2: 0,Dry,Daylight,Clear,0.01,0,57,37,FALSE,41.95524588,-71.30317783
16581,5/9/2017,May,Tuesday,8:35,1,2,0,0,Rear-end,V1: Entering traffic lane / V2: Slowing or stopped in traffic,V1: N  / V2: N,Dry,Daylight,Cloudy,0.01,0,57,37,FALSE,41.90231125,-71.35597671
16582,5/10/2017,May,Wednesday,12:15,2,1,1,0,Single vehicle crash,V1: Travelling straight ahead,V1: S,Dry,Daylight,Cloudy,0.01,0,58,42,FALSE,41.96019116,-71.30118086
16583,5/10/2017,May,Wednesday,14:29,2,2,1,0,Rear-end,V1: Travelling straight ahead / V2: Slowing or stopped in traffic,V1: N  / V2: N,Dry,Daylight,Clear,0.01,0,58,42,FALSE,41.92886018,-71.3230987
16584,5/10/2017,May,Wednesday,23:27,2,1,1,0,Single vehicle crash,V1: Turning right,V1: N,Dry,Dark - lighted roadway,Clear,0.01,0,58,42,FALSE,41.94047537,-71.2510767
16585,5/11/2017,May,Thursday,14:22,1,2,0,0,Angle,V1: Parked / V2: Travelling straight ahead,V1: N  / V2: W,Dry,Daylight,Clear,0,0,59,46,FALSE,41.9210426,-71.35807244
16586,5/11/2017,May,Thursday,15:41,1,1,0,0,Single vehicle crash,V1: Turning left,V1: S,Dry,Daylight,Clear,0,0,59,46,FALSE,41.93525314,-71.27504035
16587,5/12/2017,May,Friday,16:06,1,2,0,0,Angle,V1: Entering traffic lane / V2: Travelling straight ahead,V1: E  / V2: N,Dry,Daylight,Cloudy,0,0,63,40,FALSE,41.89541252,-71.37076533
16588,5/12/2017,May,Friday,16:08,1,2,0,0,Single vehicle crash,V1: Turning left / V2: Travelling straight ahead,V1: W  / V2: S,Dry,Daylight,Clear,0,0,63,40,FALSE,41.95484304,-71.28856385
16589,5/12/2017,May,Friday,16:18,1,2,0,0,Angle,V1: Turning right / V2: Travelling straight ahead,V1: W  / V2: N,Dry,Daylight,Clear,0,0,63,40,FALSE,41.90682608,-71.35698151
16590,5/13/2017,May,Saturday,11:33,1,2,0,0,Angle,V1: Travelling straight ahead / V2: Travelling straight ahead,V1: W  / V2: N,Dry,Daylight,Clear,0.01,0,60,40,FALSE,41.94472176,-71.2812504
16591,5/13/2017,May,Saturday,14:16,1,2,0,0,Rear-end,V1: Travelling straight ahead / V2: Slowing or stopped in traffic,V1: E  / V2: E,Dry,Daylight,Cloudy,0.01,0,60,40,FALSE,41.92416457,-71.35104162
16592,5/13/2017,May,Saturday,21:25,1,1,0,0,Single vehicle crash,V1: Travelling straight ahead,V1: E,Wet,Dark - lighted roadway,Rain,0.01,0,60,40,FALSE,41.9248613,-71.34939717
16593,5/14/2017,May,Sunday,3:12,2,1,1,0,Single vehicle crash,V1: Travelling straight ahead,V1: S,Wet,Dark - lighted roadway,Rain,1.25,0,58,45,FALSE,41.92043115,-71.29846765
16594,5/14/2017,May,Sunday,6:15,1,2,0,0,Rear-end,V1: Travelling straight ahead / V2: Travelling straight ahead,V1: N  / V2: N,Wet,Dawn,Fog,1.25,0,58,45,FALSE,41.92886018,-71.3230987
16595,5/14/2017,May,Sunday,11:27,1,2,0,0,Angle,V1: Travelling straight ahead / V2: Travelling straight ahead,V1: S  / V2: E,Dry,Daylight,Cloudy,1.25,0,58,45,FALSE,34.24438675,-73.6513909
16596,5/14/2017,May,Sunday,11:47,2,2,2,0,Angle,V1: Travelling straight ahead / V2: Turning right,V1: E  / V2: N,Wet,Daylight,Cloudy/Rain,1.25,0,58,45,FALSE,41.93393836,-71.3077318
16597,5/14/2017,May,Sunday,12:46,2,2,4,0,Rear-end,V1: Entering traffic lane / V2: Slowing or stopped in traffic,V1: S  / V2: S,Wet,Daylight,Rain,1.25,0,58,45,FALSE,41.90257525,-71.35603965
16598,5/14/2017,May,Sunday,15:10,1,1,0,0,Single vehicle crash,V1: Travelling straight ahead,V1: S,Dry,Daylight,Clear,1.25,0,58,45,FALSE,41.89835459,-71.36941126
16599,5/15/2017,May,Monday,7:35,1,2,0,0,Rear-end,V1: Slowing or stopped in traffic / V2: Travelling straight ahead,V1: N  / V2: N,Wet,Daylight,Rain,0.33,0,50,45,FALSE,41.92886018,-71.3230987
16600,5/15/2017,May,Monday,11:59,1,2,0,0,Rear-end,V1: Travelling straight ahead / V2: Slowing or stopped in traffic,V1: S  / V2: S,Wet,Daylight,Rain,0.33,0,50,45,FALSE,41.95565619,-71.28824965
16601,5/15/2017,May,Monday,15:29,2,2,2,0,Angle,V1: Travelling straight ahead / V2: Travelling straight ahead,V1: N  / V2: W,Dry,Daylight,Cloudy,0.33,0,50,45,FALSE,41.93503657,-71.2848971
16602,5/15/2017,May,Monday,16:18,1,1,0,0,Single vehicle crash,V1: Travelling straight ahead,V1: S,Dry,Daylight,Cloudy,0.33,0,50,45,FALSE,41.92772538,-71.34509441
16603,5/16/2017,May,Tuesday,11:58,2,2,1,0,Angle,V1: Travelling straight ahead / V2: Turning left,V1: N  / V2: W,Dry,Daylight,Clear,0.06,0,61,47,FALSE,41.93732881,-71.28475709
16604,5/16/2017,May,Tuesday,12:04,1,2,0,0,Angle,V1: Backing / V2: Parked,V1: S  / V2: Reported but invalid,Dry,Daylight,Clear,0.06,0,61,47,FALSE,41.89668897,-71.37011877
16605,5/16/2017,May,Tuesday,13:42,1,2,0,0,"Sideswipe, same direction",V1: Slowing or stopped in traffic / V2: Travelling straight ahead,V1: W  / V2: W,Dry,Daylight,Clear,0.06,0,61,47,FALSE,41.9446632,-71.28341486
16606,5/16/2017,May,Tuesday,20:27,1,2,0,0,Rear-end,V1: Travelling straight ahead / V2: Travelling straight ahead,V1: N  / V2: N,Dry,Daylight,Clear,0.06,0,61,47,FALSE,41.90231844,-71.35595143
16607,5/17/2017,May,Wednesday,10:31,1,2,0,0,Angle,V1: Overtaking/passing / V2: Travelling straight ahead,V1: S  / V2: E,Dry,Daylight,Clear,0,0,82,55,FALSE,41.90638632,-71.35686316
16608,5/17/2017,May,Wednesday,16:33,1,2,0,0,Rear-end,V1: Travelling straight ahead / V2: Slowing or stopped in traffic,V1: S  / V2: S,Dry,Daylight,Clear,0,0,82,55,FALSE,41.96954089,-71.29366451
16609,5/17/2017,May,Wednesday,17:26,2,2,1,0,"Sideswipe, same direction",V1: Travelling straight ahead / V2: Changing lanes,V1: N  / V2: N,Dry,Daylight,Clear,0,0,82,55,FALSE,41.91732039,-71.35849213
16610,5/17/2017,May,Wednesday,19:25,1,2,0,0,Angle,V1: Turning left / V2: Slowing or stopped in traffic,V1: W  / V2: E,Dry,Daylight,Clear,0,0,82,55,FALSE,41.92521765,-71.28783389
16611,5/18/2017,May,Thursday,2:36,1,1,0,0,Single vehicle crash,V1: Travelling straight ahead,V1: S,Dry,Dark - lighted roadway,Clear,0,0,87,59,FALSE,41.90261276,-71.35590972
16612,5/18/2017,May,Thursday,8:12,1,2,0,0,Rear-end,V1: Slowing or stopped in traffic / V2: Travelling straight ahead,V1: N  / V2: N,Dry,Daylight,Clear,0,0,87,59,FALSE,34.24438675,-73.6513909
16613,5/18/2017,May,Thursday,8:54,1,3,0,0,Angle,V1: Travelling straight ahead / V2: Changing lanes / V3: Travelling straight ahead,V1: S  / V2: S  / V3: S,Dry,Daylight,Clear,0,0,87,59,FALSE,41.92927403,-71.32377045
16614,5/18/2017,May,Thursday,13:15,1,3,0,0,Rear-end,V1: Travelling straight ahead / V2: Slowing or stopped in traffic / V3: Travelling straight ahead,V1: N  / V2: N  / V3: N,Dry,Daylight,Clear,0,0,87,59,FALSE,41.95593405,-71.30346756
16615,5/18/2017,May,Thursday,17:31,2,1,1,0,Single vehicle crash,V1: Turning left,V1: S,Dry,Daylight,Clear,0,0,87,59,FALSE,41.91711015,-71.37372238
16616,5/18/2017,May,Thursday,17:53,1,2,0,0,Angle,V1: Travelling straight ahead / V2: Travelling straight ahead,V1: E  / V2: N,Dry,Daylight,Clear,0,0,87,59,FALSE,41.94173806,-71.28462074
16617,5/20/2017,May,Saturday,11:37,1,2,0,0,Angle,V1: Travelling straight ahead / V2: Turning left,V1: E  / V2: W,Dry,Daylight,Clear,0,0,93,53,FALSE,41.93624398,-71.26400311
16618,5/20/2017,May,Saturday,12:35,1,2,0,0,Angle,V1: Turning right / V2: Travelling straight ahead,V1: E  / V2: S,Dry,Daylight,Clear,0,0,93,53,FALSE,41.91128678,-71.31413821
16619,5/21/2017,May,Sunday,1:30,2,1,1,0,Single vehicle crash,V1: Travelling straight ahead,V1: W,Dry,Dark - lighted roadway,Clear,0,0,70,44,FALSE,41.9124798,-71.26661167
16620,5/21/2017,May,Sunday,1:56,1,1,0,0,Single vehicle crash,V1: Travelling straight ahead,V1: S,Dry,Dark - roadway not lighted,Clear,0,0,70,44,FALSE,41.90433577,-71.35012688
16621,5/22/2017,May,Monday,0:10,2,2,1,0,Rear-end,V1: Travelling straight ahead / V2: Travelling straight ahead,V1: S  / V2: S,Dry,Dark - roadway not lighted,Cloudy,0.01,0,71,47,FALSE,41.9159854,-71.33491219
16622,5/22/2017,May,Monday,13:43,0,1,0,0,Single vehicle crash,V1: Turning right,V1: E,Wet,Daylight,Cloudy/Rain,0.01,0,71,47,FALSE,41.94472176,-71.2812504
16623,5/22/2017,May,Monday,18:06,1,2,0,0,Angle,V1: Turning left / V2: Travelling straight ahead,V1: E  / V2: W,Wet,Daylight,Rain,0.01,0,71,47,FALSE,41.94728093,-71.27929636