ID,DATE,Month,Day of week,Crash Time,Crash Severity,Number of Vehicles,Total Nonfatal Injuries,Total Fatal Injuries,Manner of Collision,Vehicle Action Prior to Crash,Vehicle Travel Directions,Road Surface Condition,Ambient Light,Weather Condition,PRCP,SNOW,TMAX,TMIN,Ice,Longtitute,Latitute
16624,5/23/2017,May,Tuesday,15:06,1,2,0,0,Rear-end,V1: Travelling straight ahead / V2: Travelling straight ahead,V1: N  / V2: N,Dry,Daylight,Clear,0.24,0,56,51,FALSE,41.9115249,-71.25830253
16625,5/23/2017,May,Tuesday,18:43,1,2,0,0,Rear-end,V1: Travelling straight ahead / V2: Travelling straight ahead,V1: W  / V2: W,Dry,Daylight,Cloudy,0.24,0,56,51,FALSE,41.95506954,-71.28847522
16626,5/24/2017,May,Wednesday,10:55,1,2,0,0,Rear-end,V1: Turning left / V2: Turning left,V1: W  / V2: W,Wet,Daylight,Cloudy/Rain,0,0,74,53,FALSE,41.89618753,-71.37039513
16627,5/25/2017,May,Thursday,5:09,1,1,0,0,Single vehicle crash,V1: Travelling straight ahead,V1: E,Dry,Dawn,Clear,0,0,68,51,FALSE,41.90529604,-71.33573163
16628,5/25/2017,May,Thursday,10:32,1,2,0,0,Rear-end,V1: Slowing or stopped in traffic / V2: Travelling straight ahead,V1: N  / V2: N,Wet,Daylight,Rain,0,0,68,51,FALSE,41.95514928,-71.30432065
16629,5/25/2017,May,Thursday,11:58,1,1,0,0,Single vehicle crash,V1: Travelling straight ahead,V1: N,Wet,Daylight,Rain,0,0,68,51,FALSE,41.95593405,-71.30346756
16630,5/25/2017,May,Thursday,13:35,1,2,0,0,Angle,V1: Travelling straight ahead / V2: Turning left,V1: S  / V2: E,Wet,Daylight,Cloudy/Rain,0,0,68,51,FALSE,41.95180679,-71.2898592
16631,5/25/2017,May,Thursday,14:33,1,2,0,0,Angle,V1: Travelling straight ahead / V2: Turning left,V1: S  / V2: E,Wet,Daylight,Cloudy/Rain,0,0,68,51,FALSE,41.93421769,-71.2996754
16632,5/25/2017,May,Thursday,18:18,2,2,1,0,Rear-end,V1: Travelling straight ahead / V2: Slowing or stopped in traffic,V1: S  / V2: S,Wet,Daylight,Cloudy/Rain,0,0,68,51,FALSE,41.91449065,-71.36105328
16633,5/25/2017,May,Thursday,22:18,2,2,2,0,Rear-end,V1: Parked / V2: Travelling straight ahead,V1: S  / V2: S,Wet,Dark - roadway not lighted,Rain,0,0,68,51,FALSE,41.90261276,-71.35590972
16634,5/26/2017,May,Friday,8:09,1,2,0,0,Angle,V1: Turning left / V2: Making U-turn,V1: S  / V2: W,Wet,Daylight,Rain,0.88,0,55,49,FALSE,41.94121777,-71.2768631
16635,5/26/2017,May,Friday,9:44,1,2,0,0,Head-on,V1: Turning left / V2: Slowing or stopped in traffic,V1: E  / V2: W,Wet,Daylight,Rain,0.88,0,55,49,FALSE,41.89832132,-71.35496031
16636,5/26/2017,May,Friday,15:56,1,1,0,0,Angle,V1: Turning right,V1: W,Wet,Daylight,Cloudy/Rain,0.88,0,55,49,FALSE,41.9472108,-71.28786501
16637,5/26/2017,May,Friday,16:55,1,2,0,0,"Sideswipe, same direction",V1: Travelling straight ahead / V2: Travelling straight ahead,V1: N  / V2: N,Dry,Daylight,Clear,0.88,0,55,49,FALSE,41.95143475,-71.27231918
16638,5/26/2017,May,Friday,17:45,1,1,0,0,Single vehicle crash,V1: Entering traffic lane,V1: S,Wet,Daylight,Cloudy/Rain,0.88,0,55,49,FALSE,41.95196217,-71.30683915
16639,5/26/2017,May,Friday,19:03,1,2,0,0,"Sideswipe, same direction",V1: Travelling straight ahead / V2: Travelling straight ahead,V1: N  / V2: N,Wet,Dusk,Cloudy/Rain,0.88,0,55,49,FALSE,41.92908297,-71.32292227
16640,5/26/2017,May,Friday,19:46,1,1,0,0,Single vehicle crash,V1: Turning right,V1: N,Wet,Dusk,Rain,0.88,0,55,49,FALSE,41.95495469,-71.30202734
16641,5/27/2017,May,Saturday,21:07,1,2,0,0,Single vehicle crash,V1: Travelling straight ahead / V2: Parked,V1: S  / V2: 0,Dry,Dark - lighted roadway,Clear,0.1,0,57,49,FALSE,41.92088198,-71.29779684
16642,5/28/2017,May,Sunday,9:43,1,2,0,0,Rear-end,V1: Travelling straight ahead / V2: Slowing or stopped in traffic,V1: W  / V2: W,Dry,Daylight,Cloudy,0,0,71,52,FALSE,41.97015292,-71.29135147
16643,5/28/2017,May,Sunday,12:22,2,2,5,0,Rear-end,V1: Travelling straight ahead / V2: Turning left,V1: S  / V2: S,Dry,Daylight,Clear,0,0,71,52,FALSE,41.91575735,-71.3604066
16644,5/28/2017,May,Sunday,12:24,2,1,1,0,Single vehicle crash,V1: Travelling straight ahead,V1: N,Dry,Daylight,Clear,0,0,71,52,FALSE,41.91603176,-71.36026889
16645,5/28/2017,May,Sunday,17:06,2,1,1,0,Single vehicle crash,V1: Travelling straight ahead,V1: W,Dry,Daylight,Clear,0,0,71,52,FALSE,41.95280552,-71.29400877
16646,5/28/2017,May,Sunday,20:44,2,2,1,0,"Sideswipe, same direction",V1: Overtaking/passing / V2: Slowing or stopped in traffic,V1: S  / V2: S,Dry,Dark - lighted roadway,Clear,0,0,71,52,FALSE,41.94757814,-71.27890389
16647,5/28/2017,May,Sunday,21:54,1,2,0,0,Angle,V1: Turning left / V2: Travelling straight ahead,V1: N  / V2: W,Dry,Dark - lighted roadway,Cloudy,0,0,71,52,FALSE,41.92626385,-71.34598617
16648,5/29/2017,May,Monday,15:44,1,3,0,0,Rear-end,V1: Turning left / V2: Slowing or stopped in traffic / V3: Travelling straight ahead,V1: W  / V2: W  / V3: W,Dry,Daylight,Cloudy,0,0,71,48,FALSE,41.91512128,-71.38025781
16649,5/30/2017,May,Tuesday,21:25,2,5,1,0,"Sideswipe, same direction",V1: Travelling straight ahead / V2: Travelling straight ahead / V3: Changing lanes / V4: Travelling straight ahead / V5: Travelling straight ahead,V1: N  / V2: N  / V3: N  / V4: N  / V5: N,Dry,Dark - roadway not lighted,Clear,0.08,0,53,48,FALSE,41.93785868,-71.31596052
16650,5/31/2017,May,Wednesday,1:04,1,1,0,0,Single vehicle crash,V1: Turning left,V1: E,Dry,Dark - lighted roadway,Cloudy,0,0,64,49,FALSE,41.91056997,-71.28276839
16651,5/31/2017,May,Wednesday,11:26,1,2,0,0,Rear-end,V1: Travelling straight ahead / V2: Parked,V1: N  / V2: U,Dry,Daylight,Cloudy,0,0,64,49,FALSE,41.89668897,-71.37011877
16652,6/1/2017,June,Thursday,16:22,1,2,0,0,Angle,V1: Backing / V2: Travelling straight ahead,V1: W  / V2: N,Dry,Daylight,Clear,0.19,0,69,55,FALSE,41.92916744,-71.2762216
16653,6/1/2017,June,Thursday,20:57,2,2,1,0,Rear-end,V1: Other / V2: Parked,V1: N  / V2: N,Dry,Dark - lighted roadway,Clear,0.19,0,69,55,FALSE,41.9115249,-71.25830253
16654,6/2/2017,June,Friday,8:00,1,4,0,0,Rear-end,V1: Travelling straight ahead / V2: Slowing or stopped in traffic / V3: Slowing or stopped in traffic / V4: Travelling straight ahead,V1: N  / V2: N  / V3: N  / V4: N,Dry,Daylight,Clear,0.06,0,81,48,FALSE,41.96941345,-71.29547608
16655,6/2/2017,June,Friday,12:27,1,3,0,0,"Sideswipe, same direction",V1: Overtaking/passing / V2: Turning right / V3: Parked,V1: W  / V2: W  / V3: 0,Dry,Daylight,Clear,0.06,0,81,48,FALSE,41.9597718,-71.29665975
16656,6/2/2017,June,Friday,13:12,1,2,0,0,Angle,V1: Travelling straight ahead / V2: Entering traffic lane,V1: W  / V2: N,Dry,Daylight,Cloudy,0.06,0,81,48,FALSE,41.94121777,-71.2768631
16657,6/2/2017,June,Friday,15:13,1,2,0,0,0,V1: Travelling straight ahead / V2: Travelling straight ahead,V1: N  / V2: S,Dry,Daylight,Cloudy,0.06,0,81,48,FALSE,41.96535572,-71.29008886
16658,6/2/2017,June,Friday,16:36,2,2,1,0,"Sideswipe, opposite direction",V1: Travelling straight ahead / V2: Turning right,V1: S  / V2: N,Wet,Daylight,Rain,0.06,0,81,48,FALSE,41.93506658,-71.29858702
16659,6/2/2017,June,Friday,22:36,1,2,0,0,"Sideswipe, same direction",V1: Travelling straight ahead / V2: Parked,V1: E  / V2: 0,Dry,Dark - lighted roadway,Clear,0.06,0,81,48,FALSE,41.92690749,-71.27541009
16660,6/3/2017,June,Saturday,2:53,1,1,0,0,Single vehicle crash,V1: Leaving traffic lane,V1: N,Dry,Dark - lighted roadway,Clear,0.19,0,74,44,FALSE,41.92619938,-71.22377863
16661,6/3/2017,June,Saturday,8:29,1,2,0,0,"Sideswipe, opposite direction",V1: Travelling straight ahead / V2: Entering traffic lane,V1: S  / V2: E,Dry,Daylight,Clear,0.19,0,74,44,FALSE,41.93503657,-71.2848971
16662,6/3/2017,June,Saturday,9:15,1,2,0,0,Angle,V1: Turning left / V2: Travelling straight ahead,V1: W  / V2: N,Dry,Daylight,Clear,0.19,0,74,44,FALSE,41.90889803,-71.36389901
16663,6/3/2017,June,Saturday,12:37,1,2,0,0,Angle,V1: Turning left / V2: Travelling straight ahead,V1: W  / V2: S,Dry,Daylight,Clear,0.19,0,74,44,FALSE,41.91035947,-71.36314658
16664,6/3/2017,June,Saturday,14:28,1,2,0,0,Rear-end,V1: Travelling straight ahead / V2: Travelling straight ahead,V1: E  / V2: E,Wet,Daylight,Cloudy,0.19,0,74,44,FALSE,41.95271157,-71.26951043
16665,6/4/2017,June,Sunday,8:25,1,2,0,0,"Sideswipe, same direction",V1: Travelling straight ahead / V2: Parked,V1: S  / V2: S,Dry,Daylight,Clear,0.03,0,68,49,FALSE,41.90674431,-71.3569595
16666,6/4/2017,June,Sunday,17:56,1,2,0,0,Rear-end,V1: Travelling straight ahead / V2: Slowing or stopped in traffic,V1: N  / V2: N,Wet,Daylight,Cloudy/Rain,0.03,0,68,49,FALSE,41.91619723,-71.35885587
16667,6/5/2017,June,Monday,7:01,1,1,0,0,Single vehicle crash,V1: Turning left,V1: N,Dry,Daylight,Cloudy,0.38,0,73,53,FALSE,41.9374227,-71.29402673
16668,6/5/2017,June,Monday,11:49,1,1,0,0,Single vehicle crash,V1: Turning right,V1: S,Wet,Daylight,Cloudy,0.38,0,73,53,FALSE,41.89924941,-71.36904672
16669,6/5/2017,June,Monday,16:59,1,2,0,0,Rear-end,V1: Travelling straight ahead / V2: Parked,V1: S  / V2: S,Dry,Daylight,Cloudy,0.38,0,73,53,FALSE,41.93884425,-71.28467528
16670,6/6/2017,June,Tuesday,6:17,1,2,0,0,Angle,V1: Turning right / V2: Travelling straight ahead,V1: W  / V2: N,Wet,Daylight,Cloudy/Rain,0.65,0,58,49,FALSE,41.95484304,-71.28856385
16671,6/6/2017,June,Tuesday,12:09,2,2,1,0,Rear-end,V1: Travelling straight ahead / V2: Slowing or stopped in traffic,V1: W  / V2: W,Dry,Daylight,Clear,0.65,0,58,49,FALSE,41.92626385,-71.34598617
16672,6/6/2017,June,Tuesday,13:50,1,2,0,0,Angle,V1: Entering traffic lane / V2: Travelling straight ahead,V1: W  / V2: S,Wet,Daylight,Cloudy/Rain,0.65,0,58,49,FALSE,41.94121777,-71.2768631
16673,6/6/2017,June,Tuesday,16:36,1,3,0,0,Rear-end,V1: Slowing or stopped in traffic / V2: Travelling straight ahead / V3: Travelling straight ahead,V1: W  / V2: W  / V3: W,Wet,Daylight,Rain,0.65,0,58,49,FALSE,41.94612002,-71.3054315
16674,6/6/2017,June,Tuesday,21:31,2,1,1,0,Single vehicle crash,V1: Travelling straight ahead,V1: N,Wet,Dark - lighted roadway,Rain,0.65,0,58,49,FALSE,41.96415723,-71.30120259
16675,6/7/2017,June,Wednesday,16:38,2,3,1,0,Angle,V1: Travelling straight ahead / V2: Turning right / V3: Turning left,V1: S  / V2: S  / V3: E,Dry,Daylight,Clear,0.42,0,51,47,FALSE,41.90998013,-71.35802082
16676,6/8/2017,June,Thursday,3:20,2,1,1,0,Single vehicle crash,V1: Travelling straight ahead,V1: E,Dry,Dark - lighted roadway,Clear,0,0,70,46,FALSE,41.90357101,-71.30375258
16677,6/8/2017,June,Thursday,7:34,1,1,0,0,Single vehicle crash,V1: Travelling straight ahead,V1: E,Dry,Daylight,Clear,0,0,70,46,FALSE,41.91723587,-71.37241026
16678,6/8/2017,June,Thursday,14:45,1,2,0,0,Rear-end,V1: Slowing or stopped in traffic / V2: Travelling straight ahead,V1: E  / V2: E,Dry,Daylight,Clear,0,0,70,46,FALSE,41.93398416,-71.31904724
16679,6/9/2017,June,Friday,14:48,1,2,0,0,Angle,V1: Turning left / V2: Travelling straight ahead,V1: W  / V2: N,Dry,Daylight,Clear,0,0,76,50,FALSE,41.89733197,-71.36979234
16680,6/9/2017,June,Friday,16:42,1,2,0,0,Rear-end,V1: Travelling straight ahead / V2: Slowing or stopped in traffic,V1: W  / V2: W,Dry,Daylight,Clear,0,0,76,50,FALSE,41.93398011,-71.31150783
16681,6/9/2017,June,Friday,22:17,2,3,2,0,Angle,V1: Turning left / V2: Travelling straight ahead / V3: Slowing or stopped in traffic,V1: E  / V2: W  / V3: S,Dry,Dark - lighted roadway,Clear,0,0,76,50,FALSE,41.97015292,-71.29135147
16682,6/10/2017,June,Saturday,11:44,2,2,3,0,Angle,V1: Travelling straight ahead / V2: Turning left,V1: N  / V2: W,Dry,Daylight,Clear,0.1,0,82,55,FALSE,41.91082902,-71.36290776
16683,6/10/2017,June,Saturday,12:10,1,2,0,0,Angle,V1: Travelling straight ahead / V2: Travelling straight ahead,V1: S  / V2: E,Dry,Daylight,Clear,0.1,0,82,55,FALSE,41.93269195,-71.32821357
16684,6/10/2017,June,Saturday,16:49,1,1,0,0,Single vehicle crash,V1: Travelling straight ahead,V1: N,Dry,Daylight,Clear,0.1,0,82,55,FALSE,41.92582,-71.34164666
16685,6/10/2017,June,Saturday,22:55,2,2,2,0,Rear-end,V1: Travelling straight ahead / V2: Travelling straight ahead,V1: S  / V2: S,Dry,Dark - roadway not lighted,Clear,0.1,0,82,55,FALSE,41.91966528,-71.33181601
16686,6/11/2017,June,Sunday,5:55,2,1,1,0,Single vehicle crash,V1: Turning left,V1: S,Dry,Daylight,Cloudy,0,0,85,59,FALSE,41.90081079,-71.36802017
16687,6/11/2017,June,Sunday,12:05,1,2,0,0,Rear-to-rear,V1: Backing / V2: Parked,V1: E  / V2: E,Dry,Daylight,Clear,0,0,85,59,FALSE,41.94757224,-71.28816226
16688,6/11/2017,June,Sunday,16:02,1,2,0,0,Rear-end,V1: Travelling straight ahead / V2: Slowing or stopped in traffic,V1: E  / V2: E,Dry,Daylight,Clear,0,0,85,59,FALSE,41.95414045,-71.26296554
16689,6/11/2017,June,Sunday,17:12,2,2,1,0,Angle,V1: Travelling straight ahead / V2: Travelling straight ahead,V1: W  / V2: S,Dry,Daylight,Clear,0,0,85,59,FALSE,41.91562886,-71.36047108
16690,6/11/2017,June,Sunday,21:02,1,2,0,0,Angle,V1: Turning left / V2: Travelling straight ahead,V1: W  / V2: E,Dry,Dark - lighted roadway,Clear,0,0,85,59,FALSE,41.9483337,-71.27794679
16691,6/12/2017,June,Monday,5:45,1,4,0,0,"Sideswipe, same direction",V1: Travelling straight ahead / V2: Changing lanes / V3: Travelling straight ahead / V4: Travelling straight ahead,V1: N  / V2: N  / V3: N  / V4: N,Dry,Daylight,Clear,0,0,90,66,FALSE,41.90241817,-71.35561188
16692,6/12/2017,June,Monday,7:30,2,2,2,0,Rear-end,V1: Slowing or stopped in traffic / V2: Slowing or stopped in traffic,V1: N  / V2: N,Dry,Daylight,Clear,0,0,90,66,FALSE,41.92886018,-71.3230987
16693,6/12/2017,June,Monday,12:58,1,2,0,0,"Sideswipe, same direction",V1: Changing lanes / V2: Travelling straight ahead,V1: W  / V2: W,Dry,Daylight,Clear,0,0,90,66,FALSE,41.91981411,-71.35860614
16694,6/12/2017,June,Monday,16:58,1,2,0,0,Angle,V1: Turning left / V2: Travelling straight ahead,V1: E  / V2: W,Dry,Daylight,Clear,0,0,90,66,FALSE,41.91044592,-71.28309302
16695,6/13/2017,June,Tuesday,5:48,1,2,0,0,Rear-end,V1: Travelling straight ahead / V2: Travelling straight ahead,V1: N  / V2: N,Wet,Dawn,Cloudy,0,0,98,68,FALSE,41.95566705,-71.30363766
16696,6/13/2017,June,Tuesday,6:16,1,2,0,0,"Sideswipe, same direction",V1: Travelling straight ahead / V2: Changing lanes,V1: N  / V2: N,Wet,Dawn,Cloudy,0,0,98,68,FALSE,41.90242714,-71.35558229
16697,6/13/2017,June,Tuesday,14:50,1,2,0,0,Rear-end,V1: Travelling straight ahead / V2: Travelling straight ahead,V1: E  / V2: E,Dry,Daylight,Clear,0,0,98,68,FALSE,41.93397921,-71.30659863
16698,6/13/2017,June,Tuesday,15:15,1,1,0,0,Single vehicle crash,V1: Travelling straight ahead,V1: N,Dry,Daylight,Clear,0,0,98,68,FALSE,41.95971173,-71.30091858
16699,6/13/2017,June,Tuesday,15:55,1,1,0,0,Single vehicle crash,V1: Travelling straight ahead,V1: E,Dry,Daylight,Clear,0,0,98,68,FALSE,41.97084022,-71.29123651
16700,6/13/2017,June,Tuesday,15:55,1,2,0,0,Angle,V1: Travelling straight ahead / V2: Changing lanes,V1: S  / V2: S,Dry,Daylight,Clear,0,0,98,68,FALSE,41.9348634,-71.29887283
16701,6/13/2017,June,Tuesday,17:16,0,1,0,0,Rear-end,V1: Parked,V1: E,Dry,Daylight,Clear,0,0,98,68,FALSE,41.94374086,-71.27450076
16702,6/14/2017,June,Wednesday,14:48,2,3,1,0,Angle,V1: Changing lanes / V2: Travelling straight ahead / V3: 0,V1: N  / V2: S  / V3: 0,Dry,Daylight,Clear,0,0,98,67,FALSE,41.92927403,-71.32377045
16703,6/14/2017,June,Wednesday,14:51,1,2,0,0,Rear-end,V1: Slowing or stopped in traffic / V2: Travelling straight ahead,V1: S  / V2: S,Dry,Daylight,Clear,0,0,98,67,FALSE,41.93915387,-71.26698825
16704,6/14/2017,June,Wednesday,16:33,1,2,0,0,Angle,V1: Turning right / V2: Travelling straight ahead,V1: W  / V2: N,Dry,Dusk,Clear,0,0,98,67,FALSE,41.93846875,-71.28469502
16705,6/15/2017,June,Thursday,6:12,2,2,1,0,Rear-end,V1: Travelling straight ahead / V2: Slowing or stopped in traffic,V1: N  / V2: N,Dry,Dawn,Clear,0,0,85,51,FALSE,41.94417046,-71.31136151
16706,6/15/2017,June,Thursday,9:26,1,1,0,0,Single vehicle crash,V1: Turning right,V1: W,Dry,Daylight,Clear,0,0,85,51,FALSE,41.91996059,-71.2435861
16707,6/15/2017,June,Thursday,12:14,1,2,0,0,"Sideswipe, same direction",V1: Slowing or stopped in traffic / V2: Changing lanes,V1: S  / V2: S,Dry,Daylight,Cloudy,0,0,85,51,FALSE,41.9250735,-71.35622629
16708,6/15/2017,June,Thursday,13:20,1,2,0,0,Angle,V1: Entering traffic lane / V2: Travelling straight ahead,V1: E  / V2: W,Dry,Daylight,Clear,0,0,85,51,FALSE,41.9483337,-71.27794679
16709,6/15/2017,June,Thursday,14:27,1,1,0,0,"Sideswipe, same direction",V1: Slowing or stopped in traffic,V1: N,Dry,Daylight,Clear,0,0,85,51,FALSE,41.90141563,-71.35553579
16710,6/15/2017,June,Thursday,14:33,1,1,0,0,Single vehicle crash,V1: Travelling straight ahead,V1: N,Dry,Daylight,Clear,0,0,85,51,FALSE,41.90682608,-71.35698151
16711,6/15/2017,June,Thursday,15:01,1,2,0,0,Angle,V1: Travelling straight ahead / V2: Turning left,V1: W  / V2: W,Dry,Daylight,Clear,0,0,85,51,FALSE,41.94625923,-71.28694634
16712,6/15/2017,June,Thursday,15:27,1,2,0,0,Head-on,V1: Travelling straight ahead / V2: Travelling straight ahead,V1: S  / V2: N,Dry,Daylight,Clear,0,0,85,51,FALSE,41.91296478,-71.27453432
16713,6/15/2017,June,Thursday,18:18,2,2,1,0,Angle,V1: Travelling straight ahead / V2: Turning left,V1: N  / V2: S,Dry,Daylight,Clear,0,0,85,51,FALSE,41.91035947,-71.36314658
16714,6/15/2017,June,Thursday,18:51,1,2,0,0,"Sideswipe, same direction",V1: Travelling straight ahead / V2: Entering traffic lane,V1: E  / V2: E,Dry,Daylight,Clear,0,0,85,51,FALSE,41.94450501,-71.28411703
16715,6/15/2017,June,Thursday,23:35,2,3,1,0,Rear-end,V1: 0 / V2: 0 / V3: 0,V1: 0 / V2: 0 / V3: 0,Dry,Dark - roadway not lighted,Clear,0,0,85,51,FALSE,41.90231844,-71.35595143
16716,6/16/2017,June,Friday,6:27,1,3,0,0,Rear-end,V1: Slowing or stopped in traffic / V2: Slowing or stopped in traffic / V3: Travelling straight ahead,V1: N  / V2: N  / V3: N,Dry,Daylight,Clear,0,0,77,51,FALSE,41.90231844,-71.35595143
16717,6/16/2017,June,Friday,8:17,1,2,0,0,Rear-end,V1: Travelling straight ahead / V2: Slowing or stopped in traffic,V1: N  / V2: N,Dry,Daylight,Clear,0,0,77,51,FALSE,41.95593405,-71.30346756
16718,6/16/2017,June,Friday,10:30,1,3,0,0,"Sideswipe, same direction",V1: Travelling straight ahead / V2: Travelling straight ahead / V3: Other,V1: S  / V2: S  / V3: S,Dry,Daylight,Clear,0,0,77,51,FALSE,41.96019116,-71.30118086
16719,6/16/2017,June,Friday,12:20,1,2,0,0,Angle,V1: Turning left / V2: Travelling straight ahead,V1: E  / V2: E,Dry,Daylight,Cloudy,0,0,77,51,FALSE,41.94450501,-71.28411703
16720,6/16/2017,June,Friday,16:25,1,1,0,0,Single vehicle crash,V1: Travelling straight ahead,V1: N,Wet,Daylight,Rain,0,0,77,51,FALSE,41.89646751,-71.37371383
16721,6/16/2017,June,Friday,16:30,1,2,0,0,"Sideswipe, same direction",V1: Travelling straight ahead / V2: Travelling straight ahead,V1: N  / V2: N,Wet,Daylight,Rain,0,0,77,51,FALSE,41.8953793,-71.37499095
16722,6/18/2017,June,Sunday,10:42,1,2,0,0,"Sideswipe, same direction",V1: Travelling straight ahead / V2: Parked,V1: U  / V2: U,Dry,Daylight,Clear,0,0,75,62,FALSE,41.90564025,-71.35665923
16723,6/18/2017,June,Sunday,15:03,1,4,0,0,Rear-end,V1: Travelling straight ahead / V2: Slowing or stopped in traffic / V3: Travelling straight ahead / V4: Travelling straight ahead,V1: S  / V2: S  / V3: S  / V4: S,Dry,Daylight,Clear,0,0,75,62,FALSE,41.95568257,-71.28823954
16724,6/19/2017,June,Monday,14:11,1,3,0,0,Rear-end,V1: Travelling straight ahead / V2: Slowing or stopped in traffic / V3: Turning left,V1: N  / V2: N  / V3: N,Dry,Daylight,Clear,0.03,0,81,67,FALSE,41.91325585,-71.3590575
16725,6/19/2017,June,Monday,20:10,1,2,0,0,Single vehicle crash,V1: Slowing or stopped in traffic / V2: Slowing or stopped in traffic,V1: S  / V2: E,Dry,Daylight,Cloudy,0.03,0,81,67,FALSE,41.94104078,-71.29346158
16726,6/20/2017,June,Tuesday,7:49,1,2,0,0,Angle,V1: Travelling straight ahead / V2: Travelling straight ahead,V1: N  / V2: E,Dry,Daylight,Clear,0.22,0,78,67,FALSE,41.93499067,-71.28382974
16727,6/20/2017,June,Tuesday,10:45,1,1,0,0,Single vehicle crash,V1: Travelling straight ahead,V1: N,Dry,Daylight,Clear,0.22,0,78,67,FALSE,41.94140605,-71.28436439
16728,6/20/2017,June,Tuesday,14:09,1,2,0,0,Rear-end,V1: Travelling straight ahead / V2: Turning left,V1: N  / V2: N,Dry,Daylight,Clear,0.22,0,78,67,FALSE,41.9466532,-71.28741718
16729,6/20/2017,June,Tuesday,17:27,2,2,1,0,Rear-end,V1: Turning left / V2: Travelling straight ahead,V1: E  / V2: E,Dry,Daylight,Clear,0.22,0,78,67,FALSE,41.95401169,-71.26450211
16730,6/21/2017,June,Wednesday,16:36,1,2,0,0,Angle,V1: Travelling straight ahead / V2: Entering traffic lane,V1: W  / V2: N,Dry,Daylight,Clear,0.01,0,83,61,FALSE,41.93304073,-71.29789609
16731,6/21/2017,June,Wednesday,17:09,2,2,1,0,Angle,V1: Travelling straight ahead / V2: Turning left,V1: N  / V2: E,Dry,Daylight,Clear,0.01,0,83,61,FALSE,41.90964751,-71.36351027
16732,6/22/2017,June,Thursday,0:55,1,1,0,0,Single vehicle crash,V1: Travelling straight ahead,V1: S,Dry,Dark - roadway not lighted,Clear,0,0,89,57,FALSE,41.96019116,-71.30118086
16733,6/22/2017,June,Thursday,4:54,1,1,0,0,Single vehicle crash,V1: Travelling straight ahead,V1: N,Dry,Dawn,Clear,0,0,89,57,FALSE,41.92886018,-71.3230987
16734,6/22/2017,June,Thursday,5:22,1,2,0,0,Rear-end,V1: Slowing or stopped in traffic / V2: Slowing or stopped in traffic,V1: N  / V2: N,Dry,Daylight,Clear,0,0,89,57,FALSE,41.92886018,-71.3230987
16735,6/22/2017,June,Thursday,7:38,2,2,2,0,Rear-end,V1: Travelling straight ahead / V2: Travelling straight ahead,V1: S  / V2: S,Dry,Daylight,Clear,0,0,89,57,FALSE,41.94872235,-71.28913727
16736,6/22/2017,June,Thursday,15:30,1,2,0,0,Angle,V1: Turning left / V2: Travelling straight ahead,V1: S  / V2: W,Dry,Daylight,Clear,0,0,89,57,FALSE,41.94757814,-71.27890389
16737,6/22/2017,June,Thursday,15:34,1,2,0,0,"Sideswipe, same direction",V1: Travelling straight ahead / V2: Turning right,V1: E  / V2: E,Dry,Daylight,Clear,0,0,89,57,FALSE,41.95076301,-71.27397064
16738,6/22/2017,June,Thursday,16:01,1,2,0,0,Angle,V1: Entering traffic lane / V2: Travelling straight ahead,V1: S  / V2: W,Dry,Daylight,Clear,0,0,89,57,FALSE,41.95281392,-71.26919821
16739,6/22/2017,June,Thursday,16:10,1,2,0,0,Rear-end,V1: Travelling straight ahead / V2: Travelling straight ahead,V1: S  / V2: S,Dry,Daylight,Clear,0,0,89,57,FALSE,41.93332563,-71.32495937
16740,6/22/2017,June,Thursday,16:35,1,2,0,0,Angle,V1: Parked / V2: Travelling straight ahead,V1: 0 / V2: W,Dry,Daylight,Clear,0,0,89,57,FALSE,41.93518136,-71.28488512
16741,6/22/2017,June,Thursday,18:37,1,2,0,0,Angle,V1: Turning right / V2: Parked,V1: W  / V2: 0,Dry,Daylight,Clear,0,0,89,57,FALSE,41.94173806,-71.28462074
16742,6/23/2017,June,Friday,10:08,2,1,1,0,Single vehicle crash,V1: Travelling straight ahead,V1: S,Dry,Daylight,Clear,0,0,87,66,FALSE,41.90922558,-71.28637599
16743,6/23/2017,June,Friday,12:20,1,2,0,0,Rear-end,V1: Backing / V2: Parked,V1: N  / V2: W,Dry,Daylight,Clear,0,0,87,66,FALSE,41.94361429,-71.27453021
16744,6/23/2017,June,Friday,13:51,1,1,0,0,Single vehicle crash,V1: Turning right,V1: E,Dry,Daylight,Clear,0,0,87,66,FALSE,41.93997626,-71.28861151
16745,6/23/2017,June,Friday,14:45,1,2,0,0,Rear-end,V1: Travelling straight ahead / V2: Travelling straight ahead,V1: W  / V2: W,Dry,Daylight,Clear,0,0,87,66,FALSE,41.93150481,-71.33366365
16746,6/23/2017,June,Friday,16:25,1,3,0,0,Rear-end,V1: Travelling straight ahead / V2: Slowing or stopped in traffic / V3: Slowing or stopped in traffic,V1: N  / V2: N  / V3: N,Dry,Daylight,Cloudy,0,0,87,66,FALSE,41.90529604,-71.33573163
16747,6/23/2017,June,Friday,16:45,1,2,0,0,Rear-end,V1: Slowing or stopped in traffic / V2: Slowing or stopped in traffic,V1: N  / V2: N,Dry,Daylight,Clear,0,0,87,66,FALSE,41.95428778,-71.31194921
16748,6/23/2017,June,Friday,18:53,2,2,2,0,Angle,V1: Turning left / V2: Travelling straight ahead,V1: W  / V2: N,Dry,Daylight,Clear,0,0,87,66,FALSE,41.91449065,-71.36105328
16749,6/24/2017,June,Saturday,4:32,1,2,0,0,Rear-end,V1: Travelling straight ahead / V2: Travelling straight ahead,V1: S  / V2: S,Dry,Dawn,Clear,0,0,88,70,FALSE,41.89861001,-71.36943215