ID,DATE,Month,Day of week,Crash Time,Crash Severity,Number of Vehicles,Total Nonfatal Injuries,Total Fatal Injuries,Manner of Collision,Vehicle Action Prior to Crash,Vehicle Travel Directions,Road Surface Condition,Ambient Light,Weather Condition,PRCP,SNOW,TMAX,TMIN,Ice,Longtitute,Latitute
16750,6/24/2017,June,Saturday,9:09,2,1,1,0,Single vehicle crash,V1: Travelling straight ahead,V1: S,Wet,Daylight,Cloudy/Rain,0,0,88,70,FALSE,41.89447221,-71.37607931
16751,6/24/2017,June,Saturday,11:05,1,2,0,0,Rear-end,V1: Travelling straight ahead / V2: Travelling straight ahead,V1: S  / V2: S,Dry,Daylight,Clear,0,0,88,70,FALSE,41.90529604,-71.33573163
16752,6/24/2017,June,Saturday,14:10,1,2,0,0,Single vehicle crash,V1: Other / V2: Other,V1: S  / V2: S,Dry,Daylight,Clear,0,0,88,70,FALSE,41.95763013,-71.30349964
16753,6/24/2017,June,Saturday,14:30,2,2,1,0,Angle,V1: Turning left / V2: Travelling straight ahead,V1: E  / V2: N,Dry,Daylight,Clear,0,0,88,70,FALSE,41.90081079,-71.36802017
16754,6/24/2017,June,Saturday,15:21,1,2,0,0,Rear-end,V1: Travelling straight ahead / V2: Slowing or stopped in traffic,V1: N  / V2: N,Dry,Daylight,Clear,0,0,88,70,FALSE,41.91463957,-71.35904891
16755,6/26/2017,June,Monday,8:29,2,2,1,0,Rear-end,V1: Travelling straight ahead / V2: Turning right,V1: N  / V2: N,Dry,Daylight,Clear,0.21,0,85,58,FALSE,41.90640841,-71.29928578
16756,6/26/2017,June,Monday,9:26,1,2,0,0,Rear-end,V1: Slowing or stopped in traffic / V2: Travelling straight ahead,V1: E  / V2: E,Dry,Daylight,Clear,0.21,0,85,58,FALSE,41.93624398,-71.26400311
16757,6/26/2017,June,Monday,10:42,1,2,0,0,Angle,V1: Travelling straight ahead / V2: Travelling straight ahead,V1: W  / V2: S,Dry,Daylight,Clear,0.21,0,85,58,FALSE,41.9370756,-71.28238678
16758,6/26/2017,June,Monday,11:56,1,2,0,0,Rear-end,V1: Slowing or stopped in traffic / V2: Entering traffic lane,V1: N  / V2: N,Dry,Daylight,Clear,0.21,0,85,58,FALSE,41.90139935,-71.35552527
16759,6/26/2017,June,Monday,15:34,0,1,0,0,"Sideswipe, same direction",V1: Parked,V1: N,Dry,Daylight,Clear,0.21,0,85,58,FALSE,41.94282144,-71.27471592
16760,6/26/2017,June,Monday,17:20,1,2,0,0,Angle,V1: Turning left / V2: Travelling straight ahead,V1: E  / V2: W,Dry,Daylight,Clear,0.21,0,85,58,FALSE,41.95260998,-71.26978509
16761,6/26/2017,June,Monday,23:36,2,1,1,0,Single vehicle crash,V1: Travelling straight ahead,V1: S,Dry,Dark - roadway not lighted,Clear,0.21,0,85,58,FALSE,41.91966528,-71.33181601
16762,6/27/2017,June,Tuesday,15:25,1,2,0,0,Rear-end,V1: Travelling straight ahead / V2: Travelling straight ahead,V1: S  / V2: S,Dry,Daylight,Clear,0,0,80,57,FALSE,41.90902439,-71.33875524
16763,6/28/2017,June,Wednesday,9:58,1,1,0,0,Single vehicle crash,V1: Travelling straight ahead,V1: E,Dry,Daylight,Clear,0.02,0,76,52,FALSE,41.91744473,-71.30513843
16764,6/28/2017,June,Wednesday,10:00,1,2,0,0,Rear-end,V1: Travelling straight ahead / V2: Slowing or stopped in traffic,V1: N  / V2: N,Dry,Daylight,Clear,0.02,0,76,52,FALSE,41.96941345,-71.29547608
16765,6/28/2017,June,Wednesday,12:03,1,2,0,0,Single vehicle crash,V1: Travelling straight ahead / V2: Entering traffic lane,V1: E  / V2: S,Dry,Daylight,Clear,0.02,0,76,52,FALSE,41.93609466,-71.29645638
16766,6/28/2017,June,Wednesday,15:37,2,2,1,0,Rear-end,V1: Travelling straight ahead / V2: Slowing or stopped in traffic,V1: S  / V2: S,Dry,Daylight,Clear,0.02,0,76,52,FALSE,41.95026235,-71.27502451
16767,6/28/2017,June,Wednesday,16:34,1,2,0,0,Angle,V1: Travelling straight ahead / V2: Turning left,V1: E  / V2: W,Dry,Daylight,Clear,0.02,0,76,52,FALSE,41.93505312,-71.29860583
16768,6/28/2017,June,Wednesday,20:35,2,2,5,0,Angle,V1: Travelling straight ahead / V2: Travelling straight ahead,V1: N  / V2: W,Dry,Dark - lighted roadway,Clear,0.02,0,76,52,FALSE,41.9404815,-71.28139686
16769,6/29/2017,June,Thursday,10:39,1,1,0,0,Single vehicle crash,V1: Travelling straight ahead,V1: E,Dry,Daylight,Clear,0,0,79,58,FALSE,41.94361429,-71.27453022
16770,6/30/2017,June,Friday,14:30,2,3,1,0,Rear-end,V1: Slowing or stopped in traffic / V2: Slowing or stopped in traffic / V3: Travelling straight ahead,V1: S  / V2: S  / V3: S,Dry,Daylight,Clear,0,0,79,64,FALSE,34.24438675,-73.6513909
16771,7/1/2017,July,Saturday,3:48,2,1,1,0,Single vehicle crash,V1: Travelling straight ahead,V1: W,Dry,Dark - lighted roadway,Clear,0.15,0,83,67,FALSE,41.90621051,-71.33436237
16772,7/1/2017,July,Saturday,12:53,2,2,1,0,Angle,V1: Turning left / V2: Travelling straight ahead,V1: E  / V2: W,Dry,Daylight,Clear,0.15,0,83,67,FALSE,41.96939377,-71.29355357
16773,7/1/2017,July,Saturday,14:03,2,4,3,0,Angle,V1: Travelling straight ahead / V2: Slowing or stopped in traffic / V3: Travelling straight ahead / V4: Travelling straight ahead,V1: S  / V2: S  / V3: N  / V4: S,Dry,Daylight,Clear,0.15,0,83,67,FALSE,41.91739569,-71.35962701
16774,7/1/2017,July,Saturday,23:10,1,2,0,0,"Sideswipe, same direction",V1: Changing lanes / V2: Travelling straight ahead,V1: W  / V2: W,Dry,Dark - lighted roadway,Clear,0.15,0,83,67,FALSE,41.93358571,-71.32352844
16775,7/2/2017,July,Sunday,11:14,1,2,0,0,"Sideswipe, same direction",V1: Changing lanes / V2: Travelling straight ahead,V1: E  / V2: E,Dry,Daylight,Clear,0.01,0,85,67,FALSE,41.9200126,-71.35779701
16776,7/2/2017,July,Sunday,12:05,1,1,0,0,Single vehicle crash,V1: Travelling straight ahead,V1: S,Dry,Daylight,Clear,0.01,0,85,67,FALSE,41.92892353,-71.34505405
16777,7/3/2017,July,Monday,16:10,1,2,0,0,Angle,V1: Entering traffic lane / V2: Travelling straight ahead,V1: N  / V2: S,Dry,Daylight,Clear,0,0,92,67,FALSE,41.92781831,-71.35456449
16778,7/3/2017,July,Monday,22:40,2,2,1,0,"Sideswipe, same direction",V1: Travelling straight ahead / V2: Changing lanes,V1: N  / V2: N,Dry,Dark - roadway not lighted,Clear,0,0,92,67,FALSE,41.90053869,-71.36201959
16779,7/4/2017,July,Tuesday,23:14,2,1,1,0,Single vehicle crash,V1: Travelling straight ahead,V1: S,Dry,Dark - lighted roadway,Clear,0,0,89,60,FALSE,41.90567349,-71.35679202
16780,7/5/2017,July,Wednesday,7:10,1,2,0,0,Rear-end,V1: Slowing or stopped in traffic / V2: Slowing or stopped in traffic,V1: N  / V2: N,Dry,Daylight,Clear,0,0,87,58,FALSE,41.95593405,-71.30346756
16781,7/5/2017,July,Wednesday,7:20,1,2,0,0,"Sideswipe, same direction",V1: Entering traffic lane / V2: Travelling straight ahead,V1: W  / V2: W,Dry,Daylight,Clear,0,0,87,58,FALSE,41.94396167,-71.27662963
16782,7/6/2017,July,Thursday,7:20,1,2,0,0,"Sideswipe, opposite direction",V1: Travelling straight ahead / V2: Turning right,V1: W  / V2: W,Dry,Daylight,Clear,0,0,83,63,FALSE,41.94374086,-71.27450076
16783,7/6/2017,July,Thursday,7:25,1,1,0,0,Single vehicle crash,V1: Travelling straight ahead,V1: W,Dry,Daylight,Clear,0,0,83,63,FALSE,41.93358571,-71.32352844
16784,7/6/2017,July,Thursday,22:10,1,2,0,0,Angle,V1: Changing lanes / V2: Overtaking/passing,V1: S  / V2: S,Dry,Dark - lighted roadway,Cloudy,0,0,83,63,FALSE,41.89620071,-71.37038787
16785,7/7/2017,July,Friday,9:49,2,2,1,0,Angle,V1: Entering traffic lane / V2: Travelling straight ahead,V1: W  / V2: S,Wet,Daylight,Rain,0,0,83,63,FALSE,41.94019537,-71.27660007
16786,7/7/2017,July,Friday,11:20,2,1,1,0,Single vehicle crash,V1: Travelling straight ahead,V1: S,Wet,Daylight,Cloudy/Rain,0,0,83,63,FALSE,41.89431817,-71.37621831
16787,7/7/2017,July,Friday,12:32,1,1,0,0,Single vehicle crash,V1: Travelling straight ahead,V1: N,Wet,Daylight,Rain,0,0,83,63,FALSE,41.94832533,-71.27795772
16788,7/7/2017,July,Friday,12:37,1,2,0,0,Rear-end,V1: Travelling straight ahead / V2: Travelling straight ahead,V1: E  / V2: E,Wet,Daylight,Rain,0,0,83,63,FALSE,41.97015292,-71.29135147
16789,7/7/2017,July,Friday,14:35,2,4,2,0,Angle,V1: Travelling straight ahead / V2: Slowing or stopped in traffic / V3: Travelling straight ahead / V4: Travelling straight ahead,V1: S  / V2: S  / V3: S  / V4: S,Wet,Daylight,Rain,0,0,83,63,FALSE,41.91108764,-71.33906024
16790,7/7/2017,July,Friday,15:25,1,2,0,0,Angle,V1: Changing lanes / V2: Travelling straight ahead,V1: S  / V2: S,Wet,Daylight,Cloudy/Rain,0,0,83,63,FALSE,41.96019116,-71.30118086
16791,7/7/2017,July,Friday,16:24,1,2,0,0,Rear-end,V1: Travelling straight ahead / V2: Travelling straight ahead,V1: S  / V2: S,Dry,Daylight,Cloudy,0,0,83,63,FALSE,41.94548184,-71.28559201
16792,7/8/2017,July,Saturday,8:50,1,1,0,0,Single vehicle crash,V1: 0,V1: S,Dry,Dark - roadway not lighted,Clear,0.76,0,70,62,FALSE,41.91966528,-71.33181601
16793,7/10/2017,July,Monday,8:25,1,2,0,0,Angle,V1: Turning left / V2: Travelling straight ahead,V1: N  / V2: E,Dry,Daylight,Clear,0,0,84,61,FALSE,41.90529604,-71.33573163
16794,7/10/2017,July,Monday,19:13,1,2,0,0,Angle,V1: Entering traffic lane / V2: Travelling straight ahead,V1: W  / V2: N,Dry,Daylight,Clear,0,0,84,61,FALSE,41.93503657,-71.2848971
16795,7/11/2017,July,Tuesday,5:50,1,1,0,0,Single vehicle crash,V1: Travelling straight ahead,V1: S,Wet,Daylight,Rain,0.53,0,86,64,FALSE,41.89861001,-71.36943215
16796,7/12/2017,July,Wednesday,11:15,1,2,0,0,Rear-to-rear,V1: Backing / V2: Backing,V1: S  / V2: N,Dry,Daylight,Clear,0.45,0,86,67,FALSE,41.90495868,-71.36887905
16797,7/12/2017,July,Wednesday,15:03,2,2,1,0,Rear-end,V1: Travelling straight ahead / V2: Slowing or stopped in traffic,V1: E  / V2: E,Wet,Daylight,Cloudy/Rain,0.45,0,86,67,FALSE,41.93414522,-71.30494865
16798,7/12/2017,July,Wednesday,16:35,1,2,0,0,Rear-end,V1: Travelling straight ahead / V2: Travelling straight ahead,V1: W  / V2: W,Wet,Daylight,Rain,0.45,0,86,67,FALSE,41.92387717,-71.35158914
16799,7/13/2017,July,Thursday,17:31,1,2,0,0,Rear-end,V1: Travelling straight ahead / V2: Slowing or stopped in traffic,V1: S  / V2: S,Wet,Daylight,Rain,0.29,0,86,69,FALSE,41.92403092,-71.35685685
16800,7/14/2017,July,Friday,10:21,3,2,0,1,Angle,V1: Turning left / V2: Travelling straight ahead,V1: E  / V2: W,Dry,Daylight,Clear,0.1,0,70,57,FALSE,41.96939377,-71.29355357
16801,7/14/2017,July,Friday,15:57,1,2,0,0,Rear-end,V1: Travelling straight ahead / V2: Turning right,V1: S  / V2: W,Wet,Daylight,Cloudy,0.1,0,70,57,FALSE,41.9317298,-71.3012081
16802,7/14/2017,July,Friday,18:20,1,2,0,0,Rear-end,V1: Travelling straight ahead / V2: Travelling straight ahead,V1: S  / V2: S,Dry,Daylight,Cloudy,0.1,0,70,57,FALSE,41.96518687,-71.29785225
16803,7/14/2017,July,Friday,18:51,2,2,4,0,Angle,V1: Travelling straight ahead / V2: Travelling straight ahead,V1: W  / V2: N,Dry,Daylight,Clear,0.1,0,70,57,FALSE,41.93946861,-71.28168616
16804,7/15/2017,July,Saturday,10:47,1,2,0,0,Rear-end,V1: Travelling straight ahead / V2: Slowing or stopped in traffic,V1: E  / V2: E,Wet,Daylight,Cloudy,0,0,66,59,FALSE,41.93409799,-71.31895722
16805,7/15/2017,July,Saturday,13:06,1,2,0,0,"Sideswipe, same direction",V1: Travelling straight ahead / V2: Slowing or stopped in traffic,V1: S  / V2: N,Dry,Daylight,Clear,0,0,66,59,FALSE,41.95819153,-71.29650333
16806,7/16/2017,July,Sunday,10:59,1,2,0,0,Rear-end,V1: Slowing or stopped in traffic / V2: Slowing or stopped in traffic,V1: N  / V2: N,Dry,Daylight,Clear,0,0,80,63,FALSE,41.90217475,-71.35579772
16807,7/16/2017,July,Sunday,19:27,2,2,1,0,Single vehicle crash,V1: Travelling straight ahead / V2: Slowing or stopped in traffic,V1: S  / V2: W,Dry,Daylight,Clear,0,0,80,63,FALSE,41.92045606,-71.29845401
16808,7/16/2017,July,Sunday,21:17,2,1,1,0,Single vehicle crash,V1: Travelling straight ahead,V1: N,Dry,Dark - lighted roadway,Clear,0,0,80,63,FALSE,41.93118399,-71.26031362
16809,7/17/2017,July,Monday,7:41,2,3,1,0,Rear-end,V1: Slowing or stopped in traffic / V2: Travelling straight ahead / V3: Travelling straight ahead,V1: N  / V2: N  / V3: N,Dry,Daylight,Clear,0,0,89,65,FALSE,34.24438675,-73.6513909
16810,7/17/2017,July,Monday,9:39,1,1,0,0,Single vehicle crash,V1: Travelling straight ahead,V1: N,Dry,Daylight,Clear,0,0,89,65,FALSE,41.93127032,-71.29114995
16811,7/17/2017,July,Monday,13:05,1,1,0,0,Single vehicle crash,V1: Backing,V1: E,Dry,Daylight,Clear,0,0,89,65,FALSE,41.95237777,-71.29604181
16812,7/17/2017,July,Monday,18:57,1,2,0,0,Rear-end,V1: Travelling straight ahead / V2: Slowing or stopped in traffic,V1: S  / V2: S,Dry,Daylight,Clear,0,0,89,65,FALSE,41.92387717,-71.35158914
16813,7/17/2017,July,Monday,22:11,1,2,0,0,Angle,V1: Turning left / V2: Travelling straight ahead,V1: S  / V2: N,Dry,Dark - lighted roadway,Clear,0,0,89,65,FALSE,41.89618753,-71.37039513
16814,7/18/2017,July,Tuesday,15:40,2,2,1,0,Rear-end,V1: Travelling straight ahead / V2: Slowing or stopped in traffic,V1: S  / V2: S,Dry,Daylight,Clear,0,0,84,68,FALSE,41.94666472,-71.28742757
16815,7/18/2017,July,Tuesday,20:08,1,1,0,0,Single vehicle crash,V1: Travelling straight ahead,V1: N,Wet,Dark - lighted roadway,Cloudy,0,0,84,68,FALSE,41.9148212,-71.25770714
16816,7/18/2017,July,Tuesday,22:17,1,2,0,0,Rear-end,V1: Turning left / V2: Travelling straight ahead,V1: W  / V2: W,Dry,Dark - lighted roadway,Clear,0,0,84,68,FALSE,41.94583562,-71.28075083
16817,7/19/2017,July,Wednesday,12:48,1,1,0,0,Single vehicle crash,V1: Travelling straight ahead,V1: E,Dry,Daylight,Clear,0,0,88,70,FALSE,41.95271157,-71.26951043
16818,7/19/2017,July,Wednesday,17:19,1,2,0,0,Angle,V1: Travelling straight ahead / V2: Entering traffic lane,V1: E  / V2: E,Dry,Daylight,Clear,0,0,88,70,FALSE,41.95401663,-71.25932225
16819,7/20/2017,July,Thursday,9:30,2,2,2,0,Rear-end,V1: Changing lanes / V2: Travelling straight ahead,V1: N  / V2: N,Dry,Daylight,Clear,0,0,91,68,FALSE,41.92886018,-71.3230987
16820,7/20/2017,July,Thursday,9:36,1,2,0,0,Angle,V1: Backing / V2: Parked,V1: E  / V2: S,Dry,Daylight,Clear,0,0,91,68,FALSE,41.93284447,-71.34277531
16821,7/20/2017,July,Thursday,13:14,1,2,0,0,Angle,V1: Turning left / V2: Travelling straight ahead,V1: S  / V2: W,Dry,Daylight,Clear,0,0,91,68,FALSE,41.90156182,-71.36972569
16822,7/20/2017,July,Thursday,13:57,1,2,0,0,Angle,V1: Backing / V2: Other,V1: S  / V2: N,Dry,Daylight,Clear,0,0,91,68,FALSE,41.95294842,-71.26878427
16823,7/20/2017,July,Thursday,17:28,2,2,1,0,Rear-end,V1: Travelling straight ahead / V2: Slowing or stopped in traffic,V1: W  / V2: W,Dry,Daylight,Cloudy,0,0,91,68,FALSE,41.92675288,-71.34334435
16824,7/21/2017,July,Friday,8:25,1,2,0,0,Angle,V1: Turning left / V2: Slowing or stopped in traffic,V1: W  / V2: E,Dry,Daylight,Clear,0,0,95,70,FALSE,41.94591875,-71.28363134
16825,7/21/2017,July,Friday,16:58,1,2,0,0,Rear-end,V1: Travelling straight ahead / V2: Slowing or stopped in traffic,V1: W  / V2: W,Dry,Daylight,Clear,0,0,95,70,FALSE,41.93798001,-71.2932365
16826,7/22/2017,July,Saturday,11:12,1,4,0,0,Rear-end,V1: Travelling straight ahead / V2: Slowing or stopped in traffic / V3: Slowing or stopped in traffic / V4: Slowing or stopped in traffic,V1: S  / V2: S  / V3: S  / V4: S,Dry,Daylight,Clear,0,0,92,66,FALSE,41.9079342,-71.35745922
16827,7/22/2017,July,Saturday,20:59,1,2,0,0,Angle,V1: Backing / V2: Travelling straight ahead,V1: E  / V2: N,Dry,Dark - lighted roadway,Cloudy,0,0,92,66,FALSE,41.91255756,-71.25860217
16828,7/23/2017,July,Sunday,0:11,1,3,0,0,Rear-end,V1: Slowing or stopped in traffic / V2: Slowing or stopped in traffic / V3: Travelling straight ahead,V1: N  / V2: N  / V3: N,Dry,Dark - lighted roadway,Cloudy,0,0,88,69,FALSE,41.9210426,-71.35807244
16829,7/23/2017,July,Sunday,19:30,1,1,0,0,Rear-end,V1: Backing,V1: N,Dry,Daylight,Clear,0,0,88,69,FALSE,41.95357958,-71.26137762
16830,7/24/2017,July,Monday,6:02,2,2,2,0,Angle,V1: Turning left / V2: Travelling straight ahead,V1: E  / V2: S,Wet,Daylight,Cloudy/Rain,0.01,0,77,60,FALSE,41.9340896,-71.29983557
16831,7/24/2017,July,Monday,7:19,1,2,0,0,Angle,V1: Turning left / V2: Travelling straight ahead,V1: S  / V2: N,Wet,Daylight,Rain,0.01,0,77,60,FALSE,41.95234013,-71.29601132
16832,7/24/2017,July,Monday,8:19,1,1,0,0,"Sideswipe, same direction",V1: Travelling straight ahead,V1: N,Wet,Daylight,Rain,0.01,0,77,60,FALSE,41.91475795,-71.25773281
16833,7/24/2017,July,Monday,19:22,1,1,0,0,Single vehicle crash,V1: Travelling straight ahead,V1: W,Dry,Daylight,Clear,0.01,0,77,60,FALSE,41.91103251,-71.303115
16834,7/25/2017,July,Tuesday,8:41,1,2,0,0,Rear-end,V1: Travelling straight ahead / V2: Turning left,V1: W  / V2: W,Dry,Daylight,Clear,0.63,0,60,56,FALSE,41.95414045,-71.26296554
16835,7/25/2017,July,Tuesday,16:05,1,2,0,0,Rear-end,V1: Travelling straight ahead / V2: Slowing or stopped in traffic,V1: N  / V2: N,Dry,Daylight,Cloudy,0.63,0,60,56,FALSE,41.90858125,-71.35758797
16836,7/27/2017,July,Thursday,1:29,1,1,0,0,Single vehicle crash,V1: Travelling straight ahead,V1: S,Dry,Dark - lighted roadway,Clear,0,0,80,55,FALSE,41.96712418,-71.29097941
16837,7/27/2017,July,Thursday,14:22,1,2,0,0,Angle,V1: Turning right / V2: Travelling straight ahead,V1: W  / V2: N,Dry,Daylight,Cloudy,0,0,80,55,FALSE,41.94313451,-71.27152156
16838,7/27/2017,July,Thursday,14:55,1,2,0,0,0,V1: Slowing or stopped in traffic / V2: Backing,V1: N  / V2: S,Dry,Daylight,Clear,0,0,80,55,FALSE,41.94472426,-71.28432519
16839,7/27/2017,July,Thursday,15:42,1,2,0,0,Angle,V1: Travelling straight ahead / V2: Turning left,V1: W  / V2: S,Wet,Daylight,Cloudy/Rain,0,0,80,55,FALSE,41.92387717,-71.35158914
16840,7/27/2017,July,Thursday,16:10,2,2,1,0,Angle,V1: Turning left / V2: Travelling straight ahead,V1: S  / V2: N,Dry,Daylight,Clear,0,0,80,55,FALSE,41.92005771,-71.29867209
16841,7/27/2017,July,Thursday,17:08,2,2,1,0,Rear-end,V1: Slowing or stopped in traffic / V2: Slowing or stopped in traffic,V1: N  / V2: N,Wet,Daylight,Rain,0,0,80,55,FALSE,41.90529604,-71.33573163
16842,7/28/2017,July,Friday,12:20,1,2,0,0,Angle,V1: Turning right / V2: Travelling straight ahead,V1: S  / V2: S,Dry,Daylight,Clear,0.02,0,73,62,FALSE,41.89903243,-71.355186
16843,7/28/2017,July,Friday,18:08,1,2,0,0,"Sideswipe, same direction",V1: Travelling straight ahead / V2: Changing lanes,V1: S  / V2: S,Dry,Daylight,Cloudy,0.02,0,73,62,FALSE,41.91981411,-71.35860614
16844,7/28/2017,July,Friday,23:34,2,2,2,0,Rear-end,V1: Changing lanes / V2: Travelling straight ahead,V1: N  / V2: N,Dry,Dark - roadway not lighted,Clear,0.02,0,73,62,FALSE,41.92886018,-71.3230987
16845,7/29/2017,July,Saturday,11:14,1,3,0,0,Angle,V1: Travelling straight ahead / V2: Parked / V3: Parked,V1: S  / V2: N  / V3: N,Dry,Daylight,Cloudy,0,0,85,65,FALSE,41.93518136,-71.28488512
16846,7/30/2017,July,Sunday,15:42,1,1,0,0,Single vehicle crash,V1: Turning left,V1: S,Dry,Daylight,Clear,0,0,70,52,FALSE,41.93742983,-71.26519759
16847,7/31/2017,July,Monday,14:24,1,2,0,0,Angle,V1: Turning left / V2: Travelling straight ahead,V1: E  / V2: S,Dry,Daylight,Clear,0,0,81,54,FALSE,41.90331408,-71.33105041
16848,7/31/2017,July,Monday,16:45,2,2,1,0,Angle,V1: Turning left / V2: Travelling straight ahead,V1: S  / V2: N,Dry,Daylight,Clear,0,0,81,54,FALSE,41.93742983,-71.26519759
16849,8/1/2017,August,Tuesday,7:31,2,2,1,0,Rear-end,V1: Slowing or stopped in traffic / V2: Travelling straight ahead,V1: N  / V2: N,Dry,Daylight,Clear,0,0,88,57,FALSE,41.96941345,-71.29547608
16850,8/1/2017,August,Tuesday,15:04,1,2,0,0,Angle,V1: Entering traffic lane / V2: Travelling straight ahead,V1: S  / V2: N,Dry,Daylight,Clear,0,0,88,57,FALSE,41.91657651,-71.35875486
16851,8/1/2017,August,Tuesday,17:34,1,2,0,0,Rear-end,V1: Slowing or stopped in traffic / V2: Travelling straight ahead,V1: E  / V2: E,Dry,Daylight,Clear,0,0,88,57,FALSE,41.95130281,-71.27263126
16852,8/1/2017,August,Tuesday,23:33,1,1,0,0,Single vehicle crash,V1: Travelling straight ahead,V1: W,Dry,Dark - lighted roadway,Clear,0,0,88,57,FALSE,41.9370756,-71.28238678
16853,8/3/2017,August,Thursday,15:23,1,2,0,0,Rear-end,V1: Slowing or stopped in traffic / V2: Travelling straight ahead,V1: S  / V2: S,Dry,Daylight,Clear,0.53,0,87,67,FALSE,41.93359015,-71.30040441
16854,8/3/2017,August,Thursday,15:35,2,1,1,0,Single vehicle crash,V1: Parked,V1: W,Dry,Daylight,Clear,0.53,0,87,67,FALSE,41.94879521,-71.27735075
16855,8/3/2017,August,Thursday,16:46,1,2,0,0,Rear-end,V1: Slowing or stopped in traffic / V2: Slowing or stopped in traffic,V1: S  / V2: S,Dry,Daylight,Clear,0.53,0,87,67,FALSE,41.9024767,-71.35600008
16856,8/3/2017,August,Thursday,20:10,1,2,0,0,"Sideswipe, same direction",V1: Travelling straight ahead / V2: Travelling straight ahead,V1: N  / V2: N,Dry,Dark - roadway not lighted,Clear,0.53,0,87,67,FALSE,41.9459074,-71.31019416
16857,8/5/2017,August,Saturday,11:25,2,2,5,0,"Sideswipe, same direction",V1: Travelling straight ahead / V2: Travelling straight ahead,V1: S  / V2: S,Wet,Daylight,Rain,0,0,86,68,FALSE,41.89587885,-71.37477174
16858,8/5/2017,August,Saturday,15:26,1,2,0,0,Rear-end,V1: Travelling straight ahead / V2: Slowing or stopped in traffic,V1: W  / V2: W,Dry,Daylight,Clear,0,0,86,68,FALSE,41.91608626,-71.37759037
16859,8/6/2017,August,Sunday,5:57,1,2,0,0,"Sideswipe, same direction",V1: Travelling straight ahead / V2: Leaving traffic lane,V1: N  / V2: N,Dry,Daylight,Clear,0.07,0,77,57,FALSE,41.92886018,-71.3230987
16860,8/6/2017,August,Sunday,8:54,1,2,0,0,Angle,V1: Turning right / V2: Travelling straight ahead,V1: N  / V2: W,Dry,Daylight,Clear,0.07,0,77,57,FALSE,41.90077571,-71.36776555
16861,8/7/2017,August,Monday,7:54,2,1,1,0,Rear-end,V1: Backing,V1: N,Dry,Daylight,Clear,0,0,79,57,FALSE,41.94809968,-71.29366634
16862,8/7/2017,August,Monday,15:58,1,2,0,0,Angle,V1: Travelling straight ahead / V2: Travelling straight ahead,V1: S  / V2: E,Wet,Daylight,Cloudy/Rain,0,0,79,57,FALSE,41.94757814,-71.27890389
16863,8/7/2017,August,Monday,16:23,2,3,1,0,Rear-end,V1: Slowing or stopped in traffic / V2: Slowing or stopped in traffic / V3: Travelling straight ahead,V1: W  / V2: W  / V3: W,Dry,Daylight,Cloudy,0,0,79,57,FALSE,41.9341021,-71.30369928
16864,8/7/2017,August,Monday,17:06,1,2,0,0,Rear-end,V1: Slowing or stopped in traffic / V2: Slowing or stopped in traffic,V1: S  / V2: S,Dry,Daylight,Clear,0,0,79,57,FALSE,41.97015292,-71.29135147
16865,8/7/2017,August,Monday,17:39,1,2,0,0,Angle,V1: Travelling straight ahead / V2: Entering traffic lane,V1: W  / V2: S,Wet,Daylight,Rain,0,0,79,57,FALSE,41.94757814,-71.27890389
16866,8/7/2017,August,Monday,18:34,1,2,0,0,Rear-end,V1: Travelling straight ahead / V2: Travelling straight ahead,V1: S  / V2: S,Dry,Daylight,Cloudy,0,0,79,57,FALSE,41.90136542,-71.36010843
16867,8/9/2017,August,Wednesday,14:03,1,2,0,0,"Sideswipe, same direction",V1: Turning right / V2: Travelling straight ahead,V1: S  / V2: S,Dry,Daylight,Clear,0,0,78,58,FALSE,41.89903243,-71.355186
16868,8/9/2017,August,Wednesday,16:00,1,2,0,0,"Sideswipe, opposite direction",V1: Travelling straight ahead / V2: Parked,V1: E  / V2: W,Dry,Daylight,Clear,0,0,78,58,FALSE,41.93393836,-71.3077318
16869,8/9/2017,August,Wednesday,20:26,2,2,1,0,Angle,V1: Backing / V2: Travelling straight ahead,V1: N  / V2: E,Dry,Dark - lighted roadway,Clear,0,0,78,58,FALSE,41.90712748,-71.2984687
16870,8/10/2017,August,Thursday,7:23,1,1,0,0,Single vehicle crash,V1: Travelling straight ahead,V1: S,Dry,Daylight,Clear,0,0,86,57,FALSE,41.93044785,-71.26035342
16871,8/10/2017,August,Thursday,10:20,1,2,0,0,Angle,V1: Turning right / V2: Travelling straight ahead,V1: W  / V2: N,Dry,Daylight,Clear,0,0,86,57,FALSE,41.94444966,-71.2795884
16872,8/10/2017,August,Thursday,11:05,1,2,0,0,Angle,V1: Travelling straight ahead / V2: Travelling straight ahead,V1: W  / V2: S,Dry,Daylight,Clear,0,0,86,57,FALSE,41.94121777,-71.2768631
16873,8/10/2017,August,Thursday,14:42,1,2,0,0,Angle,V1: Turning right / V2: Travelling straight ahead,V1: S  / V2: S,Dry,Daylight,Clear,0,0,86,57,FALSE,41.89903243,-71.355186
16874,8/10/2017,August,Thursday,15:20,1,1,0,0,Single vehicle crash,V1: Travelling straight ahead,V1: S,Dry,Daylight,Clear,0,0,86,57,FALSE,41.94041153,-71.27245174
16875,8/10/2017,August,Thursday,17:48,1,2,0,0,Head-on,V1: Turning left / V2: Travelling straight ahead,V1: S  / V2: N,Dry,Daylight,Clear,0,0,86,57,FALSE,41.91611858,-71.22576933