ID,DATE,Month,Day of week,Crash Time,Crash Severity,Number of Vehicles,Total Nonfatal Injuries,Total Fatal Injuries,Manner of Collision,Vehicle Action Prior to Crash,Vehicle Travel Directions,Road Surface Condition,Ambient Light,Weather Condition,PRCP,SNOW,TMAX,TMIN,Ice,Longtitute,Latitute
16876,8/11/2017,August,Friday,7:44,1,2,0,0,Rear-end,V1: Travelling straight ahead / V2: Parked,V1: S  / V2: S,Dry,Daylight,Clear,0,0,88,60,FALSE,41.93082849,-71.34470549
16877,8/11/2017,August,Friday,14:36,1,2,0,0,Angle,V1: Turning left / V2: Backing,V1: E  / V2: S,Dry,Daylight,Clear,0,0,88,60,FALSE,41.94990296,-71.27794171
16878,8/11/2017,August,Friday,16:43,2,1,2,0,Single vehicle crash,V1: Travelling straight ahead,V1: N,Dry,Daylight,Clear,0,0,88,60,FALSE,41.93507984,-71.26224676
16879,8/11/2017,August,Friday,17:20,1,2,0,0,"Sideswipe, same direction",V1: Travelling straight ahead / V2: Travelling straight ahead,V1: S  / V2: N,Dry,Daylight,Clear,0,0,88,60,FALSE,41.95194108,-71.30613986
16880,8/12/2017,August,Saturday,1:21,1,2,0,0,Rear-end,V1: Travelling straight ahead / V2: Travelling straight ahead,V1: S  / V2: S,Dry,Dark - roadway not lighted,Clear,0.09,0,85,59,FALSE,41.92927403,-71.32377045
16881,8/12/2017,August,Saturday,6:56,1,1,0,0,Single vehicle crash,V1: Travelling straight ahead,V1: W,Wet,Daylight,Rain,0.09,0,85,59,FALSE,41.92054648,-71.30916027
16882,8/12/2017,August,Saturday,8:45,1,1,0,0,Single vehicle crash,V1: Travelling straight ahead,V1: S,Dry,Daylight,Clear,0.09,0,85,59,FALSE,41.92335443,-71.32873586
16883,8/13/2017,August,Sunday,1:50,1,1,0,0,Single vehicle crash,V1: Travelling straight ahead,V1: W,Dry,Dark - lighted roadway,Clear,0,0,74,59,FALSE,41.89804027,-71.37674712
16884,8/13/2017,August,Sunday,12:07,1,2,0,0,Angle,V1: Backing / V2: Travelling straight ahead,V1: S  / V2: E,Dry,Daylight,Clear,0,0,74,59,FALSE,41.91790012,-71.35941335
16885,8/13/2017,August,Sunday,13:41,1,2,0,0,"Sideswipe, same direction",V1: Changing lanes / V2: Travelling straight ahead,V1: S  / V2: S,Dry,Daylight,Clear,0,0,74,59,FALSE,41.9170943,-71.35975551
16886,8/13/2017,August,Sunday,20:16,1,2,0,0,"Sideswipe, same direction",V1: Travelling straight ahead / V2: Parked,V1: W  / V2: W,Dry,Dark - lighted roadway,Clear,0,0,74,59,FALSE,41.92578195,-71.31958986
16887,8/14/2017,August,Monday,13:24,1,2,0,0,"Sideswipe, same direction",V1: Changing lanes / V2: Travelling straight ahead,V1: S  / V2: S,Dry,Daylight,Cloudy,0,0,87,58,FALSE,41.9265646,-71.35545698
16888,8/15/2017,August,Tuesday,11:04,1,2,0,0,Angle,V1: Turning left / V2: Travelling straight ahead,V1: E  / V2: S,Dry,Daylight,Cloudy,0.03,0,86,60,FALSE,41.90582226,-71.36546869
16889,8/15/2017,August,Tuesday,11:59,1,2,0,0,Rear-end,V1: Travelling straight ahead / V2: Travelling straight ahead,V1: W  / V2: W,Dry,Daylight,Clear,0.03,0,86,60,FALSE,41.93150481,-71.33366365
16890,8/15/2017,August,Tuesday,13:09,1,2,0,0,Angle,V1: Travelling straight ahead / V2: Travelling straight ahead,V1: N  / V2: W,Dry,Daylight,Clear,0.03,0,86,60,FALSE,41.94361429,-71.27453022
16891,8/15/2017,August,Tuesday,13:21,1,1,0,0,Single vehicle crash,V1: Travelling straight ahead,V1: N,Dry,Daylight,Clear,0.03,0,86,60,FALSE,41.92950189,-71.30272771
16892,8/16/2017,August,Wednesday,12:51,2,2,1,0,Rear-end,V1: Travelling straight ahead / V2: Slowing or stopped in traffic,V1: S  / V2: S,Dry,Daylight,Clear,0,0,82,65,FALSE,41.90942234,-71.25625757
16893,8/16/2017,August,Wednesday,13:53,1,2,0,0,Angle,V1: Turning left / V2: Travelling straight ahead,V1: W  / V2: N,Dry,Daylight,Clear,0,0,82,65,FALSE,41.9170943,-71.35975551
16894,8/16/2017,August,Wednesday,14:55,1,2,0,0,Angle,V1: Entering traffic lane / V2: Travelling straight ahead,V1: E  / V2: S,Dry,Daylight,Clear,0,0,82,65,FALSE,41.92279203,-71.35723949
16895,8/18/2017,August,Friday,6:49,1,2,0,0,"Sideswipe, same direction",V1: Turning left / V2: Travelling straight ahead,V1: S  / V2: E,Dry,Daylight,Cloudy,0,0,84,56,FALSE,41.94220624,-71.27196033
16896,8/18/2017,August,Friday,22:26,1,2,0,0,"Sideswipe, opposite direction",V1: Travelling straight ahead / V2: Travelling straight ahead,V1: W  / V2: N,Dry,Dark - lighted roadway,Clear,0,0,84,56,FALSE,41.94472176,-71.2812504
16897,8/20/2017,August,Sunday,4:47,1,1,0,0,Single vehicle crash,V1: Travelling straight ahead,V1: N,Dry,Dark - roadway not lighted,Clear,0,0,91,66,FALSE,41.94935199,-71.30788457
16898,8/20/2017,August,Sunday,17:48,1,2,0,0,Rear-end,V1: Slowing or stopped in traffic / V2: Travelling straight ahead,V1: N  / V2: N,Dry,Daylight,Clear,0,0,91,66,FALSE,41.91035947,-71.36314658
16899,8/20/2017,August,Sunday,18:40,1,2,0,0,"Sideswipe, opposite direction",V1: Travelling straight ahead / V2: Travelling straight ahead,V1: N  / V2: E,Dry,Daylight,Clear,0,0,91,66,FALSE,41.89541252,-71.37076533
16900,8/21/2017,August,Monday,15:51,1,1,0,0,Single vehicle crash,V1: Travelling straight ahead,V1: S,Dry,Daylight,Clear,0,0,86,59,FALSE,41.97271558,-71.27508846
16901,8/21/2017,August,Monday,19:09,1,2,0,0,Rear-end,V1: Travelling straight ahead / V2: Travelling straight ahead,V1: S  / V2: S,Dry,Daylight,Clear,0,0,86,59,FALSE,41.90538488,-71.36569048
16902,8/23/2017,August,Wednesday,22:30,2,1,1,0,Single vehicle crash,V1: Travelling straight ahead,V1: N,Dry,Dark - roadway not lighted,Clear,0.01,0,88,69,FALSE,41.90231844,-71.35595143
16903,8/23/2017,August,Wednesday,22:35,1,2,0,0,Angle,V1: Turning right / V2: Turning left,V1: E  / V2: N,Dry,Dark - lighted roadway,Clear,0.01,0,88,69,FALSE,41.92416457,-71.35104162
16904,8/24/2017,August,Thursday,14:03,1,2,0,0,Angle,V1: Turning left / V2: Travelling straight ahead,V1: W  / V2: S,Dry,Daylight,Clear,0,0,87,54,FALSE,41.90964751,-71.36351027
16905,8/24/2017,August,Thursday,15:30,1,2,0,0,Rear-end,V1: Slowing or stopped in traffic / V2: Slowing or stopped in traffic,V1: S  / V2: S,Dry,Daylight,Clear,0,0,87,54,FALSE,41.90257898,-71.35602542
16906,8/24/2017,August,Thursday,19:51,1,1,0,0,Single vehicle crash,V1: Parked,V1: S,Dry,Dusk,Clear,0,0,87,54,FALSE,41.94047022,-71.29117228
16907,8/25/2017,August,Friday,0:01,2,2,1,0,Rear-end,V1: Travelling straight ahead / V2: Travelling straight ahead,V1: S  / V2: S,Dry,Dark - 0 roadway lighting,Clear,0,0,84,56,FALSE,41.90261276,-71.35590972
16908,8/25/2017,August,Friday,7:52,1,2,0,0,"Sideswipe, same direction",V1: Turning left / V2: Overtaking/passing,V1: E  / V2: E,Dry,Daylight,Clear,0,0,84,56,FALSE,41.91150222,-71.30398721
16909,8/25/2017,August,Friday,11:35,2,2,1,0,Angle,V1: Travelling straight ahead / V2: Travelling straight ahead,V1: W  / V2: N,Dry,Daylight,Clear,0,0,84,56,FALSE,41.94245198,-71.28698244
16910,8/25/2017,August,Friday,17:35,1,2,0,0,Rear-end,V1: Travelling straight ahead / V2: Slowing or stopped in traffic,V1: N  / V2: N,Dry,Daylight,Clear,0,0,84,56,FALSE,34.24438675,-73.6513909
16911,8/26/2017,August,Saturday,16:37,2,1,1,0,Single vehicle crash,V1: Travelling straight ahead,V1: E,Dry,Daylight,Clear,0,0,79,49,FALSE,41.9693528,-71.29423459
16912,8/26/2017,August,Saturday,23:07,1,2,0,0,Rear-end,V1: Turning right / V2: Travelling straight ahead,V1: E  / V2: E,Dry,Dark - lighted roadway,Cloudy,0,0,79,49,FALSE,41.93414522,-71.30494865
16913,8/27/2017,August,Sunday,12:40,1,2,0,0,Rear-end,V1: Slowing or stopped in traffic / V2: Slowing or stopped in traffic,V1: N  / V2: N,Dry,Daylight,Clear,0,0,78,50,FALSE,41.90217475,-71.35579772
16914,8/27/2017,August,Sunday,17:01,1,2,0,0,Angle,V1: Changing lanes / V2: Travelling straight ahead,V1: N  / V2: N,Dry,Daylight,Clear,0,0,78,50,FALSE,41.89947708,-71.35515679
16915,8/27/2017,August,Sunday,19:10,1,1,0,0,Single vehicle crash,V1: Travelling straight ahead,V1: N,Dry,Daylight,Clear,0,0,78,50,FALSE,41.94963698,-71.2982273
16916,8/27/2017,August,Sunday,22:22,1,2,0,0,Rear-end,V1: Slowing or stopped in traffic / V2: Travelling straight ahead,V1: E  / V2: E,Dry,Dark - roadway not lighted,Clear,0,0,78,50,FALSE,41.93400377,-71.31615871
16917,8/28/2017,August,Monday,9:58,2,2,1,0,Rear-end,V1: Travelling straight ahead / V2: Slowing or stopped in traffic,V1: W  / V2: W,Dry,Daylight,Clear,0,0,79,50,FALSE,41.9127466,-71.31231941
16918,8/28/2017,August,Monday,12:22,1,2,0,0,Angle,V1: Travelling straight ahead / V2: Turning left,V1: S  / V2: N,Dry,Daylight,Clear,0,0,79,50,FALSE,41.93846875,-71.28469502
16919,8/28/2017,August,Monday,14:20,2,1,1,0,Single vehicle crash,V1: Turning left,V1: N,Dry,Daylight,Clear,0,0,79,50,FALSE,41.94590068,-71.286322
16920,8/28/2017,August,Monday,15:53,1,2,0,0,Rear-end,V1: Travelling straight ahead / V2: Slowing or stopped in traffic,V1: S  / V2: S,Dry,Daylight,Clear,0,0,79,50,FALSE,41.96021054,-71.28783809
16921,8/28/2017,August,Monday,17:29,1,2,0,0,Rear-end,V1: Travelling straight ahead / V2: Slowing or stopped in traffic,V1: W  / V2: W,Dry,Daylight,Clear,0,0,79,50,FALSE,41.95026372,-71.2985466
16922,8/28/2017,August,Monday,19:20,1,2,0,0,Angle,V1: Turning left / V2: Travelling straight ahead,V1: E  / V2: N,Dry,Dusk,Clear,0,0,79,50,FALSE,41.90086769,-71.36799095
16923,8/29/2017,August,Tuesday,11:00,1,2,0,0,Rear-end,V1: Travelling straight ahead / V2: Travelling straight ahead,V1: N  / V2: N,Dry,Daylight,Clear,0,0,77,52,FALSE,41.95841886,-71.30179465
16924,8/29/2017,August,Tuesday,17:02,1,2,0,0,Rear-end,V1: Travelling straight ahead / V2: Turning right,V1: E  / V2: S,Dry,Daylight,Clear,0,0,77,52,FALSE,41.94234902,-71.27293245
16925,8/30/2017,August,Wednesday,2:13,1,1,0,0,Single vehicle crash,V1: Backing,V1: S,Wet,Dark - lighted roadway,Cloudy,0.25,0,69,56,FALSE,41.90217475,-71.35579772
16926,8/30/2017,August,Wednesday,12:53,1,2,0,0,Angle,V1: Turning left / V2: Travelling straight ahead,V1: W  / V2: N,Dry,Daylight,Clear,0.25,0,69,56,FALSE,41.95484304,-71.28856385
16927,8/31/2017,August,Thursday,7:03,1,2,0,0,Rear-to-rear,V1: Backing / V2: Backing,V1: W  / V2: W,Dry,Daylight,Clear,0.03,0,75,53,FALSE,41.94679169,-71.28752928
16928,8/31/2017,August,Thursday,16:31,1,2,0,0,Angle,V1: Turning left / V2: Travelling straight ahead,V1: N  / V2: S,Dry,Daylight,Clear,0.03,0,75,53,FALSE,41.90086769,-71.36799095
16929,8/31/2017,August,Thursday,16:43,1,2,0,0,Angle,V1: Turning left / V2: Travelling straight ahead,V1: E  / V2: N,Dry,Daylight,Clear,0.03,0,75,53,FALSE,41.89541252,-71.37076533
16930,9/1/2017,September,Friday,8:25,1,2,0,0,Rear-end,V1: Slowing or stopped in traffic / V2: Slowing or stopped in traffic,V1: W  / V2: W,Dry,Daylight,Clear,0,0,81,51,FALSE,41.92626385,-71.34598617
16931,9/1/2017,September,Friday,10:22,2,1,1,0,Single vehicle crash,V1: Travelling straight ahead,V1: N,Dry,Daylight,Clear,0,0,81,51,FALSE,41.92339958,-71.31938677
16932,9/1/2017,September,Friday,10:29,1,2,0,0,Rear-end,V1: Slowing or stopped in traffic / V2: Entering traffic lane,V1: E  / V2: E,Dry,Daylight,Clear,0,0,81,51,FALSE,41.93398416,-71.31904724
16933,9/1/2017,September,Friday,12:14,1,2,0,0,Angle,V1: Travelling straight ahead / V2: Backing,V1: N  / V2: U,Dry,Daylight,Clear,0,0,81,51,FALSE,41.9340896,-71.29983557
16934,9/1/2017,September,Friday,16:51,2,2,1,0,Angle,V1: Turning left / V2: Travelling straight ahead,V1: E  / V2: W,Dry,Daylight,Clear,0,0,81,51,FALSE,41.95076301,-71.27397064
16935,9/1/2017,September,Friday,21:08,1,1,0,0,Single vehicle crash,V1: Turning right,V1: N,Dry,Dark - lighted roadway,Clear,0,0,81,51,FALSE,41.93996428,-71.28027386
16936,9/2/2017,September,Saturday,6:45,2,1,1,0,Single vehicle crash,V1: Travelling straight ahead,V1: N,Dry,Daylight,Clear,0,0,71,42,FALSE,41.96941345,-71.29547608
16937,9/2/2017,September,Saturday,13:02,2,3,1,0,Rear-end,V1: Travelling straight ahead / V2: Travelling straight ahead / V3: Slowing or stopped in traffic,V1: S  / V2: S  / V3: S,Dry,Daylight,Clear,0,0,71,42,FALSE,41.92822115,-71.3542845
16938,9/2/2017,September,Saturday,15:53,1,2,0,0,"Sideswipe, same direction",V1: Travelling straight ahead / V2: Entering traffic lane,V1: N  / V2: N,Dry,Daylight,Clear,0,0,71,42,FALSE,41.94757224,-71.28816226
16939,9/4/2017,September,Monday,15:36,1,2,0,0,Angle,V1: Travelling straight ahead / V2: Travelling straight ahead,V1: N  / V2: W,Dry,Daylight,Clear,0.12,0,67,53,FALSE,41.95287787,-71.26899686
16940,9/5/2017,September,Tuesday,7:04,2,2,2,0,Rear-end,V1: Travelling straight ahead / V2: Slowing or stopped in traffic,V1: N  / V2: N,Dry,Daylight,Cloudy,0,0,82,56,FALSE,41.93656489,-71.31699184
16941,9/5/2017,September,Tuesday,14:44,1,2,0,0,Angle,V1: Slowing or stopped in traffic / V2: Turning left,V1: N  / V2: W,Dry,Daylight,Clear,0,0,82,56,FALSE,41.9515834,-71.29702782
16942,9/6/2017,September,Wednesday,10:55,1,1,0,0,Single vehicle crash,V1: Travelling straight ahead,V1: N,Wet,Daylight,Rain,0,0,82,56,FALSE,41.89419424,-71.37607346
16943,9/6/2017,September,Wednesday,16:29,1,2,0,0,Rear-end,V1: Slowing or stopped in traffic / V2: Slowing or stopped in traffic,V1: S  / V2: S,Dry,Daylight,Clear,0,0,82,56,FALSE,41.97015292,-71.29135147
16944,9/6/2017,September,Wednesday,22:55,1,1,0,0,Single vehicle crash,V1: Travelling straight ahead,V1: N,Wet,Dark - roadway not lighted,Rain,0,0,82,56,FALSE,41.95375795,-71.30442218
16945,9/7/2017,September,Thursday,15:01,2,2,1,0,Rear-end,V1: Travelling straight ahead / V2: Slowing or stopped in traffic,V1: S  / V2: S,Dry,Daylight,Clear,0.9,0,76,60,FALSE,41.91035947,-71.36314658
16946,9/7/2017,September,Thursday,15:50,2,3,1,0,Rear-end,V1: Slowing or stopped in traffic / V2: Slowing or stopped in traffic / V3: Travelling straight ahead,V1: N  / V2: N  / V3: N,Dry,Daylight,Clear,0.9,0,76,60,FALSE,41.95523711,-71.30328862
16947,9/7/2017,September,Thursday,15:52,1,1,0,0,0,V1: Parked,V1: 0,Dry,Daylight,Clear,0.9,0,76,60,FALSE,41.94391945,-71.28157454
16948,9/7/2017,September,Thursday,22:37,2,3,1,0,Rear-end,V1: Travelling straight ahead / V2: Slowing or stopped in traffic / V3: Slowing or stopped in traffic,V1: E  / V2: E  / V3: E,Dry,Dark - lighted roadway,Clear,0.9,0,76,60,FALSE,41.96939377,-71.29355357
16949,9/8/2017,September,Friday,14:51,2,2,1,0,Rear-end,V1: Travelling straight ahead / V2: Slowing or stopped in traffic,V1: W  / V2: W,Dry,Daylight,Clear,0,0,77,51,FALSE,41.95329742,-71.26753711
16950,9/8/2017,September,Friday,20:56,1,2,0,0,Rear-end,V1: Slowing or stopped in traffic / V2: Travelling straight ahead,V1: W  / V2: W,Dry,Dark - lighted roadway,Clear,0,0,77,51,FALSE,41.93372708,-71.3014085
16951,9/8/2017,September,Friday,22:15,2,2,1,0,Rear-end,V1: Travelling straight ahead / V2: Slowing or stopped in traffic,V1: N  / V2: N,Dry,Dark - lighted roadway,Clear,0,0,77,51,FALSE,41.93398416,-71.31904724
16952,9/9/2017,September,Saturday,11:01,1,2,0,0,"Sideswipe, same direction",V1: Entering traffic lane / V2: Entering traffic lane,V1: N  / V2: N,Dry,Daylight,Clear,0,0,76,49,FALSE,41.92298549,-71.35714757
16953,9/9/2017,September,Saturday,11:04,2,2,3,0,Angle,V1: Turning left / V2: Travelling straight ahead,V1: W  / V2: N,Dry,Daylight,Clear,0,0,76,49,FALSE,41.92781831,-71.35456449
16954,9/9/2017,September,Saturday,15:10,2,4,1,0,Rear-end,V1: Travelling straight ahead / V2: Slowing or stopped in traffic / V3: Slowing or stopped in traffic / V4: Travelling straight ahead,V1: N  / V2: N  / V3: N  / V4: N,Dry,Daylight,Clear,0,0,76,49,FALSE,41.95484304,-71.28856385
16955,9/9/2017,September,Saturday,22:07,2,2,1,0,Angle,V1: Entering traffic lane / V2: Travelling straight ahead,V1: E  / V2: E,Dry,Dark - lighted roadway,Clear,0,0,76,49,FALSE,41.90582226,-71.36546869
16956,9/10/2017,September,Sunday,13:29,1,2,0,0,Angle,V1: Turning right / V2: Turning right,V1: N  / V2: E,Dry,Daylight,Clear,0,0,72,51,FALSE,41.92241545,-71.31336866
16957,9/10/2017,September,Sunday,18:08,1,2,0,0,Rear-end,V1: Slowing or stopped in traffic / V2: Slowing or stopped in traffic,V1: N  / V2: N,Dry,Daylight,Clear,0,0,72,51,FALSE,41.90217475,-71.35579772
16958,9/11/2017,September,Monday,12:38,1,2,0,0,"Sideswipe, same direction",V1: Changing lanes / V2: Travelling straight ahead,V1: S  / V2: S,Dry,Daylight,Clear,0,0,73,48,FALSE,41.92136134,-71.35793396
16959,9/11/2017,September,Monday,14:21,1,2,0,0,Rear-end,V1: Travelling straight ahead / V2: Slowing or stopped in traffic,V1: W  / V2: W,Dry,Daylight,Clear,0,0,73,48,FALSE,41.91711015,-71.37372238
16960,9/12/2017,September,Tuesday,10:25,1,2,0,0,Angle,V1: Entering traffic lane / V2: Travelling straight ahead,V1: S  / V2: E,Dry,Daylight,Clear,0,0,81,48,FALSE,41.93584988,-71.28143838
16961,9/13/2017,September,Wednesday,11:42,1,2,0,0,Angle,V1: Turning left / V2: Travelling straight ahead,V1: S  / V2: N,Dry,Daylight,Clear,0,0,87,51,FALSE,41.90964751,-71.36351027
16962,9/13/2017,September,Wednesday,11:45,1,2,0,0,"Sideswipe, opposite direction",V1: Travelling straight ahead / V2: Turning left,V1: N  / V2: W,Dry,Daylight,Clear,0,0,87,51,FALSE,41.95484304,-71.28856385
16963,9/13/2017,September,Wednesday,11:50,1,2,0,0,Angle,V1: Entering traffic lane / V2: Travelling straight ahead,V1: W  / V2: N,Dry,Daylight,Clear,0,0,87,51,FALSE,41.94757814,-71.27890389
16964,9/13/2017,September,Wednesday,15:10,1,2,0,0,"Sideswipe, same direction",V1: Travelling straight ahead / V2: Changing lanes,V1: S  / V2: S,Dry,Daylight,Clear,0,0,87,51,FALSE,41.90261276,-71.35590972
16965,9/13/2017,September,Wednesday,16:05,1,2,0,0,Rear-end,V1: Travelling straight ahead / V2: Travelling straight ahead,V1: N  / V2: N,Dry,Daylight,Clear,0,0,87,51,FALSE,41.95514928,-71.30432065
16966,9/13/2017,September,Wednesday,17:50,1,2,0,0,Angle,V1: Turning left / V2: Slowing or stopped in traffic,V1: E  / V2: W,Dry,Daylight,Clear,0,0,87,51,FALSE,41.90529604,-71.33573163
16967,9/14/2017,September,Thursday,7:20,1,3,0,0,Rear-end,V1: Slowing or stopped in traffic / V2: Slowing or stopped in traffic / V3: Travelling straight ahead,V1: N  / V2: N  / V3: N,Dry,Daylight,Clear,0,0,85,53,FALSE,41.95514928,-71.30432065
16968,9/14/2017,September,Thursday,11:56,1,2,0,0,Angle,V1: Travelling straight ahead / V2: Turning left,V1: W  / V2: N,Dry,Daylight,Clear,0,0,85,53,FALSE,41.94285197,-71.28642899
16969,9/14/2017,September,Thursday,17:50,1,2,0,0,Rear-end,V1: Slowing or stopped in traffic / V2: Travelling straight ahead,V1: N  / V2: N,Dry,Daylight,Clear,0,0,85,53,FALSE,41.89947708,-71.35515679
16970,9/14/2017,September,Thursday,19:14,1,2,0,0,Rear-end,V1: Slowing or stopped in traffic / V2: Travelling straight ahead,V1: E  / V2: E,Dry,Dark - lighted roadway,Clear,0,0,85,53,FALSE,41.91977948,-71.35862075
16971,9/15/2017,September,Friday,7:38,1,2,0,0,Rear-end,V1: Travelling straight ahead / V2: Slowing or stopped in traffic,V1: S  / V2: S,Dry,Daylight,Cloudy,0.05,0,84,67,FALSE,41.92298549,-71.35714757
16972,9/15/2017,September,Friday,9:05,1,2,0,0,Rear-end,V1: Slowing or stopped in traffic / V2: Changing lanes,V1: N  / V2: N,Dry,Daylight,Cloudy,0.05,0,84,67,FALSE,41.95593405,-71.30346756
16973,9/15/2017,September,Friday,9:55,1,2,0,0,Rear-end,V1: Parked / V2: Backing,V1: S  / V2: N,Dry,Daylight,Cloudy,0.05,0,84,67,FALSE,41.91477536,-71.36090886
16974,9/15/2017,September,Friday,11:38,1,2,0,0,Rear-end,V1: Travelling straight ahead / V2: Slowing or stopped in traffic,V1: N  / V2: N,Dry,Daylight,Clear,0.05,0,84,67,FALSE,41.94002121,-71.28461776
16975,9/15/2017,September,Friday,15:09,1,2,0,0,"Sideswipe, same direction",V1: Changing lanes / V2: Travelling straight ahead,V1: 0 / V2: N,Dry,Daylight,Clear,0.05,0,84,67,FALSE,41.92886018,-71.3230987
16976,9/15/2017,September,Friday,21:52,1,2,0,0,Rear-end,V1: Turning right / V2: Slowing or stopped in traffic,V1: W  / V2: W,Dry,Dark - lighted roadway,Clear,0.05,0,84,67,FALSE,41.9374227,-71.29402673
16977,9/15/2017,September,Friday,23:36,1,1,0,0,Single vehicle crash,V1: Travelling straight ahead,V1: E,Dry,Dark - lighted roadway,Clear,0.05,0,84,67,FALSE,41.90330575,-71.33304145
16978,9/16/2017,September,Saturday,14:22,1,2,0,0,Rear-end,V1: Travelling straight ahead / V2: Slowing or stopped in traffic,V1: S  / V2: S,Dry,Daylight,Clear,0.01,0,85,63,FALSE,41.9079342,-71.35745922
16979,9/16/2017,September,Saturday,16:10,1,2,0,0,Rear-end,V1: Slowing or stopped in traffic / V2: Travelling straight ahead,V1: S  / V2: S,Dry,Daylight,Clear,0.01,0,85,63,FALSE,41.9023727,-71.35766456
16980,9/16/2017,September,Saturday,23:12,1,2,0,0,Head-on,V1: Turning left / V2: Travelling straight ahead,V1: N  / V2: E,Dry,Dark - lighted roadway,Clear,0.01,0,85,63,FALSE,41.94450501,-71.28411703
16981,9/17/2017,September,Sunday,13:37,1,2,0,0,Rear-end,V1: Travelling straight ahead / V2: Travelling straight ahead,V1: S  / V2: S,Dry,Daylight,Clear,0,0,83,63,FALSE,41.92781831,-71.35456449
16982,9/17/2017,September,Sunday,17:13,1,2,0,0,Rear-end,V1: Travelling straight ahead / V2: Travelling straight ahead,V1: S  / V2: S,Dry,Daylight,Clear,0,0,83,63,FALSE,41.91035947,-71.36314658
16983,9/17/2017,September,Sunday,19:32,1,2,0,0,Rear-end,V1: Slowing or stopped in traffic / V2: Travelling straight ahead,V1: S  / V2: S,Dry,Dark - lighted roadway,Clear,0,0,83,63,FALSE,41.92279203,-71.35723949
16984,9/18/2017,September,Monday,14:12,2,2,1,0,Angle,V1: Entering traffic lane / V2: Travelling straight ahead,V1: W  / V2: N,Dry,Daylight,Clear,0,0,83,63,FALSE,41.89733197,-71.36979234
16985,9/18/2017,September,Monday,17:44,1,2,0,0,Angle,V1: Slowing or stopped in traffic / V2: Entering traffic lane,V1: E  / V2: E,Dry,Daylight,Clear,0,0,83,63,FALSE,41.91981411,-71.35860614
16986,9/18/2017,September,Monday,19:17,2,2,2,0,Rear-end,V1: Slowing or stopped in traffic / V2: Travelling straight ahead,V1: N  / V2: N,Dry,Dark - lighted roadway,Clear,0,0,83,63,FALSE,41.9250735,-71.35622629
16987,9/18/2017,September,Monday,23:55,1,1,0,0,Single vehicle crash,V1: Travelling straight ahead,V1: N,Dry,Dark - lighted roadway,Clear,0,0,83,63,FALSE,41.92523799,-71.26012154
16988,9/19/2017,September,Tuesday,6:25,2,2,1,0,Rear-end,V1: Slowing or stopped in traffic / V2: Travelling straight ahead,V1: N  / V2: N,Wet,Daylight,Rain,0,0,70,64,FALSE,41.94935199,-71.30788457
16989,9/19/2017,September,Tuesday,6:30,1,3,0,0,Rear-end,V1: Travelling straight ahead / V2: Travelling straight ahead / V3: Travelling straight ahead,V1: N  / V2: N  / V3: N,Wet,Daylight,Cloudy,0,0,70,64,FALSE,41.95514928,-71.30432065
16990,9/19/2017,September,Tuesday,7:18,1,2,0,0,Rear-end,V1: Slowing or stopped in traffic / V2: Slowing or stopped in traffic,V1: N  / V2: N,Dry,Daylight,Clear,0,0,70,64,FALSE,41.94676337,-71.30962852
16991,9/19/2017,September,Tuesday,9:30,1,3,0,0,Rear-end,V1: Slowing or stopped in traffic / V2: Travelling straight ahead / V3: Slowing or stopped in traffic,V1: N  / V2: N  / V3: N,Dry,Daylight,Clear,0,0,70,64,FALSE,41.95514928,-71.30432065
16992,9/19/2017,September,Tuesday,9:30,1,2,0,0,Angle,V1: Entering traffic lane / V2: Travelling straight ahead,V1: N  / V2: E,Wet,Daylight,Cloudy/Rain,0,0,70,64,FALSE,41.93401501,-71.31496153
16993,9/19/2017,September,Tuesday,15:30,1,2,0,0,Rear-end,V1: Entering traffic lane / V2: Entering traffic lane,V1: S  / V2: S,Wet,Daylight,Cloudy/Rain,0,0,70,64,FALSE,41.97015292,-71.29135147
16994,9/20/2017,September,Wednesday,14:53,1,1,0,0,Single vehicle crash,V1: Travelling straight ahead,V1: S,Wet,Daylight,Rain,0.91,0,66,63,FALSE,41.90685781,-71.37188206
16995,9/20/2017,September,Wednesday,15:49,1,2,0,0,Angle,V1: Travelling straight ahead / V2: Turning right,V1: N  / V2: W,Wet,Daylight,Cloudy/Rain,0.91,0,66,63,FALSE,41.95484304,-71.28856385
16996,9/20/2017,September,Wednesday,17:51,1,2,0,0,Angle,V1: Turning left / V2: Travelling straight ahead,V1: W  / V2: W,Wet,Dusk,Rain,0.91,0,66,63,FALSE,41.90533671,-71.36668786
16997,9/20/2017,September,Wednesday,21:41,1,2,0,0,Rear-end,V1: Travelling straight ahead / V2: Slowing or stopped in traffic,V1: S  / V2: S,Wet,Daylight,Rain,0.91,0,66,63,FALSE,41.91360773,-71.36150084