ID,DATE,Month,Day of week,Crash Time,Crash Severity,Number of Vehicles,Total Nonfatal Injuries,Total Fatal Injuries,Manner of Collision,Vehicle Action Prior to Crash,Vehicle Travel Directions,Road Surface Condition,Ambient Light,Weather Condition,PRCP,SNOW,TMAX,TMIN,Ice,Longtitute,Latitute
16998,9/21/2017,September,Thursday,17:14,1,2,0,0,Angle,V1: Entering traffic lane / V2: Travelling straight ahead,V1: N  / V2: E,Dry,Daylight,Clear,0.15,0,71,64,FALSE,41.91981411,-71.35860614
16999,9/21/2017,September,Thursday,18:43,1,2,0,0,Angle,V1: Making U-turn / V2: Travelling straight ahead,V1: N  / V2: W,Dry,Daylight,Clear,0.15,0,71,64,FALSE,41.93406554,-71.30574057
17000,9/22/2017,September,Friday,12:55,1,2,0,0,Angle,V1: Turning right / V2: Travelling straight ahead,V1: W  / V2: W,Wet,Daylight,Rain,0.1,0,71,57,FALSE,41.9374227,-71.29402673
17001,9/22/2017,September,Friday,14:40,1,2,0,0,Rear-end,V1: Travelling straight ahead / V2: Travelling straight ahead,V1: N  / V2: N,Dry,Daylight,Clear,0.1,0,71,57,FALSE,41.95966274,-71.28777722
17002,9/22/2017,September,Friday,17:43,1,2,0,0,Rear-end,V1: Slowing or stopped in traffic / V2: Slowing or stopped in traffic,V1: S  / V2: S,Wet,Daylight,Cloudy/Rain,0.1,0,71,57,FALSE,41.91200775,-71.25878583
17003,9/23/2017,September,Saturday,6:47,1,1,0,0,Single vehicle crash,V1: Travelling straight ahead,V1: N,Wet,0,Cloudy,0.69,0,61,56,FALSE,41.9793095,-71.27915186
17004,9/23/2017,September,Saturday,14:03,1,2,0,0,"Sideswipe, same direction",V1: Backing / V2: Travelling straight ahead,V1: N  / V2: N,Dry,Daylight,Clear,0.69,0,61,56,FALSE,41.89668897,-71.37011877
17005,9/23/2017,September,Saturday,23:35,1,2,0,0,"Sideswipe, same direction",V1: Travelling straight ahead / V2: Overtaking/passing,V1: N  / V2: N,Dry,Dark - roadway not lighted,Clear,0.69,0,61,56,FALSE,34.24438675,-73.6513909
17006,9/24/2017,September,Sunday,11:31,1,1,0,0,Single vehicle crash,V1: Travelling straight ahead,V1: W,Dry,Daylight,Clear,0,0,79,56,FALSE,41.93524005,-71.27513601
17007,9/24/2017,September,Sunday,12:38,2,2,1,0,Angle,V1: Entering traffic lane / V2: Travelling straight ahead,V1: N  / V2: E,Dry,Daylight,Clear,0,0,79,56,FALSE,41.93400377,-71.31615871
17008,9/25/2017,September,Monday,10:54,1,2,0,0,Angle,V1: Entering traffic lane / V2: Travelling straight ahead,V1: N  / V2: N,Dry,Daylight,Clear,0,0,89,57,FALSE,41.90564025,-71.35665923
17009,9/25/2017,September,Monday,16:10,2,2,1,0,Rear-end,V1: Travelling straight ahead / V2: Slowing or stopped in traffic,V1: W  / V2: W,Dry,Daylight,Clear,0,0,89,57,FALSE,41.92734628,-71.34208364
17010,9/26/2017,September,Tuesday,13:44,1,1,0,0,Single vehicle crash,V1: Turning left,V1: W,Dry,Daylight,Clear,0,0,86,61,FALSE,41.9385366,-71.29246177
17011,9/26/2017,September,Tuesday,18:19,1,2,0,0,Angle,V1: Turning left / V2: Travelling straight ahead,V1: N  / V2: W,Dry,Daylight,Clear,0,0,86,61,FALSE,41.93404812,-71.31577712
17012,9/26/2017,September,Tuesday,18:55,1,2,0,0,Angle,V1: Overtaking/passing / V2: Turning left,V1: N  / V2: W,Dry,Dark - lighted roadway,Clear,0,0,86,61,FALSE,41.91649569,-71.30362942
17013,9/26/2017,September,Tuesday,22:45,1,2,0,0,"Sideswipe, same direction",V1: Travelling straight ahead / V2: Travelling straight ahead,V1: S  / V2: S,Dry,Dark - roadway not lighted,Clear,0,0,86,61,FALSE,41.90201413,-71.35792686
17014,9/27/2017,September,Wednesday,12:21,1,2,0,0,Angle,V1: Entering traffic lane / V2: Turning left,V1: W  / V2: S,Dry,Daylight,Clear,0,0,86,63,FALSE,41.90081079,-71.36802017
17015,9/27/2017,September,Wednesday,12:55,1,2,0,0,Rear-end,V1: Travelling straight ahead / V2: Travelling straight ahead,V1: E  / V2: E,Dry,Daylight,Clear,0,0,86,63,FALSE,41.9486259,-71.27756695
17016,9/27/2017,September,Wednesday,17:10,1,2,0,0,Rear-end,V1: Travelling straight ahead / V2: Travelling straight ahead,V1: N  / V2: N,Dry,Daylight,Clear,0,0,86,63,FALSE,41.95387565,-71.31477118
17017,9/28/2017,September,Thursday,7:45,1,2,0,0,Angle,V1: Turning left / V2: Travelling straight ahead,V1: W  / V2: N,Dry,Daylight,Clear,0,0,86,63,FALSE,41.95026372,-71.2985466
17018,9/28/2017,September,Thursday,10:05,1,2,0,0,"Sideswipe, same direction",V1: Changing lanes / V2: Changing lanes,V1: S  / V2: S,Dry,Daylight,Clear,0,0,86,63,FALSE,34.24438675,-73.6513909
17019,9/29/2017,September,Friday,10:58,1,2,0,0,Angle,V1: Entering traffic lane / V2: Travelling straight ahead,V1: E  / V2: S,Dry,Daylight,Clear,0,0,79,46,FALSE,41.90976076,-71.36345171
17020,9/29/2017,September,Friday,14:29,2,2,1,0,Rear-end,V1: Entering traffic lane / V2: Entering traffic lane,V1: N  / V2: N,Dry,Daylight,Clear,0,0,79,46,FALSE,41.90217475,-71.35579772
17021,9/30/2017,September,Saturday,0:39,1,2,0,0,Angle,V1: Travelling straight ahead / V2: Slowing or stopped in traffic,V1: E  / V2: N,Dry,Dark - lighted roadway,Clear,0.04,0,69,46,FALSE,41.93601097,-71.28269451
17022,9/30/2017,September,Saturday,5:05,1,2,0,0,Rear-end,V1: Entering traffic lane / V2: Parked,V1: S  / V2: 0,Wet,Dark - lighted roadway,Rain,0.04,0,69,46,FALSE,41.94303942,-71.277449
17023,9/30/2017,September,Saturday,12:04,1,2,0,0,Rear-end,V1: Travelling straight ahead / V2: Travelling straight ahead,V1: S  / V2: S,Wet,Daylight,Rain,0.04,0,69,46,FALSE,41.9527342,-71.26944921
17024,9/30/2017,September,Saturday,12:05,2,1,1,0,Single vehicle crash,V1: Travelling straight ahead,V1: S,Wet,Daylight,Rain,0.04,0,69,46,FALSE,41.90261276,-71.35590972
17025,10/1/2017,October,Sunday,16:20,1,3,0,0,Rear-end,V1: Travelling straight ahead / V2: Slowing or stopped in traffic / V3: Slowing or stopped in traffic,V1: N  / V2: N  / V3: N,Dry,Daylight,Clear,1.32,0,63,41,FALSE,41.90231844,-71.35595143
17026,10/1/2017,October,Sunday,17:21,1,2,0,0,Angle,V1: Travelling straight ahead / V2: Travelling straight ahead,V1: W  / V2: S,Dry,Daylight,Clear,1.32,0,63,41,FALSE,41.93840858,-71.28352591
17027,10/2/2017,October,Monday,10:48,1,1,0,0,Single vehicle crash,V1: Travelling straight ahead,V1: W,Dry,Daylight,Clear,0,0,68,41,FALSE,41.93409393,-71.31962446
17028,10/2/2017,October,Monday,14:57,1,2,0,0,"Sideswipe, same direction",V1: Turning left / V2: Parked,V1: W  / V2: W,Dry,Daylight,Clear,0,0,68,41,FALSE,41.90564025,-71.35665923
17029,10/2/2017,October,Monday,17:05,1,2,0,0,Angle,V1: Turning left / V2: Travelling straight ahead,V1: E  / V2: N,Dry,Daylight,Clear,0,0,68,41,FALSE,41.90529604,-71.33573163
17030,10/2/2017,October,Monday,17:27,2,2,1,0,Rear-end,V1: Slowing or stopped in traffic / V2: Slowing or stopped in traffic,V1: E  / V2: E,Dry,Daylight,Clear,0,0,68,41,FALSE,41.93397761,-71.31903245
17031,10/2/2017,October,Monday,17:50,1,1,0,0,Single vehicle crash,V1: Travelling straight ahead,V1: W,Dry,Daylight,Clear,0,0,68,41,FALSE,41.944725,-71.28238421
17032,10/3/2017,October,Tuesday,11:02,1,1,0,0,Single vehicle crash,V1: Travelling straight ahead,V1: W,Dry,Daylight,Clear,0,0,70,42,FALSE,41.95413973,-71.25628021
17033,10/3/2017,October,Tuesday,11:35,1,2,0,0,Angle,V1: Travelling straight ahead / V2: Travelling straight ahead,V1: W  / V2: N,Dry,Daylight,Clear,0,0,70,42,FALSE,41.95183367,-71.28984897
17034,10/3/2017,October,Tuesday,15:18,1,2,0,0,"Sideswipe, same direction",V1: Travelling straight ahead / V2: Travelling straight ahead,V1: N  / V2: N,Dry,Daylight,Clear,0,0,70,42,FALSE,41.94531585,-71.2852959
17035,10/3/2017,October,Tuesday,16:39,1,2,0,0,Rear-end,V1: Travelling straight ahead / V2: Changing lanes,V1: S  / V2: S,Dry,Daylight,Clear,0,0,70,42,FALSE,41.89861001,-71.36943215
17036,10/4/2017,October,Wednesday,20:54,1,1,0,0,Single vehicle crash,V1: Backing,V1: N,Dry,Dark - lighted roadway,Clear,0,0,70,43,FALSE,41.92224369,-71.2271086
17037,10/5/2017,October,Thursday,6:23,2,1,1,0,Angle,V1: Slowing or stopped in traffic,V1: E,Dry,Dark - lighted roadway,Clear,0,0,75,40,FALSE,41.90538488,-71.36569048
17038,10/5/2017,October,Thursday,6:39,1,2,0,0,Head-on,V1: Travelling straight ahead / V2: Parked,V1: W  / V2: E,Dry,Dawn,Cloudy,0,0,75,40,FALSE,41.92971579,-71.28472479
17039,10/5/2017,October,Thursday,8:36,1,3,0,0,Rear-end,V1: Travelling straight ahead / V2: Travelling straight ahead / V3: Travelling straight ahead,V1: S  / V2: S  / V3: S,Dry,Daylight,Clear,0,0,75,40,FALSE,41.9602118,-71.28782033
17040,10/5/2017,October,Thursday,10:16,2,2,1,0,Rear-end,V1: Slowing or stopped in traffic / V2: Travelling straight ahead,V1: N  / V2: N,Dry,Daylight,Clear,0,0,75,40,FALSE,41.95593405,-71.30346756
17041,10/5/2017,October,Thursday,12:31,1,2,0,0,Rear-end,V1: Entering traffic lane / V2: Slowing or stopped in traffic,V1: N  / V2: N,Dry,Daylight,Clear,0,0,75,40,FALSE,41.90217475,-71.35579772
17042,10/5/2017,October,Thursday,13:45,2,2,1,0,Rear-end,V1: Slowing or stopped in traffic / V2: Travelling straight ahead,V1: N  / V2: N,Dry,Daylight,Clear,0,0,75,40,FALSE,34.24438675,-73.6513909
17043,10/6/2017,October,Friday,7:41,1,2,0,0,Angle,V1: Slowing or stopped in traffic / V2: Turning left,V1: S  / V2: N,Dry,Daylight,Clear,0,0,83,55,FALSE,41.89877036,-71.35512121
17044,10/6/2017,October,Friday,17:01,1,1,0,0,Single vehicle crash,V1: Turning right,V1: E,Dry,Daylight,Clear,0,0,83,55,FALSE,41.93400167,-71.31333075
17045,10/6/2017,October,Friday,17:45,1,1,0,0,Single vehicle crash,V1: Turning left,V1: E,Dry,Daylight,Clear,0,0,83,55,FALSE,41.89804027,-71.37674712
17046,10/6/2017,October,Friday,22:46,1,2,0,0,Rear-end,V1: Slowing or stopped in traffic / V2: Travelling straight ahead,V1: S  / V2: S,Dry,Dark - lighted roadway,Clear,0,0,83,55,FALSE,41.9250735,-71.35622629
17047,10/7/2017,October,Saturday,0:37,1,1,0,0,Single vehicle crash,V1: Travelling straight ahead,V1: N,Dry,Dark - lighted roadway,Clear,0,0,78,54,FALSE,41.9512159,-71.27620673
17048,10/7/2017,October,Saturday,1:06,2,1,1,0,Angle,V1: Travelling straight ahead,V1: W,Dry,Dark - lighted roadway,Clear,0,0,78,54,FALSE,41.90919367,-71.28879543
17049,10/7/2017,October,Saturday,9:54,1,1,0,0,Single vehicle crash,V1: Turning right,V1: S,"Sand, mud, dirt, oil, gravel",Daylight,Cloudy,0,0,78,54,FALSE,41.94656018,-71.29243231
17050,10/7/2017,October,Saturday,10:30,1,2,0,0,Rear-end,V1: Travelling straight ahead / V2: Slowing or stopped in traffic,V1: N  / V2: N,Dry,Daylight,Clear,0,0,78,54,FALSE,41.96206395,-71.28805376
17051,10/7/2017,October,Saturday,13:11,1,2,0,0,Angle,V1: Turning left / V2: Travelling straight ahead,V1: E  / V2: S,Dry,Daylight,Clear,0,0,78,54,FALSE,41.95180679,-71.2898592
17052,10/9/2017,October,Monday,18:39,2,2,1,0,Angle,V1: Travelling straight ahead / V2: Travelling straight ahead,V1: S  / V2: N,Wet,Dark - lighted roadway,Rain,0.21,0,72,68,FALSE,41.9158676,-71.2830837
17053,10/9/2017,October,Monday,21:56,2,1,1,0,Single vehicle crash,V1: Travelling straight ahead,V1: E,Wet,Dark - lighted roadway,Rain,0.21,0,72,68,FALSE,41.9201672,-71.24335952
17054,10/10/2017,October,Tuesday,8:41,2,1,1,0,Single vehicle crash,V1: Turning right,V1: E,Dry,Daylight,Clear,0.14,0,72,66,FALSE,41.93623387,-71.28481203
17055,10/10/2017,October,Tuesday,12:32,1,2,0,0,"Sideswipe, same direction",V1: Slowing or stopped in traffic / V2: Travelling straight ahead,V1: N  / V2: N,Dry,Daylight,Clear,0.14,0,72,66,FALSE,41.95194108,-71.30613986
17056,10/10/2017,October,Tuesday,23:01,2,1,1,0,Single vehicle crash,V1: Leaving traffic lane,V1: S,Dry,Dark - lighted roadway,Clear,0.14,0,72,66,FALSE,41.93307344,-71.29804535
17057,10/11/2017,October,Wednesday,7:48,1,2,0,0,Angle,V1: Travelling straight ahead / V2: Travelling straight ahead,V1: W  / V2: N,Dry,Daylight,Cloudy,0,0,78,54,FALSE,41.94330896,-71.27265641
17058,10/11/2017,October,Wednesday,17:51,1,2,0,0,Rear-end,V1: Travelling straight ahead / V2: Slowing or stopped in traffic,V1: E  / V2: E,Dry,Dark - lighted roadway,Clear,0,0,78,54,FALSE,41.92334495,-71.25927259
17059,10/11/2017,October,Wednesday,18:59,1,2,0,0,Angle,V1: Turning left / V2: Travelling straight ahead,V1: S  / V2: W,Dry,Dark - lighted roadway,Clear,0,0,78,54,FALSE,41.93406554,-71.30574057
17060,10/12/2017,October,Thursday,6:22,1,1,0,0,Single vehicle crash,V1: Travelling straight ahead,V1: E,Dry,Dawn,Clear,0,0,72,54,FALSE,41.92521765,-71.28783389
17061,10/12/2017,October,Thursday,9:00,1,2,0,0,Rear-end,V1: Slowing or stopped in traffic / V2: Travelling straight ahead,V1: N  / V2: N,Dry,Daylight,Clear,0,0,72,54,FALSE,41.95518324,-71.30396989
17062,10/12/2017,October,Thursday,16:46,1,2,0,0,"Sideswipe, same direction",V1: Turning right / V2: Turning left,V1: S  / V2: S,Dry,Daylight,Clear,0,0,72,54,FALSE,41.92014284,-71.35719783
17063,10/13/2017,October,Friday,8:13,1,2,0,0,Rear-end,V1: Travelling straight ahead / V2: Slowing or stopped in traffic,V1: N  / V2: N,Dry,Daylight,Clear,0,0,60,38,FALSE,41.95401985,-71.28889809
17064,10/14/2017,October,Saturday,2:15,2,1,1,0,Angle,V1: Travelling straight ahead,V1: W,Dry,Dark - lighted roadway,Clear,0,0,66,39,FALSE,41.92571375,-71.34153106
17065,10/14/2017,October,Saturday,8:58,1,2,0,0,Angle,V1: Slowing or stopped in traffic / V2: Turning left,V1: E  / V2: N,Dry,Daylight,Cloudy,0,0,66,39,FALSE,41.92521765,-71.28783389
17066,10/14/2017,October,Saturday,12:16,1,2,0,0,Rear-end,V1: Travelling straight ahead / V2: Travelling straight ahead,V1: N  / V2: N,Wet,Daylight,Rain,0,0,66,39,FALSE,41.90217475,-71.35579772
17067,10/15/2017,October,Sunday,3:30,1,1,0,0,Single vehicle crash,V1: Travelling straight ahead,V1: N,Dry,Dark - roadway not lighted,Clear,0.06,0,66,54,FALSE,41.89585909,-71.3744852
17068,10/16/2017,October,Monday,9:12,1,2,0,0,Rear-end,V1: Travelling straight ahead / V2: Slowing or stopped in traffic,V1: S  / V2: S,Dry,Daylight,Cloudy,0.02,0,72,61,FALSE,41.91138357,-71.32740392
17069,10/16/2017,October,Monday,10:35,2,2,1,0,Rear-end,V1: Travelling straight ahead / V2: Travelling straight ahead,V1: N  / V2: N,Dry,Daylight,Clear,0.02,0,72,61,FALSE,41.95453245,-71.30440373
17070,10/16/2017,October,Monday,20:33,1,3,0,0,Rear-end,V1: Changing lanes / V2: Slowing or stopped in traffic / V3: Slowing or stopped in traffic,V1: S  / V2: S  / V3: S,Dry,Dark - roadway not lighted,Clear,0.02,0,72,61,FALSE,41.9250735,-71.35622629
17071,10/16/2017,October,Monday,22:57,1,2,0,0,Angle,V1: Travelling straight ahead / V2: Travelling straight ahead,V1: S  / V2: W,Dry,Dark - lighted roadway,Clear,0.02,0,72,61,FALSE,41.95428602,-71.28497548
17072,10/17/2017,October,Tuesday,3:05,1,2,0,0,Rear-end,V1: Travelling straight ahead / V2: Travelling straight ahead,V1: N  / V2: N,Dry,Dark - roadway not lighted,Cloudy,0,0,62,36,FALSE,41.92886018,-71.3230987
17073,10/17/2017,October,Tuesday,10:03,1,2,0,0,Angle,V1: Backing / V2: Parked,V1: S  / V2: S,Dry,Daylight,Clear,0,0,62,36,FALSE,41.94604197,-71.28656899
17074,10/18/2017,October,Wednesday,10:06,1,2,0,0,"Sideswipe, same direction",V1: Backing / V2: Parked,V1: U  / V2: 0,Dry,Daylight,Clear,0,0,59,36,FALSE,41.97836904,-71.27803125
17075,10/18/2017,October,Wednesday,10:24,2,4,3,0,Rear-end,V1: Slowing or stopped in traffic / V2: Slowing or stopped in traffic / V3: Travelling straight ahead / V4: Travelling straight ahead,V1: N  / V2: N  / V3: N  / V4: N,Dry,Daylight,Clear,0,0,59,36,FALSE,41.95514928,-71.30432065
17076,10/18/2017,October,Wednesday,11:00,1,2,0,0,Rear-end,V1: Changing lanes / V2: Slowing or stopped in traffic,V1: N  / V2: N,Dry,Daylight,Clear,0,0,59,36,FALSE,41.95593405,-71.30346756
17077,10/18/2017,October,Wednesday,11:09,2,3,1,0,Rear-end,V1: Travelling straight ahead / V2: Slowing or stopped in traffic / V3: Slowing or stopped in traffic,V1: N  / V2: S  / V3: N,Dry,Daylight,Clear,0,0,59,36,FALSE,41.92908297,-71.32292227
17078,10/18/2017,October,Wednesday,14:10,1,1,0,0,Single vehicle crash,V1: Changing lanes,V1: N,Dry,Daylight,Clear,0,0,59,36,FALSE,41.96941345,-71.29547608
17079,10/18/2017,October,Wednesday,14:40,1,2,0,0,Rear-end,V1: Slowing or stopped in traffic / V2: Travelling straight ahead,V1: S  / V2: S,Dry,Daylight,Clear,0,0,59,36,FALSE,41.94872235,-71.28913727
17080,10/18/2017,October,Wednesday,20:30,1,2,0,0,"Sideswipe, same direction",V1: Travelling straight ahead / V2: Travelling straight ahead,V1: S  / V2: S,Dry,Dark - roadway not lighted,Clear,0,0,59,36,FALSE,41.96019116,-71.30118086
17081,10/19/2017,October,Thursday,7:52,1,2,0,0,Rear-end,V1: Backing / V2: Slowing or stopped in traffic,V1: W  / V2: W,Dry,Daylight,Clear,0,0,74,42,FALSE,41.8995102,-71.35762445
17082,10/19/2017,October,Thursday,10:51,1,1,0,0,Single vehicle crash,V1: Backing,V1: E,Dry,Daylight,Clear,0,0,74,42,FALSE,41.95796622,-71.29812784
17083,10/19/2017,October,Thursday,11:44,2,2,1,0,Rear-end,V1: Slowing or stopped in traffic / V2: Travelling straight ahead,V1: S  / V2: S,Dry,Daylight,Clear,0,0,74,42,FALSE,41.89749146,-71.35475207
17084,10/19/2017,October,Thursday,17:42,1,2,0,0,Rear-end,V1: Slowing or stopped in traffic / V2: Turning left,V1: N  / V2: N,Dry,Daylight,Clear,0,0,74,42,FALSE,41.93518136,-71.28488512
17085,10/20/2017,October,Friday,19:17,2,2,1,0,"Sideswipe, opposite direction",V1: Travelling straight ahead / V2: Turning left,V1: N  / V2: E,Dry,Dark - lighted roadway,Clear,0,0,73,44,FALSE,41.9170943,-71.35975551
17086,10/20/2017,October,Friday,19:27,2,2,2,0,Rear-end,V1: Slowing or stopped in traffic / V2: Slowing or stopped in traffic,V1: N  / V2: N,Dry,Dark - lighted roadway,Clear,0,0,73,44,FALSE,41.90217475,-71.35579772
17087,10/21/2017,October,Saturday,7:48,1,2,0,0,Angle,V1: Travelling straight ahead / V2: Travelling straight ahead,V1: E  / V2: S,Dry,Daylight,Clear,0,0,71,41,FALSE,41.93503657,-71.2848971
17088,10/21/2017,October,Saturday,12:16,2,2,1,0,Angle,V1: Turning right / V2: Travelling straight ahead,V1: W  / V2: N,Dry,Daylight,Clear,0,0,71,41,FALSE,41.96415723,-71.30120259
17089,10/21/2017,October,Saturday,18:55,1,2,0,0,Rear-end,V1: Travelling straight ahead / V2: Slowing or stopped in traffic,V1: S  / V2: S,Dry,Dark - roadway not lighted,Clear,0,0,71,41,FALSE,41.92927403,-71.32377045
17090,10/22/2017,October,Sunday,5:24,2,1,1,0,Single vehicle crash,V1: Travelling straight ahead,V1: E,Dry,Dark - lighted roadway,Clear,0,0,76,40,FALSE,41.92727937,-71.34223652
17091,10/22/2017,October,Sunday,16:15,1,2,0,0,Rear-end,V1: Travelling straight ahead / V2: Slowing or stopped in traffic,V1: S  / V2: S,Dry,Daylight,Clear,0,0,76,40,FALSE,41.93391909,-71.32115817
17092,10/23/2017,October,Monday,15:10,1,2,0,0,Rear-end,V1: Slowing or stopped in traffic / V2: Slowing or stopped in traffic,V1: N  / V2: N,Dry,Daylight,Clear,0,0,78,45,FALSE,41.9552132,-71.30931451
17093,10/23/2017,October,Monday,15:22,1,2,0,0,Rear-end,V1: Travelling straight ahead / V2: Travelling straight ahead,V1: S  / V2: S,Dry,Daylight,Clear,0,0,78,45,FALSE,41.92927403,-71.32377045
17094,10/24/2017,October,Tuesday,6:55,1,2,0,0,Rear-end,V1: Slowing or stopped in traffic / V2: Travelling straight ahead,V1: N  / V2: N,Dry,Daylight,Clear,0.08,0,74,53,FALSE,41.96941345,-71.29547608
17095,10/24/2017,October,Tuesday,9:02,1,2,0,0,Angle,V1: Travelling straight ahead / V2: Turning right,V1: W  / V2: N,Wet,Daylight,Clear,0.08,0,74,53,FALSE,41.93742983,-71.26519759
17096,10/24/2017,October,Tuesday,21:20,1,1,0,0,Single vehicle crash,V1: Travelling straight ahead,V1: W,Wet,Dark - lighted roadway,Rain,0.08,0,74,53,FALSE,41.93860766,-71.26115887
17097,10/25/2017,October,Wednesday,1:47,1,1,0,0,Single vehicle crash,V1: Travelling straight ahead,V1: S,Wet,Dark - lighted roadway,Rain,0.53,0,75,65,FALSE,41.9613398,-71.2970787
17098,10/25/2017,October,Wednesday,13:57,2,3,2,0,Rear-end,V1: Travelling straight ahead / V2: Travelling straight ahead / V3: Slowing or stopped in traffic,V1: W  / V2: W  / V3: W,Wet,Daylight,Cloudy/Rain,0.53,0,75,65,FALSE,41.94290043,-71.28636176
17099,10/25/2017,October,Wednesday,18:37,1,2,0,0,Angle,V1: Backing / V2: Travelling straight ahead,V1: E  / V2: N,Wet,Dark - lighted roadway,Rain,0.53,0,75,65,FALSE,41.89832132,-71.35496031
17100,10/25/2017,October,Wednesday,19:47,2,2,1,0,Angle,V1: Travelling straight ahead / V2: Turning right,V1: E  / V2: E,Wet,Dark - lighted roadway,Cloudy/Rain,0.53,0,75,65,FALSE,41.94789127,-71.27852431
17101,10/26/2017,October,Thursday,7:21,1,2,0,0,Angle,V1: Turning left / V2: Travelling straight ahead,V1: E  / V2: S,Wet,Daylight,Rain,1.38,0,67,58,FALSE,41.9348634,-71.29887283
17102,10/26/2017,October,Thursday,10:56,1,2,0,0,Rear-end,V1: Parked / V2: Turning left,V1: E  / V2: E,Wet,Other,Cloudy/Rain,1.38,0,67,58,FALSE,41.94425985,-71.281241
17103,10/26/2017,October,Thursday,16:42,2,1,1,0,Head-on,V1: Travelling straight ahead,V1: N,Wet,Daylight,Rain,1.38,0,67,58,FALSE,41.90992159,-71.38128376
17104,10/26/2017,October,Thursday,20:05,1,2,0,0,Angle,V1: Turning left / V2: Travelling straight ahead,V1: S  / V2: N,Wet,Dark - lighted roadway,Rain,1.38,0,67,58,FALSE,41.93423426,-71.2849601
17105,10/27/2017,October,Friday,14:05,1,3,0,0,Rear-end,V1: Travelling straight ahead / V2: Travelling straight ahead / V3: Travelling straight ahead,V1: N  / V2: N  / V3: N,Dry,Daylight,Clear,0.27,0,63,42,FALSE,41.94906193,-71.34619751
17106,10/27/2017,October,Friday,15:17,1,2,0,0,Rear-end,V1: Travelling straight ahead / V2: Slowing or stopped in traffic,V1: S  / V2: S,Dry,Daylight,Clear,0.27,0,63,42,FALSE,41.93372045,-71.30231869
17107,10/27/2017,October,Friday,19:17,1,2,0,0,Angle,V1: Travelling straight ahead / V2: Travelling straight ahead,V1: S  / V2: W,Dry,Dark - lighted roadway,Clear,0.27,0,63,42,FALSE,41.94757814,-71.27890389
17108,10/27/2017,October,Friday,21:52,2,2,1,0,Head-on,V1: Turning left / V2: Slowing or stopped in traffic,V1: E  / V2: W,Dry,Dark - lighted roadway,Clear,0.27,0,63,42,FALSE,41.9250735,-71.35622629
17109,10/28/2017,October,Saturday,10:17,1,2,0,0,Head-on,V1: Travelling straight ahead / V2: Parked,V1: S  / V2: N,Dry,Daylight,Clear,0,0,62,38,FALSE,41.92639157,-71.35556191
17110,10/28/2017,October,Saturday,11:38,1,2,0,0,Rear-end,V1: Travelling straight ahead / V2: Turning left,V1: S  / V2: S,Dry,Daylight,Clear,0,0,62,38,FALSE,41.92639157,-71.35556191
17111,10/29/2017,October,Sunday,11:26,2,2,1,0,Angle,V1: Turning left / V2: Travelling straight ahead,V1: W  / V2: S,Dry,Daylight,Cloudy,0,0,67,38,FALSE,41.90998013,-71.35802082
17112,10/29/2017,October,Sunday,12:43,2,2,1,0,Rear-end,V1: Travelling straight ahead / V2: Travelling straight ahead,V1: S  / V2: S,Dry,Daylight,Clear,0,0,67,38,FALSE,41.94876511,-71.24732071
17113,10/29/2017,October,Sunday,14:26,1,2,0,0,Angle,V1: Slowing or stopped in traffic / V2: Slowing or stopped in traffic,V1: S  / V2: S,Wet,Daylight,Rain,0,0,67,38,FALSE,41.91723587,-71.37241026
17114,10/30/2017,October,Monday,7:08,1,2,0,0,Angle,V1: Turning left / V2: Travelling straight ahead,V1: N  / V2: W,Wet,Dawn,Rain,3.2,0,65,59,FALSE,41.95026372,-71.2985466
17115,10/31/2017,October,Tuesday,6:55,1,2,0,0,Rear-end,V1: Slowing or stopped in traffic / V2: Travelling straight ahead,V1: N  / V2: N,Dry,Dawn,Clear,0.07,0,62,47,FALSE,41.92927403,-71.32377045
17116,10/31/2017,October,Tuesday,9:40,2,3,2,0,Head-on,V1: Entering traffic lane / V2: Travelling straight ahead / V3: Travelling straight ahead,V1: N  / V2: S  / V3: S,Dry,Daylight,Clear,0.07,0,62,47,FALSE,41.94705951,-71.27957967
17117,10/31/2017,October,Tuesday,11:50,2,2,1,0,"Sideswipe, same direction",V1: Entering traffic lane / V2: Travelling straight ahead,V1: S  / V2: S,Dry,Daylight,Clear,0.07,0,62,47,FALSE,41.9278991,-71.30477382
17118,10/31/2017,October,Tuesday,12:50,0,1,0,0,Single vehicle crash,V1: Travelling straight ahead,V1: N,Dry,Daylight,Clear,0.07,0,62,47,FALSE,41.9558912,-71.30349486
17119,10/31/2017,October,Tuesday,13:54,1,2,0,0,Rear-end,V1: Travelling straight ahead / V2: Slowing or stopped in traffic,V1: E  / V2: E,Dry,Daylight,Clear,0.07,0,62,47,FALSE,41.92387717,-71.35158914
17120,11/1/2017,November,Wednesday,1:03,1,1,0,0,Single vehicle crash,V1: Travelling straight ahead,V1: E,Dry,Dark - lighted roadway,Clear,0,0,60,33,FALSE,41.92110281,-71.25505885