ID,DATE,Month,Day of week,Crash Time,Crash Severity,Number of Vehicles,Total Nonfatal Injuries,Total Fatal Injuries,Manner of Collision,Vehicle Action Prior to Crash,Vehicle Travel Directions,Road Surface Condition,Ambient Light,Weather Condition,PRCP,SNOW,TMAX,TMIN,Ice,Longtitute,Latitute
17121,11/1/2017,November,Wednesday,9:36,1,1,0,0,Single vehicle crash,V1: Travelling straight ahead,V1: W,Dry,Daylight,Clear,0,0,60,33,FALSE,41.94462962,-71.2821762
17122,11/1/2017,November,Wednesday,17:09,1,2,0,0,Angle,V1: Turning left / V2: Travelling straight ahead,V1: S  / V2: S,Dry,Daylight,Clear,0,0,60,33,FALSE,41.91360772,-71.36150084
17123,11/2/2017,November,Thursday,0:58,1,1,0,0,Single vehicle crash,V1: Turning right,V1: N,Dry,Dark - lighted roadway,Clear,0,0,57,33,FALSE,41.93358571,-71.32352844
17124,11/2/2017,November,Thursday,5:59,2,2,1,0,Rear-end,V1: Entering traffic lane / V2: Entering traffic lane,V1: N  / V2: N,Dry,Dark - roadway not lighted,Clear,0,0,57,33,FALSE,41.93448704,-71.31864957
17125,11/2/2017,November,Thursday,9:06,1,2,0,0,"Sideswipe, same direction",V1: Travelling straight ahead / V2: Travelling straight ahead,V1: N  / V2: W,Dry,Daylight,Clear,0,0,57,33,FALSE,41.94161856,-71.27925093
17126,11/2/2017,November,Thursday,20:58,1,1,0,0,Single vehicle crash,V1: Travelling straight ahead,V1: N,Dry,Dark - roadway not lighted,Clear,0,0,57,33,FALSE,41.94655075,-71.27543949
17127,11/3/2017,November,Friday,7:02,1,2,0,0,Rear-end,V1: Travelling straight ahead / V2: Travelling straight ahead,V1: W  / V2: W,Dry,Daylight,Clear,0,0,72,53,FALSE,41.91150222,-71.30398721
17128,11/3/2017,November,Friday,8:57,2,2,1,0,Rear-end,V1: Travelling straight ahead / V2: Travelling straight ahead,V1: E  / V2: E,Dry,Daylight,Clear,0,0,72,53,FALSE,41.95279399,-71.26926096
17129,11/3/2017,November,Friday,14:33,1,2,0,0,Angle,V1: Turning left / V2: Travelling straight ahead,V1: W  / V2: N,Dry,Daylight,Clear,0,0,72,53,FALSE,41.91981411,-71.35860614
17130,11/4/2017,November,Saturday,14:31,1,2,0,0,"Sideswipe, same direction",V1: Slowing or stopped in traffic / V2: Backing,V1: W  / V2: N,Dry,Daylight,Clear,0,0,74,40,FALSE,41.94468022,-71.28325128
17131,11/5/2017,November,Sunday,15:48,2,1,1,0,Single vehicle crash,V1: Travelling straight ahead,V1: W,Wet,Daylight,Cloudy/Rain,0,0,55,40,FALSE,41.91298285,-71.30855106
17132,11/6/2017,November,Monday,19:45,2,1,1,0,Single vehicle crash,V1: Turning right,V1: N,Wet,Dark - roadway not lighted,Rain,0.12,0,64,46,FALSE,41.95593405,-71.30346756
17133,11/7/2017,November,Tuesday,8:47,1,1,0,0,Single vehicle crash,V1: Travelling straight ahead,V1: S,Dry,Daylight,Clear,0.02,0,65,40,FALSE,41.94591875,-71.28363134
17134,11/9/2017,November,Thursday,13:29,1,2,0,0,Angle,V1: Travelling straight ahead / V2: Changing lanes,V1: S  / V2: S,Dry,Daylight,Clear,0,0,45,27,TRUE,41.91193931,-71.35877489
17135,11/9/2017,November,Thursday,15:56,2,1,1,0,Single vehicle crash,V1: Turning right,V1: W,Dry,Daylight,Clear,0,0,45,27,TRUE,41.95076301,-71.27397064
17136,11/9/2017,November,Thursday,16:46,2,2,2,0,Angle,V1: Turning left / V2: Travelling straight ahead,V1: N  / V2: S,Dry,Daylight,Clear,0,0,45,27,TRUE,41.92387717,-71.35158914
17137,11/10/2017,November,Friday,15:36,1,2,0,0,Rear-end,V1: Slowing or stopped in traffic / V2: Backing,V1: N  / V2: N,Dry,Dark - roadway not lighted,Clear,0.04,0,53,28,TRUE,41.90086769,-71.36799095
17138,11/10/2017,November,Friday,16:29,1,2,0,0,Angle,V1: Travelling straight ahead / V2: Parked,V1: N  / V2: 0,Dry,Daylight,Cloudy,0.04,0,53,28,TRUE,41.89863276,-71.35506105
17139,11/11/2017,November,Saturday,7:28,1,1,0,0,Single vehicle crash,V1: Travelling straight ahead,V1: N,Dry,Daylight,Clear,0,0,53,20,TRUE,41.90231844,-71.35595143
17140,11/11/2017,November,Saturday,14:48,2,3,1,0,Rear-end,V1: Travelling straight ahead / V2: Slowing or stopped in traffic / V3: Slowing or stopped in traffic,V1: N  / V2: N  / V3: N,Dry,Daylight,Clear,0,0,53,20,TRUE,41.93095021,-71.35302857
17141,11/12/2017,November,Sunday,7:00,2,1,1,0,Single vehicle crash,V1: Travelling straight ahead,V1: N,Dry,Daylight,Clear,0,0,37,21,TRUE,41.91475795,-71.25773281
17142,11/12/2017,November,Sunday,16:50,2,1,1,0,Single vehicle crash,V1: Travelling straight ahead,V1: S,Dry,Dark - roadway not lighted,Clear,0,0,37,21,TRUE,41.89749146,-71.35475207
17143,11/13/2017,November,Monday,13:16,1,2,0,0,Rear-end,V1: Travelling straight ahead / V2: Travelling straight ahead,V1: S  / V2: S,Wet,Daylight,Cloudy/Rain,0,0,47,24,TRUE,41.95279399,-71.26926096
17144,11/13/2017,November,Monday,16:02,1,2,0,0,"Sideswipe, same direction",V1: Travelling straight ahead / V2: Changing lanes,V1: W  / V2: W,Wet,Dark - lighted roadway,Rain,0,0,47,24,TRUE,41.94955733,-71.27636671
17145,11/13/2017,November,Monday,16:54,1,2,0,0,Rear-end,V1: Slowing or stopped in traffic / V2: Travelling straight ahead,V1: W  / V2: W,Wet,Dark - lighted roadway,Rain,0,0,47,24,TRUE,41.94799617,-71.27838738
17146,11/13/2017,November,Monday,17:03,1,2,0,0,Angle,V1: Turning left / V2: Travelling straight ahead,V1: W  / V2: S,Wet,Dark - lighted roadway,Rain,0,0,47,24,TRUE,41.94701106,-71.2760815
17147,11/13/2017,November,Monday,18:53,1,2,0,0,"Sideswipe, same direction",V1: Turning left / V2: Overtaking/passing,V1: W  / V2: W,Wet,Dark - lighted roadway,Rain,0,0,47,24,TRUE,41.94471748,-71.28289151
17148,11/13/2017,November,Monday,20:01,2,2,1,0,"Sideswipe, same direction",V1: Travelling straight ahead / V2: Entering traffic lane,V1: W  / V2: N,Wet,Dark - lighted roadway,Rain,0,0,47,24,TRUE,41.92240546,-71.28736593
17149,11/14/2017,November,Tuesday,6:38,2,2,1,0,Angle,V1: Turning left / V2: Travelling straight ahead,V1: W  / V2: N,Dry,Daylight,Cloudy,0.3,0,44,35,FALSE,41.94803744,-71.28855696
17150,11/14/2017,November,Tuesday,10:25,2,1,3,0,Single vehicle crash,V1: Travelling straight ahead,V1: S,Dry,Daylight,Clear,0.3,0,44,35,FALSE,41.96019116,-71.30118086
17151,11/14/2017,November,Tuesday,14:49,1,2,0,0,Rear-end,V1: Travelling straight ahead / V2: Slowing or stopped in traffic,V1: N  / V2: N,Dry,Daylight,Clear,0.3,0,44,35,FALSE,41.92390496,-71.35673937
17152,11/14/2017,November,Tuesday,18:39,1,2,0,0,Rear-end,V1: Travelling straight ahead / V2: Slowing or stopped in traffic,V1: N  / V2: N,Dry,Dark - lighted roadway,Clear,0.3,0,44,35,FALSE,41.90086769,-71.36799095
17153,11/16/2017,November,Thursday,7:54,1,2,0,0,Angle,V1: Entering traffic lane / V2: Travelling straight ahead,V1: S  / V2: W,Wet,Daylight,Rain,0,0,47,28,TRUE,41.93400576,-71.31607745
17154,11/16/2017,November,Thursday,9:02,2,3,1,0,Rear-end,V1: Travelling straight ahead / V2: Turning right / V3: Slowing or stopped in traffic,V1: W  / V2: W  / V3: S,Wet,Daylight,Cloudy/Rain,0,0,47,28,TRUE,41.93405012,-71.31579284
17155,11/16/2017,November,Thursday,9:02,1,2,0,0,"Sideswipe, opposite direction",V1: Travelling straight ahead / V2: Travelling straight ahead,V1: S  / V2: S,Dry,Daylight,Clear,0,0,47,28,TRUE,41.95130281,-71.27263126
17156,11/16/2017,November,Thursday,10:26,1,2,0,0,Angle,V1: Turning left / V2: Travelling straight ahead,V1: E  / V2: S,Dry,Daylight,Clear,0,0,47,28,TRUE,41.94757814,-71.27890389
17157,11/16/2017,November,Thursday,14:15,2,2,1,0,Rear-end,V1: Changing lanes / V2: Travelling straight ahead,V1: S  / V2: S,Wet,Daylight,Rain,0,0,47,28,TRUE,41.90998013,-71.35802082
17158,11/16/2017,November,Thursday,16:34,1,2,0,0,Angle,V1: Turning left / V2: Travelling straight ahead,V1: E  / V2: S,Wet,Daylight,Rain,0,0,47,28,TRUE,41.90188427,-71.34186777
17159,11/16/2017,November,Thursday,16:59,1,2,0,0,Rear-end,V1: Travelling straight ahead / V2: Turning left,V1: S  / V2: S,Wet,Dusk,Cloudy,0,0,47,28,TRUE,41.89733197,-71.36979234
17160,11/16/2017,November,Thursday,21:19,1,1,0,0,Single vehicle crash,V1: Travelling straight ahead,V1: S,Dry,Dark - lighted roadway,Clear,0,0,47,28,TRUE,41.93821188,-71.25002331
17161,11/17/2017,November,Friday,4:07,1,1,0,0,Single vehicle crash,V1: Travelling straight ahead,V1: E,Dry,Dark - lighted roadway,Clear,0.28,0,51,38,FALSE,41.94757814,-71.27890389
17162,11/17/2017,November,Friday,9:15,1,1,0,0,Single vehicle crash,V1: Travelling straight ahead,V1: W,Dry,Daylight,Clear,0.28,0,51,38,FALSE,41.91696013,-71.37494452
17163,11/17/2017,November,Friday,16:07,1,2,0,0,"Sideswipe, same direction",V1: Turning right / V2: Travelling straight ahead,V1: S  / V2: S,Dry,Dark - lighted roadway,Clear,0.28,0,51,38,FALSE,41.91277813,-71.30920153
17164,11/17/2017,November,Friday,16:22,1,2,0,0,Angle,V1: Turning left / V2: Travelling straight ahead,V1: E  / V2: N,Dry,Dusk,Clear,0.28,0,51,38,FALSE,41.94140605,-71.28436439
17165,11/17/2017,November,Friday,17:24,1,2,0,0,Angle,V1: Travelling straight ahead / V2: Turning left,V1: E  / V2: W,Dry,Dark - lighted roadway,Clear,0.28,0,51,38,FALSE,41.93358571,-71.32352844
17166,11/18/2017,November,Saturday,3:00,1,1,0,0,Single vehicle crash,V1: Travelling straight ahead,V1: N,Dry,Dark - lighted roadway,Cloudy,0,0,44,24,TRUE,41.90434516,-71.30218003
17167,11/18/2017,November,Saturday,10:47,2,2,1,0,Angle,V1: Travelling straight ahead / V2: Travelling straight ahead,V1: E  / V2: S,Dry,Daylight,Clear,0,0,44,24,TRUE,41.9404815,-71.28139686
17168,11/18/2017,November,Saturday,15:42,2,2,1,0,Rear-end,V1: Travelling straight ahead / V2: Slowing or stopped in traffic,V1: E  / V2: E,Dry,Daylight,Cloudy,0,0,44,24,TRUE,41.93398416,-71.31904724
17169,11/18/2017,November,Saturday,21:44,1,2,0,0,Angle,V1: Parked / V2: Backing,V1: W  / V2: W,Wet,Dark - lighted roadway,Rain,0,0,44,24,TRUE,41.95027561,-71.29009929
17170,11/19/2017,November,Sunday,15:37,2,2,1,0,Rear-end,V1: Travelling straight ahead / V2: Slowing or stopped in traffic,V1: S  / V2: S,Dry,Daylight,Cloudy,0.27,0,60,24,TRUE,41.93423426,-71.2849601
17171,11/19/2017,November,Sunday,20:04,1,1,0,0,Single vehicle crash,V1: Travelling straight ahead,V1: W,Wet,Dark - 0 roadway lighting,Cloudy,0.27,0,60,24,TRUE,41.94977551,-71.24769755
17172,11/20/2017,November,Monday,16:21,1,2,0,0,Angle,V1: Turning left / V2: Travelling straight ahead,V1: E  / V2: S,Dry,Dusk,Clear,0.24,0,59,34,FALSE,41.96712418,-71.29097941
17173,11/21/2017,November,Tuesday,7:38,1,1,0,0,Single vehicle crash,V1: Travelling straight ahead,V1: N,Dry,Daylight,Clear,0,0,42,33,FALSE,41.9115249,-71.25830253
17174,11/21/2017,November,Tuesday,8:07,1,2,0,0,Angle,V1: Travelling straight ahead / V2: Entering traffic lane,V1: S  / V2: U,Dry,Daylight,Clear,0,0,42,33,FALSE,41.9615918,-71.28797635
17175,11/21/2017,November,Tuesday,10:32,2,2,1,0,Angle,V1: Travelling straight ahead / V2: Entering traffic lane,V1: E  / V2: S,Dry,Daylight,Clear,0,0,42,33,FALSE,41.93823112,-71.28076302
17176,11/21/2017,November,Tuesday,11:42,1,2,0,0,Angle,V1: Entering traffic lane / V2: Travelling straight ahead,V1: E  / V2: S,Dry,Daylight,Clear,0,0,42,33,FALSE,41.89903243,-71.355186
17177,11/21/2017,November,Tuesday,12:11,1,2,0,0,Angle,V1: Travelling straight ahead / V2: Turning right,V1: N  / V2: W,Dry,Daylight,Clear,0,0,42,33,FALSE,41.95484304,-71.28856385
17178,11/21/2017,November,Tuesday,15:02,1,2,0,0,"Sideswipe, same direction",V1: Slowing or stopped in traffic / V2: Turning right,V1: N  / V2: E,Dry,Daylight,Clear,0,0,42,33,FALSE,41.9483337,-71.27794679
17179,11/21/2017,November,Tuesday,15:11,1,2,0,0,Head-on,V1: Turning left / V2: Travelling straight ahead,V1: W  / V2: E,Dry,Daylight,Clear,0,0,42,33,FALSE,41.93742983,-71.26519759
17180,11/21/2017,November,Tuesday,16:57,2,2,1,0,Angle,V1: Turning left / V2: Travelling straight ahead,V1: N  / V2: W,Dry,Dark - lighted roadway,Cloudy,0,0,42,33,FALSE,41.92675288,-71.34334435
17181,11/21/2017,November,Tuesday,18:25,1,1,0,0,Single vehicle crash,V1: Travelling straight ahead,V1: N,Dry,Dark - roadway not lighted,Cloudy,0,0,42,33,FALSE,41.93457629,-71.31576269
17182,11/21/2017,November,Tuesday,20:04,1,2,0,0,Rear-to-rear,V1: Parked / V2: Backing,V1: Reported but invalid / V2: S,Dry,Dark - lighted roadway,Clear,0,0,42,33,FALSE,41.91449065,-71.36105328
17183,11/21/2017,November,Tuesday,20:07,1,1,0,0,Single vehicle crash,V1: Travelling straight ahead,V1: W,Dry,Dark - lighted roadway,Clear,0,0,42,33,FALSE,41.92182373,-71.23910657
17184,11/22/2017,November,Wednesday,7:50,1,2,0,0,Angle,V1: Travelling straight ahead / V2: Turning right,V1: S  / V2: E,Wet,Daylight,Rain,0.14,0,58,38,FALSE,41.94744928,-71.29055291
17185,11/22/2017,November,Wednesday,12:37,1,2,0,0,"Sideswipe, same direction",V1: Travelling straight ahead / V2: Parked,V1: W  / V2: W,Wet,Daylight,Rain,0.14,0,58,38,FALSE,41.93404812,-71.31577712
17186,11/22/2017,November,Wednesday,14:40,1,2,0,0,Rear-end,V1: Travelling straight ahead / V2: Slowing or stopped in traffic,V1: N  / V2: N,Dry,Daylight,Cloudy,0.14,0,58,38,FALSE,41.94468645,-71.28319343
17187,11/22/2017,November,Wednesday,15:51,1,2,0,0,Angle,V1: Travelling straight ahead / V2: Turning left,V1: N  / V2: W,Wet,Dusk,Rain,0.14,0,58,38,FALSE,41.90964751,-71.36351027
17188,11/22/2017,November,Wednesday,16:56,1,2,0,0,"Sideswipe, same direction",V1: Turning right / V2: Turning left,V1: N  / V2: N,Dry,Dark - lighted roadway,Clear,0.14,0,58,38,FALSE,41.90682608,-71.35698151
17189,11/22/2017,November,Wednesday,19:52,1,2,0,0,Angle,V1: Turning left / V2: Travelling straight ahead,V1: E  / V2: N,Wet,Dark - lighted roadway,Cloudy,0.14,0,58,38,FALSE,41.91082902,-71.36290776
17190,11/23/2017,November,Thursday,1:55,2,1,1,0,Single vehicle crash,V1: Travelling straight ahead,V1: S,Dry,Dark - lighted roadway,Clear,1.1,0,53,28,TRUE,41.93705165,-71.34150606
17191,11/23/2017,November,Thursday,13:19,1,1,0,0,Single vehicle crash,V1: Turning right,V1: W,Dry,Daylight,Clear,1.1,0,53,28,TRUE,41.94071288,-71.30866707
17192,11/23/2017,November,Thursday,23:01,2,2,1,0,Rear-end,V1: Travelling straight ahead / V2: Travelling straight ahead,V1: W  / V2: W,Dry,Dark - lighted roadway,Clear,1.1,0,53,28,TRUE,41.92626385,-71.34598617
17193,11/24/2017,November,Friday,1:02,1,1,0,0,Single vehicle crash,V1: Travelling straight ahead,V1: S,Dry,Dark - lighted roadway,Clear,0,0,43,24,TRUE,41.94544565,-71.28092663
17194,11/24/2017,November,Friday,10:04,2,2,2,0,"Sideswipe, same direction",V1: Changing lanes / V2: Travelling straight ahead,V1: S  / V2: S,Dry,Daylight,Clear,0,0,43,24,TRUE,41.91981411,-71.35860614
17195,11/24/2017,November,Friday,13:22,2,2,1,0,Rear-end,V1: Slowing or stopped in traffic / V2: Slowing or stopped in traffic,V1: S  / V2: S,Dry,Daylight,Clear,0,0,43,24,TRUE,41.92644259,-71.35554103
17196,11/24/2017,November,Friday,17:03,2,2,2,0,Rear-end,V1: Travelling straight ahead / V2: Slowing or stopped in traffic,V1: N  / V2: N,Dry,Dark - roadway not lighted,Clear,0,0,43,24,TRUE,41.92886018,-71.3230987
17197,11/24/2017,November,Friday,19:20,1,1,0,0,Single vehicle crash,V1: Travelling straight ahead,V1: N,Dry,Dusk,Clear,0,0,43,24,TRUE,41.90231844,-71.35595143
17198,11/25/2017,November,Saturday,19:01,1,1,0,0,Single vehicle crash,V1: Travelling straight ahead,V1: S,Dry,Dark - lighted roadway,Clear,0,0,49,25,TRUE,41.9235123,-71.33935413
17199,11/25/2017,November,Saturday,21:00,1,2,0,0,Angle,V1: Travelling straight ahead / V2: Parked,V1: N  / V2: 0,Dry,Dark - lighted roadway,Clear,0,0,49,25,TRUE,41.921732,-71.24061143
17200,11/26/2017,November,Sunday,9:09,1,1,0,0,Single vehicle crash,V1: Travelling straight ahead,V1: N,Dry,Daylight,Clear,0,0,58,31,TRUE,41.94615364,-71.29235375
17201,11/26/2017,November,Sunday,12:00,1,2,0,0,Angle,V1: Backing / V2: Travelling straight ahead,V1: E  / V2: S,Dry,Daylight,Clear,0,0,58,31,TRUE,41.90564025,-71.35665923
17202,11/26/2017,November,Sunday,21:12,1,2,0,0,"Sideswipe, same direction",V1: Travelling straight ahead / V2: 0,V1: S  / V2: 0,Dry,Dark - lighted roadway,Clear,0,0,58,31,TRUE,41.90433577,-71.35012688
17203,11/27/2017,November,Monday,6:01,2,2,1,0,Rear-end,V1: Travelling straight ahead / V2: Turning left,V1: N  / V2: N,Dry,Dark - lighted roadway,Clear,0,0,49,31,TRUE,41.91619723,-71.35885587
17204,11/27/2017,November,Monday,10:45,1,2,0,0,Rear-end,V1: Slowing or stopped in traffic / V2: Slowing or stopped in traffic,V1: W  / V2: W,Dry,Daylight,Cloudy,0,0,49,31,TRUE,41.94472176,-71.2812504
17205,11/28/2017,November,Tuesday,17:07,1,1,0,0,Single vehicle crash,V1: Travelling straight ahead,V1: N,Dry,Dark - lighted roadway,Clear,0,0,46,21,TRUE,41.92886018,-71.3230987
17206,11/28/2017,November,Tuesday,17:22,1,2,0,0,"Sideswipe, same direction",V1: Travelling straight ahead / V2: Turning right,V1: E  / V2: E,Dry,Dark - lighted roadway,Clear,0,0,46,21,TRUE,41.95312956,-71.26820548
17207,11/28/2017,November,Tuesday,17:29,1,2,0,0,Angle,V1: Turning right / V2: Travelling straight ahead,V1: W  / V2: N,Dry,Dark - lighted roadway,Clear,0,0,46,21,TRUE,41.93294317,-71.30065777
17208,11/29/2017,November,Wednesday,14:36,1,3,0,0,Angle,V1: Turning left / V2: Travelling straight ahead / V3: Travelling straight ahead,V1: S  / V2: E  / V3: W,Dry,Daylight,Clear,0,0,52,21,TRUE,41.92387717,-71.35158914
17209,11/29/2017,November,Wednesday,15:17,1,2,0,0,Angle,V1: Travelling straight ahead / V2: Turning left,V1: S  / V2: W,Dry,Daylight,Clear,0,0,52,21,TRUE,41.93421769,-71.2996754
17210,11/29/2017,November,Wednesday,19:42,1,2,0,0,Rear-end,V1: Travelling straight ahead / V2: Slowing or stopped in traffic,V1: S  / V2: S,Dry,Dark - lighted roadway,Clear,0,0,52,21,TRUE,41.90998013,-71.35802082
17211,11/30/2017,November,Thursday,16:32,1,2,0,0,"Sideswipe, same direction",V1: Travelling straight ahead / V2: Travelling straight ahead,V1: E  / V2: E,Dry,Dusk,Clear,0,0,62,23,TRUE,41.95250372,-71.27005525
17212,11/30/2017,November,Thursday,21:55,1,1,0,0,Single vehicle crash,V1: Changing lanes,V1: N,Dry,Dark - roadway not lighted,Clear,0,0,62,23,TRUE,41.90053869,-71.36201959
17213,12/1/2017,December,Friday,9:46,2,2,1,0,Rear-end,V1: Entering traffic lane / V2: Entering traffic lane,V1: N  / V2: N,Dry,Daylight,Cloudy,0.03,0,46,26,TRUE,41.90217475,-71.35579772
17214,12/1/2017,December,Friday,10:02,1,2,0,0,Rear-end,V1: Slowing or stopped in traffic / V2: Slowing or stopped in traffic,V1: S  / V2: S,Dry,Daylight,Clear,0.03,0,46,26,TRUE,41.92241545,-71.31336866
17215,12/1/2017,December,Friday,12:23,1,2,0,0,Rear-end,V1: Travelling straight ahead / V2: Slowing or stopped in traffic,V1: N  / V2: N,Dry,Daylight,Clear,0.03,0,46,26,TRUE,41.92886018,-71.3230987
17216,12/2/2017,December,Saturday,12:50,1,2,0,0,Angle,V1: Travelling straight ahead / V2: Slowing or stopped in traffic,V1: N  / V2: W,Dry,Daylight,Cloudy,0,0,53,27,TRUE,41.93397921,-71.30659863
17217,12/2/2017,December,Saturday,14:28,1,2,0,0,Rear-end,V1: Slowing or stopped in traffic / V2: Travelling straight ahead,V1: S  / V2: S,Dry,Daylight,Cloudy,0,0,53,27,TRUE,41.96971453,-71.29377269
17218,12/2/2017,December,Saturday,15:31,1,1,0,0,Single vehicle crash,V1: Backing,V1: S,Dry,Daylight,Cloudy,0,0,53,27,TRUE,41.93881822,-71.27939394
17219,12/2/2017,December,Saturday,17:50,2,2,2,0,Rear-end,V1: Slowing or stopped in traffic / V2: Slowing or stopped in traffic,V1: W  / V2: W,Dry,Dark - lighted roadway,Clear,0,0,53,27,TRUE,41.89912599,-71.35508641
17220,12/3/2017,December,Sunday,13:42,2,2,1,0,Angle,V1: Turning left / V2: Travelling straight ahead,V1: E  / V2: E,Dry,Daylight,Clear,0,0,44,27,TRUE,41.94449733,-71.28185359
17221,12/3/2017,December,Sunday,18:50,1,2,0,0,Rear-end,V1: Travelling straight ahead / V2: Slowing or stopped in traffic,V1: W  / V2: W,Dry,Dark - 0 roadway lighting,Clear,0,0,44,27,TRUE,41.93762783,-71.26439504
17222,12/3/2017,December,Sunday,19:35,1,2,0,0,Angle,V1: Travelling straight ahead / V2: Turning left,V1: S  / V2: N,Dry,Dark - lighted roadway,Clear,0,0,44,27,TRUE,41.93118399,-71.26031362
17223,12/4/2017,December,Monday,7:46,1,2,0,0,Rear-end,V1: Entering traffic lane / V2: Slowing or stopped in traffic,V1: E  / V2: E,Dry,Daylight,Clear,0,0,44,27,TRUE,41.93397761,-71.31903245
17224,12/4/2017,December,Monday,9:38,1,2,0,0,Rear-end,V1: Turning right / V2: Travelling straight ahead,V1: W  / V2: W,Dry,Daylight,Clear,0,0,44,27,TRUE,41.95076301,-71.27397064
17225,12/4/2017,December,Monday,16:18,1,2,0,0,Angle,V1: Travelling straight ahead / V2: Travelling straight ahead,V1: N  / V2: E,Dry,Dark - lighted roadway,Clear,0,0,44,27,TRUE,41.94512722,-71.28855145
17226,12/5/2017,December,Tuesday,8:57,1,3,0,0,Rear-end,V1: Travelling straight ahead / V2: Travelling straight ahead / V3: Travelling straight ahead,V1: W  / V2: W  / V3: W,Dry,Daylight,Cloudy,0,0,47,27,TRUE,41.93401006,-71.31411522
17227,12/5/2017,December,Tuesday,15:05,1,2,0,0,Rear-end,V1: Travelling straight ahead / V2: Travelling straight ahead,V1: S  / V2: S,Dry,Daylight,Cloudy,0,0,47,27,TRUE,41.9495447,-71.27638351
17228,12/6/2017,December,Wednesday,6:45,2,2,1,0,Rear-end,V1: Slowing or stopped in traffic / V2: Travelling straight ahead,V1: N  / V2: N,Dry,Dawn,Clear,0.56,0,60,37,FALSE,41.92886018,-71.3230987
17229,12/6/2017,December,Wednesday,9:30,2,2,2,0,Angle,V1: Entering traffic lane / V2: Travelling straight ahead,V1: E  / V2: S,Wet,Daylight,Cloudy,0.56,0,60,37,FALSE,41.91968323,-71.35866134
17230,12/6/2017,December,Wednesday,17:55,1,2,0,0,Angle,V1: Turning left / V2: Travelling straight ahead,V1: N  / V2: W,Dry,Dark - lighted roadway,Clear,0.56,0,60,37,FALSE,41.94832533,-71.27795772
17231,12/6/2017,December,Wednesday,18:34,2,1,1,0,Single vehicle crash,V1: Turning left,V1: E,Dry,Dark - lighted roadway,Clear,0.56,0,60,37,FALSE,41.94274018,-71.28432859
17232,12/7/2017,December,Thursday,5:29,2,2,2,0,Angle,V1: Turning left / V2: Travelling straight ahead,V1: N  / V2: S,Dry,Dark - roadway not lighted,Clear,0,0,53,26,TRUE,41.91891265,-71.31713881
17233,12/7/2017,December,Thursday,7:40,1,2,0,0,Rear-end,V1: Travelling straight ahead / V2: Parked,V1: W  / V2: W,Dry,Daylight,Clear,0,0,53,26,TRUE,41.93417563,-71.28370101
17234,12/7/2017,December,Thursday,9:19,2,2,1,0,Rear-end,V1: Travelling straight ahead / V2: Slowing or stopped in traffic,V1: S  / V2: S,Dry,Daylight,Clear,0,0,53,26,TRUE,41.95640623,-71.28800655
17235,12/7/2017,December,Thursday,17:38,1,3,0,0,Rear-end,V1: Travelling straight ahead / V2: Travelling straight ahead / V3: Travelling straight ahead,V1: E  / V2: E  / V3: E,Dry,Dark - roadway not lighted,Clear,0,0,53,26,TRUE,41.96933284,-71.29454568
17236,12/8/2017,December,Friday,14:45,1,2,0,0,Rear-end,V1: Turning right / V2: Turning right,V1: S  / V2: S,Dry,Daylight,Clear,0,0,47,26,TRUE,41.89903243,-71.355186
17237,12/8/2017,December,Friday,15:26,1,2,0,0,Angle,V1: Turning left / V2: Travelling straight ahead,V1: S  / V2: N,Dry,Daylight,Cloudy,0,0,47,26,TRUE,41.9472108,-71.28786501
17238,12/8/2017,December,Friday,16:29,1,2,0,0,"Sideswipe, same direction",V1: Turning right / V2: Travelling straight ahead,V1: N  / V2: N,Dry,Dark - lighted roadway,Clear,0,0,47,26,TRUE,41.92890236,-71.35392825
17239,12/9/2017,December,Saturday,11:34,2,1,1,0,Angle,V1: Travelling straight ahead,V1: S,Wet,Daylight,Snow,0,0,40,27,TRUE,41.9210426,-71.35807244
17240,12/9/2017,December,Saturday,13:39,1,2,0,0,Rear-end,V1: Travelling straight ahead / V2: Slowing or stopped in traffic,V1: W  / V2: W,Snow,Daylight,Snow,0,0,40,27,TRUE,41.9339911,-71.30301574
17241,12/9/2017,December,Saturday,14:18,1,2,0,0,Head-on,V1: Turning left / V2: Travelling straight ahead,V1: N  / V2: S,Slush,Daylight,Snow,0,0,40,27,TRUE,41.93601097,-71.28269451
17242,12/9/2017,December,Saturday,16:17,2,3,2,0,Rear-end,V1: Travelling straight ahead / V2: Slowing or stopped in traffic / V3: Slowing or stopped in traffic,V1: W  / V2: W  / V3: W,Snow,Dark - lighted roadway,Snow,0,0,40,27,TRUE,41.94501484,-71.28112554
17243,12/9/2017,December,Saturday,16:45,2,2,1,0,"Sideswipe, same direction",V1: Turning left / V2: Turning right,V1: S  / V2: S,Snow,Dark - lighted roadway,Snow,0,0,40,27,TRUE,41.89618753,-71.37039513