ID,DATE,Month,Day of week,Crash Time,Crash Severity,Number of Vehicles,Total Nonfatal Injuries,Total Fatal Injuries,Manner of Collision,Vehicle Action Prior to Crash,Vehicle Travel Directions,Road Surface Condition,Ambient Light,Weather Condition,PRCP,SNOW,TMAX,TMIN,Ice,Longtitute,Latitute
17244,12/9/2017,December,Saturday,21:17,1,2,0,0,"Sideswipe, same direction",V1: Travelling straight ahead / V2: Slowing or stopped in traffic,V1: N  / V2: N,Snow,Dark - lighted roadway,Snow,0,0,40,27,TRUE,41.92508738,-71.35628348
17245,12/11/2017,December,Monday,17:35,1,2,0,0,"Sideswipe, same direction",V1: Travelling straight ahead / V2: Travelling straight ahead,V1: W  / V2: W,Dry,Dark - lighted roadway,Clear,0,0,38,28,TRUE,41.94501484,-71.28112554
17246,12/11/2017,December,Monday,17:41,0,1,0,0,Angle,V1: Parked,V1: E,Dry,Dark - lighted roadway,Clear,0,0,38,28,TRUE,41.95250372,-71.27005525
17247,12/11/2017,December,Monday,22:06,1,2,0,0,Head-on,V1: Travelling straight ahead / V2: Turning left,V1: W  / V2: N,Dry,Dark - lighted roadway,Clear,0,0,38,28,TRUE,41.96939377,-71.29355357
17248,12/12/2017,December,Tuesday,1:38,2,1,1,0,Single vehicle crash,V1: Travelling straight ahead,V1: W,Dry,Dark - lighted roadway,Clear,0,0,40,28,TRUE,41.93623387,-71.28481203
17249,12/13/2017,December,Wednesday,5:03,1,1,0,0,Single vehicle crash,V1: Travelling straight ahead,V1: S,Dry,Dark - lighted roadway,Clear,0.08,0,44,20,TRUE,41.94620364,-71.29633592
17250,12/13/2017,December,Wednesday,9:55,1,2,0,0,Angle,V1: Backing / V2: Parked,V1: S  / V2: W,Dry,Daylight,Clear,0.08,0,44,20,TRUE,41.8990797,-71.35507779
17251,12/13/2017,December,Wednesday,11:47,2,2,1,0,Angle,V1: Travelling straight ahead / V2: Travelling straight ahead,V1: W  / V2: S,Dry,Daylight,Clear,0.08,0,44,20,TRUE,41.95250372,-71.27005525
17252,12/14/2017,December,Thursday,0:05,1,1,0,0,Single vehicle crash,V1: Travelling straight ahead,V1: S,Dry,Dark - roadway not lighted,Cloudy,0.01,0.3,24,20,TRUE,41.91538087,-71.33565859
17253,12/14/2017,December,Thursday,5:26,1,2,0,0,Angle,V1: Travelling straight ahead / V2: Travelling straight ahead,V1: W  / V2: N,Snow,Dark - lighted roadway,Snow,0.01,0.3,24,20,TRUE,41.95484304,-71.28856385
17254,12/14/2017,December,Thursday,9:39,2,2,6,0,"Sideswipe, same direction",V2: Parked / V1: Travelling straight ahead,V2: E  / V1: E,Snow,Daylight,Snow,0.01,0.3,24,20,TRUE,41.92336837,-71.32019067
17255,12/14/2017,December,Thursday,10:00,1,2,0,0,"Sideswipe, same direction",V1: Travelling straight ahead / V2: Changing lanes,V1: S  / V2: S,Wet,Daylight,Cloudy,0.01,0.3,24,20,TRUE,34.24438675,-73.6513909
17256,12/14/2017,December,Thursday,10:31,2,3,1,0,Rear-end,V1: Travelling straight ahead / V2: Travelling straight ahead / V3: Changing lanes,V1: N  / V2: N  / V3: N,Wet,Daylight,Clear,0.01,0.3,24,20,TRUE,41.92886018,-71.3230987
17257,12/14/2017,December,Thursday,15:27,1,2,0,0,Angle,V1: Slowing or stopped in traffic / V2: Turning right,V1: E  / V2: S,Snow,Daylight,Clear,0.01,0.3,24,20,TRUE,34.24438675,-73.6513909
17258,12/15/2017,December,Friday,18:12,1,2,0,0,"Sideswipe, same direction",V1: Turning right / V2: Turning right,V1: N  / V2: N,Dry,Dark - lighted roadway,Cloudy,0.05,0.6,29,11,TRUE,41.9210426,-71.35807244
17259,12/16/2017,December,Saturday,0:59,1,1,0,0,Single vehicle crash,V1: Travelling straight ahead,V1: N,Wet,Dark - lighted roadway,Cloudy,0.05,0.7,26,12,TRUE,41.95252444,-71.28957083
17260,12/16/2017,December,Saturday,15:01,2,2,3,0,Angle,V1: Turning left / V2: Travelling straight ahead,V1: E  / V2: N,Dry,Daylight,Cloudy,0.05,0.7,26,12,TRUE,41.91360772,-71.36150084
17261,12/17/2017,December,Sunday,2:44,2,2,1,0,Angle,V1: Parked / V2: Travelling straight ahead,V1: W  / V2: W,Dry,Dark - lighted roadway,Clear,0,0,32,12,TRUE,41.94396167,-71.27662963
17262,12/17/2017,December,Sunday,12:28,1,2,0,0,Angle,V1: Other / V2: Travelling straight ahead,V1: S  / V2: W,Dry,Daylight,Cloudy,0,0,32,12,TRUE,41.92141393,-71.35534523
17263,12/17/2017,December,Sunday,17:08,1,1,0,0,Single vehicle crash,V1: Travelling straight ahead,V1: S,Dry,Dark - lighted roadway,Clear,0,0,32,12,TRUE,41.93725008,-71.31549578
17264,12/18/2017,December,Monday,6:34,1,3,0,0,Rear-end,V1: Travelling straight ahead / V2: Parked / V3: Parked,V1: N  / V2: 0 / V3: 0,Dry,Dark - lighted roadway,Clear,0,0,31,12,TRUE,41.94458656,-71.2764846
17265,12/18/2017,December,Monday,14:54,1,2,0,0,Angle,V1: Turning left / V2: Travelling straight ahead,V1: N  / V2: S,Dry,Daylight,Cloudy,0,0,31,12,TRUE,41.93723012,-71.28375224
17266,12/18/2017,December,Monday,17:15,1,1,0,0,Single vehicle crash,V1: Travelling straight ahead,V1: S,Wet,Dark - lighted roadway,Clear,0,0,31,12,TRUE,41.91645491,-71.33955096
17267,12/18/2017,December,Monday,17:50,1,3,0,0,Rear-to-rear,V1: Travelling straight ahead / V2: Travelling straight ahead / V3: Travelling straight ahead,V1: N  / V2: N  / V3: N,Wet,Dark - roadway not lighted,Rain,0,0,31,12,TRUE,41.92659207,-71.3249034
17268,12/18/2017,December,Monday,18:04,2,2,1,0,Rear-end,V1: Travelling straight ahead / V2: Travelling straight ahead,V1: N  / V2: N,Wet,Dark - lighted roadway,Clear,0,0,31,12,TRUE,41.89913498,-71.35508808
17269,12/18/2017,December,Monday,20:37,2,1,1,0,Single vehicle crash,V1: Backing,V1: W,Wet,Dark - lighted roadway,Rain,0,0,31,12,TRUE,41.90582606,-71.2993489
17270,12/18/2017,December,Monday,23:10,1,2,0,0,"Sideswipe, opposite direction",V1: Turning right / V2: Slowing or stopped in traffic,V1: W  / V2: E,Wet,Dark - lighted roadway,Cloudy,0,0,31,12,TRUE,41.91619723,-71.35885587
17271,12/19/2017,December,Tuesday,12:57,2,3,1,0,Rear-end,V1: Travelling straight ahead / V2: Slowing or stopped in traffic / V3: Slowing or stopped in traffic,V1: N  / V2: N  / V3: N,Dry,Daylight,Clear,0.01,0,35,24,TRUE,41.92298549,-71.35714757
17272,12/20/2017,December,Wednesday,6:51,1,2,0,0,Head-on,V1: Turning left / V2: Travelling straight ahead,V1: W  / V2: E,Dry,Daylight,Clear,0,0,50,33,FALSE,41.93623387,-71.28481203
17273,12/20/2017,December,Wednesday,21:06,1,2,0,0,Rear-end,V1: Travelling straight ahead / V2: Travelling straight ahead,V1: S  / V2: S,Dry,Dark - lighted roadway,Clear,0,0,50,33,FALSE,41.92279203,-71.35723949
17274,12/21/2017,December,Thursday,10:38,1,2,0,0,Angle,V1: Backing / V2: Travelling straight ahead,V1: W  / V2: N,Dry,Daylight,Clear,0,0,44,23,TRUE,41.9210426,-71.35807244
17275,12/22/2017,December,Friday,16:10,1,1,0,0,Single vehicle crash,V1: Travelling straight ahead,V1: W,Dry,Dusk,Cloudy,0,0,35,24,TRUE,41.94344871,-71.31077256
17276,12/22/2017,December,Friday,16:12,1,2,0,0,Rear-end,V1: Travelling straight ahead / V2: Slowing or stopped in traffic,V1: S  / V2: S,Dry,Daylight,Clear,0,0,35,24,TRUE,41.9024767,-71.35600008
17277,12/22/2017,December,Friday,18:37,1,1,0,0,Single vehicle crash,V1: Travelling straight ahead,V1: E,Wet,Dark - roadway not lighted,Rain,0,0,35,24,TRUE,41.91704858,-71.36224222
17278,12/22/2017,December,Friday,18:40,2,2,1,0,Angle,V1: Turning left / V2: Travelling straight ahead,V1: W  / V2: S,Wet,Dark - lighted roadway,Cloudy/Rain,0,0,35,24,TRUE,41.91555446,-71.36051036
17279,12/23/2017,December,Saturday,6:59,2,1,1,0,Single vehicle crash,V1: Travelling straight ahead,V1: W,Ice,Daylight,Rain,0.07,0,33,25,TRUE,41.95386679,-71.26514403
17280,12/23/2017,December,Saturday,7:21,2,1,1,0,Single vehicle crash,V1: Travelling straight ahead,V1: W,Ice,Daylight,Rain,0.07,0,33,25,TRUE,41.95414045,-71.26296554
17281,12/23/2017,December,Saturday,8:01,1,1,0,0,Single vehicle crash,V1: Travelling straight ahead,V1: N,Ice,Daylight,Rain,0.07,0,33,25,TRUE,41.92601693,-71.34184404
17282,12/23/2017,December,Saturday,8:13,1,1,0,0,Angle,V1: Travelling straight ahead,V1: W,Ice,Daylight,Cloudy/Rain,0.07,0,33,25,TRUE,41.90568931,-71.35038299
17283,12/23/2017,December,Saturday,8:28,1,1,0,0,Single vehicle crash,V1: Travelling straight ahead,V1: W,Ice,Daylight,Rain,0.07,0,33,25,TRUE,41.93461312,-71.30282013
17284,12/23/2017,December,Saturday,8:55,1,1,0,0,Single vehicle crash,V1: Travelling straight ahead,V1: N,Ice,Daylight,Rain,0.07,0,33,25,TRUE,41.90568931,-71.35038299
17285,12/23/2017,December,Saturday,8:57,1,1,0,0,Single vehicle crash,V1: Travelling straight ahead,V1: W,Ice,Daylight,Clear,0.07,0,33,25,TRUE,41.93461312,-71.30282013
17286,12/23/2017,December,Saturday,12:40,1,2,0,0,Angle,V1: Travelling straight ahead / V2: Travelling straight ahead,V1: N  / V2: N,Wet,Daylight,Rain,0.07,0,33,25,TRUE,41.92781831,-71.35456449
17287,12/23/2017,December,Saturday,20:49,1,2,0,0,Angle,V1: Overtaking/passing / V2: Slowing or stopped in traffic,V1: W  / V2: S,Wet,Dark - lighted roadway,Rain,0.07,0,33,25,TRUE,41.92675288,-71.34334435
17288,12/24/2017,December,Sunday,3:17,2,1,2,0,Angle,V1: 0,V1: S,Dry,Dark - lighted roadway,Clear,0.64,0,46,28,TRUE,41.91518568,-71.32272066
17289,12/24/2017,December,Sunday,3:47,1,1,0,0,Single vehicle crash,V1: Travelling straight ahead,V1: N,Dry,Dark - roadway not lighted,Cloudy,0.64,0,46,28,TRUE,41.92886018,-71.3230987
17290,12/24/2017,December,Sunday,5:55,1,2,0,0,Single vehicle crash,V1: Travelling straight ahead / V2: Parked,V1: N  / V2: 0,Ice,Daylight,Clear,0.64,0,46,28,TRUE,41.93808915,-71.33199251
17291,12/24/2017,December,Sunday,13:16,2,2,2,0,Angle,V1: Slowing or stopped in traffic / V2: Travelling straight ahead,V1: W  / V2: N,Dry,Daylight,Cloudy,0.64,0,46,28,TRUE,41.91653724,-71.36001753
17292,12/24/2017,December,Sunday,17:23,1,2,0,0,Angle,V1: Turning left / V2: Travelling straight ahead,V1: N  / V2: S,Dry,Dark - lighted roadway,Clear,0.64,0,46,28,TRUE,41.90164321,-71.32095779
17293,12/25/2017,December,Monday,9:35,1,2,0,0,Angle,V1: Travelling straight ahead / V2: Travelling straight ahead,V1: N  / V2: N,Snow,Daylight,Snow,0.22,0,37,30,TRUE,41.95593405,-71.30346756
17294,12/25/2017,December,Monday,19:56,2,2,1,0,Angle,V1: Turning left / V2: Travelling straight ahead,V1: S  / V2: W,Dry,Dark - lighted roadway,Cloudy,0.22,0,37,30,TRUE,41.93397921,-71.30659863
17295,12/26/2017,December,Tuesday,5:10,1,1,0,0,Single vehicle crash,V1: Travelling straight ahead,V1: S,Ice,Dark - lighted roadway,Snow,0.21,0.8,37,21,TRUE,41.90261276,-71.35590972
17296,12/26/2017,December,Tuesday,15:50,1,2,0,0,Angle,V1: Backing / V2: Turning right,V1: E  / V2: E,Dry,Daylight,Clear,0.21,0.8,37,21,TRUE,41.94342488,-71.27867504
17297,12/27/2017,December,Wednesday,13:00,1,1,0,0,Single vehicle crash,V1: Turning right,V1: W,Ice,Daylight,Clear,0,0,27,10,TRUE,41.94391945,-71.28157454
17298,12/27/2017,December,Wednesday,17:39,2,2,1,0,Rear-end,V1: Travelling straight ahead / V2: Slowing or stopped in traffic,V1: E  / V2: E,Dry,Dark - lighted roadway,Cloudy,0,0,27,10,TRUE,41.92556324,-71.34771976
17299,12/28/2017,December,Thursday,8:56,2,1,1,0,Single vehicle crash,V1: Travelling straight ahead,V1: S,Dry,Daylight,Clear,0,0,23,6,TRUE,41.93115725,-71.30146807
17300,12/28/2017,December,Thursday,9:12,1,2,0,0,Angle,V1: Travelling straight ahead / V2: Travelling straight ahead,V1: S  / V2: W,Snow,Daylight,Clear,0,0,23,6,TRUE,41.93814207,-71.27951979
17301,12/28/2017,December,Thursday,12:10,1,2,0,0,Rear-end,V1: Travelling straight ahead / V2: Travelling straight ahead,V1: E  / V2: E,Dry,Daylight,Clear,0,0,23,6,TRUE,41.91231889,-71.26866096
17302,12/28/2017,December,Thursday,18:03,1,2,0,0,"Sideswipe, same direction",V1: Travelling straight ahead / V2: Entering traffic lane,V1: E  / V2: E,Dry,Dark - lighted roadway,Clear,0,0,23,6,TRUE,41.94431166,-71.28140274
17303,12/29/2017,December,Friday,13:53,2,2,2,0,Rear-end,V1: Travelling straight ahead / V2: Slowing or stopped in traffic,V1: S  / V2: S,Dry,Daylight,Clear,0,0,13,1,TRUE,41.91981411,-71.35860614
17304,12/29/2017,December,Friday,14:10,1,4,0,0,Rear-end,V1: Slowing or stopped in traffic / V2: Slowing or stopped in traffic / V3: Slowing or stopped in traffic / V4: 0,V1: N  / V2: N  / V3: N  / V4: 0,Dry,Daylight,Clear,0,0,13,1,TRUE,41.95518324,-71.30396989
17305,12/29/2017,December,Friday,14:44,2,2,1,0,Rear-end,V1: Turning right / V2: Turning right,V1: E  / V2: E,Dry,Daylight,Clear,0,0,13,1,TRUE,41.89903243,-71.355186
17306,12/30/2017,December,Saturday,4:08,1,1,0,0,Single vehicle crash,V1: Travelling straight ahead,V1: E,Dry,Dark - lighted roadway,Cloudy,0,0,15,2,TRUE,41.92582442,-71.34707855
17307,12/30/2017,December,Saturday,12:50,1,2,0,0,Angle,V1: Travelling straight ahead / V2: Travelling straight ahead,V1: S  / V2: S,Wet,Daylight,Snow,0,0,15,2,TRUE,34.24438675,-73.6513909
17308,12/30/2017,December,Saturday,13:27,1,2,0,0,Rear-end,V1: Slowing or stopped in traffic / V2: Slowing or stopped in traffic,V1: N  / V2: N,Wet,Daylight,Snow,0,0,15,2,TRUE,41.90217475,-71.35579772
17309,12/30/2017,December,Saturday,14:51,1,1,0,0,Single vehicle crash,V1: Travelling straight ahead,V1: N,Snow,Daylight,Snow,0,0,15,2,TRUE,41.92090431,-71.29772033
17310,12/31/2017,December,Sunday,12:55,1,2,0,0,Rear-end,V1: Slowing or stopped in traffic / V2: Travelling straight ahead,V1: N  / V2: N,Wet,Daylight,Clear,0.03,1.1,17,2,TRUE,41.96206395,-71.28805376
17311,12/31/2017,December,Sunday,16:29,1,2,0,0,Angle,V1: Turning left / V2: Travelling straight ahead,V1: S  / V2: W,Dry,Dusk,Clear,0.03,1.1,17,2,TRUE,41.93405012,-71.31579284
17312,12/31/2017,December,Sunday,19:23,1,2,0,0,Rear-end,V1: Travelling straight ahead / V2: Slowing or stopped in traffic,V1: N  / V2: N,Ice,Dark - lighted roadway,Clear,0.03,1.1,17,2,TRUE,41.93525581,-71.27772654
17313,1/1/2018,January,Monday,16:37,2,2,1,0,Rear-end,V1: Travelling straight ahead / V2: Slowing or stopped in traffic,V1: W  / V2: W,Dry,Dusk,Clear,0,0,15,-1,TRUE,41.94757498,-71.28598487
17314,1/1/2018,January,Monday,17:23,1,1,0,0,Single vehicle crash,V1: Backing,V1: S,Snow,Dark - 0 roadway lighting,Clear,0,0,15,-1,TRUE,41.93322106,-71.25037196
17315,1/2/2018,January,Tuesday,7:29,1,2,0,0,Angle,V1: Entering traffic lane / V2: Travelling straight ahead,V1: N  / V2: N,Dry,Daylight,Clear,0,0,13,-4,TRUE,41.92858432,-71.28437027
17316,1/2/2018,January,Tuesday,7:55,1,2,0,0,Rear-end,V1: Slowing or stopped in traffic / V2: Travelling straight ahead,V1: S  / V2: S,Dry,Daylight,Clear,0,0,13,-4,TRUE,41.95568257,-71.28823954
17317,1/2/2018,January,Tuesday,14:10,1,3,0,0,Rear-end,V1: Travelling straight ahead / V2: Slowing or stopped in traffic / V3: Slowing or stopped in traffic,V1: E  / V2: E  / V3: E,Dry,Daylight,Clear,0,0,13,-4,TRUE,41.93359015,-71.30040441
17318,1/2/2018,January,Tuesday,14:33,1,2,0,0,Rear-end,V2: Turning left / V1: Travelling straight ahead,V2: E  / V1: E,Dry,Daylight,Clear,0,0,13,-4,TRUE,41.91723587,-71.37241026
17319,1/2/2018,January,Tuesday,17:58,2,2,1,0,Angle,V1: Travelling straight ahead / V2: Travelling straight ahead,V1: E  / V2: N,Dry,Dark - lighted roadway,Clear,0,0,13,-4,TRUE,41.94472176,-71.2812504
17320,1/3/2018,January,Wednesday,4:59,1,1,0,0,Single vehicle crash,V1: Travelling straight ahead,V1: N,Dry,Dark - lighted roadway,Clear,0,0,18,4,TRUE,41.96999559,-71.27407849
17321,1/3/2018,January,Wednesday,6:38,2,2,1,0,Angle,V1: Entering traffic lane / V2: Travelling straight ahead,V1: N  / V2: E,Dry,Dawn,Clear,0,0,18,4,TRUE,41.93386542,-71.30225536
17322,1/3/2018,January,Wednesday,7:51,1,2,0,0,Head-on,V1: Turning left / V2: Travelling straight ahead,V1: E  / V2: W,Dry,Daylight,Clear,0,0,18,4,TRUE,34.24438675,-73.6513909
17323,1/3/2018,January,Wednesday,12:42,2,2,1,0,Angle,V1: Turning left / V2: Travelling straight ahead,V1: W  / V2: N,Dry,Daylight,Clear,0,0,18,4,TRUE,41.92781831,-71.35456449
17324,1/3/2018,January,Wednesday,13:30,1,2,0,0,Angle,V1: Turning left / V2: Travelling straight ahead,V1: W  / V2: S,Dry,Daylight,Clear,0,0,18,4,TRUE,41.90998013,-71.35802082
17325,1/3/2018,January,Wednesday,14:44,1,1,0,0,Single vehicle crash,V1: Turning left,V1: E,Dry,Daylight,Clear,0,0,18,4,TRUE,41.94266173,-71.28390998
17326,1/3/2018,January,Wednesday,17:16,1,2,0,0,Rear-end,V1: Travelling straight ahead / V2: Slowing or stopped in traffic,V1: N  / V2: N,Dry,Dark - lighted roadway,Clear,0,0,18,4,TRUE,41.89733197,-71.36979234
17327,1/3/2018,January,Wednesday,19:46,2,2,1,0,Rear-end,V1: Slowing or stopped in traffic / V2: Travelling straight ahead,V1: S  / V2: S,Dry,Dark - lighted roadway,Clear,0,0,18,4,TRUE,41.90964751,-71.36351027
17328,1/4/2018,January,Thursday,6:32,1,1,0,0,Angle,V1: Travelling straight ahead,V1: N,Dry,Dark - lighted roadway,Clear,0,0,29,8,TRUE,41.92521765,-71.28783389
17329,1/4/2018,January,Thursday,11:51,1,2,0,0,Rear-end,V2: Slowing or stopped in traffic / V1: Backing,V2: N  / V1: N,Snow,Daylight,Snow,0,0,29,8,TRUE,41.90855158,-71.37047319
17330,1/5/2018,January,Friday,12:15,2,2,2,0,Angle,V1: Turning left / V2: Travelling straight ahead,V1: E  / V2: W,Dry,Daylight,Clear,1.65,16.9,29,10,TRUE,41.95281392,-71.26919821
17331,1/5/2018,January,Friday,15:59,2,2,1,0,Angle,V1: Turning left / V2: Travelling straight ahead,V1: N  / V2: S,Snow,Daylight,Clear,1.65,16.9,29,10,TRUE,41.92827027,-71.3542517
17332,1/5/2018,January,Friday,22:57,1,3,0,0,Rear-end,V1: Travelling straight ahead / V2: Slowing or stopped in traffic / V3: Slowing or stopped in traffic,V1: S  / V2: S  / V3: S,Dry,Dark - roadway not lighted,Clear,1.65,16.9,29,10,TRUE,41.90261276,-71.35590972
17333,1/6/2018,January,Saturday,10:59,1,2,0,0,Angle,V1: Entering traffic lane / V2: Entering traffic lane,V1: N  / V2: S,Slush,Daylight,Snow,0,0,13,3,TRUE,41.90081079,-71.36802017
17334,1/6/2018,January,Saturday,11:20,1,2,0,0,Angle,V1: Overtaking/passing / V2: Turning right,V1: E  / V2: E,Dry,Daylight,Clear,0,0,13,3,TRUE,41.93806811,-71.25073267
17335,1/6/2018,January,Saturday,13:58,1,2,0,0,"Sideswipe, same direction",V1: Travelling straight ahead / V2: Parked,V1: S  / V2: S,Dry,Daylight,Clear,0,0,13,3,TRUE,41.91758766,-71.35954517
17336,1/6/2018,January,Saturday,14:43,1,2,0,0,Rear-end,V1: Travelling straight ahead / V2: Travelling straight ahead,V1: S  / V2: S,Dry,Daylight,Clear,0,0,13,3,TRUE,41.92639157,-71.35556191
17337,1/6/2018,January,Saturday,23:14,2,2,1,0,Rear-end,V1: Travelling straight ahead / V2: Slowing or stopped in traffic,V1: S  / V2: S,Dry,Dark - lighted roadway,Clear,0,0,13,3,TRUE,41.9170943,-71.35975551
17338,1/7/2018,January,Sunday,2:35,1,1,0,0,Single vehicle crash,V1: Travelling straight ahead,V1: N,Snow,Dark - lighted roadway,Clear,0,0,11,-5,TRUE,41.96206395,-71.28805376
17339,1/7/2018,January,Sunday,13:10,1,3,0,0,Rear-end,V1: Slowing or stopped in traffic / V2: Slowing or stopped in traffic / V3: Travelling straight ahead,V1: N  / V2: N  / V3: N,Dry,Daylight,Clear,0,0,11,-5,TRUE,41.92967926,-71.35358763
17340,1/8/2018,January,Monday,6:50,1,3,0,0,Rear-end,V1: Travelling straight ahead / V2: Travelling straight ahead / V3: Slowing or stopped in traffic,V1: E  / V2: E  / V3: E,Dry,Daylight,Clear,0,0,22,-5,TRUE,41.93269195,-71.32821357
17341,1/8/2018,January,Monday,8:59,2,2,1,0,Angle,V1: Travelling straight ahead / V2: Entering traffic lane,V1: N  / V2: E,Dry,Daylight,Clear,0,0,22,-5,TRUE,41.94121777,-71.2768631
17342,1/8/2018,January,Monday,10:17,2,2,2,0,Head-on,V1: Travelling straight ahead / V2: Travelling straight ahead,V1: S  / V2: N,Wet,Daylight,Clear,0,0,22,-5,TRUE,41.91509496,-71.2575595
17343,1/8/2018,January,Monday,12:19,1,2,0,0,Rear-end,V1: Travelling straight ahead / V2: Slowing or stopped in traffic,V1: N  / V2: N,Dry,Daylight,Clear,0,0,22,-5,TRUE,41.91062135,-71.35825199
17344,1/8/2018,January,Monday,14:55,1,3,0,0,Angle,V1: Backing / V2: Travelling straight ahead / V3: Parked,V1: N  / V2: E  / V3: 0,Wet,Daylight,Cloudy,0,0,22,-5,TRUE,41.93662806,-71.30509744
17345,1/8/2018,January,Monday,16:34,1,2,0,0,Angle,V1: Turning left / V2: Travelling straight ahead,V1: W  / V2: N,Dry,Daylight,Cloudy,0,0,22,-5,TRUE,41.90677886,-71.3777755
17346,1/9/2018,January,Tuesday,14:14,1,2,0,0,Angle,V1: Travelling straight ahead / V2: Travelling straight ahead,V1: E  / V2: N,Dry,Daylight,Clear,0,0,35,21,TRUE,41.95435465,-71.2551507
17347,1/9/2018,January,Tuesday,16:23,1,2,0,0,Rear-end,V1: Travelling straight ahead / V2: Slowing or stopped in traffic,V1: E  / V2: E,Dry,Daylight,Clear,0,0,35,21,TRUE,41.94896349,-71.27713653
17348,1/9/2018,January,Tuesday,19:50,1,1,0,0,Single vehicle crash,V1: Entering traffic lane,V1: N,Slush,Dark - roadway not lighted,Clear,0,0,35,21,TRUE,34.24438675,-73.6513909
17349,1/10/2018,January,Wednesday,12:37,1,2,0,0,Angle,V1: Slowing or stopped in traffic / V2: Travelling straight ahead,V1: N  / V2: E,Dry,Daylight,Clear,0,0,42,15,TRUE,41.94379074,-71.29407807
17350,1/10/2018,January,Wednesday,12:37,1,2,0,0,Angle,V1: Slowing or stopped in traffic / V2: Travelling straight ahead,V1: E  / V2: S,Dry,Daylight,Clear,0,0,42,15,TRUE,41.91981411,-71.35860614
17351,1/10/2018,January,Wednesday,16:12,1,2,0,0,Single vehicle crash,V1: Leaving traffic lane / V2: Travelling straight ahead,V1: W  / V2: E,Dry,Daylight,Clear,0,0,42,15,TRUE,41.92387718,-71.35158914
17352,1/10/2018,January,Wednesday,16:12,1,1,0,0,Single vehicle crash,V1: Leaving traffic lane,V1: W,Dry,Daylight,Clear,0,0,42,15,TRUE,41.92387718,-71.35158914
17353,1/10/2018,January,Wednesday,16:24,1,2,0,0,"Sideswipe, same direction",V1: Entering traffic lane / V2: Travelling straight ahead,V1: N  / V2: N,Dry,Daylight,Clear,0,0,42,15,TRUE,41.92014284,-71.35719783
17354,1/10/2018,January,Wednesday,17:44,1,2,0,0,Rear-end,V1: Travelling straight ahead / V2: Slowing or stopped in traffic,V1: E  / V2: E,Dry,Dark - lighted roadway,Clear,0,0,42,15,TRUE,41.93874704,-71.29215576
17355,1/11/2018,January,Thursday,11:51,2,2,1,0,Rear-end,V1: Slowing or stopped in traffic / V2: Travelling straight ahead,V1: W  / V2: W,Dry,Daylight,Clear,0,0,37,16,TRUE,41.9341021,-71.30369928
17356,1/11/2018,January,Thursday,17:07,1,2,0,0,"Sideswipe, same direction",V1: Travelling straight ahead / V2: Changing lanes,V1: N  / V2: N,Dry,Dark - lighted roadway,Cloudy,0,0,37,16,TRUE,41.89863276,-71.35506105
17357,1/12/2018,January,Friday,8:05,1,2,0,0,"Sideswipe, same direction",V1: Travelling straight ahead / V2: Travelling straight ahead,V1: N  / V2: N,Dry,Daylight,Cloudy,0,0,51,31,TRUE,41.92886018,-71.3230987
17358,1/12/2018,January,Friday,13:39,2,2,3,0,Rear-end,V1: Slowing or stopped in traffic / V2: Travelling straight ahead,V1: W  / V2: W,Wet,Daylight,Cloudy/Rain,0,0,51,31,TRUE,41.93393836,-71.3077318
17359,1/12/2018,January,Friday,14:05,2,2,1,0,Angle,V1: Turning left / V2: Travelling straight ahead,V1: W  / V2: N,Wet,Daylight,Rain,0,0,51,31,TRUE,41.91555446,-71.36051036
17360,1/13/2018,January,Saturday,2:10,0,1,0,0,Single vehicle crash,V1: Travelling straight ahead,V1: S,Wet,Dark - roadway not lighted,Rain,3.45,0,63,50,FALSE,41.91229907,-71.33799712
17361,1/13/2018,January,Saturday,5:52,1,1,0,0,Single vehicle crash,V1: Travelling straight ahead,V1: N,"Water (standing, moving)",Dark - lighted roadway,Rain,3.45,0,63,50,FALSE,41.91063286,-71.30011454
17362,1/13/2018,January,Saturday,9:35,1,2,0,0,Rear-end,V1: Turning right / V2: Slowing or stopped in traffic,V1: E  / V2: E,Wet,Daylight,Rain,3.45,0,63,50,FALSE,41.97015292,-71.29135147
17363,1/13/2018,January,Saturday,12:12,1,2,0,0,Rear-end,V1: Turning left / V2: Parked,V1: S  / V2: 0,Dry,Daylight,Clear,3.45,0,63,50,FALSE,41.94188971,-71.28096806
17364,1/13/2018,January,Saturday,12:23,2,1,1,0,Single vehicle crash,V1: Travelling straight ahead,V1: N,Dry,Daylight,Clear,3.45,0,63,50,FALSE,41.94689945,-71.2828416
17365,1/13/2018,January,Saturday,15:44,2,2,2,0,Angle,V1: Turning left / V2: Travelling straight ahead,V1: W  / V2: S,Dry,Daylight,Clear,3.45,0,63,50,FALSE,41.90998013,-71.35802082
17366,1/13/2018,January,Saturday,20:19,1,1,0,0,Single vehicle crash,V1: Travelling straight ahead,V1: N,Ice,Dark - lighted roadway,Clear,3.45,0,63,50,FALSE,41.93712389,-71.24943494