ID,DATE,Month,Day of week,Crash Time,Crash Severity,Number of Vehicles,Total Nonfatal Injuries,Total Fatal Injuries,Manner of Collision,Vehicle Action Prior to Crash,Vehicle Travel Directions,Road Surface Condition,Ambient Light,Weather Condition,PRCP,SNOW,TMAX,TMIN,Ice,Longtitute,Latitute
17367,1/13/2018,January,Saturday,20:38,1,1,0,0,Single vehicle crash,V1: Travelling straight ahead,V1: W,Dry,Dark - lighted roadway,Clear,3.45,0,63,50,FALSE,41.95409121,-71.25652551
17368,1/14/2018,January,Sunday,3:30,1,2,0,0,"Sideswipe, same direction",V1: Travelling straight ahead / V2: Travelling straight ahead,V1: N  / V2: N,Dry,Dark - roadway not lighted,Cloudy,0,0,57,15,TRUE,41.95593405,-71.30346756
17369,1/14/2018,January,Sunday,15:09,1,2,0,0,Angle,V1: Turning right / V2: Travelling straight ahead,V1: N  / V2: N,Dry,Daylight,Clear,0,0,57,15,TRUE,41.94104078,-71.29346158
17370,1/14/2018,January,Sunday,18:45,2,1,1,0,Single vehicle crash,V1: Travelling straight ahead,V1: S,Dry,Dark - roadway not lighted,Clear,0,0,57,15,TRUE,41.93349673,-71.32022962
17371,1/14/2018,January,Sunday,20:34,2,1,1,0,Single vehicle crash,V1: Travelling straight ahead,V1: N,Dry,Dark - lighted roadway,Clear,0,0,57,15,TRUE,41.92890236,-71.35392825
17372,1/15/2018,January,Monday,11:21,1,2,0,0,Rear-end,V1: Travelling straight ahead / V2: Travelling straight ahead,V1: E  / V2: E,Dry,Daylight,Clear,0,0,24,14,TRUE,41.94983852,-71.2758895
17373,1/15/2018,January,Monday,15:38,1,2,0,0,Rear-end,V1: Slowing or stopped in traffic / V2: Travelling straight ahead,V1: S  / V2: S,Dry,Daylight,Clear,0,0,24,14,TRUE,41.93874704,-71.29215576
17374,1/15/2018,January,Monday,16:59,1,2,0,0,"Sideswipe, same direction",V1: Travelling straight ahead / V2: Turning right,V1: S  / V2: W,Dry,Dark - lighted roadway,Clear,0,0,24,14,TRUE,41.91822697,-71.35927551
17375,1/15/2018,January,Monday,17:52,1,2,0,0,Rear-end,V1: Slowing or stopped in traffic / V2: Travelling straight ahead,V1: W  / V2: W,Dry,Dark - lighted roadway,Clear,0,0,24,14,TRUE,41.92626385,-71.34598617
17376,1/16/2018,January,Tuesday,5:51,1,2,0,0,Rear-end,V1: Slowing or stopped in traffic / V2: Travelling straight ahead,V1: N  / V2: N,Dry,Dark - roadway not lighted,Cloudy,0,0,21,15,TRUE,41.95518928,-71.30389339
17377,1/16/2018,January,Tuesday,12:00,1,2,0,0,Rear-end,V1: Travelling straight ahead / V2: Parked,V1: N  / V2: N,Dry,Daylight,Cloudy,0,0,21,15,TRUE,41.95593405,-71.30346756
17378,1/16/2018,January,Tuesday,17:28,2,3,1,0,Angle,V1: Travelling straight ahead / V2: Slowing or stopped in traffic / V3: Turning left,V1: N  / V2: S  / V3: E,Dry,Dark - lighted roadway,Clear,0,0,21,15,TRUE,41.91653724,-71.36001753
17379,1/16/2018,January,Tuesday,18:13,2,1,1,0,Single vehicle crash,V1: Travelling straight ahead,V1: N,"Sand, mud, dirt, oil, gravel",Dark - lighted roadway,Clear,0,0,21,15,TRUE,41.93198004,-71.28646858
17380,1/17/2018,January,Wednesday,6:50,1,2,0,0,"Sideswipe, same direction",V1: Parked / V2: Turning right,V1: S  / V2: S,Wet,Dawn,Snow,0.02,0.3,36,20,TRUE,41.94450501,-71.28411703
17381,1/17/2018,January,Wednesday,9:21,1,1,0,0,Angle,V1: Turning left,V1: S,Ice,Daylight,Snow,0.02,0.3,36,20,TRUE,41.9201619,-71.32120842
17382,1/17/2018,January,Wednesday,10:16,1,2,0,0,Rear-to-rear,V1: Backing / V2: Slowing or stopped in traffic,V1: N  / V2: E,Snow,Daylight,Cloudy,0.02,0.3,36,20,TRUE,41.91295523,-71.27054752
17383,1/17/2018,January,Wednesday,11:18,1,2,0,0,Rear-end,V1: Slowing or stopped in traffic / V2: Slowing or stopped in traffic,V1: S  / V2: S,Wet,Daylight,Snow,0.02,0.3,36,20,TRUE,41.9693528,-71.29423459
17384,1/17/2018,January,Wednesday,11:46,1,2,0,0,"Sideswipe, same direction",V1: Travelling straight ahead / V2: Parked,V1: S  / V2: 0,Wet,Daylight,Snow,0.02,0.3,36,20,TRUE,41.94534658,-71.28354422
17385,1/17/2018,January,Wednesday,13:30,1,2,0,0,Angle,V1: Turning left / V2: Travelling straight ahead,V1: N  / V2: S,Dry,Daylight,Clear,0.02,0.3,36,20,TRUE,41.91026562,-71.36319441
17386,1/17/2018,January,Wednesday,15:05,1,1,0,0,Single vehicle crash,V1: Turning right,V1: N,Wet,Daylight,Cloudy/Rain,0.02,0.3,36,20,TRUE,41.90094549,-71.3587582
17387,1/17/2018,January,Wednesday,21:04,2,1,1,0,Single vehicle crash,V1: Travelling straight ahead,V1: E,Ice,Dark - lighted roadway,Cloudy,0.02,0.3,36,20,TRUE,41.91844688,-71.2557542
17388,1/18/2018,January,Thursday,7:38,1,1,0,0,Single vehicle crash,V1: Travelling straight ahead,V1: N,Dry,Daylight,Clear,0.18,1.3,34,19,TRUE,41.92886018,-71.3230987
17389,1/18/2018,January,Thursday,8:16,1,1,0,0,Single vehicle crash,V1: Travelling straight ahead,V1: N,Dry,Daylight,Clear,0.18,1.3,34,19,TRUE,41.90231844,-71.35595143
17390,1/18/2018,January,Thursday,9:56,2,1,1,0,Single vehicle crash,V1: Changing lanes,V1: S,Dry,Daylight,Clear,0.18,1.3,34,19,TRUE,41.92927403,-71.32377045
17391,1/18/2018,January,Thursday,18:54,2,2,1,0,Angle,V1: Travelling straight ahead / V2: Travelling straight ahead,V1: S  / V2: W,Dry,Dark - lighted roadway,Cloudy,0.18,1.3,34,19,TRUE,41.93524005,-71.27513601
17392,1/18/2018,January,Thursday,19:24,2,1,1,0,Single vehicle crash,V1: Backing,V1: S,Dry,Dark - lighted roadway,Clear,0.18,1.3,34,19,TRUE,34.24438675,-73.6513909
17393,1/19/2018,January,Friday,9:34,1,2,0,0,Angle,V1: Travelling straight ahead / V2: Entering traffic lane,V1: W  / V2: S,Dry,Daylight,Clear,0,0,34,18,TRUE,41.93350865,-71.30005347
17394,1/19/2018,January,Friday,11:39,1,2,0,0,Rear-end,V1: Travelling straight ahead / V2: Travelling straight ahead,V1: W  / V2: W,Dry,Daylight,Clear,0,0,34,18,TRUE,41.94313451,-71.27152156
17395,1/19/2018,January,Friday,19:09,1,2,0,0,"Sideswipe, same direction",V1: Travelling straight ahead / V2: Travelling straight ahead,V1: E  / V2: E,Dry,Dark - lighted roadway,Clear,0,0,34,18,TRUE,41.93404812,-71.31577712
17396,1/20/2018,January,Saturday,12:39,1,2,0,0,Angle,V1: Changing lanes / V2: Travelling straight ahead,V1: W  / V2: W,Dry,Daylight,Cloudy,0,0,36,19,TRUE,41.93392895,-71.32206493
17397,1/20/2018,January,Saturday,21:50,2,3,1,0,Rear-end,V1: Travelling straight ahead / V2: Slowing or stopped in traffic / V3: Slowing or stopped in traffic,V1: N  / V2: N  / V3: N,Dry,Dark - roadway not lighted,Clear,0,0,36,19,TRUE,41.95593405,-71.30346756
17398,1/20/2018,January,Saturday,23:22,1,1,0,0,Single vehicle crash,V1: Travelling straight ahead,V1: N,Dry,Dark - 0 roadway lighting,Clear,0,0,36,19,TRUE,41.91303732,-71.37246551
17399,1/21/2018,January,Sunday,12:04,1,2,0,0,Rear-end,V1: Travelling straight ahead / V2: Slowing or stopped in traffic,V1: S  / V2: S,Dry,Daylight,Clear,0,0,50,27,TRUE,41.91420591,-71.36119762
17400,1/21/2018,January,Sunday,12:34,1,2,0,0,Rear-end,V1: Travelling straight ahead / V2: Slowing or stopped in traffic,V1: W  / V2: W,Dry,Daylight,Clear,0,0,50,27,TRUE,41.94468022,-71.28325128
17401,1/22/2018,January,Monday,7:17,1,2,0,0,Rear-end,V1: Travelling straight ahead / V2: Slowing or stopped in traffic,V1: N  / V2: N,Dry,Daylight,Clear,0,0,49,27,TRUE,34.24438675,-73.6513909
17402,1/22/2018,January,Monday,7:34,1,2,0,0,Angle,V1: Turning left / V2: Travelling straight ahead,V1: S  / V2: E,Wet,Daylight,Rain,0,0,49,27,TRUE,41.90938582,-71.36750059
17403,1/22/2018,January,Monday,7:39,1,2,0,0,"Sideswipe, same direction",V1: Overtaking/passing / V2: Entering traffic lane,V1: S  / V2: S,Wet,Daylight,Cloudy/Rain,0,0,49,27,TRUE,41.93400377,-71.31615871
17404,1/23/2018,January,Tuesday,7:25,1,2,0,0,Angle,V1: Turning left / V2: Travelling straight ahead,V1: E  / V2: S,Wet,Daylight,Cloudy,0.13,0,38,33,FALSE,41.96712418,-71.29097941
17405,1/23/2018,January,Tuesday,15:46,1,2,0,0,Single vehicle crash,V1: Slowing or stopped in traffic / V2: Travelling straight ahead,V1: N  / V2: N,Wet,Daylight,Cloudy,0.13,0,38,33,FALSE,41.90217475,-71.35579772
17406,1/23/2018,January,Tuesday,17:00,2,1,1,0,Single vehicle crash,V1: Travelling straight ahead,V1: W,Wet,Dark - lighted roadway,Rain,0.13,0,38,33,FALSE,41.9483337,-71.27794679
17407,1/23/2018,January,Tuesday,21:49,1,2,0,0,Angle,V1: Slowing or stopped in traffic / V2: Overtaking/passing,V1: E  / V2: E,Wet,Dark - lighted roadway,Clear,0.13,0,38,33,FALSE,41.89749762,-71.37501774
17408,1/24/2018,January,Wednesday,17:19,1,1,0,0,Single vehicle crash,V1: Travelling straight ahead,V1: N,Dry,Dark - lighted roadway,Clear,1.32,0,56,36,FALSE,41.92479802,-71.32149653
17409,1/24/2018,January,Wednesday,18:27,1,2,0,0,"Sideswipe, same direction",V1: Travelling straight ahead / V2: Travelling straight ahead,V1: E  / V2: E,Dry,Dark - lighted roadway,Clear,1.32,0,56,36,FALSE,41.92014284,-71.35719783
17410,1/24/2018,January,Wednesday,18:50,1,2,0,0,"Sideswipe, same direction",V1: Changing lanes / V2: Travelling straight ahead,V1: W  / V2: W,Dry,Dark - lighted roadway,Clear,1.32,0,56,36,FALSE,41.93405012,-71.31579284
17411,1/24/2018,January,Wednesday,23:13,1,2,0,0,Angle,V1: Travelling straight ahead / V2: Turning left,V1: E  / V2: W,Dry,Dark - lighted roadway,Clear,1.32,0,56,36,FALSE,41.92675288,-71.34334435
17412,1/25/2018,January,Thursday,10:05,1,2,0,0,Rear-end,V1: Slowing or stopped in traffic / V2: Entering traffic lane,V1: W  / V2: W,Dry,Daylight,Clear,0,0,40,18,TRUE,41.93409799,-71.31895722
17413,1/25/2018,January,Thursday,12:30,1,2,0,0,0,V1: Travelling straight ahead / V2: Travelling straight ahead,V1: S  / V2: S,Dry,Daylight,Clear,0,0,40,18,TRUE,41.92927403,-71.32377045
17414,1/25/2018,January,Thursday,15:05,1,2,0,0,Rear-end,V1: Travelling straight ahead / V2: Slowing or stopped in traffic,V1: E  / V2: E,Dry,Daylight,Clear,0,0,40,18,TRUE,41.93393836,-71.3077318
17415,1/26/2018,January,Friday,15:28,1,2,0,0,Rear-end,V1: Travelling straight ahead / V2: Slowing or stopped in traffic,V1: N  / V2: N,Dry,Daylight,Clear,0,0,31,18,TRUE,41.95519176,-71.30245869
17416,1/27/2018,January,Saturday,14:35,2,2,2,0,Angle,V1: Travelling straight ahead / V2: Turning left,V1: S  / V2: W,Dry,Daylight,Clear,0,0,34,12,TRUE,41.90998013,-71.35802082
17417,1/27/2018,January,Saturday,16:50,1,2,0,0,"Sideswipe, same direction",V1: Slowing or stopped in traffic / V2: Turning right,V1: E  / V2: E,Dry,Daylight,Clear,0,0,34,12,TRUE,41.9446632,-71.28341486
17418,1/27/2018,January,Saturday,20:30,1,1,0,0,Single vehicle crash,V1: Travelling straight ahead,V1: S,Dry,Dark - roadway not lighted,Clear,0,0,34,12,TRUE,41.95435147,-71.30198171
17419,1/29/2018,January,Monday,10:01,1,2,0,0,Rear-end,V1: Slowing or stopped in traffic / V2: Slowing or stopped in traffic,V1: W  / V2: W,Dry,Daylight,Cloudy,0.04,0,48,35,FALSE,41.96938204,-71.29418835
17420,1/30/2018,January,Tuesday,5:26,1,2,0,0,Rear-end,V1: Slowing or stopped in traffic / V2: Slowing or stopped in traffic,V1: N  / V2: N,Snow,Dark - roadway not lighted,Snow,0.2,3.8,40,20,TRUE,41.90231844,-71.35595143
17421,1/30/2018,January,Tuesday,8:02,1,1,0,0,Single vehicle crash,V1: Travelling straight ahead,V1: W,Snow,Daylight,Snow,0.2,3.8,40,20,TRUE,41.95484304,-71.28856385
17422,1/30/2018,January,Tuesday,11:49,1,1,0,0,Single vehicle crash,V1: Travelling straight ahead,V1: W,Snow,Daylight,Cloudy,0.2,3.8,40,20,TRUE,41.90920784,-71.28653384
17423,1/31/2018,January,Wednesday,15:14,1,2,0,0,Angle,V1: Turning left / V2: Travelling straight ahead,V1: E  / V2: W,Dry,Daylight,Clear,0.08,2.2,29,13,TRUE,41.91981411,-71.35860614
17424,1/31/2018,January,Wednesday,21:32,2,1,1,0,Single vehicle crash,V1: Travelling straight ahead,V1: W,Dry,Dark - lighted roadway,Clear,0.08,2.2,29,13,TRUE,41.95403099,-71.25953005
17425,2/1/2018,February,Thursday,22:51,1,1,0,0,Single vehicle crash,V1: Travelling straight ahead,V1: S,Wet,Dark - roadway not lighted,Rain,0,0,33,12,TRUE,41.89861001,-71.36943215
17426,2/3/2018,February,Saturday,1:35,2,1,1,0,Single vehicle crash,V1: Travelling straight ahead,V1: S,Dry,Dark - lighted roadway,Clear,0.03,0.3,33,7,TRUE,41.9502561,-71.30585136
17427,2/3/2018,February,Saturday,19:38,1,2,0,0,Angle,V1: Travelling straight ahead / V2: Turning left,V1: S  / V2: W,Dry,Dark - lighted roadway,Clear,0.03,0.3,33,7,TRUE,41.90086769,-71.36799095
17428,2/4/2018,February,Sunday,10:03,1,2,0,0,Angle,V1: Travelling straight ahead / V2: Travelling straight ahead,V1: N  / V2: E,Dry,Daylight,Cloudy,0,0,31,9,TRUE,41.95250372,-71.27005525
17429,2/5/2018,February,Monday,1:47,2,1,1,0,Single vehicle crash,V1: Travelling straight ahead,V1: N,Wet,Dark - roadway not lighted,Rain,0.84,0,47,31,TRUE,41.96275679,-71.29887872
17430,2/5/2018,February,Monday,9:30,1,2,0,0,Angle,V1: Travelling straight ahead / V2: Slowing or stopped in traffic,V1: W  / V2: S,Dry,Daylight,Clear,0.84,0,47,31,TRUE,41.94396167,-71.27662963
17431,2/5/2018,February,Monday,15:28,1,2,0,0,Rear-end,V1: Travelling straight ahead / V2: Slowing or stopped in traffic,V1: E  / V2: E,Dry,Daylight,Clear,0.84,0,47,31,TRUE,41.93359015,-71.30040441
17432,2/5/2018,February,Monday,16:24,1,2,0,0,Angle,V1: Backing / V2: Travelling straight ahead,V1: E  / V2: N,Dry,Daylight,Clear,0.84,0,47,31,TRUE,41.90564025,-71.35665923
17433,2/7/2018,February,Wednesday,2:51,1,1,0,0,Single vehicle crash,V1: Travelling straight ahead,V1: N,Dry,Dark - lighted roadway,Clear,0,0,34,19,TRUE,41.90682608,-71.35698151
17434,2/7/2018,February,Wednesday,3:35,1,2,0,0,Angle,V1: Entering traffic lane / V2: Travelling straight ahead,V1: E  / V2: S,Dry,Dark - lighted roadway,Clear,0,0,34,19,TRUE,41.96419273,-71.28929449
17435,2/7/2018,February,Wednesday,11:51,2,1,1,0,Single vehicle crash,V1: Travelling straight ahead,V1: W,Snow,Daylight,Snow,0,0,34,19,TRUE,41.95484304,-71.28856385
17436,2/7/2018,February,Wednesday,11:57,1,1,0,0,Single vehicle crash,V1: Travelling straight ahead,V1: N,Snow,Daylight,Snow,0,0,34,19,TRUE,41.89863276,-71.35506105
17437,2/8/2018,February,Thursday,11:46,1,2,0,0,"Sideswipe, opposite direction",V1: Travelling straight ahead / V2: Travelling straight ahead,V1: N  / V2: W,Dry,Daylight,Clear,0.58,0.6,46,20,TRUE,41.94188971,-71.28096806
17438,2/8/2018,February,Thursday,18:18,1,2,0,0,Rear-end,V1: Entering traffic lane / V2: Entering traffic lane,V1: S  / V2: S,Dry,Dark - lighted roadway,Clear,0.58,0.6,46,20,TRUE,41.97015292,-71.29135147
17439,2/8/2018,February,Thursday,23:45,2,2,1,0,Rear-end,V1: Parked / V2: Changing lanes,V1: S  / V2: S,Dry,Dark - roadway not lighted,Clear,0.58,0.6,46,20,TRUE,41.91542575,-71.33562969
17440,2/9/2018,February,Friday,17:15,1,2,0,0,Angle,V1: Entering traffic lane / V2: Travelling straight ahead,V1: N  / V2: W,Dry,Dark - lighted roadway,Clear,0,0,32,17,TRUE,41.93348005,-71.29992568
17441,2/9/2018,February,Friday,21:14,1,2,0,0,Angle,V1: Travelling straight ahead / V2: Travelling straight ahead,V1: E  / V2: N,Dry,Dark - lighted roadway,Clear,0,0,32,17,TRUE,41.93830895,-71.28203041
17442,2/10/2018,February,Saturday,11:51,2,2,1,0,Angle,V1: Turning left / V2: Travelling straight ahead,V1: W  / V2: N,Wet,Daylight,Cloudy,0.01,0,36,17,TRUE,41.9472108,-71.28786501
17443,2/10/2018,February,Saturday,18:57,1,2,0,0,Rear-end,V1: Entering traffic lane / V2: Travelling straight ahead,V1: S  / V2: S,Dry,Dark - lighted roadway,Clear,0.01,0,36,17,TRUE,41.94245198,-71.28698244
17444,2/11/2018,February,Sunday,14:13,1,2,0,0,Angle,V1: Changing lanes / V2: Travelling straight ahead,V1: S  / V2: S,Wet,Daylight,Rain,0.56,0,53,36,FALSE,41.91230639,-71.36215607
17445,2/12/2018,February,Monday,11:24,1,2,0,0,"Sideswipe, opposite direction",V1: Travelling straight ahead / V2: Turning left,V1: W  / V2: E,Dry,Daylight,Cloudy,0.87,0,55,40,FALSE,41.89832132,-71.35496031
17446,2/12/2018,February,Monday,18:30,1,1,0,0,0,V1: Travelling straight ahead,V1: N,Dry,Dark - lighted roadway,Clear,0.87,0,55,40,FALSE,41.92433756,-71.31048589
17447,2/13/2018,February,Tuesday,17:01,1,2,0,0,Angle,V1: Slowing or stopped in traffic / V2: Slowing or stopped in traffic,V1: W  / V2: N,Dry,Daylight,Clear,0,0,45,24,TRUE,41.93601097,-71.28269451
17448,2/14/2018,February,Wednesday,12:35,1,2,0,0,"Sideswipe, same direction",V1: Changing lanes / V2: Travelling straight ahead,V1: S  / V2: S,Dry,Daylight,Cloudy,0,0,35,24,TRUE,41.92970479,-71.35357644
17449,2/14/2018,February,Wednesday,18:44,2,2,2,0,Rear-end,V1: Entering traffic lane / V2: Entering traffic lane,V1: S  / V2: S,Dry,Dark - lighted roadway,Clear,0,0,35,24,TRUE,41.97015292,-71.29135147
17450,2/15/2018,February,Thursday,15:34,1,2,0,0,Angle,V1: Travelling straight ahead / V2: Turning left,V1: E  / V2: N,Dry,Daylight,Clear,0.05,0,51,29,TRUE,41.93386542,-71.30225536
17451,2/16/2018,February,Friday,7:07,1,3,0,0,Rear-end,V1: Travelling straight ahead / V2: Slowing or stopped in traffic / V3: Slowing or stopped in traffic,V1: N  / V2: N  / V3: N,Dry,Daylight,Cloudy,0.15,0,48,40,FALSE,41.91760691,-71.31957433
17452,2/17/2018,February,Saturday,12:45,2,3,1,0,Rear-end,V1: Travelling straight ahead / V2: Slowing or stopped in traffic / V3: Slowing or stopped in traffic,V1: N  / V2: N  / V3: N,Dry,Daylight,Clear,0,0,53,24,TRUE,41.9210426,-71.35807244
17453,2/17/2018,February,Saturday,19:47,1,2,0,0,Rear-end,V1: Overtaking/passing / V2: Parked,V1: S  / V2: S,Dry,Dark - lighted roadway,Cloudy,0,0,53,24,TRUE,41.948413,-71.29735042
17454,2/17/2018,February,Saturday,23:22,2,1,1,0,Single vehicle crash,V1: Travelling straight ahead,V1: S,Snow,Dark - lighted roadway,Snow,0,0,53,24,TRUE,41.92571375,-71.34153106
17455,2/18/2018,February,Sunday,0:40,1,1,0,0,Single vehicle crash,V1: Travelling straight ahead,V1: N,Snow,Dark - lighted roadway,Snow,0.63,5.9,41,25,TRUE,41.94831786,-71.29722706
17456,2/18/2018,February,Sunday,3:50,1,2,0,0,"Sideswipe, same direction",V1: Travelling straight ahead / V2: Travelling straight ahead,V1: N  / V2: N,Snow,Dark - roadway not lighted,Snow,0.63,5.9,41,25,TRUE,41.92886018,-71.3230987
17457,2/18/2018,February,Sunday,7:18,2,1,1,0,Single vehicle crash,V1: Travelling straight ahead,V1: E,Snow,Daylight,Clear,0.63,5.9,41,25,TRUE,41.90921601,-71.29470337
17458,2/18/2018,February,Sunday,10:05,2,2,1,0,Angle,V1: Travelling straight ahead / V2: Travelling straight ahead,V1: N  / V2: W,Dry,Daylight,Clear,0.63,5.9,41,25,TRUE,41.94472176,-71.2812504
17459,2/19/2018,February,Monday,18:19,1,1,0,0,Single vehicle crash,V1: Travelling straight ahead,V1: N,Wet,Dark - lighted roadway,Rain,0,0,44,21,TRUE,41.93175804,-71.28510749
17460,2/19/2018,February,Monday,19:35,2,1,1,0,0,V1: Travelling straight ahead,V1: N,Wet,Dark - lighted roadway,Rain,0,0,44,21,TRUE,41.89541252,-71.37076533
17461,2/19/2018,February,Monday,20:49,2,2,3,0,Angle,V1: Travelling straight ahead / V2: Changing lanes,V1: S  / V2: S,Wet,Dark - roadway not lighted,Rain,0,0,44,21,TRUE,41.90255025,-71.35612621
17462,2/19/2018,February,Monday,21:55,1,3,0,0,Rear-end,V1: Slowing or stopped in traffic / V2: Changing lanes / V3: Travelling straight ahead,V1: S  / V2: S  / V3: S,Wet,Dark - roadway not lighted,Rain,0,0,44,21,TRUE,41.92927403,-71.32377045
17463,2/20/2018,February,Tuesday,13:35,2,1,1,0,Single vehicle crash,V1: Travelling straight ahead,V1: N,Dry,Daylight,Clear,0.06,0,50,23,TRUE,41.94872235,-71.28913727
17464,2/21/2018,February,Wednesday,8:36,1,1,0,0,Single vehicle crash,V1: Travelling straight ahead,V1: N,Dry,Daylight,Cloudy,0,0,66,49,FALSE,41.92734628,-71.34208364
17465,2/21/2018,February,Wednesday,16:27,1,2,0,0,Rear-end,V1: Slowing or stopped in traffic / V2: Slowing or stopped in traffic,V1: W  / V2: W,Dry,Daylight,Clear,0,0,66,49,FALSE,41.91200776,-71.25878583
17466,2/21/2018,February,Wednesday,18:45,1,2,0,0,Angle,V1: Turning left / V2: Travelling straight ahead,V1: E  / V2: W,Dry,Dark - lighted roadway,Clear,0,0,66,49,FALSE,41.93404812,-71.31577712
17467,2/22/2018,February,Thursday,16:25,1,2,0,0,"Sideswipe, same direction",V1: Turning left / V2: Overtaking/passing,V1: S  / V2: S,Wet,Daylight,Snow,0,0,67,43,FALSE,41.93355292,-71.30801541
17468,2/22/2018,February,Thursday,17:04,1,2,0,0,Rear-end,V1: Travelling straight ahead / V2: Slowing or stopped in traffic,V1: N  / V2: N,Wet,Dark - lighted roadway,Rain,0,0,67,43,FALSE,41.91619723,-71.35885587
17469,2/22/2018,February,Thursday,22:45,2,3,1,0,Angle,V1: Travelling straight ahead / V2: Leaving traffic lane / V3: Leaving traffic lane,V2: W  / V3: W,Dry,Dark - lighted roadway,Clear,0,0,67,43,FALSE,41.89716151,-71.37384288
17470,2/23/2018,February,Friday,12:34,1,1,0,0,Single vehicle crash,V1: Travelling straight ahead,V1: N,Dry,Daylight,Cloudy,0.05,0.4,44,30,TRUE,41.94335176,-71.28572858
17471,2/23/2018,February,Friday,14:52,1,2,0,0,Angle,V1: Turning left / V2: Travelling straight ahead,V1: W  / V2: N,Wet,Daylight,Cloudy/Rain,0.05,0.4,44,30,TRUE,41.93732881,-71.28475709
17472,2/23/2018,February,Friday,15:20,1,2,0,0,Angle,V1: Travelling straight ahead / V2: Travelling straight ahead,V1: S  / V2: E,Wet,Daylight,Cloudy/Rain,0.05,0.4,44,30,TRUE,41.90623716,-71.35682302
17473,2/23/2018,February,Friday,15:47,2,2,1,0,Rear-end,V1: Travelling straight ahead / V2: Travelling straight ahead,V1: S  / V2: S,Dry,Daylight,Clear,0.05,0.4,44,30,TRUE,41.89943477,-71.35526012
17474,2/23/2018,February,Friday,16:07,1,1,0,0,Single vehicle crash,V1: Travelling straight ahead,V1: N,Wet,Daylight,Cloudy/Rain,0.05,0.4,44,30,TRUE,41.91996876,-71.29872078
17475,2/23/2018,February,Friday,16:19,2,2,2,0,Rear-end,V1: Travelling straight ahead / V2: Slowing or stopped in traffic,V1: E  / V2: E,Dry,Daylight,Clear,0.05,0.4,44,30,TRUE,41.93397761,-71.31903245
17476,2/23/2018,February,Friday,16:55,1,2,0,0,Rear-end,V1: Travelling straight ahead / V2: Slowing or stopped in traffic,V1: E  / V2: E,Dry,Daylight,Cloudy,0.05,0.4,44,30,TRUE,41.93400102,-71.313274
17477,2/24/2018,February,Saturday,11:44,2,1,2,0,Single vehicle crash,V1: Changing lanes,V1: N,0,Daylight,Clear,0.3,0,43,31,TRUE,41.92886018,-71.3230987
17478,2/24/2018,February,Saturday,11:44,1,2,0,0,Rear-end,V1: Slowing or stopped in traffic / V2: Travelling straight ahead,V1: N  / V2: N,Dry,Daylight,Clear,0.3,0,43,31,TRUE,41.92886018,-71.3230987
17479,2/24/2018,February,Saturday,16:14,1,2,0,0,Angle,V1: Turning left / V2: Travelling straight ahead,V1: E  / V2: N,Wet,Daylight,Rain,0.3,0,43,31,TRUE,41.90086769,-71.36799095
17480,2/24/2018,February,Saturday,22:16,1,3,0,0,Angle,V1: Travelling straight ahead / V2: Travelling straight ahead / V3: Parked,V1: E  / V2: N  / V3: U,Dry,Dark - lighted roadway,Clear,0.3,0,43,31,TRUE,41.93830895,-71.28203041
17481,2/25/2018,February,Sunday,18:00,2,2,1,0,Rear-to-rear,V1: Backing / V2: Parked,V1: E  / V2: E,Dry,Dark - lighted roadway,Cloudy,0.1,0,58,36,FALSE,34.24438675,-73.6513909
17482,2/26/2018,February,Monday,8:20,1,2,0,0,Rear-end,V1: Slowing or stopped in traffic / V2: Travelling straight ahead,V1: N  / V2: N,Dry,Daylight,Clear,0.6,0,41,36,FALSE,41.95428876,-71.31194291
17483,2/26/2018,February,Monday,16:17,1,2,0,0,Rear-end,V1: Travelling straight ahead / V2: Slowing or stopped in traffic,V1: W  / V2: W,Dry,Daylight,Clear,0.6,0,41,36,FALSE,41.93348005,-71.29992568
17484,2/27/2018,February,Tuesday,14:04,1,2,0,0,"Sideswipe, same direction",V1: Turning left / V2: Turning left,V1: N  / V2: N,Dry,Daylight,Clear,0,0,50,30,TRUE,41.9693978,-71.29147118
17485,2/27/2018,February,Tuesday,15:05,2,2,1,0,"Sideswipe, opposite direction",V1: Travelling straight ahead / V2: Travelling straight ahead,V1: S  / V2: E,Dry,Daylight,Clear,0,0,50,30,TRUE,41.93806227,-71.29125944
17486,2/27/2018,February,Tuesday,16:43,1,2,0,0,Rear-end,V1: Travelling straight ahead / V2: Travelling straight ahead,V1: S  / V2: S,Dry,Daylight,Clear,0,0,50,30,TRUE,41.9250735,-71.35622629
17487,2/28/2018,February,Wednesday,11:19,1,2,0,0,"Sideswipe, same direction",V2: Parked / V1: Turning left,V2: 0 / V1: E,Dry,Daylight,Clear,0,0,53,30,TRUE,41.93437326,-71.26169339
17488,3/1/2018,March,Thursday,8:18,1,1,0,0,Single vehicle crash,V1: Backing,V1: S,Dry,Daylight,Clear,0,0,58,36,FALSE,41.94291036,-71.28375441
17489,3/1/2018,March,Thursday,12:27,1,2,0,0,Rear-end,V1: Travelling straight ahead / V2: Travelling straight ahead,V1: E  / V2: E,Dry,Daylight,Clear,0,0,58,36,FALSE,41.97015292,-71.29135147