ID,DATE,Month,Day of week,Crash Time,Crash Severity,Number of Vehicles,Total Nonfatal Injuries,Total Fatal Injuries,Manner of Collision,Vehicle Action Prior to Crash,Vehicle Travel Directions,Road Surface Condition,Ambient Light,Weather Condition,PRCP,SNOW,TMAX,TMIN,Ice,Longtitute,Latitute
17490,3/1/2018,March,Thursday,13:50,1,2,0,0,"Sideswipe, same direction",V1: Changing lanes / V2: Travelling straight ahead,V1: S  / V2: S,Dry,Daylight,Clear,0,0,58,36,FALSE,41.9250735,-71.35622629
17491,3/1/2018,March,Thursday,14:24,2,1,1,0,Single vehicle crash,V1: Travelling straight ahead,V1: N,Dry,Daylight,Clear,0,0,58,36,FALSE,41.94705951,-71.27957967
17492,3/1/2018,March,Thursday,17:22,1,2,0,0,"Sideswipe, same direction",V1: Turning left / V2: Overtaking/passing,V1: S  / V2: S,Dry,Dark - lighted roadway,Clear,0,0,58,36,FALSE,41.92183434,-71.31401063
17493,3/1/2018,March,Thursday,20:19,2,1,1,0,Single vehicle crash,V1: Travelling straight ahead,V1: N,Dry,Dark - lighted roadway,Clear,0,0,58,36,FALSE,41.9094248,-71.2682418
17494,3/2/2018,March,Friday,15:33,2,1,1,0,Single vehicle crash,V1: Travelling straight ahead,V1: N,Wet,Daylight,Rain,0.38,0,64,36,FALSE,41.91138357,-71.32740392
17495,3/2/2018,March,Friday,17:05,1,2,0,0,Angle,V1: Travelling straight ahead / V2: Travelling straight ahead,V1: W  / V2: S,Wet,Daylight,Rain,0.38,0,64,36,FALSE,41.93503657,-71.2848971
17496,3/3/2018,March,Saturday,5:09,1,1,0,0,Single vehicle crash,V1: Travelling straight ahead,V1: W,Wet,Dark - roadway not lighted,Rain,3.39,0,43,33,FALSE,41.90464471,-71.36661431
17497,3/3/2018,March,Saturday,6:58,1,1,0,0,Single vehicle crash,V1: Travelling straight ahead,V1: W,Wet,Dark - 0 roadway lighting,Rain,3.39,0,43,33,FALSE,41.93207931,-71.29280404
17498,3/3/2018,March,Saturday,10:38,1,1,0,0,Single vehicle crash,V1: Travelling straight ahead,V1: N,Dry,Daylight,Cloudy,3.39,0,43,33,FALSE,41.92841414,-71.22407131
17499,3/3/2018,March,Saturday,11:48,1,2,0,0,Angle,V1: Backing / V2: Parked,V1: S  / V2: E,Dry,Daylight,Cloudy,3.39,0,43,33,FALSE,41.95456098,-71.28676963
17500,3/6/2018,March,Tuesday,13:22,1,2,0,0,Angle,V1: Travelling straight ahead / V2: Travelling straight ahead,V1: W  / V2: N,Dry,Daylight,Clear,0,0,44,32,TRUE,41.94313451,-71.27152156
17501,3/6/2018,March,Tuesday,16:16,1,2,0,0,Rear-end,V1: Slowing or stopped in traffic / V2: Slowing or stopped in traffic,V1: E  / V2: E,Dry,Daylight,Cloudy,0,0,44,32,TRUE,41.89940807,-71.35525765
17502,3/6/2018,March,Tuesday,17:38,1,2,0,0,Angle,V1: Turning left / V2: Travelling straight ahead,V1: E  / V2: S,Dry,Dark - lighted roadway,Cloudy,0,0,44,32,TRUE,41.9110765,-71.36278231
17503,3/7/2018,March,Wednesday,15:25,2,1,1,0,0,V1: Travelling straight ahead,V1: E,Wet,Daylight,Cloudy/Rain,0,0,37,32,TRUE,41.9664474,-71.29541252
17504,3/8/2018,March,Thursday,5:39,0,1,0,0,Single vehicle crash,V1: 0,V1: E,Snow,Dark - lighted roadway,Snow,1.69,5.7,38,30,TRUE,41.94845803,-71.30212015
17505,3/8/2018,March,Thursday,11:47,1,1,0,0,Single vehicle crash,V1: Slowing or stopped in traffic,V1: S,Snow,Dark - lighted roadway,Snow,1.69,5.7,38,30,TRUE,41.96939377,-71.29355357
17506,3/9/2018,March,Friday,9:28,1,2,0,0,Angle,V1: Travelling straight ahead / V2: Travelling straight ahead,V1: W  / V2: S,Dry,Daylight,Cloudy,0,0,41,27,TRUE,41.94161856,-71.27925093
17507,3/9/2018,March,Friday,16:08,2,2,2,0,Angle,V1: Travelling straight ahead / V2: Entering traffic lane,V1: S  / V2: N,Dry,Daylight,Clear,0,0,41,27,TRUE,41.92387717,-71.35158914
17508,3/9/2018,March,Friday,20:06,1,2,0,0,"Sideswipe, same direction",V1: Travelling straight ahead / V2: Travelling straight ahead,V1: N  / V2: N,Dry,Daylight,Clear,0,0,41,27,TRUE,41.96712418,-71.29097941
17509,3/10/2018,March,Saturday,16:09,1,2,0,0,"Sideswipe, same direction",V1: Parked / V2: Travelling straight ahead,V1: U  / V2: U,Dry,Daylight,Clear,0,0,38,30,TRUE,41.92349936,-71.35691944
17510,3/10/2018,March,Saturday,18:01,1,2,0,0,Rear-end,V1: Slowing or stopped in traffic / V2: Slowing or stopped in traffic,V1: S  / V2: S,Dry,Dark - lighted roadway,Clear,0,0,38,30,TRUE,41.90257898,-71.35602542
17511,3/11/2018,March,Sunday,0:57,2,1,1,0,Single vehicle crash,V1: Travelling straight ahead,V1: E,Dry,Dark - lighted roadway,Clear,0,0,41,28,TRUE,41.90198819,-71.36742244
17512,3/11/2018,March,Sunday,15:54,1,2,0,0,"Sideswipe, same direction",V1: Leaving traffic lane / V2: Travelling straight ahead,V1: N  / V2: N,Dry,Daylight,Cloudy,0,0,41,28,TRUE,41.90998013,-71.35802082
17513,3/11/2018,March,Sunday,19:32,1,2,0,0,Rear-end,V1: Travelling straight ahead / V2: Parked,V1: W  / V2: W,Dry,Dark - lighted roadway,Clear,0,0,41,28,TRUE,41.95466343,-71.28744241
17514,3/12/2018,March,Monday,3:05,1,2,0,0,"Sideswipe, same direction",V1: Changing lanes / V2: Travelling straight ahead,V1: S  / V2: S,Dry,Dark - roadway not lighted,Clear,0,0,47,25,TRUE,41.94575072,-71.31088316
17515,3/12/2018,March,Monday,10:41,1,1,0,0,Single vehicle crash,V1: Backing,V1: S,Dry,Daylight,Clear,0,0,47,25,TRUE,41.93289111,-71.28858206
17516,3/12/2018,March,Monday,11:26,1,2,0,0,"Sideswipe, same direction",V1: Changing lanes / V2: Travelling straight ahead,V1: N  / V2: N,Dry,Daylight,Cloudy,0,0,47,25,TRUE,41.92967926,-71.35358763
17517,3/12/2018,March,Monday,18:14,1,2,0,0,Rear-end,V1: Slowing or stopped in traffic / V2: Travelling straight ahead,V1: N  / V2: N,Dry,Dark - lighted roadway,Clear,0,0,47,25,TRUE,41.91230639,-71.36215607
17518,3/13/2018,March,Tuesday,10:55,1,1,0,0,Single vehicle crash,V1: Travelling straight ahead,V1: S,Snow,Daylight,Snow,0.57,2,45,26,TRUE,41.94835469,-71.28183491
17519,3/13/2018,March,Tuesday,12:23,1,2,0,0,Rear-end,V1: Travelling straight ahead / V2: Backing,V1: N  / V2: W,Snow,Daylight,Snow,0.57,2,45,26,TRUE,41.9141107,-71.37253574
17520,3/13/2018,March,Tuesday,13:18,2,2,1,0,Angle,V1: Travelling straight ahead / V2: Travelling straight ahead,V1: S  / V2: W,Snow,Daylight,Snow,0.57,2,45,26,TRUE,41.95428602,-71.28497548
17521,3/13/2018,March,Tuesday,15:41,2,2,1,0,Angle,V1: Travelling straight ahead / V2: Overtaking/passing,V1: E  / V2: S,Snow,Daylight,Snow,0.57,2,45,26,TRUE,41.95076301,-71.27397064
17522,3/14/2018,March,Wednesday,12:11,1,2,0,0,Rear-end,V1: Travelling straight ahead / V2: Turning left,V1: N  / V2: N,Dry,Daylight,Clear,0.98,13.6,32,26,TRUE,41.93118399,-71.26031362
17523,3/14/2018,March,Wednesday,12:19,1,2,0,0,"Sideswipe, same direction",V1: Entering traffic lane / V2: Parked,V1: S  / V2: S,Wet,Daylight,Clear,0.98,13.6,32,26,TRUE,34.24438675,-73.6513909
17524,3/14/2018,March,Wednesday,12:54,1,2,0,0,Rear-end,V1: Slowing or stopped in traffic / V2: Travelling straight ahead,V1: N  / V2: N,Dry,Daylight,Clear,0.98,13.6,32,26,TRUE,41.91619723,-71.35885587
17525,3/14/2018,March,Wednesday,13:18,1,2,0,0,Rear-end,V1: Slowing or stopped in traffic / V2: Travelling straight ahead,V1: W  / V2: W,Dry,Daylight,Cloudy,0.98,13.6,32,26,TRUE,41.91981411,-71.35860614
17526,3/14/2018,March,Wednesday,13:34,1,2,0,0,Angle,V1: Travelling straight ahead / V2: Entering traffic lane,V1: S  / V2: S,Slush,Daylight,Cloudy,0.98,13.6,32,26,TRUE,41.91822697,-71.35927551
17527,3/14/2018,March,Wednesday,14:43,1,2,0,0,Rear-end,V1: Slowing or stopped in traffic / V2: Slowing or stopped in traffic,V1: E  / V2: E,Dry,Daylight,Clear,0.98,13.6,32,26,TRUE,41.89903243,-71.355186
17528,3/15/2018,March,Thursday,8:30,1,2,0,0,Rear-end,V1: Entering traffic lane / V2: Slowing or stopped in traffic,V1: E  / V2: E,Dry,Daylight,Clear,0,0,41,26,TRUE,41.93624398,-71.26400311
17529,3/15/2018,March,Thursday,11:44,2,2,3,0,Angle,V1: Travelling straight ahead / V2: Travelling straight ahead,V1: E  / V2: N,Dry,Daylight,Clear,0,0,41,26,TRUE,41.91194929,-71.36233897
17530,3/15/2018,March,Thursday,12:30,1,2,0,0,Rear-end,V1: Turning left / V2: Travelling straight ahead,V1: E  / V2: W,Dry,Daylight,Clear,0,0,41,26,TRUE,41.9483337,-71.27794679
17531,3/15/2018,March,Thursday,16:27,2,2,1,0,Angle,V1: Turning left / V2: Travelling straight ahead,V1: N  / V2: S,Dry,Daylight,Clear,0,0,41,26,TRUE,41.96712418,-71.29097941
17532,3/15/2018,March,Thursday,17:57,2,5,1,0,Rear-end,V1: Travelling straight ahead / V2: Slowing or stopped in traffic / V3: Slowing or stopped in traffic / V4: Travelling straight ahead / V5: Travelling straight ahead,V1: W  / V2: W  / V3: W  / V4: W  / V5: W,Dry,Daylight,Clear,0,0,41,26,TRUE,41.95287787,-71.26899686
17533,3/16/2018,March,Friday,12:44,1,1,0,0,Single vehicle crash,V1: Backing,V1: N,Dry,Daylight,Cloudy,0,0,44,27,TRUE,41.94670688,-71.27563596
17534,3/16/2018,March,Friday,14:23,2,2,1,0,Rear-end,V1: Travelling straight ahead / V2: Slowing or stopped in traffic,V1: N  / V2: N,Dry,Daylight,Clear,0,0,44,27,TRUE,41.90682608,-71.35698151
17535,3/16/2018,March,Friday,14:47,1,2,0,0,Rear-end,V1: Turning right / V2: Turning right,V1: N  / V2: N,Dry,Daylight,Clear,0,0,44,27,TRUE,41.89863276,-71.35506105
17536,3/16/2018,March,Friday,14:51,1,2,0,0,Rear-end,V1: Slowing or stopped in traffic / V2: Backing,V1: N  / V2: S,Dry,Daylight,Cloudy,0,0,44,27,TRUE,41.94257686,-71.27448379
17537,3/16/2018,March,Friday,16:32,1,2,0,0,Angle,V1: Travelling straight ahead / V2: Travelling straight ahead,V1: W  / V2: S,Dry,Daylight,Clear,0,0,44,27,TRUE,41.95428602,-71.28497548
17538,3/16/2018,March,Friday,16:50,2,2,1,0,Rear-end,V1: Slowing or stopped in traffic / V2: Travelling straight ahead,V1: E  / V2: E,Dry,Daylight,Clear,0,0,44,27,TRUE,41.93399785,-71.31794117
17539,3/16/2018,March,Friday,17:32,1,2,0,0,Angle,V1: Travelling straight ahead / V2: Turning left,V1: S  / V2: N,Dry,Daylight,Clear,0,0,44,27,TRUE,41.94872235,-71.28913727
17540,3/18/2018,March,Sunday,2:20,2,1,2,0,Single vehicle crash,V1: Travelling straight ahead,V1: N,Dry,Dark - roadway not lighted,Cloudy,0,0,43,15,TRUE,41.90053869,-71.36201959
17541,3/18/2018,March,Sunday,5:43,1,1,0,0,Single vehicle crash,V1: Travelling straight ahead,V1: S,Dry,Dark - lighted roadway,Clear,0,0,43,15,TRUE,41.92461465,-71.25962095
17542,3/18/2018,March,Sunday,12:34,2,2,1,0,Rear-end,V1: Slowing or stopped in traffic / V2: Slowing or stopped in traffic,V1: E  / V2: E,Dry,Daylight,Clear,0,0,43,15,TRUE,41.89903243,-71.355186
17543,3/18/2018,March,Sunday,14:06,1,2,0,0,Angle,V1: Travelling straight ahead / V2: Turning left,V1: N  / V2: E,Dry,Daylight,Clear,0,0,43,15,TRUE,41.90964751,-71.36351027
17544,3/18/2018,March,Sunday,15:50,1,3,0,0,"Sideswipe, same direction",V1: Changing lanes / V2: Travelling straight ahead / V3: Travelling straight ahead,V1: S  / V2: S  / V3: S,Dry,Daylight,Clear,0,0,43,15,TRUE,41.92014284,-71.35719783
17545,3/19/2018,March,Monday,7:32,1,2,0,0,Rear-end,V2: Slowing or stopped in traffic / V1: Travelling straight ahead,V2: W  / V1: W,Dry,Daylight,Clear,0,0,35,15,TRUE,41.93386542,-71.30225536
17546,3/19/2018,March,Monday,19:16,1,2,0,0,Angle,V1: Travelling straight ahead / V2: Travelling straight ahead,V1: E  / V2: S,Dry,Daylight,Clear,0,0,35,15,TRUE,41.9404815,-71.28139686
17547,3/20/2018,March,Tuesday,9:24,1,2,0,0,Angle,V1: Turning right / V2: Parked,V1: E  / V2: E,Dry,Daylight,Clear,0,0,39,19,TRUE,41.93671718,-71.29211254
17548,3/20/2018,March,Tuesday,13:36,1,2,0,0,Rear-end,V1: Travelling straight ahead / V2: Slowing or stopped in traffic,V1: W  / V2: W,Dry,Daylight,Cloudy,0,0,39,19,TRUE,41.95414045,-71.26296554
17549,3/20/2018,March,Tuesday,18:31,1,1,0,0,Single vehicle crash,V1: Changing lanes,V1: S,Dry,Dusk,Cloudy,0,0,39,19,TRUE,41.90993274,-71.34023024
17550,3/20/2018,March,Tuesday,22:42,2,2,1,0,"Sideswipe, opposite direction",V1: Travelling straight ahead / V2: Travelling straight ahead,V1: N  / V2: S,Dry,Dark - lighted roadway,Cloudy,0,0,39,19,TRUE,41.89567723,-71.37063889
17551,4/14/2018,April,Saturday,11:32,1,2,0,0,Rear-end,V1: Slowing or stopped in traffic / V2: Travelling straight ahead,V1: N  / V2: N,Dry,Daylight,Clear,0,0,64,41,FALSE,41.94872235,-71.28913727
17552,4/14/2018,April,Saturday,17:47,1,2,0,0,Rear-end,V1: Slowing or stopped in traffic / V2: Slowing or stopped in traffic,V1: N  / V2: N,Dry,Daylight,Cloudy,0,0,64,41,FALSE,41.90171613,-71.35565285
17553,4/15/2018,April,Sunday,2:25,1,1,0,0,Single vehicle crash,V1: Travelling straight ahead,V1: N,Dry,Dark - lighted roadway,Clear,0,0,55,37,FALSE,41.92626385,-71.34598617
17554,4/16/2018,April,Monday,10:15,1,1,0,0,Single vehicle crash,V1: Travelling straight ahead,V1: S,Wet,Daylight,Rain,0.34,0,39,33,FALSE,41.89418381,-71.37633955
17555,4/16/2018,April,Monday,16:15,2,1,1,0,Single vehicle crash,V1: Travelling straight ahead,V1: N,Wet,Daylight,Cloudy/Rain,0.34,0,39,33,FALSE,34.24438675,-73.6513909
17556,4/16/2018,April,Monday,21:39,1,2,0,0,Angle,V1: Travelling straight ahead / V2: Travelling straight ahead,V1: E  / V2: S,Wet,Dark - lighted roadway,Clear,0.34,0,39,33,FALSE,41.94499193,-71.27949099
17557,4/17/2018,April,Tuesday,6:01,1,2,0,0,Rear-end,V1: Changing lanes / V2: Slowing or stopped in traffic,V1: E  / V2: E,Dry,Daylight,Clear,2.07,0,59,39,FALSE,41.95130281,-71.27263126
17558,4/17/2018,April,Tuesday,13:10,1,2,0,0,Rear-end,V1: Slowing or stopped in traffic / V2: Travelling straight ahead,V1: S  / V2: S,Dry,Daylight,Cloudy,2.07,0,59,39,FALSE,41.91035947,-71.36314658
17559,4/17/2018,April,Tuesday,13:22,2,2,1,0,Rear-end,V1: Travelling straight ahead / V2: Slowing or stopped in traffic,V1: S  / V2: S,Dry,Daylight,Clear,2.07,0,59,39,FALSE,41.95026372,-71.2985466
17560,4/17/2018,April,Tuesday,20:37,1,2,0,0,Angle,V1: Backing / V2: Slowing or stopped in traffic,V1: E  / V2: E,Dry,Dark - lighted roadway,Cloudy,2.07,0,59,39,FALSE,34.24438675,-73.6513909
17561,4/18/2018,April,Wednesday,5:46,1,2,0,0,Rear-end,V1: Travelling straight ahead / V2: Travelling straight ahead,V1: N  / V2: N,Dry,Daylight,Cloudy,0,0,52,33,FALSE,41.90231844,-71.35595143
17562,4/18/2018,April,Wednesday,7:30,1,2,0,0,Rear-end,V1: Travelling straight ahead / V2: Slowing or stopped in traffic,V1: W  / V2: W,Dry,Daylight,Cloudy,0,0,52,33,FALSE,41.93350865,-71.30005347
17563,4/18/2018,April,Wednesday,13:03,1,2,0,0,"Sideswipe, opposite direction",V2: Travelling straight ahead / V1: Travelling straight ahead,V2: W  / V1: E,Dry,Daylight,Clear,0,0,52,33,FALSE,41.94679169,-71.28752928
17564,4/19/2018,April,Thursday,8:43,1,2,0,0,Angle,V1: Travelling straight ahead / V2: Changing lanes,V1: N  / V2: N,Wet,Daylight,Rain,0.05,0,53,35,FALSE,41.94459444,-71.28052347
17565,4/19/2018,April,Thursday,17:17,1,2,0,0,Rear-end,V1: Slowing or stopped in traffic / V2: Travelling straight ahead,V1: S  / V2: S,Dry,Daylight,Clear,0.05,0,53,35,FALSE,41.92927403,-71.32377045
17566,4/20/2018,April,Friday,11:39,0,1,0,0,0,V1: Parked,V1: W,Dry,Daylight,Clear,0.42,0,42,32,TRUE,41.90564025,-71.35665923
17567,4/20/2018,April,Friday,12:12,1,2,0,0,Angle,V1: Parked / V2: Backing,V1: N  / V2: N,Dry,Daylight,Clear,0.42,0,42,32,TRUE,41.90048762,-71.32919594
17568,4/20/2018,April,Friday,20:55,2,1,1,0,Single vehicle crash,V1: Leaving traffic lane,V1: W,Dry,Dark - lighted roadway,Clear,0.42,0,42,32,TRUE,41.91744794,-71.3702147
17569,4/21/2018,April,Saturday,1:49,2,2,1,0,Angle,V1: Travelling straight ahead / V2: Travelling straight ahead,V1: E  / V2: S,Dry,Dark - lighted roadway,Clear,0,0,52,33,FALSE,41.94450501,-71.28411703
17570,4/21/2018,April,Saturday,4:03,2,1,2,0,Single vehicle crash,V1: Travelling straight ahead,V1: N,Dry,Dark - lighted roadway,Clear,0,0,52,33,FALSE,41.93409799,-71.31895722
17571,4/21/2018,April,Saturday,11:08,1,2,0,0,Angle,V1: Travelling straight ahead / V2: Travelling straight ahead,V1: N  / V2: E,Dry,Daylight,Clear,0,0,52,33,FALSE,41.91977948,-71.35862075
17572,4/22/2018,April,Sunday,15:23,2,2,3,0,Angle,V1: Turning left / V2: Travelling straight ahead,V1: W  / V2: N,Dry,Daylight,Clear,0,0,59,29,TRUE,41.89733197,-71.36979234
17573,4/23/2018,April,Monday,10:02,2,2,1,0,Angle,V1: Travelling straight ahead / V2: Travelling straight ahead,V1: S  / V2: E,Dry,Daylight,Clear,0,0,61,30,TRUE,41.95428602,-71.28497548
17574,4/23/2018,April,Monday,17:15,1,1,0,0,Single vehicle crash,V1: Changing lanes,V1: S,Dry,Daylight,Clear,0,0,61,30,TRUE,34.24438675,-73.6513909
17575,4/23/2018,April,Monday,19:55,1,2,0,0,"Sideswipe, same direction",V1: Overtaking/passing / V2: Travelling straight ahead,V1: N  / V2: N,Dry,Dark - roadway not lighted,Clear,0,0,61,30,TRUE,41.95477245,-71.30192269
17576,4/24/2018,April,Tuesday,7:50,1,2,0,0,Rear-end,V1: Travelling straight ahead / V2: Travelling straight ahead,V1: N  / V2: N,Dry,Daylight,Clear,0,0,65,30,TRUE,41.95593405,-71.30346756
17577,4/24/2018,April,Tuesday,8:10,1,2,0,0,Rear-end,V1: Slowing or stopped in traffic / V2: Travelling straight ahead,V1: N  / V2: N,Dry,Daylight,Clear,0,0,65,30,TRUE,41.95593405,-71.30346756
17578,4/24/2018,April,Tuesday,13:32,1,2,0,0,Angle,V1: Travelling straight ahead / V2: Travelling straight ahead,V1: E  / V2: S,Dry,Daylight,Clear,0,0,65,30,TRUE,41.94292045,-71.27681606
17579,4/24/2018,April,Tuesday,13:46,1,2,0,0,Rear-end,V1: Backing / V2: Parked,V1: E  / V2: S,Dry,Daylight,Clear,0,0,65,30,TRUE,41.94398231,-71.28037852
17580,4/24/2018,April,Tuesday,15:08,2,2,1,0,Rear-end,V1: Slowing or stopped in traffic / V2: Entering traffic lane,V1: N  / V2: N,Dry,Daylight,Clear,0,0,65,30,TRUE,41.90217475,-71.35579772
17581,4/25/2018,April,Wednesday,13:18,1,2,0,0,Rear-end,V1: Slowing or stopped in traffic / V2: Travelling straight ahead,V1: E  / V2: E,Wet,Daylight,Cloudy/Rain,0.04,0,66,36,FALSE,41.92734628,-71.34208364
17582,4/25/2018,April,Wednesday,14:52,2,2,1,0,Angle,V1: Travelling straight ahead / V2: Travelling straight ahead,V1: S  / V2: S,Wet,Daylight,Rain,0.04,0,66,36,FALSE,41.89861001,-71.36943215
17583,4/25/2018,April,Wednesday,14:54,2,1,1,0,Single vehicle crash,V1: Travelling straight ahead,V1: E,Wet,Daylight,Rain,0.04,0,66,36,FALSE,41.93278623,-71.2967201
17584,4/25/2018,April,Wednesday,15:06,1,2,0,0,Angle,V1: Turning left / V2: Travelling straight ahead,V1: E  / V2: S,Wet,Daylight,Cloudy/Rain,0.04,0,66,36,FALSE,41.90935938,-71.36365972
17585,4/26/2018,April,Thursday,7:30,2,2,1,0,Rear-end,V1: Travelling straight ahead / V2: Travelling straight ahead,V1: N  / V2: N,Wet,Daylight,Cloudy/Rain,1.59,0,58,49,FALSE,41.91318003,-71.33557517
17586,4/26/2018,April,Thursday,18:39,1,2,0,0,Rear-end,V1: Travelling straight ahead / V2: Slowing or stopped in traffic,V1: E  / V2: E,Dry,Daylight,Clear,1.59,0,58,49,FALSE,41.92556324,-71.34771976
17587,4/27/2018,April,Friday,12:08,1,2,0,0,Angle,V1: Travelling straight ahead / V2: Turning left,V1: S  / V2: W,Wet,Daylight,Rain,0.1,0,68,43,FALSE,41.90998013,-71.35802082
17588,4/27/2018,April,Friday,17:11,2,2,2,0,Angle,V1: Travelling straight ahead / V2: Turning left,V1: S  / V2: W,Wet,Daylight,Rain,0.1,0,68,43,FALSE,41.97095476,-71.29121735
17589,4/27/2018,April,Friday,17:22,1,2,0,0,Angle,V1: Travelling straight ahead / V2: Travelling straight ahead,V1: S  / V2: N,Wet,Daylight,Rain,0.1,0,68,43,FALSE,41.95260998,-71.26978509
17590,4/28/2018,April,Saturday,13:11,1,2,0,0,Angle,V1: Entering traffic lane / V2: Travelling straight ahead,V1: E  / V2: S,Dry,Daylight,Clear,0.49,0,62,46,FALSE,41.90964751,-71.36351027
17591,4/28/2018,April,Saturday,21:12,1,2,0,0,"Sideswipe, opposite direction",V1: Travelling straight ahead / V2: Turning right,V1: S  / V2: E,Dry,Dark - lighted roadway,Clear,0.49,0,62,46,FALSE,41.9250735,-71.35622629
17592,4/28/2018,April,Saturday,21:58,1,1,0,0,Single vehicle crash,V1: Turning right,V1: S,Dry,Dark - lighted roadway,Clear,0.49,0,62,46,FALSE,41.94210306,-71.26984487
17593,4/29/2018,April,Sunday,11:23,2,4,3,0,Rear-end,V1: Slowing or stopped in traffic / V2: Slowing or stopped in traffic / V3: Travelling straight ahead / V4: Travelling straight ahead,V1: S  / V2: S  / V3: S  / V4: S,Wet,Daylight,Cloudy/Rain,0,0,71,43,FALSE,41.90998013,-71.35802082
17594,4/30/2018,April,Monday,9:00,1,2,0,0,Angle,V1: Travelling straight ahead / V2: Turning left,V1: S  / V2: N,Dry,Daylight,Cloudy,0.08,0,61,36,FALSE,41.9340896,-71.29983557
17595,4/30/2018,April,Monday,9:32,1,2,0,0,Rear-end,V1: Travelling straight ahead / V2: Slowing or stopped in traffic,V1: W  / V2: W,Dry,Daylight,Clear,0.08,0,61,36,FALSE,41.94472176,-71.2812504
17596,4/30/2018,April,Monday,11:13,1,2,0,0,Angle,V1: Travelling straight ahead / V2: Travelling straight ahead,V1: E  / V2: S,Wet,Daylight,Cloudy/Rain,0.08,0,61,36,FALSE,41.94431166,-71.28140274
17597,4/30/2018,April,Monday,20:07,1,1,0,0,Single vehicle crash,V1: Travelling straight ahead,V1: S,Wet,Dark - lighted roadway,Rain,0.08,0,61,36,FALSE,41.944498,-71.27305777
17598,5/1/2018,May,Tuesday,6:03,2,2,3,0,Rear-end,V1: Slowing or stopped in traffic / V2: Travelling straight ahead,V1: N  / V2: N,Dry,Daylight,Clear,0.14,0,49,40,FALSE,41.95427435,-71.31204639
17599,5/1/2018,May,Tuesday,6:22,1,2,0,0,Rear-end,V1: Travelling straight ahead / V2: Slowing or stopped in traffic,V1: S  / V2: S,Dry,Daylight,Clear,0.14,0,49,40,FALSE,41.91657651,-71.35875486
17600,5/1/2018,May,Tuesday,14:41,1,2,0,0,"Sideswipe, same direction",V1: Travelling straight ahead / V2: Travelling straight ahead,V1: W  / V2: W,Dry,Daylight,Clear,0.14,0,49,40,FALSE,41.93406554,-71.30574057
17601,5/1/2018,May,Tuesday,16:50,1,2,0,0,"Sideswipe, same direction",V1: Travelling straight ahead / V2: Travelling straight ahead,V1: S  / V2: S,Dry,Daylight,Clear,0.14,0,49,40,FALSE,41.96019116,-71.30118086
17602,5/2/2018,May,Wednesday,8:19,1,1,0,0,Single vehicle crash,V1: Travelling straight ahead,V1: N,Dry,Daylight,Clear,0,0,67,42,FALSE,41.93869377,-71.26660887
17603,5/2/2018,May,Wednesday,9:18,1,2,0,0,Rear-end,V1: Travelling straight ahead / V2: Travelling straight ahead,V1: W  / V2: W,Dry,Daylight,Clear,0,0,67,42,FALSE,41.95451461,-71.24992613
17604,5/2/2018,May,Wednesday,13:54,1,2,0,0,Rear-end,V1: Backing / V2: Slowing or stopped in traffic,V1: N  / V2: N,Dry,Daylight,Clear,0,0,67,42,FALSE,41.94257686,-71.27448379
17605,5/2/2018,May,Wednesday,15:44,1,1,0,0,Single vehicle crash,V1: Turning right,V1: W,Dry,Daylight,Clear,0,0,67,42,FALSE,41.94217059,-71.28456247
17606,5/2/2018,May,Wednesday,16:02,1,2,0,0,Rear-to-rear,V1: Backing / V2: Backing,V1: S  / V2: N,Dry,Daylight,Clear,0,0,67,42,FALSE,41.94305724,-71.27120532
17607,5/3/2018,May,Thursday,5:37,2,1,1,0,Single vehicle crash,V1: Travelling straight ahead,V1: N,Dry,Daylight,Clear,0,0,89,50,FALSE,41.91413445,-71.33481219
17608,5/3/2018,May,Thursday,7:20,1,2,0,0,Rear-end,V1: Entering traffic lane / V2: Entering traffic lane,V1: S  / V2: S,Dry,Daylight,Cloudy,0,0,89,50,FALSE,41.90255025,-71.35612621
17609,5/3/2018,May,Thursday,7:26,1,2,0,0,"Sideswipe, same direction",V1: Travelling straight ahead / V2: Travelling straight ahead,V1: E  / V2: E,Dry,Daylight,Clear,0,0,89,50,FALSE,41.93404812,-71.31577712
17610,5/3/2018,May,Thursday,14:27,1,2,0,0,"Sideswipe, same direction",V1: Changing lanes / V2: Travelling straight ahead,V1: S  / V2: S,Dry,Daylight,Cloudy,0,0,89,50,FALSE,41.92298549,-71.35714757
17611,5/3/2018,May,Thursday,15:50,1,2,0,0,Angle,V1: Parked / V2: Backing,V1: Reported but invalid / V2: S,Dry,Daylight,Clear,0,0,89,50,FALSE,41.9126112,-71.27370201
17612,5/3/2018,May,Thursday,17:05,1,2,0,0,Rear-end,V1: Travelling straight ahead / V2: Travelling straight ahead,V1: N  / V2: N,Dry,Daylight,Clear,0,0,89,50,FALSE,41.95514928,-71.30432065
17613,5/3/2018,May,Thursday,17:11,1,2,0,0,Angle,V1: Travelling straight ahead / V2: Entering traffic lane,V1: E  / V2: E,Dry,Daylight,Clear,0,0,89,50,FALSE,41.90230457,-71.36725828
17614,5/3/2018,May,Thursday,17:56,1,2,0,0,Rear-end,V1: Turning left / V2: Travelling straight ahead,V1: E  / V2: N,Dry,Daylight,Clear,0,0,89,50,FALSE,41.91325585,-71.3590575
17615,5/4/2018,May,Friday,7:35,1,2,0,0,Rear-end,V1: Slowing or stopped in traffic / V2: Travelling straight ahead,V1: N  / V2: N,Wet,Daylight,Rain,0.01,0,91,62,FALSE,41.95593405,-71.30346756