ID,DATE,Month,Day of week,Crash Time,Crash Severity,Number of Vehicles,Total Nonfatal Injuries,Total Fatal Injuries,Manner of Collision,Vehicle Action Prior to Crash,Vehicle Travel Directions,Road Surface Condition,Ambient Light,Weather Condition,PRCP,SNOW,TMAX,TMIN,Ice,Longtitute,Latitute
17616,5/4/2018,May,Friday,14:01,1,2,0,0,Angle,V1: Travelling straight ahead / V2: Entering traffic lane,V1: E  / V2: S,Dry,Daylight,Clear,0.01,0,91,62,FALSE,41.9348634,-71.29887283
17617,5/4/2018,May,Friday,18:42,1,2,0,0,Rear-end,V1: Travelling straight ahead / V2: Slowing or stopped in traffic,V1: N  / V2: N,Dry,Daylight,Clear,0.01,0,91,62,FALSE,41.90565961,-71.35666401
17618,5/5/2018,May,Saturday,22:57,1,2,0,0,"Sideswipe, same direction",V1: Turning left / V2: Travelling straight ahead,V1: E  / V2: E,Dry,Dark - lighted roadway,Clear,0.03,0,83,58,FALSE,41.94449733,-71.28185359
17619,5/6/2018,May,Sunday,3:07,2,1,1,0,Single vehicle crash,V1: Leaving traffic lane,V1: S,Dry,Dark - lighted roadway,Clear,0,0,74,56,FALSE,41.92613701,-71.26032457
17620,5/6/2018,May,Sunday,12:55,1,2,0,0,Rear-end,V1: Slowing or stopped in traffic / V2: Travelling straight ahead,V1: S  / V2: S,Dry,Daylight,Clear,0,0,74,56,FALSE,41.92927403,-71.32377045
17621,5/6/2018,May,Sunday,16:41,2,2,1,0,Rear-end,V1: Travelling straight ahead / V2: Travelling straight ahead,V1: E  / V2: E,Dry,Daylight,Cloudy,0,0,74,56,FALSE,41.89695563,-71.35691165
17622,5/6/2018,May,Sunday,22:27,1,1,0,0,Single vehicle crash,V1: Travelling straight ahead,V1: S,Wet,Dark - roadway not lighted,Rain,0,0,74,56,FALSE,41.91966528,-71.33181601
17623,5/7/2018,May,Monday,8:25,2,2,1,0,Rear-end,V1: Travelling straight ahead / V2: Travelling straight ahead,V1: N  / V2: N,Dry,Daylight,Clear,0.27,0,66,50,FALSE,41.95514928,-71.30432065
17624,5/7/2018,May,Monday,10:29,1,1,0,0,Single vehicle crash,V1: Travelling straight ahead,V1: W,"Sand, mud, dirt, oil, gravel",Daylight,Clear,0.27,0,66,50,FALSE,41.92141393,-71.35534523
17625,5/7/2018,May,Monday,12:03,1,2,0,0,Rear-end,V1: Travelling straight ahead / V2: Backing,V1: W  / V2: W,Dry,Daylight,Clear,0.27,0,66,50,FALSE,41.93503657,-71.2848971
17626,5/7/2018,May,Monday,12:18,1,2,0,0,"Sideswipe, same direction",V1: Travelling straight ahead / V2: Parked,V1: S  / V2: U,Dry,Daylight,Clear,0.27,0,66,50,FALSE,41.95279399,-71.26926096
17627,5/7/2018,May,Monday,14:59,1,2,0,0,Angle,V1: Travelling straight ahead / V2: Travelling straight ahead,V1: S  / V2: E,Dry,Daylight,Clear,0.27,0,66,50,FALSE,41.92616865,-71.3603011
17628,5/8/2018,May,Tuesday,8:57,1,2,0,0,Rear-end,V1: Slowing or stopped in traffic / V2: Travelling straight ahead,V1: N  / V2: N,Dry,Daylight,Clear,0,0,65,44,FALSE,41.95518928,-71.30389339
17629,5/8/2018,May,Tuesday,18:13,1,2,0,0,"Sideswipe, same direction",V1: Overtaking/passing / V2: Turning right,V1: N  / V2: N,Dry,Daylight,Clear,0,0,65,44,FALSE,41.89863276,-71.35506105
17630,5/8/2018,May,Tuesday,19:10,1,2,0,0,"Sideswipe, same direction",V1: Travelling straight ahead / V2: Changing lanes,V1: S  / V2: S,Dry,Daylight,Clear,0,0,65,44,FALSE,41.96019116,-71.30118086
17631,5/9/2018,May,Wednesday,8:59,1,1,0,0,Angle,V1: Travelling straight ahead,V1: W,Dry,Daylight,Clear,0,0,73,47,FALSE,41.92191687,-71.25779605
17632,5/9/2018,May,Wednesday,15:12,1,2,0,0,Rear-end,V1: Travelling straight ahead / V2: Slowing or stopped in traffic,V1: W  / V2: W,Dry,Daylight,Clear,0,0,73,47,FALSE,41.89911935,-71.35508517
17633,5/9/2018,May,Wednesday,15:58,2,1,1,0,Angle,V1: Entering traffic lane,V1: E,Dry,Daylight,Clear,0,0,73,47,FALSE,41.95263042,-71.2895305
17634,5/9/2018,May,Wednesday,17:44,1,2,0,0,Rear-end,V1: Travelling straight ahead / V2: Slowing or stopped in traffic,V1: W  / V2: W,Dry,Daylight,Clear,0,0,73,47,FALSE,41.93409504,-71.31976536
17635,5/10/2018,May,Thursday,6:45,2,2,1,0,Rear-end,V1: Slowing or stopped in traffic / V2: Travelling straight ahead,V1: N  / V2: N,Dry,Daylight,Clear,0,0,77,48,FALSE,41.96941345,-71.29547608
17636,5/11/2018,May,Friday,5:49,2,2,1,0,Rear-end,V1: Slowing or stopped in traffic / V2: Travelling straight ahead,V1: N  / V2: N,Dry,Daylight,Clear,0,0,72,50,FALSE,41.89835459,-71.36941126
17637,5/11/2018,May,Friday,6:25,1,3,0,0,Rear-end,V1: Travelling straight ahead / V2: Travelling straight ahead / V3: Travelling straight ahead,V1: N  / V2: N  / V3: N,Dry,Daylight,Clear,0,0,72,50,FALSE,41.90053869,-71.36201959
17638,5/11/2018,May,Friday,7:07,1,2,0,0,Rear-end,V1: Travelling straight ahead / V2: Slowing or stopped in traffic,V1: E  / V2: E,Dry,Daylight,Clear,0,0,72,50,FALSE,41.93359015,-71.30040441
17639,5/11/2018,May,Friday,7:39,1,2,0,0,Angle,V1: Travelling straight ahead / V2: Turning left,V1: E  / V2: N,Dry,Daylight,Clear,0,0,72,50,FALSE,41.93393836,-71.3077318
17640,5/11/2018,May,Friday,8:12,1,1,0,0,Single vehicle crash,V1: Backing,V1: W,Dry,Daylight,Clear,0,0,72,50,FALSE,41.89956012,-71.35528711
17641,5/11/2018,May,Friday,9:57,1,2,0,0,Angle,V1: Parked / V2: Travelling straight ahead,V1: S  / V2: S,Dry,Daylight,Clear,0,0,72,50,FALSE,41.94319281,-71.28425967
17642,5/11/2018,May,Friday,15:11,2,2,1,0,Angle,V1: Turning left / V2: Travelling straight ahead,V1: W  / V2: S,Dry,Daylight,Clear,0,0,72,50,FALSE,41.95279399,-71.26926096
17643,5/11/2018,May,Friday,15:51,1,1,0,0,Single vehicle crash,V1: Turning right,V1: W,Dry,Daylight,Clear,0,0,72,50,FALSE,41.93524005,-71.27513601
17644,5/11/2018,May,Friday,16:14,1,2,0,0,Rear-end,V1: Travelling straight ahead / V2: Slowing or stopped in traffic,V1: E  / V2: E,Dry,Daylight,Clear,0,0,72,50,FALSE,41.93400285,-71.31616921
17645,5/11/2018,May,Friday,16:53,1,2,0,0,Angle,V1: Backing / V2: Parked,V1: S  / V2: E,Dry,Daylight,Clear,0,0,72,50,FALSE,41.94863542,-71.27527747
17646,5/12/2018,May,Saturday,1:20,1,1,0,0,Single vehicle crash,V1: Turning right,V1: N,Dry,Dark - roadway not lighted,Clear,0,0,69,46,FALSE,41.90084956,-71.35789191
17647,5/12/2018,May,Saturday,12:19,1,1,0,0,Head-on,V1: Travelling straight ahead,V1: U,Wet,Daylight,Rain,0,0,69,46,FALSE,41.92890236,-71.35392825
17648,5/12/2018,May,Saturday,18:25,1,2,0,0,Rear-end,V1: Slowing or stopped in traffic / V2: Travelling straight ahead,V1: S  / V2: S,Wet,Daylight,Rain,0,0,69,46,FALSE,41.96009978,-71.30124256
17649,5/12/2018,May,Saturday,18:49,1,2,0,0,Angle,V2: Travelling straight ahead / V1: Travelling straight ahead,V2: N  / V1: W,Wet,Daylight,Cloudy,0,0,69,46,FALSE,41.94472176,-71.2812504
17650,5/12/2018,May,Saturday,21:32,2,2,3,0,Angle,V1: Turning left / V2: Travelling straight ahead,V1: N  / V2: S,Wet,Dark - lighted roadway,Cloudy,0,0,69,46,FALSE,41.90998013,-71.35802082
17651,5/13/2018,May,Sunday,0:37,1,1,0,0,Single vehicle crash,V1: 0,V1: E,Dry,Dark - lighted roadway,Clear,0.27,0,54,48,FALSE,41.94396388,-71.30988659
17652,5/13/2018,May,Sunday,2:25,1,1,0,0,Single vehicle crash,V1: Other,V1: N,Wet,Dark - roadway not lighted,Rain,0.27,0,54,48,FALSE,41.95562375,-71.30366168
17653,5/13/2018,May,Sunday,18:34,1,2,0,0,Angle,V1: Travelling straight ahead / V2: Turning left,V1: S  / V2: N,Dry,Daylight,Clear,0.27,0,54,48,FALSE,41.94757814,-71.27890389
17654,5/14/2018,May,Monday,7:46,1,1,0,0,Single vehicle crash,V1: Travelling straight ahead,V1: S,Dry,Dark - 0 roadway lighting,Clear,0,0,57,47,FALSE,41.94620364,-71.29633592
17655,5/14/2018,May,Monday,14:26,1,2,0,0,Angle,V1: Turning left / V2: Travelling straight ahead,V1: W  / V2: N,Dry,Daylight,Clear,0,0,57,47,FALSE,41.92890236,-71.35392825
17656,5/14/2018,May,Monday,17:45,1,3,0,0,Angle,V1: Travelling straight ahead / V2: Slowing or stopped in traffic / V3: Turning left,V1: S  / V2: E  / V3: W,Dry,Daylight,Clear,0,0,57,47,FALSE,41.95437986,-71.25499915
17657,5/14/2018,May,Monday,18:18,2,2,2,0,"Sideswipe, same direction",V1: Changing lanes / V2: Slowing or stopped in traffic,V1: E  / V2: E,Dry,Daylight,Clear,0,0,57,47,FALSE,41.9483337,-71.27794679
17658,5/15/2018,May,Tuesday,3:51,1,1,0,0,Single vehicle crash,V1: Travelling straight ahead,V1: E,Dry,Dark - lighted roadway,Clear,0,0,69,50,FALSE,41.92734628,-71.34208364
17659,5/15/2018,May,Tuesday,10:55,2,2,1,0,Rear-end,V1: Entering traffic lane / V2: Changing lanes,V1: W  / V2: W,Dry,Daylight,Clear,0,0,69,50,FALSE,41.8991048,-71.35508246
17660,5/15/2018,May,Tuesday,18:21,2,2,1,0,Rear-end,V1: Slowing or stopped in traffic / V2: Travelling straight ahead,V1: W  / V2: W,Wet,Dusk,Rain,0,0,69,50,FALSE,41.93269195,-71.32821357
17661,5/15/2018,May,Tuesday,22:44,2,2,2,0,Angle,V1: Turning left / V2: Travelling straight ahead,V1: S  / V2: N,Wet,Dark - lighted roadway,Clear,0,0,69,50,FALSE,41.89618753,-71.37039513
17662,5/15/2018,May,Tuesday,23:16,1,2,0,0,Rear-end,V1: Travelling straight ahead / V2: Slowing or stopped in traffic,V1: S  / V2: S,Wet,Dark - lighted roadway,Cloudy,0,0,69,50,FALSE,41.93874704,-71.29215576
17663,5/16/2018,May,Wednesday,9:18,1,2,0,0,Angle,V1: Turning left / V2: Slowing or stopped in traffic,V1: W  / V2: S,Dry,Daylight,Cloudy,0.41,0,81,54,FALSE,41.92521765,-71.28783389
17664,5/16/2018,May,Wednesday,19:12,2,1,4,0,Single vehicle crash,V1: Leaving traffic lane,V1: E,Dry,Daylight,Cloudy,0.41,0,81,54,FALSE,41.94983852,-71.2758895
17665,5/17/2018,May,Thursday,6:49,1,2,0,0,Angle,V1: Travelling straight ahead / V2: Travelling straight ahead,V1: E  / V2: W,Wet,Daylight,Cloudy/Rain,0.15,0,62,52,FALSE,41.96944014,-71.29292587
17666,5/17/2018,May,Thursday,8:20,1,3,0,0,Rear-end,V1: Slowing or stopped in traffic / V2: Slowing or stopped in traffic / V3: Slowing or stopped in traffic,V1: N  / V2: N  / V3: N,Wet,Daylight,Cloudy/Rain,0.15,0,62,52,FALSE,41.95487834,-71.30704835
17667,5/18/2018,May,Friday,11:48,1,2,0,0,Single vehicle crash,V1: Travelling straight ahead / V2: Travelling straight ahead,V1: W  / V2: N,Dry,Daylight,Clear,0.03,0,71,54,FALSE,41.9370756,-71.28238678
17668,5/18/2018,May,Friday,14:34,1,2,0,0,Single vehicle crash,V1: Travelling straight ahead / V2: Travelling straight ahead,V1: S  / V2: S,Dry,Daylight,Clear,0.03,0,71,54,FALSE,41.94052746,-71.28967857
17669,5/19/2018,May,Saturday,16:45,1,2,0,0,Rear-end,V1: Turning left / V2: Slowing or stopped in traffic,V1: E  / V2: E,Dry,Daylight,Cloudy,0,0,57,38,FALSE,41.91981411,-71.35860614
17670,5/19/2018,May,Saturday,17:01,2,3,1,0,Angle,V1: Travelling straight ahead / V2: Travelling straight ahead / V3: Travelling straight ahead,V1: W  / V2: E  / V3: E,Wet,Daylight,Rain,0,0,57,38,FALSE,41.93359015,-71.30040441
17671,5/19/2018,May,Saturday,18:05,1,2,0,0,Angle,V1: Turning right / V2: Travelling straight ahead,V1: S  / V2: S,Wet,Dusk,Rain,0,0,57,38,FALSE,41.89903243,-71.355186
17672,5/19/2018,May,Saturday,18:20,1,2,0,0,Rear-end,V1: Travelling straight ahead / V2: Turning left,V1: W  / V2: S,Wet,Daylight,Rain,0,0,57,38,FALSE,41.92502909,-71.28811463
17673,5/21/2018,May,Monday,9:32,1,2,0,0,"Sideswipe, same direction",V1: Travelling straight ahead / V2: Turning right,V1: W  / V2: S,Dry,Daylight,Clear,0.32,0,78,51,FALSE,41.93405012,-71.31579284
17674,5/21/2018,May,Monday,11:30,1,2,0,0,Rear-end,V1: Entering traffic lane / V2: Slowing or stopped in traffic,V1: N  / V2: N,Dry,Daylight,Clear,0.32,0,78,51,FALSE,41.90564025,-71.35665923
17675,5/21/2018,May,Monday,13:22,2,1,1,0,Single vehicle crash,V1: Travelling straight ahead,V1: E,Dry,Daylight,Clear,0.32,0,78,51,FALSE,34.24438675,-73.6513909
17676,5/21/2018,May,Monday,16:42,2,2,3,0,Angle,V1: Travelling straight ahead / V2: Travelling straight ahead,V1: W  / V2: S,Dry,Daylight,Clear,0.32,0,78,51,FALSE,41.94232376,-71.2790252
17677,5/21/2018,May,Monday,16:46,1,2,0,0,Rear-end,V1: Travelling straight ahead / V2: Entering traffic lane,V1: N  / V2: N,Dry,Daylight,Clear,0.32,0,78,51,FALSE,41.90243245,-71.35556552
17678,5/21/2018,May,Monday,17:43,1,2,0,0,Rear-end,V1: Travelling straight ahead / V2: Slowing or stopped in traffic,V1: E  / V2: E,Dry,Daylight,Clear,0.32,0,78,51,FALSE,41.93409108,-71.30548859
17679,5/22/2018,May,Tuesday,3:40,1,1,0,0,Single vehicle crash,V1: Travelling straight ahead,V1: W,Dry,Dark - lighted roadway,Clear,0,0,76,50,FALSE,41.96629437,-71.29611848
17680,5/22/2018,May,Tuesday,14:23,2,2,2,0,Single vehicle crash,V1: Travelling straight ahead / V2: Slowing or stopped in traffic,V1: S  / V2: E,Wet,Daylight,Cloudy,0,0,76,50,FALSE,41.94629007,-71.27514523
17681,5/23/2018,May,Wednesday,8:14,1,2,0,0,"Sideswipe, opposite direction",V1: Turning right / V2: Slowing or stopped in traffic,V1: S  / V2: N,Dry,Daylight,Clear,0.07,0,70,52,FALSE,41.89677085,-71.37245215
17682,5/23/2018,May,Wednesday,14:03,1,2,0,0,Rear-end,V1: Travelling straight ahead / V2: Backing,V1: N  / V2: N,0,Daylight,Clear,0.07,0,70,52,FALSE,41.90235999,-71.31919632
17683,5/23/2018,May,Wednesday,17:30,1,2,0,0,Rear-end,V1: Slowing or stopped in traffic / V2: Travelling straight ahead,V1: S  / V2: S,Dry,Daylight,Clear,0.07,0,70,52,FALSE,41.89953199,-71.35529922
17684,5/24/2018,May,Thursday,15:53,1,2,0,0,Rear-end,V1: Travelling straight ahead / V2: Slowing or stopped in traffic,V1: E  / V2: E,Dry,Daylight,Clear,0.03,0,80,51,FALSE,41.91200775,-71.25878583
17685,5/25/2018,May,Friday,14:00,1,2,0,0,Rear-end,V1: Travelling straight ahead / V2: Slowing or stopped in traffic,V1: S  / V2: S,Dry,Daylight,Clear,0,0,75,49,FALSE,41.90252249,-71.35622236
17686,5/25/2018,May,Friday,15:11,1,2,0,0,"Sideswipe, same direction",V1: Parked / V2: Travelling straight ahead,V1: N  / V2: N,Dry,Daylight,Clear,0,0,75,49,FALSE,41.9126112,-71.27370201
17687,5/25/2018,May,Friday,16:30,2,2,1,0,Rear-end,V1: Travelling straight ahead / V2: Slowing or stopped in traffic,V1: E  / V2: E,Dry,Daylight,Clear,0,0,75,49,FALSE,41.95130281,-71.27263126
17688,5/25/2018,May,Friday,17:17,1,2,0,0,Angle,V1: Travelling straight ahead / V2: Travelling straight ahead,V1: W  / V2: N,Dry,Daylight,Clear,0,0,75,49,FALSE,41.94121777,-71.2768631
17689,5/26/2018,May,Saturday,16:06,1,2,0,0,"Sideswipe, same direction",V1: Turning left / V2: Turning left,V1: W  / V2: W,Dry,Daylight,Clear,0,0,87,54,FALSE,41.97015292,-71.29135147
17690,5/27/2018,May,Sunday,13:35,1,2,0,0,Head-on,V1: Turning left / V2: Turning left,V1: N  / V2: W,Dry,Daylight,Cloudy,0,0,91,57,FALSE,41.94379074,-71.29407807
17691,5/27/2018,May,Sunday,14:22,1,2,0,0,"Sideswipe, same direction",V1: Travelling straight ahead / V2: Parked,V1: S  / V2: S,Dry,Daylight,Cloudy/Rain,0,0,91,57,FALSE,41.94026734,-71.27246306
17692,5/27/2018,May,Sunday,21:23,2,2,1,0,Head-on,V1: Travelling straight ahead / V2: Turning left,V1: N  / V2: E,Wet,Dark - lighted roadway,Rain,0,0,91,57,FALSE,41.95484304,-71.28856385
17693,5/27/2018,May,Sunday,21:35,1,2,0,0,Rear-end,V1: Travelling straight ahead / V2: Slowing or stopped in traffic,V1: S  / V2: S,Wet,Dark - lighted roadway,Rain,0,0,91,57,FALSE,41.89903243,-71.355186
17694,5/28/2018,May,Monday,2:25,2,1,1,0,Single vehicle crash,V1: Travelling straight ahead,V1: S,Dry,Dark - roadway not lighted,Clear,0.03,0,57,50,FALSE,41.90261276,-71.35590972
17695,5/28/2018,May,Monday,11:44,1,2,0,0,"Sideswipe, same direction",V1: Travelling straight ahead / V2: Travelling straight ahead,V1: N  / V2: N,Dry,Daylight,Clear,0.03,0,57,50,FALSE,41.9224407,-71.35744057
17696,5/28/2018,May,Monday,13:52,1,1,0,0,Single vehicle crash,V1: Turning left,V1: N,Dry,Daylight,Clear,0.03,0,57,50,FALSE,41.90919371,-71.38086016
17697,5/29/2018,May,Tuesday,0:14,2,1,1,0,Single vehicle crash,V1: Travelling straight ahead,V1: S,Wet,Dark - lighted roadway,Clear,0,0,69,48,FALSE,41.90682608,-71.35698151
17698,5/29/2018,May,Tuesday,5:40,1,1,0,0,Single vehicle crash,V1: Travelling straight ahead,V1: N,Dry,Dawn,Clear,0,0,69,48,FALSE,41.92886018,-71.3230987
17699,5/29/2018,May,Tuesday,11:26,1,2,0,0,Head-on,V1: Entering traffic lane / V2: Travelling straight ahead,V1: W  / V2: E,Dry,Daylight,Clear,0,0,69,48,FALSE,41.95354482,-71.26647994
17700,5/29/2018,May,Tuesday,14:34,2,2,1,0,Rear-end,V1: Travelling straight ahead / V2: Slowing or stopped in traffic,V1: W  / V2: W,Dry,Daylight,Clear,0,0,69,48,FALSE,41.92014284,-71.35719783
17701,5/29/2018,May,Tuesday,16:30,1,2,0,0,"Sideswipe, same direction",V1: Entering traffic lane / V2: Travelling straight ahead,V1: W  / V2: W,Dry,Daylight,Clear,0,0,69,48,FALSE,41.96207697,-71.29835824
17702,5/29/2018,May,Tuesday,16:36,1,2,0,0,Rear-end,V1: Travelling straight ahead / V2: Travelling straight ahead,V1: E  / V2: E,Dry,Daylight,Clear,0,0,69,48,FALSE,41.93472037,-71.29905084
17703,5/29/2018,May,Tuesday,17:00,1,2,0,0,Rear-end,V1: Travelling straight ahead / V2: Slowing or stopped in traffic,V1: N  / V2: N,Dry,Daylight,Clear,0,0,69,48,FALSE,41.90238584,-71.35572224
17704,5/29/2018,May,Tuesday,17:48,1,3,0,0,Angle,V1: Entering traffic lane / V2: Travelling straight ahead / V3: Travelling straight ahead,V1: N  / V2: E  / V3: W,Dry,Daylight,Clear,0,0,69,48,FALSE,41.93806227,-71.29125944
17705,5/29/2018,May,Tuesday,18:55,1,3,0,0,"Sideswipe, same direction",V1: 0 / V2: Slowing or stopped in traffic / V3: Travelling straight ahead,V1: 0 / V2: N  / V3: N,Dry,Daylight,Clear,0,0,69,48,FALSE,41.96941345,-71.29547608
17706,5/29/2018,May,Tuesday,20:31,1,1,0,0,Single vehicle crash,V1: Travelling straight ahead,V1: S,Dry,Dusk,Clear,0,0,69,48,FALSE,41.94627589,-71.28697123
17707,5/30/2018,May,Wednesday,8:15,1,2,0,0,Rear-end,V2: Backing / V1: Parked,V2: N  / V1: S,Dry,Daylight,Clear,0,0,87,58,FALSE,41.95772163,-71.30000538
17708,5/30/2018,May,Wednesday,12:41,1,2,0,0,Rear-end,V1: Slowing or stopped in traffic / V2: Travelling straight ahead,V1: S  / V2: S,Dry,Daylight,Cloudy,0,0,87,58,FALSE,41.9340896,-71.29983557
17709,5/30/2018,May,Wednesday,16:25,1,2,0,0,Angle,V1: Travelling straight ahead / V2: Travelling straight ahead,V1: S  / V2: E,Dry,Daylight,Clear,0,0,87,58,FALSE,41.93304448,-71.28634923
17710,5/30/2018,May,Wednesday,19:53,1,1,0,0,Single vehicle crash,V1: Travelling straight ahead,V1: S,Dry,Daylight,Clear,0,0,87,58,FALSE,41.9255712,-71.28732108
17711,5/30/2018,May,Wednesday,21:42,1,1,0,0,Single vehicle crash,V1: Travelling straight ahead,V1: N,Dry,Dark - lighted roadway,Clear,0,0,87,58,FALSE,41.9079342,-71.35745922
17712,6/1/2018,June,Friday,13:00,1,1,0,0,Single vehicle crash,V1: Travelling straight ahead,V1: S,Dry,Daylight,Clear,0,0,80,56,FALSE,41.89903243,-71.355186
17713,6/1/2018,June,Friday,15:31,2,2,2,0,Head-on,V1: Travelling straight ahead / V2: Travelling straight ahead,V1: W  / V2: E,Wet,Daylight,Cloudy,0,0,80,56,FALSE,41.8995102,-71.35762445
17714,6/1/2018,June,Friday,15:49,1,2,0,0,Angle,V1: Turning left / V2: Travelling straight ahead,V1: S  / V2: W,Wet,Daylight,Clear,0,0,80,56,FALSE,41.94757814,-71.27890389
17715,6/1/2018,June,Friday,17:10,1,2,0,0,Angle,V1: Turning left / V2: Travelling straight ahead,V1: N  / V2: W,Wet,Daylight,Clear,0,0,80,56,FALSE,41.95196466,-71.27118145
17716,6/1/2018,June,Friday,18:40,2,2,1,0,Rear-end,V1: Travelling straight ahead / V2: Slowing or stopped in traffic,V1: N  / V2: N,Dry,Daylight,Cloudy,0,0,80,56,FALSE,41.91977948,-71.35862075
17717,6/1/2018,June,Friday,20:07,1,2,0,0,Rear-end,V1: Travelling straight ahead / V2: Slowing or stopped in traffic,V1: N  / V2: N,Dry,Daylight,Clear,0,0,80,56,FALSE,41.92889447,-71.32306301
17718,6/2/2018,June,Saturday,10:33,2,2,1,0,"Sideswipe, same direction",V1: Travelling straight ahead / V2: Travelling straight ahead,V1: E  / V2: E,Dry,Daylight,Clear,0.04,0,78,65,FALSE,41.95414045,-71.26296554
17719,6/2/2018,June,Saturday,12:59,1,1,0,0,Single vehicle crash,V1: Other,V1: S,Dry,Daylight,Clear,0.04,0,78,65,FALSE,41.94574442,-71.28910698
17720,6/2/2018,June,Saturday,16:40,1,2,0,0,Rear-end,V1: Travelling straight ahead / V2: Travelling straight ahead,V1: N  / V2: N,Dry,Daylight,Cloudy,0.04,0,78,65,FALSE,41.92298549,-71.35714757
17721,6/2/2018,June,Saturday,20:54,2,2,1,0,Head-on,V1: Turning left / V2: Travelling straight ahead,V1: W  / V2: E,Dry,Dark - lighted roadway,Clear,0.04,0,78,65,FALSE,41.91981411,-71.35860614
17722,6/3/2018,June,Sunday,2:06,3,3,1,1,Rear-to-rear,V1: Travelling straight ahead / V2: Parked / V3: Slowing or stopped in traffic,V1: S  / V2: S  / V3: S,Dry,Dark - lighted roadway,Clear,0,0,82,52,FALSE,41.89960842,-71.36617734
17723,6/4/2018,June,Monday,9:59,1,1,0,0,Single vehicle crash,V1: Travelling straight ahead,V1: W,Wet,Daylight,Cloudy/Rain,0.16,0,64,47,FALSE,41.94274018,-71.28432859
17724,6/4/2018,June,Monday,14:25,2,3,1,0,Rear-end,V1: Travelling straight ahead / V2: Slowing or stopped in traffic / V3: Slowing or stopped in traffic,V1: N  / V2: N  / V3: N,Wet,Daylight,Rain,0.16,0,64,47,FALSE,41.95180679,-71.2898592
17725,6/4/2018,June,Monday,14:32,2,2,3,0,Rear-end,V2: Slowing or stopped in traffic / V1: Travelling straight ahead,V2: E  / V1: E,Wet,Daylight,Cloudy,0.16,0,64,47,FALSE,41.93394145,-71.30816266
17726,6/4/2018,June,Monday,16:55,1,2,0,0,Angle,V1: Travelling straight ahead / V2: Turning left,V1: W  / V2: W,Wet,Daylight,Rain,0.16,0,64,47,FALSE,41.9483337,-71.27794679
17727,6/4/2018,June,Monday,17:18,1,2,0,0,Angle,V1: Backing / V2: Travelling straight ahead,V1: S  / V2: W,Wet,Daylight,Rain,0.16,0,64,47,FALSE,41.95076301,-71.27397064
17728,6/4/2018,June,Monday,22:05,2,2,1,0,Rear-end,V1: Slowing or stopped in traffic / V2: Travelling straight ahead,V1: S  / V2: S,Wet,Dark - roadway not lighted,Cloudy,0.16,0,64,47,FALSE,34.24438675,-73.6513909
17729,6/5/2018,June,Tuesday,7:38,1,2,0,0,Rear-end,V1: Travelling straight ahead / V2: Slowing or stopped in traffic,V1: N  / V2: N,Dry,Daylight,Clear,0.65,0,54,49,FALSE,41.96941345,-71.29547608
17730,6/5/2018,June,Tuesday,14:25,2,2,1,0,Rear-end,V1: Travelling straight ahead / V2: Slowing or stopped in traffic,V1: N  / V2: N,Dry,Daylight,Cloudy,0.65,0,54,49,FALSE,41.93148682,-71.32063412
17731,6/5/2018,June,Tuesday,16:34,2,1,1,0,Single vehicle crash,V1: Turning right,V1: S,Wet,Daylight,Cloudy,0.65,0,54,49,FALSE,41.89903243,-71.355186
17732,6/5/2018,June,Tuesday,17:13,1,2,0,0,Angle,V1: Turning right / V2: Travelling straight ahead,V1: N  / V2: N,Wet,Daylight,Rain,0.65,0,54,49,FALSE,41.94548184,-71.28559201
17733,6/5/2018,June,Tuesday,18:10,1,2,0,0,"Sideswipe, same direction",V1: Turning right / V2: Travelling straight ahead,V1: W  / V2: W,Wet,Daylight,Cloudy,0.65,0,54,49,FALSE,41.97015292,-71.29135147
17734,6/5/2018,June,Tuesday,21:04,2,1,1,0,Single vehicle crash,V1: Turning right,V1: S,Dry,Dark - lighted roadway,Clear,0.65,0,54,49,FALSE,41.95271157,-71.26951043
17735,6/6/2018,June,Wednesday,8:53,1,2,0,0,Rear-end,V1: Entering traffic lane / V2: Slowing or stopped in traffic,V1: E  / V2: E,Dry,Daylight,Cloudy,0.28,0,69,50,FALSE,41.97015292,-71.29135147
17736,6/6/2018,June,Wednesday,11:05,1,1,0,0,Single vehicle crash,V1: Travelling straight ahead,V1: S,Dry,Daylight,Clear,0.28,0,69,50,FALSE,41.94493508,-71.27905102
17737,6/6/2018,June,Wednesday,15:39,1,1,0,0,Single vehicle crash,V1: Turning right,V1: E,Dry,Daylight,Clear,0.28,0,69,50,FALSE,41.91035947,-71.36314658
17738,6/7/2018,June,Thursday,18:37,2,2,2,0,Angle,V1: Travelling straight ahead / V2: Travelling straight ahead,V1: S  / V2: W,Dry,Daylight,Clear,0,0,66,51,FALSE,41.94330896,-71.27265641
17739,6/8/2018,June,Friday,7:23,2,2,1,0,Angle,V1: Turning left / V2: Travelling straight ahead,V1: E  / V2: N,Dry,Daylight,Clear,0,0,71,51,FALSE,41.90529604,-71.33573163
17740,6/8/2018,June,Friday,16:20,1,2,0,0,Rear-end,V1: Slowing or stopped in traffic / V2: Travelling straight ahead,V1: N  / V2: N,Dry,Daylight,Clear,0,0,71,51,FALSE,34.24438675,-73.6513909
17741,6/9/2018,June,Saturday,11:14,1,1,0,0,Single vehicle crash,V1: Travelling straight ahead,V1: E,Dry,Daylight,Clear,0,0,79,55,FALSE,41.94347636,-71.28555341
17742,6/9/2018,June,Saturday,12:44,1,2,0,0,Angle,V1: Entering traffic lane / V2: Travelling straight ahead,V1: W  / V2: N,Dry,Daylight,Clear,0,0,79,55,FALSE,41.90964751,-71.36351027