ID,DATE,Month,Day of week,Crash Time,Crash Severity,Number of Vehicles,Total Nonfatal Injuries,Total Fatal Injuries,Manner of Collision,Vehicle Action Prior to Crash,Vehicle Travel Directions,Road Surface Condition,Ambient Light,Weather Condition,PRCP,SNOW,TMAX,TMIN,Ice,Longtitute,Latitute
17743,6/9/2018,June,Saturday,16:19,2,1,2,0,Single vehicle crash,V1: Travelling straight ahead,V1: E,Dry,Daylight,Clear,0,0,79,55,FALSE,41.92230442,-71.35423278
17744,6/9/2018,June,Saturday,21:14,2,3,1,0,Rear-end,V1: Travelling straight ahead / V2: Parked / V3: Parked,V1: E  / V2: 0 / V3: 0,Dry,Dark - lighted roadway,Clear,0,0,79,55,FALSE,41.94977551,-71.24769755
17745,6/10/2018,June,Sunday,0:53,2,1,1,0,Single vehicle crash,V1: Turning left,V1: S,Dry,Dark - lighted roadway,Clear,0,0,78,55,FALSE,41.92753918,-71.22353051
17746,6/10/2018,June,Sunday,2:00,2,1,2,0,Single vehicle crash,V1: Travelling straight ahead,V1: N,Dry,Dark - roadway not lighted,Clear,0,0,78,55,FALSE,41.96019116,-71.30118086
17747,6/11/2018,June,Monday,13:29,1,2,0,0,Angle,V1: Backing / V2: Parked,V1: W  / V2: E,Dry,Daylight,Clear,0,0,72,51,FALSE,41.94468645,-71.28319343
17748,6/11/2018,June,Monday,14:27,2,2,2,0,Angle,V1: Travelling straight ahead / V2: Travelling straight ahead,V1: E  / V2: S,Dry,Daylight,Clear,0,0,72,51,FALSE,41.94213878,-71.28262423
17749,6/11/2018,June,Monday,17:43,1,2,0,0,Angle,V1: Entering traffic lane / V2: Travelling straight ahead,V1: W  / V2: N,Dry,Daylight,Cloudy,0,0,72,51,FALSE,41.90081079,-71.36802017
17750,6/12/2018,June,Tuesday,12:15,1,1,0,0,Single vehicle crash,V1: Travelling straight ahead,V1: N,Dry,Daylight,Clear,0,0,71,45,FALSE,41.9023186,-71.35595089
17751,6/12/2018,June,Tuesday,16:08,1,1,0,0,Single vehicle crash,V1: Travelling straight ahead,V1: S,Dry,Daylight,Clear,0,0,71,45,FALSE,41.944759,-71.28813435
17752,6/12/2018,June,Tuesday,18:24,2,2,1,0,Angle,V1: Travelling straight ahead / V2: Travelling straight ahead,V1: S  / V2: W,Dry,Daylight,Clear,0,0,71,45,FALSE,41.92014284,-71.35719783
17753,6/12/2018,June,Tuesday,19:46,1,2,0,0,Angle,V1: Turning left / V2: Travelling straight ahead,V1: S  / V2: W,Dry,Daylight,Clear,0,0,71,45,FALSE,41.92387717,-71.35158914
17754,6/12/2018,June,Tuesday,20:30,1,1,0,0,Single vehicle crash,V1: Leaving traffic lane,V1: S,Dry,Dusk,Clear,0,0,71,45,FALSE,41.91518568,-71.32272066
17755,6/12/2018,June,Tuesday,22:05,1,2,0,0,Angle,V1: Travelling straight ahead / V2: Travelling straight ahead,V1: S  / V2: W,Dry,Dark - lighted roadway,Clear,0,0,71,45,FALSE,41.94757814,-71.27890389
17756,6/13/2018,June,Wednesday,12:57,1,1,0,0,Single vehicle crash,V1: Leaving traffic lane,V1: E,Dry,Daylight,Cloudy,0,0,77,53,FALSE,41.91231889,-71.26866096
17757,6/13/2018,June,Wednesday,16:33,1,2,0,0,"Sideswipe, same direction",V1: Travelling straight ahead / V2: Travelling straight ahead,V1: W  / V2: W,Dry,Daylight,Clear,0,0,77,53,FALSE,41.93269195,-71.32821357
17758,6/13/2018,June,Wednesday,18:13,2,2,3,0,Angle,V1: Turning left / V2: Travelling straight ahead,V1: E  / V2: N,Dry,Daylight,Clear,0,0,77,53,FALSE,41.92316171,-71.29145365
17759,6/13/2018,June,Wednesday,18:37,1,2,0,0,Rear-end,V1: Slowing or stopped in traffic / V2: Slowing or stopped in traffic,V1: S  / V2: S,Dry,Daylight,Clear,0,0,77,53,FALSE,41.97015292,-71.29135147
17760,6/14/2018,June,Thursday,4:20,2,2,1,0,Rear-end,V1: Entering traffic lane / V2: Entering traffic lane,V1: N  / V2: N,Dry,Dawn,Clear,0,0,73,62,FALSE,41.93725638,-71.31643274
17761,6/14/2018,June,Thursday,12:50,1,2,0,0,Angle,V1: Travelling straight ahead / V2: Travelling straight ahead,V1: N  / V2: E,Dry,Daylight,Clear,0,0,73,62,FALSE,41.92349936,-71.35691944
17762,6/14/2018,June,Thursday,18:39,2,1,1,0,Single vehicle crash,V1: Leaving traffic lane,V1: E,Dry,Daylight,Clear,0,0,73,62,FALSE,41.92158184,-71.24050554
17763,6/15/2018,June,Friday,7:51,2,1,1,0,Angle,V1: Turning left,V1: E,Wet,Daylight,Rain,0,0,81,57,FALSE,41.93304073,-71.29789609
17764,6/15/2018,June,Friday,8:17,1,2,0,0,Rear-end,V1: Travelling straight ahead / V2: Slowing or stopped in traffic,V1: W  / V2: W,Wet,Daylight,Cloudy/Rain,0,0,81,57,FALSE,41.93559074,-71.29752834
17765,6/15/2018,June,Friday,11:51,1,2,0,0,Head-on,V1: Travelling straight ahead / V2: Turning left,V1: W  / V2: E,Dry,Daylight,Clear,0,0,81,57,FALSE,41.89877036,-71.35512121
17766,6/15/2018,June,Friday,17:35,2,1,1,0,Single vehicle crash,V1: Travelling straight ahead,V1: S,Dry,Daylight,Clear,0,0,81,57,FALSE,41.93445593,-71.32085975
17767,6/15/2018,June,Friday,23:52,2,2,1,0,Head-on,V1: Travelling straight ahead / V2: Travelling straight ahead,V1: W  / V2: E,Dry,Dark - lighted roadway,Clear,0,0,81,57,FALSE,41.91172733,-71.26157919
17768,6/16/2018,June,Saturday,7:42,1,1,0,0,Head-on,V1: Travelling straight ahead,V1: E,Dry,Dawn,Clear,0.03,0,64,52,FALSE,41.90911692,-71.28728523
17769,6/16/2018,June,Saturday,8:52,1,2,0,0,Rear-end,V1: Travelling straight ahead / V2: Slowing or stopped in traffic,V1: S  / V2: S,Dry,Daylight,Clear,0.03,0,64,52,FALSE,41.89903243,-71.355186
17770,6/16/2018,June,Saturday,17:09,1,2,0,0,"Sideswipe, same direction",V1: Travelling straight ahead / V2: Travelling straight ahead,V1: W  / V2: W,Dry,Daylight,Clear,0.03,0,64,52,FALSE,41.90564025,-71.35665923
17771,6/17/2018,June,Sunday,11:31,1,2,0,0,Angle,V1: Turning left / V2: Travelling straight ahead,V1: E  / V2: N,Dry,Daylight,Clear,0,0,83,55,FALSE,41.93846875,-71.28469502
17772,6/17/2018,June,Sunday,12:36,1,2,0,0,Rear-end,V1: Slowing or stopped in traffic / V2: Travelling straight ahead,V1: N  / V2: N,Dry,Daylight,Clear,0,0,83,55,FALSE,41.94872235,-71.28913727
17773,6/17/2018,June,Sunday,16:54,2,2,1,0,Rear-end,V1: Travelling straight ahead / V2: Travelling straight ahead,V1: E  / V2: E,Dry,Daylight,Clear,0,0,83,55,FALSE,41.94774809,-71.28390704
17774,6/17/2018,June,Sunday,19:36,1,2,0,0,Rear-end,V1: Slowing or stopped in traffic / V2: Travelling straight ahead,V1: N  / V2: N,Dry,Daylight,Clear,0,0,83,55,FALSE,41.9250735,-71.35622629
17775,6/18/2018,June,Monday,12:26,2,2,1,0,Angle,V1: Travelling straight ahead / V2: Turning left,V1: N  / V2: N,Dry,Daylight,Clear,0,0,88,60,FALSE,41.93742983,-71.26519759
17776,6/18/2018,June,Monday,12:33,2,2,2,0,Rear-end,V1: Slowing or stopped in traffic / V2: Backing,V1: N  / V2: N,Dry,Daylight,Cloudy,0,0,88,60,FALSE,41.90697288,-71.36488171
17777,6/18/2018,June,Monday,14:39,1,2,0,0,Angle,V1: Backing / V2: Parked,V1: N  / V2: 0,Dry,Daylight,Clear,0,0,88,60,FALSE,41.94309124,-71.2908483
17778,6/18/2018,June,Monday,15:39,1,2,0,0,Head-on,V1: Travelling straight ahead / V2: Turning left,V1: S  / V2: N,Dry,Daylight,Cloudy,0,0,88,60,FALSE,41.9250735,-71.35622629
17779,6/18/2018,June,Monday,17:35,2,2,1,0,Angle,V1: Travelling straight ahead / V2: Travelling straight ahead,V1: E  / V2: S,Dry,Daylight,Clear,0,0,88,60,FALSE,41.89766937,-71.36570621
17780,6/19/2018,June,Tuesday,9:45,1,2,0,0,Rear-end,V1: Travelling straight ahead / V2: Changing lanes,V1: S  / V2: S,Dry,Daylight,Clear,0.17,0,82,66,FALSE,41.9739912,-71.29523514
17781,6/19/2018,June,Tuesday,11:46,1,2,0,0,Rear-end,V1: Slowing or stopped in traffic / V2: Travelling straight ahead,V1: N  / V2: N,Dry,Daylight,Clear,0.17,0,82,66,FALSE,41.9019025,-71.35571172
17782,6/19/2018,June,Tuesday,12:31,1,2,0,0,Angle,V1: Turning left / V2: Travelling straight ahead,V1: S  / V2: N,Dry,Daylight,Clear,0.17,0,82,66,FALSE,41.91360772,-71.36150084
17783,6/19/2018,June,Tuesday,13:14,2,2,1,0,Angle,V1: Turning left / V2: Travelling straight ahead,V1: E  / V2: N,Dry,Daylight,Clear,0.17,0,82,66,FALSE,41.9170943,-71.35975551
17784,6/19/2018,June,Tuesday,14:35,2,1,2,0,Single vehicle crash,V1: Travelling straight ahead,V1: S,Dry,Daylight,Clear,0.17,0,82,66,FALSE,41.90030069,-71.36371612
17785,6/20/2018,June,Wednesday,5:36,2,2,6,0,Angle,V1: Other / V2: Travelling straight ahead,V1: S  / V2: W,Dry,Daylight,Clear,0,0,83,52,FALSE,41.94396167,-71.27662963
17786,6/20/2018,June,Wednesday,8:49,1,2,0,0,Single vehicle crash,V1: Turning left / V2: Travelling straight ahead,V1: W  / V2: E,Dry,Daylight,Clear,0,0,83,52,FALSE,41.93239993,-71.29481178
17787,6/20/2018,June,Wednesday,17:37,2,2,1,0,Rear-end,V1: Travelling straight ahead / V2: Slowing or stopped in traffic,V1: N  / V2: N,Dry,Daylight,Clear,0,0,83,52,FALSE,41.93779791,-71.29348849
17788,6/20/2018,June,Wednesday,18:55,1,2,0,0,Angle,V1: Travelling straight ahead / V2: Turning left,V1: S  / V2: N,Dry,Daylight,Clear,0,0,83,52,FALSE,41.93405012,-71.31579284
17789,6/21/2018,June,Thursday,10:00,1,2,0,0,Single vehicle crash,V2: Travelling straight ahead / V1: Travelling straight ahead,V2: N  / V1: N,Dry,Daylight,Clear,0,0,82,61,FALSE,41.92886018,-71.3230987
17790,6/21/2018,June,Thursday,14:11,1,1,0,0,Single vehicle crash,V1: Travelling straight ahead,V1: W,Dry,Daylight,Clear,0,0,82,61,FALSE,41.93874704,-71.29215576
17791,6/21/2018,June,Thursday,16:35,1,2,0,0,Rear-end,V1: Travelling straight ahead / V2: Slowing or stopped in traffic,V1: W  / V2: W,Dry,Daylight,Clear,0,0,82,61,FALSE,41.89642653,-71.37125251
17792,6/22/2018,June,Friday,15:58,2,2,1,0,Angle,V1: Turning left / V2: Travelling straight ahead,V1: E  / V2: S,Dry,Daylight,Clear,0,0,84,55,FALSE,41.9156749,-71.35896018
17793,6/22/2018,June,Friday,16:09,1,2,0,0,Angle,V1: Travelling straight ahead / V2: Travelling straight ahead,V1: E  / V2: S,Dry,Daylight,Clear,0,0,84,55,FALSE,41.9370756,-71.28238678
17794,6/23/2018,June,Saturday,13:29,1,2,0,0,Rear-end,V1: Slowing or stopped in traffic / V2: Slowing or stopped in traffic,V1: W  / V2: W,Dry,Daylight,Clear,0,0,77,56,FALSE,41.93393836,-71.3077318
17795,6/23/2018,June,Saturday,23:40,1,1,0,0,Single vehicle crash,V1: Leaving traffic lane,V1: S,Dry,Dark - roadway not lighted,Clear,0,0,77,56,FALSE,41.95439335,-71.30758141
17796,6/24/2018,June,Sunday,13:56,2,1,2,0,Single vehicle crash,V1: Other,V1: N,Dry,Daylight,Clear,0,0,64,58,FALSE,41.95524613,-71.30275084
17797,6/25/2018,June,Monday,1:08,2,1,1,0,Single vehicle crash,V1: Travelling straight ahead,V1: S,Dry,Dark - lighted roadway,Clear,0.2,0,81,59,FALSE,41.94872235,-71.28913727
17798,6/25/2018,June,Monday,7:00,1,2,0,0,Rear-end,V1: Travelling straight ahead / V2: Travelling straight ahead,V1: N  / V2: N,Dry,Daylight,Cloudy,0.2,0,81,59,FALSE,41.92886018,-71.3230987
17799,6/25/2018,June,Monday,19:30,2,2,1,0,Rear-end,V1: Slowing or stopped in traffic / V2: Slowing or stopped in traffic,V1: E  / V2: E,Dry,Daylight,Clear,0.2,0,81,59,FALSE,41.89991269,-71.35545093
17800,6/26/2018,June,Tuesday,2:05,1,2,0,0,Rear-end,V1: Slowing or stopped in traffic / V2: Travelling straight ahead,V1: N  / V2: N,Dry,Dark - lighted roadway,Clear,0,0,74,50,FALSE,41.89835459,-71.36941126
17801,6/26/2018,June,Tuesday,11:16,1,2,0,0,Angle,V1: Travelling straight ahead / V2: Turning left,V1: S  / V2: N,Dry,Daylight,Clear,0,0,74,50,FALSE,41.94861042,-71.27758702
17802,6/26/2018,June,Tuesday,14:26,2,2,1,0,Rear-end,V1: Entering traffic lane / V2: Travelling straight ahead,V1: S  / V2: S,Dry,Daylight,Clear,0,0,74,50,FALSE,41.89814358,-71.37091566
17803,6/26/2018,June,Tuesday,17:14,1,2,0,0,Rear-end,V1: Travelling straight ahead / V2: Entering traffic lane,V1: N  / V2: N,Dry,Daylight,Clear,0,0,74,50,FALSE,41.93304448,-71.28634923
17804,6/26/2018,June,Tuesday,17:21,2,2,1,0,Angle,V1: Entering traffic lane / V2: Travelling straight ahead,V1: N  / V2: N,Dry,Daylight,Clear,0,0,74,50,FALSE,41.91653724,-71.36001753
17805,6/27/2018,June,Wednesday,9:45,1,2,0,0,Angle,V2: Backing / V1: Parked,V2: E  / V1: W,Dry,Daylight,Cloudy,0,0,78,58,FALSE,41.95012557,-71.27765033
17806,6/27/2018,June,Wednesday,13:08,1,2,0,0,Angle,V1: Travelling straight ahead / V2: Travelling straight ahead,V1: E  / V2: N,Dry,Daylight,Clear,0,0,78,58,FALSE,41.9370756,-71.28238678
17807,6/27/2018,June,Wednesday,13:37,2,1,1,0,Angle,V1: Turning left,V1: W,Dry,Daylight,Clear,0,0,78,58,FALSE,41.90638632,-71.35686316
17808,6/27/2018,June,Wednesday,16:52,1,2,0,0,"Sideswipe, same direction",V1: Entering traffic lane / V2: Travelling straight ahead,V1: S  / V2: S,Dry,Daylight,Cloudy,0,0,78,58,FALSE,41.89903243,-71.355186
17809,6/27/2018,June,Wednesday,17:20,2,2,1,0,Head-on,V1: Travelling straight ahead / V2: Turning left,V1: E  / V2: W,Dry,Daylight,Clear,0,0,78,58,FALSE,41.93269195,-71.32821357
17810,6/27/2018,June,Wednesday,18:29,1,2,0,0,Rear-end,V1: Travelling straight ahead / V2: Travelling straight ahead,V1: E  / V2: E,Dry,Daylight,Clear,0,0,78,58,FALSE,41.93404812,-71.31577712
17811,6/27/2018,June,Wednesday,20:36,1,1,0,0,Single vehicle crash,V1: Turning left,V1: S,Wet,Dark - lighted roadway,Rain,0,0,78,58,FALSE,41.9340896,-71.29983557
17812,6/28/2018,June,Thursday,9:06,2,2,1,0,Angle,V1: Turning left / V2: Travelling straight ahead,V1: N  / V2: S,Wet,Daylight,Cloudy/Rain,0.05,0,77,62,FALSE,41.94861042,-71.27758702
17813,6/28/2018,June,Thursday,10:35,1,1,0,0,Single vehicle crash,V1: Travelling straight ahead,V1: S,Wet,Daylight,Rain,0.05,0,77,62,FALSE,41.89861001,-71.36943215
17814,6/28/2018,June,Thursday,11:05,2,2,1,0,Angle,V1: Travelling straight ahead / V2: Travelling straight ahead,V1: S  / V2: S,Wet,Daylight,Rain,0.05,0,77,62,FALSE,41.89861001,-71.36943215
17815,6/28/2018,June,Thursday,15:34,2,2,4,0,Rear-end,V1: Entering traffic lane / V2: Entering traffic lane,V1: S  / V2: S,Dry,Daylight,Clear,0.05,0,77,62,FALSE,41.89952534,-71.35529699
17816,6/29/2018,June,Friday,17:38,1,2,0,0,Angle,V1: Entering traffic lane / V2: Travelling straight ahead,V1: W  / V2: N,Dry,Daylight,Clear,1.69,0,72,66,FALSE,41.91360772,-71.36150084
17817,6/29/2018,June,Friday,19:32,1,2,0,0,"Sideswipe, same direction",V1: Entering traffic lane / V2: Entering traffic lane,V1: N  / V2: N,Dry,Daylight,Clear,1.69,0,72,66,FALSE,41.9224407,-71.35744057
17818,6/29/2018,June,Friday,21:05,2,4,5,0,Rear-to-rear,V1: Slowing or stopped in traffic / V2: Travelling straight ahead / V3: Travelling straight ahead / V4: Travelling straight ahead,V1: S  / V2: S  / V3: S  / V4: S,Dry,Dark - roadway not lighted,Clear,1.69,0,72,66,FALSE,41.96019116,-71.30118086
17819,7/1/2018,July,Sunday,5:06,2,1,1,0,Single vehicle crash,V1: Travelling straight ahead,V1: N,Dry,Dawn,Clear,0,0,89,67,FALSE,41.91603176,-71.36026889
17820,7/2/2018,July,Monday,7:09,1,2,0,0,"Sideswipe, same direction",V1: Slowing or stopped in traffic / V2: Turning right,V1: N  / V2: N,Dry,Daylight,Clear,0,0,95,69,FALSE,41.94330896,-71.27265641
17821,7/2/2018,July,Monday,15:34,2,2,1,0,Angle,V1: Turning left / V2: Travelling straight ahead,V1: N  / V2: E,Dry,Daylight,Clear,0,0,95,69,FALSE,41.94379074,-71.29407807
17822,7/2/2018,July,Monday,18:33,1,2,0,0,Rear-to-rear,V1: Backing / V2: Backing,V1: W  / V2: E,Dry,Daylight,Clear,0,0,95,69,FALSE,34.24438675,-73.6513909
17823,7/2/2018,July,Monday,20:50,1,1,0,0,Single vehicle crash,V1: Travelling straight ahead,V1: S,Dry,Dark - roadway not lighted,Clear,0,0,95,69,FALSE,41.89861001,-71.36943215
17824,7/3/2018,July,Tuesday,4:50,2,1,2,0,Single vehicle crash,V1: Travelling straight ahead,V1: S,Dry,Dark - roadway not lighted,Clear,0,0,91,69,FALSE,41.9184397,-71.33284952
17825,7/3/2018,July,Tuesday,12:18,1,2,0,0,Rear-end,V2: Travelling straight ahead / V1: Slowing or stopped in traffic,V2: E  / V1: E,Dry,Daylight,Clear,0,0,91,69,FALSE,41.92014284,-71.35719783
17826,7/3/2018,July,Tuesday,17:31,1,2,0,0,Rear-end,V1: Slowing or stopped in traffic / V2: Travelling straight ahead,V1: N  / V2: N,Dry,Daylight,Clear,0,0,91,69,FALSE,41.96712418,-71.29097941
17827,7/3/2018,July,Tuesday,23:23,2,3,1,0,Angle,V1: Travelling straight ahead / V2: Travelling straight ahead / V3: Parked,V1: S  / V2: W  / V3: 0,Dry,Dark - lighted roadway,Clear,0,0,91,69,FALSE,41.93823112,-71.28076302
17828,7/5/2018,July,Thursday,15:16,1,2,0,0,Rear-end,V1: Travelling straight ahead / V2: Slowing or stopped in traffic,V1: E  / V2: E,Dry,Daylight,Clear,0,0,92,70,FALSE,41.95271157,-71.26951043
17829,7/5/2018,July,Thursday,17:52,2,1,1,0,Single vehicle crash,V1: Turning left,V1: W,Dry,Daylight,Clear,0,0,92,70,FALSE,41.9483337,-71.27794679
17830,7/5/2018,July,Thursday,23:00,2,1,4,0,Single vehicle crash,V1: Travelling straight ahead,V1: N,Dry,Dark - lighted roadway,Clear,0,0,92,70,FALSE,41.96628248,-71.25939454
17831,7/6/2018,July,Friday,12:49,1,2,0,0,Angle,V1: Travelling straight ahead / V2: Turning left,V1: S  / V2: E,Wet,Daylight,Cloudy/Rain,0,0,90,75,FALSE,41.91230639,-71.36215607
17832,7/6/2018,July,Friday,12:51,2,1,1,0,Single vehicle crash,V1: Travelling straight ahead,V1: N,Wet,Daylight,Rain,0,0,90,75,FALSE,41.93118399,-71.26031362
17833,7/6/2018,July,Friday,17:17,1,2,0,0,Rear-end,V1: Parked / V2: Travelling straight ahead,V1: 0 / V2: S,Dry,Daylight,Clear,0,0,90,75,FALSE,41.95411845,-71.24478775
17834,7/6/2018,July,Friday,19:15,1,1,0,0,Single vehicle crash,V1: Travelling straight ahead,V1: N,Dry,Daylight,Clear,0,0,90,75,FALSE,41.92886018,-71.3230987
17835,7/7/2018,July,Saturday,9:09,2,2,1,0,Rear-end,V1: Travelling straight ahead / V2: Travelling straight ahead,V1: E  / V2: N,Dry,Daylight,Clear,1.1,0,83,52,FALSE,41.921656,-71.35780472
17836,7/7/2018,July,Saturday,11:45,1,2,0,0,Angle,V1: Turning left / V2: Travelling straight ahead,V1: E  / V2: E,Dry,Daylight,Clear,1.1,0,83,52,FALSE,41.9197422,-71.35890822
17837,7/7/2018,July,Saturday,13:50,1,3,0,0,Angle,V1: Travelling straight ahead / V2: Slowing or stopped in traffic / V3: Slowing or stopped in traffic,V1: N  / V2: N  / V3: N,Dry,Daylight,Clear,1.1,0,83,52,FALSE,41.9236983,-71.35683112
17838,7/7/2018,July,Saturday,21:14,1,2,0,0,Rear-end,V1: Slowing or stopped in traffic / V2: Travelling straight ahead,V1: W  / V2: W,Dry,Dark - lighted roadway,Clear,1.1,0,83,52,FALSE,41.91289707,-71.30732548
17839,7/9/2018,July,Monday,9:15,1,2,0,0,Rear-end,V1: Travelling straight ahead / V2: Slowing or stopped in traffic,V1: W  / V2: W,Dry,Daylight,Clear,0,0,83,55,FALSE,41.92280528,-71.29211416
17840,7/9/2018,July,Monday,13:46,1,2,0,0,Angle,V1: Entering traffic lane / V2: Travelling straight ahead,V1: N  / V2: W,Dry,Daylight,Clear,0,0,83,55,FALSE,41.93589323,-71.28178933
17841,7/10/2018,July,Tuesday,10:56,2,2,1,0,Angle,V2: Travelling straight ahead / V1: Travelling straight ahead,V2: W  / V1: S,Dry,Daylight,Clear,0,0,85,61,FALSE,41.94292045,-71.27681606
17842,7/10/2018,July,Tuesday,13:10,1,2,0,0,"Sideswipe, same direction",V1: Backing / V2: Backing,V1: S  / V2: S,Dry,Daylight,Clear,0,0,85,61,FALSE,34.24438675,-73.6513909
17843,7/10/2018,July,Tuesday,14:40,1,2,0,0,Rear-end,V1: Slowing or stopped in traffic / V2: Travelling straight ahead,V1: E  / V2: E,Dry,Daylight,Clear,0,0,85,61,FALSE,41.95287787,-71.26899686
17844,7/10/2018,July,Tuesday,16:34,1,3,0,0,Rear-to-rear,V1: Parked / V2: Parked / V3: Backing,V1: 0 / V2: 0 / V3: E,Dry,Dark - lighted roadway,Clear,0,0,85,61,FALSE,41.92575764,-71.35885148
17845,7/10/2018,July,Tuesday,17:38,2,4,1,0,Angle,V1: Entering traffic lane / V2: Travelling straight ahead / V3: Parked / V4: Parked,V1: W  / V2: N  / V3: U  / V4: U,Dry,Daylight,Clear,0,0,85,61,FALSE,41.91052909,-71.36306012
17846,7/10/2018,July,Tuesday,19:18,1,2,0,0,"Sideswipe, same direction",V2: Slowing or stopped in traffic / V1: Slowing or stopped in traffic,V2: S  / V1: S,Dry,Daylight,Clear,0,0,85,61,FALSE,41.94477406,-71.28122812
17847,7/11/2018,July,Wednesday,12:39,2,2,1,0,Angle,V1: Turning left / V2: Travelling straight ahead,V1: W  / V2: N,Dry,Daylight,Clear,0.13,0,90,66,FALSE,41.9110765,-71.36278231
17848,7/11/2018,July,Wednesday,12:49,1,1,0,0,0,V1: Turning left,V1: N,Dry,Daylight,Clear,0.13,0,90,66,FALSE,41.93115985,-71.26031225
17849,7/11/2018,July,Wednesday,13:05,1,2,0,0,Rear-end,V1: Slowing or stopped in traffic / V2: Slowing or stopped in traffic,V1: N  / V2: N,Dry,Daylight,Clear,0.13,0,90,66,FALSE,41.92779521,-71.35458133
17850,7/11/2018,July,Wednesday,14:32,1,2,0,0,Angle,V1: Travelling straight ahead / V2: Entering traffic lane,V1: W  / V2: S,Dry,Daylight,Clear,0.13,0,90,66,FALSE,41.91044592,-71.28309302
17851,7/11/2018,July,Wednesday,21:28,1,3,0,0,Head-on,V1: Turning right / V2: Slowing or stopped in traffic / V3: Travelling straight ahead,V1: E  / V2: N  / V3: S,Dry,Dark - lighted roadway,Clear,0.13,0,90,66,FALSE,41.95287787,-71.26899686
17852,7/12/2018,July,Thursday,7:30,1,2,0,0,Rear-end,V1: Travelling straight ahead / V2: Slowing or stopped in traffic,V1: N  / V2: N,Dry,Daylight,Clear,0,0,77,55,FALSE,41.95428778,-71.31194921
17853,7/13/2018,July,Friday,1:48,1,3,0,0,Angle,V1: Leaving traffic lane / V2: Parked / V3: Parked,V1: S  / V2: S  / V3: 0,Dry,Dark - lighted roadway,Clear,0,0,80,57,FALSE,41.94367686,-71.27255844
17854,7/13/2018,July,Friday,16:31,1,2,0,0,Angle,V1: Travelling straight ahead / V2: Entering traffic lane,V1: S  / V2: E,Dry,Daylight,Clear,0,0,80,57,FALSE,41.93946861,-71.28168616
17855,7/15/2018,July,Sunday,6:46,0,1,0,0,0,V1: Other,V1: W,Dry,Daylight,Clear,0,0,80,63,FALSE,41.91844877,-71.25574159
17856,7/15/2018,July,Sunday,12:00,1,2,0,0,Rear-end,V1: Travelling straight ahead / V2: Turning left,V1: S  / V2: S,Dry,Daylight,Clear,0,0,80,63,FALSE,41.95949687,-71.28775942
17857,7/15/2018,July,Sunday,17:37,1,2,0,0,Rear-end,V1: Travelling straight ahead / V2: Slowing or stopped in traffic,V1: S  / V2: S,Dry,Daylight,Clear,0,0,80,63,FALSE,41.93396194,-71.31986685
17858,7/16/2018,July,Monday,7:59,2,2,1,0,Rear-end,V1: Travelling straight ahead / V2: Turning left,V1: N  / V2: N,Dry,Daylight,Cloudy,0,0,87,67,FALSE,41.90875291,-71.25561111
17859,7/17/2018,July,Tuesday,7:27,1,1,0,0,0,V1: Travelling straight ahead,V1: N,Dry,Daylight,Clear,0,0,91,69,FALSE,41.94674635,-71.28749296
17860,7/17/2018,July,Tuesday,8:46,1,2,0,0,Angle,V1: Turning left / V2: Travelling straight ahead,V1: S  / V2: E,Dry,Daylight,Cloudy,0,0,91,69,FALSE,41.94896349,-71.27713653
17861,7/17/2018,July,Tuesday,9:38,2,2,1,0,Head-on,V1: Travelling straight ahead / V2: Parked,V1: E  / V2: W,Dry,Daylight,Clear,0,0,91,69,FALSE,41.95401985,-71.28889809
17862,7/17/2018,July,Tuesday,9:40,1,2,0,0,Rear-end,V1: Travelling straight ahead / V2: Slowing or stopped in traffic,V1: N  / V2: N,Dry,Daylight,Cloudy,0,0,91,69,FALSE,41.96943481,-71.29290798
17863,7/17/2018,July,Tuesday,15:29,1,1,0,0,0,V1: Travelling straight ahead,V1: E,Dry,Daylight,Clear,0,0,91,69,FALSE,41.9414593,-71.28837366
17864,7/18/2018,July,Wednesday,6:08,1,2,0,0,Rear-end,V1: Slowing or stopped in traffic / V2: Slowing or stopped in traffic,V1: N  / V2: N,Dry,Daylight,Clear,0.98,0,87,68,FALSE,41.95593405,-71.30346756
17865,7/18/2018,July,Wednesday,15:15,1,2,0,0,Angle,V1: Travelling straight ahead / V2: Making U-turn,V1: S  / V2: S,Dry,Daylight,Clear,0.98,0,87,68,FALSE,41.93397277,-71.31093184
17866,7/18/2018,July,Wednesday,17:12,2,1,1,0,0,V1: Slowing or stopped in traffic,V1: S,Dry,Daylight,Clear,0.98,0,87,68,FALSE,41.9315941,-71.24509373
17867,7/19/2018,July,Thursday,5:31,0,2,0,0,Angle,V1: Travelling straight ahead / V2: Travelling straight ahead,V1: N  / V2: W,Dry,Daylight,Clear,0,0,82,56,FALSE,41.93359015,-71.30040441
17868,7/19/2018,July,Thursday,18:35,2,2,2,0,Rear-end,V1: Slowing or stopped in traffic / V2: Travelling straight ahead,V1: N  / V2: N,Dry,Daylight,Clear,0,0,82,56,FALSE,41.95514928,-71.30432065
17869,7/20/2018,July,Friday,8:22,0,2,0,0,Angle,V2: Travelling straight ahead / V1: Entering traffic lane,V2: N  / V1: W,Dry,Daylight,Clear,0,0,79,57,FALSE,41.92779522,-71.35458133
17870,7/20/2018,July,Friday,8:38,2,3,2,0,Rear-end,V1: Travelling straight ahead / V2: Slowing or stopped in traffic / V3: Slowing or stopped in traffic,V1: W  / V2: W  / V3: W,Dry,Daylight,Clear,0,0,79,57,FALSE,41.93282101,-71.29686928
17871,7/20/2018,July,Friday,11:49,1,2,0,0,Angle,V1: Turning left / V2: Travelling straight ahead,V1: N  / V2: S,Dry,Daylight,Clear,0,0,79,57,FALSE,41.90035489,-71.3682528