ID,DATE,Month,Day of week,Crash Time,Crash Severity,Number of Vehicles,Total Nonfatal Injuries,Total Fatal Injuries,Manner of Collision,Vehicle Action Prior to Crash,Vehicle Travel Directions,Road Surface Condition,Ambient Light,Weather Condition,PRCP,SNOW,TMAX,TMIN,Ice,Longtitute,Latitute
17872,7/20/2018,July,Friday,13:19,1,2,0,0,Angle,V1: Turning left / V2: Travelling straight ahead,V1: N  / V2: S,Dry,Daylight,Clear,0,0,79,57,FALSE,41.92964169,-71.3536041
17873,7/21/2018,July,Saturday,15:14,1,1,0,0,0,V1: Turning left,V1: W,Dry,Daylight,Clear,0,0,84,53,FALSE,41.94303012,-71.27680983
17874,7/21/2018,July,Saturday,16:02,1,2,0,0,"Sideswipe, same direction",V1: Changing lanes / V2: Travelling straight ahead,V1: S  / V2: S,Dry,Daylight,Clear,0,0,84,53,FALSE,41.91748456,-71.35842986
17875,7/22/2018,July,Sunday,16:39,1,2,0,0,Angle,V1: Entering traffic lane / V2: Travelling straight ahead,V1: W  / V2: N,Dry,Daylight,Clear,0.03,0,78,60,FALSE,34.24438675,-73.6513909
17876,7/23/2018,July,Monday,1:32,1,1,0,0,Single vehicle crash,V1: Travelling straight ahead,V1: N,Wet,Dark - roadway not lighted,Rain,0.26,0,78,68,FALSE,41.90231844,-71.35595143
17877,7/23/2018,July,Monday,19:40,1,1,0,0,Single vehicle crash,V1: Travelling straight ahead,V1: S,Dry,Daylight,Clear,0.26,0,78,68,FALSE,41.92886018,-71.3230987
17878,7/24/2018,July,Tuesday,16:51,1,2,0,0,Angle,V1: Turning right / V2: Parked,V1: S  / V2: S,Dry,Daylight,Clear,0.02,0,83,73,FALSE,34.24438675,-73.6513909
17879,7/24/2018,July,Tuesday,17:59,1,2,0,0,Angle,V1: Backing / V2: Travelling straight ahead,V1: W  / V2: N,Dry,Daylight,Clear,0.02,0,83,73,FALSE,41.91194929,-71.36233897
17880,7/25/2018,July,Wednesday,11:42,1,2,0,0,"Sideswipe, same direction",V1: Changing lanes / V2: Parked,V1: N  / V2: N,Dry,Daylight,Clear,0,0,85,73,FALSE,41.92332292,-71.29115554
17881,7/25/2018,July,Wednesday,12:11,1,1,0,0,0,V1: Slowing or stopped in traffic,V1: S,Dry,Daylight,Clear,0,0,85,73,FALSE,41.94386263,-71.28607441
17882,7/26/2018,July,Thursday,11:34,1,2,0,0,"Sideswipe, same direction",V1: Backing / V2: Travelling straight ahead,V1: N  / V2: N,Dry,Daylight,Clear,0.24,0,85,73,FALSE,41.92508738,-71.35628348
17883,7/26/2018,July,Thursday,18:07,1,2,0,0,Angle,V1: Travelling straight ahead / V2: Travelling straight ahead,V1: N  / V2: E,Dry,Daylight,Cloudy,0.24,0,85,73,FALSE,34.24438675,-73.6513909
17884,7/26/2018,July,Thursday,22:33,1,2,0,0,"Sideswipe, same direction",V1: Entering traffic lane / V2: Travelling straight ahead,V1: N  / V2: N,Dry,Dark - lighted roadway,Clear,0.24,0,85,73,FALSE,41.92294179,-71.35716834
17885,7/26/2018,July,Thursday,22:51,2,2,3,0,"Sideswipe, same direction",V1: Travelling straight ahead / V2: Changing lanes,V1: S  / V2: S,Dry,Dark - roadway not lighted,Clear,0.24,0,85,73,FALSE,41.96019116,-71.30118086
17886,7/27/2018,July,Friday,5:43,1,2,0,0,Angle,V1: Travelling straight ahead / V2: Travelling straight ahead,V1: N  / V2: N,Dry,Daylight,Clear,0.39,0,83,70,FALSE,41.95593405,-71.30346756
17887,7/27/2018,July,Friday,15:31,2,3,1,0,Single vehicle crash,V1: Parked / V2: Travelling straight ahead / V3: Parked,V1: N  / V2: N  / V3: N,Dry,Daylight,Clear,0.39,0,83,70,FALSE,41.95180679,-71.2898592
17888,7/28/2018,July,Saturday,9:46,1,2,0,0,Single vehicle crash,V1: Slowing or stopped in traffic / V2: Travelling straight ahead,V1: W  / V2: W,Dry,Daylight,Clear,0.02,0,87,72,FALSE,41.93405012,-71.31579284
17889,7/28/2018,July,Saturday,14:15,1,1,0,0,0,V1: Travelling straight ahead,V1: W,Dry,Daylight,Clear,0.02,0,87,72,FALSE,41.90574227,-71.37700701
17890,7/28/2018,July,Saturday,14:21,1,2,0,0,Rear-end,V1: Slowing or stopped in traffic / V2: Travelling straight ahead,V1: W  / V2: W,Dry,Daylight,Clear,0.02,0,87,72,FALSE,41.93393836,-71.3077318
17891,7/28/2018,July,Saturday,15:40,1,2,0,0,Rear-end,V1: Slowing or stopped in traffic / V2: Travelling straight ahead,V1: N  / V2: N,Dry,Daylight,Clear,0.02,0,87,72,FALSE,34.24438675,-73.6513909
17892,7/30/2018,July,Monday,11:35,2,2,1,0,Rear-end,V1: Changing lanes / V2: Travelling straight ahead,V1: S  / V2: S,Dry,Daylight,Cloudy,0,0,82,60,FALSE,41.9739912,-71.29523514
17893,7/31/2018,July,Tuesday,14:09,2,3,2,0,Rear-end,V1: Travelling straight ahead / V2: Slowing or stopped in traffic / V3: Slowing or stopped in traffic,V1: N  / V2: N  / V3: N,Dry,Daylight,Clear,0,0,82,63,FALSE,41.9535988,-71.31659706
17894,8/1/2018,August,Wednesday,4:58,1,1,0,0,Single vehicle crash,V1: Travelling straight ahead,V1: N,Dry,Dark - lighted roadway,Clear,0,0,85,65,FALSE,41.95338618,-71.28917553
17895,8/1/2018,August,Wednesday,14:49,1,2,0,0,"Sideswipe, same direction",V1: Travelling straight ahead / V2: Turning left,V1: S  / V2: W,Dry,Daylight,Clear,0,0,85,65,FALSE,41.89957255,-71.3551788
17896,8/1/2018,August,Wednesday,16:55,2,2,1,0,Rear-end,V1: 0 / V2: Travelling straight ahead,V1: S  / V2: S,Dry,Daylight,Clear,0,0,85,65,FALSE,41.90433577,-71.35012688
17897,8/1/2018,August,Wednesday,16:58,2,2,3,0,Angle,V1: Travelling straight ahead / V2: Backing,V1: N  / V2: N,Dry,Daylight,Clear,0,0,85,65,FALSE,41.94290043,-71.28636176
17898,8/1/2018,August,Wednesday,17:17,1,2,0,0,Rear-end,V1: Parked / V2: Travelling straight ahead,V1: S  / V2: S,Dry,Daylight,Clear,0,0,85,65,FALSE,41.94872235,-71.28913727
17899,8/2/2018,August,Thursday,6:17,1,2,0,0,Angle,V1: Leaving traffic lane / V2: Travelling straight ahead,V1: N  / V2: W,Dry,Daylight,Clear,0,0,83,69,FALSE,41.93398748,-71.31212146
17900,8/2/2018,August,Thursday,8:48,1,2,0,0,Rear-end,V1: Parked / V2: Slowing or stopped in traffic,V1: S  / V2: S,Dry,Daylight,Clear,0,0,83,69,FALSE,41.90086769,-71.36799095
17901,8/2/2018,August,Thursday,8:55,2,2,1,0,Rear-end,V1: Slowing or stopped in traffic / V2: Travelling straight ahead,V1: N  / V2: N,Dry,Daylight,Clear,0,0,83,69,FALSE,41.95514928,-71.30432065
17902,8/2/2018,August,Thursday,9:26,2,2,1,0,Rear-end,V1: Slowing or stopped in traffic / V2: Travelling straight ahead,V1: N  / V2: N,Dry,Daylight,Clear,0,0,83,69,FALSE,41.95521705,-71.30354238
17903,8/2/2018,August,Thursday,12:46,1,1,0,0,Single vehicle crash,V1: Turning right,V1: N,Dry,Daylight,Clear,0,0,83,69,FALSE,41.94757815,-71.27890389
17904,8/2/2018,August,Thursday,12:52,1,1,0,0,Single vehicle crash,V1: Backing,V1: W,Dry,Daylight,Clear,0,0,83,69,FALSE,41.93392895,-71.32206493
17905,8/2/2018,August,Thursday,16:32,1,2,0,0,"Sideswipe, same direction",V1: Turning left / V2: Turning left,V1: S  / V2: S,Dry,Daylight,Clear,0,0,83,69,FALSE,41.92511357,-71.35637556
17906,8/2/2018,August,Thursday,17:21,1,2,0,0,Angle,V1: Travelling straight ahead / V2: Turning right,V1: N  / V2: E,Dry,Daylight,Clear,0,0,83,69,FALSE,41.92368788,-71.35699215
17907,8/3/2018,August,Friday,15:25,1,2,0,0,Rear-end,V1: Travelling straight ahead / V2: Slowing or stopped in traffic,V1: N  / V2: N,Dry,Daylight,Clear,0,0,93,73,FALSE,41.95518928,-71.30389339
17908,8/3/2018,August,Friday,20:35,1,2,0,0,Angle,V1: Backing / V2: Travelling straight ahead,V1: W  / V2: N,Dry,Dark - lighted roadway,Clear,0,0,93,73,FALSE,41.93830895,-71.28203041
17909,8/4/2018,August,Saturday,10:09,2,2,1,0,Angle,V1: Backing / V2: Parked,V1: W  / V2: S,Wet,Daylight,Rain,0,0,88,73,FALSE,41.93426971,-71.29961081
17910,8/4/2018,August,Saturday,12:24,1,1,0,0,Single vehicle crash,V1: Travelling straight ahead,V1: S,Wet,Daylight,Rain,0,0,88,73,FALSE,41.89861001,-71.36943215
17911,8/4/2018,August,Saturday,13:21,1,1,0,0,Single vehicle crash,V1: Travelling straight ahead,V1: S,Wet,Daylight,Cloudy/Rain,0,0,88,73,FALSE,41.89861001,-71.36943215
17912,8/4/2018,August,Saturday,15:15,1,2,0,0,Angle,V1: Leaving traffic lane / V2: Travelling straight ahead,V1: S  / V2: N,Dry,Daylight,Clear,0,0,88,73,FALSE,41.91981411,-71.35860614
17913,8/5/2018,August,Sunday,16:28,2,2,1,0,"Sideswipe, same direction",V1: Travelling straight ahead / V2: Travelling straight ahead,V1: N  / V2: N,Dry,Daylight,Clear,1.05,0,79,66,FALSE,41.92886018,-71.3230987
17914,8/5/2018,August,Sunday,22:54,2,1,2,0,"Sideswipe, same direction",V1: Travelling straight ahead,V1: N,Dry,Dark - roadway not lighted,Clear,1.05,0,79,66,FALSE,41.90231844,-71.35595143
17915,8/6/2018,August,Monday,11:34,2,2,2,0,Rear-end,V1: Travelling straight ahead / V2: Travelling straight ahead,V1: N  / V2: N,Dry,Daylight,Clear,0,0,89,67,FALSE,41.9491062,-71.28948745
17916,8/6/2018,August,Monday,13:54,1,1,0,0,Single vehicle crash,V1: Travelling straight ahead,V1: N,Dry,Daylight,Clear,0,0,89,67,FALSE,41.91016377,-71.29547495
17917,8/6/2018,August,Monday,14:23,1,2,0,0,Angle,V1: Backing / V2: Travelling straight ahead,V1: E  / V2: N,Dry,Daylight,Clear,0,0,89,67,FALSE,41.93461002,-71.29719532
17918,8/6/2018,August,Monday,16:51,1,2,0,0,Angle,V1: Changing lanes / V2: Travelling straight ahead,V1: S  / V2: S,Dry,Daylight,Clear,0,0,89,67,FALSE,34.24438675,-73.6513909
17919,8/6/2018,August,Monday,17:46,1,2,0,0,Rear-end,V1: Travelling straight ahead / V2: Travelling straight ahead,V1: S  / V2: S,Dry,Daylight,Clear,0,0,89,67,FALSE,41.89903243,-71.355186
17920,8/7/2018,August,Tuesday,10:09,1,1,0,0,Head-on,V1: Travelling straight ahead,V1: N,Dry,Daylight,Clear,0,0,91,69,FALSE,41.94527534,-71.27544006
17921,8/7/2018,August,Tuesday,11:20,1,2,0,0,Rear-end,V1: Slowing or stopped in traffic / V2: Travelling straight ahead,V1: S  / V2: S,Dry,Daylight,Clear,0,0,91,69,FALSE,41.92511357,-71.35637556
17922,8/7/2018,August,Tuesday,18:40,1,2,0,0,Angle,V1: Parked / V2: Travelling straight ahead,V1: U  / V2: S,Dry,Daylight,Clear,0,0,91,69,FALSE,41.89957255,-71.3551788
17923,8/8/2018,August,Wednesday,6:17,1,1,0,0,Single vehicle crash,V1: Travelling straight ahead,V1: N,Dry,Daylight,Clear,0,0,91,73,FALSE,34.24438675,-73.6513909
17924,8/8/2018,August,Wednesday,15:14,2,2,2,0,Angle,V1: Travelling straight ahead / V2: Travelling straight ahead,V1: N  / V2: E,Dry,Daylight,Cloudy,0,0,91,73,FALSE,34.24438675,-73.6513909
17925,8/9/2018,August,Thursday,6:47,1,2,0,0,Angle,V1: Entering traffic lane / V2: Slowing or stopped in traffic,V1: S  / V2: N,Wet,Daylight,Rain,0.04,0,89,74,FALSE,41.91166151,-71.25844596
17926,8/9/2018,August,Thursday,11:53,1,2,0,0,Angle,V1: Travelling straight ahead / V2: Backing,V1: S  / V2: W,Dry,Daylight,Clear,0.04,0,89,74,FALSE,41.93705168,-71.2847714
17927,8/9/2018,August,Thursday,12:07,1,2,0,0,Rear-end,V1: Travelling straight ahead / V2: Slowing or stopped in traffic,V1: W  / V2: W,Dry,Daylight,Clear,0.04,0,89,74,FALSE,41.95456096,-71.28676952
17928,8/9/2018,August,Thursday,14:35,2,3,1,0,Rear-end,V1: Travelling straight ahead / V2: Slowing or stopped in traffic / V3: Slowing or stopped in traffic,V1: N  / V2: N  / V3: N,Dry,Daylight,Clear,0.04,0,89,74,FALSE,41.95593405,-71.30346756
17929,8/9/2018,August,Thursday,14:35,2,3,1,0,Rear-end,V1: Travelling straight ahead / V2: Slowing or stopped in traffic / V3: Slowing or stopped in traffic,V1: N  / V2: N  / V3: N,Dry,Daylight,Clear,0.04,0,89,74,FALSE,41.95593405,-71.30346756
17930,8/9/2018,August,Thursday,15:09,1,2,0,0,Rear-end,V1: Travelling straight ahead / V2: Slowing or stopped in traffic,V1: E  / V2: E,Dry,0,Clear,0.04,0,89,74,FALSE,41.93408043,-71.3165191
17931,8/9/2018,August,Thursday,15:09,1,2,0,0,"Sideswipe, same direction",V1: Changing lanes / V2: Travelling straight ahead,V1: W  / V2: W,Dry,Daylight,Clear,0.04,0,89,74,FALSE,41.93405012,-71.31579284
17932,8/9/2018,August,Thursday,15:34,1,2,0,0,Rear-end,V1: Travelling straight ahead / V2: Slowing or stopped in traffic,V1: S  / V2: S,Dry,Daylight,Clear,0.04,0,89,74,FALSE,41.92446027,-71.28906707
17933,8/9/2018,August,Thursday,16:17,1,2,0,0,"Sideswipe, same direction",V1: Changing lanes / V2: Travelling straight ahead,V1: W  / V2: W,Dry,0,Clear,0.04,0,89,74,FALSE,41.95108383,-71.27317921
17934,8/9/2018,August,Thursday,17:49,1,2,0,0,Angle,V1: Travelling straight ahead / V2: Travelling straight ahead,V1: W  / V2: S,Dry,0,Clear,0.04,0,89,74,FALSE,41.94330173,-71.28943823
17935,8/10/2018,August,Friday,12:30,1,2,0,0,Angle,V1: Turning left / V2: Overtaking/passing,V1: E  / V2: E,Dry,Daylight,Clear,0,0,86,64,FALSE,41.95212799,-71.27087016
17936,8/10/2018,August,Friday,19:33,1,2,0,0,"Sideswipe, same direction",V1: Backing / V2: Parked,V1: E,Dry,Daylight,Clear,0,0,86,64,FALSE,41.91201025,-71.29889399
17937,8/10/2018,August,Friday,21:25,1,1,0,0,Head-on,V1: Travelling straight ahead,V1: N,Dry,Dark - lighted roadway,Clear,0,0,86,64,FALSE,41.90235081,-71.35584231
17938,8/10/2018,August,Friday,22:53,1,2,0,0,Rear-end,V1: Travelling straight ahead / V2: Entering traffic lane,V1: S  / V2: S,Dry,Dark - lighted roadway,Clear,0,0,86,64,FALSE,41.91230639,-71.36215607
17939,8/11/2018,August,Saturday,0:02,1,1,0,0,Angle,V1: Travelling straight ahead,V1: S,Dry,Dark - lighted roadway,Clear,0.89,0,87,67,FALSE,41.94290043,-71.28636176
17940,8/11/2018,August,Saturday,11:16,2,1,1,0,Single vehicle crash,V1: Travelling straight ahead,V1: S,Wet,Daylight,Clear,0.89,0,87,67,FALSE,41.89861001,-71.36943215
17941,8/11/2018,August,Saturday,12:06,1,2,0,0,"Sideswipe, same direction",V1: Slowing or stopped in traffic / V2: Turning left,V1: N  / V2: N,Wet,Daylight,Rain,0.89,0,87,67,FALSE,41.94450501,-71.28411703
17942,8/11/2018,August,Saturday,13:46,2,3,1,0,Rear-end,V1: Travelling straight ahead / V2: Slowing or stopped in traffic / V3: Slowing or stopped in traffic,V1: E  / V2: E  / V3: E,Wet,Daylight,Rain,0.89,0,87,67,FALSE,41.923981,-71.35170927
17943,8/11/2018,August,Saturday,14:39,2,2,1,0,Rear-end,V1: Travelling straight ahead / V2: Slowing or stopped in traffic,V1: N  / V2: N,Wet,Daylight,Cloudy/Rain,0.89,0,87,67,FALSE,41.90086769,-71.36799095
17944,8/12/2018,August,Sunday,11:21,2,2,2,0,Angle,V1: Travelling straight ahead / V2: Travelling straight ahead,V1: S  / V2: E,Dry,Daylight,Clear,0.47,0,73,67,FALSE,41.94472176,-71.2812504
17945,8/12/2018,August,Sunday,14:40,1,2,0,0,Angle,V1: Travelling straight ahead / V2: Travelling straight ahead,V1: S  / V2: S,Wet,Daylight,Cloudy/Rain,0.47,0,73,67,FALSE,41.91229907,-71.33799712
17946,8/13/2018,August,Monday,6:27,1,2,0,0,Angle,V1: Entering traffic lane / V2: Travelling straight ahead,V1: S  / V2: W,Dry,Daylight,Clear,0.67,0,79,67,FALSE,41.9693524,-71.29424077
17947,8/13/2018,August,Monday,8:29,1,1,0,0,Single vehicle crash,V1: Travelling straight ahead,V1: N,Wet,Daylight,Cloudy,0.67,0,79,67,FALSE,41.94758208,-71.27687472
17948,8/13/2018,August,Monday,12:19,2,2,1,0,Angle,V1: Travelling straight ahead / V2: Travelling straight ahead,V1: S  / V2: W,"Water (standing, moving)",Daylight,Cloudy/Rain,0.67,0,79,67,FALSE,41.94121777,-71.2768631
17949,8/13/2018,August,Monday,14:07,1,3,0,0,Angle,V1: Turning left / V2: Travelling straight ahead / V3: Slowing or stopped in traffic,V1: E  / V2: N  / V3: W,Wet,Daylight,Rain,0.67,0,79,67,FALSE,41.90964751,-71.36351027
17950,8/14/2018,August,Tuesday,1:49,2,2,1,0,Rear-end,V1: Travelling straight ahead / V2: Travelling straight ahead,V1: N  / V2: N,Wet,Dark - roadway not lighted,Cloudy,0.27,0,73,67,FALSE,41.92886018,-71.3230987
17951,8/14/2018,August,Tuesday,13:28,1,2,0,0,"Sideswipe, same direction",V1: Travelling straight ahead / V2: Entering traffic lane,V1: W  / V2: W,Dry,Daylight,Clear,0.27,0,73,67,FALSE,41.94431166,-71.28140274
17952,8/14/2018,August,Tuesday,20:26,2,2,2,0,Rear-end,V1: Slowing or stopped in traffic / V2: Travelling straight ahead,V1: W  / V2: W,Dry,Dark - lighted roadway,Clear,0.27,0,73,67,FALSE,41.95451461,-71.24992613
17953,8/15/2018,August,Wednesday,13:12,1,2,0,0,Angle,V1: Slowing or stopped in traffic / V2: Turning left,V1: W  / V2: S,Dry,Daylight,Clear,0.01,0,84,69,FALSE,41.91954079,-71.25775248
17954,8/15/2018,August,Wednesday,13:33,1,3,0,0,Rear-end,V1: Travelling straight ahead / V2: Slowing or stopped in traffic / V3: Slowing or stopped in traffic,V1: W  / V2: W  / V3: W,Dry,Daylight,Clear,0.01,0,84,69,FALSE,41.92289593,-71.35719012
17955,8/15/2018,August,Wednesday,18:05,2,2,2,0,Angle,V1: Travelling straight ahead / V2: Travelling straight ahead,V1: E  / V2: E,Dry,Daylight,Clear,0.01,0,84,69,FALSE,41.93306281,-71.28502226
17956,8/16/2018,August,Thursday,9:57,2,2,1,0,Rear-end,V1: Leaving traffic lane / V2: Parked,V1: W,Dry,Daylight,Clear,0,0,85,68,FALSE,41.90575575,-71.37652267
17957,8/16/2018,August,Thursday,13:04,1,3,0,0,Angle,V1: Travelling straight ahead / V2: Turning right / V3: Travelling straight ahead,V1: W  / V2: W  / V3: W,Dry,Daylight,Clear,0,0,85,68,FALSE,41.94757814,-71.27890389
17958,8/16/2018,August,Thursday,13:04,0,2,0,0,Angle,V1: Travelling straight ahead / V2: Turning right,V1: W  / V2: W,Dry,Daylight,Clear,0,0,85,68,FALSE,41.94757814,-71.27890389
17959,8/16/2018,August,Thursday,13:32,2,2,2,0,Rear-end,V1: Travelling straight ahead / V2: Slowing or stopped in traffic,V1: S  / V2: S,Dry,Daylight,Clear,0,0,85,68,FALSE,41.93269195,-71.32821357
17960,8/17/2018,August,Friday,10:45,2,1,1,0,Single vehicle crash,V1: Travelling straight ahead,V1: N,Dry,Daylight,Clear,0,0,87,67,FALSE,41.92886018,-71.3230987
17961,8/17/2018,August,Friday,19:09,2,3,3,0,Rear-end,V1: Travelling straight ahead / V2: Travelling straight ahead / V3: Travelling straight ahead,V1: S  / V2: S  / V3: S,Dry,Daylight,Clear,0,0,87,67,FALSE,41.9739912,-71.29523514
17962,8/17/2018,August,Friday,22:00,1,2,0,0,"Sideswipe, same direction",V1: Parked / V2: Parked,V1: U  / V2: U,Dry,Dark - lighted roadway,Clear,0,0,87,67,FALSE,41.94391476,-71.28039454
17963,8/18/2018,August,Saturday,8:57,1,2,0,0,Rear-to-rear,V1: Travelling straight ahead / V2: Slowing or stopped in traffic,V1: N  / V2: N,Dry,Daylight,Cloudy,0.01,0,88,69,FALSE,41.91619723,-71.35885587
17964,8/18/2018,August,Saturday,14:36,2,1,1,0,Head-on,V1: Travelling straight ahead,V1: N,Dry,Daylight,Clear,0.01,0,88,69,FALSE,41.93407114,-71.31626473
17965,8/18/2018,August,Saturday,14:56,1,2,0,0,"Sideswipe, same direction",V1: Changing lanes / V2: Travelling straight ahead,V1: N  / V2: N,Dry,Daylight,Clear,0.01,0,88,69,FALSE,41.9310864,-71.35296797
17966,8/18/2018,August,Saturday,15:27,1,2,0,0,Angle,V1: Travelling straight ahead / V2: Entering traffic lane,V1: S  / V2: E,Wet,Daylight,Cloudy/Rain,0.01,0,88,69,FALSE,41.93504503,-71.2848964
17967,8/18/2018,August,Saturday,16:50,1,1,0,0,Single vehicle crash,V1: Travelling straight ahead,V1: N,Dry,Daylight,Clear,0.01,0,88,69,FALSE,41.95514928,-71.30432065
17968,8/18/2018,August,Saturday,17:18,1,2,0,0,Rear-end,V1: Travelling straight ahead / V2: Slowing or stopped in traffic,V1: N  / V2: N,Dry,Daylight,Clear,0.01,0,88,69,FALSE,41.95514928,-71.30432065
17969,8/19/2018,August,Sunday,22:21,1,1,0,0,Single vehicle crash,V1: Travelling straight ahead,V1: N,Dry,Dark - roadway not lighted,Clear,0.57,0,85,65,FALSE,41.89947708,-71.35515679
17970,8/20/2018,August,Monday,0:03,2,1,1,0,Single vehicle crash,V1: Travelling straight ahead,V1: E,Wet,Dark - lighted roadway,Rain,0,0,73,66,FALSE,41.89966503,-71.37930451
17971,8/20/2018,August,Monday,21:00,1,2,0,0,Angle,V1: Travelling straight ahead / V2: Turning left,V1: E  / V2: E,Dry,Dark - lighted roadway,Clear,0,0,73,66,FALSE,41.91981411,-71.35860614
17972,8/21/2018,August,Tuesday,12:57,2,2,1,0,Rear-end,V1: Entering traffic lane / V2: Slowing or stopped in traffic,V1: E  / V2: E,Dry,Daylight,Cloudy,0,0,76,61,FALSE,41.89903243,-71.355186
17973,8/21/2018,August,Tuesday,13:52,2,2,1,0,"Sideswipe, same direction",V1: Travelling straight ahead / V2: Changing lanes,V1: N  / V2: N,Dry,Daylight,Clear,0,0,76,61,FALSE,41.96855379,-71.29575144
17974,8/21/2018,August,Tuesday,15:36,1,2,0,0,Single vehicle crash,V1: Travelling straight ahead / V2: Turning right,V1: S  / V2: S,Dry,Daylight,Clear,0,0,76,61,FALSE,41.89903243,-71.355186
17975,8/21/2018,August,Tuesday,16:09,2,2,1,0,Angle,V1: Turning left / V2: Travelling straight ahead,V1: W  / V2: S,Dry,Daylight,Clear,0,0,76,61,FALSE,41.90998013,-71.35802082
17976,8/22/2018,August,Wednesday,11:53,1,2,0,0,Rear-end,V1: Slowing or stopped in traffic / V2: Slowing or stopped in traffic,V1: E  / V2: E,Dry,Daylight,Clear,0.18,0,73,64,FALSE,41.92416457,-71.35104162
17977,8/23/2018,August,Thursday,6:25,1,2,0,0,Rear-end,V1: Entering traffic lane / V2: Entering traffic lane,V1: S  / V2: S,Dry,Daylight,Clear,0.3,0,83,62,FALSE,41.89938073,-71.35524848
17978,8/23/2018,August,Thursday,7:00,1,2,0,0,Rear-end,V1: Travelling straight ahead / V2: Slowing or stopped in traffic,V1: N  / V2: N,Dry,Daylight,Clear,0.3,0,83,62,FALSE,41.96941345,-71.29547608
17979,8/23/2018,August,Thursday,16:59,2,2,2,0,Angle,V1: Overtaking/passing / V2: Entering traffic lane,V1: S  / V2: S,Dry,Daylight,Clear,0.3,0,83,62,FALSE,41.93405012,-71.31579284
17980,8/24/2018,August,Friday,18:53,2,3,1,0,Angle,V1: Turning left / V2: Travelling straight ahead / V3: Parked,V1: N  / V2: S  / V3: S,Dry,Daylight,Clear,0,0,75,52,FALSE,41.90022665,-71.36831813
17981,8/25/2018,August,Saturday,3:32,3,1,0,1,Single vehicle crash,V1: Travelling straight ahead,V1: N,Dry,Dark - roadway not lighted,Clear,0,0,81,53,FALSE,41.96078541,-71.30035735
17982,8/25/2018,August,Saturday,11:13,1,2,0,0,Angle,V1: Entering traffic lane / V2: Travelling straight ahead,V1: N  / V2: W,Dry,Daylight,Clear,0,0,81,53,FALSE,41.95180056,-71.2715031
17983,8/26/2018,August,Sunday,0:10,1,2,0,0,Rear-end,V1: Travelling straight ahead / V2: Turning left,V1: S  / V2: S,Dry,Dark - lighted roadway,Clear,0,0,80,51,FALSE,41.96019116,-71.30118086
17984,8/26/2018,August,Sunday,12:03,1,2,0,0,Rear-end,V1: Travelling straight ahead / V2: Travelling straight ahead,V1: E  / V2: E,Dry,Daylight,Clear,0,0,80,51,FALSE,41.93115985,-71.26031226
17985,8/26/2018,August,Sunday,12:05,2,3,1,0,Rear-end,V1: Travelling straight ahead / V2: Slowing or stopped in traffic / V3: Slowing or stopped in traffic,V1: N  / V2: N  / V3: N,Dry,Daylight,Clear,0,0,80,51,FALSE,41.95194108,-71.30613986
17986,8/26/2018,August,Sunday,16:24,2,2,1,0,Rear-end,V1: Travelling straight ahead / V2: Slowing or stopped in traffic,V1: N  / V2: N,Dry,Daylight,Clear,0,0,80,51,FALSE,41.89938073,-71.35524848
17987,8/27/2018,August,Monday,16:34,1,2,0,0,Angle,V1: Backing / V2: Travelling straight ahead,V1: N  / V2: W,Dry,Daylight,Clear,0,0,80,54,FALSE,41.9357181,-71.32785136
17988,8/27/2018,August,Monday,17:04,1,2,0,0,Angle,V1: Overtaking/passing / V2: Entering traffic lane,V1: W  / V2: S,Dry,Daylight,Clear,0,0,80,54,FALSE,41.91344351,-71.36096835
17989,8/27/2018,August,Monday,17:24,1,2,0,0,Rear-end,V1: Slowing or stopped in traffic / V2: Travelling straight ahead,V1: S  / V2: S,Dry,Daylight,Clear,0,0,80,54,FALSE,41.94430701,-71.30913523
17990,8/28/2018,August,Tuesday,0:03,1,1,0,0,Head-on,V1: Leaving traffic lane,V1: S,Dry,Dark - lighted roadway,Clear,0,0,86,67,FALSE,41.91760691,-71.31957433
17991,8/28/2018,August,Tuesday,14:17,2,2,1,0,Angle,V1: Travelling straight ahead / V2: Travelling straight ahead,V1: N  / V2: W,Dry,Daylight,Clear,0,0,86,67,FALSE,41.94121777,-71.2768631
17992,8/28/2018,August,Tuesday,16:51,1,2,0,0,Rear-end,V1: Entering traffic lane / V2: Travelling straight ahead,V1: E  / V2: E,Dry,Daylight,Clear,0,0,86,67,FALSE,41.93388143,-71.32132206
17993,8/29/2018,August,Wednesday,9:37,1,2,0,0,Angle,V1: Travelling straight ahead / V2: Entering traffic lane,V1: W  / V2: S,Dry,Daylight,Clear,0,0,92,70,FALSE,41.9470579,-71.27958171
17994,8/30/2018,August,Thursday,6:36,1,1,0,0,Head-on,V1: Travelling straight ahead,V1: S,Dry,Daylight,Clear,0,0,94,73,FALSE,41.90601896,-71.3567643
17995,8/30/2018,August,Thursday,22:46,1,2,0,0,"Sideswipe, same direction",V1: Travelling straight ahead / V2: 0,V1: S  / V2: S,Dry,Dark - lighted roadway,Clear,0,0,94,73,FALSE,34.24438675,-73.6513909
17996,8/31/2018,August,Friday,12:35,1,2,0,0,Rear-end,V1: Travelling straight ahead / V2: Slowing or stopped in traffic,V1: N  / V2: N,Dry,Daylight,Clear,0,0,89,64,FALSE,41.9236983,-71.35683112