ID,DATE,Month,Day of week,Crash Time,Crash Severity,Number of Vehicles,Total Nonfatal Injuries,Total Fatal Injuries,Manner of Collision,Vehicle Action Prior to Crash,Vehicle Travel Directions,Road Surface Condition,Ambient Light,Weather Condition,PRCP,SNOW,TMAX,TMIN,Ice,Longtitute,Latitute
17997,8/31/2018,August,Friday,14:24,1,2,0,0,Rear-end,V1: Travelling straight ahead / V2: Slowing or stopped in traffic,V1: N  / V2: N,Dry,Daylight,Clear,0,0,89,64,FALSE,41.92511357,-71.35637556
17998,8/31/2018,August,Friday,17:55,1,2,0,0,Angle,V1: Parked / V2: Backing,V1: W  / V2: E,Dry,Daylight,Clear,0,0,89,64,FALSE,41.94817421,-71.29341696
17999,9/2/2018,September,Sunday,23:10,1,1,0,0,Single vehicle crash,V1: Other,V1: W,Dry,Dark - lighted roadway,Clear,0,0,77,56,FALSE,41.94774809,-71.28390704
18000,9/3/2018,September,Monday,8:04,1,1,0,0,Single vehicle crash,V1: Travelling straight ahead,V1: N,Dry,Daylight,Clear,0,0,81,58,FALSE,41.93399278,-71.32367634
18001,9/3/2018,September,Monday,14:23,2,1,1,0,Head-on,V1: Travelling straight ahead,V1: N,Dry,Daylight,Clear,0,0,81,58,FALSE,41.91379913,-71.25820204
18002,9/4/2018,September,Tuesday,7:14,1,2,0,0,Rear-end,V1: Travelling straight ahead / V2: Slowing or stopped in traffic,V1: E  / V2: E,Dry,Daylight,Clear,0,0,89,71,FALSE,41.96899106,-71.2914896
18003,9/4/2018,September,Tuesday,14:31,1,2,0,0,Rear-to-rear,V1: Backing / V2: Backing,V1: N  / V2: S,Dry,Daylight,Clear,0,0,89,71,FALSE,34.24438675,-73.6513909
18004,9/4/2018,September,Tuesday,14:51,1,2,0,0,Rear-end,V1: Travelling straight ahead / V2: Travelling straight ahead,V1: W  / V2: W,Dry,Daylight,Clear,0,0,89,71,FALSE,41.93742983,-71.26519759
18005,9/4/2018,September,Tuesday,16:53,2,3,1,0,Rear-end,V1: Slowing or stopped in traffic / V2: Slowing or stopped in traffic / V3: Slowing or stopped in traffic,V1: E  / V2: E  / V3: E,Dry,Daylight,Clear,0,0,89,71,FALSE,41.89938073,-71.35524848
18006,9/5/2018,September,Wednesday,8:48,2,2,1,0,Rear-end,V1: Travelling straight ahead / V2: Parked,V1: N  / V2: N,Dry,Daylight,Clear,0,0,87,67,FALSE,34.24438675,-73.6513909
18007,9/5/2018,September,Wednesday,9:52,1,2,0,0,"Sideswipe, same direction",V1: Travelling straight ahead / V2: Turning right,V1: W  / V2: W,Dry,Daylight,Clear,0,0,87,67,FALSE,41.89851725,-71.35501055
18008,9/5/2018,September,Wednesday,12:03,2,2,1,0,Angle,V1: Entering traffic lane / V2: Travelling straight ahead,V1: S  / V2: E,Dry,Daylight,Clear,0,0,87,67,FALSE,41.95428602,-71.28497548
18009,9/5/2018,September,Wednesday,13:43,1,2,0,0,"Sideswipe, same direction",V1: Overtaking/passing / V2: Travelling straight ahead,V1: W  / V2: W,Dry,Daylight,Clear,0,0,87,67,FALSE,41.91902774,-71.36161669
18010,9/5/2018,September,Wednesday,15:54,2,2,1,0,Rear-end,V1: Slowing or stopped in traffic / V2: Travelling straight ahead,V1: S  / V2: S,Dry,Daylight,Clear,0,0,87,67,FALSE,41.92045606,-71.29845401
18011,9/5/2018,September,Wednesday,17:01,2,2,1,0,Rear-end,V1: Slowing or stopped in traffic / V2: Travelling straight ahead,V1: N  / V2: N,Dry,Daylight,Clear,0,0,87,67,FALSE,41.94191488,-71.28774208
18012,9/6/2018,September,Thursday,12:25,1,2,0,0,Rear-end,V1: Slowing or stopped in traffic / V2: Travelling straight ahead,V1: N  / V2: N,Dry,Daylight,Clear,0,0,85,70,FALSE,41.9446632,-71.28341486
18013,9/6/2018,September,Thursday,21:09,1,2,0,0,Angle,V1: Turning left / V2: Travelling straight ahead,V1: S  / V2: N,Dry,Dark - lighted roadway,Cloudy,0,0,85,70,FALSE,41.91446663,-71.36106546
18014,9/6/2018,September,Thursday,22:21,2,1,1,0,Single vehicle crash,V1: Travelling straight ahead,V1: E,Dry,Dark - lighted roadway,Cloudy,0,0,85,70,FALSE,41.91809939,-71.36412077
18015,9/7/2018,September,Friday,9:22,1,2,0,0,Angle,V1: Travelling straight ahead / V2: Backing,V1: W  / V2: E,Dry,Daylight,Clear,0.52,0,91,66,FALSE,41.92319283,-71.23142728
18016,9/7/2018,September,Friday,10:06,1,2,0,0,Rear-end,V1: Slowing or stopped in traffic / V2: Travelling straight ahead,V1: E  / V2: E,Dry,Daylight,Cloudy,0.52,0,91,66,FALSE,41.95212799,-71.27087016
18017,9/7/2018,September,Friday,11:58,1,2,0,0,Angle,V1: Travelling straight ahead / V2: Entering traffic lane,V1: W  / V2: E,Dry,Daylight,Cloudy,0.52,0,91,66,FALSE,41.95190348,-71.27129776
18018,9/7/2018,September,Friday,12:05,1,2,0,0,Angle,V1: Turning left / V2: Overtaking/passing,V1: N  / V2: N,0,Daylight,Cloudy,0.52,0,91,66,FALSE,41.94666472,-71.28742757
18019,9/7/2018,September,Friday,13:59,1,1,0,0,Single vehicle crash,V1: Turning right,V1: S,Dry,Daylight,Cloudy,0.52,0,91,66,FALSE,41.93109633,-71.28512988
18020,9/7/2018,September,Friday,14:06,1,2,0,0,Angle,V1: Travelling straight ahead / V2: Travelling straight ahead,V1: W  / V2: N,Dry,Daylight,Cloudy,0.52,0,91,66,FALSE,41.95428602,-71.28497548
18021,9/7/2018,September,Friday,19:34,2,1,1,0,Single vehicle crash,V1: 0,V1: N,Dry,Dark - lighted roadway,Clear,0.52,0,91,66,FALSE,41.93860766,-71.26115887
18022,9/8/2018,September,Saturday,12:21,2,1,1,0,Head-on,V1: Turning right,V1: S,Dry,Daylight,Cloudy,0,0,69,62,FALSE,41.92461466,-71.25962095
18023,9/8/2018,September,Saturday,17:42,1,1,0,0,Single vehicle crash,V1: Travelling straight ahead,V1: W,Dry,Dawn,Clear,0,0,69,62,FALSE,41.96208597,-71.29835183
18024,9/8/2018,September,Saturday,18:47,1,2,0,0,Angle,V1: Turning left / V2: Travelling straight ahead,V1: W  / V2: N,Dry,Daylight,Cloudy,0,0,69,62,FALSE,41.90678089,-71.37777784
18025,9/9/2018,September,Sunday,15:23,1,2,0,0,Angle,V1: Travelling straight ahead / V2: Travelling straight ahead,V1: S  / V2: E,Dry,Daylight,Clear,0,0,68,54,FALSE,41.93623387,-71.28481203
18026,9/9/2018,September,Sunday,18:49,1,2,0,0,Rear-end,V1: Travelling straight ahead / V2: Travelling straight ahead,V1: N  / V2: N,Dry,Dark - lighted roadway,Clear,0,0,68,54,FALSE,41.93365798,-71.32924077
18027,9/11/2018,September,Tuesday,7:59,1,2,0,0,Rear-end,V1: Travelling straight ahead / V2: Slowing or stopped in traffic,V1: S  / V2: S,Wet,Daylight,Rain,0.88,0,64,58,FALSE,41.89777338,-71.35482244
18028,9/11/2018,September,Tuesday,15:29,1,1,0,0,Single vehicle crash,V1: Travelling straight ahead,V1: S,Dry,Daylight,Clear,0.88,0,64,58,FALSE,41.96899106,-71.2914896
18029,9/11/2018,September,Tuesday,23:31,2,3,1,0,Rear-end,V1: Slowing or stopped in traffic / V2: Slowing or stopped in traffic / V3: Travelling straight ahead,V1: S  / V2: S  / V3: S,Dry,Dark - roadway not lighted,Clear,0.88,0,64,58,FALSE,41.9739912,-71.29523514
18030,9/12/2018,September,Wednesday,3:54,1,1,0,0,Single vehicle crash,V1: Travelling straight ahead,V1: N,Wet,Dark - lighted roadway,Fog,0.1,0,81,64,FALSE,41.91329854,-71.30797099
18031,9/12/2018,September,Wednesday,7:00,1,2,0,0,Rear-end,V1: Slowing or stopped in traffic / V2: Travelling straight ahead,V1: N  / V2: N,Dry,Dawn,Clear,0.1,0,81,64,FALSE,41.91261038,-71.33609436
18032,9/12/2018,September,Wednesday,14:30,1,1,0,0,Single vehicle crash,V1: Turning right,V1: S,"Water (standing, moving)",Daylight,Cloudy/Rain,0.1,0,81,64,FALSE,41.95204979,-71.27503273
18033,9/12/2018,September,Wednesday,18:19,2,2,1,0,Rear-to-rear,V1: Travelling straight ahead / V2: Turning left,V1: N  / V2: N,Wet,Daylight,Rain,0.1,0,81,64,FALSE,41.92241545,-71.31336866
18034,9/13/2018,September,Thursday,5:21,1,2,0,0,Angle,V1: Travelling straight ahead / V2: Entering traffic lane,V1: E  / V2: N,Dry,Dark - lighted roadway,Clear,3.32,0,71,65,FALSE,41.93676851,-71.27982469
18035,9/13/2018,September,Thursday,7:38,1,2,0,0,Rear-end,V1: Travelling straight ahead / V2: Slowing or stopped in traffic,V1: E  / V2: E,Wet,Daylight,Cloudy,3.32,0,71,65,FALSE,41.95254086,-71.2699675
18036,9/13/2018,September,Thursday,9:14,1,2,0,0,Angle,V1: Turning left / V2: Travelling straight ahead,V1: E  / V2: W,Wet,Daylight,Cloudy,3.32,0,71,65,FALSE,41.93421769,-71.2996754
18037,9/13/2018,September,Thursday,14:53,1,2,0,0,Angle,V1: Travelling straight ahead / V2: Travelling straight ahead,V1: S  / V2: E,Dry,Daylight,Clear,3.32,0,71,65,FALSE,41.93806227,-71.29125944
18038,9/13/2018,September,Thursday,15:39,1,2,0,0,"Sideswipe, same direction",V1: Changing lanes / V2: Travelling straight ahead,V1: N  / V2: N,Dry,Daylight,Clear,3.32,0,71,65,FALSE,41.89705305,-71.36993431
18039,9/14/2018,September,Friday,9:01,2,1,1,0,Single vehicle crash,V1: Travelling straight ahead,V1: N,Dry,Daylight,Clear,0.01,0,71,60,FALSE,41.94664695,-71.27556053
18040,9/14/2018,September,Friday,15:43,1,2,0,0,Rear-end,V1: Travelling straight ahead / V2: Travelling straight ahead,V1: S  / V2: S,Dry,Daylight,Cloudy,0.01,0,71,60,FALSE,41.92779521,-71.35458133
18041,9/14/2018,September,Friday,15:51,1,2,0,0,"Sideswipe, opposite direction",V1: Travelling straight ahead / V2: Parked,V1: E  / V2: E,Dry,Daylight,Cloudy,0.01,0,71,60,FALSE,41.95857384,-71.2696466
18042,9/14/2018,September,Friday,16:04,1,1,0,0,Head-on,V1: Turning right,V1: N,Dry,Daylight,Clear,0.01,0,71,60,FALSE,41.94413951,-71.27772526
18043,9/14/2018,September,Friday,16:10,1,2,0,0,Angle,V1: Changing lanes / V2: Slowing or stopped in traffic,V1: S  / V2: S,Dry,Daylight,Clear,0.01,0,71,60,FALSE,41.89630027,-71.370333
18044,9/14/2018,September,Friday,17:40,1,2,0,0,Angle,V1: Slowing or stopped in traffic / V2: Travelling straight ahead,V1: N  / V2: N,Dry,Daylight,Clear,0.01,0,71,60,FALSE,34.24438675,-73.6513909
18045,9/14/2018,September,Friday,17:45,1,3,0,0,Rear-end,V1: Travelling straight ahead / V2: Travelling straight ahead / V3: Travelling straight ahead,V1: N  / V2: N  / V3: N,Dry,Daylight,Clear,0.01,0,71,60,FALSE,34.24438675,-73.6513909
18046,9/16/2018,September,Sunday,0:03,1,1,0,0,Single vehicle crash,V1: Travelling straight ahead,V1: W,Dry,Dark - lighted roadway,Clear,0,0,76,58,FALSE,41.93711159,-71.34153949
18047,9/16/2018,September,Sunday,9:31,1,2,0,0,Angle,V1: Entering traffic lane / V2: Travelling straight ahead,V1: N  / V2: W,Dry,Daylight,Clear,0,0,76,58,FALSE,41.91981411,-71.35860614
18048,9/16/2018,September,Sunday,19:45,1,2,0,0,Angle,V1: Turning left / V2: Travelling straight ahead,V1: N  / V2: W,Dry,Dark - lighted roadway,Clear,0,0,76,58,FALSE,41.93359015,-71.30040441
18049,9/17/2018,September,Monday,7:25,1,2,0,0,Rear-end,V1: Travelling straight ahead / V2: Slowing or stopped in traffic,V1: N  / V2: N,Dry,Daylight,Cloudy,0,0,83,60,FALSE,41.96230267,-71.2991791
18050,9/17/2018,September,Monday,16:48,1,2,0,0,Angle,V1: Travelling straight ahead / V2: Entering traffic lane,V1: N  / V2: S,Dry,Daylight,Clear,0,0,83,60,FALSE,41.94549057,-71.28558238
18051,9/17/2018,September,Monday,23:56,1,1,0,0,Single vehicle crash,V1: Travelling straight ahead,V1: S,Wet,Dark - lighted roadway,Rain,0,0,83,60,FALSE,41.90667291,-71.37765345
18052,9/18/2018,September,Tuesday,7:59,1,1,0,0,Single vehicle crash,V1: Travelling straight ahead,V1: N,"Water (standing, moving)",Daylight,Cloudy/Rain,0.02,0,81,66,FALSE,34.24438675,-73.6513909
18053,9/18/2018,September,Tuesday,11:22,1,1,0,0,0,V1: Travelling straight ahead,V1: E,Wet,Daylight,Cloudy/Rain,0.02,0,81,66,FALSE,41.94828331,-71.27801257
18054,9/19/2018,September,Wednesday,6:21,1,2,0,0,Rear-end,V1: Travelling straight ahead / V2: Slowing or stopped in traffic,V1: N  / V2: N,Wet,Daylight,Cloudy/Rain,1.39,0,75,62,FALSE,41.91981411,-71.35860614
18055,9/19/2018,September,Wednesday,8:37,1,2,0,0,Angle,V1: Travelling straight ahead / V2: Travelling straight ahead,V1: E  / V2: N,Wet,Daylight,Cloudy/Rain,1.39,0,75,62,FALSE,41.94574442,-71.28910698
18056,9/19/2018,September,Wednesday,19:01,2,2,1,0,Rear-end,V1: Travelling straight ahead / V2: Turning right,V1: E  / V2: E,Dry,Dusk,Clear,1.39,0,75,62,FALSE,41.93239993,-71.29481178
18057,9/19/2018,September,Wednesday,21:19,1,2,0,0,Angle,V1: Travelling straight ahead / V2: Turning left,V1: S  / V2: N,Dry,Dark - lighted roadway,Clear,1.39,0,75,62,FALSE,41.93405012,-71.31579284
18058,9/20/2018,September,Thursday,11:40,1,1,0,0,Single vehicle crash,V1: Travelling straight ahead,V1: N,Dry,Daylight,Clear,0,0,66,57,FALSE,41.955029,-71.3021291
18059,9/20/2018,September,Thursday,14:29,1,2,0,0,Angle,V1: Travelling straight ahead / V2: Travelling straight ahead,V1: E  / V2: S,Dry,Daylight,Clear,0,0,66,57,FALSE,41.94121777,-71.2768631
18060,9/20/2018,September,Thursday,15:19,1,1,0,0,Single vehicle crash,V1: Turning left,V1: S,Dry,Daylight,Clear,0,0,66,57,FALSE,41.93924225,-71.27810624
18061,9/20/2018,September,Thursday,17:04,1,2,0,0,Angle,V1: Turning left / V2: Travelling straight ahead,V1: S  / V2: W,Dry,Daylight,Clear,0,0,66,57,FALSE,41.92387717,-71.35158914
18062,9/20/2018,September,Thursday,17:24,1,2,0,0,Angle,V1: Turning left / V2: Travelling straight ahead,V1: W  / V2: E,Dry,Daylight,Clear,0,0,66,57,FALSE,41.93400167,-71.31333075
18063,9/21/2018,September,Friday,11:12,1,2,0,0,Angle,V1: Entering traffic lane / V2: Travelling straight ahead,V1: N  / V2: E,Dry,Daylight,Clear,0,0,65,55,FALSE,41.94430701,-71.30913523
18064,9/21/2018,September,Friday,11:13,1,1,0,0,Head-on,V1: Travelling straight ahead,V1: E,Dry,Daylight,Cloudy,0,0,65,55,FALSE,41.94431166,-71.28140274
18065,9/22/2018,September,Saturday,18:28,1,1,0,0,Head-on,V1: Turning right,V1: S,Dry,Dark - lighted roadway,Clear,0.02,0,70,56,FALSE,41.9123716,-71.26785013
18066,9/24/2018,September,Monday,8:41,1,2,0,0,"Sideswipe, same direction",V2: Parked / V1: Turning left,V2: N  / V1: N,Dry,Daylight,Clear,0,0,62,45,FALSE,41.94201587,-71.2912461
18067,9/24/2018,September,Monday,23:50,1,1,0,0,Single vehicle crash,V1: Travelling straight ahead,V1: N,Dry,Dark - roadway not lighted,Cloudy,0,0,62,45,FALSE,41.92886018,-71.3230987
18068,9/25/2018,September,Tuesday,17:32,1,2,0,0,Angle,V1: Travelling straight ahead / V2: Entering traffic lane,V1: S  / V2: E,Wet,Daylight,Rain,0,0,58,48,FALSE,41.92668552,-71.35537019
18069,9/26/2018,September,Wednesday,2:12,2,1,2,0,Single vehicle crash,V1: Travelling straight ahead,V1: S,Wet,Dark - lighted roadway,Rain,4.12,0,71,52,FALSE,41.89861001,-71.36943215
18070,9/26/2018,September,Wednesday,7:07,2,1,1,0,Single vehicle crash,V1: Other,V1: S,Dry,Daylight,Clear,4.12,0,71,52,FALSE,41.92626189,-71.32177515
18071,9/26/2018,September,Wednesday,9:27,1,2,0,0,"Sideswipe, same direction",V1: Turning right / V2: Overtaking/passing,V1: N  / V2: N,Dry,Daylight,Clear,4.12,0,71,52,FALSE,41.90217475,-71.35579772
18072,9/26/2018,September,Wednesday,14:42,1,2,0,0,"Sideswipe, same direction",V1: Travelling straight ahead / V2: Travelling straight ahead,V1: S  / V2: S,Dry,Daylight,Clear,4.12,0,71,52,FALSE,41.92511357,-71.35637556
18073,9/26/2018,September,Wednesday,17:36,1,2,0,0,Angle,V1: Turning left / V2: Travelling straight ahead,V1: W  / V2: S,Dry,Daylight,Clear,4.12,0,71,52,FALSE,41.90998013,-71.35802082
18074,9/27/2018,September,Thursday,13:56,1,1,0,0,Single vehicle crash,V1: Travelling straight ahead,V1: N,Dry,Daylight,Clear,0.31,0,78,60,FALSE,41.90231844,-71.35595143
18075,9/27/2018,September,Thursday,14:05,2,2,1,0,Angle,V1: Travelling straight ahead / V2: Travelling straight ahead,V1: N  / V2: N,Dry,Daylight,Clear,0.31,0,78,60,FALSE,41.90231844,-71.35595143
18076,9/27/2018,September,Thursday,18:11,1,2,0,0,Rear-end,V1: Travelling straight ahead / V2: Slowing or stopped in traffic,V1: W  / V2: W,Dry,Daylight,Clear,0.31,0,78,60,FALSE,41.93623387,-71.28481203
18077,9/28/2018,September,Friday,14:04,2,2,1,0,Rear-end,V1: Slowing or stopped in traffic / V2: Travelling straight ahead,V1: W  / V2: W,Wet,Daylight,Rain,0.02,0,69,55,FALSE,41.9348634,-71.29887283
18078,9/28/2018,September,Friday,17:03,1,1,0,0,Angle,V1: Slowing or stopped in traffic,V1: U,Dry,Daylight,Clear,0.02,0,69,55,FALSE,41.92816314,-71.35432324
18079,9/29/2018,September,Saturday,6:26,1,1,0,0,Single vehicle crash,V1: Changing lanes,V1: N,Dry,Daylight,Clear,0.45,0,59,48,FALSE,41.90231844,-71.35595143
18080,9/29/2018,September,Saturday,20:09,1,2,0,0,Angle,V1: Entering traffic lane / V2: Travelling straight ahead,V1: W  / V2: N,Dry,Dark - lighted roadway,Clear,0.45,0,59,48,FALSE,41.92776222,-71.35460538
18081,9/30/2018,September,Sunday,1:13,1,2,0,0,"Sideswipe, same direction",V1: Travelling straight ahead / V2: Changing lanes,V1: N  / V2: N,Dry,Dark - roadway not lighted,Clear,0,0,71,45,FALSE,41.95593405,-71.30346756
18082,9/30/2018,September,Sunday,19:14,1,2,0,0,Angle,V1: Turning left / V2: Travelling straight ahead,V1: W  / V2: N,Dry,Dark - lighted roadway,Clear,0,0,71,45,FALSE,41.91707062,-71.3597656
18083,10/1/2018,October,Monday,5:55,2,3,2,0,Rear-end,V1: Slowing or stopped in traffic / V2: Slowing or stopped in traffic / V3: Travelling straight ahead,V1: N  / V2: N  / V3: N,Dry,Dawn,Clear,0,0,66,45,FALSE,41.90053869,-71.36201959
18084,10/1/2018,October,Monday,6:13,1,1,0,0,Single vehicle crash,V1: Travelling straight ahead,V1: E,Dry,Dawn,Clear,0,0,66,45,FALSE,41.95410074,-71.26056496
18085,10/1/2018,October,Monday,7:08,2,2,2,0,Rear-end,V1: Travelling straight ahead / V2: Slowing or stopped in traffic,V1: E  / V2: E,Dry,Daylight,Clear,0,0,66,45,FALSE,41.93843051,-71.29261954
18086,10/1/2018,October,Monday,8:29,1,2,0,0,Rear-end,V1: Travelling straight ahead / V2: Slowing or stopped in traffic,V1: N  / V2: N,Dry,Daylight,Clear,0,0,66,45,FALSE,41.94330896,-71.27265641
18087,10/1/2018,October,Monday,9:04,2,2,2,0,Rear-end,V1: Travelling straight ahead / V2: Slowing or stopped in traffic,V1: S  / V2: S,Dry,Daylight,Clear,0,0,66,45,FALSE,41.96715364,-71.29098944
18088,10/2/2018,October,Tuesday,10:00,1,2,0,0,Rear-end,V1: Travelling straight ahead / V2: Travelling straight ahead,V1: S  / V2: S,Wet,Daylight,Rain,0.23,0,72,53,FALSE,41.92511357,-71.35637556
18089,10/2/2018,October,Tuesday,22:30,2,2,1,0,"Sideswipe, same direction",V1: Travelling straight ahead / V2: Travelling straight ahead,V1: S  / V2: N,Wet,Dark - roadway not lighted,Cloudy/Rain,0.23,0,72,53,FALSE,41.92927403,-71.32377045
18090,10/3/2018,October,Wednesday,6:55,1,2,0,0,Rear-end,V1: Travelling straight ahead / V2: Slowing or stopped in traffic,V1: N  / V2: N,Wet,Daylight,Rain,1.28,0,66,56,FALSE,41.92886018,-71.3230987
18091,10/3/2018,October,Wednesday,14:23,2,2,1,0,Angle,V1: Travelling straight ahead / V2: Travelling straight ahead,V1: S  / V2: E,Dry,Daylight,Clear,1.28,0,66,56,FALSE,41.90086769,-71.36799095
18092,10/3/2018,October,Wednesday,16:35,1,2,0,0,Rear-end,V1: Travelling straight ahead / V2: Changing lanes,V1: N  / V2: N,Dry,Daylight,Clear,1.28,0,66,56,FALSE,34.24438675,-73.6513909
18093,10/3/2018,October,Wednesday,19:40,1,1,0,0,Single vehicle crash,V1: Travelling straight ahead,V1: N,Dry,Dark - lighted roadway,Clear,1.28,0,66,56,FALSE,41.95593405,-71.30346756
18094,10/4/2018,October,Thursday,13:52,2,2,1,0,Rear-end,V1: Travelling straight ahead / V2: Travelling straight ahead,V1: W  / V2: W,Dry,Daylight,Cloudy,0,0,63,55,FALSE,41.93396682,-71.31046326
18095,10/4/2018,October,Thursday,18:22,1,2,0,0,Rear-end,V1: Travelling straight ahead / V2: Travelling straight ahead,V1: W  / V2: W,Dry,Dusk,Clear,0,0,63,55,FALSE,41.95484304,-71.28856385
18096,10/5/2018,October,Friday,10:42,1,1,0,0,Single vehicle crash,V1: Travelling straight ahead,V1: W,Dry,Daylight,Clear,0,0,70,58,FALSE,41.92452651,-71.35379865
18097,10/5/2018,October,Friday,12:18,1,3,0,0,Rear-end,V1: Slowing or stopped in traffic / V2: Slowing or stopped in traffic / V3: Travelling straight ahead,V1: N  / V2: N  / V3: N,Dry,Daylight,Clear,0,0,70,58,FALSE,41.92429238,-71.3396948
18098,10/5/2018,October,Friday,12:37,1,1,0,0,Angle,V1: Overtaking/passing,V1: W,Dry,Daylight,Clear,0,0,70,58,FALSE,41.9348634,-71.29887283
18099,10/6/2018,October,Saturday,3:30,2,2,1,0,"Sideswipe, same direction",V1: Travelling straight ahead / V2: Changing lanes,V1: N  / V2: N,Dry,Dark - roadway not lighted,Clear,0,0,61,41,FALSE,41.92886018,-71.3230987
18100,10/6/2018,October,Saturday,6:02,1,1,0,0,"Sideswipe, same direction",V1: Travelling straight ahead,V1: N,Dry,Dark - lighted roadway,Clear,0,0,61,41,FALSE,41.89531275,-71.37081814
18101,10/6/2018,October,Saturday,11:15,1,2,0,0,Rear-end,V1: Travelling straight ahead / V2: Slowing or stopped in traffic,V1: S  / V2: S,Dry,Daylight,Clear,0,0,61,41,FALSE,41.89861001,-71.36943215
18102,10/6/2018,October,Saturday,12:52,1,1,0,0,Single vehicle crash,V1: Travelling straight ahead,V1: W,Dry,Daylight,Clear,0,0,61,41,FALSE,41.93405012,-71.31579284
18103,10/7/2018,October,Sunday,4:58,2,1,1,0,Single vehicle crash,V1: Travelling straight ahead,V1: S,Dry,Dark - roadway not lighted,Clear,0,0,65,46,FALSE,41.96019116,-71.30118086
18104,10/7/2018,October,Sunday,8:55,2,2,1,0,Rear-end,V1: Travelling straight ahead / V2: Slowing or stopped in traffic,V1: N  / V2: N,Dry,Daylight,Cloudy,0,0,65,46,FALSE,41.90217475,-71.35579772
18105,10/7/2018,October,Sunday,17:30,1,2,0,0,"Sideswipe, same direction",V1: Travelling straight ahead / V2: Travelling straight ahead,V1: S  / V2: S,Dry,Daylight,Cloudy,0,0,65,46,FALSE,41.90255025,-71.35612621
18106,10/9/2018,October,Tuesday,9:01,1,2,0,0,Angle,V1: Entering traffic lane / V2: Travelling straight ahead,V1: W  / V2: W,Dry,Daylight,Clear,0.01,0,62,56,FALSE,41.96939223,-71.29357955
18107,10/9/2018,October,Tuesday,9:39,1,1,0,0,Single vehicle crash,V1: Travelling straight ahead,V1: E,Dry,Daylight,Cloudy,0.01,0,62,56,FALSE,41.94453871,-71.28197249
18108,10/9/2018,October,Tuesday,14:20,1,2,0,0,Angle,V1: Travelling straight ahead / V2: Travelling straight ahead,V1: W  / V2: W,Dry,Daylight,Cloudy,0.01,0,62,56,FALSE,41.95190348,-71.27129776
18109,10/11/2018,October,Thursday,21:00,1,2,0,0,"Sideswipe, same direction",V1: Travelling straight ahead / V2: 0,V1: N  / V2: N,Dry,Dark - roadway not lighted,Clear,0,0,80,65,FALSE,41.90231844,-71.35595143
18110,10/11/2018,October,Thursday,22:41,1,3,0,0,Rear-end,V1: Slowing or stopped in traffic / V2: Slowing or stopped in traffic / V3: Travelling straight ahead,V1: S  / V2: S  / V3: S,Wet,Dark - lighted roadway,Rain,0,0,80,65,FALSE,41.9491062,-71.28948745
18111,10/12/2018,October,Friday,6:25,2,2,1,0,Rear-end,V1: Slowing or stopped in traffic / V2: Travelling straight ahead,V1: N  / V2: N,Wet,Dawn,Cloudy/Rain,2.06,0,76,57,FALSE,41.92886018,-71.3230987
18112,10/12/2018,October,Friday,9:14,2,1,1,0,Single vehicle crash,V1: Changing lanes,V1: S,Wet,Daylight,Cloudy/Rain,2.06,0,76,57,FALSE,41.93700111,-71.31743303
18113,10/12/2018,October,Friday,9:30,1,2,0,0,Rear-end,V1: Travelling straight ahead / V2: Other,V1: S  / V2: S,Wet,Daylight,Rain,2.06,0,76,57,FALSE,41.92927403,-71.32377045
18114,10/12/2018,October,Friday,10:40,1,2,0,0,Angle,V1: Turning left / V2: Travelling straight ahead,V1: S  / V2: W,Wet,Daylight,Cloudy/Rain,2.06,0,76,57,FALSE,41.95108383,-71.27317921
18115,10/12/2018,October,Friday,12:17,1,1,0,0,Angle,V1: Turning right,V1: W,Dry,Daylight,Cloudy,2.06,0,76,57,FALSE,41.94166257,-71.26935278
18116,10/12/2018,October,Friday,14:12,1,4,0,0,Rear-end,V1: Slowing or stopped in traffic / V2: Slowing or stopped in traffic / V3: Travelling straight ahead / V4: Travelling straight ahead,V1: W  / V2: W  / V3: W  / V4: W,Dry,Daylight,Clear,2.06,0,76,57,FALSE,41.94007226,-71.29032337
18117,10/12/2018,October,Friday,17:48,2,2,1,0,Rear-end,V1: Slowing or stopped in traffic / V2: Travelling straight ahead,V1: S  / V2: S,Dry,Daylight,Clear,2.06,0,76,57,FALSE,41.96643836,-71.29074265
18118,10/13/2018,October,Saturday,12:25,1,3,0,0,Rear-end,V2: Parked / V1: Backing / V3: Backing,V2: N  / V1: N  / V3: N,Dry,Daylight,Clear,0.83,0,61,44,FALSE,41.94442895,-71.27946997
18119,10/13/2018,October,Saturday,14:27,1,2,0,0,Rear-end,V1: Travelling straight ahead / V2: Slowing or stopped in traffic,V1: E  / V2: E,Dry,Daylight,Cloudy,0.83,0,61,44,FALSE,41.94257314,-71.28681539
18120,10/14/2018,October,Sunday,13:12,2,2,1,0,Rear-end,V1: Travelling straight ahead / V2: Slowing or stopped in traffic,V1: E  / V2: E,Dry,Daylight,Clear,0.12,0,51,37,FALSE,41.93779791,-71.29348849