ID,DATE,Month,Day of week,Crash Time,Crash Severity,Number of Vehicles,Total Nonfatal Injuries,Total Fatal Injuries,Manner of Collision,Vehicle Action Prior to Crash,Vehicle Travel Directions,Road Surface Condition,Ambient Light,Weather Condition,PRCP,SNOW,TMAX,TMIN,Ice,Longtitute,Latitute
18121,10/14/2018,October,Sunday,13:36,1,2,0,0,"Sideswipe, same direction",V1: Entering traffic lane / V2: Entering traffic lane,V1: N  / V2: N,Dry,Daylight,Cloudy,0.12,0,51,37,FALSE,41.92163511,-71.35781502
18122,10/14/2018,October,Sunday,18:12,2,1,1,0,Single vehicle crash,V1: Travelling straight ahead,V1: E,Dry,Dusk,Clear,0.12,0,51,37,FALSE,41.9477973,-71.27863901
18123,10/15/2018,October,Monday,6:28,1,1,0,0,"Sideswipe, opposite direction",V1: Travelling straight ahead,V1: E,Dry,Dawn,Clear,0,0,56,37,FALSE,41.96939377,-71.29355357
18124,10/15/2018,October,Monday,6:28,1,2,0,0,"Sideswipe, opposite direction",V1: Turning left / V2: Travelling straight ahead,V1: E  / V2: E,Dry,Dawn,Clear,0,0,56,37,FALSE,41.96939377,-71.29355357
18125,10/15/2018,October,Monday,9:28,1,2,0,0,"Sideswipe, same direction",V1: Parked / V2: Other,V1: U  / V2: W,Dry,Daylight,Clear,0,0,56,37,FALSE,41.94823543,-71.27807507
18126,10/15/2018,October,Monday,12:11,1,2,0,0,Angle,V1: Turning left / V2: Travelling straight ahead,V1: S  / V2: N,Dry,Daylight,Clear,0,0,56,37,FALSE,41.89733197,-71.36979234
18127,10/15/2018,October,Monday,12:13,2,2,2,0,Angle,V1: Entering traffic lane / V2: Travelling straight ahead,V1: S  / V2: N,Dry,Daylight,Clear,0,0,56,37,FALSE,41.95484304,-71.28856385
18128,10/15/2018,October,Monday,15:17,1,2,0,0,Angle,V1: Turning left / V2: Travelling straight ahead,V1: N  / V2: E,Dry,Daylight,Clear,0,0,56,37,FALSE,41.92906748,-71.2246876
18129,10/15/2018,October,Monday,17:37,1,2,0,0,Angle,V1: Turning left / V2: Travelling straight ahead,V1: S  / V2: N,Dry,Dusk,Cloudy,0,0,56,37,FALSE,41.9157184,-71.36042615
18130,10/16/2018,October,Tuesday,8:30,1,2,0,0,Rear-end,V1: Travelling straight ahead / V2: Slowing or stopped in traffic,V1: N  / V2: N,Dry,Daylight,Clear,0.12,0,68,38,FALSE,41.95522139,-71.30262485
18131,10/16/2018,October,Tuesday,14:16,2,3,1,0,Rear-end,V1: Travelling straight ahead / V2: Slowing or stopped in traffic / V3: Slowing or stopped in traffic,V1: N  / V2: N  / V3: N,Dry,Daylight,Clear,0.12,0,68,38,FALSE,41.93306281,-71.28502226
18132,10/16/2018,October,Tuesday,14:49,1,2,0,0,Angle,V1: Turning left / V2: Travelling straight ahead,V1: S  / V2: E,Dry,Daylight,Clear,0.12,0,68,38,FALSE,41.91905996,-71.36150836
18133,10/17/2018,October,Wednesday,11:36,2,1,1,0,Single vehicle crash,V1: Travelling straight ahead,V1: N,Dry,Daylight,Clear,0,0,54,36,FALSE,41.95593405,-71.30346756
18134,10/18/2018,October,Thursday,11:09,1,2,0,0,Angle,V1: Travelling straight ahead / V2: Travelling straight ahead,V1: S  / V2: W,Dry,Daylight,Clear,0.02,0,61,36,FALSE,41.9351351,-71.28488895
18135,10/18/2018,October,Thursday,12:50,1,2,0,0,Angle,V1: Turning right / V2: Travelling straight ahead,V1: S  / V2: S,Dry,Daylight,Clear,0.02,0,61,36,FALSE,41.91925914,-71.35763767
18136,10/18/2018,October,Thursday,12:53,1,2,0,0,Angle,V1: Turning left / V2: Travelling straight ahead,V1: S  / V2: W,Dry,Daylight,Clear,0.02,0,61,36,FALSE,41.92387717,-71.35158914
18137,10/18/2018,October,Thursday,17:12,1,2,0,0,Angle,V1: Turning right / V2: Entering traffic lane,V1: E  / V2: S,Dry,Daylight,Clear,0.02,0,61,36,FALSE,41.93407114,-71.31626473
18138,10/19/2018,October,Friday,6:59,1,2,0,0,Rear-end,V1: Travelling straight ahead / V2: Slowing or stopped in traffic,V1: N  / V2: N,Dry,Daylight,Clear,0,0,46,29,TRUE,41.96230267,-71.2991791
18139,10/19/2018,October,Friday,13:51,1,2,0,0,Rear-end,V1: Travelling straight ahead / V2: Slowing or stopped in traffic,V1: N  / V2: N,Dry,Daylight,Clear,0,0,46,29,TRUE,41.95502912,-71.30212926
18140,10/19/2018,October,Friday,14:03,1,2,0,0,"Sideswipe, same direction",V1: Changing lanes / V2: Travelling straight ahead,V1: W  / V2: W,Dry,Daylight,Clear,0,0,46,29,TRUE,41.92005179,-71.35764107
18141,10/19/2018,October,Friday,14:40,1,3,0,0,Rear-end,V1: Travelling straight ahead / V2: Slowing or stopped in traffic / V3: Slowing or stopped in traffic,V1: N  / V2: N  / V3: N,Dry,Daylight,Clear,0,0,46,29,TRUE,41.92908297,-71.32292227
18142,10/19/2018,October,Friday,19:02,1,2,0,0,Head-on,V1: Turning left / V2: Travelling straight ahead,V1: S  / V2: E,Dry,Dusk,Clear,0,0,46,29,TRUE,41.92014284,-71.35719783
18143,10/19/2018,October,Friday,22:22,2,2,3,0,Head-on,V1: Entering traffic lane / V2: Travelling straight ahead,V1: S  / V2: N,Dry,Dark - lighted roadway,Clear,0,0,46,29,TRUE,41.91748456,-71.35842986
18144,10/19/2018,October,Friday,22:43,2,1,1,0,Single vehicle crash,V1: Travelling straight ahead,V1: W,Dry,Dark - lighted roadway,Clear,0,0,46,29,TRUE,41.92038239,-71.24311605
18145,10/20/2018,October,Saturday,13:32,1,2,0,0,Rear-end,V1: Travelling straight ahead / V2: Travelling straight ahead,V1: N  / V2: N,Dry,Daylight,Clear,0.01,0,59,30,TRUE,41.95593405,-71.30346756
18146,10/20/2018,October,Saturday,16:50,1,2,0,0,Rear-end,V1: Travelling straight ahead / V2: Slowing or stopped in traffic,V1: N  / V2: N,Dry,Daylight,Clear,0.01,0,59,30,TRUE,41.90142985,-71.3555401
18147,10/21/2018,October,Sunday,1:24,1,3,0,0,Angle,V1: Slowing or stopped in traffic / V2: Changing lanes / V3: Travelling straight ahead,V1: N  / V2: N  / V3: N,Dry,Dark - roadway not lighted,Clear,0.08,0,63,44,FALSE,41.94954182,-71.30775601
18148,10/21/2018,October,Sunday,11:16,1,2,0,0,Rear-end,V1: Slowing or stopped in traffic / V2: Slowing or stopped in traffic,V1: N  / V2: N,Dry,Daylight,Clear,0.08,0,63,44,FALSE,41.90964751,-71.36351027
18149,10/21/2018,October,Sunday,17:38,2,2,2,0,Rear-end,V1: Travelling straight ahead / V2: Slowing or stopped in traffic,V1: S  / V2: S,Dry,Daylight,Clear,0.08,0,63,44,FALSE,41.89861001,-71.36943215
18150,10/21/2018,October,Sunday,19:45,1,2,0,0,Angle,V1: Travelling straight ahead / V2: Travelling straight ahead,V1: E  / V2: S,Dry,Dark - lighted roadway,Clear,0.08,0,63,44,FALSE,41.93840858,-71.28352591
18151,10/22/2018,October,Monday,6:26,1,2,0,0,Rear-end,V1: Slowing or stopped in traffic / V2: Travelling straight ahead,V1: N  / V2: N,Dry,Daylight,Cloudy,0.05,0,47,26,TRUE,41.95518928,-71.30389339
18152,10/22/2018,October,Monday,6:45,1,2,0,0,Rear-end,V1: Travelling straight ahead / V2: Slowing or stopped in traffic,V1: N  / V2: N,Dry,Daylight,Cloudy,0.05,0,47,26,TRUE,41.92886018,-71.3230987
18153,10/22/2018,October,Monday,6:56,1,2,0,0,Head-on,V1: Turning left / V2: Travelling straight ahead,V1: N  / V2: W,Dry,Daylight,Clear,0.05,0,47,26,TRUE,41.93405012,-71.31579284
18154,10/22/2018,October,Monday,8:28,1,1,0,0,Single vehicle crash,V1: Travelling straight ahead,V1: N,Dry,Daylight,Clear,0.05,0,47,26,TRUE,41.92734177,-71.2850606
18155,10/22/2018,October,Monday,14:51,1,2,0,0,Rear-end,V1: Travelling straight ahead / V2: Slowing or stopped in traffic,V1: N  / V2: N,Dry,Daylight,Clear,0.05,0,47,26,TRUE,41.91619723,-71.35885587
18156,10/22/2018,October,Monday,15:29,2,2,1,0,Rear-end,V1: Travelling straight ahead / V2: Travelling straight ahead,V1: N  / V2: N,Dry,Daylight,Clear,0.05,0,47,26,TRUE,41.89618753,-71.37039513
18157,10/22/2018,October,Monday,21:06,1,2,0,0,Angle,V1: Turning right / V2: Parked,V1: E  / V2: U,Dry,Daylight,Clear,0.05,0,47,26,TRUE,41.94089258,-71.27303251
18158,10/23/2018,October,Tuesday,10:40,1,2,0,0,Angle,V1: Entering traffic lane / V2: Travelling straight ahead,V1: W  / V2: N,Dry,Daylight,Cloudy,0,0,50,25,TRUE,34.24438675,-73.6513909
18159,10/23/2018,October,Tuesday,14:32,1,2,0,0,Angle,V1: Turning left / V2: Entering traffic lane,V1: N  / V2: E,Wet,Daylight,Rain,0,0,50,25,TRUE,41.94213878,-71.28262423
18160,10/23/2018,October,Tuesday,15:01,1,2,0,0,Angle,V1: Backing / V2: Travelling straight ahead,V1: S  / V2: E,Wet,Daylight,Rain,0,0,50,25,TRUE,34.24438675,-73.6513909
18161,10/23/2018,October,Tuesday,15:05,1,2,0,0,Rear-end,V1: Slowing or stopped in traffic / V2: Travelling straight ahead,V1: N  / V2: N,Dry,Daylight,Clear,0,0,50,25,TRUE,41.92014284,-71.35719783
18162,10/23/2018,October,Tuesday,23:31,1,2,0,0,Angle,V1: Travelling straight ahead / V2: Turning left,V1: N  / V2: S,Dry,Dark - lighted roadway,Clear,0,0,50,25,TRUE,41.93874704,-71.29215576
18163,10/24/2018,October,Wednesday,4:57,1,2,0,0,Rear-end,V1: Slowing or stopped in traffic / V2: Slowing or stopped in traffic,V1: N  / V2: N,Dry,Dark - roadway not lighted,Clear,0.05,0,55,40,FALSE,41.95593405,-71.30346756
18164,10/24/2018,October,Wednesday,12:17,1,1,0,0,Single vehicle crash,V1: Entering traffic lane,V1: S,Dry,Daylight,Clear,0.05,0,55,40,FALSE,41.95212059,-71.30675003
18165,10/24/2018,October,Wednesday,15:10,0,1,0,0,Single vehicle crash,V1: Slowing or stopped in traffic,V1: N,Dry,Daylight,Clear,0.05,0,55,40,FALSE,41.95514928,-71.30432065
18166,10/24/2018,October,Wednesday,15:23,2,2,1,0,Rear-end,V1: Slowing or stopped in traffic / V2: Backing,V1: N  / V2: N,Dry,Daylight,Clear,0.05,0,55,40,FALSE,41.96899106,-71.2914896
18167,10/24/2018,October,Wednesday,15:53,1,2,0,0,Angle,V1: Turning right / V2: Travelling straight ahead,V1: W  / V2: W,Dry,Daylight,Clear,0.05,0,55,40,FALSE,41.95130281,-71.27263126
18168,10/24/2018,October,Wednesday,16:10,1,2,0,0,Angle,V1: Overtaking/passing / V2: Parked,V1: N  / V2: W,Wet,Daylight,Cloudy,0.05,0,55,40,FALSE,41.93716641,-71.2559869
18169,10/25/2018,October,Thursday,9:40,1,2,0,0,Rear-end,V1: Travelling straight ahead / V2: Slowing or stopped in traffic,V1: N  / V2: N,Dry,Daylight,Clear,0.04,0,49,31,TRUE,41.95514928,-71.30432065
18170,10/25/2018,October,Thursday,12:54,2,1,1,0,Single vehicle crash,V1: Turning right,V1: W,Dry,Daylight,Clear,0.04,0,49,31,TRUE,41.95343843,-71.26694546
18171,10/26/2018,October,Friday,9:31,2,2,1,0,Rear-end,V1: Travelling straight ahead / V2: Travelling straight ahead,V1: S  / V2: S,Dry,Daylight,Clear,0,0,49,27,TRUE,41.89943951,-71.35526114
18172,10/26/2018,October,Friday,10:14,1,2,0,0,Angle,V1: Turning left / V2: Parked,V1: E  / V2: E,Dry,Daylight,Clear,0,0,49,27,TRUE,41.94452754,-71.28011358
18173,10/26/2018,October,Friday,12:57,2,2,1,0,Angle,V1: Turning left / V2: Travelling straight ahead,V1: S  / V2: N,Dry,Daylight,Clear,0,0,49,27,TRUE,41.94431166,-71.28140274
18174,10/26/2018,October,Friday,14:13,1,2,0,0,Angle,V1: Turning left / V2: Travelling straight ahead,V1: S  / V2: W,Dry,Daylight,Clear,0,0,49,27,TRUE,41.93421769,-71.2996754
18175,10/26/2018,October,Friday,16:46,2,2,1,0,Angle,V1: Travelling straight ahead / V2: Travelling straight ahead,V1: W  / V2: S,Dry,Daylight,Clear,0,0,49,27,TRUE,41.94757814,-71.27890389
18176,10/26/2018,October,Friday,18:36,1,1,0,0,Single vehicle crash,V1: Travelling straight ahead,V1: W,Dry,Dusk,Clear,0,0,49,27,TRUE,41.92616865,-71.3603011
18177,10/26/2018,October,Friday,20:03,2,2,1,0,Head-on,V1: Turning left / V2: Travelling straight ahead,V1: N  / V2: S,Dry,Dark - lighted roadway,Clear,0,0,49,27,TRUE,41.9231384,-71.22902805
18178,10/27/2018,October,Saturday,0:45,2,1,1,0,Single vehicle crash,V1: Turning left,V1: S,Dry,Dark - lighted roadway,Clear,0.07,0,45,27,TRUE,41.89618753,-71.37039513
18179,10/27/2018,October,Saturday,1:08,2,1,1,0,Head-on,V1: Travelling straight ahead,V1: S,Dry,Dark - lighted roadway,Cloudy,0.07,0,45,27,TRUE,34.24438675,-73.6513909
18180,10/27/2018,October,Saturday,8:22,1,2,0,0,Angle,V1: Travelling straight ahead / V2: Turning left,V1: S  / V2: W,Dry,Daylight,Clear,0.07,0,45,27,TRUE,41.91619723,-71.35885587
18181,10/27/2018,October,Saturday,12:03,2,6,4,0,Rear-end,V1: Slowing or stopped in traffic / V2: Travelling straight ahead / V3: Slowing or stopped in traffic / V4: Travelling straight ahead / V5: Slowing or stopped in traffic / V6: Slowing or stopped in traffic,V1: S  / V2: S  / V3: S  / V4: S  / V5: S  / V6: S,Wet,Daylight,Rain,0.07,0,45,27,TRUE,41.89861001,-71.36943215
18182,10/27/2018,October,Saturday,13:08,1,1,0,0,Single vehicle crash,V1: Turning right,V1: W,"Water (standing, moving)",Daylight,Cloudy/Rain,0.07,0,45,27,TRUE,41.92996771,-71.29066781
18183,10/27/2018,October,Saturday,17:16,1,2,0,0,Rear-end,V1: Slowing or stopped in traffic / V2: Slowing or stopped in traffic,V1: E  / V2: E,Wet,Daylight,Cloudy/Rain,0.07,0,45,27,TRUE,41.92582442,-71.34707855
18184,10/30/2018,October,Tuesday,12:24,1,2,0,0,"Sideswipe, same direction",V1: Overtaking/passing / V2: Making U-turn,V1: W  / V2: W,Dry,Daylight,Clear,0.12,0,59,37,FALSE,41.9265526,-71.34387014
18185,10/31/2018,October,Wednesday,12:52,1,2,0,0,Rear-end,V1: Slowing or stopped in traffic / V2: Travelling straight ahead,V1: N  / V2: N,Dry,Daylight,Clear,0,0,48,27,TRUE,41.89912929,-71.35520494
18186,10/31/2018,October,Wednesday,15:08,1,1,0,0,Single vehicle crash,V1: Travelling straight ahead,V1: N,Dry,Daylight,Clear,0,0,48,27,TRUE,41.93916435,-71.25068092
18187,10/31/2018,October,Wednesday,16:25,1,2,0,0,Rear-to-rear,V1: Travelling straight ahead / V2: Slowing or stopped in traffic,V1: S  / V2: S,Dry,Daylight,Cloudy,0,0,48,27,TRUE,41.9008693,-71.34385087
18188,10/31/2018,October,Wednesday,18:12,1,2,0,0,"Sideswipe, same direction",V1: Changing lanes / V2: Travelling straight ahead,V1: N  / V2: N,Dry,Dusk,Clear,0,0,48,27,TRUE,41.90998013,-71.35802082
18189,11/1/2018,November,Thursday,0:02,1,1,0,0,Single vehicle crash,V1: Changing lanes,V1: S,Dry,Dark - roadway not lighted,Clear,0,0,56,28,TRUE,41.90433577,-71.35012688
18190,11/1/2018,November,Thursday,7:11,1,2,0,0,Rear-to-rear,V1: Travelling straight ahead / V2: Slowing or stopped in traffic,V1: S  / V2: S,Dry,Daylight,Clear,0,0,56,28,TRUE,41.95204979,-71.27503273
18191,11/1/2018,November,Thursday,18:08,1,1,0,0,Single vehicle crash,V1: Leaving traffic lane,V1: E,Dry,Dark - lighted roadway,Clear,0,0,56,28,TRUE,41.90356379,-71.30376782
18192,11/2/2018,November,Friday,10:57,1,2,0,0,Rear-end,V1: Travelling straight ahead / V2: Travelling straight ahead,V1: E  / V2: E,Wet,Daylight,Clear,0.14,0,69,52,FALSE,41.91779869,-71.36668032
18193,11/2/2018,November,Friday,15:13,1,1,0,0,Single vehicle crash,V1: Travelling straight ahead,V1: N,Dry,Daylight,Clear,0.14,0,69,52,FALSE,41.95523633,-71.30329856
18194,11/2/2018,November,Friday,17:40,1,2,0,0,Rear-end,V1: Travelling straight ahead / V2: Slowing or stopped in traffic,V1: W  / V2: W,Wet,Dark - lighted roadway,Cloudy/Rain,0.14,0,69,52,FALSE,41.91816133,-71.25763887
18195,11/2/2018,November,Friday,18:44,2,2,1,0,"Sideswipe, opposite direction",V1: Turning left / V2: Travelling straight ahead,V1: E  / V2: N,Dry,Dark - lighted roadway,Clear,0.14,0,69,52,FALSE,41.94450501,-71.28411703
18196,11/3/2018,November,Saturday,5:55,1,1,0,0,Single vehicle crash,V1: Travelling straight ahead,V1: S,Wet,Dark - roadway not lighted,Rain,1.44,0,66,52,FALSE,41.93804592,-71.31642932
18197,11/3/2018,November,Saturday,15:18,2,2,3,0,Rear-end,V1: Changing lanes / V2: Changing lanes,V1: S  / V2: S,Dry,Daylight,Clear,1.44,0,66,52,FALSE,41.92298549,-71.35714757
18198,11/3/2018,November,Saturday,18:11,1,2,0,0,Angle,V1: Turning left / V2: Travelling straight ahead,V1: W  / V2: E,Dry,Dark - lighted roadway,Clear,1.44,0,66,52,FALSE,41.93359015,-71.30040441
18199,11/4/2018,November,Sunday,12:48,1,2,0,0,Rear-end,V1: Travelling straight ahead / V2: Slowing or stopped in traffic,V1: S  / V2: S,Dry,Daylight,Clear,0.25,0,66,35,FALSE,41.89937619,-71.35524769
18200,11/4/2018,November,Sunday,13:52,2,2,2,0,Angle,V1: Turning left / V2: Travelling straight ahead,V1: S  / V2: N,Dry,Daylight,Clear,0.25,0,66,35,FALSE,41.90964751,-71.36351027
18201,11/4/2018,November,Sunday,17:26,1,2,0,0,Rear-end,V1: Travelling straight ahead / V2: Slowing or stopped in traffic,V1: E  / V2: N,Dry,Daylight,Clear,0.25,0,66,35,FALSE,41.95514928,-71.30432065
18202,11/5/2018,November,Monday,14:18,2,3,1,0,Rear-end,V1: Travelling straight ahead / V2: Travelling straight ahead / V3: Slowing or stopped in traffic,V1: S  / V2: S  / V3: S,Wet,Daylight,Rain,0,0,53,34,FALSE,41.9079342,-71.35745922
18203,11/5/2018,November,Monday,15:03,1,2,0,0,Angle,V1: Travelling straight ahead / V2: Changing lanes,V1: N  / V2: N,Dry,Daylight,Clear,0,0,53,34,FALSE,41.92644259,-71.35554103
18204,11/5/2018,November,Monday,15:45,1,3,0,0,Rear-end,V1: Slowing or stopped in traffic / V2: Slowing or stopped in traffic / V3: Travelling straight ahead,V1: E  / V2: E  / V3: E,Dry,Daylight,Cloudy,0,0,53,34,FALSE,41.93403731,-71.30601704
18205,11/5/2018,November,Monday,16:50,2,2,1,0,Rear-end,V1: Travelling straight ahead / V2: Slowing or stopped in traffic,V1: S  / V2: S,Wet,Dusk,Rain,0,0,53,34,FALSE,41.94217059,-71.28456247
18206,11/6/2018,November,Tuesday,16:23,2,1,1,0,Single vehicle crash,V1: Travelling straight ahead,V1: S,Wet,Dusk,Rain,0.48,0,51,34,FALSE,41.94752744,-71.2865652
18207,11/6/2018,November,Tuesday,18:43,1,2,0,0,Angle,V1: Travelling straight ahead / V2: Travelling straight ahead,V1: E  / V2: S,Wet,Dark - lighted roadway,Rain,0.48,0,51,34,FALSE,41.93623387,-71.28481203
18208,11/6/2018,November,Tuesday,21:34,1,1,0,0,Angle,V1: Travelling straight ahead,V1: E,Wet,Dark - lighted roadway,Cloudy,0.48,0,51,34,FALSE,41.91954079,-71.25775248
18209,11/6/2018,November,Tuesday,21:52,1,2,0,0,Angle,V1: Turning left / V2: Travelling straight ahead,V1: E  / V2: W,Wet,Dark - lighted roadway,Cloudy/Rain,0.48,0,51,34,FALSE,41.92141393,-71.35534523
18210,11/7/2018,November,Wednesday,1:11,1,1,0,0,Single vehicle crash,V1: Leaving traffic lane,V1: E,Dry,Dark - lighted roadway,Clear,0.85,0,64,46,FALSE,41.95076301,-71.27397064
18211,11/7/2018,November,Wednesday,6:58,2,2,3,0,Angle,V1: Travelling straight ahead / V2: Travelling straight ahead,V1: S  / V2: S,Dry,Daylight,Cloudy,0.85,0,64,46,FALSE,41.9370756,-71.28238678
18212,11/7/2018,November,Wednesday,9:25,1,2,0,0,Rear-end,V2: Slowing or stopped in traffic / V1: Slowing or stopped in traffic,V2: N  / V1: N,Dry,Daylight,Clear,0.85,0,64,46,FALSE,41.95428778,-71.31194921
18213,11/7/2018,November,Wednesday,15:36,1,3,0,0,Head-on,V1: Entering traffic lane / V2: Travelling straight ahead / V3: Travelling straight ahead,V1: E  / V2: W  / V3: W,Dry,Daylight,Clear,0.85,0,64,46,FALSE,41.89804027,-71.37674712
18214,11/7/2018,November,Wednesday,19:43,1,3,0,0,Rear-to-rear,V1: Travelling straight ahead / V2: Slowing or stopped in traffic / V3: Slowing or stopped in traffic,V1: E  / V2: E  / V3: E,Dry,Dark - lighted roadway,Clear,0.85,0,64,46,FALSE,41.94431166,-71.28140274
18215,11/8/2018,November,Thursday,8:37,1,1,0,0,0,V1: Travelling straight ahead,V1: E,Dry,Daylight,Clear,0,0,62,38,FALSE,41.93052559,-71.33609378
18216,11/8/2018,November,Thursday,9:27,2,1,1,0,Single vehicle crash,V1: Travelling straight ahead,V1: N,Dry,Daylight,Clear,0,0,62,38,FALSE,41.92387717,-71.35158914
18217,11/8/2018,November,Thursday,10:36,1,1,0,0,Single vehicle crash,V1: Travelling straight ahead,V1: E,Dry,Daylight,Clear,0,0,62,38,FALSE,41.94270812,-71.28411559
18218,11/8/2018,November,Thursday,13:34,1,2,0,0,Rear-end,V1: Travelling straight ahead / V2: Slowing or stopped in traffic,V1: S  / V2: S,Dry,Daylight,Clear,0,0,62,38,FALSE,41.90908467,-71.3638022
18219,11/8/2018,November,Thursday,13:51,1,2,0,0,Rear-end,V1: Slowing or stopped in traffic / V2: Travelling straight ahead,V1: N  / V2: N,Dry,Daylight,Clear,0,0,62,38,FALSE,41.92886018,-71.3230987
18220,11/8/2018,November,Thursday,14:15,2,2,1,0,Angle,V1: Turning left / V2: Travelling straight ahead,V1: W  / V2: S,Dry,Daylight,Clear,0,0,62,38,FALSE,41.97041173,-71.29130818
18221,11/8/2018,November,Thursday,19:03,1,1,0,0,Single vehicle crash,V1: Travelling straight ahead,V1: S,Dry,Dark - roadway not lighted,Clear,0,0,62,38,FALSE,41.92927403,-71.32377045
18222,11/9/2018,November,Friday,14:07,1,2,0,0,Angle,V1: Travelling straight ahead / V2: Entering traffic lane,V1: W  / V2: S,Dry,Daylight,Clear,0,0,53,29,TRUE,41.94231024,-71.28253433
18223,11/9/2018,November,Friday,17:20,1,2,0,0,Angle,V1: Travelling straight ahead / V2: Turning left,V1: W  / V2: N,Wet,Dark - lighted roadway,Rain,0,0,53,29,TRUE,41.96939278,-71.29357016
18224,11/9/2018,November,Friday,17:47,1,1,0,0,Single vehicle crash,V1: Travelling straight ahead,V1: E,Wet,Dark - lighted roadway,Cloudy/Rain,0,0,53,29,TRUE,41.92498908,-71.22620202
18225,11/10/2018,November,Saturday,6:42,1,1,0,0,Head-on,V1: Travelling straight ahead,V1: E,"Water (standing, moving)",Dawn,Rain,1.87,0,52,31,TRUE,41.93624398,-71.26400311
18226,11/10/2018,November,Saturday,7:58,1,2,0,0,Angle,V1: Travelling straight ahead / V2: Travelling straight ahead,V1: E  / V2: N,Wet,Daylight,Cloudy,1.87,0,52,31,TRUE,41.9118689,-71.3652303
18227,11/10/2018,November,Saturday,15:27,1,2,0,0,Angle,V1: Travelling straight ahead / V2: Turning left,V1: E  / V2: N,Dry,Daylight,Clear,1.87,0,52,31,TRUE,41.96939377,-71.29355357
18228,11/10/2018,November,Saturday,17:52,1,2,0,0,Rear-end,V1: Travelling straight ahead / V2: Slowing or stopped in traffic,V1: S  / V2: S,Dry,Dark - lighted roadway,Clear,1.87,0,52,31,TRUE,41.95484304,-71.28856385
18229,11/11/2018,November,Sunday,15:27,1,2,0,0,"Sideswipe, opposite direction",V1: Turning left / V2: Travelling straight ahead,V1: N  / V2: S,Dry,Daylight,Clear,0.02,0,49,29,TRUE,41.92387717,-71.35158914
18230,11/12/2018,November,Monday,0:10,2,2,1,0,Angle,V1: Entering traffic lane / V2: Travelling straight ahead,V1: S  / V2: W,Dry,Dark - lighted roadway,Clear,0,0,44,25,TRUE,41.95384648,-71.26522853
18231,11/12/2018,November,Monday,2:57,2,2,1,0,Rear-end,V1: Travelling straight ahead / V2: Travelling straight ahead,V1: N  / V2: N,Dry,Dark - roadway not lighted,Clear,0,0,44,25,TRUE,41.89835459,-71.36941126
18232,11/13/2018,November,Tuesday,10:35,1,1,0,0,Single vehicle crash,V1: Travelling straight ahead,V1: S,Wet,Daylight,Rain,0.61,0,47,25,TRUE,41.93804592,-71.31642932
18233,11/13/2018,November,Tuesday,12:37,1,2,0,0,Angle,V1: Backing / V2: Travelling straight ahead,V1: W  / V2: N,Wet,Daylight,Rain,0.61,0,47,25,TRUE,34.24438675,-73.6513909
18234,11/13/2018,November,Tuesday,18:06,2,2,1,0,"Sideswipe, same direction",V1: Changing lanes / V2: Travelling straight ahead,V1: S  / V2: S,Dry,Dark - lighted roadway,Clear,0.61,0,47,25,TRUE,41.93421769,-71.2996754
18235,11/13/2018,November,Tuesday,18:40,1,2,0,0,"Sideswipe, same direction",V1: Travelling straight ahead / V2: Travelling straight ahead,V1: N  / V2: N,Dry,Dark - lighted roadway,Clear,0.61,0,47,25,TRUE,41.8971397,-71.36989064
18236,11/14/2018,November,Wednesday,15:57,2,2,1,0,Rear-end,V1: Slowing or stopped in traffic / V2: Slowing or stopped in traffic,V1: E  / V2: E,Dry,Daylight,Clear,0.84,0,55,29,TRUE,41.89903243,-71.355186
18237,11/14/2018,November,Wednesday,16:50,2,3,2,0,Rear-end,V1: Slowing or stopped in traffic / V2: Slowing or stopped in traffic / V3: Travelling straight ahead,V1: N  / V2: N  / V3: N,Dry,Dark - lighted roadway,Clear,0.84,0,55,29,TRUE,41.91981411,-71.35860614
18238,11/14/2018,November,Wednesday,20:23,1,2,0,0,Angle,V1: Travelling straight ahead / V2: Travelling straight ahead,V1: N  / V2: W,Dry,Dark - lighted roadway,Clear,0.84,0,55,29,TRUE,41.94472176,-71.2812504
18239,11/15/2018,November,Thursday,7:55,1,2,0,0,"Sideswipe, same direction",V1: Turning right / V2: Travelling straight ahead,V1: W  / V2: W,Dry,Daylight,Cloudy,0,0,36,22,TRUE,41.91981411,-71.35860614
18240,11/15/2018,November,Thursday,14:09,1,2,0,0,Rear-end,V1: Travelling straight ahead / V2: Slowing or stopped in traffic,V1: N  / V2: N,Dry,Daylight,Cloudy,0,0,36,22,TRUE,41.94803744,-71.28855696
18241,11/15/2018,November,Thursday,15:54,1,1,0,0,Single vehicle crash,V1: Travelling straight ahead,V1: E,Wet,Dark - lighted roadway,Rain,0,0,36,22,TRUE,41.90423868,-71.30238892
18242,11/15/2018,November,Thursday,18:42,1,2,0,0,Rear-end,V1: Travelling straight ahead / V2: Travelling straight ahead,V1: N  / V2: N,Snow,Dark - lighted roadway,Snow,0,0,36,22,TRUE,41.94401146,-71.28414497