ID,DATE,Month,Day of week,Crash Time,Crash Severity,Number of Vehicles,Total Nonfatal Injuries,Total Fatal Injuries,Manner of Collision,Vehicle Action Prior to Crash,Vehicle Travel Directions,Road Surface Condition,Ambient Light,Weather Condition,PRCP,SNOW,TMAX,TMIN,Ice,Longtitute,Latitute
18243,11/15/2018,November,Thursday,19:36,1,2,0,0,Head-on,V1: Changing lanes / V2: Travelling straight ahead,V1: E  / V2: W,Snow,Dark - lighted roadway,Snow,0,0,36,22,TRUE,41.94726606,-71.27931544
18244,11/15/2018,November,Thursday,19:41,2,2,1,0,Angle,V1: Turning left / V2: Travelling straight ahead,V1: W  / V2: S,Snow,Dark - lighted roadway,Snow,0,0,36,22,TRUE,41.94757814,-71.27890389
18245,11/15/2018,November,Thursday,20:20,1,2,0,0,Rear-end,V1: Entering traffic lane / V2: Travelling straight ahead,V1: E  / V2: S,Snow,Dark - lighted roadway,Snow,0,0,36,22,TRUE,41.89903243,-71.355186
18246,11/15/2018,November,Thursday,21:20,1,1,0,0,Angle,V1: Turning left,V1: N,Snow,Dark - lighted roadway,Snow,0,0,36,22,TRUE,41.96899106,-71.2914896
18247,11/15/2018,November,Thursday,21:32,1,1,0,0,Single vehicle crash,V1: Travelling straight ahead,V1: N,Snow,Dark - lighted roadway,Snow,0,0,36,22,TRUE,41.94245198,-71.28698244
18248,11/15/2018,November,Thursday,22:17,1,2,0,0,Angle,V1: Changing lanes / V2: Travelling straight ahead,V1: W  / V2: W,Snow,Dark - lighted roadway,Snow,0,0,36,22,TRUE,41.95087732,-71.27368942
18249,11/16/2018,November,Friday,8:50,1,1,0,0,Single vehicle crash,V1: Travelling straight ahead,V1: S,Wet,Daylight,Rain,0.86,5.2,41,22,TRUE,41.90349566,-71.35289347
18250,11/16/2018,November,Friday,11:05,1,2,0,0,Angle,V1: Parked / V2: Backing,V2: U,Dry,Daylight,Clear,0.86,5.2,41,22,TRUE,41.94358726,-71.27453659
18251,11/16/2018,November,Friday,16:05,1,2,0,0,Rear-end,V1: Travelling straight ahead / V2: Slowing or stopped in traffic,V1: N  / V2: N,Wet,Daylight,Cloudy,0.86,5.2,41,22,TRUE,41.95402337,-71.31378571
18252,11/16/2018,November,Friday,23:40,1,2,0,0,Rear-end,V1: Travelling straight ahead / V2: Travelling straight ahead,V1: N  / V2: N,Dry,Dark - roadway not lighted,Cloudy,0.86,5.2,41,22,TRUE,34.24438675,-73.6513909
18253,11/17/2018,November,Saturday,9:32,2,2,1,0,Rear-end,V1: Travelling straight ahead / V2: Slowing or stopped in traffic,V1: N  / V2: N,Dry,Daylight,Clear,0.18,0,43,31,TRUE,41.90529604,-71.33573163
18254,11/17/2018,November,Saturday,11:22,1,2,0,0,Angle,V1: Turning left / V2: Turning left,V1: W  / V2: S,Dry,Daylight,Clear,0.18,0,43,31,TRUE,41.92779521,-71.35458133
18255,11/17/2018,November,Saturday,12:37,1,2,0,0,Rear-end,V1: Entering traffic lane / V2: Slowing or stopped in traffic,V1: S  / V2: S,Dry,Daylight,Clear,0.18,0,43,31,TRUE,41.89837916,-71.36927429
18256,11/17/2018,November,Saturday,22:46,1,1,0,0,Head-on,V1: Travelling straight ahead,V1: N,Dry,Dark - lighted roadway,Clear,0.18,0,43,31,TRUE,41.96442709,-71.30139006
18257,11/18/2018,November,Sunday,1:45,1,1,0,0,Single vehicle crash,V1: Travelling straight ahead,V1: S,Dry,Dark - lighted roadway,Clear,0,0,47,27,TRUE,41.91363748,-71.34033135
18258,11/18/2018,November,Sunday,3:35,1,1,0,0,Head-on,V1: Travelling straight ahead,V1: W,Dry,Dark - lighted roadway,Cloudy,0,0,47,27,TRUE,41.93525588,-71.27502031
18259,11/18/2018,November,Sunday,13:19,1,2,0,0,Angle,V1: Turning left / V2: Travelling straight ahead,V1: N  / V2: S,Dry,Daylight,Clear,0,0,47,27,TRUE,41.91337209,-71.36161888
18260,11/19/2018,November,Monday,10:24,1,1,0,0,Single vehicle crash,V1: Turning left,V1: S,Dry,Daylight,Cloudy,0,0,41,30,TRUE,41.94342107,-71.28423077
18261,11/20/2018,November,Tuesday,7:46,1,2,0,0,"Sideswipe, same direction",V1: Overtaking/passing / V2: Turning right,V1: E  / V2: E,Wet,Daylight,Rain,0.02,0,43,37,FALSE,41.93405012,-71.31579284
18262,11/20/2018,November,Tuesday,10:06,1,2,0,0,Angle,V1: Turning left / V2: Travelling straight ahead,V1: N  / V2: W,Wet,Daylight,Rain,0.02,0,43,37,FALSE,41.93396377,-71.31987069
18263,11/20/2018,November,Tuesday,11:38,1,2,0,0,Angle,V1: Travelling straight ahead / V2: Travelling straight ahead,V1: N  / V2: W,"Water (standing, moving)",Daylight,Rain,0.02,0,43,37,FALSE,34.24438675,-73.6513909
18264,11/20/2018,November,Tuesday,16:52,1,2,0,0,Angle,V1: Turning left / V2: Travelling straight ahead,V1: E  / V2: N,Wet,Dark - lighted roadway,Cloudy/Rain,0.02,0,43,37,FALSE,41.95263042,-71.2895305
18265,11/20/2018,November,Tuesday,23:10,1,1,0,0,Single vehicle crash,V1: Leaving traffic lane,V1: S,Dry,Dark - roadway not lighted,Clear,0.02,0,43,37,FALSE,41.95536891,-71.30725146
18266,11/20/2018,November,Tuesday,23:20,1,1,0,0,Angle,V1: Turning right,V1: S,Ice,Dark - lighted roadway,Clear,0.02,0,43,37,FALSE,41.93505312,-71.29860583
18267,11/20/2018,November,Tuesday,23:30,2,2,1,0,Head-on,V1: Travelling straight ahead / V2: Travelling straight ahead,V1: W  / V2: E,Ice,Dark - lighted roadway,Clear,0.02,0,43,37,FALSE,41.93626488,-71.28819654
18268,11/21/2018,November,Wednesday,7:00,1,2,0,0,Rear-end,V1: Entering traffic lane / V2: Travelling straight ahead,V1: N  / V2: N,Dry,Daylight,Clear,0.3,0,41,27,TRUE,41.95593405,-71.30346756
18269,11/21/2018,November,Wednesday,15:32,1,1,0,0,Single vehicle crash,V1: Travelling straight ahead,V1: N,Dry,Daylight,Cloudy,0.3,0,41,27,TRUE,41.92886018,-71.3230987
18270,11/21/2018,November,Wednesday,15:53,1,1,0,0,Angle,V1: Making U-turn,V1: E,Dry,Daylight,Clear,0.3,0,41,27,TRUE,41.93396261,-71.26149161
18271,11/21/2018,November,Wednesday,16:00,1,2,0,0,Rear-end,V1: Slowing or stopped in traffic / V2: Travelling straight ahead,V1: E  / V2: E,Wet,Dusk,Rain,0.3,0,41,27,TRUE,41.95287787,-71.26899686
18272,11/21/2018,November,Wednesday,16:46,1,3,0,0,Rear-end,V1: Travelling straight ahead / V2: Slowing or stopped in traffic / V3: Slowing or stopped in traffic,V1: E  / V2: E  / V3: E,Dry,Dark - lighted roadway,Clear,0.3,0,41,27,TRUE,41.93623387,-71.28481203
18273,11/21/2018,November,Wednesday,16:55,1,2,0,0,Rear-end,V1: Travelling straight ahead / V2: Travelling straight ahead,V1: E  / V2: E,Dry,Dark - lighted roadway,Clear,0.3,0,41,27,TRUE,41.93269195,-71.32821357
18274,11/21/2018,November,Wednesday,18:13,2,2,1,0,Angle,V1: Turning left / V2: Travelling straight ahead,V1: W  / V2: S,Dry,Dark - lighted roadway,Clear,0.3,0,41,27,TRUE,41.92387717,-71.35158914
18275,11/21/2018,November,Wednesday,18:15,2,2,2,0,Rear-end,V1: Travelling straight ahead / V2: Changing lanes,V1: S  / V2: S,Wet,Dark - roadway not lighted,Cloudy,0.3,0,41,27,TRUE,41.90433577,-71.35012688
18276,11/22/2018,November,Thursday,0:02,2,2,2,0,Rear-end,V1: Travelling straight ahead / V2: Slowing or stopped in traffic,V1: S  / V2: S,Dry,Dark - lighted roadway,Clear,0,0,40,13,TRUE,41.91707062,-71.3597656
18277,11/22/2018,November,Thursday,19:50,2,1,3,0,Single vehicle crash,V1: Travelling straight ahead,V1: S,Dry,Dark - roadway not lighted,Clear,0,0,40,13,TRUE,41.96019116,-71.30118086
18278,11/22/2018,November,Thursday,20:59,1,2,0,0,"Sideswipe, same direction",V1: Changing lanes / V2: Travelling straight ahead,V1: S  / V2: S,Dry,Dark - lighted roadway,Clear,0,0,40,13,TRUE,41.92162065,-71.3578213
18279,11/23/2018,November,Friday,13:22,1,2,0,0,Angle,V1: Travelling straight ahead / V2: Parked,V1: W  / V2: W,Dry,Daylight,Clear,0,0,19,11,TRUE,41.91820431,-71.31133532
18280,11/23/2018,November,Friday,15:10,2,2,1,0,Rear-end,V1: Slowing or stopped in traffic / V2: Slowing or stopped in traffic,V1: S  / V2: S,Dry,Daylight,Clear,0,0,19,11,TRUE,41.92402515,-71.3568468
18281,11/23/2018,November,Friday,21:52,1,1,0,0,Single vehicle crash,V1: Travelling straight ahead,V1: S,Dry,Dark - lighted roadway,Clear,0,0,19,11,TRUE,41.90261276,-71.35590972
18282,11/24/2018,November,Saturday,0:48,1,1,0,0,Single vehicle crash,V1: Travelling straight ahead,V1: S,Dry,Dark - lighted roadway,Clear,0,0,30,12,TRUE,41.91064358,-71.28257575
18283,11/24/2018,November,Saturday,8:52,1,1,0,0,Single vehicle crash,V1: Travelling straight ahead,V1: E,Dry,Daylight,Clear,0,0,30,12,TRUE,41.93298582,-71.28838741
18284,11/24/2018,November,Saturday,10:40,1,2,0,0,Angle,V1: Overtaking/passing / V2: Turning left,V1: W  / V2: E,Dry,Daylight,Clear,0,0,30,12,TRUE,41.95108383,-71.27317921
18285,11/24/2018,November,Saturday,13:39,1,2,0,0,Rear-end,V1: Slowing or stopped in traffic / V2: Travelling straight ahead,V1: N  / V2: N,Dry,Daylight,Clear,0,0,30,12,TRUE,41.90998013,-71.35802082
18286,11/24/2018,November,Saturday,18:33,1,2,0,0,Head-on,V1: Parked / V2: Travelling straight ahead,V2: E,Dry,Dark - lighted roadway,Clear,0,0,30,12,TRUE,41.90816108,-71.29922872
18287,11/24/2018,November,Saturday,19:11,2,2,2,0,Head-on,V1: Turning left / V2: Travelling straight ahead,V1: W  / V2: E,Dry,Dark - lighted roadway,Clear,0,0,30,12,TRUE,41.94962017,-71.27627019
18288,11/24/2018,November,Saturday,22:00,1,2,0,0,Head-on,V1: Travelling straight ahead / V2: Travelling straight ahead,V1: S  / V2: N,Dry,Dark - lighted roadway,Clear,0,0,30,12,TRUE,41.91042359,-71.3631139
18289,11/24/2018,November,Saturday,22:36,1,2,0,0,"Sideswipe, opposite direction",V1: Travelling straight ahead / V2: Travelling straight ahead,V1: E  / V2: W,Dry,Dark - lighted roadway,Cloudy,0,0,30,12,TRUE,41.92416457,-71.35104162
18290,11/25/2018,November,Sunday,3:59,1,1,0,0,Single vehicle crash,V1: Travelling straight ahead,V1: S,Wet,Dark - roadway not lighted,Rain,1.26,0,45,26,TRUE,41.89861001,-71.36943215
18291,11/25/2018,November,Sunday,17:34,1,2,0,0,Rear-end,V1: Travelling straight ahead / V2: Travelling straight ahead,V1: S  / V2: S,Wet,Dark - lighted roadway,Cloudy/Rain,1.26,0,45,26,TRUE,41.89861001,-71.36943215
18292,11/25/2018,November,Sunday,17:58,1,2,0,0,Rear-end,V1: Slowing or stopped in traffic / V2: Travelling straight ahead,V1: S  / V2: S,Wet,Dark - roadway not lighted,Cloudy/Rain,1.26,0,45,26,TRUE,41.90261276,-71.35590972
18293,11/26/2018,November,Monday,11:13,1,2,0,0,Angle,V1: Entering traffic lane / V2: Travelling straight ahead,V1: N  / V2: E,Wet,Daylight,Rain,0.01,0,46,38,FALSE,41.89912403,-71.35508604
18294,11/26/2018,November,Monday,16:37,1,1,0,0,Angle,V1: Travelling straight ahead,V1: N,Wet,Dark - lighted roadway,Rain,0.01,0,46,38,FALSE,41.9079342,-71.35745922
18295,11/26/2018,November,Monday,16:49,2,4,1,0,"Sideswipe, same direction",V1: Entering traffic lane / V2: Travelling straight ahead / V3: Travelling straight ahead / V4: Travelling straight ahead,V1: N  / V2: N  / V3: N  / V4: N,Wet,Dark - lighted roadway,Rain,0.01,0,46,38,FALSE,41.91981411,-71.35860614
18296,11/26/2018,November,Monday,17:07,1,2,0,0,Angle,V1: Backing / V2: Parked,V1: E,Wet,Dark - lighted roadway,Rain,0.01,0,46,38,FALSE,34.24438675,-73.6513909
18297,11/27/2018,November,Tuesday,9:44,1,2,0,0,Angle,V1: Entering traffic lane / V2: Travelling straight ahead,V1: S  / V2: W,Wet,Daylight,Cloudy,1.13,0,46,39,FALSE,34.24438675,-73.6513909
18298,11/27/2018,November,Tuesday,14:57,1,2,0,0,Head-on,V1: Turning left / V2: Travelling straight ahead,V1: N  / V2: W,Dry,Daylight,Clear,1.13,0,46,39,FALSE,41.95287787,-71.26899686
18299,11/28/2018,November,Wednesday,14:10,1,3,0,0,Rear-end,V1: Slowing or stopped in traffic / V2: Slowing or stopped in traffic / V3: 0,V1: N  / V2: N  / V3: N,Dry,Daylight,Cloudy,0.02,0,44,31,TRUE,41.94430701,-71.30913523
18300,11/29/2018,November,Thursday,7:31,1,2,0,0,Angle,V1: Entering traffic lane / V2: Travelling straight ahead,V1: E  / V2: S,Dry,Daylight,Clear,0,0,42,34,FALSE,41.96712418,-71.29097941
18301,11/29/2018,November,Thursday,17:46,2,2,3,0,"Sideswipe, same direction",V1: Travelling straight ahead / V2: Travelling straight ahead,V1: N  / V2: N,Dry,Dark - lighted roadway,Clear,0,0,42,34,FALSE,41.90241817,-71.35561188
18302,11/29/2018,November,Thursday,18:07,2,2,1,0,Rear-end,V1: Travelling straight ahead / V2: Slowing or stopped in traffic,V1: N  / V2: N,Dry,Dark - roadway not lighted,Clear,0,0,42,34,FALSE,41.90231844,-71.35595143
18303,11/29/2018,November,Thursday,23:13,1,1,0,0,Single vehicle crash,V1: Leaving traffic lane,V1: W,Dry,Dark - lighted roadway,Clear,0,0,42,34,FALSE,41.92104352,-71.31226527
18304,11/30/2018,November,Friday,7:20,1,2,0,0,Angle,V1: Entering traffic lane / V2: Travelling straight ahead,V1: N  / V2: E,Dry,Daylight,Clear,0,0,45,25,TRUE,41.93628409,-71.28608551
18305,11/30/2018,November,Friday,17:31,1,3,0,0,Rear-end,V1: Slowing or stopped in traffic / V2: Slowing or stopped in traffic / V3: Turning left,V1: W  / V2: W  / V3: E,Wet,Dark - lighted roadway,Snow,0,0,45,25,TRUE,41.94828342,-71.27801243
18306,11/30/2018,November,Friday,17:50,1,2,0,0,Rear-end,V1: Slowing or stopped in traffic / V2: Travelling straight ahead,V1: S  / V2: S,Dry,Dark - roadway not lighted,Clear,0,0,45,25,TRUE,34.24438675,-73.6513909
18307,12/1/2018,December,Saturday,8:37,1,2,0,0,Angle,V1: Backing / V2: Parked,V1: N  / V2: U,Dry,Daylight,Clear,0,0,40,25,TRUE,41.9383527,-71.28251511
18308,12/1/2018,December,Saturday,9:05,1,2,0,0,Rear-end,V1: Travelling straight ahead / V2: Travelling straight ahead,V1: N  / V2: N,Dry,Daylight,Clear,0,0,40,25,TRUE,41.90754782,-71.34230844
18309,12/1/2018,December,Saturday,11:06,2,2,1,0,Angle,V1: Travelling straight ahead / V2: Changing lanes,V1: N  / V2: N,Dry,Daylight,Clear,0,0,40,25,TRUE,41.91619723,-71.35885587
18310,12/1/2018,December,Saturday,17:49,1,2,0,0,Angle,V1: Turning left / V2: Travelling straight ahead,V1: S  / V2: N,Dry,Dark - lighted roadway,Clear,0,0,40,25,TRUE,41.95146041,-71.27452674
18311,12/2/2018,December,Sunday,12:16,1,2,0,0,Angle,V1: Entering traffic lane / V2: Travelling straight ahead,V1: W  / V2: N,Wet,Daylight,Rain,0.5,0,42,27,TRUE,41.89913518,-71.35508812
18312,12/2/2018,December,Sunday,16:34,2,2,1,0,Angle,V1: Turning left / V2: Travelling straight ahead,V1: W  / V2: S,Wet,Dark - lighted roadway,Rain,0.5,0,42,27,TRUE,41.91619723,-71.35885587
18313,12/3/2018,December,Monday,8:35,1,1,0,0,Head-on,V1: Turning left,V1: N,Wet,Daylight,Clear,0.46,0,57,40,FALSE,41.9231384,-71.22902805
18314,12/3/2018,December,Monday,9:35,1,2,0,0,"Sideswipe, same direction",V1: Travelling straight ahead / V2: Travelling straight ahead,V1: N  / V2: N,Dry,Daylight,Clear,0.46,0,57,40,FALSE,41.92886018,-71.3230987
18315,12/3/2018,December,Monday,11:26,1,1,0,0,Single vehicle crash,V1: Leaving traffic lane,V1: S,Dry,Daylight,Clear,0.46,0,57,40,FALSE,41.94632519,-71.28704489
18316,12/3/2018,December,Monday,17:12,1,1,0,0,Head-on,V1: Travelling straight ahead,V1: S,Dry,Dark - lighted roadway,Clear,0.46,0,57,40,FALSE,41.93918468,-71.25070106
18317,12/3/2018,December,Monday,18:30,2,2,1,0,Angle,V1: Travelling straight ahead / V2: Travelling straight ahead,V1: S  / V2: E,Dry,Dark - lighted roadway,Clear,0.46,0,57,40,FALSE,41.94757814,-71.27890389
18318,12/3/2018,December,Monday,23:30,0,2,0,0,Head-on,V1: Travelling straight ahead / V2: Travelling straight ahead,V1: S  / V2: S,Dry,Dark - roadway not lighted,Cloudy,0.46,0,57,40,FALSE,41.96019116,-71.30118086
18319,12/4/2018,December,Tuesday,15:23,2,2,1,0,Angle,V1: Turning left / V2: Travelling straight ahead,V1: E  / V2: S,Dry,Daylight,Clear,0,0,58,33,FALSE,41.95437986,-71.25499915
18320,12/5/2018,December,Wednesday,0:54,2,2,2,0,Angle,V1: Travelling straight ahead / V2: Slowing or stopped in traffic,V1: E  / V2: S,Dry,Dark - lighted roadway,Clear,0,0,39,18,TRUE,41.93156958,-71.29118638
18321,12/5/2018,December,Wednesday,6:02,1,2,0,0,Angle,V1: Turning left / V2: Travelling straight ahead,V1: S  / V2: S,Dry,Dark - roadway not lighted,Clear,0,0,39,18,TRUE,41.9079737,-71.36436492
18322,12/5/2018,December,Wednesday,7:34,2,2,1,0,Head-on,V1: Turning left / V2: Travelling straight ahead,V1: E  / V2: W,Dry,Daylight,Clear,0,0,39,18,TRUE,41.93806227,-71.29125944
18323,12/5/2018,December,Wednesday,18:06,1,2,0,0,Head-on,V1: Travelling straight ahead / V2: Turning left,V1: S  / V2: W,Dry,Dark - lighted roadway,Clear,0,0,39,18,TRUE,41.94104078,-71.29346158
18324,12/6/2018,December,Thursday,17:47,1,2,0,0,"Sideswipe, same direction",V1: Turning left / V2: Travelling straight ahead,V1: S  / V2: S,Dry,Dark - lighted roadway,Clear,0,0,34,20,TRUE,41.93732881,-71.28475709
18325,12/6/2018,December,Thursday,19:10,2,3,1,0,Rear-end,V1: Slowing or stopped in traffic / V2: Travelling straight ahead / V3: Travelling straight ahead,V1: N  / V2: N  / V3: N,Dry,Dark - roadway not lighted,Clear,0,0,34,20,TRUE,41.89835459,-71.36941126
18326,12/6/2018,December,Thursday,19:45,2,2,1,0,Rear-end,V1: Travelling straight ahead / V2: Travelling straight ahead,V1: 0 / V2: S,Dry,Dark - roadway not lighted,Clear,0,0,34,20,TRUE,41.90261276,-71.35590972
18327,12/7/2018,December,Friday,13:56,1,2,0,0,Angle,V1: Travelling straight ahead / V2: Changing lanes,V1: S  / V2: S,Dry,Daylight,Clear,0,0,40,21,TRUE,41.9348634,-71.29887283
18328,12/7/2018,December,Friday,14:39,1,3,0,0,Angle,V1: Travelling straight ahead / V2: Travelling straight ahead / V3: Travelling straight ahead,V1: S  / V2: N  / V3: W,Dry,Daylight,Clear,0,0,40,21,TRUE,41.92900797,-71.28446457
18329,12/7/2018,December,Friday,17:39,1,2,0,0,Angle,V1: Turning left / V2: Travelling straight ahead,V1: S  / V2: E,Dry,Dark - lighted roadway,Clear,0,0,40,21,TRUE,41.93457798,-71.29922805
18330,12/7/2018,December,Friday,22:33,1,2,0,0,Angle,V1: Travelling straight ahead / V2: Turning left,V1: S  / V2: S,Dry,Dark - lighted roadway,Clear,0,0,40,21,TRUE,41.91981411,-71.35860614
18331,12/8/2018,December,Saturday,7:30,1,1,0,0,Single vehicle crash,V1: Travelling straight ahead,V1: S,Dry,Daylight,Clear,0,0,37,17,TRUE,41.91955669,-71.33190759
18332,12/8/2018,December,Saturday,12:56,1,2,0,0,Angle,V1: Turning left / V2: Slowing or stopped in traffic,V1: W  / V2: N,Dry,Daylight,Clear,0,0,37,17,TRUE,41.92106953,-71.35806074
18333,12/8/2018,December,Saturday,15:37,1,3,0,0,"Sideswipe, same direction",V1: Changing lanes / V2: Travelling straight ahead / V3: Travelling straight ahead,V1: N  / V2: N  / V3: N,Dry,Daylight,Clear,0,0,37,17,TRUE,41.95593405,-71.30346756
18334,12/9/2018,December,Sunday,13:11,1,2,0,0,Angle,V1: Entering traffic lane / V2: Travelling straight ahead,V1: W  / V2: N,Dry,Daylight,Cloudy,0,0,29,13,TRUE,41.9110765,-71.36278231
18335,12/9/2018,December,Sunday,15:10,1,2,0,0,Rear-end,V1: Slowing or stopped in traffic / V2: Travelling straight ahead,V1: N  / V2: N,Dry,Daylight,Clear,0,0,29,13,TRUE,41.89733197,-71.36979234
18336,12/9/2018,December,Sunday,20:18,2,2,1,0,Angle,V1: Travelling straight ahead / V2: Turning left,V1: N  / V2: S,Dry,Dark - lighted roadway,Clear,0,0,29,13,TRUE,41.92716813,-71.35502025
18337,12/9/2018,December,Sunday,20:39,1,1,0,0,Head-on,V1: Turning right,V1: N,Dry,Dark - roadway not lighted,Clear,0,0,29,13,TRUE,41.91329854,-71.30797099
18338,12/10/2018,December,Monday,14:15,1,1,0,0,Single vehicle crash,V1: Backing,V1: E,"Sand, mud, dirt, oil, gravel",Daylight,Clear,0,0,34,13,TRUE,41.9374227,-71.29402673
18339,12/11/2018,December,Tuesday,5:30,1,1,0,0,Head-on,V1: Turning left,V1: N,Dry,Dark - lighted roadway,Clear,0,0,37,13,TRUE,41.94398231,-71.28037852
18340,12/11/2018,December,Tuesday,18:35,2,2,1,0,Head-on,V2: Travelling straight ahead / V1: Turning right,V2: W  / V1: N,Dry,Dark - roadway not lighted,Clear,0,0,37,13,TRUE,41.93503657,-71.2848971
18341,12/12/2018,December,Wednesday,1:36,1,1,0,0,Angle,V1: Travelling straight ahead,V1: W,Dry,Dark - lighted roadway,Cloudy,0,0,36,13,TRUE,41.94962159,-71.276268
18342,12/12/2018,December,Wednesday,6:30,1,2,0,0,Rear-end,V1: Slowing or stopped in traffic / V2: Travelling straight ahead,V1: N  / V2: N,Dry,Dusk,Clear,0,0,36,13,TRUE,41.90231844,-71.35595143
18343,12/12/2018,December,Wednesday,16:16,1,2,0,0,Angle,V1: Turning right / V2: Turning left,V1: W  / V2: E,Dry,Dark - lighted roadway,Clear,0,0,36,13,TRUE,41.92446027,-71.28906707
18344,12/12/2018,December,Wednesday,18:30,1,2,0,0,Angle,V1: Turning right / V2: Parked,V1: N  / V2: S,Dry,Dark - lighted roadway,Clear,0,0,36,13,TRUE,41.94149581,-71.28293571
18345,12/12/2018,December,Wednesday,20:34,2,2,2,0,Angle,V1: Turning right / V2: Travelling straight ahead,V1: E  / V2: S,Dry,Dark - lighted roadway,Clear,0,0,36,13,TRUE,41.89903243,-71.355186
18346,12/13/2018,December,Thursday,10:02,1,2,0,0,Angle,V1: Turning left / V2: Parked,V1: S,Dry,Daylight,Clear,0,0,35,19,TRUE,41.95325383,-71.29171577
18347,12/13/2018,December,Thursday,14:46,1,2,0,0,Angle,V1: Travelling straight ahead / V2: Backing,V1: U  / V2: U,Dry,Daylight,Clear,0,0,35,19,TRUE,41.89690716,-71.3729372
18348,12/13/2018,December,Thursday,17:20,1,2,0,0,Angle,V1: Turning left / V2: Turning left,V1: W  / V2: S,Dry,Dark - lighted roadway,Clear,0,0,35,19,TRUE,41.91446663,-71.36106546
18349,12/14/2018,December,Friday,10:32,1,2,0,0,Angle,V1: Entering traffic lane / V2: Entering traffic lane,V1: W  / V2: W,Dry,Daylight,Clear,0,0,34,19,TRUE,41.95171629,-71.27167779
18350,12/14/2018,December,Friday,13:04,1,2,0,0,Rear-end,V1: Travelling straight ahead / V2: Slowing or stopped in traffic,V1: N  / V2: N,Dry,Daylight,Clear,0,0,34,19,TRUE,41.90217475,-71.35579772
18351,12/14/2018,December,Friday,18:03,2,2,1,0,Rear-end,V1: Slowing or stopped in traffic / V2: Changing lanes,V1: S  / V2: S,Dry,Dark - roadway not lighted,Cloudy,0,0,34,19,TRUE,41.96019116,-71.30118086
18352,12/14/2018,December,Friday,20:45,2,1,2,0,Single vehicle crash,V1: Travelling straight ahead,V1: S,Dry,Dark - lighted roadway,Clear,0,0,34,19,TRUE,41.92178616,-71.29474739
18353,12/14/2018,December,Friday,20:55,2,1,1,0,Head-on,V1: Travelling straight ahead,V1: N,Dry,Dark - lighted roadway,Clear,0,0,34,19,TRUE,41.92290581,-71.25919923
18354,12/14/2018,December,Friday,23:10,2,2,1,0,Angle,V1: Changing lanes / V2: Travelling straight ahead,V1: S  / V2: S,Dry,Dark - roadway not lighted,Clear,0,0,34,19,TRUE,41.90261276,-71.35590972
18355,12/15/2018,December,Saturday,12:19,1,2,0,0,Angle,V1: Travelling straight ahead / V2: Turning left,V1: S  / V2: S,Dry,Daylight,Clear,0.01,0,46,19,TRUE,41.90064782,-71.3681037
18356,12/15/2018,December,Saturday,16:20,2,2,1,0,Angle,V1: Turning left / V2: Parked,V1: E  / V2: E,Dry,Dark - lighted roadway,Cloudy,0.01,0,46,19,TRUE,41.93407114,-71.31626473
18357,12/15/2018,December,Saturday,16:58,1,2,0,0,"Sideswipe, same direction",V1: Entering traffic lane / V2: Travelling straight ahead,V1: N  / V2: N,Wet,Dark - lighted roadway,Cloudy,0.01,0,46,19,TRUE,41.92511357,-71.35637556
18358,12/15/2018,December,Saturday,17:18,1,2,0,0,"Sideswipe, same direction",V1: Overtaking/passing / V2: Slowing or stopped in traffic,V1: N  / V2: N,Dry,Dark - lighted roadway,Clear,0.01,0,46,19,TRUE,41.92141393,-71.35534523
18359,12/15/2018,December,Saturday,18:22,1,3,0,0,Rear-end,V1: Travelling straight ahead / V2: Slowing or stopped in traffic / V3: Slowing or stopped in traffic,V1: N  / V2: N  / V3: N,Wet,Dark - lighted roadway,Cloudy,0.01,0,46,19,TRUE,41.9236983,-71.35683112
18360,12/15/2018,December,Saturday,18:46,1,2,0,0,Angle,V1: Turning right / V2: Overtaking/passing,V1: E  / V2: E,Dry,Dark - lighted roadway,Clear,0.01,0,46,19,TRUE,41.96461466,-71.27119544
18361,12/16/2018,December,Sunday,2:36,2,2,1,0,Rear-end,V2: Changing lanes / V1: Travelling straight ahead,V2: N  / V1: N,Dry,Dark - roadway not lighted,Cloudy,0.03,0,50,40,FALSE,41.94935199,-71.30788457
18362,12/16/2018,December,Sunday,2:42,2,1,1,0,Single vehicle crash,V1: Travelling straight ahead,V1: S,Dry,Dark - lighted roadway,Clear,0.03,0,50,40,FALSE,41.96019116,-71.30118086
18363,12/16/2018,December,Sunday,7:57,1,1,0,0,Single vehicle crash,V1: Travelling straight ahead,V1: W,Dry,Daylight,Cloudy,0.03,0,50,40,FALSE,41.93506207,-71.27648336
18364,12/16/2018,December,Sunday,12:27,1,2,0,0,Rear-end,V1: Travelling straight ahead / V2: Slowing or stopped in traffic,V1: N  / V2: N,Wet,Daylight,Rain,0.03,0,50,40,FALSE,41.93503657,-71.2848971