ID,DATE,Month,Day of week,Crash Time,Crash Severity,Number of Vehicles,Total Nonfatal Injuries,Total Fatal Injuries,Manner of Collision,Vehicle Action Prior to Crash,Vehicle Travel Directions,Road Surface Condition,Ambient Light,Weather Condition,PRCP,SNOW,TMAX,TMIN,Ice,Longtitute,Latitute
18365,12/16/2018,December,Sunday,18:17,1,2,0,0,Angle,V1: Turning right / V2: Slowing or stopped in traffic,V1: N  / V2: S,Wet,Dark - lighted roadway,Rain,0.03,0,50,40,FALSE,41.90156182,-71.36972569
18366,12/16/2018,December,Sunday,23:56,1,1,0,0,Single vehicle crash,V1: Travelling straight ahead,V1: S,Wet,Dark - lighted roadway,Cloudy,0.03,0,50,40,FALSE,41.93519151,-71.32895367
18367,12/17/2018,December,Monday,7:37,1,2,0,0,Angle,V1: Slowing or stopped in traffic / V2: Backing,V1: U  / V2: U,Dry,Daylight,Clear,0.62,0,42,34,FALSE,41.93500917,-71.284899
18368,12/17/2018,December,Monday,8:25,1,1,0,0,Single vehicle crash,V1: Entering traffic lane,V1: S,Wet,Daylight,Cloudy,0.62,0,42,34,FALSE,41.95458703,-71.30793098
18369,12/17/2018,December,Monday,17:21,1,2,0,0,"Sideswipe, opposite direction",V1: Travelling straight ahead / V2: Travelling straight ahead,V1: S  / V2: N,Dry,Dark - roadway not lighted,Clear,0.62,0,42,34,FALSE,41.93290929,-71.24714973
18370,12/18/2018,December,Tuesday,3:55,2,1,1,0,Single vehicle crash,V1: Travelling straight ahead,V1: N,Ice,Dark - roadway not lighted,Snow,0,0,40,24,TRUE,41.92886018,-71.3230987
18371,12/18/2018,December,Tuesday,3:56,1,1,0,0,Single vehicle crash,V1: Travelling straight ahead,V1: N,Ice,Dark - roadway not lighted,Snow,0,0,40,24,TRUE,41.92886018,-71.3230987
18372,12/18/2018,December,Tuesday,4:49,0,1,0,0,Single vehicle crash,V1: Travelling straight ahead,V1: N,Ice,Dark - roadway not lighted,Rain,0,0,40,24,TRUE,34.24438675,-73.6513909
18373,12/18/2018,December,Tuesday,6:25,1,1,0,0,Single vehicle crash,V1: Travelling straight ahead,V1: S,Ice,Dark - roadway not lighted,Rain,0,0,40,24,TRUE,34.24438675,-73.6513909
18374,12/18/2018,December,Tuesday,7:19,1,1,0,0,Rear-end,V1: Slowing or stopped in traffic,V1: N,Ice,Dawn,Clear,0,0,40,24,TRUE,41.90998013,-71.35802082
18375,12/18/2018,December,Tuesday,9:07,1,2,0,0,Rear-end,V1: Travelling straight ahead / V2: Slowing or stopped in traffic,V1: E  / V2: E,Ice,Daylight,Clear,0,0,40,24,TRUE,41.93398416,-71.31904724
18376,12/18/2018,December,Tuesday,15:43,1,2,0,0,"Sideswipe, same direction",V1: Changing lanes / V2: Travelling straight ahead,V1: N  / V2: N,Dry,Daylight,Clear,0,0,40,24,TRUE,41.92644259,-71.35554103
18377,12/19/2018,December,Wednesday,7:55,2,2,2,0,Angle,V1: Entering traffic lane / V2: Travelling straight ahead,V1: W  / V2: S,Dry,Daylight,Clear,0,0,31,18,TRUE,41.93742983,-71.26519759
18378,12/19/2018,December,Wednesday,8:17,1,2,0,0,Angle,V1: Travelling straight ahead / V2: Entering traffic lane,V1: S  / V2: E,Dry,Daylight,Clear,0,0,31,18,TRUE,41.92240546,-71.28736593
18379,12/19/2018,December,Wednesday,8:47,2,2,1,0,Rear-end,V1: Travelling straight ahead / V2: Travelling straight ahead,V1: N  / V2: N,Dry,Daylight,Clear,0,0,31,18,TRUE,41.93623387,-71.28481203
18380,12/19/2018,December,Wednesday,11:31,2,1,1,0,Single vehicle crash,V1: Turning left,V1: E,Dry,Daylight,Clear,0,0,31,18,TRUE,41.91954079,-71.25775248
18381,12/19/2018,December,Wednesday,12:12,1,2,0,0,"Sideswipe, opposite direction",V1: Leaving traffic lane / V2: Travelling straight ahead,V1: E  / V2: W,Dry,Daylight,Clear,0,0,31,18,TRUE,41.90998013,-71.35802083
18382,12/19/2018,December,Wednesday,12:53,1,2,0,0,"Sideswipe, same direction",V1: Overtaking/passing / V2: Turning right,V1: N  / V2: N,Dry,Daylight,Clear,0,0,31,18,TRUE,41.95454229,-71.25287317
18383,12/19/2018,December,Wednesday,14:45,1,2,0,0,"Sideswipe, same direction",V1: Travelling straight ahead / V2: Changing lanes,V1: N  / V2: N,Dry,Daylight,Clear,0,0,31,18,TRUE,41.89957255,-71.3551788
18384,12/19/2018,December,Wednesday,16:56,1,1,0,0,Single vehicle crash,V1: Turning left,V1: S,Dry,Dark - lighted roadway,Clear,0,0,31,18,TRUE,41.94586371,-71.28073807
18385,12/19/2018,December,Wednesday,18:16,1,2,0,0,Rear-end,V1: Travelling straight ahead / V2: Slowing or stopped in traffic,V1: S  / V2: S,Dry,Dark - lighted roadway,Clear,0,0,31,18,TRUE,41.93558301,-71.29754455
18386,12/19/2018,December,Wednesday,19:34,1,1,0,0,Single vehicle crash,V1: Travelling straight ahead,V1: N,Dry,Dark - 0 roadway lighting,Clear,0,0,31,18,TRUE,41.94670688,-71.27563596
18387,12/20/2018,December,Thursday,0:37,1,1,0,0,Single vehicle crash,V1: Travelling straight ahead,V1: W,Dry,Dark - lighted roadway,Clear,0,0,37,18,TRUE,41.92141393,-71.35534523
18388,12/20/2018,December,Thursday,12:23,1,2,0,0,Rear-end,V1: Travelling straight ahead / V2: Slowing or stopped in traffic,V1: N  / V2: N,Dry,Daylight,Clear,0,0,37,18,TRUE,41.95593405,-71.30346756
18389,12/20/2018,December,Thursday,14:53,1,2,0,0,Rear-end,V1: Slowing or stopped in traffic / V2: Travelling straight ahead,V1: W  / V2: W,Dry,Daylight,Clear,0,0,37,18,TRUE,41.91711015,-71.37372238
18390,12/20/2018,December,Thursday,14:54,1,2,0,0,"Sideswipe, same direction",V1: Slowing or stopped in traffic / V2: Overtaking/passing,V1: N  / V2: N,Dry,Daylight,Clear,0,0,37,18,TRUE,41.9340884,-71.3157896
18391,12/20/2018,December,Thursday,15:05,1,2,0,0,Angle,V1: Turning left / V2: Travelling straight ahead,V1: N  / V2: S,Dry,Daylight,Clear,0,0,37,18,TRUE,41.95190348,-71.27129776
18392,12/20/2018,December,Thursday,18:22,2,2,1,0,Head-on,V1: Turning left / V2: Slowing or stopped in traffic,V1: S  / V2: E,Dry,Dark - roadway not lighted,Clear,0,0,37,18,TRUE,41.95428602,-71.28497548
18393,12/20/2018,December,Thursday,18:51,1,2,0,0,Angle,V1: Travelling straight ahead / V2: Travelling straight ahead,V1: S  / V2: E,Dry,Dark - lighted roadway,Clear,0,0,37,18,TRUE,41.93304448,-71.28634923
18394,12/21/2018,December,Friday,12:26,1,3,0,0,Angle,V1: Travelling straight ahead / V2: Travelling straight ahead / V3: Slowing or stopped in traffic,V1: S  / V2: W  / V3: E,Wet,Daylight,Cloudy/Rain,0.19,0,55,23,TRUE,41.93357119,-71.30035285
18395,12/21/2018,December,Friday,14:14,1,4,0,0,Rear-end,V1: Travelling straight ahead / V2: Travelling straight ahead / V3: Travelling straight ahead / V4: Slowing or stopped in traffic,V1: N  / V2: N  / V3: N  / V4: N,Wet,Daylight,Cloudy/Rain,0.19,0,55,23,TRUE,41.90998013,-71.35802082
18396,12/21/2018,December,Friday,14:51,2,2,1,0,Rear-end,V1: Entering traffic lane / V2: Slowing or stopped in traffic,V1: S  / V2: S,Wet,Daylight,Rain,0.19,0,55,23,TRUE,41.90217475,-71.35579772
18397,12/21/2018,December,Friday,14:58,2,3,1,0,Angle,V1: Travelling straight ahead / V2: Slowing or stopped in traffic / V3: Entering traffic lane,V1: N  / V2: W  / V3: E,Wet,Daylight,Rain,0.19,0,55,23,TRUE,41.92240546,-71.28736593
18398,12/21/2018,December,Friday,19:26,1,2,0,0,Angle,V1: Changing lanes / V2: Entering traffic lane,V1: S  / V2: S,Wet,Dark - lighted roadway,Cloudy,0.19,0,55,23,TRUE,41.97100394,-71.29120912
18399,12/21/2018,December,Friday,20:41,1,1,0,0,Head-on,V1: Slowing or stopped in traffic,V1: S,Wet,Dark - roadway not lighted,Rain,0.19,0,55,23,TRUE,41.93519151,-71.32895367
18400,12/22/2018,December,Saturday,10:45,1,1,0,0,Single vehicle crash,V1: Travelling straight ahead,V1: N,Wet,Daylight,Cloudy/Rain,0.83,0,64,51,FALSE,41.90231844,-71.35595143
18401,12/22/2018,December,Saturday,15:02,1,3,0,0,Angle,V1: Entering traffic lane / V2: Travelling straight ahead / V3: Parked,V1: W  / V2: S  / V3: U,Dry,Daylight,Clear,0.83,0,64,51,FALSE,41.93946861,-71.28168616
18402,12/22/2018,December,Saturday,15:58,1,1,0,0,Single vehicle crash,V1: Travelling straight ahead,V1: W,Dry,Daylight,Clear,0.83,0,64,51,FALSE,41.93115985,-71.26031226
18403,12/22/2018,December,Saturday,21:40,2,1,1,0,Single vehicle crash,V1: Travelling straight ahead,V1: S,Dry,Dark - roadway not lighted,Clear,0.83,0,64,51,FALSE,41.90247933,-71.35642725
18404,12/23/2018,December,Sunday,20:20,1,2,0,0,Rear-end,V1: Travelling straight ahead / V2: Slowing or stopped in traffic,V1: W  / V2: W,Dry,Dark - lighted roadway,Clear,0.01,0,52,27,TRUE,41.89867838,-71.34654981
18405,12/23/2018,December,Sunday,22:20,1,1,0,0,Single vehicle crash,V1: Changing lanes,V1: S,Dry,Dark - lighted roadway,Clear,0.01,0,52,27,TRUE,41.92298549,-71.35714757
18406,12/24/2018,December,Monday,5:30,1,2,0,0,Rear-end,V1: Travelling straight ahead / V2: Travelling straight ahead,V1: N  / V2: N,Dry,Dark - roadway not lighted,Clear,0,0,39,27,TRUE,41.90231844,-71.35595143
18407,12/24/2018,December,Monday,10:37,1,2,0,0,"Sideswipe, opposite direction",V1: Turning left / V2: Turning left,V1: S  / V2: N,Wet,Daylight,Snow,0,0,39,27,TRUE,34.24438675,-73.6513909
18408,12/24/2018,December,Monday,12:00,1,2,0,0,Angle,V1: Travelling straight ahead / V2: Slowing or stopped in traffic,V1: S  / V2: E,Wet,Daylight,Cloudy,0,0,39,27,TRUE,41.91649569,-71.30362942
18409,12/26/2018,December,Wednesday,11:47,1,2,0,0,Angle,V1: Travelling straight ahead / V2: Travelling straight ahead,V1: S  / V2: E,Dry,Daylight,Clear,0,0,37,18,TRUE,41.93601097,-71.28269451
18410,12/26/2018,December,Wednesday,12:26,1,2,0,0,Angle,V1: Entering traffic lane / V2: Travelling straight ahead,V1: W  / V2: N,Dry,Daylight,Clear,0,0,37,18,TRUE,41.9110765,-71.36278231
18411,12/26/2018,December,Wednesday,13:42,1,2,0,0,Angle,V1: Travelling straight ahead / V2: Travelling straight ahead,V1: S  / V2: E,Dry,Daylight,Clear,0,0,37,18,TRUE,41.91649569,-71.30362942
18412,12/26/2018,December,Wednesday,18:40,1,2,0,0,Head-on,V1: Turning left / V2: Travelling straight ahead,V1: S  / V2: N,Dry,Dark - lighted roadway,Clear,0,0,37,18,TRUE,41.93920171,-71.29154003
18413,12/26/2018,December,Wednesday,19:52,1,2,0,0,"Sideswipe, opposite direction",V1: Turning left / V2: Slowing or stopped in traffic,V1: E  / V2: S,Dry,Dark - lighted roadway,Clear,0,0,37,18,TRUE,41.93723012,-71.28375224
18414,12/27/2018,December,Thursday,11:30,2,1,1,0,Head-on,V1: Turning right,V1: N,Dry,Daylight,Clear,0,0,38,18,TRUE,41.89914384,-71.35520746
18415,12/27/2018,December,Thursday,12:51,2,2,2,0,Rear-end,V1: Travelling straight ahead / V2: Slowing or stopped in traffic,V1: N  / V2: N,Dry,Daylight,Clear,0,0,38,18,TRUE,41.90998013,-71.35802082
18416,12/27/2018,December,Thursday,14:55,1,2,0,0,Rear-end,V1: Travelling straight ahead / V2: Travelling straight ahead,V1: N  / V2: N,Dry,Daylight,Cloudy,0,0,38,18,TRUE,41.90241817,-71.35561188
18417,12/27/2018,December,Thursday,19:51,1,2,0,0,Angle,V1: Turning left / V2: Travelling straight ahead,V1: W  / V2: N,Dry,Dark - lighted roadway,Clear,0,0,38,18,TRUE,41.91446663,-71.36106546
18418,12/28/2018,December,Friday,14:02,1,2,0,0,Angle,V1: Entering traffic lane / V2: Travelling straight ahead,V1: S  / V2: W,Wet,Daylight,Cloudy,0,0,37,28,TRUE,41.95229508,-71.27053131
18419,12/28/2018,December,Friday,14:50,1,1,0,0,Single vehicle crash,V1: Travelling straight ahead,V1: S,Wet,Daylight,Rain,0,0,37,28,TRUE,41.89534898,-71.37527115
18420,12/29/2018,December,Saturday,6:25,1,1,0,0,Single vehicle crash,V1: Travelling straight ahead,V1: E,Wet,Dark - lighted roadway,Fog,0.83,0,55,37,FALSE,41.95204979,-71.27503273
18421,12/29/2018,December,Saturday,11:45,1,2,0,0,Rear-end,V1: Travelling straight ahead / V2: Changing lanes,V1: S  / V2: S,Dry,Daylight,Clear,0.83,0,55,37,FALSE,41.90261276,-71.35590972
18422,12/29/2018,December,Saturday,17:34,1,2,0,0,Angle,V1: Turning left / V2: Travelling straight ahead,V1: E  / V2: E,Dry,Dark - lighted roadway,Clear,0.83,0,55,37,FALSE,41.93405012,-71.31579284
18423,12/31/2018,December,Monday,11:50,1,2,0,0,Rear-end,V1: Travelling straight ahead / V2: Slowing or stopped in traffic,V1: N  / V2: N,Dry,Daylight,Clear,0,0,35,23,TRUE,41.92511357,-71.35637556
18424,12/31/2018,December,Monday,18:02,1,2,0,0,Angle,V1: Entering traffic lane / V2: Travelling straight ahead,V1: W  / V2: N,Wet,Dark - lighted roadway,Rain,0,0,35,23,TRUE,41.90964751,-71.36351027
18425,1/1/2019,January,Tuesday,1:00,1,1,0,0,Single vehicle crash,V1: Travelling straight ahead,V1: E,Wet,Dark - lighted roadway,Rain,0.99,0,53,23,TRUE,41.93941277,-71.31717074
18426,1/1/2019,January,Tuesday,1:05,1,2,0,0,Angle,V1: Travelling straight ahead / V2: Travelling straight ahead,V1: S  / V2: S,Wet,Dark - roadway not lighted,Rain,0.99,0,53,23,TRUE,41.93804592,-71.31642932
18427,1/2/2019,January,Wednesday,16:40,2,2,2,0,Angle,V1: Entering traffic lane / V2: Travelling straight ahead,V1: S  / V2: W,Dry,Dusk,Clear,0,0,57,27,TRUE,41.9483337,-71.27794679
18428,1/2/2019,January,Wednesday,17:22,1,2,0,0,Angle,V1: Turning right / V2: Turning left,V1: N  / V2: E,Dry,Dark - lighted roadway,Clear,0,0,57,27,TRUE,41.93723012,-71.28375224
18429,1/3/2019,January,Thursday,8:00,1,2,0,0,Rear-end,V1: Slowing or stopped in traffic / V2: Slowing or stopped in traffic,V1: S  / V2: S,Dry,Daylight,Clear,0,0,36,27,TRUE,41.90053869,-71.36201959
18430,1/3/2019,January,Thursday,11:44,1,2,0,0,Angle,V1: Making U-turn / V2: Travelling straight ahead,V1: S  / V2: S,Dry,Daylight,Clear,0,0,36,27,TRUE,41.90582226,-71.36546869
18431,1/3/2019,January,Thursday,12:04,1,2,0,0,Rear-end,V1: Entering traffic lane / V2: Entering traffic lane,V1: N  / V2: N,Dry,Daylight,Clear,0,0,36,27,TRUE,41.90217475,-71.35579772
18432,1/4/2019,January,Friday,7:56,1,3,0,0,Rear-end,V1: Travelling straight ahead / V2: Slowing or stopped in traffic / V3: Slowing or stopped in traffic,V1: N  / V2: N  / V3: N,Dry,Daylight,Clear,0,0,45,29,TRUE,41.96643836,-71.29074265
18433,1/4/2019,January,Friday,8:15,2,2,1,0,"Sideswipe, same direction",V1: Changing lanes / V2: Travelling straight ahead,V1: N  / V2: N,Dry,Daylight,Clear,0,0,45,29,TRUE,41.90231844,-71.35595143
18434,1/4/2019,January,Friday,14:46,2,3,1,0,Rear-end,V1: Travelling straight ahead / V2: Slowing or stopped in traffic / V3: Slowing or stopped in traffic,V1: W  / V2: W  / V3: W,Dry,Daylight,Clear,0,0,45,29,TRUE,41.93402051,-71.3031938
18435,1/4/2019,January,Friday,18:14,1,1,0,0,Single vehicle crash,V1: Travelling straight ahead,V1: E,Dry,Dark - lighted roadway,Clear,0,0,45,29,TRUE,41.91640952,-71.37676876
18436,1/4/2019,January,Friday,19:21,2,2,1,0,Angle,V1: Travelling straight ahead / V2: Travelling straight ahead,V1: N  / V2: W,Dry,Dark - lighted roadway,Clear,0,0,45,29,TRUE,41.94519466,-71.28103716
18437,1/5/2019,January,Saturday,14:20,2,2,3,0,Angle,V1: Turning left / V2: Travelling straight ahead,V1: E  / V2: N,Wet,Daylight,Rain,0.2,0,45,29,TRUE,41.92298549,-71.35714757
18438,1/6/2019,January,Sunday,2:42,2,2,1,0,Rear-end,V1: Travelling straight ahead / V2: Travelling straight ahead,V1: N  / V2: N,Ice,Dark - roadway not lighted,Snow,1.39,0,43,29,TRUE,41.95593405,-71.30346756
18439,1/6/2019,January,Sunday,7:33,1,1,0,0,Single vehicle crash,V1: Travelling straight ahead,V1: N,Ice,Daylight,Clear,1.39,0,43,29,TRUE,41.91819589,-71.30019516
18440,1/6/2019,January,Sunday,17:05,1,2,0,0,Angle,V1: Travelling straight ahead / V2: Travelling straight ahead,V1: E  / V2: N,Dry,Dark - lighted roadway,Cloudy,1.39,0,43,29,TRUE,41.90588782,-71.37669559
18441,1/7/2019,January,Monday,10:11,1,2,0,0,Rear-end,V1: Entering traffic lane / V2: Entering traffic lane,V1: N  / V2: N,Dry,Daylight,Clear,0,0,44,18,TRUE,41.89860465,-71.35501252
18442,1/7/2019,January,Monday,11:51,1,2,0,0,Rear-end,V1: Travelling straight ahead / V2: Slowing or stopped in traffic,V1: E  / V2: E,Dry,Daylight,Clear,0,0,44,18,TRUE,41.96940236,-71.29355421
18443,1/8/2019,January,Tuesday,10:24,1,1,0,0,Single vehicle crash,V1: Leaving traffic lane,V1: N,Wet,Daylight,Cloudy,0,0,30,18,TRUE,41.91094687,-71.25782678
18444,1/8/2019,January,Tuesday,16:18,1,2,0,0,Angle,V1: Entering traffic lane / V2: Travelling straight ahead,V1: N  / V2: E,"Water (standing, moving)",Dusk,Rain,0,0,30,18,TRUE,41.90529604,-71.33573163
18445,1/9/2019,January,Wednesday,11:13,1,1,0,0,0,V1: Travelling straight ahead,V1: W,Dry,Daylight,Cloudy,0.1,0,42,30,TRUE,41.91905996,-71.36150836
18446,1/9/2019,January,Wednesday,13:27,1,2,0,0,Rear-end,V1: Travelling straight ahead / V2: Slowing or stopped in traffic,V1: N  / V2: N,Dry,Daylight,Clear,0.1,0,42,30,TRUE,41.92759208,-71.35472568
18447,1/9/2019,January,Wednesday,14:07,1,2,0,0,"Sideswipe, same direction",V1: Changing lanes / V2: Slowing or stopped in traffic,V1: E  / V2: E,Dry,Daylight,Clear,0.1,0,42,30,TRUE,41.93401235,-71.31615937
18448,1/10/2019,January,Thursday,0:48,2,1,2,0,Single vehicle crash,V1: Travelling straight ahead,V1: E,Dry,Dark - lighted roadway,Clear,0,0,44,31,TRUE,41.92511244,-71.28799054
18449,1/10/2019,January,Thursday,5:54,1,1,0,0,Head-on,V1: Travelling straight ahead,V1: E,Dry,Dark - lighted roadway,Clear,0,0,44,31,TRUE,41.90338368,-71.30415211
18450,1/10/2019,January,Thursday,15:49,1,2,0,0,Angle,V1: Travelling straight ahead / V2: Turning left,V1: W  / V2: E,Dry,Daylight,Clear,0,0,44,31,TRUE,41.95076301,-71.27397064
18451,1/11/2019,January,Friday,1:02,2,1,1,0,Single vehicle crash,V1: Travelling straight ahead,V1: N,Dry,Dark - roadway not lighted,Clear,0,0,35,22,TRUE,41.89691101,-71.37305468
18452,1/11/2019,January,Friday,12:52,1,2,0,0,Angle,V1: Travelling straight ahead / V2: Entering traffic lane,V1: W  / V2: S,Dry,Daylight,Clear,0,0,35,22,TRUE,41.94757814,-71.27890389
18453,1/11/2019,January,Friday,14:14,1,2,0,0,Angle,V1: Entering traffic lane / V2: Travelling straight ahead,V1: W  / V2: S,Dry,Daylight,Clear,0,0,35,22,TRUE,41.93421769,-71.2996754
18454,1/12/2019,January,Saturday,12:42,2,1,1,0,Single vehicle crash,V1: Overtaking/passing,V1: W,Dry,Daylight,Clear,0,0,27,12,TRUE,41.93884594,-71.26035887
18455,1/12/2019,January,Saturday,15:15,1,2,0,0,Angle,V1: Turning left / V2: Overtaking/passing,V1: N  / V2: N,Dry,Daylight,Clear,0,0,27,12,TRUE,41.91024509,-71.37599558
18456,1/12/2019,January,Saturday,15:39,2,2,1,0,Rear-end,V1: Slowing or stopped in traffic / V2: Slowing or stopped in traffic,V1: S  / V2: S,Dry,Daylight,Clear,0,0,27,12,TRUE,41.90682608,-71.35698151
18457,1/12/2019,January,Saturday,15:40,2,1,1,0,Single vehicle crash,V1: Travelling straight ahead,V1: N,Dry,Daylight,Clear,0,0,27,12,TRUE,41.89857328,-71.36867065
18458,1/13/2019,January,Sunday,16:32,1,1,0,0,Head-on,V1: Travelling straight ahead,V1: W,Dry,Dusk,Clear,0,0,28,12,TRUE,41.94445958,-71.28176192
18459,1/13/2019,January,Sunday,17:33,1,2,0,0,Angle,V1: Travelling straight ahead / V2: Travelling straight ahead,V1: S  / V2: E,Dry,Dark - lighted roadway,Clear,0,0,28,12,TRUE,41.93524005,-71.27513601
18460,1/14/2019,January,Monday,17:30,2,3,1,0,Angle,V1: Turning left / V2: Travelling straight ahead / V3: Slowing or stopped in traffic,V1: E  / V2: W  / V3: S,Dry,Dark - lighted roadway,Clear,0,0,28,15,TRUE,41.93405012,-71.31579284
18461,1/14/2019,January,Monday,20:29,1,2,0,0,Rear-to-rear,V1: Parked / V2: Backing,V1: U  / V2: S,Dry,Dark - lighted roadway,Clear,0,0,28,15,TRUE,41.90558315,-71.36558602
18462,1/15/2019,January,Tuesday,8:51,1,1,0,0,Single vehicle crash,V1: Travelling straight ahead,V1: S,Dry,Daylight,Clear,0,0,29,11,TRUE,41.94245198,-71.28698244
18463,1/15/2019,January,Tuesday,9:13,1,2,0,0,"Sideswipe, same direction",V1: Travelling straight ahead / V2: Travelling straight ahead,V1: N  / V2: N,Dry,Daylight,Clear,0,0,29,11,TRUE,41.95417146,-71.31279134
18464,1/15/2019,January,Tuesday,13:52,1,2,0,0,Angle,V1: Travelling straight ahead / V2: Travelling straight ahead,V1: E  / V2: S,Dry,Daylight,Clear,0,0,29,11,TRUE,41.90688136,-71.37189578
18465,1/16/2019,January,Wednesday,17:29,1,2,0,0,Rear-end,V1: Travelling straight ahead / V2: Slowing or stopped in traffic,V1: E  / V2: E,Dry,Dark - lighted roadway,Clear,0,0,33,12,TRUE,41.94340592,-71.28565261
18466,1/16/2019,January,Wednesday,18:23,1,3,0,0,"Sideswipe, same direction",V1: Travelling straight ahead / V2: Travelling straight ahead / V3: Travelling straight ahead,V1: N  / V2: N  / V3: N,Dry,Dark - roadway not lighted,Clear,0,0,33,12,TRUE,41.95593405,-71.30346756
18467,1/17/2019,January,Thursday,1:26,3,2,3,2,Rear-end,V1: Travelling straight ahead / V2: Travelling straight ahead,V1: S  / V2: S,Dry,Dark - roadway not lighted,Clear,0,0,37,15,TRUE,41.92389542,-71.32830435
18468,1/17/2019,January,Thursday,13:05,1,1,0,0,Single vehicle crash,V1: Travelling straight ahead,V1: E,Dry,Daylight,Clear,0,0,37,15,TRUE,41.94473219,-71.28259534
18469,1/17/2019,January,Thursday,13:58,1,3,0,0,Rear-end,V1: Slowing or stopped in traffic / V2: Slowing or stopped in traffic / V3: Travelling straight ahead,V1: E  / V2: E  / V3: E,Dry,Daylight,Clear,0,0,37,15,TRUE,41.93843051,-71.29261954
18470,1/17/2019,January,Thursday,18:05,1,1,0,0,Single vehicle crash,V1: Travelling straight ahead,V1: N,Dry,Dark - lighted roadway,Cloudy,0,0,37,15,TRUE,34.24438675,-73.6513909
18471,1/17/2019,January,Thursday,18:56,1,1,0,0,Single vehicle crash,V1: Travelling straight ahead,V1: E,Dry,Dark - lighted roadway,Clear,0,0,37,15,TRUE,41.95034802,-71.27484603
18472,1/18/2019,January,Friday,2:38,1,1,0,0,Single vehicle crash,V1: Travelling straight ahead,V1: S,Dry,Dark - lighted roadway,Clear,0,0,29,17,TRUE,41.953777,-71.29266535
18473,1/18/2019,January,Friday,12:26,2,3,1,0,Angle,V1: Entering traffic lane / V2: Travelling straight ahead / V3: Parked,V1: N  / V2: E  / V3: W,Dry,Daylight,Cloudy,0,0,29,17,TRUE,41.94404877,-71.28150793
18474,1/18/2019,January,Friday,14:59,1,3,0,0,"Sideswipe, same direction",V1: Travelling straight ahead / V2: Parked / V3: Parked,V1: N  / V2: N  / V3: N,Dry,Daylight,Clear,0,0,29,17,TRUE,41.94009571,-71.27657374
18475,1/18/2019,January,Friday,23:50,1,2,0,0,Rear-end,V1: Travelling straight ahead / V2: Travelling straight ahead,V1: S  / V2: S,Dry,Dark - roadway not lighted,Clear,0,0,29,17,TRUE,41.96019116,-71.30118086
18476,1/19/2019,January,Saturday,17:18,1,3,0,0,Angle,V1: Turning left / V2: Slowing or stopped in traffic / V3: Travelling straight ahead,V1: E  / V2: S  / V3: W,Snow,Dark - lighted roadway,Snow,0,0,41,20,TRUE,41.94834229,-71.27794743
18477,1/19/2019,January,Saturday,18:00,1,1,0,0,Single vehicle crash,V1: Travelling straight ahead,V1: N,Ice,Dark - lighted roadway,Rain,0,0,41,20,TRUE,34.24438675,-73.6513909
18478,1/19/2019,January,Saturday,18:07,1,1,0,0,Single vehicle crash,V1: Travelling straight ahead,V1: N,Snow,Dark - lighted roadway,Snow,0,0,41,20,TRUE,41.93162253,-71.30125361
18479,1/20/2019,January,Sunday,5:00,1,2,0,0,Single vehicle crash,V1: Travelling straight ahead / V2: Travelling straight ahead,V1: N  / V2: N,Snow,Dark - roadway not lighted,Snow,1.04,3.5,34,20,TRUE,41.95593405,-71.30346756
18480,1/20/2019,January,Sunday,5:50,1,1,0,0,Single vehicle crash,V1: Travelling straight ahead,V1: S,Snow,Dark - roadway not lighted,Snow,1.04,3.5,34,20,TRUE,41.95833575,-71.30257895
18481,1/20/2019,January,Sunday,9:11,1,1,0,0,Single vehicle crash,V1: Travelling straight ahead,V1: E,Ice,Daylight,Snow,1.04,3.5,34,20,TRUE,41.89781322,-71.37608485
18482,1/20/2019,January,Sunday,13:20,1,1,0,0,Rear-end,V1: Backing,V1: N,Wet,Daylight,Rain,1.04,3.5,34,20,TRUE,41.90384032,-71.34726352
18483,1/20/2019,January,Sunday,14:55,2,1,1,0,Single vehicle crash,V1: Slowing or stopped in traffic,V1: N,Ice,Dark - lighted roadway,Snow,1.04,3.5,34,20,TRUE,41.89835459,-71.36941126
18484,1/20/2019,January,Sunday,15:20,1,2,0,0,Angle,V1: Slowing or stopped in traffic / V2: Travelling straight ahead,V1: E  / V2: S,Ice,Daylight,Rain,1.04,3.5,34,20,TRUE,41.93306281,-71.28502226
18485,1/20/2019,January,Sunday,15:32,2,1,3,0,Single vehicle crash,V1: Leaving traffic lane,V1: E,Ice,Daylight,Rain,1.04,3.5,34,20,TRUE,41.95406891,-71.264168
18486,1/20/2019,January,Sunday,15:34,1,2,0,0,Head-on,V1: Travelling straight ahead / V2: Travelling straight ahead,V1: W  / V2: E,Ice,Dusk,Rain,1.04,3.5,34,20,TRUE,41.91633675,-71.37696105
18487,1/20/2019,January,Sunday,16:04,2,2,2,0,Angle,V1: Leaving traffic lane / V2: Travelling straight ahead,V1: W  / V2: E,Snow,Daylight,Snow,1.04,3.5,34,20,TRUE,41.92582442,-71.34707855