ID,DATE,Month,Day of week,Crash Time,Crash Severity,Number of Vehicles,Total Nonfatal Injuries,Total Fatal Injuries,Manner of Collision,Vehicle Action Prior to Crash,Vehicle Travel Directions,Road Surface Condition,Ambient Light,Weather Condition,PRCP,SNOW,TMAX,TMIN,Ice,Longtitute,Latitute
18488,1/20/2019,January,Sunday,16:24,1,2,0,0,Angle,V1: Travelling straight ahead / V2: Travelling straight ahead,V1: E  / V2: W,Ice,Dusk,Rain,1.04,3.5,34,20,TRUE,41.89903243,-71.355186
18489,1/22/2019,January,Tuesday,7:41,1,2,0,0,Rear-end,V1: Slowing or stopped in traffic / V2: Slowing or stopped in traffic,V1: S  / V2: S,Dry,Daylight,Clear,0,0,7,0,TRUE,41.90053869,-71.36201959
18490,1/23/2019,January,Wednesday,7:48,1,2,0,0,Rear-end,V1: Travelling straight ahead / V2: Slowing or stopped in traffic,V1: S  / V2: S,Wet,Daylight,Cloudy,0,0,26,6,TRUE,41.90682608,-71.35698151
18491,1/23/2019,January,Wednesday,8:14,1,1,0,0,Single vehicle crash,V1: Travelling straight ahead,V1: E,Dry,Daylight,Clear,0,0,26,6,TRUE,41.93742983,-71.26519759
18492,1/23/2019,January,Wednesday,16:36,1,1,0,0,Single vehicle crash,V1: Travelling straight ahead,V1: E,Wet,Dusk,Clear,0,0,26,6,TRUE,41.9371538,-71.24751489
18493,1/24/2019,January,Thursday,9:55,1,1,0,0,Rear-end,V1: Backing,V1: S,Wet,Daylight,Rain,0.01,0,54,17,TRUE,41.94340592,-71.28565261
18494,1/24/2019,January,Thursday,9:58,1,1,0,0,Single vehicle crash,V1: Travelling straight ahead,V1: S,Wet,Daylight,Rain,0.01,0,54,17,TRUE,41.93349673,-71.32022962
18495,1/24/2019,January,Thursday,16:19,1,2,0,0,Angle,V1: Entering traffic lane / V2: Travelling straight ahead,V1: N  / V2: E,Wet,Dusk,Rain,0.01,0,54,17,TRUE,41.93874704,-71.29215576
18496,1/24/2019,January,Thursday,20:17,2,3,1,0,Angle,V1: Turning left / V2: Travelling straight ahead / V3: Parked,V1: W  / V2: S  / V3: S,Wet,Dark - lighted roadway,Rain,0.01,0,54,17,TRUE,41.89618753,-71.37039513
18497,1/25/2019,January,Friday,8:08,1,1,0,0,Single vehicle crash,V1: Travelling straight ahead,V1: S,Slush,Daylight,Cloudy,1.66,0,59,27,TRUE,41.9185574,-71.33877566
18498,1/25/2019,January,Friday,14:58,1,1,0,0,Single vehicle crash,V1: Turning right,V1: E,Dry,Daylight,Clear,1.66,0,59,27,TRUE,41.94231024,-71.28253433
18499,1/25/2019,January,Friday,16:16,1,2,0,0,Angle,V1: Turning left / V2: Travelling straight ahead,V1: E  / V2: W,Dry,Daylight,Clear,1.66,0,59,27,TRUE,41.9483337,-71.27794679
18500,1/25/2019,January,Friday,16:47,1,2,0,0,Rear-end,V1: Travelling straight ahead / V2: Slowing or stopped in traffic,V1: N  / V2: N,Dry,Daylight,Clear,1.66,0,59,27,TRUE,41.95525378,-71.3031872
18501,1/25/2019,January,Friday,18:02,1,2,0,0,Head-on,V1: Travelling straight ahead / V2: Slowing or stopped in traffic,V1: W  / V2: W,Dry,Dark - lighted roadway,Clear,1.66,0,59,27,TRUE,41.95076301,-71.27397064
18502,1/26/2019,January,Saturday,7:59,2,2,3,0,Head-on,V1: Turning left / V2: Travelling straight ahead,V1: N  / V2: S,Dry,Daylight,Clear,0,0,39,17,TRUE,41.93359015,-71.3004044
18503,1/27/2019,January,Sunday,2:06,1,1,0,0,Single vehicle crash,V1: Travelling straight ahead,V1: S,Dry,Dark - lighted roadway,Clear,0,0,33,17,TRUE,41.90261276,-71.35590972
18504,1/28/2019,January,Monday,9:42,1,2,0,0,Angle,V1: Slowing or stopped in traffic / V2: Turning right,V1: N  / V2: E,Dry,Daylight,Clear,0,0,45,18,TRUE,41.93692353,-71.281137
18505,1/28/2019,January,Monday,11:39,2,2,1,0,Angle,V1: Turning left / V2: Travelling straight ahead,V1: S  / V2: N,Dry,Daylight,Clear,0,0,45,18,TRUE,41.91887457,-71.35786952
18506,1/28/2019,January,Monday,13:04,1,1,0,0,"Sideswipe, same direction",V1: Travelling straight ahead,V1: E,Dry,Daylight,Clear,0,0,45,18,TRUE,41.9348433,-71.30801891
18507,1/28/2019,January,Monday,14:34,1,2,0,0,Rear-end,V1: Slowing or stopped in traffic / V2: Travelling straight ahead,V1: S  / V2: S,Dry,Daylight,Cloudy,0,0,45,18,TRUE,41.91044592,-71.28309302
18508,1/29/2019,January,Tuesday,9:00,1,2,0,0,Rear-end,V1: Slowing or stopped in traffic / V2: Travelling straight ahead,V1: N  / V2: N,0,Daylight,Clear,0,0,30,21,TRUE,41.95494075,-71.30649893
18509,1/29/2019,January,Tuesday,17:07,1,1,0,0,Angle,V1: Turning right,V1: S,Dry,Dark - lighted roadway,Cloudy,0,0,30,21,TRUE,41.93623387,-71.28481203
18510,1/30/2019,January,Wednesday,2:15,1,1,0,0,Single vehicle crash,V1: Travelling straight ahead,V1: S,Ice,Dark - lighted roadway,Snow,0.24,0,37,21,TRUE,34.24438675,-73.6513909
18511,1/30/2019,January,Wednesday,6:56,2,2,3,0,Head-on,V1: Travelling straight ahead / V2: Travelling straight ahead,V1: S  / V2: N,Ice,Dawn,Cloudy,0.24,0,37,21,TRUE,41.93494598,-71.3413986
18512,1/30/2019,January,Wednesday,7:49,1,1,0,0,Single vehicle crash,V1: Travelling straight ahead,V1: E,Ice,Daylight,Cloudy,0.24,0,37,21,TRUE,41.94380247,-71.29534008
18513,1/30/2019,January,Wednesday,10:59,1,2,0,0,Angle,V1: Entering traffic lane / V2: Travelling straight ahead,V1: W  / V2: N,Dry,Daylight,Clear,0.24,0,37,21,TRUE,41.95484304,-71.28856385
18514,1/30/2019,January,Wednesday,11:32,1,2,0,0,Angle,V1: Turning left / V2: Travelling straight ahead,V1: W  / V2: S,Dry,Daylight,Clear,0.24,0,37,21,TRUE,41.90086769,-71.36799095
18515,1/31/2019,January,Thursday,9:01,1,2,0,0,Rear-end,V1: Travelling straight ahead / V2: Travelling straight ahead,V1: N  / V2: N,Dry,Daylight,Clear,0,0,32,2,TRUE,41.93742983,-71.26519759
18516,1/31/2019,January,Thursday,17:23,2,1,1,0,Head-on,V1: Turning left,V1: N,Dry,Dark - lighted roadway,Clear,0,0,32,2,TRUE,41.94757814,-71.27890389
18517,2/1/2019,February,Friday,12:18,1,2,0,0,Angle,V1: Travelling straight ahead / V2: Entering traffic lane,V1: S  / V2: W,Dry,Daylight,Clear,0,0,18,2,TRUE,41.94121777,-71.2768631
18518,2/1/2019,February,Friday,16:17,1,1,0,0,Single vehicle crash,V1: Travelling straight ahead,V1: W,Dry,Daylight,Clear,0,0,18,2,TRUE,41.93862026,-71.29234008
18519,2/1/2019,February,Friday,16:33,1,2,0,0,Angle,V1: Turning left / V2: Travelling straight ahead,V1: E  / V2: W,Dry,Daylight,Clear,0,0,18,2,TRUE,41.94990799,-71.27157339
18520,2/1/2019,February,Friday,16:44,1,2,0,0,Angle,V1: Backing / V2: Travelling straight ahead,V1: W  / V2: N,Dry,Dark - lighted roadway,Clear,0,0,18,2,TRUE,41.94644608,-71.28370562
18521,2/1/2019,February,Friday,18:06,1,2,0,0,Angle,V1: Turning left / V2: Travelling straight ahead,V1: S  / V2: N,Dry,Dark - lighted roadway,Clear,0,0,18,2,TRUE,41.9156364,-71.32216122
18522,2/2/2019,February,Saturday,2:36,1,1,0,0,Single vehicle crash,V1: Leaving traffic lane,V1: N,Dry,Dark - lighted roadway,Clear,0,0,22,4,TRUE,41.91364299,-71.3076489
18523,2/4/2019,February,Monday,14:48,2,3,1,0,Head-on,V1: Travelling straight ahead / V2: Slowing or stopped in traffic / V3: Slowing or stopped in traffic,V1: S  / V2: S  / V3: S,Dry,Daylight,Clear,0,0,40,28,TRUE,41.96899106,-71.2914896
18524,2/4/2019,February,Monday,15:15,2,3,1,0,Rear-end,V1: Travelling straight ahead / V2: Travelling straight ahead / V3: Travelling straight ahead,V1: E  / V2: E  / V3: E,Dry,Daylight,Clear,0,0,40,28,TRUE,41.95413944,-71.26228336
18525,2/4/2019,February,Monday,16:10,2,2,1,0,Angle,V1: Turning left / V2: Travelling straight ahead,V1: S  / V2: W,Dry,Daylight,Clear,0,0,40,28,TRUE,41.92416457,-71.35104162
18526,2/4/2019,February,Monday,18:15,0,2,0,0,Rear-end,V2: Travelling straight ahead / V1: Parked,V2: N  / V1: N,Dry,Dark - lighted roadway,Clear,0,0,40,28,TRUE,41.90439975,-71.33515353
18527,2/5/2019,February,Tuesday,8:50,1,2,0,0,Angle,V1: Travelling straight ahead / V2: Travelling straight ahead,V1: E  / V2: S,Dry,Daylight,Clear,0,0,57,30,TRUE,41.94181175,-71.28464889
18528,2/5/2019,February,Tuesday,16:05,1,2,0,0,Angle,V1: Backing / V2: Backing,V1: S  / V2: W,Dry,Daylight,Clear,0,0,57,30,TRUE,41.89666938,-71.37012956
18529,2/5/2019,February,Tuesday,18:27,1,1,0,0,Head-on,V1: Travelling straight ahead,V1: W,Dry,Dark - roadway not lighted,Clear,0,0,57,30,TRUE,41.92617846,-71.3216492
18530,2/6/2019,February,Wednesday,7:35,1,1,0,0,Single vehicle crash,V1: Turning left,V1: W,Dry,Daylight,Clear,0,0,63,30,TRUE,41.95281683,-71.29375159
18531,2/6/2019,February,Wednesday,8:58,1,2,0,0,Angle,V1: Entering traffic lane / V2: Travelling straight ahead,V1: E  / V2: S,Dry,Daylight,Clear,0,0,63,30,TRUE,41.91548961,-71.35898328
18532,2/6/2019,February,Wednesday,16:51,1,2,0,0,Rear-end,V1: Slowing or stopped in traffic / V2: Slowing or stopped in traffic,V1: W  / V2: W,Dry,Dusk,Clear,0,0,63,30,TRUE,41.92900797,-71.28446457
18533,2/7/2019,February,Thursday,5:45,1,1,0,0,Angle,V1: Turning left,V1: E,Wet,Dark - lighted roadway,Rain,0.5,0,42,30,TRUE,41.93398314,-71.30064376
18534,2/7/2019,February,Thursday,7:39,1,2,0,0,Angle,V1: Turning left / V2: Entering traffic lane,V1: N  / V2: E,Wet,Daylight,Cloudy,0.5,0,42,30,TRUE,41.94213878,-71.28262423
18535,2/7/2019,February,Thursday,18:03,1,2,0,0,Angle,V1: Entering traffic lane / V2: Entering traffic lane,V1: W  / V2: W,Dry,Dark - lighted roadway,Clear,0.5,0,42,30,TRUE,41.94900015,-71.28939069
18536,2/8/2019,February,Friday,9:57,1,2,0,0,Angle,V1: Travelling straight ahead / V2: Entering traffic lane,V1: S  / V2: W,Wet,Daylight,Cloudy,0.13,0,40,35,FALSE,41.94803744,-71.28855696
18537,2/8/2019,February,Friday,11:02,1,2,0,0,Angle,V1: Entering traffic lane / V2: Travelling straight ahead,V1: E  / V2: S,Dry,Daylight,Clear,0.13,0,40,35,FALSE,41.93808003,-71.27597724
18538,2/8/2019,February,Friday,12:53,1,1,0,0,Angle,V1: Turning left,V1: N,Dry,Daylight,Clear,0.13,0,40,35,FALSE,41.89957255,-71.3551788
18539,2/9/2019,February,Saturday,9:29,1,2,0,0,Angle,V1: Turning left / V2: Travelling straight ahead,V1: W  / V2: N,Dry,Daylight,Clear,0.04,0,51,23,TRUE,41.93732881,-71.28475709
18540,2/9/2019,February,Saturday,14:33,2,2,1,0,Angle,V1: Entering traffic lane / V2: Travelling straight ahead,V1: S  / V2: N,Dry,Daylight,Clear,0.04,0,51,23,TRUE,41.91907801,-71.35891659
18541,2/10/2019,February,Sunday,14:16,1,2,0,0,Angle,V1: Travelling straight ahead / V2: Backing,V1: S  / V2: W,Dry,Daylight,Clear,0,0,33,19,TRUE,41.94371209,-71.28044258
18542,2/10/2019,February,Sunday,20:08,2,1,1,0,Single vehicle crash,V1: Overtaking/passing,V1: E,Dry,Dark - roadway not lighted,Clear,0,0,33,19,TRUE,41.93116898,-71.3344648
18543,2/11/2019,February,Monday,18:59,1,3,0,0,Rear-end,V1: Slowing or stopped in traffic / V2: Slowing or stopped in traffic / V3: Slowing or stopped in traffic,V1: N  / V2: N  / V3: N,Dry,Dark - lighted roadway,Clear,0,0,33,20,TRUE,41.93269195,-71.32821357
18544,2/12/2019,February,Tuesday,8:30,1,2,0,0,Rear-end,V1: Travelling straight ahead / V2: Slowing or stopped in traffic,V1: E  / V2: E,Dry,Daylight,Clear,0,0,35,17,TRUE,41.91723587,-71.37241026
18545,2/12/2019,February,Tuesday,11:38,1,2,0,0,Angle,V1: Entering traffic lane / V2: Travelling straight ahead,V1: E  / V2: S,Dry,Daylight,Cloudy,0,0,35,17,TRUE,41.92298549,-71.35714757
18546,2/12/2019,February,Tuesday,13:41,1,3,0,0,Rear-end,V1: Turning left / V2: Turning left / V3: Turning left,V1: E  / V2: E  / V3: E,Slush,Daylight,Snow,0,0,35,17,TRUE,41.89804027,-71.37674712
18547,2/12/2019,February,Tuesday,13:47,2,1,1,0,Single vehicle crash,V1: Travelling straight ahead,V1: S,Snow,Daylight,Snow,0,0,35,17,TRUE,41.95781227,-71.30314761
18548,2/12/2019,February,Tuesday,13:50,1,1,0,0,Single vehicle crash,V1: Travelling straight ahead,V1: S,Snow,Daylight,Snow,0,0,35,17,TRUE,41.93431274,-71.24972247
18549,2/12/2019,February,Tuesday,15:33,1,2,0,0,"Sideswipe, opposite direction",V1: Travelling straight ahead / V2: Travelling straight ahead,V1: S  / V2: E,Snow,Daylight,Snow,0,0,35,17,TRUE,41.92511357,-71.35637556
18550,2/12/2019,February,Tuesday,15:59,2,1,1,0,Single vehicle crash,V1: Travelling straight ahead,V1: 0,Snow,Daylight,Snow,0,0,35,17,TRUE,41.94097573,-71.31283825
18551,2/12/2019,February,Tuesday,23:01,1,1,0,0,Single vehicle crash,V1: Travelling straight ahead,V1: N,Snow,Dark - roadway not lighted,Rain,0,0,35,17,TRUE,34.24438675,-73.6513909
18552,2/13/2019,February,Wednesday,0:09,1,1,0,0,Single vehicle crash,V1: Turning right,V1: W,Slush,Dark - lighted roadway,Snow,1.08,2.8,36,17,TRUE,41.90529604,-71.33573163
18553,2/13/2019,February,Wednesday,1:09,2,1,1,0,Single vehicle crash,V1: Travelling straight ahead,V1: S,Ice,Dark - lighted roadway,Snow,1.08,2.8,36,17,TRUE,41.9439983,-71.29559559
18554,2/13/2019,February,Wednesday,5:39,1,1,0,0,Single vehicle crash,V1: Travelling straight ahead,V1: E,Ice,Dark - lighted roadway,Rain,1.08,2.8,36,17,TRUE,41.9426309,-71.28382788
18555,2/13/2019,February,Wednesday,20:47,2,2,1,0,Angle,V1: Travelling straight ahead / V2: Travelling straight ahead,V1: W  / V2: S,Dry,Dark - lighted roadway,Clear,1.08,2.8,36,17,TRUE,41.94121777,-71.2768631
18556,2/14/2019,February,Thursday,12:07,1,2,0,0,Rear-to-rear,V1: Backing / V2: Parked,V1: N  / V2: N,Dry,Daylight,Clear,0,0,41,28,TRUE,41.9157184,-71.36042615
18557,2/14/2019,February,Thursday,13:06,1,2,0,0,Angle,V1: Entering traffic lane / V2: Travelling straight ahead,V1: W  / V2: S,Dry,Daylight,Clear,0,0,41,28,TRUE,41.91194929,-71.36233897
18558,2/14/2019,February,Thursday,16:48,1,2,0,0,Head-on,V1: Travelling straight ahead / V2: Travelling straight ahead,V1: N  / V2: E,Dry,Dusk,Clear,0,0,41,28,TRUE,41.90588782,-71.37669559
18559,2/15/2019,February,Friday,7:23,1,2,0,0,Angle,V1: Entering traffic lane / V2: Travelling straight ahead,V1: W  / V2: S,Dry,Daylight,Clear,0,0,38,27,TRUE,41.94019537,-71.27660007
18560,2/15/2019,February,Friday,12:24,1,2,0,0,Angle,V1: Turning left / V2: Travelling straight ahead,V1: W  / V2: N,Wet,Daylight,Rain,0,0,38,27,TRUE,41.91816133,-71.25763887
18561,2/15/2019,February,Friday,16:41,1,2,0,0,Head-on,V1: Turning right / V2: Travelling straight ahead,V1: E  / V2: S,Wet,Dusk,Clear,0,0,38,27,TRUE,41.94845803,-71.30212015
18562,2/15/2019,February,Friday,22:23,2,2,1,0,Angle,V1: Travelling straight ahead / V2: Travelling straight ahead,V1: E  / V2: S,Dry,Dark - lighted roadway,Clear,0,0,38,27,TRUE,41.93840858,-71.28352591
18563,2/16/2019,February,Saturday,4:57,1,2,0,0,Single vehicle crash,V1: Travelling straight ahead / V2: Changing lanes,V1: S  / V2: S,Dry,Dark - roadway not lighted,Cloudy,0.24,0,50,33,FALSE,41.90261276,-71.35590972
18564,2/16/2019,February,Saturday,16:48,2,2,1,0,Rear-end,V1: Slowing or stopped in traffic / V2: Slowing or stopped in traffic,V1: S  / V2: S,Dry,Daylight,Clear,0.24,0,50,33,FALSE,41.90567349,-71.35679202
18565,2/17/2019,February,Sunday,17:50,1,2,0,0,Rear-end,V1: Slowing or stopped in traffic / V2: Slowing or stopped in traffic,V1: S  / V2: N,Dry,Dusk,Clear,0,0,41,21,TRUE,41.90231684,-71.35595704
18566,2/18/2019,February,Monday,9:23,1,2,0,0,Rear-end,V1: Backing / V2: Parked,V1: E  / V2: W,Snow,Daylight,Snow,0.43,2.8,37,21,TRUE,41.91199021,-71.25909898
18567,2/18/2019,February,Monday,15:08,1,2,0,0,Angle,V1: Turning left / V2: Travelling straight ahead,V1: S  / V2: W,Dry,Daylight,Cloudy,0.43,2.8,37,21,TRUE,41.92241545,-71.31336866
18568,2/19/2019,February,Tuesday,8:17,1,2,0,0,Rear-end,V1: Slowing or stopped in traffic / V2: Travelling straight ahead,V1: N  / V2: N,Dry,Daylight,Clear,0.08,0.9,33,12,TRUE,41.95377533,-71.30442694
18569,2/19/2019,February,Tuesday,8:59,1,2,0,0,Rear-end,V1: Travelling straight ahead / V2: Slowing or stopped in traffic,V1: S  / V2: S,Dry,Daylight,Clear,0.08,0.9,33,12,TRUE,41.94701106,-71.2760815
18570,2/19/2019,February,Tuesday,12:39,1,2,0,0,Angle,V1: Turning left / V2: Turning left,V1: W  / V2: S,Dry,Daylight,Clear,0.08,0.9,33,12,TRUE,41.94701106,-71.2760815
18571,2/20/2019,February,Wednesday,20:47,2,2,2,0,"Sideswipe, opposite direction",V1: Travelling straight ahead / V2: Travelling straight ahead,V1: W  / V2: E,Snow,Dark - lighted roadway,Snow,0,0,31,12,TRUE,41.93052559,-71.33609378
18572,2/20/2019,February,Wednesday,21:25,0,1,0,0,Single vehicle crash,V1: Travelling straight ahead,V1: E,Snow,Dark - lighted roadway,Snow,0,0,31,12,TRUE,41.93592255,-71.2911048
18573,2/20/2019,February,Wednesday,22:25,1,1,0,0,Single vehicle crash,V1: Changing lanes,V1: S,Snow,Dark - roadway not lighted,Snow,0,0,31,12,TRUE,41.96019116,-71.30118086
18574,2/21/2019,February,Thursday,2:30,1,2,0,0,Rear-end,V1: Travelling straight ahead / V2: Travelling straight ahead,V1: S  / V2: S,Snow,Dark - roadway not lighted,Snow,0.41,0.9,32,14,TRUE,41.90255025,-71.35612621
18575,2/21/2019,February,Thursday,7:38,2,1,1,0,Single vehicle crash,V1: Travelling straight ahead,V1: E,Slush,Daylight,Clear,0.41,0.9,32,14,TRUE,41.94756046,-71.29663942
18576,2/21/2019,February,Thursday,19:43,1,1,0,0,Single vehicle crash,V1: Turning left,V1: S,Dry,Dark - roadway not lighted,Clear,0.41,0.9,32,14,TRUE,41.93409418,-71.29982985
18577,2/22/2019,February,Friday,0:25,1,1,0,0,Single vehicle crash,V1: Travelling straight ahead,V1: E,Dry,Dark - lighted roadway,Clear,0,0,46,30,TRUE,41.94603014,-71.30555992
18578,2/22/2019,February,Friday,17:16,1,2,0,0,Angle,V1: Entering traffic lane / V2: Travelling straight ahead,V1: W  / V2: S,Dry,Dark - lighted roadway,Clear,0,0,46,30,TRUE,41.93806227,-71.29125944
18579,2/22/2019,February,Friday,23:05,1,2,0,0,Angle,V1: Travelling straight ahead / V2: Changing lanes,V1: S  / V2: S,Dry,Dark - 0 roadway lighting,Clear,0,0,46,30,TRUE,34.24438675,-73.6513909
18580,2/23/2019,February,Saturday,12:52,1,2,0,0,Rear-end,V1: Changing lanes / V2: Travelling straight ahead,V1: N  / V2: N,Dry,Daylight,Clear,0,0,43,23,TRUE,41.92298549,-71.35714757
18581,2/23/2019,February,Saturday,13:47,2,1,1,0,Single vehicle crash,V1: Changing lanes,V1: N,Dry,Daylight,Clear,0,0,43,23,TRUE,41.9191209,-71.33085659
18582,2/24/2019,February,Sunday,7:13,2,1,1,0,Single vehicle crash,V1: Travelling straight ahead,V1: W,Wet,Daylight,Rain,0.02,0,41,26,TRUE,41.94426528,-71.27129113
18583,2/24/2019,February,Sunday,12:07,2,2,1,0,Angle,V1: Turning left / V2: Turning left,V1: S  / V2: E,Wet,Daylight,Rain,0.02,0,41,26,TRUE,41.92164368,-71.35781569
18584,2/24/2019,February,Sunday,21:13,2,1,1,0,Single vehicle crash,V1: Travelling straight ahead,V1: N,Wet,Dark - lighted roadway,Clear,0.02,0,41,26,TRUE,41.92446027,-71.28906707
18585,2/25/2019,February,Monday,4:40,2,2,1,0,Angle,V1: Travelling straight ahead / V2: Travelling straight ahead,V1: N  / V2: N,Wet,Dark - roadway not lighted,Snow,0.5,0.2,46,31,TRUE,41.92886018,-71.3230987
18586,2/25/2019,February,Monday,7:17,1,2,0,0,Angle,V1: Turning left / V2: Travelling straight ahead,V1: W  / V2: E,Dry,Daylight,Clear,0.5,0.2,46,31,TRUE,41.95451461,-71.24992613
18587,2/25/2019,February,Monday,12:28,1,1,0,0,Single vehicle crash,V1: Travelling straight ahead,V1: U,Dry,Daylight,Clear,0.5,0.2,46,31,TRUE,41.92106953,-71.35806074
18588,2/25/2019,February,Monday,13:28,1,1,0,0,Single vehicle crash,V1: Turning right,V1: W,Dry,Daylight,Clear,0.5,0.2,46,31,TRUE,41.96899106,-71.2914896
18589,2/25/2019,February,Monday,16:37,1,2,0,0,Angle,V1: Travelling straight ahead / V2: Travelling straight ahead,V1: N  / V2: W,Dry,Dusk,Clear,0.5,0.2,46,31,TRUE,41.94472176,-71.2812504
18590,2/25/2019,February,Monday,19:17,1,2,0,0,Angle,V1: Entering traffic lane / V2: Travelling straight ahead,V1: W  / V2: S,Dry,Dark - lighted roadway,Clear,0.5,0.2,46,31,TRUE,41.93732881,-71.28475709
18591,2/25/2019,February,Monday,22:26,2,2,3,0,Angle,V1: Travelling straight ahead / V2: Turning left,V1: W  / V2: E,Dry,Dark - lighted roadway,Clear,0.5,0.2,46,31,TRUE,41.93408616,-71.31644208
18592,2/26/2019,February,Tuesday,11:30,1,2,0,0,Angle,V1: Entering traffic lane / V2: Travelling straight ahead,V1: E  / V2: S,Dry,Daylight,Clear,0,0,37,23,TRUE,41.92106953,-71.35806074
18593,2/27/2019,February,Wednesday,4:45,2,1,1,0,Single vehicle crash,V1: Travelling straight ahead,V1: N,Dry,Dark - roadway not lighted,Clear,0,0,30,12,TRUE,41.91819356,-71.23176893
18594,2/27/2019,February,Wednesday,14:33,1,2,0,0,Rear-end,V1: Travelling straight ahead / V2: Travelling straight ahead,V1: E  / V2: E,Dry,Daylight,Clear,0,0,30,12,TRUE,41.91069007,-71.28306471
18595,2/27/2019,February,Wednesday,16:48,1,2,0,0,Angle,V1: Travelling straight ahead / V2: Parked,V1: W  / V2: 0,Dry,Dark - roadway not lighted,Clear,0,0,30,12,TRUE,41.95212799,-71.27087016
18596,2/27/2019,February,Wednesday,17:06,1,3,0,0,Head-on,V1: Travelling straight ahead / V2: Slowing or stopped in traffic / V3: Slowing or stopped in traffic,V1: S  / V2: S  / V3: S,Dry,Dusk,Clear,0,0,30,12,TRUE,41.91858297,-71.35912537
18597,2/27/2019,February,Wednesday,20:35,1,2,0,0,Angle,V1: Slowing or stopped in traffic / V2: Travelling straight ahead,V1: W  / V2: S,Snow,Dark - lighted roadway,Snow,0,0,30,12,TRUE,41.95484304,-71.28856385
18598,2/27/2019,February,Wednesday,23:24,1,1,0,0,Single vehicle crash,V1: Travelling straight ahead,V1: S,Snow,Dark - roadway not lighted,Snow,0,0,30,12,TRUE,41.92856437,-71.3450058
18599,2/28/2019,February,Thursday,7:32,1,1,0,0,Single vehicle crash,V1: Travelling straight ahead,V1: W,Snow,Daylight,Clear,0.27,3.8,25,12,TRUE,41.89716151,-71.37384288
18600,2/28/2019,February,Thursday,8:01,2,2,2,0,Rear-end,V1: Slowing or stopped in traffic / V2: Slowing or stopped in traffic,V1: S  / V2: S,Snow,Daylight,Snow,0.27,3.8,25,12,TRUE,41.90529604,-71.33573163
18601,2/28/2019,February,Thursday,8:05,1,1,0,0,Single vehicle crash,V1: Turning left,V1: 0,Snow,Daylight,Clear,0.27,3.8,25,12,TRUE,41.89804027,-71.37674712
18602,2/28/2019,February,Thursday,8:07,1,2,0,0,Rear-end,V1: Travelling straight ahead / V2: Travelling straight ahead,V1: E  / V2: E,Snow,Daylight,Snow,0.27,3.8,25,12,TRUE,41.95018973,-71.27519403
18603,2/28/2019,February,Thursday,8:37,2,2,2,0,Rear-end,V1: Slowing or stopped in traffic / V2: Slowing or stopped in traffic,V1: N  / V2: N,Snow,Daylight,Snow,0.27,3.8,25,12,TRUE,41.95026372,-71.2985466
18604,2/28/2019,February,Thursday,16:09,1,2,0,0,"Sideswipe, opposite direction",V1: Travelling straight ahead / V2: Travelling straight ahead,V1: S  / V2: N,Dry,Daylight,Clear,0.27,3.8,25,12,TRUE,41.95087732,-71.27368942
18605,2/28/2019,February,Thursday,17:32,1,2,0,0,Rear-end,V1: Backing / V2: Parked,V1: W  / V2: 0,Slush,Dark - lighted roadway,Snow,0.27,3.8,25,12,TRUE,41.9470579,-71.27958171
18606,2/28/2019,February,Thursday,19:11,1,3,0,0,Rear-to-rear,V1: Travelling straight ahead / V2: Slowing or stopped in traffic / V3: Slowing or stopped in traffic,V1: E  / V2: E  / V3: E,Slush,Dark - roadway not lighted,Clear,0.27,3.8,25,12,TRUE,41.96940236,-71.29355421
18607,2/28/2019,February,Thursday,19:39,1,2,0,0,"Sideswipe, same direction",V1: Changing lanes / V2: Travelling straight ahead,V1: N  / V2: N,Dry,Dark - lighted roadway,Clear,0.27,3.8,25,12,TRUE,41.91022182,-71.36321673
18608,3/1/2019,March,Friday,4:21,1,1,0,0,Single vehicle crash,V1: Travelling straight ahead,V1: W,Dry,Dark - lighted roadway,Clear,0,0,29,9,TRUE,41.91771418,-71.36753825
18609,3/1/2019,March,Friday,10:34,1,2,0,0,Angle,V1: Turning left / V2: Travelling straight ahead,V1: E  / V2: S,Dry,Daylight,Clear,0,0,29,9,TRUE,41.92521765,-71.28783389
18610,3/1/2019,March,Friday,13:31,2,2,2,0,Rear-end,V1: Travelling straight ahead / V2: Slowing or stopped in traffic,V1: E  / V2: E,Dry,Daylight,Clear,0,0,29,9,TRUE,41.93608923,-71.296466
18611,3/1/2019,March,Friday,13:42,1,1,0,0,Single vehicle crash,V1: Travelling straight ahead,V1: 0,Dry,Daylight,Clear,0,0,29,9,TRUE,41.94660778,-71.27550108
18612,3/1/2019,March,Friday,14:01,2,2,2,0,Angle,V1: Entering traffic lane / V2: Travelling straight ahead,V1: S  / V2: 0,Dry,Daylight,Clear,0,0,29,9,TRUE,41.91482581,-71.36088324
18613,3/2/2019,March,Saturday,1:06,2,1,1,0,Single vehicle crash,V1: Travelling straight ahead,V1: S,Dry,Dark - lighted roadway,Clear,0.08,0.9,37,17,TRUE,41.92514141,-71.32163709
18614,3/2/2019,March,Saturday,1:54,2,1,1,0,Single vehicle crash,V1: Travelling straight ahead,V1: S,Dry,Dark - lighted roadway,Clear,0.08,0.9,37,17,TRUE,41.92734177,-71.2850606