ID,DATE,Month,Day of week,Crash Time,Crash Severity,Number of Vehicles,Total Nonfatal Injuries,Total Fatal Injuries,Manner of Collision,Vehicle Action Prior to Crash,Vehicle Travel Directions,Road Surface Condition,Ambient Light,Weather Condition,PRCP,SNOW,TMAX,TMIN,Ice,Longtitute,Latitute
18615,3/2/2019,March,Saturday,6:59,1,2,0,0,"Sideswipe, opposite direction",V1: Turning right / V2: Slowing or stopped in traffic,V1: S  / V2: E,Snow,Daylight,Snow,0.08,0.9,37,17,TRUE,41.95180679,-71.2898592
18616,3/2/2019,March,Saturday,7:51,2,2,1,0,Angle,V1: Travelling straight ahead / V2: Turning right,V1: N  / V2: S,Snow,Daylight,Snow,0.08,0.9,37,17,TRUE,41.94413491,-71.27260127
18617,3/3/2019,March,Sunday,0:07,1,2,0,0,"Sideswipe, same direction",V1: Travelling straight ahead / V2: Parked,V1: W  / V2: U,Dry,Dark - lighted roadway,Clear,0.32,3,33,24,TRUE,41.93564581,-71.30000831
18618,3/3/2019,March,Sunday,6:29,1,1,0,0,Single vehicle crash,V1: Travelling straight ahead,V1: S,Dry,Dark - roadway not lighted,Clear,0.32,3,33,24,TRUE,41.91966528,-71.33181601
18619,3/4/2019,March,Monday,9:45,1,1,0,0,Single vehicle crash,V1: Travelling straight ahead,V1: S,Wet,Daylight,Snow,1.38,11.6,42,23,TRUE,41.92927403,-71.32377045
18620,3/4/2019,March,Monday,10:45,1,1,0,0,Single vehicle crash,V1: Travelling straight ahead,V1: S,Snow,Daylight,Snow,1.38,11.6,42,23,TRUE,41.90421686,-71.32621052
18621,3/4/2019,March,Monday,10:50,1,2,0,0,Rear-to-rear,V1: Slowing or stopped in traffic / V2: Backing,V1: N  / V2: E,Snow,Daylight,Snow,1.38,11.6,42,23,TRUE,41.91642045,-71.30377772
18622,3/5/2019,March,Tuesday,7:45,1,2,0,0,Rear-end,V1: Slowing or stopped in traffic / V2: Travelling straight ahead,V1: N  / V2: N,Dry,Daylight,Clear,0.02,0.2,39,15,TRUE,41.95428778,-71.31194921
18623,3/5/2019,March,Tuesday,13:14,1,2,0,0,"Sideswipe, same direction",V1: Parked / V2: Turning right,V1: N  / V2: N,Dry,Daylight,Clear,0.02,0.2,39,15,TRUE,41.93623387,-71.28481203
18624,3/5/2019,March,Tuesday,15:39,1,2,0,0,"Sideswipe, same direction",V1: Travelling straight ahead / V2: Travelling straight ahead,V1: E  / V2: E,Dry,Daylight,Clear,0.02,0.2,39,15,TRUE,41.95130281,-71.27263126
18625,3/5/2019,March,Tuesday,15:48,2,2,1,0,Head-on,V1: Travelling straight ahead / V2: Slowing or stopped in traffic,V1: S  / V2: S,Dry,Daylight,Clear,0.02,0.2,39,15,TRUE,41.91562886,-71.36047108
18626,3/6/2019,March,Wednesday,7:47,2,2,1,0,Angle,V1: Travelling straight ahead / V2: Turning left,V1: S  / V2: E,Dry,Daylight,Clear,0,0,29,14,TRUE,41.93624398,-71.26400311
18627,3/6/2019,March,Wednesday,10:05,2,2,2,0,Angle,V1: Turning left / V2: Travelling straight ahead,V1: N  / V2: S,Dry,Daylight,Clear,0,0,29,14,TRUE,41.90998013,-71.35802082
18628,3/6/2019,March,Wednesday,12:31,1,2,0,0,Angle,V1: Travelling straight ahead / V2: Turning right,V1: S  / V2: S,Dry,Daylight,Clear,0,0,29,14,TRUE,41.95819153,-71.29650333
18629,3/6/2019,March,Wednesday,17:55,1,2,0,0,Rear-end,V1: Travelling straight ahead / V2: Slowing or stopped in traffic,V1: N  / V2: N,Dry,Daylight,Clear,0,0,29,14,TRUE,41.96944491,-71.29404561
18630,3/7/2019,March,Thursday,1:19,1,1,0,0,Head-on,V1: Travelling straight ahead,V1: E,Dry,Dark - lighted roadway,Clear,0,0,25,7,TRUE,41.95026372,-71.2985466
18631,3/7/2019,March,Thursday,14:37,2,2,1,0,Angle,V1: Travelling straight ahead / V2: Parked,V1: W  / V2: W,Ice,Daylight,Clear,0,0,25,7,TRUE,41.93740875,-71.27831236
18632,3/9/2019,March,Saturday,11:32,1,2,0,0,Angle,V1: Travelling straight ahead / V2: Turning left,V1: N  / V2: E,Dry,Daylight,Clear,0,0,37,7,TRUE,41.94213878,-71.28262423
18633,3/9/2019,March,Saturday,14:57,1,2,0,0,Angle,V1: Backing / V2: Travelling straight ahead,V1: E  / V2: N,Dry,Daylight,Clear,0,0,37,7,TRUE,41.90736891,-71.31788216
18634,3/10/2019,March,Sunday,10:04,1,1,0,0,Single vehicle crash,V1: Travelling straight ahead,V1: S,Snow,Daylight,Snow,0,0,44,15,TRUE,41.90689952,-71.34438216
18635,3/10/2019,March,Sunday,21:00,2,1,0,0,Single vehicle crash,V1: Changing lanes,V1: N,Dry,Dark - lighted roadway,Clear,0,0,44,15,TRUE,41.95593405,-71.30346756
18636,3/11/2019,March,Monday,6:59,1,2,0,0,Angle,V1: Travelling straight ahead / V2: Travelling straight ahead,V1: W  / V2: E,Ice,Daylight,Clear,0.66,0.8,43,31,TRUE,41.91275826,-71.30929218
18637,3/11/2019,March,Monday,7:13,1,2,0,0,"Sideswipe, opposite direction",V1: Travelling straight ahead / V2: Travelling straight ahead,V1: W  / V2: E,Ice,Daylight,Clear,0.66,0.8,43,31,TRUE,41.90922341,-71.28645727
18638,3/11/2019,March,Monday,7:24,1,2,0,0,Angle,V1: Backing / V2: Travelling straight ahead,V1: S  / V2: W,Dry,Daylight,Clear,0.66,0.8,43,31,TRUE,41.9328169,-71.29685166
18639,3/11/2019,March,Monday,8:24,1,2,0,0,Angle,V1: Overtaking/passing / V2: Slowing or stopped in traffic,V1: S  / V2: S,Ice,Daylight,Clear,0.66,0.8,43,31,TRUE,41.97446868,-71.27603171
18640,3/11/2019,March,Monday,11:52,1,2,0,0,Angle,V1: Parked / V2: Backing,V1: N  / V2: S,Dry,Daylight,Clear,0.66,0.8,43,31,TRUE,41.94427972,-71.28130304
18641,3/11/2019,March,Monday,17:18,1,2,0,0,"Sideswipe, same direction",V1: Changing lanes / V2: Travelling straight ahead,V1: W  / V2: W,Dry,Daylight,Clear,0.66,0.8,43,31,TRUE,41.94861901,-71.27758766
18642,3/11/2019,March,Monday,20:46,1,2,0,0,Single vehicle crash,V1: Travelling straight ahead / V2: Parked,V1: S  / V2: 0,Wet,Dark - lighted roadway,Clear,0.66,0.8,43,31,TRUE,41.91694727,-71.28414186
18643,3/12/2019,March,Tuesday,8:53,1,3,0,0,Rear-end,V1: Travelling straight ahead / V2: Travelling straight ahead / V3: Travelling straight ahead,V1: W  / V2: W  / V3: W,Dry,Daylight,Clear,0,0,50,30,TRUE,41.93268269,-71.29622047
18644,3/13/2019,March,Wednesday,7:34,1,2,0,0,Rear-end,V1: Travelling straight ahead / V2: Slowing or stopped in traffic,V1: S  / V2: S,Dry,Daylight,Clear,0,0,42,21,TRUE,41.91521878,-71.28238757
18645,3/13/2019,March,Wednesday,7:45,2,2,1,0,Head-on,V1: Turning left / V2: Travelling straight ahead,V1: W  / V2: E,Dry,Daylight,Clear,0,0,42,21,TRUE,41.91249825,-71.27020023
18646,3/13/2019,March,Wednesday,20:46,1,2,0,0,Rear-end,V1: Backing / V2: Parked,V1: E  / V2: N,Dry,Dark - lighted roadway,Clear,0,0,42,21,TRUE,41.94637845,-71.28969541
18647,3/13/2019,March,Wednesday,21:40,2,2,1,0,Head-on,V1: Travelling straight ahead / V2: Turning left,V1: E  / V2: N,Dry,Dark - roadway not lighted,Clear,0,0,42,21,TRUE,41.93156958,-71.29118638
18648,3/13/2019,March,Wednesday,21:44,2,1,1,0,Single vehicle crash,V1: Travelling straight ahead,V1: S,Dry,Dark - lighted roadway,Clear,0,0,42,21,TRUE,41.94114479,-71.2687671
18649,3/14/2019,March,Thursday,7:27,1,2,0,0,"Sideswipe, same direction",V1: Changing lanes / V2: Travelling straight ahead,V1: E  / V2: E,Dry,Daylight,Cloudy,0,0,44,21,TRUE,41.92005179,-71.35764107
18650,3/14/2019,March,Thursday,7:59,2,2,0,0,Rear-end,V1: Travelling straight ahead / V2: Slowing or stopped in traffic,V1: N  / V2: N,Dry,Daylight,Clear,0,0,44,21,TRUE,41.90231844,-71.35595143
18651,3/14/2019,March,Thursday,13:39,1,2,0,0,Angle,V1: Changing lanes / V2: Travelling straight ahead,V1: N  / V2: N,Dry,Daylight,Clear,0,0,44,21,TRUE,41.95593405,-71.30346756
18652,3/14/2019,March,Thursday,15:13,1,2,0,0,Head-on,V1: Travelling straight ahead / V2: Turning right,V1: E  / V2: E,Dry,Daylight,Clear,0,0,44,21,TRUE,41.9498974,-71.27577434
18653,3/14/2019,March,Thursday,15:20,2,2,2,0,Angle,V1: Turning left / V2: Travelling straight ahead,V1: E  / V2: W,Dry,Daylight,Clear,0,0,44,21,TRUE,41.96940236,-71.29355421
18654,3/14/2019,March,Thursday,18:15,1,2,0,0,Rear-end,V1: Travelling straight ahead / V2: Slowing or stopped in traffic,V1: E  / V2: E,Dry,Daylight,Clear,0,0,44,21,TRUE,41.91723587,-71.37241026
18655,3/14/2019,March,Thursday,18:55,1,2,0,0,Angle,V1: Turning left / V2: Travelling straight ahead,V1: N  / V2: W,Dry,Dusk,Clear,0,0,44,21,TRUE,41.94548184,-71.28559201
18656,3/14/2019,March,Thursday,19:38,1,2,0,0,Angle,V1: Entering traffic lane / V2: Entering traffic lane,V1: S  / V2: E,Dry,Dark - lighted roadway,Clear,0,0,44,21,TRUE,41.94548184,-71.28559201
18657,3/15/2019,March,Friday,14:15,1,2,0,0,"Sideswipe, same direction",V2: Travelling straight ahead / V1: Changing lanes,V2: S  / V1: S,Dry,Daylight,Cloudy,0,0,51,35,FALSE,41.9197589,-71.35862943
18658,3/16/2019,March,Saturday,9:33,1,2,0,0,Angle,V2: Parked / V1: Backing,V2: E  / V1: S,Dry,Daylight,Clear,0.08,0,59,41,FALSE,41.90414684,-71.38043984
18659,3/16/2019,March,Saturday,20:47,1,1,0,0,Single vehicle crash,V1: Travelling straight ahead,V1: W,Dry,Dark - lighted roadway,Clear,0.08,0,59,41,FALSE,41.92093944,-71.24220517
18660,3/18/2019,March,Monday,10:51,1,2,0,0,Angle,V1: Parked / V2: Backing,V1: S  / V2: S,Dry,Daylight,Clear,0,0,41,21,TRUE,41.9442419,-71.28118495
18661,3/18/2019,March,Monday,12:58,1,2,0,0,Rear-end,V1: Slowing or stopped in traffic / V2: Slowing or stopped in traffic,V1: E  / V2: E,Dry,Daylight,Clear,0,0,41,21,TRUE,41.93401235,-71.31615937
18662,3/19/2019,March,Tuesday,12:43,1,2,0,0,Angle,V1: Backing / V2: Backing,V1: E  / V2: E,Dry,Daylight,Clear,0,0,41,21,TRUE,41.93604564,-71.28290846
18663,3/19/2019,March,Tuesday,15:27,1,1,0,0,Head-on,V1: Travelling straight ahead,V1: N,Dry,Daylight,Clear,0,0,41,21,TRUE,41.91210262,-71.32652257
18664,3/19/2019,March,Tuesday,16:52,1,2,0,0,Rear-end,V1: Travelling straight ahead / V2: Travelling straight ahead,V1: E  / V2: E,Dry,Daylight,Clear,0,0,41,21,TRUE,41.93397754,-71.31905247
18665,3/19/2019,March,Tuesday,17:03,1,2,0,0,Angle,V1: Changing lanes / V2: Travelling straight ahead,V1: S  / V2: S,Dry,Daylight,Clear,0,0,41,21,TRUE,41.91902322,-71.35778764
18666,3/20/2019,March,Wednesday,7:28,2,2,0,0,"Sideswipe, same direction",V1: Changing lanes / V2: Travelling straight ahead,V1: N  / V2: N,Dry,Daylight,Clear,0,0,44,21,TRUE,41.90241817,-71.35561188
18667,3/20/2019,March,Wednesday,17:53,1,2,0,0,Rear-end,V1: Travelling straight ahead / V2: Entering traffic lane,V1: E  / V2: E,Dry,Daylight,Clear,0,0,44,21,TRUE,41.93401235,-71.31615937
18668,3/21/2019,March,Thursday,15:31,1,2,0,0,Rear-end,V1: Backing / V2: Slowing or stopped in traffic,V1: N  / V2: S,Dry,Daylight,Clear,0,0,50,23,TRUE,41.94962159,-71.276268
18669,3/21/2019,March,Thursday,22:46,2,2,0,0,Rear-end,V1: Travelling straight ahead / V2: Travelling straight ahead,V1: N  / V2: N,Dry,Dark - roadway not lighted,Clear,0,0,50,23,TRUE,41.95593405,-71.30346756
18670,3/21/2019,March,Thursday,22:46,1,3,0,0,"Sideswipe, same direction",V1: Changing lanes / V2: Travelling straight ahead / V3: Slowing or stopped in traffic,V1: N  / V2: N  / V3: N,Dry,Dark - roadway not lighted,Clear,0,0,50,23,TRUE,41.95593405,-71.30346756
18671,3/22/2019,March,Friday,12:50,1,1,0,0,Single vehicle crash,V1: Travelling straight ahead,V1: S,Wet,Daylight,Rain,0.58,0,50,28,TRUE,41.90783179,-71.34289734
18672,3/22/2019,March,Friday,12:53,1,2,0,0,Rear-end,V1: Travelling straight ahead / V2: Travelling straight ahead,V1: E  / V2: E,Wet,Daylight,Rain,0.58,0,50,28,TRUE,41.92626385,-71.34598617
18673,3/22/2019,March,Friday,13:36,1,2,0,0,"Sideswipe, same direction",V1: Travelling straight ahead / V2: Travelling straight ahead,V1: S  / V2: S,Wet,Daylight,Rain,0.58,0,50,28,TRUE,41.96518687,-71.29785225
18674,3/22/2019,March,Friday,15:47,2,1,0,0,Single vehicle crash,V1: Travelling straight ahead,V1: S,Dry,Daylight,Clear,0.58,0,50,28,TRUE,34.24438675,-73.6513909
18675,3/22/2019,March,Friday,16:31,1,2,0,0,Rear-end,V1: Travelling straight ahead / V2: Travelling straight ahead,V1: S  / V2: S,Dry,Daylight,Cloudy,0.58,0,50,28,TRUE,41.96712418,-71.29097941
18676,3/23/2019,March,Saturday,10:24,1,2,0,0,Angle,V1: Turning left / V2: Travelling straight ahead,V1: W  / V2: S,Dry,Daylight,Clear,0.76,0.8,42,30,TRUE,41.90998013,-71.35802082
18677,3/23/2019,March,Saturday,14:28,2,2,6,0,Head-on,V1: Turning left / V2: Travelling straight ahead,V1: E  / V2: W,Dry,Daylight,Clear,0.76,0.8,42,30,TRUE,41.95405836,-71.24441859
18678,3/24/2019,March,Sunday,6:55,1,1,0,0,Single vehicle crash,V1: Travelling straight ahead,V1: S,Dry,Daylight,Clear,0,0,45,25,TRUE,41.90604051,-71.34594298
18679,3/24/2019,March,Sunday,13:46,1,2,0,0,Rear-end,V1: Backing / V2: Slowing or stopped in traffic,V1: E  / V2: E,Dry,Daylight,Clear,0,0,45,25,TRUE,41.92298549,-71.35714757
18680,3/24/2019,March,Sunday,14:43,2,2,4,0,Rear-end,V1: Entering traffic lane / V2: Entering traffic lane,V1: W  / V2: W,Dry,Daylight,Clear,0,0,45,25,TRUE,41.9339934,-71.31627665
18681,3/24/2019,March,Sunday,18:58,1,2,0,0,Angle,V1: Travelling straight ahead / V2: Turning right,V1: W  / V2: W,Dry,Dark - lighted roadway,Clear,0,0,45,25,TRUE,41.95130281,-71.27263126
18682,3/24/2019,March,Sunday,22:06,1,1,0,0,Single vehicle crash,V1: Changing lanes,V1: S,Dry,Dark - 0 roadway lighting,Clear,0,0,45,25,TRUE,41.89415939,-71.37637
18683,3/25/2019,March,Monday,18:45,1,2,0,0,Rear-end,V1: Backing / V2: Turning right,V1: S  / V2: N,Dry,Dusk,Clear,0,0,59,26,TRUE,41.94330896,-71.27265641
18684,3/25/2019,March,Monday,19:19,1,3,0,0,Rear-end,V1: Travelling straight ahead / V2: Slowing or stopped in traffic / V3: Slowing or stopped in traffic,V1: E  / V2: E  / V3: E,Ice,Dark - lighted roadway,Clear,0,0,59,26,TRUE,41.93269195,-71.32821357
18685,3/26/2019,March,Tuesday,14:54,1,2,0,0,Rear-end,V1: Entering traffic lane / V2: Entering traffic lane,V1: N  / V2: N,Dry,Daylight,Clear,0,0,51,28,TRUE,41.89860465,-71.35501252
18686,3/26/2019,March,Tuesday,22:51,2,2,2,0,Angle,V1: Entering traffic lane / V2: Travelling straight ahead,V1: N  / V2: W,Dry,Dark - lighted roadway,Clear,0,0,51,28,TRUE,41.95190348,-71.27129776
18687,3/27/2019,March,Wednesday,3:08,1,1,0,0,Single vehicle crash,V1: Travelling straight ahead,V1: E,Dry,Dark - lighted roadway,Clear,0,0,43,26,TRUE,41.95384782,-71.24336497
18688,3/27/2019,March,Wednesday,7:11,1,2,0,0,Rear-end,V1: Slowing or stopped in traffic / V2: Travelling straight ahead,V1: E  / V2: E,Dry,Daylight,Clear,0,0,43,26,TRUE,41.93391909,-71.32115817
18689,3/27/2019,March,Wednesday,8:10,2,3,0,0,Rear-to-rear,V1: Entering traffic lane / V2: Travelling straight ahead / V3: Travelling straight ahead,V1: N  / V2: N  / V3: N,Dry,Daylight,Clear,0,0,43,26,TRUE,41.90231844,-71.35595143
18690,3/27/2019,March,Wednesday,17:10,1,2,0,0,Rear-end,V1: Slowing or stopped in traffic / V2: Slowing or stopped in traffic,V1: W  / V2: W,Dry,Daylight,Clear,0,0,43,26,TRUE,41.9694434,-71.29290863
18691,3/28/2019,March,Thursday,7:18,2,3,0,0,Rear-end,V1: Travelling straight ahead / V2: Slowing or stopped in traffic / V3: Slowing or stopped in traffic,V1: E  / V2: E  / V3: E,Dry,Daylight,Clear,0,0,44,24,TRUE,41.93398659,-71.31891158
18692,3/28/2019,March,Thursday,14:53,2,2,2,0,Angle,V1: Travelling straight ahead / V2: Entering traffic lane,V1: W  / V2: S,Dry,Daylight,Clear,0,0,44,24,TRUE,41.95190348,-71.27129776
18693,3/28/2019,March,Thursday,15:57,2,2,1,0,Rear-end,V1: Slowing or stopped in traffic / V2: Slowing or stopped in traffic,V1: W  / V2: W,Dry,Daylight,Clear,0,0,44,24,TRUE,41.93150481,-71.33366365
18694,3/29/2019,March,Friday,7:05,1,2,0,0,"Sideswipe, same direction",V1: Changing lanes / V2: Travelling straight ahead,V1: S  / V2: S,Dry,Daylight,Clear,0,0,49,26,TRUE,41.90433577,-71.35012688
18695,3/29/2019,March,Friday,9:54,1,2,0,0,Angle,V1: Overtaking/passing / V2: Parked,V1: E  / V2: E,Dry,Daylight,Cloudy,0,0,49,26,TRUE,41.89957255,-71.3551788
18696,3/29/2019,March,Friday,10:35,2,2,1,0,"Sideswipe, same direction",V1: Making U-turn / V2: Travelling straight ahead,V1: S  / V2: S,Dry,Daylight,Cloudy,0,0,49,26,TRUE,41.90013378,-71.36836554
18697,3/29/2019,March,Friday,10:57,1,2,0,0,Angle,V1: Turning left / V2: Travelling straight ahead,V1: W  / V2: E,Dry,Daylight,Cloudy,0,0,49,26,TRUE,41.9265526,-71.34387014
18698,3/30/2019,March,Saturday,8:26,1,2,0,0,"Sideswipe, same direction",V1: Travelling straight ahead / V2: Parked,V1: E  / V2: E,Dry,Daylight,Clear,0,0,56,39,FALSE,41.94174122,-71.28798423
18699,3/30/2019,March,Saturday,12:29,2,3,2,0,Rear-end,V1: Travelling straight ahead / V2: Slowing or stopped in traffic / V3: Travelling straight ahead,V1: N  / V2: N  / V3: S,Dry,Daylight,Clear,0,0,56,39,FALSE,41.95931508,-71.28774175
18700,3/30/2019,March,Saturday,15:56,1,2,0,0,Head-on,V1: Travelling straight ahead / V2: Travelling straight ahead,V1: S  / V2: N,Dry,Daylight,Clear,0,0,56,39,FALSE,41.93164723,-71.29123431
18701,3/30/2019,March,Saturday,22:10,1,2,0,0,Rear-end,V1: Travelling straight ahead / V2: Slowing or stopped in traffic,V1: S  / V2: S,Dry,Dark - lighted roadway,Clear,0,0,56,39,FALSE,41.90682608,-71.35698151
18702,3/31/2019,March,Sunday,20:18,2,2,1,0,Head-on,V1: Travelling straight ahead / V2: Parked,V1: E  / V2: 0,"Water (standing, moving)",Dark - lighted roadway,Cloudy,0,0,67,43,FALSE,41.93777876,-71.27020411
18703,4/1/2019,April,Monday,7:33,2,2,1,0,Rear-end,V1: Slowing or stopped in traffic / V2: Slowing or stopped in traffic,V1: W  / V2: W,Dry,Daylight,Clear,0.15,0,67,33,FALSE,41.93397921,-71.30659863
18704,4/1/2019,April,Monday,9:47,1,1,0,0,Single vehicle crash,V1: Travelling straight ahead,V1: S,Dry,Daylight,Clear,0.15,0,67,33,FALSE,41.90433577,-71.35012688
18705,4/1/2019,April,Monday,14:54,1,2,0,0,"Sideswipe, same direction",V1: Changing lanes / V2: Travelling straight ahead,V1: W  / V2: W,Dry,Daylight,Clear,0.15,0,67,33,FALSE,41.95130281,-71.27263126
18706,4/1/2019,April,Monday,15:00,1,2,0,0,Angle,V1: Entering traffic lane / V2: Travelling straight ahead,V1: W  / V2: N,Dry,Daylight,Clear,0.15,0,67,33,FALSE,41.91154282,-71.25832045
18707,4/2/2019,April,Tuesday,12:54,1,2,0,0,"Sideswipe, same direction",V1: Changing lanes / V2: Travelling straight ahead,V1: S  / V2: S,Dry,Daylight,Clear,0,0,44,23,TRUE,41.91194789,-71.35877555
18708,4/2/2019,April,Tuesday,13:50,1,1,0,0,Single vehicle crash,V1: Travelling straight ahead,V1: W,Dry,Daylight,Clear,0,0,44,23,TRUE,41.89860465,-71.35501252
18709,4/3/2019,April,Wednesday,9:26,1,2,0,0,Angle,V1: Travelling straight ahead / V2: Backing,V1: E  / V2: W,Dry,Daylight,Clear,0.71,0,50,23,TRUE,41.90078751,-71.36803212
18710,4/3/2019,April,Wednesday,19:02,2,2,1,0,Angle,V1: Turning left / V2: Travelling straight ahead,V1: E  / V2: S,Dry,Daylight,Clear,0.71,0,50,23,TRUE,41.89541252,-71.37076533
18711,4/3/2019,April,Wednesday,21:13,1,1,0,0,Head-on,V1: Travelling straight ahead,V1: W,Dry,Dark - lighted roadway,Clear,0.71,0,50,23,TRUE,41.91729434,-71.36115754
18712,4/4/2019,April,Thursday,13:22,1,1,0,0,Head-on,V1: Making U-turn,V1: S,Dry,Daylight,Clear,0.04,0,63,37,FALSE,41.94090915,-71.24110281
18713,4/4/2019,April,Thursday,22:52,2,2,0,0,Angle,V1: Travelling straight ahead / V2: Travelling straight ahead,V1: N  / V2: N,Dry,Dark - roadway not lighted,Clear,0.04,0,63,37,FALSE,34.24438675,-73.6513909
18714,4/5/2019,April,Friday,10:07,1,2,0,0,Head-on,V1: Entering traffic lane / V2: Entering traffic lane,V1: W  / V2: E,Dry,Daylight,Clear,0,0,52,27,TRUE,41.90964751,-71.36351027
18715,4/5/2019,April,Friday,17:00,1,3,0,0,Rear-end,V1: Slowing or stopped in traffic / V2: Slowing or stopped in traffic / V3: Slowing or stopped in traffic,V1: E  / V2: E  / V3: E,Dry,Daylight,Clear,0,0,52,27,TRUE,41.93269195,-71.32821357
18716,4/6/2019,April,Saturday,1:08,1,1,0,0,Single vehicle crash,V1: Turning right,V1: E,Wet,Dark - lighted roadway,Rain,0.28,0,49,30,TRUE,41.91981411,-71.35860614
18717,4/6/2019,April,Saturday,13:18,2,3,3,0,Rear-end,V1: Travelling straight ahead / V2: Slowing or stopped in traffic / V3: Slowing or stopped in traffic,V1: N  / V2: N  / V3: N,Dry,Daylight,Clear,0.28,0,49,30,TRUE,41.91035947,-71.36314658
18718,4/6/2019,April,Saturday,14:47,1,2,0,0,Angle,V1: Travelling straight ahead / V2: Parked,V1: S  / V2: S,Dry,Daylight,Clear,0.28,0,49,30,TRUE,41.9391846,-71.28177048
18719,4/6/2019,April,Saturday,17:38,2,1,1,0,Single vehicle crash,V1: Backing,V1: N,Dry,Daylight,Clear,0.28,0,49,30,TRUE,41.94969008,-71.28325625
18720,4/7/2019,April,Sunday,17:00,1,2,0,0,"Sideswipe, same direction",V1: Changing lanes / V2: Travelling straight ahead,V1: S  / V2: S,Dry,Daylight,Clear,0,0,65,34,FALSE,41.9197589,-71.35862943
18721,4/7/2019,April,Sunday,20:08,0,2,0,0,"Sideswipe, same direction",V1: Changing lanes / V2: Travelling straight ahead,V1: N  / V2: N,Dry,Dark - roadway not lighted,Clear,0,0,65,34,FALSE,34.24438675,-73.6513909
18722,4/8/2019,April,Monday,14:18,1,2,0,0,"Sideswipe, same direction",V1: Turning left / V2: Travelling straight ahead,V1: N  / V2: S,Dry,Daylight,Clear,0.12,0,64,35,FALSE,41.89618753,-71.37039513
18723,4/8/2019,April,Monday,17:01,1,2,0,0,Rear-end,V1: Entering traffic lane / V2: Entering traffic lane,V1: E  / V2: E,Dry,Daylight,Clear,0.12,0,64,35,FALSE,41.93391909,-71.32115817
18724,4/8/2019,April,Monday,17:49,1,1,0,0,Single vehicle crash,V1: Travelling straight ahead,V1: N,Dry,Daylight,Cloudy,0.12,0,64,35,FALSE,41.91981411,-71.35860614
18725,4/9/2019,April,Tuesday,1:54,2,1,1,0,Single vehicle crash,V1: Travelling straight ahead,V1: W,Dry,Dark - lighted roadway,Clear,0.51,0,48,35,FALSE,41.92626385,-71.34598617
18726,4/9/2019,April,Tuesday,5:31,0,1,0,0,Rear-end,V1: Parked,V1: S,Dry,Dark - lighted roadway,Clear,0.51,0,48,35,FALSE,41.93086252,-71.29688816
18727,4/9/2019,April,Tuesday,6:53,1,2,0,0,Rear-end,V1: Entering traffic lane / V2: Entering traffic lane,V1: S  / V2: S,Dry,Daylight,Cloudy,0.51,0,48,35,FALSE,41.90257933,-71.3560255
18728,4/9/2019,April,Tuesday,7:16,1,1,0,0,Single vehicle crash,V1: Backing,V1: S,Wet,Daylight,Cloudy,0.51,0,48,35,FALSE,41.93288532,-71.28859338
18729,4/10/2019,April,Wednesday,5:49,2,2,1,0,Rear-end,V1: Travelling straight ahead / V2: Slowing or stopped in traffic,V1: S  / V2: S,Dry,Daylight,Clear,0.14,0,47,35,FALSE,41.89828128,-71.36930723
18730,4/10/2019,April,Wednesday,13:35,1,3,0,0,Angle,V1: Travelling straight ahead / V2: Travelling straight ahead / V3: Travelling straight ahead,V1: E  / V2: N  / V3: S,Dry,Daylight,Clear,0.14,0,47,35,FALSE,41.92241545,-71.31336866
18731,4/10/2019,April,Wednesday,17:07,1,2,0,0,Angle,V1: Turning right / V2: Travelling straight ahead,V1: 0 / V2: 0,Dry,Daylight,Clear,0.14,0,47,35,FALSE,41.9348634,-71.29887284
18732,4/10/2019,April,Wednesday,18:23,1,2,0,0,"Sideswipe, same direction",V1: Entering traffic lane / V2: Travelling straight ahead,V1: 0 / V2: 0,Dry,Daylight,Clear,0.14,0,47,35,FALSE,41.93394802,-71.32203417
18733,4/10/2019,April,Wednesday,19:18,1,2,0,0,"Sideswipe, same direction",V1: Travelling straight ahead / V2: Travelling straight ahead,V1: 0 / V2: N,Dry,Daylight,Clear,0.14,0,47,35,FALSE,41.92886018,-71.3230987
18734,4/12/2019,April,Friday,13:29,2,1,0,0,Single vehicle crash,V1: Overtaking/passing,V1: N,Dry,Daylight,Clear,0,0,52,34,FALSE,41.92886018,-71.3230987
18735,4/12/2019,April,Friday,19:00,1,2,0,0,Head-on,V1: Turning left / V2: Travelling straight ahead,V1: N  / V2: S,Dry,Dusk,Clear,0,0,52,34,FALSE,41.93503657,-71.2848971
18736,4/13/2019,April,Saturday,2:22,1,1,0,0,Single vehicle crash,V1: Travelling straight ahead,V1: W,Wet,Dark - lighted roadway,Rain,0.42,0,57,43,FALSE,41.90523831,-71.33581709
18737,4/13/2019,April,Saturday,8:35,2,1,0,0,Single vehicle crash,V1: Travelling straight ahead,V1: S,Wet,Daylight,Rain,0.42,0,57,43,FALSE,41.89414885,-71.37637111
18738,4/13/2019,April,Saturday,9:06,1,2,0,0,Angle,V1: Turning left / V2: Travelling straight ahead,V1: W  / V2: S,Wet,Daylight,Cloudy/Rain,0.42,0,57,43,FALSE,41.90376957,-71.36650837
18739,4/13/2019,April,Saturday,14:36,2,2,1,0,"Sideswipe, same direction",V1: Travelling straight ahead / V2: Turning right,V1: S  / V2: S,Dry,Daylight,Clear,0.42,0,57,43,FALSE,41.92298549,-71.35714757
18740,4/13/2019,April,Saturday,22:35,1,2,0,0,Angle,V1: Turning left / V2: Travelling straight ahead,V1: E  / V2: W,Dry,Dark - lighted roadway,Clear,0.42,0,57,43,FALSE,41.95076301,-71.27397064