ID,DATE,Month,Day of week,Crash Time,Crash Severity,Number of Vehicles,Total Nonfatal Injuries,Total Fatal Injuries,Manner of Collision,Vehicle Action Prior to Crash,Vehicle Travel Directions,Road Surface Condition,Ambient Light,Weather Condition,PRCP,SNOW,TMAX,TMIN,Ice,Longtitute,Latitute
18741,4/14/2019,April,Sunday,6:35,1,2,0,0,"Sideswipe, same direction",V1: Travelling straight ahead / V2: Travelling straight ahead,V1: N  / V2: N,Dry,Daylight,Cloudy,0.3,0,66,51,FALSE,41.92886018,-71.3230987
18742,4/14/2019,April,Sunday,7:30,2,2,0,0,Rear-end,V1: Travelling straight ahead / V2: Travelling straight ahead,V1: S  / V2: S,Dry,Dawn,Clear,0.3,0,66,51,FALSE,41.92927403,-71.32377045
18743,4/14/2019,April,Sunday,10:29,1,2,0,0,Head-on,V1: Turning right / V2: Turning right,V1: N  / V2: W,Dry,Daylight,Cloudy,0.3,0,66,51,FALSE,41.89733197,-71.36979234
18744,4/14/2019,April,Sunday,16:00,2,2,1,0,Angle,V1: Travelling straight ahead / V2: Travelling straight ahead,V1: S  / V2: W,Dry,Daylight,Clear,0.3,0,66,51,FALSE,41.89957255,-71.3551788
18745,4/16/2019,April,Tuesday,10:53,1,2,0,0,Angle,V1: Travelling straight ahead / V2: Entering traffic lane,V1: N  / V2: E,Dry,Daylight,Clear,0.47,0,68,40,FALSE,41.93840858,-71.28352591
18746,4/16/2019,April,Tuesday,13:50,2,2,2,0,Rear-end,V1: Travelling straight ahead / V2: Slowing or stopped in traffic,V1: S  / V2: S,Dry,Daylight,Clear,0.47,0,68,40,FALSE,41.91653724,-71.36001753
18747,4/16/2019,April,Tuesday,17:00,2,2,2,0,Angle,V1: Travelling straight ahead / V2: Travelling straight ahead,V1: E  / V2: S,Dry,Daylight,Clear,0.47,0,68,40,FALSE,41.94121777,-71.2768631
18748,4/17/2019,April,Wednesday,5:43,1,1,0,0,Single vehicle crash,V1: Travelling straight ahead,V1: N,Dry,Dawn,Clear,0,0,58,35,FALSE,41.95568257,-71.28823954
18749,4/17/2019,April,Wednesday,9:05,1,2,0,0,"Sideswipe, same direction",V1: Changing lanes / V2: Travelling straight ahead,V1: S  / V2: S,Dry,Daylight,Clear,0,0,58,35,FALSE,41.90136542,-71.36010843
18750,4/17/2019,April,Wednesday,15:56,1,1,0,0,Head-on,V1: Travelling straight ahead,V1: W,Dry,Daylight,Clear,0,0,58,35,FALSE,41.94387471,-71.27610079
18751,4/17/2019,April,Wednesday,21:07,1,2,0,0,Head-on,V1: Turning left / V2: Travelling straight ahead,V1: W  / V2: E,Dry,Dark - lighted roadway,Clear,0,0,58,35,FALSE,41.95180679,-71.2898592
18752,4/18/2019,April,Thursday,8:01,1,1,0,0,Single vehicle crash,V1: Other,V1: N,Wet,Daylight,Cloudy,0,0,61,39,FALSE,41.92312498,-71.29152122
18753,4/18/2019,April,Thursday,12:18,2,3,2,0,Angle,V1: Travelling straight ahead / V2: Travelling straight ahead / V3: Parked,V1: S  / V2: W  / V3: 0,Wet,Daylight,Cloudy,0,0,61,39,FALSE,41.9370756,-71.28238678
18754,4/18/2019,April,Thursday,15:20,1,2,0,0,Rear-end,V1: Travelling straight ahead / V2: Slowing or stopped in traffic,V1: W  / V2: W,Dry,Daylight,Cloudy,0,0,61,39,FALSE,41.92014284,-71.35719783
18755,4/18/2019,April,Thursday,18:26,1,2,0,0,Rear-end,V1: Travelling straight ahead / V2: Slowing or stopped in traffic,V1: S  / V2: S,Wet,Daylight,Cloudy,0,0,61,39,FALSE,41.95437986,-71.25499915
18756,4/19/2019,April,Friday,21:53,1,2,0,0,Angle,V1: Entering traffic lane / V2: Travelling straight ahead,V1: S  / V2: S,Wet,Dark - lighted roadway,Cloudy,0,0,60,42,FALSE,41.91080764,-71.3629186
18757,4/20/2019,April,Saturday,4:00,1,1,0,0,Rear-end,V1: Backing,V1: E,Wet,Dark - lighted roadway,Rain,0.13,0,71,60,FALSE,41.94962017,-71.27627019
18758,4/20/2019,April,Saturday,12:39,1,3,0,0,Angle,V1: Entering traffic lane / V2: Travelling straight ahead / V3: Travelling straight ahead,V1: N  / V2: W  / V3: E,Wet,Daylight,Cloudy,0.13,0,71,60,FALSE,41.93210294,-71.29287872
18759,4/20/2019,April,Saturday,12:50,1,2,0,0,Angle,V1: Turning left / V2: Travelling straight ahead,V1: W  / V2: N,Wet,Daylight,Cloudy/Rain,0.13,0,71,60,FALSE,41.91902322,-71.35778764
18760,4/20/2019,April,Saturday,19:22,1,2,0,0,Rear-end,V1: Travelling straight ahead / V2: Slowing or stopped in traffic,V1: S  / V2: S,Wet,Dusk,Rain,0.13,0,71,60,FALSE,41.92644259,-71.35554103
18761,4/21/2019,April,Sunday,16:39,1,3,0,0,Rear-end,V1: Travelling straight ahead / V2: Slowing or stopped in traffic / V3: Slowing or stopped in traffic,V1: N  / V2: N  / V3: N,Dry,Daylight,Clear,0.32,0,71,56,FALSE,41.92511357,-71.35637556
18762,4/22/2019,April,Monday,13:13,1,2,0,0,Angle,V1: Slowing or stopped in traffic / V2: Travelling straight ahead,V1: 0 / V2: 0,Wet,Daylight,Rain,0.04,0,67,48,FALSE,41.94292045,-71.27681606
18763,4/22/2019,April,Monday,13:54,2,2,1,0,Angle,V1: Travelling straight ahead / V2: Travelling straight ahead,V1: E  / V2: N,Wet,Daylight,Rain,0.04,0,67,48,FALSE,41.92164368,-71.35781569
18764,4/22/2019,April,Monday,16:12,1,2,0,0,Angle,V1: Travelling straight ahead / V2: Turning left,V1: W  / V2: 0,Wet,Daylight,Rain,0.04,0,67,48,FALSE,41.94757814,-71.27890389
18765,4/22/2019,April,Monday,17:05,1,4,0,0,Rear-end,V1: Travelling straight ahead / V2: Slowing or stopped in traffic / V3: Travelling straight ahead / V4: Slowing or stopped in traffic,V1: S  / V2: S  / V3: S  / V4: S,Dry,Daylight,Clear,0.04,0,67,48,FALSE,41.96019116,-71.30118086
18766,4/22/2019,April,Monday,18:20,1,2,0,0,Angle,V1: Entering traffic lane / V2: Travelling straight ahead,V1: S  / V2: E,Wet,Daylight,Rain,0.04,0,67,48,FALSE,41.91981411,-71.35860614
18767,4/23/2019,April,Tuesday,8:19,1,1,0,0,Single vehicle crash,V1: Travelling straight ahead,V1: N,Wet,Dawn,Cloudy,1.8,0,60,45,FALSE,41.90973475,-71.31548235
18768,4/24/2019,April,Wednesday,7:35,2,2,0,0,Rear-end,V1: Slowing or stopped in traffic / V2: Travelling straight ahead,V1: N  / V2: N,Dry,Daylight,Cloudy,0.14,0,55,48,FALSE,41.92886018,-71.3230987
18769,4/24/2019,April,Wednesday,7:55,1,2,0,0,Rear-end,V1: Travelling straight ahead / V2: Travelling straight ahead,V1: N  / V2: N,Dry,Daylight,Cloudy,0.14,0,55,48,FALSE,41.91309744,-71.33566228
18770,4/24/2019,April,Wednesday,7:55,1,2,0,0,Rear-end,V1: Travelling straight ahead / V2: Travelling straight ahead,V1: N  / V2: N,Dry,Daylight,Cloudy,0.14,0,55,48,FALSE,34.24438675,-73.6513909
18771,4/24/2019,April,Wednesday,11:50,1,2,0,0,Rear-end,V1: Travelling straight ahead / V2: Slowing or stopped in traffic,V1: N  / V2: N,Dry,Daylight,Clear,0.14,0,55,48,FALSE,41.91619723,-71.35885587
18772,4/24/2019,April,Wednesday,13:23,1,1,0,0,Single vehicle crash,V1: Travelling straight ahead,V1: S,Dry,Daylight,Clear,0.14,0,55,48,FALSE,41.94140605,-71.28436439
18773,4/24/2019,April,Wednesday,13:54,1,2,0,0,Angle,V1: Turning left / V2: Travelling straight ahead,V1: 0 / V2: 0,Dry,Daylight,Clear,0.14,0,55,48,FALSE,41.91231798,-71.37248365
18774,4/24/2019,April,Wednesday,17:11,1,2,0,0,Rear-end,V1: Travelling straight ahead / V2: Slowing or stopped in traffic,V1: E  / V2: E,Dry,Daylight,Clear,0.14,0,55,48,FALSE,41.93398011,-71.31150783
18775,4/25/2019,April,Thursday,9:14,1,2,0,0,Angle,V1: Turning left / V2: Travelling straight ahead,V1: 0 / V2: E,Dry,Daylight,Clear,0,0,67,40,FALSE,41.91981411,-71.35860614
18776,4/25/2019,April,Thursday,12:00,1,2,0,0,Rear-end,V1: Travelling straight ahead / V2: Slowing or stopped in traffic,V1: 0 / V2: 0,Dry,Daylight,Clear,0,0,67,40,FALSE,41.91191503,-71.36497023
18777,4/25/2019,April,Thursday,15:00,1,1,0,0,Single vehicle crash,V1: Travelling straight ahead,V1: E,Dry,Daylight,Clear,0,0,67,40,FALSE,41.95234013,-71.29601132
18778,4/25/2019,April,Thursday,16:42,1,2,0,0,Angle,V1: Travelling straight ahead / V2: Travelling straight ahead,V1: S  / V2: N,Dry,Daylight,Clear,0,0,67,40,FALSE,41.92106953,-71.35806074
18779,4/26/2019,April,Friday,6:08,1,2,0,0,0,V2: Travelling straight ahead / V1: Changing lanes,V2: N  / V1: N,Wet,Dawn,Cloudy/Rain,0,0,65,44,FALSE,34.24438675,-73.6513909
18780,4/26/2019,April,Friday,7:37,1,1,0,0,Single vehicle crash,V1: Travelling straight ahead,V1: N,Wet,Daylight,Rain,0,0,65,44,FALSE,41.92886018,-71.3230987
18781,4/26/2019,April,Friday,12:16,1,2,0,0,"Sideswipe, same direction",V1: Travelling straight ahead / V2: Turning right,V1: S  / V2: S,Dry,Daylight,Cloudy,0,0,65,44,FALSE,41.89618753,-71.37039513
18782,4/26/2019,April,Friday,18:31,1,2,0,0,"Sideswipe, same direction",V1: Parked / V2: Turning right,V1: U  / V2: W,Wet,Dusk,Rain,0,0,65,44,FALSE,41.89957255,-71.3551788
18783,4/26/2019,April,Friday,23:11,2,1,1,0,Single vehicle crash,V1: Leaving traffic lane,V1: N,Wet,Dark - lighted roadway,Rain,0,0,65,44,FALSE,41.94311575,-71.27142346
18784,4/28/2019,April,Sunday,15:42,1,2,0,0,Rear-end,V1: Backing / V2: Travelling straight ahead,V1: W  / V2: E,Dry,Daylight,Clear,0.01,0,55,40,FALSE,41.92368788,-71.35699215
18785,4/29/2019,April,Monday,7:39,1,2,0,0,Angle,V1: Travelling straight ahead / V2: Entering traffic lane,V1: N  / V2: N,Dry,Daylight,Clear,0.09,0,53,34,FALSE,41.95566822,-71.30364303
18786,4/29/2019,April,Monday,8:03,1,2,0,0,Rear-end,V1: Travelling straight ahead / V2: Slowing or stopped in traffic,V1: W  / V2: W,Dry,Daylight,Clear,0.09,0,53,34,FALSE,41.93585833,-71.27194106
18787,4/29/2019,April,Monday,11:19,2,1,1,0,Single vehicle crash,V1: Slowing or stopped in traffic,V1: W,Dry,Daylight,Clear,0.09,0,53,34,FALSE,41.95087732,-71.27368942
18788,4/30/2019,April,Tuesday,0:12,2,1,0,0,Single vehicle crash,V1: Travelling straight ahead,V1: N,Dry,Dark - roadway not lighted,Clear,0.16,0,61,37,FALSE,41.95593405,-71.30346756
18789,5/1/2019,May,Wednesday,7:32,1,2,0,0,Rear-end,V1: Backing / V2: Parked,V1: N  / V2: N,Dry,Daylight,Clear,0.02,0,51,37,FALSE,41.94300791,-71.29073657
18790,5/1/2019,May,Wednesday,15:19,1,1,0,0,Single vehicle crash,V1: Travelling straight ahead,V1: E,Dry,Daylight,Clear,0.02,0,51,37,FALSE,41.91173463,-71.26184134
18791,5/1/2019,May,Wednesday,18:47,1,2,0,0,"Sideswipe, same direction",V1: Changing lanes / V2: Travelling straight ahead,V1: W  / V2: W,Dry,Daylight,Clear,0.02,0,51,37,FALSE,41.93457798,-71.29922805
18792,5/1/2019,May,Wednesday,19:03,1,2,0,0,Angle,V1: Turning left / V2: Travelling straight ahead,V1: E  / V2: N,Dry,Daylight,Clear,0.02,0,51,37,FALSE,41.93846875,-71.28469502
18793,5/2/2019,May,Thursday,0:43,1,2,0,0,Angle,V1: Slowing or stopped in traffic / V2: Travelling straight ahead,V1: E  / V2: S,Wet,Dark - lighted roadway,Rain,0.02,0,59,42,FALSE,41.94845803,-71.30212015
18794,5/2/2019,May,Thursday,13:02,2,2,1,0,Angle,V1: Backing / V2: Travelling straight ahead,V1: N  / V2: S,Dry,Daylight,Cloudy,0.02,0,59,42,FALSE,41.92368788,-71.35699215
18795,5/3/2019,May,Friday,6:15,1,2,0,0,Rear-end,V1: Travelling straight ahead / V2: Slowing or stopped in traffic,V1: N  / V2: N,Dry,Daylight,Cloudy,0,0,53,44,FALSE,34.24438675,-73.6513909
18796,5/3/2019,May,Friday,6:15,1,2,0,0,Rear-end,V1: Travelling straight ahead / V2: Slowing or stopped in traffic,V1: N  / V2: N,Dry,Dawn,Clear,0,0,53,44,FALSE,41.94158882,-71.31312528
18797,5/3/2019,May,Friday,15:39,2,2,0,0,Angle,V1: Entering traffic lane / V2: Travelling straight ahead,V1: W  / V2: N,Wet,Daylight,Rain,0,0,53,44,FALSE,41.94361429,-71.27453022
18798,5/3/2019,May,Friday,20:20,2,2,1,0,"Sideswipe, same direction",V1: Travelling straight ahead / V2: Parked,V1: E  / V2: E,Dry,Dark - lighted roadway,Clear,0,0,53,44,FALSE,41.94676705,-71.28453095
18799,5/4/2019,May,Saturday,7:29,2,1,1,0,"Sideswipe, same direction",V1: Travelling straight ahead,V1: S,Wet,Daylight,Cloudy,0.15,0,63,46,FALSE,41.92515819,-71.24138693
18800,5/4/2019,May,Saturday,11:45,1,2,0,0,"Sideswipe, same direction",V1: Travelling straight ahead / V2: Parked,V1: U  / V2: U,Dry,Daylight,Cloudy,0.15,0,63,46,FALSE,41.89957255,-71.3551788
18801,5/4/2019,May,Saturday,12:22,1,2,0,0,Rear-end,V1: Travelling straight ahead / V2: Slowing or stopped in traffic,V1: E  / V2: E,Dry,Daylight,Cloudy,0.15,0,63,46,FALSE,41.93269195,-71.32821357
18802,5/4/2019,May,Saturday,16:20,1,2,0,0,Rear-end,V1: Travelling straight ahead / V2: Slowing or stopped in traffic,V1: N  / V2: N,Dry,Daylight,Clear,0.15,0,63,46,FALSE,41.91482581,-71.36088324
18803,5/4/2019,May,Saturday,20:54,1,2,0,0,Head-on,V1: Turning left / V2: Travelling straight ahead,V1: N  / V2: W,Dry,Dark - lighted roadway,Clear,0.15,0,63,46,FALSE,41.93623387,-71.28481203
18804,5/4/2019,May,Saturday,23:35,1,2,0,0,"Sideswipe, same direction",V1: Travelling straight ahead / V2: Travelling straight ahead,V1: S  / V2: S,Dry,Dark - roadway not lighted,Clear,0.15,0,63,46,FALSE,41.96019116,-71.30118086
18805,5/5/2019,May,Sunday,3:15,1,1,0,0,Single vehicle crash,V1: Travelling straight ahead,V1: S,Dry,Dark - lighted roadway,Clear,0.01,0,62,48,FALSE,41.91982269,-71.35860681
18806,5/5/2019,May,Sunday,10:03,1,1,0,0,Single vehicle crash,V1: Changing lanes,V1: S,Wet,Daylight,Cloudy/Rain,0.01,0,62,48,FALSE,41.92458223,-71.32770731
18807,5/5/2019,May,Sunday,11:36,2,1,0,0,Single vehicle crash,V1: Travelling straight ahead,V1: N,Wet,Daylight,Cloudy/Rain,0.01,0,62,48,FALSE,41.92410275,-71.32689152
18808,5/5/2019,May,Sunday,14:58,1,2,0,0,Angle,V1: Slowing or stopped in traffic / V2: Travelling straight ahead,V1: N  / V2: W,Wet,Daylight,Cloudy/Rain,0.01,0,62,48,FALSE,41.92270291,-71.35736851
18809,5/5/2019,May,Sunday,21:43,1,4,0,0,Angle,V1: Entering traffic lane / V2: Travelling straight ahead / V3: Parked / V4: Parked,V1: W  / V2: N  / V3: 0 / V4: 0,Wet,Dark - lighted roadway,Rain,0.01,0,62,48,FALSE,41.92890675,-71.35392632
18810,5/6/2019,May,Monday,5:10,1,2,0,0,"Sideswipe, same direction",V1: Leaving traffic lane / V2: Parked,V1: E  / V2: 0,Wet,Dawn,Rain,0.29,0,53,46,FALSE,41.94235948,-71.27300478
18811,5/6/2019,May,Monday,10:00,2,1,0,0,Single vehicle crash,V1: Travelling straight ahead,V1: S,Dry,Daylight,Clear,0.29,0,53,46,FALSE,41.90433577,-71.35012688
18812,5/6/2019,May,Monday,13:25,2,3,0,0,Rear-end,V1: Slowing or stopped in traffic / V2: Travelling straight ahead / V3: Slowing or stopped in traffic,V1: N  / V2: N  / V3: N,Dry,Daylight,Clear,0.29,0,53,46,FALSE,41.9024767,-71.35600008
18813,5/6/2019,May,Monday,16:58,1,2,0,0,Rear-end,V1: Slowing or stopped in traffic / V2: Travelling straight ahead,V1: S  / V2: S,Dry,Daylight,Clear,0.29,0,53,46,FALSE,41.94780891,-71.27862497
18814,5/6/2019,May,Monday,17:09,2,2,1,0,Angle,V1: Turning left / V2: Travelling straight ahead,V1: N  / V2: W,Dry,Daylight,Clear,0.29,0,53,46,FALSE,41.95437986,-71.25499915
18815,5/6/2019,May,Monday,18:15,1,1,0,0,Single vehicle crash,V1: Travelling straight ahead,V1: S,Dry,Daylight,Clear,0.29,0,53,46,FALSE,34.24438675,-73.6513909
18816,5/6/2019,May,Monday,20:54,2,1,1,0,Single vehicle crash,V1: Travelling straight ahead,V1: W,Dry,Dark - lighted roadway,Clear,0.29,0,53,46,FALSE,41.91844877,-71.25574159
18817,5/7/2019,May,Tuesday,8:41,1,2,0,0,Rear-end,V1: Travelling straight ahead / V2: Slowing or stopped in traffic,V1: N  / V2: N,Dry,Daylight,Clear,0,0,61,37,FALSE,41.93503657,-71.2848971
18818,5/7/2019,May,Tuesday,12:25,1,2,0,0,Angle,V1: Turning left / V2: Travelling straight ahead,V1: N  / V2: E,Dry,Daylight,Clear,0,0,61,37,FALSE,41.92582442,-71.34707855
18819,5/7/2019,May,Tuesday,15:45,1,2,0,0,Head-on,V1: Turning left / V2: Travelling straight ahead,V1: N  / V2: N,Dry,Daylight,Clear,0,0,61,37,FALSE,41.92626189,-71.32177515
18820,5/7/2019,May,Tuesday,21:26,1,1,0,0,Single vehicle crash,V1: Travelling straight ahead,V1: N,Wet,Dark - roadway not lighted,Rain,0,0,61,37,FALSE,41.92886018,-71.3230987
18821,5/8/2019,May,Wednesday,23:35,1,1,0,0,Head-on,V1: Leaving traffic lane,V1: S,Dry,Dark - lighted roadway,Clear,0.07,0,69,44,FALSE,41.9446632,-71.28341486
18822,5/9/2019,May,Thursday,8:10,1,2,0,0,Angle,V1: Turning left / V2: Travelling straight ahead,V1: S  / V2: W,Dry,Daylight,Clear,0,0,69,39,FALSE,41.93406554,-71.30574057
18823,5/9/2019,May,Thursday,11:56,2,2,0,0,"Sideswipe, same direction",V1: Changing lanes / V2: Travelling straight ahead,V1: S  / V2: S,Dry,Daylight,Clear,0,0,69,39,FALSE,41.89903243,-71.355186
18824,5/9/2019,May,Thursday,13:23,1,2,0,0,Angle,V1: Entering traffic lane / V2: Travelling straight ahead,V1: W  / V2: N,Dry,Daylight,Clear,0,0,69,39,FALSE,41.9110765,-71.36278231
18825,5/9/2019,May,Thursday,21:19,2,2,0,0,Single vehicle crash,V1: Slowing or stopped in traffic / V2: Other,V1: S  / V2: E,Dry,Dark - lighted roadway,Clear,0,0,69,39,FALSE,41.93937532,-71.28465002
18826,5/10/2019,May,Friday,9:34,1,1,0,0,Rear-end,V1: Backing,V1: N,Dry,Daylight,Clear,0,0,64,48,FALSE,41.90913945,-71.36377379
18827,5/10/2019,May,Friday,14:41,1,2,0,0,Angle,V1: Turning left / V2: Travelling straight ahead,V1: S  / V2: W,Dry,Daylight,Clear,0,0,64,48,FALSE,41.92387717,-71.35158914
18828,5/11/2019,May,Saturday,9:02,2,2,1,0,Angle,V1: Turning left / V2: Travelling straight ahead,V1: 0 / V2: 0,Dry,Daylight,Clear,0.03,0,61,49,FALSE,41.95646737,-71.30939221
18829,5/11/2019,May,Saturday,15:42,1,2,0,0,Rear-end,V1: Travelling straight ahead / V2: Slowing or stopped in traffic,V1: E  / V2: E,Dry,Daylight,Clear,0.03,0,61,49,FALSE,41.93239993,-71.29481178
18830,5/11/2019,May,Saturday,16:28,1,2,0,0,Rear-end,V1: Slowing or stopped in traffic / V2: Travelling straight ahead,V1: N  / V2: N,Dry,Daylight,Clear,0.03,0,61,49,FALSE,41.90053869,-71.36201959
18831,5/13/2019,May,Monday,0:19,1,1,0,0,Angle,V1: Turning left,V1: E,Wet,Dark - lighted roadway,Cloudy,0.73,0,46,40,FALSE,41.90156182,-71.36972569
18832,5/13/2019,May,Monday,14:05,2,2,0,0,Rear-end,V1: Travelling straight ahead / V2: Slowing or stopped in traffic,V1: E  / V2: E,Dry,Daylight,Cloudy,0.73,0,46,40,FALSE,41.93393836,-71.3077318
18833,5/13/2019,May,Monday,14:54,2,2,1,0,Angle,V1: Entering traffic lane / V2: Travelling straight ahead,V1: W  / V2: S,Dry,Daylight,Cloudy,0.73,0,46,40,FALSE,41.93806227,-71.29125944
18834,5/13/2019,May,Monday,16:22,1,2,0,0,"Sideswipe, opposite direction",V1: Slowing or stopped in traffic / V2: Turning left,V1: S  / V2: W,Wet,Daylight,Cloudy,0.73,0,46,40,FALSE,41.92387717,-71.35158914
18835,5/13/2019,May,Monday,17:29,1,2,0,0,Angle,V1: Turning left / V2: Travelling straight ahead,V1: E  / V2: W,Wet,Daylight,Rain,0.73,0,46,40,FALSE,41.9483337,-71.27794679
18836,5/14/2019,May,Tuesday,16:17,1,2,0,0,Angle,V1: Entering traffic lane / V2: Travelling straight ahead,V1: S  / V2: W,Dry,Daylight,Cloudy,0.49,0,55,41,FALSE,41.95437986,-71.25499915
18837,5/15/2019,May,Wednesday,17:30,1,2,0,0,Rear-end,V1: Travelling straight ahead / V2: Slowing or stopped in traffic,V1: N  / V2: N,Dry,Daylight,Clear,0.06,0,47,41,FALSE,41.95428778,-71.31194921
18838,5/16/2019,May,Thursday,6:25,2,2,0,0,Rear-end,V1: Travelling straight ahead / V2: Slowing or stopped in traffic,V1: N  / V2: N,Dry,Daylight,Clear,0,0,59,43,FALSE,41.90241817,-71.35561188
18839,5/16/2019,May,Thursday,7:13,1,2,0,0,Rear-end,V1: Slowing or stopped in traffic / V2: Travelling straight ahead,V1: N  / V2: N,Dry,Daylight,Clear,0,0,59,43,FALSE,41.92886018,-71.3230987
18840,5/16/2019,May,Thursday,7:27,2,2,0,0,Angle,V1: Entering traffic lane / V2: Travelling straight ahead,V1: W  / V2: N,Dry,Daylight,Clear,0,0,59,43,FALSE,41.92900797,-71.28446457
18841,5/16/2019,May,Thursday,7:37,2,2,1,0,Angle,V1: Turning left / V2: Travelling straight ahead,V1: W  / V2: N,Dry,Daylight,Clear,0,0,59,43,FALSE,41.95484304,-71.28856385
18842,5/16/2019,May,Thursday,15:31,1,1,0,0,Head-on,V1: Leaving traffic lane,V1: W,Dry,Daylight,Clear,0,0,59,43,FALSE,41.93732949,-71.29415609
18843,5/16/2019,May,Thursday,21:48,1,2,0,0,Head-on,V1: Travelling straight ahead / V2: Slowing or stopped in traffic,V1: S  / V2: S,Dry,Dark - lighted roadway,Clear,0,0,59,43,FALSE,41.91707062,-71.3597656
18844,5/17/2019,May,Friday,13:56,1,2,0,0,Angle,V1: Travelling straight ahead / V2: Turning left,V1: N  / V2: E,Dry,Daylight,Cloudy/Rain,0,0,69,43,FALSE,41.92298549,-71.35714757
18845,5/17/2019,May,Friday,23:21,1,2,0,0,"Sideswipe, same direction",V1: Entering traffic lane / V2: Travelling straight ahead,V1: E  / V2: E,Dry,Dark - lighted roadway,Clear,0,0,69,43,FALSE,41.93401235,-71.31615937
18846,5/18/2019,May,Saturday,2:08,0,2,0,0,"Sideswipe, same direction",V1: Turning left / V2: Turning left,V1: E  / V2: E,Dry,Dark - lighted roadway,Clear,0.01,0,69,49,FALSE,41.96899106,-71.2914896
18847,5/18/2019,May,Saturday,14:00,1,2,0,0,Rear-end,V1: Slowing or stopped in traffic / V2: Slowing or stopped in traffic,V1: N  / V2: N,Dry,Daylight,Clear,0.01,0,69,49,FALSE,41.90218333,-71.35579839
18848,5/18/2019,May,Saturday,18:56,2,2,0,0,Rear-end,V1: Travelling straight ahead / V2: Slowing or stopped in traffic,V1: S  / V2: S,Dry,Daylight,Clear,0.01,0,69,49,FALSE,41.91035947,-71.36314658
18849,5/18/2019,May,Saturday,21:45,2,1,0,0,Single vehicle crash,V1: Travelling straight ahead,V1: N,Dry,Dark - roadway not lighted,Clear,0.01,0,69,49,FALSE,41.90433577,-71.35012688
18850,5/19/2019,May,Sunday,14:32,1,2,0,0,Rear-end,V1: Travelling straight ahead / V2: Slowing or stopped in traffic,V1: N  / V2: N,Dry,Daylight,Clear,0,0,73,49,FALSE,41.92298549,-71.35714757
18851,5/19/2019,May,Sunday,16:32,1,2,0,0,"Sideswipe, same direction",V1: Travelling straight ahead / V2: Slowing or stopped in traffic,V1: E  / V2: E,Dry,Daylight,Cloudy,0,0,73,49,FALSE,41.9271444,-71.34253795
18852,5/20/2019,May,Monday,18:58,1,2,0,0,Angle,V1: Travelling straight ahead / V2: Parked,V1: W  / V2: U,Wet,Daylight,Cloudy/Rain,0.02,0,68,55,FALSE,41.93407114,-71.31626473
18853,5/21/2019,May,Tuesday,13:54,1,2,0,0,Angle,V1: Entering traffic lane / V2: Travelling straight ahead,V1: W  / V2: N,Dry,Daylight,Clear,0.51,0,85,54,FALSE,41.89957255,-71.3551788
18854,5/21/2019,May,Tuesday,22:30,1,2,0,0,Angle,V1: Changing lanes / V2: Travelling straight ahead,V1: S  / V2: S,Dry,Dark - lighted roadway,Clear,0.51,0,85,54,FALSE,41.93804592,-71.31642932
18855,5/22/2019,May,Wednesday,7:05,1,2,0,0,Rear-end,V1: Travelling straight ahead / V2: Travelling straight ahead,V1: N  / V2: N,Dry,Daylight,Clear,0,0,68,47,FALSE,41.92886018,-71.3230987
18856,5/22/2019,May,Wednesday,16:11,1,2,0,0,Angle,V1: Entering traffic lane / V2: Travelling straight ahead,V1: N  / V2: E,Dry,Daylight,Clear,0,0,68,47,FALSE,41.95305339,-71.27718856
18857,5/22/2019,May,Wednesday,17:33,2,2,1,0,Angle,V1: Turning left / V2: Travelling straight ahead,V1: 0 / V2: W,Dry,Daylight,Clear,0,0,68,47,FALSE,41.94757814,-71.27890389
18858,5/23/2019,May,Thursday,8:12,1,2,0,0,Rear-end,V2: Slowing or stopped in traffic / V1: Backing,V2: W  / V1: W,Dry,Daylight,Cloudy,0,0,70,46,FALSE,41.94683059,-71.28375977
18859,5/23/2019,May,Thursday,15:10,1,2,0,0,"Sideswipe, same direction",V1: Turning left / V2: Travelling straight ahead,V1: N  / V2: N,Dry,Daylight,Cloudy,0,0,70,46,FALSE,41.95428778,-71.3119492
18860,5/23/2019,May,Thursday,15:13,2,2,1,0,Head-on,V1: Travelling straight ahead / V2: Slowing or stopped in traffic,V1: S  / V2: S,Dry,Daylight,Clear,0,0,70,46,FALSE,41.93409418,-71.29982985
18861,5/23/2019,May,Thursday,18:48,2,1,1,0,Single vehicle crash,V1: Leaving traffic lane,V1: W,Wet,Dusk,Cloudy,0,0,70,46,FALSE,41.92474743,-71.34966832
18862,5/24/2019,May,Friday,1:55,1,2,0,0,Head-on,V1: Turning right / V2: Parked,V1: N  / V2: S,Wet,Dark - lighted roadway,Rain,0.29,0,64,54,FALSE,41.95178948,-71.26106146
18863,5/24/2019,May,Friday,12:47,1,2,0,0,Rear-end,V1: Entering traffic lane / V2: Entering traffic lane,V1: S  / V2: S,Dry,Daylight,Clear,0.29,0,64,54,FALSE,41.90257933,-71.3560255
18864,5/24/2019,May,Friday,12:55,1,2,0,0,Angle,V2: Parked / V1: Backing,V2: N  / V1: S,Dry,Daylight,Clear,0.29,0,64,54,FALSE,41.90728211,-71.36236225
18865,5/24/2019,May,Friday,15:48,1,2,0,0,Angle,V1: Entering traffic lane / V2: Travelling straight ahead,V1: W  / V2: N,Dry,Daylight,Cloudy,0.29,0,64,54,FALSE,41.89867838,-71.34654981
18866,5/25/2019,May,Saturday,1:34,1,2,0,0,Rear-end,V1: Slowing or stopped in traffic / V2: Travelling straight ahead,V1: 0 / V2: 0,Dry,Dark - roadway not lighted,Clear,0,0,71,44,FALSE,41.95514928,-71.30432065
18867,5/25/2019,May,Saturday,12:08,1,2,0,0,Angle,V1: Entering traffic lane / V2: Travelling straight ahead,V1: S  / V2: S,Dry,Daylight,Clear,0,0,71,44,FALSE,41.89733197,-71.36979234