ID,DATE,Month,Day of week,Crash Time,Crash Severity,Number of Vehicles,Total Nonfatal Injuries,Total Fatal Injuries,Manner of Collision,Vehicle Action Prior to Crash,Vehicle Travel Directions,Road Surface Condition,Ambient Light,Weather Condition,PRCP,SNOW,TMAX,TMIN,Ice,Longtitute,Latitute
18868,5/27/2019,May,Monday,0:46,1,1,0,0,Single vehicle crash,V1: Travelling straight ahead,V1: E,Dry,Dark - lighted roadway,Clear,0,0,86,58,FALSE,41.92880052,-71.2816512
18869,5/27/2019,May,Monday,11:57,2,2,0,0,Angle,V1: Turning left / V2: Travelling straight ahead,V1: W  / V2: S,Dry,Daylight,Clear,0,0,86,58,FALSE,41.89618753,-71.37039513
18870,5/27/2019,May,Monday,12:09,1,2,0,0,Rear-end,V1: Backing / V2: Backing,V1: W  / V2: W,Dry,Daylight,Clear,0,0,86,58,FALSE,41.93407114,-71.31626473
18871,5/27/2019,May,Monday,13:13,1,2,0,0,Rear-end,V1: Travelling straight ahead / V2: Slowing or stopped in traffic,V1: N  / V2: N,Dry,Daylight,Clear,0,0,86,58,FALSE,41.91325585,-71.3590575
18872,5/27/2019,May,Monday,17:15,1,1,0,0,Single vehicle crash,V1: Travelling straight ahead,V1: N,Dry,Daylight,Clear,0,0,86,58,FALSE,41.92886018,-71.3230987
18873,5/27/2019,May,Monday,23:09,1,1,0,0,Single vehicle crash,V1: Slowing or stopped in traffic,V1: E,Dry,Dark - lighted roadway,Clear,0,0,86,58,FALSE,41.92779521,-71.35458133
18874,5/28/2019,May,Tuesday,13:41,1,1,0,0,Single vehicle crash,V1: Turning right,V1: E,Dry,Daylight,Clear,0,0,76,58,FALSE,41.93946861,-71.28168616
18875,5/28/2019,May,Tuesday,15:39,1,2,0,0,Angle,V1: Backing / V2: Travelling straight ahead,V1: N  / V2: E,Wet,Daylight,Rain,0,0,76,58,FALSE,41.92224046,-71.25963711
18876,5/28/2019,May,Tuesday,17:26,1,2,0,0,Rear-end,V1: Travelling straight ahead / V2: Parked,V1: E  / V2: E,Dry,Daylight,Clear,0,0,76,58,FALSE,41.9542511,-71.25571382
18877,5/28/2019,May,Tuesday,17:55,1,2,0,0,Angle,V1: Slowing or stopped in traffic / V2: Changing lanes,V1: S  / V2: S,Wet,Daylight,Rain,0,0,76,58,FALSE,41.96790334,-71.29651161
18878,5/30/2019,May,Thursday,15:34,1,2,0,0,Rear-end,V1: Travelling straight ahead / V2: Slowing or stopped in traffic,V1: S  / V2: S,Dry,Daylight,Cloudy,0.22,0,54,48,FALSE,41.91653724,-71.36001753
18879,5/30/2019,May,Thursday,17:51,1,2,0,0,Head-on,V1: Turning left / V2: Travelling straight ahead,V1: W  / V2: N,Dry,Daylight,Clear,0.22,0,54,48,FALSE,41.94149581,-71.28293571
18880,5/31/2019,May,Friday,10:50,1,2,0,0,Rear-end,V1: Travelling straight ahead / V2: Travelling straight ahead,V1: N  / V2: N,Dry,Daylight,Cloudy,0.18,0,62,50,FALSE,41.92908297,-71.32292227
18881,5/31/2019,May,Friday,13:24,1,2,0,0,Rear-end,V1: Travelling straight ahead / V2: Travelling straight ahead,V1: E  / V2: E,Dry,Daylight,Clear,0.18,0,62,50,FALSE,41.91981411,-71.35860614
18882,6/1/2019,June,Saturday,13:06,1,2,0,0,Angle,V1: Turning left / V2: Travelling straight ahead,V1: W  / V2: S,Dry,Daylight,Clear,0,0,75,57,FALSE,41.90168645,-71.34227839
18883,6/1/2019,June,Saturday,14:46,1,2,0,0,Angle,V1: Entering traffic lane / V2: Travelling straight ahead,V1: S  / V2: E,Dry,Daylight,Clear,0,0,75,57,FALSE,41.91981411,-71.35860614
18884,6/1/2019,June,Saturday,15:45,2,1,0,0,Single vehicle crash,V1: Travelling straight ahead,V1: N,Dry,Daylight,Clear,0,0,75,57,FALSE,41.92886018,-71.3230987
18885,6/1/2019,June,Saturday,18:30,1,2,0,0,Rear-end,V1: Slowing or stopped in traffic / V2: Slowing or stopped in traffic,V1: S  / V2: S,Dry,Daylight,Clear,0,0,75,57,FALSE,41.89938931,-71.35524914
18886,6/1/2019,June,Saturday,19:47,2,1,0,0,Single vehicle crash,V1: Travelling straight ahead,V1: N,Dry,Daylight,Clear,0,0,75,57,FALSE,41.96864761,-71.29572136
18887,6/1/2019,June,Saturday,23:55,0,1,0,0,Single vehicle crash,V1: Travelling straight ahead,V1: E,Dry,Dark - lighted roadway,Clear,0,0,75,57,FALSE,41.91235284,-71.26801245
18888,6/2/2019,June,Sunday,9:03,1,2,0,0,"Sideswipe, same direction",V1: Turning left / V2: Parked,V1: N  / V2: N,Dry,Daylight,Clear,0,0,77,55,FALSE,41.89957255,-71.3551788
18889,6/2/2019,June,Sunday,11:56,1,2,0,0,Angle,V1: Travelling straight ahead / V2: Travelling straight ahead,V1: E  / V2: N,Dry,Daylight,Clear,0,0,77,55,FALSE,41.93569218,-71.28018883
18890,6/3/2019,June,Monday,6:25,1,2,0,0,Rear-end,V1: Travelling straight ahead / V2: Slowing or stopped in traffic,V1: N  / V2: N,Dry,Daylight,Clear,0.04,0,73,52,FALSE,41.90053869,-71.36201959
18891,6/3/2019,June,Monday,7:28,2,2,0,0,Angle,V1: Travelling straight ahead / V2: Travelling straight ahead,V1: S  / V2: S,Dry,Daylight,Clear,0.04,0,73,52,FALSE,41.9176112,-71.33355603
18892,6/3/2019,June,Monday,10:08,2,1,1,0,Single vehicle crash,V1: Travelling straight ahead,V1: W,Dry,Daylight,Clear,0.04,0,73,52,FALSE,41.94682623,-71.28755695
18893,6/3/2019,June,Monday,15:28,1,2,0,0,Angle,V1: Turning left / V2: Travelling straight ahead,V1: E  / V2: W,Dry,Daylight,Clear,0.04,0,73,52,FALSE,41.94828342,-71.27801243
18894,6/4/2019,June,Tuesday,9:14,1,1,0,0,Single vehicle crash,V1: Travelling straight ahead,V1: W,Dry,Daylight,Clear,0,0,71,43,FALSE,34.24438675,-73.6513909
18895,6/4/2019,June,Tuesday,15:13,1,2,0,0,Head-on,V1: Travelling straight ahead / V2: Slowing or stopped in traffic,V1: S  / V2: S,Dry,Daylight,Clear,0,0,71,43,FALSE,41.9079342,-71.35745922
18896,6/4/2019,June,Tuesday,16:47,1,2,0,0,Rear-end,V1: Travelling straight ahead / V2: Slowing or stopped in traffic,V1: E  / V2: E,Dry,Daylight,Clear,0,0,71,43,FALSE,41.93421769,-71.2996754
18897,6/4/2019,June,Tuesday,22:13,1,3,0,0,Rear-end,V1: Travelling straight ahead / V2: Slowing or stopped in traffic / V3: Slowing or stopped in traffic,V1: S  / V2: S  / V3: S,Dry,Dark - lighted roadway,Clear,0,0,71,43,FALSE,41.92927403,-71.32377045
18898,6/5/2019,June,Wednesday,12:43,1,1,0,0,Angle,V1: Turning left,V1: S,Dry,Daylight,Clear,0,0,71,56,FALSE,41.93503657,-71.2848971
18899,6/5/2019,June,Wednesday,13:35,2,2,0,0,Angle,V1: Travelling straight ahead / V2: Travelling straight ahead,V1: S  / V2: S,Dry,Daylight,Clear,0,0,71,56,FALSE,41.96019116,-71.30118086
18900,6/6/2019,June,Thursday,8:22,1,2,0,0,"Sideswipe, same direction",V1: Travelling straight ahead / V2: Parked,V1: N  / V2: N,Dry,Daylight,Cloudy,0,0,80,63,FALSE,34.24438675,-73.6513909
18901,6/6/2019,June,Thursday,14:18,1,1,0,0,Single vehicle crash,V1: Travelling straight ahead,V1: S,Dry,Daylight,Clear,0,0,80,63,FALSE,41.90879529,-71.33059783
18902,6/6/2019,June,Thursday,15:15,1,2,0,0,Head-on,V1: Travelling straight ahead / V2: Slowing or stopped in traffic,V1: S  / V2: S,Dry,Daylight,Clear,0,0,80,63,FALSE,41.96899106,-71.2914896
18903,6/6/2019,June,Thursday,15:34,1,2,0,0,Angle,V1: Entering traffic lane / V2: Travelling straight ahead,V1: E  / V2: S,Dry,Daylight,Clear,0,0,80,63,FALSE,41.9348634,-71.29887283
18904,6/7/2019,June,Friday,16:24,1,2,0,0,Rear-end,V1: Travelling straight ahead / V2: Slowing or stopped in traffic,V1: S  / V2: S,Dry,Daylight,Clear,0.18,0,79,59,FALSE,41.96899106,-71.2914896
18905,6/7/2019,June,Friday,18:57,0,1,0,0,Single vehicle crash,V1: 0,V1: N,Dry,Daylight,Clear,0.18,0,79,59,FALSE,41.92106953,-71.35806074
18906,6/8/2019,June,Saturday,9:10,1,2,0,0,"Sideswipe, same direction",V1: Entering traffic lane / V2: Travelling straight ahead,V1: E  / V2: E,Dry,Daylight,Clear,0,0,79,53,FALSE,41.94445958,-71.28176192
18907,6/8/2019,June,Saturday,11:05,3,2,0,3,"Sideswipe, same direction",V1: Travelling straight ahead / V2: Travelling straight ahead,V1: N  / V2: N,Dry,Daylight,Clear,0,0,79,53,FALSE,41.93861942,-71.31535535
18908,6/8/2019,June,Saturday,13:48,1,2,0,0,Angle,V1: Changing lanes / V2: Travelling straight ahead,V1: N  / V2: N,Dry,Daylight,Clear,0,0,79,53,FALSE,41.90998013,-71.35802082
18909,6/9/2019,June,Sunday,2:32,1,1,0,0,Single vehicle crash,V1: Turning left,V1: N,Dry,Dark - lighted roadway,Cloudy,0,0,77,47,FALSE,41.95234013,-71.29601132
18910,6/9/2019,June,Sunday,16:02,1,1,0,0,Single vehicle crash,V1: Travelling straight ahead,V1: E,Dry,Daylight,Clear,0,0,77,47,FALSE,41.91836287,-71.3592182
18911,6/10/2019,June,Monday,14:31,1,2,0,0,Angle,V1: Turning left / V2: Travelling straight ahead,V1: S  / V2: W,Dry,Daylight,Clear,0,0,77,49,FALSE,41.94757814,-71.27890389
18912,6/11/2019,June,Tuesday,9:56,1,2,0,0,"Sideswipe, same direction",V1: Overtaking/passing / V2: Parked,V1: S  / V2: S,Wet,Daylight,Rain,0.78,0,78,58,FALSE,41.94578466,-71.2745413
18913,6/11/2019,June,Tuesday,10:42,2,2,1,0,Angle,V1: Entering traffic lane / V2: Travelling straight ahead,V1: E  / V2: E,Wet,Daylight,Rain,0.78,0,78,58,FALSE,41.94868019,-71.27749717
18914,6/11/2019,June,Tuesday,18:15,2,2,1,0,Angle,V1: Turning left / V2: Travelling straight ahead,V1: S  / V2: N,Dry,Daylight,Clear,0.78,0,78,58,FALSE,41.89618753,-71.37039513
18915,6/12/2019,June,Wednesday,10:28,1,1,0,0,Single vehicle crash,V1: Travelling straight ahead,V1: E,Dry,Daylight,Clear,0.41,0,74,50,FALSE,41.91172493,-71.26118994
18916,6/12/2019,June,Wednesday,15:46,1,2,0,0,Rear-end,V1: Travelling straight ahead / V2: Travelling straight ahead,V1: E  / V2: E,Dry,Daylight,Clear,0.41,0,74,50,FALSE,41.93269195,-71.32821357
18917,6/12/2019,June,Wednesday,17:16,1,2,0,0,Angle,V1: Entering traffic lane / V2: Travelling straight ahead,V1: W  / V2: N,Dry,Daylight,Clear,0.41,0,74,50,FALSE,41.96495942,-71.28974962
18918,6/12/2019,June,Wednesday,20:10,1,2,0,0,Angle,V1: Changing lanes / V2: Travelling straight ahead,V1: N  / V2: N,Dry,Dusk,Clear,0.41,0,74,50,FALSE,34.24438675,-73.6513909
18919,6/13/2019,June,Thursday,1:51,0,1,0,0,Single vehicle crash,V1: Travelling straight ahead,V1: S,Dry,Dark - roadway not lighted,Clear,0,0,75,53,FALSE,41.90053869,-71.36201959
18920,6/13/2019,June,Thursday,13:30,1,2,0,0,Rear-end,V1: Travelling straight ahead / V2: Slowing or stopped in traffic,V1: S  / V2: S,Wet,Daylight,Cloudy/Rain,0,0,75,53,FALSE,41.92927403,-71.32377045
18921,6/13/2019,June,Thursday,14:39,1,2,0,0,Rear-end,V2: Travelling straight ahead / V1: Travelling straight ahead,V2: N  / V1: N,Wet,Daylight,Cloudy/Rain,0,0,75,53,FALSE,41.92521765,-71.28783389
18922,6/13/2019,June,Thursday,17:22,1,2,0,0,Angle,V1: Overtaking/passing / V2: Slowing or stopped in traffic,V1: E  / V2: E,Wet,Daylight,Rain,0,0,75,53,FALSE,41.92036343,-71.35670593
18923,6/13/2019,June,Thursday,17:49,2,2,0,0,Rear-end,V1: Travelling straight ahead / V2: Slowing or stopped in traffic,V1: E  / V2: E,Wet,Daylight,Rain,0,0,75,53,FALSE,41.92387717,-71.35158914
18924,6/14/2019,June,Friday,12:12,1,2,0,0,Angle,V1: Other / V2: Travelling straight ahead,V1: S  / V2: W,Dry,Daylight,Clear,0.9,0,56,51,FALSE,41.89957255,-71.3551788
18925,6/14/2019,June,Friday,15:39,1,1,0,0,"Sideswipe, same direction",V1: Turning left,V1: S,Dry,Daylight,Clear,0.9,0,56,51,FALSE,41.90013378,-71.36836554
18926,6/14/2019,June,Friday,19:53,2,2,0,0,Rear-end,V1: Entering traffic lane / V2: Entering traffic lane,V1: S  / V2: S,Dry,Dawn,Clear,0.9,0,56,51,FALSE,41.90192182,-71.35585069
18927,6/15/2019,June,Saturday,9:06,1,2,0,0,Angle,V1: Turning left / V2: Travelling straight ahead,V1: N  / V2: W,Dry,Daylight,Clear,0,0,73,50,FALSE,41.92241545,-71.31336866
18928,6/15/2019,June,Saturday,12:55,2,1,0,0,Single vehicle crash,V1: Changing lanes,V1: N,Dry,Daylight,Clear,0,0,73,50,FALSE,41.89704224,-71.37281068
18929,6/15/2019,June,Saturday,14:20,1,2,0,0,Rear-end,V1: Slowing or stopped in traffic / V2: Travelling straight ahead,V1: N  / V2: N,Dry,Daylight,Clear,0,0,73,50,FALSE,41.94676337,-71.30962852
18930,6/16/2019,June,Sunday,23:04,1,2,0,0,Rear-end,V1: Travelling straight ahead / V2: 0,V1: S  / V2: S,Dry,Dark - roadway not lighted,Cloudy,0.08,0,80,62,FALSE,41.90261276,-71.35590972
18931,6/17/2019,June,Monday,9:20,1,2,0,0,Rear-end,V1: Slowing or stopped in traffic / V2: Slowing or stopped in traffic,V1: E  / V2: E,Dry,Daylight,Clear,0.04,0,71,62,FALSE,41.96940236,-71.29355421
18932,6/17/2019,June,Monday,13:39,1,1,0,0,Single vehicle crash,V1: Travelling straight ahead,V1: S,Dry,Daylight,Clear,0.04,0,71,62,FALSE,41.95993755,-71.28780735
18933,6/17/2019,June,Monday,15:20,1,2,0,0,Head-on,V1: Backing / V2: Travelling straight ahead,V1: W  / V2: N,Dry,Daylight,Clear,0.04,0,71,62,FALSE,41.95180056,-71.2715031
18934,6/17/2019,June,Monday,16:22,1,2,0,0,Angle,V1: Travelling straight ahead / V2: Parked,V1: S  / V2: 0,Dry,Daylight,Clear,0.04,0,71,62,FALSE,41.94285896,-71.27074925
18935,6/18/2019,June,Tuesday,15:20,1,2,0,0,Angle,V1: Changing lanes / V2: Travelling straight ahead,V1: E  / V2: E,Wet,Daylight,Rain,0.03,0,76,63,FALSE,41.93396377,-71.31987069
18936,6/18/2019,June,Tuesday,16:16,1,1,0,0,Single vehicle crash,V1: Travelling straight ahead,V1: N,Wet,Daylight,Rain,0.03,0,76,63,FALSE,41.9793094,-71.27915188
18937,6/19/2019,June,Wednesday,8:52,1,2,0,0,Rear-end,V1: Travelling straight ahead / V2: Slowing or stopped in traffic,V1: S  / V2: S,Dry,Daylight,Clear,0.08,0,71,64,FALSE,41.93397754,-71.31905247
18938,6/21/2019,June,Friday,1:02,1,1,0,0,Rear-end,V1: Backing,V1: N,Dry,Dark - lighted roadway,Fog,0.59,0,70,60,FALSE,41.94613208,-71.27749348
18939,6/22/2019,June,Saturday,2:18,2,1,1,0,Single vehicle crash,V1: Turning left,V1: N,Dry,Dark - lighted roadway,Clear,0.18,0,70,59,FALSE,41.92036207,-71.22865119
18940,6/22/2019,June,Saturday,14:32,2,2,3,0,Angle,V1: Turning left / V2: Travelling straight ahead,V1: 0 / V2: S,Dry,Daylight,Clear,0.18,0,70,59,FALSE,41.91619723,-71.35885587
18941,6/22/2019,June,Saturday,14:39,1,2,0,0,Rear-end,V1: Slowing or stopped in traffic / V2: Entering traffic lane,V1: N  / V2: N,Dry,Daylight,Clear,0.18,0,70,59,FALSE,41.89903243,-71.355186
18942,6/23/2019,June,Sunday,0:00,2,2,1,0,Rear-end,V1: Travelling straight ahead / V2: Slowing or stopped in traffic,V1: W  / V2: W,Dry,Dark - lighted roadway,Clear,0.02,0,78,53,FALSE,41.95287787,-71.26899686
18943,6/23/2019,June,Sunday,13:15,1,2,0,0,Angle,V1: Travelling straight ahead / V2: Travelling straight ahead,V1: S  / V2: E,Dry,Daylight,Clear,0.02,0,78,53,FALSE,41.94201587,-71.2912461
18944,6/23/2019,June,Sunday,19:08,1,2,0,0,Head-on,V1: Travelling straight ahead / V2: Turning right,V1: N  / V2: E,Dry,Daylight,Clear,0.02,0,78,53,FALSE,41.93814393,-71.29300968
18945,6/24/2019,June,Monday,16:03,1,1,0,0,Single vehicle crash,V1: Backing,V1: E,Dry,Daylight,Clear,0,0,82,58,FALSE,41.97280181,-71.27512678
18946,6/24/2019,June,Monday,20:50,1,2,0,0,Rear-end,V1: Slowing or stopped in traffic / V2: Slowing or stopped in traffic,V1: E  / V2: E,Dry,Dark - lighted roadway,Clear,0,0,82,58,FALSE,41.93397761,-71.31903245
18947,6/25/2019,June,Tuesday,11:36,1,2,0,0,"Sideswipe, same direction",V1: Changing lanes / V2: Travelling straight ahead,V1: S  / V2: S,Dry,Daylight,Cloudy,0,0,84,58,FALSE,41.92298549,-71.35714757
18948,6/25/2019,June,Tuesday,13:36,2,1,1,0,Single vehicle crash,V1: Leaving traffic lane,V1: E,Wet,Daylight,Cloudy/Rain,0,0,84,58,FALSE,41.91455558,-71.23401155
18949,6/25/2019,June,Tuesday,17:40,1,2,0,0,Angle,V1: Turning left / V2: Travelling straight ahead,V1: 0 / V2: 0,Wet,Daylight,Rain,0,0,84,58,FALSE,41.93399382,-71.31651787
18950,6/26/2019,June,Wednesday,14:32,1,2,0,0,Angle,V1: Turning left / V2: Travelling straight ahead,V1: E  / V2: N,Dry,Daylight,Clear,0.13,0,75,65,FALSE,41.90086769,-71.36799095
18951,6/26/2019,June,Wednesday,16:45,2,2,0,0,"Sideswipe, same direction",V1: Travelling straight ahead / V2: Slowing or stopped in traffic,V1: N  / V2: N,Dry,Daylight,Clear,0.13,0,75,65,FALSE,34.24438675,-73.6513909
18952,6/26/2019,June,Wednesday,17:48,1,2,0,0,Angle,V1: Entering traffic lane / V2: Travelling straight ahead,V1: S  / V2: W,Dry,Daylight,Clear,0.13,0,75,65,FALSE,41.95437986,-71.25499915
18953,6/26/2019,June,Wednesday,18:31,1,2,0,0,Angle,V1: Backing / V2: Travelling straight ahead,V1: W  / V2: N,Dry,Daylight,Clear,0.13,0,75,65,FALSE,41.92157657,-71.3555312
18954,6/26/2019,June,Wednesday,18:55,1,1,0,0,Single vehicle crash,V1: Travelling straight ahead,V1: E,Dry,Daylight,Clear,0.13,0,75,65,FALSE,41.92689285,-71.35724059
18955,6/27/2019,June,Thursday,13:42,1,1,0,0,Single vehicle crash,V1: Backing,V1: N,Dry,Daylight,Clear,0,0,83,60,FALSE,41.9204438,-71.25614113
18956,6/28/2019,June,Friday,0:45,1,1,0,0,Single vehicle crash,V1: Travelling straight ahead,V1: S,Dry,Dark - lighted roadway,Clear,0,0,87,61,FALSE,41.93842792,-71.33261525
18957,6/28/2019,June,Friday,8:20,2,1,1,0,Single vehicle crash,V1: Leaving traffic lane,V1: E,Dry,Daylight,Clear,0,0,87,61,FALSE,41.91608626,-71.37759037
18958,6/28/2019,June,Friday,9:41,1,2,0,0,Angle,V1: Turning left / V2: Turning left,V1: S  / V2: W,Dry,Daylight,Clear,0,0,87,61,FALSE,41.93732881,-71.28475709
18959,6/28/2019,June,Friday,16:17,2,3,1,0,Rear-end,V1: Slowing or stopped in traffic / V2: Slowing or stopped in traffic / V3: Travelling straight ahead,V1: N  / V2: N  / V3: N,Dry,Daylight,Clear,0,0,87,61,FALSE,41.91463957,-71.35904891
18960,6/28/2019,June,Friday,18:50,1,2,0,0,Rear-end,V1: Slowing or stopped in traffic / V2: Travelling straight ahead,V1: W  / V2: W,Dry,Daylight,Clear,0,0,87,61,FALSE,41.93628409,-71.28608551
18961,6/29/2019,June,Saturday,16:49,2,2,0,0,Angle,V1: Turning left / V2: Travelling straight ahead,V1: S  / V2: N,Dry,Daylight,Clear,0,0,89,65,FALSE,41.91446663,-71.36106545
18962,6/30/2019,June,Sunday,13:01,1,2,0,0,"Sideswipe, same direction",V1: Changing lanes / V2: Travelling straight ahead,V1: N  / V2: N,Dry,Daylight,Clear,0.19,0,86,64,FALSE,34.24438675,-73.6513909
18963,6/30/2019,June,Sunday,16:06,1,3,0,0,Rear-end,V1: Travelling straight ahead / V2: Slowing or stopped in traffic / V3: Travelling straight ahead,V1: N  / V2: N  / V3: N,Dry,Daylight,Cloudy,0.19,0,86,64,FALSE,41.91902322,-71.35778764
18964,6/30/2019,June,Sunday,20:01,2,2,0,0,Angle,V1: Turning left / V2: Travelling straight ahead,V1: N  / V2: W,Dry,Daylight,Clear,0.19,0,86,64,FALSE,41.93394954,-71.30903288
18965,6/30/2019,June,Sunday,20:26,2,1,0,0,Single vehicle crash,V1: Travelling straight ahead,V1: W,Wet,Dusk,Cloudy,0.19,0,86,64,FALSE,41.93298552,-71.24729788
18966,7/1/2019,July,Monday,12:39,1,2,0,0,Rear-end,V1: Travelling straight ahead / V2: Travelling straight ahead,V1: E  / V2: E,Dry,Daylight,Clear,0.08,0,77,59,FALSE,41.92014284,-71.35719783
18967,7/1/2019,July,Monday,13:11,1,2,0,0,Angle,V1: Turning left / V2: Travelling straight ahead,V1: W  / V2: S,Dry,Daylight,Clear,0.08,0,77,59,FALSE,41.95338618,-71.28917553
18968,7/1/2019,July,Monday,17:15,1,2,0,0,"Sideswipe, same direction",V1: Turning right / V2: Parked,V1: E  / V2: E,Dry,Daylight,Clear,0.08,0,77,59,FALSE,41.94387296,-71.28004124
18969,7/1/2019,July,Monday,18:53,1,2,0,0,Rear-end,V1: Slowing or stopped in traffic / V2: Travelling straight ahead,V1: N  / V2: N,Dry,Daylight,Clear,0.08,0,77,59,FALSE,41.95499174,-71.30598746
18970,7/2/2019,July,Tuesday,16:28,1,2,0,0,"Sideswipe, same direction",V2: Travelling straight ahead / V1: Changing lanes,V2: S  / V1: S,Dry,Daylight,Clear,0,0,82,63,FALSE,41.96019116,-71.30118086
18971,7/3/2019,July,Wednesday,11:41,1,2,0,0,Rear-end,V1: Slowing or stopped in traffic / V2: Travelling straight ahead,V1: N  / V2: N,Dry,Daylight,Clear,0,0,81,62,FALSE,41.91463957,-71.35904891
18972,7/3/2019,July,Wednesday,15:27,1,2,0,0,Angle,V1: Turning left / V2: Travelling straight ahead,V1: E  / V2: S,Dry,Daylight,Clear,0,0,81,62,FALSE,41.95087732,-71.27368942
18973,7/4/2019,July,Thursday,1:30,1,1,0,0,Single vehicle crash,V1: Leaving traffic lane,V1: N,Dry,Dark - roadway not lighted,Clear,0,0,90,64,FALSE,41.95593405,-71.30346756
18974,7/6/2019,July,Saturday,3:50,1,1,0,0,Single vehicle crash,V1: Travelling straight ahead,V1: E,Dry,Dark - lighted roadway,Clear,0,0,87,70,FALSE,41.93288532,-71.28859338
18975,7/6/2019,July,Saturday,22:52,1,2,0,0,Angle,V1: Turning left / V2: Travelling straight ahead,V1: N  / V2: S,Dry,Dark - lighted roadway,Clear,0,0,87,70,FALSE,41.94472176,-71.2812504
18976,7/7/2019,July,Sunday,18:49,2,3,0,0,Rear-to-rear,V1: Travelling straight ahead / V2: Slowing or stopped in traffic / V3: 0,V1: W  / V2: W  / V3: W,Dry,Daylight,Clear,0.36,0,89,69,FALSE,41.9339801,-71.31150783
18977,7/8/2019,July,Monday,2:51,2,1,1,0,Single vehicle crash,V1: Leaving traffic lane,V1: N,Dry,Dark - lighted roadway,Clear,0,0,77,56,FALSE,41.94041171,-71.27245173
18978,7/8/2019,July,Monday,16:20,2,2,0,0,Angle,V1: Overtaking/passing / V2: Turning left,V1: W  / V2: S,Dry,Daylight,Clear,0,0,77,56,FALSE,41.9483337,-71.27794679
18979,7/9/2019,July,Tuesday,16:47,1,2,0,0,Angle,V1: Turning left / V2: Travelling straight ahead,V1: W  / V2: N,Dry,Daylight,Clear,0,0,80,57,FALSE,41.9157184,-71.36042615
18980,7/9/2019,July,Tuesday,18:15,2,2,0,0,Angle,V1: Entering traffic lane / V2: Travelling straight ahead,V1: W  / V2: N,Dry,Daylight,Clear,0,0,80,57,FALSE,41.95484304,-71.28856385
18981,7/10/2019,July,Wednesday,10:44,1,1,0,0,Single vehicle crash,V1: Travelling straight ahead,V1: N,Dry,Daylight,Clear,0,0,85,60,FALSE,41.95194108,-71.30613986
18982,7/10/2019,July,Wednesday,12:50,2,2,0,0,Angle,V1: Turning left / V2: Turning left,V1: S  / V2: S,Dry,Daylight,Clear,0,0,85,60,FALSE,41.95484304,-71.28856385
18983,7/15/2019,July,Monday,9:37,1,1,0,0,Angle,V1: Turning right,V1: W,Dry,Daylight,Clear,0,0,89,61,FALSE,41.93408632,-71.31644663
18984,7/18/2019,July,Thursday,23:00,2,2,0,0,Angle,V1: Travelling straight ahead / V2: Travelling straight ahead,V1: S  / V2: S,Dry,Dark - lighted roadway,Clear,0.29,0,90,71,FALSE,41.90433577,-71.35012688
18985,7/24/2019,July,Wednesday,15:56,1,1,0,0,Angle,V1: Travelling straight ahead,V1: W,Dry,Daylight,Clear,0.75,0,70,62,FALSE,41.9348634,-71.29887284
18986,7/31/2019,July,Wednesday,12:29,2,2,0,0,Front to Front,V1: Travelling straight ahead / V2: Travelling straight ahead,V1: S  / V2: E,Dry,Daylight,Clear,0,0,92,70,FALSE,41.93475753,-71.27903355
18987,8/4/2019,August,Sunday,2:24,0,1,0,0,Single vehicle crash,V1: Leaving traffic lane,V1: S,Dry,Dark - lighted roadway,Clear,0,0,86,65,FALSE,41.96426509,-71.25920483
18988,8/4/2019,August,Sunday,3:00,2,1,0,0,Single vehicle crash,V1: Leaving traffic lane,V1: S,Dry,Dark - roadway not lighted,Clear,0,0,86,65,FALSE,41.93804592,-71.31642931
18989,8/4/2019,August,Sunday,11:36,2,1,1,0,Single vehicle crash,V1: Travelling straight ahead,V1: W,Dry,Daylight,Clear,0,0,86,65,FALSE,41.9693978,-71.29147118
18990,8/5/2019,August,Monday,13:22,1,2,0,0,Angle,V1: Turning left / V2: Travelling straight ahead,V1: W  / V2: N,Dry,Daylight,Clear,0.02,0,86,56,FALSE,41.89733197,-71.36979234
18991,8/5/2019,August,Monday,14:40,1,2,0,0,Rear-end,V1: Slowing or stopped in traffic / V2: Travelling straight ahead,V1: N  / V2: N,Dry,Daylight,Clear,0.02,0,86,56,FALSE,41.93395074,-71.31685982
18992,8/5/2019,August,Monday,19:24,1,2,0,0,Angle,V1: Turning left / V2: Travelling straight ahead,V1: 0 / V2: 0,Dry,Daylight,Clear,0.02,0,86,56,FALSE,41.9104545,-71.28309366
18993,8/6/2019,August,Tuesday,6:52,1,2,0,0,Single vehicle crash,V1: Leaving traffic lane / V2: Parked,V1: 0 / V2: 0,Dry,Daylight,Clear,0,0,81,61,FALSE,41.90765164,-71.36452992
18994,8/6/2019,August,Tuesday,9:00,2,1,0,0,Single vehicle crash,V1: Travelling straight ahead,V1: S,Dry,Daylight,Clear,0,0,81,61,FALSE,41.90243691,-71.35651111
18995,8/7/2019,August,Wednesday,15:32,1,2,0,0,Angle,V1: Changing lanes / V2: Travelling straight ahead,V1: S  / V2: S,Dry,Daylight,Clear,0,0,79,64,FALSE,41.90964751,-71.36351027
18996,8/8/2019,August,Thursday,7:28,1,2,0,0,Angle,V1: Turning left / V2: Travelling straight ahead,V1: N  / V2: E,Dry,Daylight,Clear,0.62,0,83,69,FALSE,41.93294317,-71.30065777
18997,8/8/2019,August,Thursday,12:04,1,2,0,0,Head-on,V1: Turning left / V2: Slowing or stopped in traffic,V1: N  / V2: E,Dry,Daylight,Clear,0.62,0,83,69,FALSE,41.9370756,-71.28238678
18998,8/9/2019,August,Friday,12:52,1,1,0,0,Single vehicle crash,V1: Making U-turn,V1: S,Dry,Daylight,Clear,0,0,84,63,FALSE,41.89957255,-71.3551788