ID,DATE,Month,Day of week,Crash Time,Crash Severity,Number of Vehicles,Total Nonfatal Injuries,Total Fatal Injuries,Manner of Collision,Vehicle Action Prior to Crash,Vehicle Travel Directions,Road Surface Condition,Ambient Light,Weather Condition,PRCP,SNOW,TMAX,TMIN,Ice,Longtitute,Latitute
18999,8/9/2019,August,Friday,15:43,1,2,0,0,Head-on,V1: Travelling straight ahead / V2: Slowing or stopped in traffic,V1: N  / V2: N,Dry,Daylight,Clear,0,0,84,63,FALSE,41.96213345,-71.28808171
19000,8/9/2019,August,Friday,17:20,1,2,0,0,Angle,V1: Entering traffic lane / V2: Travelling straight ahead,V1: S  / V2: N,Dry,Daylight,Clear,0,0,84,63,FALSE,41.91108507,-71.36278297
19001,8/9/2019,August,Friday,17:21,1,1,0,0,Single vehicle crash,V1: Travelling straight ahead,V1: W,Dry,Daylight,Clear,0,0,84,63,FALSE,41.91420582,-71.36119766
19002,8/9/2019,August,Friday,22:31,1,2,0,0,Angle,V1: Turning left / V2: Turning left,V1: N  / V2: E,Dry,Dark - lighted roadway,Clear,0,0,84,63,FALSE,41.95181537,-71.28985984
19003,8/10/2019,August,Saturday,12:49,1,2,0,0,Angle,V1: Entering traffic lane / V2: Travelling straight ahead,V1: S  / V2: W,Dry,Daylight,Clear,0,0,83,59,FALSE,41.92387717,-71.35158914
19004,8/10/2019,August,Saturday,15:26,2,2,1,0,Head-on,V1: Leaving traffic lane / V2: Travelling straight ahead,V1: W  / V2: E,Dry,Daylight,Clear,0,0,83,59,FALSE,41.93524005,-71.27513601
19005,8/10/2019,August,Saturday,19:47,1,2,0,0,Angle,V1: Changing lanes / V2: Travelling straight ahead,V1: N  / V2: N,Dry,Dark - lighted roadway,Clear,0,0,83,59,FALSE,41.92014284,-71.35719783
19006,8/11/2019,August,Sunday,20:55,2,1,3,0,Single vehicle crash,V1: Travelling straight ahead,V1: S,Dry,Dusk,Clear,0,0,79,54,FALSE,41.9340482,-71.24933399
19007,8/11/2019,August,Sunday,22:01,1,1,0,0,"Sideswipe, same direction",V1: Travelling straight ahead,V1: S,Dry,Dark - roadway not lighted,Clear,0,0,79,54,FALSE,41.96019116,-71.30118086
19008,8/12/2019,August,Monday,15:37,1,2,0,0,Angle,V1: Turning left / V2: Travelling straight ahead,V1: E  / V2: S,Dry,Daylight,Clear,0,0,77,56,FALSE,41.89671141,-71.3701064
19009,8/12/2019,August,Monday,16:36,1,2,0,0,Angle,V1: Backing / V2: Travelling straight ahead,V1: S  / V2: W,Dry,Daylight,Clear,0,0,77,56,FALSE,41.93037211,-71.26037506
19010,8/13/2019,August,Tuesday,15:27,1,1,0,0,Single vehicle crash,V1: Travelling straight ahead,V1: 0,Dry,Daylight,Clear,0,0,84,62,FALSE,41.90638958,-71.31822648
19011,8/13/2019,August,Tuesday,15:32,2,2,0,0,Angle,V2: Travelling straight ahead / V1: Travelling straight ahead,V2: W  / V1: S,Dry,Daylight,Clear,0,0,84,62,FALSE,41.93676851,-71.27982469
19012,8/14/2019,August,Wednesday,8:41,1,2,0,0,"Sideswipe, opposite direction",V1: Parked / V2: Backing,V1: S  / V2: S,Dry,Daylight,Clear,0.02,0,76,66,FALSE,41.96202363,-71.29641055
19013,8/14/2019,August,Wednesday,11:23,2,2,2,0,Rear-end,V1: Travelling straight ahead / V2: Slowing or stopped in traffic,V1: E  / V2: E,Dry,Daylight,Clear,0.02,0,76,66,FALSE,41.9008693,-71.34385087
19014,8/15/2019,August,Thursday,6:02,2,2,1,0,Angle,V1: Slowing or stopped in traffic / V2: Turning left,V1: E  / V2: N,Dry,Daylight,Clear,0,0,77,60,FALSE,41.91760691,-71.31957433
19015,8/15/2019,August,Thursday,16:19,1,2,0,0,Angle,V1: Entering traffic lane / V2: Travelling straight ahead,V1: S  / V2: E,Dry,Daylight,Clear,0,0,77,60,FALSE,41.95428602,-71.28497548
19016,8/15/2019,August,Thursday,17:13,1,1,0,0,Head-on,V1: Other,V1: S,Dry,Daylight,Clear,0,0,77,60,FALSE,41.89903243,-71.355186
19017,8/15/2019,August,Thursday,17:55,1,2,0,0,Angle,V1: Turning left / V2: Travelling straight ahead,V1: W  / V2: S,Dry,Daylight,Clear,0,0,77,60,FALSE,41.89541252,-71.37076534
19018,8/16/2019,August,Friday,11:49,1,2,0,0,Angle,V1: Turning left / V2: Travelling straight ahead,V1: S  / V2: E,Dry,Daylight,Clear,0,0,80,59,FALSE,41.95234013,-71.29601132
19019,8/16/2019,August,Friday,12:20,1,2,0,0,Rear-end,V1: Leaving traffic lane / V2: Entering traffic lane,V1: N  / V2: N,Dry,Daylight,Clear,0,0,80,59,FALSE,41.95453538,-71.30440175
19020,8/16/2019,August,Friday,12:53,1,2,0,0,Angle,V1: Turning left / V2: Travelling straight ahead,V1: W  / V2: N,Dry,Daylight,Clear,0,0,80,59,FALSE,41.92779522,-71.35458133
19021,8/16/2019,August,Friday,13:18,2,2,0,0,Rear-end,V1: Travelling straight ahead / V2: Travelling straight ahead,V1: N  / V2: N,Dry,Daylight,Clear,0,0,80,59,FALSE,41.96643836,-71.29074265
19022,8/16/2019,August,Friday,14:00,1,2,0,0,"Sideswipe, same direction",V1: Turning left / V2: Travelling straight ahead,V1: N  / V2: N,Dry,Daylight,Clear,0,0,80,59,FALSE,41.92299407,-71.35714824
19023,8/16/2019,August,Friday,14:38,1,2,0,0,Angle,V1: Entering traffic lane / V2: Travelling straight ahead,V1: S  / V2: N,Dry,Daylight,Clear,0,0,80,59,FALSE,41.92970479,-71.35357644
19024,8/16/2019,August,Friday,17:21,2,2,1,0,Head-on,V1: Turning left / V2: Travelling straight ahead,V1: N  / V2: S,Dry,Daylight,Clear,0,0,80,59,FALSE,41.91201633,-71.25878647
19025,8/16/2019,August,Friday,18:17,2,2,0,0,Head-on,V1: Turning left / V2: Travelling straight ahead,V1: E  / V2: S,Dry,Daylight,Clear,0,0,80,59,FALSE,41.94757814,-71.27890388
19026,8/17/2019,August,Saturday,1:54,0,1,0,0,Single vehicle crash,V1: Travelling straight ahead,V1: E,Dry,Dark - lighted roadway,Clear,0,0,86,60,FALSE,41.90924405,-71.3389641
19027,8/17/2019,August,Saturday,15:26,1,2,0,0,Rear-end,V1: Travelling straight ahead / V2: Slowing or stopped in traffic,V1: W  / V2: W,Dry,Daylight,Clear,0,0,86,60,FALSE,41.91711015,-71.37372238
19028,8/17/2019,August,Saturday,16:14,2,3,0,0,Rear-end,V1: Travelling straight ahead / V2: Slowing or stopped in traffic / V3: Slowing or stopped in traffic,V1: N  / V2: N  / V3: N,Dry,Daylight,Clear,0,0,86,60,FALSE,41.91619723,-71.35885587
19029,8/17/2019,August,Saturday,18:30,1,2,0,0,Rear-end,V1: Travelling straight ahead / V2: Slowing or stopped in traffic,V1: E  / V2: E,0,Dusk,Clear,0,0,86,60,FALSE,41.89903243,-71.355186
19030,8/17/2019,August,Saturday,21:19,1,2,0,0,Angle,V1: Travelling straight ahead / V2: Slowing or stopped in traffic,V1: E  / V2: E,Dry,Dark - lighted roadway,Clear,0,0,86,60,FALSE,41.92626385,-71.34598616
19031,8/18/2019,August,Sunday,12:36,1,2,0,0,Rear-end,V1: Travelling straight ahead / V2: Slowing or stopped in traffic,V1: N  / V2: N,Dry,Daylight,Clear,0,0,81,61,FALSE,41.92014284,-71.35719783
19032,8/18/2019,August,Sunday,16:48,1,2,0,0,Rear-end,V1: Slowing or stopped in traffic / V2: Travelling straight ahead,V1: N  / V2: N,Dry,Daylight,Clear,0,0,81,61,FALSE,41.90235067,-71.35584227
19033,8/18/2019,August,Sunday,19:27,1,2,0,0,Front to Rear,V1: Travelling straight ahead / V2: Slowing or stopped in traffic,V1: N  / V2: N,Dry,Dusk,Clear,0,0,81,61,FALSE,41.93372065,-71.26137754
19034,8/18/2019,August,Sunday,19:43,1,2,0,0,Angle,V1: Other / V2: Travelling straight ahead,V1: W  / V2: S,Dry,Dusk,Cloudy,0,0,81,61,FALSE,41.93840858,-71.28352591
19035,8/19/2019,August,Monday,15:38,1,2,0,0,Angle,V1: Travelling straight ahead / V2: Turning left,V1: W  / V2: N,Dry,Daylight,Clear,0,0,87,71,FALSE,41.94466319,-71.28341486
19036,8/20/2019,August,Tuesday,9:15,2,2,0,0,Rear-end,V1: Travelling straight ahead / V2: Slowing or stopped in traffic,V1: N  / V2: N,Dry,Daylight,Clear,0.58,0,91,65,FALSE,41.92886018,-71.3230987
19037,8/20/2019,August,Tuesday,10:29,1,2,0,0,Rear to Side,V1: Parked / V2: Backing,V1: U  / V2: N,Dry,Daylight,Clear,0.58,0,91,65,FALSE,41.93746723,-71.32181625
19038,8/21/2019,August,Wednesday,9:46,1,2,0,0,Front to Front,V1: Travelling straight ahead / V2: Entering traffic lane,V1: W  / V2: S,Dry,Daylight,Clear,0,0,85,64,FALSE,41.93304448,-71.28634923
19039,8/21/2019,August,Wednesday,15:52,2,2,0,0,Angle,V2: Travelling straight ahead / V1: Entering traffic lane,V2: E  / V1: N,Dry,Daylight,Clear,0,0,85,64,FALSE,41.9527334,-71.29440119
19040,8/21/2019,August,Wednesday,17:08,1,1,0,0,Single vehicle crash,V1: Travelling straight ahead,V1: S,Wet,Daylight,Cloudy/Rain,0,0,85,64,FALSE,41.89861001,-71.36943215
19041,8/21/2019,August,Wednesday,17:37,1,2,0,0,Angle,V1: Entering traffic lane / V2: Travelling straight ahead,V1: S  / V2: W,Dry,Daylight,Clear,0,0,85,64,FALSE,41.93421769,-71.2996754
19042,8/23/2019,August,Friday,8:49,1,2,0,0,Angle,V1: Travelling straight ahead / V2: Travelling straight ahead,V1: N  / V2: W,Wet,Daylight,Cloudy/Rain,0.01,0,86,65,FALSE,41.94512722,-71.28855145
19043,8/23/2019,August,Friday,10:56,1,2,0,0,Rear-end,V1: Travelling straight ahead / V2: Parked,V1: S  / V2: S,Dry,Daylight,Cloudy,0.01,0,86,65,FALSE,41.93192411,-71.2990501
19044,8/24/2019,August,Saturday,2:36,2,1,0,0,Single vehicle crash,V1: Travelling straight ahead,V1: E,Dry,Dark - lighted roadway,Clear,0.04,0,76,55,FALSE,41.92083157,-71.29796346
19045,8/24/2019,August,Saturday,13:34,1,2,0,0,"Sideswipe, same direction",V1: Changing lanes / V2: Travelling straight ahead,V1: N  / V2: N,Dry,Daylight,Clear,0.04,0,76,55,FALSE,41.90231844,-71.35595143
19046,8/24/2019,August,Saturday,19:06,1,2,0,0,Angle,V1: Entering traffic lane / V2: Travelling straight ahead,V1: N  / V2: E,Dry,Daylight,Clear,0.04,0,76,55,FALSE,41.89867838,-71.34654981
19047,8/25/2019,August,Sunday,15:10,2,2,0,0,Angle,V1: Turning left / V2: Travelling straight ahead,V1: E  / V2: W,Dry,Daylight,Clear,0,0,73,56,FALSE,41.89871736,-71.3550176
19048,8/26/2019,August,Monday,10:40,0,1,0,0,Rear-to-rear,V1: Parked,V1: U,Dry,Daylight,Clear,0.08,0,67,52,FALSE,41.9442419,-71.28118495
19049,8/26/2019,August,Monday,16:40,1,2,0,0,Rear-end,V1: Slowing or stopped in traffic / V2: Slowing or stopped in traffic,V1: E  / V2: E,Dry,Daylight,Clear,0.08,0,67,52,FALSE,41.93624398,-71.26400311
19050,8/27/2019,August,Tuesday,1:38,2,1,0,0,Single vehicle crash,V1: Travelling straight ahead,V1: W,Dry,Dark - lighted roadway,Clear,0,0,72,47,FALSE,41.92580668,-71.22416322
19051,8/27/2019,August,Tuesday,7:11,1,2,0,0,Rear-end,V1: Travelling straight ahead / V2: Slowing or stopped in traffic,V1: N  / V2: N,Dry,Daylight,Clear,0,0,72,47,FALSE,41.95417023,-71.31280025
19052,8/27/2019,August,Tuesday,15:45,0,2,0,0,"Sideswipe, same direction",V1: Travelling straight ahead / V2: Travelling straight ahead,V1: N  / V2: N,Dry,Daylight,Clear,0,0,72,47,FALSE,41.96490499,-71.2974624
19053,8/27/2019,August,Tuesday,17:44,1,2,0,0,Angle,V1: Turning left / V2: Travelling straight ahead,V1: N  / V2: W,Dry,Daylight,Clear,0,0,72,47,FALSE,41.90941911,-71.36738188
19054,8/28/2019,August,Wednesday,13:24,1,2,0,0,Rear-end,V1: Travelling straight ahead / V2: Travelling straight ahead,V1: S  / V2: S,Wet,Daylight,Rain,0,0,74,48,FALSE,41.91816134,-71.25763888
19055,8/28/2019,August,Wednesday,21:23,1,1,0,0,Single vehicle crash,V1: Travelling straight ahead,V1: N,Wet,Dark - lighted roadway,Rain,0,0,74,48,FALSE,41.9398835,-71.25139925
19056,8/29/2019,August,Thursday,9:29,2,2,0,0,Rear-end,V1: Entering traffic lane / V2: Travelling straight ahead,V1: S  / V2: S,Dry,Daylight,Clear,0.95,0,76,59,FALSE,41.9693978,-71.29147118
19057,8/29/2019,August,Thursday,12:56,1,1,0,0,Single vehicle crash,V1: Turning left,V1: S,Dry,Daylight,Clear,0.95,0,76,59,FALSE,41.90289038,-71.37271392
19058,8/29/2019,August,Thursday,16:39,1,2,0,0,Angle,V1: Backing / V2: Slowing or stopped in traffic,V1: E  / V2: N,Dry,Daylight,Clear,0.95,0,76,59,FALSE,41.93345924,-71.30045206
19059,8/29/2019,August,Thursday,18:11,1,2,0,0,Angle,V1: Changing lanes / V2: Travelling straight ahead,V1: N  / V2: N,Dry,Daylight,Clear,0.95,0,76,59,FALSE,41.92151324,-71.35786797
19060,8/31/2019,August,Saturday,12:38,2,4,0,0,Angle,V1: Travelling straight ahead / V2: Travelling straight ahead / V3: Travelling straight ahead / V4: Slowing or stopped in traffic,V1: S  / V2: W  / V3: N  / V4: N,Dry,Daylight,Clear,0,0,82,57,FALSE,41.91981411,-71.35860614
19061,8/31/2019,August,Saturday,13:35,1,2,0,0,Angle,V1: Turning left / V2: Travelling straight ahead,V1: E  / V2: S,Dry,Daylight,Clear,0,0,82,57,FALSE,41.92644259,-71.35554103
19062,8/31/2019,August,Saturday,17:14,1,2,0,0,Rear-end,V1: Travelling straight ahead / V2: Travelling straight ahead,V1: E  / V2: E,Dry,Daylight,Clear,0,0,82,57,FALSE,34.24438675,-73.6513909
19063,9/1/2019,September,Sunday,12:14,1,2,0,0,Angle,V1: Turning left / V2: Travelling straight ahead,V1: N  / V2: W,Dry,Daylight,Clear,0,0,76,53,FALSE,41.89871736,-71.3550176
19064,9/1/2019,September,Sunday,13:06,1,2,0,0,Angle,V1: Travelling straight ahead / V2: Travelling straight ahead,V1: S  / V2: E,Dry,Daylight,Clear,0,0,76,53,FALSE,41.92241545,-71.31336866
19065,9/2/2019,September,Monday,0:14,2,3,0,0,"Sideswipe, same direction",V1: Travelling straight ahead / V2: Travelling straight ahead / V3: Travelling straight ahead,V1: W  / V2: S  / V3: S,Dry,Dark - roadway not lighted,Clear,0,0,74,54,FALSE,41.90433577,-71.35012688
19066,9/2/2019,September,Monday,0:24,2,1,0,0,Single vehicle crash,V1: Travelling straight ahead,V1: N,Dry,Dark - roadway not lighted,Clear,0,0,74,54,FALSE,41.95593405,-71.30346756
19067,9/2/2019,September,Monday,14:56,1,2,0,0,Rear-end,V1: Turning left / V2: Travelling straight ahead,V1: S  / V2: S,Dry,Daylight,Cloudy,0,0,74,54,FALSE,41.94067297,-71.28948717
19068,9/2/2019,September,Monday,17:29,1,1,0,0,Single vehicle crash,V1: Other,V1: N,Dry,Daylight,Clear,0,0,74,54,FALSE,41.90566819,-71.35666468
19069,9/2/2019,September,Monday,20:45,1,1,0,0,Single vehicle crash,V1: Turning right,V1: S,Wet,Dark - roadway not lighted,Rain,0,0,74,54,FALSE,41.95429636,-71.31194985
19070,9/3/2019,September,Tuesday,8:25,1,2,0,0,"Sideswipe, same direction",V1: Travelling straight ahead / V2: Travelling straight ahead,V1: N  / V2: N,Dry,Daylight,Clear,1.47,0,77,54,FALSE,41.90951426,-71.33945533
19071,9/3/2019,September,Tuesday,8:35,1,1,0,0,Single vehicle crash,V1: Travelling straight ahead,V1: W,Dry,Daylight,Clear,1.47,0,77,54,FALSE,41.9343022,-71.27781324
19072,9/3/2019,September,Tuesday,9:11,2,3,0,0,"Sideswipe, same direction",V1: Travelling straight ahead / V2: Parked / V3: Travelling straight ahead,V1: W  / V2: W  / V3: E,Dry,Daylight,Clear,1.47,0,77,54,FALSE,41.91920617,-71.36098129
19073,9/3/2019,September,Tuesday,15:40,1,2,0,0,Angle,V1: Turning left / V2: Travelling straight ahead,V1: W  / V2: N,Dry,Daylight,Clear,1.47,0,77,54,FALSE,41.90964751,-71.36351027
19074,9/3/2019,September,Tuesday,15:44,1,2,0,0,Rear-end,V1: Travelling straight ahead / V2: Entering traffic lane,V1: N  / V2: N,Dry,Daylight,Clear,1.47,0,77,54,FALSE,41.95566822,-71.30364303
19075,9/4/2019,September,Wednesday,10:35,1,2,0,0,Angle,V1: Entering traffic lane / V2: Travelling straight ahead,V1: S  / V2: S,Dry,Daylight,Clear,0,0,78,61,FALSE,41.90248527,-71.35600074
19076,9/4/2019,September,Wednesday,13:47,1,2,0,0,Angle,V1: Backing / V2: Travelling straight ahead,V1: N  / V2: W,Dry,Daylight,Clear,0,0,78,61,FALSE,41.9227029,-71.35736851
19077,9/4/2019,September,Wednesday,20:00,1,1,0,0,"Sideswipe, same direction",V1: Travelling straight ahead,V1: W,Dry,Dusk,Clear,0,0,78,61,FALSE,41.92005179,-71.35764107
19078,9/5/2019,September,Thursday,7:17,1,2,0,0,Angle,V1: Turning left / V2: Travelling straight ahead,V1: N  / V2: S,Dry,Daylight,Clear,0,0,81,57,FALSE,41.97084021,-71.29123651
19079,9/6/2019,September,Friday,9:07,2,2,1,0,Angle,V1: Turning left / V2: Travelling straight ahead,V1: S  / V2: W,Dry,Daylight,Clear,0,0,69,52,FALSE,41.90258295,-71.37195995
19080,9/6/2019,September,Friday,9:17,1,1,0,0,"Sideswipe, same direction",V1: Travelling straight ahead,V1: S,Dry,Daylight,Clear,0,0,69,52,FALSE,41.91035947,-71.36314658
19081,9/6/2019,September,Friday,12:26,1,2,0,0,Rear to Side,V1: Backing / V2: Travelling straight ahead,V1: U  / V2: U,Dry,Daylight,Clear,0,0,69,52,FALSE,41.92287004,-71.35720242
19082,9/6/2019,September,Friday,12:52,1,2,0,0,Angle,V1: Turning left / V2: Parked,V1: S  / V2: W,Dry,Daylight,Cloudy,0,0,69,52,FALSE,41.94694979,-71.28765594
19083,9/6/2019,September,Friday,13:58,1,2,0,0,Rear-end,V1: Entering traffic lane / V2: Entering traffic lane,V1: S  / V2: S,Dry,Daylight,Cloudy,0,0,69,52,FALSE,41.90261305,-71.35590872
19084,9/6/2019,September,Friday,19:33,1,1,0,0,Single vehicle crash,V1: Other,V1: W,Dry,Dark - lighted roadway,Cloudy,0,0,69,52,FALSE,41.91446663,-71.36106546
19085,9/7/2019,September,Saturday,5:20,1,1,0,0,Single vehicle crash,V1: Travelling straight ahead,V1: S,Dry,Dark - roadway not lighted,Clear,0.07,0,67,54,FALSE,41.92927403,-71.32377045
19086,9/7/2019,September,Saturday,7:03,1,1,0,0,Single vehicle crash,V1: Turning left,V1: W,Dry,Daylight,Cloudy,0.07,0,67,54,FALSE,41.96940639,-71.29147182
19087,9/7/2019,September,Saturday,14:14,1,2,0,0,Angle,V1: Slowing or stopped in traffic / V2: Parked,V1: N  / V2: 0,Dry,Daylight,Clear,0.07,0,67,54,FALSE,41.89957255,-71.3551788
19088,9/7/2019,September,Saturday,16:52,1,2,0,0,"Sideswipe, same direction",V1: Changing lanes / V2: Travelling straight ahead,V1: N  / V2: N,Dry,Daylight,Clear,0.07,0,67,54,FALSE,41.91337209,-71.36161887
19089,9/8/2019,September,Sunday,13:34,1,2,0,0,Angle,V1: Turning left / V2: Travelling straight ahead,V1: E  / V2: N,Dry,Daylight,Clear,0,0,70,54,FALSE,41.94140605,-71.28436439
19090,9/8/2019,September,Sunday,15:41,2,2,0,0,Head-on,V1: Turning left / V2: Travelling straight ahead,V1: E  / V2: N,Dry,Daylight,Clear,0,0,70,54,FALSE,41.91360772,-71.36150084
19091,9/9/2019,September,Monday,7:53,2,2,0,0,Angle,V1: Entering traffic lane / V2: Travelling straight ahead,V1: W  / V2: N,Dry,Daylight,Clear,0,0,72,51,FALSE,41.95154969,-71.27204993
19092,9/9/2019,September,Monday,14:36,1,1,0,0,Single vehicle crash,V1: Slowing or stopped in traffic,V1: S,Dry,Daylight,Clear,0,0,72,51,FALSE,41.94274017,-71.28432859
19093,9/9/2019,September,Monday,16:03,2,2,0,0,Rear-end,V1: Travelling straight ahead / V2: Slowing or stopped in traffic,V1: N  / V2: N,Dry,Daylight,Clear,0,0,72,51,FALSE,41.95731038,-71.28775716
19094,9/10/2019,September,Tuesday,13:29,1,3,0,0,Rear-end,V1: Travelling straight ahead / V2: Slowing or stopped in traffic / V3: Slowing or stopped in traffic,V1: W  / V2: W  / V3: W,Dry,Daylight,Clear,0,0,73,51,FALSE,41.95335832,-71.26727845
19095,9/11/2019,September,Wednesday,11:06,1,3,0,0,Angle,V1: Turning left / V2: Travelling straight ahead / V3: Travelling straight ahead,V1: S  / V2: W  / V3: W,Dry,Daylight,Clear,0,0,74,51,FALSE,41.93358571,-71.32352844
19096,9/12/2019,September,Thursday,1:03,1,2,0,0,Front to Rear,V1: Travelling straight ahead / V2: Parked,V1: E  / V2: U,Dry,Dark - lighted roadway,Clear,0,0,81,61,FALSE,41.91904883,-71.23052377
19097,9/12/2019,September,Thursday,10:47,1,2,0,0,Head-on,V1: Entering traffic lane / V2: Travelling straight ahead,V1: N  / V2: E,Dry,Daylight,Clear,0,0,81,61,FALSE,41.91024379,-71.36428869
19098,9/12/2019,September,Thursday,14:11,1,1,0,0,"Sideswipe, same direction",V1: Overtaking/passing,V1: W,Dry,Daylight,Clear,0,0,81,61,FALSE,41.94472631,-71.28177822
19099,9/12/2019,September,Thursday,16:14,1,2,0,0,Angle,V1: Entering traffic lane / V2: Travelling straight ahead,V1: N  / V2: E,Dry,Daylight,Cloudy,0,0,81,61,FALSE,41.91035947,-71.36314658
19100,9/12/2019,September,Thursday,18:11,1,2,0,0,Rear-end,V1: Travelling straight ahead / V2: Slowing or stopped in traffic,V1: S  / V2: S,Dry,Daylight,Clear,0,0,81,61,FALSE,41.9693978,-71.29147118
19101,9/13/2019,September,Friday,17:15,1,2,0,0,"Sideswipe, same direction",V1: Travelling straight ahead / V2: Changing lanes,V1: S  / V2: S,Dry,Daylight,Clear,0.31,0,67,49,FALSE,41.92668553,-71.35537019
19102,9/13/2019,September,Friday,20:31,0,1,0,0,Single vehicle crash,V1: Travelling straight ahead,V1: S,Dry,Dusk,Clear,0.31,0,67,49,FALSE,41.90261276,-71.35590972
19103,9/13/2019,September,Friday,23:01,3,2,0,1,Angle,V1: Travelling straight ahead / V2: Travelling straight ahead,V1: S  / V2: S,Dry,Dark - roadway not lighted,Clear,0.31,0,67,49,FALSE,41.90261276,-71.35590972
19104,9/14/2019,September,Saturday,0:45,1,2,0,0,Rear-end,V1: Travelling straight ahead / V2: Slowing or stopped in traffic,V1: S  / V2: S,Dry,Dark - lighted roadway,Clear,0,0,67,42,FALSE,41.90255025,-71.35612621
19105,9/14/2019,September,Saturday,12:18,1,2,0,0,Angle,V1: Travelling straight ahead / V2: Entering traffic lane,V1: W  / V2: S,Dry,Daylight,Cloudy,0,0,67,42,FALSE,41.95108383,-71.27317921
19106,9/15/2019,September,Sunday,17:42,1,2,0,0,Rear-end,V1: Slowing or stopped in traffic / V2: Slowing or stopped in traffic,V1: S  / V2: S,Dry,Daylight,Clear,0.55,0,71,42,FALSE,41.92508738,-71.35628348
19107,9/16/2019,September,Monday,15:58,1,2,0,0,Head-on,V1: Entering traffic lane / V2: Travelling straight ahead,V1: S  / V2: E,Dry,Daylight,Clear,0,0,76,57,FALSE,41.94292045,-71.27681606
19108,9/17/2019,September,Tuesday,7:34,1,2,0,0,"Sideswipe, same direction",V1: Changing lanes / V2: Travelling straight ahead,V1: N  / V2: N,Dry,Daylight,Clear,0,0,71,50,FALSE,34.24438675,-73.6513909
19109,9/17/2019,September,Tuesday,10:15,1,2,0,0,Front to Rear,V1: Backing / V2: Travelling straight ahead,V1: S  / V2: N,Dry,Daylight,Clear,0,0,71,50,FALSE,41.91825866,-71.37182334
19110,9/17/2019,September,Tuesday,19:59,1,1,0,0,Head-on,V1: Turning left,V1: S,Dry,Dark - lighted roadway,Clear,0,0,71,50,FALSE,41.96999559,-71.27407849
19111,9/17/2019,September,Tuesday,22:25,2,2,0,0,Rear-end,V1: Slowing or stopped in traffic / V2: Slowing or stopped in traffic,V1: N  / V2: N,Dry,Dark - lighted roadway,Clear,0,0,71,50,FALSE,41.90231844,-71.35595143
19112,9/17/2019,September,Tuesday,22:37,2,2,0,0,Rear-end,V1: Slowing or stopped in traffic / V2: Slowing or stopped in traffic,V1: N  / V2: N,Dry,Dark - lighted roadway,Clear,0,0,71,50,FALSE,41.90231844,-71.35595143
19113,9/18/2019,September,Wednesday,6:07,1,1,0,0,"Sideswipe, same direction",V1: Turning right,V1: S,Dry,Dark - 0 roadway lighting,Clear,0,0,66,50,FALSE,34.24438675,-73.6513909
19114,9/18/2019,September,Wednesday,6:58,1,2,0,0,Rear-end,V1: Travelling straight ahead / V2: Travelling straight ahead,V1: S  / V2: S,Dry,Daylight,Clear,0,0,66,50,FALSE,41.89903243,-71.355186
19115,9/18/2019,September,Wednesday,10:20,1,1,0,0,Angle,V1: Backing,V1: N,Dry,Daylight,Cloudy,0,0,66,50,FALSE,41.93115985,-71.26031225
19116,9/18/2019,September,Wednesday,14:08,0,2,0,0,Rear to Side,V1: Backing / V2: Parked,V1: W  / V2: S,Dry,Dark - lighted roadway,Clear,0,0,66,50,FALSE,41.95292436,-71.29446735
19117,9/18/2019,September,Wednesday,17:08,1,2,0,0,Angle,V1: Turning left / V2: Turning left,V1: S  / V2: N,Dry,Daylight,Clear,0,0,66,50,FALSE,41.94257314,-71.28681539
19118,9/18/2019,September,Wednesday,17:10,1,4,0,0,Rear-end,V1: Travelling straight ahead / V2: Travelling straight ahead / V3: Travelling straight ahead / V4: Slowing or stopped in traffic,V1: S  / V2: S  / V3: S  / V4: S,Dry,Dusk,Clear,0,0,66,50,FALSE,41.92890675,-71.35392632
19119,9/18/2019,September,Wednesday,18:45,1,2,0,0,Angle,V1: Turning right / V2: Travelling straight ahead,V1: S  / V2: W,Dry,Dusk,Clear,0,0,66,50,FALSE,41.89721112,-71.36942089
19120,9/19/2019,September,Thursday,6:35,1,2,0,0,Rear-end,V1: Travelling straight ahead / V2: Travelling straight ahead,V1: N  / V2: N,Dry,Daylight,Clear,0,0,61,42,FALSE,41.90235067,-71.35584227
19121,9/19/2019,September,Thursday,11:29,2,2,0,0,Angle,V1: Travelling straight ahead / V2: Travelling straight ahead,V1: S  / V2: E,Dry,Daylight,Clear,0,0,61,42,FALSE,41.93623387,-71.28481204
19122,9/19/2019,September,Thursday,11:29,3,2,0,1,Angle,V1: Travelling straight ahead / V2: Travelling straight ahead,V1: S  / V2: E,Dry,Daylight,Clear,0,0,61,42,FALSE,41.93623841,-71.28486336
19123,9/19/2019,September,Thursday,15:03,1,2,0,0,Rear-end,V1: Travelling straight ahead / V2: Travelling straight ahead,V1: E  / V2: E,Dry,Daylight,Clear,0,0,61,42,FALSE,41.95229507,-71.27053131
19124,9/19/2019,September,Thursday,15:51,1,2,0,0,Angle,V1: Entering traffic lane / V2: Travelling straight ahead,V1: N  / V2: E,Dry,Daylight,Clear,0,0,61,42,FALSE,41.94757814,-71.27890388