ID,DATE,Month,Day of week,Crash Time,Crash Severity,Number of Vehicles,Total Nonfatal Injuries,Total Fatal Injuries,Manner of Collision,Vehicle Action Prior to Crash,Vehicle Travel Directions,Road Surface Condition,Ambient Light,Weather Condition,PRCP,SNOW,TMAX,TMIN,Ice,Longtitute,Latitute
19125,9/19/2019,September,Thursday,17:03,1,2,0,0,Angle,V1: Travelling straight ahead / V2: Turning right,V1: W  / V2: W,Dry,Daylight,Clear,0,0,61,42,FALSE,41.93150481,-71.33366365
19126,9/19/2019,September,Thursday,18:35,2,2,1,0,"Sideswipe, same direction",V1: Changing lanes / V2: Travelling straight ahead,V1: W  / V2: W,Dry,Daylight,Clear,0,0,61,42,FALSE,41.93411173,-71.31974621
19127,9/20/2019,September,Friday,0:37,1,1,0,0,Single vehicle crash,V1: Travelling straight ahead,V1: W,Dry,Dark - lighted roadway,Clear,0,0,66,39,FALSE,41.93770605,-71.24551151
19128,9/20/2019,September,Friday,8:04,2,4,0,0,Rear-end,V1: Travelling straight ahead / V2: Slowing or stopped in traffic / V3: Slowing or stopped in traffic / V4: Slowing or stopped in traffic,V1: S  / V2: S  / V3: S  / V4: S,Dry,Daylight,Clear,0,0,66,39,FALSE,41.89779805,-71.35482715
19129,9/20/2019,September,Friday,8:08,2,2,0,0,Angle,V1: Travelling straight ahead / V2: Travelling straight ahead,V1: N  / V2: E,Dry,Daylight,Clear,0,0,66,39,FALSE,41.92616865,-71.3603011
19130,9/20/2019,September,Friday,15:00,1,2,0,0,Angle,V1: Travelling straight ahead / V2: Backing,V1: W  / V2: S,Dry,Daylight,Clear,0,0,66,39,FALSE,41.92817083,-71.30197808
19131,9/20/2019,September,Friday,15:03,1,2,0,0,Rear-end,V1: Travelling straight ahead / V2: Slowing or stopped in traffic,V1: W  / V2: W,Dry,Daylight,Clear,0,0,66,39,FALSE,41.91711015,-71.37372238
19132,9/20/2019,September,Friday,15:30,2,2,3,0,Head-on,V1: Entering traffic lane / V2: Travelling straight ahead,V1: E  / V2: S,Dry,Daylight,Clear,0,0,66,39,FALSE,41.94757814,-71.27890388
19133,9/20/2019,September,Friday,17:04,1,2,0,0,Head-on,V1: Entering traffic lane / V2: Travelling straight ahead,V1: S  / V2: W,Dry,Daylight,Clear,0,0,66,39,FALSE,41.92387717,-71.35158914
19134,9/21/2019,September,Saturday,12:42,1,2,0,0,Angle,V1: Turning left / V2: Travelling straight ahead,V1: 0 / V2: N,Dry,Daylight,Clear,0,0,77,40,FALSE,41.89733197,-71.36979234
19135,9/21/2019,September,Saturday,12:45,2,4,3,0,Front to Rear,V1: Travelling straight ahead / V2: Slowing or stopped in traffic / V3: Slowing or stopped in traffic / V4: Slowing or stopped in traffic,V1: S  / V2: S  / V3: S  / V4: S,Dry,Daylight,Clear,0,0,77,40,FALSE,41.92521765,-71.28783389
19136,9/21/2019,September,Saturday,13:55,1,2,0,0,Angle,V1: Turning left / V2: Travelling straight ahead,V1: W  / V2: N,Dry,Daylight,Clear,0,0,77,40,FALSE,41.91653724,-71.36001753
19137,9/21/2019,September,Saturday,14:08,1,2,0,0,Angle,V1: Travelling straight ahead / V2: Parked,V1: S  / V2: U,Dry,Daylight,Clear,0,0,77,40,FALSE,41.91271218,-71.35898972
19138,9/21/2019,September,Saturday,18:30,1,2,0,0,Angle,V1: Travelling straight ahead / V2: Parked,V1: E  / V2: 0,Dry,Dark - lighted roadway,Clear,0,0,77,40,FALSE,41.90908467,-71.3638022
19139,9/21/2019,September,Saturday,19:00,1,3,0,0,Front to Rear,V1: Slowing or stopped in traffic / V2: Slowing or stopped in traffic / V3: Slowing or stopped in traffic,V1: N  / V2: N  / V3: N,Dry,Dark - lighted roadway,Clear,0,0,77,40,FALSE,41.92369831,-71.35683112
19140,9/21/2019,September,Saturday,20:00,1,2,0,0,Rear-end,V1: Slowing or stopped in traffic / V2: Slowing or stopped in traffic,V1: S  / V2: S,Dry,Dark - lighted roadway,Cloudy,0,0,77,40,FALSE,41.89618753,-71.37039514
19141,9/23/2019,September,Monday,7:59,1,3,0,0,"Sideswipe, same direction",V1: Travelling straight ahead / V2: Parked / V3: Parked,V1: E  / V2: E  / V3: W,Dry,Daylight,Clear,0,0,81,56,FALSE,41.91368008,-71.28244109
19142,9/23/2019,September,Monday,12:25,1,2,0,0,"Sideswipe, same direction",V1: Changing lanes / V2: Travelling straight ahead,V1: N  / V2: N,Dry,Daylight,Clear,0,0,81,56,FALSE,41.89869797,-71.35508647
19143,9/23/2019,September,Monday,12:48,2,2,0,0,"Sideswipe, same direction",V1: Travelling straight ahead / V2: Turning right,V1: S  / V2: N,Dry,Daylight,Clear,0,0,81,56,FALSE,41.95205837,-71.27503337
19144,9/23/2019,September,Monday,16:03,2,2,0,0,Head-on,V1: Travelling straight ahead / V2: Travelling straight ahead,V1: S  / V2: N,Dry,Daylight,Clear,0,0,81,56,FALSE,41.95033804,-71.29009616
19145,9/24/2019,September,Tuesday,0:39,2,2,2,0,Single vehicle crash,V1: Travelling straight ahead / V2: Parked,V1: N  / V2: U,Wet,Dark - lighted roadway,Rain,0.32,0,82,63,FALSE,41.92481274,-71.25979352
19146,9/24/2019,September,Tuesday,9:38,1,1,0,0,Single vehicle crash,V1: Turning left,V1: S,Dry,Daylight,Clear,0.32,0,82,63,FALSE,41.94868019,-71.27749718
19147,9/24/2019,September,Tuesday,10:52,1,2,0,0,"Sideswipe, same direction",V1: Entering traffic lane / V2: Parked,V1: W  / V2: U,Dry,Daylight,Clear,0.32,0,82,63,FALSE,41.94512701,-71.28048838
19148,9/24/2019,September,Tuesday,17:19,1,1,0,0,Angle,V1: Travelling straight ahead,V1: W,Dry,Daylight,Clear,0.32,0,82,63,FALSE,41.94136746,-71.28400985
19149,9/25/2019,September,Wednesday,15:32,1,2,0,0,Front to Rear,V1: Travelling straight ahead / V2: Slowing or stopped in traffic,V1: S  / V2: S,Dry,Daylight,Clear,0,0,75,51,FALSE,41.9024767,-71.35600008
19150,9/25/2019,September,Wednesday,17:01,2,2,0,0,Front to Front,V1: Turning right / V2: Travelling straight ahead,V1: W  / V2: N,Dry,Daylight,Clear,0,0,75,51,FALSE,41.9472108,-71.28786501
19151,9/25/2019,September,Wednesday,17:18,1,3,0,0,Rear-end,V1: Slowing or stopped in traffic / V2: Slowing or stopped in traffic / V3: Slowing or stopped in traffic,V1: S  / V2: S  / V3: S,Dry,Daylight,Clear,0,0,75,51,FALSE,41.92508738,-71.35628348
19152,9/26/2019,September,Thursday,9:20,1,2,0,0,Rear-end,V1: Slowing or stopped in traffic / V2: Slowing or stopped in traffic,V1: W  / V2: W,Dry,Daylight,Clear,0,0,70,50,FALSE,41.94121777,-71.2768631
19153,9/26/2019,September,Thursday,15:01,1,2,0,0,Rear-end,V1: Slowing or stopped in traffic / V2: Travelling straight ahead,V1: W  / V2: W,Dry,Daylight,Clear,0,0,70,50,FALSE,41.96936139,-71.29423524
19154,9/26/2019,September,Thursday,18:53,1,2,0,0,Angle,V1: Backing / V2: Travelling straight ahead,V1: W  / V2: 0,Wet,Dark - lighted roadway,Cloudy/Rain,0,0,70,50,FALSE,41.9252536,-71.28778172
19155,9/26/2019,September,Thursday,19:25,2,1,0,0,Single vehicle crash,V1: Travelling straight ahead,V1: N,Wet,Dark - roadway not lighted,Rain,0,0,70,50,FALSE,41.89835459,-71.36941126
19156,9/27/2019,September,Friday,11:28,1,2,0,0,Angle,V1: Turning right / V2: Travelling straight ahead,V1: E  / V2: S,Dry,Daylight,Clear,0.25,0,78,49,FALSE,41.92368788,-71.35699214
19157,9/27/2019,September,Friday,14:01,2,2,0,0,Rear-end,V1: Travelling straight ahead / V2: Slowing or stopped in traffic,V1: E  / V2: E,Dry,Daylight,Clear,0.25,0,78,49,FALSE,41.95026372,-71.2985466
19158,9/27/2019,September,Friday,17:08,1,2,0,0,Front to Rear,V1: Backing / V2: Travelling straight ahead,V1: S  / V2: S,Dry,Daylight,Clear,0.25,0,78,49,FALSE,41.91082438,-71.36291011
19159,9/27/2019,September,Friday,22:37,1,1,0,0,Single vehicle crash,V1: Turning right,V1: E,Dry,Dark - lighted roadway,Clear,0.25,0,78,49,FALSE,41.93755593,-71.27964705
19160,9/28/2019,September,Saturday,15:05,1,2,0,0,"Sideswipe, same direction",V1: Changing lanes / V2: Travelling straight ahead,V1: W  / V2: W,Dry,Daylight,Clear,0,0,69,50,FALSE,41.91981411,-71.35860614
19161,9/29/2019,September,Sunday,13:03,1,2,0,0,"Sideswipe, same direction",V1: Turning left / V2: Parked,V1: N  / V2: 0,Dry,Daylight,Clear,0,0,75,51,FALSE,41.91516018,-71.30575469
19162,9/29/2019,September,Sunday,17:14,1,2,0,0,Front to Rear,V1: Slowing or stopped in traffic / V2: Overtaking/passing,V1: N  / V2: N,Dry,Daylight,Clear,0,0,75,51,FALSE,41.90566819,-71.35666468
19163,9/30/2019,September,Monday,13:36,1,2,0,0,Front to Rear,V1: Travelling straight ahead / V2: Slowing or stopped in traffic,V1: E  / V2: E,Dry,Daylight,Clear,0,0,73,50,FALSE,41.89903243,-71.355186
19164,9/30/2019,September,Monday,22:40,2,1,0,0,Single vehicle crash,V1: Travelling straight ahead,V1: S,Dry,Dark - lighted roadway,Clear,0,0,73,50,FALSE,41.92521765,-71.28783389
19165,10/1/2019,October,Tuesday,14:56,2,2,0,0,Front to Rear,V2: Entering traffic lane / V1: Entering traffic lane,V2: N  / V1: N,Dry,Daylight,Clear,0.01,0,64,49,FALSE,41.90235067,-71.35584227
19166,10/2/2019,October,Wednesday,8:57,1,2,0,0,Rear-end,V1: Travelling straight ahead / V2: Travelling straight ahead,V1: N  / V2: N,Dry,Daylight,Clear,0.01,0,69,55,FALSE,41.92508738,-71.35628348
19167,10/2/2019,October,Wednesday,18:05,2,2,0,0,Front to Rear,V1: Entering traffic lane / V2: Entering traffic lane,V1: S  / V2: S,Dry,Dusk,Clear,0.01,0,69,55,FALSE,41.89914384,-71.35520746
19168,10/2/2019,October,Wednesday,21:26,1,2,0,0,Angle,V1: Turning right / V2: Slowing or stopped in traffic,V1: E  / V2: W,Wet,Dark - lighted roadway,Rain,0.01,0,69,55,FALSE,41.93269195,-71.32821357
19169,10/3/2019,October,Thursday,6:06,1,2,0,0,Angle,V2: Travelling straight ahead / V1: Slowing or stopped in traffic,V2: N  / V1: W,Dry,Daylight,Cloudy,0.14,0,78,50,FALSE,41.94450501,-71.28411703
19170,10/3/2019,October,Thursday,8:23,1,2,0,0,Front to Rear,V1: Travelling straight ahead / V2: Slowing or stopped in traffic,V1: E  / V2: E,Dry,Daylight,Cloudy,0.14,0,78,50,FALSE,41.95212799,-71.27087016
19171,10/3/2019,October,Thursday,8:58,2,2,0,0,Single vehicle crash,V1: Travelling straight ahead / V2: Leaving traffic lane,V1: N  / V2: S,Dry,Daylight,Cloudy,0.14,0,78,50,FALSE,41.94861042,-71.27758702
19172,10/3/2019,October,Thursday,15:22,2,3,0,0,Front to Rear,V2: Slowing or stopped in traffic / V3: Slowing or stopped in traffic / V1: Travelling straight ahead,V2: S  / V3: S  / V1: S,Dry,Daylight,Cloudy,0.14,0,78,50,FALSE,41.96021054,-71.28783809
19173,10/3/2019,October,Thursday,20:46,1,2,0,0,Angle,V1: Turning left / V2: Travelling straight ahead,V1: N  / V2: S,Wet,Dark - lighted roadway,Rain,0.14,0,78,50,FALSE,41.90697288,-71.36488172
19174,10/5/2019,October,Saturday,11:30,1,4,0,0,Angle,V1: Travelling straight ahead / V2: Parked / V3: Parked / V4: Parked,V1: W  / V2: 0 / V3: 0 / V4: 0,Dry,Daylight,Clear,0,0,60,32,TRUE,41.89717992,-71.36931178
19175,10/5/2019,October,Saturday,13:02,1,2,0,0,Angle,V1: Backing / V2: Parked,V1: W  / V2: 0,Dry,Daylight,Clear,0,0,60,32,TRUE,41.89797309,-71.34598923
19176,10/5/2019,October,Saturday,13:31,1,2,0,0,Front to Rear,V1: Other / V2: Travelling straight ahead,V1: N  / V2: N,Dry,Daylight,Clear,0,0,60,32,TRUE,41.94999617,-71.24781053
19177,10/5/2019,October,Saturday,23:54,1,2,0,0,Rear-to-rear,V1: Backing / V2: Parked,V1: N  / V2: U,Dry,Dark - lighted roadway,Clear,0,0,60,32,TRUE,41.93407114,-71.31626473
19178,10/6/2019,October,Sunday,0:19,1,1,0,0,Single vehicle crash,V1: Travelling straight ahead,V1: E,Dry,Dark - lighted roadway,Clear,0,0,56,30,TRUE,41.930799,-71.291025
19179,10/6/2019,October,Sunday,12:30,1,2,0,0,Angle,V1: Entering traffic lane / V2: Travelling straight ahead,V1: E  / V2: N,Dry,Daylight,Clear,0,0,56,30,TRUE,41.94505449,-71.28110696
19180,10/6/2019,October,Sunday,17:02,1,1,0,0,Angle,V1: Turning left,V1: N,Dry,Daylight,Clear,0,0,56,30,TRUE,41.89957255,-71.3551788
19181,10/6/2019,October,Sunday,19:19,1,2,0,0,Angle,V1: Turning left / V2: Travelling straight ahead,V1: N  / V2: S,Dry,Dark - lighted roadway,Clear,0,0,56,30,TRUE,41.91619723,-71.35885587
19182,10/7/2019,October,Monday,6:40,2,2,0,0,Rear-end,V1: Travelling straight ahead / V2: Travelling straight ahead,V1: N  / V2: N,Dry,Dawn,Clear,0,0,67,32,TRUE,41.92886018,-71.3230987
19183,10/7/2019,October,Monday,15:48,2,1,0,0,Single vehicle crash,V1: Travelling straight ahead,V1: N,Dry,Daylight,Cloudy,0,0,67,32,TRUE,41.9257244,-71.34153533
19184,10/8/2019,October,Tuesday,3:50,1,2,0,0,"Sideswipe, same direction",V1: Travelling straight ahead / V2: Travelling straight ahead,V1: N  / V2: N,Wet,Dark - lighted roadway,Fog,0.05,0,76,56,FALSE,41.92914319,-71.30311771
19185,10/8/2019,October,Tuesday,7:48,2,2,2,0,Angle,V1: Making U-turn / V2: Travelling straight ahead,V1: W  / V2: W,Dry,Daylight,Clear,0.05,0,76,56,FALSE,41.91138357,-71.32740392
19186,10/8/2019,October,Tuesday,13:51,1,2,0,0,Angle,V1: Parked / V2: Parked,V1: W  / V2: N,Dry,Daylight,Clear,0.05,0,76,56,FALSE,41.9157184,-71.36042615
19187,10/8/2019,October,Tuesday,15:50,1,2,0,0,Rear-end,V1: Travelling straight ahead / V2: Slowing or stopped in traffic,V1: S  / V2: S,Dry,Daylight,Clear,0.05,0,76,56,FALSE,41.96643836,-71.29074265
19188,10/8/2019,October,Tuesday,21:52,1,1,0,0,Head-on,V1: Leaving traffic lane,V1: W,Dry,Dark - lighted roadway,Clear,0.05,0,76,56,FALSE,41.935066,-71.27673502
19189,10/9/2019,October,Wednesday,5:16,1,1,0,0,Angle,V1: Slowing or stopped in traffic,V1: E,Other,Dark - lighted roadway,Rain,0.02,0,62,53,FALSE,41.94666472,-71.28742758
19190,10/9/2019,October,Wednesday,6:34,1,2,0,0,Head-on,V1: Travelling straight ahead / V2: Slowing or stopped in traffic,V1: E  / V2: E,Wet,Dark - lighted roadway,Rain,0.02,0,62,53,FALSE,41.93397921,-71.30659862
19191,10/9/2019,October,Wednesday,10:35,1,2,0,0,Angle,V1: Slowing or stopped in traffic / V2: Backing,V1: N  / V2: W,Wet,Daylight,Cloudy/Rain,0.02,0,62,53,FALSE,41.90270411,-71.31800227
19192,10/9/2019,October,Wednesday,12:49,1,1,0,0,Single vehicle crash,V1: Backing,V1: N,Wet,Daylight,Cloudy/Rain,0.02,0,62,53,FALSE,41.94266173,-71.28390998
19193,10/10/2019,October,Thursday,0:20,2,1,1,0,Single vehicle crash,V1: Turning left,V1: W,Dry,Dark - lighted roadway,Cloudy,0.44,0,57,51,FALSE,41.93939755,-71.28043305
19194,10/10/2019,October,Thursday,14:42,2,2,0,0,Rear-end,V1: Slowing or stopped in traffic / V2: Slowing or stopped in traffic,V1: E  / V2: E,Dry,Daylight,Clear,0.44,0,57,51,FALSE,41.93357119,-71.30035285
19195,10/10/2019,October,Thursday,14:48,1,1,0,0,0,V1: Travelling straight ahead,V1: N,Dry,Daylight,Cloudy,0.44,0,57,51,FALSE,41.957056,-71.29620333
19196,10/11/2019,October,Friday,11:07,2,3,0,0,Rear-end,V1: Travelling straight ahead / V2: Slowing or stopped in traffic / V3: Slowing or stopped in traffic,V1: S  / V2: S  / V3: S,Wet,Daylight,Cloudy/Rain,0.04,0,56,51,FALSE,41.96495942,-71.28974962
19197,10/11/2019,October,Friday,13:08,1,2,0,0,Front to Rear,V1: Travelling straight ahead / V2: Slowing or stopped in traffic,V1: E  / V2: E,Wet,Daylight,Cloudy/Rain,0.04,0,56,51,FALSE,41.9201696,-71.30779235
19198,10/11/2019,October,Friday,17:37,2,3,0,0,Head-on,V1: Travelling straight ahead / V2: Travelling straight ahead / V3: Travelling straight ahead,V1: W  / V2: E  / V3: E,Wet,Dusk,Cloudy,0.04,0,56,51,FALSE,41.9315134,-71.3336643
19199,10/11/2019,October,Friday,18:03,1,2,0,0,Angle,V1: Turning left / V2: Travelling straight ahead,V1: S  / V2: W,Wet,Dusk,Rain,0.04,0,56,51,FALSE,41.92387717,-71.35158914
19200,10/11/2019,October,Friday,21:33,1,2,0,0,Rear-to-rear,V1: Slowing or stopped in traffic / V2: Travelling straight ahead,V1: E  / V2: E,Dry,Dark - lighted roadway,Clear,0.04,0,56,51,FALSE,41.92416457,-71.35104162
19201,10/11/2019,October,Friday,22:16,0,1,0,0,Single vehicle crash,V1: 0,V1: E,Wet,Dark - lighted roadway,Cloudy/Rain,0.04,0,56,51,FALSE,41.91109971,-71.28120603
19202,10/12/2019,October,Saturday,9:23,2,2,0,0,Rear-end,V1: Travelling straight ahead / V2: Slowing or stopped in traffic,V1: W  / V2: W,Wet,Daylight,Cloudy,0.25,0,56,52,FALSE,41.93585833,-71.27194106
19203,10/12/2019,October,Saturday,17:09,2,2,0,0,Angle,V1: Travelling straight ahead / V2: Travelling straight ahead,V1: N  / V2: E,Dry,Daylight,Clear,0.25,0,56,52,FALSE,41.93623387,-71.28481204
19204,10/13/2019,October,Sunday,5:10,2,1,0,0,Single vehicle crash,V1: Travelling straight ahead,V1: S,Dry,Dawn,Cloudy,0,0,56,46,FALSE,41.93804592,-71.31642931
19205,10/13/2019,October,Sunday,11:38,1,2,0,0,Angle,V1: Travelling straight ahead / V2: Entering traffic lane,V1: E  / V2: S,Dry,Daylight,Clear,0,0,56,46,FALSE,41.94757814,-71.27890388
19206,10/13/2019,October,Sunday,12:48,1,2,0,0,Angle,V1: Travelling straight ahead / V2: Parked,V1: N  / V2: N,Dry,Daylight,Clear,0,0,56,46,FALSE,41.89957255,-71.3551788
19207,10/13/2019,October,Sunday,13:27,1,2,0,0,Angle,V1: Travelling straight ahead / V2: Parked,V1: N  / V2: 0,Dry,Daylight,Clear,0,0,56,46,FALSE,41.89957255,-71.3551788
19208,10/13/2019,October,Sunday,16:41,1,2,0,0,Angle,V1: Entering traffic lane / V2: Travelling straight ahead,V1: W  / V2: N,Dry,Daylight,Clear,0,0,56,46,FALSE,41.92151324,-71.35786797
19209,10/14/2019,October,Monday,11:25,2,2,1,0,Rear-end,V1: Slowing or stopped in traffic / V2: Slowing or stopped in traffic,V1: W  / V2: W,Dry,Daylight,Cloudy,0,0,65,45,FALSE,41.92369831,-71.35683112
19210,10/14/2019,October,Monday,14:14,1,2,0,0,"Sideswipe, same direction",V1: Travelling straight ahead / V2: Changing lanes,V1: N  / V2: N,Dry,Daylight,Clear,0,0,65,45,FALSE,41.93158675,-71.32095442
19211,10/15/2019,October,Tuesday,12:54,1,2,0,0,Angle,V2: Parked / V1: Travelling straight ahead,V2: N  / V1: S,Dry,Daylight,Clear,0,0,66,42,FALSE,41.94261594,-71.27990657
19212,10/15/2019,October,Tuesday,15:19,1,2,0,0,Angle,V1: Travelling straight ahead / V2: Turning left,V1: W  / V2: S,Dry,Daylight,Clear,0,0,66,42,FALSE,41.9348634,-71.29887284
19213,10/16/2019,October,Wednesday,21:11,2,2,0,0,Front to Rear,V1: Travelling straight ahead / V2: Travelling straight ahead,V1: W  / V2: N,Wet,Dark - lighted roadway,Cloudy/Rain,0,0,60,34,FALSE,41.94774809,-71.28390704
19214,10/17/2019,October,Thursday,10:41,1,3,0,0,Head-on,V2: Travelling straight ahead / V1: Travelling straight ahead / V3: Travelling straight ahead,V2: N  / V1: N  / V3: S,Dry,Daylight,Cloudy,2.02,0,61,34,FALSE,41.94928318,-71.28964082
19215,10/18/2019,October,Friday,6:31,1,3,0,0,"Sideswipe, same direction",V1: Changing lanes / V2: Travelling straight ahead / V3: Travelling straight ahead,V1: E  / V2: E  / V3: E,Dry,Daylight,Clear,0,0,55,44,FALSE,41.91981411,-71.35860614
19216,10/18/2019,October,Friday,16:10,1,2,0,0,Head-on,V1: Travelling straight ahead / V2: Slowing or stopped in traffic,V1: E  / V2: E,Dry,Daylight,Clear,0,0,55,44,FALSE,41.92417628,-71.35207061
19217,10/18/2019,October,Friday,18:23,1,2,0,0,Angle,V1: Entering traffic lane / V2: Travelling straight ahead,V1: E  / V2: N,Dry,Dark - lighted roadway,Clear,0,0,55,44,FALSE,41.93014481,-71.29714681
19218,10/18/2019,October,Friday,20:02,1,2,0,0,Front to Front,V1: Turning left / V2: Travelling straight ahead,V1: E  / V2: W,Dry,Dark - lighted roadway,Clear,0,0,55,44,FALSE,41.93623387,-71.28481204
19219,10/19/2019,October,Saturday,11:32,1,2,0,0,Angle,V1: Travelling straight ahead / V2: Entering traffic lane,V1: N  / V2: N,Dry,Daylight,Clear,0,0,58,36,FALSE,41.91364219,-71.37703626
19220,10/19/2019,October,Saturday,14:10,1,2,0,0,Angle,V1: Turning left / V2: Travelling straight ahead,V1: N  / V2: E,Dry,Daylight,Clear,0,0,58,36,FALSE,41.93268269,-71.29622047
19221,10/19/2019,October,Saturday,21:56,2,2,0,0,Head-on,V1: Turning left / V2: Travelling straight ahead,V1: W  / V2: E,Dry,Dark - lighted roadway,Clear,0,0,58,36,FALSE,41.91981411,-71.35860614
19222,10/20/2019,October,Sunday,10:36,1,2,0,0,Angle,V1: Backing / V2: Travelling straight ahead,V1: E  / V2: S,Dry,Daylight,Clear,0,0,57,31,TRUE,41.91981411,-71.35860614
19223,10/20/2019,October,Sunday,13:36,1,2,0,0,Rear-end,V1: Slowing or stopped in traffic / V2: Slowing or stopped in traffic,V1: S  / V2: S,Dry,Daylight,Clear,0,0,57,31,TRUE,41.92644259,-71.35554103
19224,10/21/2019,October,Monday,19:22,1,2,0,0,Angle,V1: Turning left / V2: Changing lanes,V1: S  / V2: N,Dry,Dark - lighted roadway,Clear,0,0,61,31,TRUE,41.9483337,-71.27794679
19225,10/21/2019,October,Monday,20:11,1,2,0,0,Front to Rear,V1: Travelling straight ahead / V2: Parked,V1: E  / V2: E,Dry,Dark - lighted roadway,Clear,0,0,61,31,TRUE,41.95444287,-71.28597739
19226,10/21/2019,October,Monday,21:55,1,1,0,0,Rear-end,V1: Backing,V1: W,Dry,Dark - lighted roadway,Clear,0,0,61,31,TRUE,41.94460591,-71.27661902
19227,10/21/2019,October,Monday,22:57,2,2,0,0,Single vehicle crash,V1: Travelling straight ahead / V2: Travelling straight ahead,V1: S  / V2: S,Wet,Dark - roadway not lighted,Rain,0,0,61,31,TRUE,41.93804592,-71.31642931
19228,10/22/2019,October,Tuesday,13:58,1,2,0,0,Rear-end,V1: Travelling straight ahead / V2: Turning left,V1: E  / V2: E,Dry,Daylight,Cloudy,0,0,62,44,FALSE,41.94327068,-71.27816749
19229,10/22/2019,October,Tuesday,22:57,2,1,0,0,Single vehicle crash,V1: Travelling straight ahead,V1: S,Dry,Dark - roadway not lighted,Clear,0,0,62,44,FALSE,41.93804592,-71.31642931
19230,10/23/2019,October,Wednesday,6:22,2,1,0,0,Single vehicle crash,V1: Travelling straight ahead,V1: N,Wet,Dark - lighted roadway,Rain,0.21,0,60,47,FALSE,41.93415171,-71.28496403
19231,10/23/2019,October,Wednesday,6:44,1,2,0,0,Angle,V1: Travelling straight ahead / V2: Turning right,V1: E  / V2: N,Wet,Dawn,Rain,0.21,0,60,47,FALSE,41.93779791,-71.29348849
19232,10/23/2019,October,Wednesday,7:25,1,2,0,0,Rear-end,V1: Slowing or stopped in traffic / V2: Travelling straight ahead,V1: S  / V2: S,Wet,Daylight,Rain,0.21,0,60,47,FALSE,41.93357119,-71.30035285
19233,10/24/2019,October,Thursday,6:49,1,2,0,0,Front to Front,V1: Turning right / V2: Turning left,V1: S  / V2: E,Dry,Daylight,Clear,0.24,0,66,35,FALSE,41.94765588,-71.27880993
19234,10/24/2019,October,Thursday,9:46,1,2,0,0,Angle,V1: Turning left / V2: Travelling straight ahead,V1: S  / V2: E,Dry,Daylight,Clear,0.24,0,66,35,FALSE,41.9477973,-71.27863901
19235,10/24/2019,October,Thursday,15:51,1,2,0,0,Angle,V1: Changing lanes / V2: Travelling straight ahead,V1: N  / V2: N,Dry,Daylight,Clear,0.24,0,66,35,FALSE,41.91035947,-71.36314658
19236,10/24/2019,October,Thursday,18:33,2,2,0,0,Head-on,V1: Turning left / V2: Travelling straight ahead,V1: E  / V2: W,Dry,Dark - lighted roadway,Clear,0.24,0,66,35,FALSE,41.89871736,-71.3550176
19237,10/26/2019,October,Saturday,8:54,2,1,0,0,Single vehicle crash,V1: Travelling straight ahead,V1: W,Dry,Daylight,Clear,0.01,0,66,43,FALSE,41.95150821,-71.29710031
19238,10/26/2019,October,Saturday,14:14,1,2,0,0,Rear-end,V1: Entering traffic lane / V2: Entering traffic lane,V1: N  / V2: N,Dry,Daylight,Cloudy,0.01,0,66,43,FALSE,41.90235067,-71.35584227
19239,10/27/2019,October,Sunday,2:30,1,1,0,0,Single vehicle crash,V1: Travelling straight ahead,V1: E,Dry,Dark - lighted roadway,Clear,0,0,59,40,FALSE,41.93127032,-71.29114995
19240,10/27/2019,October,Sunday,10:26,2,2,0,0,Head-on,V1: Travelling straight ahead / V2: Slowing or stopped in traffic,V1: E  / V2: E,Wet,Daylight,Rain,0,0,59,40,FALSE,41.94377457,-71.28513191
19241,10/27/2019,October,Sunday,14:00,1,2,0,0,"Sideswipe, same direction",V1: Changing lanes / V2: Travelling straight ahead,V1: E  / V2: E,Wet,Daylight,Rain,0,0,59,40,FALSE,41.91969168,-71.35912045
19242,10/27/2019,October,Sunday,14:03,1,2,0,0,Head-on,V1: Travelling straight ahead / V2: Travelling straight ahead,V1: W  / V2: N,Wet,Daylight,Rain,0,0,59,40,FALSE,41.93531192,-71.28487744
19243,10/27/2019,October,Sunday,14:54,1,1,0,0,Single vehicle crash,V1: Travelling straight ahead,V1: S,Wet,Daylight,Cloudy/Rain,0,0,59,40,FALSE,41.89534434,-71.37527564
19244,10/27/2019,October,Sunday,23:00,2,2,0,0,Angle,V1: Travelling straight ahead / V2: Travelling straight ahead,V1: E  / V2: S,Dry,Dark - lighted roadway,Clear,0,0,59,40,FALSE,41.93840858,-71.28352591
19245,10/28/2019,October,Monday,15:31,2,2,0,0,Angle,V1: Turning left / V2: Travelling straight ahead,V1: W  / V2: S,Dry,Daylight,Cloudy,1.19,0,54,49,FALSE,41.91193931,-71.35877489
19246,10/28/2019,October,Monday,16:47,1,2,0,0,Angle,V1: Entering traffic lane / V2: Travelling straight ahead,V1: E  / V2: S,Dry,Daylight,Cloudy,1.19,0,54,49,FALSE,41.92644259,-71.35554103