ID,DATE,Month,Day of week,Crash Time,Crash Severity,Number of Vehicles,Total Nonfatal Injuries,Total Fatal Injuries,Manner of Collision,Vehicle Action Prior to Crash,Vehicle Travel Directions,Road Surface Condition,Ambient Light,Weather Condition,PRCP,SNOW,TMAX,TMIN,Ice,Longtitute,Latitute
19247,10/28/2019,October,Monday,18:17,1,2,0,0,Rear-end,V1: Travelling straight ahead / V2: Travelling straight ahead,V1: W  / V2: W,Wet,Dark - lighted roadway,Cloudy/Rain,1.19,0,54,49,FALSE,41.94290043,-71.28636176
19248,10/28/2019,October,Monday,19:23,1,1,0,0,Head-on,V1: Travelling straight ahead,V1: S,Wet,Dark - lighted roadway,Rain,1.19,0,54,49,FALSE,41.91549077,-71.25741115
19249,10/29/2019,October,Tuesday,17:57,1,1,0,0,Single vehicle crash,V1: Travelling straight ahead,V1: W,Dry,Dusk,Clear,0.04,0,55,49,FALSE,41.9277186,-71.34112026
19250,10/30/2019,October,Wednesday,9:18,1,2,0,0,Angle,V1: Entering traffic lane / V2: Travelling straight ahead,V1: E  / V2: S,Dry,Daylight,Cloudy,0.01,0,57,49,FALSE,41.93624398,-71.26400311
19251,10/30/2019,October,Wednesday,9:38,2,1,0,0,Single vehicle crash,V1: Parked,V1: W,Dry,Daylight,Fog,0.01,0,57,49,FALSE,41.95089711,-71.27231934
19252,10/30/2019,October,Wednesday,14:07,1,1,0,0,Single vehicle crash,V1: Turning right,V1: E,"Sand, mud, dirt, oil, gravel",Daylight,Cloudy,0.01,0,57,49,FALSE,34.24438675,-73.6513909
19253,10/30/2019,October,Wednesday,16:27,1,2,0,0,"Sideswipe, same direction",V1: Changing lanes / V2: Travelling straight ahead,V1: W  / V2: W,Wet,Daylight,Cloudy/Rain,0.01,0,57,49,FALSE,41.95019519,-71.27516443
19254,10/30/2019,October,Wednesday,16:58,1,2,0,0,Angle,V1: Entering traffic lane / V2: Travelling straight ahead,V1: W  / V2: N,Wet,Daylight,Rain,0.01,0,57,49,FALSE,41.92851549,-71.35410853
19255,10/30/2019,October,Wednesday,17:05,1,2,0,0,Front to Rear,V1: Slowing or stopped in traffic / V2: Slowing or stopped in traffic,V1: S  / V2: S,Wet,Daylight,Cloudy/Rain,0.01,0,57,49,FALSE,41.94450501,-71.28411703
19256,10/30/2019,October,Wednesday,17:42,1,1,0,0,Angle,V1: Turning left,V1: S,Wet,Dark - lighted roadway,Rain,0.01,0,57,49,FALSE,41.91329854,-71.30797099
19257,10/30/2019,October,Wednesday,18:05,1,2,0,0,Angle,V1: Turning right / V2: Travelling straight ahead,V1: E  / V2: S,Wet,Dark - lighted roadway,Cloudy/Rain,0.01,0,57,49,FALSE,41.9348634,-71.29887284
19258,10/30/2019,October,Wednesday,18:57,1,1,0,0,Single vehicle crash,V1: Travelling straight ahead,V1: W,Wet,Dark - lighted roadway,Rain,0.01,0,57,49,FALSE,41.92382225,-71.35169077
19259,10/30/2019,October,Wednesday,21:48,1,2,0,0,"Sideswipe, same direction",V1: Changing lanes / V2: Travelling straight ahead,V1: S  / V2: S,Wet,Dark - lighted roadway,Rain,0.01,0,57,49,FALSE,41.90963472,-71.3635169
19260,10/31/2019,October,Thursday,5:30,2,2,0,0,"Sideswipe, same direction",V1: Travelling straight ahead / V2: Travelling straight ahead,V1: N  / V2: N,Wet,Dark - roadway not lighted,Rain,0.21,0,67,52,FALSE,41.954873,-71.30196546
19261,10/31/2019,October,Thursday,7:24,1,2,0,0,"Sideswipe, same direction",V1: Changing lanes / V2: Travelling straight ahead,V1: N  / V2: N,Wet,Daylight,Cloudy/Rain,0.21,0,67,52,FALSE,41.92659587,-71.32490036
19262,10/31/2019,October,Thursday,9:15,1,1,0,0,Angle,V1: Making U-turn,V1: E,Wet,Daylight,Cloudy/Rain,0.21,0,67,52,FALSE,41.93521264,-71.27750471
19263,10/31/2019,October,Thursday,11:56,1,2,0,0,Rear-end,V1: Slowing or stopped in traffic / V2: Leaving traffic lane,V1: N  / V2: N,Wet,Daylight,Cloudy/Rain,0.21,0,67,52,FALSE,41.91035947,-71.36314658
19264,10/31/2019,October,Thursday,12:18,1,2,0,0,Angle,V1: Turning left / V2: Travelling straight ahead,V1: E  / V2: N,Wet,Daylight,Cloudy/Rain,0.21,0,67,52,FALSE,41.94140605,-71.28436439
19265,10/31/2019,October,Thursday,12:27,1,2,0,0,Angle,V1: Turning right / V2: Slowing or stopped in traffic,V1: N  / V2: W,Wet,Daylight,Cloudy/Rain,0.21,0,67,52,FALSE,41.90964751,-71.36351027
19266,10/31/2019,October,Thursday,13:44,1,2,0,0,Angle,V1: Turning left / V2: Travelling straight ahead,V1: E  / V2: N,Wet,Daylight,Cloudy/Rain,0.21,0,67,52,FALSE,41.9198727,-71.35727438
19267,10/31/2019,October,Thursday,15:27,1,1,0,0,Single vehicle crash,V1: Travelling straight ahead,V1: S,Wet,Daylight,Rain,0.21,0,67,52,FALSE,41.89938073,-71.35524848
19268,11/1/2019,November,Friday,7:59,1,2,0,0,Front to Rear,V1: Travelling straight ahead / V2: Slowing or stopped in traffic,V1: E  / V2: E,Dry,Daylight,Clear,0.3,0,70,51,FALSE,41.94292045,-71.27681606
19269,11/1/2019,November,Friday,22:13,2,1,0,0,Single vehicle crash,V1: Travelling straight ahead,V1: W,Dry,Dark - lighted roadway,Clear,0.3,0,70,51,FALSE,41.92387717,-71.35158914
19270,11/2/2019,November,Saturday,14:44,1,3,0,0,Head-on,V1: Travelling straight ahead / V2: Travelling straight ahead / V3: Slowing or stopped in traffic,V1: S  / V2: N  / V3: S,Wet,Daylight,Rain,0,0,56,28,TRUE,41.91816134,-71.25763888
19271,11/2/2019,November,Saturday,18:40,1,2,0,0,Angle,V1: Turning right / V2: Turning left,V1: S  / V2: S,Dry,Dark - lighted roadway,Clear,0,0,56,28,TRUE,41.92508738,-71.35628348
19272,11/2/2019,November,Saturday,22:33,1,2,0,0,Angle,V1: Turning left / V2: Travelling straight ahead,V1: W  / V2: S,Dry,Dark - lighted roadway,Clear,0,0,56,28,TRUE,41.91035947,-71.36314658
19273,11/3/2019,November,Sunday,18:34,1,1,0,0,Single vehicle crash,V1: Travelling straight ahead,V1: N,Dry,Dark - lighted roadway,Clear,0,0,50,28,TRUE,41.94288555,-71.29388333
19274,11/4/2019,November,Monday,13:23,2,2,0,0,Angle,V1: Travelling straight ahead / V2: Backing,V1: W  / V2: N,Dry,Daylight,Clear,0,0,54,27,TRUE,41.94224487,-71.2716422
19275,11/4/2019,November,Monday,14:13,1,2,0,0,Front to Rear,V1: Travelling straight ahead / V2: Travelling straight ahead,V1: S  / V2: S,Dry,Daylight,Clear,0,0,54,27,TRUE,41.96306612,-71.28865133
19276,11/4/2019,November,Monday,16:38,1,2,0,0,Angle,V1: Travelling straight ahead / V2: Travelling straight ahead,V1: E  / V2: E,Dry,Dark - lighted roadway,Clear,0,0,54,27,TRUE,41.94379863,-71.27981198
19277,11/5/2019,November,Tuesday,6:12,1,3,0,0,Rear-end,V1: Travelling straight ahead / V2: Slowing or stopped in traffic / V3: Slowing or stopped in traffic,V1: N  / V2: N  / V3: N,Dry,Dusk,Clear,0.02,0,53,29,TRUE,41.92886018,-71.3230987
19278,11/5/2019,November,Tuesday,7:28,1,2,0,0,Angle,V1: Travelling straight ahead / V2: Travelling straight ahead,V1: E  / V2: W,Dry,Daylight,Cloudy,0.02,0,53,29,TRUE,41.93386542,-71.30225536
19279,11/5/2019,November,Tuesday,8:40,1,2,0,0,"Sideswipe, same direction",V1: 0 / V2: 0,V1: S  / V2: S,Dry,Daylight,Cloudy,0.02,0,53,29,TRUE,41.90998013,-71.35802082
19280,11/5/2019,November,Tuesday,12:39,1,2,0,0,Front to Rear,V1: Slowing or stopped in traffic / V2: Slowing or stopped in traffic,V1: E  / V2: E,Wet,Daylight,Cloudy/Rain,0.02,0,53,29,TRUE,41.93457798,-71.29922805
19281,11/5/2019,November,Tuesday,15:11,2,2,0,0,Angle,V1: Entering traffic lane / V2: Travelling straight ahead,V1: W  / V2: N,Wet,Daylight,Cloudy/Rain,0.02,0,53,29,TRUE,41.95484304,-71.28856385
19282,11/5/2019,November,Tuesday,16:40,1,2,0,0,Rear-end,V1: Travelling straight ahead / V2: Slowing or stopped in traffic,V1: N  / V2: N,Wet,Dark - roadway not lighted,Cloudy/Rain,0.02,0,53,29,TRUE,41.95428778,-71.3119492
19283,11/5/2019,November,Tuesday,20:43,0,1,0,0,Single vehicle crash,V1: Other,V1: S,Wet,Dark - roadway not lighted,Cloudy,0.02,0,53,29,TRUE,41.92886018,-71.3230987
19284,11/6/2019,November,Wednesday,11:52,1,2,0,0,Angle,V1: Backing / V2: Slowing or stopped in traffic,V1: 0 / V2: 0,Dry,Daylight,Clear,0.32,0,56,34,FALSE,41.90978961,-71.35971733
19285,11/6/2019,November,Wednesday,14:43,1,2,0,0,Front to Rear,V1: Slowing or stopped in traffic / V2: Slowing or stopped in traffic,V1: E  / V2: E,Dry,Daylight,Clear,0.32,0,56,34,FALSE,41.9341021,-71.30369928
19286,11/7/2019,November,Thursday,7:48,1,2,0,0,Front to Rear,V1: Changing lanes / V2: Travelling straight ahead,V1: E  / V2: E,Dry,Daylight,Clear,0,0,51,29,TRUE,41.95181537,-71.28985984
19287,11/7/2019,November,Thursday,19:09,1,1,0,0,Single vehicle crash,V1: Turning left,V1: W,Wet,Dark - lighted roadway,Cloudy/Rain,0,0,51,29,TRUE,41.92890675,-71.35392632
19288,11/8/2019,November,Friday,12:20,1,2,0,0,"Sideswipe, same direction",V1: Overtaking/passing / V2: Changing lanes,V1: N  / V2: N,Dry,Daylight,Clear,0.18,0,57,31,TRUE,41.90231844,-71.35595143
19289,11/8/2019,November,Friday,15:53,2,2,0,0,Angle,V1: Entering traffic lane / V2: Travelling straight ahead,V1: W  / V2: N,Dry,Daylight,Clear,0.18,0,57,31,TRUE,41.89733197,-71.36979234
19290,11/8/2019,November,Friday,16:37,1,2,0,0,Angle,V1: Turning left / V2: Travelling straight ahead,V1: N  / V2: S,Dry,Dusk,Clear,0.18,0,57,31,TRUE,41.95181537,-71.28985984
19291,11/8/2019,November,Friday,19:06,1,2,0,0,"Sideswipe, same direction",V1: Changing lanes / V2: Travelling straight ahead,V1: W  / V2: W,Dry,Dark - lighted roadway,Clear,0.18,0,57,31,TRUE,41.95076301,-71.27397064
19292,11/9/2019,November,Saturday,12:37,2,2,0,0,Rear-end,V1: Travelling straight ahead / V2: Travelling straight ahead,V1: N  / V2: N,Dry,Daylight,Clear,0,0,36,20,TRUE,41.93006445,-71.35341875
19293,11/10/2019,November,Sunday,13:55,1,2,0,0,Rear-end,V1: Slowing or stopped in traffic / V2: Slowing or stopped in traffic,V1: W  / V2: W,Dry,Daylight,Clear,0,0,38,22,TRUE,41.93320593,-71.29865397
19294,11/10/2019,November,Sunday,15:13,1,2,0,0,Angle,V1: Backing / V2: Parked,V1: N  / V2: N,Dry,Daylight,Cloudy,0,0,38,22,TRUE,41.93531192,-71.28487744
19295,11/10/2019,November,Sunday,23:44,1,1,0,0,Single vehicle crash,V1: Travelling straight ahead,V1: N,Dry,Dark - 0 roadway lighting,Clear,0,0,38,22,TRUE,34.24438675,-73.6513909
19296,11/11/2019,November,Monday,21:02,2,4,0,0,Angle,V1: Travelling straight ahead / V2: Travelling straight ahead / V3: Slowing or stopped in traffic / V4: Slowing or stopped in traffic,V1: S  / V2: W  / V3: E  / V4: E,Dry,Dark - lighted roadway,Clear,0,0,51,24,TRUE,41.92014284,-71.35719783
19297,11/12/2019,November,Tuesday,5:19,1,2,0,0,Angle,V1: Travelling straight ahead / V2: Turning left,V1: W  / V2: E,Dry,Dark - lighted roadway,Clear,0,0,60,36,FALSE,41.93407114,-71.31626473
19298,11/12/2019,November,Tuesday,5:50,1,2,0,0,Rear-end,V1: Slowing or stopped in traffic / V2: Travelling straight ahead,V1: N  / V2: N,Dry,Dawn,Clear,0,0,60,36,FALSE,41.95525471,-71.3031754
19299,11/12/2019,November,Tuesday,15:04,1,1,0,0,"Sideswipe, same direction",V1: Travelling straight ahead,V1: E,Wet,Daylight,Rain,0,0,60,36,FALSE,41.89619549,-71.36646765
19300,11/12/2019,November,Tuesday,20:30,1,2,0,0,"Sideswipe, same direction",V1: Changing lanes / V2: Travelling straight ahead,V1: N  / V2: N,Dry,Dark - roadway not lighted,Clear,0,0,60,36,FALSE,41.90053869,-71.36201959
19301,11/13/2019,November,Wednesday,8:39,1,2,0,0,Angle,V1: Entering traffic lane / V2: Travelling straight ahead,V1: E  / V2: S,Dry,Daylight,Clear,0.16,0,49,18,TRUE,41.93840858,-71.28352591
19302,11/13/2019,November,Wednesday,14:24,1,1,0,0,Head-on,V1: Travelling straight ahead,V1: E,Dry,Daylight,Clear,0.16,0,49,18,TRUE,41.91257592,-71.27073366
19303,11/13/2019,November,Wednesday,18:10,1,2,0,0,Rear-end,V1: Slowing or stopped in traffic / V2: Travelling straight ahead,V1: N  / V2: N,Dry,Dark - roadway not lighted,Clear,0.16,0,49,18,TRUE,41.90053869,-71.36201959
19304,11/13/2019,November,Wednesday,19:33,2,2,0,0,Rear-end,V1: Travelling straight ahead / V2: Entering traffic lane,V1: N  / V2: N,Dry,Dark - lighted roadway,Clear,0.16,0,49,18,TRUE,41.93397754,-71.31905247
19305,11/14/2019,November,Thursday,10:51,1,2,0,0,Rear to Side,V1: Backing / V2: Parked,V1: 0 / V2: 0,Dry,Daylight,Clear,0,0,30,15,TRUE,41.91080764,-71.3629186
19306,11/14/2019,November,Thursday,17:01,1,2,0,0,"Sideswipe, same direction",V1: Changing lanes / V2: Travelling straight ahead,V1: N  / V2: N,Dry,Dark - lighted roadway,Clear,0,0,30,15,TRUE,41.90998013,-71.35802082
19307,11/14/2019,November,Thursday,19:38,1,1,0,0,Single vehicle crash,V1: Travelling straight ahead,V1: S,Dry,Dark - roadway not lighted,Clear,0,0,30,15,TRUE,41.92927403,-71.32377045
19308,11/15/2019,November,Friday,7:59,2,2,0,0,Angle,V1: Travelling straight ahead / V2: Turning left,V1: S  / V2: E,Dry,Daylight,Clear,0,0,40,17,TRUE,41.95401986,-71.28889809
19309,11/15/2019,November,Friday,12:30,1,2,0,0,Rear-end,V1: Entering traffic lane / V2: Entering traffic lane,V1: N  / V2: N,Dry,Daylight,Clear,0,0,40,17,TRUE,41.90235067,-71.35584227
19310,11/15/2019,November,Friday,14:12,1,2,0,0,Rear-end,V1: Travelling straight ahead / V2: Travelling straight ahead,V1: S  / V2: S,Dry,Daylight,Cloudy,0,0,40,17,TRUE,41.93396137,-71.28497308
19311,11/15/2019,November,Friday,15:54,1,2,0,0,Head-on,V1: Travelling straight ahead / V2: Slowing or stopped in traffic,V1: E  / V2: E,Dry,Daylight,Clear,0,0,40,17,TRUE,41.9348634,-71.29887284
19312,11/16/2019,November,Saturday,10:27,1,2,0,0,Angle,V1: Travelling straight ahead / V2: Travelling straight ahead,V1: S  / V2: W,Dry,Daylight,Clear,0,0,54,24,TRUE,41.94396167,-71.27662963
19313,11/16/2019,November,Saturday,15:39,2,1,0,0,Head-on,V1: Leaving traffic lane,V1: W,Dry,Daylight,Clear,0,0,54,24,TRUE,41.89860495,-71.34663386
19314,11/16/2019,November,Saturday,15:40,1,2,0,0,Rear-end,V1: Travelling straight ahead / V2: Changing lanes,V1: S  / V2: S,Dry,Daylight,Clear,0,0,54,24,TRUE,41.90261276,-71.35590972
19315,11/16/2019,November,Saturday,22:10,2,3,0,0,Angle,V1: Travelling straight ahead / V2: Parked / V3: Parked,V1: E  / V2: 0 / V3: 0,Dry,Dark - lighted roadway,Clear,0,0,54,24,TRUE,41.94342488,-71.27867504
19316,11/16/2019,November,Saturday,22:45,1,2,0,0,"Sideswipe, opposite direction",V1: Travelling straight ahead / V2: Parked,V1: E  / V2: W,Dry,Dark - lighted roadway,Clear,0,0,54,24,TRUE,41.90796561,-71.30104241
19317,11/17/2019,November,Sunday,13:03,1,2,0,0,Rear-end,V1: Travelling straight ahead / V2: Turning left,V1: W  / V2: W,Dry,Daylight,Clear,0,0,36,25,TRUE,41.93874704,-71.29215576
19318,11/17/2019,November,Sunday,16:58,1,2,0,0,Angle,V1: Entering traffic lane / V2: Travelling straight ahead,V1: E  / V2: E,Dry,Dark - lighted roadway,Clear,0,0,36,25,TRUE,41.92508738,-71.35628348
19319,11/18/2019,November,Monday,11:22,1,2,0,0,Angle,V1: Backing / V2: Parked,V1: E  / V2: 0,Dry,Daylight,Cloudy,0.03,0,43,26,TRUE,41.90050571,-71.32920722
19320,11/18/2019,November,Monday,12:00,1,2,0,0,Angle,V1: Travelling straight ahead / V2: Slowing or stopped in traffic,V1: N  / V2: S,Wet,Daylight,Rain,0.03,0,43,26,TRUE,41.90364333,-71.37592274
19321,11/19/2019,November,Tuesday,9:56,1,2,0,0,Rear-end,V1: Slowing or stopped in traffic / V2: Slowing or stopped in traffic,V1: N  / V2: N,Wet,Daylight,Cloudy/Rain,0.59,0,39,36,FALSE,41.90998013,-71.35802082
19322,11/19/2019,November,Tuesday,12:21,1,2,0,0,Rear-end,V1: Travelling straight ahead / V2: Travelling straight ahead,V1: N  / V2: N,Dry,Daylight,Clear,0.59,0,39,36,FALSE,41.92376028,-71.3568036
19323,11/19/2019,November,Tuesday,12:58,1,1,0,0,"Sideswipe, opposite direction",V1: Travelling straight ahead,V1: E,Dry,Daylight,Cloudy,0.59,0,39,36,FALSE,41.95336544,-71.27879974
19324,11/19/2019,November,Tuesday,17:32,1,2,0,0,"Sideswipe, same direction",V1: Travelling straight ahead / V2: Turning left,V1: E  / V2: E,Dry,Dark - lighted roadway,Clear,0.59,0,39,36,FALSE,41.95358311,-71.26631062
19325,11/19/2019,November,Tuesday,17:55,1,3,0,0,Head-on,V1: Travelling straight ahead / V2: Slowing or stopped in traffic / V3: Slowing or stopped in traffic,V1: E  / V2: N  / V3: N,Dry,Dark - lighted roadway,Clear,0.59,0,39,36,FALSE,41.93779791,-71.29348849
19326,11/20/2019,November,Wednesday,9:34,1,1,0,0,Single vehicle crash,V1: Travelling straight ahead,V1: S,Wet,Daylight,Cloudy/Rain,0.02,0,45,39,FALSE,41.96615221,-71.27208497
19327,11/20/2019,November,Wednesday,12:24,1,2,0,0,Front to Rear,V1: Travelling straight ahead / V2: Slowing or stopped in traffic,V1: N  / V2: N,Wet,Daylight,Rain,0.02,0,45,39,FALSE,41.95931508,-71.28774175
19328,11/20/2019,November,Wednesday,15:36,1,2,0,0,Front to Rear,V1: Slowing or stopped in traffic / V2: Travelling straight ahead,V1: N  / V2: N,Wet,Daylight,Rain,0.02,0,45,39,FALSE,41.89947708,-71.35515679
19329,11/20/2019,November,Wednesday,19:57,1,2,0,0,Rear-end,V1: Slowing or stopped in traffic / V2: Travelling straight ahead,V1: E  / V2: E,Wet,Dark - lighted roadway,Cloudy/Rain,0.02,0,45,39,FALSE,41.96940236,-71.29355421
19330,11/20/2019,November,Wednesday,22:37,1,2,0,0,Rear-to-rear,V1: Backing / V2: Parked,V1: E  / V2: N,Wet,Dark - lighted roadway,Clear,0.02,0,45,39,FALSE,41.94588832,-71.28072539
19331,11/21/2019,November,Thursday,6:05,1,1,0,0,Single vehicle crash,V1: Travelling straight ahead,V1: N,Ice,Dawn,Rain,0.03,0,40,31,TRUE,34.24438675,-73.6513909
19332,11/21/2019,November,Thursday,7:29,2,2,0,0,Rear-end,V1: Travelling straight ahead / V2: Slowing or stopped in traffic,V1: E  / V2: E,Dry,Daylight,Clear,0.03,0,40,31,TRUE,41.93394954,-71.30903287
19333,11/21/2019,November,Thursday,9:31,1,1,0,0,0,V1: Slowing or stopped in traffic,V1: N,Dry,Daylight,Clear,0.03,0,40,31,TRUE,41.90682608,-71.35698152
19334,11/21/2019,November,Thursday,16:54,1,2,0,0,Angle,V1: Entering traffic lane / V2: Travelling straight ahead,V1: N  / V2: N,Dry,Dark - lighted roadway,Clear,0.03,0,40,31,TRUE,41.89563825,-71.37065751
19335,11/21/2019,November,Thursday,19:09,2,2,0,0,Rear-end,V1: Travelling straight ahead / V2: Slowing or stopped in traffic,V1: S  / V2: S,Dry,Dark - lighted roadway,Clear,0.03,0,40,31,TRUE,41.89780425,-71.36954939
19336,11/22/2019,November,Friday,6:20,2,2,0,0,Rear-end,V1: Travelling straight ahead / V2: Travelling straight ahead,V1: N  / V2: N,Dry,Dawn,Clear,0,0,50,31,TRUE,34.24438675,-73.6513909
19337,11/22/2019,November,Friday,8:17,1,2,0,0,Front to Rear,V1: Travelling straight ahead / V2: Changing lanes,V1: W  / V2: W,Wet,Daylight,Rain,0,0,50,31,TRUE,41.95056017,-71.27440404
19338,11/22/2019,November,Friday,9:39,1,1,0,0,Rear to Side,V1: Backing,V1: W,Wet,Daylight,Rain,0,0,50,31,TRUE,34.24438675,-73.6513909
19339,11/22/2019,November,Friday,12:22,1,2,0,0,"Sideswipe, same direction",V1: Travelling straight ahead / V2: Travelling straight ahead,V1: S  / V2: S,Dry,Daylight,Clear,0,0,50,31,TRUE,41.92298549,-71.35714758
19340,11/22/2019,November,Friday,15:35,1,2,0,0,Angle,V1: Travelling straight ahead / V2: Turning left,V1: E  / V2: W,Wet,Dusk,Cloudy/Rain,0,0,50,31,TRUE,41.93623387,-71.28481204
19341,11/22/2019,November,Friday,16:44,1,2,0,0,Angle,V1: Entering traffic lane / V2: Travelling straight ahead,V1: W  / V2: N,Wet,Dark - lighted roadway,Clear,0,0,50,31,TRUE,41.90964751,-71.36351027
19342,11/23/2019,November,Saturday,12:15,2,3,0,0,"Sideswipe, same direction",V1: Changing lanes / V2: Travelling straight ahead / V3: Travelling straight ahead,V1: N  / V2: N  / V3: N,Dry,Daylight,Clear,0.11,0,54,27,TRUE,34.24438675,-73.6513909
19343,11/23/2019,November,Saturday,12:46,1,2,0,0,Front to Rear,V1: Travelling straight ahead / V2: Slowing or stopped in traffic,V1: N  / V2: N,Dry,Daylight,Clear,0.11,0,54,27,TRUE,41.91981411,-71.35860614
19344,11/23/2019,November,Saturday,20:58,1,2,0,0,Head-on,V1: Turning left / V2: Travelling straight ahead,V1: N  / V2: W,Dry,Dark - lighted roadway,Clear,0.11,0,54,27,TRUE,41.91723587,-71.37241025
19345,11/24/2019,November,Sunday,11:20,1,1,0,0,Single vehicle crash,V1: Slowing or stopped in traffic,V1: S,Wet,Daylight,Rain,0.13,0,44,27,TRUE,41.90261276,-71.35590972
19346,11/24/2019,November,Sunday,16:05,1,1,0,0,Single vehicle crash,V1: Travelling straight ahead,V1: S,Wet,Dawn,Cloudy/Rain,0.13,0,44,27,TRUE,41.93804592,-71.31642931
19347,11/25/2019,November,Monday,5:32,1,2,0,0,Rear-end,V1: Travelling straight ahead / V2: Slowing or stopped in traffic,V1: E  / V2: E,Wet,Dark - lighted roadway,Cloudy,1.37,0,47,34,FALSE,41.91341431,-71.32490068
19348,11/25/2019,November,Monday,12:22,2,2,0,0,Rear-end,V1: Travelling straight ahead / V2: Slowing or stopped in traffic,V1: E  / V2: E,Dry,Daylight,Cloudy,1.37,0,47,34,FALSE,41.93397754,-71.31905247
19349,11/25/2019,November,Monday,14:06,1,2,0,0,Angle,V1: Entering traffic lane / V2: Travelling straight ahead,V1: S  / V2: E,Dry,Daylight,Clear,1.37,0,47,34,FALSE,41.94445958,-71.28176192
19350,11/25/2019,November,Monday,15:26,1,2,0,0,Rear-end,V1: Changing lanes / V2: Travelling straight ahead,V1: S  / V2: S,Dry,Daylight,Clear,1.37,0,47,34,FALSE,41.89903243,-71.355186
19351,11/25/2019,November,Monday,15:32,1,2,0,0,"Sideswipe, same direction",V1: Travelling straight ahead / V2: Parked,V1: W  / V2: W,Dry,Daylight,Clear,1.37,0,47,34,FALSE,41.94647147,-71.28778045
19352,11/25/2019,November,Monday,16:00,1,2,0,0,Rear-end,V1: Travelling straight ahead / V2: Slowing or stopped in traffic,V1: W  / V2: W,Dry,Dusk,Clear,1.37,0,47,34,FALSE,41.93603693,-71.28290673
19353,11/25/2019,November,Monday,17:05,1,1,0,0,Single vehicle crash,V1: Travelling straight ahead,V1: E,Dry,Dark - roadway not lighted,Clear,1.37,0,47,34,FALSE,41.89845472,-71.36501735
19354,11/25/2019,November,Monday,17:30,1,2,0,0,Angle,V1: Travelling straight ahead / V2: Turning left,V1: N  / V2: E,Dry,Dark - lighted roadway,Clear,1.37,0,47,34,FALSE,41.92644259,-71.35554103
19355,11/26/2019,November,Tuesday,7:19,1,2,0,0,"Sideswipe, same direction",V1: Changing lanes / V2: Changing lanes,V1: W  / V2: W,Dry,Daylight,Clear,0,0,51,31,TRUE,41.93407114,-71.31626473
19356,11/26/2019,November,Tuesday,15:57,2,2,0,0,Angle,V1: Making U-turn / V2: Travelling straight ahead,V1: W  / V2: E,Dry,Daylight,Clear,0,0,51,31,TRUE,41.93052559,-71.33609378
19357,11/26/2019,November,Tuesday,16:27,1,2,0,0,Front to Rear,V1: Travelling straight ahead / V2: Slowing or stopped in traffic,V1: E  / V2: E,Dry,Dark - lighted roadway,Clear,0,0,51,31,TRUE,41.95282218,-71.29362456
19358,11/27/2019,November,Wednesday,17:04,1,1,0,0,Single vehicle crash,V1: Travelling straight ahead,V1: N,Dry,Dark - lighted roadway,Clear,0,0,59,31,TRUE,41.97692882,-71.27775117
19359,11/28/2019,November,Thursday,13:29,2,2,0,0,Front to Rear,V1: Turning right / V2: Travelling straight ahead,V1: W  / V2: W,Dry,Daylight,Clear,0.19,0,53,33,FALSE,41.93407114,-71.31626473
19360,11/29/2019,November,Friday,7:57,1,2,0,0,Front to Rear,V2: Parked / V1: Backing,V2: 0 / V1: S,Dry,Daylight,Clear,0.01,0,45,31,TRUE,41.93289515,-71.27792684
19361,11/29/2019,November,Friday,11:49,1,2,0,0,Angle,V1: Turning left / V2: Travelling straight ahead,V1: W  / V2: N,Dry,Daylight,Clear,0.01,0,45,31,TRUE,41.9115829,-71.36253093
19362,11/29/2019,November,Friday,12:48,2,2,0,0,"Sideswipe, same direction",V1: 0 / V2: Slowing or stopped in traffic,V1: S  / V2: S,Dry,Daylight,Clear,0.01,0,45,31,TRUE,41.92298549,-71.35714758
19363,11/29/2019,November,Friday,17:13,1,1,0,0,Head-on,V1: Travelling straight ahead,V1: W,Dry,Dark - lighted roadway,Clear,0.01,0,45,31,TRUE,41.90529604,-71.33573163
19364,11/29/2019,November,Friday,18:14,1,1,0,0,Single vehicle crash,V1: Travelling straight ahead,V1: S,Dry,Dark - roadway not lighted,Clear,0.01,0,45,31,TRUE,41.95547759,-71.30411407
19365,11/30/2019,November,Saturday,8:58,1,1,0,0,Single vehicle crash,V1: Turning left,V1: S,Dry,Daylight,Clear,0,0,41,27,TRUE,41.93409417,-71.29982985
19366,11/30/2019,November,Saturday,9:37,1,2,0,0,"Sideswipe, same direction",V1: Travelling straight ahead / V2: Parked,V1: W  / V2: W,Dry,Daylight,Clear,0,0,41,27,TRUE,41.94606205,-71.28850993
19367,11/30/2019,November,Saturday,9:41,1,2,0,0,Rear-end,V1: Travelling straight ahead / V2: Travelling straight ahead,V1: W  / V2: W,Dry,Daylight,Clear,0,0,41,27,TRUE,41.92508738,-71.35628348
19368,11/30/2019,November,Saturday,11:41,1,2,0,0,Rear-end,V1: Travelling straight ahead / V2: Slowing or stopped in traffic,V1: E  / V2: E,Dry,Daylight,Clear,0,0,41,27,TRUE,41.93397754,-71.31905247