ID,DATE,Month,Day of week,Crash Time,Crash Severity,Number of Vehicles,Total Nonfatal Injuries,Total Fatal Injuries,Manner of Collision,Vehicle Action Prior to Crash,Vehicle Travel Directions,Road Surface Condition,Ambient Light,Weather Condition,PRCP,SNOW,TMAX,TMIN,Ice,Longtitute,Latitute
19369,12/1/2019,December,Sunday,4:43,2,1,0,0,Angle,V1: Travelling straight ahead,V1: W,Dry,Dark - lighted roadway,Clear,0,0,37,17,TRUE,41.93464011,-71.29915072
19370,12/1/2019,December,Sunday,9:05,1,2,0,0,"Sideswipe, same direction",V1: Travelling straight ahead / V2: Travelling straight ahead,V1: S  / V2: S,Dry,Daylight,Cloudy,0,0,37,17,TRUE,41.92927403,-71.32377045
19371,12/1/2019,December,Sunday,12:49,2,2,0,0,Rear-end,V1: Travelling straight ahead / V2: Slowing or stopped in traffic,V1: S  / V2: S,Dry,Daylight,Cloudy,0,0,37,17,TRUE,41.90261305,-71.35590872
19372,12/1/2019,December,Sunday,14:50,1,1,0,0,Single vehicle crash,V1: Travelling straight ahead,V1: N,Dry,Daylight,Cloudy,0,0,37,17,TRUE,41.95593405,-71.30346756
19373,12/1/2019,December,Sunday,20:15,1,2,0,0,Angle,V1: Travelling straight ahead / V2: Travelling straight ahead,V1: S  / V2: W,Snow,Dark - lighted roadway,Snow,0,0,37,17,TRUE,41.95437986,-71.25499915
19374,12/2/2019,December,Monday,8:55,1,2,0,0,Angle,V1: Turning left / V2: Travelling straight ahead,V1: S  / V2: W,Wet,Daylight,Snow,0.82,3.1,38,17,TRUE,41.92387717,-71.35158914
19375,12/2/2019,December,Monday,14:44,1,3,0,0,Head-on,V1: Travelling straight ahead / V2: Slowing or stopped in traffic / V3: Travelling straight ahead,V1: S  / V2: S  / V3: N,Wet,Daylight,Rain,0.82,3.1,38,17,TRUE,41.91816134,-71.25763888
19376,12/2/2019,December,Monday,17:35,1,2,0,0,Angle,V1: Travelling straight ahead / V2: Travelling straight ahead,V1: W  / V2: S,Wet,Dark - lighted roadway,Snow,0.82,3.1,38,17,TRUE,34.24438675,-73.6513909
19377,12/3/2019,December,Tuesday,4:46,1,1,0,0,Angle,V1: Travelling straight ahead,V1: W,Snow,Dark - lighted roadway,Snow,0.49,2.6,40,27,TRUE,41.90777868,-71.29764235
19378,12/3/2019,December,Tuesday,9:47,1,2,0,0,"Sideswipe, same direction",V1: 0 / V2: 0,V1: 0 / V2: 0,Snow,Daylight,Snow,0.49,2.6,40,27,TRUE,41.95593405,-71.30346756
19379,12/3/2019,December,Tuesday,12:11,1,1,0,0,Single vehicle crash,V1: Travelling straight ahead,V1: N,Snow,Daylight,Snow,0.49,2.6,40,27,TRUE,41.92734177,-71.2850606
19380,12/3/2019,December,Tuesday,23:56,1,2,0,0,Rear-end,V1: Overtaking/passing / V2: Parked,V1: N  / V2: N,Dry,Dark - lighted roadway,Clear,0.49,2.6,40,27,TRUE,41.94450501,-71.28411703
19381,12/4/2019,December,Wednesday,12:48,1,2,0,0,"Sideswipe, opposite direction",V1: Travelling straight ahead / V2: Travelling straight ahead,V1: W  / V2: E,Slush,Daylight,Cloudy,0.12,1.8,32,21,TRUE,41.90321711,-71.31811272
19382,12/4/2019,December,Wednesday,19:03,2,2,0,0,Angle,V1: Turning left / V2: Travelling straight ahead,V1: N  / V2: S,Dry,Dark - lighted roadway,Clear,0.12,1.8,32,21,TRUE,41.92820851,-71.35429295
19383,12/4/2019,December,Wednesday,21:05,1,1,0,0,Single vehicle crash,V1: Travelling straight ahead,V1: S,"Sand, mud, dirt, oil, gravel",Dark - lighted roadway,Clear,0.12,1.8,32,21,TRUE,41.94287092,-71.24940224
19384,12/5/2019,December,Thursday,0:35,2,2,0,0,Rear-end,V1: Travelling straight ahead / V2: 0,V1: S  / V2: 0,Dry,Dark - roadway not lighted,Clear,0,0,35,22,TRUE,41.93804592,-71.31642931
19385,12/5/2019,December,Thursday,10:39,1,2,0,0,Angle,V2: Parked / V1: Turning right,V2: N  / V1: N,Dry,Daylight,Clear,0,0,35,22,TRUE,41.94090246,-71.27361975
19386,12/5/2019,December,Thursday,15:53,1,1,0,0,Single vehicle crash,V1: Turning right,V1: E,Dry,Daylight,Clear,0,0,35,22,TRUE,41.94257314,-71.28681539
19387,12/5/2019,December,Thursday,16:44,1,3,0,0,Front to Rear,V1: Slowing or stopped in traffic / V2: Slowing or stopped in traffic / V3: Slowing or stopped in traffic,V1: S  / V2: S  / V3: S,Dry,Dark - lighted roadway,Clear,0,0,35,22,TRUE,41.91981411,-71.35860614
19388,12/5/2019,December,Thursday,17:09,2,2,0,0,Rear-end,V1: Travelling straight ahead / V2: Slowing or stopped in traffic,V1: N  / V2: N,Dry,Dark - lighted roadway,Clear,0,0,35,22,TRUE,41.92508738,-71.35628348
19389,12/6/2019,December,Friday,18:49,1,2,0,0,Head-on,V1: Turning left / V2: Travelling straight ahead,V1: W  / V2: N,Wet,Dark - lighted roadway,Clear,0,0,42,24,TRUE,41.89733197,-71.36979234
19390,12/6/2019,December,Friday,19:20,1,2,0,0,Rear-end,V1: Slowing or stopped in traffic / V2: Changing lanes,V1: S  / V2: S,Snow,Dark - roadway not lighted,Snow,0,0,42,24,TRUE,41.92927403,-71.32377045
19391,12/6/2019,December,Friday,19:20,1,2,0,0,"Sideswipe, same direction",V2: Slowing or stopped in traffic / V1: Slowing or stopped in traffic,V2: S  / V1: S,Snow,Dark - roadway not lighted,Snow,0,0,42,24,TRUE,41.92927403,-71.32377045
19392,12/6/2019,December,Friday,19:26,2,2,0,0,Head-on,V1: Travelling straight ahead / V2: Travelling straight ahead,V1: N  / V2: N,Wet,Dark - lighted roadway,Cloudy/Rain,0,0,42,24,TRUE,41.92416457,-71.35104162
19393,12/6/2019,December,Friday,21:54,1,1,0,0,Single vehicle crash,V1: Travelling straight ahead,V1: W,Dry,Dark - lighted roadway,Clear,0,0,42,24,TRUE,41.91711015,-71.37372238
19394,12/7/2019,December,Saturday,15:01,1,2,0,0,"Sideswipe, opposite direction",V1: Travelling straight ahead / V2: Travelling straight ahead,V1: N  / V2: S,Dry,Daylight,Clear,0,0,37,25,TRUE,41.90231844,-71.35595143
19395,12/7/2019,December,Saturday,15:34,1,2,0,0,"Sideswipe, same direction",V1: Changing lanes / V2: Travelling straight ahead,V1: S  / V2: S,Dry,Daylight,Clear,0,0,37,25,TRUE,41.92164368,-71.35781569
19396,12/7/2019,December,Saturday,17:05,2,2,0,0,Angle,V1: Turning left / V2: Slowing or stopped in traffic,V1: W  / V2: W,Dry,Dark - lighted roadway,Clear,0,0,37,25,TRUE,41.93386542,-71.30225536
19397,12/8/2019,December,Sunday,3:20,2,1,0,0,Angle,V1: Travelling straight ahead,V1: N,Dry,Dark - lighted roadway,Cloudy,0,0,34,12,TRUE,41.89835459,-71.36941126
19398,12/8/2019,December,Sunday,3:51,1,1,0,0,Single vehicle crash,V1: Travelling straight ahead,V1: S,Dry,Dark - lighted roadway,Clear,0,0,34,12,TRUE,41.92579995,-71.32170247
19399,12/8/2019,December,Sunday,20:13,1,2,0,0,Angle,V1: Travelling straight ahead / V2: Entering traffic lane,V1: E  / V2: N,Dry,Daylight,Clear,0,0,34,12,TRUE,41.90529604,-71.33573163
19400,12/9/2019,December,Monday,7:27,2,3,0,0,Rear-end,V1: Travelling straight ahead / V2: Slowing or stopped in traffic / V3: Slowing or stopped in traffic,V1: W  / V2: W  / V3: W,Wet,Daylight,Rain,0.02,0,38,12,TRUE,41.93399969,-71.30301639
19401,12/9/2019,December,Monday,9:00,2,2,0,0,Front to Rear,V1: Slowing or stopped in traffic / V2: Slowing or stopped in traffic,V1: E  / V2: E,Wet,Daylight,Rain,0.02,0,38,12,TRUE,41.93357119,-71.30035285
19402,12/9/2019,December,Monday,16:57,2,1,0,0,Single vehicle crash,V1: Travelling straight ahead,V1: N,Wet,Dark - lighted roadway,Cloudy,0.02,0,38,12,TRUE,41.90231844,-71.35595143
19403,12/10/2019,December,Tuesday,6:46,1,2,0,0,Angle,V1: Turning left / V2: Travelling straight ahead,V1: N  / V2: W,Dry,Daylight,Cloudy,1.58,0,58,37,FALSE,41.9348634,-71.29887284
19404,12/10/2019,December,Tuesday,12:09,1,3,0,0,Front to Rear,V1: Travelling straight ahead / V2: Slowing or stopped in traffic / V3: Slowing or stopped in traffic,V1: E  / V2: E  / V3: E,Dry,Daylight,Cloudy,1.58,0,58,37,FALSE,41.89618753,-71.37039514
19405,12/10/2019,December,Tuesday,16:25,1,2,0,0,Angle,V1: Entering traffic lane / V2: Travelling straight ahead,V1: W  / V2: N,Wet,Dusk,Rain,1.58,0,58,37,FALSE,41.93713919,-71.28476639
19406,12/10/2019,December,Tuesday,16:38,2,2,0,0,Angle,V1: Entering traffic lane / V2: Travelling straight ahead,V1: N  / V2: S,Wet,Dark - lighted roadway,Rain,1.58,0,58,37,FALSE,41.94757814,-71.27890388
19407,12/11/2019,December,Wednesday,13:22,1,2,0,0,Rear-to-rear,V1: Backing / V2: Backing,V1: E  / V2: W,Dry,Daylight,Clear,0.47,0.9,59,29,TRUE,41.89957255,-71.3551788
19408,12/11/2019,December,Wednesday,22:50,1,1,0,0,Single vehicle crash,V1: Travelling straight ahead,V1: N,Dry,Dark - lighted roadway,Clear,0.47,0.9,59,29,TRUE,41.92129267,-71.35461503
19409,12/12/2019,December,Thursday,14:30,1,2,0,0,Rear-end,V1: Travelling straight ahead / V2: Slowing or stopped in traffic,V1: S  / V2: S,Dry,Daylight,Clear,0.15,2.3,31,19,TRUE,41.96019116,-71.30118086
19410,12/12/2019,December,Thursday,14:50,1,2,0,0,Rear-end,V1: Leaving traffic lane / V2: Travelling straight ahead,V1: N  / V2: N,Dry,Daylight,Clear,0.15,2.3,31,19,TRUE,41.90086768,-71.36799094
19411,12/12/2019,December,Thursday,18:03,1,2,0,0,Angle,V1: Turning left / V2: Travelling straight ahead,V1: W  / V2: S,Dry,Dark - lighted roadway,Clear,0.15,2.3,31,19,TRUE,41.94861042,-71.27758702
19412,12/12/2019,December,Thursday,20:10,1,1,0,0,Single vehicle crash,V1: Travelling straight ahead,V1: N,Wet,Dark - roadway not lighted,Cloudy,0.15,2.3,31,19,TRUE,41.95593405,-71.30346756
19413,12/13/2019,December,Friday,11:36,1,2,0,0,Front to Rear,V1: Travelling straight ahead / V2: Travelling straight ahead,V1: 0 / V2: 0,Dry,Daylight,Cloudy,0,0,29,19,TRUE,34.24438675,-73.6513909
19414,12/13/2019,December,Friday,11:52,2,2,0,0,Angle,V1: Entering traffic lane / V2: Travelling straight ahead,V1: N  / V2: E,Dry,Daylight,Clear,0,0,29,19,TRUE,41.93399692,-71.29996285
19415,12/13/2019,December,Friday,14:19,2,2,0,0,Front to Front,V1: Travelling straight ahead / V2: Travelling straight ahead,V1: S  / V2: W,Dry,Daylight,Cloudy,0,0,29,19,TRUE,41.95428602,-71.28497548
19416,12/13/2019,December,Friday,19:12,1,2,0,0,Rear-end,V1: Backing / V2: Slowing or stopped in traffic,V1: E  / V2: W,Wet,Dark - lighted roadway,Cloudy/Rain,0,0,29,19,TRUE,41.90964751,-71.36351027
19417,12/14/2019,December,Saturday,9:02,1,1,0,0,Single vehicle crash,V1: Travelling straight ahead,V1: S,Wet,Daylight,Rain,1.28,0,55,23,TRUE,34.24438675,-73.6513909
19418,12/14/2019,December,Saturday,12:02,1,2,0,0,Angle,V1: Entering traffic lane / V2: Travelling straight ahead,V1: N  / V2: E,Wet,Daylight,Cloudy/Rain,1.28,0,55,23,TRUE,41.93202625,-71.29245973
19419,12/14/2019,December,Saturday,16:37,1,2,0,0,"Sideswipe, same direction",V1: Turning left / V2: Turning left,V1: E  / V2: E,Wet,Daylight,Clear,1.28,0,55,23,TRUE,41.91981411,-71.35860614
19420,12/15/2019,December,Sunday,12:19,1,2,0,0,Rear-end,V1: Entering traffic lane / V2: Entering traffic lane,V1: N  / V2: N,Dry,Daylight,Cloudy,0.48,0,59,41,FALSE,41.89938073,-71.35524848
19421,12/15/2019,December,Sunday,18:13,1,1,0,0,Single vehicle crash,V1: Travelling straight ahead,V1: S,Dry,Dark - lighted roadway,Clear,0.48,0,59,41,FALSE,41.91295026,-71.26837369
19422,12/15/2019,December,Sunday,21:40,1,2,0,0,Rear-end,V1: Travelling straight ahead / V2: Travelling straight ahead,V1: S  / V2: S,Wet,Dark - roadway not lighted,Cloudy,0.48,0,59,41,FALSE,41.90261276,-71.35590972
19423,12/16/2019,December,Monday,5:55,2,3,0,0,Rear-end,V1: Travelling straight ahead / V2: Slowing or stopped in traffic / V3: Slowing or stopped in traffic,V1: N  / V2: N  / V3: N,Dry,Dawn,Clear,0,0,47,28,TRUE,41.90053869,-71.36201959
19424,12/16/2019,December,Monday,7:58,1,3,0,0,Front to Rear,V1: Slowing or stopped in traffic / V2: Entering traffic lane / V3: Travelling straight ahead,V1: E  / V2: E  / V3: E,Dry,Daylight,Clear,0,0,47,28,TRUE,41.93723214,-71.29429119
19425,12/16/2019,December,Monday,13:08,1,2,0,0,Angle,V1: Entering traffic lane / V2: Travelling straight ahead,V1: S  / V2: E,Dry,Daylight,Cloudy,0,0,47,28,TRUE,41.93855337,-71.29243733
19426,12/16/2019,December,Monday,14:45,2,2,0,0,Front to Rear,V1: Slowing or stopped in traffic / V2: Slowing or stopped in traffic,V1: W  / V2: W,Dry,Daylight,Cloudy,0,0,47,28,TRUE,41.9384391,-71.29262018
19427,12/16/2019,December,Monday,17:42,2,2,0,0,Head-on,V1: Travelling straight ahead / V2: Travelling straight ahead,V1: S  / V2: N,Wet,Dark - lighted roadway,Rain,0,0,47,28,TRUE,41.9617469,-71.28799587
19428,12/16/2019,December,Monday,17:45,2,2,0,0,Angle,V1: Turning right / V2: Travelling straight ahead,V1: S  / V2: W,Dry,Dark - lighted roadway,Clear,0,0,47,28,TRUE,41.94266173,-71.28390998
19429,12/16/2019,December,Monday,21:06,1,2,0,0,Angle,V1: Turning left / V2: Travelling straight ahead,V1: W  / V2: S,Dry,Dark - lighted roadway,Clear,0,0,47,28,TRUE,41.94450501,-71.28411703
19430,12/17/2019,December,Tuesday,0:33,1,2,0,0,"Sideswipe, same direction",V1: Entering traffic lane / V2: Travelling straight ahead,V1: S  / V2: S,Dry,Dark - lighted roadway,Clear,0.05,0.1,33,26,TRUE,41.89903243,-71.355186
19431,12/17/2019,December,Tuesday,7:32,1,2,0,0,Front to Rear,V1: Travelling straight ahead / V2: Travelling straight ahead,V1: W  / V2: W,Ice,Daylight,Rain,0.05,0.1,33,26,TRUE,41.92168546,-71.28691004
19432,12/17/2019,December,Tuesday,19:28,0,1,0,0,Single vehicle crash,V1: 0,V1: E,Dry,Dark - lighted roadway,Clear,0.05,0.1,33,26,TRUE,41.93601097,-71.28269451
19433,12/18/2019,December,Wednesday,12:15,2,2,0,0,Angle,V1: Travelling straight ahead / V2: Turning left,V1: W  / V2: E,Dry,Daylight,Clear,0.6,0,33,26,TRUE,41.93742983,-71.26519759
19434,12/18/2019,December,Wednesday,14:17,1,2,0,0,Single vehicle crash,V1: Entering traffic lane / V2: Travelling straight ahead,V1: N  / V2: E,Dry,Daylight,Clear,0.6,0,33,26,TRUE,41.93628409,-71.28608551
19435,12/18/2019,December,Wednesday,16:28,1,2,0,0,Rear-end,V1: Travelling straight ahead / V2: Slowing or stopped in traffic,V1: S  / V2: S,Wet,Dark - lighted roadway,Rain,0.6,0,33,26,TRUE,41.9079342,-71.35745922
19436,12/18/2019,December,Wednesday,17:00,1,2,0,0,Head-on,V1: Turning right / V2: Travelling straight ahead,V1: E  / V2: N,Wet,Dark - lighted roadway,Snow,0.6,0,33,26,TRUE,41.91981411,-71.35860614
19437,12/19/2019,December,Thursday,12:44,1,2,0,0,Angle,V1: Entering traffic lane / V2: Travelling straight ahead,V1: S  / V2: S,Dry,Daylight,Cloudy,0.03,0.3,34,11,TRUE,41.89903243,-71.355186
19438,12/19/2019,December,Thursday,16:13,2,3,0,0,Angle,V1: Entering traffic lane / V2: Travelling straight ahead / V3: Travelling straight ahead,V1: S  / V2: W  / V3: E,Dry,Dusk,Clear,0.03,0.3,34,11,TRUE,41.93628409,-71.28608551
19439,12/20/2019,December,Friday,7:56,1,2,0,0,"Sideswipe, same direction",V2: Travelling straight ahead / V1: Changing lanes,V2: E  / V1: E,Dry,Daylight,Clear,0,0,22,11,TRUE,41.91960847,-71.35950251
19440,12/20/2019,December,Friday,8:42,2,2,0,0,Front to Rear,V1: Slowing or stopped in traffic / V2: Travelling straight ahead,V1: W  / V2: W,Dry,Daylight,Clear,0,0,22,11,TRUE,41.93413503,-71.30505036
19441,12/20/2019,December,Friday,10:00,2,2,0,0,"Sideswipe, same direction",V1: Travelling straight ahead / V2: Travelling straight ahead,V1: S  / V2: S,Dry,Daylight,Cloudy,0,0,22,11,TRUE,41.90261276,-71.35590972
19442,12/20/2019,December,Friday,13:33,1,2,0,0,Angle,V1: Travelling straight ahead / V2: Backing,V1: E  / V2: S,Dry,Daylight,Clear,0,0,22,11,TRUE,41.92106953,-71.35806074
19443,12/20/2019,December,Friday,14:40,1,2,0,0,Front to Front,V1: Turning right / V2: Turning right,V1: S  / V2: S,Dry,Daylight,Cloudy,0,0,22,11,TRUE,34.24438675,-73.6513909
19444,12/20/2019,December,Friday,17:02,2,2,0,0,Angle,V1: Other / V2: Travelling straight ahead,V1: W  / V2: S,Dry,Dark - lighted roadway,Clear,0,0,22,11,TRUE,41.90980493,-71.36342919
19445,12/20/2019,December,Friday,18:42,2,2,0,0,Angle,V1: Turning left / V2: Travelling straight ahead,V1: W  / V2: N,Dry,Dark - lighted roadway,Clear,0,0,22,11,TRUE,41.91194929,-71.36233897
19446,12/20/2019,December,Friday,21:56,2,1,0,0,Single vehicle crash,V1: Travelling straight ahead,V1: W,Dry,Dark - lighted roadway,Clear,0,0,22,11,TRUE,41.9472108,-71.28786501
19447,12/21/2019,December,Saturday,5:18,1,1,0,0,Single vehicle crash,V1: Travelling straight ahead,V1: E,Dry,Dark - lighted roadway,Clear,0,0,29,14,TRUE,41.92403905,-71.32117681
19448,12/21/2019,December,Saturday,9:00,1,2,0,0,Rear-end,V1: Travelling straight ahead / V2: Slowing or stopped in traffic,V1: N  / V2: N,Dry,Daylight,Clear,0,0,29,14,TRUE,41.90235067,-71.35584227
19449,12/21/2019,December,Saturday,11:25,2,1,0,0,Head-on,V1: Travelling straight ahead,V1: N,Dry,Daylight,Clear,0,0,29,14,TRUE,41.92626678,-71.22375019
19450,12/21/2019,December,Saturday,13:10,1,2,0,0,Rear-end,V1: Slowing or stopped in traffic / V2: Travelling straight ahead,V1: E  / V2: E,Dry,Daylight,Clear,0,0,29,14,TRUE,41.9374227,-71.29402673
19451,12/21/2019,December,Saturday,19:59,1,1,0,0,Single vehicle crash,V1: Travelling straight ahead,V1: S,0,Dark - lighted roadway,Clear,0,0,29,14,TRUE,41.9375686,-71.32870571
19452,12/21/2019,December,Saturday,20:05,1,1,0,0,Angle,V1: Travelling straight ahead,V1: N,Dry,Dark - lighted roadway,Clear,0,0,29,14,TRUE,41.92102275,-71.29731675
19453,12/22/2019,December,Sunday,3:00,1,1,0,0,Single vehicle crash,V1: Travelling straight ahead,V1: S,Dry,Dark - 0 roadway lighting,Clear,0,0,35,14,TRUE,34.24438675,-73.6513909
19454,12/22/2019,December,Sunday,19:23,1,2,0,0,"Sideswipe, same direction",V1: Travelling straight ahead / V2: Making U-turn,V1: N  / V2: N,Dry,Dark - lighted roadway,Clear,0,0,35,14,TRUE,41.90964751,-71.36351027
19455,12/22/2019,December,Sunday,21:00,1,2,0,0,Front to Rear,V1: Travelling straight ahead / V2: Travelling straight ahead,V1: N  / V2: N,Dry,Dark - lighted roadway,Clear,0,0,35,14,TRUE,41.93100906,-71.35300238
19456,12/23/2019,December,Monday,11:12,2,2,0,0,Front to Rear,V1: Slowing or stopped in traffic / V2: Travelling straight ahead,V1: S  / V2: S,Dry,Daylight,Clear,0,0,42,22,TRUE,41.90235067,-71.35584227
19457,12/23/2019,December,Monday,16:03,1,2,0,0,Rear-end,V1: Travelling straight ahead / V2: Slowing or stopped in traffic,V1: N  / V2: N,Dry,Daylight,Clear,0,0,42,22,TRUE,41.95506813,-71.30513459
19458,12/23/2019,December,Monday,20:18,1,2,0,0,Rear-end,V1: Entering traffic lane / V2: Entering traffic lane,V1: S  / V2: S,Dry,Dark - lighted roadway,Clear,0,0,42,22,TRUE,41.96899965,-71.29149025
19459,12/23/2019,December,Monday,23:10,2,2,0,0,Rear-end,V1: Travelling straight ahead / V2: Travelling straight ahead,V1: S  / V2: S,Dry,Dark - roadway not lighted,Clear,0,0,42,22,TRUE,41.92212342,-71.32976831
19460,12/23/2019,December,Monday,23:14,1,3,0,0,Rear-end,V1: Travelling straight ahead / V2: Entering traffic lane / V3: Entering traffic lane,V1: S  / V2: S  / V3: S,Dry,Dark - lighted roadway,Clear,0,0,42,22,TRUE,41.92927403,-71.32377045
19461,12/24/2019,December,Tuesday,10:35,1,1,0,0,Head-on,V1: Travelling straight ahead,V1: E,Dry,Daylight,Clear,0,0,52,26,TRUE,34.24438675,-73.6513909
19462,12/24/2019,December,Tuesday,12:14,1,2,0,0,Rear-end,V1: Slowing or stopped in traffic / V2: Slowing or stopped in traffic,V1: E  / V2: E,Dry,Daylight,Clear,0,0,52,26,TRUE,41.94450501,-71.28411703
19463,12/24/2019,December,Tuesday,12:50,1,2,0,0,Rear-end,V1: Travelling straight ahead / V2: Slowing or stopped in traffic,V1: N  / V2: N,Dry,Daylight,Clear,0,0,52,26,TRUE,41.89893909,-71.35505066
19464,12/24/2019,December,Tuesday,20:16,1,1,0,0,Single vehicle crash,V1: Turning right,V1: N,Dry,Dark - roadway not lighted,Clear,0,0,52,26,TRUE,41.95428778,-71.3119492
19465,12/25/2019,December,Wednesday,4:34,1,1,0,0,Single vehicle crash,V1: Turning left,V1: S,Dry,Dark - lighted roadway,Clear,0,0,44,23,TRUE,41.94155078,-71.27883416
19466,12/25/2019,December,Wednesday,16:26,1,2,0,0,Rear-end,V1: Travelling straight ahead / V2: Travelling straight ahead,V1: N  / V2: N,Dry,Dark - lighted roadway,Clear,0,0,44,23,TRUE,41.93407639,-71.26154557
19467,12/25/2019,December,Wednesday,22:59,2,1,0,0,Single vehicle crash,V1: Turning right,V1: 0,Dry,Dark - lighted roadway,Clear,0,0,44,23,TRUE,41.94845803,-71.30212015
19468,12/25/2019,December,Wednesday,23:47,2,1,0,0,Single vehicle crash,V1: Travelling straight ahead,V1: N,Dry,Dark - lighted roadway,Clear,0,0,44,23,TRUE,41.92014027,-71.3157144
19469,12/26/2019,December,Thursday,13:17,1,3,0,0,Rear-end,V1: Travelling straight ahead / V2: Slowing or stopped in traffic / V3: Slowing or stopped in traffic,V1: N  / V2: N  / V3: N,Dry,Daylight,Clear,0,0,41,23,TRUE,41.92779522,-71.35458133
19470,12/26/2019,December,Thursday,23:02,1,1,0,0,Head-on,V1: Travelling straight ahead,V1: N,Dry,Dark - roadway not lighted,Clear,0,0,41,23,TRUE,41.90261276,-71.35590972
19471,12/27/2019,December,Friday,2:33,1,1,0,0,Single vehicle crash,V1: Travelling straight ahead,V1: N,Dry,Dark - lighted roadway,Clear,0,0,43,29,TRUE,41.91084053,-71.28304703
19472,12/28/2019,December,Saturday,12:10,1,2,0,0,Rear-end,V1: Travelling straight ahead / V2: Travelling straight ahead,V1: S  / V2: S,Dry,Daylight,Clear,0,0,49,33,FALSE,41.92927403,-71.32377045
19473,12/28/2019,December,Saturday,18:17,1,2,0,0,Rear to Side,V1: Leaving traffic lane / V2: Travelling straight ahead,V1: S  / V2: S,Dry,Dark - lighted roadway,Clear,0,0,49,33,FALSE,41.92779522,-71.35458133
19474,12/29/2019,December,Sunday,8:08,1,3,0,0,Single vehicle crash,V1: Slowing or stopped in traffic / V2: Parked / V3: Parked,V1: N  / V2: U  / V3: U,Dry,Daylight,Clear,0,0,47,27,TRUE,41.94809208,-71.29123751
19475,12/29/2019,December,Sunday,8:27,1,1,0,0,Single vehicle crash,V1: Turning right,V1: E,Dry,Dark - lighted roadway,Clear,0,0,47,27,TRUE,41.9348168,-71.2802934
19476,12/29/2019,December,Sunday,19:11,1,1,0,0,Angle,V1: Travelling straight ahead,V1: E,Dry,Dark - lighted roadway,Clear,0,0,47,27,TRUE,41.95451461,-71.24992613
19477,12/30/2019,December,Monday,12:49,1,2,0,0,Angle,V1: Travelling straight ahead / V2: Travelling straight ahead,V1: W  / V2: N,Wet,Daylight,Cloudy,0.51,0,42,31,TRUE,41.93946861,-71.28168616
19478,12/31/2019,December,Tuesday,16:30,1,1,0,0,Single vehicle crash,V1: Travelling straight ahead,V1: S,Dry,Dusk,Clear,1.13,0,41,35,FALSE,41.96406694,-71.30113951
19479,12/31/2019,December,Tuesday,16:44,1,2,0,0,"Sideswipe, same direction",V1: Changing lanes / V2: Travelling straight ahead,V1: N  / V2: N,Dry,Dark - roadway not lighted,Cloudy,1.13,0,41,35,FALSE,41.95593405,-71.30346756
19480,1/1/2020,January,Wednesday,16:52,2,2,0,0,Head-on,V1: Travelling straight ahead / V2: Travelling straight ahead,V1: S  / V2: N,Dry,Dark - lighted roadway,Clear,0.01,0,41,30,TRUE,41.92619938,-71.22377863
19481,1/2/2020,January,Thursday,7:45,1,2,0,0,Head-on,V1: Travelling straight ahead / V2: Travelling straight ahead,V1: E  / V2: W,Ice,Daylight,Cloudy,0,0,40,28,TRUE,41.94368545,-71.23607587
19482,1/2/2020,January,Thursday,7:56,2,2,0,0,Rear-end,V1: Travelling straight ahead / V2: Travelling straight ahead,V1: E  / V2: E,Dry,Daylight,Cloudy,0,0,40,28,TRUE,41.92387717,-71.35158914
19483,1/2/2020,January,Thursday,15:37,1,2,0,0,Angle,V1: Entering traffic lane / V2: Travelling straight ahead,V1: S  / V2: W,Dry,Daylight,Clear,0,0,40,28,TRUE,41.92146327,-71.24044959
19484,1/3/2020,January,Friday,11:07,1,2,0,0,Angle,V1: Turning left / V2: Travelling straight ahead,V1: E  / V2: W,Dry,Daylight,Cloudy,0,0,46,31,TRUE,41.94466319,-71.28341486
19485,1/3/2020,January,Friday,13:37,1,2,0,0,Angle,V1: Turning left / V2: Travelling straight ahead,V1: E  / V2: W,Dry,Daylight,Cloudy,0,0,46,31,TRUE,41.92014284,-71.35719783
19486,1/3/2020,January,Friday,16:40,1,2,0,0,Angle,V1: Entering traffic lane / V2: Travelling straight ahead,V1: S  / V2: E,Dry,Dark - lighted roadway,Clear,0,0,46,31,TRUE,41.93406554,-71.30574057
19487,1/3/2020,January,Friday,18:48,1,2,0,0,Angle,V1: Entering traffic lane / V2: Travelling straight ahead,V1: S  / V2: E,Dry,Dark - lighted roadway,Clear,0,0,46,31,TRUE,41.92387717,-71.35158914
19488,1/3/2020,January,Friday,21:02,1,2,0,0,Angle,V1: Travelling straight ahead / V2: Travelling straight ahead,V1: N  / V2: E,Dry,Dark - lighted roadway,Clear,0,0,46,31,TRUE,41.93601097,-71.28269451