ID,DATE,Month,Day of week,Crash Time,Crash Severity,Number of Vehicles,Total Nonfatal Injuries,Total Fatal Injuries,Manner of Collision,Vehicle Action Prior to Crash,Vehicle Travel Directions,Road Surface Condition,Ambient Light,Weather Condition,PRCP,SNOW,TMAX,TMIN,Ice,Longtitute,Latitute
19489,1/4/2020,January,Saturday,1:06,2,1,0,0,Head-on,V1: Travelling straight ahead,V1: N,Dry,Dark - lighted roadway,Clear,0.02,0,47,40,FALSE,41.92900797,-71.28446457
19490,1/4/2020,January,Saturday,10:39,1,1,0,0,Single vehicle crash,V1: Travelling straight ahead,V1: E,Wet,Dark - roadway not lighted,Cloudy,0.02,0,47,40,FALSE,41.95006546,-71.30603366
19491,1/4/2020,January,Saturday,10:50,2,3,0,0,Angle,V1: Turning left / V2: Travelling straight ahead / V3: Travelling straight ahead,V1: S  / V2: W  / V3: E,Wet,Daylight,Cloudy/Rain,0.02,0,47,40,FALSE,41.91723587,-71.37241025
19492,1/4/2020,January,Saturday,11:20,2,2,0,0,"Sideswipe, same direction",V1: Travelling straight ahead / V2: Changing lanes,V1: N  / V2: N,Wet,Daylight,Rain,0.02,0,47,40,FALSE,41.89835459,-71.36941126
19493,1/5/2020,January,Sunday,16:33,1,2,0,0,"Sideswipe, opposite direction",V1: Travelling straight ahead / V2: Travelling straight ahead,V1: S  / V2: N,Dry,Dark - lighted roadway,Clear,0.35,0,44,34,FALSE,41.96519235,-71.25968303
19494,1/6/2020,January,Monday,6:39,1,1,0,0,Head-on,V1: Slowing or stopped in traffic,V1: W,Dry,Dawn,Clear,0,0,37,24,TRUE,41.93426971,-71.29961081
19495,1/6/2020,January,Monday,18:17,1,1,0,0,Single vehicle crash,V1: Turning left,V1: S,Dry,Dark - lighted roadway,Clear,0,0,37,24,TRUE,41.9483337,-71.27794679
19496,1/7/2020,January,Tuesday,13:45,1,2,0,0,Rear-end,V1: Slowing or stopped in traffic / V2: Slowing or stopped in traffic,V1: S  / V2: S,Dry,Daylight,Cloudy,0,0,35,24,TRUE,41.90998013,-71.35802082
19497,1/7/2020,January,Tuesday,15:01,1,3,0,0,Front to Rear,V1: Travelling straight ahead / V2: Slowing or stopped in traffic / V3: Slowing or stopped in traffic,V1: N  / V2: N  / V3: N,Dry,Daylight,Clear,0,0,35,24,TRUE,41.93037211,-71.26037506
19498,1/7/2020,January,Tuesday,16:55,1,2,0,0,"Sideswipe, same direction",V1: Changing lanes / V2: Travelling straight ahead,V1: E  / V2: E,Dry,Dark - lighted roadway,Clear,0,0,35,24,TRUE,34.24438675,-73.6513909
19499,1/7/2020,January,Tuesday,23:22,2,1,0,0,Single vehicle crash,V1: Travelling straight ahead,V1: S,Dry,Other,Clear,0,0,35,24,TRUE,41.95180056,-71.2715031
19500,1/8/2020,January,Wednesday,3:00,1,1,0,0,Single vehicle crash,V1: Travelling straight ahead,V1: S,Ice,Dark - roadway not lighted,Snow,0.09,0.9,41,24,TRUE,41.90261276,-71.35590972
19501,1/8/2020,January,Wednesday,13:34,1,2,0,0,Rear-end,V1: Travelling straight ahead / V2: Travelling straight ahead,V1: N  / V2: N,Dry,Daylight,Clear,0.09,0.9,41,24,TRUE,41.95514928,-71.30432065
19502,1/8/2020,January,Wednesday,17:19,1,2,0,0,Front to Front,V1: Turning left / V2: Travelling straight ahead,V1: E  / V2: N,Dry,Dark - lighted roadway,Clear,0.09,0.9,41,24,TRUE,41.94586372,-71.28073806
19503,1/8/2020,January,Wednesday,18:38,1,2,0,0,Rear-end,V1: Slowing or stopped in traffic / V2: Slowing or stopped in traffic,V1: W  / V2: W,Dry,Dark - lighted roadway,Clear,0.09,0.9,41,24,TRUE,41.93409494,-71.31975261
19504,1/9/2020,January,Thursday,6:58,1,3,0,0,Front to Rear,V1: Travelling straight ahead / V2: Slowing or stopped in traffic / V3: Slowing or stopped in traffic,V1: E  / V2: E  / V3: E,Dry,Daylight,Clear,0,0,40,19,TRUE,41.93269195,-71.32821357
19505,1/9/2020,January,Thursday,11:08,1,2,0,0,Front to Rear,V1: Travelling straight ahead / V2: Slowing or stopped in traffic,V1: S  / V2: S,Dry,Daylight,Clear,0,0,40,19,TRUE,41.94245198,-71.28698244
19506,1/9/2020,January,Thursday,12:48,2,2,0,0,Front to Front,V1: Travelling straight ahead / V2: Turning left,V1: S  / V2: N,Dry,Daylight,Clear,0,0,40,19,TRUE,41.92508738,-71.35628348
19507,1/9/2020,January,Thursday,16:09,1,1,0,0,"Sideswipe, same direction",V1: Travelling straight ahead,V1: S,Dry,Daylight,Clear,0,0,40,19,TRUE,41.92927403,-71.32377045
19508,1/9/2020,January,Thursday,16:42,1,2,0,0,Rear-end,V1: Entering traffic lane / V2: Travelling straight ahead,V1: S  / V2: S,Dry,Dusk,Clear,0,0,40,19,TRUE,41.9693978,-71.29147118
19509,1/10/2020,January,Friday,11:27,1,2,0,0,Angle,V1: Backing / V2: Slowing or stopped in traffic,V1: S  / V2: W,Wet,Daylight,Cloudy,0,0,31,19,TRUE,41.89605123,-71.37046024
19510,1/10/2020,January,Friday,17:30,1,2,0,0,Rear-end,V1: Slowing or stopped in traffic / V2: Travelling straight ahead,V1: S  / V2: S,Dry,Dark - roadway not lighted,Clear,0,0,31,19,TRUE,41.90255025,-71.35612621
19511,1/11/2020,January,Saturday,14:15,2,3,0,0,Rear-end,V1: Travelling straight ahead / V2: Slowing or stopped in traffic / V3: Travelling straight ahead,V1: N  / V2: N  / V3: N,Dry,Daylight,Clear,0,0,52,22,TRUE,41.92886018,-71.3230987
19512,1/11/2020,January,Saturday,14:48,2,2,0,0,Rear-end,V1: Slowing or stopped in traffic / V2: Travelling straight ahead,V1: N  / V2: N,Dry,Daylight,Clear,0,0,52,22,TRUE,41.92886018,-71.3230987
19513,1/11/2020,January,Saturday,16:47,1,2,0,0,Front to Rear,V1: Travelling straight ahead / V2: Slowing or stopped in traffic,V1: N  / V2: N,Dry,Dark - lighted roadway,Clear,0,0,52,22,TRUE,41.92644259,-71.35554103
19514,1/11/2020,January,Saturday,17:00,1,2,0,0,Front to Rear,V1: Travelling straight ahead / V2: Travelling straight ahead,V1: S  / V2: E,Dry,Dark - lighted roadway,Clear,0,0,52,22,TRUE,41.89618753,-71.37039514
19515,1/12/2020,January,Sunday,7:33,1,1,0,0,Single vehicle crash,V1: Travelling straight ahead,V1: N,Wet,Daylight,Rain,0.08,0,65,51,FALSE,41.94796855,-71.28663682
19516,1/12/2020,January,Sunday,22:08,2,1,0,0,Head-on,V1: Other,V1: E,Dry,Dark - lighted roadway,Clear,0.08,0,65,51,FALSE,41.93902502,-71.33349286
19517,1/13/2020,January,Monday,18:32,1,2,0,0,Rear-end,V1: Travelling straight ahead / V2: Slowing or stopped in traffic,V1: E  / V2: E,Dry,Dark - roadway not lighted,Clear,0.04,0,69,36,FALSE,41.93397237,-71.31661386
19518,1/13/2020,January,Monday,22:16,2,2,0,0,Front to Rear,V1: Overtaking/passing / V2: Slowing or stopped in traffic,V1: S  / V2: S,Dry,Dark - lighted roadway,Clear,0.04,0,69,36,FALSE,41.96021054,-71.28783809
19519,1/14/2020,January,Tuesday,13:03,1,2,0,0,Angle,V1: Travelling straight ahead / V2: Parked,V1: E  / V2: E,Dry,Daylight,Clear,0,0,42,33,FALSE,41.94256849,-71.27443491
19520,1/15/2020,January,Wednesday,8:09,1,2,0,0,"Sideswipe, same direction",V1: Changing lanes / V2: Travelling straight ahead,V1: E  / V2: E,Dry,Daylight,Clear,0.01,0,40,33,FALSE,41.93360238,-71.30049538
19521,1/15/2020,January,Wednesday,14:05,2,2,0,0,Rear-end,V1: Travelling straight ahead / V2: Travelling straight ahead,V1: N  / V2: N,Dry,Daylight,Clear,0.01,0,40,33,FALSE,41.9355916,-71.2975452
19522,1/15/2020,January,Wednesday,15:10,1,1,0,0,Single vehicle crash,V1: Travelling straight ahead,V1: S,Dry,Daylight,Clear,0.01,0,40,33,FALSE,41.94588832,-71.28072539
19523,1/15/2020,January,Wednesday,15:36,2,2,0,0,Rear-end,V1: Travelling straight ahead / V2: Parked,V1: S  / V2: S,Dry,Daylight,Clear,0.01,0,40,33,FALSE,41.94663983,-71.28011178
19524,1/15/2020,January,Wednesday,20:28,1,2,0,0,Rear-to-rear,V1: Backing / V2: Parked,V1: N  / V2: U,Dry,Dark - lighted roadway,Cloudy,0.01,0,40,33,FALSE,41.89605123,-71.37046024
19525,1/16/2020,January,Thursday,8:07,2,2,0,0,Rear-end,V1: Slowing or stopped in traffic / V2: Travelling straight ahead,V1: N  / V2: N,Wet,Daylight,Rain,0.03,0,48,27,TRUE,41.95514928,-71.30432065
19526,1/16/2020,January,Thursday,8:22,2,3,0,0,Rear-end,V1: Slowing or stopped in traffic / V2: Slowing or stopped in traffic / V3: Slowing or stopped in traffic,V1: N  / V2: N  / V3: N,Wet,Daylight,Rain,0.03,0,48,27,TRUE,41.95514928,-71.30432065
19527,1/16/2020,January,Thursday,9:28,2,2,0,0,Front to Rear,V1: Slowing or stopped in traffic / V2: Slowing or stopped in traffic,V1: W  / V2: W,Wet,Daylight,Rain,0.03,0,48,27,TRUE,41.93397483,-71.31109457
19528,1/16/2020,January,Thursday,9:43,1,2,0,0,Front to Rear,V1: Slowing or stopped in traffic / V2: Travelling straight ahead,V1: S  / V2: S,Dry,Daylight,Clear,0.03,0,48,27,TRUE,41.93386542,-71.30225536
19529,1/16/2020,January,Thursday,11:27,1,1,0,0,Single vehicle crash,V1: Travelling straight ahead,V1: S,Dry,Daylight,Clear,0.03,0,48,27,TRUE,41.92014284,-71.35719783
19530,1/16/2020,January,Thursday,14:20,1,2,0,0,Angle,V1: Turning right / V2: Travelling straight ahead,V1: N  / V2: N,Dry,Daylight,Clear,0.03,0,48,27,TRUE,41.89733197,-71.36979234
19531,1/17/2020,January,Friday,13:21,1,2,0,0,"Sideswipe, same direction",V1: Changing lanes / V2: Travelling straight ahead,V1: S  / V2: S,Dry,Daylight,Clear,0.01,0,46,17,TRUE,41.90998013,-71.35802082
19532,1/17/2020,January,Friday,22:20,2,2,0,0,"Sideswipe, same direction",V1: Changing lanes / V2: Travelling straight ahead,V1: S  / V2: S,Dry,Dark - lighted roadway,Clear,0.01,0,46,17,TRUE,41.89903243,-71.355186
19533,1/18/2020,January,Saturday,16:11,1,1,0,0,Single vehicle crash,V1: Turning left,V1: W,Dry,Daylight,Cloudy,0,0,23,11,TRUE,41.93409417,-71.29982985
19534,1/18/2020,January,Saturday,17:24,2,1,0,0,Single vehicle crash,V1: Travelling straight ahead,V1: S,Snow,Dark - lighted roadway,Snow,0,0,23,11,TRUE,41.94384457,-71.27252026
19535,1/18/2020,January,Saturday,17:46,1,2,0,0,Rear-end,V1: Travelling straight ahead / V2: Travelling straight ahead,V1: N  / V2: N,Snow,Dark - lighted roadway,Snow,0,0,23,11,TRUE,41.9157184,-71.36042615
19536,1/18/2020,January,Saturday,18:25,1,1,0,0,Single vehicle crash,V1: Travelling straight ahead,V1: N,Snow,Dark - lighted roadway,Snow,0,0,23,11,TRUE,41.92568533,-71.34148138
19537,1/18/2020,January,Saturday,18:40,1,1,0,0,Single vehicle crash,V1: Travelling straight ahead,V1: S,Snow,Dark - lighted roadway,Snow,0,0,23,11,TRUE,41.96019116,-71.30118086
19538,1/18/2020,January,Saturday,21:05,1,1,0,0,Single vehicle crash,V1: Travelling straight ahead,V1: S,Snow,Dark - roadway not lighted,Snow,0,0,23,11,TRUE,41.92927403,-71.32377045
19539,1/18/2020,January,Saturday,21:19,1,1,0,0,Head-on,V1: Travelling straight ahead,V1: N,Snow,Dark - lighted roadway,Snow,0,0,23,11,TRUE,41.90650474,-71.35689504
19540,1/19/2020,January,Sunday,2:08,1,1,0,0,Rear-end,V1: Other,V1: S,Slush,Dark - lighted roadway,Rain,0.3,2.6,29,13,TRUE,41.94097573,-71.31283825
19541,1/19/2020,January,Sunday,8:05,1,1,0,0,Single vehicle crash,V1: Travelling straight ahead,V1: E,Snow,Daylight,Clear,0.3,2.6,29,13,TRUE,34.24438675,-73.6513909
19542,1/20/2020,January,Monday,14:02,1,2,0,0,Rear-end,V1: Slowing or stopped in traffic / V2: Slowing or stopped in traffic,V1: E  / V2: E,Dry,Daylight,Cloudy,0,0,42,15,TRUE,41.9197589,-71.35862943
19543,1/20/2020,January,Monday,17:29,2,2,0,0,Angle,V1: Turning left / V2: Travelling straight ahead,V1: N  / V2: W,Dry,Dark - lighted roadway,Clear,0,0,42,15,TRUE,41.9340587,-71.3157935
19544,1/21/2020,January,Tuesday,11:52,1,2,0,0,Angle,V1: Travelling straight ahead / V2: Travelling straight ahead,V1: W  / V2: S,Dry,Daylight,Clear,0,0,28,7,TRUE,34.24438675,-73.6513909
19545,1/21/2020,January,Tuesday,18:24,1,1,0,0,Angle,V1: Travelling straight ahead,V1: N,Dry,Dark - lighted roadway,Clear,0,0,28,7,TRUE,41.95050868,-71.24805795
19546,1/22/2020,January,Wednesday,7:49,1,3,0,0,Front to Rear,V1: Travelling straight ahead / V2: Slowing or stopped in traffic / V3: Slowing or stopped in traffic,V1: W  / V2: W  / V3: W,Dry,Daylight,Clear,0,0,25,6,TRUE,41.93400166,-71.31333076
19547,1/22/2020,January,Wednesday,8:54,1,2,0,0,Angle,V1: Entering traffic lane / V2: Travelling straight ahead,V1: E  / V2: S,Dry,Daylight,Clear,0,0,25,6,TRUE,41.95263042,-71.2895305
19548,1/22/2020,January,Wednesday,15:15,1,2,0,0,Angle,V1: Backing / V2: Travelling straight ahead,V1: W  / V2: N,Dry,Daylight,Clear,0,0,25,6,TRUE,41.89563825,-71.37065751
19549,1/23/2020,January,Thursday,7:02,1,2,0,0,Front to Front,V1: Turning left / V2: Travelling straight ahead,V1: N  / V2: S,Dry,Daylight,Clear,0,0,35,6,TRUE,41.93623387,-71.28481204
19550,1/23/2020,January,Thursday,13:07,1,2,0,0,Angle,V1: Slowing or stopped in traffic / V2: Entering traffic lane,V1: N  / V2: W,Dry,Daylight,Clear,0,0,35,6,TRUE,41.94884792,-71.28925181
19551,1/23/2020,January,Thursday,13:20,1,2,0,0,"Sideswipe, opposite direction",V1: Travelling straight ahead / V2: Travelling straight ahead,V1: E  / V2: W,Dry,Daylight,Clear,0,0,35,6,TRUE,41.91598612,-71.2832367
19552,1/23/2020,January,Thursday,15:03,2,2,0,0,Angle,V1: Entering traffic lane / V2: Travelling straight ahead,V1: E  / V2: S,Dry,Daylight,Cloudy,0,0,35,6,TRUE,41.93808003,-71.27597724
19553,1/23/2020,January,Thursday,17:03,1,2,0,0,Angle,V1: Entering traffic lane / V2: Travelling straight ahead,V1: S  / V2: W,Dry,Dark - lighted roadway,Clear,0,0,35,6,TRUE,41.93407114,-71.31626473
19554,1/24/2020,January,Friday,18:00,1,1,0,0,Single vehicle crash,V1: Turning left,V1: W,Dry,Dark - lighted roadway,Clear,0,0,46,12,TRUE,41.90697288,-71.36488172
19555,1/24/2020,January,Friday,18:10,1,2,0,0,Angle,V1: Turning left / V2: Travelling straight ahead,V1: E  / V2: W,Wet,Dark - lighted roadway,Clear,0,0,46,12,TRUE,41.94701106,-71.2760815
19556,1/25/2020,January,Saturday,5:45,2,2,0,0,Front to Front,V1: Travelling straight ahead / V2: Travelling straight ahead,V1: E  / V2: S,Dry,Dark - lighted roadway,Clear,0,0,48,25,TRUE,41.93601097,-71.28269451
19557,1/25/2020,January,Saturday,17:46,1,1,0,0,Single vehicle crash,V1: Turning left,V1: W,Wet,Dark - lighted roadway,Rain,0,0,48,25,TRUE,41.92517263,-71.34865517
19558,1/25/2020,January,Saturday,20:04,2,2,0,0,Rear-to-rear,V1: Backing / V2: Parked,V1: N  / V2: U,Wet,Dark - lighted roadway,Cloudy/Rain,0,0,48,25,TRUE,34.24438675,-73.6513909
19559,1/25/2020,January,Saturday,23:17,1,1,0,0,Head-on,V1: Travelling straight ahead,V1: W,Wet,Dark - roadway not lighted,Rain,0,0,48,25,TRUE,41.93320593,-71.29865397
19560,1/25/2020,January,Saturday,23:55,1,1,0,0,Single vehicle crash,V1: Travelling straight ahead,V1: W,Wet,Dark - lighted roadway,Fog,0,0,48,25,TRUE,41.90964466,-71.29708088
19561,1/26/2020,January,Sunday,9:57,1,1,0,0,Head-on,V1: Turning left,V1: S,Dry,Daylight,Clear,0.7,0,52,37,FALSE,41.92446027,-71.28906706
19562,1/27/2020,January,Monday,14:57,1,2,0,0,Rear-end,V1: Travelling straight ahead / V2: Slowing or stopped in traffic,V1: S  / V2: S,Dry,Daylight,Clear,0,0,49,28,TRUE,41.91420582,-71.36119766
19563,1/28/2020,January,Tuesday,5:04,1,2,0,0,"Sideswipe, same direction",V1: Travelling straight ahead / V2: Overtaking/passing,V1: E  / V2: E,Dry,Dark - lighted roadway,Clear,0,0,45,33,FALSE,41.93806227,-71.29125944
19564,1/28/2020,January,Tuesday,6:31,1,2,0,0,Angle,V1: Entering traffic lane / V2: Travelling straight ahead,V1: E  / V2: E,Dry,Daylight,Clear,0,0,45,33,FALSE,41.93397754,-71.31905247
19565,1/28/2020,January,Tuesday,7:48,1,2,0,0,Angle,V1: Entering traffic lane / V2: Travelling straight ahead,V1: S  / V2: S,Dry,Daylight,Clear,0,0,45,33,FALSE,41.93806227,-71.29125944
19566,1/28/2020,January,Tuesday,8:39,1,2,0,0,Angle,V1: Travelling straight ahead / V2: Travelling straight ahead,V1: N  / V2: E,Dry,Daylight,Clear,0,0,45,33,FALSE,41.90086768,-71.36799094
19567,1/28/2020,January,Tuesday,10:26,1,2,0,0,Angle,V1: Backing / V2: Parked,V1: W  / V2: S,Dry,Daylight,Clear,0,0,45,33,FALSE,41.91446233,-71.3590449
19568,1/29/2020,January,Wednesday,11:58,1,3,0,0,"Sideswipe, same direction",V1: Changing lanes / V2: Travelling straight ahead / V3: Travelling straight ahead,V1: N  / V2: N  / V3: N,Dry,Daylight,Clear,0,0,40,30,TRUE,41.91798768,-71.33176717
19569,1/29/2020,January,Wednesday,15:58,1,2,0,0,Front to Rear,V1: Travelling straight ahead / V2: Turning right,V1: W  / V2: S,Dry,Daylight,Clear,0,0,40,30,TRUE,41.95437986,-71.25499915
19570,1/29/2020,January,Wednesday,16:00,1,2,0,0,Rear to Side,V1: Parked / V2: Backing,V1: S  / V2: S,Dry,Dark - 0 roadway lighting,Clear,0,0,40,30,TRUE,41.94200064,-71.28761945
19571,1/29/2020,January,Wednesday,16:01,2,2,0,0,Rear-end,V1: Travelling straight ahead / V2: Slowing or stopped in traffic,V1: S  / V2: S,Dry,Daylight,Clear,0,0,40,30,TRUE,41.92927403,-71.32377045
19572,1/30/2020,January,Thursday,9:32,1,2,0,0,"Sideswipe, same direction",V1: Travelling straight ahead / V2: Travelling straight ahead,V1: S  / V2: S,Dry,Daylight,Clear,0,0,39,19,TRUE,41.90261276,-71.35590972
19573,1/30/2020,January,Thursday,16:11,1,3,0,0,Front to Rear,V1: Turning right / V2: Parked / V3: Parked,V1: S  / V2: U  / V3: U,Dry,Daylight,Clear,0,0,39,19,TRUE,41.94016372,-71.30256221
19574,1/30/2020,January,Thursday,16:15,1,2,0,0,Front to Rear,V1: Slowing or stopped in traffic / V2: Slowing or stopped in traffic,V1: S  / V2: S,Dry,Daylight,Clear,0,0,39,19,TRUE,41.9693978,-71.29147118
19575,2/1/2020,February,Saturday,9:10,2,2,0,0,"Sideswipe, same direction",V1: Travelling straight ahead / V2: 0,V1: N  / V2: 0,Dry,Daylight,Cloudy,0.04,0,43,20,TRUE,41.92886018,-71.3230987
19576,2/1/2020,February,Saturday,13:10,2,2,0,0,Rear-end,V1: Slowing or stopped in traffic / V2: Entering traffic lane,V1: W  / V2: W,Dry,Daylight,Cloudy,0.04,0,43,20,TRUE,41.90209944,-71.35577832
19577,2/1/2020,February,Saturday,15:44,1,2,0,0,Angle,V1: Entering traffic lane / V2: Travelling straight ahead,V1: N  / V2: S,Dry,Daylight,Clear,0.04,0,43,20,TRUE,41.90881459,-71.35766184
19578,2/1/2020,February,Saturday,17:56,1,2,0,0,Rear-end,V1: Slowing or stopped in traffic / V2: Slowing or stopped in traffic,V1: N  / V2: N,Dry,Dark - lighted roadway,Clear,0.04,0,43,20,TRUE,41.93100906,-71.35300238
19579,2/2/2020,February,Sunday,17:47,2,1,0,0,Single vehicle crash,V1: Travelling straight ahead,V1: S,Dry,Dark - lighted roadway,Clear,0,0,35,25,TRUE,41.94845803,-71.30212015
19580,2/3/2020,February,Monday,1:40,2,2,0,0,Rear-end,V1: Slowing or stopped in traffic / V2: Travelling straight ahead,V1: N  / V2: N,Dry,Dark - 0 roadway lighting,Cloudy,0,0,40,24,TRUE,41.92886018,-71.3230987
19581,2/3/2020,February,Monday,6:29,2,3,0,0,Rear-end,V1: Slowing or stopped in traffic / V2: Travelling straight ahead / V3: Travelling straight ahead,V1: N  / V2: N  / V3: N,Dry,Dawn,Cloudy,0,0,40,24,TRUE,41.90053869,-71.36201959
19582,2/3/2020,February,Monday,7:45,1,2,0,0,Rear-end,V1: Slowing or stopped in traffic / V2: Travelling straight ahead,V1: N  / V2: N,Dry,Daylight,Clear,0,0,40,24,TRUE,41.96940236,-71.29355421
19583,2/3/2020,February,Monday,8:45,2,1,0,0,Single vehicle crash,V1: Travelling straight ahead,V1: N,Dry,Daylight,Clear,0,0,40,24,TRUE,41.90231844,-71.35595143
19584,2/3/2020,February,Monday,9:37,1,1,0,0,Single vehicle crash,V1: Backing,V1: W,Dry,Daylight,Clear,0,0,40,24,TRUE,41.94427972,-71.28130304
19585,2/3/2020,February,Monday,14:30,1,2,0,0,Rear-end,V1: Travelling straight ahead / V2: Travelling straight ahead,V1: S  / V2: S,Dry,Daylight,Clear,0,0,40,24,TRUE,41.96207697,-71.29835824
19586,2/4/2020,February,Tuesday,14:29,2,1,0,0,Single vehicle crash,V1: Travelling straight ahead,V1: W,Dry,Daylight,Clear,0,0,45,27,TRUE,41.95334286,-71.26734273
19587,2/6/2020,February,Thursday,8:54,1,2,0,0,Angle,V1: Entering traffic lane / V2: Travelling straight ahead,V1: E  / V2: N,Wet,Daylight,Rain,0.4,0,40,29,TRUE,41.93306281,-71.28502226
19588,2/6/2020,February,Thursday,19:49,1,2,0,0,Front to Rear,V1: Travelling straight ahead / V2: Travelling straight ahead,V1: S  / V2: E,Wet,Dark - lighted roadway,Cloudy,0.4,0,40,29,TRUE,41.94431166,-71.28140275
19589,2/6/2020,February,Thursday,19:54,1,2,0,0,Angle,V1: Other / V2: Parked,V1: 0 / V2: 0,Wet,Other,Rain,0.4,0,40,29,TRUE,41.92442364,-71.35667427
19590,2/7/2020,February,Friday,10:10,2,1,0,0,Single vehicle crash,V1: Travelling straight ahead,V1: N,Wet,Daylight,Cloudy/Rain,0.27,0,40,34,FALSE,41.90231844,-71.35595143
19591,2/7/2020,February,Friday,16:01,2,1,0,0,Single vehicle crash,V1: Turning right,V1: N,Wet,Daylight,Cloudy,0.27,0,40,34,FALSE,34.24438675,-73.6513909
19592,2/7/2020,February,Friday,23:24,2,1,0,0,Single vehicle crash,V1: Leaving traffic lane,V1: S,Dry,Dark - lighted roadway,Clear,0.27,0,40,34,FALSE,41.8972229,-71.3698481
19593,2/8/2020,February,Saturday,17:32,1,1,0,0,Single vehicle crash,V1: Turning left,V1: E,Dry,Dark - lighted roadway,Clear,0.16,0,55,24,TRUE,41.93732881,-71.28475709
19594,2/10/2020,February,Monday,11:55,1,2,0,0,Angle,V1: Turning left / V2: Travelling straight ahead,V1: E  / V2: W,Wet,Daylight,Cloudy,0.03,0,41,18,TRUE,41.93723012,-71.28375224
19595,2/10/2020,February,Monday,13:52,2,2,0,0,Rear-to-rear,V1: Travelling straight ahead / V2: Travelling straight ahead,V1: W  / V2: W,Dry,Daylight,Clear,0.03,0,41,18,TRUE,41.94472175,-71.2812504
19596,2/10/2020,February,Monday,14:29,1,2,0,0,Rear-end,V1: Slowing or stopped in traffic / V2: Slowing or stopped in traffic,V1: W  / V2: W,Wet,Daylight,Rain,0.03,0,41,18,TRUE,41.96941071,-71.29341724
19597,2/10/2020,February,Monday,14:33,1,2,0,0,Angle,V1: Turning right / V2: Travelling straight ahead,V1: E  / V2: S,Dry,Daylight,Cloudy,0.03,0,41,18,TRUE,41.93531192,-71.28487744
19598,2/11/2020,February,Tuesday,6:54,2,3,0,0,Angle,V1: Entering traffic lane / V2: Travelling straight ahead / V3: Travelling straight ahead,V1: W  / V2: S  / V3: N,Wet,Daylight,Cloudy/Rain,0.12,0,46,39,FALSE,41.93505313,-71.29860583
19599,2/11/2020,February,Tuesday,12:29,1,1,0,0,Single vehicle crash,V1: Travelling straight ahead,V1: E,Dry,Daylight,Clear,0.12,0,46,39,FALSE,41.94469109,-71.28191726
19600,2/11/2020,February,Tuesday,15:42,2,2,0,0,Angle,V1: Travelling straight ahead / V2: Travelling straight ahead,V1: S  / V2: N,Wet,Daylight,Rain,0.12,0,46,39,FALSE,41.89861001,-71.36943215
19601,2/11/2020,February,Tuesday,21:34,1,1,0,0,Single vehicle crash,V1: Travelling straight ahead,V1: S,Wet,Dark - lighted roadway,Rain,0.12,0,46,39,FALSE,41.96019116,-71.30118086
19602,2/12/2020,February,Wednesday,10:27,1,2,0,0,Rear-end,V1: Slowing or stopped in traffic / V2: Slowing or stopped in traffic,V1: W  / V2: W,Dry,Daylight,Clear,0.28,0,42,32,TRUE,41.93400166,-71.31333076
19603,2/12/2020,February,Wednesday,14:46,2,2,0,0,Rear-end,V1: Travelling straight ahead / V2: Slowing or stopped in traffic,V1: W  / V2: W,Dry,Daylight,Clear,0.28,0,42,32,TRUE,41.93269195,-71.32821357
19604,2/12/2020,February,Wednesday,16:33,2,2,0,0,Angle,V1: Turning left / V2: Travelling straight ahead,V1: N  / V2: S,Dry,Daylight,Clear,0.28,0,42,32,TRUE,41.90998013,-71.35802082
19605,2/13/2020,February,Thursday,5:38,1,1,0,0,Single vehicle crash,V1: Turning right,V1: S,Wet,Dark - lighted roadway,Rain,0.54,0,43,33,FALSE,41.9477973,-71.27863901
19606,2/13/2020,February,Thursday,22:39,1,1,0,0,Single vehicle crash,V1: Turning left,V1: W,Dry,Dark - lighted roadway,Clear,0.54,0,43,33,FALSE,41.95180056,-71.2715031
19607,2/14/2020,February,Friday,16:41,1,2,0,0,Angle,V1: Travelling straight ahead / V2: Travelling straight ahead,V1: W  / V2: N,Dry,Daylight,Clear,0.14,0,39,28,TRUE,41.93601097,-71.28269451
19608,2/14/2020,February,Friday,19:18,2,2,0,0,Rear-end,V1: Entering traffic lane / V2: Slowing or stopped in traffic,V1: S  / V2: S,Dry,Dark - lighted roadway,Clear,0.14,0,39,28,TRUE,41.90261305,-71.35590872
19609,2/15/2020,February,Saturday,16:08,1,2,0,0,Front to Rear,V1: Travelling straight ahead / V2: Slowing or stopped in traffic,V1: S  / V2: S,Dry,Daylight,Clear,0,0,33,6,TRUE,41.93097484,-71.35301762
19610,2/17/2020,February,Monday,1:41,2,1,0,0,Head-on,V1: Leaving traffic lane,V1: W,Dry,Dark - lighted roadway,Clear,0,0,41,23,TRUE,41.95389676,-71.28231432
19611,2/19/2020,February,Wednesday,11:30,1,2,0,0,Front to Front,V1: Turning left / V2: Travelling straight ahead,V1: W  / V2: N,Dry,Daylight,Clear,0.13,0,40,31,TRUE,41.91819588,-71.30019517
19612,2/19/2020,February,Wednesday,15:14,2,2,0,0,Angle,V1: Turning left / V2: Travelling straight ahead,V1: W  / V2: N,Dry,Daylight,Clear,0.13,0,40,31,TRUE,41.93779791,-71.29348849