ID,DATE,Month,Day of week,Crash Time,Crash Severity,Number of Vehicles,Total Nonfatal Injuries,Total Fatal Injuries,Manner of Collision,Vehicle Action Prior to Crash,Vehicle Travel Directions,Road Surface Condition,Ambient Light,Weather Condition,PRCP,SNOW,TMAX,TMIN,Ice,Longtitute,Latitute
19613,2/19/2020,February,Wednesday,18:10,1,2,0,0,Front to Rear,V1: Travelling straight ahead / V2: Slowing or stopped in traffic,V1: W  / V2: W,Dry,Dark - lighted roadway,Clear,0.13,0,40,31,TRUE,41.94955733,-71.27636671
19614,2/19/2020,February,Wednesday,19:18,1,2,0,0,Front to Rear,V1: Travelling straight ahead / V2: Parked,V1: S  / V2: S,Dry,Dark - lighted roadway,Clear,0.13,0,40,31,TRUE,41.9438227,-71.28416926
19615,2/20/2020,February,Thursday,0:18,2,1,0,0,Single vehicle crash,V1: Travelling straight ahead,V1: W,Dry,Dark - lighted roadway,Clear,0,0,44,20,TRUE,41.93585833,-71.27194106
19616,2/20/2020,February,Thursday,21:58,1,1,0,0,Single vehicle crash,V1: Travelling straight ahead,V1: S,Dry,Dark - lighted roadway,Clear,0,0,44,20,TRUE,41.8998615,-71.36850451
19617,2/21/2020,February,Friday,17:34,1,2,0,0,Angle,V2: Travelling straight ahead / V1: Entering traffic lane,V2: S  / V1: N,Dry,Dark - lighted roadway,Clear,0,0,33,14,TRUE,41.95181537,-71.28985984
19618,2/23/2020,February,Sunday,14:34,1,2,0,0,Front to Rear,V1: Slowing or stopped in traffic / V2: Travelling straight ahead,V1: W  / V2: W,Dry,Daylight,Clear,0,0,46,14,TRUE,41.93394832,-71.30890873
19619,2/24/2020,February,Monday,10:19,2,2,0,0,Rear-end,V1: Travelling straight ahead / V2: Slowing or stopped in traffic,V1: W  / V2: W,Dry,Daylight,Clear,0,0,54,23,TRUE,41.95466279,-71.28743824
19620,2/24/2020,February,Monday,15:04,1,1,0,0,Single vehicle crash,V1: Backing,V1: E,Dry,Daylight,Clear,0,0,54,23,TRUE,41.94302766,-71.28911637
19621,2/25/2020,February,Tuesday,16:13,2,2,0,0,Angle,V1: Turning left / V2: Travelling straight ahead,V1: E  / V2: N,Dry,Daylight,Cloudy,0,0,60,31,TRUE,41.92900797,-71.28446457
19622,2/27/2020,February,Thursday,5:40,1,2,0,0,Rear to Side,V1: Backing / V2: Travelling straight ahead,V1: E  / V2: N,Wet,Dark - lighted roadway,Rain,0.55,0,46,41,FALSE,41.91090882,-71.25779774
19623,2/27/2020,February,Thursday,7:42,1,2,0,0,Rear-end,V1: Slowing or stopped in traffic / V2: Travelling straight ahead,V1: E  / V2: E,Wet,Daylight,Cloudy/Rain,0.55,0,46,41,FALSE,41.93304073,-71.29789609
19624,2/27/2020,February,Thursday,18:25,1,2,0,0,"Sideswipe, same direction",V1: Travelling straight ahead / V2: Changing lanes,V1: N  / V2: N,Dry,Dark - roadway not lighted,Cloudy,0.55,0,46,41,FALSE,41.92886018,-71.3230987
19625,2/27/2020,February,Thursday,18:48,2,2,0,0,"Sideswipe, same direction",V1: Changing lanes / V2: Travelling straight ahead,V1: W  / V2: W,Dry,Dark - lighted roadway,Clear,0.55,0,46,41,FALSE,41.93400055,-71.31627491
19626,2/27/2020,February,Thursday,18:51,2,3,0,0,Rear-end,V1: Travelling straight ahead / V2: Slowing or stopped in traffic / V3: Slowing or stopped in traffic,V1: N  / V2: N  / V3: N,Dry,Dark - lighted roadway,Clear,0.55,0,46,41,FALSE,41.96643836,-71.29074265
19627,2/28/2020,February,Friday,9:12,2,2,0,0,Angle,V1: Travelling straight ahead / V2: Turning right,V1: N  / V2: N,Dry,Daylight,Clear,0.14,0,50,27,TRUE,41.90998013,-71.35802082
19628,2/28/2020,February,Friday,11:54,2,2,0,0,Angle,V1: Turning left / V2: Travelling straight ahead,V1: S  / V2: N,Dry,Daylight,Cloudy,0.14,0,50,27,TRUE,41.91163749,-71.25841741
19629,2/28/2020,February,Friday,15:55,1,2,0,0,Rear-end,V1: Travelling straight ahead / V2: Slowing or stopped in traffic,V1: N  / V2: N,Dry,Daylight,Clear,0.14,0,50,27,TRUE,41.95593405,-71.30346756
19630,2/28/2020,February,Friday,18:03,1,2,0,0,Angle,V1: Turning left / V2: Travelling straight ahead,V1: N  / V2: S,Dry,Dusk,Clear,0.14,0,50,27,TRUE,41.95130281,-71.27263126
19631,2/29/2020,February,Saturday,8:58,2,2,0,0,Head-on,V1: Travelling straight ahead / V2: Travelling straight ahead,V1: E  / V2: W,Dry,Daylight,Clear,0,0,38,20,TRUE,41.91889792,-71.28517278
19632,2/29/2020,February,Saturday,20:31,1,2,0,0,Front to Rear,V1: Slowing or stopped in traffic / V2: Travelling straight ahead,V1: S  / V2: S,Dry,Dark - lighted roadway,Clear,0,0,38,20,TRUE,41.93357119,-71.30035285
19633,3/1/2020,March,Sunday,2:00,1,1,0,0,Single vehicle crash,V1: Travelling straight ahead,V1: N,Dry,Dark - roadway not lighted,Clear,0,0,37,17,TRUE,41.92886018,-71.3230987
19634,3/1/2020,March,Sunday,14:18,1,1,0,0,Single vehicle crash,V1: Entering traffic lane,V1: W,Dry,Daylight,Clear,0,0,37,17,TRUE,41.93585833,-71.27194106
19635,3/1/2020,March,Sunday,15:04,1,2,0,0,"Sideswipe, opposite direction",V2: Travelling straight ahead / V1: Leaving traffic lane,V2: W  / V1: E,Dry,Daylight,Clear,0,0,37,17,TRUE,41.89835537,-71.35496888
19636,3/1/2020,March,Sunday,15:38,2,2,0,0,Rear-end,V1: Travelling straight ahead / V2: Slowing or stopped in traffic,V1: W  / V2: W,Dry,Daylight,Clear,0,0,37,17,TRUE,41.89903243,-71.355186
19637,3/2/2020,March,Monday,9:10,1,1,0,0,Single vehicle crash,V1: Travelling straight ahead,V1: E,Dry,Daylight,Clear,0,0,33,18,TRUE,41.89880429,-71.37713636
19638,3/2/2020,March,Monday,18:17,2,1,0,0,Single vehicle crash,V1: Travelling straight ahead,V1: N,Dry,Dark - roadway not lighted,Clear,0,0,33,18,TRUE,41.95593405,-71.30346756
19639,3/2/2020,March,Monday,19:01,2,2,0,0,Rear-end,V1: Travelling straight ahead / V2: Slowing or stopped in traffic,V1: N  / V2: N,Dry,Dark - lighted roadway,Clear,0,0,33,18,TRUE,41.92151324,-71.35786797
19640,3/3/2020,March,Tuesday,0:43,1,2,0,0,"Sideswipe, same direction",V1: Overtaking/passing / V2: Travelling straight ahead,V1: N  / V2: N,Dry,Dark - lighted roadway,Clear,0,0,51,26,TRUE,41.9094023,-71.31577842
19641,3/3/2020,March,Tuesday,12:55,1,3,0,0,Front to Rear,V1: Slowing or stopped in traffic / V2: Slowing or stopped in traffic / V3: Travelling straight ahead,V1: S  / V2: S  / V3: S,Dry,Daylight,Clear,0,0,51,26,TRUE,41.93357119,-71.30035285
19642,3/3/2020,March,Tuesday,16:10,1,2,0,0,Rear-end,V1: Travelling straight ahead / V2: Slowing or stopped in traffic,V1: S  / V2: S,Dry,Daylight,Clear,0,0,51,26,TRUE,41.94274017,-71.28432859
19643,3/3/2020,March,Tuesday,16:13,1,2,0,0,Angle,V1: Entering traffic lane / V2: Travelling straight ahead,V1: W  / V2: N,Wet,Daylight,Rain,0,0,51,26,TRUE,41.91707062,-71.3597656
19644,3/3/2020,March,Tuesday,17:04,2,2,0,0,Angle,V1: Travelling straight ahead / V2: Travelling straight ahead,V1: S  / V2: S,Dry,Daylight,Clear,0,0,51,26,TRUE,41.93349672,-71.32022962
19645,3/3/2020,March,Tuesday,18:11,1,2,0,0,Front to Rear,V1: Slowing or stopped in traffic / V2: Travelling straight ahead,V1: E  / V2: E,Wet,Dark - lighted roadway,Rain,0,0,51,26,TRUE,41.91723587,-71.37241025
19646,3/4/2020,March,Wednesday,19:06,1,2,0,0,Angle,V1: Travelling straight ahead / V2: Entering traffic lane,V1: E  / V2: S,Dry,Dark - lighted roadway,Clear,0.21,0,63,42,FALSE,41.91973077,-71.35895623
19647,3/5/2020,March,Thursday,8:28,2,5,0,0,Rear-end,V1: Travelling straight ahead / V2: Travelling straight ahead / V3: Travelling straight ahead / V4: Travelling straight ahead / V5: Travelling straight ahead,V1: N  / V2: N  / V3: N  / V4: N  / V5: N,Dry,Daylight,Clear,0,0,53,34,FALSE,41.95514928,-71.30432065
19648,3/5/2020,March,Thursday,14:14,1,1,0,0,Single vehicle crash,V1: Slowing or stopped in traffic,V1: S,Dry,Daylight,Clear,0,0,53,34,FALSE,41.94344652,-71.28559566
19649,3/6/2020,March,Friday,8:15,1,3,0,0,Front to Rear,V1: Travelling straight ahead / V2: Slowing or stopped in traffic / V3: Slowing or stopped in traffic,V1: E  / V2: E  / V3: E,Dry,Daylight,Clear,0,0,51,27,TRUE,41.96936139,-71.29423524
19650,3/7/2020,March,Saturday,13:20,1,2,0,0,Angle,V1: Turning left / V2: Travelling straight ahead,V1: N  / V2: E,Dry,Daylight,Clear,0.34,2.2,50,27,TRUE,41.94861042,-71.27758702
19651,3/8/2020,March,Sunday,13:58,1,1,0,0,Head-on,V1: Leaving traffic lane,V1: S,Dry,Daylight,Clear,0,0,42,23,TRUE,41.93330143,-71.2991
19652,3/8/2020,March,Sunday,15:46,2,2,0,0,Rear-end,V1: Travelling straight ahead / V2: Slowing or stopped in traffic,V1: W  / V2: W,Dry,Daylight,Clear,0,0,42,23,TRUE,41.94466319,-71.28341486
19653,3/8/2020,March,Sunday,17:11,1,2,0,0,Rear-end,V1: Travelling straight ahead / V2: Turning left,V1: N  / V2: N,Dry,Daylight,Clear,0,0,42,23,TRUE,41.95204979,-71.27503273
19654,3/9/2020,March,Monday,11:54,2,2,0,0,Rear-end,V1: Slowing or stopped in traffic / V2: Slowing or stopped in traffic,V1: E  / V2: E,Dry,Daylight,Clear,0,0,54,23,TRUE,41.92106953,-71.35806074
19655,3/9/2020,March,Monday,15:31,1,2,0,0,Angle,V1: Travelling straight ahead / V2: Travelling straight ahead,V1: E  / V2: S,Dry,Daylight,Clear,0,0,54,23,TRUE,41.9404815,-71.28139686
19656,3/9/2020,March,Monday,16:37,1,2,0,0,Rear-end,V1: Travelling straight ahead / V2: Slowing or stopped in traffic,V1: E  / V2: E,Dry,Daylight,Clear,0,0,54,23,TRUE,41.91723587,-71.37241025
19657,3/9/2020,March,Monday,18:16,1,1,0,0,Head-on,V1: Travelling straight ahead,V1: W,Dry,Daylight,Clear,0,0,54,23,TRUE,41.92890675,-71.35392632
19658,3/9/2020,March,Monday,19:57,2,3,0,0,Angle,V1: Travelling straight ahead / V2: Travelling straight ahead / V3: Travelling straight ahead,V1: E  / V2: S  / V3: N,Dry,Dark - lighted roadway,Clear,0,0,54,23,TRUE,41.94450501,-71.28411703
19659,3/9/2020,March,Monday,23:40,1,1,0,0,Single vehicle crash,V1: Travelling straight ahead,V1: N,Dry,Dark - roadway not lighted,Clear,0,0,54,23,TRUE,41.89835459,-71.36941126
19660,3/10/2020,March,Tuesday,11:36,1,2,0,0,"Sideswipe, same direction",V1: Travelling straight ahead / V2: Parked,V1: N  / V2: N,Dry,Daylight,Clear,0,0,70,35,FALSE,41.94489736,-71.28345919
19661,3/10/2020,March,Tuesday,13:39,1,2,0,0,Angle,V1: Travelling straight ahead / V2: Travelling straight ahead,V1: S  / V2: N,Dry,Daylight,Clear,0,0,70,35,FALSE,41.95605996,-71.28811611
19662,3/11/2020,March,Wednesday,15:07,1,2,0,0,Angle,V1: Entering traffic lane / V2: Travelling straight ahead,V1: N  / V2: N,Dry,Daylight,Clear,0,0,68,40,FALSE,41.90682608,-71.35698152
19663,3/12/2020,March,Thursday,0:24,2,2,0,0,Rear-end,V1: Travelling straight ahead / V2: Travelling straight ahead,V1: N  / V2: N,Dry,Dark - lighted roadway,Clear,0,0,56,28,TRUE,41.92886018,-71.3230987
19664,3/12/2020,March,Thursday,4:21,1,1,0,0,Single vehicle crash,V1: Travelling straight ahead,V1: S,Dry,Dark - roadway not lighted,Clear,0,0,56,28,TRUE,41.92927403,-71.32377045
19665,3/12/2020,March,Thursday,6:02,1,1,0,0,Single vehicle crash,V1: Travelling straight ahead,V1: N,Dry,Dawn,Clear,0,0,56,28,TRUE,34.24438675,-73.6513909
19666,3/12/2020,March,Thursday,11:37,2,2,0,0,Angle,V1: Turning left / V2: Travelling straight ahead,V1: W  / V2: N,Dry,Daylight,Clear,0,0,56,28,TRUE,41.91360772,-71.36150084
19667,3/12/2020,March,Thursday,13:56,1,2,0,0,Angle,V1: Turning left / V2: Travelling straight ahead,V1: W  / V2: S,Dry,Daylight,Clear,0,0,56,28,TRUE,41.95484304,-71.28856385
19668,3/12/2020,March,Thursday,15:01,1,3,0,0,Rear-end,V1: Travelling straight ahead / V2: Travelling straight ahead / V3: Slowing or stopped in traffic,V1: S  / V2: S  / V3: S,Dry,Daylight,Clear,0,0,56,28,TRUE,41.93623387,-71.28481204
19669,3/12/2020,March,Thursday,15:28,1,2,0,0,Rear-end,V1: Travelling straight ahead / V2: Slowing or stopped in traffic,V1: S  / V2: S,Dry,Daylight,Clear,0,0,56,28,TRUE,41.92298549,-71.35714758
19670,3/12/2020,March,Thursday,15:29,1,3,0,0,Rear-end,V1: Travelling straight ahead / V2: Slowing or stopped in traffic / V3: Entering traffic lane,V1: S  / V2: S  / V3: E,Dry,Daylight,Clear,0,0,56,28,TRUE,41.93421769,-71.2996754
19671,3/12/2020,March,Thursday,15:36,2,1,0,0,Single vehicle crash,V1: Travelling straight ahead,V1: E,Dry,Daylight,Clear,0,0,56,28,TRUE,41.94666472,-71.28742758
19672,3/13/2020,March,Friday,16:01,1,2,0,0,Rear-end,V1: Travelling straight ahead / V2: Travelling straight ahead,V1: N  / V2: N,Dry,Daylight,Clear,0.03,0,52,28,TRUE,41.92298878,-71.25921985
19673,3/13/2020,March,Friday,16:26,1,4,0,0,Rear-end,V1: Changing lanes / V2: Slowing or stopped in traffic / V3: Slowing or stopped in traffic / V4: Slowing or stopped in traffic,V1: E  / V2: E  / V3: E  / V4: E,Dry,Daylight,Clear,0.03,0,52,28,TRUE,41.9693978,-71.29147118
19674,3/14/2020,March,Saturday,7:13,1,2,0,0,Angle,V1: Travelling straight ahead / V2: Travelling straight ahead,V1: N  / V2: E,Dry,Daylight,Clear,0.21,0,60,37,FALSE,41.95180056,-71.2715031
19675,3/15/2020,March,Sunday,8:11,2,1,0,0,Single vehicle crash,V1: Turning left,V1: S,Dry,Daylight,Clear,0,0,53,37,FALSE,41.93397228,-71.28628809
19676,3/15/2020,March,Sunday,13:15,2,2,0,0,Angle,V1: Travelling straight ahead / V2: Entering traffic lane,V1: S  / V2: E,Dry,Daylight,Clear,0,0,53,37,FALSE,41.94450501,-71.28411703
19677,3/15/2020,March,Sunday,16:55,1,3,0,0,Rear-end,V1: Travelling straight ahead / V2: Parked / V3: Parked,V1: W  / V2: W  / V3: W,Dry,Daylight,Clear,0,0,53,37,FALSE,41.94426826,-71.27851905
19678,3/16/2020,March,Monday,0:44,1,1,0,0,Single vehicle crash,V1: Travelling straight ahead,V1: W,Dry,Dark - lighted roadway,Clear,0,0,49,25,TRUE,41.92491601,-71.22662508
19679,3/16/2020,March,Monday,1:00,1,1,0,0,0,V1: Travelling straight ahead,V1: E,Dry,Dark - lighted roadway,Clear,0,0,49,25,TRUE,41.89575625,-71.37060115
19680,3/16/2020,March,Monday,13:04,1,2,0,0,"Sideswipe, same direction",V1: Leaving traffic lane / V2: Parked,V1: E  / V2: E,Dry,Daylight,Clear,0,0,49,25,TRUE,41.94386765,-71.28500465
19681,3/17/2020,March,Tuesday,11:13,1,1,0,0,Angle,V1: Turning left,V1: S,Wet,Daylight,Cloudy/Rain,0.03,0.4,40,26,TRUE,41.91163749,-71.25841741
19682,3/17/2020,March,Tuesday,11:38,2,1,0,0,Head-on,V1: Travelling straight ahead,V1: S,Wet,Daylight,Cloudy/Rain,0.03,0.4,40,26,TRUE,41.91494802,-71.30605292
19683,3/17/2020,March,Tuesday,16:38,1,2,0,0,Angle,V1: Travelling straight ahead / V2: Turning left,V1: N  / V2: N,Dry,Daylight,Cloudy,0.03,0.4,40,26,TRUE,41.9340587,-71.3157935
19684,3/18/2020,March,Wednesday,13:55,1,1,0,0,Single vehicle crash,V1: Travelling straight ahead,V1: E,Dry,Daylight,Clear,0.09,0,45,29,TRUE,41.93327051,-71.29895448
19685,3/18/2020,March,Wednesday,14:12,1,2,0,0,Angle,V1: Travelling straight ahead / V2: Parked,V1: N  / V2: U,Dry,Daylight,Clear,0.09,0,45,29,TRUE,41.9227029,-71.35736851
19686,3/20/2020,March,Friday,11:11,1,2,0,0,Rear-end,V1: Travelling straight ahead / V2: Slowing or stopped in traffic,V1: N  / V2: N,Dry,Daylight,Clear,0.61,0,45,40,FALSE,41.92014284,-71.35719783
19687,3/20/2020,March,Friday,11:41,1,2,0,0,Angle,V1: Turning left / V2: Travelling straight ahead,V1: S  / V2: N,Wet,Daylight,Cloudy,0.61,0,45,40,FALSE,41.91163749,-71.25841741
19688,3/20/2020,March,Friday,15:58,1,2,0,0,Angle,V1: Entering traffic lane / V2: Travelling straight ahead,V1: N  / V2: E,Dry,Daylight,Clear,0.61,0,45,40,FALSE,41.89642653,-71.37125251
19689,3/21/2020,March,Saturday,17:03,1,2,0,0,Angle,V1: Travelling straight ahead / V2: Travelling straight ahead,V1: N  / V2: W,Dry,Daylight,Clear,0,0,64,45,FALSE,41.92014284,-71.35719783
19690,3/23/2020,March,Monday,13:36,2,2,0,0,Angle,V1: Travelling straight ahead / V2: Travelling straight ahead,V1: E  / V2: N,Dry,Daylight,Cloudy,0,0,38,26,TRUE,41.93840858,-71.28352591
19691,3/23/2020,March,Monday,14:54,1,1,0,0,Head-on,V1: Travelling straight ahead,V1: E,"Water (standing, moving)",Daylight,Snow,0,0,38,26,TRUE,34.24438675,-73.6513909
19692,3/23/2020,March,Monday,16:56,1,2,0,0,"Sideswipe, same direction",V1: Travelling straight ahead / V2: Travelling straight ahead,V1: N  / V2: N,Snow,Daylight,Snow,0,0,38,26,TRUE,41.92886018,-71.3230987
19693,3/25/2020,March,Wednesday,12:44,2,4,0,0,Rear-end,V1: Travelling straight ahead / V2: Slowing or stopped in traffic / V3: Slowing or stopped in traffic / V4: Slowing or stopped in traffic,V1: N  / V2: N  / V3: N  / V4: N,Wet,Daylight,Cloudy,0,0,49,35,FALSE,41.89778371,-71.36956007
19694,3/25/2020,March,Wednesday,13:59,2,1,0,0,Single vehicle crash,V1: Travelling straight ahead,V1: S,Dry,Daylight,Cloudy,0,0,49,35,FALSE,41.95032204,-71.27189086
19695,3/26/2020,March,Thursday,12:45,1,2,0,0,Angle,V1: Turning left / V2: Travelling straight ahead,V1: S  / V2: W,Dry,Daylight,Clear,0,0,44,34,FALSE,41.94757814,-71.27890388
19696,3/26/2020,March,Thursday,17:23,1,1,0,0,Single vehicle crash,V1: Backing,V1: 0,Dry,Daylight,Clear,0,0,44,34,FALSE,41.90919339,-71.28883755
19697,3/27/2020,March,Friday,18:00,1,1,0,0,Head-on,V1: Travelling straight ahead,V1: W,Dry,Daylight,Clear,0,0,54,34,FALSE,41.94466699,-71.28337846
19698,3/28/2020,March,Saturday,0:43,1,1,0,0,Single vehicle crash,V1: Turning right,V1: S,Dry,Dark - roadway not lighted,Clear,0,0,63,28,TRUE,41.93606378,-71.32034113
19699,3/28/2020,March,Saturday,19:20,1,2,0,0,Rear-end,V1: Travelling straight ahead / V2: Travelling straight ahead,V1: S  / V2: S,Wet,Dark - roadway not lighted,Rain,0,0,63,28,TRUE,41.93804592,-71.31642931
19700,3/29/2020,March,Sunday,13:35,1,1,0,0,Single vehicle crash,V1: Travelling straight ahead,V1: S,Wet,Daylight,Cloudy/Rain,0.43,0,57,28,TRUE,41.89534434,-71.37527564
19701,3/29/2020,March,Sunday,16:03,2,2,0,0,Front to Rear,V1: Travelling straight ahead / V2: Slowing or stopped in traffic,V1: E  / V2: E,Wet,Daylight,Cloudy/Rain,0.43,0,57,28,TRUE,41.95358311,-71.26631062
19702,3/30/2020,March,Monday,10:48,1,1,0,0,Angle,V1: Travelling straight ahead,V1: E,Dry,Daylight,Cloudy,0.5,0,46,40,FALSE,41.95229507,-71.27053131
19703,3/30/2020,March,Monday,10:53,1,2,0,0,Rear-to-rear,V1: Backing / V2: Parked,V1: N  / V2: 0,"Sand, mud, dirt, oil, gravel",Daylight,Cloudy,0.5,0,46,40,FALSE,41.90047348,-71.32918712
19704,3/30/2020,March,Monday,14:23,1,2,0,0,Angle,V1: Turning left / V2: Travelling straight ahead,V1: E  / V2: S,Dry,Daylight,Cloudy,0.5,0,46,40,FALSE,41.94758673,-71.27890452
19705,4/1/2020,April,Wednesday,11:23,1,2,0,0,Rear-end,V1: Backing / V2: Slowing or stopped in traffic,V1: N  / V2: S,Dry,Daylight,Cloudy,0,0,44,28,TRUE,41.91163749,-71.25841741
19706,4/4/2020,April,Saturday,1:23,2,1,0,0,Single vehicle crash,V1: Travelling straight ahead,V1: E,Wet,Dark - lighted roadway,Rain,1.22,0,50,39,FALSE,41.90353344,-71.33368854
19707,4/4/2020,April,Saturday,5:25,1,1,0,0,Single vehicle crash,V1: Travelling straight ahead,V1: N,Wet,Dark - lighted roadway,Rain,1.22,0,50,39,FALSE,41.95394093,-71.30233662
19708,4/7/2020,April,Tuesday,13:26,2,1,0,0,Single vehicle crash,V1: Travelling straight ahead,V1: S,"Sand, mud, dirt, oil, gravel",Daylight,Clear,0,0,61,35,FALSE,41.92589627,-71.25059278
19709,4/7/2020,April,Tuesday,15:04,2,2,0,0,Angle,V1: Entering traffic lane / V2: Travelling straight ahead,V1: N  / V2: E,Dry,Daylight,Clear,0,0,61,35,FALSE,41.89867838,-71.34654981
19710,4/9/2020,April,Thursday,11:29,1,2,0,0,Front to Front,V1: Turning left / V2: Slowing or stopped in traffic,V1: E  / V2: S,Wet,Daylight,Cloudy/Rain,0,0,53,36,FALSE,41.93723012,-71.28375224
19711,4/9/2020,April,Thursday,14:44,1,2,0,0,Rear-end,V1: Entering traffic lane / V2: Slowing or stopped in traffic,V1: W  / V2: W,Wet,Daylight,Cloudy/Rain,0,0,53,36,FALSE,41.94472175,-71.2812504
19712,4/9/2020,April,Thursday,16:00,2,1,0,0,Single vehicle crash,V1: Travelling straight ahead,V1: S,Wet,Daylight,Rain,0,0,53,36,FALSE,41.89861001,-71.36943215
19713,4/9/2020,April,Thursday,18:10,2,2,0,0,Rear-end,V1: Travelling straight ahead / V2: Travelling straight ahead,V1: S  / V2: S,Wet,Daylight,Cloudy,0,0,53,36,FALSE,41.92521765,-71.28783389
19714,4/9/2020,April,Thursday,18:41,2,2,0,0,Angle,V1: 0 / V2: Travelling straight ahead,V1: N  / V2: S,Dry,Daylight,Clear,0,0,53,36,FALSE,41.95286786,-71.2894079
19715,4/9/2020,April,Thursday,19:11,1,2,0,0,Angle,V1: Travelling straight ahead / V2: Turning right,V1: S  / V2: E,Dry,Daylight,Cloudy,0,0,53,36,FALSE,41.91463957,-71.35904891
19716,4/10/2020,April,Friday,18:14,2,1,0,0,Single vehicle crash,V1: Leaving traffic lane,V1: E,Dry,Daylight,Cloudy,0.75,0,49,36,FALSE,41.94102375,-71.26862959
19717,4/13/2020,April,Monday,17:10,1,1,0,0,Single vehicle crash,V1: Backing,V1: N,Wet,Daylight,Rain,0.19,0,59,30,TRUE,41.92236226,-71.29293432
19718,4/14/2020,April,Tuesday,10:40,2,2,0,0,Front to Front,V1: Entering traffic lane / V2: Travelling straight ahead,V1: E  / V2: S,Dry,Daylight,Clear,1.1,0,60,40,FALSE,41.93521133,-71.28616773
19719,4/16/2020,April,Thursday,22:54,1,2,0,0,Head-on,V1: Travelling straight ahead / V2: Travelling straight ahead,V1: N  / V2: W,Dry,Dark - lighted roadway,Clear,0.01,0,54,29,TRUE,41.93357119,-71.30035285
19720,4/17/2020,April,Friday,20:53,1,1,0,0,Single vehicle crash,V1: Turning right,V1: S,Dry,Dark - lighted roadway,Clear,0,0,47,31,TRUE,41.90255025,-71.35612621
19721,4/19/2020,April,Sunday,13:34,1,2,0,0,Angle,V1: Backing / V2: Travelling straight ahead,V1: N  / V2: E,Dry,Daylight,Cloudy,0.08,0,40,31,TRUE,41.89957255,-71.3551788
19722,4/19/2020,April,Sunday,19:20,1,1,0,0,Single vehicle crash,V1: Travelling straight ahead,V1: 0,Dry,Dusk,Clear,0.08,0,40,31,TRUE,41.96525928,-71.25992226
19723,4/22/2020,April,Wednesday,12:33,1,2,0,0,Rear to Side,V1: Backing / V2: Parked,V1: S  / V2: N,Dry,Daylight,Clear,0.34,0,52,30,TRUE,41.94256849,-71.27443491
19724,4/24/2020,April,Friday,16:03,1,2,0,0,Single vehicle crash,V1: Travelling straight ahead / V2: Turning left,V1: N  / V2: E,Wet,Daylight,Cloudy/Rain,0.2,0,56,31,TRUE,41.91653724,-71.36001753
19725,4/26/2020,April,Sunday,18:10,1,1,0,0,Single vehicle crash,V1: Travelling straight ahead,V1: S,Wet,Daylight,Rain,0,0,64,33,FALSE,41.9739912,-71.29523514
19726,4/27/2020,April,Monday,11:57,1,2,0,0,"Sideswipe, opposite direction",V1: Travelling straight ahead / V2: Travelling straight ahead,V1: E  / V2: W,Wet,Daylight,Rain,0.59,0,52,40,FALSE,41.93140734,-71.29114025
19727,4/27/2020,April,Monday,14:03,1,3,0,0,Angle,V1: Entering traffic lane / V2: Travelling straight ahead / V3: Slowing or stopped in traffic,V1: W  / V2: S  / V3: E,Wet,Daylight,Rain,0.59,0,52,40,FALSE,41.94757814,-71.27890388
19728,4/27/2020,April,Monday,18:03,1,1,0,0,Single vehicle crash,V1: Travelling straight ahead,V1: W,Wet,Daylight,Rain,0.59,0,52,40,FALSE,41.94898843,-71.303303
19729,4/29/2020,April,Wednesday,16:35,1,2,0,0,Angle,V1: Entering traffic lane / V2: Travelling straight ahead,V1: S  / V2: S,Dry,Daylight,Cloudy,0,0,54,32,TRUE,41.94806461,-71.27829804
19730,5/1/2020,May,Friday,22:23,1,1,0,0,Single vehicle crash,V1: Leaving traffic lane,V1: N,Dry,Dark - lighted roadway,Cloudy,0.8,0,56,44,FALSE,41.94310413,-71.27137095
19731,5/3/2020,May,Sunday,13:55,1,2,0,0,Angle,V1: Slowing or stopped in traffic / V2: Travelling straight ahead,V1: N  / V2: W,Dry,Daylight,Clear,0,0,70,47,FALSE,41.94444966,-71.2795884
19732,5/3/2020,May,Sunday,16:03,1,1,0,0,Single vehicle crash,V1: Travelling straight ahead,V1: S,Dry,Daylight,Clear,0,0,70,47,FALSE,41.90255025,-71.35612621
19733,5/6/2020,May,Wednesday,16:10,1,2,0,0,Angle,V1: Travelling straight ahead / V2: Changing lanes,V1: N  / V2: N,Dry,Daylight,Clear,0,0,60,33,FALSE,41.92886018,-71.3230987
19734,5/6/2020,May,Wednesday,18:58,2,2,0,0,"Sideswipe, same direction",V1: Overtaking/passing / V2: Travelling straight ahead,V1: S  / V2: S,Wet,Daylight,Cloudy/Rain,0,0,60,33,FALSE,41.90719064,-71.36476732
19735,5/7/2020,May,Thursday,12:07,1,2,0,0,Front to Rear,V1: Travelling straight ahead / V2: Slowing or stopped in traffic,V1: E  / V2: E,Dry,Daylight,Clear,0.17,0,58,37,FALSE,41.92014284,-71.35719783
19736,5/7/2020,May,Thursday,17:26,1,2,0,0,Front to Rear,V1: Travelling straight ahead / V2: Slowing or stopped in traffic,V1: S  / V2: S,Dry,Daylight,Clear,0.17,0,58,37,FALSE,41.90964751,-71.36351027
19737,5/8/2020,May,Friday,15:33,1,2,0,0,Rear-end,V1: Travelling straight ahead / V2: Slowing or stopped in traffic,V1: S  / V2: S,Wet,Daylight,Cloudy/Rain,0,0,64,41,FALSE,41.92582442,-71.34707854