ID,DATE,Month,Day of week,Crash Time,Crash Severity,Number of Vehicles,Total Nonfatal Injuries,Total Fatal Injuries,Manner of Collision,Vehicle Action Prior to Crash,Vehicle Travel Directions,Road Surface Condition,Ambient Light,Weather Condition,PRCP,SNOW,TMAX,TMIN,Ice,Longtitute,Latitute
19738,5/8/2020,May,Friday,17:34,1,2,0,0,Angle,V1: Turning left / V2: Turning left,V1: S  / V2: S,Wet,Daylight,Cloudy/Rain,0,0,64,41,FALSE,41.94765588,-71.27880992
19739,5/9/2020,May,Saturday,10:00,1,1,0,0,Single vehicle crash,V1: Other,V1: U,Dry,Daylight,Snow,0.54,0,59,36,FALSE,41.94232985,-71.27279731
19740,5/9/2020,May,Saturday,17:00,2,2,0,0,Angle,V1: Turning left / V2: Travelling straight ahead,V1: E  / V2: W,Dry,Daylight,Cloudy,0.54,0,59,36,FALSE,41.91865112,-71.2524988
19741,5/9/2020,May,Saturday,17:40,2,2,0,0,Rear-end,V1: Travelling straight ahead / V2: Travelling straight ahead,V1: S  / V2: S,Dry,Daylight,Clear,0.54,0,59,36,FALSE,41.92927403,-71.32377045
19742,5/9/2020,May,Saturday,22:04,1,1,0,0,Single vehicle crash,V1: Travelling straight ahead,V1: N,Dry,Dark - lighted roadway,Clear,0.54,0,59,36,FALSE,41.92168546,-71.28691004
19743,5/11/2020,May,Monday,11:26,2,2,0,0,Rear-end,V1: Slowing or stopped in traffic / V2: Travelling straight ahead,V1: S  / V2: S,Dry,Daylight,Clear,0,0,61,37,FALSE,41.95076301,-71.27397064
19744,5/11/2020,May,Monday,19:17,1,2,0,0,Rear-end,V1: Entering traffic lane / V2: Entering traffic lane,V1: S  / V2: S,Wet,Daylight,Cloudy/Rain,0,0,61,37,FALSE,41.96904819,-71.291542
19745,5/11/2020,May,Monday,23:07,2,1,0,0,Head-on,V1: Leaving traffic lane,V1: S,Wet,Dark - lighted roadway,Clear,0,0,61,37,FALSE,41.93036579,-71.29083006
19746,5/12/2020,May,Tuesday,10:47,1,2,0,0,Single vehicle crash,V2: Parked / V1: Travelling straight ahead,V2: N  / V1: W,Dry,Daylight,Clear,0.09,0,67,40,FALSE,41.90347094,-71.3299378
19747,5/12/2020,May,Tuesday,13:55,1,1,0,0,Angle,V1: Leaving traffic lane,V1: N,Dry,Daylight,Clear,0.09,0,67,40,FALSE,41.91482581,-71.36088324
19748,5/13/2020,May,Wednesday,1:55,1,1,0,0,Single vehicle crash,V1: Travelling straight ahead,V1: S,Dry,Dark - lighted roadway,Clear,0,0,56,34,FALSE,41.94632519,-71.28704489
19749,5/13/2020,May,Wednesday,10:49,1,2,0,0,Rear-to-rear,V1: Backing / V2: Slowing or stopped in traffic,V1: W  / V2: U,Dry,Daylight,Clear,0,0,56,34,FALSE,41.93426971,-71.29961081
19750,5/13/2020,May,Wednesday,11:00,1,2,0,0,Angle,V1: Turning left / V2: Travelling straight ahead,V1: E  / V2: S,Dry,Daylight,Clear,0,0,56,34,FALSE,41.94540059,-71.27408653
19751,5/13/2020,May,Wednesday,12:36,1,2,0,0,Angle,V1: Entering traffic lane / V2: Travelling straight ahead,V1: W  / V2: S,Dry,Daylight,Clear,0,0,56,34,FALSE,41.94274017,-71.28432859
19752,5/13/2020,May,Wednesday,14:19,1,2,0,0,Front to Rear,V1: Travelling straight ahead / V2: Slowing or stopped in traffic,V1: S  / V2: S,Dry,Daylight,Clear,0,0,56,34,FALSE,41.93814393,-71.29300968
19753,5/14/2020,May,Thursday,11:38,2,1,0,0,Single vehicle crash,V1: Travelling straight ahead,V1: S,Dry,Daylight,Clear,0,0,59,34,FALSE,41.93830594,-71.31476232
19754,5/14/2020,May,Thursday,15:34,1,2,0,0,Rear-end,V1: Slowing or stopped in traffic / V2: Slowing or stopped in traffic,V1: S  / V2: S,Dry,Daylight,Clear,0,0,59,34,FALSE,41.96927257,-71.2955191
19755,5/15/2020,May,Friday,13:32,2,1,0,0,Single vehicle crash,V1: Turning left,V1: N,Dry,Daylight,Clear,0.09,0,71,47,FALSE,41.91345792,-71.22442584
19756,5/15/2020,May,Friday,17:19,1,2,0,0,Angle,V1: Travelling straight ahead / V2: Slowing or stopped in traffic,V1: E  / V2: N,Dry,Daylight,Clear,0.09,0,71,47,FALSE,41.94472175,-71.2812504
19757,5/16/2020,May,Saturday,7:58,1,2,0,0,"Sideswipe, opposite direction",V1: Turning left / V2: Travelling straight ahead,V1: S  / V2: W,Dry,Daylight,Clear,0.36,0,78,51,FALSE,41.93269195,-71.32821357
19758,5/16/2020,May,Saturday,15:51,1,2,0,0,Front to Rear,V1: Travelling straight ahead / V2: Slowing or stopped in traffic,V1: W  / V2: W,Dry,Daylight,Clear,0.36,0,78,51,FALSE,41.91981411,-71.35860614
19759,5/17/2020,May,Sunday,3:30,1,1,0,0,Single vehicle crash,V1: Travelling straight ahead,V1: N,Dry,Dark - roadway not lighted,Clear,0,0,71,45,FALSE,34.24438675,-73.6513909
19760,5/17/2020,May,Sunday,7:45,1,1,0,0,Rear-end,V1: Travelling straight ahead,V1: N,Dry,Daylight,Cloudy,0,0,71,45,FALSE,41.90231844,-71.35595143
19761,5/17/2020,May,Sunday,15:50,2,2,0,0,Rear-end,V1: Travelling straight ahead / V2: Slowing or stopped in traffic,V1: N  / V2: N,Dry,Daylight,Clear,0,0,71,45,FALSE,41.93126898,-71.35288692
19762,5/19/2020,May,Tuesday,10:44,2,2,0,0,Rear-end,V1: Travelling straight ahead / V2: Turning left,V1: N  / V2: N,Dry,Daylight,Clear,0,0,64,47,FALSE,41.92734177,-71.2850606
19763,5/19/2020,May,Tuesday,12:41,1,2,0,0,Angle,V1: Entering traffic lane / V2: Travelling straight ahead,V1: S  / V2: W,Dry,Daylight,Clear,0,0,64,47,FALSE,41.93304448,-71.28634923
19764,5/20/2020,May,Wednesday,9:43,1,2,0,0,"Sideswipe, same direction",V1: Travelling straight ahead / V2: Travelling straight ahead,V1: S  / V2: S,Dry,Daylight,Clear,0,0,62,41,FALSE,41.89861001,-71.36943215
19765,5/20/2020,May,Wednesday,13:30,2,2,0,0,Front to Front,V1: Travelling straight ahead / V2: Travelling straight ahead,V1: N  / V2: W,Dry,Daylight,Clear,0,0,62,41,FALSE,41.94472175,-71.2812504
19766,5/20/2020,May,Wednesday,15:08,1,2,0,0,Front to Rear,V1: Travelling straight ahead / V2: Slowing or stopped in traffic,V1: E  / V2: E,Dry,Daylight,Clear,0,0,62,41,FALSE,41.94845803,-71.30212015
19767,5/20/2020,May,Wednesday,23:51,1,2,0,0,Front to Rear,V1: Parked / V2: Parked,V1: W  / V2: U,Dry,Dark - lighted roadway,Clear,0,0,62,41,FALSE,41.94227213,-71.27141774
19768,5/21/2020,May,Thursday,0:16,0,1,0,0,Single vehicle crash,V1: Travelling straight ahead,V1: 0,Dry,Dark - lighted roadway,Clear,0,0,64,36,FALSE,41.95274556,-71.28947105
19769,5/21/2020,May,Thursday,23:48,1,1,0,0,Single vehicle crash,V1: Travelling straight ahead,V1: N,Dry,Dark - 0 roadway lighting,Clear,0,0,64,36,FALSE,41.92886018,-71.3230987
19770,5/22/2020,May,Friday,10:01,1,2,0,0,Rear-to-rear,V1: Backing / V2: Backing,V1: W  / V2: E,Dry,Daylight,Clear,0,0,73,43,FALSE,41.95180056,-71.2715031
19771,5/22/2020,May,Friday,15:25,1,2,0,0,"Sideswipe, same direction",V2: Changing lanes / V1: Travelling straight ahead,V2: N  / V1: N,Dry,Daylight,Clear,0,0,73,43,FALSE,41.89947708,-71.35515679
19772,5/25/2020,May,Monday,7:30,1,1,0,0,Single vehicle crash,V1: Travelling straight ahead,V1: N,Wet,Daylight,Cloudy,0.02,0,64,46,FALSE,41.95521841,-71.30254954
19773,5/27/2020,May,Wednesday,5:10,1,1,0,0,Single vehicle crash,V1: Travelling straight ahead,V1: N,Dry,Dawn,Cloudy,0,0,83,56,FALSE,41.95370648,-71.30439474
19774,5/27/2020,May,Wednesday,22:22,2,2,0,0,"Sideswipe, same direction",V1: Changing lanes / V2: 0,V1: S  / V2: 0,Dry,Dark - roadway not lighted,Clear,0,0,83,56,FALSE,41.92927403,-71.32377045
19775,5/27/2020,May,Wednesday,22:25,2,2,0,0,Angle,V1: Slowing or stopped in traffic / V2: Travelling straight ahead,V1: S  / V2: S,Dry,Dark - roadway not lighted,Clear,0,0,83,56,FALSE,41.92927403,-71.32377045
19776,5/28/2020,May,Thursday,14:54,1,2,0,0,Angle,V1: Turning left / V2: Travelling straight ahead,V1: W  / V2: N,Dry,Daylight,Cloudy,0,0,82,60,FALSE,41.90964751,-71.36351027
19777,5/28/2020,May,Thursday,16:09,1,2,0,0,Rear-end,V2: Slowing or stopped in traffic / V1: Entering traffic lane,V2: N  / V1: N,Dry,Daylight,Clear,0,0,82,60,FALSE,41.90241817,-71.35561188
19778,5/29/2020,May,Friday,17:14,0,1,0,0,Single vehicle crash,V1: Travelling straight ahead,V1: N,Dry,Daylight,Clear,0.07,0,77,65,FALSE,41.95593405,-71.30346756
19779,5/29/2020,May,Friday,17:56,1,1,0,0,Single vehicle crash,V1: Travelling straight ahead,V1: W,Dry,Daylight,Cloudy,0.07,0,77,65,FALSE,41.94321748,-71.27205678
19780,5/29/2020,May,Friday,18:32,2,2,0,0,Angle,V1: Travelling straight ahead / V2: Turning left,V1: S  / V2: W,Dry,Daylight,Clear,0.07,0,77,65,FALSE,41.92381138,-71.29024786
19781,5/29/2020,May,Friday,18:50,2,2,0,0,Rear-end,V1: Travelling straight ahead / V2: Slowing or stopped in traffic,V1: W  / V2: W,Dry,Daylight,Clear,0.07,0,77,65,FALSE,41.91109113,-71.2812054
19782,5/29/2020,May,Friday,22:55,2,1,0,0,Rear-end,V1: Travelling straight ahead,V1: S,Dry,Dark - roadway not lighted,Clear,0.07,0,77,65,FALSE,41.91966293,-71.33181799
19783,5/30/2020,May,Saturday,7:32,2,1,0,0,Single vehicle crash,V1: Travelling straight ahead,V1: N,Wet,Daylight,Clear,0.1,0,79,63,FALSE,41.95461742,-71.30420794
19784,5/30/2020,May,Saturday,19:30,2,2,0,0,Rear-end,V1: Travelling straight ahead / V2: Slowing or stopped in traffic,V1: W  / V2: W,Dry,Daylight,Clear,0.1,0,79,63,FALSE,41.89618753,-71.37039514
19785,6/1/2020,June,Monday,16:00,2,1,0,0,Single vehicle crash,V1: Changing lanes,V1: S,Dry,Daylight,Clear,0,0,67,40,FALSE,41.95860692,-71.30236142
19786,6/3/2020,June,Wednesday,6:07,2,1,0,0,Single vehicle crash,V1: Travelling straight ahead,V1: S,Dry,Daylight,Clear,0,0,71,46,FALSE,41.96941345,-71.29547608
19787,6/3/2020,June,Wednesday,11:35,1,2,0,0,Rear-end,V1: Travelling straight ahead / V2: Travelling straight ahead,V1: N  / V2: N,Dry,Daylight,Clear,0,0,71,46,FALSE,41.89835459,-71.36941126
19788,6/4/2020,June,Thursday,6:20,2,2,0,0,Angle,V1: Travelling straight ahead / V2: Travelling straight ahead,V1: W  / V2: S,Dry,Daylight,Clear,0,0,79,59,FALSE,41.9404815,-71.28139686
19789,6/4/2020,June,Thursday,8:02,2,2,0,0,Angle,V1: Travelling straight ahead / V2: Travelling straight ahead,V1: W  / V2: S,Dry,Daylight,Clear,0,0,79,59,FALSE,41.95287787,-71.26899686
19790,6/5/2020,June,Friday,9:40,1,1,0,0,Single vehicle crash,V1: Travelling straight ahead,V1: S,Wet,Daylight,Cloudy/Rain,0,0,87,65,FALSE,41.91380484,-71.23554268
19791,6/5/2020,June,Friday,14:47,1,2,0,0,"Sideswipe, same direction",V1: Travelling straight ahead / V2: Overtaking/passing,V1: N  / V2: N,Dry,Daylight,Clear,0,0,87,65,FALSE,41.92508738,-71.35628348
19792,6/5/2020,June,Friday,15:12,2,2,0,0,Rear-end,V1: Travelling straight ahead / V2: Slowing or stopped in traffic,V1: W  / V2: W,Dry,Daylight,Clear,0,0,87,65,FALSE,41.92517263,-71.34865517
19793,6/5/2020,June,Friday,16:28,2,2,0,0,Rear-end,V1: Travelling straight ahead / V2: Changing lanes,V1: S  / V2: S,Dry,Daylight,Clear,0,0,87,65,FALSE,41.89835459,-71.36941126
19794,6/6/2020,June,Saturday,20:05,2,1,0,0,Single vehicle crash,V1: Travelling straight ahead,V1: N,Dry,Daylight,Clear,0.39,0,78,65,FALSE,41.92241545,-71.31336866
19795,6/9/2020,June,Tuesday,16:39,1,3,0,0,Front to Rear,V1: Travelling straight ahead / V2: Slowing or stopped in traffic / V3: Slowing or stopped in traffic,V1: N  / V2: N  / V3: N,Dry,Daylight,Clear,0,0,77,52,FALSE,41.94625923,-71.28694634
19796,6/9/2020,June,Tuesday,21:47,2,2,0,0,Single vehicle crash,V1: Travelling straight ahead / V2: Travelling straight ahead,V1: N  / V2: N,Dry,Dark - roadway not lighted,Clear,0,0,77,52,FALSE,41.91912519,-71.33085312
19797,6/10/2020,June,Wednesday,0:49,1,1,0,0,Single vehicle crash,V1: Travelling straight ahead,V1: W,Dry,Dark - lighted roadway,Clear,0,0,79,57,FALSE,41.91007412,-71.29838871
19798,6/10/2020,June,Wednesday,6:48,1,2,0,0,Front to Rear,V1: Travelling straight ahead / V2: Slowing or stopped in traffic,V1: W  / V2: W,Dry,Daylight,Clear,0,0,79,57,FALSE,41.95428602,-71.28497548
19799,6/10/2020,June,Wednesday,12:31,2,2,0,0,Rear-end,V1: Travelling straight ahead / V2: Slowing or stopped in traffic,V1: S  / V2: S,Dry,Daylight,Clear,0,0,79,57,FALSE,41.92114913,-71.33851955
19800,6/10/2020,June,Wednesday,13:13,1,2,0,0,Angle,V1: Turning left / V2: Travelling straight ahead,V1: N  / V2: S,Dry,Daylight,Clear,0,0,79,57,FALSE,41.91619723,-71.35885587
19801,6/11/2020,June,Thursday,14:32,2,1,0,0,Single vehicle crash,V1: Travelling straight ahead,V1: E,Wet,Daylight,Cloudy,0,0,78,64,FALSE,41.93858473,-71.25811649
19802,6/11/2020,June,Thursday,16:16,1,2,0,0,Angle,V1: Turning left / V2: Travelling straight ahead,V1: W  / V2: N,Wet,Daylight,Rain,0,0,78,64,FALSE,41.90056787,-71.36814943
19803,6/11/2020,June,Thursday,22:28,1,2,0,0,"Sideswipe, same direction",V1: Travelling straight ahead / V2: Travelling straight ahead,V1: S  / V2: S,Dry,Dark - roadway not lighted,Clear,0,0,78,64,FALSE,34.24438675,-73.6513909
19804,6/12/2020,June,Friday,10:02,2,2,0,0,Rear-end,V1: Travelling straight ahead / V2: Slowing or stopped in traffic,V1: W  / V2: W,Dry,Daylight,Clear,0.73,0,72,64,FALSE,41.91787589,-71.36580397
19805,6/12/2020,June,Friday,13:10,2,2,0,0,Single vehicle crash,V1: Entering traffic lane / V2: Travelling straight ahead,V1: W  / V2: N,Dry,Daylight,Clear,0.73,0,72,64,FALSE,41.93742983,-71.26519759
19806,6/12/2020,June,Friday,14:33,1,2,0,0,Rear-end,V1: Travelling straight ahead / V2: Travelling straight ahead,V1: N  / V2: N,Dry,Daylight,Clear,0.73,0,72,64,FALSE,41.90650473,-71.35689503
19807,6/13/2020,June,Saturday,19:06,1,2,0,0,Rear-end,V1: Turning right / V2: Slowing or stopped in traffic,V1: N  / V2: N,Dry,Daylight,Clear,0,0,82,59,FALSE,41.89889263,-71.35638967
19808,6/14/2020,June,Sunday,12:21,1,2,0,0,Front to Rear,V1: Travelling straight ahead / V2: Slowing or stopped in traffic,V1: N  / V2: N,Dry,Daylight,Clear,0,0,74,49,FALSE,41.96206395,-71.28805377
19809,6/14/2020,June,Sunday,14:53,1,1,0,0,Single vehicle crash,V1: Turning left,V1: W,Dry,Daylight,Clear,0,0,74,49,FALSE,41.92214476,-71.33874647
19810,6/14/2020,June,Sunday,15:08,1,2,0,0,Rear-end,V1: Travelling straight ahead / V2: Slowing or stopped in traffic,V1: S  / V2: S,Dry,Daylight,Clear,0,0,74,49,FALSE,41.9000353,-71.35554639
19811,6/15/2020,June,Monday,12:27,0,3,0,0,"Sideswipe, same direction",V1: Travelling straight ahead / V3: Parked / V2: Parked,V1: W  / V3: 0 / V2: 0,Dry,Daylight,Clear,0,0,71,51,FALSE,41.93923598,-71.27799562
19812,6/17/2020,June,Wednesday,3:24,1,1,0,0,Single vehicle crash,V1: Travelling straight ahead,V1: E,Dry,Dark - lighted roadway,Clear,0,0,76,48,FALSE,41.93866237,-71.25827844
19813,6/17/2020,June,Wednesday,7:56,1,2,0,0,Angle,V1: Travelling straight ahead / V2: Travelling straight ahead,V1: N  / V2: E,Dry,Daylight,Clear,0,0,76,48,FALSE,41.93531192,-71.28487744
19814,6/17/2020,June,Wednesday,13:18,2,2,0,0,Angle,V1: Turning left / V2: Travelling straight ahead,V1: W  / V2: S,Dry,Daylight,Clear,0,0,76,48,FALSE,41.93097484,-71.35301762
19815,6/18/2020,June,Thursday,1:19,2,1,0,0,Single vehicle crash,V1: Travelling straight ahead,V1: N,Dry,Dark - 0 roadway lighting,Clear,0,0,79,57,FALSE,41.95514892,-71.30232462
19816,6/18/2020,June,Thursday,17:54,1,2,0,0,Angle,V1: Slowing or stopped in traffic / V2: Travelling straight ahead,V1: W  / V2: S,Dry,Daylight,Clear,0,0,79,57,FALSE,41.92014284,-71.35719783
19817,6/18/2020,June,Thursday,19:58,2,2,0,0,Rear-end,V1: Travelling straight ahead / V2: Changing lanes,V1: N  / V2: N,Dry,Daylight,Clear,0,0,79,57,FALSE,41.90241817,-71.35561188
19818,6/19/2020,June,Friday,7:28,1,2,0,0,Angle,V1: Turning left / V2: Travelling straight ahead,V1: E  / V2: S,Dry,Daylight,Clear,0,0,84,63,FALSE,41.93421769,-71.2996754
19819,6/20/2020,June,Saturday,15:06,1,2,0,0,Angle,V1: Turning left / V2: Travelling straight ahead,V1: W  / V2: E,Dry,Daylight,Clear,0,0,85,63,FALSE,41.92675289,-71.34334434
19820,6/20/2020,June,Saturday,21:18,2,2,0,0,Angle,V1: Entering traffic lane / V2: Travelling straight ahead,V1: N  / V2: E,Dry,Dark - lighted roadway,Clear,0,0,85,63,FALSE,41.92675289,-71.34334434
19821,6/21/2020,June,Sunday,12:58,1,2,0,0,"Sideswipe, same direction",V1: Entering traffic lane / V2: Changing lanes,V1: S  / V2: S,Dry,Daylight,Clear,0,0,90,65,FALSE,41.92298549,-71.35714758
19822,6/21/2020,June,Sunday,17:08,2,2,0,0,Angle,V1: Turning left / V2: Travelling straight ahead,V1: N  / V2: S,Dry,Daylight,Clear,0,0,90,65,FALSE,41.92626189,-71.32177515
19823,6/22/2020,June,Monday,12:58,1,2,0,0,Rear-end,V1: Slowing or stopped in traffic / V2: Slowing or stopped in traffic,V1: N  / V2: N,Dry,Daylight,Clear,0,0,89,67,FALSE,41.9198727,-71.35727438
19824,6/22/2020,June,Monday,15:04,1,1,0,0,Rear-end,V1: Backing,V1: S,Dry,Daylight,Clear,0,0,89,67,FALSE,34.24438675,-73.6513909
19825,6/22/2020,June,Monday,16:06,1,2,0,0,Angle,V1: Entering traffic lane / V2: Travelling straight ahead,V1: E  / V2: S,Dry,Daylight,Clear,0,0,89,67,FALSE,41.91548961,-71.35898328
19826,6/23/2020,June,Tuesday,14:36,1,2,0,0,Rear-end,V1: Slowing or stopped in traffic / V2: Parked,V1: S  / V2: S,Dry,Daylight,Clear,0,0,81,67,FALSE,41.89860465,-71.35501252
19827,6/23/2020,June,Tuesday,18:06,1,1,0,0,"Sideswipe, same direction",V1: Travelling straight ahead,V1: S,Dry,Daylight,Clear,0,0,81,67,FALSE,41.92927403,-71.32377045
19828,6/24/2020,June,Wednesday,3:54,2,1,0,0,Head-on,V1: Travelling straight ahead,V1: S,Dry,Dark - lighted roadway,Fog,0,0,85,68,FALSE,41.92514677,-71.3091812
19829,6/24/2020,June,Wednesday,11:24,1,3,0,0,Front to Rear,V1: Travelling straight ahead / V2: Turning left / V3: Slowing or stopped in traffic,V1: W  / V2: W  / V3: 0,Dry,Daylight,Clear,0,0,85,68,FALSE,41.9483337,-71.27794679
19830,6/24/2020,June,Wednesday,14:43,1,2,0,0,Rear-end,V1: Travelling straight ahead / V2: Slowing or stopped in traffic,V1: S  / V2: S,Wet,Daylight,Cloudy/Rain,0,0,85,68,FALSE,41.89673823,-71.35456054
19831,6/25/2020,June,Thursday,0:40,2,2,0,0,Rear-end,V1: Travelling straight ahead / V2: Travelling straight ahead,V1: N  / V2: N,Dry,Dark - 0 roadway lighting,Clear,0,0,83,60,FALSE,41.95593405,-71.30346756
19832,6/25/2020,June,Thursday,10:12,2,2,0,0,Angle,V1: Travelling straight ahead / V2: Travelling straight ahead,V1: N  / V2: W,Dry,Daylight,Clear,0,0,83,60,FALSE,41.94361429,-71.27453021
19833,6/25/2020,June,Thursday,12:34,1,2,0,0,Rear to Side,V1: Backing / V2: Parked,V1: S  / V2: U,Wet,Daylight,Cloudy,0,0,83,60,FALSE,41.9271444,-71.34253795
19834,6/25/2020,June,Thursday,16:03,1,2,0,0,"Sideswipe, same direction",V1: Turning left / V2: Overtaking/passing,V1: S  / V2: S,Dry,Daylight,Clear,0,0,83,60,FALSE,41.92106953,-71.35806074
19835,6/26/2020,June,Friday,15:04,1,2,0,0,Angle,V1: Backing / V2: Travelling straight ahead,V1: W  / V2: N,Dry,Daylight,Clear,0,0,86,63,FALSE,41.93821188,-71.25002331
19836,6/27/2020,June,Saturday,18:16,2,2,0,0,Angle,V1: Turning left / V2: Travelling straight ahead,V1: S  / V2: W,Wet,Daylight,Rain,0.22,0,83,59,FALSE,41.92141393,-71.35534523
19837,6/27/2020,June,Saturday,19:34,1,2,0,0,"Sideswipe, same direction",V1: Travelling straight ahead / V2: Turning right,V1: W  / V2: W,Dry,Daylight,Clear,0.22,0,83,59,FALSE,41.94806461,-71.27829804
19838,6/28/2020,June,Sunday,16:48,1,2,0,0,Front to Rear,V1: Travelling straight ahead / V2: Slowing or stopped in traffic,V1: S  / V2: S,Dry,Daylight,Cloudy,0.52,0,84,63,FALSE,41.92298549,-71.35714758
19839,6/28/2020,June,Sunday,21:06,2,1,0,0,Single vehicle crash,V1: Travelling straight ahead,V1: N,Wet,Dark - roadway not lighted,Cloudy,0.52,0,84,63,FALSE,41.95519355,-71.30246479
19840,6/28/2020,June,Sunday,23:54,1,1,0,0,Single vehicle crash,V1: Travelling straight ahead,V1: N,Dry,Dark - lighted roadway,Clear,0.52,0,84,63,FALSE,41.91984392,-71.29879955
19841,6/29/2020,June,Monday,4:40,2,1,0,0,Single vehicle crash,V1: Travelling straight ahead,V1: N,Dry,Dawn,Cloudy,0.76,0,84,64,FALSE,34.24438675,-73.6513909
19842,6/30/2020,June,Tuesday,6:07,1,1,0,0,Single vehicle crash,V1: Travelling straight ahead,V1: S,Dry,Dawn,Cloudy,0.52,0,76,64,FALSE,41.90261276,-71.35590972
19843,6/30/2020,June,Tuesday,15:29,1,1,0,0,Angle,V1: Entering traffic lane,V1: S,Dry,Daylight,Clear,0.52,0,76,64,FALSE,41.91981411,-71.35860614
19844,6/30/2020,June,Tuesday,22:45,1,2,0,0,Angle,V1: Travelling straight ahead / V2: Travelling straight ahead,V1: W  / V2: S,Wet,Dark - lighted roadway,Rain,0.52,0,76,64,FALSE,41.92508738,-71.35628348
19845,7/1/2020,July,Wednesday,12:10,1,3,0,0,"Sideswipe, same direction",V1: Travelling straight ahead / V2: Travelling straight ahead / V3: Parked,V1: S  / V2: S  / V3: 0,Dry,Daylight,Cloudy,0.04,0,73,64,FALSE,41.89861001,-71.36943215
19846,7/1/2020,July,Wednesday,14:42,1,2,0,0,Angle,V1: Entering traffic lane / V2: Travelling straight ahead,V1: S  / V2: W,Dry,Daylight,Cloudy,0.04,0,73,64,FALSE,41.93358571,-71.32352844
19847,7/2/2020,July,Thursday,16:59,1,2,0,0,Angle,V1: Entering traffic lane / V2: Travelling straight ahead,V1: W  / V2: N,Dry,Daylight,Clear,0.11,0,80,62,FALSE,41.89733197,-71.36979234
19848,7/3/2020,July,Friday,13:58,2,1,0,0,Angle,V1: Travelling straight ahead,V1: E,Dry,Daylight,Cloudy,0,0,85,64,FALSE,41.94198224,-71.27048539
19849,7/4/2020,July,Saturday,21:52,1,1,0,0,Single vehicle crash,V1: Travelling straight ahead,V1: N,Dry,Dark - lighted roadway,Clear,0,0,75,62,FALSE,41.89947708,-71.35515679
19850,7/5/2020,July,Sunday,0:09,2,2,0,0,Rear-end,V1: Travelling straight ahead / V2: Slowing or stopped in traffic,V1: S  / V2: S,Dry,Dark - roadway not lighted,Clear,0,0,79,62,FALSE,41.93804592,-71.31642931
19851,7/6/2020,July,Monday,13:23,2,2,0,0,Angle,V1: Turning left / V2: Travelling straight ahead,V1: S  / V2: N,Dry,Daylight,Clear,0.42,0,83,65,FALSE,41.90078751,-71.36803212
19852,7/6/2020,July,Monday,20:42,2,2,0,0,Front to Rear,V1: Travelling straight ahead / V2: Slowing or stopped in traffic,V1: N  / V2: N,Dry,Dark - lighted roadway,Clear,0.42,0,83,65,FALSE,41.93732881,-71.28475709
19853,7/7/2020,July,Tuesday,16:36,1,2,0,0,"Sideswipe, same direction",V1: Travelling straight ahead / V2: Changing lanes,V1: N  / V2: N,Dry,Daylight,Clear,0,0,76,62,FALSE,41.89733197,-71.36979234
19854,7/8/2020,July,Wednesday,17:28,2,2,0,0,Angle,V1: Overtaking/passing / V2: 0,V1: S  / V2: S,Dry,Daylight,Clear,0.02,0,79,64,FALSE,41.91064047,-71.36300348
19855,7/8/2020,July,Wednesday,23:20,2,2,0,0,Rear-end,V1: Travelling straight ahead / V2: Travelling straight ahead,V1: S  / V2: S,Dry,Dark - lighted roadway,Clear,0.02,0,79,64,FALSE,41.90255025,-71.35612621
19856,7/9/2020,July,Thursday,17:30,2,2,0,0,Front to Rear,V1: Travelling straight ahead / V2: Parked,V1: N  / V2: N,Dry,Daylight,Clear,0,0,84,70,FALSE,41.94274017,-71.28432859
19857,7/9/2020,July,Thursday,17:32,1,2,0,0,Rear-end,V1: Travelling straight ahead / V2: Slowing or stopped in traffic,V1: E  / V2: E,Dry,Daylight,Clear,0,0,84,70,FALSE,41.92387717,-71.35158914
19858,7/10/2020,July,Friday,1:56,1,1,0,0,Single vehicle crash,V1: Travelling straight ahead,V1: N,Dry,Dark - roadway not lighted,Clear,0,0,88,70,FALSE,41.90231844,-71.35595143
19859,7/10/2020,July,Friday,10:37,2,2,0,0,Single vehicle crash,V1: Turning left / V2: Travelling straight ahead,V1: W  / V2: S,Dry,Daylight,Clear,0,0,88,70,FALSE,41.90086768,-71.36799094
19860,7/10/2020,July,Friday,11:09,1,2,0,0,Angle,V2: Travelling straight ahead / V1: Travelling straight ahead,V2: E  / V1: S,Dry,Daylight,Cloudy,0,0,88,70,FALSE,41.9151658,-71.3057468
19861,7/10/2020,July,Friday,11:45,2,2,0,0,Single vehicle crash,V2: Travelling straight ahead / V1: Travelling straight ahead,V2: N  / V1: N,Dry,Daylight,Clear,0,0,88,70,FALSE,41.95593405,-71.30346756
19862,7/10/2020,July,Friday,20:15,1,1,0,0,Single vehicle crash,V1: Travelling straight ahead,V1: S,Wet,Dusk,Cloudy/Rain,0,0,88,70,FALSE,41.96545307,-71.27164578
19863,7/11/2020,July,Saturday,12:12,1,2,0,0,Rear-end,V1: Entering traffic lane / V2: Entering traffic lane,V1: N  / V2: N,Dry,Daylight,Clear,0.07,0,84,71,FALSE,41.90235067,-71.35584227
19864,7/11/2020,July,Saturday,13:16,1,2,0,0,Angle,V1: Turning right / V2: Parked,V1: S  / V2: E,Dry,Daylight,Clear,0.07,0,84,71,FALSE,41.93389991,-71.27784771
19865,7/11/2020,July,Saturday,14:40,1,2,0,0,Front to Rear,V1: Travelling straight ahead / V2: Travelling straight ahead,V1: W  / V2: W,Dry,Daylight,Clear,0.07,0,84,71,FALSE,41.92014284,-71.35719783
19866,7/11/2020,July,Saturday,15:38,1,2,0,0,Rear-end,V1: Slowing or stopped in traffic / V2: Travelling straight ahead,V1: N  / V2: N,Dry,Daylight,Clear,0.07,0,84,71,FALSE,41.91711015,-71.37372238