ID,DATE,Month,Day of week,Crash Time,Crash Severity,Number of Vehicles,Total Nonfatal Injuries,Total Fatal Injuries,Manner of Collision,Vehicle Action Prior to Crash,Vehicle Travel Directions,Road Surface Condition,Ambient Light,Weather Condition,PRCP,SNOW,TMAX,TMIN,Ice,Longtitute,Latitute
19867,7/13/2020,July,Monday,6:33,1,2,0,0,Rear-end,V1: Travelling straight ahead / V2: Slowing or stopped in traffic,V1: S  / V2: S,Dry,Daylight,Clear,0,0,87,69,FALSE,41.92927403,-71.32377045
19868,7/13/2020,July,Monday,8:37,1,2,0,0,Angle,V1: Turning left / V2: Travelling straight ahead,V1: W  / V2: W,Dry,Daylight,Clear,0,0,87,69,FALSE,41.94121777,-71.2768631
19869,7/13/2020,July,Monday,9:10,1,2,0,0,Rear-end,V1: Travelling straight ahead / V2: Slowing or stopped in traffic,V1: N  / V2: N,Dry,Daylight,Cloudy,0,0,87,69,FALSE,41.95514928,-71.30432065
19870,7/13/2020,July,Monday,16:26,1,2,0,0,Rear-end,V1: 0 / V2: Travelling straight ahead,V1: S  / V2: S,Dry,Daylight,Clear,0,0,87,69,FALSE,41.91364298,-71.3076489
19871,7/14/2020,July,Tuesday,8:11,2,2,0,0,Rear-end,V1: Travelling straight ahead / V2: Travelling straight ahead,V1: S  / V2: S,Dry,Daylight,Clear,0.2,0,87,64,FALSE,41.89861001,-71.36943215
19872,7/14/2020,July,Tuesday,16:54,1,2,0,0,Angle,V1: Travelling straight ahead / V2: Travelling straight ahead,V1: N  / V2: E,Dry,Daylight,Cloudy,0.2,0,87,64,FALSE,41.9404815,-71.28139686
19873,7/15/2020,July,Wednesday,9:00,2,1,0,0,Single vehicle crash,V1: Leaving traffic lane,V1: S,Dry,Daylight,Clear,0.03,0,80,63,FALSE,41.91657134,-71.35875647
19874,7/15/2020,July,Wednesday,13:44,1,2,0,0,Rear-end,V1: Travelling straight ahead / V2: Slowing or stopped in traffic,V1: E  / V2: E,Dry,Daylight,Clear,0.03,0,80,63,FALSE,41.9526322,-71.26974887
19875,7/15/2020,July,Wednesday,17:54,1,2,0,0,Front to Rear,V1: Slowing or stopped in traffic / V2: Travelling straight ahead,V1: W  / V2: W,Dry,Daylight,Clear,0.03,0,80,63,FALSE,41.95484304,-71.28856385
19876,7/16/2020,July,Thursday,10:56,1,1,0,0,Rear-end,V1: Backing,V1: S,Dry,Daylight,Clear,0.03,0,74,54,FALSE,41.94651473,-71.28982784
19877,7/17/2020,July,Friday,6:06,1,1,0,0,Single vehicle crash,V1: Travelling straight ahead,V1: E,Dry,Daylight,Clear,0,0,75,57,FALSE,41.96305817,-71.30018574
19878,7/17/2020,July,Friday,14:51,1,1,0,0,Single vehicle crash,V1: Travelling straight ahead,V1: N,Dry,Daylight,Clear,0,0,75,57,FALSE,41.91130764,-71.35852374
19879,7/18/2020,July,Saturday,12:40,1,1,0,0,Single vehicle crash,V1: Travelling straight ahead,V1: N,Dry,Daylight,Clear,0.19,0,75,60,FALSE,41.96941345,-71.29547608
19880,7/18/2020,July,Saturday,16:45,1,2,0,0,Angle,V1: Backing / V2: Parked,V1: E  / V2: E,Dry,Daylight,Clear,0.19,0,75,60,FALSE,41.94206556,-71.30390017
19881,7/18/2020,July,Saturday,18:38,1,2,0,0,Rear-end,V1: Travelling straight ahead / V2: Travelling straight ahead,V1: S  / V2: S,Dry,Daylight,Clear,0.19,0,75,60,FALSE,41.89861001,-71.36943215
19882,7/18/2020,July,Saturday,21:15,1,2,0,0,Rear-end,V1: Entering traffic lane / V2: Travelling straight ahead,V1: S  / V2: S,Dry,Dark - lighted roadway,Clear,0.19,0,75,60,FALSE,41.9693978,-71.29147118
19883,7/20/2020,July,Monday,11:12,2,2,0,0,Angle,V1: Travelling straight ahead / V2: Travelling straight ahead,V1: W  / V2: N,Dry,Daylight,Clear,0.01,0,91,71,FALSE,41.92508738,-71.35628348
19884,7/20/2020,July,Monday,11:29,1,1,0,0,Single vehicle crash,V1: Travelling straight ahead,V1: N,Dry,Daylight,Clear,0.01,0,91,71,FALSE,41.94629007,-71.27514523
19885,7/20/2020,July,Monday,15:31,1,1,0,0,Angle,V1: Turning left,V1: S,Dry,Daylight,Clear,0.01,0,91,71,FALSE,41.91080764,-71.3629186
19886,7/20/2020,July,Monday,15:46,1,2,0,0,Rear-end,V1: Travelling straight ahead / V2: Turning left,V1: E  / V2: E,Dry,Daylight,Clear,0.01,0,91,71,FALSE,41.9339911,-71.30301574
19887,7/20/2020,July,Monday,17:01,1,1,0,0,Single vehicle crash,V1: Changing lanes,V1: S,Dry,Daylight,Clear,0.01,0,91,71,FALSE,41.92927403,-71.32377045
19888,7/21/2020,July,Tuesday,4:45,1,2,0,0,"Sideswipe, same direction",V1: Travelling straight ahead / V2: Travelling straight ahead,V1: N  / V2: N,Dry,Dark - roadway not lighted,Clear,0,0,90,66,FALSE,41.92886018,-71.3230987
19889,7/21/2020,July,Tuesday,9:21,1,1,0,0,Angle,V1: Travelling straight ahead,V1: U,Dry,Daylight,Clear,0,0,90,66,FALSE,41.94040539,-71.28014995
19890,7/21/2020,July,Tuesday,10:54,2,2,0,0,Rear-end,V1: Travelling straight ahead / V2: Slowing or stopped in traffic,V1: N  / V2: N,Dry,Daylight,Clear,0,0,90,66,FALSE,41.9462281,-71.29236904
19891,7/21/2020,July,Tuesday,18:03,2,2,0,0,Angle,V1: Turning left / V2: Travelling straight ahead,V1: W  / V2: E,Dry,Daylight,Clear,0,0,90,66,FALSE,41.93269195,-71.32821357
19892,7/21/2020,July,Tuesday,19:00,1,1,0,0,Single vehicle crash,V1: Travelling straight ahead,V1: S,Dry,Daylight,Clear,0,0,90,66,FALSE,41.96019116,-71.30118086
19893,7/21/2020,July,Tuesday,21:24,1,1,0,0,Head-on,V1: Travelling straight ahead,V1: S,Dry,Dark - lighted roadway,Clear,0,0,90,66,FALSE,41.94992731,-71.30531614
19894,7/22/2020,July,Wednesday,6:42,1,1,0,0,Head-on,V1: Travelling straight ahead,V1: N,Dry,Daylight,Clear,0,0,89,67,FALSE,41.95170193,-71.28987831
19895,7/22/2020,July,Wednesday,10:01,1,2,0,0,Front to Rear,V1: Slowing or stopped in traffic / V2: Travelling straight ahead,V1: E  / V2: E,Dry,Daylight,Cloudy,0,0,89,67,FALSE,41.92446027,-71.28906706
19896,7/22/2020,July,Wednesday,15:24,1,2,0,0,Rear-end,V1: Entering traffic lane / V2: Slowing or stopped in traffic,V1: S  / V2: S,Dry,Daylight,Clear,0,0,89,67,FALSE,41.92014284,-71.35719783
19897,7/23/2020,July,Thursday,15:35,1,2,0,0,Angle,V1: Entering traffic lane / V2: Travelling straight ahead,V1: S  / V2: W,Dry,Daylight,Clear,0.01,0,86,70,FALSE,41.93407114,-71.31626473
19898,7/23/2020,July,Thursday,18:43,1,1,0,0,Head-on,V1: Travelling straight ahead,V1: N,Dry,Daylight,Cloudy,0.01,0,86,70,FALSE,41.94210306,-71.26984487
19899,7/23/2020,July,Thursday,21:57,2,2,0,0,Head-on,V1: Turning left / V2: Travelling straight ahead,V1: S  / V2: N,Dry,Dark - lighted roadway,Clear,0.01,0,86,70,FALSE,41.91653724,-71.36001753
19900,7/24/2020,July,Friday,13:03,1,2,0,0,"Sideswipe, same direction",V1: Travelling straight ahead / V2: Travelling straight ahead,V1: S  / V2: S,Dry,Daylight,Clear,0.08,0,89,70,FALSE,41.92298549,-71.35714758
19901,7/25/2020,July,Saturday,10:40,1,1,0,0,Head-on,V1: Turning left,V1: E,Dry,Daylight,Clear,0,0,83,64,FALSE,41.92446027,-71.28906706
19902,7/25/2020,July,Saturday,21:44,1,2,0,0,Front to Rear,V1: Travelling straight ahead / V2: Travelling straight ahead,V1: S  / V2: S,Dry,Dark - lighted roadway,Clear,0,0,83,64,FALSE,41.9693978,-71.29147118
19903,7/26/2020,July,Sunday,10:36,1,1,0,0,Single vehicle crash,V1: Travelling straight ahead,V1: S,Dry,Daylight,Clear,0,0,89,67,FALSE,41.94114044,-71.28439413
19904,7/26/2020,July,Sunday,15:25,1,2,0,0,"Sideswipe, same direction",V1: Changing lanes / V2: Travelling straight ahead,V1: N  / V2: N,Dry,Daylight,Clear,0,0,89,67,FALSE,41.93071947,-71.35313127
19905,7/27/2020,July,Monday,11:18,1,2,0,0,Angle,V1: Turning right / V2: Turning right,V1: S  / V2: S,Dry,Daylight,Clear,0,0,91,70,FALSE,41.93407114,-71.31626473
19906,7/27/2020,July,Monday,13:03,2,1,0,0,Single vehicle crash,V1: Travelling straight ahead,V1: S,Dry,Daylight,Clear,0,0,91,70,FALSE,41.9170209,-71.22634592
19907,7/27/2020,July,Monday,17:24,1,2,0,0,"Sideswipe, same direction",V1: Entering traffic lane / V2: Travelling straight ahead,V1: E  / V2: E,Dry,Daylight,Clear,0,0,91,70,FALSE,41.93358571,-71.32352844
19908,7/28/2020,July,Tuesday,12:06,1,2,0,0,Angle,V1: Travelling straight ahead / V2: Travelling straight ahead,V1: S  / V2: W,Dry,Daylight,Clear,0,0,94,73,FALSE,41.94396167,-71.27662963
19909,7/28/2020,July,Tuesday,15:19,1,2,0,0,Angle,V1: Entering traffic lane / V2: Travelling straight ahead,V1: W  / V2: W,Dry,Daylight,Clear,0,0,94,73,FALSE,41.92005179,-71.35764107
19910,7/28/2020,July,Tuesday,18:21,1,2,0,0,Rear-end,V1: Travelling straight ahead / V2: Travelling straight ahead,V1: S  / V2: S,Wet,Daylight,Clear,0,0,94,73,FALSE,41.90261276,-71.35590972
19911,7/29/2020,July,Wednesday,2:07,1,1,0,0,Head-on,V1: Travelling straight ahead,V1: N,Dry,Dark - 0 roadway lighting,Clear,0.19,0,97,65,FALSE,41.96630828,-71.29609793
19912,7/29/2020,July,Wednesday,11:53,2,3,0,0,Rear-end,V1: Travelling straight ahead / V2: Travelling straight ahead / V3: Travelling straight ahead,V1: S  / V2: S  / V3: S,Dry,Daylight,Clear,0.19,0,97,65,FALSE,41.90993001,-71.34023332
19913,7/29/2020,July,Wednesday,12:42,1,2,0,0,Angle,V1: Turning left / V2: Travelling straight ahead,V1: E  / V2: W,Dry,Daylight,Clear,0.19,0,97,65,FALSE,41.92387717,-71.35158914
19914,7/29/2020,July,Wednesday,12:48,1,2,0,0,Angle,V1: Backing / V2: Travelling straight ahead,V1: E  / V2: N,Dry,Daylight,Clear,0.19,0,97,65,FALSE,41.91446233,-71.3590449
19915,7/29/2020,July,Wednesday,16:58,1,2,0,0,Angle,V1: Slowing or stopped in traffic / V2: Travelling straight ahead,V1: S  / V2: E,Dry,Daylight,Clear,0.19,0,97,65,FALSE,41.93304448,-71.28634923
19916,7/30/2020,July,Thursday,8:49,1,2,0,0,Front to Rear,V1: Travelling straight ahead / V2: Slowing or stopped in traffic,V1: N  / V2: N,Dry,Daylight,Clear,0,0,88,68,FALSE,41.93505313,-71.29860583
19917,7/30/2020,July,Thursday,11:21,1,2,0,0,Angle,V1: Travelling straight ahead / V2: Travelling straight ahead,V1: N  / V2: E,Dry,Daylight,Clear,0,0,88,68,FALSE,41.94104078,-71.29346158
19918,7/30/2020,July,Thursday,13:16,2,2,0,0,Angle,V1: Turning left / V2: Travelling straight ahead,V1: N  / V2: S,Dry,Daylight,Clear,0,0,88,68,FALSE,41.90998013,-71.35802082
19919,7/30/2020,July,Thursday,15:12,1,2,0,0,Angle,V1: Entering traffic lane / V2: Travelling straight ahead,V1: S  / V2: S,Dry,Daylight,Cloudy,0,0,88,68,FALSE,41.89733197,-71.36979234
19920,7/30/2020,July,Thursday,16:31,1,2,0,0,Angle,V1: Turning right / V2: Travelling straight ahead,V1: S  / V2: W,Dry,Daylight,Cloudy,0,0,88,68,FALSE,41.94161856,-71.27925093
19921,7/30/2020,July,Thursday,18:06,2,1,0,0,Single vehicle crash,V1: Travelling straight ahead,V1: W,Dry,Daylight,Cloudy,0,0,88,68,FALSE,41.89936174,-71.37852324
19922,7/30/2020,July,Thursday,20:31,1,1,0,0,Angle,V1: Travelling straight ahead,V1: N,Dry,Dark - lighted roadway,Clear,0,0,88,68,FALSE,41.92626385,-71.34598616
19923,7/31/2020,July,Friday,17:34,1,2,0,0,Front to Rear,V1: Travelling straight ahead / V2: Slowing or stopped in traffic,V1: S  / V2: S,Dry,Daylight,Clear,0,0,89,70,FALSE,41.90208086,-71.35577527
19924,8/1/2020,August,Saturday,7:52,1,2,0,0,Angle,V1: Turning left / V2: Travelling straight ahead,V1: N  / V2: N,Dry,Daylight,Clear,0,0,84,63,FALSE,41.91619723,-71.35885587
19925,8/1/2020,August,Saturday,9:40,1,2,0,0,"Sideswipe, same direction",V1: Changing lanes / V2: Travelling straight ahead,V1: S  / V2: S,Dry,Daylight,Clear,0,0,84,63,FALSE,41.90261276,-71.35590972
19926,8/1/2020,August,Saturday,15:13,2,2,0,0,Rear-end,V1: Travelling straight ahead / V2: Turning left,V1: S  / V2: S,Dry,Daylight,Clear,0,0,84,63,FALSE,41.9189892,-71.25769129
19927,8/1/2020,August,Saturday,18:50,1,1,0,0,Single vehicle crash,V1: Travelling straight ahead,V1: N,Dry,Daylight,Clear,0,0,84,63,FALSE,41.89856457,-71.34633681
19928,8/2/2020,August,Sunday,14:06,1,2,0,0,Angle,V1: Entering traffic lane / V2: Travelling straight ahead,V1: E  / V2: S,Dry,Daylight,Clear,0,0,88,65,FALSE,41.92368788,-71.35699214
19929,8/3/2020,August,Monday,14:48,1,1,0,0,Angle,V1: Travelling straight ahead,V1: S,Dry,Daylight,Clear,0,0,87,71,FALSE,41.93732949,-71.29415609
19930,8/3/2020,August,Monday,15:30,1,2,0,0,Rear-end,V1: Travelling straight ahead / V2: Slowing or stopped in traffic,V1: E  / V2: E,Dry,Daylight,Clear,0,0,87,71,FALSE,41.95437985,-71.25499915
19931,8/3/2020,August,Monday,16:38,1,2,0,0,Front to Rear,V1: Slowing or stopped in traffic / V2: Travelling straight ahead,V1: W  / V2: W,Dry,Daylight,Clear,0,0,87,71,FALSE,41.93732949,-71.29415609
19932,8/3/2020,August,Monday,20:03,1,1,0,0,Single vehicle crash,V1: Backing,V1: W,Dry,Daylight,Clear,0,0,87,71,FALSE,41.9378558,-71.28362983
19933,8/4/2020,August,Tuesday,15:52,1,1,0,0,Single vehicle crash,V1: Travelling straight ahead,V1: N,Wet,Daylight,Rain,0,0,93,73,FALSE,41.90863228,-71.33081507
19934,8/4/2020,August,Tuesday,16:32,0,1,0,0,Single vehicle crash,V1: Parked,V1: U,Wet,Daylight,Clear,0,0,93,73,FALSE,41.93307707,-71.31152739
19935,8/5/2020,August,Wednesday,6:38,1,2,0,0,Rear-to-rear,V1: Backing / V2: Parked,V1: S  / V2: U,Dry,Daylight,Clear,0.2,0,86,70,FALSE,41.91163749,-71.25841741
19936,8/5/2020,August,Wednesday,12:55,2,2,0,0,Angle,V1: Turning left / V2: Travelling straight ahead,V1: E  / V2: S,Dry,Daylight,Clear,0.2,0,86,70,FALSE,41.91201357,-71.36230605
19937,8/6/2020,August,Thursday,2:02,2,1,0,0,Single vehicle crash,V1: Travelling straight ahead,V1: S,Dry,Dark - lighted roadway,Clear,0,0,89,64,FALSE,41.9693978,-71.29147118
19938,8/6/2020,August,Thursday,10:44,1,1,0,0,Head-on,V1: Travelling straight ahead,V1: S,Dry,Daylight,Clear,0,0,89,64,FALSE,41.92106953,-71.35806074
19939,8/6/2020,August,Thursday,12:57,1,1,0,0,Single vehicle crash,V1: Travelling straight ahead,V1: S,Dry,Daylight,Clear,0,0,89,64,FALSE,41.94629007,-71.27514523
19940,8/6/2020,August,Thursday,15:11,1,2,0,0,Rear-end,V1: Travelling straight ahead / V2: Slowing or stopped in traffic,V1: S  / V2: S,Dry,Daylight,Clear,0,0,89,64,FALSE,41.89980304,-71.35538793
19941,8/6/2020,August,Thursday,20:36,1,1,0,0,Angle,V1: Turning right,V1: W,Dry,Dark - lighted roadway,Clear,0,0,89,64,FALSE,41.90964751,-71.36351027
19942,8/7/2020,August,Friday,11:44,1,2,0,0,Angle,V1: Turning left / V2: Slowing or stopped in traffic,V1: E  / V2: W,Dry,Daylight,Clear,0,0,85,62,FALSE,41.94274017,-71.28432859
19943,8/7/2020,August,Friday,17:15,1,1,0,0,Single vehicle crash,V1: Travelling straight ahead,V1: N,Dry,Daylight,Clear,0,0,85,62,FALSE,41.9542638,-71.30439305
19944,8/8/2020,August,Saturday,11:17,2,5,0,0,Rear-end,V1: Travelling straight ahead / V2: Slowing or stopped in traffic / V3: Slowing or stopped in traffic / V4: Slowing or stopped in traffic / V5: Slowing or stopped in traffic,V1: W  / V2: W  / V3: W  / V4: W  / V5: W,Dry,Daylight,Clear,0,0,81,64,FALSE,41.91554476,-71.3789915
19945,8/8/2020,August,Saturday,11:23,2,2,0,0,Front to Front,V1: Entering traffic lane / V2: Entering traffic lane,V1: S  / V2: N,Dry,Daylight,Clear,0,0,81,64,FALSE,41.9110765,-71.36278231
19946,8/8/2020,August,Saturday,18:35,2,1,0,0,Single vehicle crash,V1: Leaving traffic lane,V1: S,Dry,Daylight,Clear,0,0,81,64,FALSE,41.93821188,-71.25002331
19947,8/9/2020,August,Sunday,14:02,1,1,0,0,Single vehicle crash,V1: Turning right,V1: S,Dry,Daylight,Clear,0,0,84,64,FALSE,41.89903243,-71.355186
19948,8/9/2020,August,Sunday,18:35,2,2,0,0,Single vehicle crash,V1: Travelling straight ahead / V2: Travelling straight ahead,V1: S  / V2: S,Dry,Daylight,Clear,0,0,84,64,FALSE,41.93349672,-71.32022962
19949,8/9/2020,August,Sunday,18:52,2,4,0,0,Angle,V1: Travelling straight ahead / V2: Travelling straight ahead / V3: Travelling straight ahead / V4: Parked,V1: N  / V2: S  / V3: S  / V4: U,Dry,Daylight,Clear,0,0,84,64,FALSE,41.91325585,-71.3590575
19950,8/10/2020,August,Monday,6:21,1,2,0,0,Single vehicle crash,V2: Parked / V1: Travelling straight ahead,V2: U  / V1: S,Dry,Daylight,Clear,0,0,90,67,FALSE,41.93664277,-71.30148744
19951,8/10/2020,August,Monday,12:55,1,1,0,0,Single vehicle crash,V1: Travelling straight ahead,V1: S,Dry,Daylight,Cloudy,0,0,90,67,FALSE,41.92927403,-71.32377045
19952,8/10/2020,August,Monday,13:17,1,2,0,0,Angle,V1: Entering traffic lane / V2: Travelling straight ahead,V1: S  / V2: N,Dry,Daylight,Clear,0,0,90,67,FALSE,41.9299948,-71.35344928
19953,8/10/2020,August,Monday,15:39,1,2,0,0,Angle,V1: Turning left / V2: Travelling straight ahead,V1: S  / V2: W,Dry,Daylight,Clear,0,0,90,67,FALSE,41.92387717,-71.35158914
19954,8/10/2020,August,Monday,16:33,1,2,0,0,Head-on,V1: Travelling straight ahead / V2: Slowing or stopped in traffic,V1: N  / V2: N,Dry,Daylight,Clear,0,0,90,67,FALSE,41.91200775,-71.25878584
19955,8/11/2020,August,Tuesday,10:58,2,2,0,0,Angle,V1: Entering traffic lane / V2: Travelling straight ahead,V1: S  / V2: W,Dry,Daylight,Clear,0,0,93,70,FALSE,41.93557622,-71.24952568
19956,8/11/2020,August,Tuesday,15:15,1,2,0,0,Angle,V1: Turning left / V2: Travelling straight ahead,V1: W  / V2: N,Dry,Daylight,Clear,0,0,93,70,FALSE,41.91360772,-71.36150084
19957,8/12/2020,August,Wednesday,11:22,2,2,0,0,"Sideswipe, opposite direction",V1: Travelling straight ahead / V2: Travelling straight ahead,V1: E  / V2: W,Dry,Daylight,Clear,0,0,92,73,FALSE,41.93179718,-71.29139085
19958,8/12/2020,August,Wednesday,16:18,1,2,0,0,"Sideswipe, same direction",V1: Overtaking/passing / V2: Overtaking/passing,V1: S  / V2: S,Dry,Daylight,Clear,0,0,92,73,FALSE,41.95484304,-71.28856385
19959,8/13/2020,August,Thursday,4:18,1,2,0,0,Rear-end,V1: Slowing or stopped in traffic / V2: Travelling straight ahead,V1: W  / V2: W,Dry,Dark - lighted roadway,Clear,0,0,92,72,FALSE,41.93397754,-71.31905247
19960,8/13/2020,August,Thursday,12:06,1,2,0,0,Rear-end,V1: Slowing or stopped in traffic / V2: Turning right,V1: N  / V2: N,Dry,Daylight,Cloudy,0,0,92,72,FALSE,41.89914346,-71.35508803
19961,8/13/2020,August,Thursday,13:05,1,1,0,0,"Sideswipe, same direction",V1: Turning right,V1: E,Dry,Daylight,Cloudy,0,0,92,72,FALSE,41.94472175,-71.2812504
19962,8/13/2020,August,Thursday,17:14,2,2,0,0,Angle,V1: Backing / V2: Travelling straight ahead,V1: E  / V2: S,Dry,Daylight,Clear,0,0,92,72,FALSE,41.92131367,-71.25850816
19963,8/13/2020,August,Thursday,20:17,1,1,0,0,Angle,V1: Travelling straight ahead,V1: E,Dry,Dark - roadway not lighted,Clear,0,0,92,72,FALSE,41.95203826,-71.26872806
19964,8/14/2020,August,Friday,5:40,2,3,0,0,Rear-end,V1: Slowing or stopped in traffic / V2: Travelling straight ahead / V3: Travelling straight ahead,V1: N  / V2: N  / V3: N,Dry,Dawn,Clear,0,0,88,63,FALSE,41.95593405,-71.30346756
19965,8/14/2020,August,Friday,12:47,1,2,0,0,Angle,V1: Travelling straight ahead / V2: Turning left,V1: W  / V2: W,Dry,Daylight,Clear,0,0,88,63,FALSE,41.9008693,-71.34385087
19966,8/15/2020,August,Saturday,15:02,1,2,0,0,Front to Rear,V1: Travelling straight ahead / V2: Travelling straight ahead,V1: E  / V2: E,Dry,Daylight,Clear,0,0,86,65,FALSE,41.93732949,-71.29415609
19967,8/15/2020,August,Saturday,17:26,1,2,0,0,Angle,V1: Turning left / V2: Travelling straight ahead,V1: E  / V2: W,Dry,Daylight,Cloudy,0,0,86,65,FALSE,41.96939377,-71.29355357
19968,8/15/2020,August,Saturday,18:52,2,2,0,0,Front to Rear,V1: Travelling straight ahead / V2: Travelling straight ahead,V1: S  / V2: S,Dry,Daylight,Clear,0,0,86,65,FALSE,41.92298549,-71.35714758
19969,8/16/2020,August,Sunday,17:10,1,2,0,0,Angle,V1: Travelling straight ahead / V2: Travelling straight ahead,V1: N  / V2: E,Wet,Daylight,Rain,0,0,70,65,FALSE,41.89957255,-71.3551788
19970,8/17/2020,August,Monday,0:47,2,2,0,0,Rear-end,V1: Slowing or stopped in traffic / V2: Travelling straight ahead,V1: W  / V2: W,Wet,Dark - lighted roadway,Rain,0.27,0,71,62,FALSE,41.9156364,-71.32216122
19971,8/18/2020,August,Tuesday,14:31,1,2,0,0,Rear-end,V1: Travelling straight ahead / V2: Slowing or stopped in traffic,V1: S  / V2: S,Dry,Daylight,Clear,0.34,0,75,63,FALSE,41.9472108,-71.28786501
19972,8/18/2020,August,Tuesday,14:50,1,1,0,0,Single vehicle crash,V1: Changing lanes,V1: N,Dry,Daylight,Clear,0.34,0,75,63,FALSE,41.90261276,-71.35590972
19973,8/19/2020,August,Wednesday,11:38,1,2,0,0,"Sideswipe, same direction",V1: Turning left / V2: Travelling straight ahead,V1: S  / V2: S,Dry,Daylight,Clear,0,0,83,56,FALSE,34.24438675,-73.6513909
19974,8/19/2020,August,Wednesday,17:52,1,2,0,0,Angle,V1: Turning left / V2: Travelling straight ahead,V1: W  / V2: E,Dry,Daylight,Clear,0,0,83,56,FALSE,41.93347377,-71.29989737
19975,8/19/2020,August,Wednesday,18:10,2,2,0,0,Rear-end,V1: Slowing or stopped in traffic / V2: Travelling straight ahead,V1: E  / V2: E,Dry,Daylight,Clear,0,0,83,56,FALSE,41.9338322,-71.31725483
19976,8/20/2020,August,Thursday,6:00,2,3,0,0,Rear-end,V1: Travelling straight ahead / V2: Travelling straight ahead / V3: Travelling straight ahead,V1: N  / V2: N  / V3: N,Dry,Daylight,Clear,0,0,80,50,FALSE,41.95593405,-71.30346756
19977,8/20/2020,August,Thursday,6:25,1,4,0,0,Rear-end,V1: Travelling straight ahead / V2: Travelling straight ahead / V3: Travelling straight ahead / V4: Travelling straight ahead,V1: N  / V2: N  / V3: N  / V4: N,Dry,Dawn,Clear,0,0,80,50,FALSE,41.92886018,-71.3230987
19978,8/21/2020,August,Friday,13:57,2,2,0,0,"Sideswipe, same direction",V1: Travelling straight ahead / V2: Travelling straight ahead,V1: N  / V2: N,Dry,Daylight,Clear,0,0,79,54,FALSE,41.92886018,-71.3230987
19979,8/22/2020,August,Saturday,4:20,1,2,0,0,"Sideswipe, same direction",V1: Travelling straight ahead / V2: Travelling straight ahead,V1: S  / V2: S,Dry,Dark - roadway not lighted,Clear,0,0,86,59,FALSE,41.91475125,-71.33593692
19980,8/22/2020,August,Saturday,12:35,1,2,0,0,Front to Rear,V1: Backing / V2: Parked,V1: W  / V2: E,Dry,Daylight,Cloudy,0,0,86,59,FALSE,41.89944764,-71.35816553
19981,8/23/2020,August,Sunday,12:13,1,2,0,0,Angle,V1: Backing / V2: Travelling straight ahead,V1: W  / V2: N,Dry,Daylight,Clear,0.09,0,88,61,FALSE,41.91662474,-71.35873978
19982,8/23/2020,August,Sunday,12:32,1,1,0,0,Single vehicle crash,V1: Travelling straight ahead,V1: N,Dry,Daylight,Clear,0.09,0,88,61,FALSE,41.9254046,-71.24073023
19983,8/24/2020,August,Monday,13:09,1,2,0,0,0,V1: 0 / V2: Parked,V1: 0 / V2: W,Dry,Daylight,Cloudy,0.8,0,89,63,FALSE,41.90343189,-71.37337588
19984,8/24/2020,August,Monday,17:27,1,2,0,0,Front to Rear,V1: Parked / V2: Travelling straight ahead,V1: S  / V2: S,Dry,Daylight,Clear,0.8,0,89,63,FALSE,41.92286353,-71.31368312
19985,8/24/2020,August,Monday,18:59,1,2,0,0,Angle,V1: Travelling straight ahead / V2: Travelling straight ahead,V1: E  / V2: N,Dry,Daylight,Clear,0.8,0,89,63,FALSE,41.9404815,-71.28139686
19986,8/25/2020,August,Tuesday,6:55,1,2,0,0,"Sideswipe, same direction",V1: Travelling straight ahead / V2: Travelling straight ahead,V1: N  / V2: N,Dry,Daylight,Clear,0,0,85,68,FALSE,41.92886018,-71.3230987
19987,8/25/2020,August,Tuesday,11:18,2,2,0,0,Angle,V1: Turning left / V2: Turning left,V1: W  / V2: N,Dry,Daylight,Clear,0,0,85,68,FALSE,41.95451461,-71.24992613
19988,8/26/2020,August,Wednesday,6:36,2,2,0,0,Angle,V1: Entering traffic lane / V2: Travelling straight ahead,V1: E  / V2: S,Dry,Daylight,Clear,0,0,89,59,FALSE,41.94404425,-71.28150991
19989,8/26/2020,August,Wednesday,10:48,1,2,0,0,Angle,V1: Turning right / V2: Travelling straight ahead,V1: S  / V2: S,Dry,Daylight,Clear,0,0,89,59,FALSE,41.9197589,-71.35862943
19990,8/28/2020,August,Friday,7:10,1,2,0,0,Rear-end,V1: Travelling straight ahead / V2: Travelling straight ahead,V1: S  / V2: S,Dry,Daylight,Cloudy,0.61,0,73,57,FALSE,41.93994862,-71.31491572
19991,8/28/2020,August,Friday,11:49,1,3,0,0,"Sideswipe, same direction",V1: Travelling straight ahead / V2: Parked / V3: Parked,V1: E  / V2: 0 / V3: 0,Dry,Daylight,Clear,0.61,0,73,57,FALSE,34.24438675,-73.6513909
19992,8/28/2020,August,Friday,16:42,1,2,0,0,Angle,V1: Turning left / V2: Travelling straight ahead,V1: E  / V2: S,Dry,Daylight,Clear,0.61,0,73,57,FALSE,41.93306281,-71.28502226
19993,8/28/2020,August,Friday,20:12,1,3,0,0,Rear-end,V1: Travelling straight ahead / V2: Slowing or stopped in traffic / V3: Slowing or stopped in traffic,V1: N  / V2: N  / V3: N,Dry,Dark - lighted roadway,Clear,0.61,0,73,57,FALSE,41.90881459,-71.35766184
19994,8/28/2020,August,Friday,20:29,2,2,0,0,Angle,V1: Travelling straight ahead / V2: Travelling straight ahead,V1: E  / V2: N,Dry,Dark - lighted roadway,Clear,0.61,0,73,57,FALSE,41.93269195,-71.32821357