ID,DATE,Month,Day of week,Crash Time,Crash Severity,Number of Vehicles,Total Nonfatal Injuries,Total Fatal Injuries,Manner of Collision,Vehicle Action Prior to Crash,Vehicle Travel Directions,Road Surface Condition,Ambient Light,Weather Condition,PRCP,SNOW,TMAX,TMIN,Ice,Longtitute,Latitute
19995,8/28/2020,August,Friday,21:24,0,2,0,0,Front to Rear,V1: Parked / V2: Travelling straight ahead,V1: 0 / V2: E,Dry,Dark - lighted roadway,Clear,0.61,0,73,57,FALSE,41.89927593,-71.37830717
19996,8/29/2020,August,Saturday,2:32,1,5,0,0,Single vehicle crash,V1: Travelling straight ahead / V2: Parked / V3: Parked / V4: Parked / V5: Parked,V1: N  / V2: S  / V3: S  / V4: S  / V5: S,Dry,Dark - lighted roadway,Clear,0,0,80,62,FALSE,41.92858636,-71.28439215
19997,8/29/2020,August,Saturday,15:31,1,2,0,0,Angle,V1: Backing / V2: Travelling straight ahead,V1: S  / V2: W,Wet,Daylight,Cloudy/Rain,0,0,80,62,FALSE,41.91080764,-71.3629186
19998,8/30/2020,August,Sunday,17:27,1,2,0,0,Angle,V1: Overtaking/passing / V2: Turning right,V1: E  / V2: S,Dry,Daylight,Clear,0.39,0,75,60,FALSE,41.93393836,-71.3077318
19999,8/31/2020,August,Monday,3:07,2,2,0,0,Front to Rear,V1: Travelling straight ahead / V2: Parked,V1: W  / V2: 0,Dry,Dark - lighted roadway,Clear,0,0,77,49,FALSE,41.90060454,-71.34625564
20000,8/31/2020,August,Monday,6:33,1,2,0,0,Angle,V1: Travelling straight ahead / V2: Parked,V1: E  / V2: U,Dry,Daylight,Clear,0,0,77,49,FALSE,34.24438675,-73.6513909
20001,8/31/2020,August,Monday,10:22,1,2,0,0,Front to Front,V1: Turning left / V2: Travelling straight ahead,V1: E  / V2: W,Dry,Daylight,Clear,0,0,77,49,FALSE,41.93357119,-71.30035285
20002,8/31/2020,August,Monday,10:46,1,2,0,0,Rear-end,V1: Travelling straight ahead / V2: Slowing or stopped in traffic,V1: W  / V2: W,Dry,Daylight,Clear,0,0,77,49,FALSE,41.95287787,-71.26899686
20003,8/31/2020,August,Monday,12:45,1,2,0,0,Angle,V1: Travelling straight ahead / V2: Travelling straight ahead,V1: N  / V2: W,Dry,Daylight,Clear,0,0,77,49,FALSE,41.93357119,-71.30035285
20004,8/31/2020,August,Monday,19:51,1,2,0,0,Angle,V1: Travelling straight ahead / V2: Turning left,V1: N  / V2: S,Dry,Dark - lighted roadway,Clear,0,0,77,49,FALSE,41.93874704,-71.29215576
20005,8/31/2020,August,Monday,23:10,2,1,0,0,Single vehicle crash,V1: Travelling straight ahead,V1: N,Dry,Dark - roadway not lighted,Clear,0,0,77,49,FALSE,41.95593405,-71.30346756
20006,9/1/2020,September,Tuesday,9:41,1,2,0,0,Front to Rear,V1: Travelling straight ahead / V2: Slowing or stopped in traffic,V1: S  / V2: S,Dry,Daylight,Clear,0,0,75,50,FALSE,41.94274017,-71.28432859
20007,9/2/2020,September,Wednesday,12:44,1,2,0,0,"Sideswipe, same direction",V1: Turning right / V2: Travelling straight ahead,V1: N  / V2: N,Wet,Daylight,Rain,0,0,76,58,FALSE,41.95484304,-71.28856385
20008,9/2/2020,September,Wednesday,12:51,1,2,0,0,Angle,V1: Overtaking/passing / V2: Entering traffic lane,V1: N  / V2: N,Wet,Daylight,Rain,0,0,76,58,FALSE,41.89957255,-71.3551788
20009,9/2/2020,September,Wednesday,13:05,1,2,0,0,Angle,V1: Travelling straight ahead / V2: Turning left,V1: W  / V2: S,Wet,Daylight,Rain,0,0,76,58,FALSE,41.92626385,-71.34598616
20010,9/2/2020,September,Wednesday,13:13,2,2,0,0,Rear-end,V1: Travelling straight ahead / V2: Entering traffic lane,V1: S  / V2: E,Dry,Daylight,Rain,0,0,76,58,FALSE,41.92242117,-71.25900962
20011,9/2/2020,September,Wednesday,16:24,1,2,0,0,Front to Front,V1: Travelling straight ahead / V2: Entering traffic lane,V1: E  / V2: N,Wet,Daylight,Cloudy/Rain,0,0,76,58,FALSE,41.95428602,-71.28497548
20012,9/2/2020,September,Wednesday,17:32,1,1,0,0,Single vehicle crash,V1: Turning left,V1: E,Wet,Daylight,Cloudy/Rain,0,0,76,58,FALSE,41.93899848,-71.2936553
20013,9/3/2020,September,Thursday,10:42,1,2,0,0,Angle,V1: Entering traffic lane / V2: Travelling straight ahead,V1: S  / V2: W,Dry,Daylight,Cloudy,0.39,0,72,64,FALSE,41.95108383,-71.27317921
20014,9/3/2020,September,Thursday,11:06,1,1,0,0,Single vehicle crash,V1: Travelling straight ahead,V1: S,Dry,Daylight,Cloudy,0.39,0,72,64,FALSE,41.94473219,-71.28259534
20015,9/4/2020,September,Friday,6:49,1,2,0,0,Angle,V1: Travelling straight ahead / V2: Turning left,V1: W  / V2: E,Dry,Daylight,Clear,0.06,0,76,67,FALSE,41.96939377,-71.29355357
20016,9/5/2020,September,Saturday,3:30,1,1,0,0,Single vehicle crash,V1: Entering traffic lane,V1: N,Dry,Dark - roadway not lighted,Clear,0,0,84,54,FALSE,41.95334724,-71.30392207
20017,9/6/2020,September,Sunday,6:59,2,1,0,0,Single vehicle crash,V1: Travelling straight ahead,V1: W,Dry,Daylight,Clear,0,0,75,54,FALSE,41.9109873,-71.30143945
20018,9/6/2020,September,Sunday,12:22,1,2,0,0,Front to Rear,V1: Slowing or stopped in traffic / V2: Travelling straight ahead,V1: E  / V2: E,Dry,Daylight,Clear,0,0,75,54,FALSE,41.92575764,-71.35885148
20019,9/6/2020,September,Sunday,19:27,1,1,0,0,Head-on,V1: Travelling straight ahead,V1: W,Wet,Dark - lighted roadway,Clear,0,0,75,54,FALSE,41.91035947,-71.36314658
20020,9/7/2020,September,Monday,4:18,2,1,0,0,Single vehicle crash,V1: Travelling straight ahead,V1: S,Dry,Dark - roadway not lighted,Clear,0,0,80,55,FALSE,34.24438675,-73.6513909
20021,9/7/2020,September,Monday,11:02,1,2,0,0,Rear-end,V1: Slowing or stopped in traffic / V2: Travelling straight ahead,V1: W  / V2: W,Dry,Daylight,Clear,0,0,80,55,FALSE,41.93357119,-71.30035285
20022,9/7/2020,September,Monday,14:20,1,1,0,0,Angle,V1: Turning right,V1: S,Dry,Daylight,Clear,0,0,80,55,FALSE,41.92944781,-71.24502657
20023,9/8/2020,September,Tuesday,20:45,1,2,0,0,Rear-end,V1: Travelling straight ahead / V2: Travelling straight ahead,V1: S  / V2: S,Dry,Dark - roadway not lighted,Clear,0,0,79,57,FALSE,41.96489328,-71.29803593
20024,9/9/2020,September,Wednesday,8:58,1,3,0,0,Angle,V1: Turning right / V2: Overtaking/passing / V3: Turning left,V1: S  / V2: E  / V3: E,Dry,Daylight,Cloudy,0,0,82,62,FALSE,41.93304448,-71.28634923
20025,9/10/2020,September,Thursday,8:34,2,1,0,0,Single vehicle crash,V1: Leaving traffic lane,V1: E,Dry,Daylight,Fog,0,0,80,65,FALSE,41.95409442,-71.28365523
20026,9/10/2020,September,Thursday,12:40,1,2,0,0,Front to Rear,V1: Travelling straight ahead / V2: Turning right,V1: E  / V2: E,Dry,Daylight,Cloudy,0,0,80,65,FALSE,41.93426971,-71.29961081
20027,9/10/2020,September,Thursday,17:57,1,2,0,0,Front to Rear,V1: Slowing or stopped in traffic / V2: Slowing or stopped in traffic,V1: W  / V2: W,Dry,Daylight,Clear,0,0,80,65,FALSE,41.93393944,-71.32203352
20028,9/10/2020,September,Thursday,18:03,1,2,0,0,Rear-end,V1: Entering traffic lane / V2: Entering traffic lane,V1: E  / V2: E,Dry,Daylight,Clear,0,0,80,65,FALSE,41.9693978,-71.29147118
20029,9/11/2020,September,Friday,9:14,0,1,0,0,"Sideswipe, same direction",V1: Turning right,V1: E,Dry,Daylight,Cloudy,0.01,0,81,67,FALSE,41.90650473,-71.35689503
20030,9/12/2020,September,Saturday,14:14,1,2,0,0,Angle,V1: Travelling straight ahead / V2: Travelling straight ahead,V1: N  / V2: W,Dry,Daylight,Clear,0,0,68,48,FALSE,41.89957255,-71.3551788
20031,9/12/2020,September,Saturday,18:21,1,2,0,0,Front to Rear,V1: Turning right / V2: Slowing or stopped in traffic,V1: E  / V2: E,Dry,Daylight,Clear,0,0,68,48,FALSE,41.89957255,-71.3551788
20032,9/13/2020,September,Sunday,3:25,1,1,0,0,Single vehicle crash,V1: Travelling straight ahead,V1: N,Dry,Dark - 0 roadway lighting,Clear,0,0,69,44,FALSE,41.92886018,-71.3230987
20033,9/13/2020,September,Sunday,11:51,2,2,0,0,Angle,V1: Entering traffic lane / V2: Travelling straight ahead,V1: W  / V2: N,Dry,Daylight,Clear,0,0,69,44,FALSE,41.95425181,-71.29673387
20034,9/13/2020,September,Sunday,15:50,2,2,0,0,Front to Rear,V1: Changing lanes / V2: Slowing or stopped in traffic,V1: N  / V2: N,Dry,Daylight,Clear,0,0,69,44,FALSE,41.92298549,-71.35714758
20035,9/14/2020,September,Monday,11:12,2,2,0,0,Rear-end,V1: Slowing or stopped in traffic / V2: Slowing or stopped in traffic,V1: N  / V2: N,Dry,Daylight,Clear,0,0,74,50,FALSE,41.93623387,-71.28481204
20036,9/14/2020,September,Monday,17:51,2,2,0,0,Front to Rear,V1: Travelling straight ahead / V2: Slowing or stopped in traffic,V1: S  / V2: S,Dry,Daylight,Clear,0,0,74,50,FALSE,41.91134707,-71.35853954
20037,9/15/2020,September,Tuesday,13:48,1,2,0,0,Angle,V1: Turning left / V2: Travelling straight ahead,V1: S  / V2: W,Dry,Daylight,Clear,0,0,74,46,FALSE,41.92387717,-71.35158914
20038,9/15/2020,September,Tuesday,16:32,1,2,0,0,Rear-end,V1: Travelling straight ahead / V2: Travelling straight ahead,V1: S  / V2: S,Dry,Daylight,Clear,0,0,74,46,FALSE,41.92537128,-71.32170473
20039,9/16/2020,September,Wednesday,9:00,2,2,0,0,Front to Rear,V1: Entering traffic lane / V2: Entering traffic lane,V1: S  / V2: S,Dry,Daylight,Clear,0,0,64,44,FALSE,41.9024767,-71.35600008
20040,9/18/2020,September,Friday,15:10,1,2,0,0,Rear-end,V1: Entering traffic lane / V2: Entering traffic lane,V1: N  / V2: N,Dry,Daylight,Clear,0,0,76,57,FALSE,41.90235067,-71.35584227
20041,9/20/2020,September,Sunday,1:30,1,2,0,0,"Sideswipe, same direction",V1: Travelling straight ahead / V2: Travelling straight ahead,V1: S  / V2: S,Dry,Dark - lighted roadway,Clear,0,0,60,40,FALSE,41.94806461,-71.27829804
20042,9/20/2020,September,Sunday,16:12,1,2,0,0,Angle,V1: Travelling straight ahead / V2: Travelling straight ahead,V1: N  / V2: W,Dry,Daylight,Clear,0,0,60,40,FALSE,41.93524005,-71.27513601
20043,9/21/2020,September,Monday,15:23,1,2,0,0,Rear-end,V1: Travelling straight ahead / V2: Slowing or stopped in traffic,V1: S  / V2: S,Dry,Daylight,Clear,0,0,60,37,FALSE,41.89780425,-71.3695494
20044,9/21/2020,September,Monday,20:33,1,1,0,0,Single vehicle crash,V1: Travelling straight ahead,V1: W,Dry,Dark - lighted roadway,Clear,0,0,60,37,FALSE,41.94450501,-71.28411703
20045,9/22/2020,September,Tuesday,16:42,1,2,0,0,Rear-end,V1: Travelling straight ahead / V2: Slowing or stopped in traffic,V1: S  / V2: S,Dry,Daylight,Clear,0,0,62,39,FALSE,41.90261305,-71.35590872
20046,9/22/2020,September,Tuesday,17:53,1,2,0,0,Angle,V1: Backing / V2: Parked,V1: N  / V2: 0,Dry,Daylight,Clear,0,0,62,39,FALSE,41.94016372,-71.30256221
20047,9/23/2020,September,Wednesday,13:01,2,2,0,0,Angle,V1: Entering traffic lane / V2: Travelling straight ahead,V1: W  / V2: N,Dry,Daylight,Clear,0,0,65,41,FALSE,41.91662474,-71.35873978
20048,9/23/2020,September,Wednesday,14:15,2,2,0,0,Angle,V1: Travelling straight ahead / V2: Travelling straight ahead,V1: E  / V2: S,Dry,Daylight,Clear,0,0,65,41,FALSE,41.93841716,-71.28352655
20049,9/23/2020,September,Wednesday,21:21,1,2,0,0,Front to Front,V1: Entering traffic lane / V2: Travelling straight ahead,V1: E  / V2: S,Dry,Dark - lighted roadway,Clear,0,0,65,41,FALSE,41.94872235,-71.28913727
20050,9/24/2020,September,Thursday,9:08,1,2,0,0,Front to Rear,V1: Travelling straight ahead / V2: Slowing or stopped in traffic,V1: N  / V2: N,Dry,Daylight,Clear,0,0,76,50,FALSE,41.90529604,-71.33573163
20051,9/24/2020,September,Thursday,9:31,2,2,0,0,Front to Rear,V1: Slowing or stopped in traffic / V2: Travelling straight ahead,V1: W  / V2: W,Dry,Daylight,Clear,0,0,76,50,FALSE,41.95305339,-71.27718856
20052,9/24/2020,September,Thursday,14:29,1,3,0,0,Front to Rear,V1: Slowing or stopped in traffic / V2: Slowing or stopped in traffic / V3: Slowing or stopped in traffic,V1: W  / V2: W  / V3: W,Dry,Daylight,Cloudy,0,0,76,50,FALSE,41.93357119,-71.30035285
20053,9/24/2020,September,Thursday,19:36,2,2,0,0,Angle,V1: Travelling straight ahead / V2: Travelling straight ahead,V1: N  / V2: W,Dry,Dark - lighted roadway,Clear,0,0,76,50,FALSE,41.92287004,-71.35720242
20054,9/25/2020,September,Friday,15:30,2,4,0,0,Rear-end,V1: Travelling straight ahead / V2: Slowing or stopped in traffic / V3: Slowing or stopped in traffic / V4: Slowing or stopped in traffic,V1: S  / V2: S  / V3: S  / V4: S,Dry,Daylight,Clear,0,0,78,51,FALSE,41.90255025,-71.35612621
20055,9/26/2020,September,Saturday,1:45,2,1,0,0,Single vehicle crash,V1: Travelling straight ahead,V1: N,Dry,Dusk,Clear,0,0,80,52,FALSE,41.92886018,-71.3230987
20056,9/26/2020,September,Saturday,7:30,1,2,0,0,Angle,V1: Travelling straight ahead / V2: 0,V1: N  / V2: E,Dry,Daylight,Clear,0,0,80,52,FALSE,41.93601097,-71.28269451
20057,9/26/2020,September,Saturday,13:26,1,2,0,0,Rear-end,V1: Travelling straight ahead / V2: Slowing or stopped in traffic,V1: S  / V2: S,Dry,Daylight,Clear,0,0,80,52,FALSE,41.89861001,-71.36943215
20058,9/26/2020,September,Saturday,14:04,1,1,0,0,Single vehicle crash,V1: Travelling straight ahead,V1: S,Wet,Daylight,Cloudy,0,0,80,52,FALSE,41.90255025,-71.35612621
20059,9/26/2020,September,Saturday,16:28,2,2,0,0,Angle,V1: Making U-turn / V2: Travelling straight ahead,V1: S  / V2: S,Dry,Daylight,Clear,0,0,80,52,FALSE,41.90998013,-71.35802082
20060,9/27/2020,September,Sunday,16:55,2,2,0,0,Angle,V1: Turning left / V2: Overtaking/passing,V1: S  / V2: W,Dry,Daylight,Clear,0,0,76,61,FALSE,41.92387717,-71.35158914
20061,9/28/2020,September,Monday,1:22,1,1,0,0,Single vehicle crash,V1: Travelling straight ahead,V1: E,Wet,Dark - lighted roadway,Rain,0.02,0,77,61,FALSE,41.9231384,-71.22902805
20062,9/28/2020,September,Monday,14:01,1,2,0,0,Front to Front,V1: Turning right / V2: Travelling straight ahead,V1: S  / V2: W,Wet,Daylight,Cloudy/Rain,0.02,0,77,61,FALSE,41.94104078,-71.29346158
20063,9/28/2020,September,Monday,14:09,1,2,0,0,Front to Rear,V1: Slowing or stopped in traffic / V2: Slowing or stopped in traffic,V1: N  / V2: N,Wet,Daylight,Cloudy/Rain,0.02,0,77,61,FALSE,41.93457798,-71.29922805
20064,9/29/2020,September,Tuesday,0:56,1,2,0,0,Angle,V1: Backing / V2: Travelling straight ahead,V1: E  / V2: S,Dry,Dark - lighted roadway,Clear,0.33,0,78,64,FALSE,41.93404368,-71.32121125
20065,9/29/2020,September,Tuesday,14:12,1,2,0,0,Front to Rear,V1: Travelling straight ahead / V2: Slowing or stopped in traffic,V1: S  / V2: S,Dry,Daylight,Cloudy,0.33,0,78,64,FALSE,41.94386765,-71.28500465
20066,9/30/2020,September,Wednesday,17:12,1,2,0,0,Rear-end,V1: Entering traffic lane / V2: Entering traffic lane,V1: N  / V2: N,Dry,Daylight,Clear,0.53,0,75,64,FALSE,41.93392833,-71.31698009
20067,10/1/2020,October,Thursday,20:11,2,1,0,0,Single vehicle crash,V1: Travelling straight ahead,V1: E,Dry,Dark - lighted roadway,Clear,0.04,0,73,53,FALSE,41.90960727,-71.28522345
20068,10/2/2020,October,Friday,10:53,1,2,0,0,Angle,V1: Turning left / V2: Travelling straight ahead,V1: S  / V2: N,Dry,Daylight,Clear,0,0,73,52,FALSE,41.92970479,-71.35357644
20069,10/2/2020,October,Friday,11:20,1,2,0,0,Angle,V1: Leaving traffic lane / V2: Travelling straight ahead,V1: S  / V2: N,Dry,Daylight,Cloudy,0,0,73,52,FALSE,41.91250643,-71.25862978
20070,10/2/2020,October,Friday,11:48,1,2,0,0,Angle,V1: Travelling straight ahead / V2: Travelling straight ahead,V1: S  / V2: E,Dry,Daylight,Cloudy,0,0,73,52,FALSE,41.95180056,-71.2715031
20071,10/2/2020,October,Friday,20:06,1,1,0,0,Single vehicle crash,V1: Turning left,V1: S,Dry,Dark - lighted roadway,Clear,0,0,73,52,FALSE,34.24438675,-73.6513909
20072,10/2/2020,October,Friday,21:34,2,1,0,0,Single vehicle crash,V1: Travelling straight ahead,V1: S,Dry,Dark - lighted roadway,Clear,0,0,73,52,FALSE,41.93053694,-71.29090319
20073,10/3/2020,October,Saturday,10:37,2,2,0,0,"Sideswipe, same direction",V1: Changing lanes / V2: Travelling straight ahead,V1: S  / V2: S,Dry,Daylight,Clear,0,0,67,39,FALSE,41.9450809,-71.28109381
20074,10/3/2020,October,Saturday,11:00,0,2,0,0,Rear-to-rear,V1: 0 / V2: Parked,V1: U  / V2: N,Dry,Daylight,Clear,0,0,67,39,FALSE,41.9227029,-71.35736851
20075,10/4/2020,October,Sunday,11:07,1,1,0,0,Single vehicle crash,V1: Backing,V1: N,Dry,Daylight,Clear,0,0,67,38,FALSE,41.91506904,-71.38042125
20076,10/4/2020,October,Sunday,15:26,1,2,0,0,"Sideswipe, same direction",V1: Turning left / V2: Parked,V1: S  / V2: S,Dry,Daylight,Clear,0,0,67,38,FALSE,41.93531192,-71.28487744
20077,10/4/2020,October,Sunday,16:27,1,2,0,0,Angle,V1: Turning left / V2: Travelling straight ahead,V1: E  / V2: N,Dry,Daylight,Clear,0,0,67,38,FALSE,41.93306281,-71.28502226
20078,10/4/2020,October,Sunday,22:35,2,1,0,0,Single vehicle crash,V1: Travelling straight ahead,V1: S,Dry,Dark - 0 roadway lighting,Clear,0,0,67,38,FALSE,41.93558666,-71.3133199
20079,10/4/2020,October,Sunday,22:47,2,1,0,0,Single vehicle crash,V1: Travelling straight ahead,V1: E,Dry,Dark - lighted roadway,Clear,0,0,67,38,FALSE,41.93577673,-71.26734159
20080,10/5/2020,October,Monday,3:20,1,2,0,0,"Sideswipe, same direction",V1: Travelling straight ahead / V2: Travelling straight ahead,V1: S  / V2: S,Dry,Dark - lighted roadway,Clear,0.03,0,66,39,FALSE,41.90231844,-71.35595143
20081,10/5/2020,October,Monday,13:14,1,2,0,0,Angle,V1: Turning left / V2: Travelling straight ahead,V1: W  / V2: S,Wet,Daylight,Cloudy,0.03,0,66,39,FALSE,41.91325585,-71.3590575
20082,10/6/2020,October,Tuesday,9:06,1,2,0,0,Rear-end,V1: Travelling straight ahead / V2: Slowing or stopped in traffic,V1: N  / V2: N,Dry,Daylight,Clear,0.1,0,63,42,FALSE,41.89541252,-71.37076534
20083,10/7/2020,October,Wednesday,3:55,2,2,0,0,Rear-end,V1: Travelling straight ahead / V2: Travelling straight ahead,V1: N  / V2: N,Dry,Dark - 0 roadway lighting,Clear,0,0,67,42,FALSE,41.89835459,-71.36941126
20084,10/7/2020,October,Wednesday,7:26,1,2,0,0,"Sideswipe, same direction",V1: Parked / V2: Travelling straight ahead,V1: N  / V2: N,Dry,Daylight,Clear,0,0,67,42,FALSE,41.94637845,-71.28969541
20085,10/7/2020,October,Wednesday,8:47,1,1,0,0,Angle,V1: Travelling straight ahead,V1: N,Dry,Daylight,Clear,0,0,67,42,FALSE,41.94386765,-71.28500465
20086,10/7/2020,October,Wednesday,13:23,1,2,0,0,Angle,V1: Turning left / V2: Travelling straight ahead,V1: E  / V2: W,Dry,Daylight,Clear,0,0,67,42,FALSE,41.94330173,-71.28943823
20087,10/7/2020,October,Wednesday,14:20,1,2,0,0,Rear-end,V1: Slowing or stopped in traffic / V2: Travelling straight ahead,V1: E  / V2: E,Dry,Daylight,Cloudy,0,0,67,42,FALSE,41.93397754,-71.31905247
20088,10/8/2020,October,Thursday,2:06,2,1,0,0,Single vehicle crash,V1: Travelling straight ahead,V1: E,Dry,Dark - lighted roadway,Clear,0.1,0,73,47,FALSE,41.91235157,-71.26898946
20089,10/8/2020,October,Thursday,11:31,2,2,0,0,Front to Rear,V1: Travelling straight ahead / V2: Changing lanes,V1: N  / V2: N,Dry,Daylight,Clear,0.1,0,73,47,FALSE,41.92715201,-71.35503821
20090,10/8/2020,October,Thursday,11:52,1,2,0,0,Rear-end,V1: Travelling straight ahead / V2: Slowing or stopped in traffic,V1: S  / V2: S,Dry,Daylight,Clear,0.1,0,73,47,FALSE,41.92779522,-71.35458133
20091,10/8/2020,October,Thursday,13:30,1,1,0,0,Single vehicle crash,V1: Turning left,V1: N,Dry,Daylight,Clear,0.1,0,73,47,FALSE,41.93288532,-71.28859338
20092,10/8/2020,October,Thursday,14:47,1,2,0,0,Front to Rear,V1: Travelling straight ahead / V2: Slowing or stopped in traffic,V1: N  / V2: N,Dry,Daylight,Clear,0.1,0,73,47,FALSE,41.89733197,-71.36979234
20093,10/8/2020,October,Thursday,14:48,1,2,0,0,Rear-end,V2: Slowing or stopped in traffic / V1: Travelling straight ahead,V2: S  / V1: S,Dry,Daylight,Clear,0.1,0,73,47,FALSE,41.89938073,-71.35524848
20094,10/8/2020,October,Thursday,15:24,2,2,0,0,Rear-end,V1: Travelling straight ahead / V2: Travelling straight ahead,V1: N  / V2: N,Dry,Daylight,Clear,0.1,0,73,47,FALSE,41.92779522,-71.35458133
20095,10/8/2020,October,Thursday,15:31,1,2,0,0,"Sideswipe, opposite direction",V1: Travelling straight ahead / V2: Travelling straight ahead,V1: S  / V2: N,Dry,Daylight,Clear,0.1,0,73,47,FALSE,41.9404815,-71.28139686
20096,10/8/2020,October,Thursday,17:02,1,2,0,0,Front to Rear,V1: Travelling straight ahead / V2: Travelling straight ahead,V1: S  / V2: S,Dry,Dawn,Clear,0.1,0,73,47,FALSE,41.93097674,-71.32632464
20097,10/8/2020,October,Thursday,19:00,1,1,0,0,Angle,V1: Travelling straight ahead,V1: W,Dry,Dark - roadway not lighted,Clear,0.1,0,73,47,FALSE,41.91463957,-71.35904891
20098,10/8/2020,October,Thursday,20:02,1,1,0,0,Single vehicle crash,V1: Travelling straight ahead,V1: W,Dry,Dark - lighted roadway,Clear,0.1,0,73,47,FALSE,41.92219818,-71.23761836
20099,10/9/2020,October,Friday,14:18,1,1,0,0,Single vehicle crash,V1: Turning left,V1: W,Dry,Daylight,Clear,0,0,61,35,FALSE,41.91035947,-71.36314658
20100,10/10/2020,October,Saturday,3:39,2,3,0,0,Rear-end,V1: Travelling straight ahead / V2: Travelling straight ahead / V3: 0,V1: N  / V2: N  / V3: 0,Dry,Dark - lighted roadway,Clear,0,0,59,35,FALSE,41.90241817,-71.35561188
20101,10/10/2020,October,Saturday,12:20,1,2,0,0,Rear-end,V1: Travelling straight ahead / V2: Turning left,V1: W  / V2: W,Dry,Daylight,Clear,0,0,59,35,FALSE,41.92446027,-71.28906706
20102,10/10/2020,October,Saturday,12:28,1,2,0,0,Angle,V1: Entering traffic lane / V2: Travelling straight ahead,V1: S  / V2: W,Dry,Daylight,Clear,0,0,59,35,FALSE,41.95287787,-71.26899686
20103,10/10/2020,October,Saturday,13:36,1,2,0,0,Angle,V1: Entering traffic lane / V2: Travelling straight ahead,V1: E  / V2: S,Dry,Daylight,Clear,0,0,59,35,FALSE,41.91325585,-71.3590575
20104,10/11/2020,October,Sunday,16:58,2,1,0,0,Single vehicle crash,V1: Travelling straight ahead,V1: N,Dry,Daylight,Clear,0,0,73,57,FALSE,41.96941345,-71.29547608
20105,10/12/2020,October,Monday,15:27,1,1,0,0,"Sideswipe, same direction",V1: Turning left,V1: N,Dry,Daylight,Cloudy,0,0,62,45,FALSE,41.93674856,-71.26451262
20106,10/12/2020,October,Monday,18:41,1,1,0,0,Single vehicle crash,V1: Backing,V1: E,Dry,Dark - roadway not lighted,Clear,0,0,62,45,FALSE,41.91581783,-71.36280353
20107,10/12/2020,October,Monday,18:57,1,2,0,0,Front to Rear,V1: Slowing or stopped in traffic / V2: Slowing or stopped in traffic,V1: N  / V2: N,Dry,Dark - lighted roadway,Clear,0,0,62,45,FALSE,41.92533476,-71.35611386
20108,10/13/2020,October,Tuesday,6:01,1,2,0,0,Rear-end,V1: Travelling straight ahead / V2: Slowing or stopped in traffic,V1: N  / V2: N,Wet,Dawn,Rain,0.39,0,55,48,FALSE,41.97331482,-71.29479503
20109,10/13/2020,October,Tuesday,7:02,1,2,0,0,Rear-end,V1: Slowing or stopped in traffic / V2: Slowing or stopped in traffic,V1: S  / V2: S,Wet,Daylight,Cloudy/Rain,0.39,0,55,48,FALSE,41.91981411,-71.35860614
20110,10/13/2020,October,Tuesday,7:50,2,2,0,0,Angle,V1: Travelling straight ahead / V2: Travelling straight ahead,V1: N  / V2: W,Wet,Daylight,Cloudy/Rain,0.39,0,55,48,FALSE,41.96415723,-71.30120259
20111,10/14/2020,October,Wednesday,9:15,1,2,0,0,Angle,V1: Entering traffic lane / V2: Travelling straight ahead,V1: E  / V2: S,Dry,Daylight,Clear,1.12,0,61,48,FALSE,41.89957255,-71.3551788
20112,10/14/2020,October,Wednesday,14:20,1,2,0,0,Front to Rear,V1: Travelling straight ahead / V2: Slowing or stopped in traffic,V1: E  / V2: E,Dry,Daylight,Clear,1.12,0,61,48,FALSE,41.94344652,-71.28559566
20113,10/14/2020,October,Wednesday,17:40,2,2,0,0,Rear-to-rear,V1: Travelling straight ahead / V2: Travelling straight ahead,V1: S  / V2: S,Dry,Daylight,Clear,1.12,0,61,48,FALSE,41.90255025,-71.35612621
20114,10/14/2020,October,Wednesday,19:21,1,2,0,0,Angle,V1: Backing / V2: Travelling straight ahead,V1: W  / V2: N,Dry,Dark - lighted roadway,Clear,1.12,0,61,48,FALSE,41.91159335,-71.27886805
20115,10/15/2020,October,Thursday,12:32,1,2,0,0,Angle,V1: Turning left / V2: Travelling straight ahead,V1: N  / V2: S,Dry,Daylight,Clear,0,0,66,40,FALSE,41.89541252,-71.37076534
20116,10/15/2020,October,Thursday,12:45,1,2,0,0,Angle,V1: Turning left / V2: Travelling straight ahead,V1: E  / V2: W,Dry,Daylight,Clear,0,0,66,40,FALSE,41.95437985,-71.25499915
20117,10/15/2020,October,Thursday,14:47,1,1,0,0,Single vehicle crash,V1: Travelling straight ahead,V1: S,Dry,Daylight,Clear,0,0,66,40,FALSE,41.94017095,-71.30638575
20118,10/16/2020,October,Friday,1:25,1,2,0,0,Rear-end,V1: Travelling straight ahead / V2: Travelling straight ahead,V1: S  / V2: S,Dry,Dark - roadway not lighted,Clear,0,0,70,40,FALSE,34.24438675,-73.6513909