ID,DATE,Month,Day of week,Crash Time,Crash Severity,Number of Vehicles,Total Nonfatal Injuries,Total Fatal Injuries,Manner of Collision,Vehicle Action Prior to Crash,Vehicle Travel Directions,Road Surface Condition,Ambient Light,Weather Condition,PRCP,SNOW,TMAX,TMIN,Ice,Longtitute,Latitute
20119,10/16/2020,October,Friday,15:09,1,2,0,0,Rear-to-rear,V1: Backing / V2: Parked,V1: U  / V2: U,Wet,Daylight,Cloudy/Rain,0,0,70,40,FALSE,41.9450621,-71.28000321
20120,10/16/2020,October,Friday,20:10,1,1,0,0,Single vehicle crash,V1: Travelling straight ahead,V1: S,Wet,Dark - roadway not lighted,Cloudy,0,0,70,40,FALSE,41.90261276,-71.35590972
20121,10/16/2020,October,Friday,20:10,2,3,0,0,Rear-end,V1: Entering traffic lane / V2: Parked / V3: Entering traffic lane,V1: S  / V2: S  / V3: S,Wet,Dark - roadway not lighted,Cloudy,0,0,70,40,FALSE,41.90261276,-71.35590972
20122,10/17/2020,October,Saturday,10:29,2,3,0,0,Angle,V1: Turning left / V2: Travelling straight ahead / V3: Slowing or stopped in traffic,V1: N  / V2: W  / V3: S,Dry,Daylight,Clear,1.91,0,68,44,FALSE,41.91981411,-71.35860614
20123,10/17/2020,October,Saturday,10:59,1,2,0,0,Rear-end,V1: Travelling straight ahead / V2: Slowing or stopped in traffic,V1: N  / V2: N,Dry,Daylight,Clear,1.91,0,68,44,FALSE,41.96643836,-71.29074265
20124,10/17/2020,October,Saturday,12:52,1,4,0,0,Rear-end,V1: Travelling straight ahead / V2: Slowing or stopped in traffic / V3: Slowing or stopped in traffic / V4: Slowing or stopped in traffic,V1: S  / V2: S  / V3: S  / V4: S,Dry,Daylight,Clear,1.91,0,68,44,FALSE,41.90998013,-71.35802082
20125,10/17/2020,October,Saturday,19:29,1,2,0,0,"Sideswipe, same direction",V1: Changing lanes / V2: Travelling straight ahead,V1: S  / V2: S,Dry,Dark - lighted roadway,Clear,1.91,0,68,44,FALSE,41.91707062,-71.3597656
20126,10/18/2020,October,Sunday,1:00,1,1,0,0,Single vehicle crash,V1: Travelling straight ahead,V1: N,Dry,Dark - roadway not lighted,Clear,0.04,0,57,31,TRUE,41.92535352,-71.32589919
20127,10/18/2020,October,Sunday,22:34,1,1,0,0,Single vehicle crash,V1: Travelling straight ahead,V1: S,Dry,Dark - roadway not lighted,Clear,0.04,0,57,31,TRUE,41.9739912,-71.29523514
20128,10/19/2020,October,Monday,7:37,1,1,0,0,Angle,V1: Turning left,V1: S,Dry,Daylight,Clear,0,0,60,31,TRUE,41.9472108,-71.28786501
20129,10/19/2020,October,Monday,8:14,1,2,0,0,Angle,V1: Parked / V2: Backing,V1: N  / V2: E,Dry,Daylight,Clear,0,0,60,31,TRUE,41.94256849,-71.27443491
20130,10/19/2020,October,Monday,13:14,1,2,0,0,Angle,V1: Travelling straight ahead / V2: Travelling straight ahead,V1: N  / V2: W,Dry,Daylight,Clear,0,0,60,31,TRUE,41.89957255,-71.3551788
20131,10/21/2020,October,Wednesday,9:23,1,1,0,0,Single vehicle crash,V1: Travelling straight ahead,V1: N,Dry,Daylight,Clear,0.11,0,64,45,FALSE,41.89780425,-71.3695494
20132,10/21/2020,October,Wednesday,14:26,1,2,0,0,Angle,V1: Travelling straight ahead / V2: Travelling straight ahead,V1: E  / V2: W,Dry,Daylight,Clear,0.11,0,64,45,FALSE,41.90920404,-71.28729549
20133,10/21/2020,October,Wednesday,14:57,1,2,0,0,Rear-end,V1: Travelling straight ahead / V2: Slowing or stopped in traffic,V1: E  / V2: E,Dry,Daylight,Clear,0.11,0,64,45,FALSE,41.92582442,-71.34707854
20134,10/21/2020,October,Wednesday,17:32,1,2,0,0,Rear-end,V1: Turning right / V2: Slowing or stopped in traffic,V1: N  / V2: N,Dry,Daylight,Clear,0.11,0,64,45,FALSE,41.90529604,-71.33573163
20135,10/22/2020,October,Thursday,13:49,1,2,0,0,Front to Rear,V1: Travelling straight ahead / V2: Slowing or stopped in traffic,V1: N  / V2: N,Dry,Daylight,Clear,0,0,71,59,FALSE,41.90998013,-71.35802082
20136,10/22/2020,October,Thursday,15:59,1,2,0,0,Rear-end,V1: Slowing or stopped in traffic / V2: Travelling straight ahead,V1: W  / V2: W,Dry,Daylight,Clear,0,0,71,59,FALSE,41.91608626,-71.37759037
20137,10/22/2020,October,Thursday,16:11,1,2,0,0,Front to Rear,V1: Travelling straight ahead / V2: Entering traffic lane,V1: E  / V2: E,Dry,Daylight,Clear,0,0,71,59,FALSE,41.89999904,-71.35551415
20138,10/22/2020,October,Thursday,16:45,2,3,0,0,Rear-end,V1: Travelling straight ahead / V2: Slowing or stopped in traffic / V3: Slowing or stopped in traffic,V1: W  / V2: W  / V3: W,Dry,Daylight,Clear,0,0,71,59,FALSE,41.95108383,-71.27317921
20139,10/22/2020,October,Thursday,16:52,1,2,0,0,Front to Rear,V1: Travelling straight ahead / V2: Slowing or stopped in traffic,V1: N  / V2: N,Dry,Daylight,Clear,0,0,71,59,FALSE,41.92644259,-71.35554103
20140,10/22/2020,October,Thursday,22:18,1,1,0,0,Single vehicle crash,V1: Travelling straight ahead,V1: W,Dry,Dark - lighted roadway,Clear,0,0,71,59,FALSE,41.93882502,-71.2587119
20141,10/23/2020,October,Friday,11:50,1,2,0,0,Front to Rear,V1: Travelling straight ahead / V2: Slowing or stopped in traffic,V1: N  / V2: N,Dry,Daylight,Clear,0,0,75,54,FALSE,41.9224407,-71.35744057
20142,10/23/2020,October,Friday,13:56,1,1,0,0,Front to Front,V1: Turning right,V1: S,Dry,Daylight,Clear,0,0,75,54,FALSE,41.93524005,-71.27513601
20143,10/23/2020,October,Friday,14:47,1,2,0,0,Angle,V2: Travelling straight ahead / V1: Travelling straight ahead,V2: S  / V1: W,Dry,Daylight,Clear,0,0,75,54,FALSE,41.94450501,-71.28411703
20144,10/23/2020,October,Friday,16:42,1,2,0,0,Front to Rear,V2: Turning right / V1: Travelling straight ahead,V2: W  / V1: W,Dry,Daylight,Clear,0,0,75,54,FALSE,41.93358571,-71.32352844
20145,10/24/2020,October,Saturday,2:06,1,1,0,0,Single vehicle crash,V1: Travelling straight ahead,V1: S,Dry,Dark - roadway not lighted,Cloudy,0,0,69,51,FALSE,34.24438675,-73.6513909
20146,10/24/2020,October,Saturday,13:54,1,2,0,0,Front to Rear,V1: Slowing or stopped in traffic / V2: Slowing or stopped in traffic,V1: W  / V2: W,Dry,Daylight,Clear,0,0,69,51,FALSE,41.93406554,-71.30574057
20147,10/24/2020,October,Saturday,15:49,1,1,0,0,Single vehicle crash,V1: Slowing or stopped in traffic,V1: W,Dry,Daylight,Cloudy,0,0,69,51,FALSE,41.92820851,-71.35429295
20148,10/24/2020,October,Saturday,20:55,1,1,0,0,Single vehicle crash,V1: Slowing or stopped in traffic,V1: W,Dry,Dark - roadway not lighted,Clear,0,0,69,51,FALSE,41.89779651,-71.34795561
20149,10/25/2020,October,Sunday,11:23,1,2,0,0,Rear-end,V1: Travelling straight ahead / V2: Slowing or stopped in traffic,V1: S  / V2: S,Dry,Daylight,Clear,0,0,68,40,FALSE,41.9079342,-71.35745922
20150,10/25/2020,October,Sunday,16:27,1,2,0,0,Angle,V1: Entering traffic lane / V2: Travelling straight ahead,V1: N  / V2: E,Dry,Daylight,Cloudy,0,0,68,40,FALSE,41.9515834,-71.29702782
20151,10/26/2020,October,Monday,19:09,1,1,0,0,Single vehicle crash,V1: Travelling straight ahead,V1: N,Dry,Dark - lighted roadway,Clear,0,0,51,42,FALSE,41.92106953,-71.35806074
20152,10/27/2020,October,Tuesday,2:29,2,1,0,0,Single vehicle crash,V1: Travelling straight ahead,V1: S,Dry,Dark - roadway not lighted,Fog,0,0,55,47,FALSE,41.94977555,-71.33998575
20153,10/28/2020,October,Wednesday,8:08,1,2,0,0,Single vehicle crash,V1: Entering traffic lane / V2: Other,V1: W  / V2: E,Wet,Daylight,Cloudy/Rain,0.02,0,55,44,FALSE,41.89983933,-71.38068505
20154,10/28/2020,October,Wednesday,8:28,1,1,0,0,Single vehicle crash,V1: Turning left,V1: W,Wet,Daylight,Cloudy/Rain,0.02,0,55,44,FALSE,41.89951194,-71.3576095
20155,10/28/2020,October,Wednesday,11:16,1,1,0,0,Single vehicle crash,V1: Travelling straight ahead,V1: E,Wet,Daylight,Cloudy/Rain,0.02,0,55,44,FALSE,41.94354036,-71.27901923
20156,10/28/2020,October,Wednesday,15:01,1,1,0,0,Single vehicle crash,V1: Turning left,V1: E,Wet,Daylight,Cloudy/Rain,0.02,0,55,44,FALSE,41.93127032,-71.29114995
20157,10/28/2020,October,Wednesday,15:15,2,2,0,0,Rear-end,V1: Travelling straight ahead / V2: Slowing or stopped in traffic,V1: S  / V2: S,Wet,Daylight,Rain,0.02,0,55,44,FALSE,41.89733197,-71.36979234
20158,10/28/2020,October,Wednesday,15:44,1,2,0,0,Front to Rear,V1: Travelling straight ahead / V2: Slowing or stopped in traffic,V1: S  / V2: S,Wet,Daylight,Cloudy/Rain,0.02,0,55,44,FALSE,41.94245198,-71.28698244
20159,10/28/2020,October,Wednesday,19:54,1,2,0,0,Angle,V1: Overtaking/passing / V2: Turning left,V1: E  / V2: E,Wet,Dark - lighted roadway,Clear,0.02,0,55,44,FALSE,41.92182373,-71.23910657
20160,10/29/2020,October,Thursday,11:31,2,2,0,0,Front to Rear,V1: Slowing or stopped in traffic / V2: Travelling straight ahead,V1: W  / V2: W,Wet,Daylight,Cloudy/Rain,0.24,0,51,43,FALSE,41.93874704,-71.29215576
20161,10/29/2020,October,Thursday,11:49,1,3,0,0,Rear-end,V1: Travelling straight ahead / V2: Slowing or stopped in traffic / V3: Slowing or stopped in traffic,V1: W  / V2: W  / V3: W,Wet,Daylight,Cloudy/Rain,0.24,0,51,43,FALSE,41.94007226,-71.29032337
20162,10/29/2020,October,Thursday,13:00,1,2,0,0,Angle,V1: Travelling straight ahead / V2: Entering traffic lane,V1: N  / V2: W,Wet,Daylight,Cloudy/Rain,0.24,0,51,43,FALSE,41.94121777,-71.2768631
20163,10/29/2020,October,Thursday,18:13,1,2,0,0,Angle,V1: Overtaking/passing / V2: Turning right,V1: N  / V2: N,Wet,Dark - lighted roadway,Rain,0.24,0,51,43,FALSE,41.95229507,-71.27053131
20164,10/30/2020,October,Friday,5:58,1,2,0,0,Rear-to-rear,V1: Parked / V2: Backing,V1: E  / V2: E,Wet,Daylight,Rain,1.5,0,47,39,FALSE,41.94030005,-71.27839629
20165,10/30/2020,October,Friday,10:30,2,2,0,0,"Sideswipe, same direction",V1: Travelling straight ahead / V2: Travelling straight ahead,V1: N  / V2: N,Snow,Daylight,Snow,1.5,0,47,39,FALSE,41.96941345,-71.29547608
20166,10/30/2020,October,Friday,12:24,1,2,0,0,Rear-end,V1: Travelling straight ahead / V2: Slowing or stopped in traffic,V1: W  / V2: W,Wet,Daylight,Snow,1.5,0,47,39,FALSE,41.90529604,-71.33573163
20167,10/30/2020,October,Friday,15:59,1,2,0,0,Angle,V1: Travelling straight ahead / V2: Travelling straight ahead,V1: S  / V2: E,Wet,Daylight,Snow,1.5,0,47,39,FALSE,41.94292045,-71.27681606
20168,10/31/2020,October,Saturday,5:30,0,1,0,0,Single vehicle crash,V1: Travelling straight ahead,V1: N,Ice,Dark - roadway not lighted,Cloudy,0.42,3.7,39,23,TRUE,41.89835459,-71.36941126
20169,10/31/2020,October,Saturday,8:25,1,2,0,0,Front to Rear,V1: Turning left / V2: Slowing or stopped in traffic,V1: W  / V2: E,Ice,Daylight,Clear,0.42,3.7,39,23,TRUE,41.9092031,-71.29477819
20170,11/1/2020,November,Sunday,0:05,2,1,0,0,Single vehicle crash,V1: Travelling straight ahead,V1: N,Dry,Dark - lighted roadway,Clear,0,0,40,23,TRUE,41.92900797,-71.28446457
20171,11/1/2020,November,Sunday,16:37,1,2,0,0,Front to Front,V1: Leaving traffic lane / V2: Travelling straight ahead,V1: E  / V2: W,Wet,Dusk,Rain,0,0,40,23,TRUE,41.92626385,-71.34598616
20172,11/3/2020,November,Tuesday,9:27,2,1,0,0,Single vehicle crash,V1: Travelling straight ahead,V1: E,Dry,Daylight,Clear,0,0,41,31,TRUE,41.9463664,-71.3050757
20173,11/3/2020,November,Tuesday,12:34,1,2,0,0,Angle,V1: Turning left / V2: Travelling straight ahead,V1: N  / V2: S,Dry,Daylight,Clear,0,0,41,31,TRUE,41.96482014,-71.25954735
20174,11/3/2020,November,Tuesday,14:18,1,1,0,0,Single vehicle crash,V1: Travelling straight ahead,V1: S,Dry,Daylight,Clear,0,0,41,31,TRUE,41.92151324,-71.35786797
20175,11/3/2020,November,Tuesday,16:13,1,2,0,0,Front to Rear,V1: Turning left / V2: Travelling straight ahead,V1: E  / V2: S,Dry,Daylight,Clear,0,0,41,31,TRUE,41.92644259,-71.35554103
20176,11/3/2020,November,Tuesday,17:27,1,2,0,0,Angle,V1: Entering traffic lane / V2: Travelling straight ahead,V1: E  / V2: S,Dry,Dark - lighted roadway,Clear,0,0,41,31,TRUE,41.97558017,-71.27672397
20177,11/4/2020,November,Wednesday,9:21,1,2,0,0,Angle,V1: Overtaking/passing / V2: Turning right,V1: W  / V2: W,Dry,Daylight,Clear,0,0,43,27,TRUE,41.92675289,-71.34334434
20178,11/4/2020,November,Wednesday,14:50,1,3,0,0,"Sideswipe, same direction",V1: Travelling straight ahead / V2: Travelling straight ahead / V3: Changing lanes,V1: N  / V2: N  / V3: N,Dry,Daylight,Clear,0,0,43,27,TRUE,41.92886018,-71.3230987
20179,11/4/2020,November,Wednesday,18:13,1,2,0,0,Angle,V1: Entering traffic lane / V2: Travelling straight ahead,V1: W  / V2: N,Dry,Dark - lighted roadway,Clear,0,0,43,27,TRUE,41.9157184,-71.36042615
20180,11/4/2020,November,Wednesday,21:09,1,1,0,0,Single vehicle crash,V1: Travelling straight ahead,V1: E,Dry,Dark - lighted roadway,Clear,0,0,43,27,TRUE,41.93821188,-71.25002331
20181,11/6/2020,November,Friday,17:47,2,2,0,0,Rear-end,V1: Travelling straight ahead / V2: 0,V1: S  / V2: 0,Dry,Dark - roadway not lighted,Clear,0,0,69,52,FALSE,41.89861001,-71.36943215
20182,11/7/2020,November,Saturday,5:30,1,1,0,0,Single vehicle crash,V1: Backing,V1: E,"Sand, mud, dirt, oil, gravel",Dark - roadway not lighted,Clear,0,0,70,43,FALSE,41.92617846,-71.3216492
20183,11/7/2020,November,Saturday,12:41,1,2,0,0,Front to Rear,V1: Changing lanes / V2: Travelling straight ahead,V1: N  / V2: N,Dry,Daylight,Clear,0,0,70,43,FALSE,41.92890675,-71.35392632
20184,11/7/2020,November,Saturday,12:45,1,2,0,0,Rear-end,V1: Travelling straight ahead / V2: Slowing or stopped in traffic,V1: N  / V2: N,Dry,Daylight,Clear,0,0,70,43,FALSE,41.89957255,-71.3551788
20185,11/7/2020,November,Saturday,22:21,1,1,0,0,Single vehicle crash,V1: Travelling straight ahead,V1: W,Dry,Dark - lighted roadway,Clear,0,0,70,43,FALSE,41.92689616,-71.34303092
20186,11/8/2020,November,Sunday,11:55,1,2,0,0,Rear to Side,V1: Backing / V2: Parked,V1: E  / V2: W,Dry,Daylight,Clear,0,0,74,39,FALSE,41.93477499,-71.30047383
20187,11/8/2020,November,Sunday,13:23,1,2,0,0,Angle,V1: Travelling straight ahead / V2: Slowing or stopped in traffic,V1: W  / V2: N,Dry,Daylight,Clear,0,0,74,39,FALSE,41.95108383,-71.27317921
20188,11/8/2020,November,Sunday,18:01,1,1,0,0,Single vehicle crash,V1: Travelling straight ahead,V1: E,Dry,Dark - lighted roadway,Clear,0,0,74,39,FALSE,41.8952277,-71.37192945
20189,11/9/2020,November,Monday,11:36,1,2,0,0,Rear-end,V1: Travelling straight ahead / V2: Slowing or stopped in traffic,V1: N  / V2: N,Dry,Daylight,Clear,0,0,74,36,FALSE,41.92298549,-71.35714758
20190,11/9/2020,November,Monday,14:08,1,2,0,0,Rear-end,V1: Slowing or stopped in traffic / V2: Slowing or stopped in traffic,V1: N  / V2: N,Dry,Daylight,Clear,0,0,74,36,FALSE,41.93623387,-71.28481204
20191,11/10/2020,November,Tuesday,4:55,2,3,0,0,Angle,V1: Changing lanes / V2: Travelling straight ahead / V3: Travelling straight ahead,V1: N  / V2: N  / V3: N,Dry,Dark - roadway not lighted,Cloudy,0,0,75,36,FALSE,41.89835459,-71.36941126
20192,11/10/2020,November,Tuesday,14:20,1,3,0,0,Front to Rear,V1: Slowing or stopped in traffic / V2: Slowing or stopped in traffic / V3: Travelling straight ahead,V1: N  / V2: N  / V3: N,Dry,Daylight,Clear,0,0,75,36,FALSE,41.95370498,-71.28903369
20193,11/10/2020,November,Tuesday,14:50,1,2,0,0,Angle,V1: Turning left / V2: Travelling straight ahead,V1: W  / V2: N,Dry,Daylight,Clear,0,0,75,36,FALSE,41.91902321,-71.35778764
20194,11/10/2020,November,Tuesday,14:56,1,2,0,0,"Sideswipe, same direction",V1: Travelling straight ahead / V2: Leaving traffic lane,V1: S  / V2: S,Dry,Daylight,Clear,0,0,75,36,FALSE,41.94469197,-71.28314214
20195,11/10/2020,November,Tuesday,15:03,1,2,0,0,Rear-end,V1: Entering traffic lane / V2: Entering traffic lane,V1: N  / V2: N,Dry,Daylight,Clear,0,0,75,36,FALSE,41.90235067,-71.35584227
20196,11/10/2020,November,Tuesday,17:00,1,1,0,0,Single vehicle crash,V1: Travelling straight ahead,V1: S,Dry,Dark - lighted roadway,Clear,0,0,75,36,FALSE,41.95594574,-71.30939914
20197,11/11/2020,November,Wednesday,12:22,1,2,0,0,Front to Front,V1: Turning left / V2: Travelling straight ahead,V1: W  / V2: N,Dry,Daylight,Cloudy,0,0,73,41,FALSE,41.89733197,-71.36979234
20198,11/11/2020,November,Wednesday,12:36,1,1,0,0,Single vehicle crash,V1: Backing,V1: N,Wet,Daylight,Cloudy,0,0,73,41,FALSE,41.93967114,-71.28463614
20199,11/11/2020,November,Wednesday,19:41,1,2,0,0,"Sideswipe, same direction",V1: Travelling straight ahead / V2: Travelling straight ahead,V1: N  / V2: N,Wet,Dark - lighted roadway,Rain,0,0,73,41,FALSE,41.92014284,-71.35719783
20200,11/12/2020,November,Thursday,12:14,1,2,0,0,Rear to Side,V1: Backing / V2: Travelling straight ahead,V1: S  / V2: W,Wet,Daylight,Cloudy/Rain,0.08,0,74,62,FALSE,41.93717646,-71.28985903
20201,11/12/2020,November,Thursday,13:27,1,1,0,0,"Sideswipe, same direction",V1: Parked,V1: E,Dry,Daylight,Clear,0.08,0,74,62,FALSE,41.94647147,-71.28778046
20202,11/12/2020,November,Thursday,15:19,1,2,0,0,"Sideswipe, same direction",V1: Backing / V2: Parked,V1: W  / V2: 0,Dry,Daylight,Clear,0.08,0,74,62,FALSE,41.94256849,-71.27443491
20203,11/13/2020,November,Friday,3:58,2,1,0,0,Single vehicle crash,V1: Travelling straight ahead,V1: N,Wet,Dark - roadway not lighted,Rain,0.02,0,64,46,FALSE,41.92886018,-71.3230987
20204,11/13/2020,November,Friday,9:57,1,2,0,0,Angle,V1: Travelling straight ahead / V2: Entering traffic lane,V1: S  / V2: E,Dry,Daylight,Cloudy,0.02,0,64,46,FALSE,41.93946861,-71.28168616
20205,11/13/2020,November,Friday,13:32,1,2,0,0,Angle,V1: Entering traffic lane / V2: Travelling straight ahead,V1: S  / V2: W,Wet,Daylight,Cloudy/Rain,0.02,0,64,46,FALSE,41.93806227,-71.29125944
20206,11/13/2020,November,Friday,14:36,1,3,0,0,Rear-end,V1: Travelling straight ahead / V2: Slowing or stopped in traffic / V3: Slowing or stopped in traffic,V1: N  / V2: N  / V3: N,Wet,Daylight,Rain,0.02,0,64,46,FALSE,41.94245198,-71.28698244
20207,11/13/2020,November,Friday,18:25,1,2,0,0,Front to Rear,V1: Slowing or stopped in traffic / V2: Travelling straight ahead,V1: N  / V2: N,Wet,Daylight,Rain,0.02,0,64,46,FALSE,41.9693978,-71.29147118
20208,11/13/2020,November,Friday,21:11,2,1,0,0,Single vehicle crash,V1: Travelling straight ahead,V1: E,Wet,Dark - lighted roadway,Cloudy/Rain,0.02,0,64,46,FALSE,41.93288532,-71.28859338
20209,11/14/2020,November,Saturday,8:23,1,2,0,0,Rear-to-rear,V1: Backing / V2: Parked,V1: E  / V2: E,Dry,Dark - lighted roadway,Clear,0.2,0,51,34,FALSE,41.92759208,-71.35472568
20210,11/14/2020,November,Saturday,12:30,1,2,0,0,Rear-end,V1: Travelling straight ahead / V2: Slowing or stopped in traffic,V1: E  / V2: E,Dry,Daylight,Clear,0.2,0,51,34,FALSE,41.95287787,-71.26899686
20211,11/15/2020,November,Sunday,15:53,1,2,0,0,Rear-end,V1: Slowing or stopped in traffic / V2: Slowing or stopped in traffic,V1: S  / V2: S,Dry,Daylight,Clear,0,0,49,24,TRUE,41.90682608,-71.35698152
20212,11/16/2020,November,Monday,18:42,1,1,0,0,Single vehicle crash,V1: Turning left,V1: N,"Sand, mud, dirt, oil, gravel",Dark - roadway not lighted,Clear,0.43,0,61,26,TRUE,41.93677627,-71.24913764
20213,11/17/2020,November,Tuesday,12:38,1,3,0,0,Rear-end,V1: Travelling straight ahead / V2: Slowing or stopped in traffic / V3: Slowing or stopped in traffic,V1: E  / V2: E  / V3: E,Dry,Daylight,Clear,0,0,53,30,TRUE,41.93874704,-71.29215576
20214,11/17/2020,November,Tuesday,14:22,1,2,0,0,Rear-end,V1: Travelling straight ahead / V2: Travelling straight ahead,V1: S  / V2: S,Dry,Daylight,Clear,0,0,53,30,TRUE,41.8998986,-71.35544282
20215,11/18/2020,November,Wednesday,13:18,1,1,0,0,Single vehicle crash,V1: Turning right,V1: N,Dry,Daylight,Clear,0,0,48,27,TRUE,41.94798222,-71.28126953
20216,11/18/2020,November,Wednesday,13:53,1,2,0,0,Rear-end,V1: Travelling straight ahead / V2: Turning left,V1: N  / V2: N,Dry,Daylight,Clear,0,0,48,27,TRUE,41.91463957,-71.35904891
20217,11/18/2020,November,Wednesday,16:11,1,2,0,0,Angle,V1: Travelling straight ahead / V2: Travelling straight ahead,V1: S  / V2: E,Dry,Dusk,Clear,0,0,48,27,TRUE,41.94431166,-71.28140275
20218,11/18/2020,November,Wednesday,17:15,2,3,0,0,Front to Rear,V1: Slowing or stopped in traffic / V2: Slowing or stopped in traffic / V3: Slowing or stopped in traffic,V1: W  / V2: W  / V3: W,Dry,Dark - lighted roadway,Clear,0,0,48,27,TRUE,41.94962159,-71.276268
20219,11/18/2020,November,Wednesday,18:19,1,2,0,0,Front to Rear,V1: Travelling straight ahead / V2: Slowing or stopped in traffic,V1: S  / V2: S,Dry,Dark - lighted roadway,Clear,0,0,48,27,TRUE,41.92287004,-71.35720242
20220,11/19/2020,November,Thursday,7:55,1,2,0,0,Angle,V1: Travelling straight ahead / V2: Entering traffic lane,V1: N  / V2: N,Dry,Daylight,Clear,0,0,33,17,TRUE,41.94052494,-71.2821328
20221,11/19/2020,November,Thursday,9:04,1,1,0,0,Single vehicle crash,V1: Travelling straight ahead,V1: S,Dry,Daylight,Clear,0,0,33,17,TRUE,41.90261276,-71.35590972
20222,11/19/2020,November,Thursday,17:24,1,2,0,0,Rear-end,V1: Making U-turn / V2: Travelling straight ahead,V1: S  / V2: S,Dry,Dark - lighted roadway,Clear,0,0,33,17,TRUE,41.90682608,-71.35698152
20223,11/20/2020,November,Friday,12:37,2,2,0,0,Front to Rear,V1: Travelling straight ahead / V2: Slowing or stopped in traffic,V1: S  / V2: S,Dry,Daylight,Clear,0,0,49,17,TRUE,41.96643836,-71.29074265
20224,11/20/2020,November,Friday,14:24,2,2,0,0,Front to Rear,V1: Travelling straight ahead / V2: Entering traffic lane,V1: S  / V2: S,0,Daylight,Clear,0,0,49,17,TRUE,41.91200775,-71.25878584
20225,11/20/2020,November,Friday,15:40,2,1,0,0,Single vehicle crash,V1: Travelling straight ahead,V1: E,Dry,Daylight,Clear,0,0,49,17,TRUE,41.94700353,-71.30414966
20226,11/20/2020,November,Friday,16:08,1,1,0,0,Single vehicle crash,V1: Travelling straight ahead,V1: W,Dry,Dusk,Clear,0,0,49,17,TRUE,41.91255534,-71.27060571
20227,11/20/2020,November,Friday,16:39,1,2,0,0,"Sideswipe, same direction",V1: Other / V2: Travelling straight ahead,V1: E  / V2: E,Dry,Dusk,Clear,0,0,49,17,TRUE,41.92014284,-71.35719783
20228,11/20/2020,November,Friday,16:43,1,1,0,0,Head-on,V1: Travelling straight ahead,V1: W,Dry,Dusk,Clear,0,0,49,17,TRUE,41.92287004,-71.35720242
20229,11/20/2020,November,Friday,18:50,1,2,0,0,Rear to Side,V1: Backing / V2: Parked,V1: W  / V2: U,Dry,Dark - lighted roadway,Clear,0,0,49,17,TRUE,41.90902968,-71.31606811
20230,11/21/2020,November,Saturday,11:26,1,1,0,0,"Sideswipe, same direction",V1: Turning right,V1: W,Dry,Daylight,Clear,0,0,63,37,FALSE,41.95284528,-71.26909949
20231,11/22/2020,November,Sunday,12:08,1,2,0,0,"Sideswipe, same direction",V1: Turning left / V2: Parked,V1: W  / V2: W,Dry,Daylight,Cloudy,0,0,63,34,FALSE,41.94868019,-71.27749718
20232,11/22/2020,November,Sunday,13:48,1,2,0,0,Rear to Side,V1: Backing / V2: Parked,V1: E  / V2: W,Dry,Daylight,Clear,0,0,63,34,FALSE,41.91082438,-71.36291011
20233,11/22/2020,November,Sunday,16:08,2,3,0,0,"Sideswipe, same direction",V1: Travelling straight ahead / V2: Slowing or stopped in traffic / V3: Slowing or stopped in traffic,V1: S  / V2: S  / V3: S,Dry,Dusk,Clear,0,0,63,34,FALSE,41.96019116,-71.30118086
20234,11/22/2020,November,Sunday,16:15,2,2,0,0,"Sideswipe, same direction",V1: Changing lanes / V2: Travelling straight ahead,V1: S  / V2: S,Dry,Dusk,Clear,0,0,63,34,FALSE,41.96019116,-71.30118086
20235,11/23/2020,November,Monday,8:23,1,2,0,0,Front to Rear,V1: Travelling straight ahead / V2: Slowing or stopped in traffic,V1: S  / V2: S,Wet,Daylight,Cloudy/Rain,0.12,0,59,34,FALSE,41.96972201,-71.29175652
20236,11/23/2020,November,Monday,11:33,2,2,0,0,Rear-end,V1: Travelling straight ahead / V2: Travelling straight ahead,V1: S  / V2: S,"Water (standing, moving)",Daylight,Rain,0.12,0,59,34,FALSE,41.90261276,-71.35590972
20237,11/23/2020,November,Monday,15:40,1,2,0,0,Angle,V1: Turning left / V2: Travelling straight ahead,V1: S  / V2: W,Wet,Daylight,Clear,0.12,0,59,34,FALSE,41.92387717,-71.35158914
20238,11/23/2020,November,Monday,15:43,1,2,0,0,Rear-end,V1: Slowing or stopped in traffic / V2: Travelling straight ahead,V1: S  / V2: S,Dry,Daylight,Clear,0.12,0,59,34,FALSE,41.89861001,-71.36943215
20239,11/23/2020,November,Monday,19:18,1,2,0,0,Front to Rear,V1: Slowing or stopped in traffic / V2: Travelling straight ahead,V1: N  / V2: N,Dry,Dark - lighted roadway,Clear,0.12,0,59,34,FALSE,41.9224407,-71.35744057