ID,DATE,Month,Day of week,Crash Time,Crash Severity,Number of Vehicles,Total Nonfatal Injuries,Total Fatal Injuries,Manner of Collision,Vehicle Action Prior to Crash,Vehicle Travel Directions,Road Surface Condition,Ambient Light,Weather Condition,PRCP,SNOW,TMAX,TMIN,Ice,Longtitute,Latitute
20240,11/23/2020,November,Monday,19:18,2,2,0,0,"Sideswipe, opposite direction",V1: Turning left / V2: Travelling straight ahead,V1: S  / V2: N,Dry,Dark - lighted roadway,Clear,0.12,0,59,34,FALSE,41.91360772,-71.36150084
20241,11/24/2020,November,Tuesday,6:20,1,3,0,0,Rear-end,V1: Travelling straight ahead / V2: Travelling straight ahead / V3: Travelling straight ahead,V1: N  / V2: N  / V3: N,Dry,Dawn,Clear,1.21,0,60,30,TRUE,41.92886018,-71.3230987
20242,11/24/2020,November,Tuesday,13:52,1,2,0,0,Angle,V1: Entering traffic lane / V2: Travelling straight ahead,V1: W  / V2: N,Dry,Daylight,Clear,1.21,0,60,30,TRUE,41.92890675,-71.35392632
20243,11/24/2020,November,Tuesday,15:57,1,2,0,0,Front to Rear,V1: Travelling straight ahead / V2: Slowing or stopped in traffic,V1: S  / V2: S,Dry,Dusk,Clear,1.21,0,60,30,TRUE,41.89903243,-71.355186
20244,11/24/2020,November,Tuesday,18:09,1,2,0,0,Front to Rear,V1: Travelling straight ahead / V2: Slowing or stopped in traffic,V1: E  / V2: E,Dry,Dark - lighted roadway,Clear,1.21,0,60,30,TRUE,41.92298549,-71.35714758
20245,11/25/2020,November,Wednesday,13:46,1,2,0,0,Angle,V1: Entering traffic lane / V2: Travelling straight ahead,V1: E  / V2: S,Dry,Daylight,Clear,0,0,44,25,TRUE,41.91619723,-71.35885587
20246,11/25/2020,November,Wednesday,14:53,1,2,0,0,Angle,V1: Turning right / V2: Travelling straight ahead,V1: S  / V2: N,Dry,Daylight,Cloudy,0,0,44,25,TRUE,41.94809608,-71.28860688
20247,11/25/2020,November,Wednesday,15:33,1,2,0,0,Front to Rear,V1: Entering traffic lane / V2: Entering traffic lane,V1: N  / V2: N,Dry,Daylight,Clear,0,0,44,25,TRUE,41.92014284,-71.35719783
20248,11/25/2020,November,Wednesday,15:46,1,2,0,0,Front to Rear,V1: Travelling straight ahead / V2: Entering traffic lane,V1: E  / V2: E,Wet,Dark - lighted roadway,Rain,0,0,44,25,TRUE,41.92267394,-71.35678732
20249,11/25/2020,November,Wednesday,17:30,1,2,0,0,Angle,V1: Travelling straight ahead / V2: Entering traffic lane,V1: W  / V2: W,Wet,Dark - lighted roadway,Rain,0,0,44,25,TRUE,41.9517073,-71.27169643
20250,11/27/2020,November,Friday,17:13,1,3,0,0,Rear-end,V1: Travelling straight ahead / V2: Slowing or stopped in traffic / V3: Slowing or stopped in traffic,V1: S  / V2: S  / V3: S,Dry,Dark - lighted roadway,Clear,0.49,0,60,39,FALSE,41.9079342,-71.35745922
20251,11/28/2020,November,Saturday,13:29,1,2,0,0,Angle,V1: Changing lanes / V2: Travelling straight ahead,V1: S  / V2: S,Dry,Daylight,Clear,0,0,55,41,FALSE,41.89903243,-71.355186
20252,11/28/2020,November,Saturday,20:49,2,2,0,0,"Sideswipe, same direction",V1: Leaving traffic lane / V2: Travelling straight ahead,V1: S  / V2: S,Dry,Dark - lighted roadway,Clear,0,0,55,41,FALSE,41.92298549,-71.35714758
20253,11/29/2020,November,Sunday,13:05,1,2,0,0,Angle,V1: Travelling straight ahead / V2: Travelling straight ahead,V1: E  / V2: N,Dry,Daylight,Clear,0,0,54,29,TRUE,41.93531192,-71.28487744
20254,11/29/2020,November,Sunday,15:52,2,2,0,0,Angle,V1: Turning left / V2: Travelling straight ahead,V1: W  / V2: S,Dry,Daylight,Clear,0,0,54,29,TRUE,41.90086768,-71.36799094
20255,11/29/2020,November,Sunday,16:48,2,2,0,0,Angle,V1: Turning left / V2: Travelling straight ahead,V1: E  / V2: W,Dry,Dark - lighted roadway,Clear,0,0,54,29,TRUE,41.89871736,-71.3550176
20256,11/29/2020,November,Sunday,17:42,1,2,0,0,Rear-end,V1: Entering traffic lane / V2: Travelling straight ahead,V1: N  / V2: N,Dry,Dark - lighted roadway,Clear,0,0,54,29,TRUE,41.90235067,-71.35584227
20257,11/30/2020,November,Monday,16:46,1,1,0,0,Head-on,V1: Travelling straight ahead,V1: E,Wet,Dark - roadway not lighted,Rain,0,0,53,30,TRUE,41.95411532,-71.26093207
20258,11/30/2020,November,Monday,22:56,1,1,0,0,Single vehicle crash,V1: Travelling straight ahead,V1: N,Wet,Dark - roadway not lighted,Rain,0,0,53,30,TRUE,41.95514928,-71.30432065
20259,12/1/2020,December,Tuesday,8:45,1,1,0,0,Single vehicle crash,V1: Turning right,V1: E,Wet,Daylight,Cloudy,1.85,0,64,30,TRUE,41.91973336,-71.32140774
20260,12/1/2020,December,Tuesday,12:23,1,2,0,0,Angle,V1: Turning right / V2: Travelling straight ahead,V1: S  / V2: S,Dry,Daylight,Clear,1.85,0,64,30,TRUE,41.89914384,-71.35520746
20261,12/1/2020,December,Tuesday,15:02,1,2,0,0,Front to Rear,V1: Changing lanes / V2: Travelling straight ahead,V1: N  / V2: N,Dry,Daylight,Clear,1.85,0,64,30,TRUE,41.94586372,-71.28073806
20262,12/2/2020,December,Wednesday,7:57,2,2,0,0,Front to Front,V1: Turning left / V2: Travelling straight ahead,V1: W  / V2: S,Dry,Daylight,Clear,0,0,61,29,TRUE,41.91230639,-71.36215608
20263,12/2/2020,December,Wednesday,8:06,1,2,0,0,Angle,V1: Backing / V2: Travelling straight ahead,V1: W  / V2: N,Dry,Daylight,Cloudy,0,0,61,29,TRUE,41.91481879,-71.37678516
20264,12/2/2020,December,Wednesday,12:16,1,2,0,0,Angle,V1: Entering traffic lane / V2: Travelling straight ahead,V1: W  / V2: N,Dry,Daylight,Cloudy,0,0,61,29,TRUE,41.89957255,-71.3551788
20265,12/3/2020,December,Thursday,6:52,1,2,0,0,Front to Rear,V1: Turning left / V2: Travelling straight ahead,V1: E  / V2: E,Dry,Daylight,Clear,0,0,44,29,TRUE,41.93402124,-71.31579606
20266,12/3/2020,December,Thursday,11:55,1,2,0,0,Rear-to-rear,V1: Backing / V2: Parked,V1: N  / V2: 0,Dry,Daylight,Clear,0,0,44,29,TRUE,41.95084404,-71.2737713
20267,12/3/2020,December,Thursday,13:47,1,2,0,0,Angle,V1: Travelling straight ahead / V2: Travelling straight ahead,V1: S  / V2: W,Dry,Daylight,Clear,0,0,44,29,TRUE,41.94330896,-71.27265641
20268,12/3/2020,December,Thursday,14:09,1,2,0,0,Angle,V1: Travelling straight ahead / V2: Travelling straight ahead,V1: N  / V2: N,Dry,Daylight,Clear,0,0,44,29,TRUE,41.95929774,-71.26977745
20269,12/3/2020,December,Thursday,22:02,2,2,0,0,Rear to Side,V1: Backing / V2: Travelling straight ahead,V1: N  / V2: S,Dry,Dark - lighted roadway,Clear,0,0,44,29,TRUE,41.92890675,-71.35392632
20270,12/4/2020,December,Friday,0:55,1,1,0,0,Single vehicle crash,V1: Travelling straight ahead,V1: E,Dry,Dark - lighted roadway,Clear,0,0,49,29,TRUE,41.93330143,-71.2991
20271,12/4/2020,December,Friday,9:05,2,2,0,0,"Sideswipe, opposite direction",V1: Travelling straight ahead / V2: Travelling straight ahead,V1: E  / V2: W,Dry,Daylight,Clear,0,0,49,29,TRUE,41.95414123,-71.26285871
20272,12/4/2020,December,Friday,12:47,1,2,0,0,Angle,V1: Travelling straight ahead / V2: Overtaking/passing,V1: S  / V2: S,Dry,Daylight,Clear,0,0,49,29,TRUE,41.91890402,-71.32482607
20273,12/4/2020,December,Friday,13:12,2,2,0,0,Angle,V2: Travelling straight ahead / V1: Travelling straight ahead,V2: N  / V1: W,Dry,Daylight,Clear,0,0,49,29,TRUE,41.9404815,-71.28139686
20274,12/4/2020,December,Friday,21:38,1,2,0,0,"Sideswipe, same direction",V1: Changing lanes / V2: Travelling straight ahead,V1: N  / V2: N,Wet,Dark - lighted roadway,Rain,0,0,49,29,TRUE,41.91342349,-71.36159312
20275,12/5/2020,December,Saturday,13:46,1,2,0,0,"Sideswipe, same direction",V1: Turning left / V2: Travelling straight ahead,V1: W  / V2: N,Wet,Daylight,Cloudy/Rain,0.39,0,57,43,FALSE,41.91758766,-71.35954516
20276,12/5/2020,December,Saturday,16:37,1,1,0,0,Single vehicle crash,V1: Turning left,V1: E,Slush,Dark - lighted roadway,Rain,0.39,0,57,43,FALSE,41.94586372,-71.28073806
20277,12/6/2020,December,Sunday,9:11,1,1,0,0,Single vehicle crash,V1: Travelling straight ahead,V1: E,Ice,Daylight,Clear,1.91,0.1,45,32,TRUE,41.94591075,-71.28372363
20278,12/6/2020,December,Sunday,17:11,1,1,0,0,Single vehicle crash,V1: Leaving traffic lane,V1: N,Dry,Dark - lighted roadway,Clear,1.91,0.1,45,32,TRUE,41.9483337,-71.27794679
20279,12/6/2020,December,Sunday,17:16,1,1,0,0,Single vehicle crash,V1: Turning left,V1: N,Dry,Dark - lighted roadway,Clear,1.91,0.1,45,32,TRUE,41.9374227,-71.29402673
20280,12/6/2020,December,Sunday,22:09,2,1,0,0,Single vehicle crash,V1: Travelling straight ahead,V1: E,Dry,Dark - lighted roadway,Clear,1.91,0.1,45,32,TRUE,41.93576415,-71.26605224
20281,12/7/2020,December,Monday,11:39,1,2,0,0,"Sideswipe, same direction",V1: Travelling straight ahead / V2: Changing lanes,V1: S  / V2: S,Dry,Daylight,Clear,0,0,37,23,TRUE,41.89861001,-71.36943215
20282,12/7/2020,December,Monday,18:11,1,2,0,0,Angle,V1: Turning right / V2: Slowing or stopped in traffic,V1: E  / V2: N,Dry,Dark - lighted roadway,Clear,0,0,37,23,TRUE,41.94379074,-71.29407807
20283,12/8/2020,December,Tuesday,13:05,1,2,0,0,Angle,V1: Travelling straight ahead / V2: Turning left,V1: W  / V2: S,Dry,Daylight,Clear,0,0,35,23,TRUE,41.91044592,-71.28309302
20284,12/8/2020,December,Tuesday,17:09,1,2,0,0,Front to Front,V1: Travelling straight ahead / V2: Travelling straight ahead,V1: S  / V2: W,Dry,Dark - lighted roadway,Clear,0,0,35,23,TRUE,41.93601097,-71.28269451
20285,12/9/2020,December,Wednesday,10:28,2,1,0,0,Single vehicle crash,V1: Other,V1: S,Dry,Daylight,Cloudy,0,0,31,19,TRUE,41.92290581,-71.25919923
20286,12/9/2020,December,Wednesday,17:20,2,2,0,0,Rear-end,V1: Slowing or stopped in traffic / V2: Entering traffic lane,V1: N  / V2: N,Dry,Dark - lighted roadway,Clear,0,0,31,19,TRUE,41.90139673,-71.35551868
20287,12/10/2020,December,Thursday,7:45,1,1,0,0,Head-on,V1: Turning right,V1: E,Dry,Daylight,Clear,0,0,36,22,TRUE,41.90249657,-71.34638194
20288,12/10/2020,December,Thursday,17:16,1,2,0,0,Rear-end,V1: Slowing or stopped in traffic / V2: Travelling straight ahead,V1: S  / V2: S,Dry,Dark - lighted roadway,Clear,0,0,36,22,TRUE,41.9348634,-71.29887284
20289,12/10/2020,December,Thursday,17:34,1,2,0,0,Rear-end,V1: Travelling straight ahead / V2: Travelling straight ahead,V1: S  / V2: S,Dry,Dark - lighted roadway,Clear,0,0,36,22,TRUE,41.89903243,-71.355186
20290,12/10/2020,December,Thursday,18:58,2,2,0,0,Rear-end,V1: Travelling straight ahead / V2: Slowing or stopped in traffic,V1: N  / V2: N,Dry,Dark - lighted roadway,Clear,0,0,36,22,TRUE,41.91130764,-71.35852374
20291,12/11/2020,December,Friday,12:02,1,2,0,0,Front to Rear,V1: Travelling straight ahead / V2: Travelling straight ahead,V1: N  / V2: N,Dry,Daylight,Clear,0,0,44,23,TRUE,41.97084021,-71.29123651
20292,12/11/2020,December,Friday,13:34,1,2,0,0,Rear-end,V1: Travelling straight ahead / V2: Slowing or stopped in traffic,V1: N  / V2: N,Dry,Daylight,Clear,0,0,44,23,TRUE,41.90235067,-71.35584227
20293,12/11/2020,December,Friday,16:24,2,2,0,0,Rear-end,V1: Travelling straight ahead / V2: Slowing or stopped in traffic,V1: E  / V2: E,Dry,Dusk,Clear,0,0,44,23,TRUE,41.95076301,-71.27397064
20294,12/11/2020,December,Friday,20:28,1,2,0,0,Angle,V1: Turning left / V2: Travelling straight ahead,V1: S  / V2: E,Dry,Dark - lighted roadway,Clear,0,0,44,23,TRUE,41.95062466,-71.27426624
20295,12/12/2020,December,Saturday,10:37,1,2,0,0,Rear to Side,V1: Backing / V2: Parked,V1: N  / V2: 0,Dry,Daylight,Clear,0,0,51,24,TRUE,41.91935266,-71.32363928
20296,12/12/2020,December,Saturday,11:11,1,2,0,0,Front to Rear,V1: Slowing or stopped in traffic / V2: Travelling straight ahead,V1: S  / V2: S,0,Dark - lighted roadway,Clear,0,0,51,24,TRUE,41.9444373,-71.28170781
20297,12/12/2020,December,Saturday,13:06,1,1,0,0,Angle,V1: Travelling straight ahead,V1: N,Wet,Daylight,Rain,0,0,51,24,TRUE,41.90078751,-71.36803212
20298,12/12/2020,December,Saturday,13:38,2,3,0,0,Front to Rear,V1: Travelling straight ahead / V2: Travelling straight ahead / V3: Turning left,V1: N  / V2: N  / V3: N,Wet,Daylight,Cloudy/Rain,0,0,51,24,TRUE,41.90998013,-71.35802082
20299,12/12/2020,December,Saturday,17:26,1,2,0,0,Angle,V1: Turning left / V2: Travelling straight ahead,V1: S  / V2: W,Wet,Dark - lighted roadway,Rain,0,0,51,24,TRUE,41.92387717,-71.35158914
20300,12/12/2020,December,Saturday,17:54,1,2,0,0,Front to Front,V1: Turning left / V2: Travelling straight ahead,V1: E  / V2: W,Wet,Dark - lighted roadway,Rain,0,0,51,24,TRUE,41.96939377,-71.29355357
20301,12/12/2020,December,Saturday,18:44,1,2,0,0,Angle,V1: Changing lanes / V2: Travelling straight ahead,V1: N  / V2: N,Wet,Dark - lighted roadway,Clear,0,0,51,24,TRUE,41.91902321,-71.35778764
20302,12/13/2020,December,Sunday,4:38,1,1,0,0,Single vehicle crash,V1: Travelling straight ahead,V1: N,Wet,Dark - lighted roadway,Cloudy,0.42,0,47,33,FALSE,41.90231844,-71.35595143
20303,12/13/2020,December,Sunday,12:43,1,2,0,0,Front to Rear,V1: Travelling straight ahead / V2: Slowing or stopped in traffic,V1: N  / V2: N,Dry,Daylight,Clear,0.42,0,47,33,FALSE,41.89851221,-71.35500835
20304,12/13/2020,December,Sunday,12:57,1,2,0,0,Angle,V1: Travelling straight ahead / V2: Travelling straight ahead,V1: W  / V2: N,Dry,Daylight,Clear,0.42,0,47,33,FALSE,41.89957255,-71.3551788
20305,12/13/2020,December,Sunday,15:48,1,2,0,0,Angle,V1: Entering traffic lane / V2: Travelling straight ahead,V1: N  / V2: W,Dry,Daylight,Clear,0.42,0,47,33,FALSE,41.93524005,-71.27513601
20306,12/13/2020,December,Sunday,17:11,2,2,0,0,Angle,V1: Entering traffic lane / V2: Travelling straight ahead,V1: W  / V2: N,Dry,Dark - lighted roadway,Clear,0.42,0,47,33,FALSE,41.94121777,-71.2768631
20307,12/14/2020,December,Monday,22:10,1,1,0,0,Single vehicle crash,V1: Travelling straight ahead,V1: E,Ice,Dark - lighted roadway,Clear,0,0,61,30,TRUE,41.95044748,-71.2955079
20308,12/15/2020,December,Tuesday,9:18,1,1,0,0,Single vehicle crash,V1: Travelling straight ahead,V1: N,Dry,Daylight,Clear,0.14,0,36,26,TRUE,41.95861423,-71.29655836
20309,12/15/2020,December,Tuesday,11:00,1,1,0,0,Angle,V1: Travelling straight ahead,V1: N,Dry,Daylight,Clear,0.14,0,36,26,TRUE,41.91981411,-71.35860614
20310,12/15/2020,December,Tuesday,13:48,1,2,0,0,"Sideswipe, same direction",V1: Changing lanes / V2: Turning left,V1: N  / V2: N,Dry,Daylight,Clear,0.14,0,36,26,TRUE,41.92508738,-71.35628348
20311,12/16/2020,December,Wednesday,14:58,2,1,0,0,Single vehicle crash,V1: Turning left,V1: N,Dry,Daylight,Cloudy,0,0,35,18,TRUE,41.93405012,-71.31579285
20312,12/17/2020,December,Thursday,0:11,1,2,0,0,Rear-end,V1: Travelling straight ahead / V2: Slowing or stopped in traffic,V1: W  / V2: W,Snow,Dark - lighted roadway,Snow,0.78,7.7,32,17,TRUE,41.93407114,-71.31626473
20313,12/17/2020,December,Thursday,10:20,1,2,0,0,Angle,V1: Slowing or stopped in traffic / V2: Travelling straight ahead,V1: W  / V2: N,Snow,Daylight,Snow,0.78,7.7,32,17,TRUE,41.95484304,-71.28856385
20314,12/17/2020,December,Thursday,12:02,1,2,0,0,Angle,V1: Slowing or stopped in traffic / V2: Travelling straight ahead,V1: E  / V2: W,Snow,Daylight,Snow,0.78,7.7,32,17,TRUE,41.94880398,-71.29130243
20315,12/17/2020,December,Thursday,13:02,1,2,0,0,Angle,V1: Travelling straight ahead / V2: Turning left,V1: S  / V2: E,Snow,Daylight,Snow,0.78,7.7,32,17,TRUE,41.90086768,-71.36799094
20316,12/17/2020,December,Thursday,15:50,1,1,0,0,Single vehicle crash,V1: Travelling straight ahead,V1: S,Snow,Daylight,Snow,0.78,7.7,32,17,TRUE,41.95144676,-71.27833908
20317,12/17/2020,December,Thursday,17:27,2,1,0,0,Single vehicle crash,V1: Travelling straight ahead,V1: E,Snow,Dark - lighted roadway,Clear,0.78,7.7,32,17,TRUE,41.91999117,-71.24355257
20318,12/17/2020,December,Thursday,18:40,1,2,0,0,Angle,V1: Slowing or stopped in traffic / V2: Travelling straight ahead,V1: S  / V2: W,Snow,Dark - lighted roadway,Snow,0.78,7.7,32,17,TRUE,41.9341021,-71.30369928
20319,12/17/2020,December,Thursday,18:53,1,1,0,0,Single vehicle crash,V1: Travelling straight ahead,V1: E,Snow,Dark - lighted roadway,Clear,0.78,7.7,32,17,TRUE,41.91996059,-71.2435861
20320,12/19/2020,December,Saturday,14:20,1,2,0,0,Front to Rear,V1: Travelling straight ahead / V2: Travelling straight ahead,V1: S  / V2: S,Dry,Daylight,Clear,0,0,28,11,TRUE,41.92890675,-71.35392632
20321,12/19/2020,December,Saturday,17:32,1,3,0,0,Front to Rear,V1: Travelling straight ahead / V2: Slowing or stopped in traffic / V3: Slowing or stopped in traffic,V1: S  / V2: S  / V3: S,Wet,Dark - lighted roadway,Clear,0,0,28,11,TRUE,41.91402282,-71.35905109
20322,12/20/2020,December,Sunday,19:30,1,2,0,0,Front to Front,V1: Travelling straight ahead / V2: Travelling straight ahead,V1: E  / V2: S,Wet,Dark - lighted roadway,Fog,0,0,31,11,TRUE,41.9370756,-71.28238678
20323,12/21/2020,December,Monday,16:10,1,2,0,0,Front to Rear,V1: Slowing or stopped in traffic / V2: Entering traffic lane,V1: N  / V2: N,Wet,Dusk,Cloudy,0.03,0,34,21,TRUE,41.90529604,-71.33573163
20324,12/22/2020,December,Tuesday,15:47,1,2,0,0,Angle,V1: Travelling straight ahead / V2: Entering traffic lane,V1: W  / V2: S,Dry,Daylight,Clear,0,0,36,26,TRUE,41.95220857,-71.27070673
20325,12/22/2020,December,Tuesday,15:56,1,3,0,0,Angle,V1: Entering traffic lane / V2: Travelling straight ahead / V3: Slowing or stopped in traffic,V1: W  / V2: W  / V3: E,Wet,Dusk,Clear,0,0,36,26,TRUE,41.95127862,-71.27437971
20326,12/22/2020,December,Tuesday,16:22,2,2,0,0,Front to Front,V1: Turning left / V2: Travelling straight ahead,V1: N  / V2: W,Dry,Dusk,Clear,0,0,36,26,TRUE,41.96927257,-71.2955191
20327,12/22/2020,December,Tuesday,16:30,1,2,0,0,Angle,V1: Travelling straight ahead / V2: Travelling straight ahead,V1: W  / V2: N,Dry,Dark - lighted roadway,Clear,0,0,36,26,TRUE,41.94444966,-71.2795884
20328,12/22/2020,December,Tuesday,20:13,1,2,0,0,Angle,V1: Turning left / V2: Slowing or stopped in traffic,V1: E  / V2: S,Dry,Dark - lighted roadway,Clear,0,0,36,26,TRUE,41.95234013,-71.29601132
20329,12/22/2020,December,Tuesday,22:36,1,1,0,0,Single vehicle crash,V1: Travelling straight ahead,V1: S,Dry,Dark - roadway not lighted,Clear,0,0,36,26,TRUE,41.95428778,-71.3119492
20330,12/23/2020,December,Wednesday,12:50,1,2,0,0,Angle,V1: Turning right / V2: Travelling straight ahead,V1: N  / V2: N,Dry,Daylight,Clear,0,0,36,25,TRUE,41.9236983,-71.35683112
20331,12/23/2020,December,Wednesday,15:21,1,2,0,0,Angle,V1: Changing lanes / V2: Entering traffic lane,V1: N  / V2: N,Dry,Daylight,Clear,0,0,36,25,TRUE,41.92779522,-71.35458133
20332,12/23/2020,December,Wednesday,16:11,1,1,0,0,Single vehicle crash,V1: Travelling straight ahead,V1: N,Dry,Daylight,Clear,0,0,36,25,TRUE,41.92886018,-71.3230987
20333,12/23/2020,December,Wednesday,17:33,1,1,0,0,Angle,V1: Entering traffic lane,V1: S,Dry,Dark - lighted roadway,Clear,0,0,36,25,TRUE,41.91619723,-71.35885587
20334,12/23/2020,December,Wednesday,17:37,1,2,0,0,Angle,V1: Entering traffic lane / V2: Travelling straight ahead,V1: E  / V2: N,Dry,Dark - lighted roadway,Clear,0,0,36,25,TRUE,41.92236169,-71.35642818
20335,12/24/2020,December,Thursday,4:18,1,1,0,0,Single vehicle crash,V1: Travelling straight ahead,V1: S,Dry,Dark - roadway not lighted,Clear,0,0,40,25,TRUE,41.90261276,-71.35590972
20336,12/24/2020,December,Thursday,10:26,1,1,0,0,Rear-end,V1: Backing,V1: E,Ice,Daylight,Clear,0,0,40,25,TRUE,41.9151658,-71.3057468
20337,12/24/2020,December,Thursday,10:52,1,2,0,0,Angle,V1: Entering traffic lane / V2: Travelling straight ahead,V1: S  / V2: S,Dry,Daylight,Clear,0,0,40,25,TRUE,41.9513929,-71.27446582
20338,12/24/2020,December,Thursday,11:03,1,2,0,0,Rear to Side,V1: Backing / V2: Parked,V1: E  / V2: E,Dry,Daylight,Clear,0,0,40,25,TRUE,41.94580709,-71.28744848
20339,12/24/2020,December,Thursday,13:11,1,2,0,0,Front to Rear,V1: Travelling straight ahead / V2: Slowing or stopped in traffic,V1: S  / V2: S,Dry,Daylight,Cloudy,0,0,40,25,TRUE,41.92106953,-71.35806074
20340,12/24/2020,December,Thursday,13:38,1,1,0,0,Single vehicle crash,V1: Travelling straight ahead,V1: N,Wet,Daylight,Clear,0,0,40,25,TRUE,41.91819588,-71.30019517
20341,12/24/2020,December,Thursday,16:06,1,2,0,0,Front to Rear,V1: Travelling straight ahead / V2: Slowing or stopped in traffic,V1: W  / V2: W,Wet,Daylight,Cloudy,0,0,40,25,TRUE,41.93406554,-71.30574057
20342,12/24/2020,December,Thursday,22:46,2,3,0,0,Rear-end,V1: Changing lanes / V2: Travelling straight ahead / V3: Travelling straight ahead,V1: S  / V2: S  / V3: S,Wet,Dark - lighted roadway,Rain,0,0,40,25,TRUE,41.96019116,-71.30118086
20343,12/25/2020,December,Friday,6:41,1,2,0,0,Angle,V1: Parked / V2: Parked,V1: E  / V2: E,"Water (standing, moving)",Daylight,Cloudy/Rain,0.5,0,60,34,FALSE,41.93965917,-71.27005798
20344,12/25/2020,December,Friday,10:48,1,2,0,0,Front to Rear,V1: Backing / V2: Slowing or stopped in traffic,V1: W  / V2: E,Wet,Daylight,Cloudy/Rain,0.5,0,60,34,FALSE,41.94828331,-71.27801257
20345,12/25/2020,December,Friday,18:01,1,1,0,0,Single vehicle crash,V1: Travelling straight ahead,V1: N,Wet,Dark - lighted roadway,Rain,0.5,0,60,34,FALSE,41.89682535,-71.37320182
20346,12/25/2020,December,Friday,18:31,2,2,0,0,Angle,V1: Changing lanes / V2: Travelling straight ahead,V1: E  / V2: E,Wet,Dark - lighted roadway,Clear,0.5,0,60,34,FALSE,41.93391909,-71.32115817
20347,12/26/2020,December,Saturday,7:29,1,2,0,0,Angle,V1: Travelling straight ahead / V2: Turning left,V1: W  / V2: E,Dry,Daylight,Clear,1.3,0,62,30,TRUE,41.95287787,-71.26899686
20348,12/26/2020,December,Saturday,17:30,1,3,0,0,Angle,V1: Turning left / V2: Travelling straight ahead / V3: Slowing or stopped in traffic,V1: S  / V2: N  / V3: W,Dry,Dark - lighted roadway,Clear,1.3,0,62,30,TRUE,41.91707062,-71.3597656
20349,12/27/2020,December,Sunday,21:05,1,2,0,0,Head-on,V1: Travelling straight ahead / V2: Travelling straight ahead,V1: S  / V2: S,Dry,Dark - lighted roadway,Clear,0,0,33,20,TRUE,41.96019116,-71.30118086
20350,12/28/2020,December,Monday,2:30,2,1,0,0,Single vehicle crash,V1: 0,V1: S,Dry,Dark - roadway not lighted,Clear,0,0,38,20,TRUE,41.96019116,-71.30118086
20351,12/28/2020,December,Monday,14:45,1,2,0,0,Front to Rear,V1: Travelling straight ahead / V2: Slowing or stopped in traffic,V1: E  / V2: E,Dry,Daylight,Cloudy,0,0,38,20,TRUE,41.93820916,-71.29145272
20352,12/28/2020,December,Monday,17:05,1,1,0,0,Single vehicle crash,V1: Turning right,V1: E,Dry,Dark - lighted roadway,Clear,0,0,38,20,TRUE,41.91446663,-71.36106546
20353,12/29/2020,December,Tuesday,11:00,1,2,0,0,"Sideswipe, same direction",V1: Slowing or stopped in traffic / V2: Overtaking/passing,V1: N  / V2: N,Dry,Daylight,Clear,0,0,50,29,TRUE,41.91819588,-71.30019517
20354,12/29/2020,December,Tuesday,13:02,2,2,0,0,Front to Front,V1: Travelling straight ahead / V2: Travelling straight ahead,V1: N  / V2: W,Dry,Daylight,Clear,0,0,50,29,TRUE,41.94817087,-71.29096211
20355,12/29/2020,December,Tuesday,16:51,2,1,0,0,Angle,V1: Turning left,V1: S,Dry,Dark - lighted roadway,Clear,0,0,50,29,TRUE,41.91902321,-71.35778764
20356,12/29/2020,December,Tuesday,20:09,1,1,0,0,Angle,V1: Changing lanes,V1: S,Dry,Dawn,Clear,0,0,50,29,TRUE,41.95484304,-71.28856385
20357,12/30/2020,December,Wednesday,10:50,1,2,0,0,Angle,V1: Entering traffic lane / V2: Travelling straight ahead,V1: W  / V2: W,Dry,Daylight,Clear,0,0,38,19,TRUE,41.94922578,-71.27680281
20358,12/30/2020,December,Wednesday,13:39,1,2,0,0,Front to Front,V1: Travelling straight ahead / V2: Entering traffic lane,V1: N  / V2: W,Dry,Daylight,Clear,0,0,38,19,TRUE,41.90964751,-71.36351027
20359,12/30/2020,December,Wednesday,14:21,2,2,0,0,Rear-end,V1: Slowing or stopped in traffic / V2: Travelling straight ahead,V1: W  / V2: W,Dry,Daylight,Clear,0,0,38,19,TRUE,41.95468861,-71.28760525
20360,12/30/2020,December,Wednesday,16:42,1,1,0,0,Single vehicle crash,V1: Travelling straight ahead,V1: S,Dry,Dusk,Clear,0,0,38,19,TRUE,41.91275057,-71.34064163
20361,12/31/2020,December,Thursday,12:16,1,2,0,0,Angle,V1: Backing / V2: Parked,V1: E  / V2: E,Dry,Daylight,Cloudy,0.07,0,47,19,TRUE,41.9236983,-71.35683112
20362,12/31/2020,December,Thursday,13:36,1,2,0,0,Angle,V1: Parked / V2: Parked,V1: E  / V2: N,Dry,Daylight,Cloudy,0.07,0,47,19,TRUE,41.94256849,-71.27443491
20363,12/31/2020,December,Thursday,16:49,2,2,0,0,Rear-end,V1: Travelling straight ahead / V2: Travelling straight ahead,V1: S  / V2: S,Dry,Dark - roadway not lighted,Cloudy,0.07,0,47,19,TRUE,41.90261276,-71.35590972