ID,DATE,Month,Day of week,Crash Time,Crash Severity,Number of Vehicles,Total Nonfatal Injuries,Total Fatal Injuries,Manner of Collision,Vehicle Action Prior to Crash,Vehicle Travel Directions,Road Surface Condition,Ambient Light,Weather Condition,PRCP,SNOW,TMAX,TMIN,Ice,Longtitute,Latitute
20364,12/31/2020,December,Thursday,18:13,1,2,0,0,Front to Front,V1: Turning left / V2: Turning right,V1: W  / V2: W,Dry,Dark - lighted roadway,Cloudy,0.07,0,47,19,TRUE,41.93357119,-71.30035285
20365,12/31/2020,December,Thursday,20:39,1,2,0,0,"Sideswipe, same direction",V1: Overtaking/passing / V2: Turning left,V1: N  / V2: N,Dry,Dark - lighted roadway,Clear,0.07,0,47,19,TRUE,41.91035947,-71.36314658
20366,1/1/2021,January,Friday,22:08,1,1,0,0,Single vehicle crash,V1: Leaving traffic lane,V1: S,Snow,Dark - roadway not lighted,Snow,0,0,46,21,TRUE,41.9739912,-71.29523514
20367,1/2/2021,January,Saturday,10:43,1,2,0,0,Angle,V1: Travelling straight ahead / V2: Travelling straight ahead,V1: E  / V2: S,Dry,Daylight,Cloudy,0.25,0,42,21,TRUE,41.94431166,-71.28140275
20368,1/2/2021,January,Saturday,10:46,1,2,0,0,Angle,V1: Backing / V2: Travelling straight ahead,V1: E  / V2: N,Wet,Daylight,Cloudy,0.25,0,42,21,TRUE,41.90976272,-71.26499413
20369,1/2/2021,January,Saturday,13:29,1,2,0,0,Rear-end,V1: Backing / V2: Parked,V1: N  / V2: E,Dry,Daylight,Clear,0.25,0,42,21,TRUE,41.92575764,-71.35885148
20370,1/2/2021,January,Saturday,13:49,1,2,0,0,Front to Rear,V1: Travelling straight ahead / V2: Slowing or stopped in traffic,V1: E  / V2: E,Dry,Daylight,Clear,0.25,0,42,21,TRUE,41.93623387,-71.28481204
20371,1/4/2021,January,Monday,13:04,1,2,0,0,Angle,V1: Travelling straight ahead / V2: Parked,V1: W  / V2: U,Dry,Daylight,Cloudy,0.02,0,36,31,TRUE,41.9444373,-71.28170781
20372,1/5/2021,January,Tuesday,5:19,1,2,0,0,Front to Rear,V1: Overtaking/passing / V2: Travelling straight ahead,V1: E  / V2: E,Dry,Dark - lighted roadway,Clear,0,0,39,30,TRUE,41.93624398,-71.26400311
20373,1/5/2021,January,Tuesday,9:05,1,2,0,0,"Sideswipe, same direction",V1: Turning right / V2: Travelling straight ahead,V1: S  / V2: S,Dry,Daylight,Cloudy,0,0,39,30,TRUE,41.89903243,-71.355186
20374,1/5/2021,January,Tuesday,10:10,1,1,0,0,Single vehicle crash,V1: Travelling straight ahead,V1: W,Dry,Daylight,Cloudy,0,0,39,30,TRUE,41.94266173,-71.28390998
20375,1/6/2021,January,Wednesday,8:35,2,1,0,0,Single vehicle crash,V1: Travelling straight ahead,V1: N,Dry,Daylight,Clear,0,0,34,31,TRUE,41.95593405,-71.30346756
20376,1/6/2021,January,Wednesday,12:53,1,2,0,0,"Sideswipe, same direction",V1: Travelling straight ahead / V2: Parked,V1: N  / V2: 0,Dry,Daylight,Clear,0,0,34,31,TRUE,41.94466122,-71.28424295
20377,1/7/2021,January,Thursday,13:18,1,2,0,0,Rear-end,V1: Entering traffic lane / V2: Entering traffic lane,V1: N  / V2: N,Dry,Daylight,Clear,0,0,42,30,TRUE,41.90124097,-71.35539146
20378,1/7/2021,January,Thursday,14:47,2,2,0,0,Angle,V1: Entering traffic lane / V2: Travelling straight ahead,V1: W  / V2: N,Dry,Daylight,Clear,0,0,42,30,TRUE,41.94121777,-71.2768631
20379,1/7/2021,January,Thursday,15:50,1,3,0,0,Angle,V1: Turning left / V2: Travelling straight ahead / V3: Slowing or stopped in traffic,V1: S  / V2: N  / V3: W,Dry,Daylight,Clear,0,0,42,30,TRUE,41.95484304,-71.28856385
20380,1/8/2021,January,Friday,8:20,1,1,0,0,Single vehicle crash,V1: Travelling straight ahead,V1: S,Dry,Daylight,Clear,0,0,43,21,TRUE,41.90487047,-71.31918113
20381,1/8/2021,January,Friday,9:24,1,1,0,0,Angle,V1: Turning right,V1: W,Dry,Daylight,Clear,0,0,43,21,TRUE,41.94472175,-71.2812504
20382,1/9/2021,January,Saturday,3:34,1,1,0,0,Angle,V1: Travelling straight ahead,V1: W,Dry,Dark - lighted roadway,Clear,0,0,41,21,TRUE,41.90355027,-71.32952389
20383,1/9/2021,January,Saturday,23:55,2,2,0,0,"Sideswipe, same direction",V1: Other / V2: Parked,V1: E  / V2: E,Dry,Dark - lighted roadway,Clear,0,0,41,21,TRUE,41.94234382,-71.27289652
20384,1/10/2021,January,Sunday,9:10,2,1,0,0,Single vehicle crash,V1: Travelling straight ahead,V1: W,Dry,Daylight,Clear,0,0,35,24,TRUE,41.95353399,-71.27992128
20385,1/10/2021,January,Sunday,22:40,1,1,0,0,Head-on,V1: Travelling straight ahead,V1: S,Dry,Dark - lighted roadway,Clear,0,0,35,24,TRUE,41.92774218,-71.34105726
20386,1/11/2021,January,Monday,16:48,1,1,0,0,Single vehicle crash,V1: Travelling straight ahead,V1: S,Dry,Dark - lighted roadway,Clear,0,0,41,17,TRUE,41.96604391,-71.29632863
20387,1/12/2021,January,Tuesday,15:41,1,2,0,0,Front to Front,V1: Turning left / V2: Entering traffic lane,V1: N  / V2: W,Dry,Daylight,Clear,0,0,37,17,TRUE,41.93306281,-71.28502226
20388,1/12/2021,January,Tuesday,16:03,1,2,0,0,"Sideswipe, opposite direction",V1: Turning left / V2: Travelling straight ahead,V1: E  / V2: W,Dry,Daylight,Clear,0,0,37,17,TRUE,41.96927257,-71.2955191
20389,1/13/2021,January,Wednesday,16:47,2,2,0,0,Front to Front,V1: Entering traffic lane / V2: Travelling straight ahead,V1: W  / V2: N,Dry,Dusk,Clear,0,0,41,21,TRUE,41.91080764,-71.3629186
20390,1/13/2021,January,Wednesday,20:13,1,1,0,0,Front to Rear,V1: Slowing or stopped in traffic,V1: E,Dry,Dark - lighted roadway,Clear,0,0,41,21,TRUE,41.96927257,-71.2955191
20391,1/14/2021,January,Thursday,9:27,1,2,0,0,Angle,V1: Entering traffic lane / V2: Travelling straight ahead,V1: W  / V2: N,Wet,Daylight,Cloudy,0,0,41,26,TRUE,41.89862192,-71.3550133
20392,1/14/2021,January,Thursday,15:11,1,2,0,0,Rear-end,V1: Backing / V2: Slowing or stopped in traffic,V1: N  / V2: N,Wet,Daylight,Clear,0,0,41,26,TRUE,41.93528199,-71.27482947
20393,1/15/2021,January,Friday,0:25,1,2,0,0,Rear-end,V1: Travelling straight ahead / V2: Travelling straight ahead,V1: S  / V2: S,Dry,Dark - roadway not lighted,Clear,0.02,0,43,31,TRUE,41.92927403,-71.32377045
20394,1/15/2021,January,Friday,15:45,1,2,0,0,Rear-end,V1: Entering traffic lane / V2: Travelling straight ahead,V1: N  / V2: N,Dry,Daylight,Clear,0.02,0,43,31,TRUE,41.90126782,-71.35541704
20395,1/15/2021,January,Friday,19:40,1,1,0,0,Single vehicle crash,V1: Travelling straight ahead,V1: W,Dry,Dark - lighted roadway,Clear,0.02,0,43,31,TRUE,41.93577383,-71.26719803
20396,1/15/2021,January,Friday,21:14,2,3,0,0,Front to Rear,V1: Travelling straight ahead / V2: Parked / V3: Parked,V1: E  / V2: 0 / V3: 0,Dry,Dark - lighted roadway,Clear,0.02,0,43,31,TRUE,41.92852755,-71.27815916
20397,1/16/2021,January,Saturday,14:52,2,2,0,0,Angle,V1: Turning left / V2: Travelling straight ahead,V1: S  / V2: W,Dry,Daylight,Clear,0.4,0,44,31,TRUE,41.93358571,-71.32352844
20398,1/17/2021,January,Sunday,8:50,0,1,0,0,"Sideswipe, same direction",V1: Parked,V1: S,Dry,Daylight,Clear,0.85,0,54,33,FALSE,41.94271353,-71.2663959
20399,1/17/2021,January,Sunday,13:18,2,2,0,0,Front to Rear,V1: Travelling straight ahead / V2: Travelling straight ahead,V1: E  / V2: E,Dry,Daylight,Clear,0.85,0,54,33,FALSE,41.92508738,-71.35628348
20400,1/17/2021,January,Sunday,14:39,1,2,0,0,Angle,V1: Turning left / V2: Travelling straight ahead,V1: W  / V2: E,Dry,Daylight,Clear,0.85,0,54,33,FALSE,41.93357119,-71.30035285
20401,1/17/2021,January,Sunday,19:48,1,2,0,0,Angle,V1: Turning left / V2: Travelling straight ahead,V1: S  / V2: W,Dry,Dark - lighted roadway,Clear,0.85,0,54,33,FALSE,41.92387717,-71.35158914
20402,1/18/2021,January,Monday,9:30,1,3,0,0,Rear-end,V1: 0 / V2: Slowing or stopped in traffic / V3: Travelling straight ahead,V1: S  / V2: S  / V3: S,Dry,Daylight,Clear,0,0,44,34,FALSE,41.96019116,-71.30118086
20403,1/18/2021,January,Monday,15:24,1,2,0,0,Angle,V1: Travelling straight ahead / V2: Travelling straight ahead,V1: N  / V2: E,Dry,Daylight,Clear,0,0,44,34,FALSE,41.9216351,-71.35781503
20404,1/18/2021,January,Monday,16:04,2,2,0,0,Angle,V1: Travelling straight ahead / V2: Travelling straight ahead,V1: W  / V2: N,Dry,Dusk,Cloudy,0,0,44,34,FALSE,41.94188971,-71.28096806
20405,1/20/2021,January,Wednesday,10:34,2,1,0,0,Single vehicle crash,V1: Leaving traffic lane,V1: E,Dry,Daylight,Cloudy,0,0,41,24,TRUE,41.90833718,-71.37122942
20406,1/20/2021,January,Wednesday,15:15,1,2,0,0,"Sideswipe, same direction",V1: Turning right / V2: Travelling straight ahead,V1: S  / V2: S,Dry,Daylight,Clear,0,0,41,24,TRUE,41.90255025,-71.35612621
20407,1/21/2021,January,Thursday,15:53,1,2,0,0,Front to Front,V2: Travelling straight ahead / V1: Turning left,V2: E  / V1: N,Dry,Daylight,Clear,0,0,38,19,TRUE,41.93097484,-71.35301762
20408,1/22/2021,January,Friday,17:57,2,2,0,0,Front to Front,V1: Turning left / V2: Travelling straight ahead,V1: W  / V2: S,Dry,Dark - lighted roadway,Clear,0,0,33,19,TRUE,41.92241545,-71.31336866
20409,1/23/2021,January,Saturday,10:01,1,1,0,0,Angle,V1: Travelling straight ahead,V1: E,Dry,Daylight,Clear,0,0,44,27,TRUE,41.92241545,-71.31336866
20410,1/23/2021,January,Saturday,14:52,1,1,0,0,Angle,V1: Turning left,V1: E,Dry,Daylight,Clear,0,0,44,27,TRUE,41.93357119,-71.30035285
20411,1/23/2021,January,Saturday,17:36,1,2,0,0,Angle,V1: Changing lanes / V2: Travelling straight ahead,V1: S  / V2: S,Dry,Dark - lighted roadway,Clear,0,0,44,27,TRUE,41.93464011,-71.29915072
20412,1/25/2021,January,Monday,6:13,2,2,0,0,Front to Rear,V1: Entering traffic lane / V2: Travelling straight ahead,V1: N  / V2: N,Dry,Dawn,Clear,0,0,31,17,TRUE,41.89914378,-71.35508879
20413,1/25/2021,January,Monday,10:40,1,2,0,0,Rear-end,V1: Travelling straight ahead / V2: Travelling straight ahead,V1: E  / V2: E,Dry,Daylight,Clear,0,0,31,17,TRUE,41.92005179,-71.35764107
20414,1/25/2021,January,Monday,15:26,1,2,0,0,Front to Rear,V1: Travelling straight ahead / V2: Turning left,V1: E  / V2: E,Dry,Daylight,Clear,0,0,31,17,TRUE,41.94234382,-71.27289652
20415,1/25/2021,January,Monday,16:04,1,2,0,0,Rear-end,V1: Travelling straight ahead / V2: Slowing or stopped in traffic,V1: W  / V2: W,Dry,Daylight,Clear,0,0,31,17,TRUE,41.95130281,-71.27263126
20416,1/26/2021,January,Tuesday,14:25,1,2,0,0,Rear-end,V1: Travelling straight ahead / V2: Travelling straight ahead,V1: N  / V2: N,Dry,Daylight,Clear,0,0,36,17,TRUE,41.92779522,-71.35458133
20417,1/26/2021,January,Tuesday,16:01,1,2,0,0,"Sideswipe, same direction",V1: Travelling straight ahead / V2: Parked,V1: W  / V2: W,Snow,Daylight,Snow,0,0,36,17,TRUE,41.9527334,-71.29440119
20418,1/26/2021,January,Tuesday,16:24,1,2,0,0,Angle,V1: Travelling straight ahead / V2: Other,V1: S  / V2: S,Ice,Daylight,Snow,0,0,36,17,TRUE,41.90261305,-71.35590872
20419,1/26/2021,January,Tuesday,16:53,1,1,0,0,Head-on,V1: Slowing or stopped in traffic,V1: E,Snow,Daylight,Snow,0,0,36,17,TRUE,41.92403905,-71.32117681
20420,1/26/2021,January,Tuesday,18:01,1,2,0,0,Front to Front,V1: Turning right / V2: Travelling straight ahead,V1: W  / V2: E,Snow,Dusk,Snow,0,0,36,17,TRUE,41.89835537,-71.35496888
20421,1/26/2021,January,Tuesday,18:23,1,2,0,0,Front to Front,V1: Travelling straight ahead / V2: Travelling straight ahead,V1: W  / V2: S,Snow,Dark - lighted roadway,Snow,0,0,36,17,TRUE,41.92871094,-71.22559303
20422,1/26/2021,January,Tuesday,18:31,1,1,0,0,Single vehicle crash,V1: Turning right,V1: S,Snow,Dark - lighted roadway,Snow,0,0,36,17,TRUE,41.95181537,-71.28985984
20423,1/27/2021,January,Wednesday,5:00,1,2,0,0,Rear-to-rear,V1: Backing / V2: Parked,V1: S  / V2: U,Snow,Dark - lighted roadway,Snow,0.35,4,37,20,TRUE,41.94431395,-71.27879691
20424,1/27/2021,January,Wednesday,9:44,0,2,0,0,0,V1: 0 / V2: Parked,V1: U  / V2: W,Snow,0,Snow,0.35,4,37,20,TRUE,41.90399948,-71.3807553
20425,1/27/2021,January,Wednesday,14:35,1,2,0,0,Angle,V2: Slowing or stopped in traffic / V1: Turning right,V2: N  / V1: S,Dry,Daylight,Cloudy,0.35,4,37,20,TRUE,41.94450501,-71.28411703
20426,1/27/2021,January,Wednesday,18:26,1,1,0,0,Single vehicle crash,V1: Travelling straight ahead,V1: E,Wet,Dark - lighted roadway,Cloudy,0.35,4,37,20,TRUE,41.93127032,-71.29114995
20427,1/28/2021,January,Thursday,8:12,2,2,0,0,Front to Front,V1: Travelling straight ahead / V2: Travelling straight ahead,V1: N  / V2: W,Snow,Daylight,Snow,0.01,0.1,35,29,TRUE,41.94472175,-71.2812504
20428,1/28/2021,January,Thursday,15:08,1,2,0,0,Angle,V1: Travelling straight ahead / V2: Entering traffic lane,V1: E  / V2: N,Wet,Daylight,Clear,0.01,0.1,35,29,TRUE,41.93624398,-71.26400311
20429,1/28/2021,January,Thursday,17:03,1,3,0,0,Rear-end,V1: Travelling straight ahead / V2: Travelling straight ahead / V3: Travelling straight ahead,V1: E  / V2: E  / V3: E,Dry,Daylight,Clear,0.01,0.1,35,29,TRUE,41.93843052,-71.29261954
20430,1/28/2021,January,Thursday,19:19,2,2,0,0,Angle,V1: Changing lanes / V2: Travelling straight ahead,V1: S  / V2: S,Dry,Dark - lighted roadway,Clear,0.01,0.1,35,29,TRUE,41.95019519,-71.27516443
20431,1/30/2021,January,Saturday,10:58,1,2,0,0,"Sideswipe, same direction",V1: Overtaking/passing / V2: Slowing or stopped in traffic,V1: W  / V2: W,Dry,Daylight,Clear,0,0,17,5,TRUE,41.91704341,-71.37438262
20432,1/30/2021,January,Saturday,14:56,1,2,0,0,Angle,V1: Travelling straight ahead / V2: Travelling straight ahead,V1: N  / V2: N,Dry,Daylight,Clear,0,0,17,5,TRUE,41.92287004,-71.35720242
20433,1/30/2021,January,Saturday,19:31,2,2,0,0,Angle,V1: Travelling straight ahead / V2: Entering traffic lane,V1: S  / V2: S,Dry,Dark - lighted roadway,Cloudy,0,0,17,5,TRUE,41.91650173,-71.36003946
20434,1/30/2021,January,Saturday,21:24,2,2,0,0,Angle,V1: Changing lanes / V2: Travelling straight ahead,V1: W  / V2: W,Dry,Dark - lighted roadway,Clear,0,0,17,5,TRUE,41.94962017,-71.27627019
20435,1/30/2021,January,Saturday,22:39,2,1,0,0,Single vehicle crash,V1: Travelling straight ahead,V1: N,Dry,Dark - lighted roadway,Clear,0,0,17,5,TRUE,41.95213386,-71.29640131
20436,1/31/2021,January,Sunday,14:54,1,2,0,0,Rear-end,V1: Entering traffic lane / V2: Entering traffic lane,V1: S  / V2: S,Ice,Daylight,Cloudy,0,0,20,1,TRUE,41.90235067,-71.35584227
20437,1/31/2021,January,Sunday,15:00,2,3,0,0,Rear-end,V1: Travelling straight ahead / V2: Slowing or stopped in traffic / V3: Slowing or stopped in traffic,V1: N  / V2: N  / V3: N,Dry,Daylight,Clear,0,0,20,1,TRUE,41.91325585,-71.3590575
20438,2/1/2021,February,Monday,14:12,1,1,0,0,Single vehicle crash,V1: Travelling straight ahead,V1: E,Snow,Daylight,Snow,0,0,29,1,TRUE,41.91958046,-71.24401847
20439,2/1/2021,February,Monday,14:49,1,2,0,0,Rear-end,V1: Travelling straight ahead / V2: Slowing or stopped in traffic,V1: N  / V2: N,Snow,Daylight,Snow,0,0,29,1,TRUE,41.91325585,-71.3590575
20440,2/1/2021,February,Monday,20:54,1,1,0,0,Single vehicle crash,V1: Travelling straight ahead,V1: N,Snow,Dark - lighted roadway,Snow,0,0,29,1,TRUE,41.89991596,-71.36847673
20441,2/1/2021,February,Monday,21:39,1,1,0,0,Head-on,V1: Travelling straight ahead,V1: N,Snow,Dark - lighted roadway,Snow,0,0,29,1,TRUE,41.91200775,-71.25878584
20442,2/1/2021,February,Monday,22:07,1,2,0,0,Angle,V1: Travelling straight ahead / V2: Travelling straight ahead,V1: S  / V2: N,Snow,Dark - lighted roadway,Snow,0,0,29,1,TRUE,41.9092754,-71.35780912
20443,2/2/2021,February,Tuesday,4:51,1,1,0,0,Single vehicle crash,V1: Other,V1: N,Wet,Dark - lighted roadway,Snow,1.36,5.3,38,29,TRUE,41.89957255,-71.3551788
20444,2/2/2021,February,Tuesday,8:56,2,1,0,0,Rear-end,V1: Slowing or stopped in traffic,V1: N,Dry,Daylight,Clear,1.36,5.3,38,29,TRUE,41.89733197,-71.36979234
20445,2/3/2021,February,Wednesday,13:52,1,2,0,0,Rear to Side,V1: Backing / V2: Travelling straight ahead,V1: N  / V2: E,Slush,Daylight,Cloudy,0.02,0.2,38,29,TRUE,41.94493246,-71.27903076
20446,2/3/2021,February,Wednesday,16:17,2,2,0,0,Rear-end,V1: Travelling straight ahead / V2: Travelling straight ahead,V1: S  / V2: S,Dry,Daylight,Clear,0.02,0.2,38,29,TRUE,34.24438675,-73.6513909
20447,2/3/2021,February,Wednesday,19:37,2,2,0,0,Front to Front,V1: Travelling straight ahead / V2: Turning right,V1: S  / V2: W,Dry,Dark - lighted roadway,Clear,0.02,0.2,38,29,TRUE,41.91653724,-71.36001753
20448,2/4/2021,February,Thursday,14:22,1,2,0,0,Rear to Side,V1: Backing / V2: Travelling straight ahead,V1: N  / V2: N,Dry,Daylight,Clear,0.01,0.1,36,29,TRUE,41.94601325,-71.28859979
20449,2/4/2021,February,Thursday,14:48,1,2,0,0,Front to Rear,V1: Slowing or stopped in traffic / V2: Slowing or stopped in traffic,V1: S  / V2: S,Dry,Daylight,Cloudy,0.01,0.1,36,29,TRUE,41.90261305,-71.35590872
20450,2/4/2021,February,Thursday,15:46,1,1,0,0,Single vehicle crash,V1: Travelling straight ahead,V1: N,Dry,Daylight,Cloudy,0.01,0.1,36,29,TRUE,41.9438227,-71.28416926
20451,2/4/2021,February,Thursday,18:11,1,2,0,0,Head-on,V1: Travelling straight ahead / V2: Turning left,V1: S  / V2: W,Dry,Dark - lighted roadway,Clear,0.01,0.1,36,29,TRUE,41.92241545,-71.31336866
20452,2/5/2021,February,Friday,12:58,1,2,0,0,Angle,V1: Backing / V2: Travelling straight ahead,V1: N  / V2: E,"Sand, mud, dirt, oil, gravel",Daylight,Rain,0,0,39,23,TRUE,41.9197589,-71.35862943
20453,2/5/2021,February,Friday,22:08,1,2,0,0,Front to Rear,V1: Slowing or stopped in traffic / V2: Slowing or stopped in traffic,V1: N  / V2: N,Dry,Dark - lighted roadway,Cloudy,0,0,39,23,TRUE,41.92508738,-71.35628348
20454,2/6/2021,February,Saturday,20:08,1,2,0,0,Angle,V1: Travelling straight ahead / V2: Travelling straight ahead,V1: W  / V2: S,Dry,Dark - lighted roadway,Clear,0.03,0,43,26,TRUE,41.93742983,-71.26519759
20455,2/6/2021,February,Saturday,23:02,1,2,0,0,Angle,V1: Backing / V2: Travelling straight ahead,V1: W  / V2: S,Dry,Dark - lighted roadway,Clear,0.03,0,43,26,TRUE,41.93624398,-71.26400311
20456,2/7/2021,February,Sunday,2:40,1,1,0,0,Single vehicle crash,V1: 0,V1: U,Dry,Dark - lighted roadway,Clear,0,0,45,25,TRUE,41.93472037,-71.29905084
20457,2/7/2021,February,Sunday,9:51,2,2,0,0,Angle,V1: Entering traffic lane / V2: Travelling straight ahead,V1: W  / V2: N,Dry,Daylight,Cloudy,0,0,45,25,TRUE,41.9472108,-71.28786501
20458,2/7/2021,February,Sunday,12:59,1,1,0,0,Single vehicle crash,V1: Travelling straight ahead,V1: N,Snow,Daylight,Snow,0,0,45,25,TRUE,41.93714499,-71.24944556
20459,2/7/2021,February,Sunday,13:52,2,1,0,0,Single vehicle crash,V1: Travelling straight ahead,V1: W,Snow,Daylight,Snow,0,0,45,25,TRUE,41.92071138,-71.29821987
20460,2/7/2021,February,Sunday,14:18,1,1,0,0,Single vehicle crash,V1: Travelling straight ahead,V1: E,Snow,Daylight,Snow,0,0,45,25,TRUE,41.91869524,-71.29965549
20461,2/7/2021,February,Sunday,14:46,2,1,0,0,Single vehicle crash,V1: Travelling straight ahead,V1: N,Snow,Daylight,Snow,0,0,45,25,TRUE,41.92233373,-71.25896873
20462,2/7/2021,February,Sunday,15:12,1,1,0,0,Single vehicle crash,V1: Travelling straight ahead,V1: E,Snow,Daylight,Snow,0,0,45,25,TRUE,41.92496584,-71.22632348
20463,2/7/2021,February,Sunday,15:40,1,2,0,0,Front to Rear,V1: Travelling straight ahead / V2: Turning right,V1: S  / V2: S,Snow,Daylight,Snow,0,0,45,25,TRUE,41.90392748,-71.33788874
20464,2/7/2021,February,Sunday,16:54,1,1,0,0,Single vehicle crash,V1: Travelling straight ahead,V1: N,Snow,Dark - lighted roadway,Snow,0,0,45,25,TRUE,41.90078751,-71.36803212
20465,2/7/2021,February,Sunday,16:58,1,2,0,0,Angle,V1: Backing / V2: Parked,V1: S  / V2: 0,Snow,Dark - lighted roadway,Snow,0,0,45,25,TRUE,41.9129832,-71.30855033
20466,2/7/2021,February,Sunday,16:59,1,1,0,0,Head-on,V1: Travelling straight ahead,V1: W,Snow,Dark - lighted roadway,Snow,0,0,45,25,TRUE,41.92568533,-71.34148138
20467,2/7/2021,February,Sunday,18:21,1,2,0,0,Front to Rear,V1: Travelling straight ahead / V2: Backing,V1: E  / V2: S,Snow,Dark - lighted roadway,Snow,0,0,45,25,TRUE,41.92281332,-71.25240219
20468,2/7/2021,February,Sunday,18:45,1,2,0,0,Front to Front,V1: Slowing or stopped in traffic / V2: Travelling straight ahead,V1: N  / V2: W,Snow,Dark - lighted roadway,Snow,0,0,45,25,TRUE,41.93357119,-71.30035285
20469,2/7/2021,February,Sunday,19:46,1,1,0,0,Single vehicle crash,V1: Turning right,V1: E,Snow,Dark - lighted roadway,Snow,0,0,45,25,TRUE,41.94519466,-71.28103716
20470,2/7/2021,February,Sunday,22:27,1,1,0,0,Single vehicle crash,V1: Backing,V1: W,Snow,Dark - lighted roadway,Snow,0,0,45,25,TRUE,41.9442419,-71.28118495
20471,2/8/2021,February,Monday,10:17,1,1,0,0,Single vehicle crash,V1: Travelling straight ahead,V1: S,Ice,Daylight,Clear,0.47,5.8,35,15,TRUE,41.93141116,-71.29310589
20472,2/8/2021,February,Monday,12:03,1,2,0,0,Front to Rear,V2: Parked / V1: Backing,V2: 0 / V1: W,Snow,Daylight,Clear,0.47,5.8,35,15,TRUE,41.91793254,-71.31493818
20473,2/8/2021,February,Monday,16:16,1,2,0,0,Front to Rear,V1: Travelling straight ahead / V2: Slowing or stopped in traffic,V1: E  / V2: E,Dry,Daylight,Clear,0.47,5.8,35,15,TRUE,41.92387717,-71.35158914
20474,2/9/2021,February,Tuesday,9:30,1,1,0,0,Single vehicle crash,V1: Travelling straight ahead,V1: S,Dry,Daylight,Cloudy,0,0,30,11,TRUE,41.93349672,-71.32022962
20475,2/9/2021,February,Tuesday,12:29,1,1,0,0,Single vehicle crash,V1: Slowing or stopped in traffic,V1: W,Snow,Daylight,Snow,0,0,30,11,TRUE,41.90050571,-71.32920722
20476,2/9/2021,February,Tuesday,14:06,1,1,0,0,Single vehicle crash,V1: Travelling straight ahead,V1: E,Ice,Dark - lighted roadway,Snow,0,0,30,11,TRUE,41.90925367,-71.28620947
20477,2/9/2021,February,Tuesday,14:51,1,2,0,0,Angle,V1: Turning right / V2: Slowing or stopped in traffic,V1: N  / V2: W,Snow,Daylight,Snow,0,0,30,11,TRUE,41.91904512,-71.37272825
20478,2/9/2021,February,Tuesday,15:20,1,2,0,0,Front to Front,V1: Travelling straight ahead / V2: Slowing or stopped in traffic,V1: N  / V2: S,"Sand, mud, dirt, oil, gravel",Daylight,Snow,0,0,30,11,TRUE,41.92175438,-71.35573453
20479,2/9/2021,February,Tuesday,17:21,1,2,0,0,Angle,V1: Travelling straight ahead / V2: Travelling straight ahead,V1: E  / V2: N,Slush,Dark - lighted roadway,Snow,0,0,30,11,TRUE,41.94472175,-71.2812504
20480,2/10/2021,February,Wednesday,11:56,1,2,0,0,Rear-end,V1: Slowing or stopped in traffic / V2: Slowing or stopped in traffic,V1: N  / V2: N,Snow,Daylight,Snow,0.21,1.6,28,12,TRUE,41.89951194,-71.3576095
20481,2/10/2021,February,Wednesday,13:55,2,2,0,0,Angle,V1: Turning left / V2: Travelling straight ahead,V1: E  / V2: S,Wet,Daylight,Clear,0.21,1.6,28,12,TRUE,41.91061596,-71.36301594
20482,2/10/2021,February,Wednesday,15:09,2,2,0,0,Angle,V1: Travelling straight ahead / V2: Turning left,V1: N  / V2: S,Dry,Daylight,Clear,0.21,1.6,28,12,TRUE,41.94757814,-71.27890388
20483,2/11/2021,February,Thursday,7:45,1,2,0,0,Angle,V1: Travelling straight ahead / V2: Entering traffic lane,V1: E  / V2: N,Wet,Daylight,Clear,0,0,33,12,TRUE,41.94586372,-71.28073806
20484,2/11/2021,February,Thursday,8:00,1,2,0,0,Angle,V1: Travelling straight ahead / V2: Turning left,V1: N  / V2: E,Snow,Daylight,Clear,0,0,33,12,TRUE,41.94625923,-71.28694634
20485,2/11/2021,February,Thursday,8:46,2,2,0,0,Angle,V1: Entering traffic lane / V2: Travelling straight ahead,V1: W  / V2: N,Dry,Daylight,Clear,0,0,33,12,TRUE,41.93503657,-71.2848971
20486,2/12/2021,February,Friday,11:41,2,1,0,0,Angle,V1: Travelling straight ahead,V1: E,Ice,Daylight,Clear,0,0,32,12,TRUE,41.8974429,-71.35474008
20487,2/12/2021,February,Friday,14:40,2,1,0,0,Single vehicle crash,V1: Travelling straight ahead,V1: N,Dry,Daylight,Cloudy,0,0,32,12,TRUE,41.8969273,-71.3730089
20488,2/12/2021,February,Friday,15:39,1,2,0,0,Angle,V1: Travelling straight ahead / V2: Entering traffic lane,V1: S  / V2: W,Dry,Daylight,Clear,0,0,32,12,TRUE,41.93550086,-71.28486651
20489,2/12/2021,February,Friday,16:25,1,2,0,0,Angle,V1: Turning left / V2: Travelling straight ahead,V1: N  / V2: S,Dry,Dusk,Cloudy,0,0,32,12,TRUE,41.93602116,-71.31573992
20490,2/13/2021,February,Saturday,15:03,1,2,0,0,Angle,V1: Backing / V2: Parked,V1: S  / V2: E,Dry,Daylight,Cloudy,0,0,28,12,TRUE,41.95104437,-71.27327796
20491,2/13/2021,February,Saturday,16:55,0,1,0,0,0,V1: Parked,V1: U,Dry,0,Clear,0,0,28,12,TRUE,41.90631734,-71.31686202