ID,DATE,Month,Day of week,Crash Time,Crash Severity,Number of Vehicles,Total Nonfatal Injuries,Total Fatal Injuries,Manner of Collision,Vehicle Action Prior to Crash,Vehicle Travel Directions,Road Surface Condition,Ambient Light,Weather Condition,PRCP,SNOW,TMAX,TMIN,Ice,Longtitute,Latitute
20492,2/13/2021,February,Saturday,17:45,1,3,0,0,Angle,V1: Turning left / V2: Travelling straight ahead / V3: Parked,V1: N  / V2: W  / V3: 0,Dry,Dark - lighted roadway,Clear,0,0,28,12,TRUE,41.95076301,-71.27397064
20493,2/13/2021,February,Saturday,18:16,2,2,0,0,Angle,V1: Travelling straight ahead / V2: Turning left,V1: W  / V2: E,Dry,Dark - lighted roadway,Clear,0,0,28,12,TRUE,41.91981411,-71.35860614
20494,2/14/2021,February,Sunday,0:31,2,2,0,0,Single vehicle crash,V1: Travelling straight ahead / V2: Parked,V1: S  / V2: 0,Wet,Dark - lighted roadway,Rain,0,0,30,20,TRUE,41.92986952,-71.30236605
20495,2/14/2021,February,Sunday,11:35,1,2,0,0,Front to Rear,V1: Entering traffic lane / V2: Travelling straight ahead,V1: E  / V2: E,Dry,Daylight,Cloudy,0,0,30,20,TRUE,41.93391909,-71.32115817
20496,2/15/2021,February,Monday,16:26,1,2,0,0,"Sideswipe, opposite direction",V1: Turning left / V2: Slowing or stopped in traffic,V1: S  / V2: W,Dry,Daylight,Clear,0,0,37,28,TRUE,41.90325436,-71.31889204
20497,2/16/2021,February,Tuesday,7:20,1,1,0,0,Single vehicle crash,V1: Travelling straight ahead,V1: S,Wet,Daylight,Rain,0.3,0,40,28,TRUE,41.90433577,-71.35012688
20498,2/16/2021,February,Tuesday,10:41,1,2,0,0,Angle,V1: Travelling straight ahead / V2: Travelling straight ahead,V1: E  / V2: N,Wet,Daylight,Rain,0.3,0,40,28,TRUE,41.94473034,-71.28125104
20499,2/16/2021,February,Tuesday,18:03,1,2,0,0,"Sideswipe, same direction",V1: Travelling straight ahead / V2: Slowing or stopped in traffic,V1: E  / V2: E,Dry,Dark - lighted roadway,Cloudy,0.3,0,40,28,TRUE,41.94234382,-71.27289652
20500,2/16/2021,February,Tuesday,18:17,1,2,0,0,Front to Rear,V1: Travelling straight ahead / V2: Travelling straight ahead,V1: E  / V2: E,Dry,Dark - lighted roadway,Clear,0.3,0,40,28,TRUE,41.93397754,-71.31905247
20501,2/17/2021,February,Wednesday,7:30,1,2,0,0,Rear-end,V1: Slowing or stopped in traffic / V2: Backing,V1: N  / V2: N,Dry,Daylight,Clear,0.25,0,54,23,TRUE,41.93394694,-71.30773245
20502,2/18/2021,February,Thursday,5:28,1,2,0,0,Front to Front,V1: Slowing or stopped in traffic / V2: Travelling straight ahead,V1: W  / V2: S,Dry,Dark - lighted roadway,Clear,0,0,31,21,TRUE,41.89797007,-71.36398097
20503,2/18/2021,February,Thursday,14:36,2,2,0,0,Angle,V1: Entering traffic lane / V2: Travelling straight ahead,V1: S  / V2: E,Wet,Daylight,Cloudy,0,0,31,21,TRUE,41.94292045,-71.27681606
20504,2/18/2021,February,Thursday,20:11,1,2,0,0,Angle,V1: Travelling straight ahead / V2: Travelling straight ahead,V1: N  / V2: N,Ice,Dark - lighted roadway,Snow,0,0,31,21,TRUE,41.9341804,-71.34149895
20505,2/18/2021,February,Thursday,20:43,1,1,0,0,Single vehicle crash,V1: Travelling straight ahead,V1: E,Snow,Dark - lighted roadway,Snow,0,0,31,21,TRUE,41.91999117,-71.24355257
20506,2/19/2021,February,Friday,17:33,1,2,0,0,Angle,V1: Travelling straight ahead / V2: Travelling straight ahead,V1: S  / V2: E,Snow,Dark - lighted roadway,Snow,0.04,0.5,31,25,TRUE,41.93499067,-71.28382974
20507,2/19/2021,February,Friday,18:32,1,2,0,0,Rear-end,V1: Travelling straight ahead / V2: Slowing or stopped in traffic,V1: N  / V2: N,Snow,Dark - lighted roadway,Snow,0.04,0.5,31,25,TRUE,41.90682608,-71.35698152
20508,2/19/2021,February,Friday,18:34,1,2,0,0,Angle,V1: Slowing or stopped in traffic / V2: Travelling straight ahead,V1: E  / V2: S,Snow,Dark - lighted roadway,Snow,0.04,0.5,31,25,TRUE,41.91360772,-71.36150084
20509,2/20/2021,February,Saturday,1:13,1,1,0,0,Single vehicle crash,V1: Travelling straight ahead,V1: E,Ice,Dark - lighted roadway,Snow,0.31,3.7,33,26,TRUE,41.95026372,-71.2985466
20510,2/20/2021,February,Saturday,12:58,1,2,0,0,Angle,V1: Turning left / V2: Travelling straight ahead,V1: W  / V2: E,Wet,Daylight,Clear,0.31,3.7,33,26,TRUE,41.91996613,-71.35802211
20511,2/20/2021,February,Saturday,18:30,2,2,0,0,Front to Rear,V1: Slowing or stopped in traffic / V2: Travelling straight ahead,V1: S  / V2: S,Dry,Dark - lighted roadway,Clear,0.31,3.7,33,26,TRUE,41.91662474,-71.35873978
20512,2/21/2021,February,Sunday,15:27,1,2,0,0,Angle,V1: Entering traffic lane / V2: Travelling straight ahead,V1: N  / V2: E,Dry,Daylight,Clear,0,0,34,19,TRUE,41.92617468,-71.3216435
20513,2/21/2021,February,Sunday,17:56,0,1,0,0,Single vehicle crash,V1: Travelling straight ahead,V1: N,Dry,Dusk,Clear,0,0,34,19,TRUE,41.90231844,-71.35595143
20514,2/22/2021,February,Monday,12:23,1,2,0,0,Angle,V1: Turning left / V2: Travelling straight ahead,V1: E  / V2: N,Dry,Daylight,Cloudy,0,0,33,12,TRUE,41.91619723,-71.35885587
20515,2/22/2021,February,Monday,12:30,1,1,0,0,Single vehicle crash,V1: Travelling straight ahead,V1: W,Wet,Dark - lighted roadway,Rain,0,0,33,12,TRUE,41.93288532,-71.28859338
20516,2/22/2021,February,Monday,14:08,1,3,0,0,Angle,V1: Turning left / V2: Travelling straight ahead / V3: Slowing or stopped in traffic,V1: N  / V2: S  / V3: S,Wet,Daylight,Rain,0,0,33,12,TRUE,41.92820851,-71.35429295
20517,2/23/2021,February,Tuesday,13:24,1,1,0,0,Single vehicle crash,V1: Slowing or stopped in traffic,V1: S,Dry,Daylight,Cloudy,0.34,0,42,21,TRUE,41.95454634,-71.25223312
20518,2/23/2021,February,Tuesday,13:39,1,2,0,0,Front to Rear,V1: Travelling straight ahead / V2: Slowing or stopped in traffic,V1: S  / V2: S,Dry,Daylight,Clear,0.34,0,42,21,TRUE,41.94472175,-71.2812504
20519,2/23/2021,February,Tuesday,16:51,1,2,0,0,Front to Rear,V1: Travelling straight ahead / V2: Travelling straight ahead,V1: N  / V2: N,Dry,Daylight,Clear,0.34,0,42,21,TRUE,41.9693978,-71.29147118
20520,2/23/2021,February,Tuesday,17:44,1,2,0,0,Rear to Side,V1: Backing / V2: Parked,V1: E  / V2: U,Dry,Dark - lighted roadway,Clear,0.34,0,42,21,TRUE,41.94781055,-71.29077366
20521,2/23/2021,February,Tuesday,19:19,1,1,0,0,Single vehicle crash,V1: Backing,V1: E,Dry,Dark - lighted roadway,Clear,0.34,0,42,21,TRUE,34.24438675,-73.6513909
20522,2/23/2021,February,Tuesday,21:02,1,1,0,0,Single vehicle crash,V1: Turning right,V1: S,Wet,Dark - lighted roadway,Clear,0.34,0,42,21,TRUE,41.92675877,-71.25110635
20523,2/23/2021,February,Tuesday,21:58,2,2,0,0,Front to Rear,V1: Slowing or stopped in traffic / V2: Slowing or stopped in traffic,V1: S  / V2: S,Wet,Dark - lighted roadway,Clear,0.34,0,42,21,TRUE,41.94450501,-71.28411703
20524,2/24/2021,February,Wednesday,18:08,1,2,0,0,Rear-end,V1: Travelling straight ahead / V2: Slowing or stopped in traffic,V1: E  / V2: E,Dry,Dark - lighted roadway,Clear,0,0,45,29,TRUE,41.94955733,-71.27636671
20525,2/25/2021,February,Thursday,14:41,1,1,0,0,"Sideswipe, same direction",V1: Turning right,V1: N,Dry,Daylight,Clear,0,0,51,31,TRUE,41.89914384,-71.35520746
20526,2/26/2021,February,Friday,8:14,1,2,0,0,Rear-end,V1: Entering traffic lane / V2: Slowing or stopped in traffic,V1: S  / V2: S,Dry,Daylight,Clear,0,0,45,24,TRUE,41.90261305,-71.35590872
20527,2/27/2021,February,Saturday,11:15,1,4,0,0,Rear-end,V1: 0 / V2: Travelling straight ahead / V3: Travelling straight ahead / V4: Travelling straight ahead,V1: 0 / V2: N  / V3: N  / V4: N,Wet,Daylight,Rain,0,0,42,26,TRUE,41.90231844,-71.35595143
20528,2/27/2021,February,Saturday,20:21,1,1,0,0,Single vehicle crash,V1: Leaving traffic lane,V1: S,Dry,Dark - roadway not lighted,Clear,0,0,42,26,TRUE,34.24438675,-73.6513909
20529,2/27/2021,February,Saturday,21:10,1,2,0,0,Angle,V1: Slowing or stopped in traffic / V2: Turning right,V1: E  / V2: S,Dry,Dark - lighted roadway,Clear,0,0,42,26,TRUE,41.91619723,-71.35885587
20530,2/27/2021,February,Saturday,22:08,1,1,0,0,Single vehicle crash,V1: Leaving traffic lane,V1: N,Dry,Dark - roadway not lighted,Clear,0,0,42,26,TRUE,41.96941345,-71.29547608
20531,2/28/2021,February,Sunday,14:56,1,1,0,0,Single vehicle crash,V1: Travelling straight ahead,V1: E,Dry,Daylight,Cloudy,0.44,0,49,30,TRUE,41.90529604,-71.33573163
20532,2/28/2021,February,Sunday,19:40,1,1,0,0,"Sideswipe, same direction",V1: Travelling straight ahead,V1: N,Dry,Dark - lighted roadway,Clear,0.44,0,49,30,TRUE,41.89957255,-71.3551788
20533,3/1/2021,March,Monday,1:38,1,1,0,0,Single vehicle crash,V1: Leaving traffic lane,V1: W,Wet,Dark - lighted roadway,Rain,0.23,0,44,30,TRUE,41.96305817,-71.30018574
20534,3/1/2021,March,Monday,8:19,2,2,0,0,Angle,V1: Overtaking/passing / V2: Turning left,V1: W  / V2: S,Wet,Daylight,Rain,0.23,0,44,30,TRUE,41.95451461,-71.24992613
20535,3/1/2021,March,Monday,9:47,1,2,0,0,Angle,V2: Turning right / V1: Turning right,V2: N  / V1: N,Dry,Daylight,Cloudy,0.23,0,44,30,TRUE,41.89957255,-71.3551788
20536,3/2/2021,March,Tuesday,7:54,2,2,0,0,Angle,V1: Turning left / V2: Travelling straight ahead,V1: W  / V2: N,Dry,Daylight,Clear,0,0,47,14,TRUE,41.92241545,-71.31336866
20537,3/2/2021,March,Tuesday,15:40,1,2,0,0,Angle,V1: Turning right / V2: Turning right,V1: S  / V2: W,Dry,Daylight,Clear,0,0,47,14,TRUE,41.93806227,-71.29125944
20538,3/2/2021,March,Tuesday,19:18,1,1,0,0,Single vehicle crash,V1: Travelling straight ahead,V1: W,Wet,Dark - lighted roadway,Clear,0,0,47,14,TRUE,41.92779522,-71.35458133
20539,3/3/2021,March,Wednesday,9:24,1,2,0,0,Angle,V1: Turning left / V2: Travelling straight ahead,V1: S  / V2: N,Dry,Daylight,Cloudy,0,0,29,14,TRUE,41.89957255,-71.3551788
20540,3/3/2021,March,Wednesday,14:49,1,2,0,0,Angle,V1: Travelling straight ahead / V2: Travelling straight ahead,V1: S  / V2: W,Dry,Daylight,Clear,0,0,29,14,TRUE,41.94774809,-71.28390704
20541,3/3/2021,March,Wednesday,15:11,1,2,0,0,Rear to Side,V1: Turning right / V2: Backing,V1: S  / V2: E,Dry,Daylight,Clear,0,0,29,14,TRUE,41.950452,-71.2746294
20542,3/3/2021,March,Wednesday,21:07,0,1,0,0,Single vehicle crash,V1: 0,V1: W,Dry,Dark - lighted roadway,Clear,0,0,29,14,TRUE,41.907198,-71.3739908
20543,3/4/2021,March,Thursday,7:54,1,3,0,0,Rear-end,V1: Travelling straight ahead / V2: Slowing or stopped in traffic / V3: Slowing or stopped in traffic,V1: N  / V2: N  / V3: N,Dry,Daylight,Clear,0,0,46,27,TRUE,41.94548184,-71.28559201
20544,3/4/2021,March,Thursday,16:14,1,2,0,0,"Sideswipe, same direction",V1: Entering traffic lane / V2: Travelling straight ahead,V1: E  / V2: E,Dry,Daylight,Clear,0,0,46,27,TRUE,41.95180056,-71.2715031
20545,3/5/2021,March,Friday,4:46,2,1,0,0,Single vehicle crash,V1: Travelling straight ahead,V1: S,Dry,Dark - lighted roadway,Cloudy,0,0,42,22,TRUE,41.90993001,-71.34023332
20546,3/5/2021,March,Friday,13:05,1,2,0,0,Angle,V1: Travelling straight ahead / V2: Travelling straight ahead,V1: N  / V2: E,Dry,Daylight,Clear,0,0,42,22,TRUE,41.92106953,-71.35806074
20547,3/6/2021,March,Saturday,7:45,1,2,0,0,Rear-end,V1: Travelling straight ahead / V2: Slowing or stopped in traffic,V1: S  / V2: S,Dry,Daylight,Clear,0,0,33,19,TRUE,41.90433577,-71.35012688
20548,3/6/2021,March,Saturday,9:18,1,1,0,0,Single vehicle crash,V1: Travelling straight ahead,V1: S,Dry,Daylight,Clear,0,0,33,19,TRUE,41.91134146,-71.23639162
20549,3/8/2021,March,Monday,10:48,1,2,0,0,"Sideswipe, same direction",V1: Changing lanes / V2: Travelling straight ahead,V1: N  / V2: N,Dry,Daylight,Clear,0,0,35,17,TRUE,41.89835459,-71.36941126
20550,3/9/2021,March,Tuesday,9:44,1,2,0,0,Rear-to-rear,V1: Backing / V2: Parked,V1: E  / V2: S,Dry,Daylight,Clear,0,0,38,22,TRUE,41.93583831,-71.27074044
20551,3/9/2021,March,Tuesday,14:40,1,1,0,0,Single vehicle crash,V1: Travelling straight ahead,V1: E,Dry,Daylight,Clear,0,0,38,22,TRUE,41.91900418,-71.24643979
20552,3/9/2021,March,Tuesday,16:43,1,2,0,0,"Sideswipe, opposite direction",V1: Travelling straight ahead / V2: Travelling straight ahead,V1: N  / V2: S,Dry,Daylight,Clear,0,0,38,22,TRUE,41.94990799,-71.27157339
20553,3/9/2021,March,Tuesday,20:01,2,3,0,0,Single vehicle crash,V1: Travelling straight ahead / V2: Parked / V3: Parked,V1: 0 / V2: U  / V3: U,Dry,Dark - 0 roadway lighting,Clear,0,0,38,22,TRUE,41.93231653,-71.27536507
20554,3/10/2021,March,Wednesday,13:11,2,2,0,0,Angle,V1: Turning left / V2: Travelling straight ahead,V1: N  / V2: W,Dry,Daylight,Clear,0,0,59,24,TRUE,41.9110765,-71.36278231
20555,3/10/2021,March,Wednesday,13:58,1,1,0,0,Single vehicle crash,V1: Travelling straight ahead,V1: E,Dry,Daylight,Clear,0,0,59,24,TRUE,41.92769578,-71.34118322
20556,3/10/2021,March,Wednesday,14:45,1,2,0,0,Front to Rear,V1: Travelling straight ahead / V2: Slowing or stopped in traffic,V1: S  / V2: S,Dry,Daylight,Clear,0,0,59,24,TRUE,41.93175804,-71.28510749
20557,3/10/2021,March,Wednesday,18:51,1,1,0,0,Single vehicle crash,V1: Turning right,V1: W,Dry,Dark - lighted roadway,Clear,0,0,59,24,TRUE,41.94806461,-71.27829804
20558,3/10/2021,March,Wednesday,23:31,1,1,0,0,Single vehicle crash,V1: Travelling straight ahead,V1: S,Dry,Dark - roadway not lighted,Clear,0,0,59,24,TRUE,41.95547759,-71.30411407
20559,3/11/2021,March,Thursday,14:52,1,2,0,0,"Sideswipe, same direction",V1: Parked / V2: Travelling straight ahead,V1: W  / V2: W,Dry,Daylight,Clear,0,0,53,29,TRUE,41.93418328,-71.28388448
20560,3/11/2021,March,Thursday,16:48,2,2,0,0,"Sideswipe, same direction",V1: Travelling straight ahead / V2: Travelling straight ahead,V1: S  / V2: S,Dry,Daylight,Clear,0,0,53,29,TRUE,41.90261276,-71.35590972
20561,3/12/2021,March,Friday,8:29,1,3,0,0,Angle,V1: Travelling straight ahead / V2: Travelling straight ahead / V3: Travelling straight ahead,V1: N  / V2: N  / V3: N,Dry,Daylight,Clear,0,0,69,34,FALSE,41.90231844,-71.35595143
20562,3/12/2021,March,Friday,15:34,1,2,0,0,Rear-end,V1: Travelling straight ahead / V2: Slowing or stopped in traffic,V1: S  / V2: S,Dry,Daylight,Clear,0,0,69,34,FALSE,34.24438675,-73.6513909
20563,3/12/2021,March,Friday,15:43,1,3,0,0,Front to Rear,V1: Travelling straight ahead / V2: Slowing or stopped in traffic / V3: Slowing or stopped in traffic,V1: W  / V2: W  / V3: W,Dry,Daylight,Clear,0,0,69,34,FALSE,41.94962017,-71.27627019
20564,3/13/2021,March,Saturday,2:35,2,1,0,0,Single vehicle crash,V1: Travelling straight ahead,V1: N,Dry,Dark - lighted roadway,Clear,0,0,64,30,TRUE,34.24438675,-73.6513909
20565,3/13/2021,March,Saturday,8:32,1,2,0,0,Angle,V1: Slowing or stopped in traffic / V2: Turning right,V1: W  / V2: W,Dry,Daylight,Clear,0,0,64,30,TRUE,41.94274017,-71.28432859
20566,3/13/2021,March,Saturday,11:18,1,2,0,0,Front to Rear,V1: Travelling straight ahead / V2: Slowing or stopped in traffic,V1: E  / V2: E,Dry,Daylight,Clear,0,0,64,30,TRUE,41.93407114,-71.31626473
20567,3/13/2021,March,Saturday,12:24,1,2,0,0,"Sideswipe, same direction",V1: Travelling straight ahead / V2: Travelling straight ahead,V1: N  / V2: N,Dry,Daylight,Clear,0,0,64,30,TRUE,41.8974429,-71.35474008
20568,3/13/2021,March,Saturday,15:02,1,2,0,0,Angle,V1: Travelling straight ahead / V2: Travelling straight ahead,V1: N  / V2: N,Dry,Daylight,Clear,0,0,64,30,TRUE,41.93379231,-71.30020732
20569,3/13/2021,March,Saturday,20:31,1,1,0,0,Single vehicle crash,V1: Travelling straight ahead,V1: W,Dry,Dark - lighted roadway,Clear,0,0,64,30,TRUE,41.92966076,-71.28333903
20570,3/14/2021,March,Sunday,11:12,2,3,0,0,Rear-end,V1: Travelling straight ahead / V2: Slowing or stopped in traffic / V3: Parked,V1: N  / V2: N  / V3: W,Dry,Daylight,Cloudy,0,0,47,28,TRUE,41.91657134,-71.35875647
20571,3/15/2021,March,Monday,7:49,2,2,0,0,Angle,V1: Turning right / V2: Travelling straight ahead,V1: S  / V2: W,Dry,Daylight,Clear,0,0,47,16,TRUE,41.9340587,-71.3157935
20572,3/15/2021,March,Monday,10:59,1,2,0,0,Rear-end,V1: Entering traffic lane / V2: Entering traffic lane,V1: N  / V2: N,Dry,Daylight,Clear,0,0,47,16,TRUE,41.90235067,-71.35584227
20573,3/15/2021,March,Monday,18:11,1,1,0,0,Single vehicle crash,V1: Travelling straight ahead,V1: S,Dry,Daylight,Clear,0,0,47,16,TRUE,41.90921168,-71.29477884
20574,3/15/2021,March,Monday,18:14,1,1,0,0,Single vehicle crash,V1: Travelling straight ahead,V1: N,Dry,Dusk,Clear,0,0,47,16,TRUE,41.93268269,-71.29622047
20575,3/17/2021,March,Wednesday,11:34,1,2,0,0,Angle,V1: Travelling straight ahead / V2: Travelling straight ahead,V1: W  / V2: N,Dry,Daylight,Clear,0,0,38,14,TRUE,41.9404815,-71.28139686
20576,3/17/2021,March,Wednesday,14:49,2,2,0,0,Angle,V1: Turning left / V2: Travelling straight ahead,V1: E  / V2: S,Dry,Daylight,Clear,0,0,38,14,TRUE,41.91619723,-71.35885587
20577,3/17/2021,March,Wednesday,16:08,1,2,0,0,Front to Rear,V1: Travelling straight ahead / V2: Entering traffic lane,V1: N  / V2: N,Dry,Daylight,Clear,0,0,38,14,TRUE,41.95358311,-71.26631062
20578,3/17/2021,March,Wednesday,17:07,1,2,0,0,Rear-end,V1: Travelling straight ahead / V2: Slowing or stopped in traffic,V1: N  / V2: N,Dry,Daylight,Cloudy,0,0,38,14,TRUE,41.91548961,-71.35898328
20579,3/17/2021,March,Wednesday,20:51,1,1,0,0,Angle,V1: Travelling straight ahead,V1: E,Dry,Dark - lighted roadway,Clear,0,0,38,14,TRUE,41.91266065,-71.30982409
20580,3/17/2021,March,Wednesday,21:58,1,1,0,0,Head-on,V1: Travelling straight ahead,V1: E,Dry,Dark - lighted roadway,Clear,0,0,38,14,TRUE,41.93511307,-71.27610462
20581,3/17/2021,March,Wednesday,21:58,1,2,0,0,Head-on,V1: Travelling straight ahead / V2: Travelling straight ahead,V1: E  / V2: W,Dry,Dark - lighted roadway,Clear,0,0,38,14,TRUE,41.93511307,-71.27610462
20582,3/18/2021,March,Thursday,7:48,1,4,0,0,Rear-end,V1: Slowing or stopped in traffic / V2: Slowing or stopped in traffic / V3: Slowing or stopped in traffic / V4: Travelling straight ahead,V1: N  / V2: N  / V3: N  / V4: N,Dry,Daylight,Clear,0,0,49,27,TRUE,41.95478961,-71.30804768
20583,3/18/2021,March,Thursday,8:53,2,2,0,0,Angle,V1: Leaving traffic lane / V2: Travelling straight ahead,V1: E  / V2: E,Dry,Daylight,Clear,0,0,49,27,TRUE,41.94319471,-71.27792893
20584,3/18/2021,March,Thursday,10:34,1,2,0,0,Front to Rear,V1: Entering traffic lane / V2: Parked,V1: W  / V2: W,Dry,Daylight,Cloudy,0,0,49,27,TRUE,41.94460188,-71.28388871
20585,3/18/2021,March,Thursday,14:04,1,3,0,0,Front to Rear,V1: Travelling straight ahead / V2: Slowing or stopped in traffic / V3: Slowing or stopped in traffic,V1: S  / V2: S  / V3: S,Wet,Daylight,Rain,0,0,49,27,TRUE,41.91951323,-71.35981585
20586,3/18/2021,March,Thursday,15:16,1,2,0,0,Head-on,V1: Turning left / V2: Travelling straight ahead,V1: W  / V2: N,Wet,Daylight,Rain,0,0,49,27,TRUE,41.93899089,-71.25374678
20587,3/18/2021,March,Thursday,15:40,1,2,0,0,Angle,V1: Travelling straight ahead / V2: Turning left,V1: S  / V2: N,Wet,Dusk,Rain,0,0,49,27,TRUE,41.94928318,-71.28964082
20588,3/18/2021,March,Thursday,16:17,1,1,0,0,Single vehicle crash,V1: Travelling straight ahead,V1: S,Wet,Daylight,Cloudy/Rain,0,0,49,27,TRUE,41.91205024,-71.340614
20589,3/19/2021,March,Friday,13:28,1,2,0,0,"Sideswipe, same direction",V1: Backing / V2: Slowing or stopped in traffic,V1: W  / V2: W,Dry,Daylight,Clear,0.85,0,50,31,TRUE,41.92226839,-71.25738705
20590,3/19/2021,March,Friday,16:43,1,2,0,0,Front to Rear,V1: Travelling straight ahead / V2: Slowing or stopped in traffic,V1: E  / V2: E,Dry,Daylight,Clear,0.85,0,50,31,TRUE,41.95358311,-71.26631062
20591,3/20/2021,March,Saturday,1:40,1,2,0,0,Rear-end,V1: Travelling straight ahead / V2: Travelling straight ahead,V1: N  / V2: N,Dry,Dark - roadway not lighted,Clear,0,0,40,20,TRUE,41.92886018,-71.3230987
20592,3/21/2021,March,Sunday,11:22,2,2,0,0,Angle,V1: Turning left / V2: Travelling straight ahead,V1: E  / V2: N,Dry,Daylight,Clear,0,0,57,20,TRUE,41.90538488,-71.36569048
20593,3/21/2021,March,Sunday,18:56,1,3,0,0,Angle,V1: Turning right / V2: Slowing or stopped in traffic / V3: Slowing or stopped in traffic,V1: N  / V2: S  / V3: S,Dry,Dusk,Clear,0,0,57,20,TRUE,41.92446027,-71.28906706
20594,3/21/2021,March,Sunday,19:45,1,1,0,0,Single vehicle crash,V1: Travelling straight ahead,V1: S,Dry,Dark - roadway not lighted,Cloudy,0,0,57,20,TRUE,34.24438675,-73.6513909
20595,3/22/2021,March,Monday,7:06,1,2,0,0,"Sideswipe, same direction",V1: Changing lanes / V2: Travelling straight ahead,V1: S  / V2: S,Dry,Daylight,Clear,0,0,64,25,TRUE,41.89903243,-71.355186
20596,3/22/2021,March,Monday,7:56,2,2,0,0,Rear-end,V1: Travelling straight ahead / V2: Slowing or stopped in traffic,V1: S  / V2: S,Dry,Daylight,Clear,0,0,64,25,TRUE,41.96712418,-71.29097941
20597,3/22/2021,March,Monday,10:40,2,2,0,0,Rear-end,V1: Travelling straight ahead / V2: Travelling straight ahead,V1: N  / V2: N,Dry,Daylight,Clear,0,0,64,25,TRUE,34.24438675,-73.6513909
20598,3/22/2021,March,Monday,11:19,1,2,0,0,Rear-to-rear,V2: Travelling straight ahead / V1: Backing,V2: N  / V1: N,Dry,Daylight,Clear,0,0,64,25,TRUE,41.93426971,-71.29961081
20599,3/22/2021,March,Monday,12:21,1,1,0,0,Single vehicle crash,V1: Travelling straight ahead,V1: N,Dry,Daylight,Clear,0,0,64,25,TRUE,41.93613629,-71.31573824
20600,3/22/2021,March,Monday,16:47,0,1,0,0,Single vehicle crash,V1: Travelling straight ahead,V1: E,Dry,Daylight,Clear,0,0,64,25,TRUE,41.95412308,-71.26363776
20601,3/22/2021,March,Monday,16:56,1,2,0,0,Front to Rear,V1: Travelling straight ahead / V2: Travelling straight ahead,V1: S  / V2: S,Dry,Daylight,Clear,0,0,64,25,TRUE,41.93613629,-71.31573824
20602,3/22/2021,March,Monday,16:56,1,2,0,0,Front to Rear,V1: Travelling straight ahead / V2: Travelling straight ahead,V1: E  / V2: E,Dry,Daylight,Clear,0,0,64,25,TRUE,41.93827818,-71.29282598
20603,3/22/2021,March,Monday,21:14,1,1,0,0,"Sideswipe, same direction",V1: Turning left,V1: E,Dry,Dark - lighted roadway,Clear,0,0,64,25,TRUE,41.95484304,-71.28856385
20604,3/23/2021,March,Tuesday,16:53,1,2,0,0,Rear-end,V1: Travelling straight ahead / V2: Slowing or stopped in traffic,V1: S  / V2: S,Dry,Daylight,Clear,0,0,62,29,TRUE,41.97186181,-71.2910746
20605,3/23/2021,March,Tuesday,23:09,1,3,0,0,"Sideswipe, same direction",V1: Travelling straight ahead / V2: Travelling straight ahead / V3: Travelling straight ahead,V1: N  / V2: N  / V3: N,Dry,Dark - roadway not lighted,Clear,0,0,62,29,TRUE,34.24438675,-73.6513909
20606,3/24/2021,March,Wednesday,6:40,2,2,0,0,Rear-end,V1: Slowing or stopped in traffic / V2: Travelling straight ahead,V1: N  / V2: N,Dry,Dawn,Clear,0,0,67,33,FALSE,41.96941345,-71.29547608
20607,3/24/2021,March,Wednesday,13:26,1,2,0,0,Angle,V1: Turning left / V2: Travelling straight ahead,V1: S  / V2: N,Dry,Daylight,Clear,0,0,67,33,FALSE,41.91030485,-71.36317441
20608,3/24/2021,March,Wednesday,14:41,1,2,0,0,Angle,V1: Travelling straight ahead / V2: Turning left,V1: N  / V2: N,Dry,Daylight,Clear,0,0,67,33,FALSE,41.9024468,-71.31991904
20609,3/24/2021,March,Wednesday,16:05,1,1,0,0,Angle,V1: Parked,V1: N,Dry,0,Cloudy,0,0,67,33,FALSE,41.93397199,-71.31087082
20610,3/24/2021,March,Wednesday,16:29,2,1,0,0,Single vehicle crash,V1: Travelling straight ahead,V1: W,Dry,Daylight,Clear,0,0,67,33,FALSE,41.94879517,-71.2773508
20611,3/24/2021,March,Wednesday,16:46,1,2,0,0,Angle,V1: Travelling straight ahead / V2: Turning left,V1: W  / V2: N,Dry,Daylight,Cloudy,0,0,67,33,FALSE,41.93407538,-71.31638198
20612,3/25/2021,March,Thursday,8:25,2,2,0,0,Rear-end,V1: Travelling straight ahead / V2: Slowing or stopped in traffic,V1: S  / V2: S,Wet,Daylight,Cloudy,0.1,0,64,34,FALSE,41.91138357,-71.32740392
20613,3/25/2021,March,Thursday,11:18,2,2,0,0,Rear-end,V1: Making U-turn / V2: Travelling straight ahead,V1: S  / V2: S,Dry,Daylight,Clear,0.1,0,64,34,FALSE,41.89903243,-71.355186
20614,3/25/2021,March,Thursday,12:14,1,1,0,0,Single vehicle crash,V1: Backing,V1: N,Dry,Daylight,Cloudy,0.1,0,64,34,FALSE,41.93379231,-71.30020732
20615,3/25/2021,March,Thursday,15:21,1,3,0,0,Front to Rear,V1: Travelling straight ahead / V2: Slowing or stopped in traffic / V3: Slowing or stopped in traffic,V1: W  / V2: W  / V3: W,Dry,Daylight,Clear,0.1,0,64,34,FALSE,41.93403731,-71.30601704
20616,3/26/2021,March,Friday,14:54,1,2,0,0,Front to Rear,V1: Travelling straight ahead / V2: Slowing or stopped in traffic,V1: S  / V2: S,Wet,Daylight,Cloudy,0.08,0,67,50,FALSE,41.93107562,-71.35297276