ID,DATE,Month,Day of week,Crash Time,Crash Severity,Number of Vehicles,Total Nonfatal Injuries,Total Fatal Injuries,Manner of Collision,Vehicle Action Prior to Crash,Vehicle Travel Directions,Road Surface Condition,Ambient Light,Weather Condition,PRCP,SNOW,TMAX,TMIN,Ice,Longtitute,Latitute
20617,3/26/2021,March,Friday,15:25,1,1,0,0,Single vehicle crash,V1: Turning right,V1: S,Dry,Daylight,Clear,0.08,0,67,50,FALSE,41.94426894,-71.24848924
20618,3/26/2021,March,Friday,18:24,2,2,0,0,Angle,V1: Turning left / V2: Travelling straight ahead,V1: W  / V2: N,Dry,Daylight,Clear,0.08,0,67,50,FALSE,41.89733197,-71.36979234
20619,3/27/2021,March,Saturday,10:44,1,2,0,0,Angle,V1: Entering traffic lane / V2: Travelling straight ahead,V1: N  / V2: W,Dry,Daylight,Clear,0,0,62,44,FALSE,41.96939377,-71.29355357
20620,3/27/2021,March,Saturday,11:33,2,2,0,0,Front to Rear,V1: Travelling straight ahead / V2: Travelling straight ahead,V1: E  / V2: N,Dry,Daylight,Clear,0,0,62,44,FALSE,41.93808862,-71.27597788
20621,3/27/2021,March,Saturday,11:49,2,2,0,0,Rear-end,V1: Travelling straight ahead / V2: Slowing or stopped in traffic,V1: W  / V2: W,Dry,Daylight,Clear,0,0,62,44,FALSE,41.93659321,-71.29539949
20622,3/27/2021,March,Saturday,12:55,2,2,0,0,Rear-end,V1: Changing lanes / V2: Travelling straight ahead,V1: N  / V2: N,Dry,Daylight,Clear,0,0,62,44,FALSE,41.90262922,-71.35494421
20623,3/27/2021,March,Saturday,13:30,1,1,0,0,Single vehicle crash,V1: Turning right,V1: W,Dry,Daylight,Clear,0,0,62,44,FALSE,41.95234013,-71.29601132
20624,3/27/2021,March,Saturday,14:06,2,2,0,0,Front to Front,V1: Entering traffic lane / V2: Entering traffic lane,V1: E  / V2: W,Dry,Daylight,Clear,0,0,62,44,FALSE,41.9110765,-71.36278231
20625,3/27/2021,March,Saturday,17:44,1,2,0,0,"Sideswipe, opposite direction",V1: Travelling straight ahead / V2: Slowing or stopped in traffic,V1: N  / V2: S,Dry,Daylight,Clear,0,0,62,44,FALSE,41.91954079,-71.25775248
20626,3/27/2021,March,Saturday,20:13,2,1,0,0,Single vehicle crash,V1: Travelling straight ahead,V1: W,Dry,Dark - lighted roadway,Clear,0,0,62,44,FALSE,41.94764911,-71.28513
20627,3/28/2021,March,Sunday,5:05,1,1,0,0,Single vehicle crash,V1: Travelling straight ahead,V1: N,Wet,Dark - roadway not lighted,Cloudy,0,0,65,40,FALSE,41.91308886,-71.33566163
20628,3/28/2021,March,Sunday,17:20,1,2,0,0,Angle,V1: Entering traffic lane / V2: Travelling straight ahead,V1: W  / V2: S,Wet,Daylight,Cloudy/Rain,0,0,65,40,FALSE,41.91250643,-71.25862978
20629,3/29/2021,March,Monday,8:59,1,2,0,0,Rear-end,V1: Slowing or stopped in traffic / V2: Slowing or stopped in traffic,V1: S  / V2: S,Dry,Daylight,Clear,1,0,57,40,FALSE,41.95484304,-71.28856385
20630,3/29/2021,March,Monday,13:33,2,2,0,0,Angle,V1: Travelling straight ahead / V2: Travelling straight ahead,V1: S  / V2: E,Dry,Daylight,Clear,1,0,57,40,FALSE,41.94292045,-71.27681606
20631,3/29/2021,March,Monday,16:23,1,1,0,0,Rear-to-rear,V1: Parked,V1: S,Dry,Daylight,Clear,1,0,57,40,FALSE,41.89957255,-71.3551788
20632,3/29/2021,March,Monday,18:51,2,2,0,0,Front to Rear,V1: Making U-turn / V2: Travelling straight ahead,V1: W  / V2: W,Dry,Daylight,Clear,1,0,57,40,FALSE,41.93358571,-71.32352844
20633,3/30/2021,March,Tuesday,3:30,1,2,0,0,"Sideswipe, same direction",V1: Travelling straight ahead / V2: Travelling straight ahead,V1: N  / V2: N,Dry,Dark - roadway not lighted,Clear,0,0,50,27,TRUE,41.89646875,-71.37371212
20634,3/30/2021,March,Tuesday,10:21,1,2,0,0,Angle,V1: Travelling straight ahead / V2: Changing lanes,V1: N  / V2: N,Dry,Daylight,Clear,0,0,50,27,TRUE,34.24438675,-73.6513909
20635,3/31/2021,March,Wednesday,6:20,2,4,0,0,Rear-end,V1: Slowing or stopped in traffic / V2: Slowing or stopped in traffic / V3: Slowing or stopped in traffic / V4: Travelling straight ahead,V1: N  / V2: N  / V3: N  / V4: N,Dry,Daylight,Clear,0,0,56,27,TRUE,41.96941345,-71.29547608
20636,3/31/2021,March,Wednesday,12:49,2,2,0,0,Angle,V1: Travelling straight ahead / V2: Travelling straight ahead,V1: E  / V2: S,Dry,Daylight,Clear,0,0,56,27,TRUE,41.94121777,-71.2768631
20637,4/1/2021,April,Thursday,8:51,2,2,0,0,Rear-end,V1: Slowing or stopped in traffic / V2: Slowing or stopped in traffic,V1: S  / V2: S,Wet,Daylight,Rain,1.63,0,67,46,FALSE,41.9693978,-71.29147118
20638,4/1/2021,April,Thursday,10:08,1,3,0,0,Angle,V2: Parked / V3: Parked / V1: Travelling straight ahead,V2: W  / V3: W  / V1: S,Wet,Daylight,Rain,1.63,0,67,46,FALSE,41.91250643,-71.25862978
20639,4/1/2021,April,Thursday,10:37,1,2,0,0,Front to Rear,V1: Travelling straight ahead / V2: Turning left,V1: S  / V2: S,Dry,Daylight,Clear,1.63,0,67,46,FALSE,41.91546905,-71.305318
20640,4/1/2021,April,Thursday,10:50,1,1,0,0,Single vehicle crash,V1: Travelling straight ahead,V1: S,Wet,Daylight,Cloudy,1.63,0,67,46,FALSE,41.94632519,-71.28704489
20641,4/1/2021,April,Thursday,20:20,1,1,0,0,Angle,V1: Travelling straight ahead,V1: N,Dry,Dark - lighted roadway,Clear,1.63,0,67,46,FALSE,41.93515367,-71.26234527
20642,4/1/2021,April,Thursday,21:33,1,2,0,0,Rear-end,V1: Travelling straight ahead / V2: Slowing or stopped in traffic,V1: W  / V2: W,Dry,Dark - lighted roadway,Clear,1.63,0,67,46,FALSE,41.9224407,-71.35744057
20643,4/2/2021,April,Friday,2:25,1,1,0,0,Single vehicle crash,V1: Travelling straight ahead,V1: S,Dry,Dark - roadway not lighted,Clear,0.04,0,55,28,TRUE,41.95778272,-71.30320238
20644,4/2/2021,April,Friday,14:28,1,2,0,0,Angle,V1: Turning left / V2: Travelling straight ahead,V1: E  / V2: S,Dry,Daylight,Clear,0.04,0,55,28,TRUE,41.92368788,-71.35699214
20645,4/2/2021,April,Friday,15:46,1,2,0,0,Rear-end,V1: Travelling straight ahead / V2: Slowing or stopped in traffic,V1: W  / V2: W,Dry,Daylight,Clear,0.04,0,55,28,TRUE,41.93393836,-71.3077318
20646,4/2/2021,April,Friday,18:45,2,2,0,0,Rear-end,V1: Travelling straight ahead / V2: Travelling straight ahead,V1: S  / V2: S,Dry,Daylight,Clear,0.04,0,55,28,TRUE,41.90433577,-71.35012688
20647,4/3/2021,April,Saturday,20:42,1,2,0,0,Front to Rear,V1: Travelling straight ahead / V2: Travelling straight ahead,V1: W  / V2: W,Dry,Dark - lighted roadway,Clear,0,0,38,23,TRUE,41.92141393,-71.35534523
20648,4/4/2021,April,Sunday,17:25,1,1,0,0,Angle,V1: Travelling straight ahead,V1: E,Dry,Daylight,Clear,0,0,49,23,TRUE,41.91918351,-71.24450323
20649,4/5/2021,April,Monday,9:10,1,2,0,0,"Sideswipe, same direction",V1: Travelling straight ahead / V2: Travelling straight ahead,V1: E  / V2: E,Dry,Daylight,Cloudy,0,0,58,26,TRUE,41.94752947,-71.27896865
20650,4/5/2021,April,Monday,11:12,1,2,0,0,Rear to Side,V1: Making U-turn / V2: Backing,V1: N  / V2: N,Dry,Daylight,Clear,0,0,58,26,TRUE,41.92182373,-71.23910657
20651,4/6/2021,April,Tuesday,7:31,1,1,0,0,Head-on,V1: Travelling straight ahead,V1: E,Dry,Daylight,Clear,0,0,60,37,FALSE,41.9123716,-71.26785013
20652,4/6/2021,April,Tuesday,15:27,1,2,0,0,Front to Front,V1: Turning right / V2: Travelling straight ahead,V1: E  / V2: N,Dry,Daylight,Clear,0,0,60,37,FALSE,41.92351137,-71.25357756
20653,4/6/2021,April,Tuesday,17:37,1,2,0,0,Rear-end,V1: Travelling straight ahead / V2: Slowing or stopped in traffic,V1: N  / V2: N,Dry,Daylight,Clear,0,0,60,37,FALSE,41.94386765,-71.28500465
20654,4/7/2021,April,Wednesday,11:25,2,2,0,0,Single vehicle crash,V1: Travelling straight ahead / V2: Slowing or stopped in traffic,V1: E  / V2: E,Dry,Daylight,Clear,0,0,63,34,FALSE,41.94461786,-71.29001803
20655,4/7/2021,April,Wednesday,13:13,1,2,0,0,Angle,V1: Turning right / V2: Parked,V1: S  / V2: N,Dry,Daylight,Clear,0,0,63,34,FALSE,41.9227029,-71.35736851
20656,4/7/2021,April,Wednesday,13:31,1,2,0,0,Angle,V2: Travelling straight ahead / V1: Entering traffic lane,V2: W  / V1: S,Dry,Daylight,Clear,0,0,63,34,FALSE,41.95414123,-71.26285871
20657,4/8/2021,April,Thursday,14:24,1,2,0,0,Rear-end,V1: Travelling straight ahead / V2: Slowing or stopped in traffic,V1: W  / V2: W,Dry,Daylight,Clear,0,0,60,35,FALSE,41.91771418,-71.36753825
20658,4/8/2021,April,Thursday,20:49,2,1,0,0,Angle,V1: Travelling straight ahead,V1: E,Dry,Dark - lighted roadway,Clear,0,0,60,35,FALSE,41.94274243,-71.31131856
20659,4/9/2021,April,Friday,6:47,1,2,0,0,Angle,V1: Turning left / V2: Travelling straight ahead,V1: N  / V2: W,Dry,Daylight,Clear,0,0,63,36,FALSE,41.93524005,-71.27513601
20660,4/9/2021,April,Friday,7:35,2,2,0,0,Rear-end,V1: Slowing or stopped in traffic / V2: Travelling straight ahead,V1: N  / V2: N,Dry,Daylight,Clear,0,0,63,36,FALSE,41.92298549,-71.35714758
20661,4/9/2021,April,Friday,7:42,1,1,0,0,Single vehicle crash,V1: Travelling straight ahead,V1: E,Dry,Daylight,Clear,0,0,63,36,FALSE,41.94473234,-71.2823677
20662,4/9/2021,April,Friday,10:00,2,1,0,0,Single vehicle crash,V1: Travelling straight ahead,V1: N,Dry,Daylight,Clear,0,0,63,36,FALSE,41.95660506,-71.30301839
20663,4/9/2021,April,Friday,14:57,2,3,0,0,"Sideswipe, same direction",V1: Changing lanes / V2: Travelling straight ahead / V3: Travelling straight ahead,V1: W  / V2: W  / V3: W,Dry,Daylight,Clear,0,0,63,36,FALSE,41.9517073,-71.27169643
20664,4/9/2021,April,Friday,16:35,2,2,0,0,Angle,V1: Turning left / V2: Travelling straight ahead,V1: W  / V2: N,Dry,Daylight,Clear,0,0,63,36,FALSE,41.9515834,-71.29702782
20665,4/9/2021,April,Friday,17:23,1,2,0,0,Front to Rear,V1: Turning right / V2: Turning right,V1: S  / V2: S,Dry,Daylight,Clear,0,0,63,36,FALSE,41.94450501,-71.28411703
20666,4/9/2021,April,Friday,19:00,1,1,0,0,Front to Rear,V1: Travelling straight ahead,V1: N,Dry,Dusk,Clear,0,0,63,36,FALSE,41.90451641,-71.36613394
20667,4/10/2021,April,Saturday,1:30,0,1,0,0,Single vehicle crash,V1: Backing,V1: 0,Dry,Dark - lighted roadway,Clear,0,0,69,38,FALSE,34.24438675,-73.6513909
20668,4/10/2021,April,Saturday,16:39,1,1,0,0,Single vehicle crash,V1: Travelling straight ahead,V1: W,Dry,Daylight,Clear,0,0,69,38,FALSE,41.93860766,-71.26115887
20669,4/12/2021,April,Monday,9:11,1,2,0,0,Angle,V1: Changing lanes / V2: Travelling straight ahead,V1: N  / V2: N,Dry,Daylight,Clear,0,0,48,43,FALSE,41.89957255,-71.3551788
20670,4/12/2021,April,Monday,11:32,1,2,0,0,Angle,V1: Travelling straight ahead / V2: Turning right,V1: N  / V2: E,Dry,Daylight,Clear,0,0,48,43,FALSE,41.93386542,-71.30225536
20671,4/12/2021,April,Monday,13:13,1,2,0,0,Angle,V1: Turning left / V2: Travelling straight ahead,V1: E  / V2: S,Dry,Daylight,Cloudy,0,0,48,43,FALSE,41.9339911,-71.30301574
20672,4/12/2021,April,Monday,16:41,1,1,0,0,Single vehicle crash,V1: Backing,V1: W,Dry,Daylight,Clear,0,0,48,43,FALSE,41.9424294,-71.27348788
20673,4/13/2021,April,Tuesday,11:37,1,2,0,0,Front to Rear,V1: Travelling straight ahead / V2: Slowing or stopped in traffic,V1: E  / V2: E,Dry,Daylight,Cloudy,0,0,51,38,FALSE,41.92156107,-71.25861655
20674,4/13/2021,April,Tuesday,14:09,1,2,0,0,Angle,V1: Travelling straight ahead / V2: Turning left,V1: S  / V2: S,Dry,Daylight,Clear,0,0,51,38,FALSE,41.94313451,-71.27152156
20675,4/13/2021,April,Tuesday,14:56,1,2,0,0,Angle,V1: Travelling straight ahead / V2: Leaving traffic lane,V1: W  / V2: W,Dry,Daylight,Clear,0,0,51,38,FALSE,41.93358571,-71.32352844
20676,4/13/2021,April,Tuesday,17:02,2,2,0,0,Angle,V1: Turning left / V2: Travelling straight ahead,V1: W  / V2: E,Dry,Daylight,Clear,0,0,51,38,FALSE,41.93269195,-71.32821357
20677,4/13/2021,April,Tuesday,20:31,1,2,0,0,Rear-end,V1: Travelling straight ahead / V2: Slowing or stopped in traffic,V1: W  / V2: W,Dry,Dark - lighted roadway,Clear,0,0,51,38,FALSE,41.91905996,-71.36150836
20678,4/14/2021,April,Wednesday,1:24,2,2,0,0,Angle,V1: Travelling straight ahead / V2: Travelling straight ahead,V1: N  / V2: W,Dry,Dark - lighted roadway,Clear,0.02,0,58,42,FALSE,41.91035947,-71.36314658
20679,4/15/2021,April,Thursday,14:23,1,2,0,0,Front to Rear,V1: Travelling straight ahead / V2: Slowing or stopped in traffic,V1: W  / V2: W,Dry,Daylight,Rain,0,0,63,43,FALSE,41.93874704,-71.29215576
20680,4/15/2021,April,Thursday,17:24,1,1,0,0,Single vehicle crash,V1: Turning left,V1: S,Wet,Daylight,Rain,0,0,63,43,FALSE,41.92446027,-71.28906706
20681,4/16/2021,April,Friday,8:10,2,2,0,0,Angle,V1: Travelling straight ahead / V2: Travelling straight ahead,V1: S  / V2: S,Wet,Daylight,Rain,0.87,0,55,39,FALSE,41.90349391,-71.35289941
20682,4/16/2021,April,Friday,13:17,1,2,0,0,Angle,V1: Turning left / V2: Travelling straight ahead,V1: E  / V2: N,Wet,Daylight,Rain,0.87,0,55,39,FALSE,41.91027052,-71.36319191
20683,4/16/2021,April,Friday,16:49,2,1,0,0,Single vehicle crash,V1: Travelling straight ahead,V1: N,Wet,Daylight,Rain,0.87,0,55,39,FALSE,41.95471758,-71.30190417
20684,4/16/2021,April,Friday,22:35,2,1,0,0,Single vehicle crash,V1: Travelling straight ahead,V1: S,Wet,Dark - lighted roadway,Clear,0.87,0,55,39,FALSE,41.91981411,-71.35860614
20685,4/17/2021,April,Saturday,12:39,1,2,0,0,Rear-end,V1: Slowing or stopped in traffic / V2: Slowing or stopped in traffic,V1: N  / V2: N,Dry,Daylight,Clear,0.76,0,42,34,FALSE,41.90124362,-71.35539398
20686,4/17/2021,April,Saturday,17:46,1,2,0,0,Angle,V1: Travelling straight ahead / V2: Backing,V1: S  / V2: U,Dry,Dusk,Clear,0.76,0,42,34,FALSE,41.89914384,-71.35520746
20687,4/17/2021,April,Saturday,18:25,1,3,0,0,Rear-to-rear,V1: Backing / V2: Parked / V3: Parked,V1: E  / V2: 0 / V3: 0,Dry,Daylight,Cloudy,0.76,0,42,34,FALSE,41.94242274,-71.26898466
20688,4/17/2021,April,Saturday,20:41,1,1,0,0,Angle,V1: Travelling straight ahead,V1: S,Dry,Dark - lighted roadway,Cloudy,0.76,0,42,34,FALSE,41.90998013,-71.35802082
20689,4/18/2021,April,Sunday,11:59,1,2,0,0,Rear-end,V1: Travelling straight ahead / V2: Travelling straight ahead,V1: S  / V2: S,Dry,Daylight,Cloudy,0.05,0,47,37,FALSE,41.9092754,-71.35780912
20690,4/18/2021,April,Sunday,12:55,1,2,0,0,"Sideswipe, same direction",V1: Parked / V2: Travelling straight ahead,V1: 0 / V2: S,Dry,Daylight,Clear,0.05,0,47,37,FALSE,41.94450501,-71.28411703
20691,4/19/2021,April,Monday,1:00,2,2,0,0,Angle,V1: Travelling straight ahead / V2: Travelling straight ahead,V1: E  / V2: S,Dry,Dark - lighted roadway,Clear,0,0,60,40,FALSE,41.92141393,-71.35534523
20692,4/19/2021,April,Monday,6:24,1,2,0,0,Angle,V1: Turning left / V2: Travelling straight ahead,V1: E  / V2: W,Dry,Daylight,Clear,0,0,60,40,FALSE,41.89903243,-71.355186
20693,4/19/2021,April,Monday,11:46,1,2,0,0,Angle,V1: Travelling straight ahead / V2: Travelling straight ahead,V1: S  / V2: S,Dry,Daylight,Clear,0,0,60,40,FALSE,41.952086,-71.27095074
20694,4/19/2021,April,Monday,13:48,1,2,0,0,Angle,V1: Turning left / V2: Travelling straight ahead,V1: W  / V2: N,Dry,Daylight,Clear,0,0,60,40,FALSE,41.91446663,-71.36106546
20695,4/19/2021,April,Monday,14:24,1,1,0,0,Single vehicle crash,V1: Backing,V1: W,Dry,Daylight,Clear,0,0,60,40,FALSE,41.89903243,-71.355186
20696,4/20/2021,April,Tuesday,12:37,1,2,0,0,Angle,V1: Entering traffic lane / V2: Travelling straight ahead,V1: S  / V2: N,Dry,Daylight,Clear,0,0,67,36,FALSE,41.92890675,-71.35392632
20697,4/20/2021,April,Tuesday,16:39,2,2,0,0,Angle,V1: Entering traffic lane / V2: Travelling straight ahead,V1: W  / V2: N,Dry,Daylight,Clear,0,0,67,36,FALSE,41.9157184,-71.36042615
20698,4/21/2021,April,Wednesday,6:07,1,2,0,0,"Sideswipe, same direction",V1: Turning right / V2: Overtaking/passing,V1: N  / V2: N,Dry,Dawn,Clear,0,0,73,39,FALSE,41.94928318,-71.28964082
20699,4/21/2021,April,Wednesday,11:00,1,1,0,0,Rear-end,V1: Slowing or stopped in traffic,V1: W,Dry,Daylight,Clear,0,0,73,39,FALSE,41.94450501,-71.28411703
20700,4/21/2021,April,Wednesday,16:34,1,1,0,0,Single vehicle crash,V1: Travelling straight ahead,V1: N,Wet,Daylight,Cloudy,0,0,73,39,FALSE,41.92693599,-71.34521324
20701,4/21/2021,April,Wednesday,20:18,1,2,0,0,"Sideswipe, same direction",V1: Turning left / V2: Turning left,V1: S  / V2: S,Dry,Dark - lighted roadway,Clear,0,0,73,39,FALSE,41.92014284,-71.35719783
20702,4/22/2021,April,Thursday,20:27,1,2,0,0,Angle,V1: Changing lanes / V2: Travelling straight ahead,V1: S  / V2: S,Dry,Dark - lighted roadway,Clear,0.12,0,69,31,TRUE,41.89903243,-71.355186
20703,4/23/2021,April,Friday,20:34,1,2,0,0,Angle,V1: Turning left / V2: Travelling straight ahead,V1: N  / V2: W,Dry,Dark - lighted roadway,Clear,0,0,47,33,FALSE,41.96927257,-71.2955191
20704,4/24/2021,April,Saturday,17:48,1,2,0,0,Front to Rear,V1: Parked / V2: Backing,V1: U  / V2: W,Dry,Daylight,Clear,0,0,58,37,FALSE,41.89570473,-71.3716154
20705,4/25/2021,April,Sunday,0:43,0,1,0,0,0,V1: 0,V1: S,Dry,Dark - lighted roadway,Clear,0.01,0,72,41,FALSE,41.92045606,-71.29845401
20706,4/25/2021,April,Sunday,21:11,2,2,0,0,Rear-end,V1: Travelling straight ahead / V2: Slowing or stopped in traffic,V1: S  / V2: S,Dry,Dark - roadway not lighted,Clear,0.01,0,72,41,FALSE,41.94186664,-71.31350562
20707,4/26/2021,April,Monday,11:58,1,2,0,0,Rear-end,V1: Travelling straight ahead / V2: Travelling straight ahead,V1: W  / V2: W,Dry,Daylight,Clear,0.48,0,53,40,FALSE,41.92241545,-71.31336866
20708,4/26/2021,April,Monday,14:23,1,1,0,0,Single vehicle crash,V1: Turning left,V1: W,Dry,Daylight,Clear,0.48,0,53,40,FALSE,41.92106953,-71.35806074
20709,4/26/2021,April,Monday,14:59,1,2,0,0,Rear-end,V1: Travelling straight ahead / V2: Travelling straight ahead,V1: S  / V2: S,Dry,Daylight,Clear,0.48,0,53,40,FALSE,41.90363736,-71.35642059
20710,4/26/2021,April,Monday,15:46,1,2,0,0,Front to Rear,V1: Travelling straight ahead / V2: Slowing or stopped in traffic,V1: N  / V2: N,Dry,Daylight,Clear,0.48,0,53,40,FALSE,41.93874704,-71.29215576
20711,4/26/2021,April,Monday,16:39,1,2,0,0,Rear-end,V1: Travelling straight ahead / V2: Slowing or stopped in traffic,V1: W  / V2: W,Dry,Daylight,Clear,0.48,0,53,40,FALSE,41.92626385,-71.34598616
20712,4/26/2021,April,Monday,17:14,0,1,0,0,Single vehicle crash,V1: Travelling straight ahead,V1: S,Dry,Daylight,Clear,0.48,0,53,40,FALSE,41.93773108,-71.28090676
20713,4/27/2021,April,Tuesday,14:23,1,2,0,0,Rear-end,V1: Travelling straight ahead / V2: Slowing or stopped in traffic,V1: E  / V2: E,Dry,Daylight,Clear,0,0,56,36,FALSE,41.93394954,-71.30903287
20714,4/27/2021,April,Tuesday,18:02,1,2,0,0,Rear-end,V1: Travelling straight ahead / V2: Slowing or stopped in traffic,V1: N  / V2: N,Dry,Daylight,Clear,0,0,56,36,FALSE,41.93397754,-71.31905247
20715,4/27/2021,April,Tuesday,19:22,2,1,0,0,Single vehicle crash,V1: Changing lanes,V1: N,Dry,Dusk,Clear,0,0,56,36,FALSE,41.96761708,-71.29610226
20716,4/27/2021,April,Tuesday,21:52,2,3,0,0,Rear-end,V1: Changing lanes / V2: Travelling straight ahead / V3: Travelling straight ahead,V1: S  / V2: S  / V3: S,Dry,Dark - roadway not lighted,Cloudy,0,0,56,36,FALSE,41.90433577,-71.35012688
20717,4/28/2021,April,Wednesday,4:46,1,1,0,0,Angle,V1: Parked,V1: U,Wet,Dark - roadway not lighted,Rain,0.1,0,69,42,FALSE,41.93698287,-71.28241646
20718,4/28/2021,April,Wednesday,17:39,1,2,0,0,Head-on,V1: Entering traffic lane / V2: Entering traffic lane,V1: W  / V2: E,Dry,Daylight,Clear,0.1,0,69,42,FALSE,41.91648561,-71.36004244
20719,4/29/2021,April,Thursday,2:46,3,2,0,1,Rear-end,V1: Changing lanes / V2: Travelling straight ahead,V1: S  / V2: S,Dry,Dark - roadway not lighted,Clear,0.01,0,70,48,FALSE,41.94445737,-71.31175003
20720,4/29/2021,April,Thursday,19:50,1,1,0,0,Single vehicle crash,V1: Turning right,V1: E,Wet,Dark - roadway not lighted,Rain,0.01,0,70,48,FALSE,34.24438675,-73.6513909
20721,4/30/2021,April,Friday,16:22,1,2,0,0,Front to Rear,V1: Entering traffic lane / V2: Entering traffic lane,V1: E  / V2: E,Dry,Daylight,Clear,0.37,0,57,47,FALSE,41.93407114,-71.31626473
20722,4/30/2021,April,Friday,16:37,2,2,0,0,Front to Rear,V1: Travelling straight ahead / V2: Slowing or stopped in traffic,V1: W  / V2: W,Dry,Daylight,Clear,0.37,0,57,47,FALSE,41.94586372,-71.28073806
20723,4/30/2021,April,Friday,17:27,1,1,0,0,Single vehicle crash,V1: Travelling straight ahead,V1: W,Dry,Daylight,Clear,0.37,0,57,47,FALSE,41.9447096,-71.2822384
20724,4/30/2021,April,Friday,22:24,1,2,0,0,Rear-end,V1: Slowing or stopped in traffic / V2: Slowing or stopped in traffic,V1: W  / V2: W,Dry,Dark - lighted roadway,Cloudy,0.37,0,57,47,FALSE,41.90804202,-71.37220475
20725,5/1/2021,May,Saturday,21:45,1,2,0,0,Angle,V1: Overtaking/passing / V2: Turning left,V1: E  / V2: E,Dry,Dark - lighted roadway,Clear,0.12,0,65,40,FALSE,41.93614012,-71.28373974
20726,5/2/2021,May,Sunday,2:09,2,1,0,0,Single vehicle crash,V1: Travelling straight ahead,V1: E,Dry,Dark - lighted roadway,Cloudy,0.03,0,65,40,FALSE,41.9515834,-71.29702782
20727,5/2/2021,May,Sunday,13:11,1,1,0,0,Angle,V1: Travelling straight ahead,V1: S,Dry,Daylight,Clear,0.03,0,65,40,FALSE,41.92387717,-71.35158914
20728,5/2/2021,May,Sunday,14:47,2,2,0,0,Angle,V1: Travelling straight ahead / V2: Entering traffic lane,V1: N  / V2: W,Dry,Daylight,Cloudy,0.03,0,65,40,FALSE,41.89957255,-71.3551788
20729,5/2/2021,May,Sunday,20:50,1,1,0,0,Single vehicle crash,V1: Turning right,V1: E,Wet,Dark - roadway not lighted,Rain,0.03,0,65,40,FALSE,34.24438675,-73.6513909
20730,5/3/2021,May,Monday,10:59,1,2,0,0,"Sideswipe, same direction",V1: Turning left / V2: Turning left,V1: N  / V2: N,Dry,Daylight,Clear,0.07,0,77,51,FALSE,41.92508738,-71.35628348
20731,5/3/2021,May,Monday,14:52,2,2,0,0,Rear-end,V1: Travelling straight ahead / V2: Parked,V1: S  / V2: S,Dry,Daylight,Clear,0.07,0,77,51,FALSE,41.93584734,-71.30531308
20732,5/3/2021,May,Monday,15:09,1,2,0,0,Front to Rear,V1: Turning left / V2: Travelling straight ahead,V1: S  / V2: W,Dry,Daylight,Cloudy,0.07,0,77,51,FALSE,41.9348634,-71.29887284
20733,5/3/2021,May,Monday,15:58,1,2,0,0,"Sideswipe, opposite direction",V1: Backing / V2: Parked,V1: N  / V2: U,Dry,Daylight,Clear,0.07,0,77,51,FALSE,41.94016372,-71.30256221
20734,5/4/2021,May,Tuesday,13:19,1,3,0,0,"Sideswipe, same direction",V1: Leaving traffic lane / V2: Parked / V3: Parked,V1: N  / V2: N  / V3: N,Dry,Daylight,Clear,0.91,0,72,48,FALSE,41.95468577,-71.3089829
20735,5/5/2021,May,Wednesday,8:00,1,2,0,0,Front to Front,V1: Turning left / V2: Turning right,V1: S  / V2: S,Wet,Daylight,Cloudy/Rain,0.15,0,58,47,FALSE,41.93623387,-71.28481204
20736,5/5/2021,May,Wednesday,18:50,1,2,0,0,Rear-end,V1: Travelling straight ahead / V2: Slowing or stopped in traffic,V1: S  / V2: S,Dry,Dusk,Clear,0.15,0,58,47,FALSE,41.93408043,-71.3165191
20737,5/5/2021,May,Wednesday,19:38,1,2,0,0,Angle,V1: Turning right / V2: Slowing or stopped in traffic,V1: E  / V2: W,Wet,Dark - lighted roadway,Rain,0.15,0,58,47,FALSE,41.95484304,-71.28856385
20738,5/5/2021,May,Wednesday,21:37,0,2,0,0,"Sideswipe, same direction",V1: 0 / V2: Parked,V1: S  / V2: 0,Wet,Dark - lighted roadway,Cloudy/Rain,0.15,0,58,47,FALSE,41.95521579,-71.29645641
20739,5/6/2021,May,Thursday,1:06,2,1,0,0,Rear-end,V1: Slowing or stopped in traffic,V1: N,Dry,Dark - lighted roadway,Cloudy,0.17,0,51,47,FALSE,41.91981411,-71.35860614
20740,5/6/2021,May,Thursday,5:55,1,2,0,0,Rear-end,V1: Slowing or stopped in traffic / V2: Slowing or stopped in traffic,V1: N  / V2: N,Dry,Daylight,Clear,0.17,0,51,47,FALSE,41.89835459,-71.36941126
20741,5/6/2021,May,Thursday,7:17,2,1,0,0,Single vehicle crash,V1: Travelling straight ahead,V1: N,Wet,Daylight,Clear,0.17,0,51,47,FALSE,41.92410701,-71.32688826
20742,5/6/2021,May,Thursday,16:19,2,2,0,0,Rear-end,V1: Changing lanes / V2: Travelling straight ahead,V1: S  / V2: S,Dry,Daylight,Clear,0.17,0,51,47,FALSE,41.92457977,-71.32770936
20743,5/6/2021,May,Thursday,18:23,2,2,0,0,Angle,V1: Entering traffic lane / V2: Travelling straight ahead,V1: E  / V2: S,Dry,Daylight,Clear,0.17,0,51,47,FALSE,41.92644259,-71.35554103
20744,5/7/2021,May,Friday,6:20,1,1,0,0,Single vehicle crash,V1: Travelling straight ahead,V1: W,Dry,Daylight,Clear,0,0,64,39,FALSE,41.92665524,-71.34358637
20745,5/7/2021,May,Friday,7:11,1,2,0,0,Angle,V1: Travelling straight ahead / V2: Turning left,V1: S  / V2: E,Dry,Daylight,Clear,0,0,64,39,FALSE,41.91044592,-71.28309302