ID,DATE,Month,Day of week,Crash Time,Crash Severity,Number of Vehicles,Total Nonfatal Injuries,Total Fatal Injuries,Manner of Collision,Vehicle Action Prior to Crash,Vehicle Travel Directions,Road Surface Condition,Ambient Light,Weather Condition,PRCP,SNOW,TMAX,TMIN,Ice,Longtitute,Latitute
20746,5/7/2021,May,Friday,18:26,1,2,0,0,Front to Rear,V1: Entering traffic lane / V2: Travelling straight ahead,V1: S  / V2: S,Dry,Daylight,Clear,0,0,64,39,FALSE,41.89903243,-71.355186
20747,5/8/2021,May,Saturday,9:57,1,1,0,0,Single vehicle crash,V1: Travelling straight ahead,V1: S,Dry,Daylight,Clear,0,0,62,40,FALSE,41.95671449,-71.26927877
20748,5/8/2021,May,Saturday,14:10,1,2,0,0,Angle,V1: Turning right / V2: Travelling straight ahead,V1: W  / V2: W,Dry,Daylight,Clear,0,0,62,40,FALSE,41.89957255,-71.3551788
20749,5/8/2021,May,Saturday,16:26,1,1,0,0,Angle,V1: Backing,V1: W,Dry,Daylight,Cloudy,0,0,62,40,FALSE,41.91268317,-71.30969035
20750,5/8/2021,May,Saturday,20:37,1,2,0,0,Angle,V1: Turning left / V2: Travelling straight ahead,V1: S  / V2: N,Dry,Dark - lighted roadway,Clear,0,0,62,40,FALSE,41.91907801,-71.3589166
20751,5/9/2021,May,Sunday,13:39,2,2,0,0,Angle,V1: Entering traffic lane / V2: Travelling straight ahead,V1: N  / V2: E,Dry,Daylight,Clear,0,0,55,39,FALSE,41.95451461,-71.24992613
20752,5/9/2021,May,Sunday,19:30,1,2,0,0,Angle,V1: Entering traffic lane / V2: Travelling straight ahead,V1: S  / V2: W,Dry,Dusk,Clear,0,0,55,39,FALSE,41.95437985,-71.25499915
20753,5/10/2021,May,Monday,12:27,2,2,0,0,Rear-end,V1: Travelling straight ahead / V2: Slowing or stopped in traffic,V1: S  / V2: S,Dry,Daylight,Cloudy,0.59,0,67,44,FALSE,41.91723587,-71.37241025
20754,5/10/2021,May,Monday,13:52,1,2,0,0,Angle,V1: Travelling straight ahead / V2: Travelling straight ahead,V1: E  / V2: S,Dry,Daylight,Clear,0.59,0,67,44,FALSE,41.94201587,-71.2912461
20755,5/10/2021,May,Monday,15:25,2,2,0,0,Rear-end,V1: Slowing or stopped in traffic / V2: Leaving traffic lane,V1: S  / V2: S,Dry,Daylight,Clear,0.59,0,67,44,FALSE,34.24438675,-73.6513909
20756,5/10/2021,May,Monday,19:31,1,3,0,0,Rear-end,V1: Travelling straight ahead / V2: Travelling straight ahead / V3: Other,V1: E  / V2: E  / V3: E,Dry,Daylight,Clear,0.59,0,67,44,FALSE,41.93244203,-71.29506749
20757,5/11/2021,May,Tuesday,15:23,2,2,0,0,Angle,V1: Turning left / V2: Travelling straight ahead,V1: N  / V2: E,Dry,Daylight,Clear,0,0,60,45,FALSE,41.93391909,-71.32115817
20758,5/11/2021,May,Tuesday,16:54,1,2,0,0,Angle,V1: Entering traffic lane / V2: Travelling straight ahead,V1: N  / V2: W,Dry,Daylight,Clear,0,0,60,45,FALSE,41.89642653,-71.37125251
20759,5/11/2021,May,Tuesday,19:45,1,2,0,0,Rear-end,V1: Slowing or stopped in traffic / V2: Slowing or stopped in traffic,V1: S  / V2: S,Dry,Daylight,Clear,0,0,60,45,FALSE,41.90261305,-71.35590872
20760,5/13/2021,May,Thursday,8:07,2,1,0,0,Single vehicle crash,V1: Travelling straight ahead,V1: N,Dry,Daylight,Clear,0.05,0,66,37,FALSE,41.9093147,-71.3809265
20761,5/14/2021,May,Friday,16:06,1,2,0,0,Angle,V1: Entering traffic lane / V2: Turning left,V1: N  / V2: W,Dry,Daylight,Clear,0,0,69,39,FALSE,41.93415381,-71.3049493
20762,5/15/2021,May,Saturday,12:50,1,2,0,0,Angle,V1: Turning left / V2: Turning left,V1: S  / V2: W,Dry,Daylight,Cloudy,0,0,76,44,FALSE,41.92675289,-71.34334434
20763,5/15/2021,May,Saturday,13:11,1,2,0,0,Front to Rear,V1: Travelling straight ahead / V2: Slowing or stopped in traffic,V1: S  / V2: S,Dry,Daylight,Clear,0,0,76,44,FALSE,41.89914384,-71.35520746
20764,5/15/2021,May,Saturday,15:44,1,2,0,0,Front to Rear,V1: Entering traffic lane / V2: Slowing or stopped in traffic,V1: E  / V2: E,Dry,Daylight,Clear,0,0,76,44,FALSE,41.93397754,-71.31905247
20765,5/15/2021,May,Saturday,16:16,1,2,0,0,Rear-to-rear,V1: Backing / V2: Backing,V1: N  / V2: S,Dry,Daylight,Clear,0,0,76,44,FALSE,34.24438675,-73.6513909
20766,5/16/2021,May,Sunday,10:05,1,3,0,0,Rear-end,V1: Slowing or stopped in traffic / V2: Slowing or stopped in traffic / V3: Travelling straight ahead,V1: S  / V2: S  / V3: S,Dry,Daylight,Clear,0,0,77,46,FALSE,41.9472682,-71.28791222
20767,5/18/2021,May,Tuesday,6:03,1,2,0,0,Angle,V1: Travelling straight ahead / V2: Backing,V1: N  / V2: E,Dry,Daylight,Clear,0,0,76,46,FALSE,41.94556003,-71.28443666
20768,5/18/2021,May,Tuesday,7:05,2,2,0,0,Angle,V1: Turning right / V2: Travelling straight ahead,V1: W  / V2: N,Dry,Daylight,Clear,0,0,76,46,FALSE,41.93423426,-71.2849601
20769,5/18/2021,May,Tuesday,16:01,1,2,0,0,Front to Rear,V1: Travelling straight ahead / V2: Leaving traffic lane,V1: E  / V2: E,Dry,Daylight,Clear,0,0,76,46,FALSE,41.93397754,-71.31905247
20770,5/18/2021,May,Tuesday,16:38,2,3,0,0,Front to Rear,V1: Travelling straight ahead / V2: Slowing or stopped in traffic / V3: Slowing or stopped in traffic,V1: N  / V2: N  / V3: N,Dry,Daylight,Clear,0,0,76,46,FALSE,41.92779522,-71.35458133
20771,5/18/2021,May,Tuesday,16:51,1,2,0,0,"Sideswipe, opposite direction",V1: Turning right / V2: Parked,V1: E  / V2: W,Dry,Daylight,Clear,0,0,76,46,FALSE,41.92106953,-71.35806074
20772,5/18/2021,May,Tuesday,22:38,1,2,0,0,Rear-end,V1: Slowing or stopped in traffic / V2: Travelling straight ahead,V1: S  / V2: S,Dry,Dusk,Clear,0,0,76,46,FALSE,41.90433577,-71.35012688
20773,5/18/2021,May,Tuesday,23:03,1,1,0,0,Single vehicle crash,V1: Leaving traffic lane,V1: W,Dry,Dark - lighted roadway,Clear,0,0,76,46,FALSE,41.91014316,-71.35524239
20774,5/19/2021,May,Wednesday,11:19,1,3,0,0,Rear-end,V1: Travelling straight ahead / V2: Travelling straight ahead / V3: Travelling straight ahead,V1: E  / V2: E  / V3: E,Dry,Daylight,Cloudy,0,0,82,50,FALSE,41.93269195,-71.32821357
20775,5/19/2021,May,Wednesday,13:36,2,3,0,0,Rear-end,V1: Travelling straight ahead / V2: Slowing or stopped in traffic / V3: Slowing or stopped in traffic,V1: E  / V2: E  / V3: E,Dry,Daylight,Clear,0,0,82,50,FALSE,41.93732949,-71.29415609
20776,5/19/2021,May,Wednesday,16:44,2,2,0,0,Angle,V1: Turning left / V2: Travelling straight ahead,V1: S  / V2: W,Dry,Daylight,Clear,0,0,82,50,FALSE,41.9348634,-71.29887284
20777,5/20/2021,May,Thursday,22:31,1,1,0,0,Single vehicle crash,V1: Travelling straight ahead,V1: N,Dry,Dark - lighted roadway,Clear,0,0,77,47,FALSE,41.92643633,-71.32187762
20778,5/21/2021,May,Friday,6:55,1,2,0,0,Angle,V1: Travelling straight ahead / V2: Turning left,V1: E  / V2: N,Dry,Daylight,Clear,0,0,77,48,FALSE,41.93386542,-71.30225536
20779,5/21/2021,May,Friday,12:02,1,2,0,0,Angle,V1: Travelling straight ahead / V2: Travelling straight ahead,V1: S  / V2: W,Dry,Daylight,Clear,0,0,77,48,FALSE,41.92387717,-71.35158914
20780,5/21/2021,May,Friday,15:44,1,2,0,0,"Sideswipe, same direction",V1: Changing lanes / V2: Travelling straight ahead,V1: S  / V2: S,Dry,Daylight,Clear,0,0,77,48,FALSE,41.93107562,-71.35297276
20781,5/21/2021,May,Friday,16:06,1,2,0,0,Angle,V1: Parked / V2: Backing,V1: S  / V2: S,Dry,Daylight,Clear,0,0,77,48,FALSE,41.94288048,-71.26777189
20782,5/22/2021,May,Saturday,13:19,1,2,0,0,Rear-end,V1: Travelling straight ahead / V2: Slowing or stopped in traffic,V1: S  / V2: S,Dry,Daylight,Clear,0,0,75,51,FALSE,41.92900797,-71.28446457
20783,5/22/2021,May,Saturday,14:21,1,2,0,0,Angle,V1: Entering traffic lane / V2: Travelling straight ahead,V1: N  / V2: E,Dry,Daylight,Clear,0,0,75,51,FALSE,41.95451461,-71.24992613
20784,5/22/2021,May,Saturday,15:33,1,3,0,0,Front to Rear,V1: Travelling straight ahead / V2: Slowing or stopped in traffic / V3: Slowing or stopped in traffic,V1: E  / V2: E  / V3: E,Dry,Daylight,Clear,0,0,75,51,FALSE,41.93382723,-71.32158706
20785,5/22/2021,May,Saturday,16:15,1,2,0,0,Rear-end,V1: Travelling straight ahead / V2: Slowing or stopped in traffic,V1: S  / V2: S,Dry,Daylight,Clear,0,0,75,51,FALSE,41.90881459,-71.35766184
20786,5/22/2021,May,Saturday,17:47,2,2,0,0,Angle,V1: Turning left / V2: Travelling straight ahead,V1: N  / V2: S,Dry,Daylight,Clear,0,0,75,51,FALSE,41.90998013,-71.35802082
20787,5/22/2021,May,Saturday,18:31,1,2,0,0,Front to Rear,V1: Slowing or stopped in traffic / V2: Slowing or stopped in traffic,V1: E  / V2: E,Dry,Daylight,Cloudy,0,0,75,51,FALSE,41.95451461,-71.24992613
20788,5/23/2021,May,Sunday,15:20,1,2,0,0,Front to Rear,V1: Slowing or stopped in traffic / V2: Slowing or stopped in traffic,V1: E  / V2: E,Dry,Daylight,Clear,0,0,81,57,FALSE,41.89903243,-71.355186
20789,5/23/2021,May,Sunday,17:36,1,2,0,0,Front to Rear,V1: Turning left / V2: Travelling straight ahead,V1: W  / V2: N,Dry,Daylight,Cloudy/Rain,0,0,81,57,FALSE,41.91360772,-71.36150084
20790,5/23/2021,May,Sunday,17:40,1,2,0,0,Rear-end,V1: Travelling straight ahead / V2: Slowing or stopped in traffic,V1: S  / V2: S,Wet,Daylight,Cloudy/Rain,0,0,81,57,FALSE,41.93623387,-71.28481204
20791,5/24/2021,May,Monday,14:03,1,2,0,0,Angle,V1: Backing / V2: Parked,V1: W  / V2: S,Dry,Daylight,Clear,0,0,87,51,FALSE,41.91022222,-71.36561973
20792,5/24/2021,May,Monday,15:45,1,2,0,0,Front to Front,V1: Overtaking/passing / V2: Turning left,V1: E  / V2: S,Dry,Daylight,Clear,0,0,87,51,FALSE,41.93386542,-71.30225536
20793,5/24/2021,May,Monday,16:55,1,2,0,0,"Sideswipe, same direction",V1: Parked / V2: Travelling straight ahead,V1: N  / V2: N,Dry,Daylight,Clear,0,0,87,51,FALSE,41.92106953,-71.35806074
20794,5/25/2021,May,Tuesday,7:15,1,2,0,0,Rear-end,V1: Travelling straight ahead / V2: Slowing or stopped in traffic,V1: N  / V2: N,Dry,Daylight,Clear,0,0,70,47,FALSE,41.92410701,-71.32688826
20795,5/25/2021,May,Tuesday,13:32,2,2,0,0,Angle,V1: Turning left / V2: Travelling straight ahead,V1: N  / V2: S,Dry,Daylight,Clear,0,0,70,47,FALSE,41.93426971,-71.29961081
20796,5/25/2021,May,Tuesday,22:24,1,1,0,0,Angle,V1: Travelling straight ahead,V1: N,Dry,Dark - lighted roadway,Clear,0,0,70,47,FALSE,41.92693599,-71.34521324
20797,5/26/2021,May,Wednesday,8:16,1,2,0,0,Angle,V2: Slowing or stopped in traffic / V1: Turning left,V2: W  / V1: N,Dry,Daylight,Clear,0,0,71,55,FALSE,41.96721308,-71.25841461
20798,5/26/2021,May,Wednesday,12:55,1,2,0,0,Rear-end,V1: Entering traffic lane / V2: Slowing or stopped in traffic,V1: S  / V2: S,Dry,Daylight,Clear,0,0,71,55,FALSE,41.90261305,-71.35590872
20799,5/26/2021,May,Wednesday,15:06,2,3,0,0,Angle,V1: Changing lanes / V2: Slowing or stopped in traffic / V3: Slowing or stopped in traffic,V1: W  / V2: W  / V3: W,Dry,Daylight,Clear,0,0,71,55,FALSE,41.9694917,-71.29233924
20800,5/26/2021,May,Wednesday,15:42,1,2,0,0,Angle,V1: Travelling straight ahead / V2: Turning left,V1: E  / V2: W,Dry,Daylight,Clear,0,0,71,55,FALSE,41.92241545,-71.31336866
20801,5/26/2021,May,Wednesday,18:34,2,2,0,0,Angle,V1: Turning left / V2: Slowing or stopped in traffic,V1: E  / V2: W,Dry,Daylight,Clear,0,0,71,55,FALSE,41.90920377,-71.28694458
20802,5/26/2021,May,Wednesday,22:30,1,2,0,0,Rear-end,V1: Travelling straight ahead / V2: Travelling straight ahead,V1: N  / V2: N,Wet,Dark - roadway not lighted,Rain,0,0,71,55,FALSE,34.24438675,-73.6513909
20803,5/26/2021,May,Wednesday,22:40,1,2,0,0,"Sideswipe, same direction",V2: Changing lanes / V1: Travelling straight ahead,V2: 0 / V1: N,Dry,Dark - roadway not lighted,Cloudy,0,0,71,55,FALSE,41.96761708,-71.29610226
20804,5/27/2021,May,Thursday,5:58,1,2,0,0,Angle,V1: Turning left / V2: Travelling straight ahead,V1: E  / V2: E,Dry,Daylight,Cloudy,0.22,0,85,55,FALSE,41.93357119,-71.30035285
20805,5/27/2021,May,Thursday,7:46,1,2,0,0,Front to Front,V1: Travelling straight ahead / V2: Travelling straight ahead,V1: W  / V2: N,Dry,Daylight,Clear,0.22,0,85,55,FALSE,41.90804202,-71.37220475
20806,5/27/2021,May,Thursday,12:27,1,2,0,0,Front to Rear,V1: Slowing or stopped in traffic / V2: Turning right,V1: W  / V2: W,Dry,Daylight,Clear,0.22,0,85,55,FALSE,41.93732881,-71.28475709
20807,5/27/2021,May,Thursday,17:02,1,3,0,0,Rear-end,V1: Travelling straight ahead / V2: Slowing or stopped in traffic / V3: Slowing or stopped in traffic,V1: E  / V2: E  / V3: E,Dry,Daylight,Clear,0.22,0,85,55,FALSE,41.93628409,-71.28608551
20808,5/27/2021,May,Thursday,17:33,1,2,0,0,Angle,V1: Entering traffic lane / V2: Turning left,V1: W  / V2: S,Dry,Daylight,Clear,0.22,0,85,55,FALSE,41.91707062,-71.3597656
20809,5/28/2021,May,Friday,9:52,1,1,0,0,Single vehicle crash,V1: Slowing or stopped in traffic,V1: S,Dry,Daylight,Clear,0,0,80,53,FALSE,34.24438675,-73.6513909
20810,5/28/2021,May,Friday,10:10,1,1,0,0,Single vehicle crash,V1: Travelling straight ahead,V1: W,Dry,Daylight,Clear,0,0,80,53,FALSE,41.9425604,-71.28364015
20811,5/28/2021,May,Friday,18:57,2,2,0,0,Front to Rear,V1: Travelling straight ahead / V2: Slowing or stopped in traffic,V1: S  / V2: S,Wet,Dusk,Cloudy/Rain,0,0,80,53,FALSE,41.93503657,-71.2848971
20812,5/28/2021,May,Friday,21:38,1,1,0,0,Single vehicle crash,V1: Travelling straight ahead,V1: N,Wet,Dark - roadway not lighted,Rain,0,0,80,53,FALSE,41.93656733,-71.31698991
20813,5/29/2021,May,Saturday,10:14,1,2,0,0,"Sideswipe, same direction",V1: Changing lanes / V2: Travelling straight ahead,V1: N  / V2: N,Wet,Daylight,Rain,2.1,0,61,44,FALSE,41.91030485,-71.36317441
20814,5/29/2021,May,Saturday,10:23,2,1,0,0,Single vehicle crash,V1: Travelling straight ahead,V1: N,Wet,Daylight,Rain,2.1,0,61,44,FALSE,41.9544914,-71.30192944
20815,5/29/2021,May,Saturday,13:56,2,2,0,0,Angle,V1: Turning left / V2: Travelling straight ahead,V1: N  / V2: S,Wet,Daylight,Rain,2.1,0,61,44,FALSE,41.91653724,-71.36001753
20816,5/29/2021,May,Saturday,14:42,1,2,0,0,Angle,V1: Travelling straight ahead / V2: Travelling straight ahead,V1: N  / V2: W,Wet,Daylight,Rain,2.1,0,61,44,FALSE,41.93304448,-71.28634923
20817,5/29/2021,May,Saturday,16:12,1,2,0,0,Angle,V1: Entering traffic lane / V2: Travelling straight ahead,V1: E  / V2: S,Wet,Daylight,Rain,2.1,0,61,44,FALSE,41.93421769,-71.2996754
20818,5/30/2021,May,Sunday,11:59,1,2,0,0,Rear-end,V1: Travelling straight ahead / V2: Slowing or stopped in traffic,V1: W  / V2: W,Wet,Daylight,Cloudy/Rain,0.31,0,48,45,FALSE,41.93357119,-71.30035285
20819,5/30/2021,May,Sunday,15:24,1,2,0,0,Front to Rear,V1: Travelling straight ahead / V2: Slowing or stopped in traffic,V1: E  / V2: E,Wet,Daylight,Cloudy/Rain,0.31,0,48,45,FALSE,41.89903243,-71.355186
20820,5/30/2021,May,Sunday,21:16,0,1,0,0,Single vehicle crash,V1: Travelling straight ahead,V1: S,Wet,Dark - roadway not lighted,Cloudy/Rain,0.31,0,48,45,FALSE,41.95760211,-71.28468383
20821,5/31/2021,May,Monday,3:58,1,1,0,0,Single vehicle crash,V1: Travelling straight ahead,V1: E,Wet,Dark - lighted roadway,Rain,0.8,0,49,48,FALSE,41.93304073,-71.29789609
20822,5/31/2021,May,Monday,11:20,2,1,0,0,Single vehicle crash,V1: Travelling straight ahead,V1: W,Dry,Daylight,Cloudy,0.8,0,49,48,FALSE,41.95414127,-71.26238897
20823,5/31/2021,May,Monday,17:05,1,2,0,0,Angle,V1: Changing lanes / V2: Slowing or stopped in traffic,V1: S  / V2: S,Dry,Daylight,Cloudy,0.8,0,49,48,FALSE,41.91981411,-71.35860614
20824,5/31/2021,May,Monday,21:07,2,2,0,0,Angle,V1: Overtaking/passing / V2: Backing,V1: E  / V2: E,Dry,Dark - lighted roadway,Clear,0.8,0,49,48,FALSE,41.93574811,-71.28064981
20825,6/1/2021,June,Tuesday,9:21,1,2,0,0,"Sideswipe, opposite direction",V1: Turning left / V2: Parked,V1: S  / V2: 0,Dry,Daylight,Clear,0.02,0,58,45,FALSE,41.90470488,-71.32271334
20826,6/1/2021,June,Tuesday,13:29,1,2,0,0,Angle,V1: Entering traffic lane / V2: Travelling straight ahead,V1: N  / V2: E,Dry,Daylight,Clear,0.02,0,58,45,FALSE,41.94188971,-71.28096806
20827,6/1/2021,June,Tuesday,15:13,1,2,0,0,"Sideswipe, same direction",V1: Travelling straight ahead / V2: Travelling straight ahead,V1: N  / V2: N,Dry,Daylight,Clear,0.02,0,58,45,FALSE,41.91902321,-71.35778764
20828,6/1/2021,June,Tuesday,15:15,1,2,0,0,"Sideswipe, same direction",V1: Travelling straight ahead / V2: Changing lanes,V1: N  / V2: N,Dry,Daylight,Clear,0.02,0,58,45,FALSE,41.89418291,-71.37608345
20829,6/1/2021,June,Tuesday,19:34,1,2,0,0,Angle,V1: Turning right / V2: Travelling straight ahead,V1: N  / V2: E,Dry,Daylight,Clear,0.02,0,58,45,FALSE,41.89957255,-71.3551788
20830,6/1/2021,June,Tuesday,20:52,2,2,0,0,Rear-end,V1: Travelling straight ahead / V2: Slowing or stopped in traffic,V1: E  / V2: E,Dry,Dark - lighted roadway,Clear,0.02,0,58,45,FALSE,41.93269195,-71.32821357
20831,6/2/2021,June,Wednesday,7:45,2,2,0,0,Rear-end,V1: Travelling straight ahead / V2: Travelling straight ahead,V1: E  / V2: E,Dry,Daylight,Clear,0,0,73,49,FALSE,41.93393836,-71.3077318
20832,6/2/2021,June,Wednesday,12:03,1,2,0,0,Front to Rear,V1: Travelling straight ahead / V2: Slowing or stopped in traffic,V1: W  / V2: W,Dry,Daylight,Clear,0,0,73,49,FALSE,41.95414365,-71.26252612
20833,6/2/2021,June,Wednesday,13:43,1,2,0,0,Front to Rear,V1: Travelling straight ahead / V2: Slowing or stopped in traffic,V1: N  / V2: N,Dry,Daylight,Clear,0,0,73,49,FALSE,41.93742983,-71.26519759
20834,6/2/2021,June,Wednesday,15:36,1,2,0,0,Front to Front,V1: Turning left / V2: Travelling straight ahead,V1: E  / V2: N,Dry,Daylight,Clear,0,0,73,49,FALSE,41.91653724,-71.36001753
20835,6/2/2021,June,Wednesday,15:39,1,2,0,0,Angle,V1: Turning left / V2: Turning left,V1: E  / V2: E,Dry,Daylight,Clear,0,0,73,49,FALSE,41.95437985,-71.25499915
20836,6/2/2021,June,Wednesday,17:33,2,2,0,0,Front to Front,V1: Turning left / V2: Travelling straight ahead,V1: W  / V2: E,Dry,Daylight,Clear,0,0,73,49,FALSE,41.89860465,-71.35501252
20837,6/2/2021,June,Wednesday,19:01,1,1,0,0,Single vehicle crash,V1: Entering traffic lane,V1: E,Dry,Daylight,Clear,0,0,73,49,FALSE,41.92245232,-71.25292249
20838,6/3/2021,June,Thursday,12:55,1,2,0,0,"Sideswipe, same direction",V1: Overtaking/passing / V2: Parked,V1: W  / V2: W,Dry,Daylight,Clear,0,0,79,56,FALSE,41.92644902,-71.34274191
20839,6/3/2021,June,Thursday,13:32,1,1,0,0,Front to Rear,V1: Slowing or stopped in traffic,V1: E,Dry,Daylight,Cloudy,0,0,79,56,FALSE,41.93269195,-71.32821357
20840,6/3/2021,June,Thursday,15:00,1,2,0,0,Front to Front,V1: Travelling straight ahead / V2: Turning left,V1: E  / V2: S,Dry,Daylight,Clear,0,0,79,56,FALSE,41.93393836,-71.3077318
20841,6/3/2021,June,Thursday,15:33,2,2,0,0,Angle,V1: Overtaking/passing / V2: Turning left,V1: W  / V2: S,Dry,Daylight,Clear,0,0,79,56,FALSE,41.92387717,-71.35158914
20842,6/3/2021,June,Thursday,16:22,2,1,0,0,Single vehicle crash,V1: Travelling straight ahead,V1: S,Dry,Daylight,Clear,0,0,79,56,FALSE,41.93416909,-71.30444452
20843,6/3/2021,June,Thursday,16:58,1,2,0,0,Front to Front,V1: Turning left / V2: Turning right,V1: S  / V2: W,Dry,Daylight,Cloudy,0,0,79,56,FALSE,41.93976914,-71.29072872
20844,6/3/2021,June,Thursday,20:27,2,2,0,0,Front to Rear,V1: Turning left / V2: Travelling straight ahead,V1: E  / V2: E,Dry,Dark - lighted roadway,Clear,0,0,79,56,FALSE,41.93357119,-71.30035285
20845,6/4/2021,June,Friday,13:30,1,1,0,0,Single vehicle crash,V1: Turning left,V1: W,Dry,Daylight,Clear,0.04,0,71,59,FALSE,41.89797309,-71.34598923
20846,6/4/2021,June,Friday,16:31,1,2,0,0,Angle,V1: Backing / V2: Travelling straight ahead,V1: S  / V2: W,Wet,Daylight,Rain,0.04,0,71,59,FALSE,41.95440396,-71.26671485
20847,6/4/2021,June,Friday,18:13,1,2,0,0,Rear-end,V1: Travelling straight ahead / V2: Slowing or stopped in traffic,V1: S  / V2: S,Wet,Daylight,Cloudy/Rain,0.04,0,71,59,FALSE,41.91035947,-71.36314658
20848,6/5/2021,June,Saturday,0:58,2,1,0,0,Single vehicle crash,V1: Travelling straight ahead,V1: E,Dry,Dark - lighted roadway,Cloudy,0.05,0,75,56,FALSE,41.93119431,-71.32654862
20849,6/5/2021,June,Saturday,2:50,1,1,0,0,Single vehicle crash,V1: Travelling straight ahead,V1: N,Dry,Dark - roadway not lighted,Clear,0.05,0,75,56,FALSE,41.92659587,-71.32490036
20850,6/5/2021,June,Saturday,17:12,1,3,0,0,Rear-end,V1: Travelling straight ahead / V2: Slowing or stopped in traffic / V3: Slowing or stopped in traffic,V1: E  / V2: E  / V3: E,Dry,Daylight,Clear,0.05,0,75,56,FALSE,41.9341021,-71.30369928
20851,6/6/2021,June,Sunday,17:25,3,1,0,1,Single vehicle crash,V1: Travelling straight ahead,V1: N,Dry,Daylight,Clear,0,0,87,60,FALSE,41.91906542,-71.24465437
20852,6/6/2021,June,Sunday,17:32,1,2,0,0,Angle,V1: Turning left / V2: Slowing or stopped in traffic,V1: W  / V2: E,Dry,Daylight,Clear,0,0,87,60,FALSE,41.90998013,-71.35802082
20853,6/6/2021,June,Sunday,21:31,1,1,0,0,Single vehicle crash,V1: Travelling straight ahead,V1: N,Dry,Dark - lighted roadway,Clear,0,0,87,60,FALSE,41.93239993,-71.29481178
20854,6/6/2021,June,Sunday,22:39,1,1,0,0,Single vehicle crash,V1: Travelling straight ahead,V1: S,Dry,Dusk,Clear,0,0,87,60,FALSE,41.94445042,-71.31174827
20855,6/7/2021,June,Monday,1:43,2,1,0,0,Head-on,V1: Leaving traffic lane,V1: N,Dry,Dark - lighted roadway,Clear,0,0,91,64,FALSE,41.91130764,-71.35852374
20856,6/7/2021,June,Monday,8:47,2,2,0,0,"Sideswipe, same direction",V1: Entering traffic lane / V2: Travelling straight ahead,V1: W  / V2: W,Dry,Daylight,Clear,0,0,91,64,FALSE,41.93401235,-71.31615937
20857,6/7/2021,June,Monday,13:32,2,1,0,0,Single vehicle crash,V1: Turning left,V1: W,Dry,Daylight,Clear,0,0,91,64,FALSE,41.91981411,-71.35860614
20858,6/7/2021,June,Monday,18:11,1,2,0,0,Rear-end,V1: Travelling straight ahead / V2: Slowing or stopped in traffic,V1: W  / V2: W,Dry,Daylight,Clear,0,0,91,64,FALSE,41.93393836,-71.3077318
20859,6/7/2021,June,Monday,20:47,1,1,0,0,Single vehicle crash,V1: Backing,V1: E,Dry,Dark - lighted roadway,Clear,0,0,91,64,FALSE,41.93698287,-71.28241646
20860,6/8/2021,June,Tuesday,18:59,1,2,0,0,Front to Rear,V1: Entering traffic lane / V2: Entering traffic lane,V1: S  / V2: S,Dry,Daylight,Cloudy,0,0,91,67,FALSE,41.8987106,-71.36909073
20861,6/9/2021,June,Wednesday,6:54,1,2,0,0,Rear-end,V1: Travelling straight ahead / V2: Slowing or stopped in traffic,V1: E  / V2: E,Dry,Daylight,Clear,0.01,0,92,69,FALSE,41.92582442,-71.34707854
20862,6/9/2021,June,Wednesday,14:42,2,2,0,0,Front to Front,V1: Turning left / V2: Turning left,V1: W  / V2: E,Dry,Daylight,Clear,0.01,0,92,69,FALSE,41.89620672,-71.37046396
20863,6/9/2021,June,Wednesday,16:00,1,2,0,0,"Sideswipe, opposite direction",V1: Travelling straight ahead / V2: Parked,V1: S  / V2: N,Dry,Daylight,Clear,0.01,0,92,69,FALSE,41.89957255,-71.3551788
20864,6/9/2021,June,Wednesday,20:47,1,2,0,0,"Sideswipe, same direction",V1: Travelling straight ahead / V2: Travelling straight ahead,V1: N  / V2: N,Dry,Dark - lighted roadway,Clear,0.01,0,92,69,FALSE,41.92298549,-71.35714758
20865,6/10/2021,June,Thursday,5:23,2,2,0,0,Head-on,V1: Travelling straight ahead / V2: Travelling straight ahead,V1: E  / V2: W,Dry,Daylight,Clear,0,0,89,59,FALSE,41.95305339,-71.27718856
20866,6/10/2021,June,Thursday,11:02,2,2,0,0,Front to Rear,V1: Travelling straight ahead / V2: Slowing or stopped in traffic,V1: S  / V2: S,Dry,Daylight,Clear,0,0,89,59,FALSE,41.95484304,-71.28856385
20867,6/10/2021,June,Thursday,13:04,1,2,0,0,Front to Rear,V1: Travelling straight ahead / V2: Slowing or stopped in traffic,V1: N  / V2: N,Dry,Daylight,Clear,0,0,89,59,FALSE,41.94245198,-71.28698244
20868,6/10/2021,June,Thursday,13:14,1,2,0,0,Rear-end,V1: Travelling straight ahead / V2: Slowing or stopped in traffic,V1: W  / V2: W,Dry,Daylight,Clear,0,0,89,59,FALSE,41.91573715,-71.37849058
20869,6/10/2021,June,Thursday,16:00,1,2,0,0,Rear-end,V1: Slowing or stopped in traffic / V2: Travelling straight ahead,V1: S  / V2: S,Dry,Daylight,Clear,0,0,89,59,FALSE,41.90261276,-71.35590972
20870,6/10/2021,June,Thursday,16:21,2,2,0,0,"Sideswipe, same direction",V1: Overtaking/passing / V2: Turning right,V1: E  / V2: W,Dry,Daylight,Clear,0,0,89,59,FALSE,41.9227029,-71.35736851
20871,6/11/2021,June,Friday,8:48,1,1,0,0,Single vehicle crash,V1: Travelling straight ahead,V1: N,Dry,Daylight,Clear,0,0,74,47,FALSE,41.95982202,-71.25630298
20872,6/11/2021,June,Friday,10:30,1,1,0,0,Single vehicle crash,V1: Backing,V1: S,Dry,Daylight,Clear,0,0,74,47,FALSE,41.94817087,-71.29096211