ID,DATE,Month,Day of week,Crash Time,Crash Severity,Number of Vehicles,Total Nonfatal Injuries,Total Fatal Injuries,Manner of Collision,Vehicle Action Prior to Crash,Vehicle Travel Directions,Road Surface Condition,Ambient Light,Weather Condition,PRCP,SNOW,TMAX,TMIN,Ice,Longtitute,Latitute
20873,6/11/2021,June,Friday,15:10,1,2,0,0,Angle,V1: Backing / V2: Backing,V1: E  / V2: W,Dry,Daylight,Clear,0,0,74,47,FALSE,41.91080764,-71.3629186
20874,6/12/2021,June,Saturday,12:16,1,2,0,0,"Sideswipe, opposite direction",V1: Travelling straight ahead / V2: Travelling straight ahead,V1: W  / V2: E,Dry,Daylight,Cloudy,0.21,0,75,55,FALSE,41.91248461,-71.27009673
20875,6/12/2021,June,Saturday,16:32,1,1,0,0,Single vehicle crash,V1: Travelling straight ahead,V1: N,Dry,Daylight,Clear,0.21,0,75,55,FALSE,41.92522941,-71.32166832
20876,6/13/2021,June,Sunday,11:14,1,3,0,0,Rear-end,V1: Travelling straight ahead / V2: Slowing or stopped in traffic / V3: Travelling straight ahead,V1: S  / V2: S  / V3: S,Dry,Daylight,Clear,0.13,0,70,54,FALSE,41.9227029,-71.35736851
20877,6/13/2021,June,Sunday,15:14,1,2,0,0,"Sideswipe, same direction",V1: Changing lanes / V2: Travelling straight ahead,V1: S  / V2: S,Dry,Daylight,Clear,0.13,0,70,54,FALSE,41.90964751,-71.36351027
20878,6/13/2021,June,Sunday,16:01,2,4,0,0,Rear-end,V1: Travelling straight ahead / V2: Slowing or stopped in traffic / V3: Slowing or stopped in traffic / V4: Slowing or stopped in traffic,V1: N  / V2: N  / V3: N  / V4: N,Dry,Daylight,Clear,0.13,0,70,54,FALSE,41.9236983,-71.35683112
20879,6/14/2021,June,Monday,10:31,1,1,0,0,Single vehicle crash,V1: Travelling straight ahead,V1: S,Wet,Daylight,Rain,0,0,82,54,FALSE,41.89861001,-71.36943215
20880,6/14/2021,June,Monday,20:55,1,2,0,0,Angle,V1: Turning left / V2: Travelling straight ahead,V1: W  / V2: S,Dry,Dark - lighted roadway,Clear,0,0,82,54,FALSE,41.92298549,-71.35714758
20881,6/15/2021,June,Tuesday,11:08,1,1,0,0,Head-on,V1: Travelling straight ahead,V1: E,Dry,Daylight,Cloudy,0.98,0,66,58,FALSE,41.91739053,-71.30501837
20882,6/15/2021,June,Tuesday,15:48,1,1,0,0,"Sideswipe, same direction",V1: Turning left,V1: N,Dry,Daylight,Clear,0.98,0,66,58,FALSE,41.94431166,-71.28140275
20883,6/15/2021,June,Tuesday,16:39,2,2,0,0,Rear-end,V1: Travelling straight ahead / V2: Turning left,V1: E  / V2: E,Dry,Daylight,Clear,0.98,0,66,58,FALSE,41.9341021,-71.30369928
20884,6/16/2021,June,Wednesday,0:33,1,2,0,0,Head-on,V1: Turning right / V2: Parked,V1: E  / V2: 0,Wet,Dark - lighted roadway,Clear,0.12,0,77,57,FALSE,41.91957084,-71.22975266
20885,6/16/2021,June,Wednesday,2:18,2,2,0,0,"Sideswipe, same direction",V1: Travelling straight ahead / V2: Travelling straight ahead,V1: S  / V2: S,Dry,Dark - roadway not lighted,Clear,0.12,0,77,57,FALSE,41.93804592,-71.31642931
20886,6/16/2021,June,Wednesday,11:48,2,2,0,0,Angle,V1: Travelling straight ahead / V2: Travelling straight ahead,V1: W  / V2: N,Dry,Daylight,Clear,0.12,0,77,57,FALSE,41.90588783,-71.37669559
20887,6/16/2021,June,Wednesday,14:49,1,2,0,0,Front to Rear,V1: Slowing or stopped in traffic / V2: Travelling straight ahead,V1: W  / V2: W,Dry,Daylight,Clear,0.12,0,77,57,FALSE,41.9097389,-71.36007285
20888,6/16/2021,June,Wednesday,14:53,1,2,0,0,Angle,V1: Turning left / V2: Travelling straight ahead,V1: W  / V2: S,Dry,Daylight,Cloudy,0.12,0,77,57,FALSE,41.91548961,-71.35898328
20889,6/16/2021,June,Wednesday,17:41,1,2,0,0,Rear-end,V1: Travelling straight ahead / V2: Slowing or stopped in traffic,V1: E  / V2: E,Dry,Daylight,Clear,0.12,0,77,57,FALSE,41.93457798,-71.29922805
20890,6/16/2021,June,Wednesday,19:16,1,1,0,0,Angle,V1: Parked,V1: U,Dry,Dusk,Clear,0.12,0,77,57,FALSE,41.94384457,-71.27252026
20891,6/16/2021,June,Wednesday,23:30,2,1,0,0,Single vehicle crash,V1: Entering traffic lane,V1: S,Dry,Dark - roadway not lighted,Clear,0.12,0,77,57,FALSE,41.93195084,-71.32153688
20892,6/17/2021,June,Thursday,11:28,1,2,0,0,Angle,V1: Travelling straight ahead / V2: Travelling straight ahead,V1: W  / V2: E,Dry,Daylight,Clear,0,0,74,48,FALSE,41.94450501,-71.28411703
20893,6/17/2021,June,Thursday,12:18,1,1,0,0,Single vehicle crash,V1: Travelling straight ahead,V1: N,Dry,Daylight,Clear,0,0,74,48,FALSE,41.95180056,-71.2715031
20894,6/17/2021,June,Thursday,19:54,1,1,0,0,Single vehicle crash,V1: Travelling straight ahead,V1: E,Dry,Dark - roadway not lighted,Clear,0,0,74,48,FALSE,41.92490619,-71.22675443
20895,6/18/2021,June,Friday,9:45,1,2,0,0,Angle,V1: Travelling straight ahead / V2: Turning left,V1: E  / V2: W,Dry,Daylight,Clear,0,0,75,49,FALSE,41.90855158,-71.37047319
20896,6/18/2021,June,Friday,17:02,1,2,0,0,Angle,V1: Turning left / V2: Travelling straight ahead,V1: S  / V2: W,Dry,Daylight,Clear,0,0,75,49,FALSE,41.92387717,-71.35158914
20897,6/19/2021,June,Saturday,3:41,1,1,0,0,Single vehicle crash,V1: Travelling straight ahead,V1: N,Dry,Dark - lighted roadway,Clear,0,0,81,57,FALSE,41.93426185,-71.34145872
20898,6/19/2021,June,Saturday,18:03,1,1,0,0,Angle,V1: Travelling straight ahead,V1: S,Dry,Daylight,Clear,0,0,81,57,FALSE,41.92801406,-71.30048179
20899,6/20/2021,June,Sunday,12:55,1,2,0,0,Front to Front,V1: Turning left / V2: Slowing or stopped in traffic,V1: E  / V2: W,Dry,Daylight,Clear,0.11,0,86,63,FALSE,41.91653724,-71.36001753
20900,6/20/2021,June,Sunday,19:00,1,2,0,0,"Sideswipe, same direction",V1: Slowing or stopped in traffic / V2: Slowing or stopped in traffic,V1: N  / V2: N,Dry,Dark - lighted roadway,Clear,0.11,0,86,63,FALSE,41.8953798,-71.37499046
20901,6/21/2021,June,Monday,14:57,1,1,0,0,Single vehicle crash,V1: Travelling straight ahead,V1: E,Dry,Daylight,Clear,0,0,86,65,FALSE,41.89871736,-71.3550176
20902,6/21/2021,June,Monday,17:28,1,1,0,0,Front to Rear,V1: Slowing or stopped in traffic,V1: S,Dry,Daylight,Clear,0,0,86,65,FALSE,41.9036937,-71.35647416
20903,6/22/2021,June,Tuesday,12:50,2,1,0,0,Single vehicle crash,V1: Travelling straight ahead,V1: N,Dry,Daylight,Clear,0,0,82,68,FALSE,41.92143066,-71.25855941
20904,6/22/2021,June,Tuesday,19:12,2,2,0,0,Front to Rear,V1: Slowing or stopped in traffic / V2: Travelling straight ahead,V1: W  / V2: W,Wet,Daylight,Cloudy/Rain,0,0,82,68,FALSE,41.90529604,-71.33573163
20905,6/22/2021,June,Tuesday,21:45,1,2,0,0,Rear-end,V1: Travelling straight ahead / V2: Slowing or stopped in traffic,V1: S  / V2: S,Wet,Dark - lighted roadway,Rain,0,0,82,68,FALSE,41.90189813,-71.3583103
20906,6/22/2021,June,Tuesday,22:32,2,2,0,0,Angle,V1: Travelling straight ahead / V2: Travelling straight ahead,V1: E  / V2: S,Wet,Dark - lighted roadway,Cloudy/Rain,0,0,82,68,FALSE,41.93841716,-71.28352655
20907,6/22/2021,June,Tuesday,23:30,2,3,0,0,Angle,V1: Entering traffic lane / V2: Travelling straight ahead / V3: Travelling straight ahead,V1: N  / V2: E  / V3: W,Wet,Dark - lighted roadway,Rain,0,0,82,68,FALSE,41.91711015,-71.37372238
20908,6/23/2021,June,Wednesday,1:00,1,1,0,0,Single vehicle crash,V1: Travelling straight ahead,V1: W,Dry,Dark - lighted roadway,Clear,1.47,0,85,54,FALSE,41.91243972,-71.36039712
20909,6/23/2021,June,Wednesday,15:18,1,2,0,0,Angle,V1: Backing / V2: Parked,V1: W  / V2: S,Dry,Daylight,Clear,1.47,0,85,54,FALSE,41.95260682,-71.26034148
20910,6/23/2021,June,Wednesday,19:19,1,2,0,0,"Sideswipe, same direction",V1: Leaving traffic lane / V2: Parked,V1: N  / V2: U,Dry,Daylight,Clear,1.47,0,85,54,FALSE,41.94466319,-71.28341486
20911,6/23/2021,June,Wednesday,19:54,1,1,0,0,Single vehicle crash,V1: Parked,V1: W,Dry,Daylight,Clear,1.47,0,85,54,FALSE,41.92368788,-71.35699214
20912,6/24/2021,June,Thursday,7:00,1,2,0,0,"Sideswipe, opposite direction",V1: Travelling straight ahead / V2: Travelling straight ahead,V1: E  / V2: W,Dry,Daylight,Clear,0,0,72,49,FALSE,41.93870587,-71.26081567
20913,6/24/2021,June,Thursday,9:45,1,2,0,0,Angle,V1: Backing / V2: Parked,V1: W  / V2: W,Dry,Daylight,Clear,0,0,72,49,FALSE,41.91854141,-71.32522914
20914,6/24/2021,June,Thursday,13:17,1,2,0,0,Angle,V1: Turning left / V2: Travelling straight ahead,V1: N  / V2: E,Dry,Daylight,Clear,0,0,72,49,FALSE,41.9477973,-71.278639
20915,6/25/2021,June,Friday,8:26,1,1,0,0,Single vehicle crash,V1: Travelling straight ahead,V1: N,Dry,Daylight,Cloudy,0.23,0,79,56,FALSE,41.95428778,-71.3119492
20916,6/25/2021,June,Friday,11:55,1,2,0,0,Rear-end,V1: Travelling straight ahead / V2: Changing lanes,V1: S  / V2: S,Dry,Daylight,Cloudy,0.23,0,79,56,FALSE,41.9046103,-71.34932088
20917,6/25/2021,June,Friday,12:25,1,2,0,0,Angle,V1: Turning left / V2: Travelling straight ahead,V1: E  / V2: W,Dry,Daylight,Cloudy,0.23,0,79,56,FALSE,41.93421769,-71.2996754
20918,6/25/2021,June,Friday,16:56,2,1,0,0,Single vehicle crash,V1: Travelling straight ahead,V1: E,Dry,Daylight,Clear,0.23,0,79,56,FALSE,41.89957255,-71.3551788
20919,6/26/2021,June,Saturday,10:32,1,2,0,0,"Sideswipe, same direction",V1: Changing lanes / V2: Travelling straight ahead,V1: N  / V2: N,Dry,Daylight,Cloudy,0.01,0,75,61,FALSE,41.92644259,-71.35554103
20920,6/26/2021,June,Saturday,11:13,1,2,0,0,Rear-end,V1: Travelling straight ahead / V2: Turning left,V1: N  / V2: N,Dry,Daylight,Cloudy,0.01,0,75,61,FALSE,41.93503657,-71.2848971
20921,6/26/2021,June,Saturday,12:39,1,1,0,0,Single vehicle crash,V1: Travelling straight ahead,V1: S,Dry,Daylight,Clear,0.01,0,75,61,FALSE,41.90668267,-71.33683297
20922,6/26/2021,June,Saturday,15:00,1,2,0,0,Front to Front,V1: Parked / V2: Parked,V1: N  / V2: S,Dry,Daylight,Clear,0.01,0,75,61,FALSE,41.9681818,-71.29493616
20923,6/26/2021,June,Saturday,17:31,1,1,0,0,Single vehicle crash,V1: Travelling straight ahead,V1: E,Dry,Daylight,Clear,0.01,0,75,61,FALSE,41.91263178,-71.27358456
20924,6/26/2021,June,Saturday,18:41,1,2,0,0,Rear-end,V1: Travelling straight ahead / V2: Slowing or stopped in traffic,V1: N  / V2: N,Dry,Daylight,Clear,0.01,0,75,61,FALSE,41.90235067,-71.35584227
20925,6/26/2021,June,Saturday,18:48,1,2,0,0,Angle,V1: Travelling straight ahead / V2: Parked,V1: S  / V2: N,Dry,Daylight,Clear,0.01,0,75,61,FALSE,41.94256849,-71.27443491
20926,6/26/2021,June,Saturday,19:12,1,1,0,0,Angle,V1: Travelling straight ahead,V1: W,Dry,Daylight,Clear,0.01,0,75,61,FALSE,41.93860766,-71.26115887
20927,6/27/2021,June,Sunday,2:23,0,1,0,0,Single vehicle crash,V1: Travelling straight ahead,V1: N,Dry,Dark - roadway not lighted,Clear,0,0,80,69,FALSE,34.24438675,-73.6513909
20928,6/27/2021,June,Sunday,9:15,2,1,0,0,Single vehicle crash,V1: Travelling straight ahead,V1: N,Dry,Daylight,Clear,0,0,80,69,FALSE,34.24438675,-73.6513909
20929,6/27/2021,June,Sunday,12:04,1,2,0,0,Angle,V1: Turning right / V2: Travelling straight ahead,V1: N  / V2: E,Dry,Daylight,Cloudy,0,0,80,69,FALSE,41.9339738,-71.31101321
20930,6/27/2021,June,Sunday,15:43,2,2,0,0,Front to Front,V1: Travelling straight ahead / V2: Travelling straight ahead,V1: N  / V2: E,Dry,Daylight,Clear,0,0,80,69,FALSE,41.93623387,-71.28481204
20931,6/28/2021,June,Monday,15:32,1,2,0,0,Rear-end,V1: Travelling straight ahead / V2: Travelling straight ahead,V1: S  / V2: S,Dry,Daylight,Clear,0,0,83,70,FALSE,41.90682608,-71.35698152
20932,6/30/2021,June,Wednesday,10:41,1,2,0,0,Angle,V1: Slowing or stopped in traffic / V2: Slowing or stopped in traffic,V1: W  / V2: N,Dry,Daylight,Clear,0,0,95,72,FALSE,41.94188971,-71.28096806
20933,6/30/2021,June,Wednesday,10:49,1,2,0,0,Rear-end,V1: Entering traffic lane / V2: Entering traffic lane,V1: N  / V2: N,Dry,Daylight,Clear,0,0,95,72,FALSE,41.89860465,-71.35501252
20934,6/30/2021,June,Wednesday,14:45,1,3,0,0,Rear-end,V1: Travelling straight ahead / V2: Slowing or stopped in traffic / V3: Slowing or stopped in traffic,V1: N  / V2: N  / V3: N,Dry,Daylight,Clear,0,0,95,72,FALSE,34.24438675,-73.6513909
20935,7/1/2021,July,Thursday,13:40,1,2,0,0,Rear-end,V1: Slowing or stopped in traffic / V2: Slowing or stopped in traffic,V1: W  / V2: W,Dry,Daylight,Cloudy,0.56,0,94,70,FALSE,41.94519466,-71.28103716
20936,7/1/2021,July,Thursday,14:08,1,2,0,0,Angle,V1: Turning left / V2: Travelling straight ahead,V1: W  / V2: E,Dry,Daylight,Clear,0.56,0,94,70,FALSE,41.95062466,-71.27426624
20937,7/1/2021,July,Thursday,14:11,1,1,0,0,"Sideswipe, same direction",V1: Parked,V1: W,Dry,Daylight,Cloudy,0.56,0,94,70,FALSE,41.92765014,-71.34130915
20938,7/2/2021,July,Friday,11:03,2,2,0,0,Angle,V1: Entering traffic lane / V2: Travelling straight ahead,V1: S  / V2: N,Wet,Daylight,Cloudy/Rain,1.27,0,85,66,FALSE,41.91683384,-71.35867392
20939,7/2/2021,July,Friday,12:12,1,2,0,0,Rear-end,V1: Slowing or stopped in traffic / V2: Slowing or stopped in traffic,V1: E  / V2: E,Wet,Daylight,Cloudy/Rain,1.27,0,85,66,FALSE,41.94468881,-71.28325193
20940,7/2/2021,July,Friday,14:25,2,2,0,0,Angle,V1: Travelling straight ahead / V2: Turning left,V1: S  / V2: E,Dry,Daylight,Clear,1.27,0,85,66,FALSE,41.92387717,-71.35158914
20941,7/2/2021,July,Friday,19:39,2,2,0,0,Front to Front,V1: Turning right / V2: Travelling straight ahead,V1: W  / V2: N,Wet,Daylight,Cloudy/Rain,1.27,0,85,66,FALSE,41.89867838,-71.34654981
20942,7/3/2021,July,Saturday,7:45,1,1,0,0,Angle,V1: Turning right,V1: W,Wet,Daylight,Cloudy,0.13,0,67,58,FALSE,41.91163749,-71.25841741
20943,7/3/2021,July,Saturday,11:34,1,2,0,0,Rear-end,V1: Slowing or stopped in traffic / V2: Travelling straight ahead,V1: E  / V2: E,Wet,Daylight,Cloudy/Rain,0.13,0,67,58,FALSE,41.9034633,-71.3563154
20944,7/3/2021,July,Saturday,19:48,2,2,0,0,Front to Rear,V1: Travelling straight ahead / V2: Slowing or stopped in traffic,V1: W  / V2: W,Wet,Dusk,Cloudy/Rain,0.13,0,67,58,FALSE,41.91809817,-71.36412595
20945,7/4/2021,July,Sunday,1:43,1,1,0,0,Head-on,V1: Leaving traffic lane,V1: N,Wet,Dark - lighted roadway,Rain,1.69,0,60,55,FALSE,41.93091234,-71.22603995
20946,7/4/2021,July,Sunday,16:09,1,2,0,0,Front to Rear,V1: Travelling straight ahead / V2: Travelling straight ahead,V1: W  / V2: W,Dry,Daylight,Cloudy,1.69,0,60,55,FALSE,41.93864429,-71.29231827
20947,7/4/2021,July,Sunday,21:30,1,2,0,0,"Sideswipe, same direction",V1: Travelling straight ahead / V2: Parked,V1: N  / V2: N,Dry,Dark - lighted roadway,Clear,1.69,0,60,55,FALSE,41.93815313,-71.28078544
20948,7/5/2021,July,Monday,3:05,2,1,0,0,Single vehicle crash,V1: Travelling straight ahead,V1: N,Dry,Dark - lighted roadway,Clear,0,0,67,56,FALSE,41.92474743,-71.34966832
20949,7/5/2021,July,Monday,12:12,1,2,0,0,Rear-end,V1: Slowing or stopped in traffic / V2: Travelling straight ahead,V1: S  / V2: S,Dry,Daylight,Cloudy,0,0,67,56,FALSE,41.92508738,-71.35628348
20950,7/5/2021,July,Monday,18:44,2,1,0,0,Single vehicle crash,V1: Travelling straight ahead,V1: S,Dry,Daylight,Cloudy,0,0,67,56,FALSE,41.90086768,-71.36799094
20951,7/5/2021,July,Monday,19:30,1,1,0,0,Angle,V1: Travelling straight ahead,V1: N,Dry,Daylight,Cloudy,0,0,67,56,FALSE,41.91163749,-71.25841741
20952,7/5/2021,July,Monday,22:30,1,2,0,0,Rear-end,V1: Travelling straight ahead / V2: Slowing or stopped in traffic,V1: S  / V2: S,Dry,Dark - roadway not lighted,Clear,0,0,67,56,FALSE,41.93195084,-71.32153688
20953,7/6/2021,July,Tuesday,23:40,1,2,0,0,Rear-end,V1: Slowing or stopped in traffic / V2: Travelling straight ahead,V1: S  / V2: S,Dry,Dark - roadway not lighted,Cloudy,0.06,0,74,58,FALSE,41.91475125,-71.33593692
20954,7/7/2021,July,Wednesday,16:49,2,2,0,0,Angle,V1: Turning left / V2: Travelling straight ahead,V1: N  / V2: S,Dry,Daylight,Clear,0.46,0,87,65,FALSE,41.90998013,-71.35802082
20955,7/7/2021,July,Wednesday,17:14,2,2,0,0,Rear-end,V1: Slowing or stopped in traffic / V2: Slowing or stopped in traffic,V1: S  / V2: S,Dry,Daylight,Clear,0.46,0,87,65,FALSE,41.92141393,-71.35534523
20956,7/8/2021,July,Thursday,0:30,1,2,0,0,Rear-end,V1: Travelling straight ahead / V2: Slowing or stopped in traffic,V1: S  / V2: S,Dry,Dark - roadway not lighted,Clear,0.21,0,88,64,FALSE,41.90261276,-71.35590972
20957,7/8/2021,July,Thursday,7:33,1,2,0,0,"Sideswipe, opposite direction",V1: Travelling straight ahead / V2: Travelling straight ahead,V1: W  / V2: E,Dry,Daylight,Clear,0.21,0,88,64,FALSE,41.92568533,-71.34148138
20958,7/8/2021,July,Thursday,19:27,1,2,0,0,Angle,V1: Slowing or stopped in traffic / V2: Travelling straight ahead,V1: N  / V2: E,Dry,Dusk,Clear,0.21,0,88,64,FALSE,41.94431166,-71.28140275
20959,7/9/2021,July,Friday,5:59,1,1,0,0,Single vehicle crash,V1: Travelling straight ahead,V1: S,Wet,Daylight,Rain,0.1,0,71,63,FALSE,41.94396167,-71.27662963
20960,7/9/2021,July,Friday,8:25,2,2,0,0,Rear-end,V1: Travelling straight ahead / V2: Travelling straight ahead,V1: S  / V2: S,Wet,Daylight,Rain,0.1,0,71,63,FALSE,41.90261276,-71.35590972
20961,7/9/2021,July,Friday,8:35,1,1,0,0,Single vehicle crash,V1: Travelling straight ahead,V1: S,Wet,Daylight,Rain,0.1,0,71,63,FALSE,34.24438675,-73.6513909
20962,7/9/2021,July,Friday,10:25,2,2,0,0,"Sideswipe, same direction",V1: Travelling straight ahead / V2: Travelling straight ahead,V1: S  / V2: S,Wet,Daylight,Cloudy/Rain,0.1,0,71,63,FALSE,41.95948813,-71.30166203
20963,7/9/2021,July,Friday,12:47,1,1,0,0,Single vehicle crash,V1: Travelling straight ahead,V1: S,Wet,Daylight,Cloudy/Rain,0.1,0,71,63,FALSE,41.90261276,-71.35590972
20964,7/9/2021,July,Friday,15:59,1,2,0,0,Angle,V1: Travelling straight ahead / V2: Turning left,V1: E  / V2: N,Dry,Daylight,Clear,0.1,0,71,63,FALSE,41.94245198,-71.28698244
20965,7/9/2021,July,Friday,16:07,1,1,0,0,Single vehicle crash,V1: Travelling straight ahead,V1: W,Wet,Daylight,Clear,0.1,0,71,63,FALSE,41.94711384,-71.28778734
20966,7/9/2021,July,Friday,16:58,1,2,0,0,Rear-end,V1: Travelling straight ahead / V2: Slowing or stopped in traffic,V1: S  / V2: S,Dry,Daylight,Clear,0.1,0,71,63,FALSE,41.9317298,-71.3012081
20967,7/9/2021,July,Friday,17:20,1,1,0,0,Single vehicle crash,V1: Travelling straight ahead,V1: W,Dry,Daylight,Clear,0.1,0,71,63,FALSE,41.95029006,-71.27186635
20968,7/9/2021,July,Friday,17:58,1,3,0,0,Front to Rear,V1: Slowing or stopped in traffic / V2: Slowing or stopped in traffic / V3: Travelling straight ahead,V1: N  / V2: N  / V3: N,Dry,Daylight,Clear,0.1,0,71,63,FALSE,41.91994462,-71.35854944
20969,7/9/2021,July,Friday,19:22,1,1,0,0,"Sideswipe, same direction",V1: Parked,V1: E,Dry,Daylight,Clear,0.1,0,71,63,FALSE,41.91360772,-71.36150084
20970,7/10/2021,July,Saturday,10:01,1,1,0,0,Single vehicle crash,V1: Backing,V1: E,Dry,Daylight,Clear,2.2,0,74,67,FALSE,41.93732949,-71.29415609
20971,7/10/2021,July,Saturday,14:35,1,3,0,0,Angle,V1: Turning left / V2: Travelling straight ahead / V3: Slowing or stopped in traffic,V1: S  / V2: N  / V3: E,Dry,Daylight,Clear,2.2,0,74,67,FALSE,41.91707062,-71.3597656
20972,7/10/2021,July,Saturday,14:37,2,2,0,0,Angle,V1: Entering traffic lane / V2: Travelling straight ahead,V1: W  / V2: N,Dry,Daylight,Clear,2.2,0,74,67,FALSE,41.91653724,-71.36001753
20973,7/10/2021,July,Saturday,16:46,1,2,0,0,Angle,V1: Backing / V2: Slowing or stopped in traffic,V1: N  / V2: E,Dry,Daylight,Clear,2.2,0,74,67,FALSE,41.89780425,-71.3695494
20974,7/10/2021,July,Saturday,21:33,2,1,0,0,Head-on,V1: Travelling straight ahead,V1: W,Dry,Dark - lighted roadway,Clear,2.2,0,74,67,FALSE,41.92856754,-71.33948315
20975,7/11/2021,July,Sunday,16:08,2,1,0,0,Single vehicle crash,V1: Travelling straight ahead,V1: N,Dry,Daylight,Cloudy,0,0,73,56,FALSE,41.92535111,-71.32589365
20976,7/11/2021,July,Sunday,18:25,1,2,0,0,Angle,V1: Turning left / V2: Turning left,V1: W  / V2: S,Dry,Daylight,Cloudy,0,0,73,56,FALSE,41.95484304,-71.28856385
20977,7/12/2021,July,Monday,9:01,1,1,0,0,Single vehicle crash,V1: Travelling straight ahead,V1: S,Wet,Daylight,Rain,0.55,0,78,62,FALSE,41.90993001,-71.34023332
20978,7/12/2021,July,Monday,12:33,1,2,0,0,Front to Front,V1: Travelling straight ahead / V2: Travelling straight ahead,V1: N  / V2: S,Dry,Daylight,Cloudy,0.55,0,78,62,FALSE,41.89864078,-71.37476129
20979,7/12/2021,July,Monday,14:44,1,2,0,0,Angle,V1: Travelling straight ahead / V2: Entering traffic lane,V1: W  / V2: E,Wet,Daylight,Cloudy/Rain,0.55,0,78,62,FALSE,41.94868019,-71.27749718
20980,7/12/2021,July,Monday,17:02,1,1,0,0,Rear-to-rear,V1: Parked,V1: W,Dry,Daylight,Clear,0.55,0,78,62,FALSE,41.9420932,-71.2874871
20981,7/13/2021,July,Tuesday,11:54,2,2,0,0,Rear-end,V1: Travelling straight ahead / V2: Parked,V1: W  / V2: W,Dry,Daylight,Clear,0.83,0,72,63,FALSE,41.91509223,-71.3803487
20982,7/13/2021,July,Tuesday,14:39,1,3,0,0,Angle,V1: Slowing or stopped in traffic / V2: Travelling straight ahead / V3: Slowing or stopped in traffic,V1: W  / V2: S  / V3: E,Dry,Daylight,Cloudy,0.83,0,72,63,FALSE,41.94121777,-71.2768631
20983,7/14/2021,July,Wednesday,7:30,1,2,0,0,Rear-end,V1: Travelling straight ahead / V2: Slowing or stopped in traffic,V1: N  / V2: N,Dry,Daylight,Cloudy,0.05,0,69,63,FALSE,41.96230537,-71.29917732
20984,7/14/2021,July,Wednesday,15:15,2,2,0,0,Rear-end,V1: Travelling straight ahead / V2: Slowing or stopped in traffic,V1: E  / V2: E,Dry,Daylight,Clear,0.05,0,69,63,FALSE,41.93406554,-71.30574057
20985,7/14/2021,July,Wednesday,16:16,1,3,0,0,Rear-end,V1: Travelling straight ahead / V2: Slowing or stopped in traffic / V3: Slowing or stopped in traffic,V1: W  / V2: W  / V3: W,Dry,Daylight,Clear,0.05,0,69,63,FALSE,41.93406554,-71.30574057
20986,7/14/2021,July,Wednesday,17:18,1,2,0,0,Front to Rear,V1: Travelling straight ahead / V2: Slowing or stopped in traffic,V1: S  / V2: S,Dry,Daylight,Clear,0.05,0,69,63,FALSE,41.90697288,-71.36488172
20987,7/15/2021,July,Thursday,6:31,1,2,0,0,"Sideswipe, same direction",V1: Changing lanes / V2: Travelling straight ahead,V1: N  / V2: N,Dry,Daylight,Clear,0,0,82,67,FALSE,41.96230537,-71.29917732
20988,7/15/2021,July,Thursday,6:50,2,4,0,0,Rear-end,V1: Changing lanes / V2: Slowing or stopped in traffic / V3: Slowing or stopped in traffic / V4: Slowing or stopped in traffic,V1: N  / V2: N  / V3: N  / V4: N,Dry,Daylight,Clear,0,0,82,67,FALSE,34.24438675,-73.6513909
20989,7/15/2021,July,Thursday,16:25,1,2,0,0,Rear-end,V1: Travelling straight ahead / V2: Slowing or stopped in traffic,V1: W  / V2: W,Dry,Daylight,Clear,0,0,82,67,FALSE,41.95305339,-71.27718856
20990,7/16/2021,July,Friday,14:29,1,2,0,0,Front to Rear,V2: Slowing or stopped in traffic / V1: Slowing or stopped in traffic,V2: E  / V1: E,Dry,Daylight,Clear,0,0,87,70,FALSE,41.95234013,-71.29601132
20991,7/16/2021,July,Friday,14:38,1,2,0,0,"Sideswipe, same direction",V1: Changing lanes / V2: Travelling straight ahead,V1: N  / V2: N,Dry,Daylight,Clear,0,0,87,70,FALSE,41.91194929,-71.36233897
20992,7/16/2021,July,Friday,15:30,2,2,0,0,Front to Rear,V1: Travelling straight ahead / V2: Parked,V1: E  / V2: U,Dry,Daylight,Clear,0,0,87,70,FALSE,41.93801301,-71.2913449
20993,7/17/2021,July,Saturday,6:00,2,1,0,0,Single vehicle crash,V1: Turning right,V1: S,Dry,Dawn,Cloudy,0.04,0,89,69,FALSE,41.89861001,-71.36943215
20994,7/17/2021,July,Saturday,13:14,2,2,0,0,Angle,V1: Entering traffic lane / V2: Travelling straight ahead,V1: W  / V2: N,Dry,Daylight,Clear,0.04,0,89,69,FALSE,41.93847733,-71.28469566
20995,7/17/2021,July,Saturday,15:43,1,2,0,0,Rear to Side,V1: Backing / V2: Travelling straight ahead,V1: S  / V2: W,Wet,Daylight,Cloudy/Rain,0.04,0,89,69,FALSE,41.92687413,-71.27492194
20996,7/17/2021,July,Saturday,16:31,2,2,0,0,Angle,V1: Entering traffic lane / V2: Travelling straight ahead,V1: W  / V2: N,Wet,Daylight,Clear,0.04,0,89,69,FALSE,41.89733197,-71.36979234
20997,7/17/2021,July,Saturday,20:07,1,2,0,0,"Sideswipe, opposite direction",V1: Travelling straight ahead / V2: Travelling straight ahead,V1: W  / V2: E,Wet,Dusk,Rain,0.04,0,89,69,FALSE,41.95076316,-71.29782697
20998,7/19/2021,July,Monday,8:00,2,2,0,0,Rear-end,V1: Travelling straight ahead / V2: Slowing or stopped in traffic,V1: N  / V2: N,Wet,Daylight,Rain,0,0,83,66,FALSE,41.95506813,-71.30513459
20999,7/19/2021,July,Monday,14:08,2,2,0,0,Angle,V2: Travelling straight ahead / V1: Travelling straight ahead,V2: S  / V1: S,Dry,Daylight,Clear,0,0,83,66,FALSE,34.24438675,-73.6513909