ID,DATE,Month,Day of week,Crash Time,Crash Severity,Number of Vehicles,Total Nonfatal Injuries,Total Fatal Injuries,Manner of Collision,Vehicle Action Prior to Crash,Vehicle Travel Directions,Road Surface Condition,Ambient Light,Weather Condition,PRCP,SNOW,TMAX,TMIN,Ice,Longtitute,Latitute
21000,7/19/2021,July,Monday,14:36,1,3,0,0,Angle,V1: Slowing or stopped in traffic / V2: Travelling straight ahead / V3: Slowing or stopped in traffic,V1: W  / V2: W  / V3: E,Wet,Daylight,Clear,0,0,83,66,FALSE,41.95383629,-71.24335251
21001,7/20/2021,July,Tuesday,10:30,1,2,0,0,Front to Rear,V1: Travelling straight ahead / V2: Slowing or stopped in traffic,V1: E  / V2: E,Dry,Daylight,Clear,0.07,0,72,63,FALSE,41.94625923,-71.28694634
21002,7/20/2021,July,Tuesday,11:02,1,1,0,0,Single vehicle crash,V1: Turning left,V1: N,Dry,Daylight,Clear,0.07,0,72,63,FALSE,41.94666472,-71.28742758
21003,7/20/2021,July,Tuesday,11:23,1,2,0,0,Front to Rear,V1: Travelling straight ahead / V2: Slowing or stopped in traffic,V1: E  / V2: E,Dry,Daylight,Cloudy,0.07,0,72,63,FALSE,41.91619723,-71.35885587
21004,7/20/2021,July,Tuesday,12:43,2,2,0,0,Rear-end,V1: Turning right / V2: Turning right,V1: N  / V2: N,Dry,Daylight,Clear,0.07,0,72,63,FALSE,41.93269195,-71.32821357
21005,7/20/2021,July,Tuesday,15:41,1,1,0,0,Rear-end,V1: Slowing or stopped in traffic,V1: E,Dry,Daylight,Clear,0.07,0,72,63,FALSE,41.93306281,-71.28502226
21006,7/21/2021,July,Wednesday,7:18,1,2,0,0,"Sideswipe, same direction",V1: Turning right / V2: Parked,V1: N  / V2: N,Dry,Daylight,Clear,0,0,83,65,FALSE,41.9157184,-71.36042615
21007,7/21/2021,July,Wednesday,12:43,1,2,0,0,Angle,V1: Turning left / V2: Travelling straight ahead,V1: N  / V2: W,Dry,Daylight,Clear,0,0,83,65,FALSE,41.91649569,-71.30362942
21008,7/22/2021,July,Thursday,5:28,2,2,0,0,Front to Rear,V1: Turning left / V2: Travelling straight ahead,V1: W  / V2: S,Dry,Dawn,Clear,0.32,0,82,59,FALSE,41.9527334,-71.29440119
21009,7/22/2021,July,Thursday,11:01,2,2,0,0,Angle,V1: Slowing or stopped in traffic / V2: Slowing or stopped in traffic,V1: W  / V2: W,Dry,Daylight,Clear,0.32,0,82,59,FALSE,41.92626385,-71.34598616
21010,7/23/2021,July,Friday,16:47,1,2,0,0,Front to Rear,V1: Turning left / V2: Turning left,V1: S  / V2: N,Dry,Daylight,Clear,0,0,78,61,FALSE,41.9195699,-71.35964234
21011,7/23/2021,July,Friday,17:51,1,2,0,0,0,V1: 0 / V2: Parked,V1: U  / V2: N,Dry,Daylight,Clear,0,0,78,61,FALSE,41.9227029,-71.35736851
21012,7/23/2021,July,Friday,18:16,1,1,0,0,Single vehicle crash,V1: Backing,V1: E,Dry,Dusk,Clear,0,0,78,61,FALSE,41.9341166,-71.27483033
21013,7/24/2021,July,Saturday,3:03,2,3,0,0,Rear-end,V1: Travelling straight ahead / V2: Travelling straight ahead / V3: Travelling straight ahead,V1: N  / V2: N  / V3: N,Wet,Dark - 0 roadway lighting,Cloudy,0.53,0,80,56,FALSE,41.91912519,-71.33085312
21014,7/24/2021,July,Saturday,7:21,1,2,0,0,"Sideswipe, same direction",V1: Travelling straight ahead / V2: Travelling straight ahead,V1: S  / V2: S,Dry,Daylight,Clear,0.53,0,80,56,FALSE,34.24438675,-73.6513909
21015,7/25/2021,July,Sunday,19:09,1,1,0,0,Single vehicle crash,V1: Travelling straight ahead,V1: W,Dry,Daylight,Clear,0,0,80,59,FALSE,41.91420582,-71.36119766
21016,7/25/2021,July,Sunday,19:21,2,2,0,0,Rear-end,V1: Travelling straight ahead / V2: Slowing or stopped in traffic,V1: S  / V2: S,Dry,Daylight,Clear,0,0,80,59,FALSE,41.92151324,-71.35786797
21017,7/25/2021,July,Sunday,23:52,2,1,0,0,Single vehicle crash,V1: Overtaking/passing,V1: S,Dry,Dark - lighted roadway,Clear,0,0,80,59,FALSE,41.92433718,-71.3104865
21018,7/26/2021,July,Monday,5:39,1,2,0,0,Front to Front,V1: Slowing or stopped in traffic / V2: Turning left,V1: E  / V2: N,Dry,Daylight,Clear,0.04,0,72,64,FALSE,41.91082438,-71.36291011
21019,7/26/2021,July,Monday,6:40,1,2,0,0,Rear-end,V1: Travelling straight ahead / V2: Slowing or stopped in traffic,V1: N  / V2: N,Dry,Daylight,Clear,0.04,0,72,64,FALSE,41.95523759,-71.30339183
21020,7/26/2021,July,Monday,7:19,1,2,0,0,Angle,V1: Entering traffic lane / V2: Travelling straight ahead,V1: W  / V2: S,Dry,Daylight,Clear,0.04,0,72,64,FALSE,41.96097876,-71.28790413
21021,7/26/2021,July,Monday,15:26,1,2,0,0,Front to Front,V1: Travelling straight ahead / V2: Entering traffic lane,V1: N  / V2: N,Dry,Daylight,Clear,0.04,0,72,64,FALSE,41.91446663,-71.36106546
21022,7/26/2021,July,Monday,17:59,1,2,0,0,Angle,V1: Turning right / V2: Turning left,V1: W  / V2: E,Dry,Daylight,Clear,0.04,0,72,64,FALSE,41.89951194,-71.3576095
21023,7/27/2021,July,Tuesday,1:07,1,1,0,0,Single vehicle crash,V1: Travelling straight ahead,V1: E,Dry,Dark - lighted roadway,Clear,0,0,87,62,FALSE,41.94111459,-71.28119019
21024,7/27/2021,July,Tuesday,12:40,2,2,0,0,Angle,V1: Slowing or stopped in traffic / V2: Travelling straight ahead,V1: W  / V2: N,Dry,Daylight,Clear,0,0,87,62,FALSE,41.95568257,-71.28823954
21025,7/27/2021,July,Tuesday,12:46,1,1,0,0,Single vehicle crash,V1: Travelling straight ahead,V1: N,Dry,Daylight,Clear,0,0,87,62,FALSE,41.9551485,-71.29647612
21026,7/27/2021,July,Tuesday,15:40,1,2,0,0,Rear-end,V1: Travelling straight ahead / V2: Turning left,V1: W  / V2: W,Dry,Daylight,Cloudy,0,0,87,62,FALSE,41.95451461,-71.24992613
21027,7/27/2021,July,Tuesday,23:08,1,2,0,0,"Sideswipe, same direction",V1: Changing lanes / V2: Parked,V1: S  / V2: S,Wet,Dark - lighted roadway,Cloudy,0,0,87,62,FALSE,41.89534434,-71.37527564
21028,7/28/2021,July,Wednesday,16:40,1,2,0,0,Rear-end,V1: Travelling straight ahead / V2: Slowing or stopped in traffic,V1: N  / V2: N,Dry,Dark - lighted roadway,Clear,0.19,0,87,64,FALSE,41.93623387,-71.28481204
21029,7/29/2021,July,Thursday,8:22,1,2,0,0,Front to Rear,V1: Backing / V2: Other,V1: E  / V2: E,Dry,Daylight,Clear,0,0,74,58,FALSE,34.24438675,-73.6513909
21030,7/29/2021,July,Thursday,13:26,1,2,0,0,"Sideswipe, same direction",V1: Changing lanes / V2: Changing lanes,V1: S  / V2: S,Dry,Daylight,Clear,0,0,74,58,FALSE,41.97361015,-71.29527833
21031,7/29/2021,July,Thursday,17:10,1,1,0,0,Single vehicle crash,V1: Turning right,V1: S,Dry,Daylight,Cloudy,0,0,74,58,FALSE,41.93465133,-71.26184778
21032,7/29/2021,July,Thursday,19:16,1,1,0,0,Single vehicle crash,V1: Travelling straight ahead,V1: S,Dry,Dusk,Cloudy/Rain,0,0,74,58,FALSE,41.93001441,-71.30223698
21033,7/30/2021,July,Friday,6:32,1,2,0,0,Angle,V1: Turning left / V2: Travelling straight ahead,V1: E  / V2: N,Dry,Daylight,Clear,0.16,0,78,62,FALSE,41.92241545,-71.31336866
21034,7/30/2021,July,Friday,9:29,1,2,0,0,Angle,V1: Turning left / V2: Travelling straight ahead,V1: W  / V2: S,Dry,Daylight,Clear,0.16,0,78,62,FALSE,41.93400761,-71.2999381
21035,7/30/2021,July,Friday,9:51,2,3,0,0,Angle,V1: Slowing or stopped in traffic / V2: Overtaking/passing / V3: Travelling straight ahead,V1: S  / V2: S  / V3: S,Dry,Daylight,Clear,0.16,0,78,62,FALSE,41.93389143,-71.31993544
21036,7/30/2021,July,Friday,13:40,1,2,0,0,Angle,V1: Turning right / V2: Travelling straight ahead,V1: N  / V2: E,Dry,Daylight,Clear,0.16,0,78,62,FALSE,41.89618753,-71.37039514
21037,7/30/2021,July,Friday,14:43,1,2,0,0,Front to Rear,V1: Travelling straight ahead / V2: Travelling straight ahead,V1: N  / V2: N,Dry,Daylight,Clear,0.16,0,78,62,FALSE,41.90261305,-71.35590872
21038,7/30/2021,July,Friday,16:47,1,2,0,0,Rear-end,V1: Entering traffic lane / V2: Entering traffic lane,V1: N  / V2: N,Dry,Daylight,Clear,0.16,0,78,62,FALSE,41.90235067,-71.35584227
21039,7/30/2021,July,Friday,23:54,2,3,0,0,Rear-end,V1: Slowing or stopped in traffic / V2: Travelling straight ahead / V3: Travelling straight ahead,V1: S  / V2: S  / V3: S,Dry,Dark - roadway not lighted,Clear,0.16,0,78,62,FALSE,41.96258449,-71.29956972
21040,7/31/2021,July,Saturday,12:59,1,2,0,0,Angle,V1: Entering traffic lane / V2: Travelling straight ahead,V1: S  / V2: W,Dry,Daylight,Clear,0,0,80,52,FALSE,41.92141393,-71.35534523
21041,7/31/2021,July,Saturday,16:27,2,2,0,0,Angle,V1: 0 / V2: 0,V1: N  / V2: N,Dry,Daylight,Clear,0,0,80,52,FALSE,41.8994172,-71.35514371
21042,8/1/2021,August,Sunday,3:14,1,1,0,0,Single vehicle crash,V1: Travelling straight ahead,V1: N,Dry,Dark - roadway not lighted,Clear,0,0,74,51,FALSE,41.89646875,-71.37371212
21043,8/1/2021,August,Sunday,10:53,1,2,0,0,"Sideswipe, same direction",V1: Other / V2: Parked,V1: E  / V2: E,Dry,Daylight,Clear,0,0,74,51,FALSE,41.93115985,-71.26031225
21044,8/2/2021,August,Monday,7:52,1,2,0,0,Rear-end,V1: Travelling straight ahead / V2: Slowing or stopped in traffic,V1: S  / V2: S,Dry,Daylight,Clear,0.01,0,76,55,FALSE,41.94608007,-71.27489362
21045,8/2/2021,August,Monday,16:38,1,2,0,0,Rear-end,V1: Slowing or stopped in traffic / V2: Slowing or stopped in traffic,V1: S  / V2: S,Dry,Daylight,Clear,0.01,0,76,55,FALSE,41.90261305,-71.35590872
21046,8/2/2021,August,Monday,17:53,1,2,0,0,Angle,V1: Entering traffic lane / V2: Travelling straight ahead,V1: S  / V2: W,Dry,Daylight,Clear,0.01,0,76,55,FALSE,41.95076301,-71.27397064
21047,8/3/2021,August,Tuesday,15:33,1,2,0,0,Front to Front,V1: Entering traffic lane / V2: Travelling straight ahead,V1: W  / V2: N,Dry,Daylight,Clear,0,0,78,55,FALSE,41.91816134,-71.25763888
21048,8/3/2021,August,Tuesday,16:55,2,1,0,0,Single vehicle crash,V1: Travelling straight ahead,V1: N,Dry,Daylight,Clear,0,0,78,55,FALSE,41.90055148,-71.37197422
21049,8/4/2021,August,Wednesday,12:24,1,2,0,0,Rear-end,V1: Slowing or stopped in traffic / V2: Travelling straight ahead,V1: N  / V2: N,Dry,Daylight,Clear,0,0,76,58,FALSE,41.91463957,-71.35904891
21050,8/4/2021,August,Wednesday,15:33,1,2,0,0,"Sideswipe, same direction",V1: Changing lanes / V2: Travelling straight ahead,V1: S  / V2: S,Dry,Daylight,Cloudy,0,0,76,58,FALSE,41.91758766,-71.35954516
21051,8/4/2021,August,Wednesday,16:58,1,2,0,0,Rear-end,V1: Travelling straight ahead / V2: Slowing or stopped in traffic,V1: N  / V2: N,Dry,Daylight,Clear,0,0,76,58,FALSE,41.90235067,-71.35584227
21052,8/4/2021,August,Wednesday,18:27,2,2,0,0,Front to Front,V1: Turning left / V2: Travelling straight ahead,V1: E  / V2: S,Wet,Dark - lighted roadway,Cloudy/Rain,0,0,76,58,FALSE,41.92779522,-71.35458133
21053,8/4/2021,August,Wednesday,19:39,1,1,0,0,Single vehicle crash,V1: Turning right,V1: N,Wet,Daylight,Rain,0,0,76,58,FALSE,41.95455706,-71.30783135
21054,8/5/2021,August,Thursday,7:05,2,1,0,0,Single vehicle crash,V1: Travelling straight ahead,V1: S,Wet,Daylight,Rain,1.88,0,74,61,FALSE,34.24438675,-73.6513909
21055,8/5/2021,August,Thursday,12:45,2,2,0,0,Rear-end,V1: Travelling straight ahead / V2: Slowing or stopped in traffic,V1: N  / V2: N,Dry,Daylight,Clear,1.88,0,74,61,FALSE,41.93906185,-71.31501522
21056,8/5/2021,August,Thursday,22:38,1,1,0,0,Head-on,V1: Travelling straight ahead,V1: N,Dry,Dark - lighted roadway,Clear,1.88,0,74,61,FALSE,41.94569152,-71.28920317
21057,8/6/2021,August,Friday,1:08,2,1,0,0,Single vehicle crash,V1: Travelling straight ahead,V1: E,Dry,Dark - lighted roadway,Clear,1.34,0,68,61,FALSE,41.93311361,-71.29822874
21058,8/6/2021,August,Friday,11:29,1,2,0,0,Angle,V1: Making U-turn / V2: Parked,V1: S  / V2: U,Dry,Daylight,Clear,1.34,0,68,61,FALSE,41.93115985,-71.26031225
21059,8/6/2021,August,Friday,12:16,1,2,0,0,Rear-end,V1: Travelling straight ahead / V2: Slowing or stopped in traffic,V1: N  / V2: N,Dry,Daylight,Clear,1.34,0,68,61,FALSE,42.02461947,-71.21641749
21060,8/6/2021,August,Friday,16:48,1,2,0,0,Angle,V1: Turning right / V2: Travelling straight ahead,V1: N  / V2: N,Dry,Daylight,Clear,1.34,0,68,61,FALSE,41.90078751,-71.36803212
21061,8/6/2021,August,Friday,21:28,1,2,0,0,Angle,V1: Turning right / V2: Slowing or stopped in traffic,V1: S  / V2: E,Dry,Dark - lighted roadway,Clear,1.34,0,68,61,FALSE,41.95437985,-71.25499915
21062,8/7/2021,August,Saturday,12:09,1,2,0,0,Angle,V1: Turning left / V2: Travelling straight ahead,V1: E  / V2: W,Dry,Daylight,Clear,0,0,84,64,FALSE,41.96927257,-71.2955191
21063,8/7/2021,August,Saturday,21:23,1,2,0,0,Rear-end,V1: Turning right / V2: Turning right,V1: S  / V2: S,Dry,Daylight,Clear,0,0,84,64,FALSE,41.96949836,-71.29196133
21064,8/8/2021,August,Sunday,8:53,1,2,0,0,Front to Front,V1: Turning left / V2: Travelling straight ahead,V1: S  / V2: N,Dry,Daylight,Clear,0,0,87,65,FALSE,41.90086768,-71.36799094
21065,8/8/2021,August,Sunday,12:51,1,2,0,0,Front to Front,V1: Entering traffic lane / V2: Travelling straight ahead,V1: E  / V2: S,Dry,Daylight,Clear,0,0,87,65,FALSE,41.92007514,-71.35849274
21066,8/8/2021,August,Sunday,16:38,1,2,0,0,Angle,V1: Travelling straight ahead / V2: Travelling straight ahead,V1: N  / V2: W,Dry,Daylight,Clear,0,0,87,65,FALSE,41.94040539,-71.28014995
21067,8/8/2021,August,Sunday,17:14,1,2,0,0,"Sideswipe, same direction",V1: Overtaking/passing / V2: Travelling straight ahead,V1: E  / V2: E,Dry,Daylight,Clear,0,0,87,65,FALSE,41.93402027,-71.31583561
21068,8/8/2021,August,Sunday,17:23,1,1,0,0,Single vehicle crash,V1: Turning left,V1: S,Dry,Daylight,Clear,0,0,87,65,FALSE,41.90606362,-71.29968918
21069,8/8/2021,August,Sunday,22:34,2,3,0,0,Rear-end,V1: Travelling straight ahead / V2: Slowing or stopped in traffic / V3: Slowing or stopped in traffic,V1: S  / V2: S  / V3: S,Dry,Dark - roadway not lighted,Clear,0,0,87,65,FALSE,41.96019969,-71.30118155
21070,8/9/2021,August,Monday,12:39,1,2,0,0,Angle,V1: Turning left / V2: Travelling straight ahead,V1: S  / V2: N,Dry,Daylight,Clear,0,0,80,67,FALSE,41.92779522,-71.35458133
21071,8/9/2021,August,Monday,15:03,1,2,0,0,"Sideswipe, same direction",V1: Changing lanes / V2: Travelling straight ahead,V1: N  / V2: N,Dry,Daylight,Cloudy,0,0,80,67,FALSE,41.90265223,-71.35452903
21072,8/9/2021,August,Monday,21:52,1,2,0,0,Front to Rear,V1: Backing / V2: Parked,V1: S  / V2: N,Wet,Dark - lighted roadway,Cloudy/Rain,0,0,80,67,FALSE,41.94422049,-71.28111814
21073,8/10/2021,August,Tuesday,1:30,1,1,0,0,Single vehicle crash,V1: Travelling straight ahead,V1: S,Dry,Dark - lighted roadway,Clear,0.24,0,76,65,FALSE,41.90529604,-71.33573163
21074,8/10/2021,August,Tuesday,11:47,1,1,0,0,Single vehicle crash,V1: Travelling straight ahead,V1: 0,Dry,Daylight,Clear,0.24,0,76,65,FALSE,41.89575625,-71.37060115
21075,8/10/2021,August,Tuesday,12:16,1,2,0,0,Angle,V1: Turning left / V2: Travelling straight ahead,V1: W  / V2: W,Dry,Daylight,Cloudy,0.24,0,76,65,FALSE,41.94775141,-71.27870549
21076,8/10/2021,August,Tuesday,15:08,1,1,0,0,"Sideswipe, same direction",V1: Slowing or stopped in traffic,V1: E,Dry,Daylight,Cloudy,0.24,0,76,65,FALSE,41.9483337,-71.27794679
21077,8/10/2021,August,Tuesday,15:45,1,2,0,0,Rear-end,V1: Entering traffic lane / V2: Slowing or stopped in traffic,V1: N  / V2: N,Dry,Daylight,Clear,0.24,0,76,65,FALSE,41.9552722,-71.30385594
21078,8/10/2021,August,Tuesday,17:44,2,1,0,0,Single vehicle crash,V1: Travelling straight ahead,V1: E,Dry,Daylight,Clear,0.24,0,76,65,FALSE,41.98174108,-71.27578697
21079,8/11/2021,August,Wednesday,12:56,1,3,0,0,Angle,V1: Changing lanes / V2: Slowing or stopped in traffic / V3: Travelling straight ahead,V1: S  / V2: S  / V3: S,Dry,Daylight,Clear,0,0,78,66,FALSE,41.94500754,-71.28475419
21080,8/11/2021,August,Wednesday,13:23,1,2,0,0,Rear-end,V1: Entering traffic lane / V2: Slowing or stopped in traffic,V1: S  / V2: S,Dry,Daylight,Clear,0,0,78,66,FALSE,41.90235067,-71.35584227
21081,8/11/2021,August,Wednesday,15:30,1,2,0,0,Rear-end,V1: Travelling straight ahead / V2: Slowing or stopped in traffic,V1: E  / V2: E,Dry,Daylight,Clear,0,0,78,66,FALSE,41.93391909,-71.32115817
21082,8/11/2021,August,Wednesday,19:55,1,1,0,0,Single vehicle crash,V1: Travelling straight ahead,V1: N,Dry,Daylight,Clear,0,0,78,66,FALSE,41.94417279,-71.31135995
21083,8/12/2021,August,Thursday,15:40,2,2,0,0,Rear-end,V1: Slowing or stopped in traffic / V2: Travelling straight ahead,V1: S  / V2: S,Dry,Daylight,Clear,0,0,89,72,FALSE,41.901364,-71.36011323
21084,8/12/2021,August,Thursday,16:30,2,2,0,0,Angle,V1: Turning left / V2: Travelling straight ahead,V1: N  / V2: W,Dry,Daylight,Clear,0,0,89,72,FALSE,41.92298549,-71.35714758
21085,8/12/2021,August,Thursday,16:45,1,3,0,0,Front to Rear,V1: Travelling straight ahead / V2: Slowing or stopped in traffic / V3: Slowing or stopped in traffic,V1: E  / V2: E  / V3: E,Dry,Daylight,Clear,0,0,89,72,FALSE,41.94450501,-71.28411703
21086,8/12/2021,August,Thursday,17:03,1,2,0,0,Angle,V1: Changing lanes / V2: Travelling straight ahead,V1: E  / V2: E,Dry,Daylight,Clear,0,0,89,72,FALSE,41.95062466,-71.27426624
21087,8/12/2021,August,Thursday,19:14,1,2,0,0,Angle,V1: Turning left / V2: Travelling straight ahead,V1: N  / V2: S,Dry,Dusk,Cloudy,0,0,89,72,FALSE,41.92636164,-71.3556229
21088,8/12/2021,August,Thursday,22:13,2,2,0,0,Front to Rear,V1: Travelling straight ahead / V2: Travelling straight ahead,V1: N  / V2: N,Dry,Dark - lighted roadway,Clear,0,0,89,72,FALSE,41.90538488,-71.36569048
21089,8/13/2021,August,Friday,17:15,2,2,0,0,Front to Front,V1: Turning left / V2: Travelling straight ahead,V1: N  / V2: W,Dry,Daylight,Clear,0,0,90,71,FALSE,41.94928318,-71.28964082
21090,8/14/2021,August,Saturday,12:31,1,2,0,0,Angle,V1: Turning left / V2: Turning left,V1: E  / V2: S,Dry,Daylight,Clear,0,0,92,71,FALSE,41.91760691,-71.31957433
21091,8/14/2021,August,Saturday,12:44,1,1,0,0,Single vehicle crash,V1: Backing,V1: W,Wet,Daylight,Clear,0,0,92,71,FALSE,41.92212692,-71.26003442
21092,8/15/2021,August,Sunday,10:48,1,1,0,0,Single vehicle crash,V1: Travelling straight ahead,V1: E,Dry,Daylight,Clear,0,0,89,65,FALSE,41.93878481,-71.26945729
21093,8/15/2021,August,Sunday,14:02,2,4,0,0,Front to Rear,V1: Travelling straight ahead / V2: Travelling straight ahead / V3: Travelling straight ahead / V4: Slowing or stopped in traffic,V1: N  / V2: N  / V3: N  / V4: N,Dry,Daylight,Clear,0,0,89,65,FALSE,41.92779522,-71.35458133
21094,8/15/2021,August,Sunday,17:56,1,2,0,0,Rear to Side,V1: Backing / V2: Parked,V1: E  / V2: 0,Dry,Daylight,Clear,0,0,89,65,FALSE,41.90589809,-71.29942831
21095,8/16/2021,August,Monday,9:30,1,2,0,0,Rear-end,V1: Travelling straight ahead / V2: Slowing or stopped in traffic,V1: N  / V2: N,Dry,Daylight,Clear,0,0,79,59,FALSE,41.94676586,-71.30962687
21096,8/16/2021,August,Monday,10:52,2,2,0,0,Angle,V1: Travelling straight ahead / V2: Travelling straight ahead,V1: E  / V2: E,Dry,Daylight,Clear,0,0,79,59,FALSE,41.95212799,-71.27087016
21097,8/16/2021,August,Monday,15:36,2,2,0,0,Angle,V1: Turning left / V2: Travelling straight ahead,V1: E  / V2: N,Dry,Daylight,Clear,0,0,79,59,FALSE,41.93357119,-71.30035285
21098,8/16/2021,August,Monday,17:57,0,2,0,0,"Sideswipe, same direction",V1: Travelling straight ahead / V2: Parked,V1: E  / V2: E,Dry,Daylight,Clear,0,0,79,59,FALSE,41.94563994,-71.27937153
21099,8/16/2021,August,Monday,17:57,1,2,0,0,"Sideswipe, same direction",V1: Travelling straight ahead / V2: Parked,V1: E  / V2: E,Dry,Daylight,Clear,0,0,79,59,FALSE,41.94563994,-71.27937153
21100,8/17/2021,August,Tuesday,11:53,1,1,0,0,Single vehicle crash,V1: Travelling straight ahead,V1: S,Dry,Daylight,Clear,0,0,79,59,FALSE,41.94450749,-71.30868749
21101,8/17/2021,August,Tuesday,11:56,1,1,0,0,Rear-end,V1: Turning right,V1: W,Dry,Daylight,Clear,0,0,79,59,FALSE,41.90502792,-71.35623417
21102,8/17/2021,August,Tuesday,16:42,1,2,0,0,Angle,V1: Turning left / V2: Travelling straight ahead,V1: E  / V2: N,Dry,Daylight,Clear,0,0,79,59,FALSE,41.90964751,-71.36351027
21103,8/17/2021,August,Tuesday,17:20,1,2,0,0,"Sideswipe, same direction",V2: Travelling straight ahead / V1: Changing lanes,V2: S  / V1: S,Dry,Daylight,Clear,0,0,79,59,FALSE,41.90603767,-71.34594854
21104,8/17/2021,August,Tuesday,18:37,1,2,0,0,Rear-to-rear,V1: Backing / V2: Parked,V1: E  / V2: S,Dry,Dark - lighted roadway,Clear,0,0,79,59,FALSE,41.9119385,-71.26322023
21105,8/17/2021,August,Tuesday,21:07,1,3,0,0,Rear-end,V1: Travelling straight ahead / V2: Slowing or stopped in traffic / V3: Slowing or stopped in traffic,V1: E  / V2: E  / V3: E,Dry,Dark - lighted roadway,Clear,0,0,79,59,FALSE,41.95287787,-71.26899686
21106,8/18/2021,August,Wednesday,5:01,2,1,0,0,Single vehicle crash,V1: Leaving traffic lane,V1: E,Dry,Dark - lighted roadway,Clear,0,0,81,60,FALSE,41.95437985,-71.25499915
21107,8/18/2021,August,Wednesday,12:10,1,1,0,0,"Sideswipe, same direction",V1: Turning left,V1: E,Dry,Daylight,Clear,0,0,81,60,FALSE,41.95437985,-71.25499915
21108,8/18/2021,August,Wednesday,13:17,1,1,0,0,Head-on,V1: Travelling straight ahead,V1: E,Dry,Daylight,Clear,0,0,81,60,FALSE,41.94471683,-71.28233543
21109,8/18/2021,August,Wednesday,13:49,1,3,0,0,Rear-end,V1: Travelling straight ahead / V2: Slowing or stopped in traffic / V3: Slowing or stopped in traffic,V1: E  / V2: E  / V3: E,Dry,Daylight,Clear,0,0,81,60,FALSE,41.93393836,-71.3077318
21110,8/18/2021,August,Wednesday,16:12,1,2,0,0,Angle,V1: Turning left / V2: Travelling straight ahead,V1: S  / V2: W,Dry,Daylight,Cloudy,0,0,81,60,FALSE,41.91035947,-71.36314658
21111,8/18/2021,August,Wednesday,16:28,2,2,0,0,Angle,V1: Turning left / V2: Travelling straight ahead,V1: S  / V2: N,Dry,Daylight,Clear,0,0,81,60,FALSE,41.90765164,-71.36452992
21112,8/18/2021,August,Wednesday,16:32,2,2,0,0,Angle,V1: Turning left / V2: Travelling straight ahead,V1: N  / V2: S,Dry,Daylight,Clear,0,0,81,60,FALSE,41.90086768,-71.36799094
21113,8/18/2021,August,Wednesday,19:30,1,2,0,0,Angle,V1: Turning left / V2: Turning left,V1: N  / V2: W,Dry,Dusk,Clear,0,0,81,60,FALSE,41.89642653,-71.37125251
21114,8/18/2021,August,Wednesday,21:45,1,2,0,0,Rear-end,V1: Turning right / V2: Changing lanes,V1: N  / V2: N,Dry,Dark - lighted roadway,Clear,0,0,81,60,FALSE,41.91707062,-71.3597656
21115,8/18/2021,August,Wednesday,21:58,2,3,0,0,Rear-end,V1: Slowing or stopped in traffic / V2: Travelling straight ahead / V3: Travelling straight ahead,V1: S  / V2: S  / V3: S,Dry,Dark - roadway not lighted,Clear,0,0,81,60,FALSE,41.95712595,-71.30266193
21116,8/18/2021,August,Wednesday,22:40,1,2,0,0,Rear-end,V1: Slowing or stopped in traffic / V2: Travelling straight ahead,V1: N  / V2: N,Dry,Dark - lighted roadway,Clear,0,0,81,60,FALSE,41.96230537,-71.29917732
21117,8/19/2021,August,Thursday,17:53,1,2,0,0,Rear-end,V1: Travelling straight ahead / V2: Travelling straight ahead,V1: S  / V2: S,Dry,Daylight,Clear,0,0,83,69,FALSE,41.9693978,-71.29147118
21118,8/19/2021,August,Thursday,23:11,1,1,0,0,Single vehicle crash,V1: Travelling straight ahead,V1: W,Dry,Dark - lighted roadway,Clear,0,0,83,69,FALSE,41.91590989,-71.36463662
21119,8/20/2021,August,Friday,6:27,1,2,0,0,Angle,V1: Overtaking/passing / V2: Slowing or stopped in traffic,V1: N  / V2: N,Dry,Daylight,Clear,0.58,0,81,72,FALSE,41.93421769,-71.2996754
21120,8/20/2021,August,Friday,9:32,1,1,0,0,Single vehicle crash,V1: Turning left,V1: E,Dry,Daylight,Clear,0.58,0,81,72,FALSE,34.24438675,-73.6513909
21121,8/20/2021,August,Friday,12:16,1,2,0,0,Front to Rear,V1: Travelling straight ahead / V2: Slowing or stopped in traffic,V1: N  / V2: N,Dry,Daylight,Cloudy,0.58,0,81,72,FALSE,41.92995734,-71.35346571
21122,8/20/2021,August,Friday,13:04,1,2,0,0,"Sideswipe, same direction",V1: Changing lanes / V2: Travelling straight ahead,V1: N  / V2: N,Dry,Daylight,Cloudy,0.58,0,81,72,FALSE,41.89541252,-71.37076534
21123,8/20/2021,August,Friday,14:23,1,2,0,0,Front to Rear,V1: Travelling straight ahead / V2: Slowing or stopped in traffic,V1: E  / V2: E,Dry,Daylight,Clear,0.58,0,81,72,FALSE,41.95229507,-71.27053131
21124,8/20/2021,August,Friday,15:18,1,2,0,0,Rear-end,V1: Travelling straight ahead / V2: Changing lanes,V1: S  / V2: S,Dry,Daylight,Clear,0.58,0,81,72,FALSE,41.93755886,-71.31684792
21125,8/20/2021,August,Friday,16:20,2,2,0,0,Angle,V1: Travelling straight ahead / V2: Travelling straight ahead,V1: W  / V2: S,Dry,Daylight,Clear,0.58,0,81,72,FALSE,41.89860391,-71.36416943