ID,DATE,Month,Day of week,Crash Time,Crash Severity,Number of Vehicles,Total Nonfatal Injuries,Total Fatal Injuries,Manner of Collision,Vehicle Action Prior to Crash,Vehicle Travel Directions,Road Surface Condition,Ambient Light,Weather Condition,PRCP,SNOW,TMAX,TMIN,Ice,Longtitute,Latitute
21126,8/20/2021,August,Friday,20:27,2,2,0,0,Front to Rear,V1: Changing lanes / V2: Slowing or stopped in traffic,V1: S  / V2: S,Dry,Dark - lighted roadway,Clear,0.58,0,81,72,FALSE,41.92106953,-71.35806074
21127,8/21/2021,August,Saturday,8:14,2,1,0,0,Single vehicle crash,V1: Travelling straight ahead,V1: E,Dry,Daylight,Clear,0,0,80,69,FALSE,41.90922811,-71.28635908
21128,8/21/2021,August,Saturday,10:09,1,2,0,0,Angle,V1: Travelling straight ahead / V2: Travelling straight ahead,V1: W  / V2: S,Dry,Daylight,Clear,0,0,80,69,FALSE,41.93792082,-71.27222148
21129,8/21/2021,August,Saturday,10:22,0,1,0,0,Single vehicle crash,V1: Turning right,V1: S,Dry,Daylight,Clear,0,0,80,69,FALSE,41.90407412,-71.35121764
21130,8/21/2021,August,Saturday,13:16,1,2,0,0,Front to Front,V1: Changing lanes / V2: Travelling straight ahead,V1: S  / V2: S,Dry,Daylight,Clear,0,0,80,69,FALSE,41.94860637,-71.28903907
21131,8/22/2021,August,Sunday,17:40,1,1,0,0,Single vehicle crash,V1: Travelling straight ahead,V1: N,Wet,Daylight,Rain,0.18,0,86,70,FALSE,41.95583106,-71.30353318
21132,8/22/2021,August,Sunday,19:52,1,2,0,0,Rear to Side,V1: Backing / V2: Parked,V1: E  / V2: E,Wet,Dark - roadway not lighted,Clear,0.18,0,86,70,FALSE,41.94676705,-71.28453095
21133,8/23/2021,August,Monday,10:43,1,2,0,0,Angle,V1: Entering traffic lane / V2: Travelling straight ahead,V1: W  / V2: N,Dry,Daylight,Clear,0.76,0,76,70,FALSE,41.89618753,-71.37039514
21134,8/23/2021,August,Monday,15:58,1,1,0,0,Single vehicle crash,V1: Travelling straight ahead,V1: N,Wet,Daylight,Cloudy/Rain,0.76,0,76,70,FALSE,41.93732881,-71.28475709
21135,8/24/2021,August,Tuesday,4:44,1,1,0,0,Angle,V1: Turning left,V1: N,Wet,Dark - lighted roadway,Rain,1.89,0,83,69,FALSE,41.93623387,-71.28481204
21136,8/24/2021,August,Tuesday,11:44,1,2,0,0,"Sideswipe, same direction",V1: Changing lanes / V2: Travelling straight ahead,V1: N  / V2: N,Dry,Daylight,Clear,1.89,0,83,69,FALSE,41.92508738,-71.35628348
21137,8/24/2021,August,Tuesday,11:59,2,3,0,0,Front to Rear,V1: Slowing or stopped in traffic / V2: Travelling straight ahead / V3: Travelling straight ahead,V1: E  / V2: E  / V3: E,Dry,Daylight,Clear,1.89,0,83,69,FALSE,41.93552039,-71.34125942
21138,8/24/2021,August,Tuesday,12:10,1,2,0,0,Rear-end,V1: Travelling straight ahead / V2: Slowing or stopped in traffic,V1: S  / V2: S,Dry,Daylight,Clear,1.89,0,83,69,FALSE,41.95254086,-71.2699675
21139,8/24/2021,August,Tuesday,14:16,1,2,0,0,Front to Rear,V1: Travelling straight ahead / V2: Slowing or stopped in traffic,V1: N  / V2: N,Dry,Daylight,Clear,1.89,0,83,69,FALSE,41.95181537,-71.28985984
21140,8/24/2021,August,Tuesday,17:50,2,1,0,0,Head-on,V1: Travelling straight ahead,V1: W,Dry,Daylight,Clear,1.89,0,83,69,FALSE,41.9206105,-71.30991673
21141,8/24/2021,August,Tuesday,20:05,2,4,0,0,"Sideswipe, same direction",V1: Turning right / V2: Travelling straight ahead / V3: Turning left / V4: Travelling straight ahead,V1: S  / V2: S  / V3: S  / V4: S,Dry,Dark - roadway not lighted,Clear,1.89,0,83,69,FALSE,41.901364,-71.36011323
21142,8/24/2021,August,Tuesday,22:30,1,4,0,0,Rear-end,V1: Travelling straight ahead / V2: Slowing or stopped in traffic / V3: Slowing or stopped in traffic / V4: Slowing or stopped in traffic,V1: S  / V2: S  / V3: S  / V4: S,Dry,Dark - roadway not lighted,Clear,1.89,0,83,69,FALSE,41.90782913,-71.34290124
21143,8/25/2021,August,Wednesday,6:20,2,2,0,0,Rear-end,V1: Travelling straight ahead / V2: Travelling straight ahead,V1: N  / V2: N,Dry,Dawn,Clear,0,0,84,69,FALSE,41.97331482,-71.29479503
21144,8/25/2021,August,Wednesday,8:22,1,2,0,0,Front to Rear,V2: Travelling straight ahead / V1: Turning left,V2: W  / V1: N,Dry,Daylight,Clear,0,0,84,69,FALSE,41.9340587,-71.3157935
21145,8/25/2021,August,Wednesday,13:47,1,2,0,0,"Sideswipe, same direction",V1: Changing lanes / V2: Travelling straight ahead,V1: W  / V2: W,Dry,Daylight,Clear,0,0,84,69,FALSE,41.92111111,-71.35572736
21146,8/25/2021,August,Wednesday,14:53,2,2,0,0,Rear-end,V1: Entering traffic lane / V2: Entering traffic lane,V1: E  / V2: E,Dry,Daylight,Clear,0,0,84,69,FALSE,41.93391909,-71.32115817
21147,8/25/2021,August,Wednesday,22:25,0,1,0,0,Angle,V1: Parked,V1: U,Dry,Dark - lighted roadway,Clear,0,0,84,69,FALSE,41.94177388,-71.28024666
21148,8/26/2021,August,Thursday,8:26,2,3,0,0,"Sideswipe, same direction",V1: Changing lanes / V2: Travelling straight ahead / V3: Travelling straight ahead,V1: S  / V2: S  / V3: S,Dry,Daylight,Clear,0,0,87,68,FALSE,41.95593405,-71.30346756
21149,8/26/2021,August,Thursday,16:53,1,2,0,0,Front to Rear,V1: Slowing or stopped in traffic / V2: Entering traffic lane,V1: W  / V2: 0,Dry,Daylight,Clear,0,0,87,68,FALSE,41.93127032,-71.29114995
21150,8/26/2021,August,Thursday,17:18,1,2,0,0,"Sideswipe, same direction",V1: Changing lanes / V2: Travelling straight ahead,V1: S  / V2: S,Dry,Daylight,Clear,0,0,87,68,FALSE,41.94431166,-71.28140275
21151,8/26/2021,August,Thursday,18:12,1,2,0,0,Angle,V1: Making U-turn / V2: Travelling straight ahead,V1: N  / V2: N,Dry,Daylight,Clear,0,0,87,68,FALSE,41.91130764,-71.35852374
21152,8/26/2021,August,Thursday,19:19,1,2,0,0,Front to Rear,V1: Travelling straight ahead / V2: Travelling straight ahead,V1: N  / V2: N,Dry,Daylight,Clear,0,0,87,68,FALSE,41.9236983,-71.35683112
21153,8/27/2021,August,Friday,12:50,1,2,0,0,Front to Rear,V1: Travelling straight ahead / V2: Slowing or stopped in traffic,V1: N  / V2: N,Dry,Daylight,Clear,0,0,91,69,FALSE,41.94509647,-71.24796938
21154,8/27/2021,August,Friday,17:23,1,2,0,0,Angle,V1: Travelling straight ahead / V2: Travelling straight ahead,V1: N  / V2: E,Dry,Daylight,Clear,0,0,91,69,FALSE,41.93569218,-71.28018883
21155,8/27/2021,August,Friday,20:43,1,2,0,0,Angle,V1: Travelling straight ahead / V2: Travelling straight ahead,V1: E  / V2: N,Dry,Dark - lighted roadway,Clear,0,0,91,69,FALSE,41.92422345,-71.35676094
21156,8/28/2021,August,Saturday,12:11,1,2,0,0,Front to Rear,V1: Changing lanes / V2: Travelling straight ahead,V1: S  / V2: S,Dry,Daylight,Clear,0,0,90,67,FALSE,41.92298549,-71.35714758
21157,8/29/2021,August,Sunday,0:00,1,2,0,0,"Sideswipe, same direction",V1: Overtaking/passing / V2: Other,V1: W  / V2: W,Dry,Dark - lighted roadway,Clear,0.02,0,73,61,FALSE,41.91446663,-71.36106546
21158,8/29/2021,August,Sunday,11:50,1,2,0,0,Angle,V1: Backing / V2: Parked,V1: S,Dry,Daylight,Clear,0.02,0,73,61,FALSE,41.9227029,-71.35736851
21159,8/29/2021,August,Sunday,17:19,1,1,0,0,Single vehicle crash,V1: Travelling straight ahead,V1: S,Dry,Daylight,Clear,0.02,0,73,61,FALSE,41.95392753,-71.31660755
21160,8/29/2021,August,Sunday,20:15,1,2,0,0,Rear-end,V1: Other / V2: Travelling straight ahead,V1: S  / V2: S,Dry,Dark - roadway not lighted,Cloudy,0.02,0,73,61,FALSE,41.92212342,-71.32976831
21161,8/29/2021,August,Sunday,23:06,1,2,0,0,Rear-end,V1: Slowing or stopped in traffic / V2: Slowing or stopped in traffic,V1: S  / V2: S,Dry,Dark - 0 roadway lighting,Clear,0.02,0,73,61,FALSE,41.96019116,-71.30118086
21162,8/30/2021,August,Monday,14:18,2,2,0,0,Angle,V1: Turning right / V2: Travelling straight ahead,V1: W  / V2: S,Dry,Daylight,Clear,0,0,72,61,FALSE,41.94330896,-71.27265641
21163,8/30/2021,August,Monday,14:32,1,2,0,0,Rear-end,V1: Slowing or stopped in traffic / V2: Travelling straight ahead,V1: S  / V2: S,Dry,Daylight,Clear,0,0,72,61,FALSE,41.91653724,-71.36001753
21164,8/30/2021,August,Monday,18:40,1,2,0,0,Front to Rear,V1: Travelling straight ahead / V2: Slowing or stopped in traffic,V1: W  / V2: W,Dry,Daylight,Clear,0,0,72,61,FALSE,41.93401501,-71.31496153
21165,8/31/2021,August,Tuesday,14:38,1,2,0,0,Rear-end,V1: Changing lanes / V2: Travelling straight ahead,V1: N  / V2: S,Dry,Daylight,Clear,0,0,83,67,FALSE,41.89861001,-71.36943215
21166,8/31/2021,August,Tuesday,14:55,2,1,0,0,Front to Rear,V1: Slowing or stopped in traffic,V1: W,Dry,Daylight,Clear,0,0,83,67,FALSE,41.94461786,-71.29001803
21167,8/31/2021,August,Tuesday,17:23,1,2,0,0,Angle,V1: Making U-turn / V2: Turning right,V1: S  / V2: S,Dry,Daylight,Clear,0,0,83,67,FALSE,41.92508738,-71.35628348
21168,8/31/2021,August,Tuesday,21:32,1,2,0,0,Rear-end,V1: Travelling straight ahead / V2: Slowing or stopped in traffic,V1: S  / V2: S,Dry,Dark - lighted roadway,Clear,0,0,83,67,FALSE,41.91707062,-71.3597656
21169,9/1/2021,September,Wednesday,13:05,1,2,0,0,Angle,V1: Backing / V2: Parked,V1: E  / V2: 0,Wet,Daylight,Cloudy/Rain,0,0,80,62,FALSE,41.92106953,-71.35806074
21170,9/1/2021,September,Wednesday,14:19,1,2,0,0,Front to Rear,V1: Travelling straight ahead / V2: Slowing or stopped in traffic,V1: W  / V2: W,Wet,Daylight,Cloudy/Rain,0,0,80,62,FALSE,41.92446027,-71.28906706
21171,9/1/2021,September,Wednesday,15:00,2,1,0,0,Single vehicle crash,V1: Travelling straight ahead,V1: E,Wet,Daylight,Rain,0,0,80,62,FALSE,41.90939722,-71.28575838
21172,9/1/2021,September,Wednesday,15:25,1,2,0,0,Front to Front,V1: Turning left / V2: Travelling straight ahead,V1: E  / V2: W,Wet,Daylight,Rain,0,0,80,62,FALSE,41.9517073,-71.27169643
21173,9/1/2021,September,Wednesday,16:30,1,2,0,0,Angle,V1: Turning left / V2: Travelling straight ahead,V1: S  / V2: E,Wet,Daylight,Cloudy/Rain,0,0,80,62,FALSE,41.92014284,-71.35719783
21174,9/1/2021,September,Wednesday,20:57,1,2,0,0,Front to Front,V1: Travelling straight ahead / V2: Parked,V1: W  / V2: U,Wet,Dark - lighted roadway,Rain,0,0,80,62,FALSE,41.93477499,-71.30047383
21175,9/2/2021,September,Thursday,2:46,1,2,0,0,"Sideswipe, same direction",V2: Travelling straight ahead / V1: Changing lanes,V2: S  / V1: S,Wet,Dark - roadway not lighted,Rain,4.2,0,71,58,FALSE,41.97072799,-71.29567304
21176,9/2/2021,September,Thursday,4:18,1,1,0,0,Single vehicle crash,V1: Travelling straight ahead,V1: N,Wet,Dark - roadway not lighted,Rain,4.2,0,71,58,FALSE,41.9491839,-71.34309115
21177,9/2/2021,September,Thursday,14:14,1,3,0,0,Front to Rear,V1: Travelling straight ahead / V2: Slowing or stopped in traffic / V3: Travelling straight ahead,V1: E  / V2: E  / V3: E,Dry,Daylight,Clear,4.2,0,71,58,FALSE,41.94386765,-71.28500465
21178,9/2/2021,September,Thursday,15:46,1,2,0,0,Front to Rear,V1: Travelling straight ahead / V2: Slowing or stopped in traffic,V1: S  / V2: S,Dry,Daylight,Clear,4.2,0,71,58,FALSE,41.94047207,-71.28458098
21179,9/3/2021,September,Friday,13:12,1,2,0,0,Angle,V1: Turning left / V2: Travelling straight ahead,V1: N  / V2: S,Dry,Daylight,Clear,0.02,0,72,53,FALSE,41.91775754,-71.35947349
21180,9/3/2021,September,Friday,20:22,2,1,0,0,Single vehicle crash,V1: Travelling straight ahead,V1: S,Dry,Dark - roadway not lighted,Clear,0.02,0,72,53,FALSE,41.92880853,-71.32313961
21181,9/3/2021,September,Friday,22:25,2,2,0,0,"Sideswipe, same direction",V2: Travelling straight ahead / V1: Changing lanes,V2: N  / V1: N,Dry,Dark - roadway not lighted,Clear,0.02,0,72,53,FALSE,41.89857329,-71.36867065
21182,9/4/2021,September,Saturday,3:09,1,1,0,0,Single vehicle crash,V1: Leaving traffic lane,V1: S,Dry,Dark - lighted roadway,Clear,0,0,71,53,FALSE,41.94172858,-71.2694315
21183,9/4/2021,September,Saturday,4:07,2,2,0,0,"Sideswipe, same direction",V1: Travelling straight ahead / V2: Travelling straight ahead,V1: S  / V2: S,Dry,Dark - roadway not lighted,Clear,0,0,71,53,FALSE,41.93757893,-71.316831
21184,9/5/2021,September,Sunday,22:08,2,2,0,0,Head-on,V1: Travelling straight ahead / V2: Travelling straight ahead,V1: E  / V2: W,Dry,Dark - lighted roadway,Clear,0,0,76,53,FALSE,41.93288532,-71.28859338
21185,9/6/2021,September,Monday,0:19,1,1,0,0,"Sideswipe, opposite direction",V1: Turning right,V1: E,Wet,Dark - lighted roadway,Rain,0.09,0,72,58,FALSE,41.94458656,-71.27648461
21186,9/6/2021,September,Monday,5:33,0,1,0,0,Single vehicle crash,V1: Travelling straight ahead,V1: S,Dry,Dark - lighted roadway,Clear,0.09,0,72,58,FALSE,41.96553037,-71.27168885
21187,9/6/2021,September,Monday,12:15,1,1,0,0,Angle,V1: Turning right,V1: W,Dry,Daylight,Clear,0.09,0,72,58,FALSE,41.91653724,-71.36001753
21188,9/6/2021,September,Monday,14:27,1,1,0,0,Angle,V1: Travelling straight ahead,V1: N,Dry,Daylight,Clear,0.09,0,72,58,FALSE,41.9156364,-71.32216122
21189,9/6/2021,September,Monday,14:56,1,2,0,0,Rear-to-rear,V1: Backing / V2: Parked,V1: W  / V2: 0,Dry,Daylight,Clear,0.09,0,72,58,FALSE,41.89570473,-71.3716154
21190,9/6/2021,September,Monday,17:14,1,1,0,0,Angle,V1: Travelling straight ahead,V1: W,Dry,Daylight,Clear,0.09,0,72,58,FALSE,41.9092031,-71.29477819
21191,9/6/2021,September,Monday,19:22,2,2,0,0,Angle,V1: Travelling straight ahead / V2: Turning left,V1: W  / V2: N,Dry,Dark - lighted roadway,Clear,0.09,0,72,58,FALSE,41.96927257,-71.2955191
21192,9/6/2021,September,Monday,20:54,1,2,0,0,Rear-to-rear,V1: Backing / V2: Parked,V1: S  / V2: E,Dry,Other,Clear,0.09,0,72,58,FALSE,41.89575625,-71.37060115
21193,9/6/2021,September,Monday,21:49,1,2,0,0,Rear-end,V1: Travelling straight ahead / V2: Travelling straight ahead,V1: N  / V2: N,Dry,Dark - roadway not lighted,Clear,0.09,0,72,58,FALSE,41.95565963,-71.30364239
21194,9/7/2021,September,Tuesday,7:08,2,2,0,0,Rear-end,V1: Travelling straight ahead / V2: Slowing or stopped in traffic,V1: N  / V2: N,Dry,Daylight,Clear,0,0,79,55,FALSE,41.95593405,-71.30346756
21195,9/7/2021,September,Tuesday,7:46,1,1,0,0,Angle,V1: Turning right,V1: W,Dry,Daylight,Clear,0,0,79,55,FALSE,41.93407114,-71.31626473
21196,9/7/2021,September,Tuesday,8:02,1,2,0,0,Single vehicle crash,V1: Travelling straight ahead / V2: Slowing or stopped in traffic,V1: N  / V2: N,Dry,Daylight,Clear,0,0,79,55,FALSE,41.90423299,-71.34958247
21197,9/7/2021,September,Tuesday,11:47,1,2,0,0,Front to Rear,V1: Slowing or stopped in traffic / V2: Slowing or stopped in traffic,V1: E  / V2: E,Dry,Daylight,Clear,0,0,79,55,FALSE,41.93357119,-71.30035285
21198,9/7/2021,September,Tuesday,13:37,1,2,0,0,Rear-to-rear,V1: Backing / V2: Backing,V1: S  / V2: E,Dry,Daylight,Clear,0,0,79,55,FALSE,41.9428838,-71.27079218
21199,9/7/2021,September,Tuesday,14:34,2,2,0,0,Front to Rear,V1: Changing lanes / V2: Slowing or stopped in traffic,V1: S  / V2: S,Dry,Daylight,Clear,0,0,79,55,FALSE,41.91420582,-71.36119766
21200,9/7/2021,September,Tuesday,16:58,2,2,0,0,Angle,V1: Turning left / V2: Travelling straight ahead,V1: N  / V2: W,Dry,Daylight,Clear,0,0,79,55,FALSE,41.96936139,-71.29423524
21201,9/7/2021,September,Tuesday,19:40,2,2,0,0,Rear-end,V1: Travelling straight ahead / V2: Travelling straight ahead,V1: E  / V2: E,Dry,Dark - lighted roadway,Clear,0,0,79,55,FALSE,41.90960727,-71.28522345
21202,9/8/2021,September,Wednesday,4:39,1,1,0,0,Single vehicle crash,V1: Travelling straight ahead,V1: N,Dry,Dark - roadway not lighted,Clear,0,0,78,56,FALSE,41.95593405,-71.30346756
21203,9/8/2021,September,Wednesday,6:57,1,2,0,0,Head-on,V1: Travelling straight ahead / V2: Slowing or stopped in traffic,V1: S  / V2: S,Dry,Daylight,Snow,0,0,78,56,FALSE,41.90235067,-71.35584227
21204,9/8/2021,September,Wednesday,9:03,1,2,0,0,Angle,V1: Travelling straight ahead / V2: Travelling straight ahead,V1: N  / V2: W,Dry,Daylight,Clear,0,0,78,56,FALSE,41.94396167,-71.27662963
21205,9/8/2021,September,Wednesday,13:02,1,1,0,0,Angle,V1: Travelling straight ahead,V1: S,Dry,Daylight,Clear,0,0,78,56,FALSE,41.94396388,-71.30988659
21206,9/8/2021,September,Wednesday,14:29,1,2,0,0,"Sideswipe, same direction",V1: Travelling straight ahead / V2: Travelling straight ahead,V1: N  / V2: N,Dry,Daylight,Cloudy,0,0,78,56,FALSE,41.90053869,-71.36201959
21207,9/8/2021,September,Wednesday,21:12,1,1,0,0,Single vehicle crash,V1: Travelling straight ahead,V1: S,Dry,Dark - lighted roadway,Clear,0,0,78,56,FALSE,41.92735418,-71.29819601
21208,9/9/2021,September,Thursday,6:59,1,2,0,0,Angle,V1: Turning left / V2: Travelling straight ahead,V1: W  / V2: S,Wet,Daylight,Cloudy,0.23,0,81,62,FALSE,41.93357119,-71.30035285
21209,9/9/2021,September,Thursday,11:51,2,2,0,0,Angle,V1: Turning left / V2: Travelling straight ahead,V1: S  / V2: W,Wet,Daylight,Rain,0.23,0,81,62,FALSE,41.95234013,-71.29601132
21210,9/9/2021,September,Thursday,12:46,1,2,0,0,Angle,V1: Travelling straight ahead / V2: Entering traffic lane,V1: W  / V2: S,Wet,Daylight,Cloudy,0.23,0,81,62,FALSE,41.95190348,-71.27129776
21211,9/10/2021,September,Friday,6:55,1,2,0,0,Rear-end,V1: Travelling straight ahead / V2: Slowing or stopped in traffic,V1: N  / V2: N,Dry,Daylight,Clear,0.54,0,72,63,FALSE,41.9559325,-71.30347467
21212,9/10/2021,September,Friday,7:15,1,2,0,0,Rear-end,V1: Slowing or stopped in traffic / V2: Travelling straight ahead,V1: N  / V2: N,Wet,Daylight,Clear,0.54,0,72,63,FALSE,41.93158675,-71.32095442
21213,9/10/2021,September,Friday,14:17,1,1,0,0,"Sideswipe, same direction",V1: Travelling straight ahead,V1: W,Dry,Daylight,Clear,0.54,0,72,63,FALSE,41.93305115,-71.24742725
21214,9/10/2021,September,Friday,15:28,1,2,0,0,Angle,V1: Turning left / V2: Travelling straight ahead,V1: W  / V2: N,Dry,Daylight,Clear,0.54,0,72,63,FALSE,41.89733197,-71.36979234
21215,9/10/2021,September,Friday,18:15,1,1,0,0,Front to Rear,V1: Slowing or stopped in traffic,V1: S,Dry,Dusk,Clear,0.54,0,72,63,FALSE,41.94472175,-71.2812504
21216,9/10/2021,September,Friday,20:50,1,2,0,0,"Sideswipe, same direction",V1: Travelling straight ahead / V2: 0,V1: N  / V2: 0,Dry,Dark - roadway not lighted,Clear,0.54,0,72,63,FALSE,41.90448184,-71.34886231
21217,9/11/2021,September,Saturday,7:51,1,2,0,0,Rear-to-rear,V1: Backing / V2: Slowing or stopped in traffic,V1: W  / V2: S,Dry,Daylight,Clear,0,0,74,50,FALSE,41.93426971,-71.29961081
21218,9/11/2021,September,Saturday,16:33,1,2,0,0,Angle,V1: Turning left / V2: Turning right,V1: W  / V2: S,Dry,Daylight,Clear,0,0,74,50,FALSE,41.93723012,-71.28375224
21219,9/11/2021,September,Saturday,17:31,1,1,0,0,Single vehicle crash,V1: Turning left,V1: S,Dry,Daylight,Clear,0,0,74,50,FALSE,41.95276397,-71.26935548
21220,9/11/2021,September,Saturday,22:26,2,1,0,0,Single vehicle crash,V1: Entering traffic lane,V1: S,Dry,Dark - lighted roadway,Clear,0,0,74,50,FALSE,41.91996059,-71.2435861
21221,9/12/2021,September,Sunday,0:09,1,1,0,0,Single vehicle crash,V1: Turning right,V1: N,Dry,Dark - roadway not lighted,Clear,0,0,74,50,FALSE,41.95447109,-71.30193469
21222,9/12/2021,September,Sunday,21:45,1,2,0,0,Angle,V1: Backing / V2: Parked,V1: N  / V2: W,Dry,Dark - lighted roadway,Clear,0,0,74,50,FALSE,41.9156364,-71.32216122
21223,9/13/2021,September,Monday,10:25,1,2,0,0,Angle,V1: Backing / V2: Travelling straight ahead,V1: E  / V2: S,Dry,Daylight,Clear,0,0,79,64,FALSE,41.934985,-71.30345098
21224,9/13/2021,September,Monday,21:45,1,2,0,0,Angle,V1: Turning left / V2: Travelling straight ahead,V1: E  / V2: W,Dry,Dark - lighted roadway,Clear,0,0,79,64,FALSE,41.93409417,-71.29982985
21225,9/14/2021,September,Tuesday,7:05,2,3,0,0,Rear-end,V1: Travelling straight ahead / V2: Slowing or stopped in traffic / V3: Slowing or stopped in traffic,V1: N  / V2: N  / V3: N,Dry,Daylight,Clear,0,0,77,56,FALSE,41.92927403,-71.32377045
21226,9/15/2021,September,Wednesday,17:41,1,1,0,0,Single vehicle crash,V1: Travelling straight ahead,V1: S,Dry,Daylight,Clear,0,0,76,57,FALSE,41.94925054,-71.28416314
21227,9/15/2021,September,Wednesday,17:48,2,4,0,0,Head-on,V1: Overtaking/passing / V2: Travelling straight ahead / V3: Travelling straight ahead / V4: Overtaking/passing,V1: N  / V2: S  / V3: S  / V4: N,Dry,Daylight,Clear,0,0,76,57,FALSE,41.96019116,-71.30118086
21228,9/15/2021,September,Wednesday,18:55,1,2,0,0,Angle,V1: Travelling straight ahead / V2: Turning left,V1: W  / V2: S,Dry,Dark - lighted roadway,Clear,0,0,76,57,FALSE,41.92387717,-71.35158914
21229,9/16/2021,September,Thursday,3:00,1,1,0,0,Single vehicle crash,V1: Turning left,V1: W,Dry,Dark - lighted roadway,Cloudy,0.07,0,82,66,FALSE,41.90998013,-71.35802082
21230,9/16/2021,September,Thursday,9:23,1,2,0,0,Front to Rear,V1: Travelling straight ahead / V2: Travelling straight ahead,V1: S  / V2: S,Wet,Daylight,Cloudy/Rain,0.07,0,82,66,FALSE,41.93920171,-71.29154003
21231,9/17/2021,September,Friday,6:00,1,3,0,0,Rear-end,V1: Travelling straight ahead / V2: Travelling straight ahead / V3: Travelling straight ahead,V1: N  / V2: N  / V3: N,Dry,Dawn,Clear,0.04,0,71,64,FALSE,41.97620167,-71.2944569
21232,9/17/2021,September,Friday,15:25,1,2,0,0,Front to Front,V1: Travelling straight ahead / V2: Parked,V1: W  / V2: U,Dry,Daylight,Cloudy,0.04,0,71,64,FALSE,41.89957255,-71.3551788
21233,9/18/2021,September,Saturday,4:43,2,2,0,0,Rear-end,V1: Travelling straight ahead / V2: Travelling straight ahead,V1: N  / V2: N,Dry,Dark - roadway not lighted,Cloudy,0.01,0,69,63,FALSE,41.95324013,-71.30527176
21234,9/18/2021,September,Saturday,12:18,1,2,0,0,Rear-end,V1: Travelling straight ahead / V2: Travelling straight ahead,V1: S  / V2: S,Dry,Daylight,Cloudy,0.01,0,69,63,FALSE,41.92644259,-71.35554103
21235,9/18/2021,September,Saturday,16:07,1,1,0,0,Single vehicle crash,V1: Turning left,V1: N,Dry,Daylight,Clear,0.01,0,69,63,FALSE,41.92636164,-71.3556229
21236,9/18/2021,September,Saturday,17:45,1,1,0,0,Single vehicle crash,V1: Travelling straight ahead,V1: N,Dry,Dusk,Clear,0.01,0,69,63,FALSE,41.92886018,-71.3230987
21237,9/19/2021,September,Sunday,9:14,1,2,0,0,"Sideswipe, same direction",V1: Turning right / V2: Parked,V1: W  / V2: W,Dry,Daylight,Clear,0.22,0,73,61,FALSE,41.94528617,-71.27550508
21238,9/19/2021,September,Sunday,20:48,1,2,0,0,Angle,V1: Entering traffic lane / V2: Travelling straight ahead,V1: W  / V2: S,Dry,Dark - lighted roadway,Clear,0.22,0,73,61,FALSE,41.90086768,-71.36799094
21239,9/19/2021,September,Sunday,22:09,1,2,0,0,Angle,V1: Travelling straight ahead / V2: Travelling straight ahead,V1: S  / V2: N,Dry,Dark - lighted roadway,Clear,0.22,0,73,61,FALSE,41.93674307,-71.33019829
21240,9/20/2021,September,Monday,11:40,1,2,0,0,Angle,V1: Turning right / V2: Travelling straight ahead,V1: W  / V2: N,Dry,Daylight,Clear,0,0,71,49,FALSE,41.94472175,-71.2812504
21241,9/20/2021,September,Monday,12:19,1,3,0,0,Angle,V1: Backing / V2: Parked / V3: Parked,V1: S  / V2: N  / V3: N,Dry,Daylight,Clear,0,0,71,49,FALSE,41.94570571,-71.28080984
21242,9/20/2021,September,Monday,16:15,0,1,0,0,0,V1: Parked,V1: U,Dry,Daylight,Clear,0,0,71,49,FALSE,41.94591075,-71.28372363
21243,9/21/2021,September,Tuesday,6:30,2,4,0,0,Rear-end,V1: Travelling straight ahead / V2: Slowing or stopped in traffic / V3: Slowing or stopped in traffic / V4: Slowing or stopped in traffic,V1: N  / V2: N  / V3: N  / V4: N,Dry,Daylight,Clear,0,0,72,47,FALSE,41.95245526,-71.32421812
21244,9/21/2021,September,Tuesday,13:52,1,2,0,0,Rear-end,V1: Entering traffic lane / V2: Slowing or stopped in traffic,V1: S  / V2: S,Dry,Daylight,Clear,0,0,72,47,FALSE,41.90235067,-71.35584227
21245,9/21/2021,September,Tuesday,14:07,1,1,0,0,Angle,V1: Turning left,V1: N,Dry,Daylight,Clear,0,0,72,47,FALSE,41.94530164,-71.28527054
21246,9/21/2021,September,Tuesday,15:52,1,3,0,0,Front to Rear,V1: Travelling straight ahead / V2: Slowing or stopped in traffic / V3: Slowing or stopped in traffic,V1: E  / V2: E  / V3: E,Dry,Daylight,Clear,0,0,72,47,FALSE,41.93269195,-71.32821357
21247,9/22/2021,September,Wednesday,5:15,1,1,0,0,Single vehicle crash,V1: Travelling straight ahead,V1: S,Dry,Dark - roadway not lighted,Clear,0,0,74,49,FALSE,41.93349672,-71.32022962
21248,9/22/2021,September,Wednesday,6:17,2,2,0,0,Rear-end,V1: Travelling straight ahead / V2: Travelling straight ahead,V1: N  / V2: N,Dry,Dawn,Clear,0,0,74,49,FALSE,41.95842159,-71.30179282
21249,9/22/2021,September,Wednesday,17:38,1,1,0,0,Single vehicle crash,V1: Slowing or stopped in traffic,V1: E,Dry,Daylight,Clear,0,0,74,49,FALSE,41.94473219,-71.28259534