ID,DATE,Month,Day of week,Crash Time,Crash Severity,Number of Vehicles,Total Nonfatal Injuries,Total Fatal Injuries,Manner of Collision,Vehicle Action Prior to Crash,Vehicle Travel Directions,Road Surface Condition,Ambient Light,Weather Condition,PRCP,SNOW,TMAX,TMIN,Ice,Longtitute,Latitute
21250,9/23/2021,September,Thursday,9:21,2,2,0,0,Angle,V1: Turning left / V2: Travelling straight ahead,V1: E  / V2: S,Wet,Daylight,Clear,0.02,0,76,65,FALSE,41.91619723,-71.35885587
21251,9/23/2021,September,Thursday,11:21,1,2,0,0,Rear to Side,V1: Slowing or stopped in traffic / V2: Other,V1: N  / V2: W,Dry,Daylight,Clear,0.02,0,76,65,FALSE,41.91082438,-71.36291011
21252,9/23/2021,September,Thursday,14:31,1,1,0,0,Angle,V1: Slowing or stopped in traffic,V1: S,Dry,Daylight,Clear,0.02,0,76,65,FALSE,41.94071678,-71.29617566
21253,9/23/2021,September,Thursday,15:17,1,2,0,0,Front to Rear,V2: Travelling straight ahead / V1: Backing,V2: W  / V1: W,Dry,Daylight,Cloudy,0.02,0,76,65,FALSE,41.91640833,-71.33956115
21254,9/23/2021,September,Thursday,20:55,1,1,0,0,Angle,V1: Backing,V1: E,Dry,Dark - lighted roadway,Cloudy,0.02,0,76,65,FALSE,41.95629079,-71.26918902
21255,9/24/2021,September,Friday,3:20,1,1,0,0,Single vehicle crash,V1: Entering traffic lane,V1: N,Dry,Dark - roadway not lighted,Clear,0.09,0,79,68,FALSE,41.95470749,-71.30415952
21256,9/24/2021,September,Friday,5:01,2,2,0,0,Rear-end,V1: Travelling straight ahead / V2: 0,V1: N  / V2: 0,Dry,Dark - roadway not lighted,Clear,0.09,0,79,68,FALSE,41.93158675,-71.32095442
21257,9/24/2021,September,Friday,8:39,1,1,0,0,Single vehicle crash,V1: Travelling straight ahead,V1: E,Dry,Daylight,Cloudy,0.09,0,79,68,FALSE,41.94632519,-71.28704489
21258,9/24/2021,September,Friday,13:57,2,2,0,0,Angle,V1: Travelling straight ahead / V2: Travelling straight ahead,V1: N  / V2: N,Dry,Daylight,Clear,0.09,0,79,68,FALSE,41.90325436,-71.31889204
21259,9/24/2021,September,Friday,15:38,1,2,0,0,"Sideswipe, same direction",V1: Changing lanes / V2: Travelling straight ahead,V1: W  / V2: W,Dry,Daylight,Clear,0.09,0,79,68,FALSE,41.952086,-71.27095074
21260,9/24/2021,September,Friday,16:42,1,1,0,0,Single vehicle crash,V1: Travelling straight ahead,V1: E,Dry,Daylight,Clear,0.09,0,79,68,FALSE,41.93472037,-71.29905084
21261,9/25/2021,September,Saturday,0:42,2,3,0,0,"Sideswipe, same direction",V1: Changing lanes / V2: Travelling straight ahead / V3: Travelling straight ahead,V1: S  / V2: S  / V3: S,Dry,Dark - roadway not lighted,Clear,0.22,0,76,59,FALSE,41.92927403,-71.32377045
21262,9/25/2021,September,Saturday,8:43,1,2,0,0,Angle,V1: Turning left / V2: Travelling straight ahead,V1: S  / V2: E,Dry,Daylight,Clear,0.22,0,76,59,FALSE,41.94431166,-71.28140275
21263,9/25/2021,September,Saturday,13:59,1,2,0,0,Angle,V2: Parked / V1: Turning left,V2: E  / V1: E,Dry,Daylight,Clear,0.22,0,76,59,FALSE,41.92287004,-71.35720242
21264,9/25/2021,September,Saturday,15:47,2,2,0,0,Angle,V1: Travelling straight ahead / V2: Turning right,V1: N  / V2: W,Dry,Daylight,Cloudy,0.22,0,76,59,FALSE,41.94245198,-71.28698244
21265,9/26/2021,September,Sunday,10:07,1,2,0,0,Rear-end,V1: Slowing or stopped in traffic / V2: Slowing or stopped in traffic,V1: N  / V2: N,Dry,Daylight,Clear,0.83,0,75,60,FALSE,41.91619723,-71.35885587
21266,9/26/2021,September,Sunday,19:44,1,2,0,0,"Sideswipe, opposite direction",V1: Turning left / V2: Turning right,V1: N  / V2: S,Dry,Dark - lighted roadway,Clear,0.83,0,75,60,FALSE,41.95087732,-71.27368942
21267,9/28/2021,September,Tuesday,15:35,1,2,0,0,Angle,V1: Turning left / V2: Travelling straight ahead,V1: N  / V2: W,Wet,Daylight,Cloudy/Rain,0,0,72,48,FALSE,41.93397754,-71.31905247
21268,9/28/2021,September,Tuesday,16:40,2,2,0,0,Angle,V1: Making U-turn / V2: Travelling straight ahead,V1: S  / V2: S,Wet,Daylight,Cloudy,0,0,72,48,FALSE,41.89733197,-71.36979234
21269,9/28/2021,September,Tuesday,19:38,1,2,0,0,Angle,V1: Turning left / V2: Travelling straight ahead,V1: N  / V2: S,Dry,Dark - lighted roadway,Clear,0,0,72,48,FALSE,41.9470579,-71.27958171
21270,9/29/2021,September,Wednesday,15:47,1,2,0,0,Angle,V1: Entering traffic lane / V2: Travelling straight ahead,V1: S  / V2: W,Dry,Daylight,Clear,0.48,0,70,48,FALSE,41.95190348,-71.27129776
21271,9/29/2021,September,Wednesday,17:54,1,2,0,0,"Sideswipe, same direction",V1: Changing lanes / V2: Travelling straight ahead,V1: N  / V2: N,Dry,Daylight,Clear,0.48,0,70,48,FALSE,41.91662474,-71.35873978
21272,9/29/2021,September,Wednesday,18:02,1,2,0,0,Front to Rear,V1: Travelling straight ahead / V2: Travelling straight ahead,V1: S  / V2: S,Dry,Daylight,Cloudy,0.48,0,70,48,FALSE,41.92508738,-71.35628348
21273,9/29/2021,September,Wednesday,21:53,1,1,0,0,Angle,V1: Travelling straight ahead,V1: N,"Sand, mud, dirt, oil, gravel",Dark - lighted roadway,Clear,0.48,0,70,48,FALSE,41.91356418,-71.34035593
21274,9/30/2021,September,Thursday,17:32,1,2,0,0,Rear-end,V1: Travelling straight ahead / V2: Travelling straight ahead,V1: S  / V2: S,Dry,Daylight,Clear,0.05,0,63,48,FALSE,41.93423426,-71.2849601
21275,9/30/2021,September,Thursday,18:41,1,1,0,0,Angle,V1: Travelling straight ahead,V1: N,Dry,Dark - lighted roadway,Clear,0.05,0,63,48,FALSE,41.93946861,-71.28168616
21276,9/30/2021,September,Thursday,21:27,2,2,0,0,Rear-end,V1: Travelling straight ahead / V2: Slowing or stopped in traffic,V1: S  / V2: S,Dry,Dark - roadway not lighted,Cloudy,0.05,0,63,48,FALSE,41.94445042,-71.31174827
21277,9/30/2021,September,Thursday,23:28,1,1,0,0,"Sideswipe, same direction",V1: Turning left,V1: S,Dry,Dark - lighted roadway,Clear,0.05,0,63,48,FALSE,41.92287004,-71.35720242
21278,10/1/2021,October,Friday,7:05,1,2,0,0,Angle,V1: Turning left / V2: Travelling straight ahead,V1: N  / V2: E,Dry,Dawn,Clear,0,0,60,42,FALSE,41.91138357,-71.32740392
21279,10/1/2021,October,Friday,8:04,1,2,0,0,Angle,V1: Turning left / V2: Travelling straight ahead,V1: S  / V2: N,Dry,Daylight,Clear,0,0,60,42,FALSE,41.9193065,-71.35882023
21280,10/1/2021,October,Friday,14:38,1,2,0,0,Angle,V1: Entering traffic lane / V2: Travelling straight ahead,V1: S  / V2: S,Dry,Daylight,Clear,0,0,60,42,FALSE,41.92060175,-71.32566162
21281,10/1/2021,October,Friday,16:21,1,2,0,0,Front to Rear,V1: Travelling straight ahead / V2: Slowing or stopped in traffic,V1: W  / V2: W,Dry,Daylight,Clear,0,0,60,42,FALSE,41.93874704,-71.29215576
21282,10/1/2021,October,Friday,20:59,1,2,0,0,Angle,V1: Turning right / V2: Turning left,V1: W  / V2: W,Dry,Dark - lighted roadway,Clear,0,0,60,42,FALSE,41.89618753,-71.37039514
21283,10/2/2021,October,Saturday,9:48,1,2,0,0,Angle,V1: Turning left / V2: Travelling straight ahead,V1: E  / V2: W,Dry,Daylight,Clear,0,0,65,43,FALSE,41.91981411,-71.35860614
21284,10/2/2021,October,Saturday,9:56,1,2,0,0,"Sideswipe, same direction",V1: Changing lanes / V2: Travelling straight ahead,V1: W  / V2: W,Dry,Daylight,Clear,0,0,65,43,FALSE,41.94469025,-71.28102217
21285,10/2/2021,October,Saturday,12:38,1,1,0,0,Single vehicle crash,V1: Slowing or stopped in traffic,V1: W,Dry,Daylight,Clear,0,0,65,43,FALSE,41.95076301,-71.27397064
21286,10/2/2021,October,Saturday,20:14,1,2,0,0,Angle,V1: Turning right / V2: Slowing or stopped in traffic,V1: S  / V2: S,Dry,Dark - lighted roadway,Clear,0,0,65,43,FALSE,41.89618753,-71.37039514
21287,10/2/2021,October,Saturday,22:32,1,2,0,0,Angle,V1: Travelling straight ahead / V2: Travelling straight ahead,V1: N  / V2: W,Dry,Dark - lighted roadway,Clear,0,0,65,43,FALSE,41.94104078,-71.29346158
21288,10/4/2021,October,Monday,8:40,1,1,0,0,Single vehicle crash,V1: Travelling straight ahead,V1: S,Wet,Daylight,Rain,1.12,0,70,53,FALSE,41.90782913,-71.34290124
21289,10/4/2021,October,Monday,14:45,1,2,0,0,Front to Front,V1: Turning right / V2: Turning left,V1: E  / V2: W,Wet,Daylight,Cloudy/Rain,1.12,0,70,53,FALSE,41.93269195,-71.32821357
21290,10/4/2021,October,Monday,18:28,2,3,0,0,Angle,V1: Travelling straight ahead / V2: Travelling straight ahead / V3: 0,V1: N  / V2: N  / V3: 0,Wet,Dark - roadway not lighted,Clear,1.12,0,70,53,FALSE,41.95359743,-71.31660609
21291,10/4/2021,October,Monday,18:45,1,1,0,0,Single vehicle crash,V1: Travelling straight ahead,V1: S,Wet,Dark - roadway not lighted,Rain,1.12,0,70,53,FALSE,41.96022747,-71.30115634
21292,10/5/2021,October,Tuesday,16:12,1,2,0,0,Angle,V1: Entering traffic lane / V2: Travelling straight ahead,V1: E  / V2: S,Wet,Daylight,Cloudy,1.43,0,60,53,FALSE,41.95190348,-71.27129776
21293,10/6/2021,October,Wednesday,10:22,1,2,0,0,"Sideswipe, same direction",V1: Overtaking/passing / V2: Turning left,V1: E  / V2: E,Dry,Daylight,Clear,0.02,0,60,49,FALSE,41.95180056,-71.2715031
21294,10/7/2021,October,Thursday,6:20,2,1,0,0,Single vehicle crash,V1: Travelling straight ahead,V1: E,Dry,Dawn,Clear,0,0,68,47,FALSE,41.92285197,-71.353458
21295,10/7/2021,October,Thursday,6:40,1,2,0,0,Rear-end,V1: Travelling straight ahead / V2: Travelling straight ahead,V1: N  / V2: N,Dry,Dawn,Clear,0,0,68,47,FALSE,41.95593405,-71.30346756
21296,10/7/2021,October,Thursday,16:16,2,2,0,0,Front to Rear,V1: Entering traffic lane / V2: Entering traffic lane,V1: E  / V2: S,Dry,Daylight,Clear,0,0,68,47,FALSE,41.89903243,-71.355186
21297,10/7/2021,October,Thursday,16:19,1,1,0,0,Single vehicle crash,V1: Travelling straight ahead,V1: S,Dry,Daylight,Clear,0,0,68,47,FALSE,41.90267227,-71.35605965
21298,10/7/2021,October,Thursday,17:37,1,2,0,0,Angle,V1: Travelling straight ahead / V2: Travelling straight ahead,V1: W  / V2: S,Dry,Daylight,Clear,0,0,68,47,FALSE,41.93269195,-71.32821357
21299,10/7/2021,October,Thursday,17:49,1,2,0,0,"Sideswipe, same direction",V1: Travelling straight ahead / V2: Changing lanes,V1: S  / V2: S,Dry,Daylight,Clear,0,0,68,47,FALSE,41.90221585,-71.35580813
21300,10/7/2021,October,Thursday,20:40,2,3,0,0,Rear-end,V1: Slowing or stopped in traffic / V2: Slowing or stopped in traffic / V3: 0,V1: S  / V2: S  / V3: 0,Dry,Dark - lighted roadway,Cloudy,0,0,68,47,FALSE,41.901364,-71.36011323
21301,10/7/2021,October,Thursday,22:49,1,1,0,0,Single vehicle crash,V1: Travelling straight ahead,V1: N,Dry,Dark - lighted roadway,Clear,0,0,68,47,FALSE,41.93115985,-71.26031225
21302,10/9/2021,October,Saturday,8:41,1,2,0,0,Angle,V1: Turning left / V2: Travelling straight ahead,V1: W  / V2: E,Dry,Daylight,Clear,0.02,0,71,51,FALSE,41.91979517,-71.35868571
21303,10/10/2021,October,Sunday,18:31,1,1,0,0,Single vehicle crash,V1: Travelling straight ahead,V1: N,Dry,Dusk,Cloudy,0,0,64,51,FALSE,41.94097573,-71.31283825
21304,10/11/2021,October,Monday,2:04,2,5,0,0,Rear-end,V1: Leaving traffic lane / V2: Parked / V3: Parked / V4: Parked / V5: Parked,V1: E  / V2: S  / V3: N  / V4: S  / V5: S,Dry,Dark - lighted roadway,Clear,0,0,64,55,FALSE,41.94268369,-71.27525053
21305,10/11/2021,October,Monday,11:29,1,2,0,0,"Sideswipe, same direction",V2: Slowing or stopped in traffic / V1: Turning right,V2: W  / V1: W,Dry,Daylight,Clear,0,0,64,55,FALSE,41.92287004,-71.35720242
21306,10/11/2021,October,Monday,15:15,2,2,0,0,Head-on,V1: Entering traffic lane / V2: Travelling straight ahead,V1: N  / V2: N,Dry,Daylight,Clear,0,0,64,55,FALSE,41.90951426,-71.33945533
21307,10/12/2021,October,Tuesday,8:27,1,2,0,0,"Sideswipe, same direction",V1: Slowing or stopped in traffic / V2: Travelling straight ahead,V1: S  / V2: S,Dry,Daylight,Clear,0,0,71,53,FALSE,41.94172858,-71.2694315
21308,10/12/2021,October,Tuesday,13:24,1,2,0,0,"Sideswipe, same direction",V2: Travelling straight ahead / V1: Changing lanes,V2: W  / V1: W,Dry,Daylight,Clear,0,0,71,53,FALSE,41.92636164,-71.3556229
21309,10/12/2021,October,Tuesday,18:59,1,2,0,0,Rear to Side,V1: Backing / V2: Parked,V1: S  / V2: S,Dry,Dark - lighted roadway,Clear,0,0,71,53,FALSE,41.94260227,-71.28075947
21310,10/12/2021,October,Tuesday,22:00,1,1,0,0,Single vehicle crash,V1: Turning left,V1: S,Dry,Dark - lighted roadway,Clear,0,0,71,53,FALSE,41.94195074,-71.28934929
21311,10/13/2021,October,Wednesday,10:55,1,2,0,0,Front to Rear,V1: Travelling straight ahead / V2: Slowing or stopped in traffic,V1: W  / V2: W,Dry,Daylight,Clear,0,0,71,52,FALSE,41.9341021,-71.30369928
21312,10/13/2021,October,Wednesday,12:36,2,2,0,0,Front to Rear,V1: Travelling straight ahead / V2: Slowing or stopped in traffic,V1: W  / V2: W,Dry,Daylight,Clear,0,0,71,52,FALSE,41.92298549,-71.35714758
21313,10/13/2021,October,Wednesday,17:00,2,1,0,0,Single vehicle crash,V1: Travelling straight ahead,V1: S,Dry,Daylight,Clear,0,0,71,52,FALSE,41.94802426,-71.24737457
21314,10/13/2021,October,Wednesday,17:17,1,2,0,0,Angle,V1: Turning left / V2: Travelling straight ahead,V1: W  / V2: N,Dry,Daylight,Clear,0,0,71,52,FALSE,41.95263042,-71.2895305
21315,10/13/2021,October,Wednesday,21:12,1,2,0,0,"Sideswipe, same direction",V1: Changing lanes / V2: Travelling straight ahead,V1: N  / V2: N,Dry,Dark - lighted roadway,Clear,0,0,71,52,FALSE,41.92488942,-71.34935125
21316,10/14/2021,October,Thursday,6:33,1,2,0,0,Rear-end,V1: Travelling straight ahead / V2: Slowing or stopped in traffic,V1: N  / V2: N,Dry,Daylight,Clear,0,0,72,51,FALSE,41.95593405,-71.30346756
21317,10/14/2021,October,Thursday,9:32,1,2,0,0,Angle,V1: Travelling straight ahead / V2: Turning left,V1: W  / V2: N,Dry,Daylight,Clear,0,0,72,51,FALSE,41.94861042,-71.27758702
21318,10/15/2021,October,Friday,6:26,2,2,0,0,Rear-end,V1: Entering traffic lane / V2: Entering traffic lane,V1: N  / V2: N,Dry,Dusk,Clear,0,0,73,54,FALSE,41.89910749,-71.36686794
21319,10/15/2021,October,Friday,9:07,1,1,0,0,Single vehicle crash,V1: Travelling straight ahead,V1: W,Dry,Daylight,Clear,0,0,73,54,FALSE,41.94810863,-71.28060679
21320,10/15/2021,October,Friday,16:23,2,2,0,0,Angle,V1: Turning left / V2: Travelling straight ahead,V1: W  / V2: S,Dry,Daylight,Clear,0,0,73,54,FALSE,41.97100394,-71.29120912
21321,10/15/2021,October,Friday,20:54,2,1,0,0,Single vehicle crash,V1: Travelling straight ahead,V1: W,Dry,Dark - lighted roadway,Clear,0,0,73,54,FALSE,41.93269195,-71.32821357
21322,10/15/2021,October,Friday,23:30,1,1,0,0,Single vehicle crash,V1: Travelling straight ahead,V1: N,Dry,Dark - roadway not lighted,Clear,0,0,73,54,FALSE,41.95096006,-71.33171635
21323,10/16/2021,October,Saturday,0:50,1,1,0,0,Rear-end,V1: Travelling straight ahead,V1: N,Dry,Dark - roadway not lighted,Clear,0,0,73,55,FALSE,41.96624468,-71.29672381
21324,10/17/2021,October,Sunday,19:16,1,1,0,0,"Sideswipe, same direction",V1: Turning left,V1: N,Dry,Dark - lighted roadway,Clear,0.77,0,73,53,FALSE,41.92508738,-71.35628348
21325,10/18/2021,October,Monday,2:04,1,2,0,0,Rear-to-rear,V2: Travelling straight ahead / V1: Travelling straight ahead,V2: N  / V1: N,Dry,Dark - 0 roadway lighting,Clear,0,0,62,47,FALSE,41.92659587,-71.32490036
21326,10/18/2021,October,Monday,9:38,1,2,0,0,"Sideswipe, same direction",V1: Entering traffic lane / V2: Travelling straight ahead,V1: E  / V2: E,Dry,Daylight,Clear,0,0,62,47,FALSE,41.94431166,-71.28140275
21327,10/18/2021,October,Monday,10:07,1,2,0,0,Angle,V1: Travelling straight ahead / V2: Turning left,V1: W  / V2: N,Dry,Daylight,Clear,0,0,62,47,FALSE,41.94344652,-71.28559566
21328,10/18/2021,October,Monday,14:30,1,2,0,0,Angle,V1: Travelling straight ahead / V2: Turning left,V1: W  / V2: N,Dry,Daylight,Clear,0,0,62,47,FALSE,41.94231024,-71.28253433
21329,10/19/2021,October,Tuesday,12:36,1,2,0,0,Rear-to-rear,V1: Backing / V2: Parked,V1: S  / V2: N,Dry,Daylight,Clear,0,0,59,39,FALSE,41.9442419,-71.28118495
21330,10/19/2021,October,Tuesday,16:35,1,3,0,0,Rear-end,V1: Travelling straight ahead / V2: Slowing or stopped in traffic / V3: Slowing or stopped in traffic,V1: S  / V2: S  / V3: S,Dry,Daylight,Clear,0,0,59,39,FALSE,41.97084021,-71.29123651
21331,10/20/2021,October,Wednesday,6:40,2,2,0,0,Single vehicle crash,V1: Travelling straight ahead / V2: Slowing or stopped in traffic,V1: N  / V2: N,Dry,Dawn,Clear,0,0,60,39,FALSE,41.97043838,-71.29523933
21332,10/20/2021,October,Wednesday,12:08,1,2,0,0,Angle,V1: Travelling straight ahead / V2: Parked,V1: E  / V2: E,Dry,Daylight,Clear,0,0,60,39,FALSE,41.94611889,-71.28670268
21333,10/20/2021,October,Wednesday,13:18,1,2,0,0,Angle,V1: Turning right / V2: Travelling straight ahead,V1: E  / V2: S,Dry,Daylight,Clear,0,0,60,39,FALSE,41.93396137,-71.28497308
21334,10/20/2021,October,Wednesday,15:15,1,2,0,0,Rear-end,V1: Slowing or stopped in traffic / V2: Travelling straight ahead,V1: N  / V2: N,Dry,Daylight,Clear,0,0,60,39,FALSE,41.90755003,-71.34230469
21335,10/20/2021,October,Wednesday,15:41,1,2,0,0,"Sideswipe, same direction",V1: Turning left / V2: Parked,V1: N  / V2: N,Dry,Dawn,Clear,0,0,60,39,FALSE,41.96580299,-71.29405961
21336,10/20/2021,October,Wednesday,21:06,1,2,0,0,Front to Rear,V1: Backing / V2: Parked,V1: S  / V2: 0,Dry,Dark - lighted roadway,Clear,0,0,60,39,FALSE,41.93913325,-71.29145272
21337,10/21/2021,October,Thursday,1:18,2,1,0,0,Single vehicle crash,V1: Travelling straight ahead,V1: N,Dry,Dark - lighted roadway,Clear,0,0,70,47,FALSE,41.93115985,-71.26031225
21338,10/21/2021,October,Thursday,7:43,2,2,0,0,Angle,V1: Turning left / V2: Travelling straight ahead,V1: W  / V2: N,Dry,Daylight,Clear,0,0,70,47,FALSE,41.9157184,-71.36042615
21339,10/21/2021,October,Thursday,7:46,1,2,0,0,Front to Rear,V1: Travelling straight ahead / V2: Slowing or stopped in traffic,V1: N  / V2: N,Dry,Daylight,Clear,0,0,70,47,FALSE,41.96021054,-71.28783809
21340,10/21/2021,October,Thursday,13:07,2,2,0,0,Rear-end,V1: Travelling straight ahead / V2: Travelling straight ahead,V1: S  / V2: S,Dry,Daylight,Clear,0,0,70,47,FALSE,41.93519151,-71.32895367
21341,10/21/2021,October,Thursday,16:06,2,2,0,0,Rear to Side,V1: Backing / V2: Travelling straight ahead,V1: W  / V2: S,Dry,Daylight,Clear,0,0,70,47,FALSE,41.9062349,-71.31999787
21342,10/22/2021,October,Friday,11:25,1,2,0,0,"Sideswipe, same direction",V1: Changing lanes / V2: Travelling straight ahead,V1: W  / V2: W,Dry,Daylight,Clear,0,0,73,52,FALSE,41.9517073,-71.27169643
21343,10/22/2021,October,Friday,13:31,1,2,0,0,Angle,V1: Travelling straight ahead / V2: Turning left,V1: E  / V2: S,Dry,Daylight,Clear,0,0,73,52,FALSE,41.93269195,-71.32821357
21344,10/22/2021,October,Friday,21:59,1,3,0,0,Rear-end,V1: Travelling straight ahead / V2: Slowing or stopped in traffic / V3: Slowing or stopped in traffic,V1: S  / V2: S  / V3: S,Dry,Dark - roadway not lighted,Clear,0,0,73,52,FALSE,41.93195084,-71.32153688
21345,10/22/2021,October,Friday,23:21,1,2,0,0,Angle,V1: Backing / V2: Parked,V1: S  / V2: W,Dry,Dark - roadway not lighted,Clear,0,0,73,52,FALSE,41.93540485,-71.29792382
21346,10/23/2021,October,Saturday,0:07,2,2,0,0,Front to Rear,V1: Travelling straight ahead / V2: Travelling straight ahead,V1: E  / V2: E,Dry,Dark - lighted roadway,Clear,0.01,0,71,50,FALSE,41.95441953,-71.2466044
21347,10/23/2021,October,Saturday,3:18,1,1,0,0,Single vehicle crash,V1: Travelling straight ahead,V1: N,Dry,Dark - roadway not lighted,Clear,0.01,0,71,50,FALSE,41.95712595,-71.30266193
21348,10/23/2021,October,Saturday,3:36,2,1,0,0,Single vehicle crash,V1: Travelling straight ahead,V1: N,Dry,Dark - roadway not lighted,Clear,0.01,0,71,50,FALSE,41.95222207,-71.30652921
21349,10/23/2021,October,Saturday,5:36,1,2,0,0,Single vehicle crash,V1: Travelling straight ahead / V2: Travelling straight ahead,V1: N  / V2: N,Dry,Dark - lighted roadway,Clear,0.01,0,71,50,FALSE,41.92993063,-71.34511899
21350,10/23/2021,October,Saturday,7:29,2,1,0,0,Single vehicle crash,V1: Travelling straight ahead,V1: N,Dry,Daylight,Clear,0.01,0,71,50,FALSE,41.95065851,-71.30700836
21351,10/23/2021,October,Saturday,12:33,1,2,0,0,Rear-end,V1: Travelling straight ahead / V2: Travelling straight ahead,V1: S  / V2: S,Dry,Daylight,Clear,0.01,0,71,50,FALSE,41.90998013,-71.35802082
21352,10/23/2021,October,Saturday,13:39,1,1,0,0,Angle,V1: Turning left,V1: S,Dry,Daylight,Clear,0.01,0,71,50,FALSE,41.93415381,-71.3049493
21353,10/23/2021,October,Saturday,19:29,1,2,0,0,Angle,V1: Travelling straight ahead / V2: Travelling straight ahead,V1: S  / V2: E,Dry,Dark - lighted roadway,Clear,0.01,0,71,50,FALSE,41.91981411,-71.35860614
21354,10/23/2021,October,Saturday,23:39,1,2,0,0,Rear-end,V1: Travelling straight ahead / V2: 0,V1: S  / V2: 0,Dry,Dark - roadway not lighted,Clear,0.01,0,71,50,FALSE,41.90261276,-71.35590972
21355,10/24/2021,October,Sunday,12:11,1,2,0,0,Front to Rear,V1: Travelling straight ahead / V2: Travelling straight ahead,V1: W  / V2: W,Dry,Daylight,Clear,0,0,60,39,FALSE,41.93304073,-71.29789609
21356,10/24/2021,October,Sunday,21:12,2,2,0,0,Rear-end,V1: Travelling straight ahead / V2: Slowing or stopped in traffic,V1: N  / V2: N,Dry,Dark - roadway not lighted,Clear,0,0,60,39,FALSE,41.90124978,-71.35966175
21357,10/24/2021,October,Sunday,21:41,2,4,0,0,Rear-end,V1: Slowing or stopped in traffic / V2: Travelling straight ahead / V3: Travelling straight ahead / V4: Travelling straight ahead,V1: S  / V2: S  / V3: 0 / V4: S,Dry,Dark - lighted roadway,Clear,0,0,60,39,FALSE,41.90431744,-71.35021349
21358,10/25/2021,October,Monday,1:02,1,1,0,0,Single vehicle crash,V1: Travelling straight ahead,V1: N,Wet,Dark - roadway not lighted,Rain,0.25,0,56,38,FALSE,41.90755003,-71.34230469
21359,10/25/2021,October,Monday,11:17,1,1,0,0,Front to Rear,V1: Travelling straight ahead,V1: E,Wet,Daylight,Cloudy,0.25,0,56,38,FALSE,41.91981411,-71.35860614
21360,10/25/2021,October,Monday,11:59,1,2,0,0,Rear-end,V1: Slowing or stopped in traffic / V2: Travelling straight ahead,V1: S  / V2: S,Wet,Daylight,Cloudy/Rain,0.25,0,56,38,FALSE,41.90235067,-71.35584227
21361,10/25/2021,October,Monday,17:44,1,2,0,0,Angle,V1: Turning left / V2: Travelling straight ahead,V1: S  / V2: E,Wet,Dark - lighted roadway,Rain,0.25,0,56,38,FALSE,41.92014284,-71.35719783
21362,10/25/2021,October,Monday,20:22,2,2,0,0,Angle,V1: Entering traffic lane / V2: Travelling straight ahead,V1: W  / V2: S,Wet,Dark - lighted roadway,Rain,0.25,0,56,38,FALSE,41.93806227,-71.29125944
21363,10/26/2021,October,Tuesday,7:31,1,2,0,0,Angle,V1: Turning left / V2: Overtaking/passing,V1: W  / V2: W,Wet,Daylight,Rain,0.8,0,60,50,FALSE,41.96580299,-71.29405961
21364,10/26/2021,October,Tuesday,12:20,1,2,0,0,Angle,V1: Entering traffic lane / V2: Travelling straight ahead,V1: E  / V2: N,Wet,Daylight,Cloudy/Rain,0.8,0,60,50,FALSE,41.91803461,-71.32053342
21365,10/26/2021,October,Tuesday,14:21,1,2,0,0,Angle,V1: Turning left / V2: Travelling straight ahead,V1: S  / V2: S,Wet,Daylight,Rain,0.8,0,60,50,FALSE,41.93405089,-71.29988397
21366,10/26/2021,October,Tuesday,16:13,2,2,0,0,Angle,V1: Travelling straight ahead / V2: Turning left,V1: S  / V2: W,Wet,Daylight,Rain,0.8,0,60,50,FALSE,41.90998013,-71.35802082
21367,10/26/2021,October,Tuesday,19:03,1,2,0,0,Angle,V1: Turning right / V2: Turning left,V1: N  / V2: N,Dry,Dark - lighted roadway,Clear,0.8,0,60,50,FALSE,41.91981411,-71.35860614
21368,10/27/2021,October,Wednesday,16:52,2,2,0,0,Angle,V1: Entering traffic lane / V2: Travelling straight ahead,V1: W  / V2: N,Wet,Other,Rain,1.76,0,65,50,FALSE,41.9472108,-71.28786501
21369,10/28/2021,October,Thursday,0:41,1,2,0,0,"Sideswipe, same direction",V1: Travelling straight ahead / V2: Travelling straight ahead,V1: S  / V2: S,Dry,Dark - roadway not lighted,Cloudy,0.34,0,51,45,FALSE,41.90123768,-71.3605695
21370,10/28/2021,October,Thursday,6:33,1,4,0,0,Rear-end,V1: Travelling straight ahead / V2: Travelling straight ahead / V3: Travelling straight ahead / V4: Travelling straight ahead,V1: N  / V2: N  / V3: N  / V4: N,Dry,Dawn,Clear,0.34,0,51,45,FALSE,41.91413875,-71.33480869
21371,10/28/2021,October,Thursday,9:41,1,1,0,0,Single vehicle crash,V1: Turning right,V1: W,Dry,Daylight,Cloudy,0.34,0,51,45,FALSE,41.94271353,-71.2663959
21372,10/28/2021,October,Thursday,14:45,2,1,0,0,Single vehicle crash,V1: Travelling straight ahead,V1: W,Wet,Daylight,Clear,0.34,0,51,45,FALSE,41.92586097,-71.35922118