ID,DATE,Month,Day of week,Crash Time,Crash Severity,Number of Vehicles,Total Nonfatal Injuries,Total Fatal Injuries,Manner of Collision,Vehicle Action Prior to Crash,Vehicle Travel Directions,Road Surface Condition,Ambient Light,Weather Condition,PRCP,SNOW,TMAX,TMIN,Ice,Longtitute,Latitute
21373,10/28/2021,October,Thursday,22:48,1,1,0,0,Head-on,V1: Travelling straight ahead,V1: N,Dry,Dark - lighted roadway,Cloudy,0.34,0,51,45,FALSE,41.90235067,-71.35584227
21374,10/29/2021,October,Friday,11:59,1,1,0,0,Single vehicle crash,V1: Travelling straight ahead,V1: E,Dry,Daylight,Clear,0,0,49,40,FALSE,41.89957255,-71.3551788
21375,10/29/2021,October,Friday,13:40,1,1,0,0,Single vehicle crash,V1: Travelling straight ahead,V1: S,Dry,Daylight,Cloudy,0,0,49,40,FALSE,41.92205972,-71.31309513
21376,10/29/2021,October,Friday,15:19,1,2,0,0,"Sideswipe, same direction",V2: Slowing or stopped in traffic / V1: Overtaking/passing,V2: S  / V1: S,Dry,Daylight,Cloudy,0,0,49,40,FALSE,41.93389989,-71.28162154
21377,10/29/2021,October,Friday,20:11,1,2,0,0,Front to Rear,V1: Travelling straight ahead / V2: Slowing or stopped in traffic,V1: N  / V2: N,Dry,Dark - lighted roadway,Cloudy,0,0,49,40,FALSE,41.91035947,-71.36314658
21378,10/30/2021,October,Saturday,5:36,1,2,0,0,Rear-end,V1: Travelling straight ahead / V2: Travelling straight ahead,V1: S  / V2: S,Dry,Dark - roadway not lighted,Clear,0.08,0,54,40,FALSE,41.93329335,-71.32041161
21379,10/30/2021,October,Saturday,15:19,1,2,0,0,Rear-end,V1: Slowing or stopped in traffic / V2: Travelling straight ahead,V1: N  / V2: N,Wet,Daylight,Cloudy/Rain,0.08,0,54,40,FALSE,41.90218333,-71.35579839
21380,10/30/2021,October,Saturday,19:31,2,2,0,0,Angle,V1: Travelling straight ahead / V2: Entering traffic lane,V1: S  / V2: S,Dry,Dark - lighted roadway,Cloudy,0.08,0,54,40,FALSE,41.9164383,-71.36006525
21381,10/30/2021,October,Saturday,23:53,1,1,0,0,Single vehicle crash,V1: Travelling straight ahead,V1: S,Wet,Dark - roadway not lighted,Rain,0.08,0,54,40,FALSE,41.90255025,-71.35612621
21382,10/31/2021,October,Sunday,1:54,2,1,0,0,Angle,V1: Travelling straight ahead,V1: S,Wet,Dark - lighted roadway,Rain,1.33,0,62,54,FALSE,41.92178616,-71.29474739
21383,10/31/2021,October,Sunday,19:52,1,2,0,0,"Sideswipe, same direction",V1: Travelling straight ahead / V2: Travelling straight ahead,V1: N  / V2: N,Dry,Dark - lighted roadway,Clear,1.33,0,62,54,FALSE,41.92014284,-71.35719783
21384,11/1/2021,November,Monday,5:27,2,2,0,0,Angle,V1: Travelling straight ahead / V2: Parked,V1: E  / V2: E,Dry,Dark - lighted roadway,Clear,0.02,0,66,47,FALSE,41.94292045,-71.27681606
21385,11/1/2021,November,Monday,8:43,1,2,0,0,Rear-end,V1: Slowing or stopped in traffic / V2: Slowing or stopped in traffic,V1: N  / V2: N,Dry,Daylight,Clear,0.02,0,66,47,FALSE,41.93294333,-71.28044797
21386,11/1/2021,November,Monday,15:47,1,2,0,0,"Sideswipe, opposite direction",V1: Overtaking/passing / V2: Slowing or stopped in traffic,V1: S  / V2: N,Dry,Daylight,Clear,0.02,0,66,47,FALSE,41.96999559,-71.27407849
21387,11/2/2021,November,Tuesday,12:09,1,2,0,0,Rear-end,V1: Entering traffic lane / V2: Entering traffic lane,V1: N  / V2: N,Dry,Daylight,Clear,0,0,60,35,FALSE,41.90235067,-71.35584227
21388,11/2/2021,November,Tuesday,14:12,1,1,0,0,Single vehicle crash,V1: Turning left,V1: E,Dry,Daylight,Clear,0,0,60,35,FALSE,41.94757814,-71.27890388
21389,11/2/2021,November,Tuesday,17:20,0,2,0,0,Rear-end,V1: Travelling straight ahead / V2: Slowing or stopped in traffic,V1: N  / V2: N,Dry,Daylight,Cloudy,0,0,60,35,FALSE,41.95518928,-71.30389339
21390,11/3/2021,November,Wednesday,16:54,1,2,0,0,Angle,V1: Turning left / V2: Slowing or stopped in traffic,V1: N  / V2: W,Dry,Daylight,Clear,0.01,0,57,35,FALSE,41.92114944,-71.35735341
21391,11/3/2021,November,Wednesday,17:20,2,2,0,0,Rear-end,V1: Travelling straight ahead / V2: Slowing or stopped in traffic,V1: S  / V2: S,Dry,Dusk,Clear,0.01,0,57,35,FALSE,41.90433577,-71.35012688
21392,11/4/2021,November,Thursday,6:18,1,1,0,0,Single vehicle crash,V1: Travelling straight ahead,V1: N,Dry,Dark - roadway not lighted,Clear,0,0,51,29,TRUE,41.96849895,-71.29577493
21393,11/4/2021,November,Thursday,6:57,1,2,0,0,Angle,V1: Entering traffic lane / V2: Travelling straight ahead,V1: E  / V2: S,Dry,Daylight,Clear,0,0,51,29,TRUE,41.95370498,-71.28903369
21394,11/4/2021,November,Thursday,13:49,1,2,0,0,Front to Front,V1: Turning left / V2: Travelling straight ahead,V1: E  / V2: W,Dry,Daylight,Clear,0,0,51,29,TRUE,41.9517073,-71.27169643
21395,11/4/2021,November,Thursday,15:32,1,2,0,0,Angle,V1: Changing lanes / V2: Travelling straight ahead,V1: S  / V2: S,Dry,Daylight,Clear,0,0,51,29,TRUE,41.89903243,-71.355186
21396,11/4/2021,November,Thursday,16:42,2,2,0,0,Angle,V1: Turning left / V2: Travelling straight ahead,V1: N  / V2: W,Dry,Daylight,Clear,0,0,51,29,TRUE,41.93269195,-71.32821357
21397,11/4/2021,November,Thursday,19:26,1,2,0,0,Angle,V1: Changing lanes / V2: Travelling straight ahead,V1: N  / V2: N,Dry,Dark - lighted roadway,Clear,0,0,51,29,TRUE,41.92759208,-71.35472568
21398,11/5/2021,November,Friday,6:45,2,2,0,0,Rear-end,V1: Travelling straight ahead / V2: Slowing or stopped in traffic,V1: N  / V2: N,Dry,Daylight,Clear,0,0,50,29,TRUE,41.92381138,-71.29024786
21399,11/5/2021,November,Friday,7:48,1,2,0,0,Angle,V1: Entering traffic lane / V2: Travelling straight ahead,V1: W  / V2: N,Dry,Daylight,Clear,0,0,50,29,TRUE,41.95484304,-71.28856385
21400,11/5/2021,November,Friday,8:22,0,1,0,0,Single vehicle crash,V1: Turning left,V1: E,Dry,Dawn,Clear,0,0,50,29,TRUE,41.9328169,-71.29685166
21401,11/5/2021,November,Friday,8:47,2,2,0,0,Front to Rear,V1: Parked / V2: Travelling straight ahead,V1: W  / V2: W,Dry,Daylight,Clear,0,0,50,29,TRUE,41.95403305,-71.25956306
21402,11/5/2021,November,Friday,17:41,2,2,0,0,Front to Rear,V1: Travelling straight ahead / V2: Travelling straight ahead,V1: W  / V2: W,Dry,Dusk,Clear,0,0,50,29,TRUE,41.94007226,-71.29032337
21403,11/5/2021,November,Friday,19:09,2,2,0,0,Head-on,V1: Turning left / V2: Travelling straight ahead,V1: N  / V2: S,Dry,Dark - lighted roadway,Clear,0,0,50,29,TRUE,41.91981411,-71.35860614
21404,11/6/2021,November,Saturday,9:50,1,2,0,0,"Sideswipe, same direction",V1: 0 / V2: 0,V1: S  / V2: S,Dry,Daylight,Clear,0,0,49,25,TRUE,41.91966293,-71.33181799
21405,11/6/2021,November,Saturday,18:24,2,1,0,0,Single vehicle crash,V1: Travelling straight ahead,V1: N,Dry,Dark - lighted roadway,Clear,0,0,49,25,TRUE,41.90529604,-71.33573163
21406,11/6/2021,November,Saturday,19:21,1,2,0,0,Angle,V1: Entering traffic lane / V2: Travelling straight ahead,V1: W  / V2: N,Dry,Dark - lighted roadway,Clear,0,0,49,25,TRUE,41.91918745,-71.29927117
21407,11/6/2021,November,Saturday,21:07,1,2,0,0,Front to Rear,V1: Slowing or stopped in traffic / V2: Travelling straight ahead,V1: S  / V2: S,Dry,Dark - lighted roadway,Clear,0,0,49,25,TRUE,41.91446663,-71.36106546
21408,11/6/2021,November,Saturday,22:05,1,2,0,0,Front to Rear,V1: Changing lanes / V2: Travelling straight ahead,V1: E  / V2: E,Dry,Dark - lighted roadway,Clear,0,0,49,25,TRUE,41.93407114,-71.31626473
21409,11/7/2021,November,Sunday,17:10,1,1,0,0,Head-on,V1: Travelling straight ahead,V1: W,Dry,Dark - lighted roadway,Clear,0,0,51,25,TRUE,41.9340569,-71.31586563
21410,11/8/2021,November,Monday,6:33,1,2,0,0,Angle,V1: Travelling straight ahead / V2: Turning left,V1: N  / V2: S,Dry,Daylight,Clear,0,0,55,25,TRUE,41.90086768,-71.36799094
21411,11/8/2021,November,Monday,9:55,2,2,0,0,Front to Rear,V1: Travelling straight ahead / V2: Slowing or stopped in traffic,V1: N  / V2: N,Dry,Daylight,Clear,0,0,55,25,TRUE,41.95814204,-71.28762358
21412,11/9/2021,November,Tuesday,18:08,1,2,0,0,Front to Rear,V1: Travelling straight ahead / V2: Slowing or stopped in traffic,V1: E  / V2: E,Dry,Dark - lighted roadway,Clear,0,0,60,31,TRUE,41.91723587,-71.37241025
21413,11/9/2021,November,Tuesday,18:53,1,2,0,0,"Sideswipe, same direction",V1: Travelling straight ahead / V2: Travelling straight ahead,V1: N  / V2: N,Dry,Dark - lighted roadway,Clear,0,0,60,31,TRUE,41.96899965,-71.29149025
21414,11/10/2021,November,Wednesday,11:31,1,2,0,0,Front to Rear,V1: Backing / V2: Parked,V1: E  / V2: U,Dry,Daylight,Clear,0,0,69,33,FALSE,41.89570473,-71.3716154
21415,11/10/2021,November,Wednesday,12:36,1,2,0,0,Angle,V1: Turning left / V2: Travelling straight ahead,V1: W  / V2: E,Dry,Daylight,Clear,0,0,69,33,FALSE,41.94757814,-71.27890388
21416,11/10/2021,November,Wednesday,17:16,2,2,0,0,Angle,V1: Turning right / V2: Travelling straight ahead,V1: S  / V2: S,Dry,Dark - lighted roadway,Clear,0,0,69,33,FALSE,41.92820851,-71.35429295
21417,11/11/2021,November,Thursday,7:19,1,2,0,0,"Sideswipe, same direction",V1: Overtaking/passing / V2: Turning right,V1: N  / V2: N,Dry,Daylight,Clear,0,0,62,29,TRUE,41.90573035,-71.31732602
21418,11/11/2021,November,Thursday,7:27,1,1,0,0,Rear-end,V1: Backing,V1: S,Dry,Daylight,Clear,0,0,62,29,TRUE,41.93306281,-71.28502226
21419,11/11/2021,November,Thursday,12:26,1,2,0,0,Angle,V1: Turning left / V2: Parked,V1: N  / V2: W,Dry,Daylight,Clear,0,0,62,29,TRUE,41.94589316,-71.28630885
21420,11/11/2021,November,Thursday,15:39,1,2,0,0,Angle,V1: Travelling straight ahead / V2: Changing lanes,V1: S  / V2: S,Dry,Daylight,Clear,0,0,62,29,TRUE,41.89938931,-71.35524914
21421,11/11/2021,November,Thursday,17:25,1,2,0,0,Angle,V1: Turning left / V2: Turning left,V1: W  / V2: S,Dry,Dark - lighted roadway,Clear,0,0,62,29,TRUE,41.89867838,-71.34654981
21422,11/12/2021,November,Friday,7:55,1,1,0,0,Single vehicle crash,V1: Travelling straight ahead,V1: S,Wet,Daylight,Rain,0,0,56,30,TRUE,41.89534434,-71.37527564
21423,11/12/2021,November,Friday,10:07,1,2,0,0,Rear-to-rear,V1: Parked / V2: Backing,V1: W  / V2: S,Wet,Daylight,Cloudy/Rain,0,0,56,30,TRUE,41.92005179,-71.35764107
21424,11/12/2021,November,Friday,11:20,1,1,0,0,Single vehicle crash,V1: Travelling straight ahead,V1: S,Wet,Daylight,Rain,0,0,56,30,TRUE,41.89534434,-71.37527564
21425,11/12/2021,November,Friday,11:56,2,1,0,0,Single vehicle crash,V1: Travelling straight ahead,V1: E,Wet,Daylight,Cloudy/Rain,0,0,56,30,TRUE,41.90474145,-71.31772515
21426,11/12/2021,November,Friday,13:57,1,3,0,0,Angle,V1: Changing lanes / V2: Slowing or stopped in traffic / V3: Slowing or stopped in traffic,V1: W  / V2: W  / V3: W,Wet,Daylight,Rain,0,0,56,30,TRUE,41.93409417,-71.29982985
21427,11/12/2021,November,Friday,17:14,1,2,0,0,Front to Rear,V1: Travelling straight ahead / V2: Slowing or stopped in traffic,V1: E  / V2: E,Wet,Dark - lighted roadway,Rain,0,0,56,30,TRUE,41.93403731,-71.30601704
21428,11/12/2021,November,Friday,17:44,1,1,0,0,Single vehicle crash,V1: Travelling straight ahead,V1: N,Wet,Dark - lighted roadway,Rain,0,0,56,30,TRUE,41.95076301,-71.27397064
21429,11/13/2021,November,Saturday,2:15,1,3,0,0,Rear-end,V1: Travelling straight ahead / V2: Changing lanes / V3: Travelling straight ahead,V1: S  / V2: S  / V3: S,Wet,Dark - roadway not lighted,Fog,0.92,0,62,36,FALSE,41.89534434,-71.37527564
21430,11/13/2021,November,Saturday,10:12,1,2,0,0,Angle,V1: Travelling straight ahead / V2: Travelling straight ahead,V1: S  / V2: W,Dry,Daylight,Clear,0.92,0,62,36,FALSE,41.92779522,-71.35458133
21431,11/13/2021,November,Saturday,12:51,1,2,0,0,Angle,V1: Turning left / V2: Travelling straight ahead,V1: E  / V2: N,Dry,Daylight,Clear,0.92,0,62,36,FALSE,41.91653724,-71.36001753
21432,11/13/2021,November,Saturday,16:03,1,1,0,0,Angle,V1: Turning left,V1: E,Dry,Dark - lighted roadway,Cloudy,0.92,0,62,36,FALSE,41.95212799,-71.27087016
21433,11/13/2021,November,Saturday,16:26,1,2,0,0,Rear-end,V1: Slowing or stopped in traffic / V2: Travelling straight ahead,V1: E  / V2: E,Dry,Dark - lighted roadway,Clear,0.92,0,62,36,FALSE,41.91981411,-71.35860614
21434,11/13/2021,November,Saturday,17:15,1,2,0,0,Angle,V1: Turning right / V2: Travelling straight ahead,V1: E  / V2: E,Wet,Dark - lighted roadway,Cloudy/Rain,0.92,0,62,36,FALSE,41.90443389,-71.3351966
21435,11/13/2021,November,Saturday,21:54,1,2,0,0,Front to Rear,V1: Slowing or stopped in traffic / V2: Slowing or stopped in traffic,V1: S  / V2: S,Wet,Dark - lighted roadway,Clear,0.92,0,62,36,FALSE,41.95568257,-71.28823954
21436,11/14/2021,November,Sunday,2:55,1,1,0,0,Single vehicle crash,V1: Turning right,V1: E,Wet,Dark - lighted roadway,Cloudy,0.26,0,60,32,TRUE,41.93209435,-71.29287808
21437,11/14/2021,November,Sunday,6:59,1,1,0,0,"Sideswipe, same direction",V1: Travelling straight ahead,V1: S,Dry,Daylight,Clear,0.26,0,60,32,TRUE,41.96097876,-71.28790413
21438,11/14/2021,November,Sunday,16:21,2,2,0,0,Angle,V1: Turning left / V2: Travelling straight ahead,V1: E  / V2: N,Dry,Daylight,Clear,0.26,0,60,32,TRUE,41.91653724,-71.36001753
21439,11/14/2021,November,Sunday,18:36,1,1,0,0,Head-on,V1: Travelling straight ahead,V1: W,Dry,Dark - roadway not lighted,Clear,0.26,0,60,32,TRUE,41.94121526,-71.24028769
21440,11/15/2021,November,Monday,7:40,1,2,0,0,"Sideswipe, same direction",V1: Travelling straight ahead / V2: Travelling straight ahead,V1: N  / V2: N,Dry,Daylight,Clear,0.07,0,50,34,FALSE,41.9470579,-71.27958171
21441,11/16/2021,November,Tuesday,15:15,1,2,0,0,"Sideswipe, same direction",V2: Travelling straight ahead / V1: Travelling straight ahead,V2: N  / V1: N,Dry,Daylight,Clear,0,0,48,32,TRUE,41.93158675,-71.32095442
21442,11/16/2021,November,Tuesday,15:48,2,2,0,0,Rear-end,V1: Travelling straight ahead / V2: Slowing or stopped in traffic,V1: N  / V2: N,Dry,Daylight,Clear,0,0,48,32,TRUE,41.93119431,-71.32654862
21443,11/16/2021,November,Tuesday,15:58,1,2,0,0,Angle,V1: Turning left / V2: Turning left,V1: W  / V2: E,Dry,Daylight,Cloudy,0,0,48,32,TRUE,41.93732881,-71.28475709
21444,11/16/2021,November,Tuesday,16:57,2,2,0,0,Rear-end,V1: Slowing or stopped in traffic / V2: Travelling straight ahead,V1: S  / V2: S,Dry,Dark - roadway not lighted,Cloudy,0,0,48,32,TRUE,41.95948589,-71.30166354
21445,11/16/2021,November,Tuesday,21:12,1,2,0,0,Angle,V1: Entering traffic lane / V2: Travelling straight ahead,V1: E  / V2: S,Dry,Dark - lighted roadway,Clear,0,0,48,32,TRUE,41.91981411,-71.35860614
21446,11/17/2021,November,Wednesday,6:22,1,2,0,0,Angle,V1: Travelling straight ahead / V2: Travelling straight ahead,V1: E  / V2: N,Dry,Daylight,Clear,0,0,47,27,TRUE,41.94231024,-71.28253433
21447,11/17/2021,November,Wednesday,7:01,1,2,0,0,Angle,V1: Travelling straight ahead / V2: Backing,V1: W  / V2: S,Dry,Daylight,Clear,0,0,47,27,TRUE,41.93291596,-71.31029014
21448,11/17/2021,November,Wednesday,15:51,2,2,0,0,Rear-end,V1: Travelling straight ahead / V2: Travelling straight ahead,V1: E  / V2: E,Dry,Dark - lighted roadway,Clear,0,0,47,27,TRUE,41.96940639,-71.29147182
21449,11/17/2021,November,Wednesday,20:43,1,2,0,0,Angle,V1: Travelling straight ahead / V2: Travelling straight ahead,V1: N  / V2: E,Dry,Dark - lighted roadway,Clear,0,0,47,27,TRUE,41.93304448,-71.28634923
21450,11/18/2021,November,Thursday,7:16,2,2,0,0,Front to Rear,V1: Travelling straight ahead / V2: Slowing or stopped in traffic,V1: S  / V2: S,Dry,Daylight,Clear,0,0,58,27,TRUE,41.95280013,-71.30849184
21451,11/18/2021,November,Thursday,11:31,1,2,0,0,Angle,V1: Travelling straight ahead / V2: Overtaking/passing,V1: W  / V2: W,Ice,Daylight,Clear,0,0,58,27,TRUE,41.93269195,-71.32821357
21452,11/18/2021,November,Thursday,13:26,1,3,0,0,Rear-end,V1: Travelling straight ahead / V2: Slowing or stopped in traffic / V3: Slowing or stopped in traffic,V1: S  / V2: S  / V3: S,Dry,Daylight,Clear,0,0,58,27,TRUE,41.92298549,-71.35714758
21453,11/18/2021,November,Thursday,14:47,2,3,0,0,Front to Rear,V1: Travelling straight ahead / V2: Slowing or stopped in traffic / V3: Slowing or stopped in traffic,V1: N  / V2: N  / V3: N,Dry,Daylight,Clear,0,0,58,27,TRUE,41.97025136,-71.29133501
21454,11/18/2021,November,Thursday,18:05,2,2,0,0,Rear-end,V1: Slowing or stopped in traffic / V2: Slowing or stopped in traffic,V1: S  / V2: S,Dry,Dark - roadway not lighted,Clear,0,0,58,27,TRUE,41.96790763,-71.29651404
21455,11/18/2021,November,Thursday,18:24,1,2,0,0,Angle,V1: Turning left / V2: Travelling straight ahead,V1: N  / V2: E,Dry,Dark - lighted roadway,Clear,0,0,58,27,TRUE,41.90331408,-71.33105041
21456,11/19/2021,November,Friday,13:14,2,2,0,0,"Sideswipe, same direction",V1: Overtaking/passing / V2: Turning left,V1: E  / V2: E,Dry,Daylight,Clear,0.26,0,67,39,FALSE,41.93244203,-71.29506749
21457,11/19/2021,November,Friday,18:17,1,1,0,0,Single vehicle crash,V1: Turning left,V1: E,Dry,Dark - roadway not lighted,Clear,0.26,0,67,39,FALSE,41.93520481,-71.30217487
21458,11/20/2021,November,Saturday,12:51,1,2,0,0,Rear-end,V1: Travelling straight ahead / V2: Slowing or stopped in traffic,V1: N  / V2: N,Dry,Daylight,Clear,0,0,46,26,TRUE,41.95506813,-71.30513459
21459,11/20/2021,November,Saturday,19:04,1,2,0,0,Rear-end,V1: Travelling straight ahead / V2: Travelling straight ahead,V1: S  / V2: S,Dry,Dark - lighted roadway,Clear,0,0,46,26,TRUE,41.92106953,-71.35806074
21460,11/21/2021,November,Sunday,15:44,1,2,0,0,Angle,V1: Turning right / V2: Slowing or stopped in traffic,V1: W  / V2: S,Dry,Dusk,Clear,0,0,44,26,TRUE,41.91044592,-71.28309302
21461,11/21/2021,November,Sunday,17:34,1,1,0,0,Single vehicle crash,V1: Travelling straight ahead,V1: S,Dry,Dark - lighted roadway,Clear,0,0,44,26,TRUE,41.94719835,-71.2838188
21462,11/21/2021,November,Sunday,21:20,1,1,0,0,Single vehicle crash,V1: Travelling straight ahead,V1: S,Dry,Dark - roadway not lighted,Clear,0,0,44,26,TRUE,41.91966293,-71.33181799
21463,11/22/2021,November,Monday,6:24,2,2,0,0,Head-on,V1: Entering traffic lane / V2: Travelling straight ahead,V1: E  / V2: S,Wet,Dark - lighted roadway,Rain,0.1,0,57,35,FALSE,41.91325585,-71.3590575
21464,11/22/2021,November,Monday,10:37,2,2,0,0,Rear-end,V1: Slowing or stopped in traffic / V2: Travelling straight ahead,V1: E  / V2: E,Wet,Daylight,Cloudy,0.1,0,57,35,FALSE,41.9024767,-71.35600008
21465,11/22/2021,November,Monday,13:40,2,3,0,0,"Sideswipe, same direction",V1: Travelling straight ahead / V3: Entering traffic lane / V2: Travelling straight ahead,V1: S  / V3: S  / V2: S,Dry,Daylight,Clear,0.1,0,57,35,FALSE,41.90255025,-71.35612621
21466,11/22/2021,November,Monday,14:10,1,3,0,0,Rear-end,V1: Travelling straight ahead / V2: Slowing or stopped in traffic / V3: Slowing or stopped in traffic,V1: S  / V2: S  / V3: S,Wet,Daylight,Cloudy,0.1,0,57,35,FALSE,41.90782913,-71.34290124
21467,11/22/2021,November,Monday,18:12,2,2,0,0,Angle,V1: Turning left / V2: Travelling straight ahead,V1: S  / V2: N,Dry,Dark - lighted roadway,Clear,0.1,0,57,35,FALSE,41.91446663,-71.36106546
21468,11/22/2021,November,Monday,19:59,1,1,0,0,Angle,V1: Travelling straight ahead,V1: N,Dry,Dark - lighted roadway,Clear,0.1,0,57,35,FALSE,41.9478555,-71.27726122
21469,11/23/2021,November,Tuesday,1:06,1,4,0,0,Single vehicle crash,V1: Travelling straight ahead / V2: Travelling straight ahead / V3: Travelling straight ahead / V4: Travelling straight ahead,V1: S  / V2: S  / V3: S  / V4: S,Dry,Dark - lighted roadway,Clear,0,0,54,30,TRUE,41.96143029,-71.30035025
21470,11/23/2021,November,Tuesday,21:03,2,1,0,0,Head-on,V1: Travelling straight ahead,V1: S,Dry,Dark - lighted roadway,Clear,0,0,54,30,TRUE,41.9216351,-71.35781503
21471,11/23/2021,November,Tuesday,21:35,1,2,0,0,Front to Rear,V1: Slowing or stopped in traffic / V2: Travelling straight ahead,V1: S  / V2: S,Dry,Dark - lighted roadway,Clear,0,0,54,30,TRUE,41.92298549,-71.35714758
21472,11/24/2021,November,Wednesday,8:56,1,2,0,0,Angle,V1: Travelling straight ahead / V2: Parked,V1: S  / V2: U,Dry,Daylight,Clear,0,0,39,26,TRUE,41.92519617,-71.3563389
21473,11/24/2021,November,Wednesday,12:40,1,2,0,0,Angle,V1: Entering traffic lane / V2: Turning left,V1: S  / V2: E,Dry,Daylight,Clear,0,0,39,26,TRUE,41.9340587,-71.3157935
21474,11/24/2021,November,Wednesday,16:27,2,1,0,0,Single vehicle crash,V1: Travelling straight ahead,V1: S,Dry,Daylight,Clear,0,0,39,26,TRUE,41.93809232,-71.31639811
21475,11/24/2021,November,Wednesday,16:50,2,2,0,0,Angle,V1: Slowing or stopped in traffic / V2: Travelling straight ahead,V1: S  / V2: W,Dry,Dark - lighted roadway,Clear,0,0,39,26,TRUE,41.93584988,-71.28143838
21476,11/24/2021,November,Wednesday,19:20,2,2,0,0,Angle,V1: Turning right / V2: Travelling straight ahead,V1: W  / V2: N,Dry,Dark - lighted roadway,Clear,0,0,39,26,TRUE,41.94231024,-71.28253433
21477,11/25/2021,November,Thursday,12:05,1,2,0,0,Angle,V1: Travelling straight ahead / V2: Travelling straight ahead,V1: E  / V2: S,Dry,Daylight,Clear,0,0,41,26,TRUE,41.93832082,-71.2820675
21478,11/26/2021,November,Friday,14:25,1,2,0,0,Rear-end,V1: Travelling straight ahead / V2: Travelling straight ahead,V1: N  / V2: N,Dry,Daylight,Clear,0.05,0,55,27,TRUE,41.92779522,-71.35458133
21479,11/26/2021,November,Friday,16:32,0,1,0,0,Single vehicle crash,V1: Turning right,V1: N,Dry,Dusk,Clear,0.05,0,55,27,TRUE,41.93311504,-71.27790715
21480,11/26/2021,November,Friday,16:57,1,3,0,0,Rear-end,V1: Travelling straight ahead / V2: Slowing or stopped in traffic / V3: Slowing or stopped in traffic,V1: S  / V2: S  / V3: S,Dry,Dark - lighted roadway,Cloudy,0.05,0,55,27,TRUE,41.89733197,-71.36979234
21481,11/26/2021,November,Friday,18:09,1,2,0,0,Angle,V1: Turning left / V2: Travelling straight ahead,V1: N  / V2: S,Wet,Dark - lighted roadway,Cloudy,0.05,0,55,27,TRUE,41.92626189,-71.32177515
21482,11/26/2021,November,Friday,20:24,2,3,0,0,Angle,V1: Turning left / V2: Travelling straight ahead / V3: Slowing or stopped in traffic,V1: N  / V2: W  / V3: S,Wet,Dark - lighted roadway,Cloudy,0.05,0,55,27,TRUE,41.95076301,-71.27397064
21483,11/27/2021,November,Saturday,8:18,2,3,0,0,Rear-end,V1: Travelling straight ahead / V2: Slowing or stopped in traffic / V3: Travelling straight ahead,V1: N  / V2: N  / V3: N,Dry,Daylight,Clear,0,0,45,33,FALSE,41.92886018,-71.3230987
21484,11/28/2021,November,Sunday,12:22,1,2,0,0,Angle,V1: Making U-turn / V2: Travelling straight ahead,V1: S  / V2: S,Dry,Daylight,Cloudy,0,0,38,24,TRUE,41.94586372,-71.28073806
21485,11/28/2021,November,Sunday,14:54,1,2,0,0,Front to Rear,V1: Travelling straight ahead / V2: Slowing or stopped in traffic,V1: S  / V2: S,Wet,Daylight,Clear,0,0,38,24,TRUE,41.90682608,-71.35698152
21486,11/28/2021,November,Sunday,16:13,1,1,0,0,Single vehicle crash,V1: Turning left,V1: S,Dry,Daylight,Clear,0,0,38,24,TRUE,41.9477973,-71.278639
21487,11/29/2021,November,Monday,11:09,1,2,0,0,Front to Rear,V1: Entering traffic lane / V2: Travelling straight ahead,V1: N  / V2: E,Dry,Daylight,Clear,0,0,37,25,TRUE,41.93395084,-71.30915016
21488,11/30/2021,November,Tuesday,10:15,1,2,0,0,Angle,V1: Entering traffic lane / V2: Travelling straight ahead,V1: S  / V2: W,Dry,Daylight,Clear,0,0,39,21,TRUE,41.93405554,-71.31576856
21489,11/30/2021,November,Tuesday,14:49,2,3,0,0,Front to Rear,V1: Travelling straight ahead / V2: Slowing or stopped in traffic / V3: Slowing or stopped in traffic,V1: W  / V2: W  / V3: W,Dry,Daylight,Cloudy,0,0,39,21,TRUE,41.93396997,-71.31003652
21490,11/30/2021,November,Tuesday,16:01,2,2,0,0,"Sideswipe, same direction",V1: Travelling straight ahead / V2: Travelling straight ahead,V1: S  / V2: S,Dry,Daylight,Clear,0,0,39,21,TRUE,41.95481406,-71.30479286
21491,11/30/2021,November,Tuesday,23:27,2,2,0,0,Angle,V1: Backing / V2: Travelling straight ahead,V1: N  / V2: N,Dry,Dark - lighted roadway,Clear,0,0,39,21,TRUE,41.91931,-71.29916643
21492,1/23/2022,January,Sunday,9:04,1,2,0,0,Single vehicle crash,V1: Travelling straight ahead / V2: Parked,V1: E  / V2: E,Dry,Daylight,Clear,0,0.1,26,10,TRUE,41.93628409,-71.28608551
21493,1/23/2022,January,Sunday,14:57,1,2,0,0,Rear-end,V1: Travelling straight ahead / V2: Slowing or stopped in traffic,V1: N  / V2: N,Dry,Daylight,Clear,0,0.1,26,10,TRUE,41.90423299,-71.34958247